sku,label,label_id,r_j,p_vigente,p_en_riesgo,p_obsoleto,label_pred,correct
B0FP5B6R9H,EN_RIESGO,1,0.72272,0.174309,0.102971,0.72272,OBSOLETO,0
154123264,EN_RIESGO,1,0.1342,0.082006,0.783794,0.1342,EN_RIESGO,1
B0GRCHBPYQ,EN_RIESGO,1,0.738521,0.127049,0.13443,0.738521,OBSOLETO,0
B0H5CKMXHJ,VIGENTE,0,0.00073,0.998734,0.000535,0.00073,VIGENTE,1
2694588,OBSOLETO,2,0.14746,0.799759,0.052781,0.14746,VIGENTE,0
v1|389764313733|0,EN_RIESGO,1,0.031117,0.025317,0.943566,0.031117,EN_RIESGO,1
v1|117293662940|0,EN_RIESGO,1,0.000917,7e-05,0.999012,0.000917,EN_RIESGO,1
3256810173772372,OBSOLETO,2,0.997119,0.001714,0.001167,0.997119,OBSOLETO,1
142771744,VIGENTE,0,0.099071,0.406457,0.494473,0.099071,EN_RIESGO,0
3256807268001409,OBSOLETO,2,0.985025,0.00376,0.011215,0.985025,OBSOLETO,1
v1|197367028551|0,OBSOLETO,2,0.394371,0.129084,0.476544,0.394371,EN_RIESGO,0
155252533,VIGENTE,0,0.004582,0.99293,0.002488,0.004582,VIGENTE,1
155200955,VIGENTE,0,0.002829,0.995313,0.001858,0.002829,VIGENTE,1
v1|327250408809|0,EN_RIESGO,1,0.089377,0.030283,0.88034,0.089377,EN_RIESGO,1
,OBSOLETO,2,0.999994,4e-06,2e-06,0.999994,OBSOLETO,1
152190007,VIGENTE,0,0.191991,0.756651,0.051358,0.191991,VIGENTE,1
152448349,EN_RIESGO,1,0.808622,0.103331,0.088047,0.808622,OBSOLETO,0
v1|398159157582|0,VIGENTE,0,0.001502,0.996938,0.00156,0.001502,VIGENTE,1
,OBSOLETO,2,0.01713,0.003056,0.979815,0.01713,EN_RIESGO,0
,OBSOLETO,2,0.160289,0.745082,0.094629,0.160289,VIGENTE,0
154327273,VIGENTE,0,0.096723,0.864148,0.039129,0.096723,VIGENTE,1
153277721,VIGENTE,0,0.00593,0.989431,0.004639,0.00593,VIGENTE,1
155252533,VIGENTE,0,0.018736,0.967367,0.013897,0.018736,VIGENTE,1
v1|127831476599|0,OBSOLETO,2,0.067866,0.039736,0.892398,0.067866,EN_RIESGO,0
140972977,EN_RIESGO,1,0.84922,0.079376,0.071405,0.84922,OBSOLETO,0
141162537,OBSOLETO,2,0.011553,0.001466,0.986981,0.011553,EN_RIESGO,0
3256809838517155,OBSOLETO,2,0.999791,0.000141,6.8e-05,0.999791,OBSOLETO,1
153095586,EN_RIESGO,1,0.069096,0.081434,0.84947,0.069096,EN_RIESGO,1
155000915,VIGENTE,0,0.008594,0.985148,0.006257,0.008594,VIGENTE,1
B0F6L84VNS,EN_RIESGO,1,0.073382,0.028489,0.898129,0.073382,EN_RIESGO,1
B0H13QCVJR,EN_RIESGO,1,0.002238,0.00031,0.997452,0.002238,EN_RIESGO,1
B0GJSFFLXZ,EN_RIESGO,1,0.872635,0.092693,0.034672,0.872635,OBSOLETO,0
v1|336130961309|0,VIGENTE,0,0.00033,0.999396,0.000275,0.00033,VIGENTE,1
139030683,OBSOLETO,2,0.246546,0.679297,0.074157,0.246546,VIGENTE,0
152189967,VIGENTE,0,0.024628,0.952401,0.022971,0.024628,VIGENTE,1
v1|296722931654|0,VIGENTE,0,0.000364,0.999309,0.000327,0.000364,VIGENTE,1
v1|254219753793|553607618438,OBSOLETO,2,0.011113,0.002362,0.986524,0.011113,EN_RIESGO,0
B0GK8NJ4RW,VIGENTE,0,0.02573,0.951742,0.022528,0.02573,VIGENTE,1
152452903,VIGENTE,0,0.000602,0.998971,0.000427,0.000602,VIGENTE,1
B0D1KN79NN,EN_RIESGO,1,0.227174,0.064229,0.708598,0.227174,EN_RIESGO,1
151847634,VIGENTE,0,0.003794,0.993358,0.002847,0.003794,VIGENTE,1
154329363,VIGENTE,0,0.775048,0.222684,0.002267,0.775048,OBSOLETO,0
v1|117134497063|0,VIGENTE,0,0.030546,0.940181,0.029273,0.030546,VIGENTE,1
152118334,VIGENTE,0,0.000454,0.999196,0.00035,0.000454,VIGENTE,1
v1|377333704523|0,EN_RIESGO,1,0.005041,0.001138,0.993821,0.005041,EN_RIESGO,1
v1|397949260006|0,EN_RIESGO,1,0.006511,0.004383,0.989106,0.006511,EN_RIESGO,1
147515856,OBSOLETO,2,0.999985,8e-06,7e-06,0.999985,OBSOLETO,1
148518993,VIGENTE,0,0.010679,0.975193,0.014128,0.010679,VIGENTE,1
3256805434942373,OBSOLETO,2,0.09565,0.121873,0.782477,0.09565,EN_RIESGO,0
v1|257602965068|0,EN_RIESGO,1,0.009312,0.001237,0.989451,0.009312,EN_RIESGO,1
,EN_RIESGO,1,0.99486,0.003255,0.001885,0.99486,OBSOLETO,0
3256808061786814,OBSOLETO,2,0.999999,1e-06,0.0,0.999999,OBSOLETO,1
B0H1JNLST2,VIGENTE,0,0.000316,0.999427,0.000256,0.000316,VIGENTE,1
153982632,OBSOLETO,2,0.999772,0.000147,8.1e-05,0.999772,OBSOLETO,1
152004679,VIGENTE,0,0.003236,0.995342,0.001423,0.003236,VIGENTE,1
152148723,OBSOLETO,2,0.850255,0.063163,0.086583,0.850255,OBSOLETO,1
,EN_RIESGO,1,0.001549,0.000169,0.998282,0.001549,EN_RIESGO,1
152004737,VIGENTE,0,0.000702,0.99881,0.000488,0.000702,VIGENTE,1
,OBSOLETO,2,0.995903,0.00245,0.001647,0.995903,OBSOLETO,1
3256808544559836,EN_RIESGO,1,0.074305,0.065165,0.860529,0.074305,EN_RIESGO,1
v1|298423101922|0,VIGENTE,0,0.001056,0.99776,0.001183,0.001056,VIGENTE,1
153727074,VIGENTE,0,0.030268,0.955683,0.014049,0.030268,VIGENTE,1
151124591,VIGENTE,0,0.184687,0.798955,0.016357,0.184687,VIGENTE,1
154798944,VIGENTE,0,0.001076,0.998152,0.000772,0.001076,VIGENTE,1
154327333,VIGENTE,0,0.013112,0.981051,0.005837,0.013112,VIGENTE,1
B0H2H4B1GX,EN_RIESGO,1,0.90815,0.054854,0.036996,0.90815,OBSOLETO,0
B0BLJHWVS3,EN_RIESGO,1,0.012027,0.005095,0.982878,0.012027,EN_RIESGO,1
,EN_RIESGO,1,0.002076,0.000131,0.997793,0.002076,EN_RIESGO,1
v1|267726095121|0,EN_RIESGO,1,0.009078,0.002038,0.988884,0.009078,EN_RIESGO,1
v1|397981223784|0,VIGENTE,0,0.000637,0.998794,0.000569,0.000637,VIGENTE,1
151971401,EN_RIESGO,1,0.158718,0.011258,0.830024,0.158718,EN_RIESGO,1
,OBSOLETO,2,0.99808,0.001048,0.000873,0.99808,OBSOLETO,1
,OBSOLETO,2,0.196743,0.13216,0.671097,0.196743,EN_RIESGO,0
131614801,EN_RIESGO,1,0.002506,0.000964,0.996529,0.002506,EN_RIESGO,1
152189901,VIGENTE,0,0.016584,0.979276,0.00414,0.016584,VIGENTE,1
v1|257547167748|0,VIGENTE,0,0.003274,0.994228,0.002498,0.003274,VIGENTE,1
v1|146753130552|445373540695,OBSOLETO,2,0.026632,0.00506,0.968307,0.026632,EN_RIESGO,0
,OBSOLETO,2,0.008382,0.000245,0.991374,0.008382,EN_RIESGO,0
138182836,OBSOLETO,2,0.970548,0.008605,0.020846,0.970548,OBSOLETO,1
20001048096,OBSOLETO,2,0.999428,0.000397,0.000175,0.999428,OBSOLETO,1
149072661,EN_RIESGO,1,0.042246,0.013423,0.944331,0.042246,EN_RIESGO,1
152398844,EN_RIESGO,1,0.990843,0.005638,0.003518,0.990843,OBSOLETO,0
v1|178314120076|0,VIGENTE,0,0.004082,0.991759,0.004159,0.004082,VIGENTE,1
v1|318551795798|0,EN_RIESGO,1,0.011177,0.002603,0.98622,0.011177,EN_RIESGO,1
3256808219783139,OBSOLETO,2,0.993835,0.003007,0.003157,0.993835,OBSOLETO,1
152676132,VIGENTE,0,0.005241,0.993326,0.001433,0.005241,VIGENTE,1
20001239884,OBSOLETO,2,0.999989,8e-06,3e-06,0.999989,OBSOLETO,1
152136727,EN_RIESGO,1,0.997503,0.001566,0.000931,0.997503,OBSOLETO,0
20001290948,OBSOLETO,2,0.998279,0.001148,0.000573,0.998279,OBSOLETO,1
115654249,OBSOLETO,2,0.838405,0.066571,0.095024,0.838405,OBSOLETO,1
B0GR4S7BYH,VIGENTE,0,0.000445,0.999299,0.000257,0.000445,VIGENTE,1
v1|315777536836|0,EN_RIESGO,1,0.001549,0.000169,0.998282,0.001549,EN_RIESGO,1
3256808219970860,OBSOLETO,2,0.999295,0.000458,0.000247,0.999295,OBSOLETO,1
154898853,EN_RIESGO,1,0.008104,0.004523,0.987373,0.008104,EN_RIESGO,1
115753470,EN_RIESGO,1,0.26621,0.51766,0.21613,0.26621,VIGENTE,0
v1|236673994993|0,VIGENTE,0,0.034379,0.939029,0.026593,0.034379,VIGENTE,1
150164755,OBSOLETO,2,0.99991,6e-05,3e-05,0.99991,OBSOLETO,1
v1|227415120461|0,OBSOLETO,2,0.103129,0.039505,0.857366,0.103129,EN_RIESGO,0
B0DPFCNKTC,VIGENTE,0,0.078333,0.915629,0.006038,0.078333,VIGENTE,1
B0DJQB48JQ,EN_RIESGO,1,0.63031,0.305131,0.064558,0.63031,OBSOLETO,0
3256806819970338,OBSOLETO,2,0.954343,0.0225,0.023157,0.954343,OBSOLETO,1
155177007,VIGENTE,0,0.000125,0.999821,5.4e-05,0.000125,VIGENTE,1
v1|188520561521|0,VIGENTE,0,0.001852,0.996601,0.001548,0.001852,VIGENTE,1
v1|406856150140|0,EN_RIESGO,1,0.003148,0.000553,0.996299,0.003148,EN_RIESGO,1
B0FP5B6R9H,EN_RIESGO,1,0.72272,0.174309,0.102971,0.72272,OBSOLETO,0
151131220,VIGENTE,0,0.14299,0.832646,0.024364,0.14299,VIGENTE,1
133624219,EN_RIESGO,1,0.016447,0.019633,0.963921,0.016447,EN_RIESGO,1
142687863,VIGENTE,0,0.00288,0.995522,0.001599,0.00288,VIGENTE,1
152004727,VIGENTE,0,0.000786,0.998775,0.000439,0.000786,VIGENTE,1
v1|404915914024|0,EN_RIESGO,1,0.003367,0.00057,0.996062,0.003367,EN_RIESGO,1
123404884,OBSOLETO,2,0.762375,0.179496,0.058128,0.762375,OBSOLETO,1
155621554,VIGENTE,0,0.003568,0.99371,0.002722,0.003568,VIGENTE,1
142106687,OBSOLETO,2,0.216587,0.064318,0.719095,0.216587,EN_RIESGO,0
140685392,OBSOLETO,2,0.918401,0.00958,0.072019,0.918401,OBSOLETO,1
v1|127701180693|0,VIGENTE,0,0.146797,0.763185,0.090018,0.146797,VIGENTE,1
,OBSOLETO,2,0.011113,0.002362,0.986524,0.011113,EN_RIESGO,0
153278043,VIGENTE,0,0.010783,0.98043,0.008786,0.010783,VIGENTE,1
151760767,VIGENTE,0,0.000365,0.9994,0.000235,0.000365,VIGENTE,1
150685040,EN_RIESGO,1,0.079608,0.088663,0.831729,0.079608,EN_RIESGO,1
133734256,EN_RIESGO,1,0.098121,0.135611,0.766268,0.098121,EN_RIESGO,1
139947752,OBSOLETO,2,0.834912,0.100015,0.065073,0.834912,OBSOLETO,1
155672213,EN_RIESGO,1,0.024175,0.041822,0.934003,0.024175,EN_RIESGO,1
v1|397962820633|0,VIGENTE,0,0.002647,0.994866,0.002487,0.002647,VIGENTE,1
145910398,EN_RIESGO,1,0.591567,0.183911,0.224522,0.591567,OBSOLETO,0
135576373,EN_RIESGO,1,0.980135,0.014099,0.005766,0.980135,OBSOLETO,0
3256810304804149,OBSOLETO,2,0.816845,0.069037,0.114117,0.816845,OBSOLETO,1
B0F6L84VNS,EN_RIESGO,1,0.073382,0.028489,0.898129,0.073382,EN_RIESGO,1
155621312,VIGENTE,0,0.002512,0.995573,0.001915,0.002512,VIGENTE,1
v1|147376211992|0,VIGENTE,0,0.001283,0.997836,0.000881,0.001283,VIGENTE,1
151841706,VIGENTE,0,0.000518,0.999132,0.00035,0.000518,VIGENTE,1
152177318,OBSOLETO,2,0.998581,0.000796,0.000623,0.998581,OBSOLETO,1
147475216,EN_RIESGO,1,0.426564,0.273167,0.300269,0.426564,OBSOLETO,0
143674021,EN_RIESGO,1,0.920431,0.043217,0.036351,0.920431,OBSOLETO,0
142797312,EN_RIESGO,1,0.991562,0.00508,0.003358,0.991562,OBSOLETO,0
153233355,VIGENTE,0,0.004519,0.992861,0.00262,0.004519,VIGENTE,1
155429796,VIGENTE,0,0.010057,0.980595,0.009348,0.010057,VIGENTE,1
143360711,VIGENTE,0,0.133725,0.720126,0.146149,0.133725,VIGENTE,1
v1|206379816723|0,EN_RIESGO,1,0.054042,0.049358,0.8966,0.054042,EN_RIESGO,1
,EN_RIESGO,1,0.148567,0.086231,0.765201,0.148567,EN_RIESGO,1
v1|127902107224|0,OBSOLETO,2,0.114132,0.085969,0.799899,0.114132,EN_RIESGO,0
20001240913,OBSOLETO,2,0.999954,3.2e-05,1.3e-05,0.999954,OBSOLETO,1
B0D8VFCCK5,EN_RIESGO,1,0.023514,0.014114,0.962371,0.023514,EN_RIESGO,1
v1|397833127346|0,OBSOLETO,2,0.757669,0.073106,0.169224,0.757669,OBSOLETO,1
,OBSOLETO,2,0.999979,1.4e-05,6e-06,0.999979,OBSOLETO,1
v1|284338406755|0,OBSOLETO,2,0.911312,0.046123,0.042565,0.911312,OBSOLETO,1
v1|326456592876|0,VIGENTE,0,0.030626,0.022154,0.94722,0.030626,EN_RIESGO,0
3256808943033114,OBSOLETO,2,0.996489,0.002267,0.001244,0.996489,OBSOLETO,1
3256809744455796,OBSOLETO,2,0.999867,9.2e-05,4.1e-05,0.999867,OBSOLETO,1
v1|197367028551|0,OBSOLETO,2,0.394371,0.129084,0.476544,0.394371,EN_RIESGO,0
154798948,VIGENTE,0,0.001966,0.997199,0.000835,0.001966,VIGENTE,1
127209126,EN_RIESGO,1,0.011044,0.010736,0.97822,0.011044,EN_RIESGO,1
132116509,OBSOLETO,2,0.99999,7e-06,3e-06,0.99999,OBSOLETO,1
152452903,VIGENTE,0,0.001951,0.996441,0.001608,0.001951,VIGENTE,1
3256811988074139,OBSOLETO,2,0.97623,0.013543,0.010228,0.97623,OBSOLETO,1
152455121,VIGENTE,0,0.002776,0.99599,0.001234,0.002776,VIGENTE,1
152491285,EN_RIESGO,1,0.999078,0.000567,0.000355,0.999078,OBSOLETO,0
152116194,VIGENTE,0,0.001621,0.997118,0.001261,0.001621,VIGENTE,1
,OBSOLETO,2,0.037223,0.013563,0.949215,0.037223,EN_RIESGO,0
v1|306264082842|0,EN_RIESGO,1,0.032554,0.015124,0.952322,0.032554,EN_RIESGO,1
,OBSOLETO,2,0.999164,0.000572,0.000264,0.999164,OBSOLETO,1
v1|117293662940|0,EN_RIESGO,1,0.000917,7e-05,0.999012,0.000917,EN_RIESGO,1
152136727,EN_RIESGO,1,0.999532,0.000297,0.000171,0.999532,OBSOLETO,0
154327535,VIGENTE,0,0.021052,0.964284,0.014664,0.021052,VIGENTE,1
149134729,VIGENTE,0,0.047892,0.795916,0.156192,0.047892,VIGENTE,1
v1|277338647324|0,EN_RIESGO,1,0.026721,0.008653,0.964626,0.026721,EN_RIESGO,1
121147007,EN_RIESGO,1,0.97575,0.014488,0.009762,0.97575,OBSOLETO,0
151431987,VIGENTE,0,0.004473,0.992997,0.002529,0.004473,VIGENTE,1
B07RVCM8K7,OBSOLETO,2,0.101146,0.825874,0.07298,0.101146,VIGENTE,0
152148757,OBSOLETO,2,0.942091,0.031143,0.026766,0.942091,OBSOLETO,1
148642657,VIGENTE,0,0.02049,0.904383,0.075127,0.02049,VIGENTE,1
153864200,OBSOLETO,2,0.968142,0.015876,0.015981,0.968142,OBSOLETO,1
,OBSOLETO,2,0.509112,0.138168,0.35272,0.509112,OBSOLETO,1
v1|206310198292|0,EN_RIESGO,1,0.010849,0.003129,0.986022,0.010849,EN_RIESGO,1
152117872,VIGENTE,0,0.000334,0.999438,0.000228,0.000334,VIGENTE,1
,OBSOLETO,2,0.027319,0.009403,0.963278,0.027319,EN_RIESGO,0
v1|136947874250|0,EN_RIESGO,1,0.000761,8.6e-05,0.999153,0.000761,EN_RIESGO,1
v1|227415120461|0,OBSOLETO,2,0.103129,0.039505,0.857366,0.103129,EN_RIESGO,0
139583883,EN_RIESGO,1,0.997338,0.00156,0.001102,0.997338,OBSOLETO,0
153226277,VIGENTE,0,0.015931,0.967586,0.016483,0.015931,VIGENTE,1
3256808193859180,EN_RIESGO,1,0.007984,0.005218,0.986799,0.007984,EN_RIESGO,1
v1|227431671267|0,VIGENTE,0,0.077817,0.615026,0.307156,0.077817,VIGENTE,1
,OBSOLETO,2,0.964344,0.02099,0.014666,0.964344,OBSOLETO,1
v1|236374823048|0,EN_RIESGO,1,0.014217,0.001486,0.984297,0.014217,EN_RIESGO,1
139542436,OBSOLETO,2,0.053872,0.901266,0.044862,0.053872,VIGENTE,0
148642657,VIGENTE,0,0.018146,0.948563,0.033291,0.018146,VIGENTE,1
155252357,VIGENTE,0,0.00232,0.996796,0.000884,0.00232,VIGENTE,1
155685236,VIGENTE,0,0.0016,0.99731,0.00109,0.0016,VIGENTE,1
v1|267720775425|0,OBSOLETO,2,0.043705,0.017633,0.938662,0.043705,EN_RIESGO,0
152881460,EN_RIESGO,1,0.998387,0.00097,0.000642,0.998387,OBSOLETO,0
131614801,EN_RIESGO,1,0.001798,0.000647,0.997555,0.001798,EN_RIESGO,1
148453429,VIGENTE,0,0.00101,0.99833,0.000661,0.00101,VIGENTE,1
3256809841111938,EN_RIESGO,1,0.029047,0.013626,0.957327,0.029047,EN_RIESGO,1
152398846,EN_RIESGO,1,0.252005,0.65337,0.094625,0.252005,VIGENTE,0
v1|178275913569|0,VIGENTE,0,0.004002,0.99255,0.003448,0.004002,VIGENTE,1
,EN_RIESGO,1,0.000432,4.3e-05,0.999525,0.000432,EN_RIESGO,1
3256810334331346,OBSOLETO,2,0.999749,0.00017,8.1e-05,0.999749,OBSOLETO,1
154326812,VIGENTE,0,0.197211,0.792404,0.010384,0.197211,VIGENTE,1
20001239889,OBSOLETO,2,0.999997,2e-06,1e-06,0.999997,OBSOLETO,1
152189853,VIGENTE,0,0.315157,0.60864,0.076204,0.315157,VIGENTE,1
B0H2GC62FR,VIGENTE,0,0.001729,0.996987,0.001284,0.001729,VIGENTE,1
v1|136318517492|0,EN_RIESGO,1,0.002102,6.6e-05,0.997832,0.002102,EN_RIESGO,1
B0DPY1CVK4,EN_RIESGO,1,0.024185,0.016835,0.95898,0.024185,EN_RIESGO,1
143360626,VIGENTE,0,0.133725,0.720126,0.146149,0.133725,VIGENTE,1
,OBSOLETO,2,0.987715,0.00492,0.007365,0.987715,OBSOLETO,1
133734262,EN_RIESGO,1,0.061174,0.078288,0.860538,0.061174,EN_RIESGO,1
v1|376691658886|0,EN_RIESGO,1,0.00125,9.7e-05,0.998652,0.00125,EN_RIESGO,1
152148757,OBSOLETO,2,0.975416,0.013745,0.010839,0.975416,OBSOLETO,1
,OBSOLETO,2,0.067866,0.039736,0.892398,0.067866,EN_RIESGO,0
143360641,VIGENTE,0,0.095092,0.601213,0.303695,0.095092,VIGENTE,1
152138812,OBSOLETO,2,0.804012,0.025102,0.170885,0.804012,OBSOLETO,1
v1|127902107224|0,OBSOLETO,2,0.114132,0.085969,0.799899,0.114132,EN_RIESGO,0
v1|236900822161|0,EN_RIESGO,1,0.00267,9.4e-05,0.997236,0.00267,EN_RIESGO,1
B0D1K9H3H6,EN_RIESGO,1,0.007187,0.002574,0.990239,0.007187,EN_RIESGO,1
B07MMD4DDJ,OBSOLETO,2,0.015495,0.00575,0.978756,0.015495,EN_RIESGO,0
v1|178275913569|0,VIGENTE,0,0.004002,0.99255,0.003448,0.004002,VIGENTE,1
151092634,VIGENTE,0,0.067213,0.882967,0.04982,0.067213,VIGENTE,1
153226150,VIGENTE,0,0.003842,0.992781,0.003376,0.003842,VIGENTE,1
v1|327110775702|0,VIGENTE,0,0.053782,0.919928,0.02629,0.053782,VIGENTE,1
v1|396723951897|0,EN_RIESGO,1,0.024662,0.003049,0.972289,0.024662,EN_RIESGO,1
v1|188258944183|0,OBSOLETO,2,0.322745,0.113964,0.563291,0.322745,EN_RIESGO,0
151367828,EN_RIESGO,1,0.679464,0.141562,0.178974,0.679464,OBSOLETO,0
152911953,EN_RIESGO,1,0.998711,0.000835,0.000454,0.998711,OBSOLETO,0
v1|167004388989|0,VIGENTE,0,0.001548,0.996936,0.001517,0.001548,VIGENTE,1
154379353,OBSOLETO,2,0.615993,0.286674,0.097333,0.615993,OBSOLETO,1
152912823,EN_RIESGO,1,0.935199,0.037075,0.027726,0.935199,OBSOLETO,0
152189965,VIGENTE,0,0.099674,0.712854,0.187472,0.099674,VIGENTE,1
151066367,VIGENTE,0,0.038719,0.928328,0.032953,0.038719,VIGENTE,1
v1|137456478446|0,OBSOLETO,2,0.015656,0.004051,0.980293,0.015656,EN_RIESGO,0
B0H57YL8S4,EN_RIESGO,1,0.020005,0.022155,0.95784,0.020005,EN_RIESGO,1
155200955,VIGENTE,0,0.008743,0.986138,0.005119,0.008743,VIGENTE,1
,EN_RIESGO,1,0.005041,0.001138,0.993821,0.005041,EN_RIESGO,1
B0FGJ73VRL,EN_RIESGO,1,0.032969,0.016015,0.951016,0.032969,EN_RIESGO,1
3256807143981764,OBSOLETO,2,0.994371,0.003482,0.002147,0.994371,OBSOLETO,1
B0F928KVJ6,VIGENTE,0,0.002768,0.996322,0.00091,0.002768,VIGENTE,1
v1|327218823156|0,VIGENTE,0,0.040912,0.927857,0.031231,0.040912,VIGENTE,1
B0BRQSWSFQ,EN_RIESGO,1,0.016427,0.010223,0.97335,0.016427,EN_RIESGO,1
144296282,VIGENTE,0,0.047359,0.807477,0.145164,0.047359,VIGENTE,1
151780145,EN_RIESGO,1,0.007568,0.000852,0.99158,0.007568,EN_RIESGO,1
,OBSOLETO,2,0.426182,0.372591,0.201227,0.426182,OBSOLETO,1
152843188,VIGENTE,0,0.001591,0.997404,0.001005,0.001591,VIGENTE,1
20001290944,OBSOLETO,2,0.990912,0.006081,0.003006,0.990912,OBSOLETO,1
v1|267673712098|0,VIGENTE,0,0.221344,0.721785,0.05687,0.221344,VIGENTE,1
B0GLPHH6JD,OBSOLETO,2,0.218494,0.072542,0.708964,0.218494,EN_RIESGO,0
152881460,EN_RIESGO,1,0.99689,0.001856,0.001254,0.99689,OBSOLETO,0
153727776,VIGENTE,0,0.000561,0.999091,0.000348,0.000561,VIGENTE,1
v1|127569385813|0,VIGENTE,0,0.420344,0.531384,0.048273,0.420344,VIGENTE,1
B0DV3C5HQH,EN_RIESGO,1,0.783832,0.111773,0.104395,0.783832,OBSOLETO,0
152190003,VIGENTE,0,0.010436,0.981521,0.008043,0.010436,VIGENTE,1
148642681,VIGENTE,0,0.010032,0.986355,0.003614,0.010032,VIGENTE,1
3256807143938791,OBSOLETO,2,0.996804,0.002024,0.001172,0.996804,OBSOLETO,1
,EN_RIESGO,1,0.99991,6.2e-05,2.8e-05,0.99991,OBSOLETO,0
133869627,EN_RIESGO,1,0.010234,0.010144,0.979622,0.010234,EN_RIESGO,1
B0DP66HG7W,VIGENTE,0,0.076965,0.91065,0.012385,0.076965,VIGENTE,1
152116043,EN_RIESGO,1,0.128516,0.774424,0.097059,0.128516,VIGENTE,0
124228803,OBSOLETO,2,0.819638,0.101661,0.078701,0.819638,OBSOLETO,1
154401788,OBSOLETO,2,0.852916,0.10155,0.045534,0.852916,OBSOLETO,1
v1|267726095121|0,EN_RIESGO,1,0.009078,0.002038,0.988884,0.009078,EN_RIESGO,1
,OBSOLETO,2,0.949178,0.030232,0.02059,0.949178,OBSOLETO,1
v1|306438353997|0,OBSOLETO,2,0.718449,0.078628,0.202924,0.718449,OBSOLETO,1
140685392,OBSOLETO,2,0.998715,0.000557,0.000728,0.998715,OBSOLETO,1
v1|405465954818|0,EN_RIESGO,1,0.005369,0.000855,0.993776,0.005369,EN_RIESGO,1
152925549,EN_RIESGO,1,0.487321,0.294386,0.218293,0.487321,OBSOLETO,0
154798944,VIGENTE,0,0.000605,0.99907,0.000326,0.000605,VIGENTE,1
154799342,EN_RIESGO,1,0.069204,0.87545,0.055346,0.069204,VIGENTE,0
151840500,VIGENTE,0,0.559891,0.360627,0.079482,0.559891,OBSOLETO,0
B07KMDKM6P,OBSOLETO,2,0.076692,0.06004,0.863268,0.076692,EN_RIESGO,0
150572227,OBSOLETO,2,0.999993,5e-06,2e-06,0.999993,OBSOLETO,1
121831763,OBSOLETO,2,0.07618,0.008829,0.914991,0.07618,EN_RIESGO,0
,OBSOLETO,2,0.996646,0.002135,0.001219,0.996646,OBSOLETO,1
v1|336653181114|0,VIGENTE,0,0.003903,0.993396,0.002702,0.003903,VIGENTE,1
154799342,EN_RIESGO,1,0.195773,0.163685,0.640542,0.195773,EN_RIESGO,1
B0B9C4DKKG,EN_RIESGO,1,0.603679,0.349605,0.046716,0.603679,OBSOLETO,0
144589080,OBSOLETO,2,0.976992,0.011586,0.011422,0.976992,OBSOLETO,1
153226258,VIGENTE,0,0.015931,0.967586,0.016483,0.015931,VIGENTE,1
,EN_RIESGO,1,0.726217,0.165948,0.107835,0.726217,OBSOLETO,0
,EN_RIESGO,1,0.823689,0.085888,0.090423,0.823689,OBSOLETO,0
149704478,OBSOLETO,2,0.999984,1.2e-05,5e-06,0.999984,OBSOLETO,1
B0F18WJSX8,EN_RIESGO,1,0.2537,0.548262,0.198038,0.2537,VIGENTE,0
151841762,VIGENTE,0,0.001051,0.998286,0.000663,0.001051,VIGENTE,1
152004771,VIGENTE,0,0.010742,0.984505,0.004753,0.010742,VIGENTE,1
,EN_RIESGO,1,0.007325,0.001589,0.991086,0.007325,EN_RIESGO,1
154124000,VIGENTE,0,0.005199,0.991104,0.003697,0.005199,VIGENTE,1
155429796,VIGENTE,0,0.079876,0.653052,0.267072,0.079876,VIGENTE,1
151129212,VIGENTE,0,0.046609,0.927745,0.025646,0.046609,VIGENTE,1
B0H2VFFP6C,VIGENTE,0,0.061,0.922504,0.016496,0.061,VIGENTE,1
B0DWFPJSQB,EN_RIESGO,1,0.62031,0.178091,0.201599,0.62031,OBSOLETO,0
20001208644,VIGENTE,0,0.006966,0.987156,0.005879,0.006966,VIGENTE,1
151651129,OBSOLETO,2,0.9826,0.003401,0.013999,0.9826,OBSOLETO,1
v1|236880863101|0,VIGENTE,0,0.024031,0.960355,0.015614,0.024031,VIGENTE,1
v1|257463309641|0,VIGENTE,0,0.009232,0.983137,0.007631,0.009232,VIGENTE,1
,OBSOLETO,2,0.04607,0.005219,0.948711,0.04607,EN_RIESGO,0
,OBSOLETO,2,0.085886,0.066214,0.8479,0.085886,EN_RIESGO,0
154326689,EN_RIESGO,1,0.999437,0.000351,0.000213,0.999437,OBSOLETO,0
v1|287128380449|0,EN_RIESGO,1,0.028195,0.006875,0.96493,0.028195,EN_RIESGO,1
B0DYMKRV1M,EN_RIESGO,1,0.558982,0.144938,0.29608,0.558982,OBSOLETO,0
20001535348,OBSOLETO,2,0.614556,0.292588,0.092856,0.614556,OBSOLETO,1
152455117,VIGENTE,0,0.00201,0.996334,0.001656,0.00201,VIGENTE,1
150734611,OBSOLETO,2,0.999638,0.000237,0.000124,0.999638,OBSOLETO,1
,OBSOLETO,2,0.652814,0.225921,0.121266,0.652814,OBSOLETO,1
152004727,VIGENTE,0,0.000794,0.998733,0.000473,0.000794,VIGENTE,1
v1|318086865373|0,VIGENTE,0,0.014669,0.969873,0.015458,0.014669,VIGENTE,1
v1|800344118177|0,EN_RIESGO,1,0.005668,0.00044,0.993892,0.005668,EN_RIESGO,1
20001499544,VIGENTE,0,0.200972,0.610812,0.188217,0.200972,VIGENTE,1
v1|396703078544|0,EN_RIESGO,1,0.003983,0.001917,0.9941,0.003983,EN_RIESGO,1
,OBSOLETO,2,0.996284,0.002348,0.001368,0.996284,OBSOLETO,1
v1|377218238344|0,VIGENTE,0,0.000716,0.998726,0.000558,0.000716,VIGENTE,1
152881448,EN_RIESGO,1,0.971581,0.015775,0.012644,0.971581,OBSOLETO,0
134232480,EN_RIESGO,1,0.155252,0.108452,0.736296,0.155252,EN_RIESGO,1
,EN_RIESGO,1,0.005477,0.001224,0.993298,0.005477,EN_RIESGO,1
B0GQZW1332,VIGENTE,0,0.003466,0.99372,0.002814,0.003466,VIGENTE,1
153728388,VIGENTE,0,0.00061,0.999054,0.000336,0.00061,VIGENTE,1
135556786,EN_RIESGO,1,0.227708,0.128125,0.644167,0.227708,EN_RIESGO,1
v1|157702677214|0,VIGENTE,0,0.051805,0.922951,0.025244,0.051805,VIGENTE,1
v1|306438353997|0,OBSOLETO,2,0.718449,0.078628,0.202924,0.718449,OBSOLETO,1
v1|389351819117|0,EN_RIESGO,1,0.005939,0.00466,0.989401,0.005939,EN_RIESGO,1
151825252,OBSOLETO,2,0.994136,0.003811,0.002053,0.994136,OBSOLETO,1
v1|335924204764|0,VIGENTE,0,0.000444,0.999158,0.000398,0.000444,VIGENTE,1
147763123,OBSOLETO,2,0.758151,0.160363,0.081486,0.758151,OBSOLETO,1
145798261,EN_RIESGO,1,0.606126,0.253778,0.140096,0.606126,OBSOLETO,0
v1|396895104250|0,EN_RIESGO,1,0.005889,0.001413,0.992698,0.005889,EN_RIESGO,1
121147007,EN_RIESGO,1,0.9979,0.00127,0.00083,0.9979,OBSOLETO,0
v1|158086421978|0,VIGENTE,0,0.00532,0.991128,0.003551,0.00532,VIGENTE,1
v1|188258944183|0,OBSOLETO,2,0.322745,0.113964,0.563291,0.322745,EN_RIESGO,0
,OBSOLETO,2,0.999226,0.000112,0.000662,0.999226,OBSOLETO,1
155291811,EN_RIESGO,1,0.011692,0.014811,0.973496,0.011692,EN_RIESGO,1
v1|227305920913|0,EN_RIESGO,1,0.031117,0.025317,0.943566,0.031117,EN_RIESGO,1
B0H6PW7ST4,VIGENTE,0,0.014961,0.972262,0.012778,0.014961,VIGENTE,1
,OBSOLETO,2,0.077045,0.045767,0.877188,0.077045,EN_RIESGO,0
B07CRGC899,OBSOLETO,2,0.051717,0.023794,0.924489,0.051717,EN_RIESGO,0
v1|205669948428|0,OBSOLETO,2,0.995954,0.002504,0.001543,0.995954,OBSOLETO,1
v1|205179724546|0,VIGENTE,0,0.002171,0.995607,0.002222,0.002171,VIGENTE,1
134232480,EN_RIESGO,1,0.251021,0.231175,0.517804,0.251021,EN_RIESGO,1
155526094,EN_RIESGO,1,0.980048,0.012014,0.007938,0.980048,OBSOLETO,0
B0DM23JKXC,EN_RIESGO,1,0.255911,0.531549,0.212541,0.255911,VIGENTE,0
,EN_RIESGO,1,0.998716,0.00086,0.000424,0.998716,OBSOLETO,0
154398207,OBSOLETO,2,0.464316,0.314061,0.221623,0.464316,OBSOLETO,1
v1|267720775425|0,OBSOLETO,2,0.043705,0.017633,0.938662,0.043705,EN_RIESGO,0
148262382,EN_RIESGO,1,0.504157,0.247248,0.248595,0.504157,OBSOLETO,0
v1|398158584681|0,OBSOLETO,2,0.030614,0.0047,0.964687,0.030614,EN_RIESGO,0
149072474,EN_RIESGO,1,0.868696,0.072087,0.059217,0.868696,OBSOLETO,0
20001240962,OBSOLETO,2,1.0,0.0,0.0,1.0,OBSOLETO,1
B0DJTGPWDK,VIGENTE,0,0.00073,0.998729,0.000541,0.00073,VIGENTE,1
,EN_RIESGO,1,0.996707,0.002105,0.001187,0.996707,OBSOLETO,0
3256810108964213,OBSOLETO,2,0.992227,0.004588,0.003186,0.992227,OBSOLETO,1
v1|137472214759|0,VIGENTE,0,0.000287,0.999479,0.000234,0.000287,VIGENTE,1
,EN_RIESGO,1,0.000938,0.00013,0.998932,0.000938,EN_RIESGO,1
,OBSOLETO,2,0.99984,6e-05,1e-04,0.99984,OBSOLETO,1
v1|406671515683|0,VIGENTE,0,0.002205,0.996022,0.001773,0.002205,VIGENTE,1
v1|236374096854|0,EN_RIESGO,1,0.009879,0.000496,0.989626,0.009879,EN_RIESGO,1
143360711,VIGENTE,0,0.099071,0.406457,0.494473,0.099071,EN_RIESGO,0
B083R7SWF5,EN_RIESGO,1,0.000328,3.9e-05,0.999632,0.000328,EN_RIESGO,1
20001290888,OBSOLETO,2,0.997266,0.001818,0.000916,0.997266,OBSOLETO,1
154124000,VIGENTE,0,0.004835,0.99248,0.002686,0.004835,VIGENTE,1
v1|153469962880|453428440428,OBSOLETO,2,0.012382,0.003495,0.984123,0.012382,EN_RIESGO,0
,OBSOLETO,2,0.994822,0.003097,0.002081,0.994822,OBSOLETO,1
B0DJTHH8YF,VIGENTE,0,0.000945,0.998439,0.000616,0.000945,VIGENTE,1
,OBSOLETO,2,0.014107,0.000435,0.985458,0.014107,EN_RIESGO,0
153727776,VIGENTE,0,0.00048,0.999176,0.000343,0.00048,VIGENTE,1
3256811657590958,OBSOLETO,2,0.998618,0.000892,0.00049,0.998618,OBSOLETO,1
v1|800264162805|0,EN_RIESGO,1,0.001337,0.000118,0.998546,0.001337,EN_RIESGO,1
,OBSOLETO,2,0.999931,4.8e-05,2.1e-05,0.999931,OBSOLETO,1
145673336,OBSOLETO,2,0.994602,0.002735,0.002662,0.994602,OBSOLETO,1
155118846,EN_RIESGO,1,0.487372,0.364417,0.148211,0.487372,OBSOLETO,0
v1|377046281559|0,VIGENTE,0,0.009193,0.983754,0.007054,0.009193,VIGENTE,1
v1|257438241305|0,VIGENTE,0,0.000604,0.999017,0.000379,0.000604,VIGENTE,1
153729931,VIGENTE,0,0.00275,0.995541,0.001709,0.00275,VIGENTE,1
152390511,EN_RIESGO,1,0.990842,0.00583,0.003328,0.990842,OBSOLETO,0
152491439,EN_RIESGO,1,0.655105,0.145612,0.199284,0.655105,OBSOLETO,0
B0DM1R7KHZ,EN_RIESGO,1,0.218025,0.225166,0.55681,0.218025,EN_RIESGO,1
152138812,OBSOLETO,2,0.897925,0.016087,0.085988,0.897925,OBSOLETO,1
v1|336575655759|0,VIGENTE,0,0.007081,0.987673,0.005246,0.007081,VIGENTE,1
151151231,VIGENTE,0,0.109036,0.807414,0.083551,0.109036,VIGENTE,1
v1|305765717241|0,EN_RIESGO,1,0.002205,0.000304,0.997491,0.002205,EN_RIESGO,1
v1|206301331374|0,EN_RIESGO,1,0.012806,0.003201,0.983993,0.012806,EN_RIESGO,1
151131220,VIGENTE,0,0.023333,0.963383,0.013284,0.023333,VIGENTE,1
121147007,EN_RIESGO,1,0.991736,0.004999,0.003265,0.991736,OBSOLETO,0
145910398,EN_RIESGO,1,0.797752,0.107404,0.094844,0.797752,OBSOLETO,0
v1|376294529472|0,EN_RIESGO,1,0.009816,0.001929,0.988255,0.009816,EN_RIESGO,1
20001210259,VIGENTE,0,0.018877,0.963372,0.01775,0.018877,VIGENTE,1
121609851,EN_RIESGO,1,0.017907,0.021984,0.960109,0.017907,EN_RIESGO,1
v1|377196997145|0,VIGENTE,0,0.007359,0.986792,0.005849,0.007359,VIGENTE,1
3256812144324014,OBSOLETO,2,0.996723,0.002087,0.001189,0.996723,OBSOLETO,1
152190009,VIGENTE,0,0.139938,0.80564,0.054422,0.139938,VIGENTE,1
v1|206381280185|0,VIGENTE,0,0.009007,0.985486,0.005507,0.009007,VIGENTE,1
B0GH2CRB31,VIGENTE,0,0.016763,0.972351,0.010886,0.016763,VIGENTE,1
v1|197367028551|0,OBSOLETO,2,0.394371,0.129084,0.476544,0.394371,EN_RIESGO,0
B0G7MHKSH4,EN_RIESGO,1,0.003146,0.000693,0.996161,0.003146,EN_RIESGO,1
154326812,VIGENTE,0,0.604742,0.383891,0.011367,0.604742,OBSOLETO,0
v1|178057380388|0,VIGENTE,0,0.000637,0.998907,0.000456,0.000637,VIGENTE,1
v1|127867484102|0,EN_RIESGO,1,0.003906,0.000501,0.995593,0.003906,EN_RIESGO,1
v1|224404817504|523189980862,OBSOLETO,2,0.022777,0.007455,0.969769,0.022777,EN_RIESGO,0
v1|366548977183|0,EN_RIESGO,1,0.001418,0.000327,0.998255,0.001418,EN_RIESGO,1
B0DWFPJSQB,EN_RIESGO,1,0.62031,0.178091,0.201599,0.62031,OBSOLETO,0
154488493,EN_RIESGO,1,0.277174,0.401606,0.32122,0.277174,VIGENTE,0
v1|267720775425|0,OBSOLETO,2,0.043705,0.017633,0.938662,0.043705,EN_RIESGO,0
,EN_RIESGO,1,0.000255,1.4e-05,0.99973,0.000255,EN_RIESGO,1
v1|298388390982|0,VIGENTE,0,0.000725,0.998708,0.000567,0.000725,VIGENTE,1
148822150,VIGENTE,0,0.047892,0.795916,0.156192,0.047892,VIGENTE,1
153729931,VIGENTE,0,0.005834,0.989804,0.004361,0.005834,VIGENTE,1
141587268,OBSOLETO,2,0.036785,0.940947,0.022268,0.036785,VIGENTE,0
152189963,VIGENTE,0,0.06377,0.859237,0.076993,0.06377,VIGENTE,1
154401788,OBSOLETO,2,0.790202,0.168546,0.041252,0.790202,OBSOLETO,1
v1|147260745088|0,EN_RIESGO,1,0.027312,0.01167,0.961017,0.027312,EN_RIESGO,1
152471426,OBSOLETO,2,0.01255,0.001516,0.985934,0.01255,EN_RIESGO,0
149138571,OBSOLETO,2,0.999978,1.5e-05,7e-06,0.999978,OBSOLETO,1
,EN_RIESGO,1,0.009312,0.001237,0.989451,0.009312,EN_RIESGO,1
151092634,VIGENTE,0,0.283244,0.622787,0.093969,0.283244,VIGENTE,1
151666911,OBSOLETO,2,0.999748,0.000174,7.8e-05,0.999748,OBSOLETO,1
152675775,VIGENTE,0,0.008716,0.984364,0.006921,0.008716,VIGENTE,1
B07NWX2RSY,OBSOLETO,2,0.092727,0.049776,0.857497,0.092727,EN_RIESGO,0
154950331,EN_RIESGO,1,0.056569,0.047182,0.896249,0.056569,EN_RIESGO,1
152117872,VIGENTE,0,0.000781,0.998653,0.000566,0.000781,VIGENTE,1
,EN_RIESGO,1,0.005889,0.001413,0.992698,0.005889,EN_RIESGO,1
v1|147440972809|0,VIGENTE,0,0.012578,0.978687,0.008735,0.012578,VIGENTE,1
152189963,VIGENTE,0,0.018765,0.965157,0.016078,0.018765,VIGENTE,1
v1|407068377075|0,EN_RIESGO,1,0.007163,0.001364,0.991473,0.007163,EN_RIESGO,1
145798261,EN_RIESGO,1,0.4215,0.243224,0.335276,0.4215,OBSOLETO,0
151996329,VIGENTE,0,0.000136,0.999768,9.6e-05,0.000136,VIGENTE,1
v1|188589370860|0,EN_RIESGO,1,0.008051,0.003262,0.988688,0.008051,EN_RIESGO,1
143360641,VIGENTE,0,0.099071,0.406457,0.494473,0.099071,EN_RIESGO,0
152452907,VIGENTE,0,0.021718,0.959996,0.018287,0.021718,VIGENTE,1
3256809857819423,OBSOLETO,2,0.999141,0.000535,0.000324,0.999141,OBSOLETO,1
B0DM23JKXC,EN_RIESGO,1,0.106081,0.807732,0.086187,0.106081,VIGENTE,0
v1|396425711312|0,EN_RIESGO,1,0.004015,0.000199,0.995786,0.004015,EN_RIESGO,1
151841762,VIGENTE,0,0.000505,0.999126,0.000369,0.000505,VIGENTE,1
154327333,VIGENTE,0,0.05782,0.924322,0.017858,0.05782,VIGENTE,1
153233355,VIGENTE,0,0.071334,0.883883,0.044784,0.071334,VIGENTE,1
153277721,VIGENTE,0,0.00511,0.990714,0.004176,0.00511,VIGENTE,1
v1|387435527996|0,VIGENTE,0,0.001826,0.996247,0.001927,0.001826,VIGENTE,1
155403175,VIGENTE,0,0.006352,0.987677,0.005971,0.006352,VIGENTE,1
20001290952,OBSOLETO,2,0.999476,0.00036,0.000164,0.999476,OBSOLETO,1
149119996,VIGENTE,0,0.01087,0.980324,0.008806,0.01087,VIGENTE,1
155529710,OBSOLETO,2,0.008992,0.000589,0.990419,0.008992,EN_RIESGO,0
B0F43HC711,EN_RIESGO,1,0.329364,0.321917,0.348718,0.329364,EN_RIESGO,1
152398844,EN_RIESGO,1,0.998584,0.000888,0.000528,0.998584,OBSOLETO,0
152399299,EN_RIESGO,1,0.996798,0.002223,0.000978,0.996798,OBSOLETO,0
151996107,EN_RIESGO,1,0.164941,0.235065,0.599994,0.164941,EN_RIESGO,1
152881448,EN_RIESGO,1,0.974563,0.01468,0.010756,0.974563,OBSOLETO,0
v1|197367028551|0,OBSOLETO,2,0.394371,0.129084,0.476544,0.394371,EN_RIESGO,0
151847638,VIGENTE,0,0.002792,0.995304,0.001904,0.002792,VIGENTE,1
148822150,VIGENTE,0,0.064364,0.674634,0.261002,0.064364,VIGENTE,1
B0FGQJ2C32,EN_RIESGO,1,0.168076,0.186968,0.644956,0.168076,EN_RIESGO,1
3256807159473339,OBSOLETO,2,0.788028,0.105267,0.106705,0.788028,OBSOLETO,1
154488531,EN_RIESGO,1,0.997097,0.001818,0.001084,0.997097,OBSOLETO,0
v1|127831476599|0,OBSOLETO,2,0.067866,0.039736,0.892398,0.067866,EN_RIESGO,0
155000811,VIGENTE,0,0.009892,0.982816,0.007292,0.009892,VIGENTE,1
v1|398158584681|0,OBSOLETO,2,0.030614,0.0047,0.964687,0.030614,EN_RIESGO,0
139490321,OBSOLETO,2,0.727139,0.167,0.105861,0.727139,OBSOLETO,1
20001499537,VIGENTE,0,0.040147,0.933051,0.026802,0.040147,VIGENTE,1
20001492616,OBSOLETO,2,0.860769,0.108501,0.03073,0.860769,OBSOLETO,1
139848444,OBSOLETO,2,0.945999,0.032536,0.021465,0.945999,OBSOLETO,1
B083R7SWF5,EN_RIESGO,1,0.000516,6.5e-05,0.999419,0.000516,EN_RIESGO,1
144368826,OBSOLETO,2,0.998852,0.000611,0.000537,0.998852,OBSOLETO,1
,EN_RIESGO,1,0.013602,0.00351,0.982889,0.013602,EN_RIESGO,1
,EN_RIESGO,1,0.003578,0.001048,0.995374,0.003578,EN_RIESGO,1
152843188,VIGENTE,0,0.000862,0.998581,0.000557,0.000862,VIGENTE,1
B0DXK2M53G,EN_RIESGO,1,0.804495,0.127313,0.068192,0.804495,OBSOLETO,0
152190011,VIGENTE,0,0.225417,0.689314,0.085268,0.225417,VIGENTE,1
154926080,VIGENTE,0,0.03935,0.931672,0.028978,0.03935,VIGENTE,1
154798950,VIGENTE,0,0.007714,0.988292,0.003994,0.007714,VIGENTE,1
v1|405119028779|0,EN_RIESGO,1,0.000767,3.5e-05,0.999197,0.000767,EN_RIESGO,1
153226150,VIGENTE,0,0.0022,0.995957,0.001843,0.0022,VIGENTE,1
153226277,VIGENTE,0,0.003842,0.992781,0.003376,0.003842,VIGENTE,1
148588634,VIGENTE,0,0.001446,0.997384,0.001171,0.001446,VIGENTE,1
129933454,EN_RIESGO,1,0.077079,0.068472,0.854449,0.077079,EN_RIESGO,1
B0D3DV3H8L,EN_RIESGO,1,0.013414,0.006634,0.979952,0.013414,EN_RIESGO,1
v1|236900616588|0,VIGENTE,0,0.004649,0.992832,0.002519,0.004649,VIGENTE,1
149581662,VIGENTE,0,0.005218,0.992854,0.001927,0.005218,VIGENTE,1
154122345,VIGENTE,0,0.088136,0.907064,0.0048,0.088136,VIGENTE,1
B07S8DWXT3,OBSOLETO,2,0.932476,0.031029,0.036495,0.932476,OBSOLETO,1
155126856,VIGENTE,0,0.000549,0.999074,0.000377,0.000549,VIGENTE,1
v1|157832079765|0,OBSOLETO,2,0.72505,0.090633,0.184317,0.72505,OBSOLETO,1
v1|397833127346|0,OBSOLETO,2,0.757669,0.073106,0.169224,0.757669,OBSOLETO,1
B0GNSXWY4K,VIGENTE,0,0.209868,0.623298,0.166834,0.209868,VIGENTE,1
145715960,OBSOLETO,2,0.996181,0.002424,0.001395,0.996181,OBSOLETO,1
3256804993048608,OBSOLETO,2,0.971018,0.016801,0.012181,0.971018,OBSOLETO,1
v1|137456478446|0,OBSOLETO,2,0.084676,0.034701,0.880623,0.084676,EN_RIESGO,0
150202107,OBSOLETO,2,0.715676,0.021568,0.262756,0.715676,OBSOLETO,1
154540053,EN_RIESGO,1,0.939016,0.029014,0.03197,0.939016,OBSOLETO,0
B0BZ9T4KF6,EN_RIESGO,1,0.003569,0.000679,0.995753,0.003569,EN_RIESGO,1
152177318,OBSOLETO,2,0.99626,0.001921,0.001819,0.99626,OBSOLETO,1
154799360,VIGENTE,0,0.000911,0.998449,0.00064,0.000911,VIGENTE,1
B0GW5XSBJD,EN_RIESGO,1,0.017935,0.008954,0.973111,0.017935,EN_RIESGO,1
144601925,OBSOLETO,2,0.999073,0.000304,0.000623,0.999073,OBSOLETO,1
v1|227415120461|0,OBSOLETO,2,0.103129,0.039505,0.857366,0.103129,EN_RIESGO,0
v1|127831476599|0,OBSOLETO,2,0.067866,0.039736,0.892398,0.067866,EN_RIESGO,0
,OBSOLETO,2,0.030614,0.0047,0.964687,0.030614,EN_RIESGO,0
B07S6CRLVD,OBSOLETO,2,0.600231,0.149911,0.249857,0.600231,OBSOLETO,1
151841762,VIGENTE,0,0.002223,0.996192,0.001586,0.002223,VIGENTE,1
154336523,OBSOLETO,2,0.999966,2.4e-05,1e-05,0.999966,OBSOLETO,1
v1|306469924743|0,VIGENTE,0,0.014031,0.976384,0.009584,0.014031,VIGENTE,1
B0B9C4DKKG,EN_RIESGO,1,0.788554,0.151481,0.059965,0.788554,OBSOLETO,0
154023030,OBSOLETO,2,0.999999,1e-06,0.0,0.999999,OBSOLETO,1
154398207,OBSOLETO,2,0.440978,0.43682,0.122203,0.440978,OBSOLETO,1
B0GJS98B1Q,EN_RIESGO,1,0.300079,0.315417,0.384503,0.300079,EN_RIESGO,1
148518993,VIGENTE,0,0.006751,0.985954,0.007295,0.006751,VIGENTE,1
v1|335924204670|0,VIGENTE,0,0.00087,0.998304,0.000826,0.00087,VIGENTE,1
v1|327018523485|0,OBSOLETO,2,0.07618,0.027574,0.896246,0.07618,EN_RIESGO,0
v1|257312451613|0,VIGENTE,0,0.006027,0.990812,0.003161,0.006027,VIGENTE,1
,OBSOLETO,2,0.035458,0.026528,0.938014,0.035458,EN_RIESGO,0
152448349,EN_RIESGO,1,0.90297,0.052514,0.044516,0.90297,OBSOLETO,0
v1|287441960418|0,VIGENTE,0,0.000513,0.999123,0.000364,0.000513,VIGENTE,1
151996321,VIGENTE,0,0.002337,0.996469,0.001194,0.002337,VIGENTE,1
,OBSOLETO,2,0.51334,0.09974,0.38692,0.51334,OBSOLETO,1
143360641,VIGENTE,0,0.133725,0.720126,0.146149,0.133725,VIGENTE,1
B0F9T2R6MQ,EN_RIESGO,1,0.998171,0.001158,0.000671,0.998171,OBSOLETO,0
v1|306438353997|0,OBSOLETO,2,0.718449,0.078628,0.202924,0.718449,OBSOLETO,1
v1|236948839811|0,EN_RIESGO,1,0.002275,0.000236,0.997489,0.002275,EN_RIESGO,1
145715726,OBSOLETO,2,0.999998,2e-06,1e-06,0.999998,OBSOLETO,1
154977423,VIGENTE,0,0.000454,0.999303,0.000243,0.000454,VIGENTE,1
,OBSOLETO,2,0.880787,0.00248,0.116733,0.880787,OBSOLETO,1
153234210,VIGENTE,0,0.008638,0.986387,0.004975,0.008638,VIGENTE,1
151131220,VIGENTE,0,0.020247,0.966691,0.013062,0.020247,VIGENTE,1
B0H2H4B1GX,EN_RIESGO,1,0.90815,0.054854,0.036996,0.90815,OBSOLETO,0
v1|267684404067|0,VIGENTE,0,0.09261,0.326327,0.581062,0.09261,EN_RIESGO,0
,OBSOLETO,2,0.073159,0.007565,0.919276,0.073159,EN_RIESGO,0
154884303,VIGENTE,0,0.0004,0.99935,0.00025,0.0004,VIGENTE,1
v1|205179724546|0,VIGENTE,0,0.002171,0.995607,0.002222,0.002171,VIGENTE,1
,EN_RIESGO,1,0.004776,0.000117,0.995107,0.004776,EN_RIESGO,1
v1|336250038220|0,EN_RIESGO,1,0.006441,0.001232,0.992326,0.006441,EN_RIESGO,1
155200961,VIGENTE,0,0.001597,0.997726,0.000676,0.001597,VIGENTE,1
144651951,VIGENTE,0,0.00413,0.993181,0.00269,0.00413,VIGENTE,1
135556786,EN_RIESGO,1,0.104183,0.03889,0.856927,0.104183,EN_RIESGO,1
152189903,VIGENTE,0,0.004801,0.992532,0.002667,0.004801,VIGENTE,1
154329190,VIGENTE,0,0.008015,0.987616,0.004369,0.008015,VIGENTE,1
133734184,EN_RIESGO,1,0.01678,0.022828,0.960392,0.01678,EN_RIESGO,1
139844462,OBSOLETO,2,0.997053,0.001878,0.001069,0.997053,OBSOLETO,1
v1|227415119277|0,OBSOLETO,2,0.805429,0.079702,0.114869,0.805429,OBSOLETO,1
B0DV3C5HQH,EN_RIESGO,1,0.783832,0.111773,0.104395,0.783832,OBSOLETO,0
3256804643647142,OBSOLETO,2,0.053251,0.033106,0.913644,0.053251,EN_RIESGO,0
v1|352657142436|622002625078,OBSOLETO,2,0.014276,0.003292,0.982432,0.014276,EN_RIESGO,0
151054264,EN_RIESGO,1,0.150177,0.355271,0.494551,0.150177,EN_RIESGO,1
135555601,EN_RIESGO,1,0.006676,0.006234,0.98709,0.006676,EN_RIESGO,1
115654255,OBSOLETO,2,0.951266,0.021022,0.027712,0.951266,OBSOLETO,1
152004567,VIGENTE,0,0.001519,0.997399,0.001081,0.001519,VIGENTE,1
144601925,OBSOLETO,2,0.98999,0.002659,0.007351,0.98999,OBSOLETO,1
v1|305765717241|0,EN_RIESGO,1,0.002205,0.000304,0.997491,0.002205,EN_RIESGO,1
,OBSOLETO,2,0.999887,7.8e-05,3.6e-05,0.999887,OBSOLETO,1
,EN_RIESGO,1,0.002852,0.000344,0.996805,0.002852,EN_RIESGO,1
152217120,EN_RIESGO,1,0.207822,0.218019,0.57416,0.207822,EN_RIESGO,1
v1|267720775425|0,OBSOLETO,2,0.043705,0.017633,0.938662,0.043705,EN_RIESGO,0
B0CDF6GYM1,EN_RIESGO,1,0.006836,0.001719,0.991445,0.006836,EN_RIESGO,1
155551685,VIGENTE,0,0.008497,0.984292,0.007211,0.008497,VIGENTE,1
153982632,OBSOLETO,2,0.999342,0.000411,0.000248,0.999342,OBSOLETO,1
155252274,VIGENTE,0,0.028411,0.95475,0.016839,0.028411,VIGENTE,1
B0F7QYSWXC,EN_RIESGO,1,0.020033,0.009819,0.970147,0.020033,EN_RIESGO,1
B0H2VFFP6C,VIGENTE,0,0.061,0.922504,0.016496,0.061,VIGENTE,1
v1|398158584681|0,OBSOLETO,2,0.030614,0.0047,0.964687,0.030614,EN_RIESGO,0
20001535346,OBSOLETO,2,0.802028,0.166954,0.031019,0.802028,OBSOLETO,1
153491340,VIGENTE,0,0.001657,0.99736,0.000983,0.001657,VIGENTE,1
153053117,EN_RIESGO,1,0.192313,0.08013,0.727557,0.192313,EN_RIESGO,1
B07S4MSXJL,OBSOLETO,2,0.848807,0.06871,0.082483,0.848807,OBSOLETO,1
v1|167004388201|0,VIGENTE,0,0.000293,0.999442,0.000265,0.000293,VIGENTE,1
v1|317022507355|0,EN_RIESGO,1,0.005477,0.001224,0.993298,0.005477,EN_RIESGO,1
154799362,VIGENTE,0,0.007158,0.988096,0.004746,0.007158,VIGENTE,1
20001284445,OBSOLETO,2,0.999963,2.6e-05,1.1e-05,0.999963,OBSOLETO,1
v1|257547167748|0,VIGENTE,0,0.003274,0.994228,0.002498,0.003274,VIGENTE,1
v1|397147025733|0,VIGENTE,0,0.499323,0.436202,0.064475,0.499323,OBSOLETO,0
B0DJTG7SY5,VIGENTE,0,0.002505,0.995883,0.001612,0.002505,VIGENTE,1
151066367,VIGENTE,0,0.185381,0.486124,0.328495,0.185381,VIGENTE,1
139848378,OBSOLETO,2,0.99238,0.005326,0.002294,0.99238,OBSOLETO,1
153982632,OBSOLETO,2,0.999514,0.000304,0.000182,0.999514,OBSOLETO,1
145673336,OBSOLETO,2,0.996479,0.001819,0.001702,0.996479,OBSOLETO,1
151847634,VIGENTE,0,0.009721,0.983154,0.007125,0.009721,VIGENTE,1
142771746,VIGENTE,0,0.099071,0.406457,0.494473,0.099071,EN_RIESGO,0
154799178,EN_RIESGO,1,0.025244,0.020101,0.954655,0.025244,EN_RIESGO,1
152078820,EN_RIESGO,1,0.076244,0.06703,0.856726,0.076244,EN_RIESGO,1
151841771,VIGENTE,0,0.000448,0.999266,0.000287,0.000448,VIGENTE,1
v1|196417424811|0,EN_RIESGO,1,0.003486,0.000611,0.995903,0.003486,EN_RIESGO,1
v1|157832079765|0,OBSOLETO,2,0.72505,0.090633,0.184317,0.72505,OBSOLETO,1
151841706,VIGENTE,0,0.000702,0.99881,0.000488,0.000702,VIGENTE,1
153225765,VIGENTE,0,0.002828,0.994283,0.00289,0.002828,VIGENTE,1
126629126,OBSOLETO,2,0.981325,0.005219,0.013456,0.981325,OBSOLETO,1
v1|389946091593|0,EN_RIESGO,1,0.354325,0.0531,0.592575,0.354325,EN_RIESGO,1
v1|267720775425|0,OBSOLETO,2,0.043705,0.017633,0.938662,0.043705,EN_RIESGO,0
v1|227412052163|0,VIGENTE,0,0.052893,0.913536,0.033572,0.052893,VIGENTE,1
v1|178294298497|0,VIGENTE,0,0.093268,0.776585,0.130146,0.093268,VIGENTE,1
155200961,VIGENTE,0,0.001024,0.998525,0.000451,0.001024,VIGENTE,1
B0DBR3DZWG,EN_RIESGO,1,0.926068,0.04068,0.033252,0.926068,OBSOLETO,0
152083512,VIGENTE,0,0.014176,0.979689,0.006135,0.014176,VIGENTE,1
151092634,VIGENTE,0,0.202693,0.70367,0.093636,0.202693,VIGENTE,1
155269107,VIGENTE,0,0.002956,0.995434,0.00161,0.002956,VIGENTE,1
,OBSOLETO,2,0.01399,0.003278,0.982732,0.01399,EN_RIESGO,0
132046629,OBSOLETO,2,0.92049,0.048012,0.031498,0.92049,OBSOLETO,1
142687863,VIGENTE,0,0.002541,0.996266,0.001193,0.002541,VIGENTE,1
152881448,EN_RIESGO,1,0.974699,0.015037,0.010263,0.974699,OBSOLETO,0
3256807011761575,OBSOLETO,2,0.770311,0.11618,0.113509,0.770311,OBSOLETO,1
883834751,EN_RIESGO,1,0.013217,0.002494,0.984288,0.013217,EN_RIESGO,1
152452915,VIGENTE,0,0.005169,0.991569,0.003262,0.005169,VIGENTE,1
,EN_RIESGO,1,0.001077,0.000167,0.998756,0.001077,EN_RIESGO,1
,OBSOLETO,2,0.999997,2e-06,1e-06,0.999997,OBSOLETO,1
149480601,OBSOLETO,2,0.999967,2.3e-05,1e-05,0.999967,OBSOLETO,1
3256807267921547,OBSOLETO,2,0.816164,0.101369,0.082467,0.816164,OBSOLETO,1
152136727,EN_RIESGO,1,0.999164,0.000546,0.00029,0.999164,OBSOLETO,0
145504882,EN_RIESGO,1,0.122092,0.081514,0.796393,0.122092,EN_RIESGO,1
148597093,VIGENTE,0,0.122291,0.777371,0.100338,0.122291,VIGENTE,1
B00FAY0S08,OBSOLETO,2,0.215014,0.111812,0.673175,0.215014,EN_RIESGO,0
155177007,VIGENTE,0,0.000708,0.99891,0.000382,0.000708,VIGENTE,1
v1|406174962817|0,EN_RIESGO,1,0.00267,9.4e-05,0.997236,0.00267,EN_RIESGO,1
154751672,EN_RIESGO,1,0.999589,0.000266,0.000145,0.999589,OBSOLETO,0
v1|267676001869|0,VIGENTE,0,0.002327,0.995701,0.001972,0.002327,VIGENTE,1
v1|168512876977|0,VIGENTE,0,0.002476,0.994682,0.002842,0.002476,VIGENTE,1
v1|267729466277|0,VIGENTE,0,0.010361,0.982267,0.007372,0.010361,VIGENTE,1
v1|257619220622|0,EN_RIESGO,1,0.002765,0.000556,0.996679,0.002765,EN_RIESGO,1
3256808908780062,EN_RIESGO,1,0.023373,0.007383,0.969244,0.023373,EN_RIESGO,1
v1|127927567288|0,EN_RIESGO,1,0.011469,0.006951,0.98158,0.011469,EN_RIESGO,1
153492939,VIGENTE,0,0.000881,0.998465,0.000654,0.000881,VIGENTE,1
v1|388870031053|0,EN_RIESGO,1,0.004124,0.000261,0.995615,0.004124,EN_RIESGO,1
,OBSOLETO,2,0.999938,4.2e-05,2e-05,0.999938,OBSOLETO,1
v1|157832079765|0,OBSOLETO,2,0.72505,0.090633,0.184317,0.72505,OBSOLETO,1
,OBSOLETO,2,0.999976,1.7e-05,7e-06,0.999976,OBSOLETO,1
v1|327212155868|0,VIGENTE,0,0.00759,0.987307,0.005103,0.00759,VIGENTE,1
153087979,OBSOLETO,2,0.996809,0.002097,0.001094,0.996809,OBSOLETO,1
v1|257447201446|0,EN_RIESGO,1,0.009897,0.004426,0.985677,0.009897,EN_RIESGO,1
B0C7NKP53L,EN_RIESGO,1,0.005505,0.001716,0.99278,0.005505,EN_RIESGO,1
145499567,OBSOLETO,2,0.977634,0.012512,0.009854,0.977634,OBSOLETO,1
v1|366438261744|0,EN_RIESGO,1,0.004302,0.003049,0.992649,0.004302,EN_RIESGO,1
v1|166519289893|0,EN_RIESGO,1,0.003929,0.000686,0.995385,0.003929,EN_RIESGO,1
152452907,VIGENTE,0,0.007818,0.986236,0.005946,0.007818,VIGENTE,1
148520008,VIGENTE,0,0.000974,0.998379,0.000647,0.000974,VIGENTE,1
154926337,OBSOLETO,2,0.999254,0.000449,0.000296,0.999254,OBSOLETO,1
153727074,VIGENTE,0,0.011608,0.981448,0.006944,0.011608,VIGENTE,1
v1|405119028779|0,EN_RIESGO,1,0.000767,3.5e-05,0.999197,0.000767,EN_RIESGO,1
154943538,EN_RIESGO,1,0.916694,0.045741,0.037565,0.916694,OBSOLETO,0
150095377,OBSOLETO,2,0.999759,0.000157,8.4e-05,0.999759,OBSOLETO,1
v1|127902107224|0,OBSOLETO,2,0.114132,0.085969,0.799899,0.114132,EN_RIESGO,0
v1|317682493852|0,VIGENTE,0,0.023641,0.950861,0.025498,0.023641,VIGENTE,1
v1|137503190221|0,EN_RIESGO,1,0.023748,0.002054,0.974198,0.023748,EN_RIESGO,1
v1|800264162805|0,EN_RIESGO,1,0.001337,0.000118,0.998546,0.001337,EN_RIESGO,1
v1|257577667226|0,VIGENTE,0,0.00179,0.996868,0.001343,0.00179,VIGENTE,1
151129212,VIGENTE,0,0.01799,0.971414,0.010596,0.01799,VIGENTE,1
,OBSOLETO,2,0.00519,6.6e-05,0.994744,0.00519,EN_RIESGO,0
149259153,OBSOLETO,2,0.96153,0.013844,0.024625,0.96153,OBSOLETO,1
151213087,OBSOLETO,2,0.983715,0.005232,0.011054,0.983715,OBSOLETO,1
152245767,OBSOLETO,2,0.999992,6e-06,2e-06,0.999992,OBSOLETO,1
151124591,VIGENTE,0,0.549272,0.430313,0.020415,0.549272,OBSOLETO,0
,OBSOLETO,2,0.997408,0.001694,0.000899,0.997408,OBSOLETO,1
v1|267506465794|0,VIGENTE,0,0.000365,0.999291,0.000344,0.000365,VIGENTE,1
,OBSOLETO,2,0.002138,3.7e-05,0.997826,0.002138,EN_RIESGO,0
,EN_RIESGO,1,0.991819,0.005125,0.003056,0.991819,OBSOLETO,0
B08GLX7TNT,EN_RIESGO,1,0.786779,0.103253,0.109968,0.786779,OBSOLETO,0
v1|307068580943|0,EN_RIESGO,1,0.001781,0.000599,0.99762,0.001781,EN_RIESGO,1
,EN_RIESGO,1,0.001381,0.00017,0.998449,0.001381,EN_RIESGO,1
3256805310572297,OBSOLETO,2,0.619628,0.07487,0.305501,0.619628,OBSOLETO,1
154588625,VIGENTE,0,0.275013,0.558242,0.166745,0.275013,VIGENTE,1
3256809221568151,EN_RIESGO,1,0.018178,0.006391,0.975431,0.018178,EN_RIESGO,1
136003510,OBSOLETO,2,0.93478,0.015937,0.049283,0.93478,OBSOLETO,1
B0G4SQWTC2,VIGENTE,0,0.005519,0.9906,0.003881,0.005519,VIGENTE,1
v1|147233438464|0,VIGENTE,0,7.4e-05,0.999877,5e-05,7.4e-05,VIGENTE,1
v1|168355590877|0,EN_RIESGO,1,0.023804,0.002315,0.973881,0.023804,EN_RIESGO,1
v1|398047211480|0,EN_RIESGO,1,0.005188,0.001049,0.993764,0.005188,EN_RIESGO,1
B0GNST5DYB,VIGENTE,0,0.142087,0.763165,0.094748,0.142087,VIGENTE,1
,OBSOLETO,2,0.99989,7.3e-05,3.7e-05,0.99989,OBSOLETO,1
152753711,OBSOLETO,2,0.999993,5e-06,2e-06,0.999993,OBSOLETO,1
,OBSOLETO,2,0.011458,0.00489,0.983652,0.011458,EN_RIESGO,0
B07HHLX1R8,OBSOLETO,2,0.934135,0.038723,0.027142,0.934135,OBSOLETO,1
3256812376303575,EN_RIESGO,1,0.041067,0.017511,0.941422,0.041067,EN_RIESGO,1
v1|327018523485|0,OBSOLETO,2,0.07618,0.027574,0.896246,0.07618,EN_RIESGO,0
152004771,VIGENTE,0,0.00156,0.997425,0.001015,0.00156,VIGENTE,1
154142041,OBSOLETO,2,0.999981,1.4e-05,5e-06,0.999981,OBSOLETO,1
153234210,VIGENTE,0,0.002878,0.994898,0.002224,0.002878,VIGENTE,1
,OBSOLETO,2,0.005022,9.2e-05,0.994886,0.005022,EN_RIESGO,0
v1|204708136301|505336697165,OBSOLETO,2,0.025869,0.003184,0.970947,0.025869,EN_RIESGO,0
148520008,VIGENTE,0,0.008677,0.984122,0.0072,0.008677,VIGENTE,1
v1|178307602942|0,VIGENTE,0,0.085945,0.830302,0.083753,0.085945,VIGENTE,1
v1|254219753793|553607618438,OBSOLETO,2,0.011113,0.002362,0.986524,0.011113,EN_RIESGO,0
,OBSOLETO,2,0.967365,0.014481,0.018154,0.967365,OBSOLETO,1
154799346,VIGENTE,0,0.001543,0.997614,0.000843,0.001543,VIGENTE,1
143745731,EN_RIESGO,1,0.999498,0.000333,0.000169,0.999498,OBSOLETO,0
B0D1K1GCCZ,EN_RIESGO,1,0.005086,0.001581,0.993334,0.005086,EN_RIESGO,1
v1|306438353997|0,OBSOLETO,2,0.718449,0.078628,0.202924,0.718449,OBSOLETO,1
v1|206301331374|0,EN_RIESGO,1,0.012806,0.003201,0.983993,0.012806,EN_RIESGO,1
152004669,VIGENTE,0,0.002171,0.996173,0.001656,0.002171,VIGENTE,1
v1|284338406755|0,OBSOLETO,2,0.911312,0.046123,0.042565,0.911312,OBSOLETO,1
v1|335924204670|0,VIGENTE,0,0.00087,0.998304,0.000826,0.00087,VIGENTE,1
1580933,OBSOLETO,2,0.998852,0.000775,0.000373,0.998852,OBSOLETO,1
B0D33GL96Z,EN_RIESGO,1,0.006723,0.001192,0.992085,0.006723,EN_RIESGO,1
154977423,VIGENTE,0,0.000609,0.998955,0.000437,0.000609,VIGENTE,1
v1|254219753793|553607618438,OBSOLETO,2,0.011113,0.002362,0.986524,0.011113,EN_RIESGO,0
154326689,EN_RIESGO,1,0.990978,0.005215,0.003807,0.990978,OBSOLETO,0
152151091,OBSOLETO,2,0.990044,0.006241,0.003715,0.990044,OBSOLETO,1
145673336,OBSOLETO,2,0.994602,0.002735,0.002662,0.994602,OBSOLETO,1
155419820,OBSOLETO,2,0.12099,0.808142,0.070868,0.12099,VIGENTE,0
B0CZN1RT44,EN_RIESGO,1,0.9346,0.035959,0.029441,0.9346,OBSOLETO,0
v1|296722931650|0,VIGENTE,0,0.000375,0.999298,0.000328,0.000375,VIGENTE,1
B086MLQHZY,OBSOLETO,2,0.970357,0.016577,0.013066,0.970357,OBSOLETO,1
B0C7R2RDRL,EN_RIESGO,1,0.008101,0.005037,0.986861,0.008101,EN_RIESGO,1
v1|287326207667|0,EN_RIESGO,1,0.037501,0.017829,0.94467,0.037501,EN_RIESGO,1
B0FGP7W3NJ,EN_RIESGO,1,0.203684,0.278009,0.518308,0.203684,EN_RIESGO,1
v1|136925164382|0,EN_RIESGO,1,0.001689,0.000229,0.998082,0.001689,EN_RIESGO,1
152138812,OBSOLETO,2,0.897925,0.016087,0.085988,0.897925,OBSOLETO,1
20001239886,OBSOLETO,2,0.99998,1.5e-05,5e-06,0.99998,OBSOLETO,1
v1|236916045703|0,EN_RIESGO,1,0.076019,0.031965,0.892015,0.076019,EN_RIESGO,1
B0FBBSZPFK,EN_RIESGO,1,0.827313,0.142662,0.030025,0.827313,OBSOLETO,0
121099283,OBSOLETO,2,0.989331,0.005488,0.005181,0.989331,OBSOLETO,1
,OBSOLETO,2,0.114274,0.024423,0.861303,0.114274,EN_RIESGO,0
v1|127902107224|0,OBSOLETO,2,0.114132,0.085969,0.799899,0.114132,EN_RIESGO,0
140685392,OBSOLETO,2,0.998915,0.00048,0.000605,0.998915,OBSOLETO,1
v1|175985003877|0,EN_RIESGO,1,0.002271,0.000353,0.997375,0.002271,EN_RIESGO,1
153149201,EN_RIESGO,1,0.372118,0.014375,0.613507,0.372118,EN_RIESGO,1
144296485,VIGENTE,0,0.028293,0.911172,0.060535,0.028293,VIGENTE,1
B0GLQNWQR6,EN_RIESGO,1,0.148092,0.064337,0.787571,0.148092,EN_RIESGO,1
B01GW6AEHY,VIGENTE,0,0.007517,0.981265,0.011218,0.007517,VIGENTE,1
v1|204708136301|505336697165,OBSOLETO,2,0.025869,0.003184,0.970947,0.025869,EN_RIESGO,0
148453429,VIGENTE,0,0.000254,0.999605,0.000141,0.000254,VIGENTE,1
B07MMD4DDJ,OBSOLETO,2,0.015542,0.006196,0.978262,0.015542,EN_RIESGO,0
152455117,VIGENTE,0,0.058727,0.894922,0.046351,0.058727,VIGENTE,1
154329363,VIGENTE,0,0.677726,0.320265,0.002009,0.677726,OBSOLETO,0
B0F33D4PRF,VIGENTE,0,0.000492,0.999176,0.000331,0.000492,VIGENTE,1
3256809197919339,OBSOLETO,2,0.999631,0.000251,0.000118,0.999631,OBSOLETO,1
153738968,EN_RIESGO,1,0.964589,0.021713,0.013698,0.964589,OBSOLETO,0
141104309,EN_RIESGO,1,0.08863,0.064879,0.846491,0.08863,EN_RIESGO,1
v1|335924204764|0,VIGENTE,0,0.000444,0.999158,0.000398,0.000444,VIGENTE,1
147475216,EN_RIESGO,1,0.93669,0.038472,0.024837,0.93669,OBSOLETO,0
152148757,OBSOLETO,2,0.976591,0.012937,0.010471,0.976591,OBSOLETO,1
,EN_RIESGO,1,0.008679,0.000886,0.990435,0.008679,EN_RIESGO,1
v1|167656974527|0,OBSOLETO,2,0.930088,0.005726,0.064187,0.930088,OBSOLETO,1
154798948,VIGENTE,0,0.002232,0.996654,0.001114,0.002232,VIGENTE,1
154327365,VIGENTE,0,0.000802,0.998627,0.000571,0.000802,VIGENTE,1
B0C69PNNB8,EN_RIESGO,1,0.60321,0.162014,0.234776,0.60321,OBSOLETO,0
115784091,EN_RIESGO,1,0.072684,0.133888,0.793428,0.072684,EN_RIESGO,1
B0DS49VLXN,EN_RIESGO,1,0.075729,0.016675,0.907596,0.075729,EN_RIESGO,1
v1|254219753793|553607618438,OBSOLETO,2,0.011113,0.002362,0.986524,0.011113,EN_RIESGO,0
v1|407029169306|0,VIGENTE,0,0.018244,0.970276,0.01148,0.018244,VIGENTE,1
149072661,EN_RIESGO,1,0.073852,0.036435,0.889713,0.073852,EN_RIESGO,1
153151149,EN_RIESGO,1,0.236849,0.282649,0.480502,0.236849,EN_RIESGO,1
154977671,VIGENTE,0,0.000111,0.999819,7e-05,0.000111,VIGENTE,1
v1|389946091593|0,EN_RIESGO,1,0.354325,0.0531,0.592575,0.354325,EN_RIESGO,1
152177318,OBSOLETO,2,0.996532,0.001681,0.001787,0.996532,OBSOLETO,1
144651951,VIGENTE,0,0.008572,0.986901,0.004527,0.008572,VIGENTE,1
154377940,OBSOLETO,2,0.812341,0.112714,0.074945,0.812341,OBSOLETO,1
,EN_RIESGO,1,0.01082,0.000444,0.988736,0.01082,EN_RIESGO,1
B0F2VYLS32,VIGENTE,0,0.029785,0.949492,0.020723,0.029785,VIGENTE,1
155533602,OBSOLETO,2,0.666741,0.076291,0.256968,0.666741,OBSOLETO,1
v1|206363946527|0,EN_RIESGO,1,0.001747,4.3e-05,0.99821,0.001747,EN_RIESGO,1
155037933,OBSOLETO,2,0.999628,0.000216,0.000156,0.999628,OBSOLETO,1
143360707,VIGENTE,0,0.133725,0.720126,0.146149,0.133725,VIGENTE,1
155551687,VIGENTE,0,0.031199,0.939801,0.029,0.031199,VIGENTE,1
3256810068166068,EN_RIESGO,1,0.002259,0.000624,0.997117,0.002259,EN_RIESGO,1
,OBSOLETO,2,0.282844,0.030595,0.686561,0.282844,EN_RIESGO,0
v1|358734044608|0,VIGENTE,0,0.00587,0.987809,0.006321,0.00587,VIGENTE,1
,EN_RIESGO,1,0.078587,0.059339,0.862075,0.078587,EN_RIESGO,1
148822150,VIGENTE,0,0.061002,0.740155,0.198843,0.061002,VIGENTE,1
147888152,EN_RIESGO,1,0.167835,0.114257,0.717908,0.167835,EN_RIESGO,1
152167842,OBSOLETO,2,0.99282,0.00452,0.00266,0.99282,OBSOLETO,1
152116909,VIGENTE,0,0.018619,0.969474,0.011908,0.018619,VIGENTE,1
v1|366438261744|0,EN_RIESGO,1,0.004302,0.003049,0.992649,0.004302,EN_RIESGO,1
146516603,OBSOLETO,2,0.996508,0.002089,0.001403,0.996508,OBSOLETO,1
B0DJS2CLLL,EN_RIESGO,1,0.002337,0.000562,0.997101,0.002337,EN_RIESGO,1
154327535,VIGENTE,0,0.015263,0.975757,0.00898,0.015263,VIGENTE,1
145499509,OBSOLETO,2,0.997981,0.001263,0.000756,0.997981,OBSOLETO,1
B0H6PW7ST4,VIGENTE,0,0.014961,0.972262,0.012778,0.014961,VIGENTE,1
,EN_RIESGO,1,0.991226,0.005379,0.003396,0.991226,OBSOLETO,0
,EN_RIESGO,1,0.030603,0.01369,0.955708,0.030603,EN_RIESGO,1
v1|296722931650|0,VIGENTE,0,0.000375,0.999298,0.000328,0.000375,VIGENTE,1
,OBSOLETO,2,0.161128,0.081914,0.756958,0.161128,EN_RIESGO,0
v1|406691091536|0,VIGENTE,0,0.015801,0.97025,0.013948,0.015801,VIGENTE,1
v1|318576532661|0,VIGENTE,0,0.012991,0.976544,0.010464,0.012991,VIGENTE,1
,OBSOLETO,2,0.757669,0.073106,0.169224,0.757669,OBSOLETO,1
151760767,VIGENTE,0,0.001797,0.996829,0.001374,0.001797,VIGENTE,1
,EN_RIESGO,1,0.076019,0.031965,0.892015,0.076019,EN_RIESGO,1
142151751,OBSOLETO,2,0.999893,7.3e-05,3.4e-05,0.999893,OBSOLETO,1
142771744,VIGENTE,0,0.095092,0.601213,0.303695,0.095092,VIGENTE,1
v1|227415120461|0,OBSOLETO,2,0.103129,0.039505,0.857366,0.103129,EN_RIESGO,0
,OBSOLETO,2,0.049155,0.007144,0.9437,0.049155,EN_RIESGO,0
v1|177825393127|0,VIGENTE,0,0.000691,0.998888,0.000421,0.000691,VIGENTE,1
B07MMD4DDJ,OBSOLETO,2,0.006596,0.001878,0.991526,0.006596,EN_RIESGO,0
149260185,OBSOLETO,2,0.332289,0.054681,0.61303,0.332289,EN_RIESGO,0
3256805378525744,OBSOLETO,2,0.654397,0.051048,0.294555,0.654397,OBSOLETO,1
v1|227415119277|0,OBSOLETO,2,0.805429,0.079702,0.114869,0.805429,OBSOLETO,1
00003548027,EN_RIESGO,1,0.02776,0.011753,0.960487,0.02776,EN_RIESGO,1
154799360,VIGENTE,0,0.00375,0.993763,0.002488,0.00375,VIGENTE,1
3256809857855646,OBSOLETO,2,0.999986,1e-05,4e-06,0.999986,OBSOLETO,1
153738968,EN_RIESGO,1,0.921599,0.038848,0.039553,0.921599,OBSOLETO,0
152083512,VIGENTE,0,0.019076,0.969115,0.01181,0.019076,VIGENTE,1
v1|336575655759|0,VIGENTE,0,0.007081,0.987673,0.005246,0.007081,VIGENTE,1
v1|227305920913|0,EN_RIESGO,1,0.031117,0.025317,0.943566,0.031117,EN_RIESGO,1
,OBSOLETO,2,0.007998,0.00026,0.991742,0.007998,EN_RIESGO,0
v1|376008840630|0,VIGENTE,0,0.001373,0.997708,0.000919,0.001373,VIGENTE,1
153728388,VIGENTE,0,9.5e-05,0.999848,5.8e-05,9.5e-05,VIGENTE,1
152455121,VIGENTE,0,0.002977,0.995949,0.001074,0.002977,VIGENTE,1
126885310,EN_RIESGO,1,0.520046,0.218306,0.261648,0.520046,OBSOLETO,0
144589080,OBSOLETO,2,0.976992,0.011586,0.011422,0.976992,OBSOLETO,1
v1|157702677214|0,VIGENTE,0,0.051805,0.922951,0.025244,0.051805,VIGENTE,1
148258384,EN_RIESGO,1,0.420669,0.292188,0.287143,0.420669,OBSOLETO,0
152004771,VIGENTE,0,0.000835,0.99856,0.000605,0.000835,VIGENTE,1
149192948,OBSOLETO,2,0.999944,3.9e-05,1.8e-05,0.999944,OBSOLETO,1
3256808382074395,OBSOLETO,2,0.997951,0.001328,0.00072,0.997951,OBSOLETO,1
v1|137456478446|0,OBSOLETO,2,0.084676,0.034701,0.880623,0.084676,EN_RIESGO,0
B0DBR6TRZQ,EN_RIESGO,1,0.900966,0.083489,0.015545,0.900966,OBSOLETO,0
v1|227415119277|0,OBSOLETO,2,0.805429,0.079702,0.114869,0.805429,OBSOLETO,1
154329482,VIGENTE,0,0.179232,0.817134,0.003634,0.179232,VIGENTE,1
v1|236935695707|0,VIGENTE,0,0.065329,0.893729,0.040942,0.065329,VIGENTE,1
v1|188520561521|0,VIGENTE,0,0.001383,0.997475,0.001142,0.001383,VIGENTE,1
117807796,EN_RIESGO,1,0.282423,0.324099,0.393478,0.282423,EN_RIESGO,1
B0DM1R7KHZ,EN_RIESGO,1,0.150334,0.12835,0.721315,0.150334,EN_RIESGO,1
20001240954,OBSOLETO,2,0.999999,1e-06,0.0,0.999999,OBSOLETO,1
B0DC1WB2RM,EN_RIESGO,1,0.037778,0.026343,0.93588,0.037778,EN_RIESGO,1
125571039,OBSOLETO,2,0.279939,0.60918,0.110881,0.279939,VIGENTE,0
,OBSOLETO,2,0.868999,0.03293,0.098071,0.868999,OBSOLETO,1
v1|387804840014|0,VIGENTE,0,0.001365,0.997695,0.00094,0.001365,VIGENTE,1
v1|267720775425|0,OBSOLETO,2,0.043705,0.017633,0.938662,0.043705,EN_RIESGO,0
149114449,EN_RIESGO,1,0.015599,0.005406,0.978995,0.015599,EN_RIESGO,1
155252517,VIGENTE,0,0.001151,0.998247,0.000602,0.001151,VIGENTE,1
152479361,EN_RIESGO,1,0.997711,0.001413,0.000876,0.997711,OBSOLETO,0
v1|318609211069|0,OBSOLETO,2,0.135589,0.072561,0.79185,0.135589,EN_RIESGO,0
153005531,EN_RIESGO,1,0.150306,0.106833,0.742861,0.150306,EN_RIESGO,1
155252274,VIGENTE,0,0.017332,0.972923,0.009745,0.017332,VIGENTE,1
,EN_RIESGO,1,0.679678,0.137383,0.18294,0.679678,OBSOLETO,0
B0GYS86T2W,VIGENTE,0,0.00343,0.993757,0.002813,0.00343,VIGENTE,1
149119996,VIGENTE,0,0.011278,0.979244,0.009479,0.011278,VIGENTE,1
151213087,OBSOLETO,2,0.997518,0.001283,0.001199,0.997518,OBSOLETO,1
B07Q11QQCM,OBSOLETO,2,0.049721,0.031168,0.91911,0.049721,EN_RIESGO,0
,EN_RIESGO,1,0.026721,0.008653,0.964626,0.026721,EN_RIESGO,1
,EN_RIESGO,1,0.024662,0.003049,0.972289,0.024662,EN_RIESGO,1
115599526,OBSOLETO,2,0.015467,0.002625,0.981908,0.015467,EN_RIESGO,0
v1|204708136301|505336697165,OBSOLETO,2,0.023447,0.002716,0.973837,0.023447,EN_RIESGO,0
20001338304,VIGENTE,0,0.010298,0.983811,0.005892,0.010298,VIGENTE,1
20001263121,OBSOLETO,2,0.998321,0.001117,0.000562,0.998321,OBSOLETO,1
151841750,VIGENTE,0,0.004597,0.992474,0.00293,0.004597,VIGENTE,1
v1|147391813052|0,OBSOLETO,2,0.020376,0.007399,0.972225,0.020376,EN_RIESGO,0
v1|147337431547|0,VIGENTE,0,0.006913,0.989517,0.00357,0.006913,VIGENTE,1
150514047,OBSOLETO,2,0.999937,4.3e-05,2e-05,0.999937,OBSOLETO,1
152453614,VIGENTE,0,0.00663,0.989828,0.003542,0.00663,VIGENTE,1
20001535041,OBSOLETO,2,0.994195,0.003833,0.001973,0.994195,OBSOLETO,1
133624219,EN_RIESGO,1,0.025562,0.016191,0.958248,0.025562,EN_RIESGO,1
3256812157029530,OBSOLETO,2,0.944922,0.032351,0.022727,0.944922,OBSOLETO,1
152398846,EN_RIESGO,1,0.263096,0.593874,0.143029,0.263096,VIGENTE,0
v1|407036301970|0,EN_RIESGO,1,0.087232,0.079425,0.833343,0.087232,EN_RIESGO,1
,EN_RIESGO,1,0.988966,0.006721,0.004314,0.988966,OBSOLETO,0
139848444,OBSOLETO,2,0.993934,0.00387,0.002195,0.993934,OBSOLETO,1
B0BR8SGYXP,EN_RIESGO,1,0.014522,0.008401,0.977077,0.014522,EN_RIESGO,1
152004727,VIGENTE,0,0.000943,0.998386,0.00067,0.000943,VIGENTE,1
B0CX1GPFW4,EN_RIESGO,1,0.003146,0.001193,0.995661,0.003146,EN_RIESGO,1
v1|227115455096|0,VIGENTE,0,0.002482,0.99462,0.002898,0.002482,VIGENTE,1
v1|278145480439|0,VIGENTE,0,0.011545,0.981164,0.007291,0.011545,VIGENTE,1
144617675,VIGENTE,0,0.024306,0.94501,0.030683,0.024306,VIGENTE,1
v1|224404817504|523189980862,OBSOLETO,2,0.022777,0.007455,0.969769,0.022777,EN_RIESGO,0
,OBSOLETO,2,0.995487,0.002542,0.00197,0.995487,OBSOLETO,1
139844462,OBSOLETO,2,0.927978,0.040137,0.031885,0.927978,OBSOLETO,1
v1|137456478446|0,OBSOLETO,2,0.084676,0.034701,0.880623,0.084676,EN_RIESGO,0
121726707,OBSOLETO,2,0.993657,0.004022,0.002321,0.993657,OBSOLETO,1
3256803529319274,OBSOLETO,2,0.889533,0.053297,0.05717,0.889533,OBSOLETO,1
v1|137456478446|0,OBSOLETO,2,0.015656,0.004051,0.980293,0.015656,EN_RIESGO,0
154886787,VIGENTE,0,0.000974,0.998393,0.000632,0.000974,VIGENTE,1
v1|327220238511|0,VIGENTE,0,0.023757,0.961484,0.014759,0.023757,VIGENTE,1
20001240925,OBSOLETO,2,0.999994,4e-06,1e-06,0.999994,OBSOLETO,1
B0BZJHXCCH,EN_RIESGO,1,0.999134,0.00055,0.000317,0.999134,OBSOLETO,0
v1|284338406755|0,OBSOLETO,2,0.911312,0.046123,0.042565,0.911312,OBSOLETO,1
3256811649255240,EN_RIESGO,1,0.098782,0.301015,0.600203,0.098782,EN_RIESGO,1
,EN_RIESGO,1,0.019394,0.011566,0.96904,0.019394,EN_RIESGO,1
v1|206388669759|0,EN_RIESGO,1,0.009553,0.007815,0.982632,0.009553,EN_RIESGO,1
,OBSOLETO,2,0.020376,0.007399,0.972225,0.020376,EN_RIESGO,0
153982632,OBSOLETO,2,0.999509,0.000307,0.000184,0.999509,OBSOLETO,1
152558500,EN_RIESGO,1,0.186013,0.77362,0.040367,0.186013,VIGENTE,0
152843254,VIGENTE,0,0.010044,0.982017,0.007939,0.010044,VIGENTE,1
B0FBBSZPFK,EN_RIESGO,1,0.713583,0.209652,0.076765,0.713583,OBSOLETO,0
152101681,EN_RIESGO,1,0.929051,0.037084,0.033865,0.929051,OBSOLETO,0
B07MMD4DDJ,OBSOLETO,2,0.015542,0.006196,0.978262,0.015542,EN_RIESGO,0
139183082,OBSOLETO,2,0.562877,0.377806,0.059317,0.562877,OBSOLETO,1
,OBSOLETO,2,0.013929,0.000399,0.985673,0.013929,EN_RIESGO,0
153226150,VIGENTE,0,0.015931,0.967586,0.016483,0.015931,VIGENTE,1
v1|117134497063|0,VIGENTE,0,0.030546,0.940181,0.029273,0.030546,VIGENTE,1
154798944,VIGENTE,0,0.000266,0.999604,0.00013,0.000266,VIGENTE,1
v1|147278247961|0,VIGENTE,0,0.001697,0.996991,0.001311,0.001697,VIGENTE,1
152177318,OBSOLETO,2,0.995263,0.002125,0.002612,0.995263,OBSOLETO,1
v1|178307602942|0,VIGENTE,0,0.085945,0.830302,0.083753,0.085945,VIGENTE,1
v1|227415119277|0,OBSOLETO,2,0.805429,0.079702,0.114869,0.805429,OBSOLETO,1
124228803,OBSOLETO,2,0.690574,0.286339,0.023087,0.690574,OBSOLETO,1
,OBSOLETO,2,0.00903,0.000324,0.990647,0.00903,EN_RIESGO,0
152189967,VIGENTE,0,0.057264,0.833337,0.109398,0.057264,VIGENTE,1
153225765,VIGENTE,0,0.015322,0.964111,0.020567,0.015322,VIGENTE,1
152189903,VIGENTE,0,0.003094,0.995015,0.001891,0.003094,VIGENTE,1
20001288828,OBSOLETO,2,0.922349,0.045941,0.03171,0.922349,OBSOLETO,1
v1|117072364439|0,VIGENTE,0,0.00947,0.984373,0.006157,0.00947,VIGENTE,1
v1|236897055366|0,VIGENTE,0,0.004136,0.992522,0.003342,0.004136,VIGENTE,1
v1|206379816723|0,EN_RIESGO,1,0.054042,0.049358,0.8966,0.054042,EN_RIESGO,1
144589080,OBSOLETO,2,0.976992,0.011586,0.011422,0.976992,OBSOLETO,1
B0F18WJSX8,EN_RIESGO,1,0.201142,0.663137,0.135721,0.201142,VIGENTE,0
v1|168250169745|0,VIGENTE,0,0.014258,0.977083,0.008659,0.014258,VIGENTE,1
,OBSOLETO,2,0.849432,0.049218,0.10135,0.849432,OBSOLETO,1
151512444,EN_RIESGO,1,0.961408,0.020994,0.017599,0.961408,OBSOLETO,0
,EN_RIESGO,1,0.01637,0.004108,0.979522,0.01637,EN_RIESGO,1
B0BNQ2JZQJ,EN_RIESGO,1,0.030592,0.948361,0.021047,0.030592,VIGENTE,0
v1|178294298497|0,VIGENTE,0,0.093268,0.776585,0.130146,0.093268,VIGENTE,1
,OBSOLETO,2,0.993227,0.003903,0.00287,0.993227,OBSOLETO,1
155298964,EN_RIESGO,1,0.999311,0.000438,0.000251,0.999311,OBSOLETO,0
152295061,OBSOLETO,2,0.999991,7e-06,3e-06,0.999991,OBSOLETO,1
v1|236910409876|0,VIGENTE,0,0.023561,0.957888,0.018551,0.023561,VIGENTE,1
B0C69PNNB8,EN_RIESGO,1,0.60321,0.162014,0.234776,0.60321,OBSOLETO,0
138693751,EN_RIESGO,1,0.999089,0.000586,0.000325,0.999089,OBSOLETO,0
3256807147287441,OBSOLETO,2,0.978185,0.008575,0.01324,0.978185,OBSOLETO,1
,EN_RIESGO,1,0.989321,0.006755,0.003924,0.989321,OBSOLETO,0
155403221,VIGENTE,0,0.006352,0.987677,0.005971,0.006352,VIGENTE,1
B0B55SWRCY,EN_RIESGO,1,0.99349,0.004482,0.002028,0.99349,OBSOLETO,0
v1|157832079765|0,OBSOLETO,2,0.72505,0.090633,0.184317,0.72505,OBSOLETO,1
152083512,VIGENTE,0,0.009231,0.984153,0.006615,0.009231,VIGENTE,1
B0CDF6GYM1,EN_RIESGO,1,0.006836,0.001719,0.991445,0.006836,EN_RIESGO,1
151760767,VIGENTE,0,0.001438,0.997577,0.000985,0.001438,VIGENTE,1
154326812,VIGENTE,0,0.727104,0.264742,0.008153,0.727104,OBSOLETO,0
154327333,VIGENTE,0,0.030268,0.955683,0.014049,0.030268,VIGENTE,1
v1|407029112530|0,VIGENTE,0,0.003814,0.993824,0.002362,0.003814,VIGENTE,1
,OBSOLETO,2,0.944323,0.034536,0.021142,0.944323,OBSOLETO,1
148635380,VIGENTE,0,0.119297,0.797858,0.082844,0.119297,VIGENTE,1
155554619,EN_RIESGO,1,0.978761,0.013611,0.007627,0.978761,OBSOLETO,0
3256808369834057,EN_RIESGO,1,0.000884,7.6e-05,0.999041,0.000884,EN_RIESGO,1
152453614,VIGENTE,0,0.026888,0.96547,0.007642,0.026888,VIGENTE,1
B0GJD391BP,EN_RIESGO,1,0.073106,0.277074,0.64982,0.073106,EN_RIESGO,1
151131220,VIGENTE,0,0.247844,0.71915,0.033006,0.247844,VIGENTE,1
v1|298468104456|0,VIGENTE,0,0.002084,0.995946,0.00197,0.002084,VIGENTE,1
147515856,OBSOLETO,2,0.999987,7e-06,6e-06,0.999987,OBSOLETO,1
152948780,OBSOLETO,2,0.371022,0.200513,0.428464,0.371022,EN_RIESGO,0
v1|153469962880|453428440428,OBSOLETO,2,0.012382,0.003495,0.984123,0.012382,EN_RIESGO,0
153002035,EN_RIESGO,1,0.821138,0.152175,0.026687,0.821138,OBSOLETO,0
v1|287365663073|0,VIGENTE,0,0.036194,0.045602,0.918204,0.036194,EN_RIESGO,0
153376002,EN_RIESGO,1,0.972378,0.019182,0.008441,0.972378,OBSOLETO,0
v1|127831476599|0,OBSOLETO,2,0.067866,0.039736,0.892398,0.067866,EN_RIESGO,0
3256809926944141,OBSOLETO,2,0.999332,0.000304,0.000365,0.999332,OBSOLETO,1
154602481,EN_RIESGO,1,0.38715,0.298157,0.314693,0.38715,OBSOLETO,0
20000852354,VIGENTE,0,0.054328,0.23564,0.710032,0.054328,EN_RIESGO,0
155395008,OBSOLETO,2,0.200443,0.68942,0.110137,0.200443,VIGENTE,0
154327413,VIGENTE,0,0.003594,0.994079,0.002327,0.003594,VIGENTE,1
,OBSOLETO,2,0.99745,0.001512,0.001038,0.99745,OBSOLETO,1
154124000,VIGENTE,0,0.008288,0.987645,0.004067,0.008288,VIGENTE,1
3256806280827989,OBSOLETO,2,0.960329,0.012721,0.02695,0.960329,OBSOLETO,1
152910979,EN_RIESGO,1,0.14021,0.114489,0.745301,0.14021,EN_RIESGO,1
151367896,EN_RIESGO,1,0.471202,0.154393,0.374404,0.471202,OBSOLETO,0
v1|386205694347|0,EN_RIESGO,1,0.004382,0.000665,0.994953,0.004382,EN_RIESGO,1
B0DJRLXTMV,VIGENTE,0,0.002423,0.996209,0.001368,0.002423,VIGENTE,1
3256812188458726,OBSOLETO,2,0.014204,0.009866,0.975929,0.014204,EN_RIESGO,0
B0G4SN72F6,VIGENTE,0,0.001969,0.996537,0.001494,0.001969,VIGENTE,1
,EN_RIESGO,1,0.005614,0.000585,0.993801,0.005614,EN_RIESGO,1
v1|116646826316|0,EN_RIESGO,1,0.014951,0.001765,0.983284,0.014951,EN_RIESGO,1
144742549,EN_RIESGO,1,0.013627,0.012116,0.974256,0.013627,EN_RIESGO,1
B07MMD4DDJ,OBSOLETO,2,0.015542,0.006196,0.978262,0.015542,EN_RIESGO,0
v1|166519289893|0,EN_RIESGO,1,0.003929,0.000686,0.995385,0.003929,EN_RIESGO,1
144742537,EN_RIESGO,1,0.013627,0.012116,0.974256,0.013627,EN_RIESGO,1
v1|178207103364|0,EN_RIESGO,1,0.019835,0.01586,0.964305,0.019835,EN_RIESGO,1
3256806824156527,EN_RIESGO,1,0.053622,0.030223,0.916155,0.053622,EN_RIESGO,1
155252764,EN_RIESGO,1,0.037081,0.039131,0.923788,0.037081,EN_RIESGO,1
150733159,OBSOLETO,2,0.999832,0.000113,5.5e-05,0.999832,OBSOLETO,1
152676132,VIGENTE,0,0.001508,0.997469,0.001023,0.001508,VIGENTE,1
v1|317293118602|0,EN_RIESGO,1,0.01637,0.004108,0.979522,0.01637,EN_RIESGO,1
154327944,VIGENTE,0,0.001591,0.997404,0.001005,0.001591,VIGENTE,1
B0H6CYFWFW,VIGENTE,0,0.037155,0.93786,0.024985,0.037155,VIGENTE,1
117047139,EN_RIESGO,1,0.46067,0.177734,0.361596,0.46067,OBSOLETO,0
v1|298423101922|0,VIGENTE,0,0.001056,0.99776,0.001183,0.001056,VIGENTE,1
155201462,OBSOLETO,2,0.998489,0.000831,0.00068,0.998489,OBSOLETO,1
B0H5NQSCXK,EN_RIESGO,1,0.037993,0.032164,0.929843,0.037993,EN_RIESGO,1
v1|397000156754|0,EN_RIESGO,1,0.012572,0.002373,0.985054,0.012572,EN_RIESGO,1
v1|206301331374|0,EN_RIESGO,1,0.005188,0.000961,0.993851,0.005188,EN_RIESGO,1
129913875,EN_RIESGO,1,0.010703,0.005466,0.983832,0.010703,EN_RIESGO,1
B0GTT2ZXZV,VIGENTE,0,0.000655,0.999006,0.000339,0.000655,VIGENTE,1
,OBSOLETO,2,0.11646,0.01651,0.86703,0.11646,EN_RIESGO,0
,EN_RIESGO,1,0.014951,0.001765,0.983284,0.014951,EN_RIESGO,1
B0GTTLKF38,VIGENTE,0,0.000831,0.998522,0.000647,0.000831,VIGENTE,1
v1|188605632654|0,EN_RIESGO,1,0.002124,0.00099,0.996886,0.002124,EN_RIESGO,1
,OBSOLETO,2,0.61055,0.249517,0.139934,0.61055,OBSOLETO,1
v1|358706337454|0,VIGENTE,0,0.001235,0.997809,0.000956,0.001235,VIGENTE,1
123404884,OBSOLETO,2,0.58371,0.201486,0.214804,0.58371,OBSOLETO,1
154799360,VIGENTE,0,0.003709,0.994033,0.002257,0.003709,VIGENTE,1
,EN_RIESGO,1,0.001228,0.000113,0.998659,0.001228,EN_RIESGO,1
v1|267676001869|0,VIGENTE,0,0.002327,0.995701,0.001972,0.002327,VIGENTE,1
,OBSOLETO,2,0.071885,0.020077,0.908038,0.071885,EN_RIESGO,0
137725890,OBSOLETO,2,0.995676,0.002509,0.001815,0.995676,OBSOLETO,1
B0DM4BRSV5,EN_RIESGO,1,0.038879,0.027125,0.933996,0.038879,EN_RIESGO,1
20001518620,OBSOLETO,2,0.962135,0.023209,0.014656,0.962135,OBSOLETO,1
152116478,VIGENTE,0,0.011278,0.979244,0.009479,0.011278,VIGENTE,1
132843220,EN_RIESGO,1,0.285816,0.036179,0.678005,0.285816,EN_RIESGO,1
B0C36YQCX8,EN_RIESGO,1,0.82673,0.137995,0.035275,0.82673,OBSOLETO,0
141496922,OBSOLETO,2,0.999999,1e-06,0.0,0.999999,OBSOLETO,1
B0B55SWRCY,EN_RIESGO,1,0.99349,0.004482,0.002028,0.99349,OBSOLETO,0
v1|397962820633|0,VIGENTE,0,0.002647,0.994866,0.002487,0.002647,VIGENTE,1
B0D54QJ9CJ,EN_RIESGO,1,0.002736,0.000871,0.996394,0.002736,EN_RIESGO,1
152726515,OBSOLETO,2,0.654331,0.188216,0.157452,0.654331,OBSOLETO,1
138182836,OBSOLETO,2,0.986143,0.003753,0.010105,0.986143,OBSOLETO,1
v1|298321420643|0,OBSOLETO,2,0.999675,0.000214,0.000111,0.999675,OBSOLETO,1
v1|398158584681|0,OBSOLETO,2,0.030614,0.0047,0.964687,0.030614,EN_RIESGO,0
3256812402437027,OBSOLETO,2,0.987367,0.007799,0.004834,0.987367,OBSOLETO,1
v1|167004388901|0,VIGENTE,0,0.000379,0.99928,0.00034,0.000379,VIGENTE,1
v1|336653181114|0,VIGENTE,0,0.003903,0.993396,0.002702,0.003903,VIGENTE,1
,OBSOLETO,2,0.992676,0.003611,0.003713,0.992676,OBSOLETO,1
v1|254224015967|553615546453,OBSOLETO,2,0.063289,0.034531,0.90218,0.063289,EN_RIESGO,0
152399249,VIGENTE,0,0.000802,0.998627,0.000571,0.000802,VIGENTE,1
3256809953257022,OBSOLETO,2,0.989948,0.006395,0.003657,0.989948,OBSOLETO,1
20001092245,OBSOLETO,2,0.981563,0.011565,0.006873,0.981563,OBSOLETO,1
v1|227415119277|0,OBSOLETO,2,0.805429,0.079702,0.114869,0.805429,OBSOLETO,1
v1|406500809958|0,VIGENTE,0,0.002637,0.993824,0.003539,0.002637,VIGENTE,1
154884303,VIGENTE,0,0.000474,0.999196,0.00033,0.000474,VIGENTE,1
3256812268380504,OBSOLETO,2,0.695898,0.052252,0.25185,0.695898,OBSOLETO,1
,OBSOLETO,2,0.981196,0.011381,0.007424,0.981196,OBSOLETO,1
20000852724,VIGENTE,0,0.002898,0.994713,0.002389,0.002898,VIGENTE,1
152399299,EN_RIESGO,1,0.99218,0.005579,0.002242,0.99218,OBSOLETO,0
151213087,OBSOLETO,2,0.972113,0.010751,0.017135,0.972113,OBSOLETO,1
,OBSOLETO,2,0.023447,0.002716,0.973837,0.023447,EN_RIESGO,0
v1|377218546496|0,VIGENTE,0,0.001806,0.996206,0.001988,0.001806,VIGENTE,1
144296282,VIGENTE,0,0.028293,0.911172,0.060535,0.028293,VIGENTE,1
v1|389946091593|0,EN_RIESGO,1,0.354325,0.0531,0.592575,0.354325,EN_RIESGO,1
v1|398161054567|0,EN_RIESGO,1,0.002362,0.00063,0.997008,0.002362,EN_RIESGO,1
145426203,EN_RIESGO,1,0.005843,0.002849,0.991308,0.005843,EN_RIESGO,1
155551644,OBSOLETO,2,0.097331,0.025299,0.87737,0.097331,EN_RIESGO,0
v1|307046373944|0,VIGENTE,0,0.001338,0.99784,0.000822,0.001338,VIGENTE,1
,EN_RIESGO,1,0.995801,0.002682,0.001517,0.995801,OBSOLETO,0
B0GR21X3PC,VIGENTE,0,0.075739,0.910178,0.014083,0.075739,VIGENTE,1
B0DJRRRQ1V,VIGENTE,0,0.000452,0.999229,0.00032,0.000452,VIGENTE,1
v1|146753130552|445373540695,OBSOLETO,2,0.026632,0.00506,0.968307,0.026632,EN_RIESGO,0
151213087,OBSOLETO,2,0.954113,0.014016,0.031871,0.954113,OBSOLETO,1
v1|167004388201|0,VIGENTE,0,0.000293,0.999442,0.000265,0.000293,VIGENTE,1
144589080,OBSOLETO,2,0.976992,0.011586,0.011422,0.976992,OBSOLETO,1
152455117,VIGENTE,0,0.012873,0.976794,0.010333,0.012873,VIGENTE,1
154943538,EN_RIESGO,1,0.891167,0.058666,0.050168,0.891167,OBSOLETO,0
3256808219970860,OBSOLETO,2,0.999295,0.000458,0.000247,0.999295,OBSOLETO,1
148642657,VIGENTE,0,0.00558,0.98887,0.00555,0.00558,VIGENTE,1
B0D1K859GT,EN_RIESGO,1,0.007396,0.00187,0.990734,0.007396,EN_RIESGO,1
3256804651959310,OBSOLETO,2,0.996714,0.002077,0.00121,0.996714,OBSOLETO,1
,EN_RIESGO,1,0.009924,0.000785,0.98929,0.009924,EN_RIESGO,1
v1|317682493852|0,VIGENTE,0,0.023641,0.950861,0.025498,0.023641,VIGENTE,1
v1|226385626354|525615428249,EN_RIESGO,1,0.003612,0.000937,0.995451,0.003612,EN_RIESGO,1
155269107,VIGENTE,0,0.005893,0.989969,0.004138,0.005893,VIGENTE,1
v1|117028583027|0,EN_RIESGO,1,0.004483,0.000784,0.994733,0.004483,EN_RIESGO,1
141105867,EN_RIESGO,1,0.954659,0.026679,0.018662,0.954659,OBSOLETO,0
152914020,EN_RIESGO,1,0.197901,0.140716,0.661383,0.197901,EN_RIESGO,1
v1|336668121467|0,VIGENTE,0,0.105879,0.154853,0.739268,0.105879,EN_RIESGO,0
3256807891049213,OBSOLETO,2,0.997931,0.000601,0.001468,0.997931,OBSOLETO,1
B081Z6TL4B,OBSOLETO,2,0.050741,0.913247,0.036012,0.050741,VIGENTE,0
148597744,VIGENTE,0,0.695426,0.295681,0.008893,0.695426,OBSOLETO,0
154677500,VIGENTE,0,0.000803,0.998883,0.000314,0.000803,VIGENTE,1
155000915,VIGENTE,0,0.006294,0.989509,0.004197,0.006294,VIGENTE,1
154327401,VIGENTE,0,0.003775,0.993707,0.002518,0.003775,VIGENTE,1
v1|206363946527|0,EN_RIESGO,1,0.004613,0.000266,0.995121,0.004613,EN_RIESGO,1
152151091,OBSOLETO,2,0.979885,0.012598,0.007517,0.979885,OBSOLETO,1
v1|153469962880|453428440428,OBSOLETO,2,0.02298,0.007195,0.969824,0.02298,EN_RIESGO,0
151474298,EN_RIESGO,1,0.103413,0.064139,0.832448,0.103413,EN_RIESGO,1
153225450,VIGENTE,0,0.001639,0.99672,0.001641,0.001639,VIGENTE,1
v1|377077570755|0,EN_RIESGO,1,0.003513,0.001471,0.995016,0.003513,EN_RIESGO,1
,EN_RIESGO,1,0.011476,0.003451,0.985073,0.011476,EN_RIESGO,1
v1|168506476730|0,VIGENTE,0,0.00087,0.998472,0.000658,0.00087,VIGENTE,1
,OBSOLETO,2,0.998728,0.000734,0.000539,0.998728,OBSOLETO,1
152452909,VIGENTE,0,0.339121,0.634981,0.025898,0.339121,VIGENTE,1
149258710,OBSOLETO,2,0.059806,0.018585,0.921609,0.059806,EN_RIESGO,0
v1|227415119277|0,OBSOLETO,2,0.805429,0.079702,0.114869,0.805429,OBSOLETO,1
v1|146753130552|445373540695,OBSOLETO,2,0.036527,0.006214,0.957259,0.036527,EN_RIESGO,0
v1|397833127346|0,OBSOLETO,2,0.757669,0.073106,0.169224,0.757669,OBSOLETO,1
152004567,VIGENTE,0,0.000505,0.999126,0.000369,0.000505,VIGENTE,1
20001263664,OBSOLETO,2,0.99887,0.000754,0.000376,0.99887,OBSOLETO,1
3256810333651790,EN_RIESGO,1,0.055545,0.045341,0.899113,0.055545,EN_RIESGO,1
B0H1VBF3FV,EN_RIESGO,1,0.053415,0.028107,0.918478,0.053415,EN_RIESGO,1
153225450,VIGENTE,0,0.002828,0.994283,0.00289,0.002828,VIGENTE,1
B0DM23JKXC,EN_RIESGO,1,0.370168,0.298421,0.331411,0.370168,OBSOLETO,0
151474298,EN_RIESGO,1,0.225738,0.174149,0.600113,0.225738,EN_RIESGO,1
3256808061724104,OBSOLETO,2,0.999331,0.000422,0.000247,0.999331,OBSOLETO,1
B0BR7PJGQY,EN_RIESGO,1,0.994205,0.003668,0.002127,0.994205,OBSOLETO,0
v1|358615569433|0,EN_RIESGO,1,0.008679,0.000886,0.990435,0.008679,EN_RIESGO,1
151592708,EN_RIESGO,1,0.973323,0.020272,0.006405,0.973323,OBSOLETO,0
B07MMD4DDJ,OBSOLETO,2,0.015495,0.00575,0.978756,0.015495,EN_RIESGO,0
v1|167656974527|0,OBSOLETO,2,0.930088,0.005726,0.064187,0.930088,OBSOLETO,1
117047082,EN_RIESGO,1,0.497163,0.189937,0.3129,0.497163,OBSOLETO,0
,OBSOLETO,2,0.966288,0.012291,0.021421,0.966288,OBSOLETO,1
B0GMLFQ7NB,VIGENTE,0,0.001533,0.99731,0.001157,0.001533,VIGENTE,1
138177606,OBSOLETO,2,0.998577,0.000744,0.000679,0.998577,OBSOLETO,1
B07MMD4DDJ,OBSOLETO,2,0.015495,0.00575,0.978756,0.015495,EN_RIESGO,0
153151149,EN_RIESGO,1,0.309532,0.590268,0.1002,0.309532,VIGENTE,0
151996329,VIGENTE,0,0.000146,0.999754,0.000101,0.000146,VIGENTE,1
154329523,VIGENTE,0,0.00418,0.995191,0.000629,0.00418,VIGENTE,1
,EN_RIESGO,1,0.019835,0.01586,0.964305,0.019835,EN_RIESGO,1
v1|306249453464|0,EN_RIESGO,1,0.01082,0.000444,0.988736,0.01082,EN_RIESGO,1
v1|136318517492|0,EN_RIESGO,1,0.002102,6.6e-05,0.997832,0.002102,EN_RIESGO,1
149657602,OBSOLETO,2,0.999974,1.9e-05,8e-06,0.999974,OBSOLETO,1
152098716,OBSOLETO,2,0.992533,0.003237,0.004229,0.992533,OBSOLETO,1
,EN_RIESGO,1,0.000598,3.8e-05,0.999364,0.000598,EN_RIESGO,1
151151231,VIGENTE,0,0.03622,0.935585,0.028194,0.03622,VIGENTE,1
152138812,OBSOLETO,2,0.789109,0.015496,0.195394,0.789109,OBSOLETO,1
v1|287345551870|0,VIGENTE,0,0.120797,0.841051,0.038153,0.120797,VIGENTE,1
B0D13NGWBB,EN_RIESGO,1,0.001931,0.000389,0.99768,0.001931,EN_RIESGO,1
151760528,VIGENTE,0,0.003049,0.994903,0.002048,0.003049,VIGENTE,1
v1|405465954818|0,EN_RIESGO,1,0.005369,0.000855,0.993776,0.005369,EN_RIESGO,1
152083445,EN_RIESGO,1,0.088923,0.064598,0.846479,0.088923,EN_RIESGO,1
153226223,VIGENTE,0,0.001944,0.996377,0.001679,0.001944,VIGENTE,1
20001290885,OBSOLETO,2,0.99154,0.005327,0.003133,0.99154,OBSOLETO,1
B0H3WKFJ3F,VIGENTE,0,0.008624,0.984304,0.007072,0.008624,VIGENTE,1
154327535,VIGENTE,0,0.012319,0.980428,0.007253,0.012319,VIGENTE,1
126885164,EN_RIESGO,1,0.10874,0.054991,0.836269,0.10874,EN_RIESGO,1
B0F43F9ZKP,EN_RIESGO,1,0.803338,0.12353,0.073132,0.803338,OBSOLETO,0
v1|188612962740|0,VIGENTE,0,0.062005,0.89081,0.047185,0.062005,VIGENTE,1
v1|407013454112|0,VIGENTE,0,0.060577,0.914331,0.025092,0.060577,VIGENTE,1
v1|168525752385|0,EN_RIESGO,1,0.018266,0.007577,0.974157,0.018266,EN_RIESGO,1
,OBSOLETO,2,0.978266,0.01318,0.008554,0.978266,OBSOLETO,1
B07W44JS1H,OBSOLETO,2,0.083538,0.014654,0.901808,0.083538,EN_RIESGO,0
B0DK3DF3F2,EN_RIESGO,1,0.065534,0.014371,0.920095,0.065534,EN_RIESGO,1
144742494,EN_RIESGO,1,0.023811,0.021434,0.954755,0.023811,EN_RIESGO,1
B0F15TM77B,VIGENTE,0,0.147843,0.648645,0.203512,0.147843,VIGENTE,1
155621312,VIGENTE,0,0.003568,0.99371,0.002722,0.003568,VIGENTE,1
151367960,EN_RIESGO,1,0.139379,0.091417,0.769204,0.139379,EN_RIESGO,1
v1|257547145949|0,VIGENTE,0,0.003176,0.994656,0.002168,0.003176,VIGENTE,1
144589080,OBSOLETO,2,0.98603,0.007008,0.006962,0.98603,OBSOLETO,1
v1|306438353997|0,OBSOLETO,2,0.718449,0.078628,0.202924,0.718449,OBSOLETO,1
152078820,EN_RIESGO,1,0.31063,0.214222,0.475148,0.31063,EN_RIESGO,1
,OBSOLETO,2,0.999749,0.000174,7.7e-05,0.999749,OBSOLETO,1
153982632,OBSOLETO,2,0.999586,0.000253,0.000162,0.999586,OBSOLETO,1
,EN_RIESGO,1,0.141973,0.071577,0.78645,0.141973,EN_RIESGO,1
152083482,VIGENTE,0,0.095346,0.855251,0.049404,0.095346,VIGENTE,1
152914020,EN_RIESGO,1,0.86063,0.073473,0.065897,0.86063,OBSOLETO,0
140685392,OBSOLETO,2,0.998715,0.000557,0.000728,0.998715,OBSOLETO,1
152455229,VIGENTE,0,0.023267,0.9559,0.020833,0.023267,VIGENTE,1
,OBSOLETO,2,0.963373,0.014549,0.022078,0.963373,OBSOLETO,1
v1|205669948428|0,OBSOLETO,2,0.995954,0.002504,0.001543,0.995954,OBSOLETO,1
,OBSOLETO,2,0.99825,0.000794,0.000956,0.99825,OBSOLETO,1
150488957,OBSOLETO,2,0.999986,1e-05,4e-06,0.999986,OBSOLETO,1
B0DTY976K3,EN_RIESGO,1,0.926789,0.04084,0.032371,0.926789,OBSOLETO,0
v1|358141752550|0,EN_RIESGO,1,0.011476,0.003451,0.985073,0.011476,EN_RIESGO,1
153982632,OBSOLETO,2,0.998618,0.000844,0.000537,0.998618,OBSOLETO,1
153226258,VIGENTE,0,0.001944,0.996377,0.001679,0.001944,VIGENTE,1
155118846,EN_RIESGO,1,0.378364,0.503724,0.117912,0.378364,VIGENTE,0
151847630,EN_RIESGO,1,0.166712,0.131615,0.701673,0.166712,EN_RIESGO,1
v1|254219753793|553607618438,OBSOLETO,2,0.011113,0.002362,0.986524,0.011113,EN_RIESGO,0
v1|205763763400|0,VIGENTE,0,0.000114,0.999791,9.4e-05,0.000114,VIGENTE,1
B0F43F9ZKP,EN_RIESGO,1,0.762335,0.126459,0.111206,0.762335,OBSOLETO,0
147491767,OBSOLETO,2,0.86328,0.08983,0.046891,0.86328,OBSOLETO,1
149150026,OBSOLETO,2,0.998879,0.000728,0.000394,0.998879,OBSOLETO,1
152491285,EN_RIESGO,1,0.995468,0.002591,0.001941,0.995468,OBSOLETO,0
B0DXK2M53G,EN_RIESGO,1,0.804495,0.127313,0.068192,0.804495,OBSOLETO,0
148588634,VIGENTE,0,0.00087,0.998525,0.000605,0.00087,VIGENTE,1
,OBSOLETO,2,0.999816,0.00012,6.3e-05,0.999816,OBSOLETO,1
154327401,VIGENTE,0,0.044323,0.934885,0.020792,0.044323,VIGENTE,1
152189334,VIGENTE,0,0.02851,0.963474,0.008015,0.02851,VIGENTE,1
3256808679900342,EN_RIESGO,1,0.017845,0.005837,0.976318,0.017845,EN_RIESGO,1
154595215,VIGENTE,0,0.107584,0.804661,0.087754,0.107584,VIGENTE,1
v1|397833127346|0,OBSOLETO,2,0.757669,0.073106,0.169224,0.757669,OBSOLETO,1
154884303,VIGENTE,0,0.000271,0.999565,0.000164,0.000271,VIGENTE,1
v1|127859314624|0,EN_RIESGO,1,0.001077,0.000167,0.998756,0.001077,EN_RIESGO,1
B0FBBSZPFK,EN_RIESGO,1,0.713583,0.209652,0.076765,0.713583,OBSOLETO,0
151151231,VIGENTE,0,0.020108,0.964678,0.015214,0.020108,VIGENTE,1
v1|254224015967|553615546453,OBSOLETO,2,0.063289,0.034531,0.90218,0.063289,EN_RIESGO,0
152452907,VIGENTE,0,0.013392,0.975747,0.010861,0.013392,VIGENTE,1
B0DJQRM92S,EN_RIESGO,1,0.09644,0.860127,0.043433,0.09644,VIGENTE,0
B0C31R43FT,EN_RIESGO,1,0.022508,0.015657,0.961835,0.022508,EN_RIESGO,1
152399299,EN_RIESGO,1,0.987508,0.008014,0.004478,0.987508,OBSOLETO,0
151847634,VIGENTE,0,0.006909,0.988433,0.004658,0.006909,VIGENTE,1
148642681,VIGENTE,0,0.082832,0.889079,0.028089,0.082832,VIGENTE,1
B07598VZR8,OBSOLETO,2,0.924438,0.043709,0.031853,0.924438,OBSOLETO,1
v1|376704567287|0,EN_RIESGO,1,0.001228,0.000113,0.998659,0.001228,EN_RIESGO,1
v1|285220246804|0,EN_RIESGO,1,0.010734,0.005064,0.984202,0.010734,EN_RIESGO,1
,OBSOLETO,2,0.142631,0.74007,0.117298,0.142631,VIGENTE,0
B0FYXSJ34Y,EN_RIESGO,1,0.001246,0.000159,0.998595,0.001246,EN_RIESGO,1
152116194,VIGENTE,0,0.000545,0.999077,0.000377,0.000545,VIGENTE,1
154540053,EN_RIESGO,1,0.090431,0.060663,0.848906,0.090431,EN_RIESGO,1
155126856,VIGENTE,0,0.000859,0.998573,0.000568,0.000859,VIGENTE,1
v1|306249453464|0,EN_RIESGO,1,0.01082,0.000444,0.988736,0.01082,EN_RIESGO,1
v1|205669948428|0,OBSOLETO,2,0.995954,0.002504,0.001543,0.995954,OBSOLETO,1
148262382,EN_RIESGO,1,0.834572,0.096959,0.068468,0.834572,OBSOLETO,0
151474298,EN_RIESGO,1,0.576471,0.187783,0.235746,0.576471,OBSOLETO,0
151213087,OBSOLETO,2,0.995167,0.002293,0.00254,0.995167,OBSOLETO,1
v1|298248080492|0,VIGENTE,0,9.4e-05,0.999841,6.6e-05,9.4e-05,VIGENTE,1
152453614,VIGENTE,0,0.022243,0.973748,0.004009,0.022243,VIGENTE,1
v1|188281908882|0,EN_RIESGO,1,0.003578,0.001048,0.995374,0.003578,EN_RIESGO,1
153225427,VIGENTE,0,0.001639,0.99672,0.001641,0.001639,VIGENTE,1
149119996,VIGENTE,0,0.028702,0.949672,0.021626,0.028702,VIGENTE,1
v1|167656974527|0,OBSOLETO,2,0.999186,0.000435,0.000379,0.999186,OBSOLETO,1
v1|335924206067|0,VIGENTE,0,0.006125,0.986709,0.007166,0.006125,VIGENTE,1
v1|127898871638|0,VIGENTE,0,0.062936,0.858612,0.078452,0.062936,VIGENTE,1
151880501,VIGENTE,0,0.001575,0.997393,0.001032,0.001575,VIGENTE,1
B0FBMB9374,EN_RIESGO,1,0.197464,0.153751,0.648785,0.197464,EN_RIESGO,1
B0C36YQCX8,EN_RIESGO,1,0.82673,0.137995,0.035275,0.82673,OBSOLETO,0
153234210,VIGENTE,0,0.011118,0.982224,0.006658,0.011118,VIGENTE,1
148258384,EN_RIESGO,1,0.176595,0.134864,0.688542,0.176595,EN_RIESGO,1
v1|352657142436|622002625078,OBSOLETO,2,0.073902,0.041949,0.884149,0.073902,EN_RIESGO,0
B07598VZR8,OBSOLETO,2,0.950908,0.028044,0.021048,0.950908,OBSOLETO,1
v1|397833127346|0,OBSOLETO,2,0.757669,0.073106,0.169224,0.757669,OBSOLETO,1
10051504,EN_RIESGO,1,0.941663,0.035481,0.022855,0.941663,OBSOLETO,0
v1|267721296186|0,VIGENTE,0,0.003218,0.993996,0.002786,0.003218,VIGENTE,1
116381189,OBSOLETO,2,0.889856,0.064848,0.045296,0.889856,OBSOLETO,1
153729931,VIGENTE,0,0.021687,0.962637,0.015676,0.021687,VIGENTE,1
155291955,EN_RIESGO,1,0.024021,0.038235,0.937744,0.024021,EN_RIESGO,1
v1|167656974527|0,OBSOLETO,2,0.93198,0.006243,0.061777,0.93198,OBSOLETO,1
v1|397994928701|0,VIGENTE,0,0.000455,0.999236,0.000309,0.000455,VIGENTE,1
v1|287128380449|0,EN_RIESGO,1,0.028195,0.006875,0.96493,0.028195,EN_RIESGO,1
153095586,EN_RIESGO,1,0.047534,0.041919,0.910548,0.047534,EN_RIESGO,1
149438095,OBSOLETO,2,0.102912,0.058643,0.838446,0.102912,EN_RIESGO,0
148635380,VIGENTE,0,0.117644,0.791026,0.09133,0.117644,VIGENTE,1
125571039,OBSOLETO,2,0.529742,0.2256,0.244658,0.529742,OBSOLETO,1
152004751,VIGENTE,0,0.000157,0.999764,8e-05,0.000157,VIGENTE,1
148597093,VIGENTE,0,0.089782,0.853244,0.056974,0.089782,VIGENTE,1
153729311,VIGENTE,0,0.003996,0.993251,0.002753,0.003996,VIGENTE,1
148601816,OBSOLETO,2,0.999929,5e-05,2.2e-05,0.999929,OBSOLETO,1
150477130,OBSOLETO,2,0.999927,5e-05,2.3e-05,0.999927,OBSOLETO,1
v1|336665841622|0,VIGENTE,0,0.144059,0.306226,0.549715,0.144059,EN_RIESGO,0
153228754,OBSOLETO,2,0.999911,6e-05,2.9e-05,0.999911,OBSOLETO,1
v1|335924206067|0,VIGENTE,0,0.006125,0.986709,0.007166,0.006125,VIGENTE,1
152004669,VIGENTE,0,0.000838,0.998591,0.000571,0.000838,VIGENTE,1
153402898,OBSOLETO,2,0.978135,0.011776,0.010089,0.978135,OBSOLETO,1
,OBSOLETO,2,0.995954,0.002504,0.001543,0.995954,OBSOLETO,1
152953987,VIGENTE,0,0.002478,0.996473,0.001049,0.002478,VIGENTE,1
v1|327218848033|0,VIGENTE,0,0.002487,0.995608,0.001906,0.002487,VIGENTE,1
142521384,EN_RIESGO,1,0.013217,0.012744,0.974039,0.013217,EN_RIESGO,1
,EN_RIESGO,1,0.004483,0.000784,0.994733,0.004483,EN_RIESGO,1
B0H5C92HGP,VIGENTE,0,0.009349,0.98449,0.006161,0.009349,VIGENTE,1
152116478,VIGENTE,0,0.003469,0.993752,0.002779,0.003469,VIGENTE,1
149581662,VIGENTE,0,0.00156,0.997519,0.000921,0.00156,VIGENTE,1
B0F33D4PRF,VIGENTE,0,0.000492,0.999176,0.000331,0.000492,VIGENTE,1
v1|224404817504|523189980862,OBSOLETO,2,0.022777,0.007455,0.969769,0.022777,EN_RIESGO,0
v1|387435527996|0,VIGENTE,0,0.001826,0.996247,0.001927,0.001826,VIGENTE,1
,OBSOLETO,2,0.999832,0.000114,5.4e-05,0.999832,OBSOLETO,1
B0F6L8D8KB,EN_RIESGO,1,0.049773,0.020342,0.929885,0.049773,EN_RIESGO,1
155126856,VIGENTE,0,0.000595,0.999011,0.000395,0.000595,VIGENTE,1
B0C36YQCX8,EN_RIESGO,1,0.82673,0.137995,0.035275,0.82673,OBSOLETO,0
B07HHN6KBZ,OBSOLETO,2,0.862893,0.077205,0.059902,0.862893,OBSOLETO,1
152491439,EN_RIESGO,1,0.830039,0.078261,0.0917,0.830039,OBSOLETO,0
20001420062,OBSOLETO,2,0.575715,0.375102,0.049184,0.575715,OBSOLETO,1
152116194,VIGENTE,0,0.000943,0.998356,0.000701,0.000943,VIGENTE,1
152189963,VIGENTE,0,0.079039,0.845022,0.075939,0.079039,VIGENTE,1
148520008,VIGENTE,0,0.002666,0.995213,0.002121,0.002666,VIGENTE,1
151880501,VIGENTE,0,0.00243,0.995626,0.001945,0.00243,VIGENTE,1
3256801289515659,OBSOLETO,2,0.999943,3.9e-05,1.8e-05,0.999943,OBSOLETO,1
v1|335924205743|0,VIGENTE,0,0.001079,0.997916,0.001005,0.001079,VIGENTE,1
v1|167656974527|0,OBSOLETO,2,0.998762,0.000595,0.000643,0.998762,OBSOLETO,1
152190009,VIGENTE,0,0.279712,0.61143,0.108859,0.279712,VIGENTE,1
124228803,OBSOLETO,2,0.819638,0.101661,0.078701,0.819638,OBSOLETO,1
v1|267720775425|0,OBSOLETO,2,0.043705,0.017633,0.938662,0.043705,EN_RIESGO,0
,OBSOLETO,2,0.999934,4.6e-05,2e-05,0.999934,OBSOLETO,1
v1|236374823048|0,EN_RIESGO,1,0.014217,0.001486,0.984297,0.014217,EN_RIESGO,1
v1|298442658576|0,EN_RIESGO,1,0.009825,0.001897,0.988279,0.009825,EN_RIESGO,1
,EN_RIESGO,1,0.007284,0.000443,0.992272,0.007284,EN_RIESGO,1
153729311,VIGENTE,0,0.002549,0.995562,0.00189,0.002549,VIGENTE,1
,OBSOLETO,2,0.103129,0.039505,0.857366,0.103129,EN_RIESGO,0
B07NXF5MBR,OBSOLETO,2,0.471716,0.13315,0.395134,0.471716,OBSOLETO,1
v1|387518377676|0,EN_RIESGO,1,0.004838,0.000921,0.994241,0.004838,EN_RIESGO,1
126745404,OBSOLETO,2,0.893242,0.05932,0.047439,0.893242,OBSOLETO,1
143360626,VIGENTE,0,0.095092,0.601213,0.303695,0.095092,VIGENTE,1
152190011,VIGENTE,0,0.108165,0.826813,0.065021,0.108165,VIGENTE,1
v1|396703078544|0,EN_RIESGO,1,0.003382,0.001786,0.994832,0.003382,EN_RIESGO,1
,OBSOLETO,2,0.130204,0.029548,0.840248,0.130204,EN_RIESGO,0
153277111,VIGENTE,0,0.00782,0.98663,0.00555,0.00782,VIGENTE,1
v1|277338647324|0,EN_RIESGO,1,0.026721,0.008653,0.964626,0.026721,EN_RIESGO,1
152004751,VIGENTE,0,0.000482,0.999248,0.00027,0.000482,VIGENTE,1
v1|147172523267|0,VIGENTE,0,0.005383,0.992057,0.00256,0.005383,VIGENTE,1
,EN_RIESGO,1,0.029988,0.003159,0.966853,0.029988,EN_RIESGO,1
154327365,VIGENTE,0,0.001405,0.997765,0.000829,0.001405,VIGENTE,1
144589080,OBSOLETO,2,0.98603,0.007008,0.006962,0.98603,OBSOLETO,1
154329190,VIGENTE,0,0.003323,0.994604,0.002074,0.003323,VIGENTE,1
148597259,VIGENTE,0,0.123786,0.795969,0.080246,0.123786,VIGENTE,1
v1|205669948428|0,OBSOLETO,2,0.995954,0.002504,0.001543,0.995954,OBSOLETO,1
149521213,OBSOLETO,2,0.999989,8e-06,3e-06,0.999989,OBSOLETO,1
145504882,EN_RIESGO,1,0.672426,0.206532,0.121042,0.672426,OBSOLETO,0
153087979,OBSOLETO,2,0.999881,8.5e-05,3.4e-05,0.999881,OBSOLETO,1
3256808061758870,OBSOLETO,2,0.999959,2.8e-05,1.2e-05,0.999959,OBSOLETO,1
133734294,EN_RIESGO,1,0.703733,0.079748,0.216519,0.703733,OBSOLETO,0
149581662,VIGENTE,0,0.005861,0.992019,0.002119,0.005861,VIGENTE,1
117047082,EN_RIESGO,1,0.183797,0.124511,0.691693,0.183797,EN_RIESGO,1
,EN_RIESGO,1,0.00476,0.00047,0.99477,0.00476,EN_RIESGO,1
20000706703,OBSOLETO,2,0.999556,0.000306,0.000138,0.999556,OBSOLETO,1
,OBSOLETO,2,0.999827,0.000116,5.7e-05,0.999827,OBSOLETO,1
142151711,OBSOLETO,2,0.999864,9.3e-05,4.3e-05,0.999864,OBSOLETO,1
v1|157188659655|0,EN_RIESGO,1,0.005771,0.001313,0.992916,0.005771,EN_RIESGO,1
151368159,OBSOLETO,2,0.020782,0.008921,0.970297,0.020782,EN_RIESGO,0
v1|287365663073|0,VIGENTE,0,0.036194,0.045602,0.918204,0.036194,EN_RIESGO,0
152491285,EN_RIESGO,1,0.999708,0.000184,0.000108,0.999708,OBSOLETO,0
,OBSOLETO,2,0.015656,0.004051,0.980293,0.015656,EN_RIESGO,0
v1|387435527997|0,VIGENTE,0,0.001958,0.995829,0.002213,0.001958,VIGENTE,1
152448349,EN_RIESGO,1,0.478216,0.170507,0.351276,0.478216,OBSOLETO,0
154327413,VIGENTE,0,0.004963,0.991624,0.003413,0.004963,VIGENTE,1
147890657,EN_RIESGO,1,0.30968,0.551221,0.139099,0.30968,VIGENTE,0
v1|298108709919|0,EN_RIESGO,1,0.017803,0.004672,0.977525,0.017803,EN_RIESGO,1
v1|352657142436|622002625078,OBSOLETO,2,0.073902,0.041949,0.884149,0.073902,EN_RIESGO,0
151841746,VIGENTE,0,0.000393,0.999389,0.000218,0.000393,VIGENTE,1
3256810462641315,OBSOLETO,2,0.991172,0.00171,0.007118,0.991172,OBSOLETO,1
3256812153643846,OBSOLETO,2,0.999896,7.3e-05,3.1e-05,0.999896,OBSOLETO,1
v1|398159157582|0,VIGENTE,0,0.001502,0.996938,0.00156,0.001502,VIGENTE,1
20001290953,OBSOLETO,2,0.994667,0.003457,0.001876,0.994667,OBSOLETO,1
v1|204708136301|505336697165,OBSOLETO,2,0.025869,0.003184,0.970947,0.025869,EN_RIESGO,0
153982632,OBSOLETO,2,0.998481,0.000923,0.000595,0.998481,OBSOLETO,1
,OBSOLETO,2,0.949307,0.011386,0.039306,0.949307,OBSOLETO,1
,OBSOLETO,2,0.001615,2.2e-05,0.998364,0.001615,EN_RIESGO,0
153226277,VIGENTE,0,0.001944,0.996377,0.001679,0.001944,VIGENTE,1
20001208620,VIGENTE,0,0.011063,0.985758,0.003179,0.011063,VIGENTE,1
141105867,EN_RIESGO,1,0.839463,0.08097,0.079567,0.839463,OBSOLETO,0
,EN_RIESGO,1,0.995758,0.002668,0.001574,0.995758,OBSOLETO,0
B0GXQ3XMQX,VIGENTE,0,0.037412,0.947463,0.015125,0.037412,VIGENTE,1
v1|298468104456|0,VIGENTE,0,0.002084,0.995946,0.00197,0.002084,VIGENTE,1
v1|127831476599|0,OBSOLETO,2,0.067866,0.039736,0.892398,0.067866,EN_RIESGO,0
B0BLJGW838,EN_RIESGO,1,0.0141,0.005686,0.980213,0.0141,EN_RIESGO,1
v1|397981253052|0,VIGENTE,0,0.002893,0.99418,0.002927,0.002893,VIGENTE,1
v1|227415119277|0,OBSOLETO,2,0.805429,0.079702,0.114869,0.805429,OBSOLETO,1
20001518620,OBSOLETO,2,0.962135,0.023209,0.014656,0.962135,OBSOLETO,1
B089DJZV7F,OBSOLETO,2,0.994735,0.003486,0.001779,0.994735,OBSOLETO,1
,OBSOLETO,2,0.054558,0.030427,0.915015,0.054558,EN_RIESGO,0
v1|352657142436|622002625078,OBSOLETO,2,0.073902,0.041949,0.884149,0.073902,EN_RIESGO,0
B086BYYFG5,EN_RIESGO,1,0.124149,0.088398,0.787453,0.124149,EN_RIESGO,1
B0F7QYSWXC,EN_RIESGO,1,0.020033,0.009819,0.970147,0.020033,EN_RIESGO,1
B0FZFYHJW6,VIGENTE,0,0.013713,0.971218,0.015069,0.013713,VIGENTE,1
v1|158086388484|0,VIGENTE,0,0.000299,0.999449,0.000251,0.000299,VIGENTE,1
20001535347,OBSOLETO,2,0.516643,0.444304,0.039053,0.516643,OBSOLETO,1
v1|358734044608|0,VIGENTE,0,0.00587,0.987809,0.006321,0.00587,VIGENTE,1
142797312,EN_RIESGO,1,0.950109,0.027413,0.022478,0.950109,OBSOLETO,0
148453429,VIGENTE,0,0.000179,0.999723,9.7e-05,0.000179,VIGENTE,1
152004679,VIGENTE,0,0.003639,0.994586,0.001775,0.003639,VIGENTE,1
v1|136963064137|0,EN_RIESGO,1,0.002076,0.000131,0.997793,0.002076,EN_RIESGO,1
,OBSOLETO,2,0.999574,0.00014,0.000286,0.999574,OBSOLETO,1
,OBSOLETO,2,0.019038,0.00064,0.980322,0.019038,EN_RIESGO,0
152843258,VIGENTE,0,0.001768,0.996986,0.001246,0.001768,VIGENTE,1
152843258,VIGENTE,0,0.002212,0.996209,0.001579,0.002212,VIGENTE,1
B0DFPMS4FD,EN_RIESGO,1,0.003438,0.000541,0.996021,0.003438,EN_RIESGO,1
v1|236900616588|0,VIGENTE,0,0.004649,0.992832,0.002519,0.004649,VIGENTE,1
152189853,VIGENTE,0,0.796244,0.162707,0.041049,0.796244,OBSOLETO,0
142155223,OBSOLETO,2,0.999986,1e-05,4e-06,0.999986,OBSOLETO,1
v1|306339898310|606040841889,VIGENTE,0,0.065106,0.86563,0.069264,0.065106,VIGENTE,1
,EN_RIESGO,1,0.999871,8.8e-05,4.1e-05,0.999871,OBSOLETO,0
B0H4J19G7Y,VIGENTE,0,0.001246,0.997782,0.000971,0.001246,VIGENTE,1
155403175,VIGENTE,0,0.061792,0.739508,0.1987,0.061792,VIGENTE,1
v1|406019620886|0,EN_RIESGO,1,0.002053,0.000239,0.997708,0.002053,EN_RIESGO,1
154926337,OBSOLETO,2,0.993696,0.003616,0.002688,0.993696,OBSOLETO,1
v1|307046373944|0,VIGENTE,0,0.001338,0.99784,0.000822,0.001338,VIGENTE,1
v1|398158584681|0,OBSOLETO,2,0.030614,0.0047,0.964687,0.030614,EN_RIESGO,0
B0BR7PJGQY,EN_RIESGO,1,0.994205,0.003668,0.002127,0.994205,OBSOLETO,0
B0B55SWRCY,EN_RIESGO,1,0.99349,0.004482,0.002028,0.99349,OBSOLETO,0
3256806583244210,OBSOLETO,2,0.967462,0.020046,0.012492,0.967462,OBSOLETO,1
v1|157188659655|0,EN_RIESGO,1,0.005771,0.001313,0.992916,0.005771,EN_RIESGO,1
v1|205669948428|0,OBSOLETO,2,0.995954,0.002504,0.001543,0.995954,OBSOLETO,1
151841706,VIGENTE,0,0.000442,0.999278,0.00028,0.000442,VIGENTE,1
B07HHLX1R8,OBSOLETO,2,0.966513,0.020684,0.012803,0.966513,OBSOLETO,1
138182836,OBSOLETO,2,0.996387,0.001215,0.002398,0.996387,OBSOLETO,1
148642681,VIGENTE,0,0.021594,0.97508,0.003326,0.021594,VIGENTE,1
117494917,EN_RIESGO,1,0.99627,0.002384,0.001346,0.99627,OBSOLETO,0
B0FP5B6R9H,EN_RIESGO,1,0.508901,0.251926,0.239173,0.508901,OBSOLETO,0
154543607,EN_RIESGO,1,0.053435,0.071891,0.874674,0.053435,EN_RIESGO,1
128837285,OBSOLETO,2,0.115473,0.790575,0.093952,0.115473,VIGENTE,0
152911953,EN_RIESGO,1,0.999052,0.000611,0.000337,0.999052,OBSOLETO,0
154798946,VIGENTE,0,0.008853,0.986389,0.004758,0.008853,VIGENTE,1
,OBSOLETO,2,0.903945,0.045902,0.050152,0.903945,OBSOLETO,1
155403221,VIGENTE,0,0.01906,0.953216,0.027724,0.01906,VIGENTE,1
,EN_RIESGO,1,0.951875,0.027891,0.020234,0.951875,OBSOLETO,0
155551687,VIGENTE,0,0.00976,0.982612,0.007628,0.00976,VIGENTE,1
152148757,OBSOLETO,2,0.942091,0.031143,0.026766,0.942091,OBSOLETO,1
154926080,VIGENTE,0,0.0094,0.983097,0.007503,0.0094,VIGENTE,1
139183082,OBSOLETO,2,0.904418,0.075754,0.019828,0.904418,OBSOLETO,1
v1|358032917761|0,EN_RIESGO,1,0.009752,0.001881,0.988367,0.009752,EN_RIESGO,1
20001290947,OBSOLETO,2,0.991955,0.005299,0.002745,0.991955,OBSOLETO,1
,OBSOLETO,2,0.003448,7.2e-05,0.99648,0.003448,EN_RIESGO,0
,OBSOLETO,2,0.997954,0.001122,0.000923,0.997954,OBSOLETO,1
,OBSOLETO,2,0.014276,0.003292,0.982432,0.014276,EN_RIESGO,0
v1|286494829334|0,EN_RIESGO,1,0.002595,0.000488,0.996917,0.002595,EN_RIESGO,1
122470851,OBSOLETO,2,0.97491,0.0117,0.01339,0.97491,OBSOLETO,1
153277111,VIGENTE,0,0.008019,0.985262,0.00672,0.008019,VIGENTE,1
20000706700,OBSOLETO,2,0.830409,0.15273,0.016861,0.830409,OBSOLETO,1
152189853,VIGENTE,0,0.03171,0.941611,0.026679,0.03171,VIGENTE,1
152178087,OBSOLETO,2,0.164231,0.017116,0.818653,0.164231,EN_RIESGO,0
B0CK774991,EN_RIESGO,1,0.07118,0.049008,0.879812,0.07118,EN_RIESGO,1
152843250,VIGENTE,0,0.00437,0.993799,0.001831,0.00437,VIGENTE,1
v1|327253647822|0,EN_RIESGO,1,0.002375,0.001328,0.996297,0.002375,EN_RIESGO,1
v1|205669948428|0,OBSOLETO,2,0.995954,0.002504,0.001543,0.995954,OBSOLETO,1
,OBSOLETO,2,0.997987,0.000996,0.001016,0.997987,OBSOLETO,1
152453614,VIGENTE,0,0.152642,0.817872,0.029486,0.152642,VIGENTE,1
155269107,VIGENTE,0,0.004166,0.993322,0.002512,0.004166,VIGENTE,1
B0C69GQ6WG,EN_RIESGO,1,0.824072,0.104227,0.071701,0.824072,OBSOLETO,0
,OBSOLETO,2,0.092499,0.011181,0.89632,0.092499,EN_RIESGO,0
v1|198184571680|0,VIGENTE,0,0.002361,0.99457,0.003068,0.002361,VIGENTE,1
00003548023,EN_RIESGO,1,0.022119,0.011133,0.966748,0.022119,EN_RIESGO,1
v1|377218546496|0,VIGENTE,0,0.001806,0.996206,0.001988,0.001806,VIGENTE,1
155252535,OBSOLETO,2,0.996658,0.001866,0.001476,0.996658,OBSOLETO,1
151512444,EN_RIESGO,1,0.950896,0.018905,0.030198,0.950896,OBSOLETO,0
B0H5CKMXHJ,VIGENTE,0,0.00073,0.998734,0.000535,0.00073,VIGENTE,1
154327401,VIGENTE,0,0.002084,0.99691,0.001006,0.002084,VIGENTE,1
v1|227415120461|0,OBSOLETO,2,0.103129,0.039505,0.857366,0.103129,EN_RIESGO,0
v1|167656974527|0,OBSOLETO,2,0.998253,0.000745,0.001002,0.998253,OBSOLETO,1
153614230,OBSOLETO,2,0.999909,6.3e-05,2.8e-05,0.999909,OBSOLETO,1
v1|168387490796|0,EN_RIESGO,1,0.001387,0.000428,0.998185,0.001387,EN_RIESGO,1
153277111,VIGENTE,0,0.002856,0.995226,0.001918,0.002856,VIGENTE,1
153376002,EN_RIESGO,1,0.997631,0.001503,0.000866,0.997631,OBSOLETO,0
153727092,VIGENTE,0,0.810161,0.186575,0.003264,0.810161,OBSOLETO,0
153002035,EN_RIESGO,1,0.389498,0.2545,0.356002,0.389498,OBSOLETO,0
v1|298108709919|0,EN_RIESGO,1,0.035464,0.01382,0.950716,0.035464,EN_RIESGO,1
B0DP4JRTST,VIGENTE,0,0.115201,0.841997,0.042803,0.115201,VIGENTE,1
154799342,EN_RIESGO,1,0.198106,0.092986,0.708908,0.198106,EN_RIESGO,1
152138812,OBSOLETO,2,0.789109,0.015496,0.195394,0.789109,OBSOLETO,1
B0BLJHRVF5,EN_RIESGO,1,0.031867,0.020396,0.947737,0.031867,EN_RIESGO,1
148643058,VIGENTE,0,0.058014,0.887983,0.054002,0.058014,VIGENTE,1
154952734,VIGENTE,0,0.001924,0.996864,0.001212,0.001924,VIGENTE,1
3256808485932749,OBSOLETO,2,0.06528,0.021577,0.913143,0.06528,EN_RIESGO,0
151847638,VIGENTE,0,0.004023,0.993341,0.002635,0.004023,VIGENTE,1
143360641,VIGENTE,0,0.141983,0.241683,0.616334,0.141983,EN_RIESGO,0
B0DM4BRSV5,EN_RIESGO,1,0.038879,0.027125,0.933996,0.038879,EN_RIESGO,1
151581442,EN_RIESGO,1,0.992198,0.004801,0.003,0.992198,OBSOLETO,0
152558500,EN_RIESGO,1,0.021625,0.968446,0.009929,0.021625,VIGENTE,0
v1|257606519856|0,VIGENTE,0,1.5e-05,0.999975,9e-06,1.5e-05,VIGENTE,1
B0G4SN72F6,VIGENTE,0,0.001969,0.996537,0.001494,0.001969,VIGENTE,1
,OBSOLETO,2,0.997798,0.001129,0.001072,0.997798,OBSOLETO,1
150488943,OBSOLETO,2,0.999986,1e-05,4e-06,0.999986,OBSOLETO,1
v1|206317785234|0,VIGENTE,0,0.006194,0.988933,0.004873,0.006194,VIGENTE,1
v1|157832079765|0,OBSOLETO,2,0.72505,0.090633,0.184317,0.72505,OBSOLETO,1
154377940,OBSOLETO,2,0.759496,0.171444,0.06906,0.759496,OBSOLETO,1
v1|296936707441|0,EN_RIESGO,1,0.050229,0.006638,0.943133,0.050229,EN_RIESGO,1
130659628,OBSOLETO,2,0.858554,0.019086,0.12236,0.858554,OBSOLETO,1
v1|227149459973|0,VIGENTE,0,0.244322,0.635564,0.120113,0.244322,VIGENTE,1
3256801929472054,OBSOLETO,2,0.999093,0.000594,0.000313,0.999093,OBSOLETO,1
154327535,VIGENTE,0,0.006753,0.988797,0.00445,0.006753,VIGENTE,1
v1|267684404067|0,VIGENTE,0,0.09261,0.326327,0.581062,0.09261,EN_RIESGO,0
152881460,EN_RIESGO,1,0.995299,0.002812,0.001888,0.995299,OBSOLETO,0
v1|327018523485|0,OBSOLETO,2,0.07618,0.027574,0.896246,0.07618,EN_RIESGO,0
883834751,EN_RIESGO,1,0.014881,0.003437,0.981681,0.014881,EN_RIESGO,1
v1|327018523485|0,OBSOLETO,2,0.07618,0.027574,0.896246,0.07618,EN_RIESGO,0
,OBSOLETO,2,0.999985,1.1e-05,4e-06,0.999985,OBSOLETO,1
,OBSOLETO,2,0.984365,0.002751,0.012884,0.984365,OBSOLETO,1
B0B9C4DKKG,EN_RIESGO,1,0.428516,0.491751,0.079733,0.428516,VIGENTE,0
113939917,OBSOLETO,2,0.723828,0.184682,0.09149,0.723828,OBSOLETO,1
B0BKK78R71,EN_RIESGO,1,0.018518,0.009277,0.972205,0.018518,EN_RIESGO,1
152189901,VIGENTE,0,0.031096,0.964739,0.004165,0.031096,VIGENTE,1
v1|198184571680|0,VIGENTE,0,0.002361,0.99457,0.003068,0.002361,VIGENTE,1
155291811,EN_RIESGO,1,0.041154,0.074442,0.884404,0.041154,EN_RIESGO,1
152116054,EN_RIESGO,1,0.992838,0.004509,0.002653,0.992838,OBSOLETO,0
v1|127831476599|0,OBSOLETO,2,0.067866,0.039736,0.892398,0.067866,EN_RIESGO,0
,EN_RIESGO,1,0.009816,0.001929,0.988255,0.009816,EN_RIESGO,1
v1|397833127346|0,OBSOLETO,2,0.757669,0.073106,0.169224,0.757669,OBSOLETO,1
v1|236291109665|0,VIGENTE,0,0.069376,0.876119,0.054504,0.069376,VIGENTE,1
144617784,VIGENTE,0,0.011133,0.979741,0.009127,0.011133,VIGENTE,1
B0BZ9T4KF6,EN_RIESGO,1,0.011052,0.003387,0.985561,0.011052,EN_RIESGO,1
B0FGQJ2C32,EN_RIESGO,1,0.168076,0.186968,0.644956,0.168076,EN_RIESGO,1
20001357240,OBSOLETO,2,0.88978,0.069304,0.040916,0.88978,OBSOLETO,1
151581442,EN_RIESGO,1,0.992838,0.004509,0.002653,0.992838,OBSOLETO,0
152118334,VIGENTE,0,0.000225,0.999613,0.000162,0.000225,VIGENTE,1
155252764,EN_RIESGO,1,0.016924,0.02005,0.963026,0.016924,EN_RIESGO,1
B0F32GFKW4,EN_RIESGO,1,0.921942,0.0465,0.031558,0.921942,OBSOLETO,0
149581662,VIGENTE,0,0.054415,0.936446,0.009139,0.054415,VIGENTE,1
154952809,OBSOLETO,2,0.992917,0.004605,0.002478,0.992917,OBSOLETO,1
v1|224404817504|523189980862,OBSOLETO,2,0.077045,0.045767,0.877188,0.077045,EN_RIESGO,0
154141880,OBSOLETO,2,0.999149,0.000581,0.00027,0.999149,OBSOLETO,1
140825884,EN_RIESGO,1,0.776559,0.119223,0.104218,0.776559,OBSOLETO,0
v1|177825393127|0,VIGENTE,0,0.000691,0.998888,0.000421,0.000691,VIGENTE,1
,OBSOLETO,2,0.999934,4e-05,2.6e-05,0.999934,OBSOLETO,1
152116054,EN_RIESGO,1,0.948765,0.048707,0.002528,0.948765,OBSOLETO,0
,OBSOLETO,2,0.988903,0.006454,0.004643,0.988903,OBSOLETO,1
v1|389188275387|0,VIGENTE,0,0.000748,0.998454,0.000798,0.000748,VIGENTE,1
B0H6L5FQZJ,VIGENTE,0,0.767179,0.20372,0.029102,0.767179,OBSOLETO,0
154329523,VIGENTE,0,0.001296,0.998547,0.000158,0.001296,VIGENTE,1
3256804702840767,OBSOLETO,2,0.999898,6.4e-05,3.8e-05,0.999898,OBSOLETO,1
,OBSOLETO,2,0.97819,0.013039,0.008771,0.97819,OBSOLETO,1
,EN_RIESGO,1,0.005367,0.001265,0.993368,0.005367,EN_RIESGO,1
v1|127902107224|0,OBSOLETO,2,0.114132,0.085969,0.799899,0.114132,EN_RIESGO,0
v1|168355590877|0,EN_RIESGO,1,0.023804,0.002315,0.973881,0.023804,EN_RIESGO,1
B0B9C4DKKG,EN_RIESGO,1,0.603679,0.349605,0.046716,0.603679,OBSOLETO,0
145459774,EN_RIESGO,1,0.022052,0.013131,0.964817,0.022052,EN_RIESGO,1
v1|137503190221|0,EN_RIESGO,1,0.023748,0.002054,0.974198,0.023748,EN_RIESGO,1
151581442,EN_RIESGO,1,0.97588,0.014687,0.009433,0.97588,OBSOLETO,0
v1|168506476730|0,VIGENTE,0,0.00087,0.998472,0.000658,0.00087,VIGENTE,1
20001543617,OBSOLETO,2,0.986704,0.008648,0.004647,0.986704,OBSOLETO,1
155252433,VIGENTE,0,0.006536,0.992094,0.00137,0.006536,VIGENTE,1
v1|168355590877|0,EN_RIESGO,1,0.023804,0.002315,0.973881,0.023804,EN_RIESGO,1
v1|284338406755|0,OBSOLETO,2,0.911312,0.046123,0.042565,0.911312,OBSOLETO,1
v1|352657142436|622002625078,OBSOLETO,2,0.073902,0.041949,0.884149,0.073902,EN_RIESGO,0
152148757,OBSOLETO,2,0.942091,0.031143,0.026766,0.942091,OBSOLETO,1
155651864,EN_RIESGO,1,0.983791,0.010041,0.006169,0.983791,OBSOLETO,0
B0DJQRM92S,EN_RIESGO,1,0.104714,0.86041,0.034876,0.104714,VIGENTE,0
151780145,EN_RIESGO,1,0.034667,0.016947,0.948387,0.034667,EN_RIESGO,1
141587268,OBSOLETO,2,0.322854,0.588962,0.088184,0.322854,VIGENTE,0
,OBSOLETO,2,0.671366,0.017424,0.31121,0.671366,OBSOLETO,1
155162607,EN_RIESGO,1,0.109091,0.021975,0.868934,0.109091,EN_RIESGO,1
3226509,OBSOLETO,2,0.224485,0.689271,0.086244,0.224485,VIGENTE,0
152189967,VIGENTE,0,0.07015,0.83944,0.09041,0.07015,VIGENTE,1
154122345,VIGENTE,0,0.01957,0.978516,0.001914,0.01957,VIGENTE,1
B0GLQNWQR6,EN_RIESGO,1,0.148092,0.064337,0.787571,0.148092,EN_RIESGO,1
B0D1K3YP96,EN_RIESGO,1,0.012426,0.006333,0.981241,0.012426,EN_RIESGO,1
152912823,EN_RIESGO,1,0.972227,0.01657,0.011203,0.972227,OBSOLETO,0
152190009,VIGENTE,0,0.332796,0.493684,0.17352,0.332796,VIGENTE,1
152116909,VIGENTE,0,0.050389,0.915805,0.033805,0.050389,VIGENTE,1
,OBSOLETO,2,0.998551,0.000831,0.000618,0.998551,OBSOLETO,1
154799362,VIGENTE,0,0.000878,0.998561,0.000561,0.000878,VIGENTE,1
B0C58FVB9V,EN_RIESGO,1,0.256083,0.598836,0.145081,0.256083,VIGENTE,0
B0BZJHXCCH,EN_RIESGO,1,0.999134,0.00055,0.000317,0.999134,OBSOLETO,0
117047139,EN_RIESGO,1,0.083375,0.03597,0.880655,0.083375,EN_RIESGO,1
133734294,EN_RIESGO,1,0.525612,0.095817,0.378572,0.525612,OBSOLETO,0
148588634,VIGENTE,0,0.010677,0.980246,0.009077,0.010677,VIGENTE,1
,OBSOLETO,2,0.993796,0.003479,0.002724,0.993796,OBSOLETO,1
151841758,VIGENTE,0,0.000495,0.999192,0.000313,0.000495,VIGENTE,1
v1|407008356059|0,EN_RIESGO,1,0.002713,0.000621,0.996666,0.002713,EN_RIESGO,1
v1|305813674919|0,VIGENTE,0,0.000411,0.999243,0.000347,0.000411,VIGENTE,1
141104327,EN_RIESGO,1,0.007418,0.000766,0.991817,0.007418,EN_RIESGO,1
,OBSOLETO,2,0.998405,0.000874,0.000722,0.998405,OBSOLETO,1
131615512,EN_RIESGO,1,0.031188,0.00713,0.961682,0.031188,EN_RIESGO,1
v1|287345551870|0,VIGENTE,0,0.120797,0.841051,0.038153,0.120797,VIGENTE,1
144822839,OBSOLETO,2,0.99992,5.6e-05,2.4e-05,0.99992,OBSOLETO,1
B0F9T7SHKP,EN_RIESGO,1,0.114918,0.819433,0.06565,0.114918,VIGENTE,0
,EN_RIESGO,1,0.00161,0.000276,0.998113,0.00161,EN_RIESGO,1
152390511,EN_RIESGO,1,0.95108,0.035763,0.013157,0.95108,OBSOLETO,0
v1|377313978396|0,VIGENTE,0,3.5e-05,0.999941,2.3e-05,3.5e-05,VIGENTE,1
3256809512387005,VIGENTE,0,0.417078,0.575824,0.007098,0.417078,VIGENTE,1
v1|406975505793|0,EN_RIESGO,1,0.001143,0.000137,0.99872,0.001143,EN_RIESGO,1
153226538,VIGENTE,0,0.00969,0.982841,0.00747,0.00969,VIGENTE,1
149072474,EN_RIESGO,1,0.252637,0.675862,0.071501,0.252637,VIGENTE,0
152953987,VIGENTE,0,0.00151,0.997619,0.000871,0.00151,VIGENTE,1
155000915,VIGENTE,0,0.031797,0.950808,0.017396,0.031797,VIGENTE,1
v1|318551795798|0,EN_RIESGO,1,0.011177,0.002603,0.98622,0.011177,EN_RIESGO,1
B0F43HC711,EN_RIESGO,1,0.329364,0.321917,0.348718,0.329364,EN_RIESGO,1
145715960,OBSOLETO,2,0.977302,0.014194,0.008504,0.977302,OBSOLETO,1
154122345,VIGENTE,0,0.006954,0.99102,0.002025,0.006954,VIGENTE,1
151431987,VIGENTE,0,0.002916,0.995752,0.001333,0.002916,VIGENTE,1
,OBSOLETO,2,0.114132,0.085969,0.799899,0.114132,EN_RIESGO,0
121150202,OBSOLETO,2,0.992137,0.004091,0.003772,0.992137,OBSOLETO,1
B083R7SWF5,EN_RIESGO,1,0.000516,6.5e-05,0.999419,0.000516,EN_RIESGO,1
20001537321,OBSOLETO,2,0.999839,0.000112,4.9e-05,0.999839,OBSOLETO,1
v1|306438353997|0,OBSOLETO,2,0.718449,0.078628,0.202924,0.718449,OBSOLETO,1
v1|153469962880|453428440428,OBSOLETO,2,0.012382,0.003495,0.984123,0.012382,EN_RIESGO,0
121410608,EN_RIESGO,1,0.039312,0.92918,0.031507,0.039312,VIGENTE,0
149120066,VIGENTE,0,0.001406,0.998024,0.00057,0.001406,VIGENTE,1
B0GNSJ6DSQ,VIGENTE,0,0.127175,0.787192,0.085632,0.127175,VIGENTE,1
153278043,VIGENTE,0,0.004185,0.992565,0.00325,0.004185,VIGENTE,1
v1|156574193199|0,VIGENTE,0,0.000365,0.999315,0.00032,0.000365,VIGENTE,1
147888152,EN_RIESGO,1,0.189885,0.612344,0.197771,0.189885,VIGENTE,0
150569142,OBSOLETO,2,0.999988,9e-06,4e-06,0.999988,OBSOLETO,1
v1|267720775425|0,OBSOLETO,2,0.043705,0.017633,0.938662,0.043705,EN_RIESGO,0
v1|178298418480|0,EN_RIESGO,1,0.001125,0.000199,0.998676,0.001125,EN_RIESGO,1
128837285,OBSOLETO,2,0.168474,0.644644,0.186882,0.168474,VIGENTE,0
152177318,OBSOLETO,2,0.996532,0.001681,0.001787,0.996532,OBSOLETO,1
145910398,EN_RIESGO,1,0.341561,0.196412,0.462028,0.341561,EN_RIESGO,1
B0F8CRYJ3P,EN_RIESGO,1,0.005511,0.002339,0.99215,0.005511,EN_RIESGO,1
138182836,OBSOLETO,2,0.998451,0.000551,0.000998,0.998451,OBSOLETO,1
v1|188589370860|0,EN_RIESGO,1,0.008051,0.003262,0.988688,0.008051,EN_RIESGO,1
152452903,VIGENTE,0,0.002331,0.99601,0.001659,0.002331,VIGENTE,1
,OBSOLETO,2,0.351035,0.053297,0.595669,0.351035,EN_RIESGO,0
139646281,EN_RIESGO,1,0.088395,0.060657,0.850948,0.088395,EN_RIESGO,1
,OBSOLETO,2,0.975669,0.001202,0.023129,0.975669,OBSOLETO,1
v1|389351819117|0,EN_RIESGO,1,0.005939,0.00466,0.989401,0.005939,EN_RIESGO,1
v1|157832079765|0,OBSOLETO,2,0.72505,0.090633,0.184317,0.72505,OBSOLETO,1
,EN_RIESGO,1,0.005369,0.000855,0.993776,0.005369,EN_RIESGO,1
,EN_RIESGO,1,0.000761,8.6e-05,0.999153,0.000761,EN_RIESGO,1
,OBSOLETO,2,0.012382,0.003495,0.984123,0.012382,EN_RIESGO,0
154779365,EN_RIESGO,1,0.272934,0.196951,0.530115,0.272934,EN_RIESGO,1
B0DVCCJQ4K,EN_RIESGO,1,0.347345,0.585421,0.067234,0.347345,VIGENTE,0
,OBSOLETO,2,0.992609,0.00242,0.00497,0.992609,OBSOLETO,1
145673336,OBSOLETO,2,0.997473,0.001272,0.001255,0.997473,OBSOLETO,1
v1|147391813052|0,OBSOLETO,2,0.020376,0.007399,0.972225,0.020376,EN_RIESGO,0
145426203,EN_RIESGO,1,0.012154,0.011782,0.976064,0.012154,EN_RIESGO,1
151213087,OBSOLETO,2,0.995167,0.002293,0.00254,0.995167,OBSOLETO,1
B0F9T2R6MQ,EN_RIESGO,1,0.998171,0.001158,0.000671,0.998171,OBSOLETO,0
152966565,VIGENTE,0,0.034363,0.944113,0.021524,0.034363,VIGENTE,1
121642426,OBSOLETO,2,0.046065,0.004038,0.949897,0.046065,EN_RIESGO,0
155291955,EN_RIESGO,1,0.012402,0.021313,0.966284,0.012402,EN_RIESGO,1
151847634,VIGENTE,0,0.008732,0.985383,0.005886,0.008732,VIGENTE,1
v1|227115455096|0,VIGENTE,0,0.002482,0.99462,0.002898,0.002482,VIGENTE,1
152189853,VIGENTE,0,0.479943,0.401454,0.118602,0.479943,OBSOLETO,0
v1|376667864913|0,VIGENTE,0,0.001503,0.997281,0.001216,0.001503,VIGENTE,1
v1|318377729941|0,VIGENTE,0,0.013023,0.978175,0.008802,0.013023,VIGENTE,1
153226150,VIGENTE,0,0.001944,0.996377,0.001679,0.001944,VIGENTE,1
152452903,VIGENTE,0,0.003219,0.994128,0.002654,0.003219,VIGENTE,1
B0FJDL4WJM,VIGENTE,0,0.028068,0.958798,0.013134,0.028068,VIGENTE,1
v1|167656974527|0,OBSOLETO,2,0.999186,0.000435,0.000379,0.999186,OBSOLETO,1
151971504,EN_RIESGO,1,0.146192,0.078495,0.775313,0.146192,EN_RIESGO,1
,EN_RIESGO,1,0.002276,0.000254,0.99747,0.002276,EN_RIESGO,1
20001474362,VIGENTE,0,0.034369,0.938528,0.027104,0.034369,VIGENTE,1
v1|236409822935|0,VIGENTE,0,0.009763,0.98572,0.004517,0.009763,VIGENTE,1
155441500,OBSOLETO,2,0.999577,0.000284,0.000138,0.999577,OBSOLETO,1
B0F2VYLS32,VIGENTE,0,0.029785,0.949492,0.020723,0.029785,VIGENTE,1
,OBSOLETO,2,0.863789,0.080279,0.055932,0.863789,OBSOLETO,1
150492540,OBSOLETO,2,0.999898,7e-05,3.2e-05,0.999898,OBSOLETO,1
155200955,VIGENTE,0,0.018523,0.968036,0.013441,0.018523,VIGENTE,1
154977423,VIGENTE,0,0.000611,0.99913,0.000259,0.000611,VIGENTE,1
154122345,VIGENTE,0,0.020712,0.976003,0.003284,0.020712,VIGENTE,1
v1|352657142436|622002625078,OBSOLETO,2,0.014276,0.003292,0.982432,0.014276,EN_RIESGO,0
,EN_RIESGO,1,0.001337,0.000118,0.998546,0.001337,EN_RIESGO,1
B0DP4JRTST,VIGENTE,0,0.115201,0.841997,0.042803,0.115201,VIGENTE,1
v1|178057380388|0,VIGENTE,0,0.000637,0.998907,0.000456,0.000637,VIGENTE,1
154936161,OBSOLETO,2,0.995426,0.002684,0.001889,0.995426,OBSOLETO,1
153729684,VIGENTE,0,0.006859,0.989281,0.00386,0.006859,VIGENTE,1
,OBSOLETO,2,0.999505,0.000216,0.000279,0.999505,OBSOLETO,1
v1|167004388901|0,VIGENTE,0,0.000379,0.99928,0.00034,0.000379,VIGENTE,1
,OBSOLETO,2,0.999912,6e-05,2.9e-05,0.999912,OBSOLETO,1
154142041,OBSOLETO,2,0.999827,0.00012,5.3e-05,0.999827,OBSOLETO,1
v1|254219753793|553607618438,OBSOLETO,2,0.011113,0.002362,0.986524,0.011113,EN_RIESGO,0
v1|146753130552|445373540695,OBSOLETO,2,0.026632,0.00506,0.968307,0.026632,EN_RIESGO,0
,OBSOLETO,2,0.999992,6e-06,2e-06,0.999992,OBSOLETO,1
B07RQ8YJGF,OBSOLETO,2,0.999956,3.1e-05,1.3e-05,0.999956,OBSOLETO,1
126745404,OBSOLETO,2,0.91713,0.068686,0.014184,0.91713,OBSOLETO,1
3256807804273192,OBSOLETO,2,0.989883,0.005659,0.004457,0.989883,OBSOLETO,1
151880501,VIGENTE,0,0.015846,0.973735,0.010419,0.015846,VIGENTE,1
v1|227374628783|0,VIGENTE,0,0.13228,0.753176,0.114544,0.13228,VIGENTE,1
v1|188451848083|0,VIGENTE,0,0.004957,0.989566,0.005478,0.004957,VIGENTE,1
151847584,EN_RIESGO,1,0.238647,0.224484,0.536869,0.238647,EN_RIESGO,1
v1|137472214759|0,VIGENTE,0,0.000287,0.999479,0.000234,0.000287,VIGENTE,1
155200961,VIGENTE,0,0.003356,0.994952,0.001692,0.003356,VIGENTE,1
B0G2DZHHTK,EN_RIESGO,1,0.010749,0.00323,0.98602,0.010749,EN_RIESGO,1
144296485,VIGENTE,0,0.037569,0.879159,0.083272,0.037569,VIGENTE,1
B0FGP7W3NJ,EN_RIESGO,1,0.082954,0.846508,0.070538,0.082954,VIGENTE,0
151581392,EN_RIESGO,1,0.171047,0.12501,0.703943,0.171047,EN_RIESGO,1
155304178,OBSOLETO,2,0.023673,0.002142,0.974185,0.023673,EN_RIESGO,0
148643058,VIGENTE,0,0.030701,0.942091,0.027209,0.030701,VIGENTE,1
151512455,EN_RIESGO,1,0.343412,0.284437,0.372151,0.343412,EN_RIESGO,1
v1|257606519856|0,VIGENTE,0,1.5e-05,0.999975,9e-06,1.5e-05,VIGENTE,1
152836062,EN_RIESGO,1,0.995918,0.00256,0.001522,0.995918,OBSOLETO,0
150777462,OBSOLETO,2,0.999491,0.000334,0.000176,0.999491,OBSOLETO,1
151880501,VIGENTE,0,0.013422,0.977187,0.009391,0.013422,VIGENTE,1
v1|397949260006|0,EN_RIESGO,1,0.006511,0.004383,0.989106,0.006511,EN_RIESGO,1
v1|177065851211|0,EN_RIESGO,1,0.003252,0.00037,0.996378,0.003252,EN_RIESGO,1
20001461193,OBSOLETO,2,0.998454,0.001003,0.000543,0.998454,OBSOLETO,1
,EN_RIESGO,1,0.002604,0.000251,0.997145,0.002604,EN_RIESGO,1
151213087,OBSOLETO,2,0.994426,0.002545,0.00303,0.994426,OBSOLETO,1
B0F4F2NFT9,VIGENTE,0,0.172122,0.806962,0.020915,0.172122,VIGENTE,1
,OBSOLETO,2,0.511876,0.340954,0.14717,0.511876,OBSOLETO,1
154798948,VIGENTE,0,0.000803,0.998854,0.000344,0.000803,VIGENTE,1
151841758,VIGENTE,0,0.000615,0.998998,0.000387,0.000615,VIGENTE,1
B0BDF5514F,EN_RIESGO,1,0.127947,0.059939,0.812114,0.127947,EN_RIESGO,1
135575752,EN_RIESGO,1,0.947328,0.036064,0.016609,0.947328,OBSOLETO,0
134232480,EN_RIESGO,1,0.314305,0.288869,0.396827,0.314305,EN_RIESGO,1
v1|800321045301|0,EN_RIESGO,1,0.018918,0.00379,0.977292,0.018918,EN_RIESGO,1
115753470,EN_RIESGO,1,0.135526,0.738835,0.125639,0.135526,VIGENTE,0
B0DWDTQB37,VIGENTE,0,0.042428,0.952034,0.005538,0.042428,VIGENTE,1
v1|377046281559|0,VIGENTE,0,0.009193,0.983754,0.007054,0.009193,VIGENTE,1
153746574,EN_RIESGO,1,0.059945,0.052626,0.887429,0.059945,EN_RIESGO,1
153210722,EN_RIESGO,1,0.410684,0.197425,0.391891,0.410684,OBSOLETO,0
153210598,EN_RIESGO,1,0.33441,0.52118,0.14441,0.33441,VIGENTE,0
B07598VZR8,OBSOLETO,2,0.980885,0.011937,0.007178,0.980885,OBSOLETO,1
,OBSOLETO,2,0.000477,3e-06,0.99952,0.000477,EN_RIESGO,0
149120066,VIGENTE,0,0.00156,0.997519,0.000921,0.00156,VIGENTE,1
154488502,EN_RIESGO,1,0.625238,0.195055,0.179707,0.625238,OBSOLETO,0
,EN_RIESGO,1,0.009825,0.001897,0.988279,0.009825,EN_RIESGO,1
154327944,VIGENTE,0,0.001191,0.998056,0.000753,0.001191,VIGENTE,1
154588625,VIGENTE,0,0.107584,0.804661,0.087754,0.107584,VIGENTE,1
151760528,VIGENTE,0,0.001411,0.99761,0.000979,0.001411,VIGENTE,1
153727092,VIGENTE,0,0.039865,0.954612,0.005523,0.039865,VIGENTE,1
125168881,EN_RIESGO,1,0.023142,0.011273,0.965585,0.023142,EN_RIESGO,1
v1|327018523485|0,OBSOLETO,2,0.07618,0.027574,0.896246,0.07618,EN_RIESGO,0
v1|168512876977|0,VIGENTE,0,0.002476,0.994682,0.002842,0.002476,VIGENTE,1
00003548029,EN_RIESGO,1,0.034287,0.077273,0.88844,0.034287,EN_RIESGO,1
152843263,VIGENTE,0,0.000273,0.999544,0.000183,0.000273,VIGENTE,1
154977671,VIGENTE,0,0.000339,0.999424,0.000237,0.000339,VIGENTE,1
130098782,EN_RIESGO,1,0.071593,0.002579,0.925827,0.071593,EN_RIESGO,1
v1|406277067718|0,VIGENTE,0,0.028286,0.939852,0.031862,0.028286,VIGENTE,1
v1|146753130552|445373540695,OBSOLETO,2,0.036527,0.006214,0.957259,0.036527,EN_RIESGO,0
149134729,VIGENTE,0,0.064364,0.674634,0.261002,0.064364,VIGENTE,1
,OBSOLETO,2,0.963206,0.011537,0.025256,0.963206,OBSOLETO,1
152843250,VIGENTE,0,0.001636,0.997363,0.001001,0.001636,VIGENTE,1
153728733,VIGENTE,0,0.000571,0.999108,0.000321,0.000571,VIGENTE,1
155177007,VIGENTE,0,0.000115,0.999836,4.9e-05,0.000115,VIGENTE,1
v1|146753130552|445373540695,OBSOLETO,2,0.026632,0.00506,0.968307,0.026632,EN_RIESGO,0
B0FGQJ2C32,EN_RIESGO,1,0.168076,0.186968,0.644956,0.168076,EN_RIESGO,1
B0D1K1GCCZ,EN_RIESGO,1,0.005086,0.001581,0.993334,0.005086,EN_RIESGO,1
,OBSOLETO,2,0.997752,0.001223,0.001025,0.997752,OBSOLETO,1
151996329,VIGENTE,0,0.000454,0.999196,0.00035,0.000454,VIGENTE,1
B0BRQSWSFQ,EN_RIESGO,1,0.016427,0.010223,0.97335,0.016427,EN_RIESGO,1
,OBSOLETO,2,0.003562,3.9e-05,0.996398,0.003562,EN_RIESGO,0
152479361,EN_RIESGO,1,0.992829,0.004483,0.002688,0.992829,OBSOLETO,0
3256807147055571,OBSOLETO,2,0.998446,0.001,0.000554,0.998446,OBSOLETO,1
,EN_RIESGO,1,0.004885,0.000623,0.994492,0.004885,EN_RIESGO,1
,OBSOLETO,2,0.178729,0.011049,0.810222,0.178729,EN_RIESGO,0
115784091,EN_RIESGO,1,0.012263,0.015632,0.972105,0.012263,EN_RIESGO,1
,OBSOLETO,2,0.820378,0.087637,0.091985,0.820378,OBSOLETO,1
B0BNQ1NXC3,EN_RIESGO,1,0.143626,0.303924,0.55245,0.143626,EN_RIESGO,1
v1|127887610178|0,VIGENTE,0,0.008809,0.984808,0.006383,0.008809,VIGENTE,1
,EN_RIESGO,1,0.00835,0.000865,0.990785,0.00835,EN_RIESGO,1
B0GRCGJSJT,EN_RIESGO,1,0.945325,0.031504,0.023171,0.945325,OBSOLETO,0
B0GBR9SHZB,EN_RIESGO,1,0.679326,0.233791,0.086884,0.679326,OBSOLETO,0
155419820,OBSOLETO,2,0.200443,0.68942,0.110137,0.200443,VIGENTE,0
v1|197367028551|0,OBSOLETO,2,0.394371,0.129084,0.476544,0.394371,EN_RIESGO,0
v1|286680045951|0,EN_RIESGO,1,0.041121,0.014117,0.944762,0.041121,EN_RIESGO,1
,EN_RIESGO,1,0.983152,0.010348,0.0065,0.983152,OBSOLETO,0
B0D1K859GT,EN_RIESGO,1,0.007396,0.00187,0.990734,0.007396,EN_RIESGO,1
B078QBK5T6,VIGENTE,0,0.000208,0.999679,0.000113,0.000208,VIGENTE,1
154327385,VIGENTE,0,0.000232,0.999604,0.000164,0.000232,VIGENTE,1
v1|206037331911|0,EN_RIESGO,1,0.00212,0.000208,0.997672,0.00212,EN_RIESGO,1
B0C69PNNB8,EN_RIESGO,1,0.674985,0.172081,0.152934,0.674985,OBSOLETO,0
20001544220,OBSOLETO,2,0.985346,0.009192,0.005462,0.985346,OBSOLETO,1
,OBSOLETO,2,0.845023,0.029822,0.125154,0.845023,OBSOLETO,1
,EN_RIESGO,1,0.003612,0.000937,0.995451,0.003612,EN_RIESGO,1
153982632,OBSOLETO,2,0.999509,0.000307,0.000184,0.999509,OBSOLETO,1
125168875,EN_RIESGO,1,0.034176,0.02457,0.941254,0.034176,EN_RIESGO,1
20001239881,OBSOLETO,2,0.999999,1e-06,0.0,0.999999,OBSOLETO,1
v1|336665841622|0,VIGENTE,0,0.084982,0.061309,0.853708,0.084982,EN_RIESGO,0
B0DVCCJQ4K,EN_RIESGO,1,0.347345,0.585421,0.067234,0.347345,VIGENTE,0
3256812192371398,OBSOLETO,2,0.99755,0.001504,0.000946,0.99755,OBSOLETO,1
155200955,VIGENTE,0,0.050673,0.90906,0.040267,0.050673,VIGENTE,1
v1|227415119277|0,OBSOLETO,2,0.805429,0.079702,0.114869,0.805429,OBSOLETO,1
153278043,VIGENTE,0,0.005802,0.989778,0.00442,0.005802,VIGENTE,1
152189967,VIGENTE,0,0.020833,0.960418,0.01875,0.020833,VIGENTE,1
v1|147254412659|0,EN_RIESGO,1,0.013602,0.00351,0.982889,0.013602,EN_RIESGO,1
v1|153469962880|453428440428,OBSOLETO,2,0.012382,0.003495,0.984123,0.012382,EN_RIESGO,0
153729684,VIGENTE,0,0.018549,0.970212,0.011239,0.018549,VIGENTE,1
154327944,VIGENTE,0,0.004029,0.993436,0.002535,0.004029,VIGENTE,1
v1|396425711312|0,EN_RIESGO,1,0.004015,0.000199,0.995786,0.004015,EN_RIESGO,1
v1|398141247397|0,EN_RIESGO,1,0.079316,0.04421,0.876474,0.079316,EN_RIESGO,1
146516603,OBSOLETO,2,0.999778,0.000147,7.4e-05,0.999778,OBSOLETO,1
v1|327018523485|0,OBSOLETO,2,0.07618,0.027574,0.896246,0.07618,EN_RIESGO,0
v1|127902107224|0,OBSOLETO,2,0.114132,0.085969,0.799899,0.114132,EN_RIESGO,0
B0F43F9ZKP,EN_RIESGO,1,0.75774,0.128439,0.113821,0.75774,OBSOLETO,0
,OBSOLETO,2,0.997731,0.000502,0.001768,0.997731,OBSOLETO,1
,EN_RIESGO,1,0.010529,0.000909,0.988562,0.010529,EN_RIESGO,1
v1|254219753793|553607618438,OBSOLETO,2,0.011113,0.002362,0.986524,0.011113,EN_RIESGO,0
v1|352657142436|622002625078,OBSOLETO,2,0.073902,0.041949,0.884149,0.073902,EN_RIESGO,0
3256807267692960,OBSOLETO,2,0.717433,0.155905,0.126662,0.717433,OBSOLETO,1
154926209,EN_RIESGO,1,0.031111,0.046955,0.921934,0.031111,EN_RIESGO,1
154799360,VIGENTE,0,0.001145,0.998172,0.000682,0.001145,VIGENTE,1
v1|387435527997|0,VIGENTE,0,0.001958,0.995829,0.002213,0.001958,VIGENTE,1
20001218376,VIGENTE,0,0.008701,0.984398,0.006901,0.008701,VIGENTE,1
133734292,EN_RIESGO,1,0.858391,0.07074,0.070869,0.858391,OBSOLETO,0
144601925,OBSOLETO,2,0.999073,0.000304,0.000623,0.999073,OBSOLETO,1
3256803998198694,OBSOLETO,2,0.967644,0.013962,0.018393,0.967644,OBSOLETO,1
142919447,OBSOLETO,2,0.054047,0.020171,0.925782,0.054047,EN_RIESGO,0
v1|287387664021|0,VIGENTE,0,0.045096,0.920058,0.034846,0.045096,VIGENTE,1
v1|204708136301|505336697165,OBSOLETO,2,0.023447,0.002716,0.973837,0.023447,EN_RIESGO,0
150559519,EN_RIESGO,1,0.340694,0.234222,0.425084,0.340694,EN_RIESGO,1
3256808219970860,OBSOLETO,2,0.999456,0.000348,0.000195,0.999456,OBSOLETO,1
,EN_RIESGO,1,0.009879,0.000496,0.989626,0.009879,EN_RIESGO,1
v1|358792251869|0,OBSOLETO,2,0.997907,0.001047,0.001047,0.997907,OBSOLETO,1
151592708,EN_RIESGO,1,0.611459,0.371041,0.0175,0.611459,OBSOLETO,0
148262382,EN_RIESGO,1,0.962121,0.025479,0.0124,0.962121,OBSOLETO,0
152151091,OBSOLETO,2,0.98173,0.011433,0.006837,0.98173,OBSOLETO,1
v1|398158584681|0,OBSOLETO,2,0.030614,0.0047,0.964687,0.030614,EN_RIESGO,0
v1|254224015967|553615546453,OBSOLETO,2,0.063289,0.034531,0.90218,0.063289,EN_RIESGO,0
140685392,OBSOLETO,2,0.999053,0.00043,0.000518,0.999053,OBSOLETO,1
147515856,OBSOLETO,2,0.999218,0.000359,0.000423,0.999218,OBSOLETO,1
148518993,VIGENTE,0,0.023149,0.904651,0.0722,0.023149,VIGENTE,1
154886787,VIGENTE,0,0.001508,0.997375,0.001117,0.001508,VIGENTE,1
154602481,EN_RIESGO,1,0.508589,0.266919,0.224491,0.508589,OBSOLETO,0
B07MMD4DDJ,OBSOLETO,2,0.015495,0.00575,0.978756,0.015495,EN_RIESGO,0
B0FPFLDNH7,EN_RIESGO,1,0.005316,0.00085,0.993833,0.005316,EN_RIESGO,1
144651951,VIGENTE,0,0.019089,0.970601,0.01031,0.019089,VIGENTE,1
v1|298449116434|0,EN_RIESGO,1,0.008475,0.003012,0.988513,0.008475,EN_RIESGO,1
145673336,OBSOLETO,2,0.997473,0.001272,0.001255,0.997473,OBSOLETO,1
v1|327218848033|0,VIGENTE,0,0.002487,0.995608,0.001906,0.002487,VIGENTE,1
152843254,VIGENTE,0,0.003775,0.993707,0.002518,0.003775,VIGENTE,1
,OBSOLETO,2,0.999976,1.7e-05,7e-06,0.999976,OBSOLETO,1
B0DZT6F4QZ,EN_RIESGO,1,0.20408,0.41384,0.38208,0.20408,VIGENTE,0
20001341479,OBSOLETO,2,0.951321,0.027774,0.020906,0.951321,OBSOLETO,1
v1|257447201446|0,EN_RIESGO,1,0.009897,0.004426,0.985677,0.009897,EN_RIESGO,1
140685392,OBSOLETO,2,0.999053,0.00043,0.000518,0.999053,OBSOLETO,1
145673336,OBSOLETO,2,0.997473,0.001272,0.001255,0.997473,OBSOLETO,1
154884303,VIGENTE,0,0.000145,0.99977,8.5e-05,0.000145,VIGENTE,1
,OBSOLETO,2,0.450017,0.079643,0.470341,0.450017,EN_RIESGO,0
v1|204708136301|505336697165,OBSOLETO,2,0.040807,0.005328,0.953864,0.040807,EN_RIESGO,0
151592708,EN_RIESGO,1,0.909169,0.082201,0.008631,0.909169,OBSOLETO,0
v1|376294529472|0,EN_RIESGO,1,0.009816,0.001929,0.988255,0.009816,EN_RIESGO,1
152083482,VIGENTE,0,0.314037,0.62437,0.061593,0.314037,VIGENTE,1
v1|298483069202|0,VIGENTE,0,0.017866,0.966574,0.01556,0.017866,VIGENTE,1
B0BZHBXTRY,EN_RIESGO,1,0.999809,0.000129,6.2e-05,0.999809,OBSOLETO,0
v1|287379765052|0,EN_RIESGO,1,0.000938,0.00013,0.998932,0.000938,EN_RIESGO,1
138182836,OBSOLETO,2,0.996387,0.001215,0.002398,0.996387,OBSOLETO,1
,OBSOLETO,2,0.046654,0.02375,0.929596,0.046654,EN_RIESGO,0
v1|188471376090|0,EN_RIESGO,1,0.007325,0.001589,0.991086,0.007325,EN_RIESGO,1
B07H7THQXV,OBSOLETO,2,0.015165,0.007124,0.977711,0.015165,EN_RIESGO,0
B07S6CRLVD,OBSOLETO,2,0.974085,0.015926,0.009989,0.974085,OBSOLETO,1
v1|406671515683|0,VIGENTE,0,0.002205,0.996022,0.001773,0.002205,VIGENTE,1
154943370,EN_RIESGO,1,0.981035,0.00923,0.009735,0.981035,OBSOLETO,0
151255622,OBSOLETO,2,0.96596,0.020776,0.013264,0.96596,OBSOLETO,1
151841771,VIGENTE,0,0.000277,0.999544,0.00018,0.000277,VIGENTE,1
,EN_RIESGO,1,0.041121,0.014117,0.944762,0.041121,EN_RIESGO,1
v1|198487691210|0,EN_RIESGO,1,0.000917,7e-05,0.999012,0.000917,EN_RIESGO,1
155177007,VIGENTE,0,7.6e-05,0.999891,3.2e-05,7.6e-05,VIGENTE,1
153225427,VIGENTE,0,0.001942,0.996197,0.00186,0.001942,VIGENTE,1
B086MLQHZY,OBSOLETO,2,0.970357,0.016577,0.013066,0.970357,OBSOLETO,1
v1|127831476599|0,OBSOLETO,2,0.067866,0.039736,0.892398,0.067866,EN_RIESGO,0
v1|206310198292|0,EN_RIESGO,1,0.010849,0.003129,0.986022,0.010849,EN_RIESGO,1
B0DPFBV6QV,VIGENTE,0,0.025819,0.968072,0.006108,0.025819,VIGENTE,1
v1|377313978396|0,VIGENTE,0,3.5e-05,0.999941,2.3e-05,3.5e-05,VIGENTE,1
,OBSOLETO,2,0.322745,0.113964,0.563291,0.322745,EN_RIESGO,0
v1|147254412659|0,EN_RIESGO,1,0.013602,0.00351,0.982889,0.013602,EN_RIESGO,1
20001210266,VIGENTE,0,0.006591,0.990339,0.00307,0.006591,VIGENTE,1
v1|147391813052|0,OBSOLETO,2,0.020376,0.007399,0.972225,0.020376,EN_RIESGO,0
151996107,EN_RIESGO,1,0.04354,0.0359,0.92056,0.04354,EN_RIESGO,1
v1|800314523334|0,EN_RIESGO,1,0.004885,0.000623,0.994492,0.004885,EN_RIESGO,1
v1|406500809958|0,VIGENTE,0,0.002637,0.993824,0.003539,0.002637,VIGENTE,1
v1|398158584681|0,OBSOLETO,2,0.030614,0.0047,0.964687,0.030614,EN_RIESGO,0
B0GH2CRB31,VIGENTE,0,0.016763,0.972351,0.010886,0.016763,VIGENTE,1
v1|287358472855|0,EN_RIESGO,1,0.016082,0.001207,0.982711,0.016082,EN_RIESGO,1
v1|206388669759|0,EN_RIESGO,1,0.009553,0.007815,0.982632,0.009553,EN_RIESGO,1
B0D54QJ9CJ,EN_RIESGO,1,0.002736,0.000871,0.996394,0.002736,EN_RIESGO,1
144296485,VIGENTE,0,0.018073,0.946393,0.035534,0.018073,VIGENTE,1
148129896,EN_RIESGO,1,0.262018,0.159631,0.57835,0.262018,EN_RIESGO,1
149146162,OBSOLETO,2,0.993165,0.00423,0.002605,0.993165,OBSOLETO,1
v1|405119030958|0,EN_RIESGO,1,0.001203,7.3e-05,0.998724,0.001203,EN_RIESGO,1
155429796,VIGENTE,0,0.024326,0.950264,0.02541,0.024326,VIGENTE,1
145504882,EN_RIESGO,1,0.439526,0.441048,0.119426,0.439526,VIGENTE,0
B07PB94X3R,OBSOLETO,2,0.978819,0.011988,0.009194,0.978819,OBSOLETO,1
3256811652247122,OBSOLETO,2,0.994289,0.00333,0.002381,0.994289,OBSOLETO,1
152914020,EN_RIESGO,1,0.254411,0.177287,0.568302,0.254411,EN_RIESGO,1
138182836,OBSOLETO,2,0.996387,0.001215,0.002398,0.996387,OBSOLETO,1
B0DTY976K3,EN_RIESGO,1,0.926789,0.04084,0.032371,0.926789,OBSOLETO,0
v1|407075192750|0,VIGENTE,0,0.003269,0.994056,0.002675,0.003269,VIGENTE,1
154918316,EN_RIESGO,1,0.089298,0.055818,0.854884,0.089298,EN_RIESGO,1
20000853514,VIGENTE,0,0.05469,0.891224,0.054086,0.05469,VIGENTE,1
153225427,VIGENTE,0,0.015322,0.964111,0.020567,0.015322,VIGENTE,1
v1|306438353997|0,OBSOLETO,2,0.718449,0.078628,0.202924,0.718449,OBSOLETO,1
,OBSOLETO,2,0.997716,0.001346,0.000938,0.997716,OBSOLETO,1
v1|365432154059|0,VIGENTE,0,0.013914,0.978632,0.007453,0.013914,VIGENTE,1
B0DS256KQP,EN_RIESGO,1,0.279904,0.049037,0.671059,0.279904,EN_RIESGO,1
B0C8CTGYJX,EN_RIESGO,1,0.003781,0.001423,0.994797,0.003781,EN_RIESGO,1
152138812,OBSOLETO,2,0.804012,0.025102,0.170885,0.804012,OBSOLETO,1
115753470,EN_RIESGO,1,0.293283,0.284779,0.421938,0.293283,EN_RIESGO,1
B0FKDBBS3Y,EN_RIESGO,1,0.089809,0.031231,0.87896,0.089809,EN_RIESGO,1
v1|307002742339|0,VIGENTE,0,0.007715,0.986091,0.006194,0.007715,VIGENTE,1
152190007,VIGENTE,0,0.229028,0.684542,0.086429,0.229028,VIGENTE,1
153277450,VIGENTE,0,0.004902,0.991475,0.003623,0.004902,VIGENTE,1
v1|267720775425|0,OBSOLETO,2,0.043705,0.017633,0.938662,0.043705,EN_RIESGO,0
B0BDDZGLXL,EN_RIESGO,1,0.013101,0.005056,0.981843,0.013101,EN_RIESGO,1
154488502,EN_RIESGO,1,0.981649,0.01114,0.007211,0.981649,OBSOLETO,0
v1|389188275387|0,VIGENTE,0,0.000748,0.998454,0.000798,0.000748,VIGENTE,1
v1|147337431547|0,VIGENTE,0,0.006913,0.989517,0.00357,0.006913,VIGENTE,1
151671457,OBSOLETO,2,0.999469,0.00036,0.000171,0.999469,OBSOLETO,1
152452965,EN_RIESGO,1,0.087783,0.016357,0.89586,0.087783,EN_RIESGO,1
20000980941,VIGENTE,0,0.002554,0.995114,0.002332,0.002554,VIGENTE,1
v1|336607532624|0,VIGENTE,0,0.06012,0.777277,0.162603,0.06012,VIGENTE,1
139583883,EN_RIESGO,1,0.993152,0.003968,0.00288,0.993152,OBSOLETO,0
145673336,OBSOLETO,2,0.996479,0.001819,0.001702,0.996479,OBSOLETO,1
v1|389562462761|0,VIGENTE,0,0.007217,0.987119,0.005664,0.007217,VIGENTE,1
130098782,EN_RIESGO,1,0.463979,0.007349,0.528672,0.463979,EN_RIESGO,1
143745731,EN_RIESGO,1,0.997761,0.001442,0.000797,0.997761,OBSOLETO,0
B0DSZL1MBV,OBSOLETO,2,0.128969,0.129489,0.741542,0.128969,EN_RIESGO,0
150051904,OBSOLETO,2,0.999832,0.000113,5.5e-05,0.999832,OBSOLETO,1
149072272,EN_RIESGO,1,0.998175,0.001315,0.00051,0.998175,OBSOLETO,0
152843263,VIGENTE,0,0.000777,0.998675,0.000547,0.000777,VIGENTE,1
,OBSOLETO,2,0.999991,6e-06,3e-06,0.999991,OBSOLETO,1
B0D1JZXJHH,EN_RIESGO,1,0.010328,0.003746,0.985926,0.010328,EN_RIESGO,1
154327273,VIGENTE,0,0.08491,0.877201,0.037889,0.08491,VIGENTE,1
,OBSOLETO,2,0.509639,0.392403,0.097957,0.509639,OBSOLETO,1
135555643,EN_RIESGO,1,0.006676,0.006234,0.98709,0.006676,EN_RIESGO,1
v1|284338406755|0,OBSOLETO,2,0.911312,0.046123,0.042565,0.911312,OBSOLETO,1
152430904,OBSOLETO,2,0.999996,3e-06,1e-06,0.999996,OBSOLETO,1
v1|227415120461|0,OBSOLETO,2,0.103129,0.039505,0.857366,0.103129,EN_RIESGO,0
151213087,OBSOLETO,2,0.933828,0.018507,0.047665,0.933828,OBSOLETO,1
B0GWDHHVLG,OBSOLETO,2,0.113315,0.114486,0.772199,0.113315,EN_RIESGO,0
155526094,EN_RIESGO,1,0.978046,0.013541,0.008412,0.978046,OBSOLETO,0
B07S6CRLVD,OBSOLETO,2,0.600231,0.149911,0.249857,0.600231,OBSOLETO,1
v1|389562462761|0,VIGENTE,0,0.007217,0.987119,0.005664,0.007217,VIGENTE,1
113630645,OBSOLETO,2,0.890558,0.064284,0.045158,0.890558,OBSOLETO,1
B0GGNW3S3M,EN_RIESGO,1,0.092815,0.247804,0.659381,0.092815,EN_RIESGO,1
v1|358630184347|0,VIGENTE,0,0.001597,0.996964,0.00144,0.001597,VIGENTE,1
v1|377077570755|0,EN_RIESGO,1,0.003513,0.001471,0.995016,0.003513,EN_RIESGO,1
v1|167656974527|0,OBSOLETO,2,0.997824,0.000983,0.001193,0.997824,OBSOLETO,1
152148757,OBSOLETO,2,0.973475,0.014659,0.011866,0.973475,OBSOLETO,1
v1|296722931654|0,VIGENTE,0,0.000364,0.999309,0.000327,0.000364,VIGENTE,1
146093296,VIGENTE,0,0.292875,0.705946,0.001179,0.292875,VIGENTE,1
141424716,OBSOLETO,2,0.140306,0.725718,0.133976,0.140306,VIGENTE,0
149072272,EN_RIESGO,1,0.995546,0.003015,0.001439,0.995546,OBSOLETO,0
1555491,OBSOLETO,2,0.202444,0.749395,0.048161,0.202444,VIGENTE,0
154680085,VIGENTE,0,0.001455,0.99762,0.000925,0.001455,VIGENTE,1
152116052,EN_RIESGO,1,0.988395,0.007057,0.004547,0.988395,OBSOLETO,0
135555643,EN_RIESGO,1,0.005388,0.004468,0.990144,0.005388,EN_RIESGO,1
,OBSOLETO,2,0.418082,0.05249,0.529428,0.418082,EN_RIESGO,0
v1|395541967953|0,EN_RIESGO,1,0.019464,0.013408,0.967127,0.019464,EN_RIESGO,1
152452909,VIGENTE,0,0.051747,0.942614,0.005639,0.051747,VIGENTE,1
,OBSOLETO,2,0.915375,0.052477,0.032148,0.915375,OBSOLETO,1
154329470,VIGENTE,0,0.000273,0.999544,0.000183,0.000273,VIGENTE,1
153727776,VIGENTE,0,0.000674,0.998863,0.000463,0.000674,VIGENTE,1
20000852355,VIGENTE,0,0.006356,0.991042,0.002602,0.006356,VIGENTE,1
152953987,VIGENTE,0,0.000919,0.998463,0.000618,0.000919,VIGENTE,1
151847638,VIGENTE,0,0.002463,0.995615,0.001921,0.002463,VIGENTE,1
v1|188436369008|0,VIGENTE,0,0.011273,0.98233,0.006397,0.011273,VIGENTE,1
153727074,VIGENTE,0,0.00817,0.987537,0.004293,0.00817,VIGENTE,1
153225450,VIGENTE,0,0.015322,0.964111,0.020567,0.015322,VIGENTE,1
153729311,VIGENTE,0,0.010502,0.981949,0.007549,0.010502,VIGENTE,1
155200961,VIGENTE,0,0.004499,0.995058,0.000443,0.004499,VIGENTE,1
v1|398167804098|0,EN_RIESGO,1,0.00286,0.000269,0.996872,0.00286,EN_RIESGO,1
153226538,VIGENTE,0,0.009236,0.983528,0.007235,0.009236,VIGENTE,1
153277721,VIGENTE,0,0.004185,0.992565,0.00325,0.004185,VIGENTE,1
3256812192922197,OBSOLETO,2,0.918279,0.043851,0.03787,0.918279,OBSOLETO,1
155659991,EN_RIESGO,1,0.159861,0.755232,0.084907,0.159861,VIGENTE,0
B0F32GFKW4,EN_RIESGO,1,0.921942,0.0465,0.031558,0.921942,OBSOLETO,0
v1|205669948428|0,OBSOLETO,2,0.995954,0.002504,0.001543,0.995954,OBSOLETO,1
v1|206363946527|0,EN_RIESGO,1,0.001747,4.3e-05,0.99821,0.001747,EN_RIESGO,1
121726707,OBSOLETO,2,0.999416,0.000389,0.000195,0.999416,OBSOLETO,1
B0GV8H69GX,EN_RIESGO,1,0.175344,0.106783,0.717873,0.175344,EN_RIESGO,1
,EN_RIESGO,1,0.012572,0.002373,0.985054,0.012572,EN_RIESGO,1
121410608,EN_RIESGO,1,0.02591,0.95445,0.019641,0.02591,VIGENTE,0
3256809743861744,EN_RIESGO,1,0.014516,0.012355,0.973129,0.014516,EN_RIESGO,1
v1|336571867174|0,EN_RIESGO,1,0.009786,0.001344,0.988869,0.009786,EN_RIESGO,1
121387635,EN_RIESGO,1,0.013102,0.012988,0.973909,0.013102,EN_RIESGO,1
,EN_RIESGO,1,0.955977,0.026253,0.01777,0.955977,OBSOLETO,0
v1|257438241305|0,VIGENTE,0,0.000604,0.999017,0.000379,0.000604,VIGENTE,1
,OBSOLETO,2,0.012705,0.000464,0.986831,0.012705,EN_RIESGO,0
v1|397833127346|0,OBSOLETO,2,0.757669,0.073106,0.169224,0.757669,OBSOLETO,1
153982632,OBSOLETO,2,0.999119,0.000543,0.000337,0.999119,OBSOLETO,1
v1|204708136301|505336697165,OBSOLETO,2,0.025869,0.003184,0.970947,0.025869,EN_RIESGO,0
3256808951638184,VIGENTE,0,0.002278,0.996071,0.001651,0.002278,VIGENTE,1
v1|257558361877|0,EN_RIESGO,1,0.0027,0.000126,0.997174,0.0027,EN_RIESGO,1
v1|307063309274|0,VIGENTE,0,0.008954,0.983346,0.0077,0.008954,VIGENTE,1
117047082,EN_RIESGO,1,0.397846,0.215681,0.386474,0.397846,OBSOLETO,0
3256808557182641,OBSOLETO,2,0.849062,0.078413,0.072526,0.849062,OBSOLETO,1
144312030,OBSOLETO,2,0.549089,0.210263,0.240648,0.549089,OBSOLETO,1
v1|188612962740|0,VIGENTE,0,0.062005,0.89081,0.047185,0.062005,VIGENTE,1
153982632,OBSOLETO,2,0.99756,0.00148,0.000959,0.99756,OBSOLETO,1
3256807087429894,OBSOLETO,2,0.992457,0.004019,0.003524,0.992457,OBSOLETO,1
v1|198487691210|0,EN_RIESGO,1,0.000917,7e-05,0.999012,0.000917,EN_RIESGO,1
B0FPFLDNH7,EN_RIESGO,1,0.005316,0.00085,0.993833,0.005316,EN_RIESGO,1
v1|227415120461|0,OBSOLETO,2,0.103129,0.039505,0.857366,0.103129,EN_RIESGO,0
151971504,EN_RIESGO,1,0.081292,0.028635,0.890073,0.081292,EN_RIESGO,1
154611813,OBSOLETO,2,0.997315,0.001151,0.001534,0.997315,OBSOLETO,1
151124591,VIGENTE,0,0.65992,0.323506,0.016575,0.65992,OBSOLETO,0
117047180,EN_RIESGO,1,0.128701,0.087906,0.783393,0.128701,EN_RIESGO,1
145605769,OBSOLETO,2,0.999977,1.6e-05,7e-06,0.999977,OBSOLETO,1
,EN_RIESGO,1,0.000917,7e-05,0.999012,0.000917,EN_RIESGO,1
154329190,VIGENTE,0,0.006859,0.989083,0.004058,0.006859,VIGENTE,1
v1|127838054301|0,VIGENTE,0,0.000964,0.998328,0.000708,0.000964,VIGENTE,1
135555601,EN_RIESGO,1,0.005388,0.004468,0.990144,0.005388,EN_RIESGO,1
20001338311,VIGENTE,0,0.000881,0.998534,0.000585,0.000881,VIGENTE,1
152148757,OBSOLETO,2,0.942091,0.031143,0.026766,0.942091,OBSOLETO,1
135555595,EN_RIESGO,1,0.006676,0.006234,0.98709,0.006676,EN_RIESGO,1
145459774,EN_RIESGO,1,0.012154,0.011782,0.976064,0.012154,EN_RIESGO,1
2255800076290248,OBSOLETO,2,0.999685,0.000207,0.000108,0.999685,OBSOLETO,1
B07MMD4DDJ,OBSOLETO,2,0.015495,0.00575,0.978756,0.015495,EN_RIESGO,0
B0GWDVDX1V,EN_RIESGO,1,0.574016,0.317099,0.108885,0.574016,OBSOLETO,0
154950331,EN_RIESGO,1,0.902722,0.047255,0.050023,0.902722,OBSOLETO,0
152004737,VIGENTE,0,0.001422,0.997792,0.000787,0.001422,VIGENTE,1
,OBSOLETO,2,0.999782,0.000147,7.1e-05,0.999782,OBSOLETO,1
152190011,VIGENTE,0,0.206606,0.443649,0.349745,0.206606,VIGENTE,1
v1|327190044133|0,VIGENTE,0,0.003906,0.992791,0.003303,0.003906,VIGENTE,1
153863941,OBSOLETO,2,0.974258,0.01331,0.012432,0.974258,OBSOLETO,1
B0GGPLY38R,EN_RIESGO,1,0.207764,0.540089,0.252147,0.207764,VIGENTE,0
B08GLX7TNT,EN_RIESGO,1,0.786779,0.103253,0.109968,0.786779,OBSOLETO,0
155118846,EN_RIESGO,1,0.682929,0.219373,0.097698,0.682929,OBSOLETO,0
v1|376667864913|0,VIGENTE,0,0.001503,0.997281,0.001216,0.001503,VIGENTE,1
v1|335924205743|0,VIGENTE,0,0.001079,0.997916,0.001005,0.001079,VIGENTE,1
153225427,VIGENTE,0,0.002828,0.994283,0.00289,0.002828,VIGENTE,1
B0CX1GPFW4,EN_RIESGO,1,0.005514,0.002274,0.992211,0.005514,EN_RIESGO,1
,EN_RIESGO,1,0.003044,0.000225,0.996732,0.003044,EN_RIESGO,1
140685392,OBSOLETO,2,0.999027,0.000451,0.000522,0.999027,OBSOLETO,1
155269107,VIGENTE,0,0.007393,0.988114,0.004493,0.007393,VIGENTE,1
152941762,OBSOLETO,2,0.99352,0.003296,0.003184,0.99352,OBSOLETO,1
v1|298483069202|0,VIGENTE,0,0.017866,0.966574,0.01556,0.017866,VIGENTE,1
152479361,EN_RIESGO,1,0.997599,0.001562,0.000839,0.997599,OBSOLETO,0
,EN_RIESGO,1,0.003363,0.000121,0.996515,0.003363,EN_RIESGO,1
v1|168527984009|0,VIGENTE,0,0.101005,0.648958,0.250036,0.101005,VIGENTE,1
20000852300,VIGENTE,0,0.051194,0.899689,0.049117,0.051194,VIGENTE,1
152116052,EN_RIESGO,1,0.980958,0.011781,0.007261,0.980958,OBSOLETO,0
v1|298388390982|0,VIGENTE,0,0.000725,0.998708,0.000567,0.000725,VIGENTE,1
153728733,VIGENTE,0,9.1e-05,0.999853,5.6e-05,9.1e-05,VIGENTE,1
B0CZN1RT44,EN_RIESGO,1,0.9346,0.035959,0.029441,0.9346,OBSOLETO,0
v1|398158584681|0,OBSOLETO,2,0.030614,0.0047,0.964687,0.030614,EN_RIESGO,0
154327413,VIGENTE,0,0.008623,0.985487,0.00589,0.008623,VIGENTE,1
154327413,VIGENTE,0,0.001219,0.997994,0.000786,0.001219,VIGENTE,1
,EN_RIESGO,1,0.00646,0.000408,0.993132,0.00646,EN_RIESGO,1
,OBSOLETO,2,0.998137,0.001184,0.000679,0.998137,OBSOLETO,1
3256810335030522,OBSOLETO,2,0.928854,0.038738,0.032408,0.928854,OBSOLETO,1
155551685,VIGENTE,0,0.007724,0.985655,0.006621,0.007724,VIGENTE,1
v1|305813674919|0,VIGENTE,0,0.000411,0.999243,0.000347,0.000411,VIGENTE,1
v1|376705461064|0,EN_RIESGO,1,0.003687,0.001123,0.99519,0.003687,EN_RIESGO,1
151581392,EN_RIESGO,1,0.870699,0.065523,0.063778,0.870699,OBSOLETO,0
152910979,EN_RIESGO,1,0.201419,0.608362,0.190219,0.201419,VIGENTE,0
,OBSOLETO,2,0.999634,0.000131,0.000236,0.999634,OBSOLETO,1
B0F9FPMNF2,VIGENTE,0,0.00774,0.986621,0.00564,0.00774,VIGENTE,1
v1|127694350650|0,EN_RIESGO,1,0.000598,3.8e-05,0.999364,0.000598,EN_RIESGO,1
153492939,VIGENTE,0,0.000293,0.999526,0.000181,0.000293,VIGENTE,1
v1|153469962880|453428440428,OBSOLETO,2,0.02298,0.007195,0.969824,0.02298,EN_RIESGO,0
v1|146753130552|445373540695,OBSOLETO,2,0.026632,0.00506,0.968307,0.026632,EN_RIESGO,0
v1|168387490796|0,EN_RIESGO,1,0.001387,0.000428,0.998185,0.001387,EN_RIESGO,1
154911994,VIGENTE,0,0.004994,0.991455,0.003551,0.004994,VIGENTE,1
155252357,VIGENTE,0,0.00216,0.996866,0.000974,0.00216,VIGENTE,1
,EN_RIESGO,1,0.935402,0.007666,0.056932,0.935402,OBSOLETO,0
151213087,OBSOLETO,2,0.989239,0.004287,0.006474,0.989239,OBSOLETO,1
121382398,EN_RIESGO,1,0.032244,0.025636,0.94212,0.032244,EN_RIESGO,1
152455229,VIGENTE,0,0.003183,0.994549,0.002268,0.003183,VIGENTE,1
v1|236802381010|0,VIGENTE,0,0.204892,0.783853,0.011256,0.204892,VIGENTE,1
v1|377012504805|0,VIGENTE,0,0.015128,0.973896,0.010976,0.015128,VIGENTE,1
3256807884064033,EN_RIESGO,1,0.041961,0.02298,0.93506,0.041961,EN_RIESGO,1
v1|254224015967|553615546453,OBSOLETO,2,0.063289,0.034531,0.90218,0.063289,EN_RIESGO,0
20001239883,OBSOLETO,2,0.999991,6e-06,2e-06,0.999991,OBSOLETO,1
151847638,VIGENTE,0,0.002608,0.995566,0.001826,0.002608,VIGENTE,1
148218824,OBSOLETO,2,0.993748,0.003948,0.002304,0.993748,OBSOLETO,1
117047139,EN_RIESGO,1,0.763017,0.114169,0.122814,0.763017,OBSOLETO,0
v1|398161054567|0,EN_RIESGO,1,0.002362,0.00063,0.997008,0.002362,EN_RIESGO,1
,OBSOLETO,2,0.999882,7.1e-05,4.7e-05,0.999882,OBSOLETO,1
152101681,EN_RIESGO,1,0.962471,0.020726,0.016802,0.962471,OBSOLETO,0
20001338316,VIGENTE,0,0.06873,0.917009,0.014262,0.06873,VIGENTE,1
,OBSOLETO,2,0.39443,0.051963,0.553608,0.39443,EN_RIESGO,0
,OBSOLETO,2,0.998597,0.000949,0.000454,0.998597,OBSOLETO,1
,OBSOLETO,2,0.984144,0.002651,0.013206,0.984144,OBSOLETO,1
v1|254224015967|553615546453,OBSOLETO,2,0.013774,0.004046,0.98218,0.013774,EN_RIESGO,0
153277450,VIGENTE,0,0.002856,0.995226,0.001918,0.002856,VIGENTE,1
152120292,OBSOLETO,2,0.999685,0.000216,9.9e-05,0.999685,OBSOLETO,1
152452915,VIGENTE,0,0.004808,0.992158,0.003034,0.004808,VIGENTE,1
,OBSOLETO,2,0.877193,0.038043,0.084764,0.877193,OBSOLETO,1
154123264,EN_RIESGO,1,0.144198,0.101678,0.754125,0.144198,EN_RIESGO,1
155200955,VIGENTE,0,0.0633,0.916711,0.019989,0.0633,VIGENTE,1
20001537341,OBSOLETO,2,0.999584,0.000283,0.000132,0.999584,OBSOLETO,1
151368159,OBSOLETO,2,0.143216,0.121314,0.73547,0.143216,EN_RIESGO,0
v1|254224015967|553615546453,OBSOLETO,2,0.063289,0.034531,0.90218,0.063289,EN_RIESGO,0
133734234,EN_RIESGO,1,0.036361,0.037582,0.926056,0.036361,EN_RIESGO,1
155296707,VIGENTE,0,0.000309,0.999501,0.00019,0.000309,VIGENTE,1
145910398,EN_RIESGO,1,0.398803,0.220841,0.380357,0.398803,OBSOLETO,0
v1|254224015967|553615546453,OBSOLETO,2,0.063289,0.034531,0.90218,0.063289,EN_RIESGO,0
20001544186,OBSOLETO,2,0.98071,0.011892,0.007398,0.98071,OBSOLETO,1
152177318,OBSOLETO,2,0.99626,0.001921,0.001819,0.99626,OBSOLETO,1
155252274,VIGENTE,0,0.014559,0.977547,0.007894,0.014559,VIGENTE,1
v1|284338406755|0,OBSOLETO,2,0.911312,0.046123,0.042565,0.911312,OBSOLETO,1
B0DM4SRF7K,EN_RIESGO,1,0.016352,0.008022,0.975626,0.016352,EN_RIESGO,1
154327385,VIGENTE,0,0.000907,0.998395,0.000697,0.000907,VIGENTE,1
v1|405119030958|0,EN_RIESGO,1,0.001203,7.3e-05,0.998724,0.001203,EN_RIESGO,1
3256807017580180,OBSOLETO,2,0.98836,0.006882,0.004758,0.98836,OBSOLETO,1
144651951,VIGENTE,0,0.004865,0.99218,0.002955,0.004865,VIGENTE,1
,EN_RIESGO,1,0.050229,0.006638,0.943133,0.050229,EN_RIESGO,1
145499559,OBSOLETO,2,0.992845,0.004429,0.002726,0.992845,OBSOLETO,1
140685392,OBSOLETO,2,0.918401,0.00958,0.072019,0.918401,OBSOLETO,1
B0DXK2M53G,EN_RIESGO,1,0.126899,0.803869,0.069232,0.126899,VIGENTE,0
151760767,VIGENTE,0,0.000927,0.998465,0.000607,0.000927,VIGENTE,1
v1|136963064137|0,EN_RIESGO,1,0.002076,0.000131,0.997793,0.002076,EN_RIESGO,1
154122345,VIGENTE,0,0.001099,0.998281,0.00062,0.001099,VIGENTE,1
B0FBMB9374,EN_RIESGO,1,0.197464,0.153751,0.648785,0.197464,EN_RIESGO,1
154329523,VIGENTE,0,0.004252,0.99535,0.000398,0.004252,VIGENTE,1
151841718,VIGENTE,0,0.000198,0.999678,0.000124,0.000198,VIGENTE,1
151092634,VIGENTE,0,0.423607,0.512113,0.06428,0.423607,VIGENTE,1
B0GRCGJSJT,EN_RIESGO,1,0.945325,0.031504,0.023171,0.945325,OBSOLETO,0
v1|406207521757|0,EN_RIESGO,1,0.00646,0.000408,0.993132,0.00646,EN_RIESGO,1
3256808799078515,EN_RIESGO,1,0.958103,0.024552,0.017345,0.958103,OBSOLETO,0
154329482,VIGENTE,0,0.839554,0.157129,0.003317,0.839554,OBSOLETO,0
154803072,VIGENTE,0,0.903127,0.056599,0.040274,0.903127,OBSOLETO,0
153160748,OBSOLETO,2,1.0,0.0,0.0,1.0,OBSOLETO,1
155092667,OBSOLETO,2,0.952989,0.027075,0.019936,0.952989,OBSOLETO,1
B0F32GFKW4,EN_RIESGO,1,0.3659,0.427018,0.207082,0.3659,VIGENTE,0
3256807921006838,OBSOLETO,2,0.997011,0.001867,0.001122,0.997011,OBSOLETO,1
v1|398158584681|0,OBSOLETO,2,0.030614,0.0047,0.964687,0.030614,EN_RIESGO,0
3256809753186026,OBSOLETO,2,0.999706,0.000186,0.000108,0.999706,OBSOLETO,1
v1|336668121467|0,VIGENTE,0,0.105879,0.154853,0.739268,0.105879,EN_RIESGO,0
145798008,EN_RIESGO,1,0.431602,0.303258,0.26514,0.431602,OBSOLETO,0
,EN_RIESGO,1,0.003252,0.00037,0.996378,0.003252,EN_RIESGO,1
155000915,VIGENTE,0,0.006859,0.989083,0.004058,0.006859,VIGENTE,1
154602481,EN_RIESGO,1,0.499412,0.256849,0.243739,0.499412,OBSOLETO,0
151971401,EN_RIESGO,1,0.98748,0.003932,0.008589,0.98748,OBSOLETO,0
v1|224404817504|523189980862,OBSOLETO,2,0.022777,0.007455,0.969769,0.022777,EN_RIESGO,0
149164781,OBSOLETO,2,0.995661,0.002373,0.001966,0.995661,OBSOLETO,1
B0D54QJ9CJ,EN_RIESGO,1,0.001768,0.000543,0.997689,0.001768,EN_RIESGO,1
v1|254219753793|553607618438,OBSOLETO,2,0.011113,0.002362,0.986524,0.011113,EN_RIESGO,0
B0H73JM3MM,EN_RIESGO,1,0.018823,0.014775,0.966402,0.018823,EN_RIESGO,1
v1|396723951897|0,EN_RIESGO,1,0.024662,0.003049,0.972289,0.024662,EN_RIESGO,1
153376002,EN_RIESGO,1,0.991889,0.00553,0.002581,0.991889,OBSOLETO,0
154751672,EN_RIESGO,1,0.997737,0.001435,0.000828,0.997737,OBSOLETO,0
v1|352657142436|622002625078,OBSOLETO,2,0.073902,0.041949,0.884149,0.073902,EN_RIESGO,0
20001357284,OBSOLETO,2,0.939226,0.042627,0.018147,0.939226,OBSOLETO,1
2251832746278170,OBSOLETO,2,0.139054,0.061,0.799946,0.139054,EN_RIESGO,0
151841718,VIGENTE,0,0.00475,0.99308,0.00217,0.00475,VIGENTE,1
v1|327018523485|0,OBSOLETO,2,0.07618,0.027574,0.896246,0.07618,EN_RIESGO,0
3256809743607667,OBSOLETO,2,0.999889,7.4e-05,3.8e-05,0.999889,OBSOLETO,1
142771744,VIGENTE,0,0.060288,0.839701,0.100011,0.060288,VIGENTE,1
B07S4MSXJL,OBSOLETO,2,0.969133,0.016609,0.014258,0.969133,OBSOLETO,1
v1|336571867174|0,EN_RIESGO,1,0.005614,0.000585,0.993801,0.005614,EN_RIESGO,1
,EN_RIESGO,1,0.002227,0.000287,0.997486,0.002227,EN_RIESGO,1
152083482,VIGENTE,0,0.461575,0.483334,0.055091,0.461575,VIGENTE,1
3256809724801524,EN_RIESGO,1,0.026523,0.936456,0.037021,0.026523,VIGENTE,0
152116043,EN_RIESGO,1,0.280265,0.557164,0.162572,0.280265,VIGENTE,0
v1|377218238344|0,VIGENTE,0,0.000716,0.998726,0.000558,0.000716,VIGENTE,1
152004751,VIGENTE,0,0.000244,0.999596,0.00016,0.000244,VIGENTE,1
140159553,OBSOLETO,2,0.297162,0.641959,0.060879,0.297162,VIGENTE,0
B0GLPHH6JD,OBSOLETO,2,0.218494,0.072542,0.708964,0.218494,EN_RIESGO,0
,OBSOLETO,2,0.997187,0.001423,0.001389,0.997187,OBSOLETO,1
152004543,VIGENTE,0,0.001256,0.997962,0.000782,0.001256,VIGENTE,1
121609851,EN_RIESGO,1,0.03858,0.048639,0.912781,0.03858,EN_RIESGO,1
,OBSOLETO,2,0.998966,0.000626,0.000409,0.998966,OBSOLETO,1
v1|376704567287|0,EN_RIESGO,1,0.001228,0.000113,0.998659,0.001228,EN_RIESGO,1
151996321,VIGENTE,0,0.004433,0.993139,0.002428,0.004433,VIGENTE,1
154595215,VIGENTE,0,0.069517,0.872885,0.057598,0.069517,VIGENTE,1
145673336,OBSOLETO,2,0.994602,0.002735,0.002662,0.994602,OBSOLETO,1
B0DKLHDQNS,VIGENTE,0,0.001342,0.997815,0.000843,0.001342,VIGENTE,1
154379353,OBSOLETO,2,0.74077,0.16323,0.096,0.74077,OBSOLETO,1
147766349,VIGENTE,0,0.001143,0.998276,0.00058,0.001143,VIGENTE,1
152138812,OBSOLETO,2,0.804012,0.025102,0.170885,0.804012,OBSOLETO,1
153226538,VIGENTE,0,0.006998,0.987384,0.005618,0.006998,VIGENTE,1
154952734,VIGENTE,0,0.001305,0.997816,0.000879,0.001305,VIGENTE,1
142142968,OBSOLETO,2,0.999865,9.3e-05,4.2e-05,0.999865,OBSOLETO,1
153277721,VIGENTE,0,0.004631,0.992114,0.003255,0.004631,VIGENTE,1
B07HHN6KBZ,OBSOLETO,2,0.862893,0.077205,0.059902,0.862893,OBSOLETO,1
154751672,EN_RIESGO,1,0.999021,0.000628,0.000351,0.999021,OBSOLETO,0
v1|167004388980|0,VIGENTE,0,0.001398,0.997246,0.001356,0.001398,VIGENTE,1
,OBSOLETO,2,0.999884,7.9e-05,3.6e-05,0.999884,OBSOLETO,1
154799346,VIGENTE,0,0.004403,0.993235,0.002363,0.004403,VIGENTE,1
152843263,VIGENTE,0,0.00103,0.998182,0.000789,0.00103,VIGENTE,1
151971504,EN_RIESGO,1,0.112131,0.03693,0.850938,0.112131,EN_RIESGO,1
v1|318609211069|0,OBSOLETO,2,0.47916,0.114303,0.406537,0.47916,OBSOLETO,1
126618856,EN_RIESGO,1,0.6765,0.153527,0.169973,0.6765,OBSOLETO,0
152178089,OBSOLETO,2,0.253802,0.06098,0.685218,0.253802,EN_RIESGO,0
152116052,EN_RIESGO,1,0.994543,0.003386,0.002071,0.994543,OBSOLETO,0
v1|158042337319|0,EN_RIESGO,1,0.000255,1.4e-05,0.99973,0.000255,EN_RIESGO,1
144296485,VIGENTE,0,0.047359,0.807477,0.145164,0.047359,VIGENTE,1
B0DBR3DZWG,EN_RIESGO,1,0.797029,0.101672,0.1013,0.797029,OBSOLETO,0
B0BLJGW838,EN_RIESGO,1,0.0141,0.005686,0.980213,0.0141,EN_RIESGO,1
153727776,VIGENTE,0,0.000498,0.999153,0.000349,0.000498,VIGENTE,1
154898853,EN_RIESGO,1,0.008903,0.002719,0.988378,0.008903,EN_RIESGO,1
153226277,VIGENTE,0,0.0022,0.995957,0.001843,0.0022,VIGENTE,1
152004751,VIGENTE,0,0.000227,0.999647,0.000127,0.000227,VIGENTE,1
,OBSOLETO,2,0.043714,0.016765,0.939521,0.043714,EN_RIESGO,0
v1|167004388980|0,VIGENTE,0,0.001398,0.997246,0.001356,0.001398,VIGENTE,1
v1|153469962880|453428440428,OBSOLETO,2,0.012382,0.003495,0.984123,0.012382,EN_RIESGO,0
3256807031149042,OBSOLETO,2,0.99809,0.001168,0.000742,0.99809,OBSOLETO,1
v1|376705461064|0,EN_RIESGO,1,0.003687,0.001123,0.99519,0.003687,EN_RIESGO,1
v1|284338406755|0,OBSOLETO,2,0.911312,0.046123,0.042565,0.911312,OBSOLETO,1
152914315,EN_RIESGO,1,0.872983,0.084768,0.042249,0.872983,OBSOLETO,0
142797312,EN_RIESGO,1,0.990215,0.005913,0.003872,0.990215,OBSOLETO,0
151512444,EN_RIESGO,1,0.567116,0.062776,0.370107,0.567116,OBSOLETO,0
,OBSOLETO,2,0.362088,0.009201,0.628712,0.362088,EN_RIESGO,0
v1|227324307541|0,EN_RIESGO,1,0.002093,0.000113,0.997794,0.002093,EN_RIESGO,1
152455121,VIGENTE,0,0.00136,0.997905,0.000736,0.00136,VIGENTE,1
B0DC1WB2RM,EN_RIESGO,1,0.037778,0.026343,0.93588,0.037778,EN_RIESGO,1
128851165,OBSOLETO,2,0.997996,0.001087,0.000917,0.997996,OBSOLETO,1
133734184,EN_RIESGO,1,0.058136,0.078213,0.863651,0.058136,EN_RIESGO,1
142854435,OBSOLETO,2,0.029941,0.009565,0.960494,0.029941,EN_RIESGO,0
144381399,OBSOLETO,2,0.994507,0.003481,0.002012,0.994507,OBSOLETO,1
B0CX1GPFW4,EN_RIESGO,1,0.005514,0.002274,0.992211,0.005514,EN_RIESGO,1
155530125,EN_RIESGO,1,0.072058,0.115807,0.812134,0.072058,EN_RIESGO,1
152517034,VIGENTE,0,0.041637,0.953537,0.004826,0.041637,VIGENTE,1
155118846,EN_RIESGO,1,0.669234,0.25723,0.073536,0.669234,OBSOLETO,0
152298139,OBSOLETO,2,0.284897,0.055896,0.659207,0.284897,EN_RIESGO,0
B07MMD4DDJ,OBSOLETO,2,0.020823,0.012427,0.96675,0.020823,EN_RIESGO,0
154918316,EN_RIESGO,1,0.12323,0.087381,0.789389,0.12323,EN_RIESGO,1
142147243,OBSOLETO,2,0.999451,0.000363,0.000186,0.999451,OBSOLETO,1
154677500,VIGENTE,0,0.000927,0.998554,0.000519,0.000927,VIGENTE,1
152189901,VIGENTE,0,0.011928,0.986256,0.001815,0.011928,VIGENTE,1
v1|254219753793|553607618438,OBSOLETO,2,0.011113,0.002362,0.986524,0.011113,EN_RIESGO,0
153728388,VIGENTE,0,0.000373,0.999361,0.000266,0.000373,VIGENTE,1
v1|286680045951|0,EN_RIESGO,1,0.041121,0.014117,0.944762,0.041121,EN_RIESGO,1
,EN_RIESGO,1,0.023804,0.002315,0.973881,0.023804,EN_RIESGO,1
v1|127902107224|0,OBSOLETO,2,0.114132,0.085969,0.799899,0.114132,EN_RIESGO,0
20001536492,OBSOLETO,2,0.999398,0.000403,0.000199,0.999398,OBSOLETO,1
135575752,EN_RIESGO,1,0.835867,0.085005,0.079128,0.835867,OBSOLETO,0
B0DJ1D4GTY,EN_RIESGO,1,0.263937,0.174258,0.561805,0.263937,EN_RIESGO,1
v1|177065851211|0,EN_RIESGO,1,0.003252,0.00037,0.996378,0.003252,EN_RIESGO,1
115466432,OBSOLETO,2,0.986971,0.004822,0.008207,0.986971,OBSOLETO,1
,OBSOLETO,2,0.07618,0.027574,0.896246,0.07618,EN_RIESGO,0
154329482,VIGENTE,0,0.402011,0.594147,0.003842,0.402011,VIGENTE,1
B0DJ1D4GTY,EN_RIESGO,1,0.272338,0.185826,0.541837,0.272338,EN_RIESGO,1
154677500,VIGENTE,0,0.000583,0.999168,0.000249,0.000583,VIGENTE,1
v1|254224015967|553615546453,OBSOLETO,2,0.013774,0.004046,0.98218,0.013774,EN_RIESGO,0
,OBSOLETO,2,0.018488,0.004658,0.976854,0.018488,EN_RIESGO,0
151367896,EN_RIESGO,1,0.029423,0.042636,0.92794,0.029423,EN_RIESGO,1
154488531,EN_RIESGO,1,0.996959,0.00238,0.000662,0.996959,OBSOLETO,0
153540972,OBSOLETO,2,0.995373,0.002901,0.001726,0.995373,OBSOLETO,1
B0D9YBN4L5,EN_RIESGO,1,0.557314,0.422243,0.020444,0.557314,OBSOLETO,0
v1|146753130552|445373540695,OBSOLETO,2,0.026632,0.00506,0.968307,0.026632,EN_RIESGO,0
,OBSOLETO,2,0.458263,0.33691,0.204827,0.458263,OBSOLETO,1
v1|377256752129|0,EN_RIESGO,1,0.002276,0.000254,0.99747,0.002276,EN_RIESGO,1
B0H2GC62FR,VIGENTE,0,0.001729,0.996987,0.001284,0.001729,VIGENTE,1
v1|267536647731|0,EN_RIESGO,1,0.00835,0.000865,0.990785,0.00835,EN_RIESGO,1
v1|306438353997|0,OBSOLETO,2,0.718449,0.078628,0.202924,0.718449,OBSOLETO,1
,OBSOLETO,2,0.666971,0.01283,0.3202,0.666971,OBSOLETO,1
v1|116585500403|0,EN_RIESGO,1,0.010529,0.000909,0.988562,0.010529,EN_RIESGO,1
152116043,EN_RIESGO,1,0.131702,0.764412,0.103887,0.131702,VIGENTE,0
B0GR4PWM41,VIGENTE,0,0.005696,0.989841,0.004463,0.005696,VIGENTE,1
v1|267720775425|0,OBSOLETO,2,0.043705,0.017633,0.938662,0.043705,EN_RIESGO,0
,OBSOLETO,2,0.993866,0.003849,0.002285,0.993866,OBSOLETO,1
v1|287441960418|0,VIGENTE,0,0.000513,0.999123,0.000364,0.000513,VIGENTE,1
149120066,VIGENTE,0,0.01323,0.984308,0.002463,0.01323,VIGENTE,1
144589080,OBSOLETO,2,0.981299,0.009882,0.008819,0.981299,OBSOLETO,1
151129212,VIGENTE,0,0.019138,0.968846,0.012015,0.019138,VIGENTE,1
153151149,EN_RIESGO,1,0.494691,0.39827,0.107038,0.494691,OBSOLETO,0
v1|236374482032|0,EN_RIESGO,1,0.017845,0.002564,0.979591,0.017845,EN_RIESGO,1
v1|397000156754|0,EN_RIESGO,1,0.012572,0.002373,0.985054,0.012572,EN_RIESGO,1
B0F928KVJ6,VIGENTE,0,0.002768,0.996322,0.00091,0.002768,VIGENTE,1
v1|168250169745|0,VIGENTE,0,0.014258,0.977083,0.008659,0.014258,VIGENTE,1
v1|398158584681|0,OBSOLETO,2,0.030614,0.0047,0.964687,0.030614,EN_RIESGO,0
v1|254224015967|553615546453,OBSOLETO,2,0.013774,0.004046,0.98218,0.013774,EN_RIESGO,0
v1|358630184347|0,VIGENTE,0,0.001597,0.996964,0.00144,0.001597,VIGENTE,1
155551685,VIGENTE,0,0.003005,0.994507,0.002487,0.003005,VIGENTE,1
152966565,VIGENTE,0,0.022419,0.961733,0.015848,0.022419,VIGENTE,1
v1|298510050801|0,VIGENTE,0,0.023311,0.961543,0.015146,0.023311,VIGENTE,1
142687863,VIGENTE,0,0.003911,0.994121,0.001967,0.003911,VIGENTE,1
v1|227415119277|0,OBSOLETO,2,0.805429,0.079702,0.114869,0.805429,OBSOLETO,1
2251832489330523,OBSOLETO,2,0.983094,0.006937,0.009969,0.983094,OBSOLETO,1
152911953,EN_RIESGO,1,0.991901,0.005127,0.002972,0.991901,OBSOLETO,0
v1|327018523485|0,OBSOLETO,2,0.07618,0.027574,0.896246,0.07618,EN_RIESGO,0
154799342,EN_RIESGO,1,0.094079,0.037998,0.867923,0.094079,EN_RIESGO,1
,OBSOLETO,2,0.344804,0.016713,0.638483,0.344804,EN_RIESGO,0
148597259,VIGENTE,0,0.173079,0.261642,0.565279,0.173079,EN_RIESGO,0
155296707,VIGENTE,0,0.00049,0.999179,0.000331,0.00049,VIGENTE,1
v1|358615569433|0,EN_RIESGO,1,0.008679,0.000886,0.990435,0.008679,EN_RIESGO,1
152118334,VIGENTE,0,0.000142,0.999753,0.000105,0.000142,VIGENTE,1
v1|146753130552|445373540695,OBSOLETO,2,0.036527,0.006214,0.957259,0.036527,EN_RIESGO,0
v1|397682449549|0,EN_RIESGO,1,0.009022,0.003489,0.987489,0.009022,EN_RIESGO,1
154977423,VIGENTE,0,0.009099,0.987409,0.003492,0.009099,VIGENTE,1
154680085,VIGENTE,0,0.000848,0.99858,0.000572,0.000848,VIGENTE,1
117047180,EN_RIESGO,1,0.285341,0.28002,0.434639,0.285341,EN_RIESGO,1
153277450,VIGENTE,0,0.00782,0.98663,0.00555,0.00782,VIGENTE,1
154952734,VIGENTE,0,0.005832,0.99083,0.003338,0.005832,VIGENTE,1
,EN_RIESGO,1,0.002501,6.5e-05,0.997434,0.002501,EN_RIESGO,1
153277450,VIGENTE,0,0.008019,0.985262,0.00672,0.008019,VIGENTE,1
155403213,VIGENTE,0,0.003555,0.993291,0.003154,0.003555,VIGENTE,1
B0FD7HZSSY,EN_RIESGO,1,0.029605,0.014681,0.955714,0.029605,EN_RIESGO,1
152190011,VIGENTE,0,0.311329,0.592386,0.096285,0.311329,VIGENTE,1
155296707,VIGENTE,0,0.000341,0.999442,0.000217,0.000341,VIGENTE,1
,EN_RIESGO,1,0.133191,0.082131,0.784678,0.133191,EN_RIESGO,1
B0DPFCNKTC,VIGENTE,0,0.01594,0.981571,0.002489,0.01594,VIGENTE,1
145673336,OBSOLETO,2,0.994602,0.002735,0.002662,0.994602,OBSOLETO,1
150559519,EN_RIESGO,1,0.760886,0.133934,0.10518,0.760886,OBSOLETO,0
20001461360,OBSOLETO,2,0.970343,0.017554,0.012103,0.970343,OBSOLETO,1
150684983,EN_RIESGO,1,0.011804,0.01722,0.970976,0.011804,EN_RIESGO,1
152217120,EN_RIESGO,1,0.126947,0.150294,0.722759,0.126947,EN_RIESGO,1
,OBSOLETO,2,0.999284,0.00044,0.000276,0.999284,OBSOLETO,1
139947752,OBSOLETO,2,0.988922,0.007091,0.003987,0.988922,OBSOLETO,1
124226905,OBSOLETO,2,0.523395,0.315534,0.16107,0.523395,OBSOLETO,1
B0F6L8D8KB,EN_RIESGO,1,0.049773,0.020342,0.929885,0.049773,EN_RIESGO,1
B07JQ3638R,OBSOLETO,2,0.079421,0.04452,0.876059,0.079421,EN_RIESGO,0
154488531,EN_RIESGO,1,0.99137,0.005421,0.003209,0.99137,OBSOLETO,0
132843220,EN_RIESGO,1,0.091581,0.014602,0.893817,0.091581,EN_RIESGO,1
144742549,EN_RIESGO,1,0.018861,0.014528,0.966612,0.018861,EN_RIESGO,1
153210722,EN_RIESGO,1,0.187053,0.110504,0.702443,0.187053,EN_RIESGO,1
v1|227149459973|0,VIGENTE,0,0.244322,0.635564,0.120113,0.244322,VIGENTE,1
v1|205669948428|0,OBSOLETO,2,0.995954,0.002504,0.001543,0.995954,OBSOLETO,1
B0GRCHBPYQ,EN_RIESGO,1,0.738521,0.127049,0.13443,0.738521,OBSOLETO,0
155252433,VIGENTE,0,0.008417,0.989951,0.001632,0.008417,VIGENTE,1
3108253,OBSOLETO,2,0.602505,0.328032,0.069463,0.602505,OBSOLETO,1
B0GBR9SHZB,EN_RIESGO,1,0.679326,0.233791,0.086884,0.679326,OBSOLETO,0
B086MLQHZY,OBSOLETO,2,0.981781,0.011172,0.007047,0.981781,OBSOLETO,1
v1|188650827727|0,VIGENTE,0,0.006851,0.98737,0.005778,0.006851,VIGENTE,1
148597744,VIGENTE,0,0.248344,0.747265,0.004391,0.248344,VIGENTE,1
,OBSOLETO,2,0.002015,0.000303,0.997682,0.002015,EN_RIESGO,0
v1|224404817504|523189980862,OBSOLETO,2,0.077045,0.045767,0.877188,0.077045,EN_RIESGO,0
,OBSOLETO,2,0.718449,0.078628,0.202924,0.718449,OBSOLETO,1
v1|407029123079|0,VIGENTE,0,0.007757,0.987439,0.004804,0.007757,VIGENTE,1
154926080,VIGENTE,0,0.012297,0.978369,0.009334,0.012297,VIGENTE,1
3256808219970860,OBSOLETO,2,0.999456,0.000348,0.000195,0.999456,OBSOLETO,1
121387635,EN_RIESGO,1,0.01169,0.011652,0.976658,0.01169,EN_RIESGO,1
20001288824,OBSOLETO,2,0.921123,0.046962,0.031915,0.921123,OBSOLETO,1
v1|298420358719|0,EN_RIESGO,1,0.002604,0.000251,0.997145,0.002604,EN_RIESGO,1
152148757,OBSOLETO,2,0.982152,0.01009,0.007758,0.982152,OBSOLETO,1
20001544007,OBSOLETO,2,0.950873,0.027694,0.021432,0.950873,OBSOLETO,1
,OBSOLETO,2,0.989126,0.002747,0.008127,0.989126,OBSOLETO,1
155403221,VIGENTE,0,0.061792,0.739508,0.1987,0.061792,VIGENTE,1
135555741,EN_RIESGO,1,0.013642,0.014855,0.971503,0.013642,EN_RIESGO,1
,OBSOLETO,2,0.998454,0.000953,0.000593,0.998454,OBSOLETO,1
,OBSOLETO,2,0.888336,0.068364,0.0433,0.888336,OBSOLETO,1
v1|127831476599|0,OBSOLETO,2,0.067866,0.039736,0.892398,0.067866,EN_RIESGO,0
B0C69R19Y3,EN_RIESGO,1,0.300794,0.541671,0.157535,0.300794,VIGENTE,0
154595215,VIGENTE,0,0.275013,0.558242,0.166745,0.275013,VIGENTE,1
151062537,EN_RIESGO,1,0.10093,0.115936,0.783134,0.10093,EN_RIESGO,1
3256805297848107,EN_RIESGO,1,0.013609,0.00297,0.983422,0.013609,EN_RIESGO,1
3256809865669364,EN_RIESGO,1,0.227919,0.202017,0.570064,0.227919,EN_RIESGO,1
155403175,VIGENTE,0,0.01906,0.953216,0.027724,0.01906,VIGENTE,1
v1|377333704523|0,EN_RIESGO,1,0.005041,0.001138,0.993821,0.005041,EN_RIESGO,1
v1|127831476599|0,OBSOLETO,2,0.067866,0.039736,0.892398,0.067866,EN_RIESGO,0
B0GTYWX418,VIGENTE,0,0.008835,0.988379,0.002786,0.008835,VIGENTE,1
,OBSOLETO,2,0.063289,0.034531,0.90218,0.063289,EN_RIESGO,0
20001210265,VIGENTE,0,0.010422,0.975376,0.014202,0.010422,VIGENTE,1
v1|406733453270|0,VIGENTE,0,0.015352,0.974211,0.010437,0.015352,VIGENTE,1
v1|147385491152|0,VIGENTE,0,0.000304,0.999474,0.000222,0.000304,VIGENTE,1
155252433,VIGENTE,0,0.001071,0.998402,0.000527,0.001071,VIGENTE,1
20001244263,VIGENTE,0,0.897734,0.091553,0.010713,0.897734,OBSOLETO,0
v1|236802381010|0,VIGENTE,0,0.204892,0.783853,0.011256,0.204892,VIGENTE,1
151841718,VIGENTE,0,0.0004,0.999392,0.000208,0.0004,VIGENTE,1
B082FNG4G7,OBSOLETO,2,0.322981,0.203456,0.473562,0.322981,EN_RIESGO,0
B09JG4TTP2,EN_RIESGO,1,0.013394,0.006265,0.980341,0.013394,EN_RIESGO,1
150167937,OBSOLETO,2,0.999769,0.000152,7.8e-05,0.999769,OBSOLETO,1
v1|316851052707|0,VIGENTE,0,0.008859,0.984799,0.006342,0.008859,VIGENTE,1
151213087,OBSOLETO,2,0.983715,0.005232,0.011054,0.983715,OBSOLETO,1
135555741,EN_RIESGO,1,0.024777,0.03636,0.938863,0.024777,EN_RIESGO,1
B0BR8SGYXP,EN_RIESGO,1,0.014522,0.008401,0.977077,0.014522,EN_RIESGO,1
B01GW6AEHY,VIGENTE,0,0.007517,0.981265,0.011218,0.007517,VIGENTE,1
148597093,VIGENTE,0,0.18688,0.657641,0.155479,0.18688,VIGENTE,1
152004543,VIGENTE,0,0.000587,0.999057,0.000356,0.000587,VIGENTE,1
B0DJ1D4GTY,EN_RIESGO,1,0.272338,0.185826,0.541837,0.272338,EN_RIESGO,1
B0DBR9RZLV,EN_RIESGO,1,0.96183,0.028827,0.009343,0.96183,OBSOLETO,0
v1|197367028551|0,OBSOLETO,2,0.394371,0.129084,0.476544,0.394371,EN_RIESGO,0
B0DKCNH6FT,EN_RIESGO,1,0.053157,0.026326,0.920518,0.053157,EN_RIESGO,1
B0DVCCJQ4K,EN_RIESGO,1,0.347345,0.585421,0.067234,0.347345,VIGENTE,0
,EN_RIESGO,1,0.943096,0.032999,0.023905,0.943096,OBSOLETO,0
10065656,EN_RIESGO,1,0.1078,0.026384,0.865815,0.1078,EN_RIESGO,1
v1|147376211992|0,VIGENTE,0,0.001283,0.997836,0.000881,0.001283,VIGENTE,1
133257372,EN_RIESGO,1,0.268768,0.16802,0.563213,0.268768,EN_RIESGO,1
3256806807678080,OBSOLETO,2,0.997869,0.001267,0.000864,0.997869,OBSOLETO,1
v1|257547145949|0,VIGENTE,0,0.003176,0.994656,0.002168,0.003176,VIGENTE,1
,EN_RIESGO,1,0.010734,0.005064,0.984202,0.010734,EN_RIESGO,1
v1|157832079765|0,OBSOLETO,2,0.72505,0.090633,0.184317,0.72505,OBSOLETO,1
155126856,VIGENTE,0,0.00084,0.998678,0.000482,0.00084,VIGENTE,1
,OBSOLETO,2,0.113179,0.063115,0.823706,0.113179,EN_RIESGO,0
v1|336607532624|0,VIGENTE,0,0.06012,0.777277,0.162603,0.06012,VIGENTE,1
151841771,VIGENTE,0,0.000304,0.999514,0.000182,0.000304,VIGENTE,1
v1|127898871638|0,VIGENTE,0,0.062936,0.858612,0.078452,0.062936,VIGENTE,1
155554477,EN_RIESGO,1,0.11298,0.155647,0.731373,0.11298,EN_RIESGO,1
153234210,VIGENTE,0,0.008651,0.98567,0.005679,0.008651,VIGENTE,1
B0C69R19Y3,EN_RIESGO,1,0.786055,0.117934,0.09601,0.786055,OBSOLETO,0
B0FXHPBJ1Z,VIGENTE,0,0.321369,0.670594,0.008036,0.321369,VIGENTE,1
155429796,VIGENTE,0,0.030211,0.922936,0.046853,0.030211,VIGENTE,1
133734230,EN_RIESGO,1,0.187762,0.185768,0.62647,0.187762,EN_RIESGO,1
140972977,EN_RIESGO,1,0.84922,0.079376,0.071405,0.84922,OBSOLETO,0
144601925,OBSOLETO,2,0.999073,0.000304,0.000623,0.999073,OBSOLETO,1
152676132,VIGENTE,0,0.002704,0.995294,0.002002,0.002704,VIGENTE,1
v1|224404817504|523189980862,OBSOLETO,2,0.077045,0.045767,0.877188,0.077045,EN_RIESGO,0
155521197,OBSOLETO,2,0.02688,0.013672,0.959448,0.02688,EN_RIESGO,0
142771744,VIGENTE,0,0.084909,0.731772,0.183318,0.084909,VIGENTE,1
153982632,OBSOLETO,2,0.999586,0.000253,0.000162,0.999586,OBSOLETO,1
B0H2B5NTL5,VIGENTE,0,0.001445,0.997568,0.000987,0.001445,VIGENTE,1
,EN_RIESGO,1,0.003687,0.001123,0.99519,0.003687,EN_RIESGO,1
v1|197367028551|0,OBSOLETO,2,0.394371,0.129084,0.476544,0.394371,EN_RIESGO,0
154911994,VIGENTE,0,0.032314,0.941136,0.02655,0.032314,VIGENTE,1
152836062,EN_RIESGO,1,0.998553,0.000923,0.000525,0.998553,OBSOLETO,0
B07MMD4DDJ,OBSOLETO,2,0.006596,0.001878,0.991526,0.006596,EN_RIESGO,0
152138812,OBSOLETO,2,0.897925,0.016087,0.085988,0.897925,OBSOLETO,1
151124591,VIGENTE,0,0.044945,0.9292,0.025855,0.044945,VIGENTE,1
v1|365432154059|0,VIGENTE,0,0.013914,0.978632,0.007453,0.013914,VIGENTE,1
3256808526461922,OBSOLETO,2,0.995767,0.002437,0.001796,0.995767,OBSOLETO,1
151213087,OBSOLETO,2,0.96538,0.009216,0.025404,0.96538,OBSOLETO,1
152452909,VIGENTE,0,0.032691,0.95748,0.009828,0.032691,VIGENTE,1
v1|298248080492|0,VIGENTE,0,9.4e-05,0.999841,6.6e-05,9.4e-05,VIGENTE,1
B0DYDHDDWP,EN_RIESGO,1,0.043597,0.082716,0.873687,0.043597,EN_RIESGO,1
144589080,OBSOLETO,2,0.976992,0.011586,0.011422,0.976992,OBSOLETO,1
155252517,VIGENTE,0,0.013129,0.979262,0.007609,0.013129,VIGENTE,1
155000811,VIGENTE,0,0.006065,0.990486,0.003449,0.006065,VIGENTE,1
v1|168525752385|0,EN_RIESGO,1,0.018266,0.007577,0.974157,0.018266,EN_RIESGO,1
v1|205669948428|0,OBSOLETO,2,0.995954,0.002504,0.001543,0.995954,OBSOLETO,1
v1|236892237708|0,VIGENTE,0,0.086174,0.882522,0.031304,0.086174,VIGENTE,1
149072474,EN_RIESGO,1,0.982972,0.011873,0.005156,0.982972,OBSOLETO,0
v1|352657142436|622002625078,OBSOLETO,2,0.014276,0.003292,0.982432,0.014276,EN_RIESGO,0
v1|196417424811|0,EN_RIESGO,1,0.008605,0.003067,0.988329,0.008605,EN_RIESGO,1
155296770,OBSOLETO,2,0.996814,0.0019,0.001286,0.996814,OBSOLETO,1
145673336,OBSOLETO,2,0.99786,0.001113,0.001027,0.99786,OBSOLETO,1
v1|267673712098|0,VIGENTE,0,0.221344,0.721785,0.05687,0.221344,VIGENTE,1
3256810573027203,OBSOLETO,2,0.999476,0.000353,0.000171,0.999476,OBSOLETO,1
v1|407029151959|0,VIGENTE,0,0.017931,0.97283,0.009238,0.017931,VIGENTE,1
144312030,OBSOLETO,2,0.217687,0.660203,0.12211,0.217687,VIGENTE,0
,OBSOLETO,2,0.129837,0.096351,0.773811,0.129837,EN_RIESGO,0
151847630,EN_RIESGO,1,0.025807,0.005485,0.968709,0.025807,EN_RIESGO,1
v1|147385491152|0,VIGENTE,0,0.000304,0.999474,0.000222,0.000304,VIGENTE,1
154327333,VIGENTE,0,0.026627,0.956244,0.017129,0.026627,VIGENTE,1
v1|336442988134|0,VIGENTE,0,0.001299,0.997802,0.000899,0.001299,VIGENTE,1
3256810120639345,OBSOLETO,2,0.986265,0.008292,0.005442,0.986265,OBSOLETO,1
v1|188471376090|0,EN_RIESGO,1,0.007325,0.001589,0.991086,0.007325,EN_RIESGO,1
151841758,VIGENTE,0,0.001661,0.997261,0.001078,0.001661,VIGENTE,1
v1|236897055366|0,VIGENTE,0,0.004136,0.992522,0.003342,0.004136,VIGENTE,1
,OBSOLETO,2,0.72505,0.090633,0.184317,0.72505,OBSOLETO,1
153268127,VIGENTE,0,0.012851,0.97674,0.010408,0.012851,VIGENTE,1
v1|404550226839|0,VIGENTE,0,0.107401,0.782492,0.110107,0.107401,VIGENTE,1
153729311,VIGENTE,0,0.001976,0.996555,0.001469,0.001976,VIGENTE,1
v1|157832079765|0,OBSOLETO,2,0.72505,0.090633,0.184317,0.72505,OBSOLETO,1
152101681,EN_RIESGO,1,0.823189,0.085733,0.091078,0.823189,OBSOLETO,0
,OBSOLETO,2,0.911312,0.046123,0.042565,0.911312,OBSOLETO,1
144589080,OBSOLETO,2,0.976992,0.011586,0.011422,0.976992,OBSOLETO,1
B07R75PVVJ,OBSOLETO,2,0.638094,0.137299,0.224607,0.638094,OBSOLETO,1
155551658,OBSOLETO,2,0.353332,0.027097,0.619571,0.353332,EN_RIESGO,0
,OBSOLETO,2,0.190433,0.027948,0.781619,0.190433,EN_RIESGO,0
v1|236880906611|0,VIGENTE,0,0.020555,0.962265,0.01718,0.020555,VIGENTE,1
,EN_RIESGO,1,0.00125,9.7e-05,0.998652,0.00125,EN_RIESGO,1
v1|147278247961|0,VIGENTE,0,0.001697,0.996991,0.001311,0.001697,VIGENTE,1
v1|127902107224|0,OBSOLETO,2,0.114132,0.085969,0.799899,0.114132,EN_RIESGO,0
B07NBSZZS9,OBSOLETO,2,0.162362,0.737602,0.100036,0.162362,VIGENTE,0
145673336,OBSOLETO,2,0.99786,0.001113,0.001027,0.99786,OBSOLETO,1
152910979,EN_RIESGO,1,0.208251,0.339425,0.452324,0.208251,EN_RIESGO,1
140972977,EN_RIESGO,1,0.871234,0.07226,0.056506,0.871234,OBSOLETO,0
154329482,VIGENTE,0,0.3506,0.645977,0.003423,0.3506,VIGENTE,1
138182836,OBSOLETO,2,0.993389,0.001936,0.004675,0.993389,OBSOLETO,1
152880980,EN_RIESGO,1,0.984946,0.009502,0.005553,0.984946,OBSOLETO,0
131614630,EN_RIESGO,1,0.013116,0.002567,0.984317,0.013116,EN_RIESGO,1
v1|366542002212|0,EN_RIESGO,1,0.016433,0.001523,0.982044,0.016433,EN_RIESGO,1
3256808243556239,OBSOLETO,2,0.967402,0.019397,0.013201,0.967402,OBSOLETO,1
v1|335967998985|0,VIGENTE,0,0.001599,0.996907,0.001494,0.001599,VIGENTE,1
142771746,VIGENTE,0,0.095092,0.601213,0.303695,0.095092,VIGENTE,1
154124000,VIGENTE,0,0.002486,0.996142,0.001372,0.002486,VIGENTE,1
152083512,VIGENTE,0,0.020874,0.965229,0.013897,0.020874,VIGENTE,1
153540972,OBSOLETO,2,0.986753,0.008058,0.005189,0.986753,OBSOLETO,1
3256812072334406,OBSOLETO,2,0.990502,0.005784,0.003714,0.990502,OBSOLETO,1
,EN_RIESGO,1,0.009745,0.000544,0.989711,0.009745,EN_RIESGO,1
139844574,OBSOLETO,2,0.9433,0.034678,0.022022,0.9433,OBSOLETO,1
v1|407075192750|0,VIGENTE,0,0.003269,0.994056,0.002675,0.003269,VIGENTE,1
155530125,EN_RIESGO,1,0.034649,0.049548,0.915803,0.034649,EN_RIESGO,1
144617675,VIGENTE,0,0.016159,0.970671,0.01317,0.016159,VIGENTE,1
154882518,VIGENTE,0,0.000663,0.998864,0.000473,0.000663,VIGENTE,1
,OBSOLETO,2,0.299484,0.120837,0.579678,0.299484,EN_RIESGO,0
20001290955,OBSOLETO,2,0.999565,0.000304,0.000131,0.999565,OBSOLETO,1
B0DM4CBKFY,EN_RIESGO,1,0.014252,0.007096,0.978652,0.014252,EN_RIESGO,1
v1|198502158911|0,VIGENTE,0,0.013061,0.977737,0.009202,0.013061,VIGENTE,1
,OBSOLETO,2,0.036527,0.006214,0.957259,0.036527,EN_RIESGO,0
152843250,VIGENTE,0,0.008448,0.988926,0.002626,0.008448,VIGENTE,1
B0C69GQ6WG,EN_RIESGO,1,0.940808,0.0342,0.024992,0.940808,OBSOLETO,0
,OBSOLETO,2,0.988772,0.006402,0.004826,0.988772,OBSOLETO,1
152386530,OBSOLETO,2,0.99797,0.001117,0.000912,0.99797,OBSOLETO,1
3256811650810036,OBSOLETO,2,0.994625,0.002241,0.003133,0.994625,OBSOLETO,1
,OBSOLETO,2,0.338563,0.145668,0.515769,0.338563,EN_RIESGO,0
148521569,VIGENTE,0,0.003178,0.994772,0.00205,0.003178,VIGENTE,1
v1|147260745088|0,EN_RIESGO,1,0.027312,0.01167,0.961017,0.027312,EN_RIESGO,1
141104307,EN_RIESGO,1,0.016667,0.003306,0.980027,0.016667,EN_RIESGO,1
154326812,VIGENTE,0,0.053848,0.939467,0.006685,0.053848,VIGENTE,1
B0DJTHH8YF,VIGENTE,0,0.001755,0.997065,0.00118,0.001755,VIGENTE,1
v1|377256752129|0,EN_RIESGO,1,0.002276,0.000254,0.99747,0.002276,EN_RIESGO,1
155252533,VIGENTE,0,0.000968,0.998515,0.000516,0.000968,VIGENTE,1
v1|318550184693|0,EN_RIESGO,1,0.030603,0.01369,0.955708,0.030603,EN_RIESGO,1
155551687,VIGENTE,0,0.004946,0.991294,0.00376,0.004946,VIGENTE,1
2251832699270898,OBSOLETO,2,0.993056,0.004549,0.002394,0.993056,OBSOLETO,1
v1|204708136301|505336697165,OBSOLETO,2,0.025869,0.003184,0.970947,0.025869,EN_RIESGO,0
v1|800344117974|0,EN_RIESGO,1,0.005082,0.000333,0.994585,0.005082,EN_RIESGO,1
129913929,EN_RIESGO,1,0.711151,0.150462,0.138386,0.711151,OBSOLETO,0
B0F214Z4HZ,VIGENTE,0,0.459747,0.531672,0.008581,0.459747,VIGENTE,1
153226258,VIGENTE,0,0.003842,0.992781,0.003376,0.003842,VIGENTE,1
154799362,VIGENTE,0,0.000538,0.99919,0.000272,0.000538,VIGENTE,1
v1|156574193199|0,VIGENTE,0,0.000365,0.999315,0.00032,0.000365,VIGENTE,1
1555493,OBSOLETO,2,0.989792,0.006386,0.003822,0.989792,OBSOLETO,1
145798008,EN_RIESGO,1,0.175997,0.125964,0.698039,0.175997,EN_RIESGO,1
,EN_RIESGO,1,0.017845,0.002564,0.979591,0.017845,EN_RIESGO,1
B0H1PTJZ4X,EN_RIESGO,1,0.030554,0.032338,0.937109,0.030554,EN_RIESGO,1
154680085,VIGENTE,0,0.000729,0.998824,0.000447,0.000729,VIGENTE,1
v1|286990267425|0,VIGENTE,0,0.02741,0.951263,0.021328,0.02741,VIGENTE,1
B0GWYB3SF5,VIGENTE,0,0.005174,0.991932,0.002894,0.005174,VIGENTE,1
155252517,VIGENTE,0,0.000695,0.998983,0.000322,0.000695,VIGENTE,1
152912823,EN_RIESGO,1,0.968378,0.01853,0.013092,0.968378,OBSOLETO,0
v1|236948839811|0,EN_RIESGO,1,0.002275,0.000236,0.997489,0.002275,EN_RIESGO,1
153268127,VIGENTE,0,0.019633,0.962282,0.018086,0.019633,VIGENTE,1
149072661,EN_RIESGO,1,0.058444,0.024841,0.916716,0.058444,EN_RIESGO,1
145298915,OBSOLETO,2,0.491202,0.208533,0.300265,0.491202,OBSOLETO,1
v1|317296074923|0,EN_RIESGO,1,0.00215,0.000575,0.997275,0.00215,EN_RIESGO,1
B0DC8553XN,EN_RIESGO,1,0.009005,0.005341,0.985653,0.009005,EN_RIESGO,1
v1|147391813052|0,OBSOLETO,2,0.020376,0.007399,0.972225,0.020376,EN_RIESGO,0
151847584,EN_RIESGO,1,0.229035,0.204774,0.566191,0.229035,EN_RIESGO,1
3256810393780558,OBSOLETO,2,0.249159,0.24513,0.50571,0.249159,EN_RIESGO,0
B0DK3GG3TY,EN_RIESGO,1,0.927275,0.009798,0.062927,0.927275,OBSOLETO,0
v1|287379765052|0,EN_RIESGO,1,0.000938,0.00013,0.998932,0.000938,EN_RIESGO,1
B0C7KNS1SB,EN_RIESGO,1,0.043428,0.023485,0.933087,0.043428,EN_RIESGO,1
,OBSOLETO,2,0.999969,2.1e-05,1e-05,0.999969,OBSOLETO,1
148597259,VIGENTE,0,0.170429,0.579534,0.250037,0.170429,VIGENTE,1
B0GXKN6F68,EN_RIESGO,1,0.993182,0.004314,0.002505,0.993182,OBSOLETO,0
v1|326456592876|0,VIGENTE,0,0.030626,0.022154,0.94722,0.030626,EN_RIESGO,0
153376002,EN_RIESGO,1,0.993905,0.004042,0.002053,0.993905,OBSOLETO,0
3256808219970860,OBSOLETO,2,0.999456,0.000348,0.000195,0.999456,OBSOLETO,1
149197529,OBSOLETO,2,0.059806,0.018585,0.921609,0.059806,EN_RIESGO,0
152148757,OBSOLETO,2,0.976662,0.01343,0.009908,0.976662,OBSOLETO,1
152953987,VIGENTE,0,0.002268,0.996139,0.001592,0.002268,VIGENTE,1
v1|186361101615|0,EN_RIESGO,1,0.017858,0.001686,0.980456,0.017858,EN_RIESGO,1
152004737,VIGENTE,0,0.001949,0.996945,0.001107,0.001949,VIGENTE,1
154798950,VIGENTE,0,0.002837,0.995552,0.001611,0.002837,VIGENTE,1
152004679,VIGENTE,0,0.004166,0.993322,0.002512,0.004166,VIGENTE,1
,EN_RIESGO,1,0.006511,0.004383,0.989106,0.006511,EN_RIESGO,1
v1|407036301970|0,EN_RIESGO,1,0.179348,0.112852,0.7078,0.179348,EN_RIESGO,1
154588603,VIGENTE,0,0.015086,0.015875,0.969039,0.015086,EN_RIESGO,0
139844319,OBSOLETO,2,0.998339,0.001078,0.000583,0.998339,OBSOLETO,1
v1|153469962880|453428440428,OBSOLETO,2,0.02298,0.007195,0.969824,0.02298,EN_RIESGO,0
154602481,EN_RIESGO,1,0.634361,0.246968,0.118671,0.634361,OBSOLETO,0
B0F43HC711,EN_RIESGO,1,0.329364,0.321917,0.348718,0.329364,EN_RIESGO,1
,EN_RIESGO,1,0.354325,0.0531,0.592575,0.354325,EN_RIESGO,1
153226331,VIGENTE,0,0.00969,0.982841,0.00747,0.00969,VIGENTE,1
v1|306339898310|606040841889,VIGENTE,0,0.065106,0.86563,0.069264,0.065106,VIGENTE,1
145499490,OBSOLETO,2,0.99723,0.001728,0.001042,0.99723,OBSOLETO,1
v1|376691658886|0,EN_RIESGO,1,0.00125,9.7e-05,0.998652,0.00125,EN_RIESGO,1
2255799935036367,OBSOLETO,2,0.99811,0.001206,0.000684,0.99811,OBSOLETO,1
152298139,OBSOLETO,2,0.42884,0.099528,0.471632,0.42884,EN_RIESGO,0
2095241,OBSOLETO,2,0.723584,0.203173,0.073243,0.723584,OBSOLETO,1
v1|377196997145|0,VIGENTE,0,0.007359,0.986792,0.005849,0.007359,VIGENTE,1
152675775,VIGENTE,0,0.039637,0.926578,0.033785,0.039637,VIGENTE,1
20001210281,VIGENTE,0,0.018558,0.974168,0.007274,0.018558,VIGENTE,1
155470749,OBSOLETO,2,0.35977,0.599524,0.040706,0.35977,VIGENTE,0
v1|206317785234|0,VIGENTE,0,0.006194,0.988933,0.004873,0.006194,VIGENTE,1
148597886,VIGENTE,0,0.869641,0.122571,0.007788,0.869641,OBSOLETO,0
B089DJZV7F,OBSOLETO,2,0.994735,0.003486,0.001779,0.994735,OBSOLETO,1
B0H5NQSCXK,EN_RIESGO,1,0.037993,0.032164,0.929843,0.037993,EN_RIESGO,1
3256801483751918,OBSOLETO,2,0.980375,0.011197,0.008428,0.980375,OBSOLETO,1
143745731,EN_RIESGO,1,0.998927,0.000693,0.000379,0.998927,OBSOLETO,0
126885310,EN_RIESGO,1,0.566507,0.186866,0.246627,0.566507,OBSOLETO,0
127209126,EN_RIESGO,1,0.025419,0.036542,0.938038,0.025419,EN_RIESGO,1
154799362,VIGENTE,0,0.002868,0.995543,0.001589,0.002868,VIGENTE,1
v1|168384185727|0,VIGENTE,0,0.007721,0.985452,0.006827,0.007721,VIGENTE,1
133869627,EN_RIESGO,1,0.008484,0.007403,0.984113,0.008484,EN_RIESGO,1
v1|167004388989|0,VIGENTE,0,0.001548,0.996936,0.001517,0.001548,VIGENTE,1
,OBSOLETO,2,0.533608,0.332766,0.133627,0.533608,OBSOLETO,1
v1|236591778796|0,EN_RIESGO,1,0.011216,0.00129,0.987494,0.011216,EN_RIESGO,1
152398844,EN_RIESGO,1,0.948358,0.0286,0.023043,0.948358,OBSOLETO,0
v1|158070715600|0,EN_RIESGO,1,0.011692,0.00498,0.983328,0.011692,EN_RIESGO,1
140685392,OBSOLETO,2,0.998915,0.00048,0.000605,0.998915,OBSOLETO,1
,OBSOLETO,2,0.007645,0.000234,0.992121,0.007645,EN_RIESGO,0
B07MMD4DDJ,OBSOLETO,2,0.015542,0.006196,0.978262,0.015542,EN_RIESGO,0
,EN_RIESGO,1,0.027312,0.01167,0.961017,0.027312,EN_RIESGO,1
152390511,EN_RIESGO,1,0.877726,0.092335,0.029939,0.877726,OBSOLETO,0
152452965,EN_RIESGO,1,0.050379,0.01136,0.938262,0.050379,EN_RIESGO,1
v1|197367028551|0,OBSOLETO,2,0.394371,0.129084,0.476544,0.394371,EN_RIESGO,0
132046762,OBSOLETO,2,0.983381,0.010209,0.00641,0.983381,OBSOLETO,1
144742494,EN_RIESGO,1,0.013627,0.012116,0.974256,0.013627,EN_RIESGO,1
B0D9YBN4L5,EN_RIESGO,1,0.557314,0.422243,0.020444,0.557314,OBSOLETO,0
153053117,EN_RIESGO,1,0.041892,0.025836,0.932271,0.041892,EN_RIESGO,1
152117872,VIGENTE,0,0.000317,0.999464,0.000219,0.000317,VIGENTE,1
v1|188451848083|0,VIGENTE,0,0.004957,0.989566,0.005478,0.004957,VIGENTE,1
v1|267729094032|0,VIGENTE,0,0.005531,0.990594,0.003875,0.005531,VIGENTE,1
v1|205763763400|0,VIGENTE,0,0.000114,0.999791,9.4e-05,0.000114,VIGENTE,1
124226905,OBSOLETO,2,0.587324,0.323359,0.089317,0.587324,OBSOLETO,1
,EN_RIESGO,1,0.002093,0.000113,0.997794,0.002093,EN_RIESGO,1
3256810298673859,OBSOLETO,2,0.102101,0.067226,0.830674,0.102101,EN_RIESGO,0
v1|318609211069|0,OBSOLETO,2,0.47916,0.114303,0.406537,0.47916,OBSOLETO,1
154030225,EN_RIESGO,1,0.018176,0.017139,0.964685,0.018176,EN_RIESGO,1
151062537,EN_RIESGO,1,0.10093,0.115936,0.783134,0.10093,EN_RIESGO,1
3256804991956562,OBSOLETO,2,0.999796,0.000138,6.6e-05,0.999796,OBSOLETO,1
v1|398167804098|0,EN_RIESGO,1,0.00286,0.000269,0.996872,0.00286,EN_RIESGO,1
B0GJS98B1Q,EN_RIESGO,1,0.589443,0.251954,0.158603,0.589443,OBSOLETO,0
138693751,EN_RIESGO,1,0.999311,0.000445,0.000244,0.999311,OBSOLETO,0
20001290951,OBSOLETO,2,0.999212,0.000539,0.000249,0.999212,OBSOLETO,1
148521569,VIGENTE,0,0.006631,0.990022,0.003347,0.006631,VIGENTE,1
154951629,VIGENTE,0,0.09376,0.899236,0.007004,0.09376,VIGENTE,1
150488507,OBSOLETO,2,0.999927,5e-05,2.3e-05,0.999927,OBSOLETO,1
151066367,VIGENTE,0,0.06832,0.881832,0.049848,0.06832,VIGENTE,1
v1|127974672750|0,VIGENTE,0,7.7e-05,0.999861,6.2e-05,7.7e-05,VIGENTE,1
149480120,OBSOLETO,2,0.999981,1.4e-05,6e-06,0.999981,OBSOLETO,1
152116194,VIGENTE,0,0.001004,0.998214,0.000782,0.001004,VIGENTE,1
154911994,VIGENTE,0,0.014555,0.974797,0.010648,0.014555,VIGENTE,1
B0H6L6P91B,VIGENTE,0,0.768184,0.189941,0.041876,0.768184,OBSOLETO,0
,OBSOLETO,2,0.23396,0.656996,0.109044,0.23396,VIGENTE,0
v1|397833127346|0,OBSOLETO,2,0.757669,0.073106,0.169224,0.757669,OBSOLETO,1
,OBSOLETO,2,0.679938,0.02568,0.294382,0.679938,OBSOLETO,1
B0GMRSMNGB,VIGENTE,0,0.023377,0.961751,0.014872,0.023377,VIGENTE,1
139583883,EN_RIESGO,1,0.941605,0.025833,0.032562,0.941605,OBSOLETO,0
20001415544,OBSOLETO,2,0.19755,0.729136,0.073314,0.19755,VIGENTE,0
B0CB896CL6,EN_RIESGO,1,0.405762,0.516416,0.077823,0.405762,VIGENTE,0
v1|377342521987|0,VIGENTE,0,0.007356,0.988541,0.004103,0.007356,VIGENTE,1
,OBSOLETO,2,0.805429,0.079702,0.114869,0.805429,OBSOLETO,1
v1|358615569433|0,EN_RIESGO,1,0.008679,0.000886,0.990435,0.008679,EN_RIESGO,1
139854035,EN_RIESGO,1,0.255048,0.097554,0.647398,0.255048,EN_RIESGO,1
153268127,VIGENTE,0,0.011352,0.979416,0.009232,0.011352,VIGENTE,1
155201460,OBSOLETO,2,0.994937,0.002823,0.002239,0.994937,OBSOLETO,1
v1|197367028551|0,OBSOLETO,2,0.394371,0.129084,0.476544,0.394371,EN_RIESGO,0
153210598,EN_RIESGO,1,0.844447,0.090167,0.065386,0.844447,OBSOLETO,0
142771746,VIGENTE,0,0.101391,0.72294,0.175669,0.101391,VIGENTE,1
20001240949,OBSOLETO,2,1.0,0.0,0.0,1.0,OBSOLETO,1
v1|167656974527|0,OBSOLETO,2,0.93198,0.006243,0.061777,0.93198,OBSOLETO,1
152295347,OBSOLETO,2,0.999938,4.3e-05,1.9e-05,0.999938,OBSOLETO,1
152675775,VIGENTE,0,0.029573,0.947404,0.023023,0.029573,VIGENTE,1
,EN_RIESGO,1,0.003367,0.00057,0.996062,0.003367,EN_RIESGO,1
155554619,EN_RIESGO,1,0.992624,0.004681,0.002695,0.992624,OBSOLETO,0
151825252,OBSOLETO,2,0.994136,0.003811,0.002053,0.994136,OBSOLETO,1
129933454,EN_RIESGO,1,0.009917,0.004867,0.985216,0.009917,EN_RIESGO,1
v1|168523632737|0,VIGENTE,0,0.009137,0.981755,0.009108,0.009137,VIGENTE,1
v1|267506465794|0,VIGENTE,0,0.000365,0.999291,0.000344,0.000365,VIGENTE,1
v1|227116268043|0,VIGENTE,0,0.053885,0.889245,0.05687,0.053885,VIGENTE,1
,EN_RIESGO,1,0.007208,0.001324,0.991469,0.007208,EN_RIESGO,1
150684983,EN_RIESGO,1,0.00757,0.011115,0.981315,0.00757,EN_RIESGO,1
154799346,VIGENTE,0,0.004328,0.992801,0.002871,0.004328,VIGENTE,1
v1|236909224476|0,VIGENTE,0,0.001164,0.998004,0.000832,0.001164,VIGENTE,1
152116478,VIGENTE,0,0.004963,0.99073,0.004307,0.004963,VIGENTE,1
v1|318030219927|0,VIGENTE,0,0.018985,0.968607,0.012408,0.018985,VIGENTE,1
v1|287465336093|0,EN_RIESGO,1,0.002815,0.000583,0.996602,0.002815,EN_RIESGO,1
150514111,OBSOLETO,2,0.999937,4.3e-05,2e-05,0.999937,OBSOLETO,1
153727092,VIGENTE,0,0.116222,0.879735,0.004043,0.116222,VIGENTE,1
3256808219970860,OBSOLETO,2,0.999456,0.000348,0.000195,0.999456,OBSOLETO,1
v1|357672957795|0,VIGENTE,0,0.001725,0.996687,0.001588,0.001725,VIGENTE,1
v1|127927567288|0,EN_RIESGO,1,0.011469,0.006951,0.98158,0.011469,EN_RIESGO,1
152189965,VIGENTE,0,0.068155,0.87091,0.060936,0.068155,VIGENTE,1
v1|327018523485|0,OBSOLETO,2,0.07618,0.027574,0.896246,0.07618,EN_RIESGO,0
152966565,VIGENTE,0,0.027268,0.960641,0.012091,0.027268,VIGENTE,1
,EN_RIESGO,1,0.35952,0.36754,0.27294,0.35952,VIGENTE,0
140825884,EN_RIESGO,1,0.739179,0.14545,0.115371,0.739179,OBSOLETO,0
,EN_RIESGO,1,0.018266,0.007577,0.974157,0.018266,EN_RIESGO,1
,OBSOLETO,2,0.994738,0.003356,0.001906,0.994738,OBSOLETO,1
,OBSOLETO,2,0.570372,0.032153,0.397474,0.570372,OBSOLETO,1
,OBSOLETO,2,0.007477,0.000298,0.992225,0.007477,EN_RIESGO,0
v1|298449116434|0,EN_RIESGO,1,0.017708,0.007742,0.97455,0.017708,EN_RIESGO,1
v1|227415120461|0,OBSOLETO,2,0.103129,0.039505,0.857366,0.103129,EN_RIESGO,0
3256803270198177,OBSOLETO,2,0.101437,0.059916,0.838647,0.101437,EN_RIESGO,0
153738968,EN_RIESGO,1,0.992089,0.005052,0.002859,0.992089,OBSOLETO,0
148635380,VIGENTE,0,0.063647,0.896047,0.040307,0.063647,VIGENTE,1
152148757,OBSOLETO,2,0.973475,0.014659,0.011866,0.973475,OBSOLETO,1
144296282,VIGENTE,0,0.037569,0.879159,0.083272,0.037569,VIGENTE,1
v1|206381280185|0,VIGENTE,0,0.009007,0.985486,0.005507,0.009007,VIGENTE,1
v1|157832079765|0,OBSOLETO,2,0.72505,0.090633,0.184317,0.72505,OBSOLETO,1
152914315,EN_RIESGO,1,0.713042,0.257896,0.029062,0.713042,OBSOLETO,0
B0GN9LMSMY,VIGENTE,0,0.006714,0.988699,0.004587,0.006714,VIGENTE,1
153226538,VIGENTE,0,0.017094,0.967845,0.015061,0.017094,VIGENTE,1
152558500,EN_RIESGO,1,0.007951,0.987403,0.004646,0.007951,VIGENTE,0
3256811705637287,EN_RIESGO,1,0.019163,0.012434,0.968403,0.019163,EN_RIESGO,1
,OBSOLETO,2,0.859986,0.053112,0.086902,0.859986,OBSOLETO,1
,OBSOLETO,2,0.999094,0.000548,0.000358,0.999094,OBSOLETO,1
B0F18WJSX8,EN_RIESGO,1,0.412311,0.374214,0.213475,0.412311,OBSOLETO,0
883834751,EN_RIESGO,1,0.013217,0.002494,0.984288,0.013217,EN_RIESGO,1
,OBSOLETO,2,0.957147,0.02325,0.019603,0.957147,OBSOLETO,1
142687863,VIGENTE,0,0.003939,0.993948,0.002113,0.003939,VIGENTE,1
155395008,OBSOLETO,2,0.12099,0.808142,0.070868,0.12099,VIGENTE,0
141104307,EN_RIESGO,1,0.309823,0.027355,0.662822,0.309823,EN_RIESGO,1
v1|389764313733|0,EN_RIESGO,1,0.031117,0.025317,0.943566,0.031117,EN_RIESGO,1
143360711,VIGENTE,0,0.095092,0.601213,0.303695,0.095092,VIGENTE,1
152138812,OBSOLETO,2,0.804012,0.025102,0.170885,0.804012,OBSOLETO,1
20001290886,OBSOLETO,2,0.997731,0.001502,0.000767,0.997731,OBSOLETO,1
20001239887,OBSOLETO,2,0.99987,9.1e-05,3.9e-05,0.99987,OBSOLETO,1
140685392,OBSOLETO,2,0.999027,0.000451,0.000522,0.999027,OBSOLETO,1
143745731,EN_RIESGO,1,0.999949,3.5e-05,1.7e-05,0.999949,OBSOLETO,0
,OBSOLETO,2,0.999997,3e-06,1e-06,0.999997,OBSOLETO,1
153492939,VIGENTE,0,0.000669,0.998858,0.000472,0.000669,VIGENTE,1
v1|137469272978|0,EN_RIESGO,1,0.003091,0.000149,0.99676,0.003091,EN_RIESGO,1
B07598VZR8,OBSOLETO,2,0.914258,0.043987,0.041755,0.914258,OBSOLETO,1
3256809428513534,EN_RIESGO,1,0.135225,0.130095,0.73468,0.135225,EN_RIESGO,1
,EN_RIESGO,1,0.983884,0.009915,0.006201,0.983884,OBSOLETO,0
,OBSOLETO,2,0.99823,0.000998,0.000773,0.99823,OBSOLETO,1
143360626,VIGENTE,0,0.141983,0.241683,0.616334,0.141983,EN_RIESGO,0
v1|227347603159|0,EN_RIESGO,1,0.009818,0.005405,0.984777,0.009818,EN_RIESGO,1
20001217530,VIGENTE,0,0.235004,0.59549,0.169505,0.235004,VIGENTE,1
,OBSOLETO,2,0.999802,0.000128,6.9e-05,0.999802,OBSOLETO,1
149118749,VIGENTE,0,0.096903,0.763086,0.140011,0.096903,VIGENTE,1
121410608,EN_RIESGO,1,0.181084,0.661453,0.157462,0.181084,VIGENTE,0
v1|147370465997|0,VIGENTE,0,0.00123,0.99778,0.00099,0.00123,VIGENTE,1
126618611,EN_RIESGO,1,0.201033,0.22967,0.569297,0.201033,EN_RIESGO,1
142771746,VIGENTE,0,0.096389,0.216098,0.687514,0.096389,EN_RIESGO,0
153225765,VIGENTE,0,0.001942,0.996197,0.00186,0.001942,VIGENTE,1
v1|188436369008|0,VIGENTE,0,0.011273,0.98233,0.006397,0.011273,VIGENTE,1
B0DBR6TRZQ,EN_RIESGO,1,0.908756,0.078037,0.013207,0.908756,OBSOLETO,0
117494917,EN_RIESGO,1,0.998454,0.001005,0.000541,0.998454,OBSOLETO,0
v1|157725920926|0,VIGENTE,0,0.007844,0.987183,0.004973,0.007844,VIGENTE,1
v1|286990267425|0,VIGENTE,0,0.02741,0.951263,0.021328,0.02741,VIGENTE,1
3256810390424623,OBSOLETO,2,0.96668,0.018141,0.015179,0.96668,OBSOLETO,1
135555595,EN_RIESGO,1,0.005388,0.004468,0.990144,0.005388,EN_RIESGO,1
3256810197232455,EN_RIESGO,1,0.019815,0.96489,0.015295,0.019815,VIGENTE,0
154488988,EN_RIESGO,1,0.07421,0.077795,0.847995,0.07421,EN_RIESGO,1
154964272,EN_RIESGO,1,0.249005,0.479354,0.271641,0.249005,VIGENTE,0
,OBSOLETO,2,0.998746,0.000818,0.000436,0.998746,OBSOLETO,1
154680085,VIGENTE,0,0.004657,0.99254,0.002803,0.004657,VIGENTE,1
151760528,VIGENTE,0,0.000952,0.998371,0.000677,0.000952,VIGENTE,1
,OBSOLETO,2,0.999768,0.000162,7e-05,0.999768,OBSOLETO,1
152398846,EN_RIESGO,1,0.27581,0.641623,0.082567,0.27581,VIGENTE,0
v1|236374096854|0,EN_RIESGO,1,0.009879,0.000496,0.989626,0.009879,EN_RIESGO,1
152149675,EN_RIESGO,1,0.021821,0.004221,0.973958,0.021821,EN_RIESGO,1
v1|318086865373|0,VIGENTE,0,0.014669,0.969873,0.015458,0.014669,VIGENTE,1
151066367,VIGENTE,0,0.109741,0.775707,0.114552,0.109741,VIGENTE,1
v1|117072364439|0,VIGENTE,0,0.00947,0.984373,0.006157,0.00947,VIGENTE,1
,OBSOLETO,2,0.989736,0.006304,0.00396,0.989736,OBSOLETO,1
,OBSOLETO,2,0.998716,0.000587,0.000697,0.998716,OBSOLETO,1
146041452,OBSOLETO,2,0.999919,5.6e-05,2.5e-05,0.999919,OBSOLETO,1
v1|168527984009|0,VIGENTE,0,0.101005,0.648953,0.250041,0.101005,VIGENTE,1
154952734,VIGENTE,0,0.000924,0.998506,0.00057,0.000924,VIGENTE,1
154798950,VIGENTE,0,0.007502,0.989566,0.002932,0.007502,VIGENTE,1
144296282,VIGENTE,0,0.018073,0.946393,0.035534,0.018073,VIGENTE,1
B0GWYB3SF5,VIGENTE,0,0.005174,0.991932,0.002894,0.005174,VIGENTE,1
152190003,VIGENTE,0,0.046062,0.913152,0.040786,0.046062,VIGENTE,1
154677500,VIGENTE,0,0.003659,0.994409,0.001932,0.003659,VIGENTE,1
B0C69GQ6WG,EN_RIESGO,1,0.940808,0.0342,0.024992,0.940808,OBSOLETO,0
v1|358091639697|0,EN_RIESGO,1,0.00267,9.4e-05,0.997236,0.00267,EN_RIESGO,1
152190003,VIGENTE,0,0.01905,0.96554,0.01541,0.01905,VIGENTE,1
v1|256864623454|0,EN_RIESGO,1,0.001396,0.00015,0.998454,0.001396,EN_RIESGO,1
152177318,OBSOLETO,2,0.996532,0.001681,0.001787,0.996532,OBSOLETO,1
2095239,OBSOLETO,2,0.97132,0.01769,0.01099,0.97132,OBSOLETO,1
,EN_RIESGO,1,0.962712,0.018555,0.018733,0.962712,OBSOLETO,0
153729684,VIGENTE,0,0.004806,0.991897,0.003296,0.004806,VIGENTE,1
v1|327220238511|0,VIGENTE,0,0.023757,0.961484,0.014759,0.023757,VIGENTE,1
152914020,EN_RIESGO,1,0.198981,0.152041,0.648977,0.198981,EN_RIESGO,1
v1|327018523485|0,OBSOLETO,2,0.07618,0.027574,0.896246,0.07618,EN_RIESGO,0
153982632,OBSOLETO,2,0.998481,0.000923,0.000595,0.998481,OBSOLETO,1
140685392,OBSOLETO,2,0.998715,0.000557,0.000728,0.998715,OBSOLETO,1
B0DZT6F4QZ,EN_RIESGO,1,0.20408,0.41384,0.38208,0.20408,VIGENTE,0
v1|397994928701|0,VIGENTE,0,0.000455,0.999236,0.000309,0.000455,VIGENTE,1
153727074,VIGENTE,0,0.014135,0.978051,0.007814,0.014135,VIGENTE,1
155296707,VIGENTE,0,0.000744,0.998728,0.000529,0.000744,VIGENTE,1
B09R619D1L,EN_RIESGO,1,0.314293,0.585579,0.100127,0.314293,VIGENTE,0
149072272,EN_RIESGO,1,0.997737,0.001435,0.000828,0.997737,OBSOLETO,0
148597886,VIGENTE,0,0.524508,0.462555,0.012937,0.524508,OBSOLETO,0
B0DM1R7KHZ,EN_RIESGO,1,0.218025,0.225166,0.55681,0.218025,EN_RIESGO,1
,EN_RIESGO,1,0.011216,0.00129,0.987494,0.011216,EN_RIESGO,1
20001239888,OBSOLETO,2,0.999997,2e-06,1e-06,0.999997,OBSOLETO,1
B0GBR9SHZB,EN_RIESGO,1,0.959242,0.025484,0.015274,0.959242,OBSOLETO,0
152843254,VIGENTE,0,0.001956,0.996736,0.001309,0.001956,VIGENTE,1
143360711,VIGENTE,0,0.141983,0.241683,0.616334,0.141983,EN_RIESGO,0
3256810440444003,OBSOLETO,2,0.349028,0.062668,0.588304,0.349028,EN_RIESGO,0
138182836,OBSOLETO,2,0.996387,0.001215,0.002398,0.996387,OBSOLETO,1
153268127,VIGENTE,0,0.016561,0.969861,0.013578,0.016561,VIGENTE,1
v1|236909224476|0,VIGENTE,0,0.001164,0.998004,0.000832,0.001164,VIGENTE,1
153226331,VIGENTE,0,0.006998,0.987384,0.005618,0.006998,VIGENTE,1
147763123,OBSOLETO,2,0.357653,0.203326,0.43902,0.357653,EN_RIESGO,0
v1|406965915539|0,VIGENTE,0,0.008385,0.981815,0.009801,0.008385,VIGENTE,1
B07HHLX1R8,OBSOLETO,2,0.935028,0.037664,0.027309,0.935028,OBSOLETO,1
146093296,VIGENTE,0,0.848225,0.1507,0.001075,0.848225,OBSOLETO,0
B0D3DV3H8L,EN_RIESGO,1,0.013414,0.006634,0.979952,0.013414,EN_RIESGO,1
153149201,EN_RIESGO,1,0.024032,0.002174,0.973793,0.024032,EN_RIESGO,1
v1|397980997045|0,VIGENTE,0,0.000807,0.998472,0.000721,0.000807,VIGENTE,1
v1|236902352099|0,EN_RIESGO,1,0.007883,0.00151,0.990608,0.007883,EN_RIESGO,1
154336369,OBSOLETO,2,0.999999,1e-06,0.0,0.999999,OBSOLETO,1
152843258,VIGENTE,0,0.000526,0.999123,0.000352,0.000526,VIGENTE,1
v1|397981253052|0,VIGENTE,0,0.002893,0.99418,0.002927,0.002893,VIGENTE,1
v1|236902352099|0,EN_RIESGO,1,0.007883,0.00151,0.990608,0.007883,EN_RIESGO,1
,OBSOLETO,2,0.789786,0.125228,0.084986,0.789786,OBSOLETO,1
152189903,VIGENTE,0,0.00643,0.98935,0.00422,0.00643,VIGENTE,1
v1|287358472855|0,EN_RIESGO,1,0.016082,0.001207,0.982711,0.016082,EN_RIESGO,1
v1|404550226839|0,VIGENTE,0,0.107401,0.782492,0.110107,0.107401,VIGENTE,1
144066293,OBSOLETO,2,0.999472,0.000268,0.00026,0.999472,OBSOLETO,1
v1|117028583027|0,EN_RIESGO,1,0.004483,0.000784,0.994733,0.004483,EN_RIESGO,1
144617716,VIGENTE,0,0.011133,0.979741,0.009127,0.011133,VIGENTE,1
150492600,OBSOLETO,2,0.9999,6.9e-05,3.2e-05,0.9999,OBSOLETO,1
v1|800336702684|0,EN_RIESGO,1,0.002743,0.000784,0.996473,0.002743,EN_RIESGO,1
143955599,EN_RIESGO,1,0.078882,0.040251,0.880867,0.078882,EN_RIESGO,1
v1|188258944183|0,OBSOLETO,2,0.322745,0.113964,0.563291,0.322745,EN_RIESGO,0
153728388,VIGENTE,0,0.000134,0.999783,8.4e-05,0.000134,VIGENTE,1
154336369,OBSOLETO,2,0.999997,2e-06,1e-06,0.999997,OBSOLETO,1
3256812189370611,OBSOLETO,2,0.07289,0.041244,0.885867,0.07289,EN_RIESGO,0
152455229,VIGENTE,0,0.001729,0.996977,0.001294,0.001729,VIGENTE,1
152376191,OBSOLETO,2,0.999997,2e-06,1e-06,0.999997,OBSOLETO,1
154329523,VIGENTE,0,0.005922,0.992951,0.001126,0.005922,VIGENTE,1
v1|236378889514|0,EN_RIESGO,1,0.009745,0.000544,0.989711,0.009745,EN_RIESGO,1
B0GTYWX418,VIGENTE,0,0.008835,0.988379,0.002786,0.008835,VIGENTE,1
v1|267721296186|0,VIGENTE,0,0.003218,0.993996,0.002786,0.003218,VIGENTE,1
v1|376431146703|0,VIGENTE,0,0.000857,0.998475,0.000668,0.000857,VIGENTE,1
155000811,VIGENTE,0,0.012495,0.978825,0.00868,0.012495,VIGENTE,1
153233355,VIGENTE,0,0.036234,0.941145,0.022621,0.036234,VIGENTE,1
,OBSOLETO,2,0.124602,0.768556,0.106843,0.124602,VIGENTE,0
,OBSOLETO,2,0.999756,0.000162,8.2e-05,0.999756,OBSOLETO,1
,EN_RIESGO,1,0.906156,0.040764,0.05308,0.906156,OBSOLETO,0
,OBSOLETO,2,0.999963,2.6e-05,1.1e-05,0.999963,OBSOLETO,1
115654210,OBSOLETO,2,0.999348,0.00037,0.000282,0.999348,OBSOLETO,1
3256808473832072,OBSOLETO,2,0.730964,0.078521,0.190516,0.730964,OBSOLETO,1
152914315,EN_RIESGO,1,0.703282,0.266272,0.030446,0.703282,OBSOLETO,0
20001240938,OBSOLETO,2,0.999999,1e-06,0.0,0.999999,OBSOLETO,1
145673336,OBSOLETO,2,0.994602,0.002735,0.002662,0.994602,OBSOLETO,1
B0DPY1CVK4,EN_RIESGO,1,0.024185,0.016835,0.95898,0.024185,EN_RIESGO,1
155403175,VIGENTE,0,0.015783,0.968244,0.015972,0.015783,VIGENTE,1
B07CRGC899,OBSOLETO,2,0.051717,0.023794,0.924489,0.051717,EN_RIESGO,0
v1|336130961309|0,VIGENTE,0,0.00033,0.999396,0.000275,0.00033,VIGENTE,1
v1|358706337454|0,VIGENTE,0,0.001235,0.997809,0.000956,0.001235,VIGENTE,1
,OBSOLETO,2,0.999981,9e-06,1e-05,0.999981,OBSOLETO,1
,OBSOLETO,2,0.021616,0.004359,0.974025,0.021616,EN_RIESGO,0
v1|317293118602|0,EN_RIESGO,1,0.01637,0.004108,0.979522,0.01637,EN_RIESGO,1
152455117,VIGENTE,0,0.003594,0.993932,0.002474,0.003594,VIGENTE,1
v1|306438353997|0,OBSOLETO,2,0.718449,0.078628,0.202924,0.718449,OBSOLETO,1
v1|407013454112|0,VIGENTE,0,0.060577,0.914331,0.025092,0.060577,VIGENTE,1
154588625,VIGENTE,0,0.1685,0.742652,0.088848,0.1685,VIGENTE,1
v1|197367028551|0,OBSOLETO,2,0.394371,0.129084,0.476544,0.394371,EN_RIESGO,0
147475216,EN_RIESGO,1,0.871017,0.075678,0.053305,0.871017,OBSOLETO,0
20001288831,OBSOLETO,2,0.432677,0.296681,0.270643,0.432677,OBSOLETO,1
152167842,OBSOLETO,2,0.98005,0.013814,0.006137,0.98005,OBSOLETO,1
140685392,OBSOLETO,2,0.998715,0.000557,0.000728,0.998715,OBSOLETO,1
v1|397833127346|0,OBSOLETO,2,0.757669,0.073106,0.169224,0.757669,OBSOLETO,1
151367828,EN_RIESGO,1,0.156494,0.089769,0.753737,0.156494,EN_RIESGO,1
B0BZ9T4KF6,EN_RIESGO,1,0.003569,0.000679,0.995753,0.003569,EN_RIESGO,1
143360707,VIGENTE,0,0.095092,0.601213,0.303695,0.095092,VIGENTE,1
152004567,VIGENTE,0,0.00032,0.999482,0.000198,0.00032,VIGENTE,1
149704230,OBSOLETO,2,0.998425,0.001021,0.000554,0.998425,OBSOLETO,1
v1|178275663275|0,VIGENTE,0,0.048998,0.89627,0.054733,0.048998,VIGENTE,1
,OBSOLETO,2,0.993677,0.003299,0.003024,0.993677,OBSOLETO,1
145798261,EN_RIESGO,1,0.265674,0.659807,0.074519,0.265674,VIGENTE,0
v1|388870031053|0,EN_RIESGO,1,0.004124,0.000261,0.995615,0.004124,EN_RIESGO,1
152836062,EN_RIESGO,1,0.999183,0.000511,0.000306,0.999183,OBSOLETO,0
,OBSOLETO,2,0.00468,0.000196,0.995124,0.00468,EN_RIESGO,0
,EN_RIESGO,1,0.011177,0.002603,0.98622,0.011177,EN_RIESGO,1
145491896,OBSOLETO,2,0.997252,0.001711,0.001037,0.997252,OBSOLETO,1
v1|406922329685|0,EN_RIESGO,1,0.002852,0.000344,0.996805,0.002852,EN_RIESGO,1
132450842,OBSOLETO,2,0.995676,0.002509,0.001815,0.995676,OBSOLETO,1
B0F9T7SHKP,EN_RIESGO,1,0.100706,0.851286,0.048009,0.100706,VIGENTE,0
153728733,VIGENTE,0,0.000118,0.999808,7.5e-05,0.000118,VIGENTE,1
v1|358091639697|0,EN_RIESGO,1,0.00267,9.4e-05,0.997236,0.00267,EN_RIESGO,1
152676132,VIGENTE,0,0.002132,0.996312,0.001556,0.002132,VIGENTE,1
154936161,OBSOLETO,2,0.994983,0.002869,0.002147,0.994983,OBSOLETO,1
155403213,VIGENTE,0,0.004351,0.991346,0.004304,0.004351,VIGENTE,1
133257372,EN_RIESGO,1,0.402544,0.38095,0.216506,0.402544,OBSOLETO,0
B0C69R19Y3,EN_RIESGO,1,0.786055,0.117934,0.09601,0.786055,OBSOLETO,0
v1|157832079765|0,OBSOLETO,2,0.72505,0.090633,0.184317,0.72505,OBSOLETO,1
155252274,VIGENTE,0,0.045465,0.938607,0.015927,0.045465,VIGENTE,1
,OBSOLETO,2,0.998339,0.000847,0.000813,0.998339,OBSOLETO,1
B07PBX9636,OBSOLETO,2,0.833695,0.067587,0.098719,0.833695,OBSOLETO,1
B0H5C92HGP,VIGENTE,0,0.009349,0.98449,0.006161,0.009349,VIGENTE,1
151431987,VIGENTE,0,0.002939,0.995401,0.00166,0.002939,VIGENTE,1
,EN_RIESGO,1,0.005771,0.001313,0.992916,0.005771,EN_RIESGO,1
,EN_RIESGO,1,0.028195,0.006875,0.96493,0.028195,EN_RIESGO,1
141104309,EN_RIESGO,1,0.016979,0.014642,0.968379,0.016979,EN_RIESGO,1
v1|398174209476|0,VIGENTE,0,0.001724,0.996908,0.001368,0.001724,VIGENTE,1
v1|287201886570|0,VIGENTE,0,0.007482,0.986475,0.006043,0.007482,VIGENTE,1
v1|236923000473|0,EN_RIESGO,1,0.002428,0.001424,0.996148,0.002428,EN_RIESGO,1
v1|204708136301|505336697165,OBSOLETO,2,0.023447,0.002716,0.973837,0.023447,EN_RIESGO,0
v1|254219753793|553607618438,OBSOLETO,2,0.011113,0.002362,0.986524,0.011113,EN_RIESGO,0
143360707,VIGENTE,0,0.141983,0.241683,0.616334,0.141983,EN_RIESGO,0
v1|317296074923|0,EN_RIESGO,1,0.00215,0.000575,0.997275,0.00215,EN_RIESGO,1
v1|204708136301|505336697165,OBSOLETO,2,0.040807,0.005328,0.953864,0.040807,EN_RIESGO,0
v1|168540587799|0,EN_RIESGO,1,0.000579,4.1e-05,0.99938,0.000579,EN_RIESGO,1
,OBSOLETO,2,0.996916,0.001473,0.00161,0.996916,OBSOLETO,1
139844319,OBSOLETO,2,0.862768,0.072812,0.06442,0.862768,OBSOLETO,1
153226331,VIGENTE,0,0.009236,0.983528,0.007235,0.009236,VIGENTE,1
v1|284338406755|0,OBSOLETO,2,0.911312,0.046123,0.042565,0.911312,OBSOLETO,1
,EN_RIESGO,1,0.004124,0.000261,0.995615,0.004124,EN_RIESGO,1
v1|147391813052|0,OBSOLETO,2,0.020376,0.007399,0.972225,0.020376,EN_RIESGO,0
148643058,VIGENTE,0,0.01661,0.970059,0.013331,0.01661,VIGENTE,1
155530506,OBSOLETO,2,0.708593,0.155559,0.135848,0.708593,OBSOLETO,1
v1|168523632737|0,VIGENTE,0,0.009137,0.981755,0.009108,0.009137,VIGENTE,1
v1|227415119277|0,OBSOLETO,2,0.805429,0.079702,0.114869,0.805429,OBSOLETO,1
,OBSOLETO,2,0.999999,1e-06,0.0,0.999999,OBSOLETO,1
154751672,EN_RIESGO,1,0.999609,0.000251,0.00014,0.999609,OBSOLETO,0
149134729,VIGENTE,0,0.061002,0.740155,0.198843,0.061002,VIGENTE,1
v1|395541967953|0,EN_RIESGO,1,0.019464,0.013408,0.967127,0.019464,EN_RIESGO,1
v1|136925164382|0,EN_RIESGO,1,0.001689,0.000229,0.998082,0.001689,EN_RIESGO,1
,OBSOLETO,2,0.999186,0.000435,0.000379,0.999186,OBSOLETO,1
v1|327259085725|0,EN_RIESGO,1,0.003161,0.000381,0.996458,0.003161,EN_RIESGO,1
20001240942,OBSOLETO,2,0.999998,1e-06,0.0,0.999998,OBSOLETO,1
B0BNQ2JZQJ,EN_RIESGO,1,0.084592,0.851518,0.06389,0.084592,VIGENTE,0
v1|236563285863|0,VIGENTE,0,0.134268,0.691383,0.174349,0.134268,VIGENTE,1
152148757,OBSOLETO,2,0.978889,0.011747,0.009364,0.978889,OBSOLETO,1
3256811514508504,OBSOLETO,2,0.997538,0.001454,0.001008,0.997538,OBSOLETO,1
152726515,OBSOLETO,2,0.920356,0.048772,0.030872,0.920356,OBSOLETO,1
B0FH6N7CCQ,EN_RIESGO,1,0.175312,0.55954,0.265149,0.175312,VIGENTE,0
153225450,VIGENTE,0,0.001942,0.996197,0.00186,0.001942,VIGENTE,1
v1|227324307541|0,EN_RIESGO,1,0.002093,0.000113,0.997794,0.002093,EN_RIESGO,1
B0DC8553XN,EN_RIESGO,1,0.009005,0.005341,0.985653,0.009005,EN_RIESGO,1
152117872,VIGENTE,0,0.000448,0.999261,0.000291,0.000448,VIGENTE,1
v1|157903432606|0,EN_RIESGO,1,0.008033,0.003468,0.988498,0.008033,EN_RIESGO,1
B0BDDZGLXL,EN_RIESGO,1,0.013101,0.005056,0.981843,0.013101,EN_RIESGO,1
146078834,EN_RIESGO,1,0.802353,0.102638,0.095008,0.802353,OBSOLETO,0
144601925,OBSOLETO,2,0.98999,0.002659,0.007351,0.98999,OBSOLETO,1
150536197,OBSOLETO,2,0.999995,4e-06,1e-06,0.999995,OBSOLETO,1
151431987,VIGENTE,0,0.012376,0.985196,0.002428,0.012376,VIGENTE,1
135576373,EN_RIESGO,1,0.984861,0.009569,0.00557,0.984861,OBSOLETO,0
2927432,OBSOLETO,2,0.09296,0.844612,0.062428,0.09296,VIGENTE,0
153233355,VIGENTE,0,0.009709,0.98418,0.006111,0.009709,VIGENTE,1
v1|136318517492|0,EN_RIESGO,1,0.002102,6.6e-05,0.997832,0.002102,EN_RIESGO,1
v1|406277067718|0,VIGENTE,0,0.028286,0.939852,0.031862,0.028286,VIGENTE,1
B07PND9T4F,OBSOLETO,2,0.987837,0.007116,0.005047,0.987837,OBSOLETO,1
B0GXKN6F68,EN_RIESGO,1,0.993182,0.004314,0.002505,0.993182,OBSOLETO,0
153491340,VIGENTE,0,0.002924,0.995031,0.002044,0.002924,VIGENTE,1
v1|127831476599|0,OBSOLETO,2,0.067866,0.039736,0.892398,0.067866,EN_RIESGO,0
153225765,VIGENTE,0,0.001639,0.99672,0.001641,0.001639,VIGENTE,1
v1|406965915539|0,VIGENTE,0,0.008385,0.981815,0.009801,0.008385,VIGENTE,1
155685236,VIGENTE,0,0.000662,0.999,0.000339,0.000662,VIGENTE,1
20001338323,VIGENTE,0,0.069994,0.89076,0.039246,0.069994,VIGENTE,1
143360626,VIGENTE,0,0.138098,0.481698,0.380204,0.138098,VIGENTE,1
154798950,VIGENTE,0,0.001414,0.997812,0.000774,0.001414,VIGENTE,1
v1|153469962880|453428440428,OBSOLETO,2,0.012382,0.003495,0.984123,0.012382,EN_RIESGO,0
v1|188281908882|0,EN_RIESGO,1,0.003578,0.001048,0.995374,0.003578,EN_RIESGO,1
B0DK3GG3TY,EN_RIESGO,1,0.927275,0.009798,0.062927,0.927275,OBSOLETO,0
3256806824156527,EN_RIESGO,1,0.083289,0.048744,0.867967,0.083289,EN_RIESGO,1
145610891,OBSOLETO,2,0.999901,6.9e-05,3.1e-05,0.999901,OBSOLETO,1
155162607,EN_RIESGO,1,0.066974,0.01106,0.921967,0.066974,EN_RIESGO,1
154977373,OBSOLETO,2,0.125369,0.015,0.859631,0.125369,EN_RIESGO,0
,EN_RIESGO,1,0.014217,0.001486,0.984297,0.014217,EN_RIESGO,1
v1|407008356059|0,EN_RIESGO,1,0.002713,0.000621,0.996666,0.002713,EN_RIESGO,1
v1|254224015967|553615546453,OBSOLETO,2,0.063289,0.034531,0.90218,0.063289,EN_RIESGO,0
117494917,EN_RIESGO,1,0.997094,0.001881,0.001025,0.997094,OBSOLETO,0
152843258,VIGENTE,0,0.000907,0.998395,0.000697,0.000907,VIGENTE,1
v1|398155656292|0,EN_RIESGO,1,0.007412,0.000915,0.991672,0.007412,EN_RIESGO,1
145673336,OBSOLETO,2,0.994602,0.002735,0.002662,0.994602,OBSOLETO,1
v1|406691091536|0,VIGENTE,0,0.015801,0.97025,0.013948,0.015801,VIGENTE,1
20001499542,VIGENTE,0,0.045991,0.926937,0.027072,0.045991,VIGENTE,1
3256808680711357,OBSOLETO,2,0.995427,0.002971,0.001602,0.995427,OBSOLETO,1
v1|327218823156|0,VIGENTE,0,0.040912,0.927857,0.031231,0.040912,VIGENTE,1
154898853,EN_RIESGO,1,0.009288,0.004242,0.986471,0.009288,EN_RIESGO,1
144742537,EN_RIESGO,1,0.018861,0.014528,0.966612,0.018861,EN_RIESGO,1
140157407,OBSOLETO,2,0.204178,0.728808,0.067014,0.204178,VIGENTE,0
20001190727,OBSOLETO,2,0.911379,0.057592,0.031029,0.911379,OBSOLETO,1
154964272,EN_RIESGO,1,0.242888,0.164466,0.592646,0.242888,EN_RIESGO,1
B0GJSFFLXZ,EN_RIESGO,1,0.872635,0.092693,0.034672,0.872635,OBSOLETO,0
154488493,EN_RIESGO,1,0.455634,0.409081,0.135286,0.455634,OBSOLETO,0
139486486,OBSOLETO,2,0.847924,0.089544,0.062532,0.847924,OBSOLETO,1
883834743,EN_RIESGO,1,0.007947,0.001284,0.990768,0.007947,EN_RIESGO,1
148262382,EN_RIESGO,1,0.504157,0.247248,0.248595,0.504157,OBSOLETO,0
v1|178275663275|0,VIGENTE,0,0.048998,0.89627,0.054733,0.048998,VIGENTE,1
v1|376431146703|0,VIGENTE,0,0.000857,0.998475,0.000668,0.000857,VIGENTE,1
B0DK3K2NXZ,EN_RIESGO,1,0.786186,0.02439,0.189424,0.786186,OBSOLETO,0
B0GK2R9YNN,VIGENTE,0,0.017556,0.96873,0.013714,0.017556,VIGENTE,1
v1|377012504805|0,VIGENTE,0,0.015128,0.973896,0.010976,0.015128,VIGENTE,1
B0DJQRM92S,EN_RIESGO,1,0.104714,0.86041,0.034876,0.104714,VIGENTE,0
,EN_RIESGO,1,0.007883,0.00151,0.990608,0.007883,EN_RIESGO,1
151841718,VIGENTE,0,0.000244,0.999596,0.00016,0.000244,VIGENTE,1
v1|267726198959|0,EN_RIESGO,1,0.015762,0.008624,0.975614,0.015762,EN_RIESGO,1
152880980,EN_RIESGO,1,0.957668,0.026073,0.016259,0.957668,OBSOLETO,0
154327401,VIGENTE,0,0.014294,0.97654,0.009166,0.014294,VIGENTE,1
,OBSOLETO,2,0.999808,6.1e-05,0.000131,0.999808,OBSOLETO,1
,OBSOLETO,2,0.020597,0.013145,0.966257,0.020597,EN_RIESGO,0
v1|397514742847|0,EN_RIESGO,1,0.007284,0.000443,0.992272,0.007284,EN_RIESGO,1
B0BNQ2JZQJ,EN_RIESGO,1,0.093091,0.848178,0.058732,0.093091,VIGENTE,0
151912308,EN_RIESGO,1,0.936502,0.035193,0.028305,0.936502,OBSOLETO,0
v1|146753130552|445373540695,OBSOLETO,2,0.036527,0.006214,0.957259,0.036527,EN_RIESGO,0
,EN_RIESGO,1,0.002595,0.000488,0.996917,0.002595,EN_RIESGO,1
v1|224404817504|523189980862,OBSOLETO,2,0.077045,0.045767,0.877188,0.077045,EN_RIESGO,0
,EN_RIESGO,1,0.003513,0.001471,0.995016,0.003513,EN_RIESGO,1
B0C58FVB9V,EN_RIESGO,1,0.399898,0.536302,0.063801,0.399898,VIGENTE,0
v1|298442658576|0,EN_RIESGO,1,0.009825,0.001897,0.988279,0.009825,EN_RIESGO,1
149703990,OBSOLETO,2,0.999952,3.5e-05,1.4e-05,0.999952,OBSOLETO,1
143684765,OBSOLETO,2,0.99999,7e-06,3e-06,0.99999,OBSOLETO,1
150685040,EN_RIESGO,1,0.020611,0.014666,0.964724,0.020611,EN_RIESGO,1
B0BRQSWSFQ,EN_RIESGO,1,0.010202,0.00636,0.983438,0.010202,EN_RIESGO,1
v1|335967998985|0,VIGENTE,0,0.001599,0.996907,0.001494,0.001599,VIGENTE,1
,OBSOLETO,2,0.986541,0.005594,0.007865,0.986541,OBSOLETO,1
v1|298420358719|0,EN_RIESGO,1,0.002604,0.000251,0.997145,0.002604,EN_RIESGO,1
3256811981747905,OBSOLETO,2,0.999036,0.000531,0.000433,0.999036,OBSOLETO,1
,OBSOLETO,2,0.0125,0.003443,0.984057,0.0125,EN_RIESGO,0
149109601,OBSOLETO,2,0.999947,3.6e-05,1.7e-05,0.999947,OBSOLETO,1
148258384,EN_RIESGO,1,0.488908,0.257445,0.253646,0.488908,OBSOLETO,0
v1|285220246804|0,EN_RIESGO,1,0.010734,0.005064,0.984202,0.010734,EN_RIESGO,1
B0DYMKRV1M,EN_RIESGO,1,0.927611,0.041606,0.030783,0.927611,OBSOLETO,0
3256807143908862,OBSOLETO,2,0.971534,0.01741,0.011056,0.971534,OBSOLETO,1
,EN_RIESGO,1,0.147277,0.030395,0.822328,0.147277,EN_RIESGO,1
v1|357672957795|0,VIGENTE,0,0.001725,0.996687,0.001588,0.001725,VIGENTE,1
v1|365747319924|0,EN_RIESGO,1,0.001381,0.00017,0.998449,0.001381,EN_RIESGO,1
,OBSOLETO,2,0.999055,0.000351,0.000593,0.999055,OBSOLETO,1
B07CRGC899,OBSOLETO,2,0.042978,0.019298,0.937724,0.042978,EN_RIESGO,0
,OBSOLETO,2,0.025262,0.010921,0.963817,0.025262,EN_RIESGO,0
B0DBR3DZWG,EN_RIESGO,1,0.926068,0.04068,0.033252,0.926068,OBSOLETO,0
133734241,EN_RIESGO,1,0.072521,0.039986,0.887492,0.072521,EN_RIESGO,1
152452915,VIGENTE,0,0.028531,0.951211,0.020258,0.028531,VIGENTE,1
B0H2RSD1SC,EN_RIESGO,1,0.043139,0.040767,0.916094,0.043139,EN_RIESGO,1
v1|127974672750|0,VIGENTE,0,2.6e-05,0.999957,1.8e-05,2.6e-05,VIGENTE,1
,OBSOLETO,2,0.99732,0.00174,0.00094,0.99732,OBSOLETO,1
152189965,VIGENTE,0,0.043653,0.917625,0.038722,0.043653,VIGENTE,1
B0C58FVB9V,EN_RIESGO,1,0.256083,0.598836,0.145081,0.256083,VIGENTE,0
B0BNQ1NXC3,EN_RIESGO,1,0.143626,0.303924,0.55245,0.143626,EN_RIESGO,1
B0DFPMS4FD,EN_RIESGO,1,0.003142,0.000422,0.996436,0.003142,EN_RIESGO,1
B0FK6FRRDC,VIGENTE,0,0.003318,0.993052,0.00363,0.003318,VIGENTE,1
146093296,VIGENTE,0,0.828751,0.169188,0.002061,0.828751,OBSOLETO,0
154141880,OBSOLETO,2,0.999671,0.000214,0.000115,0.999671,OBSOLETO,1
152116909,VIGENTE,0,0.003647,0.993806,0.002546,0.003647,VIGENTE,1
152843188,VIGENTE,0,0.002106,0.996665,0.001229,0.002106,VIGENTE,1
,OBSOLETO,2,0.187889,0.059994,0.752117,0.187889,EN_RIESGO,0
141978340,OBSOLETO,2,0.999765,9.7e-05,0.000139,0.999765,OBSOLETO,1
B0CR6W67B7,EN_RIESGO,1,0.261342,0.165771,0.572887,0.261342,EN_RIESGO,1
,OBSOLETO,2,0.928606,0.007793,0.063601,0.928606,OBSOLETO,1
145426203,EN_RIESGO,1,0.022052,0.013131,0.964817,0.022052,EN_RIESGO,1
155512015,OBSOLETO,2,0.973727,0.016871,0.009403,0.973727,OBSOLETO,1
154977671,VIGENTE,0,8.1e-05,0.999871,4.9e-05,8.1e-05,VIGENTE,1
v1|327253647822|0,EN_RIESGO,1,0.002375,0.001328,0.996297,0.002375,EN_RIESGO,1
,OBSOLETO,2,0.926399,0.033621,0.03998,0.926399,OBSOLETO,1
152116054,EN_RIESGO,1,0.873873,0.116715,0.009412,0.873873,OBSOLETO,0
,OBSOLETO,2,0.993747,0.003747,0.002506,0.993747,OBSOLETO,1
,OBSOLETO,2,0.394371,0.129084,0.476544,0.394371,EN_RIESGO,0
155252517,VIGENTE,0,0.001159,0.99823,0.000612,0.001159,VIGENTE,1
v1|286494829334|0,EN_RIESGO,1,0.002595,0.000488,0.996917,0.002595,EN_RIESGO,1
B07HHN6KBZ,OBSOLETO,2,0.974132,0.016371,0.009497,0.974132,OBSOLETO,1
155403213,VIGENTE,0,0.001587,0.997059,0.001354,0.001587,VIGENTE,1
153728733,VIGENTE,0,0.000402,0.999307,0.00029,0.000402,VIGENTE,1
152491439,EN_RIESGO,1,0.501956,0.224318,0.273726,0.501956,OBSOLETO,0
152190007,VIGENTE,0,0.519904,0.384962,0.095134,0.519904,OBSOLETO,0
,OBSOLETO,2,0.043705,0.017633,0.938662,0.043705,EN_RIESGO,0
144589080,OBSOLETO,2,0.981299,0.009882,0.008819,0.981299,OBSOLETO,1
151213087,OBSOLETO,2,0.972113,0.010751,0.017135,0.972113,OBSOLETO,1
146078834,EN_RIESGO,1,0.979869,0.013716,0.006415,0.979869,OBSOLETO,0
154951629,VIGENTE,0,0.643528,0.348173,0.008298,0.643528,OBSOLETO,0
v1|227415120461|0,OBSOLETO,2,0.103129,0.039505,0.857366,0.103129,EN_RIESGO,0
v1|267579943225|0,VIGENTE,0,0.014006,0.973962,0.012032,0.014006,VIGENTE,1
v1|287465336093|0,EN_RIESGO,1,0.002815,0.000583,0.996602,0.002815,EN_RIESGO,1
152452915,VIGENTE,0,0.004982,0.991775,0.003242,0.004982,VIGENTE,1
150156272,OBSOLETO,2,0.999994,4e-06,2e-06,0.999994,OBSOLETO,1
152083445,EN_RIESGO,1,0.141781,0.084958,0.773261,0.141781,EN_RIESGO,1
v1|406975505793|0,EN_RIESGO,1,0.001143,0.000137,0.99872,0.001143,EN_RIESGO,1
,EN_RIESGO,1,0.002205,0.000304,0.997491,0.002205,EN_RIESGO,1
,OBSOLETO,2,0.890497,0.036307,0.073196,0.890497,OBSOLETO,1
B07MMD4DDJ,OBSOLETO,2,0.015495,0.00575,0.978756,0.015495,EN_RIESGO,0
145814097,EN_RIESGO,1,0.891439,0.065745,0.042817,0.891439,OBSOLETO,0
135576373,EN_RIESGO,1,0.995059,0.003066,0.001875,0.995059,OBSOLETO,0
3256807267896628,OBSOLETO,2,0.999884,8e-05,3.6e-05,0.999884,OBSOLETO,1
152843250,VIGENTE,0,0.133257,0.856968,0.009775,0.133257,VIGENTE,1
151213087,OBSOLETO,2,0.96538,0.009216,0.025404,0.96538,OBSOLETO,1
145798008,EN_RIESGO,1,0.25465,0.614549,0.130801,0.25465,VIGENTE,0
153278043,VIGENTE,0,0.00511,0.990714,0.004176,0.00511,VIGENTE,1
155200961,VIGENTE,0,0.000468,0.999367,0.000165,0.000468,VIGENTE,1
v1|227415120461|0,OBSOLETO,2,0.103129,0.039505,0.857366,0.103129,EN_RIESGO,0
v1|397980997045|0,VIGENTE,0,0.000807,0.998472,0.000721,0.000807,VIGENTE,1
152148757,OBSOLETO,2,0.93978,0.032182,0.028038,0.93978,OBSOLETO,1
152455229,VIGENTE,0,0.002857,0.994792,0.002351,0.002857,VIGENTE,1
,EN_RIESGO,1,0.442288,0.394996,0.162716,0.442288,OBSOLETO,0
155621554,VIGENTE,0,0.002512,0.995573,0.001915,0.002512,VIGENTE,1
B0DJTGNZLJ,VIGENTE,0,0.001038,0.998229,0.000733,0.001038,VIGENTE,1
,OBSOLETO,2,1.0,0.0,0.0,1.0,OBSOLETO,1
v1|224404817504|523189980862,OBSOLETO,2,0.022777,0.007455,0.969769,0.022777,EN_RIESGO,0
B0GGPLY38R,EN_RIESGO,1,0.207764,0.540089,0.252147,0.207764,VIGENTE,0
150684983,EN_RIESGO,1,0.01406,0.019461,0.966479,0.01406,EN_RIESGO,1
155403213,VIGENTE,0,0.017345,0.958782,0.023873,0.017345,VIGENTE,1
v1|127569385813|0,VIGENTE,0,0.420344,0.531384,0.048273,0.420344,VIGENTE,1
v1|153469962880|453428440428,OBSOLETO,2,0.012382,0.003495,0.984123,0.012382,EN_RIESGO,0
152452907,VIGENTE,0,0.045091,0.922856,0.032054,0.045091,VIGENTE,1
B0DS49VLXN,EN_RIESGO,1,0.075729,0.016675,0.907596,0.075729,EN_RIESGO,1
152189965,VIGENTE,0,0.36921,0.434439,0.196352,0.36921,VIGENTE,1
152455121,VIGENTE,0,0.010338,0.987546,0.002115,0.010338,VIGENTE,1
v1|287326207667|0,EN_RIESGO,1,0.037501,0.017829,0.94467,0.037501,EN_RIESGO,1
,OBSOLETO,2,0.999996,3e-06,1e-06,0.999996,OBSOLETO,1
v1|167656974527|0,OBSOLETO,2,0.998762,0.000595,0.000643,0.998762,OBSOLETO,1
v1|377342521987|0,VIGENTE,0,0.007356,0.988541,0.004103,0.007356,VIGENTE,1
v1|137469272978|0,EN_RIESGO,1,0.003091,0.000149,0.99676,0.003091,EN_RIESGO,1
v1|236374482032|0,EN_RIESGO,1,0.017845,0.002564,0.979591,0.017845,EN_RIESGO,1
B07Q25L8KY,OBSOLETO,2,0.07169,0.876664,0.051645,0.07169,VIGENTE,0
B0FT526Y4Q,EN_RIESGO,1,0.111071,0.588112,0.300818,0.111071,VIGENTE,0
126618611,EN_RIESGO,1,0.071715,0.062525,0.86576,0.071715,EN_RIESGO,1
152925549,EN_RIESGO,1,0.451317,0.306604,0.24208,0.451317,OBSOLETO,0
v1|284338406755|0,OBSOLETO,2,0.911312,0.046123,0.042565,0.911312,OBSOLETO,1
153226223,VIGENTE,0,0.003842,0.992781,0.003376,0.003842,VIGENTE,1
151996321,VIGENTE,0,0.004166,0.993322,0.002512,0.004166,VIGENTE,1
B0793BYYFV,OBSOLETO,2,0.669553,0.115891,0.214556,0.669553,OBSOLETO,1
154943370,EN_RIESGO,1,0.984929,0.008594,0.006477,0.984929,OBSOLETO,0
,EN_RIESGO,1,0.000636,6.5e-05,0.999299,0.000636,EN_RIESGO,1
,OBSOLETO,2,0.999675,0.000214,0.000111,0.999675,OBSOLETO,1
141105867,EN_RIESGO,1,0.85291,0.071633,0.075456,0.85291,OBSOLETO,0
B081Y6D8TR,OBSOLETO,2,0.279566,0.135171,0.585262,0.279566,EN_RIESGO,0
,OBSOLETO,2,0.999987,9e-06,4e-06,0.999987,OBSOLETO,1
,OBSOLETO,2,0.999979,1.1e-05,1e-05,0.999979,OBSOLETO,1
B0H6CW2WFG,VIGENTE,0,0.097351,0.877012,0.025637,0.097351,VIGENTE,1
v1|352657142436|622002625078,OBSOLETO,2,0.014276,0.003292,0.982432,0.014276,EN_RIESGO,0
140685392,OBSOLETO,2,0.998715,0.000557,0.000728,0.998715,OBSOLETO,1
v1|147370465997|0,VIGENTE,0,0.00123,0.99778,0.00099,0.00123,VIGENTE,1
v1|224404817504|523189980862,OBSOLETO,2,0.022777,0.007455,0.969769,0.022777,EN_RIESGO,0
B0DKCQSNHQ,EN_RIESGO,1,0.021414,0.009721,0.968865,0.021414,EN_RIESGO,1
v1|306438353997|0,OBSOLETO,2,0.718449,0.078628,0.202924,0.718449,OBSOLETO,1
153402898,OBSOLETO,2,0.989524,0.005831,0.004645,0.989524,OBSOLETO,1
152148757,OBSOLETO,2,0.976662,0.01343,0.009908,0.976662,OBSOLETO,1
155252533,VIGENTE,0,0.003168,0.99477,0.002061,0.003168,VIGENTE,1
145814097,EN_RIESGO,1,0.930478,0.04229,0.027231,0.930478,OBSOLETO,0
115654257,OBSOLETO,2,0.999291,0.000428,0.00028,0.999291,OBSOLETO,1
B08PTXFDP6,EN_RIESGO,1,0.002704,0.001536,0.99576,0.002704,EN_RIESGO,1
B0DBR9RZLV,EN_RIESGO,1,0.975267,0.017178,0.007555,0.975267,OBSOLETO,0
v1|147233438464|0,VIGENTE,0,7.4e-05,0.999877,5e-05,7.4e-05,VIGENTE,1
,OBSOLETO,2,0.285221,0.135956,0.578824,0.285221,EN_RIESGO,0
154124000,VIGENTE,0,0.011576,0.979462,0.008962,0.011576,VIGENTE,1
B0F9T7SHKP,EN_RIESGO,1,0.100706,0.851286,0.048009,0.100706,VIGENTE,0
154327385,VIGENTE,0,0.0004,0.999296,0.000304,0.0004,VIGENTE,1
,OBSOLETO,2,0.387393,0.128995,0.483611,0.387393,EN_RIESGO,0
v1|127902107224|0,OBSOLETO,2,0.114132,0.085969,0.799899,0.114132,EN_RIESGO,0
B091JZ9FVG,OBSOLETO,2,0.993361,0.00429,0.002349,0.993361,OBSOLETO,1
152452965,EN_RIESGO,1,0.036434,0.005804,0.957762,0.036434,EN_RIESGO,1
v1|257324492497|0,VIGENTE,0,0.03732,0.932908,0.029772,0.03732,VIGENTE,1
151922592,OBSOLETO,2,0.046595,0.006149,0.947256,0.046595,EN_RIESGO,0
v1|387804840014|0,VIGENTE,0,0.001365,0.997695,0.00094,0.001365,VIGENTE,1
v1|397833127346|0,OBSOLETO,2,0.757669,0.073106,0.169224,0.757669,OBSOLETO,1
155403221,VIGENTE,0,0.015783,0.968244,0.015972,0.015783,VIGENTE,1
152190003,VIGENTE,0,0.042041,0.930797,0.027162,0.042041,VIGENTE,1
v1|136947874250|0,EN_RIESGO,1,0.000761,8.6e-05,0.999153,0.000761,EN_RIESGO,1
v1|284338406755|0,OBSOLETO,2,0.911312,0.046123,0.042565,0.911312,OBSOLETO,1
153729684,VIGENTE,0,0.013635,0.976859,0.009506,0.013635,VIGENTE,1
B0FH6N7CCQ,EN_RIESGO,1,0.175312,0.55954,0.265149,0.175312,VIGENTE,0
v1|127902107224|0,OBSOLETO,2,0.114132,0.085969,0.799899,0.114132,EN_RIESGO,0
155092667,OBSOLETO,2,0.739347,0.128746,0.131906,0.739347,OBSOLETO,1
v1|318563700049|0,EN_RIESGO,1,0.002279,0.001236,0.996485,0.002279,EN_RIESGO,1
v1|205669948428|0,OBSOLETO,2,0.995954,0.002504,0.001543,0.995954,OBSOLETO,1
v1|397981223784|0,VIGENTE,0,0.000637,0.998794,0.000569,0.000637,VIGENTE,1
154030225,EN_RIESGO,1,0.013836,0.010901,0.975263,0.013836,EN_RIESGO,1
154886787,VIGENTE,0,0.001388,0.99767,0.000942,0.001388,VIGENTE,1
150429609,OBSOLETO,2,0.999898,7.2e-05,3e-05,0.999898,OBSOLETO,1
3256809857829680,OBSOLETO,2,0.999894,7.5e-05,3.1e-05,0.999894,OBSOLETO,1
v1|406922329685|0,EN_RIESGO,1,0.002852,0.000344,0.996805,0.002852,EN_RIESGO,1
152083482,VIGENTE,0,0.13436,0.830039,0.035601,0.13436,VIGENTE,1
B0BDF5514F,EN_RIESGO,1,0.127947,0.059939,0.812114,0.127947,EN_RIESGO,1
v1|127838054301|0,VIGENTE,0,0.00077,0.998711,0.00052,0.00077,VIGENTE,1
3256812248018550,OBSOLETO,2,0.997524,0.001666,0.00081,0.997524,OBSOLETO,1
v1|236914699616|0,EN_RIESGO,1,0.003363,0.000121,0.996515,0.003363,EN_RIESGO,1
,EN_RIESGO,1,0.883637,0.060348,0.056015,0.883637,OBSOLETO,0
v1|236900822161|0,EN_RIESGO,1,0.00267,9.4e-05,0.997236,0.00267,EN_RIESGO,1
B0DCZJY4LT,EN_RIESGO,1,0.00338,0.000684,0.995936,0.00338,EN_RIESGO,1
144617675,VIGENTE,0,0.043092,0.90948,0.047429,0.043092,VIGENTE,1
