batch_id,timestamp,source,category,sku,brand,title,price_pen,price_orig_pen,price_usd,price_date,discount_pct,price_currency,rating,reviews,retailer,url
20260805_055550,2026-08-05T06:07:09.583404+00:00,ripley_pe,laptops,2004368462249,HP,LAPTOP HP AI 15-FD2353LA INTEL CORE ULTRA 5 24GB RAM 512GB SSD 15.6”,2799.0,3499.0,825.66,2026-08-05,20,PEN,,,Ripley PE,https://simple.ripley.com.pe/laptop-hp-ai-15-fd2353la-intel-core-ultra-5-24gb-ram-512gb-ssd-156-2004368462249p
20260805_055550,2026-08-05T06:07:09.584404+00:00,ripley_pe,laptops,2004373154863,HP,LAPTOP HP 15-FC0287LA AMD RYZEN 7 8GB RAM 512GB SSD 15.6”,2699.0,3699.0,796.17,2026-08-05,27,PEN,,,Ripley PE,https://simple.ripley.com.pe/laptop-hp-15-fc0287la-amd-ryzen-7-8gb-ram-512gb-ssd-156-2004373154863p
20260805_055550,2026-08-05T06:07:09.586405+00:00,ripley_pe,laptops,2004368918166,ASUS,"LAPTOP ASUS VIVOBOOK 15 X1504VA-BQ4454W INTEL CORE 5 120U 8GB 512SSD 15.6"" FHD + MOCHILA + MOUSE",2099.0,2699.0,619.17,2026-08-05,22,PEN,,,Ripley PE,https://simple.ripley.com.pe/laptop-asus-vivobook-15-x1504va-bq4454w-intel-core-5-120u-8gb-512ssd-156-fhd-mochila-mouse-2004368918166p
20260805_055550,2026-08-05T06:07:09.586405+00:00,ripley_pe,laptops,2004373250145,LENOVO,"LAPTOP LENOVO IDEAPAD SLIM 3I INTEL CORE I5-13420H 16 GB  512GBSSD 15.3""",2599.0,3699.0,766.67,2026-08-05,30,PEN,,,Ripley PE,https://simple.ripley.com.pe/laptop-lenovo-ideapad-slim-3i-intel-core-i5-13420h-16-gb-512gbssd-153-2004373250145p
20260805_055550,2026-08-05T06:07:09.587404+00:00,ripley_pe,laptops,20001347443,ASUS,LAPTOP ASUS VIVOBOOK 16 C7 16GB 1TB RTX 5070 8GB 16'',6899.0,9198.67,2035.1,2026-08-05,25,PEN,,,Ripley PE,https://simple.ripley.com.pe/laptop-asus-vivobook-16-c7-16gb-1tb-rtx-5070-8gb-16-pmp20001347443
20260805_055550,2026-08-05T06:07:09.588404+00:00,ripley_pe,laptops,2004373154849,HP,LAPTOP HP GAMING VICTUS 15-FA2009LA INTEL CORE I5 8GB RAM 512GB SSD 15.6” RTX 3050,3099.0,4999.0,914.16,2026-08-05,38,PEN,,,Ripley PE,https://simple.ripley.com.pe/laptop-hp-gaming-victus-15-fa2009la-intel-core-i5-8gb-ram-512gb-ssd-156-rtx-3050-2004373154849p
20260805_055550,2026-08-05T06:07:09.588404+00:00,ripley_pe,laptops,2004368462256,HP,LAPTOP HP AI 15-FD2381LA INTEL CORE ULTRA 7 24GB RAM 1TB SSD 15.6”,3899.0,4299.0,1150.15,2026-08-05,9,PEN,,,Ripley PE,https://simple.ripley.com.pe/laptop-hp-ai-15-fd2381la-intel-core-ultra-7-24gb-ram-1tb-ssd-156-2004368462256p
20260805_055550,2026-08-05T06:07:09.589404+00:00,ripley_pe,laptops,2004369597704,ASUS,"LAPTOP ASUS VIVOBOOK 15 X1504VA-BQ4587W INTEL CORE 7 150U 16GB 512SSD 15.6"" FHD",2699.0,3499.0,796.17,2026-08-05,23,PEN,,,Ripley PE,https://simple.ripley.com.pe/laptop-asus-vivobook-15-x1504va-bq4587w-intel-core-7-150u-16gb-512ssd-156-fhd-2004369597704p
20260805_055550,2026-08-05T06:07:09.590404+00:00,ripley_pe,laptops,2004372866132,LENOVO,"LAPTOP LENOVO OLED IDEAPAD SLIM 3 AMD RYZEN 7 7735HS 16 GB 512GB SSD 14""",2659.0,2999.0,784.37,2026-08-05,11,PEN,,,Ripley PE,https://simple.ripley.com.pe/laptop-lenovo-oled-ideapad-slim-3-amd-ryzen-7-7735hs-16-gb-512gb-ssd-14-2004372866132p
20260805_055550,2026-08-05T06:07:09.591414+00:00,ripley_pe,laptops,2004333916692,LENOVO,"LAPTOP LENOVO LOQ INTEL CORE I5-12450HX 8GB RAM 512 GB SSD RTX 3050 6GB 15.6"" FHD 144 Hz",3099.0,3499.0,914.16,2026-08-05,11,PEN,,,Ripley PE,https://simple.ripley.com.pe/laptop-lenovo-loq-intel-core-i5-12450hx-8gb-ram-512-gb-ssd-rtx-3050-6gb-156-fhd-144-hz-2004333916692p
20260805_055550,2026-08-05T06:07:09.591414+00:00,ripley_pe,laptops,20001351152,APPLE,MACBOOK NEO 13' (2026) CHIP A18 PRO 8GB RAM 256GB SSD | CITRUS - TECLADO INGLÉS,2959.0,3409.0,872.86,2026-08-05,13,PEN,,,Ripley PE,https://simple.ripley.com.pe/macbook-neo-13-2026-chip-a18-pro-8gb-ram-256gb-ssd-citrus-teclado-ingles-pmp20001351152
20260805_055550,2026-08-05T06:07:09.592405+00:00,ripley_pe,laptops,2004373144864,HP,LAPTOP HP 15-FD0333LA INTEL CORE I3 8GB RAM 512GB SSD TOUCH 15.6”,1899.0,2499.0,560.18,2026-08-05,24,PEN,,,Ripley PE,https://simple.ripley.com.pe/laptop-hp-15-fd0333la-intel-core-i3-8gb-ram-512gb-ssd-touch-156-2004373144864p
20260805_055550,2026-08-05T06:07:09.593405+00:00,ripley_pe,laptops,2004373289749,HP,LAPTOP HP GAMING VICTUS 15-FB3049LA AMD RYZEN 7 8GB RAM 512GB SSD 15.6”,5299.0,,1563.13,2026-08-05,,PEN,,,Ripley PE,https://simple.ripley.com.pe/laptop-hp-gaming-victus-15-fb3049la-amd-ryzen-7-8gb-ram-512gb-ssd-156-2004373289749p
20260805_055550,2026-08-05T06:07:09.593405+00:00,ripley_pe,laptops,2004372741750,ASUS,LAPTOP ASUS TUF GAMING A15 FA506NCQ-HN012W AMD RYZEN 7 170 8GB RAM 512GB SSD RTX 3050 15.6”,3299.0,4299.0,973.16,2026-08-05,23,PEN,,,Ripley PE,https://simple.ripley.com.pe/laptop-asus-tuf-gaming-a15-fa506ncq-hn012w-amd-ryzen-7-170-8gb-ram-512gb-ssd-rtx-3050-156-2004372741750p
20260805_055550,2026-08-05T06:07:09.594404+00:00,ripley_pe,laptops,2004361284978,ACER,LAPTOP ACER ASPIRE LITE AMD Ryzen™ 7 16GB RAM 512GB SSD 15.6”,2399.0,3499.0,707.67,2026-08-05,31,PEN,,,Ripley PE,https://simple.ripley.com.pe/laptop-acer-aspire-lite-amd-ryzen-7-16gb-ram-512gb-ssd-156-2004361284978p
20260805_055550,2026-08-05T06:07:09.595404+00:00,ripley_pe,laptops,2004370537164,ACER,"LAPTOP ACER ASPIRE GO 15 INTEL CORE I5 16GB RAM 512GB 15.6""",2299.0,3159.0,678.17,2026-08-05,27,PEN,,,Ripley PE,https://simple.ripley.com.pe/laptop-acer-aspire-go-15-intel-core-i5-16gb-ram-512gb-156-2004370537164p
20260805_055550,2026-08-05T06:07:09.595404+00:00,ripley_pe,laptops,20001537984,LENOVO,LAPTOP LENOVO V15 GEN 4 83CR003UUS 15.6' AMD RYZEN 7 7730U 1TB SSD 16GB RAM AMD RADEON GRAPHICS WINDOWS 11 BLACK,3899.0,,1150.15,2026-08-05,,PEN,,,Ripley PE,https://simple.ripley.com.pe/laptop-lenovo-v15-gen-4-83cr003uus-156-amd-ryzen-7-7730u-1tb-ssd-16gb-ram-amd-radeon-graphics-windows-11-black-pmp20001537984
20260805_055550,2026-08-05T06:07:09.596404+00:00,ripley_pe,laptops,20001464412,HP,LAPTOP HP 250 G8 15.6’’ INTEL CORE I3 10TH 16GB 128GB 1TB HDD - OPEN BOX,1499.0,2599.0,442.18,2026-08-05,42,PEN,,,Ripley PE,https://simple.ripley.com.pe/laptop-hp-250-g8-156-intel-core-i3-10th-16gb-128gb-1tb-hdd-open-box-pmp20001464412
20260805_055550,2026-08-05T06:07:09.596404+00:00,ripley_pe,laptops,2004373154856,HP,LAPTOP HP GAMING VICTUS 15-FA2018LA INTEL CORE I5 8GB RAM 512GB SSD 15.6” RTX 4050,3599.0,5299.0,1061.65,2026-08-05,32,PEN,,,Ripley PE,https://simple.ripley.com.pe/laptop-hp-gaming-victus-15-fa2018la-intel-core-i5-8gb-ram-512gb-ssd-156-rtx-4050-2004373154856p
20260805_055550,2026-08-05T06:07:09.599404+00:00,ripley_pe,laptops,2004372989565,LENOVO,"LAPTOP LENOVO IDEAPAD SLIM 3I INTEL CORE I7-13620H 16 GB  512GBSSD 15.3""",2999.0,4099.0,884.66,2026-08-05,27,PEN,,,Ripley PE,https://simple.ripley.com.pe/laptop-lenovo-ideapad-slim-3i-intel-core-i7-13620h-16-gb-512gbssd-153-2004372989565p
20260805_055550,2026-08-05T06:07:09.599404+00:00,ripley_pe,laptops,2004360546503,LENOVO,LAPTOP IA LENOVO LEGION 5i INTEL CORE i7-13650HX 16GB RAM 1TB SSD RTX 5060 8GB 15.3” WUXGA 165 HZ,5799.0,6299.0,1710.62,2026-08-05,8,PEN,,,Ripley PE,https://simple.ripley.com.pe/laptop-ia-lenovo-legion-5i-intel-core-i7-13650hx-16gb-ram-1tb-ssd-rtx-5060-8gb-153-wuxga-165-hz-2004360546503p
20260805_055550,2026-08-05T06:07:09.601404+00:00,ripley_pe,laptops,2004372755764,ASUS,LAPTOP ASUS ZENBOOK TOUCH UX3405CA-QL574W INTEL CORE ULTRA 7 16GB RAM 1TB SSD 14”,4799.0,5299.0,1415.63,2026-08-05,9,PEN,,,Ripley PE,https://simple.ripley.com.pe/laptop-asus-zenbook-touch-ux3405ca-ql574w-intel-core-ultra-7-16gb-ram-1tb-ssd-14-2004372755764p
20260805_055550,2026-08-05T06:07:09.602404+00:00,ripley_pe,laptops,2004372912624,LENOVO,"LAPTOP LENOVO LOQ ESSENTIAL AMD RYZEN 7 7435HS 16 GB 512GBSSD 15.6"" RTX 3050",3599.0,3998.98,1061.65,2026-08-05,10,PEN,,,Ripley PE,https://simple.ripley.com.pe/laptop-lenovo-loq-essential-amd-ryzen-7-7435hs-16-gb-512gbssd-156-rtx-3050-2004372912624p
20260805_055550,2026-08-05T06:07:09.603404+00:00,ripley_pe,laptops,20001517482,HP,LAPTOP REACONDICIONADA HP ELITEBOOK 840 G8 CI5 11VA 16GB RAM 512GB SSD PLATA,1512.9,1980.0,446.28,2026-08-05,24,PEN,,,Ripley PE,https://simple.ripley.com.pe/laptop-reacondicionada-hp-elitebook-840-g8-ci5-11va-16gb-ram-512gb-ssd-plata-pmp20001517482
20260805_055550,2026-08-05T06:07:09.603404+00:00,ripley_pe,laptops,2004358671798,HP,"LAPTOP HP 15-FD0263LA INTE CORE I5 16GB RAM 1TB SSD 15.6""",2639.99,3299.0,778.76,2026-08-05,20,PEN,,,Ripley PE,https://simple.ripley.com.pe/laptop-hp-15-fd0263la-inte-core-i5-16gb-ram-1tb-ssd-156-2004358671798p
20260805_055550,2026-08-05T06:07:09.604404+00:00,ripley_pe,laptops,2004371080775,LENOVO,"LAPTOP LENOVO IDEAPAD SLIM 3I INTEL CORE I5 8GB RAM 512 GB SSD 15.3"" WUXGA",2199.0,2409.0,648.67,2026-08-05,9,PEN,,,Ripley PE,https://simple.ripley.com.pe/laptop-lenovo-ideapad-slim-3i-intel-core-i5-8gb-ram-512-gb-ssd-153-wuxga-2004371080775p
20260805_055550,2026-08-05T06:07:09.605397+00:00,ripley_pe,laptops,2004366746594,LENOVO,LAPTOP LENOVO LOQ INTEL CORE I7 16GB RAM 512GB SSD 15.6” RTX 5050,5099.0,5499.0,1504.13,2026-08-05,7,PEN,,,Ripley PE,https://simple.ripley.com.pe/laptop-lenovo-loq-intel-core-i7-16gb-ram-512gb-ssd-156-rtx-5050-2004366746594p
20260805_055550,2026-08-05T06:07:09.605397+00:00,ripley_pe,laptops,2004372912617,LENOVO,"LAPTOP LENOVO OLED IDEAPAD SLIM 3 AMD RYZEN 7 7735HS 16 GB 512GBSSD 14""",2659.0,2999.0,784.37,2026-08-05,11,PEN,,,Ripley PE,https://simple.ripley.com.pe/laptop-lenovo-oled-ideapad-slim-3-amd-ryzen-7-7735hs-16-gb-512gbssd-14-2004372912617p
20260805_055550,2026-08-05T06:07:09.606404+00:00,ripley_pe,laptops,2004366632231,HP,LAPTOP HP 15-FD0277LA INTEL CORE I7 16GB RAM 1TB SSD 15.6”,3199.0,3299.0,943.66,2026-08-05,3,PEN,,,Ripley PE,https://simple.ripley.com.pe/laptop-hp-15-fd0277la-intel-core-i7-16gb-ram-1tb-ssd-156-2004366632231p
20260805_055550,2026-08-05T06:07:09.607411+00:00,ripley_pe,laptops,2004372221979,LENOVO,LAPTOP LENOVO LEGION 5I INTEL CORE I7 16GB 1TB SSD  RTX5060,6299.0,6499.0,1858.11,2026-08-05,3,PEN,,,Ripley PE,https://simple.ripley.com.pe/laptop-lenovo-legion-5i-intel-core-i7-16gb-1tb-ssd-rtx5060-2004372221979p
20260805_055550,2026-08-05T06:07:09.608404+00:00,ripley_pe,laptops,2004372874557,LENOVO,"LAPTOP LENOVO IDEAPAD SLIM 5I INTEL CORE ULTRA 9 185H 32 GB  512GBSSD 14""",3948.98,,1164.89,2026-08-05,,PEN,,,Ripley PE,https://simple.ripley.com.pe/laptop-lenovo-ideapad-slim-5i-intel-core-ultra-9-185h-32-gb-512gbssd-14-2004372874557p
20260805_055550,2026-08-05T06:07:09.608404+00:00,ripley_pe,laptops,20001538393,HP,LAPTOP REACONDICIONADA HP 15-DW1058LA CI5 10MA 16GB RAM 512GB SSD PLATEADA,1520.9,1912.0,448.64,2026-08-05,20,PEN,,,Ripley PE,https://simple.ripley.com.pe/laptop-reacondicionada-hp-15-dw1058la-ci5-10ma-16gb-ram-512gb-ssd-plateada-pmp20001538393
20260805_055550,2026-08-05T06:07:09.609408+00:00,ripley_pe,laptops,2004372841658,ASUS,LAPTOP ASUS ZENBOOK 14 OLED TOUCH UX3405CA-SU1442W INTEL CORE ULTRA 9 16GB RAM 1TB SSD 14”,5599.0,7099.0,1651.62,2026-08-05,21,PEN,,,Ripley PE,https://simple.ripley.com.pe/laptop-asus-zenbook-14-oled-touch-ux3405ca-su1442w-intel-core-ultra-9-16gb-ram-1tb-ssd-14-2004372841658p
20260805_055550,2026-08-05T06:07:09.610405+00:00,ripley_pe,laptops,2004361284954,ACER,LAPTOP ACER ASPIRE LITE Intel® Core™ i7 16GB RAM 512GB SSD 15.6”,2699.0,3299.0,796.17,2026-08-05,18,PEN,,,Ripley PE,https://simple.ripley.com.pe/laptop-acer-aspire-lite-intel-core-i7-16gb-ram-512gb-ssd-156-2004361284954p
20260805_055550,2026-08-05T06:07:09.610405+00:00,ripley_pe,laptops,2004373811438,LENOVO,"LAPTOP LENOVO IDEAPAD SLIM 3I INTEL CORE I5-13420H 16 GB  512GBSSD 15.3""",2599.0,3099.0,766.67,2026-08-05,16,PEN,,,Ripley PE,https://simple.ripley.com.pe/laptop-lenovo-ideapad-slim-3i-intel-core-i5-13420h-16-gb-512gbssd-153-2004373811438p
20260805_055550,2026-08-05T06:07:09.611404+00:00,ripley_pe,laptops,20001549044,ACER,LAPTOP ACER ASPIRE GO 15 15.6' RYZEN 7 7730U 16GB RAM 512GB SSD TECLADO INGLÉS | SILVER,2199.0,3099.0,648.67,2026-08-05,29,PEN,,,Ripley PE,https://simple.ripley.com.pe/laptop-acer-aspire-go-15-156-ryzen-7-7730u-16gb-ram-512gb-ssd-teclado-ingles-silver-pmp20001549044
20260805_055550,2026-08-05T06:07:09.612404+00:00,ripley_pe,laptops,2004361673659,ASUS,LAPTOP ASUS ROG STRIX G16 G615JMR-RV165W INTEL CORE I7 16GB RAM 512GB SSD 16” RTX 5060,6849.0,7699.0,2020.35,2026-08-05,11,PEN,,,Ripley PE,https://simple.ripley.com.pe/laptop-asus-rog-strix-g16-g615jmr-rv165w-intel-core-i7-16gb-ram-512gb-ssd-16-rtx-5060-2004361673659p
20260805_055550,2026-08-05T06:07:09.612404+00:00,ripley_pe,laptops,20000106860,HP,"LAPTOP HP INTEL QUAD-CORE N4120 8GB RAM 64GB EMMC + 128GB MICRO SD 14"" ULTRALIGERA, HDMI, WIFI, USB-A Y C, WIN 11 S",1199.0,1379.0,353.69,2026-08-05,13,PEN,,,Ripley PE,https://simple.ripley.com.pe/laptop-hp-intel-quad-core-n4120-8gb-ram-64gb-emmc-128gb-micro-sd-14-ultraligera-hdmi-wifi-usb-a-y-c-win-11-s-pmp20000106860
20260805_055550,2026-08-05T06:07:09.613404+00:00,ripley_pe,laptops,20001491677,HP,HP PROBOOK 440 G8 I5 11VA 16GB RAM 256GB SSD IPS REACONDICIONADA 1 AÑO GARANTÍA + COOLER,1649.0,2690.0,486.43,2026-08-05,39,PEN,,,Ripley PE,https://simple.ripley.com.pe/hp-probook-440-g8-i5-11va-16gb-ram-256gb-ssd-ips-reacondicionada-1-ano-garantia-cooler-pmp20001491677
20260805_055550,2026-08-05T06:07:09.613404+00:00,ripley_pe,laptops,20001530893,LENOVO,LAPTOP LENOVO IDEAPAD SLIM 3 15IRH10 INTEL CORE I7 13620H 16GB RAM 1TB SSD 15.3 WUXGA IPS FREEDOS,3249.0,3899.0,958.41,2026-08-05,17,PEN,,,Ripley PE,https://simple.ripley.com.pe/laptop-lenovo-ideapad-slim-3-15irh10-intel-core-i7-13620h-16gb-ram-1tb-ssd-153-wuxga-ips-freedos-pmp20001530893
20260805_055550,2026-08-05T06:07:09.614404+00:00,ripley_pe,laptops,20001537870,DELL,LAPTOP DELL DELL LATITUDE E7450 14' INTEL CORE I7 256GB SSD 8GB | OPEN BOX,1149.0,1241.0,338.94,2026-08-05,7,PEN,,,Ripley PE,https://simple.ripley.com.pe/laptop-dell-dell-latitude-e7450-14-intel-core-i7-256gb-ssd-8gb-open-box-pmp20001537870
20260805_055550,2026-08-05T06:07:09.614404+00:00,ripley_pe,laptops,2004347464684,ACER,"LAPTOP ACER ASPIRE LITE AL16-51P-7984 INTEL CORE I7 16GB RAM 512GB SSD 16""",2799.0,3399.0,825.66,2026-08-05,18,PEN,,,Ripley PE,https://simple.ripley.com.pe/laptop-acer-aspire-lite-al16-51p-7984-intel-core-i7-16gb-ram-512gb-ssd-16-2004347464684p
20260805_055550,2026-08-05T06:07:09.615410+00:00,ripley_pe,laptops,20001455393,HP,LAPTOP HP 250R G10 INTEL CORE 5 120U 16GB RAM 512 SSD M.2 15.6 LCD HD FREEDOS,2399.0,2879.0,707.67,2026-08-05,17,PEN,,,Ripley PE,https://simple.ripley.com.pe/laptop-hp-250r-g10-intel-core-5-120u-16gb-ram-512-ssd-m2-156-lcd-hd-freedos-pmp20001455393
20260805_055550,2026-08-05T06:07:09.616405+00:00,ripley_pe,laptops,2004373830699,ASUS,LAPTOP ASUS FX608JMI-TU401W INTEL CORE I7 16GB RAM 512GB SSD 16”,6799.0,9599.0,2005.6,2026-08-05,29,PEN,,,Ripley PE,https://simple.ripley.com.pe/laptop-asus-fx608jmi-tu401w-intel-core-i7-16gb-ram-512gb-ssd-16-2004373830699p
20260805_055550,2026-08-05T06:07:09.616405+00:00,ripley_pe,laptops,2004372742030,ASUS,LAPTOP ASUS ROG STRIX G16 G615JMR-RV165W INTEL CORE 7 16GB RAM 512GB SSD RTX 5060 16”,7299.0,9099.0,2153.1,2026-08-05,20,PEN,,,Ripley PE,https://simple.ripley.com.pe/laptop-asus-rog-strix-g16-g615jmr-rv165w-intel-core-7-16gb-ram-512gb-ssd-rtx-5060-16-2004372742030p
20260805_055550,2026-08-05T06:07:09.617404+00:00,ripley_pe,laptops,2004330098711,ACER,"LAPTOP ACER ANV15-51-526M INTEL CORE I5 13420H 16GB RAM 512GB SSD RTX 3050 15.6""",3549.0,3899.0,1046.9,2026-08-05,9,PEN,,,Ripley PE,https://simple.ripley.com.pe/laptop-acer-anv15-51-526m-intel-core-i5-13420h-16gb-ram-512gb-ssd-rtx-3050-156-2004330098711p
20260805_055550,2026-08-05T06:07:09.617404+00:00,ripley_pe,laptops,2004372751377,ASUS,LAPTOP ASUS VIVOBOOK X1605VAPBF-MB234W INTEL CORE 9 8GB RAM 512GB SSD 16”,3499.0,4099.0,1032.15,2026-08-05,15,PEN,,,Ripley PE,https://simple.ripley.com.pe/laptop-asus-vivobook-x1605vapbf-mb234w-intel-core-9-8gb-ram-512gb-ssd-16-2004372751377p
20260805_055550,2026-08-05T06:07:09.618405+00:00,ripley_pe,laptops,20001321156,SAMSUNG,LAPTOP SAMSUNG GALAXY CHROMEBOOK GO 14' INTEL CELERON N4500 4GB RAM 64GB - TECLADO INGLÉS | PLATA,999.0,1499.0,294.69,2026-08-05,33,PEN,,,Ripley PE,https://simple.ripley.com.pe/laptop-samsung-galaxy-chromebook-go-14-intel-celeron-n4500-4gb-ram-64gb-teclado-ingles-plata-pmp20001321156
20260805_055550,2026-08-05T06:07:09.618405+00:00,ripley_pe,laptops,20001482760,LENOVO,LAPTOP NUEVA LENOVO V15 INTEL CI7 13VA 16GB RAM 1TB SSD+ 500GB HDD EXTERNO 15.6 FHD MALETÍN MOUSE,3099.0,4499.0,914.16,2026-08-05,31,PEN,,,Ripley PE,https://simple.ripley.com.pe/laptop-nueva-lenovo-v15-intel-ci7-13va-16gb-ram-1tb-ssd-500gb-hdd-externo-156-fhd-maletin-mouse-pmp20001482760
20260805_055550,2026-08-05T06:07:09.619404+00:00,ripley_pe,laptops,20001351148,APPLE,MACBOOK NEO 13' (2026) CHIP A18 PRO 8GB RAM 512GB SSD | CITRUS - TECLADO INGLÉS,3399.0,3909.0,1002.65,2026-08-05,13,PEN,,,Ripley PE,https://simple.ripley.com.pe/macbook-neo-13-2026-chip-a18-pro-8gb-ram-512gb-ssd-citrus-teclado-ingles-pmp20001351148
20260805_055550,2026-08-05T06:07:14.015825+00:00,ripley_pe,laptops,20001097996,HP,LAPTOP HP VICTUS 15-FB3020LA AMD RYZEN 7 16GB 512GB RTX3050,3509.0,5599.0,1035.1,2026-08-05,37,PEN,,,Ripley PE,https://simple.ripley.com.pe/laptop-hp-victus-15-fb3020la-amd-ryzen-7-16gb-512gb-rtx3050-pmp20001097996
20260805_055550,2026-08-05T06:07:14.016840+00:00,ripley_pe,laptops,20001549537,LENOVO,LAPTOP LENOVO V15 G6 ITN CELERON N100 8GB DDR5 SSD 256GB 15.6 FHD FREEDOS,1499.0,1799.0,442.18,2026-08-05,17,PEN,,,Ripley PE,https://simple.ripley.com.pe/laptop-lenovo-v15-g6-itn-celeron-n100-8gb-ddr5-ssd-256gb-156-fhd-freedos-pmp20001549537
20260805_055550,2026-08-05T06:07:14.017840+00:00,ripley_pe,laptops,2004372841634,ASUS,LAPTOP ASUS VIVOBOOK  15 TOUCH X1504VA-E84344W INTEL CORE 5 8GB RAM 512GB SSD 15.6”,2299.0,3099.0,678.17,2026-08-05,26,PEN,,,Ripley PE,https://simple.ripley.com.pe/laptop-asus-vivobook-15-touch-x1504va-e84344w-intel-core-5-8gb-ram-512gb-ssd-156-2004372841634p
20260805_055550,2026-08-05T06:07:14.019839+00:00,ripley_pe,laptops,20000873917,LENOVO,LAPTOP LENOVO THINKPAD 14' T14 CORE I5 10MA GEN 16GB RAM 256GB SSD (REACONDICIONADO) - TECLADO INGLÉS,1599.0,2399.0,471.68,2026-08-05,33,PEN,,,Ripley PE,https://simple.ripley.com.pe/laptop-lenovo-thinkpad-14-t14-core-i5-10ma-gen-16gb-ram-256gb-ssd-reacondicionado-teclado-ingles-pmp20000873917
20260805_055550,2026-08-05T06:07:14.020839+00:00,ripley_pe,laptops,2004372742108,ASUS,LAPTOP ASUS ROG G614PM-RV221W AMD RYZEN 9 16GB RAM 512GB SSD 16”,7399.0,9299.0,2182.6,2026-08-05,20,PEN,,,Ripley PE,https://simple.ripley.com.pe/laptop-asus-rog-g614pm-rv221w-amd-ryzen-9-16gb-ram-512gb-ssd-16-2004372742108p
20260805_055550,2026-08-05T06:07:14.020839+00:00,ripley_pe,laptops,20000106854,HP,"LAPTOP HP CHROMEBOOK 2023 INTEL CELERON N4120 4GB RAM 64GB EMMC 14"" CHROME OS, GRIS MODERNO",999.0,1499.0,294.69,2026-08-05,33,PEN,,,Ripley PE,https://simple.ripley.com.pe/laptop-hp-chromebook-2023-intel-celeron-n4120-4gb-ram-64gb-emmc-14-chrome-os-gris-moderno-pmp20000106854
20260805_055550,2026-08-05T06:07:14.021847+00:00,ripley_pe,laptops,2004367411514,LENOVO,LAPTOP LENOVO LEGION 5 AMD RYZEN 7 32GB RAM 1TB SSD 15.1” OLED RTX 5070,8199.0,8699.0,2418.58,2026-08-05,6,PEN,,,Ripley PE,https://simple.ripley.com.pe/laptop-lenovo-legion-5-amd-ryzen-7-32gb-ram-1tb-ssd-151-oled-rtx-5070-2004367411514p
20260805_055550,2026-08-05T06:07:14.023840+00:00,ripley_pe,laptops,20001499294,LENOVO,LAPTOP LENOVO IDEAPAD SLIM 3 15.6 FHD AMD RYZEN 5 7520 8GB RAM 512GB SSD + MALETIN LENOVO,2099.0,3599.0,619.17,2026-08-05,42,PEN,,,Ripley PE,https://simple.ripley.com.pe/laptop-lenovo-ideapad-slim-3-156-fhd-amd-ryzen-5-7520-8gb-ram-512gb-ssd-maletin-lenovo-pmp20001499294
20260805_055550,2026-08-05T06:07:14.024839+00:00,ripley_pe,laptops,2004369345480,ACER,LAPTOP ACER ASPIRE LITE Intel® Core™ i7 16GB RAM 512GB SSD 15.6”,2699.0,2999.0,796.17,2026-08-05,10,PEN,,,Ripley PE,https://simple.ripley.com.pe/laptop-acer-aspire-lite-intel-core-i7-16gb-ram-512gb-ssd-156-2004369345480p
20260805_055550,2026-08-05T06:07:14.024839+00:00,ripley_pe,laptops,20001342480,LENOVO,LAPTOP LENOVO IDEAPAD SLIM 3 15IRH10 CI5 13420H 8GB RAM/ 512GB SSD/ PANTALLA15.3 WUXGA-83K100KELM,2099.0,3089.0,619.17,2026-08-05,32,PEN,,,Ripley PE,https://simple.ripley.com.pe/laptop-lenovo-ideapad-slim-3-15irh10-ci5-13420h-8gb-ram-512gb-ssd-pantalla153-wuxga-83k100kelm-pmp20001342480
20260805_055550,2026-08-05T06:07:14.025848+00:00,ripley_pe,laptops,20001340085,LENOVO,LAPTOP LENOVO IDEAPAD SLIM 3 15AMN8 RYZEN 5 7520U 2.8HZ/ 16GB RAM/ 512GB SSD/ 15.6' WIND-82XQ00N6LM,2299.0,3269.0,678.17,2026-08-05,30,PEN,,,Ripley PE,https://simple.ripley.com.pe/laptop-lenovo-ideapad-slim-3-15amn8-ryzen-5-7520u-28hz-16gb-ram-512gb-ssd-156-wind-82xq00n6lm-pmp20001340085
20260805_055550,2026-08-05T06:07:14.026840+00:00,ripley_pe,laptops,20000106848,LENOVO,"LAPTOP LENOVO IDEAPAD INTEL CORE I3-1115 8GB RAM 128GB 14"" W. 11, FULL HD GRIS PLATINO",1599.0,1839.0,471.68,2026-08-05,13,PEN,,,Ripley PE,https://simple.ripley.com.pe/laptop-lenovo-ideapad-intel-core-i3-1115-8gb-ram-128gb-14-w-11-full-hd-gris-platino-pmp20000106848
20260805_055550,2026-08-05T06:07:14.026840+00:00,ripley_pe,laptops,20001537642,ACER,LAPTOP ACER NL16-71G-57ED 16' INTEL CORE I5 512GB SSD 16GB RAM NVIDIA RTX 4050 WINDOWS 11 NEGRO,4299.0,,1268.14,2026-08-05,,PEN,,,Ripley PE,https://simple.ripley.com.pe/laptop-acer-nl16-71g-57ed-16-intel-core-i5-512gb-ssd-16gb-ram-nvidia-rtx-4050-windows-11-negro-pmp20001537642
20260805_055550,2026-08-05T06:07:14.027840+00:00,ripley_pe,laptops,20001247764,ASUS,LAPTOP TUF GAMING F16 16' FHD+ 144HZ CORE I5 RTX 4050 8GB 512GB SSD ASUS | GRIS (TECLADO INGLÉS),4699.0,5409.0,1386.14,2026-08-05,13,PEN,,,Ripley PE,https://simple.ripley.com.pe/laptop-tuf-gaming-f16-16-fhd-144hz-core-i5-rtx-4050-8gb-512gb-ssd-asus-gris-teclado-ingles-pmp20001247764
20260805_055550,2026-08-05T06:07:14.028839+00:00,ripley_pe,laptops,20000859209,MICROSOFT,MICROSOFT SURFACE PRO 2 EN 1 LAPTOP/TABLET 2024 WINDOWS 11 SNAPDRAGON X PLUS 16GB RAM 512GB DUNA,6125.0,7350.0,1806.78,2026-08-05,17,PEN,,,Ripley PE,https://simple.ripley.com.pe/microsoft-surface-pro-2-en-1-laptoptablet-2024-windows-11-snapdragon-x-plus-16gb-ram-512gb-duna-pmp20000859209
20260805_055550,2026-08-05T06:07:14.028839+00:00,ripley_pe,laptops,20001088783,HP,(REACONDICIONADO) CHROMEBOOK HP 11A G8 EDUCATION EDITION AMD A4 9120C 4GB DDR4 32GB EMMC - TECLADO INGLÉS | 11.6',499.0,579.0,147.2,2026-08-05,14,PEN,,,Ripley PE,https://simple.ripley.com.pe/reacondicionado-chromebook-hp-11a-g8-education-edition-amd-a4-9120c-4gb-ddr4-32gb-emmc-teclado-ingles-116-pmp20001088783
20260805_055550,2026-08-05T06:07:14.029839+00:00,ripley_pe,laptops,20000735329,ASUS,"LAPTOP ASUS TECLADO INGLÉS 4GB 14"" 64GB FHD VIVOBOOK GO INTEL N6000 RAM 6 EMMC NEGRO",999.0,1449.0,294.69,2026-08-05,31,PEN,,,Ripley PE,https://simple.ripley.com.pe/laptop-asus-teclado-ingles-4gb-14-64gb-fhd-vivobook-go-intel-n6000-ram-6-emmc-negro-pmp20000735329
20260805_055550,2026-08-05T06:07:14.029839+00:00,ripley_pe,laptops,20000561900,LENOVO,LAPTOP LENOVO 4GB 128GB IDEAPAD 1 HD INTEL CELERON N4020,1049.0,1209.0,309.44,2026-08-05,13,PEN,,,Ripley PE,https://simple.ripley.com.pe/laptop-lenovo-4gb-128gb-ideapad-1-hd-intel-celeron-n4020-pmp20000561900
20260805_055550,2026-08-05T06:07:14.030844+00:00,ripley_pe,laptops,2004373377323,LENOVO,LAPTOP LENOVO IDEAPAD 5 2 EN 1 AMD RYZEN AI 7 16GB RAM 512GB SSD TOUCH 14”,4399.0,4799.0,1297.64,2026-08-05,8,PEN,,,Ripley PE,https://simple.ripley.com.pe/laptop-lenovo-ideapad-5-2-en-1-amd-ryzen-ai-7-16gb-ram-512gb-ssd-touch-14-2004373377323p
20260805_055550,2026-08-05T06:07:14.031840+00:00,ripley_pe,laptops,2004372486873,ACER,LAPTOP ACER NITRO 5 AN515-58-77GL INTEL CORE I7 16GB RAM 512GB SSD RTX 3050 15.6”,5629.0,5799.0,1660.47,2026-08-05,3,PEN,,,Ripley PE,https://simple.ripley.com.pe/laptop-acer-nitro-5-an515-58-77gl-intel-core-i7-16gb-ram-512gb-ssd-rtx-3050-156-2004372486873p
20260805_055550,2026-08-05T06:07:14.031840+00:00,ripley_pe,laptops,20001088769,LENOVO,"Laptop Legion Pro 7i Intel Core™ Ultra 9 275HX 24 Core NVIDIA GeForce RTX™ 5070 Ti 12GB 32GB RAM 2TB SSD 16"" WQXGA 240 Hz",12599.0,15599.0,3716.52,2026-08-05,19,PEN,,,Ripley PE,https://simple.ripley.com.pe/laptop-legion-pro-7i-intel-core-ultra-9-275hx-24-core-nvidia-geforce-rtx-5070-ti-12gb-32gb-ram-2tb-ssd-16-wqxga-240-hz-pmp20001088769
20260805_055550,2026-08-05T06:07:14.032839+00:00,ripley_pe,laptops,20001321155,SAMSUNG,LAPTOP SAMSUNG GALAXY BOOK5 PRO 360 16' CORE 7 ULTRA 16GB RAM 1TB - TECLADO INGLÉS | GRIS,8499.0,9779.0,2507.08,2026-08-05,13,PEN,,,Ripley PE,https://simple.ripley.com.pe/laptop-samsung-galaxy-book5-pro-360-16-core-7-ultra-16gb-ram-1tb-teclado-ingles-gris-pmp20001321155
20260805_055550,2026-08-05T06:07:14.033839+00:00,ripley_pe,laptops,20000106847,LENOVO,"LAPTOP LENOVO CHROMEBOOK 4GB RAM 64GB EMMC PANTALLA TOUCH 14"" CHROMEBOOK, FHD, MEDIATEK KOMPANIO 520 8 NÚCLEOS, CHROME OS",1089.0,1639.0,321.24,2026-08-05,34,PEN,,,Ripley PE,https://simple.ripley.com.pe/laptop-lenovo-chromebook-4gb-ram-64gb-emmc-pantalla-touch-14-chromebook-fhd-mediatek-kompanio-520-8-nucleos-chrome-os-pmp20000106847
20260805_055550,2026-08-05T06:07:14.034839+00:00,ripley_pe,laptops,20001421669,LENOVO,LAPTOP LENOVO THINKPAD E14 GEN 6 AMD RYZEN 7 7735HS 16GB 512GB GRAPHICS WINDOWS 11 PRO,4669.0,5500.0,1377.29,2026-08-05,15,PEN,,,Ripley PE,https://simple.ripley.com.pe/laptop-lenovo-thinkpad-e14-gen-6-amd-ryzen-7-7735hs-16gb-512gb-graphics-windows-11-pro-pmp20001421669
20260805_055550,2026-08-05T06:07:14.034839+00:00,ripley_pe,laptops,20001537382,HP,LAPTOP REACONDICIONADA HP PROBOOK 440 G9 CORE I7 12VA 16GB RAM 512GB SSD PLATEADO,1954.9,2360.0,576.67,2026-08-05,17,PEN,,,Ripley PE,https://simple.ripley.com.pe/laptop-reacondicionada-hp-probook-440-g9-core-i7-12va-16gb-ram-512gb-ssd-plateado-pmp20001537382
20260805_055550,2026-08-05T06:07:14.035846+00:00,ripley_pe,laptops,20000842964,APPLE,MACBOOK AIR 13' APPLE CHIP M1 256GB SSD 8GB,3386.0,3657.0,998.82,2026-08-05,7,PEN,,,Ripley PE,https://simple.ripley.com.pe/macbook-air-13-apple-chip-m1-256gb-ssd-8gb-pmp20000842964
20260805_055550,2026-08-05T06:07:14.035846+00:00,ripley_pe,laptops,20001280770,LENOVO,LAPTOP IDEAPAD SLIM 3I I3-N305 LENOVO 15.6' 128GB SSD 8GB RAM W11 S - TECLADO INGLÉS | ARCTIC GRAY,1599.0,2399.0,471.68,2026-08-05,33,PEN,,,Ripley PE,https://simple.ripley.com.pe/laptop-ideapad-slim-3i-i3-n305-lenovo-156-128gb-ssd-8gb-ram-w11-s-teclado-ingles-arctic-gray-pmp20001280770
20260805_055550,2026-08-05T06:07:14.036840+00:00,ripley_pe,laptops,20000070489,LENOVO,"LAPTOP LENOVO ATHLON 7120U - 82YU00X5LM AMD ATHLON SILVER 8GB RAM 256GB SSD 15.6"" 2.4GHZ + MOUSE TEROS",1609.0,,474.63,2026-08-05,,PEN,,,Ripley PE,https://simple.ripley.com.pe/laptop-lenovo-athlon-7120u-82yu00x5lm-amd-athlon-silver-8gb-ram-256gb-ssd-156-24ghz-mouse-teros-pmp20000070489
20260805_055550,2026-08-05T06:07:14.036840+00:00,ripley_pe,laptops,20000855139,HP,LAPTOP HP VICTUS15-FA2014LA INTEL CORE I5 16GB 512GB RTX3050,3469.0,5599.0,1023.3,2026-08-05,38,PEN,,,Ripley PE,https://simple.ripley.com.pe/laptop-hp-victus15-fa2014la-intel-core-i5-16gb-512gb-rtx3050-pmp20000855139
20260805_055550,2026-08-05T06:07:14.037843+00:00,ripley_pe,laptops,20001485489,LENOVO,LAPTOP LENOVO IDEA PAD SLIM 3 15IRH10 INTEL CORE I5 13420H 8GB RAM 512GB SSD 15.3 WUXGA TOUCH FREEDOS,2399.0,2879.0,707.67,2026-08-05,17,PEN,,,Ripley PE,https://simple.ripley.com.pe/laptop-lenovo-idea-pad-slim-3-15irh10-intel-core-i5-13420h-8gb-ram-512gb-ssd-153-wuxga-touch-freedos-pmp20001485489
20260805_055550,2026-08-05T06:07:14.038840+00:00,ripley_pe,laptops,00003548031,MSI,"LAPTOP GAMER MSI GAMING INTEL CORE I7 16GB 512GB NVIDIA GEFORCE RTX 4050 15.6"" THIN GF63 144 HZ 12.ª GENERACIÓN",4999.0,5749.0,1474.63,2026-08-05,13,PEN,,,Ripley PE,https://simple.ripley.com.pe/laptop-gamer-msi-gaming-intel-core-i7-16gb-512gb-nvidia-geforce-rtx-4050-156-thin-gf63-144-hz-12-generacion-pmp00003548031
20260805_055550,2026-08-05T06:07:14.038840+00:00,ripley_pe,laptops,20001352253,APPLE,NUEVA MACBOOK AIR M5 13” 16GB RAM + 512GB (TECLADO INGLES) - MIDNIGHT (2026),5699.0,6499.0,1681.12,2026-08-05,12,PEN,,,Ripley PE,https://simple.ripley.com.pe/nueva-macbook-air-m5-13-16gb-ram-512gb-teclado-ingles-midnight-2026-pmp20001352253
20260805_055550,2026-08-05T06:07:14.039839+00:00,ripley_pe,laptops,20001280818,HP,LAPTOP VICTUS 15 RYZEN 5 7535HS HP 15.6' 512GB SSD PCIE 16GB RAM W11 - TECLADO INGLÉS | PLATEADO,4299.0,6449.0,1268.14,2026-08-05,33,PEN,,,Ripley PE,https://simple.ripley.com.pe/laptop-victus-15-ryzen-5-7535hs-hp-156-512gb-ssd-pcie-16gb-ram-w11-teclado-ingles-plateado-pmp20001280818
20260805_055550,2026-08-05T06:07:14.039839+00:00,ripley_pe,laptops,20001516651,LENOVO,"LAPTOP LENOVO IDEAPAD SLIM 3 15IRH10, CI7-13620H, 16GB RAM, 1TB SSD, 15.3' WUXGA-83K100NALM",3199.0,4549.0,943.66,2026-08-05,30,PEN,,,Ripley PE,https://simple.ripley.com.pe/laptop-lenovo-ideapad-slim-3-15irh10-ci7-13620h-16gb-ram-1tb-ssd-153-wuxga-83k100nalm-pmp20001516651
20260805_055550,2026-08-05T06:07:14.040840+00:00,ripley_pe,laptops,20001530894,LENOVO,LAPTOP LENOVO V15 G4 AMN AMD ATHLON 7120U 8GB RAM 256GB SSD 15.6 FHD FREEDOS,1529.0,1569.0,451.03,2026-08-05,3,PEN,,,Ripley PE,https://simple.ripley.com.pe/laptop-lenovo-v15-g4-amn-amd-athlon-7120u-8gb-ram-256gb-ssd-156-fhd-freedos-pmp20001530894
20260805_055550,2026-08-05T06:07:14.040840+00:00,ripley_pe,laptops,20001517071,LENOVO,"LAPTOP LENOVO IDEAPAD SLIM 3 15IRH10, CI7-13620H, 16GB RAM, 1TB SSD, 15.3' WUXGA-83K100NALM",3199.0,4969.0,943.66,2026-08-05,36,PEN,,,Ripley PE,https://simple.ripley.com.pe/laptop-lenovo-ideapad-slim-3-15irh10-ci7-13620h-16gb-ram-1tb-ssd-153-wuxga-83k100nalm-pmp20001517071
20260805_055550,2026-08-05T06:07:14.041839+00:00,ripley_pe,laptops,20001517069,HP,LAPTOP HP 15-FC0256LA RYZEN 5 7520U 16GB RAM/ 512GB SSD/ 15.6″ FHD-B9TP9LA,2249.0,3369.0,663.42,2026-08-05,33,PEN,,,Ripley PE,https://simple.ripley.com.pe/laptop-hp-15-fc0256la-ryzen-5-7520u-16gb-ram-512gb-ssd-156-fhd-b9tp9la-pmp20001517069
20260805_055550,2026-08-05T06:07:14.041839+00:00,ripley_pe,laptops,20001172191,HP,"LAPTOP HP 255 G10 AMD RYZEN 7 7730U, 16GB RAM, 512GB SSD, 15.6'FHD - B03E1LT",2849.0,3909.0,840.41,2026-08-05,27,PEN,,,Ripley PE,https://simple.ripley.com.pe/laptop-hp-255-g10-amd-ryzen-7-7730u-16gb-ram-512gb-ssd-156fhd-b03e1lt-pmp20001172191
20260805_055550,2026-08-05T06:07:14.042840+00:00,ripley_pe,laptops,20001321163,SAMSUNG,LAPTOP SAMSUNG GALAXY BOOK4 EDGE 15.6' SNAPDRAGON X PLUS 16GB RAM 512GB - TECLADO INGLÉS | AZUL ZAFIRO,4899.0,6999.0,1445.13,2026-08-05,30,PEN,,,Ripley PE,https://simple.ripley.com.pe/laptop-samsung-galaxy-book4-edge-156-snapdragon-x-plus-16gb-ram-512gb-teclado-ingles-azul-zafiro-pmp20001321163
20260805_055550,2026-08-05T06:07:14.043840+00:00,ripley_pe,laptops,20001425567,HP,LAPTOP REACONDICIONADA HP PROBOOK 450 G9 CORE I7 12VA 16GB RAM 512GB SSD PLATEADA,2628.0,,775.22,2026-08-05,,PEN,,,Ripley PE,https://simple.ripley.com.pe/laptop-reacondicionada-hp-probook-450-g9-core-i7-12va-16gb-ram-512gb-ssd-plateada-pmp20001425567
20260805_055550,2026-08-05T06:07:14.043840+00:00,ripley_pe,laptops,20001383515,LENOVO,LAPTOP ASUS EXPERTBOOK  CORE I5-210H / RAM 16GB DDR5 SSD 512GB / PANTALLA 15.6 FHD - 90NX0881-M02P90,2649.0,4019.0,781.42,2026-08-05,34,PEN,,,Ripley PE,https://simple.ripley.com.pe/laptop-asus-expertbook-core-i5-210h-ram-16gb-ddr5-ssd-512gb-pantalla-156-fhd-90nx0881-m02p90-pmp20001383515
20260805_055550,2026-08-05T06:07:14.044840+00:00,ripley_pe,laptops,2004373302875,LENOVO,"LAPTOP LENOVO IDEAPAD SLIM 3I INTEL CORE I5 16GB RAM  512GBSSD 15.3""",2599.0,2899.0,766.67,2026-08-05,10,PEN,,,Ripley PE,https://simple.ripley.com.pe/laptop-lenovo-ideapad-slim-3i-intel-core-i5-16gb-ram-512gbssd-153-2004373302875p
20260805_055550,2026-08-05T06:07:14.044840+00:00,ripley_pe,laptops,20001530891,DELL,LAPTOP DELL DC15250 INTEL CORE I7 1355U 32GB RAM 512GB SSD M.2 15.6 FHD FREEDOS,3299.0,4199.0,973.16,2026-08-05,21,PEN,,,Ripley PE,https://simple.ripley.com.pe/laptop-dell-dc15250-intel-core-i7-1355u-32gb-ram-512gb-ssd-m2-156-fhd-freedos-pmp20001530891
20260805_055550,2026-08-05T06:07:14.045847+00:00,ripley_pe,laptops,20001321162,SAMSUNG,LAPTOP SAMSUNG GALAXY BOOK5 360 15.6' CORE 7 ULTRA 16GB RAM 512GB - TECLADO INGLÉS | GRIS,6399.0,7359.0,1887.61,2026-08-05,13,PEN,,,Ripley PE,https://simple.ripley.com.pe/laptop-samsung-galaxy-book5-360-156-core-7-ultra-16gb-ram-512gb-teclado-ingles-gris-pmp20001321162
20260805_055550,2026-08-05T06:07:14.046845+00:00,ripley_pe,laptops,20001352199,APPLE,NUEVA MACBOOK AIR M5 13” 16GB RAM + 512GB (TECLADO INGLES) - SILVER (2026),5699.0,6499.0,1681.12,2026-08-05,12,PEN,,,Ripley PE,https://simple.ripley.com.pe/nueva-macbook-air-m5-13-16gb-ram-512gb-teclado-ingles-silver-2026-pmp20001352199
20260805_055550,2026-08-05T06:07:14.046845+00:00,ripley_pe,laptops,20001420049,LENOVO,LAPTOP LENOVO V15 G4 RYZEN 3 7320U  RAM 8GB SSD 512GB   15.6' FHD  COLOR GRIS,1839.0,2490.0,542.48,2026-08-05,26,PEN,,,Ripley PE,https://simple.ripley.com.pe/laptop-lenovo-v15-g4-ryzen-3-7320u-ram-8gb-ssd-512gb-156-fhd-color-gris-pmp20001420049
20260805_055550,2026-08-05T06:07:18.141575+00:00,ripley_pe,laptops,00003380714,MICROSOFT,"LAPTOP MICROSOFT SURFACE PRO INTEL® EVO PLATFORM CORE™ I7 16GB RAM 512GB SSD PANTALLA TOUCH 13"" PLATINUM",6615.0,7938.0,1951.33,2026-08-05,17,PEN,,,Ripley PE,https://simple.ripley.com.pe/laptop-microsoft-surface-pro-intel-evo-platform-core-i7-16gb-ram-512gb-ssd-pantalla-touch-13-platinum-pmp00003380714
20260805_055550,2026-08-05T06:07:18.141575+00:00,ripley_pe,laptops,20001133087,ASUS,LAPTOP ASUS ZENBOOK DUO UX8406CA-PZ073W 1 TB SSD DOBLE PANTALLA OLED TÁCTIL,10579.0,15869.0,3120.65,2026-08-05,33,PEN,,,Ripley PE,https://simple.ripley.com.pe/laptop-asus-zenbook-duo-ux8406ca-pz073w-1-tb-ssd-doble-pantalla-oled-tactil-pmp20001133087
20260805_055550,2026-08-05T06:07:18.143574+00:00,ripley_pe,laptops,20001280804,HP,LAPTOP OMNIBOOK 5 FLIP 14' I5-120U HP 14' 512GB SSD 8GB RAM W11 - TECLADO INGLÉS | PLATEADO,3399.0,5099.0,1002.65,2026-08-05,33,PEN,,,Ripley PE,https://simple.ripley.com.pe/laptop-omnibook-5-flip-14-i5-120u-hp-14-512gb-ssd-8gb-ram-w11-teclado-ingles-plateado-pmp20001280804
20260805_055550,2026-08-05T06:07:18.147575+00:00,ripley_pe,laptops,20001347439,ASUS,LAPTOP ASUS VIVOBOOK 16 U7 16GB 512GB W11 16',3799.0,5065.33,1120.65,2026-08-05,25,PEN,,,Ripley PE,https://simple.ripley.com.pe/laptop-asus-vivobook-16-u7-16gb-512gb-w11-16-pmp20001347439
20260805_055550,2026-08-05T06:07:18.148574+00:00,ripley_pe,laptops,20001339446,HP,LAPTOP HP 15-FC0275LA-AMD RYZEN 7 7730U/ 16GB RAM/ 512GB SSD/15.6' FHD-B9TR3LA,2849.0,3839.0,840.41,2026-08-05,26,PEN,,,Ripley PE,https://simple.ripley.com.pe/laptop-hp-15-fc0275la-amd-ryzen-7-7730u-16gb-ram-512gb-ssd156-fhd-b9tr3la-pmp20001339446
20260805_055550,2026-08-05T06:07:18.149574+00:00,ripley_pe,laptops,20001366856,LENOVO,LAPTOP LENOVO 14' G4 FHD CORE I7 16GB RAM 256GB | NEGRO,2799.0,3219.0,825.66,2026-08-05,13,PEN,,,Ripley PE,https://simple.ripley.com.pe/laptop-lenovo-14-g4-fhd-core-i7-16gb-ram-256gb-negro-pmp20001366856
20260805_055550,2026-08-05T06:07:18.150574+00:00,ripley_pe,laptops,20001277363,DELL,LAPTOP DELL DC15250 INTEL CORE I7 1355U 16GB RAM 512GB SSD M.2 15.6 FHD FREEDOS,2999.0,3599.0,884.66,2026-08-05,17,PEN,,,Ripley PE,https://simple.ripley.com.pe/laptop-dell-dc15250-intel-core-i7-1355u-16gb-ram-512gb-ssd-m2-156-fhd-freedos-pmp20001277363
20260805_055550,2026-08-05T06:07:18.152574+00:00,ripley_pe,laptops,20000695373,ADVANCE,"LAPTOP ADVANCE CN4058 10.1"" INTEL CELERON 8GB 128GB SSD 2 EN 1 TOUCH CELERON WINDOWS11",818.9,840.0,241.56,2026-08-05,3,PEN,,,Ripley PE,https://simple.ripley.com.pe/laptop-advance-cn4058-101-intel-celeron-8gb-128gb-ssd-2-en-1-touch-celeron-windows11-pmp20000695373
20260805_055550,2026-08-05T06:07:18.153575+00:00,ripley_pe,laptops,20001492090,HP,LAPTOP HP ZBOOK FIREFLY 14 G8 I7 11VA 16GB 1TB SSD 14' REACONDICIONADA GARANTÍA 1 AÑO + COOLER,2190.0,3199.0,646.02,2026-08-05,32,PEN,,,Ripley PE,https://simple.ripley.com.pe/laptop-hp-zbook-firefly-14-g8-i7-11va-16gb-1tb-ssd-14-reacondicionada-garantia-1-ano-cooler-pmp20001492090
20260805_055550,2026-08-05T06:07:18.155574+00:00,ripley_pe,laptops,20001352317,APPLE,NUEVA MACBOOK AIR M5 13” 16GB RAM + 512GB (TECLADO INGLES) - MIDNIGHT (2026) + REGALO,6099.0,6599.0,1799.12,2026-08-05,8,PEN,,,Ripley PE,https://simple.ripley.com.pe/nueva-macbook-air-m5-13-16gb-ram-512gb-teclado-ingles-midnight-2026-regalo-pmp20001352317
20260805_055550,2026-08-05T06:07:18.156574+00:00,ripley_pe,laptops,20000436220,LENOVO,LAPTOP LENOVO LOQ 15IAX9 INTEL CORE I5-12450HX 8GB RAM 512GB SSD 15.6” FHD 144 HZ,3499.0,4999.0,1032.15,2026-08-05,30,PEN,,,Ripley PE,https://simple.ripley.com.pe/laptop-lenovo-loq-15iax9-intel-core-i5-12450hx-8gb-ram-512gb-ssd-156-fhd-144-hz-pmp20000436220
20260805_055550,2026-08-05T06:07:18.157574+00:00,ripley_pe,laptops,20001347427,ASUS,LAPTOP ASUS VIVOBOOK 16 C7 16GB 512GB RTX 4050 6GB W11,4699.0,6265.33,1386.14,2026-08-05,25,PEN,,,Ripley PE,https://simple.ripley.com.pe/laptop-asus-vivobook-16-c7-16gb-512gb-rtx-4050-6gb-w11-pmp20001347427
20260805_055550,2026-08-05T06:07:18.159574+00:00,ripley_pe,laptops,2004372488174,ACER,LAPTOP ACER ASPIRE LITE AL15-52P-51UH INTEL CORE I5 16GB RAM 512GB SSD 15.6”,2999.0,3499.0,884.66,2026-08-05,14,PEN,,,Ripley PE,https://simple.ripley.com.pe/laptop-acer-aspire-lite-al15-52p-51uh-intel-core-i5-16gb-ram-512gb-ssd-156-2004372488174p
20260805_055550,2026-08-05T06:07:18.160575+00:00,ripley_pe,laptops,20001539547,HP,LAPTOP REACONDICIONADA HP 15-DW1071LA CI7 10MA 16GB RAM 512GB SSD PLATA,1749.9,2348.0,516.19,2026-08-05,25,PEN,,,Ripley PE,https://simple.ripley.com.pe/laptop-reacondicionada-hp-15-dw1071la-ci7-10ma-16gb-ram-512gb-ssd-plata-pmp20001539547
20260805_055550,2026-08-05T06:07:18.161579+00:00,ripley_pe,laptops,20001510322,ASUS,LAPTOP ASUS VIVOBOOK 15 FHD 15.6' IPS CORE 5-120U 16GB DDR5 512GB MOCHILA + MOUSE FREEDOS,2799.0,3329.0,825.66,2026-08-05,16,PEN,,,Ripley PE,https://simple.ripley.com.pe/laptop-asus-vivobook-15-fhd-156-ips-core-5-120u-16gb-ddr5-512gb-mochila-mouse-freedos-pmp20001510322
20260805_055550,2026-08-05T06:07:18.162579+00:00,ripley_pe,laptops,20001247761,ASUS,LAPTOP TUF GAMING F16 16' FHD+ 165HZ I5 RTX 5050 16GB 512GB SSD ASUS | GRIS (TECLADO INGLÉS),5599.0,6439.0,1651.62,2026-08-05,13,PEN,,,Ripley PE,https://simple.ripley.com.pe/laptop-tuf-gaming-f16-16-fhd-165hz-i5-rtx-5050-16gb-512gb-ssd-asus-gris-teclado-ingles-pmp20001247761
20260805_055550,2026-08-05T06:07:18.163579+00:00,ripley_pe,laptops,20001365863,APPLE,MACBOOK NEO 13 CHIP A18 PRO 8GB RAM 512B SSD TOUCH ID TECLADO INGLES - INDIGO,3699.0,4399.0,1091.15,2026-08-05,16,PEN,,,Ripley PE,https://simple.ripley.com.pe/macbook-neo-13-chip-a18-pro-8gb-ram-512b-ssd-touch-id-teclado-ingles-indigo-pmp20001365863
20260805_055550,2026-08-05T06:07:18.164579+00:00,ripley_pe,laptops,20000785417,ASUS,LAPTOP ZENBOOK 14 PRO OLED Q415 PANTALLA TÁCTIL INTEL ULTRA 5 125H 8GB 512GB SSD ASUS | TECLADO INGLÉS,4919.0,7029.0,1451.03,2026-08-05,30,PEN,,,Ripley PE,https://simple.ripley.com.pe/laptop-zenbook-14-pro-oled-q415-pantalla-tactil-intel-ultra-5-125h-8gb-512gb-ssd-asus-teclado-ingles-pmp20000785417
20260805_055550,2026-08-05T06:07:18.166579+00:00,ripley_pe,laptops,20001352255,APPLE,NUEVA MACBOOK AIR M5 13” 16GB RAM + 512GB (TECLADO INGLES) - MIDNIGHT (2026),5699.0,6499.0,1681.12,2026-08-05,12,PEN,,,Ripley PE,https://simple.ripley.com.pe/nueva-macbook-air-m5-13-16gb-ram-512gb-teclado-ingles-midnight-2026-pmp20001352255
20260805_055550,2026-08-05T06:07:18.167579+00:00,ripley_pe,laptops,20001290957,DELL,LAPTOP REACONDICIONADA DELL LATITUDE 5501 CORE I5 9NA 16GB RAM 512GB SSD,1932.3,,570.0,2026-08-05,,PEN,,,Ripley PE,https://simple.ripley.com.pe/laptop-reacondicionada-dell-latitude-5501-core-i5-9na-16gb-ram-512gb-ssd-pmp20001290957
20260805_055550,2026-08-05T06:07:18.168579+00:00,ripley_pe,laptops,20000230923,LENOVO,"LAPTOP LENOVO IDEAPAD SLIM 3 15IAH8 CORE I5-12450H 16GB RAM 512GB SSD 15.6"" IP 156 FULLHD LPDDR5 WIN11",2998.9,3500.0,884.63,2026-08-05,14,PEN,,,Ripley PE,https://simple.ripley.com.pe/laptop-lenovo-ideapad-slim-3-15iah8-core-i5-12450h-16gb-ram-512gb-ssd-156-ip-156-fullhd-lpddr5-win11-pmp20000230923
20260805_055550,2026-08-05T06:07:18.169579+00:00,ripley_pe,laptops,20001280801,ASUS,LAPTOP VIVOBOOK 14 I3-1315U ASUS 14' 128GB SSD 8GB RAM W11 - TECLADO INGLÉS | SILENT BLUE,1899.0,2719.0,560.18,2026-08-05,30,PEN,,,Ripley PE,https://simple.ripley.com.pe/laptop-vivobook-14-i3-1315u-asus-14-128gb-ssd-8gb-ram-w11-teclado-ingles-silent-blue-pmp20001280801
20260805_055550,2026-08-05T06:07:18.170579+00:00,ripley_pe,laptops,20001489699,ASUS,LAPTOP ASUS ZENBOOK 14 ULTRA9 16GB RAM 1TB SSD W11 OLED,6799.0,9065.33,2005.6,2026-08-05,25,PEN,,,Ripley PE,https://simple.ripley.com.pe/laptop-asus-zenbook-14-ultra9-16gb-ram-1tb-ssd-w11-oled-pmp20001489699
20260805_055550,2026-08-05T06:07:18.171579+00:00,ripley_pe,laptops,20001352609,LENOVO,LAPTOP LENOVO LOQ 15IAX9 15.6' FHD 144HZ INTEL CORE I5 RTX3050 16GB 512GB SSD,4549.0,,1341.89,2026-08-05,,PEN,,,Ripley PE,https://simple.ripley.com.pe/laptop-lenovo-loq-15iax9-156-fhd-144hz-intel-core-i5-rtx3050-16gb-512gb-ssd-pmp20001352609
20260805_055550,2026-08-05T06:07:18.173579+00:00,ripley_pe,laptops,20001229883,ACER,ACER NITRO V LAPTOP PARA JUEGOS INTEL I7-13620H RTX 4050 DDR5 16GB,4395.0,5274.0,1296.46,2026-08-05,17,PEN,,,Ripley PE,https://simple.ripley.com.pe/acer-nitro-v-laptop-para-juegos-intel-i7-13620h-rtx-4050-ddr5-16gb-pmp20001229883
20260805_055550,2026-08-05T06:07:18.174579+00:00,ripley_pe,laptops,20001534677,LENOVO,LAPTOP LENOVO ATHLON SILVER 7120U DDR5 8GB SSD 256GB 15.6 FHD 82YU00X5LM  V15 G4 AMN,1549.0,1699.0,456.93,2026-08-05,9,PEN,,,Ripley PE,https://simple.ripley.com.pe/laptop-lenovo-athlon-silver-7120u-ddr5-8gb-ssd-256gb-156-fhd-82yu00x5lm-v15-g4-amn-pmp20001534677
20260805_055550,2026-08-05T06:07:18.176083+00:00,ripley_pe,laptops,20001217531,LENOVO,LAPTOP LENOVO LOQ INTEL CORE I5 12450HX 8GB RAM 512GB SSD 6GB RTX 3050 15.6 FHD FREEDOS,3149.0,3779.0,928.91,2026-08-05,17,PEN,,,Ripley PE,https://simple.ripley.com.pe/laptop-lenovo-loq-intel-core-i5-12450hx-8gb-ram-512gb-ssd-6gb-rtx-3050-156-fhd-freedos-pmp20001217531
20260805_055550,2026-08-05T06:07:18.176083+00:00,ripley_pe,laptops,20001539255,ASUS,LAPTOP GAMER V16 ASUS CORE 7 RTX3050-6GB 16GB RAM 512GB SSD WIN11 - V3607VJ-TK205W,3999.0,4999.0,1179.65,2026-08-05,20,PEN,,,Ripley PE,https://simple.ripley.com.pe/laptop-gamer-v16-asus-core-7-rtx3050-6gb-16gb-ram-512gb-ssd-win11-v3607vj-tk205w-pmp20001539255
20260805_055550,2026-08-05T06:07:18.177092+00:00,ripley_pe,laptops,20001158991,LENOVO,"Laptop Legion 5i Intel Core™ Ultra 9 275HX 24 Core NVIDIA GeForce RTX™ 5070 8GB 32GB RAM 1TB SSD 15.1"" WQXGA 165Hz",9499.0,11199.0,2802.06,2026-08-05,15,PEN,,,Ripley PE,https://simple.ripley.com.pe/laptop-legion-5i-intel-core-ultra-9-275hx-24-core-nvidia-geforce-rtx-5070-8gb-32gb-ram-1tb-ssd-151-wqxga-165hz-pmp20001158991
20260805_055550,2026-08-05T06:07:18.178089+00:00,ripley_pe,laptops,20001490005,ASUS,LAPTOP ASUS TUF GAMING A18 R7 16GB 1TB RTX 5060 8GB W11,7199.0,9598.67,2123.6,2026-08-05,25,PEN,,,Ripley PE,https://simple.ripley.com.pe/laptop-asus-tuf-gaming-a18-r7-16gb-1tb-rtx-5060-8gb-w11-pmp20001490005
20260805_055550,2026-08-05T06:07:18.179091+00:00,ripley_pe,laptops,20001242716,LENOVO,LAPTOP LENOVO THINKPAD E16 GEN 3 AMD RYZEN 7 16GB 512GB 16',4999.0,6099.0,1474.63,2026-08-05,18,PEN,,,Ripley PE,https://simple.ripley.com.pe/laptop-lenovo-thinkpad-e16-gen-3-amd-ryzen-7-16gb-512gb-16-pmp20001242716
20260805_055550,2026-08-05T06:07:18.180088+00:00,ripley_pe,laptops,20000851737,ASUS,ASUS VIVOBOOK 15 LAPTOP 15.6' FHD I3-1215U 8GB RAM 128GB SSD | AZUL - TECLADO INGLÉS,2019.0,2889.0,595.58,2026-08-05,30,PEN,,,Ripley PE,https://simple.ripley.com.pe/asus-vivobook-15-laptop-156-fhd-i3-1215u-8gb-ram-128gb-ssd-azul-teclado-ingles-pmp20000851737
20260805_055550,2026-08-05T06:07:18.181088+00:00,ripley_pe,laptops,20001491630,HP,LAPTOP HP ZBOOK FIREFLY 14 G8 I7 11VA 16GB RAM 512GB SSD REACONDICIONADA 1 AÑO GARANTÍA,2099.0,2519.0,619.17,2026-08-05,17,PEN,,,Ripley PE,https://simple.ripley.com.pe/laptop-hp-zbook-firefly-14-g8-i7-11va-16gb-ram-512gb-ssd-reacondicionada-1-ano-garantia-pmp20001491630
20260805_055550,2026-08-05T06:07:18.182088+00:00,ripley_pe,laptops,20001309575,HP,LAPTOP HP 15.6' RYZEN 3 7320U 8GB RAM 256GB SSD | PLATA,2369.0,3389.0,698.82,2026-08-05,30,PEN,,,Ripley PE,https://simple.ripley.com.pe/laptop-hp-156-ryzen-3-7320u-8gb-ram-256gb-ssd-plata-pmp20001309575
20260805_055550,2026-08-05T06:07:18.183089+00:00,ripley_pe,laptops,20001345651,LENOVO,"LAPTOP LENOVO LOQ 15IRX11, I5-13450HX, 16GB RAM, 512GB SSD, RTX5050, SIN WINDOWS, 15.6' (83SC0055LM)",4329.0,5199.0,1276.99,2026-08-05,17,PEN,,,Ripley PE,https://simple.ripley.com.pe/laptop-lenovo-loq-15irx11-i5-13450hx-16gb-ram-512gb-ssd-rtx5050-sin-windows-156-83sc0055lm-pmp20001345651
20260805_055550,2026-08-05T06:07:18.185088+00:00,ripley_pe,laptops,20001309571,HP,LAPTOP HP 15.6' TÁCTIL RYZEN 3 7320U 8GB RAM 128GB SSD | PLATA,2199.0,3299.0,648.67,2026-08-05,33,PEN,,,Ripley PE,https://simple.ripley.com.pe/laptop-hp-156-tactil-ryzen-3-7320u-8gb-ram-128gb-ssd-plata-pmp20001309571
20260805_055550,2026-08-05T06:07:18.186088+00:00,ripley_pe,laptops,20001446342,ASUS,LAPTOP ASUS VIVOBOOK S16 RYZEN 9 16GB 512GB SSD W11,4399.0,5865.33,1297.64,2026-08-05,25,PEN,,,Ripley PE,https://simple.ripley.com.pe/laptop-asus-vivobook-s16-ryzen-9-16gb-512gb-ssd-w11-pmp20001446342
20260805_055550,2026-08-05T06:07:18.186088+00:00,ripley_pe,laptops,20001089816,ASUS,LAPTOP ROG STRIX G16 R9 16GB RAM 1TB SSD RTX 5070 8GB W11,10799.0,14398.67,3185.55,2026-08-05,25,PEN,,,Ripley PE,https://simple.ripley.com.pe/laptop-rog-strix-g16-r9-16gb-ram-1tb-ssd-rtx-5070-8gb-w11-pmp20001089816
20260805_055550,2026-08-05T06:07:18.187092+00:00,ripley_pe,laptops,20001088639,ASUS,LAPTOP ASUS ZENBOOK 14 U7 16 GB RAM 1TB SSD 14'' OLED TOUCH,5799.0,7732.0,1710.62,2026-08-05,25,PEN,,,Ripley PE,https://simple.ripley.com.pe/laptop-asus-zenbook-14-u7-16-gb-ram-1tb-ssd-14-oled-touch-pmp20001088639
20260805_055550,2026-08-05T06:07:18.188088+00:00,ripley_pe,laptops,20001330906,DELL,LAPTOP DELL PRO 14 PC14250 INTEL CORE ULTRA 5-235U 32GB RAM 512GB SSD 14' FHD IPS,3299.0,4099.0,973.16,2026-08-05,20,PEN,,,Ripley PE,https://simple.ripley.com.pe/laptop-dell-pro-14-pc14250-intel-core-ultra-5-235u-32gb-ram-512gb-ssd-14-fhd-ips-pmp20001330906
20260805_055550,2026-08-05T06:07:18.189088+00:00,ripley_pe,laptops,20001337846,LENOVO,LAPTOP LENOVO V15 G5 IRL INTEL CORE I7 13620H 16GB RAM 512GB SSD M.2 15.6 FHD FREEDOS,2999.0,3599.0,884.66,2026-08-05,17,PEN,,,Ripley PE,https://simple.ripley.com.pe/laptop-lenovo-v15-g5-irl-intel-core-i7-13620h-16gb-ram-512gb-ssd-m2-156-fhd-freedos-pmp20001337846
20260805_055550,2026-08-05T06:07:18.190089+00:00,ripley_pe,laptops,20001494297,ASUS,LAPTOP ASUS EXPERTBOOK 15.6' LED FHD IPS AMD RYZEN 7 7735HS 16GB DDR5 512GB DISCO FREEDOS,3309.0,3789.0,976.11,2026-08-05,13,PEN,,,Ripley PE,https://simple.ripley.com.pe/laptop-asus-expertbook-156-led-fhd-ips-amd-ryzen-7-7735hs-16gb-ddr5-512gb-disco-freedos-pmp20001494297
20260805_055550,2026-08-05T06:07:18.191089+00:00,ripley_pe,laptops,20001536149,LENOVO,LAPTOP LENOVO IDEAPAD RYZEN 7 7735HS 16GB DDR5 SSD 512GB 14 WUXGA OLED 14ARP10 SLIM 3,2729.0,2900.0,805.01,2026-08-05,6,PEN,,,Ripley PE,https://simple.ripley.com.pe/laptop-lenovo-ideapad-ryzen-7-7735hs-16gb-ddr5-ssd-512gb-14-wuxga-oled-14arp10-slim-3-pmp20001536149
20260805_055550,2026-08-05T06:07:18.192088+00:00,ripley_pe,laptops,20001208609,APPLE,APPLE MACBOOK PRO MDE44LL/A 16GB RAM 512GB SSD LECTOR DE HUELLAS,7560.0,9072.0,2230.09,2026-08-05,17,PEN,,,Ripley PE,https://simple.ripley.com.pe/apple-macbook-pro-mde44lla-16gb-ram-512gb-ssd-lector-de-huellas-pmp20001208609
20260805_055550,2026-08-05T06:07:18.193088+00:00,ripley_pe,laptops,20000485475,LENOVO,"LAPTOP LENOVO V15 G4 AMN - 82YU00X6LM 8GB 15.6"" 256GB SSD VG4 AMN AMD RYZEN 5 7520U LPDDR5 BUS-4800 FHD TN-82YU00X6LM",1799.0,2799.0,530.68,2026-08-05,36,PEN,,,Ripley PE,https://simple.ripley.com.pe/laptop-lenovo-v15-g4-amn-82yu00x6lm-8gb-156-256gb-ssd-vg4-amn-amd-ryzen-5-7520u-lpddr5-bus-4800-fhd-tn-82yu00x6lm-pmp20000485475
20260805_055550,2026-08-05T06:07:18.194088+00:00,ripley_pe,laptops,20001383512,LENOVO,"LAPTOP LENOVO V15 G5 CORE I3-1315U / RAM 8GB DDR5, SSD 512GB / 15.6 FHD - 83GW005MLD",1899.0,2619.0,560.18,2026-08-05,27,PEN,,,Ripley PE,https://simple.ripley.com.pe/laptop-lenovo-v15-g5-core-i3-1315u-ram-8gb-ddr5-ssd-512gb-156-fhd-83gw005mld-pmp20001383512
20260805_055550,2026-08-05T06:07:18.195088+00:00,ripley_pe,laptops,20001475868,HP,LAPTOP HP 255R G10 RYZEN 5 7520U / 16GB RAM / 512GB SSD / 15.6” HD–CZ1P1LT#ABM,2369.0,2989.0,698.82,2026-08-05,21,PEN,,,Ripley PE,https://simple.ripley.com.pe/laptop-hp-255r-g10-ryzen-5-7520u-16gb-ram-512gb-ssd-156-hdcz1p1ltabm-pmp20001475868
20260805_055550,2026-08-05T06:07:22.959228+00:00,ripley_pe,laptops,20001159400,LENOVO,LAPTOP LOQ 15IRX10 INTEL CORE I7 16GB 1TB RTX 5060 FHD 15.6',6499.0,7999.0,1917.11,2026-08-05,19,PEN,,,Ripley PE,https://simple.ripley.com.pe/laptop-loq-15irx10-intel-core-i7-16gb-1tb-rtx-5060-fhd-156-pmp20001159400
20260805_055550,2026-08-05T06:07:22.960236+00:00,ripley_pe,laptops,20000863685,LENOVO,LAPTOP IDEAPAD 5 2-IN-1 AMD RYZEN 7 350 16GB 512GB WUXGA 14',3999.0,5099.0,1179.65,2026-08-05,22,PEN,,,Ripley PE,https://simple.ripley.com.pe/laptop-ideapad-5-2-in-1-amd-ryzen-7-350-16gb-512gb-wuxga-14-pmp20000863685
20260805_055550,2026-08-05T06:07:22.961240+00:00,ripley_pe,laptops,20001546155,HP,LAPTOP GAMER HP VICTUS 15 FB3022LA RYZEN7 7445H 16GB DDR5 512GB SSD RTX 4050 6GB 15.6 FHD FREEDOS,4099.0,4919.0,1209.14,2026-08-05,17,PEN,,,Ripley PE,https://simple.ripley.com.pe/laptop-gamer-hp-victus-15-fb3022la-ryzen7-7445h-16gb-ddr5-512gb-ssd-rtx-4050-6gb-156-fhd-freedos-pmp20001546155
20260805_055550,2026-08-05T06:07:22.961240+00:00,ripley_pe,laptops,20001352241,LENOVO,LAPTOP LENOVO LOQ 15AHP10 15.6' AMD RYZEN 7 512GB SSD 16GB NVIDIA GEFORCE RTX 5050,4827.0,5213.0,1423.89,2026-08-05,7,PEN,,,Ripley PE,https://simple.ripley.com.pe/laptop-lenovo-loq-15ahp10-156-amd-ryzen-7-512gb-ssd-16gb-nvidia-geforce-rtx-5050-pmp20001352241
20260805_055550,2026-08-05T06:07:22.963228+00:00,ripley_pe,laptops,20001180215,ASUS,LAPTOP ASUS ROG STRIX G18 (2025) U9 16GB 1TB 5070 TI 12GB,14199.0,18932.0,4188.5,2026-08-05,25,PEN,,,Ripley PE,https://simple.ripley.com.pe/laptop-asus-rog-strix-g18-2025-u9-16gb-1tb-5070-ti-12gb-pmp20001180215
20260805_055550,2026-08-05T06:07:22.964232+00:00,ripley_pe,laptops,20000851725,ASUS,LAPTOP ROG STRIX G16 16' QHD 240HZ I9-14900HX 16GB RAM 1TB SSD RTX 4060 ASUS | NEGRO (TECLADO INGLÉS),9919.0,14179.0,2925.96,2026-08-05,30,PEN,,,Ripley PE,https://simple.ripley.com.pe/laptop-rog-strix-g16-16-qhd-240hz-i9-14900hx-16gb-ram-1tb-ssd-rtx-4060-asus-negro-teclado-ingles-pmp20000851725
20260805_055550,2026-08-05T06:07:22.964232+00:00,ripley_pe,laptops,20000851726,ASUS,LAPTOP ZENBOOK 14' OLED TOUCH INTEL ULTRA 7 155H 16GB RAM 1TB SSD ASUS | NEGRO (TECLADO INGLÉS),5499.0,6329.0,1622.12,2026-08-05,13,PEN,,,Ripley PE,https://simple.ripley.com.pe/laptop-zenbook-14-oled-touch-intel-ultra-7-155h-16gb-ram-1tb-ssd-asus-negro-teclado-ingles-pmp20000851726
20260805_055550,2026-08-05T06:07:22.965232+00:00,ripley_pe,laptops,20001400082,LENOVO,LAPTOP LENOVO LOQ 15AHP10 AMD RYZEN 7-250 16GB RAM 1TB SSD 15.6” FHD WV 144HZ,5899.0,7499.0,1740.12,2026-08-05,21,PEN,,,Ripley PE,https://simple.ripley.com.pe/laptop-lenovo-loq-15ahp10-amd-ryzen-7-250-16gb-ram-1tb-ssd-156-fhd-wv-144hz-pmp20001400082
20260805_055550,2026-08-05T06:07:22.967239+00:00,ripley_pe,laptops,20001398666,LENOVO,LAPTOP LENOVO IDEAPAD SLIM 3I 15.6' CORE I3 8GB 128GB | ARCTIC GREY,1879.0,2169.0,554.28,2026-08-05,13,PEN,,,Ripley PE,https://simple.ripley.com.pe/laptop-lenovo-ideapad-slim-3i-156-core-i3-8gb-128gb-arctic-grey-pmp20001398666
20260805_055550,2026-08-05T06:07:22.967239+00:00,ripley_pe,laptops,20000231124,ASUS,LAPTOP GAMER ASUS TUF GAMING GEFORCE RTX4050 F15 2023,6598.85,11048.05,1946.56,2026-08-05,40,PEN,,,Ripley PE,https://simple.ripley.com.pe/laptop-gamer-asus-tuf-gaming-geforce-rtx4050-f15-2023-pmp20000231124
20260805_055550,2026-08-05T06:07:22.968232+00:00,ripley_pe,laptops,20001352330,APPLE,NUEVA MACBOOK AIR M5 13” 16GB RAM + 512GB (TECLADO INGLES) - STARLIGHT (2026) + REGALO,6099.0,6599.0,1799.12,2026-08-05,8,PEN,,,Ripley PE,https://simple.ripley.com.pe/nueva-macbook-air-m5-13-16gb-ram-512gb-teclado-ingles-starlight-2026-regalo-pmp20001352330
20260805_055550,2026-08-05T06:07:22.968232+00:00,ripley_pe,laptops,20001344255,HP,LAPTOP HP OMEN 16-AP0003LA AMD RYZEN AI 7 32GB 1TB RTX 5070,7269.0,8199.0,2144.25,2026-08-05,11,PEN,,,Ripley PE,https://simple.ripley.com.pe/laptop-hp-omen-16-ap0003la-amd-ryzen-ai-7-32gb-1tb-rtx-5070-pmp20001344255
20260805_055550,2026-08-05T06:07:22.970236+00:00,ripley_pe,laptops,20001476013,LENOVO,LAPTOP NUEVA LENOVO I3 13VA 16GB DDR5 1TB SSD + 1TB HDD EXTERNO,2499.0,2999.0,737.17,2026-08-05,17,PEN,,,Ripley PE,https://simple.ripley.com.pe/laptop-nueva-lenovo-i3-13va-16gb-ddr5-1tb-ssd-1tb-hdd-externo-pmp20001476013
20260805_055550,2026-08-05T06:07:22.970236+00:00,ripley_pe,laptops,20000106850,HP,"LAPTOP HP 15-DY2718NR 11ª GENERACIÓN INTEL® CORE™ I7-1165G7 12GB RAM GRÁFICOS INTEL IRIS XE, PLATEADO",2999.0,4499.0,884.66,2026-08-05,33,PEN,,,Ripley PE,https://simple.ripley.com.pe/laptop-hp-15-dy2718nr-11-generacion-intel-core-i7-1165g7-12gb-ram-graficos-intel-iris-xe-plateado-pmp20000106850
20260805_055550,2026-08-05T06:07:22.971226+00:00,ripley_pe,laptops,20001383498,ASUS,"LAPTOP ASUS VIVOBOOK 15 M1502NAQ-BQ041 AMD RYZEN 7-170 RAM 16GB SSD 512GB/15,6 FHD 90NB1842-M00220",3029.0,3909.0,893.51,2026-08-05,23,PEN,,,Ripley PE,https://simple.ripley.com.pe/laptop-asus-vivobook-15-m1502naq-bq041-amd-ryzen-7-170-ram-16gb-ssd-512gb156-fhd-90nb1842-m00220-pmp20001383498
20260805_055550,2026-08-05T06:07:22.971226+00:00,ripley_pe,laptops,20000106852,ACER,"ACER SWIFT GO INTEL EVO THIN Y LIGHT PREMIUM, 14', PANTALLA TÁCTIL, INTEL CORE I7-1355U INTEL IRIS XE 16GB LPDDR5 512GB GEN 4 SSD",3999.0,4599.0,1179.65,2026-08-05,13,PEN,,,Ripley PE,https://simple.ripley.com.pe/acer-swift-go-intel-evo-thin-y-light-premium-14-pantalla-tactil-intel-core-i7-1355u-intel-iris-xe-16gb-lpddr5-512gb-gen-4-ssd-pmp20000106852
20260805_055550,2026-08-05T06:07:22.972244+00:00,ripley_pe,laptops,2004373289930,HP,LAPTOP HP GAMING OMEN 16-AP0013LA AMD RYZEN 9 24GB RAM 512GB SSD 16”,8599.0,,2536.58,2026-08-05,,PEN,,,Ripley PE,https://simple.ripley.com.pe/laptop-hp-gaming-omen-16-ap0013la-amd-ryzen-9-24gb-ram-512gb-ssd-16-2004373289930p
20260805_055550,2026-08-05T06:07:22.972244+00:00,ripley_pe,laptops,20001216231,LENOVO,"LENOVO THINKPAD E14 GEN 7 - LAPTOP 14', 16GB RAM, 512GB SSD, INTEL ULTRA 5, WINDOWS 11 PRO",7429.0,11149.0,2191.45,2026-08-05,33,PEN,,,Ripley PE,https://simple.ripley.com.pe/lenovo-thinkpad-e14-gen-7-laptop-14-16gb-ram-512gb-ssd-intel-ultra-5-windows-11-pro-pmp20001216231
20260805_055550,2026-08-05T06:07:22.973225+00:00,ripley_pe,laptops,20000851740,HP,LAPTOP 15 HP TÁCTIL HD I3-1215U 16GB RAM 512GB SSD | PLATEADO - TECLADO INGLÉS,2799.0,4199.0,825.66,2026-08-05,33,PEN,,,Ripley PE,https://simple.ripley.com.pe/laptop-15-hp-tactil-hd-i3-1215u-16gb-ram-512gb-ssd-plateado-teclado-ingles-pmp20000851740
20260805_055550,2026-08-05T06:07:22.973225+00:00,ripley_pe,laptops,20001312327,ASUS,LAPTOP ASUS ZENBOOK DUO (2024) I9 32GB 1TB W11 OLED 14'',8699.0,11598.67,2566.08,2026-08-05,25,PEN,,,Ripley PE,https://simple.ripley.com.pe/laptop-asus-zenbook-duo-2024-i9-32gb-1tb-w11-oled-14-pmp20001312327
20260805_055550,2026-08-05T06:07:22.974234+00:00,ripley_pe,laptops,20000106862,HP,"LAPTOP HP PAVILION INTEL CORE DE HASTA 4.1 GHZ 16GB RAM 1TB SSD 15.6"" HD, GHZ, WINDOWS 11 HOME, COLOR PLATEADO",2999.0,3449.0,884.66,2026-08-05,13,PEN,,,Ripley PE,https://simple.ripley.com.pe/laptop-hp-pavilion-intel-core-de-hasta-41-ghz-16gb-ram-1tb-ssd-156-hd-ghz-windows-11-home-color-plateado-pmp20000106862
20260805_055550,2026-08-05T06:07:22.974234+00:00,ripley_pe,laptops,20001516650,LENOVO,"LAPTOP LENOVO IDEAPAD SLIM 3 15IRH10 C I7-13620H, 16GB RAM, 512GB SSD, 15.3' WUXGA IPS - 83K101FFLM",2999.0,4549.0,884.66,2026-08-05,34,PEN,,,Ripley PE,https://simple.ripley.com.pe/laptop-lenovo-ideapad-slim-3-15irh10-c-i7-13620h-16gb-ram-512gb-ssd-153-wuxga-ips-83k101fflm-pmp20001516650
20260805_055550,2026-08-05T06:07:22.975229+00:00,ripley_pe,laptops,20001187465,LENOVO,LAPTOP LENOVO YOGA 7 2 EN 1 AMD RYZEN 7 32GB 1TB,5199.0,6999.0,1533.63,2026-08-05,26,PEN,,,Ripley PE,https://simple.ripley.com.pe/laptop-lenovo-yoga-7-2-en-1-amd-ryzen-7-32gb-1tb-pmp20001187465
20260805_055550,2026-08-05T06:07:22.975229+00:00,ripley_pe,laptops,20000535552,HP,LAPTOP HP 255 G10 AMD ATHLON SILVER 7120U-15.6″ HD-8GB RAM DDR5-256GB SSD-WINDOWS-9E527LA,1609.0,,474.63,2026-08-05,,PEN,,,Ripley PE,https://simple.ripley.com.pe/laptop-hp-255-g10-amd-athlon-silver-7120u-156-hd-8gb-ram-ddr5-256gb-ssd-windows-9e527la-pmp20000535552
20260805_055550,2026-08-05T06:07:22.976229+00:00,ripley_pe,laptops,20000106856,HP,"LAPTOP HP VICTUS 15 AMD RYZEN 5 7535HS 16GB RAM 1TB SSD M.2 NVIDIA GEFORCE RTX 15.6"" FHD DE 144 HZ, W. 11 HOME PLATEADO",4999.0,5749.0,1474.63,2026-08-05,13,PEN,,,Ripley PE,https://simple.ripley.com.pe/laptop-hp-victus-15-amd-ryzen-5-7535hs-16gb-ram-1tb-ssd-m2-nvidia-geforce-rtx-156-fhd-de-144-hz-w-11-home-plateado-pmp20000106856
20260805_055550,2026-08-05T06:07:22.977228+00:00,ripley_pe,laptops,20000106858,HP,"LAPTOP HP AMD RYZEN 3 8GB RAM 256GB SSD 15.6"" W. 11 HOME,CÁMARA WEB 720P,PLATA NATURAL",1949.0,2249.0,574.93,2026-08-05,13,PEN,,,Ripley PE,https://simple.ripley.com.pe/laptop-hp-amd-ryzen-3-8gb-ram-256gb-ssd-156-w-11-homecamara-web-720pplata-natural-pmp20000106858
20260805_055550,2026-08-05T06:07:22.977228+00:00,ripley_pe,laptops,20001088865,LENOVO,"Laptop Legion 5i Intel Core™ Ultra 7 255HX 20 Core NVIDIA GeForce RTX™ 5060 8GB 32GB RAM 1TB SSD 15.1"" WQXGA 165 Hz",8299.0,10399.0,2448.08,2026-08-05,20,PEN,,,Ripley PE,https://simple.ripley.com.pe/laptop-legion-5i-intel-core-ultra-7-255hx-20-core-nvidia-geforce-rtx-5060-8gb-32gb-ram-1tb-ssd-151-wqxga-165-hz-pmp20001088865
20260805_055550,2026-08-05T06:07:22.978238+00:00,ripley_pe,laptops,20001002261,LENOVO,LAPTOP LENOVO LOQ 15IRX9 INTEL CORE I7-13620H 16GB RAM 512GB SSD 15.6” FHD 144 HZ,5799.0,6999.0,1710.62,2026-08-05,17,PEN,,,Ripley PE,https://simple.ripley.com.pe/laptop-lenovo-loq-15irx9-intel-core-i7-13620h-16gb-ram-512gb-ssd-156-fhd-144-hz-pmp20001002261
20260805_055550,2026-08-05T06:07:22.978238+00:00,ripley_pe,laptops,20000861293,HP,HP VICTUS 15.6' FHD 144HZ CORE I5 16GB RAM 512GB SSD RTX 4050 - SILVER TECLADO INGLES,4499.0,6749.0,1327.14,2026-08-05,33,PEN,,,Ripley PE,https://simple.ripley.com.pe/hp-victus-156-fhd-144hz-core-i5-16gb-ram-512gb-ssd-rtx-4050-silver-teclado-ingles-pmp20000861293
20260805_055550,2026-08-05T06:07:22.979308+00:00,ripley_pe,laptops,20000851734,ASUS,LAPTOP TUF F15 15.6' FHD 144HZ I5-12500H RTX 3050 16GB 512GB SSD ASUS | GRIS (TECLADO INGLÉS),6039.0,8629.0,1781.42,2026-08-05,30,PEN,,,Ripley PE,https://simple.ripley.com.pe/laptop-tuf-f15-156-fhd-144hz-i5-12500h-rtx-3050-16gb-512gb-ssd-asus-gris-teclado-ingles-pmp20000851734
20260805_055550,2026-08-05T06:07:22.979308+00:00,ripley_pe,laptops,20001309576,HP,LAPTOP HP 15.6' RYZEN 5 7520U 8GB RAM 512GB SSD | PLATA,3439.0,4919.0,1014.45,2026-08-05,30,PEN,,,Ripley PE,https://simple.ripley.com.pe/laptop-hp-156-ryzen-5-7520u-8gb-ram-512gb-ssd-plata-pmp20001309576
20260805_055550,2026-08-05T06:07:22.980309+00:00,ripley_pe,laptops,20000106855,LENOVO,"LAPTOP LENOVO IDEAPAD INTEL CORE I3 DE 11ª GEN 8GB RAM 256GB SSD PCIE NVME 15.6"" W. 11 HOME,ALMENDRA",1799.0,2069.0,530.68,2026-08-05,13,PEN,,,Ripley PE,https://simple.ripley.com.pe/laptop-lenovo-ideapad-intel-core-i3-de-11-gen-8gb-ram-256gb-ssd-pcie-nvme-156-w-11-homealmendra-pmp20000106855
20260805_055550,2026-08-05T06:07:22.981310+00:00,ripley_pe,laptops,20001513655,HP,LAPTOP HP VICTUS GAMING 15-FA2082WM 15.6' INTEL CORE I5 512GB SSD 16GB NVIDIA GEFORCE RTX 4050,3956.0,4272.0,1166.96,2026-08-05,7,PEN,,,Ripley PE,https://simple.ripley.com.pe/laptop-hp-victus-gaming-15-fa2082wm-156-intel-core-i5-512gb-ssd-16gb-nvidia-geforce-rtx-4050-pmp20001513655
20260805_055550,2026-08-05T06:07:22.981310+00:00,ripley_pe,laptops,20001242242,LENOVO,LAPTOP LENOVO IDEAPAD LOQ 15 INTEL CORE I5 12ª GEN 16GB RAM 512GB SSD GEFORCE RTX 2050 15.6 FHD,4419.0,6629.0,1303.54,2026-08-05,33,PEN,,,Ripley PE,https://simple.ripley.com.pe/laptop-lenovo-ideapad-loq-15-intel-core-i5-12-gen-16gb-ram-512gb-ssd-geforce-rtx-2050-156-fhd-pmp20001242242
20260805_055550,2026-08-05T06:07:22.981310+00:00,ripley_pe,laptops,20001216285,LENOVO,"LAPTOP LENOVO THINKPAD E14 G7, 16GB RAM, 1TB SSD, 14' FHD, WINDOWS 11 PRO, ALTO RENDIMIENTO",8339.0,12509.0,2459.88,2026-08-05,33,PEN,,,Ripley PE,https://simple.ripley.com.pe/laptop-lenovo-thinkpad-e14-g7-16gb-ram-1tb-ssd-14-fhd-windows-11-pro-alto-rendimiento-pmp20001216285
20260805_055550,2026-08-05T06:07:22.982321+00:00,ripley_pe,laptops,20000490036,ASUS,LAPTOP ASUS FX607JV-ES73 TUF F16  FHD+ 165HZ  INTEL I7  RTX 4060  16 GB RAM  512 GB SSD  WI-FI 6  WIN 11,6075.0,7290.0,1792.04,2026-08-05,17,PEN,,,Ripley PE,https://simple.ripley.com.pe/laptop-asus-fx607jv-es73-tuf-f16-fhd-165hz-intel-i7-rtx-4060-16-gb-ram-512-gb-ssd-wi-fi-6-win-11-pmp20000490036
20260805_055550,2026-08-05T06:07:22.982321+00:00,ripley_pe,laptops,20001534731,LENOVO,LAPTOP LENOVO IDEAPAD RYZEN 5 7520U 8GB DDR5 SSD 512GB 15.6 FHD 15AMN8 SLIM 3 + MALETIN,2059.0,2600.0,607.37,2026-08-05,21,PEN,,,Ripley PE,https://simple.ripley.com.pe/laptop-lenovo-ideapad-ryzen-5-7520u-8gb-ddr5-ssd-512gb-156-fhd-15amn8-slim-3-maletin-pmp20001534731
20260805_055550,2026-08-05T06:07:22.983311+00:00,ripley_pe,laptops,20000598913,HYUNDAI,LAPTOP HYUNDAI HYBOOK INTEL CELERON N4020 4GB RAM 128 EMMC 14' HD WIND 11 - HT14CCIC46SGH,869.0,1149.0,256.34,2026-08-05,24,PEN,,,Ripley PE,https://simple.ripley.com.pe/laptop-hyundai-hybook-intel-celeron-n4020-4gb-ram-128-emmc-14-hd-wind-11-ht14ccic46sgh-pmp20000598913
20260805_055550,2026-08-05T06:07:22.984246+00:00,ripley_pe,laptops,20001338906,HP,LAPTOP HP 250 G10 I5-1334U 16GB RAM/ 512GB SSD/ 15.6 HD-B03E2LT-ABM,2399.0,3479.0,707.67,2026-08-05,31,PEN,,,Ripley PE,https://simple.ripley.com.pe/laptop-hp-250-g10-i5-1334u-16gb-ram-512gb-ssd-156-hd-b03e2lt-abm-pmp20001338906
20260805_055550,2026-08-05T06:07:22.985244+00:00,ripley_pe,laptops,20000859210,MICROSOFT,"MICROSOFT SURFACE PRO, ZHY-00019, SNAPDRAGON X PLUS 16GB RAM",6125.0,7350.0,1806.78,2026-08-05,17,PEN,,,Ripley PE,https://simple.ripley.com.pe/microsoft-surface-pro-zhy-00019-snapdragon-x-plus-16gb-ram-pmp20000859210
20260805_055550,2026-08-05T06:07:22.986306+00:00,ripley_pe,laptops,20001352283,APPLE,NUEVA MACBOOK AIR M5 13” 16GB RAM + 512GB (TECLADO INGLES) - SKY BLUE (2026),5699.0,6499.0,1681.12,2026-08-05,12,PEN,,,Ripley PE,https://simple.ripley.com.pe/nueva-macbook-air-m5-13-16gb-ram-512gb-teclado-ingles-sky-blue-2026-pmp20001352283
20260805_055550,2026-08-05T06:07:22.987319+00:00,ripley_pe,laptops,20001510513,LENOVO,"LAPTOP LENOVO YOGA 7 2-EN-1 14AKP10 RYZEN7 350, 32GB, 1TB SSD, SIN WINDOWS, 14' TÁCTIL (83JR006YLM)",5189.0,5989.0,1530.68,2026-08-05,13,PEN,,,Ripley PE,https://simple.ripley.com.pe/laptop-lenovo-yoga-7-2-en-1-14akp10-ryzen7-350-32gb-1tb-ssd-sin-windows-14-tactil-83jr006ylm-pmp20001510513
20260805_055550,2026-08-05T06:07:22.988310+00:00,ripley_pe,laptops,20001544007,APPLE,APPLE MACBOOK  REACONDICIONADA A2141 PR0 CORE 9 9NA 16 GB RAM 1TB SSD 4GB VIDEO GRIS,3430.0,,1011.8,2026-08-05,,PEN,,,Ripley PE,https://simple.ripley.com.pe/apple-macbook-reacondicionada-a2141-pr0-core-9-9na-16-gb-ram-1tb-ssd-4gb-video-gris-pmp20001544007
20260805_055550,2026-08-05T06:07:22.989321+00:00,ripley_pe,laptops,20000788586,LENOVO,LAPTOP IDEAPAD SLIM 5 INTEL CORE I7-13620H 16GB 1TB 2.8K 16',4499.0,5699.0,1327.14,2026-08-05,21,PEN,,,Ripley PE,https://simple.ripley.com.pe/laptop-ideapad-slim-5-intel-core-i7-13620h-16gb-1tb-28k-16-pmp20000788586
20260805_055550,2026-08-05T06:07:22.990310+00:00,ripley_pe,laptops,20001485500,LENOVO,LAPTOP LENOVO V15 G5 IRL INTEL CORE I5 13420H 16GB RAM 512GB SSD 15.6 FHD FREEDOS,2799.0,3359.0,825.66,2026-08-05,17,PEN,,,Ripley PE,https://simple.ripley.com.pe/laptop-lenovo-v15-g5-irl-intel-core-i5-13420h-16gb-ram-512gb-ssd-156-fhd-freedos-pmp20001485500
20260805_055550,2026-08-05T06:07:22.991298+00:00,ripley_pe,laptops,20001108883,LENOVO,"LAPTOP LENOVO IDEAPAD SLIM 3 15IRH10 CORE I7-13620H, 15.3'/ 16GB RAM/ 512GB SSD/ TACTIL /83K100KCLM",3389.0,5139.0,999.71,2026-08-05,34,PEN,,,Ripley PE,https://simple.ripley.com.pe/laptop-lenovo-ideapad-slim-3-15irh10-core-i7-13620h-153-16gb-ram-512gb-ssd-tactil-83k100kclm-pmp20001108883
20260805_055550,2026-08-05T06:07:22.992310+00:00,ripley_pe,laptops,20001546596,LENOVO,"LAPTOP LENOVO V15 G4 AMN RYZEN 5 7520U, 8GB RAM, 256GB SSD, SIN WINDOWS, 15.6' (82YU00X6LM)",1899.0,2799.0,560.18,2026-08-05,32,PEN,,,Ripley PE,https://simple.ripley.com.pe/laptop-lenovo-v15-g4-amn-ryzen-5-7520u-8gb-ram-256gb-ssd-sin-windows-156-82yu00x6lm-pmp20001546596
20260805_055550,2026-08-05T06:07:22.992310+00:00,ripley_pe,laptops,20001133082,LENOVO,"LAPTOP LENOVO LOQ 15.6' FULL HD, INTEL I5 12A GEN, 8GB RAM, 512GB SSD, RTX 3050, COLOR LUNA GRAY",3749.0,5629.0,1105.9,2026-08-05,33,PEN,,,Ripley PE,https://simple.ripley.com.pe/laptop-lenovo-loq-156-full-hd-intel-i5-12a-gen-8gb-ram-512gb-ssd-rtx-3050-color-luna-gray-pmp20001133082
20260805_055550,2026-08-05T06:07:27.709944+00:00,ripley_pe,laptops,20001338848,HP,LAPTOP HP 15-FC0276LA AMD RYZEN 7-7730U 16GB RAM 1TB SSD 15.6”,3149.0,4499.0,928.91,2026-08-05,30,PEN,,,Ripley PE,https://simple.ripley.com.pe/laptop-hp-15-fc0276la-amd-ryzen-7-7730u-16gb-ram-1tb-ssd-156-pmp20001338848
20260805_055550,2026-08-05T06:07:27.710928+00:00,ripley_pe,laptops,20001517068,ASUS,LAPTOP ASUS EXPERTBOOK  CORE I5-210H / RAM 16GB DDR5 SSD 512GB / PANTALLA 15.6 FHD - 90NX0881-M02P90,2649.0,4019.0,781.42,2026-08-05,34,PEN,,,Ripley PE,https://simple.ripley.com.pe/laptop-asus-expertbook-core-i5-210h-ram-16gb-ddr5-ssd-512gb-pantalla-156-fhd-90nx0881-m02p90-pmp20001517068
20260805_055550,2026-08-05T06:07:27.711927+00:00,ripley_pe,laptops,20001352211,APPLE,NUEVA MACBOOK AIR M5 13” 16GB RAM + 512GB (TECLADO INGLES) - SILVER (2026),5699.0,6499.0,1681.12,2026-08-05,12,PEN,,,Ripley PE,https://simple.ripley.com.pe/nueva-macbook-air-m5-13-16gb-ram-512gb-teclado-ingles-silver-2026-pmp20001352211
20260805_055550,2026-08-05T06:07:27.713931+00:00,ripley_pe,laptops,20000820609,HP,LAPTOP HP PROBOOK 440 G11 INTEL CORE ULTRA 5-125U 16GB 512GB,4149.0,5299.0,1223.89,2026-08-05,22,PEN,,,Ripley PE,https://simple.ripley.com.pe/laptop-hp-probook-440-g11-intel-core-ultra-5-125u-16gb-512gb-pmp20000820609
20260805_055550,2026-08-05T06:07:27.714935+00:00,ripley_pe,laptops,20001342516,LENOVO,LAPTOP LENOVO IDEAPAD SLIM3 14ARP10 AMDR7-7735HS 16GB RAM 512GB SSD PANTALL 14 WUXGA -83K6005DLM,2749.0,3909.0,810.91,2026-08-05,30,PEN,,,Ripley PE,https://simple.ripley.com.pe/laptop-lenovo-ideapad-slim3-14arp10-amdr7-7735hs-16gb-ram-512gb-ssd-pantall-14-wuxga-83k6005dlm-pmp20001342516
20260805_055550,2026-08-05T06:07:27.714935+00:00,ripley_pe,laptops,20001490354,APPLE,"MACBOOK PRO 14”  ( M5 )  16GB, 512GB - SPACE BLACK",8299.0,8799.0,2448.08,2026-08-05,6,PEN,,,Ripley PE,https://simple.ripley.com.pe/macbook-pro-14-m5-16gb-512gb-space-black-pmp20001490354
20260805_055550,2026-08-05T06:07:27.715935+00:00,ripley_pe,laptops,20001471442,LENOVO,LAPTOP LENOVO V15 G5 IRL INTEL CORE I5 13420H 8GB RAM 512GB SSD M.2 15.6 FHD FREEDOS,2249.0,2879.0,663.42,2026-08-05,22,PEN,,,Ripley PE,https://simple.ripley.com.pe/laptop-lenovo-v15-g5-irl-intel-core-i5-13420h-8gb-ram-512gb-ssd-m2-156-fhd-freedos-pmp20001471442
20260805_055550,2026-08-05T06:07:27.716926+00:00,ripley_pe,laptops,20001516572,DELL,LAPTOP DELL LATITUDE 3310 13.3' INTEL CORE I5 256GB SSD 8GB | OPEN BOX,1214.0,1311.0,358.11,2026-08-05,7,PEN,,,Ripley PE,https://simple.ripley.com.pe/laptop-dell-latitude-3310-133-intel-core-i5-256gb-ssd-8gb-open-box-pmp20001516572
20260805_055550,2026-08-05T06:07:27.716926+00:00,ripley_pe,laptops,20000154700,LENOVO,"LAPTOP LENOVO V15 G4 AMN RYZEN 5 7520U 16GB RAM 512GB SSD 15.6"" FHD W11H",4169.0,,1229.79,2026-08-05,,PEN,,,Ripley PE,https://simple.ripley.com.pe/laptop-lenovo-v15-g4-amn-ryzen-5-7520u-16gb-ram-512gb-ssd-156-fhd-w11h-pmp20000154700
20260805_055550,2026-08-05T06:07:27.717929+00:00,ripley_pe,laptops,20001394528,LENOVO,LAPTOP IA LENOVO LOQ AMD RYZEN 7 250 16GB 512GB RTX 5050,4999.0,5499.0,1474.63,2026-08-05,9,PEN,,,Ripley PE,https://simple.ripley.com.pe/laptop-ia-lenovo-loq-amd-ryzen-7-250-16gb-512gb-rtx-5050-pmp20001394528
20260805_055550,2026-08-05T06:07:27.718930+00:00,ripley_pe,laptops,20001345655,LENOVO,"LAPTOP LENOVO LOQ 15APH10, RYZEN7-250, 16GB RAM, 512GB SSD, RTX5050, SIN WINDOWS, 15.6' (83JG007VLM)",4659.0,5699.0,1374.34,2026-08-05,18,PEN,,,Ripley PE,https://simple.ripley.com.pe/laptop-lenovo-loq-15aph10-ryzen7-250-16gb-ram-512gb-ssd-rtx5050-sin-windows-156-83jg007vlm-pmp20001345655
20260805_055550,2026-08-05T06:07:27.718930+00:00,ripley_pe,laptops,20001517072,HP,LAPTOP HP 255 G10 RYZEN 3 7320U / 8GB RAM / 256GB SSD / 15.6” HD – A9BS1LT#ABM,1599.0,2089.0,471.68,2026-08-05,23,PEN,,,Ripley PE,https://simple.ripley.com.pe/laptop-hp-255-g10-ryzen-3-7320u-8gb-ram-256gb-ssd-156-hd-a9bs1ltabm-pmp20001517072
20260805_055550,2026-08-05T06:07:27.719954+00:00,ripley_pe,laptops,20001216298,LENOVO,"LENOVO THINKPAD E14 GEN 7, INTEL I5, 16GB RAM, 1TB SSD, 14' FHD, WINDOWS 11 PRO - RENDIMIENTO SUPERIOR",7899.0,11849.0,2330.09,2026-08-05,33,PEN,,,Ripley PE,https://simple.ripley.com.pe/lenovo-thinkpad-e14-gen-7-intel-i5-16gb-ram-1tb-ssd-14-fhd-windows-11-pro-rendimiento-superior-pmp20001216298
20260805_055550,2026-08-05T06:07:27.719954+00:00,ripley_pe,laptops,20001086549,HP,"LAPTOP HP 250 G9 15.6' HD SVA INTEL CORE I7-1255U 16GB DDR4 512GB SSD, FREEDOS",2899.0,3000.0,855.16,2026-08-05,3,PEN,,,Ripley PE,https://simple.ripley.com.pe/laptop-hp-250-g9-156-hd-sva-intel-core-i7-1255u-16gb-ddr4-512gb-ssd-freedos-pmp20001086549
20260805_055550,2026-08-05T06:07:27.720938+00:00,ripley_pe,laptops,20001546496,LENOVO,LAPTOP IA LENOVO LOQ 15.6' FHD 144HZ AMD RYZEN 5 512GB 8GB RTX 3050,3299.0,3999.0,973.16,2026-08-05,18,PEN,,,Ripley PE,https://simple.ripley.com.pe/laptop-ia-lenovo-loq-156-fhd-144hz-amd-ryzen-5-512gb-8gb-rtx-3050-pmp20001546496
20260805_055550,2026-08-05T06:07:27.720938+00:00,ripley_pe,laptops,20000156969,LENOVO,"LAPTOP LENOVO IDEAPAD SLIM 3 15IAH8 - 83ER001DLM I5-12450 16GB RAM 512GB SSD 15.6"" FHD/ WIND",2949.0,,869.91,2026-08-05,,PEN,,,Ripley PE,https://simple.ripley.com.pe/laptop-lenovo-ideapad-slim-3-15iah8-83er001dlm-i5-12450-16gb-ram-512gb-ssd-156-fhd-wind-pmp20000156969
20260805_055550,2026-08-05T06:07:27.721940+00:00,ripley_pe,laptops,20000848307,ASUS,"MI PC LISTA - LAPTOP ASUS TUF FX607VJ-RL016 16"" Intel Core 5 210H 24GB 500GB RTX3050 6GB GDDR6 MIPCLISTA",4899.0,7089.0,1445.13,2026-08-05,31,PEN,,,Ripley PE,https://simple.ripley.com.pe/mi-pc-lista-laptop-asus-tuf-fx607vj-rl016-16-intel-core-5-210h-24gb-500gb-rtx3050-6gb-gddr6-mipclista-pmp20000848307
20260805_055550,2026-08-05T06:07:27.722940+00:00,ripley_pe,laptops,20001499282,OEMGENUINE,LAPTOP MLOGIX ML3-146 15.6 FHD INTEL CELERON J4025 8GB RAM 128G SSD,1099.0,1999.0,324.19,2026-08-05,45,PEN,,,Ripley PE,https://simple.ripley.com.pe/laptop-mlogix-ml3-146-156-fhd-intel-celeron-j4025-8gb-ram-128g-ssd-pmp20001499282
20260805_055550,2026-08-05T06:07:27.722940+00:00,ripley_pe,laptops,20001216321,LENOVO,"NOTEBOOK LENOVO IDEAPAD SLIM 3, 14' OLED, RYZEN 7 7735HS, 16GB RAM, ALTO RENDIMIENTO Y DISEÑO LIGERO",3209.0,4819.0,946.61,2026-08-05,33,PEN,,,Ripley PE,https://simple.ripley.com.pe/notebook-lenovo-ideapad-slim-3-14-oled-ryzen-7-7735hs-16gb-ram-alto-rendimiento-y-diseno-ligero-pmp20001216321
20260805_055550,2026-08-05T06:07:27.722940+00:00,ripley_pe,laptops,20000918473,HP,LAPTOP HP OMNIBOOK FLIP 14-FP0054LA INTEL CORE I5 16GB 512GB,3529.0,4920.0,1041.0,2026-08-05,28,PEN,,,Ripley PE,https://simple.ripley.com.pe/laptop-hp-omnibook-flip-14-fp0054la-intel-core-i5-16gb-512gb-pmp20000918473
20260805_055550,2026-08-05T06:07:27.723941+00:00,ripley_pe,laptops,20001247759,ASUS,LAPTOP TUF A15 15.6' RYZEN 7 RTX 3050 16GB 512GB SSD ASUS | NEGRO (TECLADO INGLÉS),5399.0,6209.0,1592.63,2026-08-05,13,PEN,,,Ripley PE,https://simple.ripley.com.pe/laptop-tuf-a15-156-ryzen-7-rtx-3050-16gb-512gb-ssd-asus-negro-teclado-ingles-pmp20001247759
20260805_055550,2026-08-05T06:07:27.724944+00:00,ripley_pe,laptops,20001494667,LENOVO,LAPTOP YOGA SLIM 7 14IMH9 INTEL CORE ULTRA 7 155H 16GB 512GB WUXGA 14',4499.0,6699.0,1327.14,2026-08-05,33,PEN,,,Ripley PE,https://simple.ripley.com.pe/laptop-yoga-slim-7-14imh9-intel-core-ultra-7-155h-16gb-512gb-wuxga-14-pmp20001494667
20260805_055550,2026-08-05T06:07:27.724944+00:00,ripley_pe,laptops,20001366860,LENOVO,LAPTOP LENOVO 15.6' IDEAPAD SLIM 3I FHD CORE I3 8GB RAM 128GB | GRIS,1879.0,2169.0,554.28,2026-08-05,13,PEN,,,Ripley PE,https://simple.ripley.com.pe/laptop-lenovo-156-ideapad-slim-3i-fhd-core-i3-8gb-ram-128gb-gris-pmp20001366860
20260805_055550,2026-08-05T06:07:27.725927+00:00,ripley_pe,laptops,20001242243,LENOVO,LAPTOP LENOVO THINKPAD T14 INTEL CORE ULTRA 7 16GB RAM 512GB SSD WINDOWS 11 PRO 14 PULGADAS,10479.0,15719.0,3091.15,2026-08-05,33,PEN,,,Ripley PE,https://simple.ripley.com.pe/laptop-lenovo-thinkpad-t14-intel-core-ultra-7-16gb-ram-512gb-ssd-windows-11-pro-14-pulgadas-pmp20001242243
20260805_055550,2026-08-05T06:07:27.725927+00:00,ripley_pe,laptops,20001499291,LENOVO,LAPTOP LENOVO IDEAPAD SLIM 3 15.6 FHD AMD RYZEN 5 7520 8GB RAM 512GB SSD + MALETIN LENOVO,2099.0,3499.0,619.17,2026-08-05,40,PEN,,,Ripley PE,https://simple.ripley.com.pe/laptop-lenovo-ideapad-slim-3-156-fhd-amd-ryzen-5-7520-8gb-ram-512gb-ssd-maletin-lenovo-pmp20001499291
20260805_055550,2026-08-05T06:07:27.726939+00:00,ripley_pe,laptops,20001133136,LENOVO,"NOTEBOOK LENOVO V15 G4 DE 15.6' FHD, AMD ATHLON SILVER 7120U, 8GB RAM, IDEAL PARA TRABAJO Y ESTUDIO",1799.0,2699.0,530.68,2026-08-05,33,PEN,,,Ripley PE,https://simple.ripley.com.pe/notebook-lenovo-v15-g4-de-156-fhd-amd-athlon-silver-7120u-8gb-ram-ideal-para-trabajo-y-estudio-pmp20001133136
20260805_055550,2026-08-05T06:07:27.726939+00:00,ripley_pe,laptops,20001280808,DELL,LAPTOP INSPIRON 15 RYZEN 5 7520U DELL 15.6' 512GB SSD 8GB RAM W11 - TECLADO INGLÉS | NEGRO CARBÓN,1999.0,2299.0,589.68,2026-08-05,13,PEN,,,Ripley PE,https://simple.ripley.com.pe/laptop-inspiron-15-ryzen-5-7520u-dell-156-512gb-ssd-8gb-ram-w11-teclado-ingles-negro-carbon-pmp20001280808
20260805_055550,2026-08-05T06:07:27.727864+00:00,ripley_pe,laptops,20000858359,ASUS,LAPTOP ASUS VIVOBOOKS S5507Q 15.6' SNAPDRAGON X PLUS 1TB SSD 16GB  QUALCOMM ADRENO,4214.0,4551.0,1243.07,2026-08-05,7,PEN,,,Ripley PE,https://simple.ripley.com.pe/laptop-asus-vivobooks-s5507q-156-snapdragon-x-plus-1tb-ssd-16gb-qualcomm-adreno-pmp20000858359
20260805_055550,2026-08-05T06:07:27.727864+00:00,ripley_pe,laptops,20001309569,HP,LAPTOP HP 15.6' RYZEN 7 5825U 8GB RAM 512GB SSD | PLATA,3599.0,5149.0,1061.65,2026-08-05,30,PEN,,,Ripley PE,https://simple.ripley.com.pe/laptop-hp-156-ryzen-7-5825u-8gb-ram-512gb-ssd-plata-pmp20001309569
20260805_055550,2026-08-05T06:07:27.728863+00:00,ripley_pe,laptops,20001464443,HP,LAPTOP HP 255R G10 RYZEN 7 7735U / 16GB RAM / 512GB SSD / 15.6” FHD – B77CBLT#ABM,2899.0,3879.0,855.16,2026-08-05,25,PEN,,,Ripley PE,https://simple.ripley.com.pe/laptop-hp-255r-g10-ryzen-7-7735u-16gb-ram-512gb-ssd-156-fhd-b77cbltabm-pmp20001464443
20260805_055550,2026-08-05T06:07:27.729865+00:00,ripley_pe,laptops,20001128124,LENOVO,"Laptop Legion 5i Intel Core i9 24Core NVIDIA GeForce RTX 5070 8GB 32GB 2TB 15.1"" WQXGA 165Hz",9399.0,11999.0,2772.57,2026-08-05,22,PEN,,,Ripley PE,https://simple.ripley.com.pe/laptop-legion-5i-intel-core-i9-24core-nvidia-geforce-rtx-5070-8gb-32gb-2tb-151-wqxga-165hz-pmp20001128124
20260805_055550,2026-08-05T06:07:27.729865+00:00,ripley_pe,laptops,20001417864,HP,LAPTOP HP INTEL CORE 5 120U RAM 16GB SSD 512GB 250R G10 15.6' HD,2489.0,2699.0,734.22,2026-08-05,8,PEN,,,Ripley PE,https://simple.ripley.com.pe/laptop-hp-intel-core-5-120u-ram-16gb-ssd-512gb-250r-g10-156-hd-pmp20001417864
20260805_055550,2026-08-05T06:07:27.730865+00:00,ripley_pe,laptops,20001400076,LENOVO,LAPTOP LENOVO LOQ 15AHP10 AMD RYZEN 7-250 16GB RAM 512GB SSD 15.6” FHD WV 144HZ,5499.0,6999.0,1622.12,2026-08-05,21,PEN,,,Ripley PE,https://simple.ripley.com.pe/laptop-lenovo-loq-15ahp10-amd-ryzen-7-250-16gb-ram-512gb-ssd-156-fhd-wv-144hz-pmp20001400076
20260805_055550,2026-08-05T06:07:27.730865+00:00,ripley_pe,laptops,20001464328,HP,LAPTOP HP 250R G10 CORE 5-120U  16GB RAM  512GB SSD  15.6” HD  C78DYATABM,2399.0,3139.0,707.67,2026-08-05,24,PEN,,,Ripley PE,https://simple.ripley.com.pe/laptop-hp-250r-g10-core-5-120u-16gb-ram-512gb-ssd-156-hd-c78dyatabm-pmp20001464328
20260805_055550,2026-08-05T06:07:27.730865+00:00,ripley_pe,laptops,20001063059,ASUS,LAPTOP ASUS ROG STRIX G16 INTEL CORE ULTRA 9 275HX 1 TB SSD 16 GB DDR5,12049.0,18079.0,3554.28,2026-08-05,33,PEN,,,Ripley PE,https://simple.ripley.com.pe/laptop-asus-rog-strix-g16-intel-core-ultra-9-275hx-1-tb-ssd-16-gb-ddr5-pmp20001063059
20260805_055550,2026-08-05T06:07:27.731865+00:00,ripley_pe,laptops,20001490259,LENOVO,LAPTOP THINKPAD E16 GEN 3 INTEL CORE ULTRA 5 16GB 512GB WUXGA 16',5299.0,5899.0,1563.13,2026-08-05,10,PEN,,,Ripley PE,https://simple.ripley.com.pe/laptop-thinkpad-e16-gen-3-intel-core-ultra-5-16gb-512gb-wuxga-16-pmp20001490259
20260805_055550,2026-08-05T06:07:27.732865+00:00,ripley_pe,laptops,20001534711,LENOVO,LAPTOP LENOVO RYZEN 5 7520U 8GB DDR5 SSD 256GB 15.6 FHD V15 G4,1959.0,2500.0,577.88,2026-08-05,22,PEN,,,Ripley PE,https://simple.ripley.com.pe/laptop-lenovo-ryzen-5-7520u-8gb-ddr5-ssd-256gb-156-fhd-v15-g4-pmp20001534711
20260805_055550,2026-08-05T06:07:27.732865+00:00,ripley_pe,laptops,00003361428,ACER,ACER PREDATOR TRITON 14 LAPTOP GAMER PT14-51-78B4 14' 16:10 165HZ INTEL CORE I7 16GB RAM 512GB SSD RTX 4050 SILVER 2023 | Silver,6535.0,9182.75,1927.73,2026-08-05,29,PEN,,,Ripley PE,https://simple.ripley.com.pe/acer-predator-triton-14-laptop-gamer-pt14-51-78b4-14-1610-165hz-intel-core-i7-16gb-ram-512gb-ssd-rtx-4050-silver-2023-silver-pmp00003361428
20260805_055550,2026-08-05T06:07:27.733865+00:00,ripley_pe,laptops,20001535063,LENOVO,LAPTOP GAMER LENOVO LOQ 15AHP10 IA RYZEN 7-250 15.6 FHD 144HZ 16GB 512GB SSD GEFORCE RTX 5050 8GB  FREEDOS,5259.0,5899.0,1551.33,2026-08-05,11,PEN,,,Ripley PE,https://simple.ripley.com.pe/laptop-gamer-lenovo-loq-15ahp10-ia-ryzen-7-250-156-fhd-144hz-16gb-512gb-ssd-geforce-rtx-5050-8gb-freedos-pmp20001535063
20260805_055550,2026-08-05T06:07:27.733865+00:00,ripley_pe,laptops,20001534007,ASUS,LAPTOP ASUS ZENBOOK A14 SNAPDRAGON X 32GB 1TB W11,21073.68,,6216.42,2026-08-05,,PEN,,,Ripley PE,https://simple.ripley.com.pe/laptop-asus-zenbook-a14-snapdragon-x-32gb-1tb-w11-pmp20001534007
20260805_055550,2026-08-05T06:07:27.734865+00:00,ripley_pe,laptops,20000192605,LENOVO,"LAPTOP LENOVO LOQ I7 15IRH8 16GB RAM 512GB SSD NVIDIA GEFORCE RTX 4050 6GB 15.6"" 82XV00HWLM 13620H M.2 FREEDOS GDDR6",5700.0,,1681.42,2026-08-05,,PEN,,,Ripley PE,https://simple.ripley.com.pe/laptop-lenovo-loq-i7-15irh8-16gb-ram-512gb-ssd-nvidia-geforce-rtx-4050-6gb-156-82xv00hwlm-13620h-m2-freedos-gddr6-pmp20000192605
20260805_055550,2026-08-05T06:07:27.734865+00:00,ripley_pe,laptops,20001088780,ACER,ACER CHROMEBOOK 15.6' HD IPS 2024 CELERON N 2.7GHZ 4GB RAM 64GB EMMC | GRIS - TECLADO INGLÉS (REACONDICIONADO),889.0,1029.0,262.24,2026-08-05,14,PEN,,,Ripley PE,https://simple.ripley.com.pe/acer-chromebook-156-hd-ips-2024-celeron-n-27ghz-4gb-ram-64gb-emmc-gris-teclado-ingles-reacondicionado-pmp20001088780
20260805_055550,2026-08-05T06:07:27.735868+00:00,ripley_pe,laptops,00003548027,ACER,"LAPTOP GAMER ACER INTEL CORE I7-13700HX 16GB 1TB NVIDIA GEFORCE RTX 4060 16"" PREDATOR HELIOS 16 13ª GEN 165HZ DDR5 4",8289.0,9539.0,2445.13,2026-08-05,13,PEN,,,Ripley PE,https://simple.ripley.com.pe/laptop-gamer-acer-intel-core-i7-13700hx-16gb-1tb-nvidia-geforce-rtx-4060-16-predator-helios-16-13-gen-165hz-ddr5-4-pmp00003548027
20260805_055550,2026-08-05T06:07:27.736904+00:00,ripley_pe,laptops,20001517070,HP,"LAPTOP GAMING HP VICTUS 15-FB3022LA, AMD RYZEN 7 7445HS, 16GB RAM, 512GB SSD, RTX 4050 6GB -BT4F2LA",4249.0,6819.0,1253.39,2026-08-05,38,PEN,,,Ripley PE,https://simple.ripley.com.pe/laptop-gaming-hp-victus-15-fb3022la-amd-ryzen-7-7445hs-16gb-ram-512gb-ssd-rtx-4050-6gb-bt4f2la-pmp20001517070
20260805_055550,2026-08-05T06:07:27.737924+00:00,ripley_pe,laptops,2004356336323,HP,"LAPTOP HP 15-FD0254LA INTEL CORE I5-1334U 8GB RAM 512GB SSD 15.6""",2399.0,2799.0,707.67,2026-08-05,14,PEN,,,Ripley PE,https://simple.ripley.com.pe/laptop-hp-15-fd0254la-intel-core-i5-1334u-8gb-ram-512gb-ssd-156-2004356336323p
20260805_055550,2026-08-05T06:07:27.738933+00:00,ripley_pe,laptops,20001494499,HP,LAPTOP HP ZBOOK FIREFLY 14 G8 I7 11VA 16GB RAM 512GBSSD REACONDICIONADA 1 AÑO GARANTÍA + COOLER,2139.0,2599.0,630.97,2026-08-05,18,PEN,,,Ripley PE,https://simple.ripley.com.pe/laptop-hp-zbook-firefly-14-g8-i7-11va-16gb-ram-512gbssd-reacondicionada-1-ano-garantia-cooler-pmp20001494499
20260805_055550,2026-08-05T06:07:27.739940+00:00,ripley_pe,laptops,20001133091,LENOVO,"LAPTOP LENOVO IDEAPAD SLIM 3, INTEL I5, 8GB RAM, 512GB SSD, 15.3' - IDEAL PARA TRABAJAR Y ESTUDIAR",2809.0,4219.0,828.61,2026-08-05,33,PEN,,,Ripley PE,https://simple.ripley.com.pe/laptop-lenovo-ideapad-slim-3-intel-i5-8gb-ram-512gb-ssd-153-ideal-para-trabajar-y-estudiar-pmp20001133091
20260805_055550,2026-08-05T06:07:32.403061+00:00,ripley_pe,laptops,20001513651,ASUS,LAPTOP ASUS VIVOBOOK M1502NAQ-BQ051W 15.6 ' AMD RYZEN 7 512GB SSD 16GB,3214.0,3471.0,948.08,2026-08-05,7,PEN,,,Ripley PE,https://simple.ripley.com.pe/laptop-asus-vivobook-m1502naq-bq051w-156-amd-ryzen-7-512gb-ssd-16gb-pmp20001513651
20260805_055550,2026-08-05T06:07:32.404058+00:00,ripley_pe,laptops,20001475968,HP,LAPTOP HP 250 G10 CORE I5-1334U / 16GB RAM / 512GB SSD / 15.6” HD – B5UW7AT#ABM,2499.0,3139.0,737.17,2026-08-05,20,PEN,,,Ripley PE,https://simple.ripley.com.pe/laptop-hp-250-g10-core-i5-1334u-16gb-ram-512gb-ssd-156-hd-b5uw7atabm-pmp20001475968
20260805_055550,2026-08-05T06:07:32.404058+00:00,ripley_pe,laptops,20000851727,LENOVO,LAPTOP IDEAPAD SLIM 3I 15.6' FHD I5-1335U 16GB RAM 512GB SSD LENOVO | PLATA - TECLADO INGLÉS,2799.0,4199.0,825.66,2026-08-05,33,PEN,,,Ripley PE,https://simple.ripley.com.pe/laptop-ideapad-slim-3i-156-fhd-i5-1335u-16gb-ram-512gb-ssd-lenovo-plata-teclado-ingles-pmp20000851727
20260805_055550,2026-08-05T06:07:32.405058+00:00,ripley_pe,laptops,20001534736,LENOVO,LAPTOP LENOVO IDEAPAD CORE I5 13420H 16GB DDR5 SSD 512GB 15.3 WUXGA 15IRH10 SLIM 3,2689.0,3500.0,793.22,2026-08-05,23,PEN,,,Ripley PE,https://simple.ripley.com.pe/laptop-lenovo-ideapad-core-i5-13420h-16gb-ddr5-ssd-512gb-153-wuxga-15irh10-slim-3-pmp20001534736
20260805_055550,2026-08-05T06:07:32.407065+00:00,ripley_pe,laptops,20000572724,LENOVO,"LAPTOP LENOVO ATHLON 7120U - 82YU00X5LM 8GB 15.6"" 256GBSSD AMD ATHLON SILVER 7120U RAM 256GB SSD 156 FHD WIND 82YU00X5LM",1569.0,2109.0,462.83,2026-08-05,26,PEN,,,Ripley PE,https://simple.ripley.com.pe/laptop-lenovo-athlon-7120u-82yu00x5lm-8gb-156-256gbssd-amd-athlon-silver-7120u-ram-256gb-ssd-156-fhd-wind-82yu00x5lm-pmp20000572724
20260805_055550,2026-08-05T06:07:32.408064+00:00,ripley_pe,laptops,20001092515,HP,LAPTOP HP OMNIBOOK 5 FLIP 14-FP0023DX  INTEL CORE 7 150U 16GB RAM 512GB SSD 14'  2K TOUCH - SILVER,4099.0,4499.0,1209.14,2026-08-05,9,PEN,,,Ripley PE,https://simple.ripley.com.pe/laptop-hp-omnibook-5-flip-14-fp0023dx-intel-core-7-150u-16gb-ram-512gb-ssd-14-2k-touch-silver-pmp20001092515
20260805_055550,2026-08-05T06:07:32.408064+00:00,ripley_pe,laptops,20001471444,CHUWI,LAPTOP CHUWI COREBOOK X CWI570 INTEL CORE I9 13900HK 16GB RAM 1TB SSD M.2 14 2K QHD WINDOWS 11,2819.0,3479.0,831.56,2026-08-05,19,PEN,,,Ripley PE,https://simple.ripley.com.pe/laptop-chuwi-corebook-x-cwi570-intel-core-i9-13900hk-16gb-ram-1tb-ssd-m2-14-2k-qhd-windows-11-pmp20001471444
20260805_055550,2026-08-05T06:07:32.409064+00:00,ripley_pe,laptops,20000490062,GIGABYTE,LAPTOP GIGABYTE AORUS 7: 17.3'FHD 360HZ  NVIDIA RTX 4060 8GB  INTEL I5-12500H  16GB RAM  512GB SSD  WIN11 HOME  NEGRO,5790.0,6948.0,1707.96,2026-08-05,17,PEN,,,Ripley PE,https://simple.ripley.com.pe/laptop-gigabyte-aorus-7-173fhd-360hz-nvidia-rtx-4060-8gb-intel-i5-12500h-16gb-ram-512gb-ssd-win11-home-negro-pmp20000490062
20260805_055550,2026-08-05T06:07:32.410064+00:00,ripley_pe,laptops,20001468863,HP,LAPTOP HP INTEL CORE I7 1355U RAM 16GB SSD 512GB 250 G10 13VA GEN 15.6' HD,3339.0,3699.0,984.96,2026-08-05,10,PEN,,,Ripley PE,https://simple.ripley.com.pe/laptop-hp-intel-core-i7-1355u-ram-16gb-ssd-512gb-250-g10-13va-gen-156-hd-pmp20001468863
20260805_055550,2026-08-05T06:07:32.411065+00:00,ripley_pe,laptops,20001235761,LENOVO,LAPTOP IDEAPAD SLIM 3 14ARP10 RYZEN 7 7735HS 16GB 512GB 14',3099.0,4299.0,914.16,2026-08-05,28,PEN,,,Ripley PE,https://simple.ripley.com.pe/laptop-ideapad-slim-3-14arp10-ryzen-7-7735hs-16gb-512gb-14-pmp20001235761
20260805_055550,2026-08-05T06:07:32.411065+00:00,ripley_pe,laptops,20001172093,LENOVO,"LAPTOP LENOVO LOQ 15IAX9, CI5-12450HX, 8GB RAM/ 512GB SSD/ 15.6” FHD/ RTX 3050 6GB - 83GS006WLM",3169.0,4499.0,934.81,2026-08-05,30,PEN,,,Ripley PE,https://simple.ripley.com.pe/laptop-lenovo-loq-15iax9-ci5-12450hx-8gb-ram-512gb-ssd-156-fhd-rtx-3050-6gb-83gs006wlm-pmp20001172093
20260805_055550,2026-08-05T06:07:32.412064+00:00,ripley_pe,laptops,20001546152,HP,LAPTOP HP AI 15 FD2369LA CORE ULTRA 5 225U 24GB DDR5 512GB SSD CON IA 15.6 FHD TACTIL FREEDOS,3099.0,3719.0,914.16,2026-08-05,17,PEN,,,Ripley PE,https://simple.ripley.com.pe/laptop-hp-ai-15-fd2369la-core-ultra-5-225u-24gb-ddr5-512gb-ssd-con-ia-156-fhd-tactil-freedos-pmp20001546152
20260805_055550,2026-08-05T06:07:32.413063+00:00,ripley_pe,laptops,20000537539,LENOVO,"LAPTOP LENOVO V15 G4 AMN - 82YU00X4LM 8GB 15.6"" 256GB VG4 RYZEN 3-7320U LPDDR5 BUS 4800MHZ SSD156 FHD WINDOWS 82YU00X4LM",1789.0,2399.0,527.73,2026-08-05,25,PEN,,,Ripley PE,https://simple.ripley.com.pe/laptop-lenovo-v15-g4-amn-82yu00x4lm-8gb-156-256gb-vg4-ryzen-3-7320u-lpddr5-bus-4800mhz-ssd156-fhd-windows-82yu00x4lm-pmp20000537539
20260805_055550,2026-08-05T06:07:32.413063+00:00,ripley_pe,laptops,20001193908,HP,"LAPTOP HP VICTUS 15.6' - INTEL CORE I5 13420H, 16GB RAM, 512GB SSD, RENDIMIENTO POTENTE Y DISEÑO ELEGANTE",5199.0,7799.0,1533.63,2026-08-05,33,PEN,,,Ripley PE,https://simple.ripley.com.pe/laptop-hp-victus-156-intel-core-i5-13420h-16gb-ram-512gb-ssd-rendimiento-potente-y-diseno-elegante-pmp20001193908
20260805_055550,2026-08-05T06:07:32.414056+00:00,ripley_pe,laptops,20000106863,LENOVO,"LAPTOP LENOVO IDEAPAD 3I INTEL CORE I3-1115 12GB RAM 256GB SSD PCIE 15.6"", DDR4, W. 11 HOME, GRIS",2219.0,3179.0,654.57,2026-08-05,30,PEN,,,Ripley PE,https://simple.ripley.com.pe/laptop-lenovo-ideapad-3i-intel-core-i3-1115-12gb-ram-256gb-ssd-pcie-156-ddr4-w-11-home-gris-pmp20000106863
20260805_055550,2026-08-05T06:07:32.414056+00:00,ripley_pe,laptops,00003548029,MSI,"LAPTOP GAMER MSI GAMING INTEL CORE I5-12450H 16GB 512GB SSD GEFORCE RTX 2050 15.6"" CYBORG 15 FHD 144HZ DDR5 NVME COOLER BOOST 5",4799.0,7199.0,1415.63,2026-08-05,33,PEN,,,Ripley PE,https://simple.ripley.com.pe/laptop-gamer-msi-gaming-intel-core-i5-12450h-16gb-512gb-ssd-geforce-rtx-2050-156-cyborg-15-fhd-144hz-ddr5-nvme-cooler-boost-5-pmp00003548029
20260805_055550,2026-08-05T06:07:32.415063+00:00,ripley_pe,laptops,20001354534,LENOVO,LAPTOP LENOVO LEGION PRO 5 16ADR10 RYZEN 9 RTX 5060 32GB 1TB SSD 16 WQXGA 240HZ,10009.0,,2952.51,2026-08-05,,PEN,,,Ripley PE,https://simple.ripley.com.pe/laptop-lenovo-legion-pro-5-16adr10-ryzen-9-rtx-5060-32gb-1tb-ssd-16-wqxga-240hz-pmp20001354534
20260805_055550,2026-08-05T06:07:32.415063+00:00,ripley_pe,laptops,20001193886,APPLE,"MACBOOK AIR 13.3' APPLE MGN63LA/A - 8GB RAM, 256GB SSD, GRIS, PANTALLA RETINA, LARGA DURACIÓN DE BATERÍA",4109.0,6169.0,1212.09,2026-08-05,33,PEN,,,Ripley PE,https://simple.ripley.com.pe/macbook-air-133-apple-mgn63laa-8gb-ram-256gb-ssd-gris-pantalla-retina-larga-duracion-de-bateria-pmp20001193886
20260805_055550,2026-08-05T06:07:32.416068+00:00,ripley_pe,laptops,20001530889,LENOVO,LAPTOP LENOVO IDEAPAD SLIM 3 15IRH10 INTEL CORE I7 13620H 16GB RAM 512GB SSD M.2 15.6 TACTIL FREEDOS,3299.0,3959.0,973.16,2026-08-05,17,PEN,,,Ripley PE,https://simple.ripley.com.pe/laptop-lenovo-ideapad-slim-3-15irh10-intel-core-i7-13620h-16gb-ram-512gb-ssd-m2-156-tactil-freedos-pmp20001530889
20260805_055550,2026-08-05T06:07:32.417064+00:00,ripley_pe,laptops,20000231120,ASUS,LAPTOP GAMER ASUS TUF GAMING RYZEN 7 A16 2023,6598.85,11048.05,1946.56,2026-08-05,40,PEN,,,Ripley PE,https://simple.ripley.com.pe/laptop-gamer-asus-tuf-gaming-ryzen-7-a16-2023-pmp20000231120
20260805_055550,2026-08-05T06:07:32.417064+00:00,ripley_pe,laptops,20001355981,APPLE,APPLE MACBOOK AIR 13″ M5 512GB SSD 16GB RAM – TECLADO INGLÉS,5599.0,7199.0,1651.62,2026-08-05,22,PEN,,,Ripley PE,https://simple.ripley.com.pe/apple-macbook-air-13-m5-512gb-ssd-16gb-ram-teclado-ingles-pmp20001355981
20260805_055550,2026-08-05T06:07:32.418064+00:00,ripley_pe,laptops,00003356648,ACER,ACER PREDATOR LAPTOP GAMER HELIOS PH315-54-760S 15.6” 144HZ INTEL CORE I7 16GB RAM 512GB SSD RTX 3060 RGB KEYBOARD BLACK (2021),6605.0,7999.0,1948.38,2026-08-05,17,PEN,,,Ripley PE,https://simple.ripley.com.pe/acer-predator-laptop-gamer-helios-ph315-54-760s-156-144hz-intel-core-i7-16gb-ram-512gb-ssd-rtx-3060-rgb-keyboard-black-2021-pmp00003356648
20260805_055550,2026-08-05T06:07:32.419058+00:00,ripley_pe,laptops,20000231127,ASUS,"LAPTOP GAMER ASUS TUF GAMING RTX4060 15.6"" A17 2023 FHD",8051.11,13516.89,2374.96,2026-08-05,40,PEN,,,Ripley PE,https://simple.ripley.com.pe/laptop-gamer-asus-tuf-gaming-rtx4060-156-a17-2023-fhd-pmp20000231127
20260805_055550,2026-08-05T06:07:32.419058+00:00,ripley_pe,laptops,20000537447,LENOVO,"LAPTOP LENOVO V15 G4 AMN - 82YU00XYLM 16GB 15.6"" 512GB RYZEN VG4 AMN AMD 5 7520U  RAM  SSD FHD  WIND 82YU00XYLM",2689.0,3839.0,793.22,2026-08-05,30,PEN,,,Ripley PE,https://simple.ripley.com.pe/laptop-lenovo-v15-g4-amn-82yu00xylm-16gb-156-512gb-ryzen-vg4-amn-amd-5-7520u-ram-ssd-fhd-wind-82yu00xylm-pmp20000537447
20260805_055550,2026-08-05T06:07:32.420057+00:00,ripley_pe,laptops,20001420075,LENOVO,LAPTOP LENOVO IDEAPAD SLIM 3 15AMN8 RYZEN 5 7520U 2.8HZ/ 16GB RAM/ 512GB SSD/ 15.6' WIND-82XQ00N6LM,2299.0,3339.0,678.17,2026-08-05,31,PEN,,,Ripley PE,https://simple.ripley.com.pe/laptop-lenovo-ideapad-slim-3-15amn8-ryzen-5-7520u-28hz-16gb-ram-512gb-ssd-156-wind-82xq00n6lm-pmp20001420075
20260805_055550,2026-08-05T06:07:32.420057+00:00,ripley_pe,laptops,20001120921,LENOVO,LENOVO YOGA 7 16IML9 16' WUXGA CORE ULTRA7 155U 16GB 1TBSSD TOUCHSCREEN,4150.0,4899.0,1224.19,2026-08-05,15,PEN,,,Ripley PE,https://simple.ripley.com.pe/lenovo-yoga-7-16iml9-16-wuxga-core-ultra7-155u-16gb-1tbssd-touchscreen-pmp20001120921
20260805_055550,2026-08-05T06:07:32.421057+00:00,ripley_pe,laptops,20001088743,LENOVO,"Laptop Legion 7i Intel Core™ Ultra 9 275HX 24Core NVIDIA GeForce RTX™ 5070 8GB 32G RAM 2TB SSD 16"" WQXGA 165Hz",11299.0,13899.0,3333.04,2026-08-05,19,PEN,,,Ripley PE,https://simple.ripley.com.pe/laptop-legion-7i-intel-core-ultra-9-275hx-24core-nvidia-geforce-rtx-5070-8gb-32g-ram-2tb-ssd-16-wqxga-165hz-pmp20001088743
20260805_055550,2026-08-05T06:07:32.422057+00:00,ripley_pe,laptops,00003410417,ACER,"LAPTOP GAMER ACER NITRO 17 AN17-41-R8N5 AMD RYZEN 7 7735HS 16GB 1TB SSD RTX 4050 17.3"" 165HZ 2023",6285.0,7542.0,1853.98,2026-08-05,17,PEN,,,Ripley PE,https://simple.ripley.com.pe/laptop-gamer-acer-nitro-17-an17-41-r8n5-amd-ryzen-7-7735hs-16gb-1tb-ssd-rtx-4050-173-165hz-2023-pmp00003410417
20260805_055550,2026-08-05T06:07:32.422057+00:00,ripley_pe,laptops,20001352303,APPLE,NUEVA MACBOOK AIR M5 13” 16GB RAM + 512GB (TECLADO INGLES) - SILVER (2026) + REGALO,6099.0,6599.0,1799.12,2026-08-05,8,PEN,,,Ripley PE,https://simple.ripley.com.pe/nueva-macbook-air-m5-13-16gb-ram-512gb-teclado-ingles-silver-2026-regalo-pmp20001352303
20260805_055550,2026-08-05T06:07:32.423063+00:00,ripley_pe,laptops,20001344101,HP,LAPTOP HP 15-FD2360LA INTEL CORE ULTRA 5 24GB 512GB SSD W11,3139.0,4799.0,925.96,2026-08-05,35,PEN,,,Ripley PE,https://simple.ripley.com.pe/laptop-hp-15-fd2360la-intel-core-ultra-5-24gb-512gb-ssd-w11-pmp20001344101
20260805_055550,2026-08-05T06:07:32.424079+00:00,ripley_pe,laptops,20001352290,APPLE,NUEVA MACBOOK AIR M5 13” 16GB RAM + 512GB (TECLADO INGLES) - SKY BLUE (2026),5699.0,6499.0,1681.12,2026-08-05,12,PEN,,,Ripley PE,https://simple.ripley.com.pe/nueva-macbook-air-m5-13-16gb-ram-512gb-teclado-ingles-sky-blue-2026-pmp20001352290
20260805_055550,2026-08-05T06:07:32.424079+00:00,ripley_pe,laptops,20001280800,HP,LAPTOP OMNIBOOK 5 FLIP 14' I7-150U HP 14' 512GB SSD 16GB RAM W11 - TECLADO INGLÉS,4979.0,5729.0,1468.73,2026-08-05,13,PEN,,,Ripley PE,https://simple.ripley.com.pe/laptop-omnibook-5-flip-14-i7-150u-hp-14-512gb-ssd-16gb-ram-w11-teclado-ingles-pmp20001280800
20260805_055550,2026-08-05T06:07:32.425065+00:00,ripley_pe,laptops,20001513650,HP,LAPTOP HP 250R G10 15.6' INTEL CORE I5 512GB SSD 16GB,2569.0,2775.0,757.82,2026-08-05,7,PEN,,,Ripley PE,https://simple.ripley.com.pe/laptop-hp-250r-g10-156-intel-core-i5-512gb-ssd-16gb-pmp20001513650
20260805_055550,2026-08-05T06:07:32.425065+00:00,ripley_pe,laptops,20001464496,ACER,LAPTOP ACER NITRO V 16 ANV16-42-R17U 16' AMD RYZEN 7 1TB SSD 16GB NVIDIA GEFORCE RTX 5070 8GB,6440.0,6955.0,1899.71,2026-08-05,7,PEN,,,Ripley PE,https://simple.ripley.com.pe/laptop-acer-nitro-v-16-anv16-42-r17u-16-amd-ryzen-7-1tb-ssd-16gb-nvidia-geforce-rtx-5070-8gb-pmp20001464496
20260805_055550,2026-08-05T06:07:32.426064+00:00,ripley_pe,laptops,20000731973,LENOVO,"LAPTOP LENOVO V15 G4 16GB 15.6"" 1TBSSD CORE I7-1355U IRU156 FHD SSD 1TB",3449.9,3550.0,1017.67,2026-08-05,3,PEN,,,Ripley PE,https://simple.ripley.com.pe/laptop-lenovo-v15-g4-16gb-156-1tbssd-core-i7-1355u-iru156-fhd-ssd-1tb-pmp20000731973
20260805_055550,2026-08-05T06:07:32.426064+00:00,ripley_pe,laptops,20001278037,APPLE,MACBOOK PRO 14″ M5 16GB RAM + 512GB SSD (TECLADO INGLES) - SPACE BLACK,8199.0,9999.0,2418.58,2026-08-05,18,PEN,,,Ripley PE,https://simple.ripley.com.pe/macbook-pro-14-m5-16gb-ram-512gb-ssd-teclado-ingles-space-black-pmp20001278037
20260805_055550,2026-08-05T06:07:32.427064+00:00,ripley_pe,laptops,20001352174,APPLE,NUEVA MACBOOK AIR M5 13” 16GB RAM + 512GB (TECLADO INGLES) - STARLIGHT (2026),5699.0,6499.0,1681.12,2026-08-05,12,PEN,,,Ripley PE,https://simple.ripley.com.pe/nueva-macbook-air-m5-13-16gb-ram-512gb-teclado-ingles-starlight-2026-pmp20001352174
20260805_055550,2026-08-05T06:07:32.428064+00:00,ripley_pe,laptops,20001347710,ASUS,"LAPTOP ASUS VIVOBOOK X1605VA-MB1440, INTEL I7-13620H 16GB DDR4 SSD 512GB, PANTALLA 16 WUXGA",3079.0,4349.0,908.26,2026-08-05,29,PEN,,,Ripley PE,https://simple.ripley.com.pe/laptop-asus-vivobook-x1605va-mb1440-intel-i7-13620h-16gb-ddr4-ssd-512gb-pantalla-16-wuxga-pmp20001347710
20260805_055550,2026-08-05T06:07:32.428064+00:00,ripley_pe,laptops,20000851730,HP,LAPTOP 15.6' FHD TOUCH I7-1255U 16GB RAM 512GB SSD HP | PLATA - TECLADO INGLÉS,3499.0,4029.0,1032.15,2026-08-05,13,PEN,,,Ripley PE,https://simple.ripley.com.pe/laptop-156-fhd-touch-i7-1255u-16gb-ram-512gb-ssd-hp-plata-teclado-ingles-pmp20000851730
20260805_055550,2026-08-05T06:07:32.429069+00:00,ripley_pe,laptops,20000354920,HP,"LAPTOP HP 15-FC0005LA-802M8LA AMD RYZEN™ 3 7320U 8GB RAM 256GB SSD 15.6"" FHD",2019.0,,595.58,2026-08-05,,PEN,,,Ripley PE,https://simple.ripley.com.pe/laptop-hp-15-fc0005la-802m8la-amd-ryzen-3-7320u-8gb-ram-256gb-ssd-156-fhd-pmp20000354920
20260805_055550,2026-08-05T06:07:32.429069+00:00,ripley_pe,laptops,20000259658,GIGABYTE,"LAPTOP GAMER GIGABYTE INTEL CORE I7-13620H 16GB 1TB SSD NVIDIA GEFORCE RTX 4050 16"" G6 GPU 8GB GDDR6 DDR5",5220.0,6264.0,1539.82,2026-08-05,17,PEN,,,Ripley PE,https://simple.ripley.com.pe/laptop-gamer-gigabyte-intel-core-i7-13620h-16gb-1tb-ssd-nvidia-geforce-rtx-4050-16-g6-gpu-8gb-gddr6-ddr5-pmp20000259658
20260805_055550,2026-08-05T06:07:32.430064+00:00,ripley_pe,laptops,20001499286,LENOVO,LAPTOP LENOVO V15 G5 IRL 15.6 FHD INTEL CORE I3-1315U 8GB RAM 256GB SSD,1849.0,2299.0,545.43,2026-08-05,20,PEN,,,Ripley PE,https://simple.ripley.com.pe/laptop-lenovo-v15-g5-irl-156-fhd-intel-core-i3-1315u-8gb-ram-256gb-ssd-pmp20001499286
20260805_055550,2026-08-05T06:07:32.430064+00:00,ripley_pe,laptops,20001400079,HP,LAPTOP HP VICTUS 15-FB3018LA AMD RYZEN 7-7445HS 8GB RAM 512GB SSD 15.6” FHD 144 HZ,3569.0,5499.0,1052.8,2026-08-05,35,PEN,,,Ripley PE,https://simple.ripley.com.pe/laptop-hp-victus-15-fb3018la-amd-ryzen-7-7445hs-8gb-ram-512gb-ssd-156-fhd-144-hz-pmp20001400079
20260805_055550,2026-08-05T06:07:32.431064+00:00,ripley_pe,laptops,20000231123,ASUS,LAPTOP GAMER ASUS TUF GAMING RYZEN 7 GEFORCE RTX 4050 A15 2023,7164.09,12008.96,2113.3,2026-08-05,40,PEN,,,Ripley PE,https://simple.ripley.com.pe/laptop-gamer-asus-tuf-gaming-ryzen-7-geforce-rtx-4050-a15-2023-pmp20000231123
20260805_055550,2026-08-05T06:07:32.431064+00:00,ripley_pe,laptops,20001193933,HP,"LAPTOP HP OMEN 14' INTEL CORE I7, 16GB RAM, 1TB SSD, NVIDIA RTX 4060, WINDOWS 11, NEGRA",7479.0,11219.0,2206.19,2026-08-05,33,PEN,,,Ripley PE,https://simple.ripley.com.pe/laptop-hp-omen-14-intel-core-i7-16gb-ram-1tb-ssd-nvidia-rtx-4060-windows-11-negra-pmp20001193933
20260805_055550,2026-08-05T06:07:32.432063+00:00,ripley_pe,laptops,20001280757,LENOVO,LAPTOP IDEAPAD SLIM 3 RYZEN 7 LENOVO 15.6' 512GB SSD 16GB RAM W11 - TECLADO INGLÉS | ARCTIC GREY,2799.0,3219.0,825.66,2026-08-05,13,PEN,,,Ripley PE,https://simple.ripley.com.pe/laptop-ideapad-slim-3-ryzen-7-lenovo-156-512gb-ssd-16gb-ram-w11-teclado-ingles-arctic-grey-pmp20001280757
20260805_055550,2026-08-05T06:07:32.433063+00:00,ripley_pe,laptops,20001534906,ASUS,LAPTOP ASUS ZENBOOK UM3406GA-QD047W AMD RYZEN  AI 5 430 RAM 16GB DISCO 512GB SSD 14' WUXGA OLED WINDOWS 11,4479.0,4899.0,1321.24,2026-08-05,9,PEN,,,Ripley PE,https://simple.ripley.com.pe/laptop-asus-zenbook-um3406ga-qd047w-amd-ryzen-ai-5-430-ram-16gb-disco-512gb-ssd-14-wuxga-oled-windows-11-pmp20001534906
20260805_055550,2026-08-05T06:07:32.433063+00:00,ripley_pe,laptops,20001549040,ACER,LAPTOP ACER ASPIRE GO 15 15.6' RYZEN 7 7730U 16GB RAM 512GB SSD TECLADO INGLÉS | SILVER,2199.0,4479.0,648.67,2026-08-05,51,PEN,,,Ripley PE,https://simple.ripley.com.pe/laptop-acer-aspire-go-15-156-ryzen-7-7730u-16gb-ram-512gb-ssd-teclado-ingles-silver-pmp20001549040
20260805_055550,2026-08-05T06:07:36.650849+00:00,ripley_pe,laptops,20000106844,ACER,"ACER CHROMEBOOK 315 2022 15.6', FULL HD 1080P, TÁCTIL, INTEL CELERON N4020 DOBLE NÚCLEO, 4 GB DDR4 RAM,64 GB EMMC,CHROME OS,PLATA",1599.0,2399.0,471.68,2026-08-05,33,PEN,,,Ripley PE,https://simple.ripley.com.pe/acer-chromebook-315-2022-156-full-hd-1080p-tactil-intel-celeron-n4020-doble-nucleo-4-gb-ddr4-ram64-gb-emmcchrome-osplata-pmp20000106844
20260805_055550,2026-08-05T06:07:36.650849+00:00,ripley_pe,laptops,20000106859,LENOVO,"LAPTOP LENOVO V15 AMD RYZEN 5 5500U HEXA-CORE 16GB RAM 1TB SSD 15.6"",FHD, HDMI, RJ45,TECLADO NUMÉRICO,W. 11 PRO,NEGRO",4299.0,4949.0,1268.14,2026-08-05,13,PEN,,,Ripley PE,https://simple.ripley.com.pe/laptop-lenovo-v15-amd-ryzen-5-5500u-hexa-core-16gb-ram-1tb-ssd-156fhd-hdmi-rj45teclado-numericow-11-pronegro-pmp20000106859
20260805_055550,2026-08-05T06:07:36.651770+00:00,ripley_pe,laptops,20001143758,HP,"LAPTOP HP 15-FD0280LA, INTEL CORE I7-1355U, 10 NÚCLEOS, 16GB RAM, 1TB SSD, 15.6” FHD - B9TZ6LA",3299.0,5069.0,973.16,2026-08-05,35,PEN,,,Ripley PE,https://simple.ripley.com.pe/laptop-hp-15-fd0280la-intel-core-i7-1355u-10-nucleos-16gb-ram-1tb-ssd-156-fhd-b9tz6la-pmp20001143758
20260805_055550,2026-08-05T06:07:36.652770+00:00,ripley_pe,laptops,20001351160,APPLE,MACBOOK PRO 16.2' (2026) CHIP M5 PRO 48GB RAM 1TB SSD 18CORE CPU 20CORE GPU | NEGRO - TECLADO INGLÉS,14999.0,17249.0,4424.48,2026-08-05,13,PEN,,,Ripley PE,https://simple.ripley.com.pe/macbook-pro-162-2026-chip-m5-pro-48gb-ram-1tb-ssd-18core-cpu-20core-gpu-negro-teclado-ingles-pmp20001351160
20260805_055550,2026-08-05T06:07:36.654769+00:00,ripley_pe,laptops,20001351162,APPLE,MACBOOK PRO 16.2' (2026) CHIP M5 MAX 48GB RAM 2TB SSD 18CORE CPU 40CORE GPU | NEGRO - TECLADO INGLÉS,20799.0,23919.0,6135.4,2026-08-05,13,PEN,,,Ripley PE,https://simple.ripley.com.pe/macbook-pro-162-2026-chip-m5-max-48gb-ram-2tb-ssd-18core-cpu-40core-gpu-negro-teclado-ingles-pmp20001351162
20260805_055550,2026-08-05T06:07:36.654769+00:00,ripley_pe,laptops,20001175698,APPLE,MACBOOK PRO M5 (2025) 14' 16GB RAM 1TB SSD | SPACE BLACK - TECLADO INGLÉS,10069.0,14389.0,2970.21,2026-08-05,30,PEN,,,Ripley PE,https://simple.ripley.com.pe/macbook-pro-m5-2025-14-16gb-ram-1tb-ssd-space-black-teclado-ingles-pmp20001175698
20260805_055550,2026-08-05T06:07:36.655768+00:00,ripley_pe,laptops,20001242261,LENOVO,LAPTOP LENOVO LOQ 15IRX10 INTEL CORE I7 16GB RAM 512GB SSD RTX 4060 15.6 FHD 144HZ,6119.0,9179.0,1805.01,2026-08-05,33,PEN,,,Ripley PE,https://simple.ripley.com.pe/laptop-lenovo-loq-15irx10-intel-core-i7-16gb-ram-512gb-ssd-rtx-4060-156-fhd-144hz-pmp20001242261
20260805_055550,2026-08-05T06:07:36.655768+00:00,ripley_pe,laptops,20001288829,DELL,LAPTOP REACONDICIONADA DELL LATITUDE 7320 CORE I7 11VA 16GB RAM 512GB SSD M.2,2030.0,,598.82,2026-08-05,,PEN,,,Ripley PE,https://simple.ripley.com.pe/laptop-reacondicionada-dell-latitude-7320-core-i7-11va-16gb-ram-512gb-ssd-m2-pmp20001288829
20260805_055550,2026-08-05T06:07:36.656768+00:00,ripley_pe,laptops,20001345649,HP,"LAPTOP HP 15-FC0256LA RYZEN 5-7520U, 16GB RAM, 512GB SSD, SIN WINDOWS, 15.6' (B9TP9LA)",2339.0,2999.0,689.97,2026-08-05,22,PEN,,,Ripley PE,https://simple.ripley.com.pe/laptop-hp-15-fc0256la-ryzen-5-7520u-16gb-ram-512gb-ssd-sin-windows-156-b9tp9la-pmp20001345649
20260805_055550,2026-08-05T06:07:36.657768+00:00,ripley_pe,laptops,20001345650,HP,"LAPTOP HP 255 G10 RYZEN 3-7320U, 8GB RAM, 256GB SSD, SIN WINDOWS, 15.6' (A9BS1LT)",1839.0,2299.0,542.48,2026-08-05,20,PEN,,,Ripley PE,https://simple.ripley.com.pe/laptop-hp-255-g10-ryzen-3-7320u-8gb-ram-256gb-ssd-sin-windows-156-a9bs1lt-pmp20001345650
20260805_055550,2026-08-05T06:07:36.658270+00:00,ripley_pe,laptops,20001450531,HP,"LAPTOP HP 250 G10 I5-120U, 16GB RAM, 512GB SSD, SIN WINDOWS, 15.6' (C78DYAT)",2529.0,2999.0,746.02,2026-08-05,16,PEN,,,Ripley PE,https://simple.ripley.com.pe/laptop-hp-250-g10-i5-120u-16gb-ram-512gb-ssd-sin-windows-156-c78dyat-pmp20001450531
20260805_055550,2026-08-05T06:07:36.659273+00:00,ripley_pe,laptops,20000561904,ASUS,LAPTOP ASUS 4GB 64GB FHD,979.0,1129.0,288.79,2026-08-05,13,PEN,,,Ripley PE,https://simple.ripley.com.pe/laptop-asus-4gb-64gb-fhd-pmp20000561904
20260805_055550,2026-08-05T06:07:36.659273+00:00,ripley_pe,laptops,20001490397,APPLE,"MACBOOK PRO 14”  ( M5 PRO )  24GB, 1TB - SPACE BLACK",10999.0,11499.0,3244.54,2026-08-05,4,PEN,,,Ripley PE,https://simple.ripley.com.pe/macbook-pro-14-m5-pro-24gb-1tb-space-black-pmp20001490397
20260805_055550,2026-08-05T06:07:36.660273+00:00,ripley_pe,laptops,20001321159,SAMSUNG,LAPTOP SAMSUNG GALAXY BOOK4 PRO 14' CORE 7 ULTRA 16 GB RAM 512GB - TECLADO INGLÉS | MOONSTONE GRAY,7199.0,10289.0,2123.6,2026-08-05,30,PEN,,,Ripley PE,https://simple.ripley.com.pe/laptop-samsung-galaxy-book4-pro-14-core-7-ultra-16-gb-ram-512gb-teclado-ingles-moonstone-gray-pmp20001321159
20260805_055550,2026-08-05T06:07:36.660273+00:00,ripley_pe,laptops,20001510518,LENOVO,"LAPTOP LENOVO V15 G5 IRL I7-13620H, 16GB, 1TB SSD, SIN WINDOWS, 15.6' (83GW005FLD)",3329.0,4499.0,982.01,2026-08-05,26,PEN,,,Ripley PE,https://simple.ripley.com.pe/laptop-lenovo-v15-g5-irl-i7-13620h-16gb-1tb-ssd-sin-windows-156-83gw005fld-pmp20001510518
20260805_055550,2026-08-05T06:07:36.661273+00:00,ripley_pe,laptops,20001345627,LENOVO,LAPTOP LENOVO IDEAPAD SLIM3 14ARP10 AMDR7-7735HS 16GB RAM 512GB SSD PANTALL 14 WUXGA -83K6005DLM,3039.0,,896.46,2026-08-05,,PEN,,,Ripley PE,https://simple.ripley.com.pe/laptop-lenovo-ideapad-slim3-14arp10-amdr7-7735hs-16gb-ram-512gb-ssd-pantall-14-wuxga-83k6005dlm-pmp20001345627
20260805_055550,2026-08-05T06:07:36.661273+00:00,ripley_pe,laptops,20000106843,LENOVO,"LAPTOP LENOVO IDEAPAD 3I INTEL I3-1115 20GB RAM 1TB SSD 14"" WINDOWS 11 HOME, GRIS PLATINO",2979.0,4259.0,878.76,2026-08-05,30,PEN,,,Ripley PE,https://simple.ripley.com.pe/laptop-lenovo-ideapad-3i-intel-i3-1115-20gb-ram-1tb-ssd-14-windows-11-home-gris-platino-pmp20000106843
20260805_055550,2026-08-05T06:07:36.662273+00:00,ripley_pe,laptops,20001406129,APPLE,MACBOOK NEO 13 CHIP A18 PRO 8GB RAM 512B SSD TOUCH ID TECLADO INGLES - INDIGO,3699.0,4399.0,1091.15,2026-08-05,16,PEN,,,Ripley PE,https://simple.ripley.com.pe/macbook-neo-13-chip-a18-pro-8gb-ram-512b-ssd-touch-id-teclado-ingles-indigo-pmp20001406129
20260805_055550,2026-08-05T06:07:36.663273+00:00,ripley_pe,laptops,20001280813,LENOVO,LAPTOP IDEAPAD SLIM 3 RYZEN 7 LENOVO 15.6' 2TB SSD 16GB RAM W11 - TECLADO INGLÉS | ARCTIC GREY,5249.0,6039.0,1548.38,2026-08-05,13,PEN,,,Ripley PE,https://simple.ripley.com.pe/laptop-ideapad-slim-3-ryzen-7-lenovo-156-2tb-ssd-16gb-ram-w11-teclado-ingles-arctic-grey-pmp20001280813
20260805_055550,2026-08-05T06:07:36.664273+00:00,ripley_pe,laptops,20001280764,LENOVO,LAPTOP IDEAPAD SLIM 3 RYZEN 7 LENOVO 15.6' 512GB SSD 16GB RAM W10 HOME-TECLADO INGLÉS | ARCTIC GREY,3299.0,4949.0,973.16,2026-08-05,33,PEN,,,Ripley PE,https://simple.ripley.com.pe/laptop-ideapad-slim-3-ryzen-7-lenovo-156-512gb-ssd-16gb-ram-w10-home-teclado-ingles-arctic-grey-pmp20001280764
20260805_055550,2026-08-05T06:07:36.665273+00:00,ripley_pe,laptops,20001280798,LENOVO,LAPTOP IDEAPAD 1I I5-1334U LENOVO 15.6' 512GB SSD 16GB RAM W11 - TECLADO INGLÉS | ABYSS BLUE,2599.0,6499.0,766.67,2026-08-05,60,PEN,,,Ripley PE,https://simple.ripley.com.pe/laptop-ideapad-1i-i5-1334u-lenovo-156-512gb-ssd-16gb-ram-w11-teclado-ingles-abyss-blue-pmp20001280798
20260805_055550,2026-08-05T06:07:36.667337+00:00,ripley_pe,laptops,00003146221,RAZER,"LAPTOP RAZER BLADE PRO 17 2020 INTEL CORE I7 16GB RAM 1TB SSD NVIDIA GEFORCE RTX 17.3"" NEGRO-TECLADO INGLES",22839.0,32629.0,6737.17,2026-08-05,30,PEN,,,Ripley PE,https://simple.ripley.com.pe/laptop-razer-blade-pro-17-2020-intel-core-i7-16gb-ram-1tb-ssd-nvidia-geforce-rtx-173-negro-teclado-ingles-pmp00003146221
20260805_055550,2026-08-05T06:07:36.668351+00:00,ripley_pe,laptops,20001352291,APPLE,NUEVA MACBOOK AIR M5 13” 16GB RAM + 512GB (TECLADO INGLES) - STARLIGHT (2026) + REGALO,6099.0,6599.0,1799.12,2026-08-05,8,PEN,,,Ripley PE,https://simple.ripley.com.pe/nueva-macbook-air-m5-13-16gb-ram-512gb-teclado-ingles-starlight-2026-regalo-pmp20001352291
20260805_055550,2026-08-05T06:07:36.668351+00:00,ripley_pe,laptops,20001088365,LENOVO,MI PC LISTA - LAPTOP LENOVO LOQ 15IAX9 15.6'' CORE I5 12450HX 32GB DDR5 500GB RTX 3050 6GB GDDR6 MIPCLISTA,5099.0,7099.0,1504.13,2026-08-05,28,PEN,,,Ripley PE,https://simple.ripley.com.pe/mi-pc-lista-laptop-lenovo-loq-15iax9-156-core-i5-12450hx-32gb-ddr5-500gb-rtx-3050-6gb-gddr6-mipclista-pmp20001088365
20260805_055550,2026-08-05T06:07:36.669341+00:00,ripley_pe,laptops,20000288312,ACER,LAPTOP ACER ASPIRE 3 A315-24P-R2SC R5 7520U,2670.0,4320.92,787.61,2026-08-05,38,PEN,,,Ripley PE,https://simple.ripley.com.pe/laptop-acer-aspire-3-a315-24p-r2sc-r5-7520u-pmp20000288312
20260805_055550,2026-08-05T06:07:36.669341+00:00,ripley_pe,laptops,20001175696,APPLE,MACBOOK PRO M5 14' 2025 24GB RAM 1TB SSD APPLE - TECLADO INGLÉS | SPACE BLACK,11149.0,15929.0,3288.79,2026-08-05,30,PEN,,,Ripley PE,https://simple.ripley.com.pe/macbook-pro-m5-14-2025-24gb-ram-1tb-ssd-apple-teclado-ingles-space-black-pmp20001175696
20260805_055550,2026-08-05T06:07:36.670347+00:00,ripley_pe,laptops,20001475991,HP,LAPTOP HP 15-FD0276LA CORE I7-1355U  16GB RAM  512GB SSD  15.6” FHD - B9TZ2LA,3299.0,3729.0,973.16,2026-08-05,12,PEN,,,Ripley PE,https://simple.ripley.com.pe/laptop-hp-15-fd0276la-core-i7-1355u-16gb-ram-512gb-ssd-156-fhd-b9tz2la-pmp20001475991
20260805_055550,2026-08-05T06:07:36.671340+00:00,ripley_pe,laptops,00003380708,MICROSOFT,"LAPTOP MICROSOFT SURFACE PRO 8 INTEL® EVO PLATFORM CORE™ I5 16GB RAM 256GB SSD 13"" GRAPHITE",6755.0,8106.0,1992.63,2026-08-05,17,PEN,,,Ripley PE,https://simple.ripley.com.pe/laptop-microsoft-surface-pro-8-intel-evo-platform-core-i5-16gb-ram-256gb-ssd-13-graphite-pmp00003380708
20260805_055550,2026-08-05T06:07:36.672342+00:00,ripley_pe,laptops,20001516647,ASUS,LAPTOP ASUS CORE I5-210H / RAM 16GB DDR5 SSD 512GB / PANTALLA 15.6 FHD - 90NX0881-M02P90,2649.0,3769.0,781.42,2026-08-05,30,PEN,,,Ripley PE,https://simple.ripley.com.pe/laptop-asus-core-i5-210h-ram-16gb-ddr5-ssd-512gb-pantalla-156-fhd-90nx0881-m02p90-pmp20001516647
20260805_055550,2026-08-05T06:07:36.673351+00:00,ripley_pe,laptops,20001351156,APPLE,MACBOOK PRO 14.2' (2026) CHIP M5 PRO 24GB RAM 1TB SSD 15CORE CPU 16CORE GPU | PLATA - TECLADO INGLÉS,10999.0,12649.0,3244.54,2026-08-05,13,PEN,,,Ripley PE,https://simple.ripley.com.pe/macbook-pro-142-2026-chip-m5-pro-24gb-ram-1tb-ssd-15core-cpu-16core-gpu-plata-teclado-ingles-pmp20001351156
20260805_055550,2026-08-05T06:07:36.674332+00:00,ripley_pe,laptops,20001389460,LENOVO,"LAPTOP LENOVO SLIM3 15IRH10 I5-13420H, 8GB RAM, 512GB SSD, SIN WINDOWS, 15.3' (83K100KELM)",2259.0,2969.0,666.37,2026-08-05,24,PEN,,,Ripley PE,https://simple.ripley.com.pe/laptop-lenovo-slim3-15irh10-i5-13420h-8gb-ram-512gb-ssd-sin-windows-153-83k100kelm-pmp20001389460
20260805_055550,2026-08-05T06:07:36.675341+00:00,ripley_pe,laptops,20001242277,LENOVO,LAPTOP LENOVO V15 G5 I3 1315U 8GB RAM 512GB SSD 15.6 PULGADAS FREEDOS,2279.0,3419.0,672.27,2026-08-05,33,PEN,,,Ripley PE,https://simple.ripley.com.pe/laptop-lenovo-v15-g5-i3-1315u-8gb-ram-512gb-ssd-156-pulgadas-freedos-pmp20001242277
20260805_055550,2026-08-05T06:07:36.676333+00:00,ripley_pe,laptops,20000733576,LENOVO,LAPTOP LENOVO YOGA BOOK 9 13IRU8 13 CORE I7-1355U RAM 16GB WIN 11 HOME,8800.0,,2595.87,2026-08-05,,PEN,,,Ripley PE,https://simple.ripley.com.pe/laptop-lenovo-yoga-book-9-13iru8-13-core-i7-1355u-ram-16gb-win-11-home-pmp20000733576
20260805_055550,2026-08-05T06:07:36.676333+00:00,ripley_pe,laptops,20001242214,LENOVO,LAPTOP LENOVO THINKPAD L16 INTEL CORE I5 16GB RAM SSD 512GB 16 PULGADAS FULL HD WINDOWS 11 PRO,7969.0,11959.0,2350.74,2026-08-05,33,PEN,,,Ripley PE,https://simple.ripley.com.pe/laptop-lenovo-thinkpad-l16-intel-core-i5-16gb-ram-ssd-512gb-16-pulgadas-full-hd-windows-11-pro-pmp20001242214
20260805_055550,2026-08-05T06:07:36.677352+00:00,ripley_pe,laptops,20000989263,HP,"LAPTOP HP 250 G10 / 15.6' HD LED / CORE I7-1355U, 5.0GHZ, 10 NÚCLEOS / 8GB DDR4, 512GB SSD/ FREEDOS",2909.0,3309.0,858.11,2026-08-05,12,PEN,,,Ripley PE,https://simple.ripley.com.pe/laptop-hp-250-g10-156-hd-led-core-i7-1355u-50ghz-10-nucleos-8gb-ddr4-512gb-ssd-freedos-pmp20000989263
20260805_055550,2026-08-05T06:07:36.678333+00:00,ripley_pe,laptops,20001490358,APPLE,"MACBOOK PRO 14”  ( M5 )  16GB, 512GB - SPACE BLACK + REGALO",8399.0,8899.0,2477.58,2026-08-05,6,PEN,,,Ripley PE,https://simple.ripley.com.pe/macbook-pro-14-m5-16gb-512gb-space-black-regalo-pmp20001490358
20260805_055550,2026-08-05T06:07:36.679348+00:00,ripley_pe,laptops,20001534650,HP,LAPTOP ASUS VIVOBOOK X1504VA-E84465 15.6' TOUCH INTEL CORE 5-120U 24GB SSD512,3359.0,3689.0,990.86,2026-08-05,9,PEN,,,Ripley PE,https://simple.ripley.com.pe/laptop-asus-vivobook-x1504va-e84465-156-touch-intel-core-5-120u-24gb-ssd512-pmp20001534650
20260805_055550,2026-08-05T06:07:36.679348+00:00,ripley_pe,laptops,20001062757,LENOVO,LAPTOP LENOVO THINKBOOK 16 G8 IRL 21SH009QLD 16 PULGADAS PRODUCTIVIDAD EMPRESARIAL,5069.0,7609.0,1495.28,2026-08-05,33,PEN,,,Ripley PE,https://simple.ripley.com.pe/laptop-lenovo-thinkbook-16-g8-irl-21sh009qld-16-pulgadas-productividad-empresarial-pmp20001062757
20260805_055550,2026-08-05T06:07:36.680351+00:00,ripley_pe,laptops,20001280761,LENOVO,LAPTOP IDEAPAD SLIM 3 RYZEN 7 LENOVO 15.6' 512GB SSD 16GB RAM W10 PRO-TECLADO INGLÉS | ARCTIC GREY,4199.0,4829.0,1238.64,2026-08-05,13,PEN,,,Ripley PE,https://simple.ripley.com.pe/laptop-ideapad-slim-3-ryzen-7-lenovo-156-512gb-ssd-16gb-ram-w10-pro-teclado-ingles-arctic-grey-pmp20001280761
20260805_055550,2026-08-05T06:07:36.681335+00:00,ripley_pe,laptops,20000192602,LENOVO,"LAPTOP LENOVO IDEAPAD SLIM 3 15IAN8 I3 N305 3.80GHZ 8GB RAM 512GB SSD 15.6"" 82XB003MLM SLIM3 M.2 FREEDOS",1779.0,,524.78,2026-08-05,,PEN,,,Ripley PE,https://simple.ripley.com.pe/laptop-lenovo-ideapad-slim-3-15ian8-i3-n305-380ghz-8gb-ram-512gb-ssd-156-82xb003mlm-slim3-m2-freedos-pmp20000192602
20260805_055550,2026-08-05T06:07:36.681335+00:00,ripley_pe,laptops,20001216345,LENOVO,"LAPTOP LENOVO THINKPAD P16V GEN 2 - INTEL CORE ULTRA 9 VPRO, 32GB RAM, 1TB SSD, 16' WUXGA, WINDOWS 11 PRO",16809.0,25219.0,4958.41,2026-08-05,33,PEN,,,Ripley PE,https://simple.ripley.com.pe/laptop-lenovo-thinkpad-p16v-gen-2-intel-core-ultra-9-vpro-32gb-ram-1tb-ssd-16-wuxga-windows-11-pro-pmp20001216345
20260805_055550,2026-08-05T06:07:36.681335+00:00,ripley_pe,laptops,20000106845,ACER,"LAPTOP ACER ASPIRE 3 SPIN 14 INTEL CORE I3-N305 8GB RAM 128GB SSD PANTALLA TOUCH 14"", GRÁFICOS UHD, LPDDR5, A3SP14-31PT-37NV",3649.0,5219.0,1076.4,2026-08-05,30,PEN,,,Ripley PE,https://simple.ripley.com.pe/laptop-acer-aspire-3-spin-14-intel-core-i3-n305-8gb-ram-128gb-ssd-pantalla-touch-14-graficos-uhd-lpddr5-a3sp14-31pt-37nv-pmp20000106845
20260805_055550,2026-08-05T06:07:36.682352+00:00,ripley_pe,laptops,20000106871,ACER,"LAPTOP ACER ASPIRE 5 A515-56-347N INTEL I3-1115 8GB RAM 128GB SSD NVME 15.6"" FULL HD,DDR4 PLATEADO",1849.0,2129.0,545.43,2026-08-05,13,PEN,,,Ripley PE,https://simple.ripley.com.pe/laptop-acer-aspire-5-a515-56-347n-intel-i3-1115-8gb-ram-128gb-ssd-nvme-156-full-hdddr4-plateado-pmp20000106871
20260805_055550,2026-08-05T06:07:36.682352+00:00,ripley_pe,laptops,20001280787,ACER,LAPTOP ASPIRE GO 15 I5-1334U ACER 15.3' 512GB SSD PCIE 8GB RAM W11 - TECLADO INGLÉS | GRIS,2899.0,3339.0,855.16,2026-08-05,13,PEN,,,Ripley PE,https://simple.ripley.com.pe/laptop-aspire-go-15-i5-1334u-acer-153-512gb-ssd-pcie-8gb-ram-w11-teclado-ingles-gris-pmp20001280787
20260805_055550,2026-08-05T06:07:36.683333+00:00,ripley_pe,laptops,20001341410,LENOVO,LAPTOP LENOVO LOQ 15IRX10 INTEL CORE I7 16GB 512GB SSD RTX 5050 15.6 FHD 144HZ,6609.0,,1949.56,2026-08-05,,PEN,,,Ripley PE,https://simple.ripley.com.pe/laptop-lenovo-loq-15irx10-intel-core-i7-16gb-512gb-ssd-rtx-5050-156-fhd-144hz-pmp20001341410
20260805_055550,2026-08-05T06:07:36.684341+00:00,ripley_pe,laptops,20001352204,LENOVO,LAPTOP LENOVO V15 G4 AMD RYZEN 7 8GB RAM 512GB SSD 15.6' FHD WINDOWS 11,4329.0,,1276.99,2026-08-05,,PEN,,,Ripley PE,https://simple.ripley.com.pe/laptop-lenovo-v15-g4-amd-ryzen-7-8gb-ram-512gb-ssd-156-fhd-windows-11-pmp20001352204
20260805_055550,2026-08-05T06:07:36.685338+00:00,ripley_pe,laptops,20001351153,APPLE,MACBOOK AIR 15.3' (2026) CHIP M5 16GB RAM 512GB SSD | STARLIGHT - TECLADO INGLÉS,6799.0,7819.0,2005.6,2026-08-05,13,PEN,,,Ripley PE,https://simple.ripley.com.pe/macbook-air-153-2026-chip-m5-16gb-ram-512gb-ssd-starlight-teclado-ingles-pmp20001351153
20260805_055550,2026-08-05T06:07:36.685338+00:00,ripley_pe,laptops,00003548023,ASUS,"LAPTOP GAMER ASUS INTEL CORE I7-13650HX 16GB 512GB SSD GEFORCE RTX 4060 16"" ROG STRIX G16 2023 FHD 165HZ DDR5 PCIE WI-FI 6E",9829.0,14049.0,2899.41,2026-08-05,30,PEN,,,Ripley PE,https://simple.ripley.com.pe/laptop-gamer-asus-intel-core-i7-13650hx-16gb-512gb-ssd-geforce-rtx-4060-16-rog-strix-g16-2023-fhd-165hz-ddr5-pcie-wi-fi-6e-pmp00003548023
20260805_055550,2026-08-05T06:07:41.467631+00:00,ripley_pe,laptops,20000231128,ASUS,LAPTOP GAMER ASUS TUF GAMING 16GB 1TB SSD F15 DDR4 PCLE,8289.03,13921.35,2445.14,2026-08-05,40,PEN,,,Ripley PE,https://simple.ripley.com.pe/laptop-gamer-asus-tuf-gaming-16gb-1tb-ssd-f15-ddr4-pcle-pmp20000231128
20260805_055550,2026-08-05T06:07:41.468148+00:00,ripley_pe,laptops,20000231117,ASUS,LAPTOP GAMER ASUS TUF GAMING RYZEN 9 RTX4070 A17 2023,9990.29,16813.5,2946.99,2026-08-05,41,PEN,,,Ripley PE,https://simple.ripley.com.pe/laptop-gamer-asus-tuf-gaming-ryzen-9-rtx4070-a17-2023-pmp20000231117
20260805_055550,2026-08-05T06:07:41.469163+00:00,ripley_pe,laptops,20001024262,LENOVO,LAPTOP IDEAPAD SLIM 3 16IRH10 INTEL CORE I7 16GB 512GB WUXGA 16',3499.0,4699.0,1032.15,2026-08-05,26,PEN,,,Ripley PE,https://simple.ripley.com.pe/laptop-ideapad-slim-3-16irh10-intel-core-i7-16gb-512gb-wuxga-16-pmp20001024262
20260805_055550,2026-08-05T06:07:41.469163+00:00,ripley_pe,laptops,20000490064,GIGABYTE,LAPTOP GIGABYTE G6X 9KG-43US864SH G6X (2024) 16' I7-13650HX RTX 4060 1TB SSD 32GB RAM,6775.0,8130.0,1998.53,2026-08-05,17,PEN,,,Ripley PE,https://simple.ripley.com.pe/laptop-gigabyte-g6x-9kg-43us864sh-g6x-2024-16-i7-13650hx-rtx-4060-1tb-ssd-32gb-ram-pmp20000490064
20260805_055550,2026-08-05T06:07:41.471163+00:00,ripley_pe,laptops,20000874131,LENOVO,LAPTOP LENOVO V15 G4 IRU INTEL CORE I3-1315U 8GB RAM 512GB SSD 15.6” FHD,2049.0,2999.0,604.42,2026-08-05,32,PEN,,,Ripley PE,https://simple.ripley.com.pe/laptop-lenovo-v15-g4-iru-intel-core-i3-1315u-8gb-ram-512gb-ssd-156-fhd-pmp20000874131
20260805_055550,2026-08-05T06:07:41.472163+00:00,ripley_pe,laptops,20000136133,DELL,"LAPTOP DELL VOSTRO 3400 INTEL CORE I5-1135 4GB RAM 1TB HDD 14"" HD FREEDOS 445CX",2350.0,3230.0,693.22,2026-08-05,27,PEN,,,Ripley PE,https://simple.ripley.com.pe/laptop-dell-vostro-3400-intel-core-i5-1135-4gb-ram-1tb-hdd-14-hd-freedos-445cx-pmp20000136133
20260805_055550,2026-08-05T06:07:41.472163+00:00,ripley_pe,laptops,20000846165,LENOVO,LAPTOP LENOVO V15-G4 CORE I5-13420H 156 FULLHD RAM 16GB SSD 512GB M2,2359.9,2360.0,696.14,2026-08-05,,PEN,,,Ripley PE,https://simple.ripley.com.pe/laptop-lenovo-v15-g4-core-i5-13420h-156-fullhd-ram-16gb-ssd-512gb-m2-pmp20000846165
20260805_055550,2026-08-05T06:07:41.473162+00:00,ripley_pe,laptops,20001534632,ASUS,LAPTOP ASUS VIVOBOOK 15 X1504VA-E84630 15.6' FHD IPS  TOUCH CORE 5-120U  16GB DDR5 512GB SSD MOUSE + MOCHILA,2909.0,3519.0,858.11,2026-08-05,17,PEN,,,Ripley PE,https://simple.ripley.com.pe/laptop-asus-vivobook-15-x1504va-e84630-156-fhd-ips-touch-core-5-120u-16gb-ddr5-512gb-ssd-mouse-mochila-pmp20001534632
20260805_055550,2026-08-05T06:07:41.474163+00:00,ripley_pe,laptops,20001064466,LENOVO,"LAPTOP LENOVO IDEAPAD SLIM 3, RYZEN 5 7520U, 8GB RAM, 512GB SSD, 15.6' CON AMD RADEON 610M",2609.0,3919.0,769.62,2026-08-05,33,PEN,,,Ripley PE,https://simple.ripley.com.pe/laptop-lenovo-ideapad-slim-3-ryzen-5-7520u-8gb-ram-512gb-ssd-156-con-amd-radeon-610m-pmp20001064466
20260805_055550,2026-08-05T06:07:41.475162+00:00,ripley_pe,laptops,20001499289,LENOVO,LAPTOP LENOVO V15 G5 IRL 15.6 FHD INTEL CORE I3-1315U 8GB RAM 256GB SSD,1849.0,2299.0,545.43,2026-08-05,20,PEN,,,Ripley PE,https://simple.ripley.com.pe/laptop-lenovo-v15-g5-irl-156-fhd-intel-core-i3-1315u-8gb-ram-256gb-ssd-pmp20001499289
20260805_055550,2026-08-05T06:07:41.476166+00:00,ripley_pe,laptops,20000201242,LENOVO,"LAPTOP LENOVO V15 G4 AMN (82YU00XYLM) AMD RYZEN 5 7520U 16GB RAM 512GB SSD 15.6"" AMN, FHD TN / WIND",2789.0,,822.71,2026-08-05,,PEN,,,Ripley PE,https://simple.ripley.com.pe/laptop-lenovo-v15-g4-amn-82yu00xylm-amd-ryzen-5-7520u-16gb-ram-512gb-ssd-156-amn-fhd-tn-wind-pmp20000201242
20260805_055550,2026-08-05T06:07:41.476166+00:00,ripley_pe,laptops,20000316277,HP,"LAPTOP HP 15-FC0011LA AMD RYZEN 7-7730U8GB RAM 512GB SSD 15.6"" WIND / AZUL/ FHD- 802N0LA",3699.0,,1091.15,2026-08-05,,PEN,,,Ripley PE,https://simple.ripley.com.pe/laptop-hp-15-fc0011la-amd-ryzen-7-7730u8gb-ram-512gb-ssd-156-wind-azul-fhd-802n0la-pmp20000316277
20260805_055550,2026-08-05T06:07:41.477163+00:00,ripley_pe,laptops,20001133092,LENOVO,"LENOVO IDEAPAD SLIM 3 DE 15.3' WUXGA IPS - LAPTOP CORE I7 13620H, 16GB RAM, ALTO RENDIMIENTO",3989.0,5989.0,1176.7,2026-08-05,33,PEN,,,Ripley PE,https://simple.ripley.com.pe/lenovo-ideapad-slim-3-de-153-wuxga-ips-laptop-core-i7-13620h-16gb-ram-alto-rendimiento-pmp20001133092
20260805_055550,2026-08-05T06:07:41.478162+00:00,ripley_pe,laptops,20001238543,LENOVO,LAPTOP THINKPAD E14 G7 RYZEN 7 250 16GB 512GB WUXGA 14',5999.0,,1769.62,2026-08-05,,PEN,,,Ripley PE,https://simple.ripley.com.pe/laptop-thinkpad-e14-g7-ryzen-7-250-16gb-512gb-wuxga-14-pmp20001238543
20260805_055550,2026-08-05T06:07:41.478162+00:00,ripley_pe,laptops,00003146189,RAZER,"LAPTOP RAZER BLADE 15 2020 INTEL CORE I7 16GB RAM 512GB SSD NVIDIA GEFORCE RTX 15.6"" NEGRO-TECLADO INGLES",11139.0,15919.0,3285.84,2026-08-05,30,PEN,,,Ripley PE,https://simple.ripley.com.pe/laptop-razer-blade-15-2020-intel-core-i7-16gb-ram-512gb-ssd-nvidia-geforce-rtx-156-negro-teclado-ingles-pmp00003146189
20260805_055550,2026-08-05T06:07:41.479163+00:00,ripley_pe,laptops,20001212010,HP,LAPTOP HP 15-FD0253LA INTEL CORE I5-1334U 8GB DDR4 512GB SSD INTEL GRAPHICS 15.6 FHD WINDOWS 11 HOME,2300.0,2999.0,678.47,2026-08-05,23,PEN,,,Ripley PE,https://simple.ripley.com.pe/laptop-hp-15-fd0253la-intel-core-i5-1334u-8gb-ddr4-512gb-ssd-intel-graphics-156-fhd-windows-11-home-pmp20001212010
20260805_055550,2026-08-05T06:07:41.479163+00:00,ripley_pe,laptops,20001475919,HP,LAPTOP HP 255R G10 RYZEN 7 7735U / 16GB RAM / 512GB SSD / 15.6” FHD – B77CBLT#ABM,2899.0,3879.0,855.16,2026-08-05,25,PEN,,,Ripley PE,https://simple.ripley.com.pe/laptop-hp-255r-g10-ryzen-7-7735u-16gb-ram-512gb-ssd-156-fhd-b77cbltabm-pmp20001475919
20260805_055550,2026-08-05T06:07:41.480162+00:00,ripley_pe,laptops,20001280802,LENOVO,LAPTOP IDEAPAD SLIM 3 RYZEN 7 LENOVO 15.6' 512GB SSD 16GB RAM W11 PRO-TECLADO INGLÉS | ARCTIC GREY,3599.0,4139.0,1061.65,2026-08-05,13,PEN,,,Ripley PE,https://simple.ripley.com.pe/laptop-ideapad-slim-3-ryzen-7-lenovo-156-512gb-ssd-16gb-ram-w11-pro-teclado-ingles-arctic-grey-pmp20001280802
20260805_055550,2026-08-05T06:07:41.480162+00:00,ripley_pe,laptops,20001092516,HP,LAPTOP HP OMNIBOOK 5 FLIP 14-FP0013DX INTEL CORE 5 120U 8GB RAM 512GB SSD 14' 2K TOUCH - SILVER,3099.0,3499.0,914.16,2026-08-05,11,PEN,,,Ripley PE,https://simple.ripley.com.pe/laptop-hp-omnibook-5-flip-14-fp0013dx-intel-core-5-120u-8gb-ram-512gb-ssd-14-2k-touch-silver-pmp20001092516
20260805_055550,2026-08-05T06:07:41.481162+00:00,ripley_pe,laptops,20000157049,LENOVO,LAPTOP LENOVO V15 G4 AMN - 82YU00X4LM RYZEN 3-7320U 8GB RAM 256GB SSD LPDDR5 BUS 4800MHZ FHD WINDOWS,1899.0,,560.18,2026-08-05,,PEN,,,Ripley PE,https://simple.ripley.com.pe/laptop-lenovo-v15-g4-amn-82yu00x4lm-ryzen-3-7320u-8gb-ram-256gb-ssd-lpddr5-bus-4800mhz-fhd-windows-pmp20000157049
20260805_055550,2026-08-05T06:07:41.481162+00:00,ripley_pe,laptops,20001366858,LENOVO,LAPTOP LENOVO 14' G4 FHD CORE I7 8GB RAM 256GB | NEGRO,2579.0,2969.0,760.77,2026-08-05,13,PEN,,,Ripley PE,https://simple.ripley.com.pe/laptop-lenovo-14-g4-fhd-core-i7-8gb-ram-256gb-negro-pmp20001366858
20260805_055550,2026-08-05T06:07:41.482162+00:00,ripley_pe,laptops,20001537866,HP,LAPTOP HP OMNIBOOK 3 16-BZ0010WM 16' SNAPDRAGON X 512GB SSD 16GB,2730.0,2948.0,805.31,2026-08-05,7,PEN,,,Ripley PE,https://simple.ripley.com.pe/laptop-hp-omnibook-3-16-bz0010wm-16-snapdragon-x-512gb-ssd-16gb-pmp20001537866
20260805_055550,2026-08-05T06:07:41.483162+00:00,ripley_pe,laptops,20001510517,HP,"LAPTOP HP 15-FC0287LA RYZEN7- 7730U, 8GB RAM, 512GB SSD, W11H, 15.6' (C92PXLA)",2869.0,3899.0,846.31,2026-08-05,26,PEN,,,Ripley PE,https://simple.ripley.com.pe/laptop-hp-15-fc0287la-ryzen7-7730u-8gb-ram-512gb-ssd-w11h-156-c92pxla-pmp20001510517
20260805_055550,2026-08-05T06:07:41.483162+00:00,ripley_pe,laptops,20001456234,LENOVO,LAPTOP LENOVO V15 G5 IRL INTEL CORE I3 1315U 8GB RAM 256GB SSD M.2 15.6 FHD FREEDOS,1849.0,2039.0,545.43,2026-08-05,9,PEN,,,Ripley PE,https://simple.ripley.com.pe/laptop-lenovo-v15-g5-irl-intel-core-i3-1315u-8gb-ram-256gb-ssd-m2-156-fhd-freedos-pmp20001456234
20260805_055550,2026-08-05T06:07:41.484162+00:00,ripley_pe,laptops,20001463980,LENOVO,LAPTOP LENOVO V15 G5 IRL INTEL CORE I5 13420H RAM 8GB DISCO 512GB SSD 15.6 FHD FREEDOS 83GW005LLD,2390.0,3200.0,705.01,2026-08-05,25,PEN,,,Ripley PE,https://simple.ripley.com.pe/laptop-lenovo-v15-g5-irl-intel-core-i5-13420h-ram-8gb-disco-512gb-ssd-156-fhd-freedos-83gw005lld-pmp20001463980
20260805_055550,2026-08-05T06:07:41.485167+00:00,ripley_pe,laptops,20001351150,APPLE,MACBOOK PRO 16.2' (2026) CHIP M5 PRO 24GB RAM 1TB SSD 18CORE CPU 20CORE GPU | PLATA - TECLADO INGLÉS,12799.0,14719.0,3775.52,2026-08-05,13,PEN,,,Ripley PE,https://simple.ripley.com.pe/macbook-pro-162-2026-chip-m5-pro-24gb-ram-1tb-ssd-18core-cpu-20core-gpu-plata-teclado-ingles-pmp20001351150
20260805_055550,2026-08-05T06:07:41.485167+00:00,ripley_pe,laptops,20001491901,ACER,LAPTOP ACER ASPIRE 5 I9-13900H 15.6' FHD IPS 16GB RAM DDR5 512GB DISCO STEEL GRAY FREEDOS,3359.0,3759.0,990.86,2026-08-05,11,PEN,,,Ripley PE,https://simple.ripley.com.pe/laptop-acer-aspire-5-i9-13900h-156-fhd-ips-16gb-ram-ddr5-512gb-disco-steel-gray-freedos-pmp20001491901
20260805_055550,2026-08-05T06:07:41.486163+00:00,ripley_pe,laptops,20001280817,ASUS,LAPTOP VIVOBOOK 14X I5-1334U ASUS 14' 256GB SSD 12GB RAM W11 - TECLADO INGLÉS,2999.0,3449.0,884.66,2026-08-05,13,PEN,,,Ripley PE,https://simple.ripley.com.pe/laptop-vivobook-14x-i5-1334u-asus-14-256gb-ssd-12gb-ram-w11-teclado-ingles-pmp20001280817
20260805_055550,2026-08-05T06:07:41.486163+00:00,ripley_pe,laptops,20001515725,LENOVO,LAPTOP LENOVO IDEAPAD SLIM 3 15AMN8 RYZEN 3 7320U/ 8GB RAM / 512GB SSD/ 15.6” FHD-82XQ00YNLM,1929.0,2169.0,569.03,2026-08-05,11,PEN,,,Ripley PE,https://simple.ripley.com.pe/laptop-lenovo-ideapad-slim-3-15amn8-ryzen-3-7320u-8gb-ram-512gb-ssd-156-fhd-82xq00ynlm-pmp20001515725
20260805_055550,2026-08-05T06:07:41.487163+00:00,ripley_pe,laptops,20000288281,DELL,LAPTOP DELL INSPIRON 3511 12GB RAM 256GB SSD,3060.0,5035.5,902.65,2026-08-05,39,PEN,,,Ripley PE,https://simple.ripley.com.pe/laptop-dell-inspiron-3511-12gb-ram-256gb-ssd-pmp20000288281
20260805_055550,2026-08-05T06:07:41.487163+00:00,ripley_pe,laptops,20001242288,LENOVO,LAPTOP LENOVO THINKPAD L14 G6 INTEL I7 16GB RAM 1TB SSD 14 PULGADAS WINDOWS 11 PRO,10099.0,15149.0,2979.06,2026-08-05,33,PEN,,,Ripley PE,https://simple.ripley.com.pe/laptop-lenovo-thinkpad-l14-g6-intel-i7-16gb-ram-1tb-ssd-14-pulgadas-windows-11-pro-pmp20001242288
20260805_055550,2026-08-05T06:07:41.488163+00:00,ripley_pe,laptops,20000490068,ACER,LAPTOP ACER  PREDATOR TRITON NEO 16   16' WQXGA 240HZ   INTEL CORE I7   NVIDIA RTX 4060   16GB   1TB SSD,7720.0,9264.0,2277.29,2026-08-05,17,PEN,,,Ripley PE,https://simple.ripley.com.pe/laptop-acer-predator-triton-neo-16-16-wqxga-240hz-intel-core-i7-nvidia-rtx-4060-16gb-1tb-ssd-pmp20000490068
20260805_055550,2026-08-05T06:07:41.488163+00:00,ripley_pe,laptops,20001345600,LENOVO,LAPTOP LENOVO IDEAPAD SLIM 3 15IAH8 CORE I5-12450H 16GB RAM/ 512 SSD/ 15.6' FHD - 83ER00N8LM,3339.0,,984.96,2026-08-05,,PEN,,,Ripley PE,https://simple.ripley.com.pe/laptop-lenovo-ideapad-slim-3-15iah8-core-i5-12450h-16gb-ram-512-ssd-156-fhd-83er00n8lm-pmp20001345600
20260805_055550,2026-08-05T06:07:41.489162+00:00,ripley_pe,laptops,20001075182,LENOVO,"LAPTOP LENOVO IDEAPAD SLIM 3 CORE I7-13620H 15.3' FULLHD, 16GB, SSD 1TB",3479.9,3480.0,1026.52,2026-08-05,,PEN,,,Ripley PE,https://simple.ripley.com.pe/laptop-lenovo-ideapad-slim-3-core-i7-13620h-153-fullhd-16gb-ssd-1tb-pmp20001075182
20260805_055550,2026-08-05T06:07:41.489162+00:00,ripley_pe,laptops,00003356646,ACER,ACER NITRO 5 LAPTOP GAMER AN517-41-R0RZ 17.3' 16:9 FHD RYZEN 7 5800H 16GB RAM 1TB SSD RTX 3060 BLACK (2021),7535.0,9201.5,2222.71,2026-08-05,18,PEN,,,Ripley PE,https://simple.ripley.com.pe/acer-nitro-5-laptop-gamer-an517-41-r0rz-173-169-fhd-ryzen-7-5800h-16gb-ram-1tb-ssd-rtx-3060-black-2021-pmp00003356646
20260805_055550,2026-08-05T06:07:41.490162+00:00,ripley_pe,laptops,20001355921,APPLE,APPLE MACBOOK AIR 13″ CHIP M5 512GB SSD 16GB RAM LIQUID RETINA - TECLADO INGLÉS + REGALO,5699.0,6499.0,1681.12,2026-08-05,12,PEN,,,Ripley PE,https://simple.ripley.com.pe/apple-macbook-air-13-chip-m5-512gb-ssd-16gb-ram-liquid-retina-teclado-ingles-regalo-pmp20001355921
20260805_055550,2026-08-05T06:07:41.491165+00:00,ripley_pe,laptops,20001490362,APPLE,"MACBOOK PRO 14”  ( M5 )  16GB, 1TB - SPACE BLACK",8699.0,9399.0,2566.08,2026-08-05,7,PEN,,,Ripley PE,https://simple.ripley.com.pe/macbook-pro-14-m5-16gb-1tb-space-black-pmp20001490362
20260805_055550,2026-08-05T06:07:41.491165+00:00,ripley_pe,laptops,20001490366,APPLE,"MACBOOK PRO 14”  ( M5 )  16GB, 1TB - SPACE BLACK + REGALO",8699.0,9499.0,2566.08,2026-08-05,8,PEN,,,Ripley PE,https://simple.ripley.com.pe/macbook-pro-14-m5-16gb-1tb-space-black-regalo-pmp20001490366
20260805_055550,2026-08-05T06:07:41.492162+00:00,ripley_pe,laptops,20001280758,LENOVO,LAPTOP IDEAPAD SLIM 3 RYZEN 7 LENOVO 15.6' 1TB SSD 16GB RAM W10 PRO - TECLADO INGLÉS | ARCTIC GREY,4499.0,5179.0,1327.14,2026-08-05,13,PEN,,,Ripley PE,https://simple.ripley.com.pe/laptop-ideapad-slim-3-ryzen-7-lenovo-156-1tb-ssd-16gb-ram-w10-pro-teclado-ingles-arctic-grey-pmp20001280758
20260805_055550,2026-08-05T06:07:41.493162+00:00,ripley_pe,laptops,20001475094,HP,LAPTOP HP PROBOOK 450 G8 I5 11VA 16GB RAM 256GB SSD REACONDICIONADA FHD + COOLER + MALETIN + MOUSE,1849.0,3600.0,545.43,2026-08-05,49,PEN,,,Ripley PE,https://simple.ripley.com.pe/laptop-hp-probook-450-g8-i5-11va-16gb-ram-256gb-ssd-reacondicionada-fhd-cooler-maletin-mouse-pmp20001475094
20260805_055550,2026-08-05T06:07:41.494162+00:00,ripley_pe,laptops,20001280782,HP,LAPTOP OMNIBOOK 5 FLIP 14' I7-150U HP 14' 1TB SSD 16GB RAM W11 - TECLADO INGLÉS,5299.0,6099.0,1563.13,2026-08-05,13,PEN,,,Ripley PE,https://simple.ripley.com.pe/laptop-omnibook-5-flip-14-i7-150u-hp-14-1tb-ssd-16gb-ram-w11-teclado-ingles-pmp20001280782
20260805_055550,2026-08-05T06:07:41.495162+00:00,ripley_pe,laptops,20001097966,HP,LAPTOP HP VICTUS 15-FB3021LA AMD RYZEN 7 16GB 512GB RTX4050,4009.0,4799.0,1182.6,2026-08-05,16,PEN,,,Ripley PE,https://simple.ripley.com.pe/laptop-hp-victus-15-fb3021la-amd-ryzen-7-16gb-512gb-rtx4050-pmp20001097966
20260805_055550,2026-08-05T06:07:41.496166+00:00,ripley_pe,laptops,20000222223,APPLE,"MACBOOK AIR CHIP M2 256GB SSD 15"" STARLIGHT",8266.44,13202.95,2438.48,2026-08-05,37,PEN,,,Ripley PE,https://simple.ripley.com.pe/macbook-air-chip-m2-256gb-ssd-15-starlight-pmp20000222223
20260805_055550,2026-08-05T06:07:41.496166+00:00,ripley_pe,laptops,20001193669,LENOVO,"LENOVO THINKPAD T16 GEN 4, 32GB RAM, 1TB SSD, PANTALLA 16', WINDOWS 11 PRO - RENDIMIENTO SUPERIOR",12389.0,18589.0,3654.57,2026-08-05,33,PEN,,,Ripley PE,https://simple.ripley.com.pe/lenovo-thinkpad-t16-gen-4-32gb-ram-1tb-ssd-pantalla-16-windows-11-pro-rendimiento-superior-pmp20001193669
20260805_055550,2026-08-05T06:07:41.498162+00:00,ripley_pe,laptops,20000851724,LENOVO,LAPTOP IDEAPAD 1I 15.6' FHD I5-1235U 16GB RAM 512GB SSD LENOVO | AZUL - TECLADO INGLÉS,2649.0,3049.0,781.42,2026-08-05,13,PEN,,,Ripley PE,https://simple.ripley.com.pe/laptop-ideapad-1i-156-fhd-i5-1235u-16gb-ram-512gb-ssd-lenovo-azul-teclado-ingles-pmp20000851724
20260805_055550,2026-08-05T06:07:41.499162+00:00,ripley_pe,laptops,20001284865,APPLE,MACBOOK PRO 14″ M5 16GB RAM + 512GB SSD (TECLADO INGLES) - SPACE BLACK,8299.0,9999.0,2448.08,2026-08-05,17,PEN,,,Ripley PE,https://simple.ripley.com.pe/macbook-pro-14-m5-16gb-ram-512gb-ssd-teclado-ingles-space-black-pmp20001284865
20260805_055550,2026-08-05T06:07:41.500171+00:00,ripley_pe,laptops,2004347464660,ACER,"LAPTOP ACER ASPIRE LITE  AL15-71P-53N7 INTEL CORE I5-12450H 8GB RAM 512GB SSD 15.6""",1899.0,2899.0,560.18,2026-08-05,34,PEN,,,Ripley PE,https://simple.ripley.com.pe/laptop-acer-aspire-lite-al15-71p-53n7-intel-core-i5-12450h-8gb-ram-512gb-ssd-156-2004347464660p
20260805_055550,2026-08-05T06:07:41.501163+00:00,ripley_pe,laptops,20000222241,APPLE,"MACBOOK PRO M3 512GB SSD 14"" PLATA",9874.25,16106.22,2912.76,2026-08-05,39,PEN,,,Ripley PE,https://simple.ripley.com.pe/macbook-pro-m3-512gb-ssd-14-plata-pmp20000222241
20260805_055550,2026-08-05T06:07:46.472875+00:00,ripley_pe,laptops,20000878165,HP,"LAPTOP HP 250 G10 CORE I7 1355U, 15.6” LCD LED HD SVA, 16GB RAM, 1TB SSD - 9S7D1LS",3399.0,5139.0,1002.65,2026-08-05,34,PEN,,,Ripley PE,https://simple.ripley.com.pe/laptop-hp-250-g10-core-i7-1355u-156-lcd-led-hd-sva-16gb-ram-1tb-ssd-9s7d1ls-pmp20000878165
20260805_055550,2026-08-05T06:07:46.475875+00:00,ripley_pe,laptops,20001284440,HP,LAPTOP REACONDICIONADA HP PROBOOK 450 G8 CORE I7 11VA 16GB RAM 256GB SSD,2195.0,,647.49,2026-08-05,,PEN,,,Ripley PE,https://simple.ripley.com.pe/laptop-reacondicionada-hp-probook-450-g8-core-i7-11va-16gb-ram-256gb-ssd-pmp20001284440
20260805_055550,2026-08-05T06:07:46.476377+00:00,ripley_pe,laptops,20000857857,DELL,LAPTOP DELL 3410 14' CORE I5/10MA 8GB RAM 512GB SSD REACONDICIONADA,1800.0,,530.97,2026-08-05,,PEN,,,Ripley PE,https://simple.ripley.com.pe/laptop-dell-3410-14-core-i510ma-8gb-ram-512gb-ssd-reacondicionada-pmp20000857857
20260805_055550,2026-08-05T06:07:46.476377+00:00,ripley_pe,laptops,20001516571,ASUS,LAPTOP ASUS F1504VAP-NB71T TOUCH SCREEN 15.6 ' INTEL CORE I7 512GB SSD 8GB,3354.0,3622.0,989.38,2026-08-05,7,PEN,,,Ripley PE,https://simple.ripley.com.pe/laptop-asus-f1504vap-nb71t-touch-screen-156-intel-core-i7-512gb-ssd-8gb-pmp20001516571
20260805_055550,2026-08-05T06:07:46.477380+00:00,ripley_pe,laptops,20000231118,ASUS,LAPTOP GAMER ASUS TUF GAMING RYZEN 7 RTX 3060 F15 2023,7454.94,12503.39,2199.1,2026-08-05,40,PEN,,,Ripley PE,https://simple.ripley.com.pe/laptop-gamer-asus-tuf-gaming-ryzen-7-rtx-3060-f15-2023-pmp20000231118
20260805_055550,2026-08-05T06:07:46.478380+00:00,ripley_pe,laptops,20001280789,LENOVO,LAPTOP IDEAPAD SLIM 3 RYZEN 7 LENOVO 15.6' 2TB SSD 16GB RAM W10 PRO - TECLADO INGLÉS | ARCTIC GREY,4999.0,5749.0,1474.63,2026-08-05,13,PEN,,,Ripley PE,https://simple.ripley.com.pe/laptop-ideapad-slim-3-ryzen-7-lenovo-156-2tb-ssd-16gb-ram-w10-pro-teclado-ingles-arctic-grey-pmp20001280789
20260805_055550,2026-08-05T06:07:46.478380+00:00,ripley_pe,laptops,20001216246,LENOVO,"LAPTOP LENOVO V15 - INTEL I5, 16GB RAM, 512GB SSD, 15.6' FULL HD, CONECTIVIDAD COMPLETA, GRIS",3099.0,4649.0,914.16,2026-08-05,33,PEN,,,Ripley PE,https://simple.ripley.com.pe/laptop-lenovo-v15-intel-i5-16gb-ram-512gb-ssd-156-full-hd-conectividad-completa-gris-pmp20001216246
20260805_055550,2026-08-05T06:07:46.478380+00:00,ripley_pe,laptops,20001216202,HP,LAPTOP HP 15.6 I5-13 16 1T CON 1TB DE CAPACIDAD,4119.0,6179.0,1215.04,2026-08-05,33,PEN,,,Ripley PE,https://simple.ripley.com.pe/laptop-hp-156-i5-13-16-1t-con-1tb-de-capacidad-pmp20001216202
20260805_055550,2026-08-05T06:07:46.479380+00:00,ripley_pe,laptops,20000222215,APPLE,"MACBOOK AIR CHIP M2 256GB SSD 15"" PLATA",8266.44,13202.95,2438.48,2026-08-05,37,PEN,,,Ripley PE,https://simple.ripley.com.pe/macbook-air-chip-m2-256gb-ssd-15-plata-pmp20000222215
20260805_055550,2026-08-05T06:07:46.479380+00:00,ripley_pe,laptops,20000157730,LENOVO,"LAPTOP LENOVO IDEAPAD 1 15AMN7 AMD RYZEN 5 7520U 8GB RAM 512GB SSD 15"" FULLHD, WIN 10",2969.9,3100.0,876.08,2026-08-05,4,PEN,,,Ripley PE,https://simple.ripley.com.pe/laptop-lenovo-ideapad-1-15amn7-amd-ryzen-5-7520u-8gb-ram-512gb-ssd-15-fullhd-win-10-pmp20000157730
20260805_055550,2026-08-05T06:07:46.480380+00:00,ripley_pe,laptops,20000288323,LENOVO,LAPTOP LENOVO V15 G2 ALC 16GB RAM 1TB SSD,4860.0,7659.69,1433.63,2026-08-05,37,PEN,,,Ripley PE,https://simple.ripley.com.pe/laptop-lenovo-v15-g2-alc-16gb-ram-1tb-ssd-pmp20000288323
20260805_055550,2026-08-05T06:07:46.480380+00:00,ripley_pe,laptops,20000222224,APPLE,"MACBOOK AIR CHIP M2 256GB SSD 15"" GRIS ESPACIAL",8266.44,13202.95,2438.48,2026-08-05,37,PEN,,,Ripley PE,https://simple.ripley.com.pe/macbook-air-chip-m2-256gb-ssd-15-gris-espacial-pmp20000222224
20260805_055550,2026-08-05T06:07:46.481380+00:00,ripley_pe,laptops,20001216230,HP,"HP ZBOOK POWER G11: LAPTOP 16' AMD RYZEN 9, 32GB RAM, 1TB SSD, WINDOWS 11 PRO, IDEAL PARA PROFESIONALES",13209.0,19819.0,3896.46,2026-08-05,33,PEN,,,Ripley PE,https://simple.ripley.com.pe/hp-zbook-power-g11-laptop-16-amd-ryzen-9-32gb-ram-1tb-ssd-windows-11-pro-ideal-para-profesionales-pmp20001216230
20260805_055550,2026-08-05T06:07:46.481380+00:00,ripley_pe,laptops,20001186384,HP,HP 15-FD2360LA AI INTEL ULTRA 5-225U 24GB DDR5 RAM 512GB SSD PCIE INTEL GRAPHICS 15.6 FHD TACTIL 3CELDAS 41WH WIN 11,3250.0,3999.0,958.7,2026-08-05,19,PEN,,,Ripley PE,https://simple.ripley.com.pe/hp-15-fd2360la-ai-intel-ultra-5-225u-24gb-ddr5-ram-512gb-ssd-pcie-intel-graphics-156-fhd-tactil-3celdas-41wh-win-11-pmp20001186384
20260805_055550,2026-08-05T06:07:46.482380+00:00,ripley_pe,laptops,20001247757,ASUS,LAPTOP TUF A15 15.6' RYZEN 7 RTX 3050 32GB 1TB SSD ASUS | NEGRO (TECLADO INGLÉS),6599.0,7589.0,1946.61,2026-08-05,13,PEN,,,Ripley PE,https://simple.ripley.com.pe/laptop-tuf-a15-156-ryzen-7-rtx-3050-32gb-1tb-ssd-asus-negro-teclado-ingles-pmp20001247757
20260805_055550,2026-08-05T06:07:46.482380+00:00,ripley_pe,laptops,20000848278,LENOVO,"MI PC LISTA - LAPTOP Lenovo Legion PRO 5 16IRX9 16"" I9 14900HX 64GB DDR5 1TB  RTX4070 8GB MIPCLISTA",11499.0,18339.0,3392.04,2026-08-05,37,PEN,,,Ripley PE,https://simple.ripley.com.pe/mi-pc-lista-laptop-lenovo-legion-pro-5-16irx9-16-i9-14900hx-64gb-ddr5-1tb-rtx4070-8gb-mipclista-pmp20000848278
20260805_055550,2026-08-05T06:07:46.483381+00:00,ripley_pe,laptops,20001409906,ASUS,LAPTOP ASUS VIVOBOOK 15 X1504VA-E84630 15.6' FHD IPS 1920 X 1080 TOUCH CORE 5-120U,2969.0,4000.0,875.81,2026-08-05,26,PEN,,,Ripley PE,https://simple.ripley.com.pe/laptop-asus-vivobook-15-x1504va-e84630-156-fhd-ips-1920-x-1080-touch-core-5-120u-pmp20001409906
20260805_055550,2026-08-05T06:07:46.483381+00:00,ripley_pe,laptops,20001148434,DELL,"LAPTOP DELL PRO 14 - 16GB RAM, 512GB SSD, RENDIMIENTO ÁGIL, IDEAL PARA TRABAJO Y ESTUDIO",5219.0,7829.0,1539.53,2026-08-05,33,PEN,,,Ripley PE,https://simple.ripley.com.pe/laptop-dell-pro-14-16gb-ram-512gb-ssd-rendimiento-agil-ideal-para-trabajo-y-estudio-pmp20001148434
20260805_055550,2026-08-05T06:07:46.484382+00:00,ripley_pe,laptops,20001284364,LENOVO,LAPTOP LENOVO IDEAPAD SLIM 3 15' FHD+ INTEL I5-13420H 16GB RAM 512GB SSD-TECLADO INGLES | MOON GREY,2449.0,2819.0,722.42,2026-08-05,13,PEN,,,Ripley PE,https://simple.ripley.com.pe/laptop-lenovo-ideapad-slim-3-15-fhd-intel-i5-13420h-16gb-ram-512gb-ssd-teclado-ingles-moon-grey-pmp20001284364
20260805_055550,2026-08-05T06:07:46.485383+00:00,ripley_pe,laptops,20001471386,LENOVO,LAPTOP LENOVO THINKPAD P1 GEN7 CORE ULTRA 7 DE 16' VIDEO 8GB GDDR6 32GB SSD 1TB  WIN11 PRO,13269.9,15200.0,3914.42,2026-08-05,13,PEN,,,Ripley PE,https://simple.ripley.com.pe/laptop-lenovo-thinkpad-p1-gen7-core-ultra-7-de-16-video-8gb-gddr6-32gb-ssd-1tb-win11-pro-pmp20001471386
20260805_055550,2026-08-05T06:07:46.485383+00:00,ripley_pe,laptops,20001280775,LENOVO,LAPTOP IDEAPAD SLIM 3 RYZEN 7 LENOVO 15.6' 1TB SSD 16GB RAM - TECLADO INGLÉS | ARCTIC GREY,4299.0,4949.0,1268.14,2026-08-05,13,PEN,,,Ripley PE,https://simple.ripley.com.pe/laptop-ideapad-slim-3-ryzen-7-lenovo-156-1tb-ssd-16gb-ram-teclado-ingles-arctic-grey-pmp20001280775
20260805_055550,2026-08-05T06:07:46.486381+00:00,ripley_pe,laptops,20000564297,HP,"LAPTOP HP ELITEBOOK 840 G11 16GB 14"" 1TB SSD TÁCTIL FULLHD CORE ULTRA7 WINDOWS 11 PRO",7749.9,7980.0,2286.11,2026-08-05,3,PEN,,,Ripley PE,https://simple.ripley.com.pe/laptop-hp-elitebook-840-g11-16gb-14-1tb-ssd-tactil-fullhd-core-ultra7-windows-11-pro-pmp20000564297
20260805_055550,2026-08-05T06:07:46.487442+00:00,ripley_pe,laptops,20001534487,DELL,LAPTOP DELL 15 DC15250 I5-1334U 8GB DDR4 512GB SSD 15.6' FHD  FREEDOS,2229.0,3239.0,657.52,2026-08-05,31,PEN,,,Ripley PE,https://simple.ripley.com.pe/laptop-dell-15-dc15250-i5-1334u-8gb-ddr4-512gb-ssd-156-fhd-freedos-pmp20001534487
20260805_055550,2026-08-05T06:07:46.488440+00:00,ripley_pe,laptops,20000864980,HP,LAPTOP HP 15-FC0005LA | AMD R3-7320U|RAM 8GB| SSD 256GB | PANT. 15.6 FHD | FREEDOS- 802M8LA#ABM,1909.0,,563.13,2026-08-05,,PEN,,,Ripley PE,https://simple.ripley.com.pe/laptop-hp-15-fc0005la-amd-r3-7320uram-8gb-ssd-256gb-pant-156-fhd-freedos-802m8laabm-pmp20000864980
20260805_055550,2026-08-05T06:07:46.489451+00:00,ripley_pe,laptops,20001280768,LENOVO,LAPTOP IDEAPAD SLIM 3 RYZEN 7 LENOVO 15.6' 1TB SSD 16GB RAM W11 PRO - TECLADO INGLÉS | ARCTIC GREY,5049.0,5809.0,1489.38,2026-08-05,13,PEN,,,Ripley PE,https://simple.ripley.com.pe/laptop-ideapad-slim-3-ryzen-7-lenovo-156-1tb-ssd-16gb-ram-w11-pro-teclado-ingles-arctic-grey-pmp20001280768
20260805_055550,2026-08-05T06:07:46.490439+00:00,ripley_pe,laptops,20001348008,HP,LAPTOP HP 250R INTEL CORE 7-150U RAN 16GB DDR5 / SSD 512GB / PANTALLA 15.6 HD LED - D2DX8AT,3299.0,4919.0,973.16,2026-08-05,33,PEN,,,Ripley PE,https://simple.ripley.com.pe/laptop-hp-250r-intel-core-7-150u-ran-16gb-ddr5-ssd-512gb-pantalla-156-hd-led-d2dx8at-pmp20001348008
20260805_055550,2026-08-05T06:07:46.491452+00:00,ripley_pe,laptops,20001089959,HP,LAPTOP HP 250 G10 15.6' INTEL CORE I7 1TB SSD 16GB,3397.0,3669.0,1002.06,2026-08-05,7,PEN,,,Ripley PE,https://simple.ripley.com.pe/laptop-hp-250-g10-156-intel-core-i7-1tb-ssd-16gb-pmp20001089959
20260805_055550,2026-08-05T06:07:46.492448+00:00,ripley_pe,laptops,20000222229,APPLE,"MACBOOK AIR CHIP M2 512GB SSD 15"" STARLIGHT",9304.98,15138.46,2744.83,2026-08-05,39,PEN,,,Ripley PE,https://simple.ripley.com.pe/macbook-air-chip-m2-512gb-ssd-15-starlight-pmp20000222229
20260805_055550,2026-08-05T06:07:46.493451+00:00,ripley_pe,laptops,20001280790,LENOVO,LAPTOP IDEAPAD SLIM 3 RYZEN 7 LENOVO 15.6' 2TB SSD 16GB RAM W10 HOME - TECLADO INGLÉS | ARCTIC GREY,4799.0,5519.0,1415.63,2026-08-05,13,PEN,,,Ripley PE,https://simple.ripley.com.pe/laptop-ideapad-slim-3-ryzen-7-lenovo-156-2tb-ssd-16gb-ram-w10-home-teclado-ingles-arctic-grey-pmp20001280790
20260805_055550,2026-08-05T06:07:46.494458+00:00,ripley_pe,laptops,20001352249,LENOVO,LAPTOP LENOVO LOQ 15IAX9 15.6' INTEL CORE I5 512GB SSD 8GB NVIDIA GEFORCE RTX 3050 6GB GDDR6,3225.0,3483.0,951.33,2026-08-05,7,PEN,,,Ripley PE,https://simple.ripley.com.pe/laptop-lenovo-loq-15iax9-156-intel-core-i5-512gb-ssd-8gb-nvidia-geforce-rtx-3050-6gb-gddr6-pmp20001352249
20260805_055550,2026-08-05T06:07:46.494458+00:00,ripley_pe,laptops,20000804744,HP,"LAPTOP HP CORE I7-1355U 15-FD0006LA PANTALLA 15.6 PANTALLA FHD, RAM 12GB, SSD 512GB, 13GEN /F/- 802N8LA",3799.0,,1120.65,2026-08-05,,PEN,,,Ripley PE,https://simple.ripley.com.pe/laptop-hp-core-i7-1355u-15-fd0006la-pantalla-156-pantalla-fhd-ram-12gb-ssd-512gb-13gen-f-802n8la-pmp20000804744
20260805_055550,2026-08-05T06:07:46.495447+00:00,ripley_pe,laptops,20001148391,DELL,PC DELL PRO 16 PC16250 CU5 16GB 512GB WP,4459.0,6689.0,1315.34,2026-08-05,33,PEN,,,Ripley PE,https://simple.ripley.com.pe/pc-dell-pro-16-pc16250-cu5-16gb-512gb-wp-pmp20001148391
20260805_055550,2026-08-05T06:07:46.495447+00:00,ripley_pe,laptops,20001534986,ASUS,LAPTOP ASUS ZENBOOK UX8406CA-PZ073W 14' 3K OLED TOUCH CORE ULTRA 9 285H 2.9/5.4GHZ 32GB/1TB SSD/WIN11H,9069.0,10259.0,2675.22,2026-08-05,12,PEN,,,Ripley PE,https://simple.ripley.com.pe/laptop-asus-zenbook-ux8406ca-pz073w-14-3k-oled-touch-core-ultra-9-285h-2954ghz-32gb1tb-ssdwin11h-pmp20001534986
20260805_055550,2026-08-05T06:07:46.496449+00:00,ripley_pe,laptops,20001546597,HP,"LAPTOP HP 15-FD2362LA AI U5-225U, 24GB RAM, 512GB SSD, SIN WINDOWS, 15.6' (D31TFLA)",3119.0,4099.0,920.06,2026-08-05,24,PEN,,,Ripley PE,https://simple.ripley.com.pe/laptop-hp-15-fd2362la-ai-u5-225u-24gb-ram-512gb-ssd-sin-windows-156-d31tfla-pmp20001546597
20260805_055550,2026-08-05T06:07:46.497452+00:00,ripley_pe,laptops,20000017552,ACER,"LAPTOP GAMER ACER NITRO 16 INTEL CORE I5-13500H 16GB 1TB SSD 16"" AN16-51-56VR 13TH GEN INCHES BLACK",6139.0,9513.0,1810.91,2026-08-05,35,PEN,,,Ripley PE,https://simple.ripley.com.pe/laptop-gamer-acer-nitro-16-intel-core-i5-13500h-16gb-1tb-ssd-16-an16-51-56vr-13th-gen-inches-black-pmp20000017552
20260805_055550,2026-08-05T06:07:46.497452+00:00,ripley_pe,laptops,00003548019,ASUS,"LAPTOP GAMER ASUS INTEL CORE I7 32GB 2TB GEFORCE RTX 4060 16"" ROG STRIX G16 2023 FHD 165 HZ 140 W WI-FI 6E HDMI",13609.0,19449.0,4014.45,2026-08-05,30,PEN,,,Ripley PE,https://simple.ripley.com.pe/laptop-gamer-asus-intel-core-i7-32gb-2tb-geforce-rtx-4060-16-rog-strix-g16-2023-fhd-165-hz-140-w-wi-fi-6e-hdmi-pmp00003548019
20260805_055550,2026-08-05T06:07:46.498447+00:00,ripley_pe,laptops,20001148369,DELL,"DELL PRO 16, LAPTOP 16GB RAM, 512GB SSD, PANTALLA 16', CONECTIVIDAD AVANZADA, IDEAL PARA PROFESIONALES",5719.0,8579.0,1687.02,2026-08-05,33,PEN,,,Ripley PE,https://simple.ripley.com.pe/dell-pro-16-laptop-16gb-ram-512gb-ssd-pantalla-16-conectividad-avanzada-ideal-para-profesionales-pmp20001148369
20260805_055550,2026-08-05T06:07:46.498447+00:00,ripley_pe,laptops,20000436217,DELL,LAPTOP REACONDICIONADA DELL VOSTRO 3490 I5,1490.0,,439.53,2026-08-05,,PEN,,,Ripley PE,https://simple.ripley.com.pe/laptop-reacondicionada-dell-vostro-3490-i5-pmp20000436217
20260805_055550,2026-08-05T06:07:46.499381+00:00,ripley_pe,laptops,20000106865,HP,"LAPTOP HP AMD RYZEN 3 16GB RAM 1TB SSD 14"" BATERÍA 10 HORAS DURACIÓN, WINDOWS 11",2699.0,3109.0,796.17,2026-08-05,13,PEN,,,Ripley PE,https://simple.ripley.com.pe/laptop-hp-amd-ryzen-3-16gb-ram-1tb-ssd-14-bateria-10-horas-duracion-windows-11-pmp20000106865
20260805_055550,2026-08-05T06:07:46.500380+00:00,ripley_pe,laptops,20000857631,LENOVO,LAPTOP LENOVO L15 15.6' CORE I5/10MA 16GB RAM 256GB SSD REACONDICIONADO,1700.0,2249.9,501.47,2026-08-05,24,PEN,,,Ripley PE,https://simple.ripley.com.pe/laptop-lenovo-l15-156-core-i510ma-16gb-ram-256gb-ssd-reacondicionado-pmp20000857631
20260805_055550,2026-08-05T06:07:46.500380+00:00,ripley_pe,laptops,20000288264,LENOVO,LAPTOP LENOVO V15 G2 ALC 40GB RAM 1TB SSD,3950.0,6518.5,1165.19,2026-08-05,39,PEN,,,Ripley PE,https://simple.ripley.com.pe/laptop-lenovo-v15-g2-alc-40gb-ram-1tb-ssd-pmp20000288264
20260805_055550,2026-08-05T06:07:46.501448+00:00,ripley_pe,laptops,20001247760,ASUS,LAPTOP TUF A15 15.6' RYZEN 7 RTX 3050 16GB 1TB SSD ASUS | NEGRO (TECLADO INGLÉS),5499.0,6329.0,1622.12,2026-08-05,13,PEN,,,Ripley PE,https://simple.ripley.com.pe/laptop-tuf-a15-156-ryzen-7-rtx-3050-16gb-1tb-ssd-asus-negro-teclado-ingles-pmp20001247760
20260805_055550,2026-08-05T06:07:46.502454+00:00,ripley_pe,laptops,20000734057,ASUS,"LAPTOP ASUS VIVOBOOK 16, 16 WUXGA IPS CORE I7 12700H 512 SSD RAM 8GB",3200.0,,943.95,2026-08-05,,PEN,,,Ripley PE,https://simple.ripley.com.pe/laptop-asus-vivobook-16-16-wuxga-ips-core-i7-12700h-512-ssd-ram-8gb-pmp20000734057
20260805_055550,2026-08-05T06:07:46.502454+00:00,ripley_pe,laptops,20000288268,HP,LAPTOP HP TPN-Q222 32GB RAM 1TB SSD,4750.0,7282.44,1401.18,2026-08-05,35,PEN,,,Ripley PE,https://simple.ripley.com.pe/laptop-hp-tpn-q222-32gb-ram-1tb-ssd-pmp20000288268
20260805_055550,2026-08-05T06:07:46.502454+00:00,ripley_pe,laptops,20001193990,LENOVO,"LAPTOP LENOVO THINKPAD T14 GEN 6, INTEL I5, 16GB RAM, 512GB SSD, 14' PANTALLA, WINDOWS 11 PRO",9589.0,14389.0,2828.61,2026-08-05,33,PEN,,,Ripley PE,https://simple.ripley.com.pe/laptop-lenovo-thinkpad-t14-gen-6-intel-i5-16gb-ram-512gb-ssd-14-pantalla-windows-11-pro-pmp20001193990
20260805_055550,2026-08-05T06:07:51.631544+00:00,ripley_pe,laptops,20001133100,ASUS,LAPTOP ASUS ZENBOOK 14 OLED 90NB14W4-M00UH0 SSD 1 TB,7209.0,10819.0,2126.55,2026-08-05,33,PEN,,,Ripley PE,https://simple.ripley.com.pe/laptop-asus-zenbook-14-oled-90nb14w4-m00uh0-ssd-1-tb-pmp20001133100
20260805_055550,2026-08-05T06:07:51.632544+00:00,ripley_pe,laptops,20001546041,LG,LAPTOP LG GRAM BOOK 15U55T-H.AAB4U1 TOUCH DISPLAY 15' INTEL CORE ULTRA 7 512GB SSD 16GB,3676.0,3970.0,1084.37,2026-08-05,7,PEN,,,Ripley PE,https://simple.ripley.com.pe/laptop-lg-gram-book-15u55t-haab4u1-touch-display-15-intel-core-ultra-7-512gb-ssd-16gb-pmp20001546041
20260805_055550,2026-08-05T06:07:51.635550+00:00,ripley_pe,laptops,20000063727,APPLE,"MACBOOK PRO M3 CHIP WITH 8-CORE CPU 8GB RAM 1TB 14.2"", 10-CORE GPU, 16-CORE NEURAL ENGINE SPACE GRAY",8870.0,10644.0,2616.52,2026-08-05,17,PEN,,,Ripley PE,https://simple.ripley.com.pe/macbook-pro-m3-chip-with-8-core-cpu-8gb-ram-1tb-142-10-core-gpu-16-core-neural-engine-space-gray-pmp20000063727
20260805_055550,2026-08-05T06:07:51.636544+00:00,ripley_pe,laptops,20001355916,APPLE,APPLE MACBOOK AIR 13″ CHIP M5 512GB SSD 16GB RAM LIQUID RETINA TECLADO INGLES,5699.0,6499.0,1681.12,2026-08-05,12,PEN,,,Ripley PE,https://simple.ripley.com.pe/apple-macbook-air-13-chip-m5-512gb-ssd-16gb-ram-liquid-retina-teclado-ingles-pmp20001355916
20260805_055550,2026-08-05T06:07:51.637538+00:00,ripley_pe,laptops,20000288253,ACER,LAPTOP ACER ASPIRE 5 A515-56-347N,2570.0,4132.29,758.11,2026-08-05,38,PEN,,,Ripley PE,https://simple.ripley.com.pe/laptop-acer-aspire-5-a515-56-347n-pmp20000288253
20260805_055550,2026-08-05T06:07:51.638538+00:00,ripley_pe,laptops,20001344271,HP,HP OMEN 16-AP0008LA 16IN SPA R9 8940HX 24GB 1TB RTX5060 W11H,7479.0,9599.0,2206.19,2026-08-05,22,PEN,,,Ripley PE,https://simple.ripley.com.pe/hp-omen-16-ap0008la-16in-spa-r9-8940hx-24gb-1tb-rtx5060-w11h-pmp20001344271
20260805_055550,2026-08-05T06:07:51.639537+00:00,ripley_pe,laptops,20001341975,LENOVO,LAPTOP LENOVO V15 G5 IRL CORE I7 16GB RAM 1TB SSD 15.6 FHD,4819.0,,1421.53,2026-08-05,,PEN,,,Ripley PE,https://simple.ripley.com.pe/laptop-lenovo-v15-g5-irl-core-i7-16gb-ram-1tb-ssd-156-fhd-pmp20001341975
20260805_055550,2026-08-05T06:07:51.640539+00:00,ripley_pe,laptops,20000231116,ASUS,LAPTOP GAMER ASUS TUF GAMING 32GB 1TB SSD F15 DDR4 PCLE,8399.97,14109.95,2477.87,2026-08-05,40,PEN,,,Ripley PE,https://simple.ripley.com.pe/laptop-gamer-asus-tuf-gaming-32gb-1tb-ssd-f15-ddr4-pcle-pmp20000231116
20260805_055550,2026-08-05T06:07:51.642541+00:00,ripley_pe,laptops,20000878607,DELL,LAPTOP DELL LATITUDE 3410 CORE I7/10MA 8GB RAM 256GB SSD REACONDICIONADO,1750.0,,516.22,2026-08-05,,PEN,,,Ripley PE,https://simple.ripley.com.pe/laptop-dell-latitude-3410-core-i710ma-8gb-ram-256gb-ssd-reacondicionado-pmp20000878607
20260805_055550,2026-08-05T06:07:51.643559+00:00,ripley_pe,laptops,20000321935,ACER,"LAPTOP ACER NITRO 16 CORE I5 13500H 8GB RAM 512GB SSD RTX4050 6GB 16"" 16/ WUXGA, 165HZ, 12 NÚCLEOS/ 4.70GHZ/ DDR5/ FREEDOS",4469.0,5000.0,1318.29,2026-08-05,11,PEN,,,Ripley PE,https://simple.ripley.com.pe/laptop-acer-nitro-16-core-i5-13500h-8gb-ram-512gb-ssd-rtx4050-6gb-16-16-wuxga-165hz-12-nucleos-470ghz-ddr5-freedos-pmp20000321935
20260805_055550,2026-08-05T06:07:51.644544+00:00,ripley_pe,laptops,20001351157,APPLE,MACBOOK AIR 15.3' (2026) CHIP M5 24GB RAM 1TB SSD | MIDNIGHT - TECLADO INGLÉS,8799.0,10119.0,2595.58,2026-08-05,13,PEN,,,Ripley PE,https://simple.ripley.com.pe/macbook-air-153-2026-chip-m5-24gb-ram-1tb-ssd-midnight-teclado-ingles-pmp20001351157
20260805_055550,2026-08-05T06:07:51.645544+00:00,ripley_pe,laptops,20001193633,LENOVO,"LAPTOP LENOVO V15 G5 - I7 13620H, 8GB RAM, 512GB SSD, 15.6' - RENDIMIENTO POTENTE Y VERSÁTIL",3619.0,5429.0,1067.55,2026-08-05,33,PEN,,,Ripley PE,https://simple.ripley.com.pe/laptop-lenovo-v15-g5-i7-13620h-8gb-ram-512gb-ssd-156-rendimiento-potente-y-versatil-pmp20001193633
20260805_055550,2026-08-05T06:07:51.646544+00:00,ripley_pe,laptops,20001183378,ASUS,LAPTOP ROG STRIX SCAR 18 U9 64GB RAM 2TB RTX 5090 24GB,22499.0,29998.67,6636.87,2026-08-05,25,PEN,,,Ripley PE,https://simple.ripley.com.pe/laptop-rog-strix-scar-18-u9-64gb-ram-2tb-rtx-5090-24gb-pmp20001183378
20260805_055550,2026-08-05T06:07:51.648544+00:00,ripley_pe,laptops,20001351154,APPLE,MACBOOK AIR 13.6' (2026) CHIP M5 16GB RAM 512GB SSD | MIDNIGHT - TECLADO INGLÉS,6299.0,7249.0,1858.11,2026-08-05,13,PEN,,,Ripley PE,https://simple.ripley.com.pe/macbook-air-136-2026-chip-m5-16gb-ram-512gb-ssd-midnight-teclado-ingles-pmp20001351154
20260805_055550,2026-08-05T06:07:51.649543+00:00,ripley_pe,laptops,20001271425,LENOVO,LAPTOP LENOVO IDEAPAD SLIM 3 15IRH10 15.3' INTEL CORE I7 512GB SSD 16GB,2870.0,3100.0,846.61,2026-08-05,7,PEN,,,Ripley PE,https://simple.ripley.com.pe/laptop-lenovo-ideapad-slim-3-15irh10-153-intel-core-i7-512gb-ssd-16gb-pmp20001271425
20260805_055550,2026-08-05T06:07:51.649543+00:00,ripley_pe,laptops,20001133140,ASUS,NOTEBOOK ASUS PM1503CDA-S70013 15.6' FHD IPS AMD RYZEN 5 7535HS 8GB DDR5,3039.0,4559.0,896.46,2026-08-05,33,PEN,,,Ripley PE,https://simple.ripley.com.pe/notebook-asus-pm1503cda-s70013-156-fhd-ips-amd-ryzen-5-7535hs-8gb-ddr5-pmp20001133140
20260805_055550,2026-08-05T06:07:51.651544+00:00,ripley_pe,laptops,20001341198,LENOVO,LAPTOP LENOVO THINKBOOK 16 G8 IAL 16' CORE ULTRA 7 16GB RAM 1TB SSD WINDOWS 11 PRO,7769.0,,2291.74,2026-08-05,,PEN,,,Ripley PE,https://simple.ripley.com.pe/laptop-lenovo-thinkbook-16-g8-ial-16-core-ultra-7-16gb-ram-1tb-ssd-windows-11-pro-pmp20001341198
20260805_055550,2026-08-05T06:07:51.651544+00:00,ripley_pe,laptops,20000231132,ASUS,"LAPTOP GAMER ASUS TUF GAMING RYZEN 7 RTX4060 17.3"" A17 2023 FHD",9990.29,16813.5,2946.99,2026-08-05,41,PEN,,,Ripley PE,https://simple.ripley.com.pe/laptop-gamer-asus-tuf-gaming-ryzen-7-rtx4060-173-a17-2023-fhd-pmp20000231132
20260805_055550,2026-08-05T06:07:51.653544+00:00,ripley_pe,laptops,20000851735,LENOVO,LAPTOP IDEAPAD 3I 15.6' FHD TOUCH I5-1155G7 8GB RAM 512GB SSD LENOVO | AZUL - TECLADO INGLÉS,2599.0,2989.0,766.67,2026-08-05,13,PEN,,,Ripley PE,https://simple.ripley.com.pe/laptop-ideapad-3i-156-fhd-touch-i5-1155g7-8gb-ram-512gb-ssd-lenovo-azul-teclado-ingles-pmp20000851735
20260805_055550,2026-08-05T06:07:51.653544+00:00,ripley_pe,laptops,20001216351,LENOVO,"LAPTOP LENOVO V15, INTEL CORE I5, 8GB RAM, 512GB SSD, PANTALLA 15.6' FHD, LIBRE FREEDOS, IDEAL PARA TRABAJO.",2749.0,4129.0,810.91,2026-08-05,33,PEN,,,Ripley PE,https://simple.ripley.com.pe/laptop-lenovo-v15-intel-core-i5-8gb-ram-512gb-ssd-pantalla-156-fhd-libre-freedos-ideal-para-trabajo-pmp20001216351
20260805_055550,2026-08-05T06:07:51.655544+00:00,ripley_pe,laptops,20001285475,APPLE,MACBOOK PRO 14″ M5 16GB RAM + 512GB SSD (TECLADO INGLES) - SILVER + REGALO,9099.0,9999.0,2684.07,2026-08-05,9,PEN,,,Ripley PE,https://simple.ripley.com.pe/macbook-pro-14-m5-16gb-ram-512gb-ssd-teclado-ingles-silver-regalo-pmp20001285475
20260805_055550,2026-08-05T06:07:51.656553+00:00,ripley_pe,laptops,20001516574,ASUS,LAPTOP ASUS VIVOBOOK F1605VAWS74 16' INTEL CORE I7 512GB SSD 16GB,3311.0,3576.0,976.7,2026-08-05,7,PEN,,,Ripley PE,https://simple.ripley.com.pe/laptop-asus-vivobook-f1605vaws74-16-intel-core-i7-512gb-ssd-16gb-pmp20001516574
20260805_055550,2026-08-05T06:07:51.657544+00:00,ripley_pe,laptops,20001518620,LENOVO,LAPTOP LENOVO B50 - 70 15.6' INTEL CORE I3 4TH SSD 128GB 8GB DDR3 (REACONDICIONADO),999.0,,294.69,2026-08-05,,PEN,,,Ripley PE,https://simple.ripley.com.pe/laptop-lenovo-b50-70-156-intel-core-i3-4th-ssd-128gb-8gb-ddr3-reacondicionado-pmp20001518620
20260805_055550,2026-08-05T06:07:51.657544+00:00,ripley_pe,laptops,20001216357,LENOVO,"LENOVO THINKBOOK 14 G8 - PORTÁTIL 16GB RAM, 512GB SSD, 14' FHD, WINDOWS 11 PRO, RENDIMIENTO ÓPTIMO",6219.0,9329.0,1834.51,2026-08-05,33,PEN,,,Ripley PE,https://simple.ripley.com.pe/lenovo-thinkbook-14-g8-portatil-16gb-ram-512gb-ssd-14-fhd-windows-11-pro-rendimiento-optimo-pmp20001216357
20260805_055550,2026-08-05T06:07:51.658544+00:00,ripley_pe,laptops,20000694462,HP,"LAPTOP HP 16GB 15.6"" 512GB SSD M.2 NVME CORE I7-1355U FULLHD SSD WINDOWS11",3348.9,3380.0,987.88,2026-08-05,1,PEN,,,Ripley PE,https://simple.ripley.com.pe/laptop-hp-16gb-156-512gb-ssd-m2-nvme-core-i7-1355u-fullhd-ssd-windows11-pmp20000694462
20260805_055550,2026-08-05T06:07:51.659544+00:00,ripley_pe,laptops,20001063453,LENOVO,"LENOVO THINKPAD P16 GEN2 16' WUXGA IPS, INTEL CORE I7-13700HX, 32GB DDR5, ALTO RENDIMIENTO Y CONECTIVIDAD",15499.0,23249.0,4571.98,2026-08-05,33,PEN,,,Ripley PE,https://simple.ripley.com.pe/lenovo-thinkpad-p16-gen2-16-wuxga-ips-intel-core-i7-13700hx-32gb-ddr5-alto-rendimiento-y-conectividad-pmp20001063453
20260805_055550,2026-08-05T06:07:51.660544+00:00,ripley_pe,laptops,20001513656,ACER,LAPTOP ACER ASPIRE A14-52MT-59DP TOUCHSCREEN AI COPILOT MAS PC 14' INTEL CORE ULTRA 5 1TB SSD 16GB,3139.0,3390.0,925.96,2026-08-05,7,PEN,,,Ripley PE,https://simple.ripley.com.pe/laptop-acer-aspire-a14-52mt-59dp-touchscreen-ai-copilot-mas-pc-14-intel-core-ultra-5-1tb-ssd-16gb-pmp20001513656
20260805_055550,2026-08-05T06:07:51.660544+00:00,ripley_pe,laptops,20001193922,HP,"NOTEBOOK HP 15-FC0012LA, AMD RYZEN 7, 16GB RAM, 512GB SSD, IDEAL PARA TAREAS EXIGENTES",3149.0,4729.0,928.91,2026-08-05,33,PEN,,,Ripley PE,https://simple.ripley.com.pe/notebook-hp-15-fc0012la-amd-ryzen-7-16gb-ram-512gb-ssd-ideal-para-tareas-exigentes-pmp20001193922
20260805_055550,2026-08-05T06:07:51.661544+00:00,ripley_pe,laptops,20001133071,ASUS,NOTEBOOK ASUS CHROMEBOOK CZ1104FM2A-NS0116 8GB 64GB,1659.0,2489.0,489.38,2026-08-05,33,PEN,,,Ripley PE,https://simple.ripley.com.pe/notebook-asus-chromebook-cz1104fm2a-ns0116-8gb-64gb-pmp20001133071
20260805_055550,2026-08-05T06:07:51.662544+00:00,ripley_pe,laptops,20001499284,OEMGENUINE,LAPTOP MLOGIX ML3-146 15.6 FHD INTEL CELERON J4025 8GB RAM 128G SSD,1099.0,1999.0,324.19,2026-08-05,45,PEN,,,Ripley PE,https://simple.ripley.com.pe/laptop-mlogix-ml3-146-156-fhd-intel-celeron-j4025-8gb-ram-128g-ssd-pmp20001499284
20260805_055550,2026-08-05T06:07:51.663544+00:00,ripley_pe,laptops,20000453677,ADVANCE,LAPTOP ADVANCE CN4058 2 EN 1 CELERON N4020 RAM 8GB DISCO 128GB 10.1 PANTALLA TÁCTIL WINDOWS 11,1219.0,,359.59,2026-08-05,,PEN,,,Ripley PE,https://simple.ripley.com.pe/laptop-advance-cn4058-2-en-1-celeron-n4020-ram-8gb-disco-128gb-101-pantalla-tactil-windows-11-pmp20000453677
20260805_055550,2026-08-05T06:07:51.665544+00:00,ripley_pe,laptops,20001492216,ASUS,LAPTOP ASUS EXPERTBOOK 15.6' FHD IPS CORE 5 210H 16GB DDR5 512GB DISCO FREEDOS,3129.0,3509.0,923.01,2026-08-05,11,PEN,,,Ripley PE,https://simple.ripley.com.pe/laptop-asus-expertbook-156-fhd-ips-core-5-210h-16gb-ddr5-512gb-disco-freedos-pmp20001492216
20260805_055550,2026-08-05T06:07:51.666544+00:00,ripley_pe,laptops,20000222217,APPLE,"MACBOOK AIR CHIP M2 512GB SSD 13"" GRIS ESPACIAL, 10-CORE GPU",8835.71,14170.7,2606.4,2026-08-05,38,PEN,,,Ripley PE,https://simple.ripley.com.pe/macbook-air-chip-m2-512gb-ssd-13-gris-espacial-10-core-gpu-pmp20000222217
20260805_055550,2026-08-05T06:07:51.667544+00:00,ripley_pe,laptops,20001409861,ASUS,LAPTOP ASUS ROG STRIX G16 16'ULTRA 9 275HX 2.7GHZ 1TB SSD 16GB RTX5060 8GB,9849.0,10000.0,2905.31,2026-08-05,2,PEN,,,Ripley PE,https://simple.ripley.com.pe/laptop-asus-rog-strix-g16-16ultra-9-275hx-27ghz-1tb-ssd-16gb-rtx5060-8gb-pmp20001409861
20260805_055550,2026-08-05T06:07:51.668544+00:00,ripley_pe,laptops,20001536832,HP,LAPTOP GAMER HP VICTUS 15-FA2013LA I5 16GB 512GB RTX4050,11420.58,,3368.9,2026-08-05,,PEN,,,Ripley PE,https://simple.ripley.com.pe/laptop-gamer-hp-victus-15-fa2013la-i5-16gb-512gb-rtx4050-pmp20001536832
20260805_055550,2026-08-05T06:07:51.669544+00:00,ripley_pe,laptops,20000811693,HP,LAPTOP HP PAVILION AERO 13-BG0002LA AMD RYZEN 5 16GB 512GB,2969.0,3999.0,875.81,2026-08-05,26,PEN,,,Ripley PE,https://simple.ripley.com.pe/laptop-hp-pavilion-aero-13-bg0002la-amd-ryzen-5-16gb-512gb-pmp20000811693
20260805_055550,2026-08-05T06:07:51.670544+00:00,ripley_pe,laptops,20000871635,LENOVO,LAPTOP LENOVO LOQ 15IAX9 INTEL COREI5-12450HX 8GB RAM 512GB SSD 15.6' FHD RTX3050-6GB 83GS000BLM,3699.0,4299.0,1091.15,2026-08-05,14,PEN,,,Ripley PE,https://simple.ripley.com.pe/laptop-lenovo-loq-15iax9-intel-corei5-12450hx-8gb-ram-512gb-ssd-156-fhd-rtx3050-6gb-83gs000blm-pmp20000871635
20260805_055550,2026-08-05T06:07:51.672564+00:00,ripley_pe,laptops,20001345652,HP,"LAPTOP HP PROBOOK 4 G1I ULTRA-7 255U, 16GB RAM, 1TB SSD, W11PRO, 16' (BH8M9LT)",5769.0,6469.0,1701.77,2026-08-05,11,PEN,,,Ripley PE,https://simple.ripley.com.pe/laptop-hp-probook-4-g1i-ultra-7-255u-16gb-ram-1tb-ssd-w11pro-16-bh8m9lt-pmp20001345652
20260805_055550,2026-08-05T06:07:56.195812+00:00,ripley_pe,laptops,20001535838,LENOVO,LAPTOP GAMER LENOVO LOQ ESSENTIAL 15.6' AMD RYZEN 7 512GB SSD 16GB RAM NVIDIA GEFORCE RTX 3050 6GB WINDOWS 11 HOME LUNA GREY,4699.0,,1386.14,2026-08-05,,PEN,,,Ripley PE,https://simple.ripley.com.pe/laptop-gamer-lenovo-loq-essential-156-amd-ryzen-7-512gb-ssd-16gb-ram-nvidia-geforce-rtx-3050-6gb-windows-11-home-luna-grey-pmp20001535838
20260805_055550,2026-08-05T06:07:56.196850+00:00,ripley_pe,laptops,20001511073,APPLE,MACBOOK AIR 13 M5 10C CPU 8C GPU 16GB 512GB SSD SKY BLUE,12696.36,,3745.24,2026-08-05,,PEN,,,Ripley PE,https://simple.ripley.com.pe/macbook-air-13-m5-10c-cpu-8c-gpu-16gb-512gb-ssd-sky-blue-pmp20001511073
20260805_055550,2026-08-05T06:07:56.197876+00:00,ripley_pe,laptops,20001546451,HP,LAPTOP GAMER HP VICTUS 15-FA2013LA I5 16GB 512GB RTX4050,5139.0,6423.75,1515.93,2026-08-05,20,PEN,,,Ripley PE,https://simple.ripley.com.pe/laptop-gamer-hp-victus-15-fa2013la-i5-16gb-512gb-rtx4050-pmp20001546451
20260805_055550,2026-08-05T06:07:56.198884+00:00,ripley_pe,laptops,20000288308,ACER,LAPTOP ACER ASPIRE 3 A314-23P-R3QA,3050.0,4933.96,899.71,2026-08-05,38,PEN,,,Ripley PE,https://simple.ripley.com.pe/laptop-acer-aspire-3-a314-23p-r3qa-pmp20000288308
20260805_055550,2026-08-05T06:07:56.202890+00:00,ripley_pe,laptops,20001534464,HP,LAPTOP HP 15-FD0152LA 15.6' TOUCH  FHD IPS  I5 1334U   8GB DDR4-3200MHZ  512GB  FREEDOS,2639.0,3569.0,778.47,2026-08-05,26,PEN,,,Ripley PE,https://simple.ripley.com.pe/laptop-hp-15-fd0152la-156-touch-fhd-ips-i5-1334u-8gb-ddr4-3200mhz-512gb-freedos-pmp20001534464
20260805_055550,2026-08-05T06:07:56.204875+00:00,ripley_pe,laptops,20000913802,HP,"LAPTOP HP PAVILION 15-EG2506LA 15,6' INTEL CORE I7 512GB SSD 12GB",2945.0,3181.0,868.73,2026-08-05,7,PEN,,,Ripley PE,https://simple.ripley.com.pe/laptop-hp-pavilion-15-eg2506la-156-intel-core-i7-512gb-ssd-12gb-pmp20000913802
20260805_055550,2026-08-05T06:07:56.209880+00:00,ripley_pe,laptops,20001448151,LENOVO,COMBO LAPTOP LENOVO LOQ 15AHP10 15.6' AMD RYZEN 7 512GB  + TABLET BLACKVIEW TAB 11 WIFI,5363.0,5792.0,1582.01,2026-08-05,7,PEN,,,Ripley PE,https://simple.ripley.com.pe/combo-laptop-lenovo-loq-15ahp10-156-amd-ryzen-7-512gb-tablet-blackview-tab-11-wifi-pmp20001448151
20260805_055550,2026-08-05T06:07:56.211874+00:00,ripley_pe,laptops,20001194042,HP,"NOTEBOOK HP 15-FD0276LA, INTEL I7 5.0 GHZ, 16 GB RAM, 512 GB SSD, ALTA VELOCIDAD Y RENDIMIENTO.",3569.0,5359.0,1052.8,2026-08-05,33,PEN,,,Ripley PE,https://simple.ripley.com.pe/notebook-hp-15-fd0276la-intel-i7-50-ghz-16-gb-ram-512-gb-ssd-alta-velocidad-y-rendimiento-pmp20001194042
20260805_055550,2026-08-05T06:07:56.215881+00:00,ripley_pe,laptops,20000774201,LENOVO,LAPTOP ACER ASPIRE 3 A315-56-30JP 15.6' INTEL CORE I3 10MA GENERACIÓN 8GB 256GB SSD,3899.0,4999.0,1150.15,2026-08-05,22,PEN,,,Ripley PE,https://simple.ripley.com.pe/laptop-acer-aspire-3-a315-56-30jp-156-intel-core-i3-10ma-generacion-8gb-256gb-ssd-pmp20000774201
20260805_055550,2026-08-05T06:07:56.216873+00:00,ripley_pe,laptops,20001217530,MSI,LAPTOP MSI CYBORG B2RWEKG INTEL CORE I7 240H 16GB RAM 512GB SSD 8GB RTX 5050 15.6 FHD WINDOWS 11 HOME,5699.0,6839.0,1681.12,2026-08-05,17,PEN,,,Ripley PE,https://simple.ripley.com.pe/laptop-msi-cyborg-b2rwekg-intel-core-i7-240h-16gb-ram-512gb-ssd-8gb-rtx-5050-156-fhd-windows-11-home-pmp20001217530
20260805_055550,2026-08-05T06:07:56.217874+00:00,ripley_pe,laptops,20001545724,SAMSUNG,SAMSUNG XE350XBAK05US CHROMEBOOK 4 CHROME OS DE 156 PULGADAS FULL HD PROCESADOR INTEL CELERON N4000 4GB RAM 128GB SSD PLATINUM,1959.0,2449.0,577.88,2026-08-05,20,PEN,,,Ripley PE,https://simple.ripley.com.pe/samsung-xe350xbak05us-chromebook-4-chrome-os-de-156-pulgadas-full-hd-procesador-intel-celeron-n4000-4gb-ram-128gb-ssd-platinum-pmp20001545724
20260805_055550,2026-08-05T06:07:56.218885+00:00,ripley_pe,laptops,20001242276,LENOVO,LENOVO YOGA 7 2-EN-1 14 PULGADAS AMD R7 350 32GB 1TB SSD VIDEO INTEGRADO COLOR VERDE,6329.0,9499.0,1866.96,2026-08-05,33,PEN,,,Ripley PE,https://simple.ripley.com.pe/lenovo-yoga-7-2-en-1-14-pulgadas-amd-r7-350-32gb-1tb-ssd-video-integrado-color-verde-pmp20001242276
20260805_055550,2026-08-05T06:07:56.219874+00:00,ripley_pe,laptops,20001339700,LENOVO,LAPTOP LENOVO V15 G5 IRL INTEL CORE I3-1315U 8GB RAM 256GB SSD 156 FHD - 83GW005NLD,1719.0,2399.0,507.08,2026-08-05,28,PEN,,,Ripley PE,https://simple.ripley.com.pe/laptop-lenovo-v15-g5-irl-intel-core-i3-1315u-8gb-ram-256gb-ssd-156-fhd-83gw005nld-pmp20001339700
20260805_055550,2026-08-05T06:07:56.220893+00:00,ripley_pe,laptops,20001084302,ACER,LAPTOP ACER ASPIRE 5 15 A515-58P-954J I9-13900H 14 NÚCLEOS 15.6' FHD IPS 16GB RAM DDR5 512GB SSD STEEL GRAY/FREEDOS,3469.0,4000.0,1023.3,2026-08-05,13,PEN,,,Ripley PE,https://simple.ripley.com.pe/laptop-acer-aspire-5-15-a515-58p-954j-i9-13900h-14-nucleos-156-fhd-ips-16gb-ram-ddr5-512gb-ssd-steel-grayfreedos-pmp20001084302
20260805_055550,2026-08-05T06:07:56.221873+00:00,ripley_pe,laptops,20000510181,LENOVO,"LAPTOP LENOVO 83A100GKLM 8GB 15.6"" 256GB INTEL VG4 IRU  FHD TN CORE I5-13420H 2.1 4.6GHZ DDR4-3200MHZ FREEDOS",2539.0,3629.0,748.97,2026-08-05,30,PEN,,,Ripley PE,https://simple.ripley.com.pe/laptop-lenovo-83a100gklm-8gb-156-256gb-intel-vg4-iru-fhd-tn-core-i5-13420h-21-46ghz-ddr4-3200mhz-freedos-pmp20000510181
20260805_055550,2026-08-05T06:07:56.222880+00:00,ripley_pe,laptops,20000248501,DELL,"LAPTOP DELL VOSTRO 3400 INTEL CORE I5-1135 4GB RAM 1TB HDD 14"" I5-1135G7 14 HD FREEDOS 445CX",2800.0,3900.0,825.96,2026-08-05,28,PEN,,,Ripley PE,https://simple.ripley.com.pe/laptop-dell-vostro-3400-intel-core-i5-1135-4gb-ram-1tb-hdd-14-i5-1135g7-14-hd-freedos-445cx-pmp20000248501
20260805_055550,2026-08-05T06:07:56.223881+00:00,ripley_pe,laptops,20001064599,LENOVO,"LENOVO V15 G4 AMN - NOTEBOOK 15.6' FHD, AMD RYZEN 5, 16GB RAM, GRAN RENDIMIENTO Y DISEÑO ELEGANTE.",3789.0,5689.0,1117.7,2026-08-05,33,PEN,,,Ripley PE,https://simple.ripley.com.pe/lenovo-v15-g4-amn-notebook-156-fhd-amd-ryzen-5-16gb-ram-gran-rendimiento-y-diseno-elegante-pmp20001064599
20260805_055550,2026-08-05T06:07:56.224873+00:00,ripley_pe,laptops,20001494933,DELL,LAPTOP REACONDICIONADA DELL LATITUDE 7330 CI5 12VA 16GB RAM 512SSD GRIS OSCURO,2340.0,,690.27,2026-08-05,,PEN,,,Ripley PE,https://simple.ripley.com.pe/laptop-reacondicionada-dell-latitude-7330-ci5-12va-16gb-ram-512ssd-gris-oscuro-pmp20001494933
20260805_055550,2026-08-05T06:07:56.225874+00:00,ripley_pe,laptops,20001546044,LENOVO,LAPTOP LENOVO IDEAPAD 14AKP10 14' AMD RYZEN AI 7 512GB SSD 16GB,3709.0,4006.0,1094.1,2026-08-05,7,PEN,,,Ripley PE,https://simple.ripley.com.pe/laptop-lenovo-ideapad-14akp10-14-amd-ryzen-ai-7-512gb-ssd-16gb-pmp20001546044
20260805_055550,2026-08-05T06:07:56.226889+00:00,ripley_pe,laptops,20001546151,HP,LAPTOP HP 200 G2A RYZEN 7 250 16GB DDR5 512GB SSD CON IA 16 WUXGA FREEDOS,3399.0,4079.0,1002.65,2026-08-05,17,PEN,,,Ripley PE,https://simple.ripley.com.pe/laptop-hp-200-g2a-ryzen-7-250-16gb-ddr5-512gb-ssd-con-ia-16-wuxga-freedos-pmp20001546151
20260805_055550,2026-08-05T06:07:56.226889+00:00,ripley_pe,laptops,20001029854,ACER,LAPTOP ACER ASPIRE 15 A15-51M-92MV 15.6' INTEL CORE I9 512GB SSD 16GB,3515.0,3796.0,1036.87,2026-08-05,7,PEN,,,Ripley PE,https://simple.ripley.com.pe/laptop-acer-aspire-15-a15-51m-92mv-156-intel-core-i9-512gb-ssd-16gb-pmp20001029854
20260805_055550,2026-08-05T06:07:56.227820+00:00,ripley_pe,laptops,20001377142,HP,LAPTOP VICTUS 15.6' 2024 INTEL I7-12650H 10-CORE RTX 4050 16GB RAM 512GB SSD HP | AZUL - TECLADO INGLÉS,3899.0,4599.0,1150.15,2026-08-05,15,PEN,,,Ripley PE,https://simple.ripley.com.pe/laptop-victus-156-2024-intel-i7-12650h-10-core-rtx-4050-16gb-ram-512gb-ssd-hp-azul-teclado-ingles-pmp20001377142
20260805_055550,2026-08-05T06:07:56.228818+00:00,ripley_pe,laptops,20000106874,HP,"LAPTOP HP ESSENTIAL 15 INTEL QUAD-CORE 16GB RAM 128GB SSD 15.6"" PANTALLA ANTIRREFLEJOS, QUAD-CORE,CARGA RÁPIDA,WIN11S",2279.0,2629.0,672.27,2026-08-05,13,PEN,,,Ripley PE,https://simple.ripley.com.pe/laptop-hp-essential-15-intel-quad-core-16gb-ram-128gb-ssd-156-pantalla-antirreflejos-quad-corecarga-rapidawin11s-pmp20000106874
20260805_055550,2026-08-05T06:07:56.228818+00:00,ripley_pe,laptops,20001349790,APPLE,NUEVA MACBOOK AIR M5 13” 16GB RAM + 512GB (TECLADO INGLES) + REGALO,5999.0,6599.0,1769.62,2026-08-05,14,PEN,,,Ripley PE,https://simple.ripley.com.pe/nueva-macbook-air-m5-13-16gb-ram-512gb-teclado-ingles-regalo-pmp20001349790
20260805_055550,2026-08-05T06:07:56.229818+00:00,ripley_pe,laptops,20001280796,HP,LAPTOP 15.6' I3 HP 15.6' 1TB SSD 32GB RAM W11 PRO - TECLADO INGLÉS,4099.0,4719.0,1209.14,2026-08-05,13,PEN,,,Ripley PE,https://simple.ripley.com.pe/laptop-156-i3-hp-156-1tb-ssd-32gb-ram-w11-pro-teclado-ingles-pmp20001280796
20260805_055550,2026-08-05T06:07:56.230818+00:00,ripley_pe,laptops,20001516579,DELL,LAPTOP DELL LDC15255-A117BLK-PUS TOUCH SCREEN 15.6' AMD RYZEN 7 512GB SSD 16GB,3182.0,3437.0,938.64,2026-08-05,7,PEN,,,Ripley PE,https://simple.ripley.com.pe/laptop-dell-ldc15255-a117blk-pus-touch-screen-156-amd-ryzen-7-512gb-ssd-16gb-pmp20001516579
20260805_055550,2026-08-05T06:07:56.230818+00:00,ripley_pe,laptops,20001193965,HP,"HP ELITEBOOK 840 G11 - PORTÁTIL 14' WUXGA, CORE ULTRA 7, 16GB RAM, 4.8GHZ, ALTO RENDIMIENTO",9259.0,13889.0,2731.27,2026-08-05,33,PEN,,,Ripley PE,https://simple.ripley.com.pe/hp-elitebook-840-g11-portatil-14-wuxga-core-ultra-7-16gb-ram-48ghz-alto-rendimiento-pmp20001193965
20260805_055550,2026-08-05T06:07:56.230818+00:00,ripley_pe,laptops,20001133155,ASUS,"NOTEBOOK ASUS UX8406CA DE 14' 3K OLED, TOUCH, CORE ULTRA 9, 32GB LPDDR5X, ALTA VELOCIDAD Y RENDIMIENTO",9989.0,14989.0,2946.61,2026-08-05,33,PEN,,,Ripley PE,https://simple.ripley.com.pe/notebook-asus-ux8406ca-de-14-3k-oled-touch-core-ultra-9-32gb-lpddr5x-alta-velocidad-y-rendimiento-pmp20001133155
20260805_055550,2026-08-05T06:07:56.231817+00:00,ripley_pe,laptops,20001361977,HP,LAPTOP HP 250R INTEL CORE 7 150U RAM 16GB DDR5 SSD 512 GB PANTALLA 15.6 HD LED / D2DX8AT,3999.0,,1179.65,2026-08-05,,PEN,,,Ripley PE,https://simple.ripley.com.pe/laptop-hp-250r-intel-core-7-150u-ram-16gb-ddr5-ssd-512-gb-pantalla-156-hd-led-d2dx8at-pmp20001361977
20260805_055550,2026-08-05T06:07:56.231817+00:00,ripley_pe,laptops,20001333174,LENOVO,LAPTOP THINKPAD T16 G4 INTEL CORE U 5 24GB RAM 512GB SSD 16,6499.0,7499.0,1917.11,2026-08-05,13,PEN,,,Ripley PE,https://simple.ripley.com.pe/laptop-thinkpad-t16-g4-intel-core-u-5-24gb-ram-512gb-ssd-16-pmp20001333174
20260805_055550,2026-08-05T06:07:56.232818+00:00,ripley_pe,laptops,20001280807,LENOVO,LAPTOP IDEAPAD SLIM 3 RYZEN 7 LENOVO 15.6' 2TB SSD 16GB RAM W11 PRO - TECLADO INGLÉS | ARCTIC GREY,4899.0,7349.0,1445.13,2026-08-05,33,PEN,,,Ripley PE,https://simple.ripley.com.pe/laptop-ideapad-slim-3-ryzen-7-lenovo-156-2tb-ssd-16gb-ram-w11-pro-teclado-ingles-arctic-grey-pmp20001280807
20260805_055550,2026-08-05T06:07:56.233817+00:00,ripley_pe,laptops,20001462745,HP,"LAPTOP HP 250R G10 I7-150U, 16GB RAM, 512GB SSD, SIN WINDOWS, 15.6' (D2DX8AT)",3099.0,3999.0,914.16,2026-08-05,23,PEN,,,Ripley PE,https://simple.ripley.com.pe/laptop-hp-250r-g10-i7-150u-16gb-ram-512gb-ssd-sin-windows-156-d2dx8at-pmp20001462745
20260805_055550,2026-08-05T06:07:56.233817+00:00,ripley_pe,laptops,20001535348,APPLE,MACBOOK PRO 2019 16” I7 16GB RAM + 512GB SSD PLATEADO REACONDICIONADO GRADO A,3099.0,5000.0,914.16,2026-08-05,38,PEN,,,Ripley PE,https://simple.ripley.com.pe/macbook-pro-2019-16-i7-16gb-ram-512gb-ssd-plateado-reacondicionado-grado-a-pmp20001535348
20260805_055550,2026-08-05T06:07:56.238817+00:00,ripley_pe,laptops,20001349210,HP,LAPTOP HP VICTUS GAMING 15 RYZEN 7 RTX 3050 15.6 FHD 144HZ 512GB SSD,5179.0,,1527.73,2026-08-05,,PEN,,,Ripley PE,https://simple.ripley.com.pe/laptop-hp-victus-gaming-15-ryzen-7-rtx-3050-156-fhd-144hz-512gb-ssd-pmp20001349210
20260805_055550,2026-08-05T06:07:56.238817+00:00,ripley_pe,laptops,20001216311,ACER,"LAPTOP ACER SF14-61T-R67L, RYZEN 9, 32GB RAM, 1TB SSD, 14' FHD IPS, PLATA, WINDOWS 11",7929.0,11899.0,2338.94,2026-08-05,33,PEN,,,Ripley PE,https://simple.ripley.com.pe/laptop-acer-sf14-61t-r67l-ryzen-9-32gb-ram-1tb-ssd-14-fhd-ips-plata-windows-11-pmp20001216311
20260805_055550,2026-08-05T06:08:01.101593+00:00,ripley_pe,laptops,20001088782,ACER,ACER CHROMEBOOK 15.6' HD 2023 CELERON N 2.78GHZ 4GB RAM 64GB SSD | PLATEADO - TECLADO INGLÉS (REACONDICIONADO),949.0,1099.0,279.94,2026-08-05,14,PEN,,,Ripley PE,https://simple.ripley.com.pe/acer-chromebook-156-hd-2023-celeron-n-278ghz-4gb-ram-64gb-ssd-plateado-teclado-ingles-reacondicionado-pmp20001088782
20260805_055550,2026-08-05T06:08:01.102593+00:00,ripley_pe,laptops,20001280811,ACER,LAPTOP ASPIRE GO 15 I5-1334U ACER 15.3' 256GB SSD PCIE 8GB RAM W11 - TECLADO INGLÉS | GRIS,1999.0,2999.0,589.68,2026-08-05,33,PEN,,,Ripley PE,https://simple.ripley.com.pe/laptop-aspire-go-15-i5-1334u-acer-153-256gb-ssd-pcie-8gb-ram-w11-teclado-ingles-gris-pmp20001280811
20260805_055550,2026-08-05T06:08:01.103593+00:00,ripley_pe,laptops,20001537869,APPLE,MACBOOK NEO A18 PRO MHFG4EA 13' APPLE A18 PRO 512GB SSD 8GB 5 CORE,3762.0,4063.0,1109.73,2026-08-05,7,PEN,,,Ripley PE,https://simple.ripley.com.pe/macbook-neo-a18-pro-mhfg4ea-13-apple-a18-pro-512gb-ssd-8gb-5-core-pmp20001537869
20260805_055550,2026-08-05T06:08:01.105104+00:00,ripley_pe,laptops,20001545815,ASUS,ASUS PORTÁTIL VIVOBOOK GO SLIM DE 156 DELGADA Y PORTÁTIL PARA ESTUDIO DE ESTUDIANTES INTEL DUAL CORE N4500 4 GB DE RAM SSD,2059.0,2579.0,607.37,2026-08-05,20,PEN,,,Ripley PE,https://simple.ripley.com.pe/asus-portatil-vivobook-go-slim-de-156-delgada-y-portatil-para-estudio-de-estudiantes-intel-dual-core-n4500-4-gb-de-ram-ssd-pmp20001545815
20260805_055550,2026-08-05T06:08:01.109123+00:00,ripley_pe,laptops,20001492682,HP,HP ELITEBOOK 840 G8 I7 11VA 16GB RAM 512GB SSD HD IPS REACONDICIONADA 1 AÑO GARANTÍA + COOLER,2099.0,2490.0,619.17,2026-08-05,16,PEN,,,Ripley PE,https://simple.ripley.com.pe/hp-elitebook-840-g8-i7-11va-16gb-ram-512gb-ssd-hd-ips-reacondicionada-1-ano-garantia-cooler-pmp20001492682
20260805_055550,2026-08-05T06:08:01.111119+00:00,ripley_pe,laptops,20001175697,APPLE,MACBOOK PRO M5 14' 2025 24GB RAM 1TB SSD APPLE - TECLADO INGLÉS | SILVER,12439.0,17779.0,3669.32,2026-08-05,30,PEN,,,Ripley PE,https://simple.ripley.com.pe/macbook-pro-m5-14-2025-24gb-ram-1tb-ssd-apple-teclado-ingles-silver-pmp20001175697
20260805_055550,2026-08-05T06:08:01.112118+00:00,ripley_pe,laptops,20001284425,HP,LAPTOP REACONDICIONADA HP PROBOOK 450 G8 CORE I7 11VA 16GB RAM 512GB SSD,2252.0,,664.31,2026-08-05,,PEN,,,Ripley PE,https://simple.ripley.com.pe/laptop-reacondicionada-hp-probook-450-g8-core-i7-11va-16gb-ram-512gb-ssd-pmp20001284425
20260805_055550,2026-08-05T06:08:01.113118+00:00,ripley_pe,laptops,20001351147,APPLE,MACBOOK PRO 14.2' (2026) CHIP M5 MAX 36GB RAM 2TB SSD 18CORE CPU 32CORE GPU | NEGRO - TECLADO INGLÉS,18099.0,27149.0,5338.94,2026-08-05,33,PEN,,,Ripley PE,https://simple.ripley.com.pe/macbook-pro-142-2026-chip-m5-max-36gb-ram-2tb-ssd-18core-cpu-32core-gpu-negro-teclado-ingles-pmp20001351147
20260805_055550,2026-08-05T06:08:01.115118+00:00,ripley_pe,laptops,20001122211,HP,LAPTOP HP OMEN 9P4H8UA 16.1' CORE I7-14700HX 16GB 1TB VID8GB W11,6999.0,,2064.6,2026-08-05,,PEN,,,Ripley PE,https://simple.ripley.com.pe/laptop-hp-omen-9p4h8ua-161-core-i7-14700hx-16gb-1tb-vid8gb-w11-pmp20001122211
20260805_055550,2026-08-05T06:08:01.117118+00:00,ripley_pe,laptops,20001280794,LENOVO,LAPTOP IDEAPAD SLIM 3I I3-N305 LENOVO 15.6' 256GB SSD 8GB RAM W11 S - TECLADO INGLÉS | ARCTIC GRAY,1999.0,2299.0,589.68,2026-08-05,13,PEN,,,Ripley PE,https://simple.ripley.com.pe/laptop-ideapad-slim-3i-i3-n305-lenovo-156-256gb-ssd-8gb-ram-w11-s-teclado-ingles-arctic-gray-pmp20001280794
20260805_055550,2026-08-05T06:08:01.118118+00:00,ripley_pe,laptops,20001492101,ASUS,LAPTOP ASUS EXPERTBOOK 15.6' FHD IPS1920 X 1080 C7 240H 16GB DDR5 512GB DISCO FREEDOS,3469.0,3869.0,1023.3,2026-08-05,10,PEN,,,Ripley PE,https://simple.ripley.com.pe/laptop-asus-expertbook-156-fhd-ips1920-x-1080-c7-240h-16gb-ddr5-512gb-disco-freedos-pmp20001492101
20260805_055550,2026-08-05T06:08:01.119118+00:00,ripley_pe,laptops,20000876616,LENOVO,"Laptop Legion Pro 5 AMD Ryzen 9 16 Core NVIDIA GeForce RTX 5070 8GB 32GB 1TB 16"" WQXGA 240Hz",9299.0,10899.0,2743.07,2026-08-05,15,PEN,,,Ripley PE,https://simple.ripley.com.pe/laptop-legion-pro-5-amd-ryzen-9-16-core-nvidia-geforce-rtx-5070-8gb-32gb-1tb-16-wqxga-240hz-pmp20000876616
20260805_055550,2026-08-05T06:08:01.120118+00:00,ripley_pe,laptops,20000231131,ASUS,LAPTOP GAMER ASUS TUF GAMING 64GB 4TB SSD F15 DDR4 PCLE,9984.75,16804.08,2945.35,2026-08-05,41,PEN,,,Ripley PE,https://simple.ripley.com.pe/laptop-gamer-asus-tuf-gaming-64gb-4tb-ssd-f15-ddr4-pcle-pmp20000231131
20260805_055550,2026-08-05T06:08:01.121118+00:00,ripley_pe,laptops,20000231125,ASUS,LAPTOP GAMER ASUS TUF GAMING RYZEN 7 RTX4050 A17 2023,7449.94,12494.89,2197.62,2026-08-05,40,PEN,,,Ripley PE,https://simple.ripley.com.pe/laptop-gamer-asus-tuf-gaming-ryzen-7-rtx4050-a17-2023-pmp20000231125
20260805_055550,2026-08-05T06:08:01.122118+00:00,ripley_pe,laptops,20001189382,LENOVO,LAPTOP THINKPAD P14S G6 RYZEN AI 7 350 32GB 1TB WUXGA 14',7699.0,9199.0,2271.09,2026-08-05,16,PEN,,,Ripley PE,https://simple.ripley.com.pe/laptop-thinkpad-p14s-g6-ryzen-ai-7-350-32gb-1tb-wuxga-14-pmp20001189382
20260805_055550,2026-08-05T06:08:01.122118+00:00,ripley_pe,laptops,20001280783,HP,LAPTOP VICTUS 15 RYZEN 5 7535HS HP 15.6' 2TB SSD PCIE 64GB RAM W11 - TECLADO INGLÉS | PLATEADO,10089.0,14419.0,2976.11,2026-08-05,30,PEN,,,Ripley PE,https://simple.ripley.com.pe/laptop-victus-15-ryzen-5-7535hs-hp-156-2tb-ssd-pcie-64gb-ram-w11-teclado-ingles-plateado-pmp20001280783
20260805_055550,2026-08-05T06:08:01.123118+00:00,ripley_pe,laptops,20001290901,DELL,LAPTOP REACONDICIONADA DELL LATITUDE 3410 CORE I5 10MA 16GB RAM 512GB SSD,1764.0,,520.35,2026-08-05,,PEN,,,Ripley PE,https://simple.ripley.com.pe/laptop-reacondicionada-dell-latitude-3410-core-i5-10ma-16gb-ram-512gb-ssd-pmp20001290901
20260805_055550,2026-08-05T06:08:01.124113+00:00,ripley_pe,laptops,20000184966,HP,"LAPTOP HP ELITEBOOK X360 1030 G8 INTEL CORE I5 1145G7 8GB RAM 512GB SSD PANTALLA TOUCH 13.3"" FHD WINDOWS 10 PRO",3999.0,4799.0,1179.65,2026-08-05,17,PEN,,,Ripley PE,https://simple.ripley.com.pe/laptop-hp-elitebook-x360-1030-g8-intel-core-i5-1145g7-8gb-ram-512gb-ssd-pantalla-touch-133-fhd-windows-10-pro-pmp20000184966
20260805_055550,2026-08-05T06:08:01.125113+00:00,ripley_pe,laptops,20000222232,APPLE,"MACBOOK AIR CHIP M2 256GB SSD 13"" MIDNIGHT, 8-CORE GPU",7227.9,11267.43,2132.12,2026-08-05,36,PEN,,,Ripley PE,https://simple.ripley.com.pe/macbook-air-chip-m2-256gb-ssd-13-midnight-8-core-gpu-pmp20000222232
20260805_055550,2026-08-05T06:08:01.125113+00:00,ripley_pe,laptops,20000288266,LENOVO,LAPTOP LENOVOV15 G2 ALC 40GB RAM 2TB SSD,4130.0,6518.5,1218.29,2026-08-05,37,PEN,,,Ripley PE,https://simple.ripley.com.pe/laptop-lenovov15-g2-alc-40gb-ram-2tb-ssd-pmp20000288266
20260805_055550,2026-08-05T06:08:01.126115+00:00,ripley_pe,laptops,20001536833,HP,LAPTOP GAMER HP OMEN R9 8940HX 24GB 1TB RTX5060 2K,14974.38,,4417.22,2026-08-05,,PEN,,,Ripley PE,https://simple.ripley.com.pe/laptop-gamer-hp-omen-r9-8940hx-24gb-1tb-rtx5060-2k-pmp20001536833
20260805_055550,2026-08-05T06:08:01.127113+00:00,ripley_pe,laptops,20000494517,LENOVO,"LAPTOP LENOVO 83A100GKLM 8GB 15.6"" 256GB INTEL VG4 IRU TN CORE I5-13420H FREEDOS RENDIMIENTO PORTATIL GRIS",2539.0,3629.0,748.97,2026-08-05,30,PEN,,,Ripley PE,https://simple.ripley.com.pe/laptop-lenovo-83a100gklm-8gb-156-256gb-intel-vg4-iru-tn-core-i5-13420h-freedos-rendimiento-portatil-gris-pmp20000494517
20260805_055550,2026-08-05T06:08:01.127113+00:00,ripley_pe,laptops,20001343825,HP,LAPTOP HP VICTUS 15.6' AMD RYZEN 7-5800H RAM 8GB SSD 512GB NVIDIA GEFORCE RTX 3050 4GB+ ACCESORIOS,3099.0,4129.0,914.16,2026-08-05,25,PEN,,,Ripley PE,https://simple.ripley.com.pe/laptop-hp-victus-156-amd-ryzen-7-5800h-ram-8gb-ssd-512gb-nvidia-geforce-rtx-3050-4gb-accesorios-pmp20001343825
20260805_055550,2026-08-05T06:08:01.128112+00:00,ripley_pe,laptops,20000859205,MICROSOFT,MICROSOFT SURFACE PRO ZHY-00001 CARGA RÁPIDA,6125.0,7350.0,1806.78,2026-08-05,17,PEN,,,Ripley PE,https://simple.ripley.com.pe/microsoft-surface-pro-zhy-00001-carga-rapida-pmp20000859205
20260805_055550,2026-08-05T06:08:01.129112+00:00,ripley_pe,laptops,20001218012,HP,COMBO LAPTOP HP PAVILION 15-EG2506LA CORE I7 512GB 12GB + MOUSE ENKORE URBAN 2.4GHZ EKM 203K,3256.0,3516.0,960.47,2026-08-05,7,PEN,,,Ripley PE,https://simple.ripley.com.pe/combo-laptop-hp-pavilion-15-eg2506la-core-i7-512gb-12gb-mouse-enkore-urban-24ghz-ekm-203k-pmp20001218012
20260805_055550,2026-08-05T06:08:01.130112+00:00,ripley_pe,laptops,20001477947,HP,LAPTOP HP 15-FC0275LA 15.6' AMD RYZEN 7 512GB SSD 16GB,2902.0,3134.0,856.05,2026-08-05,7,PEN,,,Ripley PE,https://simple.ripley.com.pe/laptop-hp-15-fc0275la-156-amd-ryzen-7-512gb-ssd-16gb-pmp20001477947
20260805_055550,2026-08-05T06:08:01.131112+00:00,ripley_pe,laptops,20000733825,HP,"LAPTOP HP 250 G10, 15.6 CORE I7 1355U 15' 512GB SSD RAM 8GB",3800.0,,1120.94,2026-08-05,,PEN,,,Ripley PE,https://simple.ripley.com.pe/laptop-hp-250-g10-156-core-i7-1355u-15-512gb-ssd-ram-8gb-pmp20000733825
20260805_055550,2026-08-05T06:08:01.132112+00:00,ripley_pe,laptops,20001242289,HP,NOTEBOOK HP ZBOOK 8 G1I 16 PULGADAS WUXGA CORE ULTRA 9 285H 32GB DDR5 5600MHZ,12859.0,19289.0,3793.22,2026-08-05,33,PEN,,,Ripley PE,https://simple.ripley.com.pe/notebook-hp-zbook-8-g1i-16-pulgadas-wuxga-core-ultra-9-285h-32gb-ddr5-5600mhz-pmp20001242289
20260805_055550,2026-08-05T06:08:01.133112+00:00,ripley_pe,laptops,20001536831,HP,LAPTOP GAMER HP VICTUS 15-FA2018LA I5 8GB 512GB RTX4050,9103.14,,2685.29,2026-08-05,,PEN,,,Ripley PE,https://simple.ripley.com.pe/laptop-gamer-hp-victus-15-fa2018la-i5-8gb-512gb-rtx4050-pmp20001536831
20260805_055550,2026-08-05T06:08:01.133112+00:00,ripley_pe,laptops,20001516581,CHUWI,LAPTOP CHUWI COREBOOK X14 14 ' INTEL CORE I9 1TB 16GB,2902.0,3134.0,856.05,2026-08-05,7,PEN,,,Ripley PE,https://simple.ripley.com.pe/laptop-chuwi-corebook-x14-14-intel-core-i9-1tb-16gb-pmp20001516581
20260805_055550,2026-08-05T06:08:01.134115+00:00,ripley_pe,laptops,20001092514,HP,LAPTOP HP OMNIBOOK X FLIP 16-BE0003DX AMD RYZEN 5 220U 8GB RAM 512GB SSD 16' 2K IPS - GREY,2999.0,3999.0,884.66,2026-08-05,25,PEN,,,Ripley PE,https://simple.ripley.com.pe/laptop-hp-omnibook-x-flip-16-be0003dx-amd-ryzen-5-220u-8gb-ram-512gb-ssd-16-2k-ips-grey-pmp20001092514
20260805_055550,2026-08-05T06:08:01.134115+00:00,ripley_pe,laptops,20000491655,MSI,LAPTOP MSI CREATORM1413083 CREATOR M14 14' 2.8K : INTEL CORE I7-13620H  RTX 4050  16GB RAM  1TB SSD  WIN 11  NEGRO,6305.0,7566.0,1859.88,2026-08-05,17,PEN,,,Ripley PE,https://simple.ripley.com.pe/laptop-msi-creatorm1413083-creator-m14-14-28k-intel-core-i7-13620h-rtx-4050-16gb-ram-1tb-ssd-win-11-negro-pmp20000491655
20260805_055550,2026-08-05T06:08:01.135113+00:00,ripley_pe,laptops,20001461826,LENOVO,"LAPTOP LENOVO IDEAPAD SLIM 15,6” AMD RYZEN 5 7520U 16GBLPRR5 500GB",2799.0,,825.66,2026-08-05,,PEN,,,Ripley PE,https://simple.ripley.com.pe/laptop-lenovo-ideapad-slim-156-amd-ryzen-5-7520u-16gblprr5-500gb-pmp20001461826
20260805_055550,2026-08-05T06:08:01.136114+00:00,ripley_pe,laptops,20000222240,APPLE,"MACBOOK AIR CHIP M2 256GB SSD 13"" PLATA, 8-CORE GPU",7227.9,11267.43,2132.12,2026-08-05,36,PEN,,,Ripley PE,https://simple.ripley.com.pe/macbook-air-chip-m2-256gb-ssd-13-plata-8-core-gpu-pmp20000222240
20260805_055550,2026-08-05T06:08:01.136114+00:00,ripley_pe,laptops,20001511067,APPLE,MACBOOK AIR 13 M5 10C CPU 8C GPU 16GB 512GB SSD STARLIGHT,11410.17,,3365.83,2026-08-05,,PEN,,,Ripley PE,https://simple.ripley.com.pe/macbook-air-13-m5-10c-cpu-8c-gpu-16gb-512gb-ssd-starlight-pmp20001511067
20260805_055550,2026-08-05T06:08:01.137113+00:00,ripley_pe,laptops,20000510186,LENOVO,"LAPTOP LENOVO 83A100GJLM 8GB 15.6"" 512GB INTEL VG4 IRU  FHD TN CORE I5-13420H 2.1 4.6GHZ DDR4-3200MHZ FREEDOS",2609.0,3729.0,769.62,2026-08-05,30,PEN,,,Ripley PE,https://simple.ripley.com.pe/laptop-lenovo-83a100gjlm-8gb-156-512gb-intel-vg4-iru-fhd-tn-core-i5-13420h-21-46ghz-ddr4-3200mhz-freedos-pmp20000510186
20260805_055550,2026-08-05T06:08:01.137113+00:00,ripley_pe,laptops,20001535347,APPLE,MACBOOK PRO 2020 13.3” I5 8GB RAM + 256GB SSD PLATEADO REACONDICIONADO GRADO A,2399.0,3900.0,707.67,2026-08-05,38,PEN,,,Ripley PE,https://simple.ripley.com.pe/macbook-pro-2020-133-i5-8gb-ram-256gb-ssd-plateado-reacondicionado-grado-a-pmp20001535347
20260805_055550,2026-08-05T06:08:01.138113+00:00,ripley_pe,laptops,20000231126,ASUS,LAPTOP GAMER ASUS TUF GAMING 64GB 2TB SSD F15 DDR4 PCLE,9419.51,15843.17,2778.62,2026-08-05,41,PEN,,,Ripley PE,https://simple.ripley.com.pe/laptop-gamer-asus-tuf-gaming-64gb-2tb-ssd-f15-ddr4-pcle-pmp20000231126
20260805_055550,2026-08-05T06:08:01.138113+00:00,ripley_pe,laptops,20000783527,HP,LAPTOP HP ZBOOK POWER G11 AMD RYZEN 7-8845HS 32GB 1TB SSD,10129.0,12999.0,2987.91,2026-08-05,22,PEN,,,Ripley PE,https://simple.ripley.com.pe/laptop-hp-zbook-power-g11-amd-ryzen-7-8845hs-32gb-1tb-ssd-pmp20000783527
20260805_055550,2026-08-05T06:08:01.139113+00:00,ripley_pe,laptops,20001349777,APPLE,NUEVA MACBOOK AIR M5 13” 16GB RAM + 512GB (TECLADO INGLES),5999.0,6499.0,1769.62,2026-08-05,8,PEN,,,Ripley PE,https://simple.ripley.com.pe/nueva-macbook-air-m5-13-16gb-ram-512gb-teclado-ingles-pmp20001349777
20260805_055550,2026-08-05T06:08:01.140116+00:00,ripley_pe,laptops,20001024851,HP,"HP 250 G10 INTEL CORE I5-1334U 4.6GHZ 16GB RAM 512GB SSD PCIE INTEL IRIS XE GRAPHICS 15.6"" HD FD",2650.0,3100.0,781.71,2026-08-05,15,PEN,,,Ripley PE,https://simple.ripley.com.pe/hp-250-g10-intel-core-i5-1334u-46ghz-16gb-ram-512gb-ssd-pcie-intel-iris-xe-graphics-156-hd-fd-pmp20001024851
20260805_055550,2026-08-05T06:08:01.141170+00:00,ripley_pe,laptops,20000494516,LENOVO,"LAPTOP LENOVO 83A100GJLM 8GB 15.6"" 512GB INTEL VG4 IRU CORE I5-13420H FREEDOS RENDIMIENTO SUPERIOR EN GRIS",2609.0,3729.0,769.62,2026-08-05,30,PEN,,,Ripley PE,https://simple.ripley.com.pe/laptop-lenovo-83a100gjlm-8gb-156-512gb-intel-vg4-iru-core-i5-13420h-freedos-rendimiento-superior-en-gris-pmp20000494516
20260805_055550,2026-08-05T06:08:01.142173+00:00,ripley_pe,laptops,20001355191,APPLE,APPLE MACBOOK AIR 13″ M5 16GB RAM 512GB SSD LIQUID RETINA – TECLADO INGLÉS,5999.0,6499.0,1769.62,2026-08-05,8,PEN,,,Ripley PE,https://simple.ripley.com.pe/apple-macbook-air-13-m5-16gb-ram-512gb-ssd-liquid-retina-teclado-ingles-pmp20001355191
20260805_055550,2026-08-05T06:08:01.143173+00:00,ripley_pe,laptops,20001546442,HP,LAPTOP GAMER HP VICTUS 15-FA2018LA I5 8GB 512GB RTX4050,4029.0,5036.25,1188.5,2026-08-05,20,PEN,,,Ripley PE,https://simple.ripley.com.pe/laptop-gamer-hp-victus-15-fa2018la-i5-8gb-512gb-rtx4050-pmp20001546442
20260805_055550,2026-08-05T06:08:01.144173+00:00,ripley_pe,laptops,20001317175,LENOVO,LAPTOP LENOVO V15 G5 IRL INTEL CORE I7-13620H 16GB DDR5 1TB SSD 15.6' FHD + 1TB HDD EXTERNO + COOLER,4290.0,4499.0,1265.49,2026-08-05,5,PEN,,,Ripley PE,https://simple.ripley.com.pe/laptop-lenovo-v15-g5-irl-intel-core-i7-13620h-16gb-ddr5-1tb-ssd-156-fhd-1tb-hdd-externo-cooler-pmp20001317175
20260805_055550,2026-08-05T06:08:01.145180+00:00,ripley_pe,laptops,20001280810,HP,LAPTOP VICTUS 15 RYZEN 5 7535HS HP 15.6' 1TB SSD PCIE 32GB RAM W11 - TECLADO INGLÉS | PLATEADO,5699.0,6559.0,1681.12,2026-08-05,13,PEN,,,Ripley PE,https://simple.ripley.com.pe/laptop-victus-15-ryzen-5-7535hs-hp-156-1tb-ssd-pcie-32gb-ram-w11-teclado-ingles-plateado-pmp20001280810
20260805_055550,2026-08-05T06:08:01.146170+00:00,ripley_pe,laptops,20001194057,HP,"PORTÁTIL HP 250 G10 15.6' HD, INTEL CORE I7, 8GB RAM, 512GB SSD, COLOR PLATA, DURACIÓN DE BATERÍA 8.4H",3659.0,5489.0,1079.35,2026-08-05,33,PEN,,,Ripley PE,https://simple.ripley.com.pe/portatil-hp-250-g10-156-hd-intel-core-i7-8gb-ram-512gb-ssd-color-plata-duracion-de-bateria-84h-pmp20001194057
20260805_055550,2026-08-05T06:08:01.147171+00:00,ripley_pe,laptops,20001464451,HP,LAPTOP HP 255R G10 RYZEN 5 7535U / 16GBB RAM / 512GB SSD / 15.6” HD – C7GP3AT#ABM,2599.0,3289.0,766.67,2026-08-05,21,PEN,,,Ripley PE,https://simple.ripley.com.pe/laptop-hp-255r-g10-ryzen-5-7535u-16gbb-ram-512gb-ssd-156-hd-c7gp3atabm-pmp20001464451
20260805_055550,2026-08-05T06:08:05.764582+00:00,ripley_pe,laptops,20001535851,LENOVO,LAPTOP LENOVO IDEAPAD SLIM 3 15.3' CORE I7 512GB SSD 16GB RAM INTEL GRAPHICS WINDOWS HOME GRIS,4249.0,,1253.39,2026-08-05,,PEN,,,Ripley PE,https://simple.ripley.com.pe/laptop-lenovo-ideapad-slim-3-153-core-i7-512gb-ssd-16gb-ram-intel-graphics-windows-home-gris-pmp20001535851
20260805_055550,2026-08-05T06:08:05.765591+00:00,ripley_pe,laptops,20001133109,HP,"LAPTOP HP 250 G10, 15.6' FULL HD, INTEL I5, 8GB RAM, 512GB SSD, DISEÑO ELEGANTE Y POTENTE RENDIMIENTO",2609.0,3919.0,769.62,2026-08-05,33,PEN,,,Ripley PE,https://simple.ripley.com.pe/laptop-hp-250-g10-156-full-hd-intel-i5-8gb-ram-512gb-ssd-diseno-elegante-y-potente-rendimiento-pmp20001133109
20260805_055550,2026-08-05T06:08:05.769582+00:00,ripley_pe,laptops,20001148534,HP,"NOTEBOOK HP 15.6' TOUCHSCREEN, INTEL CORE I5-1334U, 8 GB RAM, 1920X1080 - POTENCIA Y VERSATILIDAD",3149.0,4729.0,928.91,2026-08-05,33,PEN,,,Ripley PE,https://simple.ripley.com.pe/notebook-hp-156-touchscreen-intel-core-i5-1334u-8-gb-ram-1920x1080-potencia-y-versatilidad-pmp20001148534
20260805_055550,2026-08-05T06:08:05.770586+00:00,ripley_pe,laptops,20001511074,APPLE,MACBOOK AIR 15 M5 10C CPU 10C GPU 16GB 512GB SSD SKY BLUE,13486.65,,3978.36,2026-08-05,,PEN,,,Ripley PE,https://simple.ripley.com.pe/macbook-air-15-m5-10c-cpu-10c-gpu-16gb-512gb-ssd-sky-blue-pmp20001511074
20260805_055550,2026-08-05T06:08:05.779594+00:00,ripley_pe,laptops,20001345641,DELL,"LAPTOP DELL 15 DC15250 I5-1334U, 8GB RAM, 512GB SSD, SIN WINDOWS, 15.6' (KD9XK)",2129.0,2799.0,628.02,2026-08-05,24,PEN,,,Ripley PE,https://simple.ripley.com.pe/laptop-dell-15-dc15250-i5-1334u-8gb-ram-512gb-ssd-sin-windows-156-kd9xk-pmp20001345641
20260805_055550,2026-08-05T06:08:05.780595+00:00,ripley_pe,laptops,20001546289,HP,LAPTOP REACONDICIONADA HP PROBOOK 440 G9 CI5 12VA 16GB RAM 512GB SSD PLATEADO,2186.0,,644.84,2026-08-05,,PEN,,,Ripley PE,https://simple.ripley.com.pe/laptop-reacondicionada-hp-probook-440-g9-ci5-12va-16gb-ram-512gb-ssd-plateado-pmp20001546289
20260805_055550,2026-08-05T06:08:05.781594+00:00,ripley_pe,laptops,20001546268,HP,LAPTOP REACONDICIONADA HP 440 G8 CI7 11VA 16GB RAM 512GB SSD PLATA,2298.0,,677.88,2026-08-05,,PEN,,,Ripley PE,https://simple.ripley.com.pe/laptop-reacondicionada-hp-440-g8-ci7-11va-16gb-ram-512gb-ssd-plata-pmp20001546268
20260805_055550,2026-08-05T06:08:05.783594+00:00,ripley_pe,laptops,20001351151,APPLE,MACBOOK AIR 15.3' (2026) CHIP M5 16GB RAM 1TB SSD | MIDNIGHT - TECLADO INGLÉS,7999.0,9199.0,2359.59,2026-08-05,13,PEN,,,Ripley PE,https://simple.ripley.com.pe/macbook-air-153-2026-chip-m5-16gb-ram-1tb-ssd-midnight-teclado-ingles-pmp20001351151
20260805_055550,2026-08-05T06:08:05.783594+00:00,ripley_pe,laptops,20001216242,LENOVO,"LAPTOP LENOVO THINKPAD E16 GEN 3, INTEL I7, 16GB RAM, 512GB SSD, PANTALLA 16' W11 PRO",8149.0,12229.0,2403.83,2026-08-05,33,PEN,,,Ripley PE,https://simple.ripley.com.pe/laptop-lenovo-thinkpad-e16-gen-3-intel-i7-16gb-ram-512gb-ssd-pantalla-16-w11-pro-pmp20001216242
20260805_055550,2026-08-05T06:08:05.784602+00:00,ripley_pe,laptops,20000288296,DELL,LAPTOP DELL INSPIRON 3511 16GB RAM 1TB SSD,4150.0,6612.36,1224.19,2026-08-05,37,PEN,,,Ripley PE,https://simple.ripley.com.pe/laptop-dell-inspiron-3511-16gb-ram-1tb-ssd-pmp20000288296
20260805_055550,2026-08-05T06:08:05.785595+00:00,ripley_pe,laptops,20000288328,DELL,LAPTOP DELL INSPIRON 3511 16GB RAM 2TB SSD,4750.0,7480.42,1401.18,2026-08-05,37,PEN,,,Ripley PE,https://simple.ripley.com.pe/laptop-dell-inspiron-3511-16gb-ram-2tb-ssd-pmp20000288328
20260805_055550,2026-08-05T06:08:05.787594+00:00,ripley_pe,laptops,20001510512,ASUS,"LAPTOP ASUS VIVOBOOK15 X1504VA-BQ4055, I5-120U, 16GB RAM, 512GB SSD, SIN WINDOWS, 15.6'",2689.0,3689.0,793.22,2026-08-05,27,PEN,,,Ripley PE,https://simple.ripley.com.pe/laptop-asus-vivobook15-x1504va-bq4055-i5-120u-16gb-ram-512gb-ssd-sin-windows-156-pmp20001510512
20260805_055550,2026-08-05T06:08:05.788594+00:00,ripley_pe,laptops,20001535346,APPLE,MACBOOK PRO 2020 13.3” I5 16GB RAM + 256GB SSD PLATEADO REACONDICIONADO GRADO A,2499.0,4100.0,737.17,2026-08-05,39,PEN,,,Ripley PE,https://simple.ripley.com.pe/macbook-pro-2020-133-i5-16gb-ram-256gb-ssd-plateado-reacondicionado-grado-a-pmp20001535346
20260805_055550,2026-08-05T06:08:05.789594+00:00,ripley_pe,laptops,20001355988,APPLE,APPLE MACBOOK AIR 13″ M5 512GB SSD 16GB RAM – TECLADO INGLÉS + REGALO,5699.0,7299.0,1681.12,2026-08-05,22,PEN,,,Ripley PE,https://simple.ripley.com.pe/apple-macbook-air-13-m5-512gb-ssd-16gb-ram-teclado-ingles-regalo-pmp20001355988
20260805_055550,2026-08-05T06:08:05.791594+00:00,ripley_pe,laptops,20001351158,APPLE,MACBOOK AIR 13.6' (2026) CHIP M5 16GB RAM 1TB SSD | MIDNIGHT - TECLADO INGLÉS,6999.0,8049.0,2064.6,2026-08-05,13,PEN,,,Ripley PE,https://simple.ripley.com.pe/macbook-air-136-2026-chip-m5-16gb-ram-1tb-ssd-midnight-teclado-ingles-pmp20001351158
20260805_055550,2026-08-05T06:08:05.793101+00:00,ripley_pe,laptops,20001238671,LENOVO,LAPTOP LENOVO THINKPAD L16 GEN 2 AMD RYZEN 7 PRO 16GB 512GB,5399.0,6599.0,1592.63,2026-08-05,18,PEN,,,Ripley PE,https://simple.ripley.com.pe/laptop-lenovo-thinkpad-l16-gen-2-amd-ryzen-7-pro-16gb-512gb-pmp20001238671
20260805_055550,2026-08-05T06:08:05.794112+00:00,ripley_pe,laptops,20001057976,ADVANCE,"NOTEBOOK 2-EN-1 ADVANCE CN4058, 10.1' , INTEL CELERON N4020 1.10 GHZ, 8GB RAM,128GB",959.0,1139.0,282.89,2026-08-05,16,PEN,,,Ripley PE,https://simple.ripley.com.pe/notebook-2-en-1-advance-cn4058-101-intel-celeron-n4020-110-ghz-8gb-ram128gb-pmp20001057976
20260805_055550,2026-08-05T06:08:05.795111+00:00,ripley_pe,laptops,20001525733,MSI,LAPTOP MSI THIN A15-B7VE-214US 15.6' AMD RYZEN 7 512GB SSD 16GB GEFORCE RTX 4050,4848.0,5236.0,1430.09,2026-08-05,7,PEN,,,Ripley PE,https://simple.ripley.com.pe/laptop-msi-thin-a15-b7ve-214us-156-amd-ryzen-7-512gb-ssd-16gb-geforce-rtx-4050-pmp20001525733
20260805_055550,2026-08-05T06:08:05.796111+00:00,ripley_pe,laptops,20001494665,LENOVO,LAPTOP IDEAPAD SLIM 3 16IRH10 INTEL CORE I5-13420H 16GB 512GB WUXGA 16',3099.0,4399.0,914.16,2026-08-05,30,PEN,,,Ripley PE,https://simple.ripley.com.pe/laptop-ideapad-slim-3-16irh10-intel-core-i5-13420h-16gb-512gb-wuxga-16-pmp20001494665
20260805_055550,2026-08-05T06:08:05.797111+00:00,ripley_pe,laptops,20001513649,DELL,LAPTOP DELL LDC15250-5434BLK-PU  2K TOUCHSCREEN 15.6' INTEL CORE I5 512GB SSD 8GB,2479.0,2677.0,731.27,2026-08-05,7,PEN,,,Ripley PE,https://simple.ripley.com.pe/laptop-dell-ldc15250-5434blk-pu-2k-touchscreen-156-intel-core-i5-512gb-ssd-8gb-pmp20001513649
20260805_055550,2026-08-05T06:08:05.798123+00:00,ripley_pe,laptops,20001490275,APPLE,MACBOOK AIR M2 13.6' APPLE M2 256GB SSD 8GB | OPEN BOX,3956.0,4272.0,1166.96,2026-08-05,7,PEN,,,Ripley PE,https://simple.ripley.com.pe/macbook-air-m2-136-apple-m2-256gb-ssd-8gb-open-box-pmp20001490275
20260805_055550,2026-08-05T06:08:05.801123+00:00,ripley_pe,laptops,20000106872,HP,"LAPTOP HP INTEL CORE I3-1115 32GB RAM 1TB SSD PCIE 15.6"" WINDOWS 11 HOME, PLATEADO",4229.0,6049.0,1247.49,2026-08-05,30,PEN,,,Ripley PE,https://simple.ripley.com.pe/laptop-hp-intel-core-i3-1115-32gb-ram-1tb-ssd-pcie-156-windows-11-home-plateado-pmp20000106872
20260805_055550,2026-08-05T06:08:05.802123+00:00,ripley_pe,laptops,20001516582,APPLE,MACBOOK NEO A18PRO 13 APPLE A18 PRO 256GB SSD 8GB,3096.0,3344.0,913.27,2026-08-05,7,PEN,,,Ripley PE,https://simple.ripley.com.pe/macbook-neo-a18pro-13-apple-a18-pro-256gb-ssd-8gb-pmp20001516582
20260805_055550,2026-08-05T06:08:05.804124+00:00,ripley_pe,laptops,20001536134,LENOVO,LAPTOP LENOVO IDEAPAD 14AKP10 14' AMD RYZEN AI 5 512GB SSD 16GB,3709.0,4006.0,1094.1,2026-08-05,7,PEN,,,Ripley PE,https://simple.ripley.com.pe/laptop-lenovo-ideapad-14akp10-14-amd-ryzen-ai-5-512gb-ssd-16gb-pmp20001536134
20260805_055550,2026-08-05T06:08:05.804124+00:00,ripley_pe,laptops,20001194047,LENOVO,"LAPTOP LENOVO V15, RYZEN 3 7320U, 8GB RAM, 512GB SSD, 15.6' FHD, COLOR GRIS, IDEAL PARA TRABAJO Y ESTUDIO",2259.0,3389.0,666.37,2026-08-05,33,PEN,,,Ripley PE,https://simple.ripley.com.pe/laptop-lenovo-v15-ryzen-3-7320u-8gb-ram-512gb-ssd-156-fhd-color-gris-ideal-para-trabajo-y-estudio-pmp20001194047
20260805_055550,2026-08-05T06:08:05.805123+00:00,ripley_pe,laptops,20001133101,ADVANCE,"NOTEBOOK 2 EN 1 ADVANCE CN4058 10.1' CELERON N4020, 8GB RAM, 128GB, PANTALLA TÁCTIL, PORTÁTIL Y VERSÁTIL",909.0,1369.0,268.14,2026-08-05,34,PEN,,,Ripley PE,https://simple.ripley.com.pe/notebook-2-en-1-advance-cn4058-101-celeron-n4020-8gb-ram-128gb-pantalla-tactil-portatil-y-versatil-pmp20001133101
20260805_055550,2026-08-05T06:08:11.241947+00:00,ripley_pe,laptops,20001347692,DELL,LAPTOP DELL DC 15250 INTEL CORE I7-1355U 3.7GHZ RAM 16GB DDR4 SSD 512GB / PANTALLA15.6 FHD - 3XHY0,2899.0,4139.0,855.16,2026-08-05,30,PEN,,,Ripley PE,https://simple.ripley.com.pe/laptop-dell-dc-15250-intel-core-i7-1355u-37ghz-ram-16gb-ddr4-ssd-512gb-pantalla156-fhd-3xhy0-pmp20001347692
20260805_055550,2026-08-05T06:08:11.245955+00:00,ripley_pe,laptops,20000857627,LENOVO,LAPTOP LENOVO L15 15.6' CORE I5/11VA 16GB RAM 256GB SSD REACONDICIONADO,1736.0,2361.9,512.09,2026-08-05,26,PEN,,,Ripley PE,https://simple.ripley.com.pe/laptop-lenovo-l15-156-core-i511va-16gb-ram-256gb-ssd-reacondicionado-pmp20000857627
20260805_055550,2026-08-05T06:08:11.246955+00:00,ripley_pe,laptops,20001483092,LENOVO,LAPTOP NUEVA LENOVO V15 G4 IRL INTEL CI7 13VA 24GB DDR5 512GB SSD+ 1TB HDD 15.6 FHD,4359.0,4890.0,1285.84,2026-08-05,11,PEN,,,Ripley PE,https://simple.ripley.com.pe/laptop-nueva-lenovo-v15-g4-irl-intel-ci7-13va-24gb-ddr5-512gb-ssd-1tb-hdd-156-fhd-pmp20001483092
20260805_055550,2026-08-05T06:08:11.247941+00:00,ripley_pe,laptops,20000844050,ADVANCE,NOTEBOOK 2 EN 1 ADVANCE CN4058 10.1' CELERON N4020 1.10 GHZ 8GB RAM 128GB PANTALLA TOUCH,959.0,1058.0,282.89,2026-08-05,9,PEN,,,Ripley PE,https://simple.ripley.com.pe/notebook-2-en-1-advance-cn4058-101-celeron-n4020-110-ghz-8gb-ram-128gb-pantalla-touch-pmp20000844050
20260805_055550,2026-08-05T06:08:11.248940+00:00,ripley_pe,laptops,20001124733,HP,LAPTOP HP 255 G10 R3-7320U/8GB/256GB/15.6'/FREEDOS,1999.0,2799.0,589.68,2026-08-05,29,PEN,,,Ripley PE,https://simple.ripley.com.pe/laptop-hp-255-g10-r3-7320u8gb256gb156freedos-pmp20001124733
20260805_055550,2026-08-05T06:08:11.251940+00:00,ripley_pe,laptops,20001546163,HP,LAPTOP HP 200 G2I INTEL CORE 5 120U 8GB DDR5 512GB SSD 16 WUXGA FREEDOS,2559.0,3079.0,754.87,2026-08-05,17,PEN,,,Ripley PE,https://simple.ripley.com.pe/laptop-hp-200-g2i-intel-core-5-120u-8gb-ddr5-512gb-ssd-16-wuxga-freedos-pmp20001546163
20260805_055550,2026-08-05T06:08:11.253953+00:00,ripley_pe,laptops,20001476866,LENOVO,LAPTOP LENOVO V15 G4 AMN AMD RYZEN 5 7520U 8GB RAM 256GB SSD M.2 15.6 FHD FREEDOS,1999.0,2399.0,589.68,2026-08-05,17,PEN,,,Ripley PE,https://simple.ripley.com.pe/laptop-lenovo-v15-g4-amn-amd-ryzen-5-7520u-8gb-ram-256gb-ssd-m2-156-fhd-freedos-pmp20001476866
20260805_055550,2026-08-05T06:08:11.254948+00:00,ripley_pe,laptops,20000865467,MSI,"MSI CREATOR A16 AI+ 2024 MINILED LAPTOP: RYZEN AI 9-365, RTX 4070, 32GB, 1TB SSD, WINDOWS 11",10135.0,12162.0,2989.68,2026-08-05,17,PEN,,,Ripley PE,https://simple.ripley.com.pe/msi-creator-a16-ai-2024-miniled-laptop-ryzen-ai-9-365-rtx-4070-32gb-1tb-ssd-windows-11-pmp20000865467
20260805_055550,2026-08-05T06:08:11.255951+00:00,ripley_pe,laptops,20001280792,ASUS,(REACONDICIONADO) LAPTOP TUF A15 RYZEN 7 7435HS ASUS 15.6' 512GB SSD 8GB RAM-TECLADO INGLÉS | BLACK,7159.0,10229.0,2111.8,2026-08-05,30,PEN,,,Ripley PE,https://simple.ripley.com.pe/reacondicionado-laptop-tuf-a15-ryzen-7-7435hs-asus-156-512gb-ssd-8gb-ram-teclado-ingles-black-pmp20001280792
20260805_055550,2026-08-05T06:08:11.257947+00:00,ripley_pe,laptops,20001546046,HP,LAPTOP HP OMNIBOOK 3 16-BY0205DX 16' AMD RYZEN AI 5 256GB SSD 16GB,2719.0,2937.0,802.06,2026-08-05,7,PEN,,,Ripley PE,https://simple.ripley.com.pe/laptop-hp-omnibook-3-16-by0205dx-16-amd-ryzen-ai-5-256gb-ssd-16gb-pmp20001546046
20260805_055550,2026-08-05T06:08:11.258947+00:00,ripley_pe,laptops,20001349767,APPLE,NUEVA MACBOOK AIR M5 13” 16GB RAM + 512GB (TECLADO INGLES),5999.0,6499.0,1769.62,2026-08-05,8,PEN,,,Ripley PE,https://simple.ripley.com.pe/nueva-macbook-air-m5-13-16gb-ram-512gb-teclado-ingles-pmp20001349767
20260805_055550,2026-08-05T06:08:11.259947+00:00,ripley_pe,laptops,20001490273,DELL,LAPTOP DELL LATITUDE 7400 14' INTEL CORE I7 512GB SSD 16GB | OPEN BOX,1934.0,2089.0,570.5,2026-08-05,7,PEN,,,Ripley PE,https://simple.ripley.com.pe/laptop-dell-latitude-7400-14-intel-core-i7-512gb-ssd-16gb-open-box-pmp20001490273
20260805_055550,2026-08-05T06:08:11.260947+00:00,ripley_pe,laptops,20001280778,HP,LAPTOP VICTUS 15 RYZEN 5 7535HS HP 15.6' 2TB SSD PCIE 32GB RAM W11 - TECLADO INGLÉS | PLATEADO,6499.0,7479.0,1917.11,2026-08-05,13,PEN,,,Ripley PE,https://simple.ripley.com.pe/laptop-victus-15-ryzen-5-7535hs-hp-156-2tb-ssd-pcie-32gb-ram-w11-teclado-ingles-plateado-pmp20001280778
20260805_055550,2026-08-05T06:08:11.262960+00:00,ripley_pe,laptops,20001545846,GENERAL ELECTRIC,LAPTOP HP 250 G10 156 PULGADAS FHD IPS ANTIRREFLEJO INTEL I51334U 32 GB DE RAM 1 TB SSD 10 NÚCLEOS RYZEN 77730U NEGOCIOS,6629.0,8289.0,1955.46,2026-08-05,20,PEN,,,Ripley PE,https://simple.ripley.com.pe/laptop-hp-250-g10-156-pulgadas-fhd-ips-antirreflejo-intel-i51334u-32-gb-de-ram-1-tb-ssd-10-nucleos-ryzen-77730u-negocios-pmp20001545846
20260805_055550,2026-08-05T06:08:11.263948+00:00,ripley_pe,laptops,20001355206,APPLE,APPLE MACBOOK AIR 13″ M5 16GB RAM 512GB SSD LIQUID RETINA – TECLADO INGLÉS + REGALO,5999.0,6499.0,1769.62,2026-08-05,8,PEN,,,Ripley PE,https://simple.ripley.com.pe/apple-macbook-air-13-m5-16gb-ram-512gb-ssd-liquid-retina-teclado-ingles-regalo-pmp20001355206
20260805_055550,2026-08-05T06:08:11.264947+00:00,ripley_pe,laptops,20001242251,HP,NOTEBOOK HP ZBOOK POWER 16 16 PULGADAS WUXGA CORE ULTRA 7-155H 16GB DDR5 5600MHZ,12539.0,18809.0,3698.82,2026-08-05,33,PEN,,,Ripley PE,https://simple.ripley.com.pe/notebook-hp-zbook-power-16-16-pulgadas-wuxga-core-ultra-7-155h-16gb-ddr5-5600mhz-pmp20001242251
20260805_055550,2026-08-05T06:08:11.265954+00:00,ripley_pe,laptops,20000859118,DELL,LAPTOP DELL 7320 13.3' CORE I7/11VA 16GB RAM 256GB SSD REACONDICIONADA,1950.0,,575.22,2026-08-05,,PEN,,,Ripley PE,https://simple.ripley.com.pe/laptop-dell-7320-133-core-i711va-16gb-ram-256gb-ssd-reacondicionada-pmp20000859118
20260805_055550,2026-08-05T06:08:11.266948+00:00,ripley_pe,laptops,20001316932,LENOVO,LAPTOP NUEVA RYZEN 5 7520U 8GB RAM 512GB SSD + 1TB HDD EXTERNO,2299.0,2799.0,678.17,2026-08-05,18,PEN,,,Ripley PE,https://simple.ripley.com.pe/laptop-nueva-ryzen-5-7520u-8gb-ram-512gb-ssd-1tb-hdd-externo-pmp20001316932
20260805_055550,2026-08-05T06:08:11.267947+00:00,ripley_pe,laptops,20001551149,LENOVO,LAPTOP LENOVO V15 G5 IRL 15.6 FHD INTEL CORE I5-13420H 16GB 512GB SSD FREEDOS + MOCHILA Y MOUSE,2390.0,3990.0,705.01,2026-08-05,40,PEN,,,Ripley PE,https://simple.ripley.com.pe/laptop-lenovo-v15-g5-irl-156-fhd-intel-core-i5-13420h-16gb-512gb-ssd-freedos-mochila-y-mouse-pmp20001551149
20260805_055550,2026-08-05T06:08:11.269952+00:00,ripley_pe,laptops,20001475980,LENOVO,LAPTOP NUEVA LENOVO I3 13VA 8GB DDR5 1TB SSD + 1TB HDD EXTERNO,2399.0,2999.0,707.67,2026-08-05,20,PEN,,,Ripley PE,https://simple.ripley.com.pe/laptop-nueva-lenovo-i3-13va-8gb-ddr5-1tb-ssd-1tb-hdd-externo-pmp20001475980
20260805_055550,2026-08-05T06:08:11.269952+00:00,ripley_pe,laptops,20000230597,LENOVO,"LAPTOP LENOVO IDEAPAD SLIM 315IAN8 CORE I3-N305 8GB RAM 512GB SSD 15.6"" FULLHD, LPDDR5 SSD, WIN11",2489.9,3000.0,734.48,2026-08-05,17,PEN,,,Ripley PE,https://simple.ripley.com.pe/laptop-lenovo-ideapad-slim-315ian8-core-i3-n305-8gb-ram-512gb-ssd-156-fullhd-lpddr5-ssd-win11-pmp20000230597
20260805_055550,2026-08-05T06:08:11.270948+00:00,ripley_pe,laptops,20001290889,DELL,LAPTOP REACONDICIONADA DELL VOSTRO 5402 CORE I5 11VA 8GB RAM 512GB SSD M.2,1853.9,,546.87,2026-08-05,,PEN,,,Ripley PE,https://simple.ripley.com.pe/laptop-reacondicionada-dell-vostro-5402-core-i5-11va-8gb-ram-512gb-ssd-m2-pmp20001290889
20260805_055550,2026-08-05T06:08:11.271947+00:00,ripley_pe,laptops,20000288300,LENOVO,LAPTOP LENOVO V15 G2 ALC 16GB RAM 2TB SSD,4160.0,6518.5,1227.14,2026-08-05,36,PEN,,,Ripley PE,https://simple.ripley.com.pe/laptop-lenovo-v15-g2-alc-16gb-ram-2tb-ssd-pmp20000288300
20260805_055550,2026-08-05T06:08:11.272947+00:00,ripley_pe,laptops,20000288317,LENOVO,LAPTOP LENOVOIDEAPAD 1 15IJL7 8GB RAM 128GB SSD + 128GB EMMC,2680.0,3877.72,790.56,2026-08-05,31,PEN,,,Ripley PE,https://simple.ripley.com.pe/laptop-lenovoideapad-1-15ijl7-8gb-ram-128gb-ssd-128gb-emmc-pmp20000288317
20260805_055550,2026-08-05T06:08:11.273947+00:00,ripley_pe,laptops,20001280763,HP,LAPTOP 15.6' I3 HP 15.6' 512GB SSD 16GB RAM W11 PRO - TECLADO INGLÉS,2759.0,3179.0,813.86,2026-08-05,13,PEN,,,Ripley PE,https://simple.ripley.com.pe/laptop-156-i3-hp-156-512gb-ssd-16gb-ram-w11-pro-teclado-ingles-pmp20001280763
20260805_055550,2026-08-05T06:08:11.275954+00:00,ripley_pe,laptops,20000783532,HP,LAPTOP HP ZBOOK POWER G11 AMD RYZEN 9-8945HS 32GB 1TB SSD,10999.0,12999.0,3244.54,2026-08-05,15,PEN,,,Ripley PE,https://simple.ripley.com.pe/laptop-hp-zbook-power-g11-amd-ryzen-9-8945hs-32gb-1tb-ssd-pmp20000783532
20260805_055550,2026-08-05T06:08:11.276948+00:00,ripley_pe,laptops,20001206164,HP,HP VICTUS 15-FB3021LA RYZEN 7-7445HS 16GB RAM DDR5 512GB SSD PCIE 6GB RTX4050 15.6 FHD IPS 144HZ WIN 11,4320.0,4900.0,1274.34,2026-08-05,12,PEN,,,Ripley PE,https://simple.ripley.com.pe/hp-victus-15-fb3021la-ryzen-7-7445hs-16gb-ram-ddr5-512gb-ssd-pcie-6gb-rtx4050-156-fhd-ips-144hz-win-11-pmp20001206164
20260805_055550,2026-08-05T06:08:11.277947+00:00,ripley_pe,laptops,20000194001,LENOVO,"LAPTOP LENOVO 82XFOO73LM IDEAPAD I7 13620H 4.90 GHZ 16GB RAM 512GB SSD 16"" SLIM 5 16IRL8 NB IP M.2 FREEDOS",3419.0,,1008.55,2026-08-05,,PEN,,,Ripley PE,https://simple.ripley.com.pe/laptop-lenovo-82xfoo73lm-ideapad-i7-13620h-490-ghz-16gb-ram-512gb-ssd-16-slim-5-16irl8-nb-ip-m2-freedos-pmp20000194001
20260805_055550,2026-08-05T06:08:11.278955+00:00,ripley_pe,laptops,20001551014,LENOVO,LAPTOP LENOVO V15 G5 IRL CORE 5 210H 8GB DDR5 SSD 512GB 15.6 FHD FREEDOS,2499.0,2999.0,737.17,2026-08-05,17,PEN,,,Ripley PE,https://simple.ripley.com.pe/laptop-lenovo-v15-g5-irl-core-5-210h-8gb-ddr5-ssd-512gb-156-fhd-freedos-pmp20001551014
20260805_055550,2026-08-05T06:08:11.279948+00:00,ripley_pe,laptops,20000258457,LENOVO,"LAPTOP LENOVO V15 G3 ABA 5425U 8GB RAM 256GB SSD M.2 15.6"" ABA/ FHD/ TN AMD RYZEN 3 5425U/ 2.7- 4.1GHZ MÁX./ FREEDOS",3129.0,4000.0,923.01,2026-08-05,22,PEN,,,Ripley PE,https://simple.ripley.com.pe/laptop-lenovo-v15-g3-aba-5425u-8gb-ram-256gb-ssd-m2-156-aba-fhd-tn-amd-ryzen-3-5425u-27-41ghz-max-freedos-pmp20000258457
20260805_055550,2026-08-05T06:08:11.280947+00:00,ripley_pe,laptops,20001280760,LENOVO,LAPTOP IDEAPAD SLIM 3 RYZEN 7 LENOVO 15.6' 1TB SSD 16GB RAM W11 - TECLADO INGLÉS | ARCTIC GREY,4199.0,6299.0,1238.64,2026-08-05,33,PEN,,,Ripley PE,https://simple.ripley.com.pe/laptop-ideapad-slim-3-ryzen-7-lenovo-156-1tb-ssd-16gb-ram-w11-teclado-ingles-arctic-grey-pmp20001280760
20260805_055550,2026-08-05T06:08:11.281947+00:00,ripley_pe,laptops,20001132706,HP,"LAPTOP HP PROBOOK 440 G8 INTEL CORE I7-1165G7, 16GB RAM, 512GB SSD, REACONDICIONADA, WINDOWS 11 PRO, GARANTÍA 1 AÑO + COOLER",1879.0,2399.0,554.28,2026-08-05,22,PEN,,,Ripley PE,https://simple.ripley.com.pe/laptop-hp-probook-440-g8-intel-core-i7-1165g7-16gb-ram-512gb-ssd-reacondicionada-windows-11-pro-garantia-1-ano-cooler-pmp20001132706
20260805_055550,2026-08-05T06:08:11.282947+00:00,ripley_pe,laptops,20001059864,DYNABOOK,"LAPTOP DYNABOOK TECRA A40-K, INTEL I3-1215U, 8GB RAM, 512GB SSD, PANTALLA 14' FHD, WINDOWS 11 PRO",3919.0,5879.0,1156.05,2026-08-05,33,PEN,,,Ripley PE,https://simple.ripley.com.pe/laptop-dynabook-tecra-a40-k-intel-i3-1215u-8gb-ram-512gb-ssd-pantalla-14-fhd-windows-11-pro-pmp20001059864
20260805_055550,2026-08-05T06:08:11.283947+00:00,ripley_pe,laptops,20000489160,APPLE,"MACBOOK AIR MBA13-SLV M2 256GB SSD 8GB RAM 13"" SILVER",3999.0,5799.0,1179.65,2026-08-05,31,PEN,,,Ripley PE,https://simple.ripley.com.pe/macbook-air-mba13-slv-m2-256gb-ssd-8gb-ram-13-silver-pmp20000489160
20260805_055550,2026-08-05T06:08:11.284947+00:00,ripley_pe,laptops,20001545761,GENERAL ELECTRIC,COMPUTADORA PORTÁTIL PROCESADOR AMD ATHLON DE HASTA 26 GHZ 8 GB DDR4 RAM 128 GB SSD PANTALLA FHD IPS DE 156 PULGADAS PERFECTA,1339.0,1679.0,394.99,2026-08-05,20,PEN,,,Ripley PE,https://simple.ripley.com.pe/computadora-portatil-procesador-amd-athlon-de-hasta-26-ghz-8-gb-ddr4-ram-128-gb-ssd-pantalla-fhd-ips-de-156-pulgadas-perfecta-pmp20001545761
20260805_055550,2026-08-05T06:08:11.285947+00:00,ripley_pe,laptops,20001242255,LENOVO,LAPTOP LENOVO THINKBOOK 16 G8 16GB 1TB SSD WUXGA,6529.0,9799.0,1925.96,2026-08-05,33,PEN,,,Ripley PE,https://simple.ripley.com.pe/laptop-lenovo-thinkbook-16-g8-16gb-1tb-ssd-wuxga-pmp20001242255
20260805_055550,2026-08-05T06:08:11.286947+00:00,ripley_pe,laptops,20001546446,HP,LAPTOP HP 15-FD0284LA CI7-1355U 16GB 512GB WIN 11,3189.0,3986.25,940.71,2026-08-05,20,PEN,,,Ripley PE,https://simple.ripley.com.pe/laptop-hp-15-fd0284la-ci7-1355u-16gb-512gb-win-11-pmp20001546446
20260805_055550,2026-08-05T06:08:11.287940+00:00,ripley_pe,laptops,20001349781,APPLE,NUEVA MACBOOK AIR M5 13” 16GB RAM + 512GB (TECLADO INGLES),5999.0,6499.0,1769.62,2026-08-05,8,PEN,,,Ripley PE,https://simple.ripley.com.pe/nueva-macbook-air-m5-13-16gb-ram-512gb-teclado-ingles-pmp20001349781
20260805_055550,2026-08-05T06:08:11.288940+00:00,ripley_pe,laptops,20001475672,HP,LAPTOP HP PROBOOK 450 G8 INTEL CORE I7 11VA 8GB RAM 512GBSSD + COOLER REACONDICIONADA 1 AÑO GARANTÍA,1919.0,2499.0,566.08,2026-08-05,23,PEN,,,Ripley PE,https://simple.ripley.com.pe/laptop-hp-probook-450-g8-intel-core-i7-11va-8gb-ram-512gbssd-cooler-reacondicionada-1-ano-garantia-pmp20001475672
20260805_055550,2026-08-05T06:08:11.289939+00:00,ripley_pe,laptops,20001481993,LENOVO,LAPTOPS LENOVO LOQ 15ARP9 15.6' RYZEN 5 7235HS 500GB 28GB DDR5,4999.0,,1474.63,2026-08-05,,PEN,,,Ripley PE,https://simple.ripley.com.pe/laptops-lenovo-loq-15arp9-156-ryzen-5-7235hs-500gb-28gb-ddr5-pmp20001481993
20260805_055550,2026-08-05T06:08:11.291940+00:00,ripley_pe,laptops,20001536835,HP,LAPTOP GAMER HP VICTUS CI5 13420H 8GB 512GB RTX3050 FREEDOS,6935.52,,2045.88,2026-08-05,,PEN,,,Ripley PE,https://simple.ripley.com.pe/laptop-gamer-hp-victus-ci5-13420h-8gb-512gb-rtx3050-freedos-pmp20001536835
20260805_055550,2026-08-05T06:08:11.292940+00:00,ripley_pe,laptops,20001262453,LENOVO,MI PC LISTA - LAPTOP LENOVO V15 G4 AMN 15.6'' AMD RYZEN 5 7520U 8GBLPDDR5 256GB MIPCLISTA,2399.0,3169.0,707.67,2026-08-05,24,PEN,,,Ripley PE,https://simple.ripley.com.pe/mi-pc-lista-laptop-lenovo-v15-g4-amn-156-amd-ryzen-5-7520u-8gblpddr5-256gb-mipclista-pmp20001262453
20260805_055550,2026-08-05T06:08:11.293955+00:00,ripley_pe,laptops,20000413956,HP,DOCKING HP G5 USB-C 4X USB 3.0 HDMI 2X DYSPLAYPORT RJ-45 5TW10AA,639.0,700.0,188.5,2026-08-05,9,PEN,,,Ripley PE,https://simple.ripley.com.pe/docking-hp-g5-usb-c-4x-usb-30-hdmi-2x-dysplayport-rj-45-5tw10aa-pmp20000413956
20260805_055550,2026-08-05T06:08:11.295007+00:00,ripley_pe,laptops,20001363906,GIGABYTE,GIGABYTE A16 RTX 5070 I7 32GB RAM 165HZ 1TB RIPLEY,8645.0,10374.0,2550.15,2026-08-05,17,PEN,,,Ripley PE,https://simple.ripley.com.pe/gigabyte-a16-rtx-5070-i7-32gb-ram-165hz-1tb-ripley-pmp20001363906
20260805_055550,2026-08-05T06:08:11.296006+00:00,ripley_pe,laptops,20001351146,APPLE,MACBOOK PRO 14.2' (2026) CHIP M5 PRO 24GB RAM 2TB SSD 15CORE CPU 16CORE GPU | PLATA - TECLADO INGLÉS,12699.0,14609.0,3746.02,2026-08-05,13,PEN,,,Ripley PE,https://simple.ripley.com.pe/macbook-pro-142-2026-chip-m5-pro-24gb-ram-2tb-ssd-15core-cpu-16core-gpu-plata-teclado-ingles-pmp20001351146
20260805_055550,2026-08-05T06:08:16.196268+00:00,ripley_pe,laptops,20001545788,GENERAL ELECTRIC,LENOVO THINKPAD E16 GEN 2 BUSINESS LAPTOP 16 FHD PANTALLA TÁCTIL AMD RYZEN 7 7735U INTEL I71355U 16GB DDR5 RAM 512GB SSD KB,8089.0,10119.0,2386.14,2026-08-05,20,PEN,,,Ripley PE,https://simple.ripley.com.pe/lenovo-thinkpad-e16-gen-2-business-laptop-16-fhd-pantalla-tactil-amd-ryzen-7-7735u-intel-i71355u-16gb-ddr5-ram-512gb-ssd-kb-pmp20001545788
20260805_055550,2026-08-05T06:08:16.196268+00:00,ripley_pe,laptops,20000230690,LENOVO,"LAPTOP LENOVO THINKPAD L14 GEN 4 CORE I5-1335U 16GB RAM 512GB SSD 14"" FULLHD, DDR4, WIN11",6319.9,7000.0,1864.28,2026-08-05,10,PEN,,,Ripley PE,https://simple.ripley.com.pe/laptop-lenovo-thinkpad-l14-gen-4-core-i5-1335u-16gb-ram-512gb-ssd-14-fullhd-ddr4-win11-pmp20000230690
20260805_055550,2026-08-05T06:08:16.199268+00:00,ripley_pe,laptops,20001434219,APPLE,APPLE MACBOOK AIR 13' M5 16GB RAM 512GB SSD MIDNIGHT TECLADO EN INGLÉS,5299.0,7599.0,1563.13,2026-08-05,30,PEN,,,Ripley PE,https://simple.ripley.com.pe/apple-macbook-air-13-m5-16gb-ram-512gb-ssd-midnight-teclado-en-ingles-pmp20001434219
20260805_055550,2026-08-05T06:08:16.199268+00:00,ripley_pe,laptops,20001048097,DELL,LAPTOP REACONDICIONADA LATITUDE 5501 CORE I5 9NA GEN 16GB 256GB SSD 15.6,1700.0,,501.47,2026-08-05,,PEN,,,Ripley PE,https://simple.ripley.com.pe/laptop-reacondicionada-latitude-5501-core-i5-9na-gen-16gb-256gb-ssd-156-pmp20001048097
20260805_055550,2026-08-05T06:08:16.200268+00:00,ripley_pe,laptops,20001284441,HP,LAPTOP REACONDICIONADA HP PROBOOK 450 G8 CORE I7 11VA 8GB RAM 256GB SSD,2020.0,,595.87,2026-08-05,,PEN,,,Ripley PE,https://simple.ripley.com.pe/laptop-reacondicionada-hp-probook-450-g8-core-i7-11va-8gb-ram-256gb-ssd-pmp20001284441
20260805_055550,2026-08-05T06:08:16.200268+00:00,ripley_pe,laptops,20001092245,DELL,LAPTOP REACONDICIONADA DELL LATITUDE 5511 CORE I5 10MA GEN 16GB 512GB SSD 15.6',2650.0,,781.71,2026-08-05,,PEN,,,Ripley PE,https://simple.ripley.com.pe/laptop-reacondicionada-dell-latitude-5511-core-i5-10ma-gen-16gb-512gb-ssd-156-pmp20001092245
20260805_055550,2026-08-05T06:08:16.202267+00:00,ripley_pe,laptops,20001160433,LENOVO,LAPTOP YOGA BOOK 9 14IAH10 ULTRA 7 255H 32GB 1TB 2.8K 14',10299.0,11799.0,3038.05,2026-08-05,13,PEN,,,Ripley PE,https://simple.ripley.com.pe/laptop-yoga-book-9-14iah10-ultra-7-255h-32gb-1tb-28k-14-pmp20001160433
20260805_055550,2026-08-05T06:08:16.203267+00:00,ripley_pe,laptops,20001280771,HP,LAPTOP OMNIBOOK 5 FLIP 14' I7-150U HP 14' 2TB SSD 16GB RAM W11 - TECLADO INGLÉS,5949.0,6849.0,1754.87,2026-08-05,13,PEN,,,Ripley PE,https://simple.ripley.com.pe/laptop-omnibook-5-flip-14-i7-150u-hp-14-2tb-ssd-16gb-ram-w11-teclado-ingles-pmp20001280771
20260805_055550,2026-08-05T06:08:16.207267+00:00,ripley_pe,laptops,20001482724,LENOVO,LAPTOP NUEVA LENOVO V15 CORE I5 13VA GEN 16GB RAM 512 SSD 500GB HDD EXTERNO,2959.0,3399.0,872.86,2026-08-05,13,PEN,,,Ripley PE,https://simple.ripley.com.pe/laptop-nueva-lenovo-v15-core-i5-13va-gen-16gb-ram-512-ssd-500gb-hdd-externo-pmp20001482724
20260805_055550,2026-08-05T06:08:16.207267+00:00,ripley_pe,laptops,20000199676,HAIER,"LAPTOP HAIER H15C5 I5 10210U 8GB RAM 512GB SSD 15.6"" NB 10210U, DDR4, FHD, WEB CAMARA, FREEDOS, JM02V4E3A",1669.0,,492.33,2026-08-05,,PEN,,,Ripley PE,https://simple.ripley.com.pe/laptop-haier-h15c5-i5-10210u-8gb-ram-512gb-ssd-156-nb-10210u-ddr4-fhd-web-camara-freedos-jm02v4e3a-pmp20000199676
20260805_055550,2026-08-05T06:08:16.209267+00:00,ripley_pe,laptops,20001393383,ASUS,"LAPTOP ASUS EXPERBOOK P1503CVA-S71655, PANTALLA 15.6' FHD INTEL CORE I5-13TH, RAM 16GB DDR5 (EXP.32GB) SSD 512GB",2850.0,2890.0,840.71,2026-08-05,1,PEN,,,Ripley PE,https://simple.ripley.com.pe/laptop-asus-experbook-p1503cva-s71655-pantalla-156-fhd-intel-core-i5-13th-ram-16gb-ddr5-exp32gb-ssd-512gb-pmp20001393383
20260805_055550,2026-08-05T06:08:16.214274+00:00,ripley_pe,laptops,20001288790,APPLE,MACBOOK PRO 14″ M5 16GB RAM + 512GB SSD (TECLADO INGLES) - SILVER + REGALO,9099.0,9999.0,2684.07,2026-08-05,9,PEN,,,Ripley PE,https://simple.ripley.com.pe/macbook-pro-14-m5-16gb-ram-512gb-ssd-teclado-ingles-silver-regalo-pmp20001288790
20260805_055550,2026-08-05T06:08:16.214274+00:00,ripley_pe,laptops,20000733730,LENOVO,LAPTOP LENOVO THINKPAD T14S GEN4 14 CORE I7-1355U 1TB SSD RAM 16GB,9800.0,,2890.86,2026-08-05,,PEN,,,Ripley PE,https://simple.ripley.com.pe/laptop-lenovo-thinkpad-t14s-gen4-14-core-i7-1355u-1tb-ssd-ram-16gb-pmp20000733730
20260805_055550,2026-08-05T06:08:16.215272+00:00,ripley_pe,laptops,20001531870,APPLE,MACBOOK PRO 14”  ( M5 PRO )  24GB/1TB - ( TECLADO INGLES ) SILVER,12799.0,15999.0,3775.52,2026-08-05,20,PEN,,,Ripley PE,https://simple.ripley.com.pe/macbook-pro-14-m5-pro-24gb1tb-teclado-ingles-silver-pmp20001531870
20260805_055550,2026-08-05T06:08:16.215272+00:00,ripley_pe,laptops,00001697503,MSI,LAPTOP GAMER MSI INTEL CORE I7 8GB 512GB SSD SWORD 15 A11UD 11800H WHITE-BLACK,5585.0,8650.0,1647.49,2026-08-05,35,PEN,,,Ripley PE,https://simple.ripley.com.pe/laptop-gamer-msi-intel-core-i7-8gb-512gb-ssd-sword-15-a11ud-11800h-white-black-pmp00001697503
20260805_055550,2026-08-05T06:08:16.216272+00:00,ripley_pe,laptops,20001280809,ACER,LAPTOP ASPIRE GO 15 I5-1334U ACER 15.3' 1TB SSD PCIE 16GB RAM W11 - TECLADO INGLÉS | GRIS,2999.0,4499.0,884.66,2026-08-05,33,PEN,,,Ripley PE,https://simple.ripley.com.pe/laptop-aspire-go-15-i5-1334u-acer-153-1tb-ssd-pcie-16gb-ram-w11-teclado-ingles-gris-pmp20001280809
20260805_055550,2026-08-05T06:08:16.217271+00:00,ripley_pe,laptops,20001280784,ACER,LAPTOP ASPIRE GO 15 I5-1334U ACER 15.3' 512GB SSD PCIE 16GB RAM W11 - TECLADO INGLÉS | GRIS,3499.0,5249.0,1032.15,2026-08-05,33,PEN,,,Ripley PE,https://simple.ripley.com.pe/laptop-aspire-go-15-i5-1334u-acer-153-512gb-ssd-pcie-16gb-ram-w11-teclado-ingles-gris-pmp20001280784
20260805_055550,2026-08-05T06:08:16.217271+00:00,ripley_pe,laptops,20001483161,ACER,"LAPTOP ACER CHROMEBOOK 315 15.6 INTEL CELERON N4500 4 GB RAM, 64 GB EMMC",1159.0,1999.0,341.89,2026-08-05,42,PEN,,,Ripley PE,https://simple.ripley.com.pe/laptop-acer-chromebook-315-156-intel-celeron-n4500-4-gb-ram-64-gb-emmc-pmp20001483161
20260805_055550,2026-08-05T06:08:16.218272+00:00,ripley_pe,laptops,20001263664,DELL,"LAPTOP REACONDICIONADA DELL LATITUDE 5511 CORE I5 10MA GEN , 16GB 512GB SSD 15.6'",2140.0,,631.27,2026-08-05,,PEN,,,Ripley PE,https://simple.ripley.com.pe/laptop-reacondicionada-dell-latitude-5511-core-i5-10ma-gen-16gb-512gb-ssd-156-pmp20001263664
20260805_055550,2026-08-05T06:08:16.218272+00:00,ripley_pe,laptops,20001284445,HP,LAPTOP REACONDICIONADA HP PROBOOK 450 G8 CORE I7 11VA 8GB RAM 512GB SSD,2190.0,,646.02,2026-08-05,,PEN,,,Ripley PE,https://simple.ripley.com.pe/laptop-reacondicionada-hp-probook-450-g8-core-i7-11va-8gb-ram-512gb-ssd-pmp20001284445
20260805_055550,2026-08-05T06:08:16.219271+00:00,ripley_pe,laptops,20000413915,TEROS,MOCHILA TEROS TE-ACS9018 POLIÉSTER NOTEBOOK HASTA 156 NEGRO,93.99,120.0,27.73,2026-08-05,22,PEN,,,Ripley PE,https://simple.ripley.com.pe/mochila-teros-te-acs9018-poliester-notebook-hasta-156-negro-pmp20000413915
20260805_055550,2026-08-05T06:08:16.219271+00:00,ripley_pe,laptops,20001376910,LENOVO,LAPTOP LENOVO CORE I5 15.6' 256GB SSD 8GB RAM W11,3159.0,,931.86,2026-08-05,,PEN,,,Ripley PE,https://simple.ripley.com.pe/laptop-lenovo-core-i5-156-256gb-ssd-8gb-ram-w11-pmp20001376910
20260805_055550,2026-08-05T06:08:16.220271+00:00,ripley_pe,laptops,20001290885,DELL,LAPTOP REACONDICIONADA DELL VOSTRO 5402 CORE I5 11VA 16GB RAM 512GB SSD M.2,1932.0,,569.91,2026-08-05,,PEN,,,Ripley PE,https://simple.ripley.com.pe/laptop-reacondicionada-dell-vostro-5402-core-i5-11va-16gb-ram-512gb-ssd-m2-pmp20001290885
20260805_055550,2026-08-05T06:08:16.220271+00:00,ripley_pe,laptops,20001536830,HP,LAPTOP GAMER HP VICTUS CI5 13420H 16GB 512GB RTX3050 FREEDOS,7977.06,,2353.12,2026-08-05,,PEN,,,Ripley PE,https://simple.ripley.com.pe/laptop-gamer-hp-victus-ci5-13420h-16gb-512gb-rtx3050-freedos-pmp20001536830
20260805_055550,2026-08-05T06:08:16.221273+00:00,ripley_pe,laptops,20001525731,ASUS,LAPTOP ASUS VIVOBOOK F1502VA-SB96 15.6' INTEL CORE I9 1TB SSD 16GB,4848.0,5236.0,1430.09,2026-08-05,7,PEN,,,Ripley PE,https://simple.ripley.com.pe/laptop-asus-vivobook-f1502va-sb96-156-intel-core-i9-1tb-ssd-16gb-pmp20001525731
20260805_055550,2026-08-05T06:08:16.221273+00:00,ripley_pe,laptops,20001356079,LENOVO,LAPTOP LENOVO THINKPAD L16 GEN1 CORE ULTRA 7 DE 16' WUXGA RAM 16GB SSD 1TB  WIN 11 PRO,6398.9,6700.0,1887.58,2026-08-05,4,PEN,,,Ripley PE,https://simple.ripley.com.pe/laptop-lenovo-thinkpad-l16-gen1-core-ultra-7-de-16-wuxga-ram-16gb-ssd-1tb-win-11-pro-pmp20001356079
20260805_055550,2026-08-05T06:08:16.222271+00:00,ripley_pe,laptops,20001290944,DELL,LAPTOP REACONDICIONADA DELL LATITUDE 3410 CORE I7 10MA 16GB RAM 256GB SSD M.2,1910.0,,563.42,2026-08-05,,PEN,,,Ripley PE,https://simple.ripley.com.pe/laptop-reacondicionada-dell-latitude-3410-core-i7-10ma-16gb-ram-256gb-ssd-m2-pmp20001290944
20260805_055550,2026-08-05T06:08:16.222271+00:00,ripley_pe,laptops,20000192604,LENOVO,"LAPTOP LENOVO 82XV00TELM LOQ I5 12450H 6GB RAM 512GB SSD NVIDIA GEFORCE RTX 3050 6GB 15.6"" 8GB M.2 FREEDOS GDDR6",3659.0,,1079.35,2026-08-05,,PEN,,,Ripley PE,https://simple.ripley.com.pe/laptop-lenovo-82xv00telm-loq-i5-12450h-6gb-ram-512gb-ssd-nvidia-geforce-rtx-3050-6gb-156-8gb-m2-freedos-gddr6-pmp20000192604
20260805_055550,2026-08-05T06:08:16.223274+00:00,ripley_pe,laptops,20000848326,LENOVO,MI PC LISTA - LAPTOP LENOVO V15 G4 15.6'' CORE I3 1315U 8GB 500GB MIPCLISTA,2099.0,2999.0,619.17,2026-08-05,30,PEN,,,Ripley PE,https://simple.ripley.com.pe/mi-pc-lista-laptop-lenovo-v15-g4-156-core-i3-1315u-8gb-500gb-mipclista-pmp20000848326
20260805_055550,2026-08-05T06:08:16.224272+00:00,ripley_pe,laptops,20001290888,DELL,LAPTOP REACONDICIONADA DELL VOSTRO 5402 CORE I5 11VA 16GB RAM 256GB SSD M.2,1876.3,,553.48,2026-08-05,,PEN,,,Ripley PE,https://simple.ripley.com.pe/laptop-reacondicionada-dell-vostro-5402-core-i5-11va-16gb-ram-256gb-ssd-m2-pmp20001290888
20260805_055550,2026-08-05T06:08:16.224272+00:00,ripley_pe,laptops,20001288775,APPLE,MACBOOK PRO 14″ M5 16GB RAM + 512GB SSD (TECLADO INGLES) - SPACE BLACK,8999.0,9999.0,2654.57,2026-08-05,10,PEN,,,Ripley PE,https://simple.ripley.com.pe/macbook-pro-14-m5-16gb-ram-512gb-ssd-teclado-ingles-space-black-pmp20001288775
20260805_055550,2026-08-05T06:08:20.681699+00:00,ripley_pe,laptops,20001539631,APPLE,APPLE MACBOOK PRO 16' M5 PRO 24GB RAM 1TB SSD SPACE BLACK TECLADO EN INGLÉS,12899.0,15500.0,3805.01,2026-08-05,17,PEN,,,Ripley PE,https://simple.ripley.com.pe/apple-macbook-pro-16-m5-pro-24gb-ram-1tb-ssd-space-black-teclado-en-ingles-pmp20001539631
20260805_055550,2026-08-05T06:08:20.682688+00:00,ripley_pe,laptops,20001490344,APPLE,APPLE MACBOOK PRO 14”  ( M5 PRO )  24GB/1TB - SPACE BLACK + REGALO,10999.0,11599.0,3244.54,2026-08-05,5,PEN,,,Ripley PE,https://simple.ripley.com.pe/apple-macbook-pro-14-m5-pro-24gb1tb-space-black-regalo-pmp20001490344
20260805_055550,2026-08-05T06:08:20.683650+00:00,ripley_pe,laptops,20001293506,APPLE,MACBOOK PRO 14″ M5 16GB RAM + 512GB SSD (TECLADO INGLES) - SPACE BLACK,8999.0,9999.0,2654.57,2026-08-05,10,PEN,,,Ripley PE,https://simple.ripley.com.pe/macbook-pro-14-m5-16gb-ram-512gb-ssd-teclado-ingles-space-black-pmp20001293506
20260805_055550,2026-08-05T06:08:20.685686+00:00,ripley_pe,laptops,20001293502,APPLE,MACBOOK PRO 14″ M5 16GB RAM + 512GB SSD (TECLADO INGLES) - SPACE BLACK,8999.0,9999.0,2654.57,2026-08-05,10,PEN,,,Ripley PE,https://simple.ripley.com.pe/macbook-pro-14-m5-16gb-ram-512gb-ssd-teclado-ingles-space-black-pmp20001293502
20260805_055550,2026-08-05T06:08:20.686700+00:00,ripley_pe,laptops,20001531429,APPLE,"MACBOOK PRO 16”  ( M5 PRO )  24GB, 1TB - ( Teclado Ingles ) SPACE BLACK",12499.0,12999.0,3687.02,2026-08-05,4,PEN,,,Ripley PE,https://simple.ripley.com.pe/macbook-pro-16-m5-pro-24gb-1tb-teclado-ingles-space-black-pmp20001531429
20260805_055550,2026-08-05T06:08:20.686700+00:00,ripley_pe,laptops,20001349847,HP,LAPTOP HP ELITEBOOK 840 G11 14' CORE ULTRA 7 16GB 1TB SSD,16011.6,,4723.19,2026-08-05,,PEN,,,Ripley PE,https://simple.ripley.com.pe/laptop-hp-elitebook-840-g11-14-core-ultra-7-16gb-1tb-ssd-pmp20001349847
20260805_055550,2026-08-05T06:08:20.687687+00:00,ripley_pe,laptops,20001347431,ASUS,LAPTOP ASUS VIVOBOOK 16 C5 8GB 512GB RTX 3050 6GB 16'',3299.0,4398.67,973.16,2026-08-05,25,PEN,,,Ripley PE,https://simple.ripley.com.pe/laptop-asus-vivobook-16-c5-8gb-512gb-rtx-3050-6gb-16-pmp20001347431
20260805_055550,2026-08-05T06:08:20.689688+00:00,ripley_pe,laptops,20000413905,LENOVO,MOCHILA LENOVO LEGION ACTIVE GAMING NOTEBOOKS HASTA 17 NEGRO,237.0,313.0,69.91,2026-08-05,24,PEN,,,Ripley PE,https://simple.ripley.com.pe/mochila-lenovo-legion-active-gaming-notebooks-hasta-17-negro-pmp20000413905
20260805_055550,2026-08-05T06:08:20.689688+00:00,ripley_pe,laptops,20001288785,APPLE,MACBOOK PRO 14″ M5 16GB RAM + 512GB SSD (TECLADO INGLES) - SILVER,8999.0,9999.0,2654.57,2026-08-05,10,PEN,,,Ripley PE,https://simple.ripley.com.pe/macbook-pro-14-m5-16gb-ram-512gb-ssd-teclado-ingles-silver-pmp20001288785
20260805_055550,2026-08-05T06:08:20.690693+00:00,ripley_pe,laptops,20001351159,APPLE,MACBOOK PRO 14.2' (2026) CHIP M5 PRO 24GB RAM 2TB SSD 18CORE CPU 20CORE GPU | NEGRO - TECLADO INGLÉS,12899.0,14839.0,3805.01,2026-08-05,13,PEN,,,Ripley PE,https://simple.ripley.com.pe/macbook-pro-142-2026-chip-m5-pro-24gb-ram-2tb-ssd-18core-cpu-20core-gpu-negro-teclado-ingles-pmp20001351159
20260805_055550,2026-08-05T06:08:20.692686+00:00,ripley_pe,laptops,20001290951,DELL,LAPTOP REACONDICIONADA DELL LATITUDE 5501 CORE I5 9NA 8GB RAM 256GB SSD,1797.9,,530.35,2026-08-05,,PEN,,,Ripley PE,https://simple.ripley.com.pe/laptop-reacondicionada-dell-latitude-5501-core-i5-9na-8gb-ram-256gb-ssd-pmp20001290951
20260805_055550,2026-08-05T06:08:20.693698+00:00,ripley_pe,laptops,20001290952,DELL,LAPTOP REACONDICIONADA DELL LATITUDE 5501 CORE I5 9NA 8GB RAM 500GB HDD,1741.9,,513.83,2026-08-05,,PEN,,,Ripley PE,https://simple.ripley.com.pe/laptop-reacondicionada-dell-latitude-5501-core-i5-9na-8gb-ram-500gb-hdd-pmp20001290952
20260805_055550,2026-08-05T06:08:20.693698+00:00,ripley_pe,laptops,20000804826,ASUS,LAPTOP ASUS N7600ZE-L2020W I7-12700H16GB RAM 512GB SSD VIDEO RTX-3050TI 4GBPANTALLA 16 WQUXGA,7599.0,,2241.59,2026-08-05,,PEN,,,Ripley PE,https://simple.ripley.com.pe/laptop-asus-n7600ze-l2020w-i7-12700h16gb-ram-512gb-ssd-video-rtx-3050ti-4gbpantalla-16-wquxga-pmp20000804826
20260805_055550,2026-08-05T06:08:20.694684+00:00,ripley_pe,laptops,20001293550,APPLE,MACBOOK PRO 14″ M5 16GB RAM + 512GB SSD (TECLADO INGLES) - SILVER + REGALO,9099.0,9999.0,2684.07,2026-08-05,9,PEN,,,Ripley PE,https://simple.ripley.com.pe/macbook-pro-14-m5-16gb-ram-512gb-ssd-teclado-ingles-silver-regalo-pmp20001293550
20260805_055550,2026-08-05T06:08:20.695683+00:00,ripley_pe,laptops,20001290955,DELL,LAPTOP REACONDICIONADA DELL LATITUDE 5501 CORE I5 9NA 16GB RAM 256GB SSD,1876.3,,553.48,2026-08-05,,PEN,,,Ripley PE,https://simple.ripley.com.pe/laptop-reacondicionada-dell-latitude-5501-core-i5-9na-16gb-ram-256gb-ssd-pmp20001290955
20260805_055550,2026-08-05T06:08:20.695683+00:00,ripley_pe,laptops,20001089308,LENOVO,LAPTOP LENOVO THINKPAD  E14 INTEL CORE I5 RAM 16GB SSD 512GB,4599.0,5599.0,1356.64,2026-08-05,18,PEN,,,Ripley PE,https://simple.ripley.com.pe/laptop-lenovo-thinkpad-e14-intel-core-i5-ram-16gb-ssd-512gb-pmp20001089308
20260805_055550,2026-08-05T06:08:20.696682+00:00,ripley_pe,laptops,20001293510,APPLE,MACBOOK PRO 14″ M5 16GB RAM + 512GB SSD (TECLADO INGLES) - SPACE BLACK + REGALO,9099.0,9999.0,2684.07,2026-08-05,9,PEN,,,Ripley PE,https://simple.ripley.com.pe/macbook-pro-14-m5-16gb-ram-512gb-ssd-teclado-ingles-space-black-regalo-pmp20001293510
20260805_055550,2026-08-05T06:08:20.696682+00:00,ripley_pe,laptops,20001482753,LENOVO,LAPTOP NUEVA LENOVO V15 INTEL CI7 13VA GEN RAM 16GB SSD 512GB + 500GB HDD EXTERNO 15.6 FHD,3999.0,4590.0,1179.65,2026-08-05,13,PEN,,,Ripley PE,https://simple.ripley.com.pe/laptop-nueva-lenovo-v15-intel-ci7-13va-gen-ram-16gb-ssd-512gb-500gb-hdd-externo-156-fhd-pmp20001482753
20260805_055550,2026-08-05T06:08:20.697696+00:00,ripley_pe,laptops,20000848285,LENOVO,MI PC LISTA - LAPTOP LENOVO V15 G4 15.6'' CORE I3 1315U 16GB 500GB MIPCLISTA,2699.0,3499.0,796.17,2026-08-05,23,PEN,,,Ripley PE,https://simple.ripley.com.pe/mi-pc-lista-laptop-lenovo-v15-g4-156-core-i3-1315u-16gb-500gb-mipclista-pmp20000848285
20260805_055550,2026-08-05T06:08:20.698687+00:00,ripley_pe,laptops,20001546156,HP,LAPTOP HP 200 G2I INTEL CORE 7 150U 16GB DDR5 512GB 16 WUXGA FREEDOS,3299.0,3959.0,973.16,2026-08-05,17,PEN,,,Ripley PE,https://simple.ripley.com.pe/laptop-hp-200-g2i-intel-core-7-150u-16gb-ddr5-512gb-16-wuxga-freedos-pmp20001546156
20260805_055550,2026-08-05T06:08:20.698687+00:00,ripley_pe,laptops,20001490286,APPLE,APPLE MACBOOK PRO 14”  ( M5 PRO )  24GB/1TB - SPACE BLACK,10999.0,11499.0,3244.54,2026-08-05,4,PEN,,,Ripley PE,https://simple.ripley.com.pe/apple-macbook-pro-14-m5-pro-24gb1tb-space-black-pmp20001490286
20260805_055550,2026-08-05T06:08:20.699688+00:00,ripley_pe,laptops,20001535373,APPLE,MACBOOK AIR 13'M5 16GB RAM 512GB SSD TECLADO INGLES - STARLIGHT,5299.0,6999.0,1563.13,2026-08-05,24,PEN,,,Ripley PE,https://simple.ripley.com.pe/macbook-air-13m5-16gb-ram-512gb-ssd-teclado-ingles-starlight-pmp20001535373
20260805_055550,2026-08-05T06:08:20.700692+00:00,ripley_pe,laptops,20001531867,APPLE,MACBOOK PRO 14”  ( M5 PRO )  24GB/1TB - ( TECLADO INGLES ) SILVER,12799.0,15999.0,3775.52,2026-08-05,20,PEN,,,Ripley PE,https://simple.ripley.com.pe/macbook-pro-14-m5-pro-24gb1tb-teclado-ingles-silver-pmp20001531867
20260805_055550,2026-08-05T06:08:20.700692+00:00,ripley_pe,laptops,20001531427,APPLE,"MACBOOK PRO 16”  ( M5 PRO )  24GB, 1TB - ( Teclado Ingles ) SPACE BLACK",12499.0,12999.0,3687.02,2026-08-05,4,PEN,,,Ripley PE,https://simple.ripley.com.pe/macbook-pro-16-m5-pro-24gb-1tb-teclado-ingles-space-black-pmp20001531427
20260805_055550,2026-08-05T06:08:20.701684+00:00,ripley_pe,laptops,20001288778,APPLE,MACBOOK PRO 14″ M5 16GB RAM + 512GB SSD (TECLADO INGLES) - SPACE BLACK,8999.0,9999.0,2654.57,2026-08-05,10,PEN,,,Ripley PE,https://simple.ripley.com.pe/macbook-pro-14-m5-16gb-ram-512gb-ssd-teclado-ingles-space-black-pmp20001288778
20260805_055550,2026-08-05T06:08:20.702684+00:00,ripley_pe,laptops,20001290948,DELL,LAPTOP REACONDICIONADA DELL LATITUDE 3410 CORE I7 10MA 8GB RAM 500GB HDD,1765.0,,520.65,2026-08-05,,PEN,,,Ripley PE,https://simple.ripley.com.pe/laptop-reacondicionada-dell-latitude-3410-core-i7-10ma-8gb-ram-500gb-hdd-pmp20001290948
20260805_055550,2026-08-05T06:08:20.702684+00:00,ripley_pe,laptops,20001536828,HP,LAPTOP HP 15-FD0284LA CI7-1355U 16GB 512GB WIN 11,7066.35,,2084.47,2026-08-05,,PEN,,,Ripley PE,https://simple.ripley.com.pe/laptop-hp-15-fd0284la-ci7-1355u-16gb-512gb-win-11-pmp20001536828
20260805_055550,2026-08-05T06:08:20.703683+00:00,ripley_pe,laptops,20001290947,DELL,LAPTOP REACONDICIONADA DELL LATITUDE 3410 CORE I7 10MA 8GB RAM 512GB SSD M.2,1887.0,,556.64,2026-08-05,,PEN,,,Ripley PE,https://simple.ripley.com.pe/laptop-reacondicionada-dell-latitude-3410-core-i7-10ma-8gb-ram-512gb-ssd-m2-pmp20001290947
20260805_055550,2026-08-05T06:08:20.703683+00:00,ripley_pe,laptops,20001060520,DYNABOOK,"LAPTOP DYNABOOK TECRA A40-G, INTEL I7, 8GB RAM, 256GB SSD, PANTALLA 14' - POTENTE Y COMPACTA",3999.0,5999.0,1179.65,2026-08-05,33,PEN,,,Ripley PE,https://simple.ripley.com.pe/laptop-dynabook-tecra-a40-g-intel-i7-8gb-ram-256gb-ssd-pantalla-14-potente-y-compacta-pmp20001060520
20260805_055550,2026-08-05T06:08:20.704686+00:00,ripley_pe,laptops,20001531426,APPLE,"MACBOOK PRO 16”  ( M5 PRO )  24GB, 1TB - ( Teclado Ingles ) SPACE BLACK",12499.0,12999.0,3687.02,2026-08-05,4,PEN,,,Ripley PE,https://simple.ripley.com.pe/macbook-pro-16-m5-pro-24gb-1tb-teclado-ingles-space-black-pmp20001531426
20260805_055550,2026-08-05T06:08:20.704686+00:00,ripley_pe,laptops,20001349861,APPLE,MACBOOK AIR APPLE DE 13' | CHIP M5 | 16GB RAM + 512GB SSD | TECLADO INGLÉS - STARLIGHT,5099.0,5199.0,1504.13,2026-08-05,2,PEN,,,Ripley PE,https://simple.ripley.com.pe/macbook-air-apple-de-13-chip-m5-16gb-ram-512gb-ssd-teclado-ingles-starlight-pmp20001349861
20260805_055550,2026-08-05T06:08:20.705692+00:00,ripley_pe,laptops,20001288781,APPLE,MACBOOK PRO 14″ M5 16GB RAM + 512GB SSD (TECLADO INGLES) - SPACE BLACK + REGALO,9099.0,9999.0,2684.07,2026-08-05,9,PEN,,,Ripley PE,https://simple.ripley.com.pe/macbook-pro-14-m5-16gb-ram-512gb-ssd-teclado-ingles-space-black-regalo-pmp20001288781
20260805_055550,2026-08-05T06:08:20.706682+00:00,ripley_pe,laptops,20001280814,ACER,LAPTOP ASPIRE GO 15 I5-1334U ACER 15.3' 2TB SSD PCIE 16GB RAM W11 - TECLADO INGLÉS | GRIS,4099.0,6149.0,1209.14,2026-08-05,33,PEN,,,Ripley PE,https://simple.ripley.com.pe/laptop-aspire-go-15-i5-1334u-acer-153-2tb-ssd-pcie-16gb-ram-w11-teclado-ingles-gris-pmp20001280814
20260805_055550,2026-08-05T06:08:20.706682+00:00,ripley_pe,laptops,20001290886,DELL,LAPTOP REACONDICIONADA DELL VOSTRO 5402 CORE I5 11VA 8GB RAM 256GB SSD M.2,1797.0,,530.09,2026-08-05,,PEN,,,Ripley PE,https://simple.ripley.com.pe/laptop-reacondicionada-dell-vostro-5402-core-i5-11va-8gb-ram-256gb-ssd-m2-pmp20001290886
20260805_055550,2026-08-05T06:08:20.707692+00:00,ripley_pe,laptops,20000413869,LENOVO,MOCHILA LENOVO LEGION 16 GAMING BACKPACK GB700,265.0,323.0,78.17,2026-08-05,18,PEN,,,Ripley PE,https://simple.ripley.com.pe/mochila-lenovo-legion-16-gaming-backpack-gb700-pmp20000413869
20260805_055550,2026-08-05T06:08:20.707692+00:00,ripley_pe,laptops,20001531847,APPLE,MACBOOK PRO 14”  ( M5 PRO )  24GB/1TB - ( Teclado Ingles ) SPACE BLACK,12799.0,15999.0,3775.52,2026-08-05,20,PEN,,,Ripley PE,https://simple.ripley.com.pe/macbook-pro-14-m5-pro-24gb1tb-teclado-ingles-space-black-pmp20001531847
20260805_055550,2026-08-05T06:08:20.709683+00:00,ripley_pe,laptops,20001193656,HP,"HP ELITE DRAGONFLY G4 13' NOTEBOOK - INTEL CORE I5, 16 GB RAM, 1 TB SSD, WINDOWS 11 PRO",10799.0,16199.0,3185.55,2026-08-05,33,PEN,,,Ripley PE,https://simple.ripley.com.pe/hp-elite-dragonfly-g4-13-notebook-intel-core-i5-16-gb-ram-1-tb-ssd-windows-11-pro-pmp20001193656
20260805_055550,2026-08-05T06:08:20.709683+00:00,ripley_pe,laptops,20001461592,HP,LAPTOP HP 255 G10 AMD RYZEN 3 7320U 15.6' 8GBLPDDR5 256GB,2199.0,2899.0,648.67,2026-08-05,24,PEN,,,Ripley PE,https://simple.ripley.com.pe/laptop-hp-255-g10-amd-ryzen-3-7320u-156-8gblpddr5-256gb-pmp20001461592
20260805_055550,2026-08-05T06:08:20.712699+00:00,ripley_pe,laptops,20001290953,DELL,LAPTOP REACONDICIONADA DELL LATITUDE 5501 CORE I5 9NA 8GB RAM 512GB SSD,1932.3,,570.0,2026-08-05,,PEN,,,Ripley PE,https://simple.ripley.com.pe/laptop-reacondicionada-dell-latitude-5501-core-i5-9na-8gb-ram-512gb-ssd-pmp20001290953
20260805_055550,2026-08-05T06:08:25.175099+00:00,ripley_pe,laptops,20000732457,ASUS,"LAPTOP ASUS VIVOBOOK 16 8GB 16"" 512GB WUXGA IPS CORE I7 12700H RAM",3200.0,,943.95,2026-08-05,,PEN,,,Ripley PE,https://simple.ripley.com.pe/laptop-asus-vivobook-16-8gb-16-512gb-wuxga-ips-core-i7-12700h-ram-pmp20000732457
20260805_055550,2026-08-05T06:08:25.178098+00:00,ripley_pe,laptops,20001349872,APPLE,MACBOOK AIR APPLE DE 13' | CHIP M5 | 16GB RAM + 512GB SSD | TECLADO INGLÉS - SILVER,5099.0,5199.0,1504.13,2026-08-05,2,PEN,,,Ripley PE,https://simple.ripley.com.pe/macbook-air-apple-de-13-chip-m5-16gb-ram-512gb-ssd-teclado-ingles-silver-pmp20001349872
20260805_055550,2026-08-05T06:08:25.199098+00:00,ripley_pe,laptops,20001551332,LENOVO,LAPTOP LENOVO V15 G5 IRL 15.6 FHD INTEL CORE I7-13620H 16GB DDR5 512GB SSD WIFI 6 FREEDOS + MOCHILA Y MOUSE,3269.0,4500.0,964.31,2026-08-05,27,PEN,,,Ripley PE,https://simple.ripley.com.pe/laptop-lenovo-v15-g5-irl-156-fhd-intel-core-i7-13620h-16gb-ddr5-512gb-ssd-wifi-6-freedos-mochila-y-mouse-pmp20001551332
20260805_055550,2026-08-05T06:08:25.200099+00:00,ripley_pe,laptops,20001271427,ASUS,LAPTOP ASUS VIVOBOOKS S5507Q 15.6' SNAPDRAGON X PLUS 1TB SSD 16GB QUALCOMM ADRENO,4718.0,5095.0,1391.74,2026-08-05,7,PEN,,,Ripley PE,https://simple.ripley.com.pe/laptop-asus-vivobooks-s5507q-156-snapdragon-x-plus-1tb-ssd-16gb-qualcomm-adreno-pmp20001271427
20260805_055550,2026-08-05T06:08:25.202098+00:00,ripley_pe,laptops,20001516573,APPLE,MACBOOK NEO A18PRO 13 APPLE A18 PRO 256GB SSD 8GB,3182.0,3437.0,938.64,2026-08-05,7,PEN,,,Ripley PE,https://simple.ripley.com.pe/macbook-neo-a18pro-13-apple-a18-pro-256gb-ssd-8gb-pmp20001516573
20260805_055550,2026-08-05T06:08:25.203098+00:00,ripley_pe,laptops,20001516575,APPLE,MACBOOK NEO A18 PRO MHFG4LL/A 13' APPLE A18 PRO 512GB SSD 8GB 5 - CORE GPU,3784.0,4087.0,1116.22,2026-08-05,7,PEN,,,Ripley PE,https://simple.ripley.com.pe/macbook-neo-a18-pro-mhfg4lla-13-apple-a18-pro-512gb-ssd-8gb-5-core-gpu-pmp20001516575
20260805_055550,2026-08-05T06:08:25.204098+00:00,ripley_pe,laptops,20001250311,ASUS,COMBO LAPTOP ASUS VIVOBOOKS S5507Q SNAPDRAGON X PLUS 1TB 16GB QUALCOMM ADRENO + CELULAR XIAOMI REDMI 15C,4654.0,5026.0,1372.86,2026-08-05,7,PEN,,,Ripley PE,https://simple.ripley.com.pe/combo-laptop-asus-vivobooks-s5507q-snapdragon-x-plus-1tb-16gb-qualcomm-adreno-celular-xiaomi-redmi-15c-pmp20001250311
20260805_055550,2026-08-05T06:08:25.205098+00:00,ripley_pe,laptops,20001465994,ASUS,"LAPTOP ASUS EXPERTBOOK P1 DE 15.6' FHD, CORE 7 240H, 16GB DDR5, 512GB NVME",3729.0,3920.0,1100.0,2026-08-05,5,PEN,,,Ripley PE,https://simple.ripley.com.pe/laptop-asus-expertbook-p1-de-156-fhd-core-7-240h-16gb-ddr5-512gb-nvme-pmp20001465994
20260805_055550,2026-08-05T06:08:25.211098+00:00,ripley_pe,laptops,20001465978,APPLE,MACBOOK PRO 14' CHIP M5 16GB RAM 1TB SSD + MONITOR LED 24' + TECLADO Y MOUSE MACOS,9879.0,13999.0,2914.16,2026-08-05,29,PEN,,,Ripley PE,https://simple.ripley.com.pe/macbook-pro-14-chip-m5-16gb-ram-1tb-ssd-monitor-led-24-teclado-y-mouse-macos-pmp20001465978
20260805_055550,2026-08-05T06:08:25.214099+00:00,ripley_pe,laptops,20001288828,DELL,LAPTOP REACONDICIONADA DELL LATITUDE 7320 CORE I7 11VA 16GB RAM 256GB SSD M.2,1785.9,,526.81,2026-08-05,,PEN,,,Ripley PE,https://simple.ripley.com.pe/laptop-reacondicionada-dell-latitude-7320-core-i7-11va-16gb-ram-256gb-ssd-m2-pmp20001288828
20260805_055550,2026-08-05T06:08:25.215099+00:00,ripley_pe,laptops,20001048096,DELL,LAPTOP REACONDICIONADA DELL LATITUDE 5501 CORE I5 9NA GEN 8GB 256GB SSD 15.6',1700.0,,501.47,2026-08-05,,PEN,,,Ripley PE,https://simple.ripley.com.pe/laptop-reacondicionada-dell-latitude-5501-core-i5-9na-gen-8gb-256gb-ssd-156-pmp20001048096
20260805_055550,2026-08-05T06:08:25.216099+00:00,ripley_pe,laptops,20001339995,LENOVO,LAPTOP LENOVO THINKPAD L14 GEN 6 14” CORE ULTRA 5 16GB RAM 512GB SSD,9449.0,,2787.32,2026-08-05,,PEN,,,Ripley PE,https://simple.ripley.com.pe/laptop-lenovo-thinkpad-l14-gen-6-14-core-ultra-5-16gb-ram-512gb-ssd-pmp20001339995
20260805_055550,2026-08-05T06:08:25.217099+00:00,ripley_pe,laptops,20001263121,DELL,LAPTOP REACONDICIONA DELL LATITUDE 5511 CORE I5 10MA GEN 8GB 512GB SSD 15.6',1850.0,,545.72,2026-08-05,,PEN,,,Ripley PE,https://simple.ripley.com.pe/laptop-reacondiciona-dell-latitude-5511-core-i5-10ma-gen-8gb-512gb-ssd-156-pmp20001263121
20260805_055550,2026-08-05T06:08:25.218099+00:00,ripley_pe,laptops,20001288824,DELL,LAPTOP REACONDICIONADA DELL LATITUDE 7320 CORE I7 11VA 8GB RAM 256GB SSD M.2,1895.0,,559.0,2026-08-05,,PEN,,,Ripley PE,https://simple.ripley.com.pe/laptop-reacondicionada-dell-latitude-7320-core-i7-11va-8gb-ram-256gb-ssd-m2-pmp20001288824
20260805_055550,2026-08-05T06:08:25.219098+00:00,ripley_pe,laptops,20001288831,DELL,LAPTOP REACONDICIONADA DELL LATITUDE 7320 CORE I7 11VA 8GB RAM 512GB SSD M.2,1950.0,,575.22,2026-08-05,,PEN,,,Ripley PE,https://simple.ripley.com.pe/laptop-reacondicionada-dell-latitude-7320-core-i7-11va-8gb-ram-512gb-ssd-m2-pmp20001288831
20260805_055550,2026-08-05T06:08:25.220098+00:00,ripley_pe,laptops,20001546456,HP,LAPTOP GAMER HP VICTUS CI5 13420H 16GB 512GB RTX3050 FREEDOS,11313.72,,3337.38,2026-08-05,,PEN,,,Ripley PE,https://simple.ripley.com.pe/laptop-gamer-hp-victus-ci5-13420h-16gb-512gb-rtx3050-freedos-pmp20001546456
20260805_055550,2026-08-05T06:08:25.221098+00:00,ripley_pe,laptops,20001531670,APPLE,"MACBOOK PRO 16”  ( M5 MAX )  36GB, 2TB - ( TECLADO INGLES ) SILVER",15499.0,18299.0,4571.98,2026-08-05,15,PEN,,,Ripley PE,https://simple.ripley.com.pe/macbook-pro-16-m5-max-36gb-2tb-teclado-ingles-silver-pmp20001531670
20260805_055550,2026-08-05T06:08:25.222098+00:00,ripley_pe,laptops,20001531672,APPLE,"MACBOOK PRO 16”  ( M5 MAX )  36GB, 2TB - ( TECLADO INGLES ) SILVER",15499.0,18299.0,4571.98,2026-08-05,15,PEN,,,Ripley PE,https://simple.ripley.com.pe/macbook-pro-16-m5-max-36gb-2tb-teclado-ingles-silver-pmp20001531672
20260805_055550,2026-08-05T06:08:25.223098+00:00,ripley_pe,laptops,20001218287,HYUNDAI,LAPTOP HYUNDAI HYBOOK PLUS INTEL CELERON N4020 4GB RAM 128GB SSD 14.1' HD S (HT14CC1C46SG),969.0,1299.0,285.84,2026-08-05,25,PEN,,,Ripley PE,https://simple.ripley.com.pe/laptop-hyundai-hybook-plus-intel-celeron-n4020-4gb-ram-128gb-ssd-141-hd-s-ht14cc1c46sg-pmp20001218287
20260805_055550,2026-08-05T06:08:25.224099+00:00,ripley_pe,laptops,20001024873,LENOVO,LAPTOP GAMER LENOVO LOQ 15IAX9 INTEL CORE I5-12450HX 8GB DDR5 512GB SSD 6GB NVIDIA RTX3050 15.6 FHD IPS 144HZ WIN 11,3380.0,3999.0,997.05,2026-08-05,15,PEN,,,Ripley PE,https://simple.ripley.com.pe/laptop-gamer-lenovo-loq-15iax9-intel-core-i5-12450hx-8gb-ddr5-512gb-ssd-6gb-nvidia-rtx3050-156-fhd-ips-144hz-win-11-pmp20001024873
20260805_055550,2026-08-05T06:08:25.226099+00:00,ripley_pe,laptops,20001517753,LENOVO,LAPTOP LENOVO YOGA 7 2-EN-1 14AKP10 RYZEN AI 7 350 / RAM 32GB / SSD 1TB // PANTALLA 14' -  83JR006YLM,5309.0,7539.0,1566.08,2026-08-05,30,PEN,,,Ripley PE,https://simple.ripley.com.pe/laptop-lenovo-yoga-7-2-en-1-14akp10-ryzen-ai-7-350-ram-32gb-ssd-1tb-pantalla-14-83jr006ylm-pmp20001517753
20260805_055550,2026-08-05T06:08:25.227098+00:00,ripley_pe,laptops,20001216704,LENOVO,LENOVO V 15 G5 IRU INTEL I3-1315U 8GB RAM DDR5 256GB SSD INTEL UHD 15.6 FHD ARTIC GREY FD,1900.0,2100.0,560.47,2026-08-05,10,PEN,,,Ripley PE,https://simple.ripley.com.pe/lenovo-v-15-g5-iru-intel-i3-1315u-8gb-ram-ddr5-256gb-ssd-intel-uhd-156-fhd-artic-grey-fd-pmp20001216704
20260805_055550,2026-08-05T06:08:25.228099+00:00,ripley_pe,laptops,20001293516,APPLE,MACBOOK PRO 14″ M5 16GB RAM + 512GB SSD (TECLADO INGLES) - SPACE BLACK + REGALO,9099.0,9999.0,2684.07,2026-08-05,9,PEN,,,Ripley PE,https://simple.ripley.com.pe/macbook-pro-14-m5-16gb-ram-512gb-ssd-teclado-ingles-space-black-regalo-pmp20001293516
20260805_055550,2026-08-05T06:08:25.229102+00:00,ripley_pe,laptops,20001293527,APPLE,MACBOOK PRO 14″ M5 16GB RAM + 512GB SSD (TECLADO INGLES) - SILVER,8999.0,9999.0,2654.57,2026-08-05,10,PEN,,,Ripley PE,https://simple.ripley.com.pe/macbook-pro-14-m5-16gb-ram-512gb-ssd-teclado-ingles-silver-pmp20001293527
20260805_055550,2026-08-05T06:08:25.231103+00:00,ripley_pe,laptops,20001511076,APPLE,MACBOOK AIR 15 M5 10C CPU 10C GPU 16GB 512GB SSD STARLIGHT,5829.0,7286.25,1719.47,2026-08-05,20,PEN,,,Ripley PE,https://simple.ripley.com.pe/macbook-air-15-m5-10c-cpu-10c-gpu-16gb-512gb-ssd-starlight-pmp20001511076
20260805_055550,2026-08-05T06:08:25.232104+00:00,ripley_pe,laptops,20001292068,APPLE,MACBOOK AIR 13' INTEL CORE I7 256GB SSD 8GB | OPEN BOX,1278.0,1380.0,376.99,2026-08-05,7,PEN,,,Ripley PE,https://simple.ripley.com.pe/macbook-air-13-intel-core-i7-256gb-ssd-8gb-open-box-pmp20001292068
20260805_055550,2026-08-05T06:08:25.233103+00:00,ripley_pe,laptops,20001531603,APPLE,MACBOOK PRO 14”  ( M5 )  16GB/1TB - ( Teclado Ingles ) SPACE BLACK + REGALO,8499.0,10999.0,2507.08,2026-08-05,23,PEN,,,Ripley PE,https://simple.ripley.com.pe/macbook-pro-14-m5-16gb1tb-teclado-ingles-space-black-regalo-pmp20001531603
20260805_055550,2026-08-05T06:08:30.165929+00:00,ripley_pe,computadoras,20001128892,RYZEN,COMPUTADORA GAMER RYU RGB PLUS RYZEN 7 5700 32GB 500GB RTX3050 6GB 24' CURVO MI PC LISTA - MIPCLISTA,4199.0,6499.0,1238.64,2026-08-05,35,PEN,,,Ripley PE,https://simple.ripley.com.pe/computadora-gamer-ryu-rgb-plus-ryzen-7-5700-32gb-500gb-rtx3050-6gb-24-curvo-mi-pc-lista-mipclista-pmp20001128892
20260805_055550,2026-08-05T06:08:30.167928+00:00,ripley_pe,computadoras,20001117700,INTEL,COMPUTADORA PC GAMER DRACO PINK CORE I7 9TH 16GB 500GB 24' CURVO RTX3050 6GB MI PC LISTA - MIPCLISTA,3799.0,6999.0,1120.65,2026-08-05,46,PEN,,,Ripley PE,https://simple.ripley.com.pe/computadora-pc-gamer-draco-pink-core-i7-9th-16gb-500gb-24-curvo-rtx3050-6gb-mi-pc-lista-mipclista-pmp20001117700
20260805_055550,2026-08-05T06:08:30.168928+00:00,ripley_pe,computadoras,20001351152,APPLE,MACBOOK NEO 13' (2026) CHIP A18 PRO 8GB RAM 256GB SSD | CITRUS - TECLADO INGLÉS,2959.0,3409.0,872.86,2026-08-05,13,PEN,,,Ripley PE,https://simple.ripley.com.pe/macbook-neo-13-2026-chip-a18-pro-8gb-ram-256gb-ssd-citrus-teclado-ingles-pmp20001351152
20260805_055550,2026-08-05T06:08:30.169928+00:00,ripley_pe,computadoras,20001183440,INTEL,"COMPUTADORA PC INTEL CI7 3,90 GHZ 16GB RAM 256GB SSD + 1TB HDD - MONITOR 22' FHD",1350.0,1700.0,398.23,2026-08-05,21,PEN,,,Ripley PE,https://simple.ripley.com.pe/computadora-pc-intel-ci7-390-ghz-16gb-ram-256gb-ssd-1tb-hdd-monitor-22-fhd-pmp20001183440
20260805_055550,2026-08-05T06:08:30.170928+00:00,ripley_pe,computadoras,20001543454,INTEL,"Computadora PC Gamer Intel Core i7 4,00 GHz 16GB RAM 512GB SSD + Monitor 24"" FHD WiFi",1790.0,2000.0,528.02,2026-08-05,11,PEN,,,Ripley PE,https://simple.ripley.com.pe/computadora-pc-gamer-intel-core-i7-400-ghz-16gb-ram-512gb-ssd-monitor-24-fhd-wifi-pmp20001543454
20260805_055550,2026-08-05T06:08:30.172928+00:00,ripley_pe,computadoras,20001351148,APPLE,MACBOOK NEO 13' (2026) CHIP A18 PRO 8GB RAM 512GB SSD | CITRUS - TECLADO INGLÉS,3399.0,3909.0,1002.65,2026-08-05,13,PEN,,,Ripley PE,https://simple.ripley.com.pe/macbook-neo-13-2026-chip-a18-pro-8gb-ram-512gb-ssd-citrus-teclado-ingles-pmp20001351148
20260805_055550,2026-08-05T06:08:30.173928+00:00,ripley_pe,computadoras,20000852289,RYZEN,COMPUTADORA GAMER HAKU RGB RYZEN 7 5700G 16GB 500GB 24' CURVO MI PC LISTA - MIPCLISTA,2899.0,4839.0,855.16,2026-08-05,40,PEN,,,Ripley PE,https://simple.ripley.com.pe/computadora-gamer-haku-rgb-ryzen-7-5700g-16gb-500gb-24-curvo-mi-pc-lista-mipclista-pmp20000852289
20260805_055550,2026-08-05T06:08:30.174928+00:00,ripley_pe,computadoras,20000852229,INTEL,COMPUTADORA PC GAMER DRACO GREEN INTEL CORE I5 12400F 16GB 500GB 24' VA RTX3050 6GB MI PC LISTA - MIPCLISTA,3299.0,5999.0,973.16,2026-08-05,45,PEN,,,Ripley PE,https://simple.ripley.com.pe/computadora-pc-gamer-draco-green-intel-core-i5-12400f-16gb-500gb-24-va-rtx3050-6gb-mi-pc-lista-mipclista-pmp20000852229
20260805_055550,2026-08-05T06:08:30.175928+00:00,ripley_pe,computadoras,00002095233,INTEL,COMPUTADORA 27'' INTEL PC CORE I7 3.4 GHZ MONITOR RAM DISCO DURO 1TB + SSD 240GB INTEL CORE I7 16GB,1699.0,2790.0,501.18,2026-08-05,39,PEN,,,Ripley PE,https://simple.ripley.com.pe/computadora-27-intel-pc-core-i7-34-ghz-monitor-ram-disco-duro-1tb-ssd-240gb-intel-core-i7-16gb-pmp00002095233
20260805_055550,2026-08-05T06:08:30.176928+00:00,ripley_pe,computadoras,20000840654,INTEL,COMPUTADORA PC INTEL CORE I7 3.80GHZ | 16GB RAM | SSD 512GB,1320.0,1500.0,389.38,2026-08-05,12,PEN,,,Ripley PE,https://simple.ripley.com.pe/computadora-pc-intel-core-i7-380ghz-16gb-ram-ssd-512gb-pmp20000840654
20260805_055550,2026-08-05T06:08:30.177928+00:00,ripley_pe,computadoras,20001536492,DELL,"COMPUTADORA PC DELL OPTIPLEX INTEL CORE I5 3,30 GHZ 8GB RAM 500GB HDD - REFURBISHED",559.0,990.0,164.9,2026-08-05,44,PEN,,,Ripley PE,https://simple.ripley.com.pe/computadora-pc-dell-optiplex-intel-core-i5-330-ghz-8gb-ram-500gb-hdd-refurbished-pmp20001536492
20260805_055550,2026-08-05T06:08:30.178923+00:00,ripley_pe,computadoras,20000842964,APPLE,MACBOOK AIR 13' APPLE CHIP M1 256GB SSD 8GB,3386.0,3657.0,998.82,2026-08-05,7,PEN,,,Ripley PE,https://simple.ripley.com.pe/macbook-air-13-apple-chip-m1-256gb-ssd-8gb-pmp20000842964
20260805_055550,2026-08-05T06:08:30.179929+00:00,ripley_pe,computadoras,20000863818,INTEL,COMPUTADORA PC INTEL CORE I7 3.80GHZ 16GB RAM - SSD 512GB + MONITOR 22' FHD,1499.0,1700.0,442.18,2026-08-05,12,PEN,,,Ripley PE,https://simple.ripley.com.pe/computadora-pc-intel-core-i7-380ghz-16gb-ram-ssd-512gb-monitor-22-fhd-pmp20000863818
20260805_055550,2026-08-05T06:08:30.181928+00:00,ripley_pe,computadoras,20001352253,APPLE,NUEVA MACBOOK AIR M5 13” 16GB RAM + 512GB (TECLADO INGLES) - MIDNIGHT (2026),5699.0,6499.0,1681.12,2026-08-05,12,PEN,,,Ripley PE,https://simple.ripley.com.pe/nueva-macbook-air-m5-13-16gb-ram-512gb-teclado-ingles-midnight-2026-pmp20001352253
20260805_055550,2026-08-05T06:08:30.182928+00:00,ripley_pe,computadoras,20001357272,HP,HP PRODESK MINI 400 CORE I7 16GB RAM 512GB SSD + MONITOR 24' IPS FHD 1920 X 1200,1589.0,1999.0,468.73,2026-08-05,21,PEN,,,Ripley PE,https://simple.ripley.com.pe/hp-prodesk-mini-400-core-i7-16gb-ram-512gb-ssd-monitor-24-ips-fhd-1920-x-1200-pmp20001357272
20260805_055550,2026-08-05T06:08:30.183928+00:00,ripley_pe,computadoras,20000860776,INTEL,COMPUTADORA PC INTEL CORE I5 3.30GHZ | 8GB RAM | 256GB SSD,890.0,1300.0,262.54,2026-08-05,32,PEN,,,Ripley PE,https://simple.ripley.com.pe/computadora-pc-intel-core-i5-330ghz-8gb-ram-256gb-ssd-pmp20000860776
20260805_055550,2026-08-05T06:08:30.184928+00:00,ripley_pe,computadoras,20000769124,INTEL,COMPUTADORA PC GAMER INTEL CORE I7 32GB RAM 1TB SSD + 1TB HDD RTX 3050 6GB,3199.0,3600.0,943.66,2026-08-05,11,PEN,,,Ripley PE,https://simple.ripley.com.pe/computadora-pc-gamer-intel-core-i7-32gb-ram-1tb-ssd-1tb-hdd-rtx-3050-6gb-pmp20000769124
20260805_055550,2026-08-05T06:08:30.185938+00:00,ripley_pe,computadoras,20001352199,APPLE,NUEVA MACBOOK AIR M5 13” 16GB RAM + 512GB (TECLADO INGLES) - SILVER (2026),5699.0,6499.0,1681.12,2026-08-05,12,PEN,,,Ripley PE,https://simple.ripley.com.pe/nueva-macbook-air-m5-13-16gb-ram-512gb-teclado-ingles-silver-2026-pmp20001352199
20260805_055550,2026-08-05T06:08:30.186929+00:00,ripley_pe,computadoras,20001243021,LENOVO,"ALL IN ONE LENOVO IDEACENTRE AIO 3 27ALC6 RYZEN 7-7730U 16GB RAM, SSD512GB 27″",3899.0,4599.0,1150.15,2026-08-05,15,PEN,,,Ripley PE,https://simple.ripley.com.pe/all-in-one-lenovo-ideacentre-aio-3-27alc6-ryzen-7-7730u-16gb-ram-ssd512gb-27-pmp20001243021
20260805_055550,2026-08-05T06:08:30.187928+00:00,ripley_pe,computadoras,20001352317,APPLE,NUEVA MACBOOK AIR M5 13” 16GB RAM + 512GB (TECLADO INGLES) - MIDNIGHT (2026) + REGALO,6099.0,6599.0,1799.12,2026-08-05,8,PEN,,,Ripley PE,https://simple.ripley.com.pe/nueva-macbook-air-m5-13-16gb-ram-512gb-teclado-ingles-midnight-2026-regalo-pmp20001352317
20260805_055550,2026-08-05T06:08:30.188929+00:00,ripley_pe,computadoras,20001532443,APPLEFUNS,"MAC MINI 2023 RENOVADO CON CHIP M2, 8 NÚCLEOS, 8 GB RAM Y 256 GB SSD, PLATA",1985.0,2580.5,585.55,2026-08-05,23,PEN,,,Ripley PE,https://simple.ripley.com.pe/mac-mini-2023-renovado-con-chip-m2-8-nucleos-8-gb-ram-y-256-gb-ssd-plata-pmp20001532443
20260805_055550,2026-08-05T06:08:30.189936+00:00,ripley_pe,computadoras,20001365863,APPLE,MACBOOK NEO 13 CHIP A18 PRO 8GB RAM 512B SSD TOUCH ID TECLADO INGLES - INDIGO,3699.0,4399.0,1091.15,2026-08-05,16,PEN,,,Ripley PE,https://simple.ripley.com.pe/macbook-neo-13-chip-a18-pro-8gb-ram-512b-ssd-touch-id-teclado-ingles-indigo-pmp20001365863
20260805_055550,2026-08-05T06:08:30.190930+00:00,ripley_pe,computadoras,20001352255,APPLE,NUEVA MACBOOK AIR M5 13” 16GB RAM + 512GB (TECLADO INGLES) - MIDNIGHT (2026),5699.0,6499.0,1681.12,2026-08-05,12,PEN,,,Ripley PE,https://simple.ripley.com.pe/nueva-macbook-air-m5-13-16gb-ram-512gb-teclado-ingles-midnight-2026-pmp20001352255
20260805_055550,2026-08-05T06:08:30.190930+00:00,ripley_pe,computadoras,00003108253,GAMER,COMPUTADORA INTEL CORE I7 RAM 32GB PC GAMER CORE I7-8TH 3.2GHZ DISCO SSD 2TB VIDEO RX 580 8GB MONITOR 27 FHD,4389.0,5890.0,1294.69,2026-08-05,25,PEN,,,Ripley PE,https://simple.ripley.com.pe/computadora-intel-core-i7-ram-32gb-pc-gamer-core-i7-8th-32ghz-disco-ssd-2tb-video-rx-580-8gb-monitor-27-fhd-pmp00003108253
20260805_055550,2026-08-05T06:08:30.191928+00:00,ripley_pe,computadoras,20000821014,APPLE,"MAC MINI M4 PRO CHIP WITH 12‑CORE CPU, 16‑CORE GPU, 16‑CORE / 24GB Y 512GB",7980.0,9576.0,2353.98,2026-08-05,17,PEN,,,Ripley PE,https://simple.ripley.com.pe/mac-mini-m4-pro-chip-with-12core-cpu-16core-gpu-16core-24gb-y-512gb-pmp20000821014
20260805_055550,2026-08-05T06:08:30.191928+00:00,ripley_pe,computadoras,20001208609,APPLE,APPLE MACBOOK PRO MDE44LL/A 16GB RAM 512GB SSD LECTOR DE HUELLAS,7560.0,9072.0,2230.09,2026-08-05,17,PEN,,,Ripley PE,https://simple.ripley.com.pe/apple-macbook-pro-mde44lla-16gb-ram-512gb-ssd-lector-de-huellas-pmp20001208609
20260805_055550,2026-08-05T06:08:30.192928+00:00,ripley_pe,computadoras,00002927428,SIGMA,COMPUTADORA SAMSUNG INTEL CORE I7 RAM 16GB PC 3.4 GHZ VIDEO DISCO +SSD 240GB MONITOR 24 1TB GT 750 4GB,2649.0,3570.0,781.42,2026-08-05,26,PEN,,,Ripley PE,https://simple.ripley.com.pe/computadora-samsung-intel-core-i7-ram-16gb-pc-34-ghz-video-disco-ssd-240gb-monitor-24-1tb-gt-750-4gb-pmp00002927428
20260805_055550,2026-08-05T06:08:30.192928+00:00,ripley_pe,computadoras,20001453070,GENÉRICO,ALL IN ONE PC INTEL CORE I5 512GB SSD 8GB BLANCO,1924.0,2078.0,567.55,2026-08-05,7,PEN,,,Ripley PE,https://simple.ripley.com.pe/all-in-one-pc-intel-core-i5-512gb-ssd-8gb-blanco-pmp20001453070
20260805_055550,2026-08-05T06:08:30.193928+00:00,ripley_pe,computadoras,20001453073,GENÉRICO,ALL IN ONE PC INTEL CORE I7 512GB SSD 16GB BLANCO,2106.0,2274.0,621.24,2026-08-05,7,PEN,,,Ripley PE,https://simple.ripley.com.pe/all-in-one-pc-intel-core-i7-512gb-ssd-16gb-blanco-pmp20001453073
20260805_055550,2026-08-05T06:08:30.193928+00:00,ripley_pe,computadoras,20000686897,MSI,"PC GAMING MSI CLAW HANDHELD: INTEL ULTRA 5-135H, PANTALLA FHD 120 HZ, 16 GB LPDDR5, SSD NVME, WIN 11 HOME",3375.0,4050.0,995.58,2026-08-05,17,PEN,,,Ripley PE,https://simple.ripley.com.pe/pc-gaming-msi-claw-handheld-intel-ultra-5-135h-pantalla-fhd-120-hz-16-gb-lpddr5-ssd-nvme-win-11-home-pmp20000686897
20260805_055550,2026-08-05T06:08:30.194935+00:00,ripley_pe,computadoras,20000852371,INTEL,COMPUTADORA PC GAMER FALKOR RGB PLUS CORE I9 ULTRA 285K 64GBDDR5 1TB 8TBHDD RTX5090 32GB  27' 280HZ IPS  MIPCLISTA,30499.0,42669.0,8996.76,2026-08-05,29,PEN,,,Ripley PE,https://simple.ripley.com.pe/computadora-pc-gamer-falkor-rgb-plus-core-i9-ultra-285k-64gbddr5-1tb-8tbhdd-rtx5090-32gb-27-280hz-ips-mipclista-pmp20000852371
20260805_055550,2026-08-05T06:08:30.195938+00:00,ripley_pe,computadoras,20001352330,APPLE,NUEVA MACBOOK AIR M5 13” 16GB RAM + 512GB (TECLADO INGLES) - STARLIGHT (2026) + REGALO,6099.0,6599.0,1799.12,2026-08-05,8,PEN,,,Ripley PE,https://simple.ripley.com.pe/nueva-macbook-air-m5-13-16gb-ram-512gb-teclado-ingles-starlight-2026-regalo-pmp20001352330
20260805_055550,2026-08-05T06:08:30.195938+00:00,ripley_pe,computadoras,00001459992,GENÉRICO,COMPUTADORA 27' RYZEN 5 5600G PC GAMER T RAM 16 DISCO SOLIDO 500GB MONITOR FULL HD,2539.0,3590.0,748.97,2026-08-05,29,PEN,,,Ripley PE,https://simple.ripley.com.pe/computadora-27-ryzen-5-5600g-pc-gamer-t-ram-16-disco-solido-500gb-monitor-full-hd-pmp00001459992
20260805_055550,2026-08-05T06:08:30.196928+00:00,ripley_pe,computadoras,20001086716,INTEL,"COMPUTADORA PC INTEL CORE I7 4,00 GHZ 32GB RAM 512GB SSD + 1TB HDD",2059.0,2600.0,607.37,2026-08-05,21,PEN,,,Ripley PE,https://simple.ripley.com.pe/computadora-pc-intel-core-i7-400-ghz-32gb-ram-512gb-ssd-1tb-hdd-pmp20001086716
20260805_055550,2026-08-05T06:08:30.196928+00:00,ripley_pe,computadoras,00001459986,INTEL,Computadora PC Core i5  3.2Ghz RAM 16GB DISCO 1TB +SSD 240GB Monitor 24 FHD,1549.0,2950.0,456.93,2026-08-05,47,PEN,,,Ripley PE,https://simple.ripley.com.pe/computadora-pc-core-i5-32ghz-ram-16gb-disco-1tb-ssd-240gb-monitor-24-fhd-pmp00001459986
20260805_055550,2026-08-05T06:08:30.198928+00:00,ripley_pe,computadoras,20001352283,APPLE,NUEVA MACBOOK AIR M5 13” 16GB RAM + 512GB (TECLADO INGLES) - SKY BLUE (2026),5699.0,6499.0,1681.12,2026-08-05,12,PEN,,,Ripley PE,https://simple.ripley.com.pe/nueva-macbook-air-m5-13-16gb-ram-512gb-teclado-ingles-sky-blue-2026-pmp20001352283
20260805_055550,2026-08-05T06:08:30.198928+00:00,ripley_pe,computadoras,20001544007,APPLE,APPLE MACBOOK  REACONDICIONADA A2141 PR0 CORE 9 9NA 16 GB RAM 1TB SSD 4GB VIDEO GRIS,3430.0,,1011.8,2026-08-05,,PEN,,,Ripley PE,https://simple.ripley.com.pe/apple-macbook-reacondicionada-a2141-pr0-core-9-9na-16-gb-ram-1tb-ssd-4gb-video-gris-pmp20001544007
20260805_055550,2026-08-05T06:08:30.199928+00:00,ripley_pe,computadoras,20001499305,PCYA,CPU PCYA AMD RYZEN 7 5700G 32GB RAM DDR4 1TB SSD M.2 WIFI 2GB RX RANDEON VEGA 8 FREEDOS,3390.0,4068.0,1000.0,2026-08-05,17,PEN,,,Ripley PE,https://simple.ripley.com.pe/cpu-pcya-amd-ryzen-7-5700g-32gb-ram-ddr4-1tb-ssd-m2-wifi-2gb-rx-randeon-vega-8-freedos-pmp20001499305
20260805_055550,2026-08-05T06:08:30.199928+00:00,ripley_pe,computadoras,20001352211,APPLE,NUEVA MACBOOK AIR M5 13” 16GB RAM + 512GB (TECLADO INGLES) - SILVER (2026),5699.0,6499.0,1681.12,2026-08-05,12,PEN,,,Ripley PE,https://simple.ripley.com.pe/nueva-macbook-air-m5-13-16gb-ram-512gb-teclado-ingles-silver-2026-pmp20001352211
20260805_055550,2026-08-05T06:08:30.201928+00:00,ripley_pe,computadoras,20000852237,INTEL,COMPUTADORA PC GAMER DRACO RED PLUS CORE I5 12400F 12TH 16GB 500GB 24' CURVO RTX5060 8GB MI PC LISTA - MIPCLISTA,4799.0,7169.0,1415.63,2026-08-05,33,PEN,,,Ripley PE,https://simple.ripley.com.pe/computadora-pc-gamer-draco-red-plus-core-i5-12400f-12th-16gb-500gb-24-curvo-rtx5060-8gb-mi-pc-lista-mipclista-pmp20000852237
20260805_055550,2026-08-05T06:08:30.201928+00:00,ripley_pe,computadoras,20001490354,APPLE,"MACBOOK PRO 14”  ( M5 )  16GB, 512GB - SPACE BLACK",8299.0,8799.0,2448.08,2026-08-05,6,PEN,,,Ripley PE,https://simple.ripley.com.pe/macbook-pro-14-m5-16gb-512gb-space-black-pmp20001490354
20260805_055550,2026-08-05T06:08:30.202928+00:00,ripley_pe,computadoras,20000860860,INTEL,COMPUTADORA PC INTEL CORE I5 3.30GHZ 8GB RAM 256GB SSD + MONITOR 22' FHD,1290.0,1700.0,380.53,2026-08-05,24,PEN,,,Ripley PE,https://simple.ripley.com.pe/computadora-pc-intel-core-i5-330ghz-8gb-ram-256gb-ssd-monitor-22-fhd-pmp20000860860
20260805_055550,2026-08-05T06:08:30.203929+00:00,ripley_pe,computadoras,20001349530,INTEL,"COMPUTADORA PC INTEL CORE I5 3,60 GHZ 8GB RAM 256GB SSD 500GB HDD + MONITOR 22' FHD WIFI",1099.0,1500.0,324.19,2026-08-05,27,PEN,,,Ripley PE,https://simple.ripley.com.pe/computadora-pc-intel-core-i5-360-ghz-8gb-ram-256gb-ssd-500gb-hdd-monitor-22-fhd-wifi-pmp20001349530
20260805_055550,2026-08-05T06:08:30.203929+00:00,ripley_pe,computadoras,20001165568,ADVANCE,"MINI PC ADVANCE NUC I5-12450H, 4.4GHZ, 8C/12T, HDMI, USB 3.0, BT | RENDIMIENTO COMPACTO Y POTENTE",1639.0,2459.0,483.48,2026-08-05,33,PEN,,,Ripley PE,https://simple.ripley.com.pe/mini-pc-advance-nuc-i5-12450h-44ghz-8c12t-hdmi-usb-30-bt-rendimiento-compacto-y-potente-pmp20001165568
20260805_055550,2026-08-05T06:08:30.204928+00:00,ripley_pe,computadoras,20000852319,RYZEN,COMPUTADORA GAMER PINK RYZEN 7 5700 32GB 500GB 24' CURVO RTX5050 8GB MI PC LISTA - MIPCLISTA,5499.0,7399.0,1622.12,2026-08-05,26,PEN,,,Ripley PE,https://simple.ripley.com.pe/computadora-gamer-pink-ryzen-7-5700-32gb-500gb-24-curvo-rtx5050-8gb-mi-pc-lista-mipclista-pmp20000852319
20260805_055550,2026-08-05T06:08:30.204928+00:00,ripley_pe,computadoras,20000386489,INTEL,CPU INTEL INTEL CORE I5 RAM16GB CORE I5-10400- -SSD 1OMA 500GB,1740.0,2499.0,513.27,2026-08-05,30,PEN,,,Ripley PE,https://simple.ripley.com.pe/cpu-intel-intel-core-i5-ram16gb-core-i5-10400-ssd-1oma-500gb-pmp20000386489
20260805_055550,2026-08-05T06:08:30.205936+00:00,ripley_pe,computadoras,20001190727,HP,HP PRODESK 400 G5 MINI PC INTEL CORE I7 9700T 12GB RAM 256GB SSD REACONDICIONADA 1 AÑO DE GARANTÍA,1189.9,1599.0,351.0,2026-08-05,26,PEN,,,Ripley PE,https://simple.ripley.com.pe/hp-prodesk-400-g5-mini-pc-intel-core-i7-9700t-12gb-ram-256gb-ssd-reacondicionada-1-ano-de-garantia-pmp20001190727
20260805_055550,2026-08-05T06:08:30.205936+00:00,ripley_pe,computadoras,20001190737,HP,HP PRODESK MINI 400 G5 I7 9700T 8GB RAM 256GB SSD + MONITOR 24' IPS FHD 1920 X 1200,1399.0,1899.0,412.68,2026-08-05,26,PEN,,,Ripley PE,https://simple.ripley.com.pe/hp-prodesk-mini-400-g5-i7-9700t-8gb-ram-256gb-ssd-monitor-24-ips-fhd-1920-x-1200-pmp20001190737
20260805_055550,2026-08-05T06:08:30.206935+00:00,ripley_pe,computadoras,20001352205,HP,ALL IN ONE HP PROONE 240 G10 INTEL ULTRA 5 125U 16GB RAM 512GB SSD 23.8 FHD FREEDOS,2799.0,3359.0,825.66,2026-08-05,17,PEN,,,Ripley PE,https://simple.ripley.com.pe/all-in-one-hp-proone-240-g10-intel-ultra-5-125u-16gb-ram-512gb-ssd-238-fhd-freedos-pmp20001352205
20260805_055550,2026-08-05T06:08:35.043098+00:00,ripley_pe,computadoras,20001407522,HP,"MINI PC HP PRO 260 G9 I5-1334U, 16GB RAM, 512GB SSD, SIN WINDOWS (BE5S8AT)",2409.0,2549.0,710.62,2026-08-05,5,PEN,,,Ripley PE,https://simple.ripley.com.pe/mini-pc-hp-pro-260-g9-i5-1334u-16gb-ram-512gb-ssd-sin-windows-be5s8at-pmp20001407522
20260805_055550,2026-08-05T06:08:35.046098+00:00,ripley_pe,computadoras,20001355981,APPLE,APPLE MACBOOK AIR 13″ M5 512GB SSD 16GB RAM – TECLADO INGLÉS,5599.0,7199.0,1651.62,2026-08-05,22,PEN,,,Ripley PE,https://simple.ripley.com.pe/apple-macbook-air-13-m5-512gb-ssd-16gb-ram-teclado-ingles-pmp20001355981
20260805_055550,2026-08-05T06:08:35.048098+00:00,ripley_pe,computadoras,20001193886,APPLE,"MACBOOK AIR 13.3' APPLE MGN63LA/A - 8GB RAM, 256GB SSD, GRIS, PANTALLA RETINA, LARGA DURACIÓN DE BATERÍA",4109.0,6169.0,1212.09,2026-08-05,33,PEN,,,Ripley PE,https://simple.ripley.com.pe/macbook-air-133-apple-mgn63laa-8gb-ram-256gb-ssd-gris-pantalla-retina-larga-duracion-de-bateria-pmp20001193886
20260805_055550,2026-08-05T06:08:35.049098+00:00,ripley_pe,computadoras,20000852138,RYZEN,COMPUTADORA GAMER DRACO RGB RYZEN 5 5500 16GB 500GB 24' CURVO RTX3050 6GB MI PC LISTA - MIPCLISTA,3699.0,5669.0,1091.15,2026-08-05,35,PEN,,,Ripley PE,https://simple.ripley.com.pe/computadora-gamer-draco-rgb-ryzen-5-5500-16gb-500gb-24-curvo-rtx3050-6gb-mi-pc-lista-mipclista-pmp20000852138
20260805_055550,2026-08-05T06:08:35.051098+00:00,ripley_pe,computadoras,00003226509,INTEL,"COMPUTADORA INTEL INTEL CORE I7 RAM 16GB PC GAMER CORE I7 , VIDEO , DISCO +SSD 480GB MONITOR 27 FHD 1TB RX 580 8GB",4239.0,4980.0,1250.44,2026-08-05,15,PEN,,,Ripley PE,https://simple.ripley.com.pe/computadora-intel-intel-core-i7-ram-16gb-pc-gamer-core-i7-video-disco-ssd-480gb-monitor-27-fhd-1tb-rx-580-8gb-pmp00003226509
20260805_055550,2026-08-05T06:08:35.052098+00:00,ripley_pe,computadoras,20000222209,APPLE,"IMAC 24 INCH 4.5K RETINA DISPLAY, M3, PURPURA, 10-CORE GPU, 512GB STORAGE",10585.19,17144.82,3122.47,2026-08-05,38,PEN,,,Ripley PE,https://simple.ripley.com.pe/imac-24-inch-45k-retina-display-m3-purpura-10-core-gpu-512gb-storage-pmp20000222209
20260805_055550,2026-08-05T06:08:35.053098+00:00,ripley_pe,computadoras,20001352174,APPLE,NUEVA MACBOOK AIR M5 13” 16GB RAM + 512GB (TECLADO INGLES) - STARLIGHT (2026),5699.0,6499.0,1681.12,2026-08-05,12,PEN,,,Ripley PE,https://simple.ripley.com.pe/nueva-macbook-air-m5-13-16gb-ram-512gb-teclado-ingles-starlight-2026-pmp20001352174
20260805_055550,2026-08-05T06:08:35.054099+00:00,ripley_pe,computadoras,20001278037,APPLE,MACBOOK PRO 14″ M5 16GB RAM + 512GB SSD (TECLADO INGLES) - SPACE BLACK,8199.0,9999.0,2418.58,2026-08-05,18,PEN,,,Ripley PE,https://simple.ripley.com.pe/macbook-pro-14-m5-16gb-ram-512gb-ssd-teclado-ingles-space-black-pmp20001278037
20260805_055550,2026-08-05T06:08:35.055100+00:00,ripley_pe,computadoras,20001352303,APPLE,NUEVA MACBOOK AIR M5 13” 16GB RAM + 512GB (TECLADO INGLES) - SILVER (2026) + REGALO,6099.0,6599.0,1799.12,2026-08-05,8,PEN,,,Ripley PE,https://simple.ripley.com.pe/nueva-macbook-air-m5-13-16gb-ram-512gb-teclado-ingles-silver-2026-regalo-pmp20001352303
20260805_055550,2026-08-05T06:08:35.056605+00:00,ripley_pe,computadoras,20001352290,APPLE,NUEVA MACBOOK AIR M5 13” 16GB RAM + 512GB (TECLADO INGLES) - SKY BLUE (2026),5699.0,6499.0,1681.12,2026-08-05,12,PEN,,,Ripley PE,https://simple.ripley.com.pe/nueva-macbook-air-m5-13-16gb-ram-512gb-teclado-ingles-sky-blue-2026-pmp20001352290
20260805_055550,2026-08-05T06:08:35.058109+00:00,ripley_pe,computadoras,20001491511,APPLE,APPLE IMAC I7 4.6 GHZ 16GB RAM 500GB SSD VIDEO 2GB GDDR5 21.5' 4K + HDD 1TB,2499.0,3599.0,737.17,2026-08-05,31,PEN,,,Ripley PE,https://simple.ripley.com.pe/apple-imac-i7-46-ghz-16gb-ram-500gb-ssd-video-2gb-gddr5-215-4k-hdd-1tb-pmp20001491511
20260805_055550,2026-08-05T06:08:35.059115+00:00,ripley_pe,computadoras,20000386496,AMD,COMPUTADORA AMD AMD RYZEN 5 RAM 16GB GAMER RYZEN 5 5600G + SSD 5000GB + GRAFICA VEGA 7 2GB INTEGRADA,2566.0,,756.93,2026-08-05,,PEN,,,Ripley PE,https://simple.ripley.com.pe/computadora-amd-amd-ryzen-5-ram-16gb-gamer-ryzen-5-5600g-ssd-5000gb-grafica-vega-7-2gb-integrada-pmp20000386496
20260805_055550,2026-08-05T06:08:35.060115+00:00,ripley_pe,computadoras,20001351160,APPLE,MACBOOK PRO 16.2' (2026) CHIP M5 PRO 48GB RAM 1TB SSD 18CORE CPU 20CORE GPU | NEGRO - TECLADO INGLÉS,14999.0,17249.0,4424.48,2026-08-05,13,PEN,,,Ripley PE,https://simple.ripley.com.pe/macbook-pro-162-2026-chip-m5-pro-48gb-ram-1tb-ssd-18core-cpu-20core-gpu-negro-teclado-ingles-pmp20001351160
20260805_055550,2026-08-05T06:08:35.062114+00:00,ripley_pe,computadoras,20001351162,APPLE,MACBOOK PRO 16.2' (2026) CHIP M5 MAX 48GB RAM 2TB SSD 18CORE CPU 40CORE GPU | NEGRO - TECLADO INGLÉS,20799.0,23919.0,6135.4,2026-08-05,13,PEN,,,Ripley PE,https://simple.ripley.com.pe/macbook-pro-162-2026-chip-m5-max-48gb-ram-2tb-ssd-18core-cpu-40core-gpu-negro-teclado-ingles-pmp20001351162
20260805_055550,2026-08-05T06:08:35.062114+00:00,ripley_pe,computadoras,00001459988,SIGMA,COMPUTADORA 24' SIGMA INTEL CORE I7 PC 3.4GHZ MONITOR RAM DISCO SOLIDO 500GB INTEL CORE I7 16GB,1559.0,2890.0,459.88,2026-08-05,46,PEN,,,Ripley PE,https://simple.ripley.com.pe/computadora-24-sigma-intel-core-i7-pc-34ghz-monitor-ram-disco-solido-500gb-intel-core-i7-16gb-pmp00001459988
20260805_055550,2026-08-05T06:08:35.063115+00:00,ripley_pe,computadoras,20001175698,APPLE,MACBOOK PRO M5 (2025) 14' 16GB RAM 1TB SSD | SPACE BLACK - TECLADO INGLÉS,10069.0,14389.0,2970.21,2026-08-05,30,PEN,,,Ripley PE,https://simple.ripley.com.pe/macbook-pro-m5-2025-14-16gb-ram-1tb-ssd-space-black-teclado-ingles-pmp20001175698
20260805_055550,2026-08-05T06:08:35.064115+00:00,ripley_pe,computadoras,20001424992,AMD,COMPUTADORA PC GAMER RYZEN 7 5700G RAM 16GB SSD 500GB MONITOR 24 FULL HD,2799.0,3300.0,825.66,2026-08-05,15,PEN,,,Ripley PE,https://simple.ripley.com.pe/computadora-pc-gamer-ryzen-7-5700g-ram-16gb-ssd-500gb-monitor-24-full-hd-pmp20001424992
20260805_055550,2026-08-05T06:08:35.065115+00:00,ripley_pe,computadoras,20000685848,SIGMA,COMPUTADORA PC GAMER RYZEN 5 5600GT RAM 16 DISCO SOLIDO  1TB  MONITOR 27 FULL HD,2679.0,3120.0,790.27,2026-08-05,14,PEN,,,Ripley PE,https://simple.ripley.com.pe/computadora-pc-gamer-ryzen-5-5600gt-ram-16-disco-solido-1tb-monitor-27-full-hd-pmp20000685848
20260805_055550,2026-08-05T06:08:35.066115+00:00,ripley_pe,computadoras,20001175696,APPLE,MACBOOK PRO M5 14' 2025 24GB RAM 1TB SSD APPLE - TECLADO INGLÉS | SPACE BLACK,11149.0,15929.0,3288.79,2026-08-05,30,PEN,,,Ripley PE,https://simple.ripley.com.pe/macbook-pro-m5-14-2025-24gb-ram-1tb-ssd-apple-teclado-ingles-space-black-pmp20001175696
20260805_055550,2026-08-05T06:08:35.068115+00:00,ripley_pe,computadoras,20001490358,APPLE,"MACBOOK PRO 14”  ( M5 )  16GB, 512GB - SPACE BLACK + REGALO",8399.0,8899.0,2477.58,2026-08-05,6,PEN,,,Ripley PE,https://simple.ripley.com.pe/macbook-pro-14-m5-16gb-512gb-space-black-regalo-pmp20001490358
20260805_055550,2026-08-05T06:08:35.069115+00:00,ripley_pe,computadoras,00001555495,INTEL,"COMPUTADORA 24' INTEL PC GAMER CORE I7-8°G 3.4GHZ, RAM DISCO 1TB+SSD 480GB, GTX 1650 4GB MONITOR SAMSUNG 16GB",2689.0,4680.0,793.22,2026-08-05,43,PEN,,,Ripley PE,https://simple.ripley.com.pe/computadora-24-intel-pc-gamer-core-i7-8g-34ghz-ram-disco-1tbssd-480gb-gtx-1650-4gb-monitor-samsung-16gb-pmp00001555495
20260805_055550,2026-08-05T06:08:35.070115+00:00,ripley_pe,computadoras,00002692771,GENÉRICO,COMPUTADORA PC INTEL CORE I7-10TH  RAM 16GB DISCO SOLIDO 500GB  MONITOR  27 FULL HD,2599.0,3640.0,766.67,2026-08-05,29,PEN,,,Ripley PE,https://simple.ripley.com.pe/computadora-pc-intel-core-i7-10th-ram-16gb-disco-solido-500gb-monitor-27-full-hd-pmp00002692771
20260805_055550,2026-08-05T06:08:35.071115+00:00,ripley_pe,computadoras,20000840911,INTEL,COMPUTADORA PC INTEL CORE I7 4.00GHZ | 32GB RAM | SSD 512GB + HDD 1TB,1999.0,2450.0,589.68,2026-08-05,18,PEN,,,Ripley PE,https://simple.ripley.com.pe/computadora-pc-intel-core-i7-400ghz-32gb-ram-ssd-512gb-hdd-1tb-pmp20000840911
20260805_055550,2026-08-05T06:08:35.072114+00:00,ripley_pe,computadoras,20001352291,APPLE,NUEVA MACBOOK AIR M5 13” 16GB RAM + 512GB (TECLADO INGLES) - STARLIGHT (2026) + REGALO,6099.0,6599.0,1799.12,2026-08-05,8,PEN,,,Ripley PE,https://simple.ripley.com.pe/nueva-macbook-air-m5-13-16gb-ram-512gb-teclado-ingles-starlight-2026-regalo-pmp20001352291
20260805_055550,2026-08-05T06:08:35.073114+00:00,ripley_pe,computadoras,20000702309,RYZEN,PC RYZEN AMD RYZEN 5 RAM 16GB GAMER AMD 5 5500 8GB MONITOR 24' 120HZ SSD M.2 1TB RTX 3050,3500.0,,1032.45,2026-08-05,,PEN,,,Ripley PE,https://simple.ripley.com.pe/pc-ryzen-amd-ryzen-5-ram-16gb-gamer-amd-5-5500-8gb-monitor-24-120hz-ssd-m2-1tb-rtx-3050-pmp20000702309
20260805_055550,2026-08-05T06:08:35.074114+00:00,ripley_pe,computadoras,20000769248,INTEL,COMPUTADORA PC GAMER INTEL CORE I5-12400 16GB RAM 512GB SSD + 1TB HDD,2295.0,2600.0,676.99,2026-08-05,12,PEN,,,Ripley PE,https://simple.ripley.com.pe/computadora-pc-gamer-intel-core-i5-12400-16gb-ram-512gb-ssd-1tb-hdd-pmp20000769248
20260805_055550,2026-08-05T06:08:35.075114+00:00,ripley_pe,computadoras,20000853144,INTEL,COMPUTADORA PC INTEL CORE I5 16GB RAM 500GB SSD 1TB HDD + MONITOR LED 24 PULG,1759.0,2100.0,518.88,2026-08-05,16,PEN,,,Ripley PE,https://simple.ripley.com.pe/computadora-pc-intel-core-i5-16gb-ram-500gb-ssd-1tb-hdd-monitor-led-24-pulg-pmp20000853144
20260805_055550,2026-08-05T06:08:35.077114+00:00,ripley_pe,computadoras,20001351156,APPLE,MACBOOK PRO 14.2' (2026) CHIP M5 PRO 24GB RAM 1TB SSD 15CORE CPU 16CORE GPU | PLATA - TECLADO INGLÉS,10999.0,12649.0,3244.54,2026-08-05,13,PEN,,,Ripley PE,https://simple.ripley.com.pe/macbook-pro-142-2026-chip-m5-pro-24gb-ram-1tb-ssd-15core-cpu-16core-gpu-plata-teclado-ingles-pmp20001351156
20260805_055550,2026-08-05T06:08:35.078114+00:00,ripley_pe,computadoras,20001490397,APPLE,"MACBOOK PRO 14”  ( M5 PRO )  24GB, 1TB - SPACE BLACK",10999.0,11499.0,3244.54,2026-08-05,4,PEN,,,Ripley PE,https://simple.ripley.com.pe/macbook-pro-14-m5-pro-24gb-1tb-space-black-pmp20001490397
20260805_055550,2026-08-05T06:08:35.079114+00:00,ripley_pe,computadoras,20001292080,APPLE,IMAC ALL IN ONE 2017 MMQA2LL/A INTEL CORE I5 256GB SSD 8GB PLATA | OPEN BOX,1601.0,1729.0,472.27,2026-08-05,7,PEN,,,Ripley PE,https://simple.ripley.com.pe/imac-all-in-one-2017-mmqa2lla-intel-core-i5-256gb-ssd-8gb-plata-open-box-pmp20001292080
20260805_055550,2026-08-05T06:08:35.080114+00:00,ripley_pe,computadoras,20001543461,INTEL,"Computadora PC Gamer Intel Core i7 4,00 GHz 16GB RAM 512GB SSD WiFi",1500.0,1750.0,442.48,2026-08-05,14,PEN,,,Ripley PE,https://simple.ripley.com.pe/computadora-pc-gamer-intel-core-i7-400-ghz-16gb-ram-512gb-ssd-wifi-pmp20001543461
20260805_055550,2026-08-05T06:08:35.081114+00:00,ripley_pe,computadoras,20001406129,APPLE,MACBOOK NEO 13 CHIP A18 PRO 8GB RAM 512B SSD TOUCH ID TECLADO INGLES - INDIGO,3699.0,4399.0,1091.15,2026-08-05,16,PEN,,,Ripley PE,https://simple.ripley.com.pe/macbook-neo-13-chip-a18-pro-8gb-ram-512b-ssd-touch-id-teclado-ingles-indigo-pmp20001406129
20260805_055550,2026-08-05T06:08:35.082114+00:00,ripley_pe,computadoras,20000821019,APPLE,"MAC MINI M4 PRO CHIP WITH 12‑CORE CPU, 16‑CORE GPU, 16‑CORE / 64GB Y 1TB",12710.0,15252.0,3749.26,2026-08-05,17,PEN,,,Ripley PE,https://simple.ripley.com.pe/mac-mini-m4-pro-chip-with-12core-cpu-16core-gpu-16core-64gb-y-1tb-pmp20000821019
20260805_055550,2026-08-05T06:08:35.083114+00:00,ripley_pe,computadoras,00001459978,SIGMA,COMPUTADORA PC INTEL CORE I7 3.2ghz  RAM 16GB DISCO 1TB + SSD 240GB MONITOR 24 FHD  CASE RGB,1998.0,2980.0,589.38,2026-08-05,33,PEN,,,Ripley PE,https://simple.ripley.com.pe/computadora-pc-intel-core-i7-32ghz-ram-16gb-disco-1tb-ssd-240gb-monitor-24-fhd-case-rgb-pmp00001459978
20260805_055550,2026-08-05T06:08:35.084114+00:00,ripley_pe,computadoras,20000852250,INTEL,COMPUTADORA PC GAMER DRACO RGB PLUS CORE I9 12900KF 16GB 500G 24' CURVO  RTX5060 8GB MI PC LISTA - MIPCLISTA,8199.0,11839.0,2418.58,2026-08-05,31,PEN,,,Ripley PE,https://simple.ripley.com.pe/computadora-pc-gamer-draco-rgb-plus-core-i9-12900kf-16gb-500g-24-curvo-rtx5060-8gb-mi-pc-lista-mipclista-pmp20000852250
20260805_055550,2026-08-05T06:08:35.086114+00:00,ripley_pe,computadoras,20001351153,APPLE,MACBOOK AIR 15.3' (2026) CHIP M5 16GB RAM 512GB SSD | STARLIGHT - TECLADO INGLÉS,6799.0,7819.0,2005.6,2026-08-05,13,PEN,,,Ripley PE,https://simple.ripley.com.pe/macbook-air-153-2026-chip-m5-16gb-ram-512gb-ssd-starlight-teclado-ingles-pmp20001351153
20260805_055550,2026-08-05T06:08:35.087114+00:00,ripley_pe,computadoras,00001459984,INTEL,COMPUTADORA 24' SIGMA INTEL PC CORE I7 3.4GHZ MONITOR FHD RAM DISCO 1TB+SSD 240GB INTEL CORE I7 16GB,1599.0,2690.0,471.68,2026-08-05,41,PEN,,,Ripley PE,https://simple.ripley.com.pe/computadora-24-sigma-intel-pc-core-i7-34ghz-monitor-fhd-ram-disco-1tbssd-240gb-intel-core-i7-16gb-pmp00001459984
20260805_055550,2026-08-05T06:08:35.088114+00:00,ripley_pe,computadoras,20000852211,RYZEN,COMPUTADORA PC GAMER Ultra RGB Ryzen AMD Ryzen 9 7900X 32GBDDR5 1TB 27' IPS RTX5070 12GB MI PC LISTA - MIPCLISTA,11499.0,17339.0,3392.04,2026-08-05,34,PEN,,,Ripley PE,https://simple.ripley.com.pe/computadora-pc-gamer-ultra-rgb-ryzen-amd-ryzen-9-7900x-32gbddr5-1tb-27-ips-rtx5070-12gb-mi-pc-lista-mipclista-pmp20000852211
20260805_055550,2026-08-05T06:08:35.089114+00:00,ripley_pe,computadoras,20000852372,RYZEN,COMPUTADORA GAMER HAKU RED PLUS RYZEN 5 8600G 16GB DDR5 500GB 24' CURVO MI PC LISTA - MIPCLISTA,3199.0,5499.0,943.66,2026-08-05,42,PEN,,,Ripley PE,https://simple.ripley.com.pe/computadora-gamer-haku-red-plus-ryzen-5-8600g-16gb-ddr5-500gb-24-curvo-mi-pc-lista-mipclista-pmp20000852372
20260805_055550,2026-08-05T06:08:35.090114+00:00,ripley_pe,computadoras,00002095239,SIGMA,COMPUTADORA PC GAMER INTEL CORE I7-10TH RAM 16GB DISCO 1TB+SSD 480GB VIDEO RX 580 8GB MONITOR 27 FHD,3759.0,4690.0,1108.85,2026-08-05,20,PEN,,,Ripley PE,https://simple.ripley.com.pe/computadora-pc-gamer-intel-core-i7-10th-ram-16gb-disco-1tbssd-480gb-video-rx-580-8gb-monitor-27-fhd-pmp00002095239
20260805_055550,2026-08-05T06:08:35.091114+00:00,ripley_pe,computadoras,20001492673,AMD,PC GAMER HAKU GREEN RYZEN 5 5600GT SSD 256GB 16GB DDR4 500W,2399.0,3499.0,707.67,2026-08-05,31,PEN,,,Ripley PE,https://simple.ripley.com.pe/pc-gamer-haku-green-ryzen-5-5600gt-ssd-256gb-16gb-ddr4-500w-pmp20001492673
20260805_055550,2026-08-05T06:08:35.092114+00:00,ripley_pe,computadoras,20000852294,RYZEN,COMPUTADORA GAMER HAKU GREEN RYZEN 5 4600G 8GB 500GB 24' va MI PC LISTA - MIPCLISTA,2299.0,3499.0,678.17,2026-08-05,34,PEN,,,Ripley PE,https://simple.ripley.com.pe/computadora-gamer-haku-green-ryzen-5-4600g-8gb-500gb-24-va-mi-pc-lista-mipclista-pmp20000852294
20260805_055550,2026-08-05T06:08:35.094114+00:00,ripley_pe,computadoras,20001450537,LENOVO,"AIO LENOVO IDEACENTRE 24ARR9 RYZEN 5-7535HS, 16GB RAM, 512GB SSD, SIN WINDOWS, 23.8' (F0HR009TLD)",2619.0,3269.0,772.57,2026-08-05,20,PEN,,,Ripley PE,https://simple.ripley.com.pe/aio-lenovo-ideacentre-24arr9-ryzen-5-7535hs-16gb-ram-512gb-ssd-sin-windows-238-f0hr009tld-pmp20001450537
20260805_055550,2026-08-05T06:08:35.095114+00:00,ripley_pe,computadoras,20001490366,APPLE,"MACBOOK PRO 14”  ( M5 )  16GB, 1TB - SPACE BLACK + REGALO",8699.0,9499.0,2566.08,2026-08-05,8,PEN,,,Ripley PE,https://simple.ripley.com.pe/macbook-pro-14-m5-16gb-1tb-space-black-regalo-pmp20001490366
20260805_055550,2026-08-05T06:08:35.096114+00:00,ripley_pe,computadoras,20000777079,INTEL,COMPUTADORA PC GAMER CORE I5 12TH 4.40GHZ | 32GB RAM | SSD 512GB + HDD 1TB | RTX 3050,3710.0,3950.0,1094.4,2026-08-05,6,PEN,,,Ripley PE,https://simple.ripley.com.pe/computadora-pc-gamer-core-i5-12th-440ghz-32gb-ram-ssd-512gb-hdd-1tb-rtx-3050-pmp20000777079
20260805_055550,2026-08-05T06:08:40.203329+00:00,ripley_pe,computadoras,20000777104,INTEL,COMPUTADORA PC GAMER CORE I5 12TH 4.40 GHZ | 16GB RAM | SSD 512GB + HDD 1TB | RTX 3050,3245.0,3490.0,957.23,2026-08-05,7,PEN,,,Ripley PE,https://simple.ripley.com.pe/computadora-pc-gamer-core-i5-12th-440-ghz-16gb-ram-ssd-512gb-hdd-1tb-rtx-3050-pmp20000777104
20260805_055550,2026-08-05T06:08:40.203329+00:00,ripley_pe,computadoras,20001338314,DELL,"DELL ALIENWARE AURORA R12 DESKTOP CON CORE I5, SSD 256GB, RAM 8GB Y RTX 3080, RENOVADA Y POTENTE PARA VIDEOJUEGOS",5625.0,6750.0,1659.29,2026-08-05,17,PEN,,,Ripley PE,https://simple.ripley.com.pe/dell-alienware-aurora-r12-desktop-con-core-i5-ssd-256gb-ram-8gb-y-rtx-3080-renovada-y-potente-para-videojuegos-pmp20001338314
20260805_055550,2026-08-05T06:08:40.204334+00:00,ripley_pe,computadoras,20000918573,INTEL,"Computadora PC Intel Core i7 3,80 GHz 8GB RAM 256GB SSD 1TB HDD + Monitor 22"" FHD",1310.0,1600.0,386.43,2026-08-05,18,PEN,,,Ripley PE,https://simple.ripley.com.pe/computadora-pc-intel-core-i7-380-ghz-8gb-ram-256gb-ssd-1tb-hdd-monitor-22-fhd-pmp20000918573
20260805_055550,2026-08-05T06:08:40.205341+00:00,ripley_pe,computadoras,20001351150,APPLE,MACBOOK PRO 16.2' (2026) CHIP M5 PRO 24GB RAM 1TB SSD 18CORE CPU 20CORE GPU | PLATA - TECLADO INGLÉS,12799.0,14719.0,3775.52,2026-08-05,13,PEN,,,Ripley PE,https://simple.ripley.com.pe/macbook-pro-162-2026-chip-m5-pro-24gb-ram-1tb-ssd-18core-cpu-20core-gpu-plata-teclado-ingles-pmp20001351150
20260805_055550,2026-08-05T06:08:40.207342+00:00,ripley_pe,computadoras,20001241731,HP,ALL IN ONE HP PROONE 440 G9 INTEL CORE I7 12700T 16GB 1TB SSD M.2 24 FHD WINDOWS 11 PRO,3599.0,4319.0,1061.65,2026-08-05,17,PEN,,,Ripley PE,https://simple.ripley.com.pe/all-in-one-hp-proone-440-g9-intel-core-i7-12700t-16gb-1tb-ssd-m2-24-fhd-windows-11-pro-pmp20001241731
20260805_055550,2026-08-05T06:08:40.207342+00:00,ripley_pe,computadoras,20000821420,INTEL,COMPUTADORA PC INTEL CORE I5 - 16GB RAM - 500GB SSD + MONITOR LED 24”,1655.0,1999.0,488.2,2026-08-05,17,PEN,,,Ripley PE,https://simple.ripley.com.pe/computadora-pc-intel-core-i5-16gb-ram-500gb-ssd-monitor-led-24-pmp20000821420
20260805_055550,2026-08-05T06:08:40.208330+00:00,ripley_pe,computadoras,20000840660,INTEL,"Computadora PC Intel Core i5 3,50 GHz 16GB RAM 512GB SSD",1550.0,1990.0,457.23,2026-08-05,22,PEN,,,Ripley PE,https://simple.ripley.com.pe/computadora-pc-intel-core-i5-350-ghz-16gb-ram-512gb-ssd-pmp20000840660
20260805_055550,2026-08-05T06:08:40.208330+00:00,ripley_pe,computadoras,20000706703,INTEL,"COMPUTADORA INTEL INTEL CORE I7 RAM 16GB CORE I7-9700 MONITOR 27 FULL HD , TEROS SSD 1TB",2198.9,2500.0,648.64,2026-08-05,12,PEN,,,Ripley PE,https://simple.ripley.com.pe/computadora-intel-intel-core-i7-ram-16gb-core-i7-9700-monitor-27-full-hd-teros-ssd-1tb-pmp20000706703
20260805_055550,2026-08-05T06:08:40.209336+00:00,ripley_pe,computadoras,20001355921,APPLE,APPLE MACBOOK AIR 13″ CHIP M5 512GB SSD 16GB RAM LIQUID RETINA - TECLADO INGLÉS + REGALO,5699.0,6499.0,1681.12,2026-08-05,12,PEN,,,Ripley PE,https://simple.ripley.com.pe/apple-macbook-air-13-chip-m5-512gb-ssd-16gb-ram-liquid-retina-teclado-ingles-regalo-pmp20001355921
20260805_055550,2026-08-05T06:08:40.209336+00:00,ripley_pe,computadoras,20001490362,APPLE,"MACBOOK PRO 14”  ( M5 )  16GB, 1TB - SPACE BLACK",8699.0,9399.0,2566.08,2026-08-05,7,PEN,,,Ripley PE,https://simple.ripley.com.pe/macbook-pro-14-m5-16gb-1tb-space-black-pmp20001490362
20260805_055550,2026-08-05T06:08:40.210345+00:00,ripley_pe,computadoras,20001193889,DELL,"COMPUTADORA DELL PRO QCS1250, INTEL CORE I5 14A GEN, 16GB RAM, 512GB SSD, WINDOWS 11 PRO, WI-FI 6",4309.0,6469.0,1271.09,2026-08-05,33,PEN,,,Ripley PE,https://simple.ripley.com.pe/computadora-dell-pro-qcs1250-intel-core-i5-14a-gen-16gb-ram-512gb-ssd-windows-11-pro-wi-fi-6-pmp20001193889
20260805_055550,2026-08-05T06:08:40.210345+00:00,ripley_pe,computadoras,20001148345,LENOVO,"LENOVO IDEACENTRE AIO 24IRH9 - PC TODO EN UNO 23.8' FHD, CORE I7-13620H, 16GB DDR5, RENDIMIENTO EXCEPCIONAL",4149.0,6229.0,1223.89,2026-08-05,33,PEN,,,Ripley PE,https://simple.ripley.com.pe/lenovo-ideacentre-aio-24irh9-pc-todo-en-uno-238-fhd-core-i7-13620h-16gb-ddr5-rendimiento-excepcional-pmp20001148345
20260805_055550,2026-08-05T06:08:40.211328+00:00,ripley_pe,computadoras,20001135359,LENOVO,"AIO LENOVO IDEACENTRE 24IRH9, I7-13620H, 16GB RAM, 512GB SSD, 23.8', SIN WINDOWS (F0HN00MJLD)",3109.0,3989.0,917.11,2026-08-05,22,PEN,,,Ripley PE,https://simple.ripley.com.pe/aio-lenovo-ideacentre-24irh9-i7-13620h-16gb-ram-512gb-ssd-238-sin-windows-f0hn00mjld-pmp20001135359
20260805_055550,2026-08-05T06:08:40.211328+00:00,ripley_pe,computadoras,20000222241,APPLE,"MACBOOK PRO M3 512GB SSD 14"" PLATA",9874.25,16106.22,2912.76,2026-08-05,39,PEN,,,Ripley PE,https://simple.ripley.com.pe/macbook-pro-m3-512gb-ssd-14-plata-pmp20000222241
20260805_055550,2026-08-05T06:08:40.212330+00:00,ripley_pe,computadoras,20000222223,APPLE,"MACBOOK AIR CHIP M2 256GB SSD 15"" STARLIGHT",8266.44,13202.95,2438.48,2026-08-05,37,PEN,,,Ripley PE,https://simple.ripley.com.pe/macbook-air-chip-m2-256gb-ssd-15-starlight-pmp20000222223
20260805_055550,2026-08-05T06:08:40.213330+00:00,ripley_pe,computadoras,20001284865,APPLE,MACBOOK PRO 14″ M5 16GB RAM + 512GB SSD (TECLADO INGLES) - SPACE BLACK,8299.0,9999.0,2448.08,2026-08-05,17,PEN,,,Ripley PE,https://simple.ripley.com.pe/macbook-pro-14-m5-16gb-ram-512gb-ssd-teclado-ingles-space-black-pmp20001284865
20260805_055550,2026-08-05T06:08:40.213330+00:00,ripley_pe,computadoras,20000386479,AMD,COMPUTADORA AMD AMD RYZEN 5 RAM 16GB PC GAMER RYZEN 5 5600GT SSD 500GB PANTALLA 24' FULL HD,2650.0,,781.71,2026-08-05,,PEN,,,Ripley PE,https://simple.ripley.com.pe/computadora-amd-amd-ryzen-5-ram-16gb-pc-gamer-ryzen-5-5600gt-ssd-500gb-pantalla-24-full-hd-pmp20000386479
20260805_055550,2026-08-05T06:08:40.214334+00:00,ripley_pe,computadoras,00002692768,AMD,COMPUTADORA AMD RYZEN 5 RAM 16GB PC GAMER 5600GT DISCO SSD 500GB MONITOR 24 FHD,2459.0,2980.0,725.37,2026-08-05,17,PEN,,,Ripley PE,https://simple.ripley.com.pe/computadora-amd-ryzen-5-ram-16gb-pc-gamer-5600gt-disco-ssd-500gb-monitor-24-fhd-pmp00002692768
20260805_055550,2026-08-05T06:08:40.214334+00:00,ripley_pe,computadoras,20001165572,LENOVO,"LENOVO IDEACENTRE 24IRH9 TODO EN UNO 23.8” FHD IPS, CORE I7-13620H 4.9GHZ, 16GB DDR5",3989.0,5989.0,1176.7,2026-08-05,33,PEN,,,Ripley PE,https://simple.ripley.com.pe/lenovo-ideacentre-24irh9-todo-en-uno-238-fhd-ips-core-i7-13620h-49ghz-16gb-ddr5-pmp20001165572
20260805_055550,2026-08-05T06:08:40.215349+00:00,ripley_pe,computadoras,20001357284,HP,PC MINI HP PRODESK 400 G5 CI7 9700T 16GB RAM SSD 256 REACONDICIONADA + LED 24',1499.0,1799.0,442.18,2026-08-05,17,PEN,,,Ripley PE,https://simple.ripley.com.pe/pc-mini-hp-prodesk-400-g5-ci7-9700t-16gb-ram-ssd-256-reacondicionada-led-24-pmp20001357284
20260805_055550,2026-08-05T06:08:40.215349+00:00,ripley_pe,computadoras,20000222215,APPLE,"MACBOOK AIR CHIP M2 256GB SSD 15"" PLATA",8266.44,13202.95,2438.48,2026-08-05,37,PEN,,,Ripley PE,https://simple.ripley.com.pe/macbook-air-chip-m2-256gb-ssd-15-plata-pmp20000222215
20260805_055550,2026-08-05T06:08:40.216343+00:00,ripley_pe,computadoras,20000821408,INTEL,COMPUTADORA PC INTEL CORE I5 - 8GB RAM - 500GB SSD + MONITOR LED 24',1555.0,1899.0,458.7,2026-08-05,18,PEN,,,Ripley PE,https://simple.ripley.com.pe/computadora-pc-intel-core-i5-8gb-ram-500gb-ssd-monitor-led-24-pmp20000821408
20260805_055550,2026-08-05T06:08:40.216343+00:00,ripley_pe,computadoras,20001338315,ALIENWARE,"ALIENWARE AURORA GAMING DESKTOP: INTEL CORE ULTRA 7, GEFORCE RTX 5060TI, 16GB RAM, 1TB SSD, PSU PLATINO",7840.0,9408.0,2312.68,2026-08-05,17,PEN,,,Ripley PE,https://simple.ripley.com.pe/alienware-aurora-gaming-desktop-intel-core-ultra-7-geforce-rtx-5060ti-16gb-ram-1tb-ssd-psu-platino-pmp20001338315
20260805_055550,2026-08-05T06:08:40.217334+00:00,ripley_pe,computadoras,20001420062,HP,CPU MINI HP 805 G6 AMD RYZEN 7 PRO 16GB RAM 256GB SSD REACONDICIONADA 1 AÑO DE GARANTÍA + 1TB HDD + MONITOR NUEVO 23.8,1659.0,1890.0,489.38,2026-08-05,12,PEN,,,Ripley PE,https://simple.ripley.com.pe/cpu-mini-hp-805-g6-amd-ryzen-7-pro-16gb-ram-256gb-ssd-reacondicionada-1-ano-de-garantia-1tb-hdd-monitor-nuevo-238-pmp20001420062
20260805_055550,2026-08-05T06:08:40.218331+00:00,ripley_pe,computadoras,20000222233,APPLE,"IMAC 24 INCH 4.5K RETINA DISPLAY, M3, ROSADO, 10-CORE GPU, 512GB STORAGE",10585.19,17144.82,3122.47,2026-08-05,38,PEN,,,Ripley PE,https://simple.ripley.com.pe/imac-24-inch-45k-retina-display-m3-rosado-10-core-gpu-512gb-storage-pmp20000222233
20260805_055550,2026-08-05T06:08:40.219329+00:00,ripley_pe,computadoras,20000222224,APPLE,"MACBOOK AIR CHIP M2 256GB SSD 15"" GRIS ESPACIAL",8266.44,13202.95,2438.48,2026-08-05,37,PEN,,,Ripley PE,https://simple.ripley.com.pe/macbook-air-chip-m2-256gb-ssd-15-gris-espacial-pmp20000222224
20260805_055550,2026-08-05T06:08:40.220329+00:00,ripley_pe,computadoras,20001534001,HP,CPU HP PRO SFF 280 G9 INTEL CORE I7 14700 16GB RAM DDR5 1TB SSD M.2 WINDOWS 11 PRO,4299.0,5159.0,1268.14,2026-08-05,17,PEN,,,Ripley PE,https://simple.ripley.com.pe/cpu-hp-pro-sff-280-g9-intel-core-i7-14700-16gb-ram-ddr5-1tb-ssd-m2-windows-11-pro-pmp20001534001
20260805_055550,2026-08-05T06:08:40.221330+00:00,ripley_pe,computadoras,20001135583,HP,"PC HP PRODESK 400 G9 SFF, I5-14500, 16GB RAM, 512GB SSD, W11PRO (A03G9LA)",3639.0,4289.0,1073.45,2026-08-05,15,PEN,,,Ripley PE,https://simple.ripley.com.pe/pc-hp-prodesk-400-g9-sff-i5-14500-16gb-ram-512gb-ssd-w11pro-a03g9la-pmp20001135583
20260805_055550,2026-08-05T06:08:40.222328+00:00,ripley_pe,computadoras,20000738857,APPLE,IMAC APPLE M4 CHIP WITH 10 CORE CPU AND 10 CORE GPU PINK / 16GB Y 512GB,8360.0,10032.0,2466.08,2026-08-05,17,PEN,,,Ripley PE,https://simple.ripley.com.pe/imac-apple-m4-chip-with-10-core-cpu-and-10-core-gpu-pink-16gb-y-512gb-pmp20000738857
20260805_055550,2026-08-05T06:08:40.223350+00:00,ripley_pe,computadoras,20000222229,APPLE,"MACBOOK AIR CHIP M2 512GB SSD 15"" STARLIGHT",9304.98,15138.46,2744.83,2026-08-05,39,PEN,,,Ripley PE,https://simple.ripley.com.pe/macbook-air-chip-m2-512gb-ssd-15-starlight-pmp20000222229
20260805_055550,2026-08-05T06:08:40.225336+00:00,ripley_pe,computadoras,20001338323,DELL,"DELL ALIENWARE AURORA ACT1250 CON INTEL 20-CORE, 64GB RAM, 4TB SSD, RTX 5080 Y WINDOWS 11",17635.0,21162.0,5202.06,2026-08-05,17,PEN,,,Ripley PE,https://simple.ripley.com.pe/dell-alienware-aurora-act1250-con-intel-20-core-64gb-ram-4tb-ssd-rtx-5080-y-windows-11-pmp20001338323
20260805_055550,2026-08-05T06:08:40.226334+00:00,ripley_pe,computadoras,20000706190,AMD,COMPUTADORA AMD AMD RYZEN 7 RAM 16GB PC GAMER RYZEN 7 5700G DISCO SOLIDO 960GB MONITOR 27 FULL HD,2729.0,3290.0,805.01,2026-08-05,17,PEN,,,Ripley PE,https://simple.ripley.com.pe/computadora-amd-amd-ryzen-7-ram-16gb-pc-gamer-ryzen-7-5700g-disco-solido-960gb-monitor-27-full-hd-pmp20000706190
20260805_055550,2026-08-05T06:08:40.227329+00:00,ripley_pe,computadoras,20000852724,INTEL,COMPUTADORA INTEL CORE i9 14900K 32GB DDR5 1TB 27' VA RTX5070 12GB INGENIERÍA Y DISEÑO MI PC LISTA - MIPCLISTA,12999.0,19169.0,3834.51,2026-08-05,32,PEN,,,Ripley PE,https://simple.ripley.com.pe/computadora-intel-core-i9-14900k-32gb-ddr5-1tb-27-va-rtx5070-12gb-ingenieria-y-diseno-mi-pc-lista-mipclista-pmp20000852724
20260805_055550,2026-08-05T06:08:40.228332+00:00,ripley_pe,computadoras,00002095235,SIGMA,COMPUTADORA 23.8' SAMSUNG PC INTEL C0RE I7 3.2 GHZ RAM VIDEO GT 4GB DISCO 1TB+SSD 480GB 24 16GB,2539.0,3290.0,748.97,2026-08-05,23,PEN,,,Ripley PE,https://simple.ripley.com.pe/computadora-238-samsung-pc-intel-c0re-i7-32-ghz-ram-video-gt-4gb-disco-1tbssd-480gb-24-16gb-pmp00002095235
20260805_055550,2026-08-05T06:08:40.229340+00:00,ripley_pe,computadoras,20000687741,INTEL,"COMPUTADORA INTEL INTEL CORE I7 32GB GAMER CORE I7-13700 MONITOR 27 FULLHD, , VIDEO 6GB, TEROS SSD 2TB",6149.9,6450.0,1814.13,2026-08-05,5,PEN,,,Ripley PE,https://simple.ripley.com.pe/computadora-intel-intel-core-i7-32gb-gamer-core-i7-13700-monitor-27-fullhd-video-6gb-teros-ssd-2tb-pmp20000687741
20260805_055550,2026-08-05T06:08:40.229340+00:00,ripley_pe,computadoras,20001121351,INTEL,"COMPUTADORA PC INTEL CORE I7 3,80 GHZ 16GB RAM 500GB NVIDIA 4GB",1559.0,1900.0,459.88,2026-08-05,18,PEN,,,Ripley PE,https://simple.ripley.com.pe/computadora-pc-intel-core-i7-380-ghz-16gb-ram-500gb-nvidia-4gb-pmp20001121351
20260805_055550,2026-08-05T06:08:40.230330+00:00,ripley_pe,computadoras,20001538348,AMD,COMPUTADORA PC RYZEN 5 2400G -RAM 16GB - SSD 500GB,1329.9,1999.9,392.3,2026-08-05,34,PEN,,,Ripley PE,https://simple.ripley.com.pe/computadora-pc-ryzen-5-2400g-ram-16gb-ssd-500gb-pmp20001538348
20260805_055550,2026-08-05T06:08:40.230330+00:00,ripley_pe,computadoras,20001490400,APPLE,"MACBOOK PRO 14”  ( M5 PRO )  24GB, 1TB - SPACE BLACK + REGALO",11099.0,11599.0,3274.04,2026-08-05,4,PEN,,,Ripley PE,https://simple.ripley.com.pe/macbook-pro-14-m5-pro-24gb-1tb-space-black-regalo-pmp20001490400
20260805_055550,2026-08-05T06:08:40.231340+00:00,ripley_pe,computadoras,00001555491,INTEL,"COMPUTADORA 27' INTEL PC GAMER CORE I7-8TH, RAM DISCO DURO 1TB+SSD 480GB VIDEO RX 580 8GB MONITOR FULL HD 16GB",3299.0,3980.0,973.16,2026-08-05,17,PEN,,,Ripley PE,https://simple.ripley.com.pe/computadora-27-intel-pc-gamer-core-i7-8th-ram-disco-duro-1tbssd-480gb-video-rx-580-8gb-monitor-full-hd-16gb-pmp00001555491
20260805_055550,2026-08-05T06:08:40.232330+00:00,ripley_pe,computadoras,20000063727,APPLE,"MACBOOK PRO M3 CHIP WITH 8-CORE CPU 8GB RAM 1TB 14.2"", 10-CORE GPU, 16-CORE NEURAL ENGINE SPACE GRAY",8870.0,10644.0,2616.52,2026-08-05,17,PEN,,,Ripley PE,https://simple.ripley.com.pe/macbook-pro-m3-chip-with-8-core-cpu-8gb-ram-1tb-142-10-core-gpu-16-core-neural-engine-space-gray-pmp20000063727
20260805_055550,2026-08-05T06:08:40.232330+00:00,ripley_pe,computadoras,20001125650,GENÉRICO,"COMPUTADORA INTEL CORE I7 RAM 16GB COMPUTADORA PC INTEL 3.2GHZ, RAM 16GB, , DISCO SOLIDO SSD WD 1TB, MONITOR 24 FULL HD",1699.0,1869.0,501.18,2026-08-05,9,PEN,,,Ripley PE,https://simple.ripley.com.pe/computadora-intel-core-i7-ram-16gb-computadora-pc-intel-32ghz-ram-16gb-disco-solido-ssd-wd-1tb-monitor-24-full-hd-pmp20001125650
20260805_055550,2026-08-05T06:08:40.233330+00:00,ripley_pe,computadoras,20001351157,APPLE,MACBOOK AIR 15.3' (2026) CHIP M5 24GB RAM 1TB SSD | MIDNIGHT - TECLADO INGLÉS,8799.0,10119.0,2595.58,2026-08-05,13,PEN,,,Ripley PE,https://simple.ripley.com.pe/macbook-air-153-2026-chip-m5-24gb-ram-1tb-ssd-midnight-teclado-ingles-pmp20001351157
20260805_055550,2026-08-05T06:08:40.234333+00:00,ripley_pe,computadoras,20001351154,APPLE,MACBOOK AIR 13.6' (2026) CHIP M5 16GB RAM 512GB SSD | MIDNIGHT - TECLADO INGLÉS,6299.0,7249.0,1858.11,2026-08-05,13,PEN,,,Ripley PE,https://simple.ripley.com.pe/macbook-air-136-2026-chip-m5-16gb-ram-512gb-ssd-midnight-teclado-ingles-pmp20001351154
20260805_055550,2026-08-05T06:08:40.234333+00:00,ripley_pe,computadoras,00001554129,SIGMA,COMPUTADORA 27' SIGMA RYZEN 7 5700G PC GAMER RAM 16 DISCO SOLIDO 500GB MONITOR FULL HD RYZEN 7 5700G,2499.0,3160.0,737.17,2026-08-05,21,PEN,,,Ripley PE,https://simple.ripley.com.pe/computadora-27-sigma-ryzen-7-5700g-pc-gamer-ram-16-disco-solido-500gb-monitor-full-hd-ryzen-7-5700g-pmp00001554129
20260805_055550,2026-08-05T06:08:40.235328+00:00,ripley_pe,computadoras,20001355916,APPLE,APPLE MACBOOK AIR 13″ CHIP M5 512GB SSD 16GB RAM LIQUID RETINA TECLADO INGLES,5699.0,6499.0,1681.12,2026-08-05,12,PEN,,,Ripley PE,https://simple.ripley.com.pe/apple-macbook-air-13-chip-m5-512gb-ssd-16gb-ram-liquid-retina-teclado-ingles-pmp20001355916
20260805_055550,2026-08-05T06:08:40.236330+00:00,ripley_pe,computadoras,20001474373,INTEL,PC GAMER INTEL CORE I7 12700F 16GB 1TB RTX5060ti 16GB MIPCLISTA PINK PLUS COMPUTADORA,6899.0,,2035.1,2026-08-05,,PEN,,,Ripley PE,https://simple.ripley.com.pe/pc-gamer-intel-core-i7-12700f-16gb-1tb-rtx5060ti-16gb-mipclista-pink-plus-computadora-pmp20001474373
20260805_055550,2026-08-05T06:08:40.237330+00:00,ripley_pe,computadoras,20001285475,APPLE,MACBOOK PRO 14″ M5 16GB RAM + 512GB SSD (TECLADO INGLES) - SILVER + REGALO,9099.0,9999.0,2684.07,2026-08-05,9,PEN,,,Ripley PE,https://simple.ripley.com.pe/macbook-pro-14-m5-16gb-ram-512gb-ssd-teclado-ingles-silver-regalo-pmp20001285475
20260805_055550,2026-08-05T06:08:40.237330+00:00,ripley_pe,computadoras,20001389908,HP,"AIO HP PROONE 440 G9 I7-12700T, 16GB RAM, 1TB SSD, W11PRO,  23.8' (700J7LS)",3129.0,3999.0,923.01,2026-08-05,22,PEN,,,Ripley PE,https://simple.ripley.com.pe/aio-hp-proone-440-g9-i7-12700t-16gb-ram-1tb-ssd-w11pro-238-700j7ls-pmp20001389908
20260805_055550,2026-08-05T06:08:45.074839+00:00,ripley_pe,computadoras,20001424946,AMD,PC COMPLETA RYZEN7 5700G RAM16GB DISCO SSD500GB MONITOR 24 FULL HD,2699.0,3200.0,796.17,2026-08-05,16,PEN,,,Ripley PE,https://simple.ripley.com.pe/pc-completa-ryzen7-5700g-ram16gb-disco-ssd500gb-monitor-24-full-hd-pmp20001424946
20260805_055550,2026-08-05T06:08:45.075846+00:00,ripley_pe,computadoras,20000769159,INTEL,COMPUTADORA PC GAMER INTEL CORE I5-12400 32GB RAM 512GB SSD + 1TB HDD,2749.0,3000.0,810.91,2026-08-05,8,PEN,,,Ripley PE,https://simple.ripley.com.pe/computadora-pc-gamer-intel-core-i5-12400-32gb-ram-512gb-ssd-1tb-hdd-pmp20000769159
20260805_055550,2026-08-05T06:08:45.076840+00:00,ripley_pe,computadoras,20000853508,INTEL,COMPUTADORA PC GAMER DRACO WHITE PLUS CORE I7 12700F 16GB 500GB 24' CURVO RTX3050 6GB MI PC LISTA - MIPCLISTA,5099.0,8669.0,1504.13,2026-08-05,41,PEN,,,Ripley PE,https://simple.ripley.com.pe/computadora-pc-gamer-draco-white-plus-core-i7-12700f-16gb-500gb-24-curvo-rtx3050-6gb-mi-pc-lista-mipclista-pmp20000853508
20260805_055550,2026-08-05T06:08:45.076840+00:00,ripley_pe,computadoras,20001210264,RYZEN,CPU GAMER RYZEN 7 5700 32GB 1TB RTX5060 8GB  BLUE MI PC LISTA - MIPCLISTA COMPUTADORA,4899.0,6999.0,1445.13,2026-08-05,30,PEN,,,Ripley PE,https://simple.ripley.com.pe/cpu-gamer-ryzen-7-5700-32gb-1tb-rtx5060-8gb-blue-mi-pc-lista-mipclista-computadora-pmp20001210264
20260805_055550,2026-08-05T06:08:45.077839+00:00,ripley_pe,computadoras,20001162109,XTECH,ESCRITORIO PARA COMPUTADORA XTECH LOMBARDI CT-1027 NEGRO - ESPACIO MODERNO Y FUNCIONAL,379.0,569.0,111.8,2026-08-05,33,PEN,,,Ripley PE,https://simple.ripley.com.pe/escritorio-para-computadora-xtech-lombardi-ct-1027-negro-espacio-moderno-y-funcional-pmp20001162109
20260805_055550,2026-08-05T06:08:45.078839+00:00,ripley_pe,computadoras,20001215952,HP,"HP Z2 G9 TOWER CON INTEL CORE I9, 2TB EN DISCO, 32GB RAM Y WINDOWS 11 PRO - RENDIMIENTO SUPERIOR",13699.0,20549.0,4041.0,2026-08-05,33,PEN,,,Ripley PE,https://simple.ripley.com.pe/hp-z2-g9-tower-con-intel-core-i9-2tb-en-disco-32gb-ram-y-windows-11-pro-rendimiento-superior-pmp20001215952
20260805_055550,2026-08-05T06:08:45.078839+00:00,ripley_pe,computadoras,20000852721,INTEL,COMPUTADORA INTEL CORE I5 10400 8GB 256GB 22' ESCRITORIO - OFICINA IPS MI PC LISTA - MIPCLISTA,2099.0,3839.0,619.17,2026-08-05,45,PEN,,,Ripley PE,https://simple.ripley.com.pe/computadora-intel-core-i5-10400-8gb-256gb-22-escritorio-oficina-ips-mi-pc-lista-mipclista-pmp20000852721
20260805_055550,2026-08-05T06:08:45.079839+00:00,ripley_pe,computadoras,20000222217,APPLE,"MACBOOK AIR CHIP M2 512GB SSD 13"" GRIS ESPACIAL, 10-CORE GPU",8835.71,14170.7,2606.4,2026-08-05,38,PEN,,,Ripley PE,https://simple.ripley.com.pe/macbook-air-chip-m2-512gb-ssd-13-gris-espacial-10-core-gpu-pmp20000222217
20260805_055550,2026-08-05T06:08:45.079839+00:00,ripley_pe,computadoras,20000443917,LENOVO,COMPUTADORA LENOVO THINKPAD P16S GEN1 MODELO 21BU-001LLM,9899.0,10899.0,2920.06,2026-08-05,9,PEN,,,Ripley PE,https://simple.ripley.com.pe/computadora-lenovo-thinkpad-p16s-gen1-modelo-21bu-001llm-pmp20000443917
20260805_055550,2026-08-05T06:08:45.080839+00:00,ripley_pe,computadoras,20001537321,DELL,"COMPUTADORA PC DELL OPTIPLEX INTEL CORE I7 3,90 GHZ 16GB RAM 256GB SSD 500GB HDD + MONITOR 24” FHD | REFURBISHED",1250.0,1550.0,368.73,2026-08-05,19,PEN,,,Ripley PE,https://simple.ripley.com.pe/computadora-pc-dell-optiplex-intel-core-i7-390-ghz-16gb-ram-256gb-ssd-500gb-hdd-monitor-24-fhd-refurbished-pmp20001537321
20260805_055550,2026-08-05T06:08:45.081839+00:00,ripley_pe,computadoras,20000821493,INTEL,COMPUTADORA PC GAMER INTEL CORE I5 - 16GB RAM - 500GB SSD,1355.0,1700.0,399.71,2026-08-05,20,PEN,,,Ripley PE,https://simple.ripley.com.pe/computadora-pc-gamer-intel-core-i5-16gb-ram-500gb-ssd-pmp20000821493
20260805_055550,2026-08-05T06:08:45.081839+00:00,ripley_pe,computadoras,20001242587,HP,ALL-IN-ONE HP PROONE 440 INTEL CORE I7 I7-12700T 1 TB HDD,3989.0,5989.0,1176.7,2026-08-05,33,PEN,,,Ripley PE,https://simple.ripley.com.pe/all-in-one-hp-proone-440-intel-core-i7-i7-12700t-1-tb-hdd-pmp20001242587
20260805_055550,2026-08-05T06:08:45.082839+00:00,ripley_pe,computadoras,20000852737,INTEL,COMPUTADORA INTEL CORE I7 14700F 16GB 500GB 24' IPS RTX5060 8GB INGENIERÍA Y DISEÑO MI PC LISTA - MIPCLISTA,6899.0,11499.0,2035.1,2026-08-05,40,PEN,,,Ripley PE,https://simple.ripley.com.pe/computadora-intel-core-i7-14700f-16gb-500gb-24-ips-rtx5060-8gb-ingenieria-y-diseno-mi-pc-lista-mipclista-pmp20000852737
20260805_055550,2026-08-05T06:08:45.082839+00:00,ripley_pe,computadoras,20001185587,DELL,MINI PC NUEVA DELL OPTIPLEX 7020 INTEL CORE I5 14TA GEN 8GB DDR5 512GB SSD M.2 PCIE GEN 4.0,3899.0,4400.0,1150.15,2026-08-05,11,PEN,,,Ripley PE,https://simple.ripley.com.pe/mini-pc-nueva-dell-optiplex-7020-intel-core-i5-14ta-gen-8gb-ddr5-512gb-ssd-m2-pcie-gen-40-pmp20001185587
20260805_055550,2026-08-05T06:08:45.084366+00:00,ripley_pe,computadoras,20001499310,PCYA,CPU GAMER PCYA AMD RYZEN 7 5700G 16GB RAM DDR4 512GB SSD M.2 2GB RX RANDEON VEGA 8 FREEDOS,2199.0,2639.0,648.67,2026-08-05,17,PEN,,,Ripley PE,https://simple.ripley.com.pe/cpu-gamer-pcya-amd-ryzen-7-5700g-16gb-ram-ddr4-512gb-ssd-m2-2gb-rx-randeon-vega-8-freedos-pmp20001499310
20260805_055550,2026-08-05T06:08:45.084366+00:00,ripley_pe,computadoras,00002108428,SIGMA,COMPUTADORA 27'' SIGMA RYZEN 5 5600G PC RAM DISCO 1TB +SSD 480GB MONITOR FULL HD 16GB,2739.0,3490.0,807.96,2026-08-05,22,PEN,,,Ripley PE,https://simple.ripley.com.pe/computadora-27-sigma-ryzen-5-5600g-pc-ram-disco-1tb-ssd-480gb-monitor-full-hd-16gb-pmp00002108428
20260805_055550,2026-08-05T06:08:45.085381+00:00,ripley_pe,computadoras,20000412396,INTEL,COMPUTADORA INTEL INTEL CORE I3 16GB CORE I3-10100F MONITOR 27 FULL HD T-VIDEO 2GB SSD 480GB,1598.9,1880.0,471.65,2026-08-05,15,PEN,,,Ripley PE,https://simple.ripley.com.pe/computadora-intel-intel-core-i3-16gb-core-i3-10100f-monitor-27-full-hd-t-video-2gb-ssd-480gb-pmp20000412396
20260805_055550,2026-08-05T06:08:45.085381+00:00,ripley_pe,computadoras,20001208620,INTEL,CPU GAMER INTEL CORE I9 ULTRA 285K 64GB DDR5 1TB 8TBHDD RTX5090 32GB MIPCLISTA BLUE COMPUTADORA,29749.0,41249.0,8775.52,2026-08-05,28,PEN,,,Ripley PE,https://simple.ripley.com.pe/cpu-gamer-intel-core-i9-ultra-285k-64gb-ddr5-1tb-8tbhdd-rtx5090-32gb-mipclista-blue-computadora-pmp20001208620
20260805_055550,2026-08-05T06:08:45.086384+00:00,ripley_pe,computadoras,20000852375,RYZEN,COMPUTADORA GAMER FALKOR WHITE PLUS RYZEN 7 8700F 32GBDDR5 500GB 24' CURVO RTX5060TI 16GB MI PC,7199.0,9339.0,2123.6,2026-08-05,23,PEN,,,Ripley PE,https://simple.ripley.com.pe/computadora-gamer-falkor-white-plus-ryzen-7-8700f-32gbddr5-500gb-24-curvo-rtx5060ti-16gb-mi-pc-pmp20000852375
20260805_055550,2026-08-05T06:08:45.086384+00:00,ripley_pe,computadoras,20001511073,APPLE,MACBOOK AIR 13 M5 10C CPU 8C GPU 16GB 512GB SSD SKY BLUE,12696.36,,3745.24,2026-08-05,,PEN,,,Ripley PE,https://simple.ripley.com.pe/macbook-air-13-m5-10c-cpu-8c-gpu-16gb-512gb-ssd-sky-blue-pmp20001511073
20260805_055550,2026-08-05T06:08:45.087380+00:00,ripley_pe,computadoras,00003284489,APPLE,RAM M2 MAC PRO CHIP ULTRA 128GB 1TB SSD,37805.0,45366.0,11151.92,2026-08-05,17,PEN,,,Ripley PE,https://simple.ripley.com.pe/ram-m2-mac-pro-chip-ultra-128gb-1tb-ssd-pmp00003284489
20260805_055550,2026-08-05T06:08:45.087380+00:00,ripley_pe,computadoras,20001242571,HP,COMPUTADORA HP PRO 400 G9 SFF INTEL CORE I7-13700 1 TB SSD 16 GB RAM WINDOWS 11 PRO,5909.0,8869.0,1743.07,2026-08-05,33,PEN,,,Ripley PE,https://simple.ripley.com.pe/computadora-hp-pro-400-g9-sff-intel-core-i7-13700-1-tb-ssd-16-gb-ram-windows-11-pro-pmp20001242571
20260805_055550,2026-08-05T06:08:45.088387+00:00,ripley_pe,computadoras,20001534006,HP,PC HP WORKSTATION Z1 G9 INTEL CORE I7 14700 64GB RAM DDR5 1TB SSD RTX A400 4GB FREEDOS,6999.0,8399.0,2064.6,2026-08-05,17,PEN,,,Ripley PE,https://simple.ripley.com.pe/pc-hp-workstation-z1-g9-intel-core-i7-14700-64gb-ram-ddr5-1tb-ssd-rtx-a400-4gb-freedos-pmp20001534006
20260805_055550,2026-08-05T06:08:45.088387+00:00,ripley_pe,computadoras,00002108418,SIGMA,COMPUTADORA 27' SIGMA RYZEN 5 5600GT PC GAMER RAM 16 DISCO 1TB+SSD 480GB MONITOR FHD,2619.0,3490.0,772.57,2026-08-05,25,PEN,,,Ripley PE,https://simple.ripley.com.pe/computadora-27-sigma-ryzen-5-5600gt-pc-gamer-ram-16-disco-1tbssd-480gb-monitor-fhd-pmp00002108418
20260805_055550,2026-08-05T06:08:45.089381+00:00,ripley_pe,computadoras,20000207309,GENÉRICO,COMPUTADORA INTEL CORE I5 16GB 3.2GHZ MONITOR 21.5 SSD 480GB,1499.9,2000.0,442.45,2026-08-05,25,PEN,,,Ripley PE,https://simple.ripley.com.pe/computadora-intel-core-i5-16gb-32ghz-monitor-215-ssd-480gb-pmp20000207309
20260805_055550,2026-08-05T06:08:45.089381+00:00,ripley_pe,computadoras,20000980900,INTEL,COMPUTADORA PC GAMER DRACO WHITE RGB CORE I7 12700F 32GB 500GB RTX5060TI 16GB 24' MI PC LISTA - MIPCLISTA.,7199.0,10339.0,2123.6,2026-08-05,30,PEN,,,Ripley PE,https://simple.ripley.com.pe/computadora-pc-gamer-draco-white-rgb-core-i7-12700f-32gb-500gb-rtx5060ti-16gb-24-mi-pc-lista-mipclista-pmp20000980900
20260805_055550,2026-08-05T06:08:45.090380+00:00,ripley_pe,computadoras,20000853518,INTEL,COMPUTADORA INTEL CORE I7 12700 16GB 500GB 24' ESCRITORIO - OFICINA IPS MI PC LISTA - MIPCLISTA,3899.0,6499.0,1150.15,2026-08-05,40,PEN,,,Ripley PE,https://simple.ripley.com.pe/computadora-intel-core-i7-12700-16gb-500gb-24-escritorio-oficina-ips-mi-pc-lista-mipclista-pmp20000853518
20260805_055550,2026-08-05T06:08:45.090380+00:00,ripley_pe,computadoras,20001351149,APPLE,MACBOOK PRO 16.2' (2026) CHIP M5 MAX 36GB RAM 2TB SSD 18CORE CPU 32CORE GPU | NEGRO - TECLADO INGLÉS,17899.0,20589.0,5279.94,2026-08-05,13,PEN,,,Ripley PE,https://simple.ripley.com.pe/macbook-pro-162-2026-chip-m5-max-36gb-ram-2tb-ssd-18core-cpu-32core-gpu-negro-teclado-ingles-pmp20001351149
20260805_055550,2026-08-05T06:08:45.091381+00:00,ripley_pe,computadoras,20001218376,RYZEN,"COMPUTADORA GAMER ULTRA FALKOR TANK RYZEN 9 9950X3D
32GB DDR5 2TB 27' CURVO RTX5090 32GB MI PC LISTA - MIPCLISTA",26499.0,39169.0,7816.81,2026-08-05,32,PEN,,,Ripley PE,https://simple.ripley.com.pe/computadora-gamer-ultra-falkor-tank-ryzen-9-9950x3d-32gb-ddr5-2tb-27-curvo-rtx5090-32gb-mi-pc-lista-mipclista-pmp20001218376
20260805_055550,2026-08-05T06:08:45.092381+00:00,ripley_pe,computadoras,20001499544,PCYA,CPU GAMER PCYA AMD RYZEN 7 9800X3D 32GB RAM DDR5 1TB SSD M.2 16GB RTX 5070 TI FREEDOS,12690.0,15228.0,3743.36,2026-08-05,17,PEN,,,Ripley PE,https://simple.ripley.com.pe/cpu-gamer-pcya-amd-ryzen-7-9800x3d-32gb-ram-ddr5-1tb-ssd-m2-16gb-rtx-5070-ti-freedos-pmp20001499544
20260805_055550,2026-08-05T06:08:45.092381+00:00,ripley_pe,computadoras,20001338311,ALIENWARE,"PC GAMER ALIENWARE AURORA CON INTEL ULTRA 7, RTX 5060 TI, 32GB RAM, 1TB SSD, RGB, WIFI 7 Y WINDOWS 11",9435.0,11322.0,2783.19,2026-08-05,17,PEN,,,Ripley PE,https://simple.ripley.com.pe/pc-gamer-alienware-aurora-con-intel-ultra-7-rtx-5060-ti-32gb-ram-1tb-ssd-rgb-wifi-7-y-windows-11-pmp20001338311
20260805_055550,2026-08-05T06:08:45.093380+00:00,ripley_pe,computadoras,00002927419,SIGMA,COMPUTADORA SIGMA AMD RYZEN 7 RAM 16GB PC GAMER -5700G DISCO +SSD 480GB MONITOR 27” FHD 1TB,2699.0,3680.0,796.17,2026-08-05,27,PEN,,,Ripley PE,https://simple.ripley.com.pe/computadora-sigma-amd-ryzen-7-ram-16gb-pc-gamer-5700g-disco-ssd-480gb-monitor-27-fhd-1tb-pmp00002927419
20260805_055550,2026-08-05T06:08:45.093380+00:00,ripley_pe,computadoras,20001531693,APPLE,MACBOOK PRO 14”  ( M5 PRO )  24GB/1TB - ( Teclado Ingles ) SPACE BLACK,12799.0,15999.0,3775.52,2026-08-05,20,PEN,,,Ripley PE,https://simple.ripley.com.pe/macbook-pro-14-m5-pro-24gb1tb-teclado-ingles-space-black-pmp20001531693
20260805_055550,2026-08-05T06:08:45.094380+00:00,ripley_pe,computadoras,20001242592,LENOVO,WORKSTATION LENOVO THINKSTATION P2 TOWER GEN 2 INTEL CORE ULTRA 7  MEMORIA DDR5,17089.0,25639.0,5041.0,2026-08-05,33,PEN,,,Ripley PE,https://simple.ripley.com.pe/workstation-lenovo-thinkstation-p2-tower-gen-2-intel-core-ultra-7-memoria-ddr5-pmp20001242592
20260805_055550,2026-08-05T06:08:45.094380+00:00,ripley_pe,computadoras,00002108430,SIGMA,COMPUTADORA PC CORE I7-10TH DISCO 1TB SSD 480 RAM 16 CASE GAMER,2239.0,2980.0,660.47,2026-08-05,25,PEN,,,Ripley PE,https://simple.ripley.com.pe/computadora-pc-core-i7-10th-disco-1tb-ssd-480-ram-16-case-gamer-pmp00002108430
20260805_055550,2026-08-05T06:08:45.094380+00:00,ripley_pe,computadoras,20001216371,ASUS,MINI PC ASUS NUC I5-13420H 4.6GHZ DDR4 COMPACTO Y POTENTE PARA TRABAJO Y ENTRETENIMIENTO,1959.0,2939.0,577.88,2026-08-05,33,PEN,,,Ripley PE,https://simple.ripley.com.pe/mini-pc-asus-nuc-i5-13420h-46ghz-ddr4-compacto-y-potente-para-trabajo-y-entretenimiento-pmp20001216371
20260805_055550,2026-08-05T06:08:45.095380+00:00,ripley_pe,computadoras,20001292084,APPLE,IMAC ALL IN ONE 2017 MNDY2LL/A INTEL CORE I5 512GB SSD 16GB PLATA | OPEN BOX,1623.0,1753.0,478.76,2026-08-05,7,PEN,,,Ripley PE,https://simple.ripley.com.pe/imac-all-in-one-2017-mndy2lla-intel-core-i5-512gb-ssd-16gb-plata-open-box-pmp20001292084
20260805_055550,2026-08-05T06:08:45.096388+00:00,ripley_pe,computadoras,00003284485,APPLE,RAM M2 MAC PRO CHIP ULTRA 64GB 1TB SSD,34025.0,40830.0,10036.87,2026-08-05,17,PEN,,,Ripley PE,https://simple.ripley.com.pe/ram-m2-mac-pro-chip-ultra-64gb-1tb-ssd-pmp00003284485
20260805_055550,2026-08-05T06:08:45.096388+00:00,ripley_pe,computadoras,20001535348,APPLE,MACBOOK PRO 2019 16” I7 16GB RAM + 512GB SSD PLATEADO REACONDICIONADO GRADO A,3099.0,5000.0,914.16,2026-08-05,38,PEN,,,Ripley PE,https://simple.ripley.com.pe/macbook-pro-2019-16-i7-16gb-ram-512gb-ssd-plateado-reacondicionado-grado-a-pmp20001535348
20260805_055550,2026-08-05T06:08:45.097381+00:00,ripley_pe,computadoras,20001119643,INTEL,"COMPUTADORA INTEL CORE i9 12900KF 16GB 500GB 24""PLANO RTX5060 8GB INGENIERÍA Y DISEÑO MI PC LISTA - MIPCLISTA",7899.0,12169.0,2330.09,2026-08-05,35,PEN,,,Ripley PE,https://simple.ripley.com.pe/computadora-intel-core-i9-12900kf-16gb-500gb-24plano-rtx5060-8gb-ingenieria-y-diseno-mi-pc-lista-mipclista-pmp20001119643
20260805_055550,2026-08-05T06:08:45.097381+00:00,ripley_pe,computadoras,20001175697,APPLE,MACBOOK PRO M5 14' 2025 24GB RAM 1TB SSD APPLE - TECLADO INGLÉS | SILVER,12439.0,17779.0,3669.32,2026-08-05,30,PEN,,,Ripley PE,https://simple.ripley.com.pe/macbook-pro-m5-14-2025-24gb-ram-1tb-ssd-apple-teclado-ingles-silver-pmp20001175697
20260805_055550,2026-08-05T06:08:45.098380+00:00,ripley_pe,computadoras,20000706700,INTEL,"COMPUTADORA INTEL INTEL CORE I7 RAM 16GB CORE I7-9700 MONITOR 27 FULL HD , TEROS SSD 500GB",1998.9,2480.0,589.65,2026-08-05,19,PEN,,,Ripley PE,https://simple.ripley.com.pe/computadora-intel-intel-core-i7-ram-16gb-core-i7-9700-monitor-27-full-hd-teros-ssd-500gb-pmp20000706700
20260805_055550,2026-08-05T06:08:45.099389+00:00,ripley_pe,computadoras,20001349790,APPLE,NUEVA MACBOOK AIR M5 13” 16GB RAM + 512GB (TECLADO INGLES) + REGALO,5999.0,6599.0,1769.62,2026-08-05,14,PEN,,,Ripley PE,https://simple.ripley.com.pe/nueva-macbook-air-m5-13-16gb-ram-512gb-teclado-ingles-regalo-pmp20001349790
20260805_055550,2026-08-05T06:08:45.099389+00:00,ripley_pe,computadoras,20001537869,APPLE,MACBOOK NEO A18 PRO MHFG4EA 13' APPLE A18 PRO 512GB SSD 8GB 5 CORE,3762.0,4063.0,1109.73,2026-08-05,7,PEN,,,Ripley PE,https://simple.ripley.com.pe/macbook-neo-a18-pro-mhfg4ea-13-apple-a18-pro-512gb-ssd-8gb-5-core-pmp20001537869
20260805_055550,2026-08-05T06:08:45.100381+00:00,ripley_pe,computadoras,00003062729,INTEL,COMPUTADORA INTEL AMD RYZEN 5 RAM 16GB PC GAMER 5600GT DISCO +SSD 480GB MONITOR 24 FHD 1TB,2549.0,3480.0,751.92,2026-08-05,27,PEN,,,Ripley PE,https://simple.ripley.com.pe/computadora-intel-amd-ryzen-5-ram-16gb-pc-gamer-5600gt-disco-ssd-480gb-monitor-24-fhd-1tb-pmp00003062729
20260805_055550,2026-08-05T06:08:45.100381+00:00,ripley_pe,computadoras,20001244263,HP,"PC ALL IN ONE HP OMNISTUDIO X C1271LA 31.5' UHD IPS 4K CORE ULTRA 7 258V HASTA 4.8GHZ, 32GB DDR5, 1TB SSD, WINDOWS 11",8389.0,9000.0,2474.63,2026-08-05,7,PEN,,,Ripley PE,https://simple.ripley.com.pe/pc-all-in-one-hp-omnistudio-x-c1271la-315-uhd-ips-4k-core-ultra-7-258v-hasta-48ghz-32gb-ddr5-1tb-ssd-windows-11-pmp20001244263
20260805_055550,2026-08-05T06:08:45.101381+00:00,ripley_pe,computadoras,20001341479,HP,HP PRODESK 400 G5 MINI PC INTEL CORE I7 9ª GEN 16GB RAM 512GB SSD + 1TB HDD REACONDICIONADA + 1 AÑO GARANTÍA,1549.0,1999.0,456.93,2026-08-05,23,PEN,,,Ripley PE,https://simple.ripley.com.pe/hp-prodesk-400-g5-mini-pc-intel-core-i7-9-gen-16gb-ram-512gb-ssd-1tb-hdd-reacondicionada-1-ano-garantia-pmp20001341479
20260805_055550,2026-08-05T06:08:45.101381+00:00,ripley_pe,computadoras,20000222230,APPLE,"IMAC 24 INCH 4.5K RETINA DISPLAY, M3, AZUL, 10-CORE GPU, 512GB STORAGE",10585.19,17144.82,3122.47,2026-08-05,38,PEN,,,Ripley PE,https://simple.ripley.com.pe/imac-24-inch-45k-retina-display-m3-azul-10-core-gpu-512gb-storage-pmp20000222230
20260805_055550,2026-08-05T06:08:49.520301+00:00,ripley_pe,computadoras,20001351147,APPLE,MACBOOK PRO 14.2' (2026) CHIP M5 MAX 36GB RAM 2TB SSD 18CORE CPU 32CORE GPU | NEGRO - TECLADO INGLÉS,18099.0,27149.0,5338.94,2026-08-05,33,PEN,,,Ripley PE,https://simple.ripley.com.pe/macbook-pro-142-2026-chip-m5-max-36gb-ram-2tb-ssd-18core-cpu-32core-gpu-negro-teclado-ingles-pmp20001351147
20260805_055550,2026-08-05T06:08:49.520301+00:00,ripley_pe,computadoras,20001415544,GAMER,COMPUTADORA INTEL CORE I7 RAM 32GB PC GAMER CORE I7-8TH 3.2GHZ DISCO SSD 2TB VIDEO RX 580 8GB MONITOR 27 FHD,4189.0,5890.0,1235.69,2026-08-05,29,PEN,,,Ripley PE,https://simple.ripley.com.pe/computadora-intel-core-i7-ram-32gb-pc-gamer-core-i7-8th-32ghz-disco-ssd-2tb-video-rx-580-8gb-monitor-27-fhd-pmp20001415544
20260805_055550,2026-08-05T06:08:49.521301+00:00,ripley_pe,computadoras,20001492616,HP,CPU HP PRODESK MINI 400 G5 INTEL CI7 9NA 16GB RAM 512GB SSD REACONDICIONADA,1689.0,1899.0,498.23,2026-08-05,11,PEN,,,Ripley PE,https://simple.ripley.com.pe/cpu-hp-prodesk-mini-400-g5-intel-ci7-9na-16gb-ram-512gb-ssd-reacondicionada-pmp20001492616
20260805_055550,2026-08-05T06:08:49.521301+00:00,ripley_pe,computadoras,20000222232,APPLE,"MACBOOK AIR CHIP M2 256GB SSD 13"" MIDNIGHT, 8-CORE GPU",7227.9,11267.43,2132.12,2026-08-05,36,PEN,,,Ripley PE,https://simple.ripley.com.pe/macbook-air-chip-m2-256gb-ssd-13-midnight-8-core-gpu-pmp20000222232
20260805_055550,2026-08-05T06:08:49.523301+00:00,ripley_pe,computadoras,20000222219,APPLE,"IMAC 24 INCH 4.5K RETINA DISPLAY, M3, AZUL, 8-CORE GPU, 256GB STORAGE",8308.11,13273.79,2450.77,2026-08-05,37,PEN,,,Ripley PE,https://simple.ripley.com.pe/imac-24-inch-45k-retina-display-m3-azul-8-core-gpu-256gb-storage-pmp20000222219
20260805_055550,2026-08-05T06:08:49.523301+00:00,ripley_pe,computadoras,00002694586,SIGMA,COMPUTADORA SIGMA INTEL CORE I7 RAM 16GB PC GAMER 3.2 GHZ DISCO +SSD 240GB VIDEO GT 4GB CASE RGB LUCES 1TB,2159.0,3450.0,636.87,2026-08-05,37,PEN,,,Ripley PE,https://simple.ripley.com.pe/computadora-sigma-intel-core-i7-ram-16gb-pc-gamer-32-ghz-disco-ssd-240gb-video-gt-4gb-case-rgb-luces-1tb-pmp00002694586
20260805_055550,2026-08-05T06:08:49.524301+00:00,ripley_pe,computadoras,20001210259,RYZEN,CPU GAMER RYZEN 9 7900X 32GB DDR5 1TB RTX5070 12GB RGB MI PC LISTA COMPUTADORA,11099.0,16839.0,3274.04,2026-08-05,34,PEN,,,Ripley PE,https://simple.ripley.com.pe/cpu-gamer-ryzen-9-7900x-32gb-ddr5-1tb-rtx5070-12gb-rgb-mi-pc-lista-computadora-pmp20001210259
20260805_055550,2026-08-05T06:08:49.524301+00:00,ripley_pe,computadoras,20000821018,APPLE,"MAC MINI M4 PRO CHIP WITH 12‑CORE CPU, 16‑CORE GPU, 16‑CORE / 24GB Y 1TB",9115.0,10938.0,2688.79,2026-08-05,17,PEN,,,Ripley PE,https://simple.ripley.com.pe/mac-mini-m4-pro-chip-with-12core-cpu-16core-gpu-16core-24gb-y-1tb-pmp20000821018
20260805_055550,2026-08-05T06:08:49.525302+00:00,ripley_pe,computadoras,00001459990,SIGMA,COMPUTADORA PC INTEL CORE I7-8TH   MONITOR 24  LG'' RAM 16GB DISCO SSD 1TB  CASE 350W,2139.0,2980.0,630.97,2026-08-05,28,PEN,,,Ripley PE,https://simple.ripley.com.pe/computadora-pc-intel-core-i7-8th-monitor-24-lg-ram-16gb-disco-ssd-1tb-case-350w-pmp00001459990
20260805_055550,2026-08-05T06:08:49.525302+00:00,ripley_pe,computadoras,20000222226,APPLE,"IMAC 24 INCH 4.5K RETINA DISPLAY, M3, PURPURA, 10-CORE GPU, 256GB STORAGE",9346.65,15209.3,2757.12,2026-08-05,39,PEN,,,Ripley PE,https://simple.ripley.com.pe/imac-24-inch-45k-retina-display-m3-purpura-10-core-gpu-256gb-storage-pmp20000222226
20260805_055550,2026-08-05T06:08:49.526311+00:00,ripley_pe,computadoras,20001351155,APPLE,MACBOOK AIR 13.6' (2026) CHIP M5 24GB RAM 1TB SSD | SKY BLUE - TECLADO INGLÉS,7799.0,8969.0,2300.59,2026-08-05,13,PEN,,,Ripley PE,https://simple.ripley.com.pe/macbook-air-136-2026-chip-m5-24gb-ram-1tb-ssd-sky-blue-teclado-ingles-pmp20001351155
20260805_055550,2026-08-05T06:08:49.527303+00:00,ripley_pe,computadoras,20001210279,RYZEN,CPU GAMER AMD RYZEN 7 8700G 16GB DDR5 500GB MIPCLISTA RYZEN GREEN COMPUTADORA,3199.0,5669.0,943.66,2026-08-05,44,PEN,,,Ripley PE,https://simple.ripley.com.pe/cpu-gamer-amd-ryzen-7-8700g-16gb-ddr5-500gb-mipclista-ryzen-green-computadora-pmp20001210279
20260805_055550,2026-08-05T06:08:49.527303+00:00,ripley_pe,computadoras,20001326324,INTEL,"COMPUTADORA PC INTEL CORE I7 3,80 GHZ 16GB RAM 256GB SSD 1TB HDD + MONITOR 22' FHD",1360.0,1700.0,401.18,2026-08-05,20,PEN,,,Ripley PE,https://simple.ripley.com.pe/computadora-pc-intel-core-i7-380-ghz-16gb-ram-256gb-ssd-1tb-hdd-monitor-22-fhd-pmp20001326324
20260805_055550,2026-08-05T06:08:49.527303+00:00,ripley_pe,computadoras,20001193950,LENOVO,"PC ALL-IN-ONE LENOVO TC NEO50A 24' G5, INTEL I7, 16GB RAM, 1TB, WINDOWS 11 PRO, RENDIMIENTO ÓPTIMO",6059.0,9089.0,1787.32,2026-08-05,33,PEN,,,Ripley PE,https://simple.ripley.com.pe/pc-all-in-one-lenovo-tc-neo50a-24-g5-intel-i7-16gb-ram-1tb-windows-11-pro-rendimiento-optimo-pmp20001193950
20260805_055550,2026-08-05T06:08:49.528302+00:00,ripley_pe,computadoras,00003284491,APPLE,RAM M2 MAC PRO CHIP ULTRA 128GB 2TB SSD,39695.0,47634.0,11709.44,2026-08-05,17,PEN,,,Ripley PE,https://simple.ripley.com.pe/ram-m2-mac-pro-chip-ultra-128gb-2tb-ssd-pmp00003284491
20260805_055550,2026-08-05T06:08:49.529302+00:00,ripley_pe,computadoras,00003282427,APPLE,RAM 32GB RAM MAC STUDIO CHIP M2 MAX 32GB 1TB SSD,11020.0,13224.0,3250.74,2026-08-05,17,PEN,,,Ripley PE,https://simple.ripley.com.pe/ram-32gb-ram-mac-studio-chip-m2-max-32gb-1tb-ssd-pmp00003282427
20260805_055550,2026-08-05T06:08:49.529302+00:00,ripley_pe,computadoras,20001511074,APPLE,MACBOOK AIR 15 M5 10C CPU 10C GPU 16GB 512GB SSD SKY BLUE,13486.65,,3978.36,2026-08-05,,PEN,,,Ripley PE,https://simple.ripley.com.pe/macbook-air-15-m5-10c-cpu-10c-gpu-16gb-512gb-ssd-sky-blue-pmp20001511074
20260805_055550,2026-08-05T06:08:49.530302+00:00,ripley_pe,computadoras,20001210252,RYZEN,CPU GAMER RYZEN 7 8700F 32GB DDR5 500GB RTX5060ti 16GB WHITE MI PC LISTA - MIPCLISTA COMPUTADORA,6849.0,8749.0,2020.35,2026-08-05,22,PEN,,,Ripley PE,https://simple.ripley.com.pe/cpu-gamer-ryzen-7-8700f-32gb-ddr5-500gb-rtx5060ti-16gb-white-mi-pc-lista-mipclista-computadora-pmp20001210252
20260805_055550,2026-08-05T06:08:49.530302+00:00,ripley_pe,computadoras,20001349777,APPLE,NUEVA MACBOOK AIR M5 13” 16GB RAM + 512GB (TECLADO INGLES),5999.0,6499.0,1769.62,2026-08-05,8,PEN,,,Ripley PE,https://simple.ripley.com.pe/nueva-macbook-air-m5-13-16gb-ram-512gb-teclado-ingles-pmp20001349777
20260805_055550,2026-08-05T06:08:49.531301+00:00,ripley_pe,computadoras,20001193882,HP,"COMPUTADOR TODO EN UNO HP PROONE 240 G10, INTEL CORE I5, 16GB RAM, 512GB SSD, 23.8' FULL HD, GRIS",4319.0,6479.0,1274.04,2026-08-05,33,PEN,,,Ripley PE,https://simple.ripley.com.pe/computador-todo-en-uno-hp-proone-240-g10-intel-core-i5-16gb-ram-512gb-ssd-238-full-hd-gris-pmp20001193882
20260805_055550,2026-08-05T06:08:49.531301+00:00,ripley_pe,computadoras,20001242567,LENOVO,"LENOVO ALL-IN-ONE 23.8' CON AMD RYZEN 5, 8GB RAM, 512GB SSD Y WINDOWS 11 HOME - RENDIMIENTO Y ESTILO",3589.0,5389.0,1058.7,2026-08-05,33,PEN,,,Ripley PE,https://simple.ripley.com.pe/lenovo-all-in-one-238-con-amd-ryzen-5-8gb-ram-512gb-ssd-y-windows-11-home-rendimiento-y-estilo-pmp20001242567
20260805_055550,2026-08-05T06:08:49.531301+00:00,ripley_pe,computadoras,20001391582,DELL,MINI PC DELL MINI OPTIPLEX 7020 MFF INTEL CORE I7 512GB SSD 16GB NEGRO,4354.0,4702.0,1284.37,2026-08-05,7,PEN,,,Ripley PE,https://simple.ripley.com.pe/mini-pc-dell-mini-optiplex-7020-mff-intel-core-i7-512gb-ssd-16gb-negro-pmp20001391582
20260805_055550,2026-08-05T06:08:49.532301+00:00,ripley_pe,computadoras,20001499543,PCYA,PC GAMER PCYA AMD RYZEN 7 8700G 16GB RAM DDR5 1TB SSD M.2 RADEON 780M 24 FHD FREEDOS,3990.0,4788.0,1176.99,2026-08-05,17,PEN,,,Ripley PE,https://simple.ripley.com.pe/pc-gamer-pcya-amd-ryzen-7-8700g-16gb-ram-ddr5-1tb-ssd-m2-radeon-780m-24-fhd-freedos-pmp20001499543
20260805_055550,2026-08-05T06:08:49.533301+00:00,ripley_pe,computadoras,20000738786,APPLE,IMAC APPLE M4 CHIP WITH 10 CORE CPU AND 10 CORE GPU SILVER / 16GB Y 256GB,7415.0,8898.0,2187.32,2026-08-05,17,PEN,,,Ripley PE,https://simple.ripley.com.pe/imac-apple-m4-chip-with-10-core-cpu-and-10-core-gpu-silver-16gb-y-256gb-pmp20000738786
20260805_055550,2026-08-05T06:08:49.533301+00:00,ripley_pe,computadoras,20000852361,RYZEN,COMPUTADORA GAMER HAKU BLUE RYZEN 5 8500G 16GB DDR5 500GB 24' CURVO MI PC LISTA - MIPCLISTA,3099.0,5339.0,914.16,2026-08-05,42,PEN,,,Ripley PE,https://simple.ripley.com.pe/computadora-gamer-haku-blue-ryzen-5-8500g-16gb-ddr5-500gb-24-curvo-mi-pc-lista-mipclista-pmp20000852361
20260805_055550,2026-08-05T06:08:49.533301+00:00,ripley_pe,computadoras,20001242566,LENOVO,"LENOVO ALL-IN-ONE 23.8' CON AMD RYZEN 5, 16GB RAM, SSD 512GB Y WINDOWS - POTENCIA Y ESTILO EN UNO",3179.0,4769.0,937.76,2026-08-05,33,PEN,,,Ripley PE,https://simple.ripley.com.pe/lenovo-all-in-one-238-con-amd-ryzen-5-16gb-ram-ssd-512gb-y-windows-potencia-y-estilo-en-uno-pmp20001242566
20260805_055550,2026-08-05T06:08:49.534308+00:00,ripley_pe,computadoras,20000049402,GENÉRICO,COMPUTADORA INTEL CORE I7 RAM 16GB PC 3.4 GHZ DISCO +SSD 480GB MONITOR 27 1TB,2239.0,2890.0,660.47,2026-08-05,23,PEN,,,Ripley PE,https://simple.ripley.com.pe/computadora-intel-core-i7-ram-16gb-pc-34-ghz-disco-ssd-480gb-monitor-27-1tb-pmp20000049402
20260805_055550,2026-08-05T06:08:49.534308+00:00,ripley_pe,computadoras,20000853514,INTEL,COMPUTADORA PC GAMER HERO BLUE CORE I9 14900K 32GB DDR5 1TB 8TBHDD RTX5080 16GB GDRR7 27' 280 HZ C MI PC LISTA - MIPCLISTA,17499.0,25839.0,5161.95,2026-08-05,32,PEN,,,Ripley PE,https://simple.ripley.com.pe/computadora-pc-gamer-hero-blue-core-i9-14900k-32gb-ddr5-1tb-8tbhdd-rtx5080-16gb-gdrr7-27-280-hz-c-mi-pc-lista-mipclista-pmp20000853514
20260805_055550,2026-08-05T06:08:49.535302+00:00,ripley_pe,computadoras,20001338304,MSI,"MSI AEGIS R2 AI 2ND GAMING DESKTOP CON INTEL 24-CORE ULTRA 9, 64GB RAM, 4TB SSD Y GEFORCE RTX 5070 TI",15640.0,18768.0,4613.57,2026-08-05,17,PEN,,,Ripley PE,https://simple.ripley.com.pe/msi-aegis-r2-ai-2nd-gaming-desktop-con-intel-24-core-ultra-9-64gb-ram-4tb-ssd-y-geforce-rtx-5070-ti-pmp20001338304
20260805_055550,2026-08-05T06:08:49.536309+00:00,ripley_pe,computadoras,00003103977,INTEL,COMPUTADORA PC INTEL CORE I7-10°TH RAM 16GB DISCO DURO 1TB + SSD 480GB MONITOR 24 LG,2699.0,3190.0,796.17,2026-08-05,15,PEN,,,Ripley PE,https://simple.ripley.com.pe/computadora-pc-intel-core-i7-10th-ram-16gb-disco-duro-1tb-ssd-480gb-monitor-24-lg-pmp00003103977
20260805_055550,2026-08-05T06:08:49.536309+00:00,ripley_pe,computadoras,20001490275,APPLE,MACBOOK AIR M2 13.6' APPLE M2 256GB SSD 8GB | OPEN BOX,3956.0,4272.0,1166.96,2026-08-05,7,PEN,,,Ripley PE,https://simple.ripley.com.pe/macbook-air-m2-136-apple-m2-256gb-ssd-8gb-open-box-pmp20001490275
20260805_055550,2026-08-05T06:08:49.537303+00:00,ripley_pe,computadoras,20001208641,INTEL,CPU GAMER INTEL CORE I7 12700F 32GB 500GB RTX5060TI 16GB MIPCLISTA WHITE COMPUTADORA,6899.0,9839.0,2035.1,2026-08-05,30,PEN,,,Ripley PE,https://simple.ripley.com.pe/cpu-gamer-intel-core-i7-12700f-32gb-500gb-rtx5060ti-16gb-mipclista-white-computadora-pmp20001208641
20260805_055550,2026-08-05T06:08:49.537303+00:00,ripley_pe,computadoras,20000222240,APPLE,"MACBOOK AIR CHIP M2 256GB SSD 13"" PLATA, 8-CORE GPU",7227.9,11267.43,2132.12,2026-08-05,36,PEN,,,Ripley PE,https://simple.ripley.com.pe/macbook-air-chip-m2-256gb-ssd-13-plata-8-core-gpu-pmp20000222240
20260805_055550,2026-08-05T06:08:49.538302+00:00,ripley_pe,computadoras,20000852328,RYZEN,"COMPUTADORA GAMER STORM RGB PLUS RYZEN 7 7800X3D 32GBDDR5 1TB, 27' PLANO RTX5060TI 16GB MI PC LISTA - MIPCLISTA",9999.0,15169.0,2949.56,2026-08-05,34,PEN,,,Ripley PE,https://simple.ripley.com.pe/computadora-gamer-storm-rgb-plus-ryzen-7-7800x3d-32gbddr5-1tb-27-plano-rtx5060ti-16gb-mi-pc-lista-mipclista-pmp20000852328
20260805_055550,2026-08-05T06:08:49.538302+00:00,ripley_pe,computadoras,20001210261,RYZEN,CPU GAMER AMD RYZEN 5 8600G 16GB DDR5 500GB MIPCLISTA RYZEN RED COMPUTADORA,2899.0,4999.0,855.16,2026-08-05,42,PEN,,,Ripley PE,https://simple.ripley.com.pe/cpu-gamer-amd-ryzen-5-8600g-16gb-ddr5-500gb-mipclista-ryzen-red-computadora-pmp20001210261
20260805_055550,2026-08-05T06:08:49.539301+00:00,ripley_pe,computadoras,20001485219,HALION,COMBO PC HALION INTEL CORE I9 12VA 16GB RAM 1TB SSD + CASE+ KIT 4 EN 1 INTEL CORE I9 1TB SSD 16GB NEGRO + MONITOR FHD 24',4160.0,4493.0,1227.14,2026-08-05,7,PEN,,,Ripley PE,https://simple.ripley.com.pe/combo-pc-halion-intel-core-i9-12va-16gb-ram-1tb-ssd-case-kit-4-en-1-intel-core-i9-1tb-ssd-16gb-negro-monitor-fhd-24-pmp20001485219
20260805_055550,2026-08-05T06:08:49.539301+00:00,ripley_pe,computadoras,20000821507,INTEL,COMPUTADORA PC GAMER INTEL CORE I5 - 8GB RAM - 500GB SSD,1255.0,1599.0,370.21,2026-08-05,22,PEN,,,Ripley PE,https://simple.ripley.com.pe/computadora-pc-gamer-intel-core-i5-8gb-ram-500gb-ssd-pmp20000821507
20260805_055550,2026-08-05T06:08:49.540301+00:00,ripley_pe,computadoras,20000222237,APPLE,"IMAC 24 INCH 4.5K RETINA DISPLAY, M3, VERDE, 8-CORE GPU, 256GB STORAGE",8308.11,13273.79,2450.77,2026-08-05,37,PEN,,,Ripley PE,https://simple.ripley.com.pe/imac-24-inch-45k-retina-display-m3-verde-8-core-gpu-256gb-storage-pmp20000222237
20260805_055550,2026-08-05T06:08:49.540301+00:00,ripley_pe,computadoras,20001535347,APPLE,MACBOOK PRO 2020 13.3” I5 8GB RAM + 256GB SSD PLATEADO REACONDICIONADO GRADO A,2399.0,3900.0,707.67,2026-08-05,38,PEN,,,Ripley PE,https://simple.ripley.com.pe/macbook-pro-2020-133-i5-8gb-ram-256gb-ssd-plateado-reacondicionado-grado-a-pmp20001535347
20260805_055550,2026-08-05T06:08:49.541301+00:00,ripley_pe,computadoras,20001546339,RYZEN,COMPUTADORA GAMER HAKU RED RYZEN 7 5700G SSD 500GB  16GB DDR4  350W,2699.0,3699.0,796.17,2026-08-05,27,PEN,,,Ripley PE,https://simple.ripley.com.pe/computadora-gamer-haku-red-ryzen-7-5700g-ssd-500gb-16gb-ddr4-350w-pmp20001546339
20260805_055550,2026-08-05T06:08:49.541301+00:00,ripley_pe,computadoras,20000852731,INTEL,COMPUTADORA INTEL CORE i7 10700F 16GB 500GB 24' IPS RTX3050 6GB INGENIERÍA Y DISEÑO MI PC LISTA - MIPCLISTA,4699.0,5899.0,1386.14,2026-08-05,20,PEN,,,Ripley PE,https://simple.ripley.com.pe/computadora-intel-core-i7-10700f-16gb-500gb-24-ips-rtx3050-6gb-ingenieria-y-diseno-mi-pc-lista-mipclista-pmp20000852731
20260805_055550,2026-08-05T06:08:49.542308+00:00,ripley_pe,computadoras,00003282433,APPLE,RAM MAC STUDIO CHIP M2 ULTRA 64GB 1TB SSD,20055.0,24066.0,5915.93,2026-08-05,17,PEN,,,Ripley PE,https://simple.ripley.com.pe/ram-mac-studio-chip-m2-ultra-64gb-1tb-ssd-pmp00003282433
20260805_055550,2026-08-05T06:08:49.542308+00:00,ripley_pe,computadoras,20000222236,APPLE,"IMAC 24 INCH 4.5K RETINA DISPLAY, M3, VERDE, 10-CORE GPU, 256GB STORAGE",9346.65,15209.3,2757.12,2026-08-05,39,PEN,,,Ripley PE,https://simple.ripley.com.pe/imac-24-inch-45k-retina-display-m3-verde-10-core-gpu-256gb-storage-pmp20000222236
20260805_055550,2026-08-05T06:08:49.543302+00:00,ripley_pe,computadoras,20001469914,ASUS,AIO ASUS P470VAK-BPE3540 27 PULGADAS FHD IPS CORE 7-240H HASTA 5.2GHZ 16GB DDR5 1TB SSD,5599.0,8999.0,1651.62,2026-08-05,38,PEN,,,Ripley PE,https://simple.ripley.com.pe/aio-asus-p470vak-bpe3540-27-pulgadas-fhd-ips-core-7-240h-hasta-52ghz-16gb-ddr5-1tb-ssd-pmp20001469914
20260805_055550,2026-08-05T06:08:49.543302+00:00,ripley_pe,computadoras,20000853503,INTEL,COMPUTADORA PC GAMER RED CORE i9 12900KF 32GBDDR4 1TB 8TBHDD 27' RTX5070TI 16GB MI PC LISTA - MIPCLISTA,13499.0,17999.0,3982.01,2026-08-05,25,PEN,,,Ripley PE,https://simple.ripley.com.pe/computadora-pc-gamer-red-core-i9-12900kf-32gbddr4-1tb-8tbhdd-27-rtx5070ti-16gb-mi-pc-lista-mipclista-pmp20000853503
20260805_055550,2026-08-05T06:08:49.544302+00:00,ripley_pe,computadoras,20001133966,GENÉRICO,MINI PC I3-TECHNOLOGIES S064 INTEL CORE I5-10210U 256GB SSD SOPORTE 4K,3719.0,5579.0,1097.05,2026-08-05,33,PEN,,,Ripley PE,https://simple.ripley.com.pe/mini-pc-i3-technologies-s064-intel-core-i5-10210u-256gb-ssd-soporte-4k-pmp20001133966
20260805_055550,2026-08-05T06:08:49.544302+00:00,ripley_pe,computadoras,20001355191,APPLE,APPLE MACBOOK AIR 13″ M5 16GB RAM 512GB SSD LIQUID RETINA – TECLADO INGLÉS,5999.0,6499.0,1769.62,2026-08-05,8,PEN,,,Ripley PE,https://simple.ripley.com.pe/apple-macbook-air-13-m5-16gb-ram-512gb-ssd-liquid-retina-teclado-ingles-pmp20001355191
20260805_055550,2026-08-05T06:08:49.545301+00:00,ripley_pe,computadoras,20001085421,INTEL,"Computadora PC Intel Core i5 3,50 GHz 16GB RAM 256GB SSD 1TB HDD + Monitor 22"" FHD",1690.0,2100.0,498.53,2026-08-05,20,PEN,,,Ripley PE,https://simple.ripley.com.pe/computadora-pc-intel-core-i5-350-ghz-16gb-ram-256gb-ssd-1tb-hdd-monitor-22-fhd-pmp20001085421
20260805_055550,2026-08-05T06:08:54.104495+00:00,ripley_pe,computadoras,20000222211,APPLE,"IMAC 24 INCH 4.5K RETINA DISPLAY, M3, AZUL, 10-CORE GPU, 256GB STORAGE",9346.65,15209.3,2757.12,2026-08-05,39,PEN,,,Ripley PE,https://simple.ripley.com.pe/imac-24-inch-45k-retina-display-m3-azul-10-core-gpu-256gb-storage-pmp20000222211
20260805_055550,2026-08-05T06:08:54.105494+00:00,ripley_pe,computadoras,20000852735,INTEL,COMPUTADORA INTEL CORE I9 ULTRA 285K 32GB DDR5 1TB 27' VA RTX5070TI 16GB INGENIERÍA Y DISEÑO MI PC LISTA - MIPCLISTA,15699.0,22499.0,4630.97,2026-08-05,30,PEN,,,Ripley PE,https://simple.ripley.com.pe/computadora-intel-core-i9-ultra-285k-32gb-ddr5-1tb-27-va-rtx5070ti-16gb-ingenieria-y-diseno-mi-pc-lista-mipclista-pmp20000852735
20260805_055550,2026-08-05T06:08:54.108495+00:00,ripley_pe,computadoras,20001543485,INTEL,"Computadora PC Gamer Intel Core i7 9ª Gen 4,70 GHz 16GB RAM 500GB SSD",2100.0,2700.0,619.47,2026-08-05,22,PEN,,,Ripley PE,https://simple.ripley.com.pe/computadora-pc-gamer-intel-core-i7-9-gen-470-ghz-16gb-ram-500gb-ssd-pmp20001543485
20260805_055550,2026-08-05T06:08:54.110494+00:00,ripley_pe,computadoras,20001208636,INTEL,CPU GAMER INTEL CORE ULTRA 9 285KF 32GB DDR5 1TB 8TBHDD RTX5070TI 16GB MIPCLISTA PINK COMPUTADORA,14899.0,21499.0,4394.99,2026-08-05,31,PEN,,,Ripley PE,https://simple.ripley.com.pe/cpu-gamer-intel-core-ultra-9-285kf-32gb-ddr5-1tb-8tbhdd-rtx5070ti-16gb-mipclista-pink-computadora-pmp20001208636
20260805_055550,2026-08-05T06:08:54.110494+00:00,ripley_pe,computadoras,20000821013,APPLE,"MAC MINI M4 PRO CHIP WITH 12‑CORE CPU, 16‑CORE GPU, 16‑CORE / 48GB Y 512GB",10250.0,12300.0,3023.6,2026-08-05,17,PEN,,,Ripley PE,https://simple.ripley.com.pe/mac-mini-m4-pro-chip-with-12core-cpu-16core-gpu-16core-48gb-y-512gb-pmp20000821013
20260805_055550,2026-08-05T06:08:54.111494+00:00,ripley_pe,computadoras,20000046868,GENÉRICO,"COMPUTADORA INTEL CORE I7 16GB 8700, MONITOR 24' FULL HD SPEAKER, , SSD 1TB ADVANCE",2198.9,2950.0,648.64,2026-08-05,25,PEN,,,Ripley PE,https://simple.ripley.com.pe/computadora-intel-core-i7-16gb-8700-monitor-24-full-hd-speaker-ssd-1tb-advance-pmp20000046868
20260805_055550,2026-08-05T06:08:54.111494+00:00,ripley_pe,computadoras,20000980941,INTEL,COMPUTADORA PC GAMER HERO WHITE CORE I9 14900KF 32GB DDR5 1TB 8TBHDD RTX5070 12GB 27' MI PC LISTA -MIPCLISTA.,13499.0,19169.0,3982.01,2026-08-05,30,PEN,,,Ripley PE,https://simple.ripley.com.pe/computadora-pc-gamer-hero-white-core-i9-14900kf-32gb-ddr5-1tb-8tbhdd-rtx5070-12gb-27-mi-pc-lista-mipclista-pmp20000980941
20260805_055550,2026-08-05T06:08:54.112495+00:00,ripley_pe,computadoras,20001351151,APPLE,MACBOOK AIR 15.3' (2026) CHIP M5 16GB RAM 1TB SSD | MIDNIGHT - TECLADO INGLÉS,7999.0,9199.0,2359.59,2026-08-05,13,PEN,,,Ripley PE,https://simple.ripley.com.pe/macbook-air-153-2026-chip-m5-16gb-ram-1tb-ssd-midnight-teclado-ingles-pmp20001351151
20260805_055550,2026-08-05T06:08:54.113494+00:00,ripley_pe,computadoras,20001499301,PCYA,PC GAMER PCYA AMD RYZEN 7 5700G 16GB RAM DDR4 512GB SSD M.2 2GB RX RANDEON VEGA 8 24 FHD FREEDOS,2749.0,3299.0,810.91,2026-08-05,17,PEN,,,Ripley PE,https://simple.ripley.com.pe/pc-gamer-pcya-amd-ryzen-7-5700g-16gb-ram-ddr4-512gb-ssd-m2-2gb-rx-randeon-vega-8-24-fhd-freedos-pmp20001499301
20260805_055550,2026-08-05T06:08:54.113494+00:00,ripley_pe,computadoras,20000852347,INTEL,"COMPUTADORA PC GAMER PINK PLUS CORE ULTRA 7 265KF 32GB DDR5 500GBSSDD 8TBHDD 27"" IPS RTX5060TI 16GB",10499.0,16669.0,3097.05,2026-08-05,37,PEN,,,Ripley PE,https://simple.ripley.com.pe/computadora-pc-gamer-pink-plus-core-ultra-7-265kf-32gb-ddr5-500gbssdd-8tbhdd-27-ips-rtx5060ti-16gb-pmp20000852347
20260805_055550,2026-08-05T06:08:54.114494+00:00,ripley_pe,computadoras,00003230794,GENÉRICO,COMPUTADORA INTEL CORE I7 RAM 16GB PC 3.4 GHZ DISCO + SSD 240GB MONITOR 24LG 1TB,2169.0,2980.0,639.82,2026-08-05,27,PEN,,,Ripley PE,https://simple.ripley.com.pe/computadora-intel-core-i7-ram-16gb-pc-34-ghz-disco-ssd-240gb-monitor-24lg-1tb-pmp00003230794
20260805_055550,2026-08-05T06:08:54.114494+00:00,ripley_pe,computadoras,20001535172,ASUS,AIO ASUS P440VAK-WPC1770 23.8 PULG FHD IPS CORE 5-210H 2.4-4.8GHZ 8GB DDR5 512GB,3975.0,5999.0,1172.57,2026-08-05,34,PEN,,,Ripley PE,https://simple.ripley.com.pe/aio-asus-p440vak-wpc1770-238-pulg-fhd-ips-core-5-210h-24-48ghz-8gb-ddr5-512gb-pmp20001535172
20260805_055550,2026-08-05T06:08:54.115494+00:00,ripley_pe,computadoras,20000821016,APPLE,"MAC MINI M4 PRO CHIP WITH 12‑CORE CPU, 16‑CORE GPU, 16‑CORE / 64GB Y 512GB",11575.0,13890.0,3414.45,2026-08-05,17,PEN,,,Ripley PE,https://simple.ripley.com.pe/mac-mini-m4-pro-chip-with-12core-cpu-16core-gpu-16core-64gb-y-512gb-pmp20000821016
20260805_055550,2026-08-05T06:08:54.115494+00:00,ripley_pe,computadoras,20001535346,APPLE,MACBOOK PRO 2020 13.3” I5 16GB RAM + 256GB SSD PLATEADO REACONDICIONADO GRADO A,2499.0,4100.0,737.17,2026-08-05,39,PEN,,,Ripley PE,https://simple.ripley.com.pe/macbook-pro-2020-133-i5-16gb-ram-256gb-ssd-plateado-reacondicionado-grado-a-pmp20001535346
20260805_055550,2026-08-05T06:08:54.116494+00:00,ripley_pe,computadoras,20001355988,APPLE,APPLE MACBOOK AIR 13″ M5 512GB SSD 16GB RAM – TECLADO INGLÉS + REGALO,5699.0,7299.0,1681.12,2026-08-05,22,PEN,,,Ripley PE,https://simple.ripley.com.pe/apple-macbook-air-13-m5-512gb-ssd-16gb-ram-teclado-ingles-regalo-pmp20001355988
20260805_055550,2026-08-05T06:08:54.117494+00:00,ripley_pe,computadoras,20001351158,APPLE,MACBOOK AIR 13.6' (2026) CHIP M5 16GB RAM 1TB SSD | MIDNIGHT - TECLADO INGLÉS,6999.0,8049.0,2064.6,2026-08-05,13,PEN,,,Ripley PE,https://simple.ripley.com.pe/macbook-air-136-2026-chip-m5-16gb-ram-1tb-ssd-midnight-teclado-ingles-pmp20001351158
20260805_055550,2026-08-05T06:08:54.117494+00:00,ripley_pe,computadoras,20001517720,HP,ALL-IN-ONE HP PROONE 440 G9 23.8” CORE I5-14500 / 16GB RAM / 1TB SSD – BT2B6LA#ABM,3489.0,4849.0,1029.2,2026-08-05,28,PEN,,,Ripley PE,https://simple.ripley.com.pe/all-in-one-hp-proone-440-g9-238-core-i5-14500-16gb-ram-1tb-ssd-bt2b6laabm-pmp20001517720
20260805_055550,2026-08-05T06:08:54.118494+00:00,ripley_pe,computadoras,00003284499,APPLE,RAM M2 MAC PRO CHIP ULTRA 128GB 2TB SSD RACK,42055.0,50466.0,12405.6,2026-08-05,17,PEN,,,Ripley PE,https://simple.ripley.com.pe/ram-m2-mac-pro-chip-ultra-128gb-2tb-ssd-rack-pmp00003284499
20260805_055550,2026-08-05T06:08:54.119494+00:00,ripley_pe,computadoras,20001450598,HP,"AIO HP PROONE 440 G9 CI5-14500U, 16GB RAM, 1TB SSD, W11PRO, 23.8' (BT2B6LA)",2979.0,3999.0,878.76,2026-08-05,26,PEN,,,Ripley PE,https://simple.ripley.com.pe/aio-hp-proone-440-g9-ci5-14500u-16gb-ram-1tb-ssd-w11pro-238-bt2b6la-pmp20001450598
20260805_055550,2026-08-05T06:08:54.119494+00:00,ripley_pe,computadoras,20001133905,LENOVO,"LENOVO IDEACENTRE 24IRH9 TODO EN UNO DE 23.8' FHD IPS, CORE I5-13420H HASTA 4.6GHZ, ALTO RENDIMIENTO",3699.0,5549.0,1091.15,2026-08-05,33,PEN,,,Ripley PE,https://simple.ripley.com.pe/lenovo-ideacentre-24irh9-todo-en-uno-de-238-fhd-ips-core-i5-13420h-hasta-46ghz-alto-rendimiento-pmp20001133905
20260805_055550,2026-08-05T06:08:54.122494+00:00,ripley_pe,computadoras,20001499536,PCYA,CPU GAMER PCYA INTEL ULTRA 5 245K 32GB RAM DDR5 2TB SSD M.2 8GB RTX 4060 TI FREEDOS,8890.0,10668.0,2622.42,2026-08-05,17,PEN,,,Ripley PE,https://simple.ripley.com.pe/cpu-gamer-pcya-intel-ultra-5-245k-32gb-ram-ddr5-2tb-ssd-m2-8gb-rtx-4060-ti-freedos-pmp20001499536
20260805_055550,2026-08-05T06:08:54.122494+00:00,ripley_pe,computadoras,20001357240,HP,CPU HP PRODESK MINI 400 G5 INTEL CI7 9NA 32GB RAM 512GB SSD REACONDICIONADA,1879.0,2299.0,554.28,2026-08-05,18,PEN,,,Ripley PE,https://simple.ripley.com.pe/cpu-hp-prodesk-mini-400-g5-intel-ci7-9na-32gb-ram-512gb-ssd-reacondicionada-pmp20001357240
20260805_055550,2026-08-05T06:08:54.123494+00:00,ripley_pe,computadoras,20001340025,HP,TODO EN UNO HP 27-CR0275LA AMD RYZEN 7 16GB 512GB 27' W11,3749.0,4699.0,1105.9,2026-08-05,20,PEN,,,Ripley PE,https://simple.ripley.com.pe/todo-en-uno-hp-27-cr0275la-amd-ryzen-7-16gb-512gb-27-w11-pmp20001340025
20260805_055550,2026-08-05T06:08:54.125494+00:00,ripley_pe,computadoras,20001516582,APPLE,MACBOOK NEO A18PRO 13 APPLE A18 PRO 256GB SSD 8GB,3096.0,3344.0,913.27,2026-08-05,7,PEN,,,Ripley PE,https://simple.ripley.com.pe/macbook-neo-a18pro-13-apple-a18-pro-256gb-ssd-8gb-pmp20001516582
20260805_055550,2026-08-05T06:08:54.125494+00:00,ripley_pe,computadoras,20000049394,GENÉRICO,COMPUTADORA PC INTEL CORE I7-10TH  RAM 16GB  DISCO SSD  1TB   MONITOR  LG 24 FULL HD,2689.0,3380.0,793.22,2026-08-05,20,PEN,,,Ripley PE,https://simple.ripley.com.pe/computadora-pc-intel-core-i7-10th-ram-16gb-disco-ssd-1tb-monitor-lg-24-full-hd-pmp20000049394
20260805_055550,2026-08-05T06:08:54.125494+00:00,ripley_pe,computadoras,20001210253,RYZEN,CPU GAMER RYZEN 7 5700 16GB 500GB RTX5060 8GB STORM MI PC LISTA - MIPCLISTA COMPUTADORA,4499.0,6499.0,1327.14,2026-08-05,31,PEN,,,Ripley PE,https://simple.ripley.com.pe/cpu-gamer-ryzen-7-5700-16gb-500gb-rtx5060-8gb-storm-mi-pc-lista-mipclista-computadora-pmp20001210253
20260805_055550,2026-08-05T06:08:54.126494+00:00,ripley_pe,computadoras,20001210281,RYZEN,CPU GAMER RYZEN 9 9950X3D 32GB DDR5 1TB RTX5080 16GB FALKOR MI PC LISTA COMPUTADORA,16799.0,26339.0,4955.46,2026-08-05,36,PEN,,,Ripley PE,https://simple.ripley.com.pe/cpu-gamer-ryzen-9-9950x3d-32gb-ddr5-1tb-rtx5080-16gb-falkor-mi-pc-lista-computadora-pmp20001210281
20260805_055550,2026-08-05T06:08:54.126494+00:00,ripley_pe,computadoras,00001555505,GENÉRICO,COMPUTADORA 19'' INTEL PC CORE I7 3.4 GHZ RAM DISCO 1TB + SSD 240GB MONITOR LG CASE RGB LUCES 16GB,2119.0,2850.0,625.07,2026-08-05,26,PEN,,,Ripley PE,https://simple.ripley.com.pe/computadora-19-intel-pc-core-i7-34-ghz-ram-disco-1tb-ssd-240gb-monitor-lg-case-rgb-luces-16gb-pmp00001555505
20260805_055550,2026-08-05T06:08:54.128494+00:00,ripley_pe,computadoras,20000852355,RYZEN,COMPUTADORA GAMER FALKOR RGB PLUS AMD RYZEN 9 9950X 32GB DDR5 1TB 27' CURVO RTX5070 12GB MI PC LISTA - MIPCLISTA,13199.0,19669.0,3893.51,2026-08-05,33,PEN,,,Ripley PE,https://simple.ripley.com.pe/computadora-gamer-falkor-rgb-plus-amd-ryzen-9-9950x-32gb-ddr5-1tb-27-curvo-rtx5070-12gb-mi-pc-lista-mipclista-pmp20000852355
20260805_055550,2026-08-05T06:08:54.129494+00:00,ripley_pe,computadoras,20000852227,INTEL,COMPUTADORA PC GAMER DRACO BLUE PLUS INTEL CORE I5 12400F 16GB 500GB 24' CURVO RTX3050 6GB MI PC LISTA - MIPCLISTA,4199.0,6169.0,1238.64,2026-08-05,32,PEN,,,Ripley PE,https://simple.ripley.com.pe/computadora-pc-gamer-draco-blue-plus-intel-core-i5-12400f-16gb-500gb-24-curvo-rtx3050-6gb-mi-pc-lista-mipclista-pmp20000852227
20260805_055550,2026-08-05T06:08:54.130494+00:00,ripley_pe,computadoras,20000980965,INTEL,COMPUTADORA PC GAMER DRACO BLACK BLUE INTEL CORE I9 ULTRA 285K 64GBDDR5 1TB 8TBHDD RTX5080 16GB MI PC LISTA - MIPCLISTA.,20499.0,30839.0,6046.9,2026-08-05,34,PEN,,,Ripley PE,https://simple.ripley.com.pe/computadora-pc-gamer-draco-black-blue-intel-core-i9-ultra-285k-64gbddr5-1tb-8tbhdd-rtx5080-16gb-mi-pc-lista-mipclista-pmp20000980965
20260805_055550,2026-08-05T06:08:58.685796+00:00,ripley_pe,computadoras,20000222242,APPLE,"IMAC 24 INCH 4.5K RETINA DISPLAY, M3, ROSADO, 8-CORE GPU, 256GB STORAGE",8308.11,13273.79,2450.77,2026-08-05,37,PEN,,,Ripley PE,https://simple.ripley.com.pe/imac-24-inch-45k-retina-display-m3-rosado-8-core-gpu-256gb-storage-pmp20000222242
20260805_055550,2026-08-05T06:08:58.686795+00:00,ripley_pe,computadoras,00002694588,INTEL,COMPUTADORA INTEL INTEL CORE I7 RAM 16GB PC GAMER CORE I7 DISCO 1TB+SSD 480GB VIDEO MONITOR 27 CURVO RX 580 8GB,3429.0,3990.0,1011.5,2026-08-05,14,PEN,,,Ripley PE,https://simple.ripley.com.pe/computadora-intel-intel-core-i7-ram-16gb-pc-gamer-core-i7-disco-1tbssd-480gb-video-monitor-27-curvo-rx-580-8gb-pmp00002694588
20260805_055550,2026-08-05T06:08:58.688312+00:00,ripley_pe,computadoras,20001319175,APPLE,APPLE IMAC 2024 CHIP M4 24'' 16GB RAM 256GB - TECLADO INGLÉS,7869.0,11249.0,2321.24,2026-08-05,30,PEN,,,Ripley PE,https://simple.ripley.com.pe/apple-imac-2024-chip-m4-24-16gb-ram-256gb-teclado-ingles-pmp20001319175
20260805_055550,2026-08-05T06:08:58.688312+00:00,ripley_pe,computadoras,20001216295,LENOVO,DESKTOP LENOVO THINKCENTRE M70S GEN 6 CORE ULTRA 7 1TB SSD 16GB,7419.0,11129.0,2188.5,2026-08-05,33,PEN,,,Ripley PE,https://simple.ripley.com.pe/desktop-lenovo-thinkcentre-m70s-gen-6-core-ultra-7-1tb-ssd-16gb-pmp20001216295
20260805_055550,2026-08-05T06:08:58.689327+00:00,ripley_pe,computadoras,20001210277,RYZEN,CPU GAMER RYZEN 9 9950X 32GB DDR5 1TB RTX5070ti 16GB YELLOW MI PC LISTA COMPUTADORA,13799.0,22669.0,4070.5,2026-08-05,39,PEN,,,Ripley PE,https://simple.ripley.com.pe/cpu-gamer-ryzen-9-9950x-32gb-ddr5-1tb-rtx5070ti-16gb-yellow-mi-pc-lista-computadora-pmp20001210277
20260805_055550,2026-08-05T06:08:58.689327+00:00,ripley_pe,computadoras,20001338316,DELL,"DELL ALIENWARE AURORA ACT1250 GAMING INTEL 20-CORE ULTRA 7 265F, 64GB RAM, 2TB SSD, RTX 5070 TI, WIN11PRO",15195.0,18234.0,4482.3,2026-08-05,17,PEN,,,Ripley PE,https://simple.ripley.com.pe/dell-alienware-aurora-act1250-gaming-intel-20-core-ultra-7-265f-64gb-ram-2tb-ssd-rtx-5070-ti-win11pro-pmp20001338316
20260805_055550,2026-08-05T06:08:58.690327+00:00,ripley_pe,computadoras,00003282437,APPLE,RAM MAC STUDIO CHIP M2 ULTRA 128GB 1TB SSD,23840.0,28608.0,7032.45,2026-08-05,17,PEN,,,Ripley PE,https://simple.ripley.com.pe/ram-mac-studio-chip-m2-ultra-128gb-1tb-ssd-pmp00003282437
20260805_055550,2026-08-05T06:08:58.691327+00:00,ripley_pe,computadoras,00002895033,INTEL,COMPUTADORA INTEL CORE I7-8°G RAM 16GB PC 3.4 GHZ DISCO DURO 1TB+DISCO SSD 480GB MONITOR 27'' FULL HD,2349.0,3180.0,692.92,2026-08-05,26,PEN,,,Ripley PE,https://simple.ripley.com.pe/computadora-intel-core-i7-8g-ram-16gb-pc-34-ghz-disco-duro-1tbdisco-ssd-480gb-monitor-27-full-hd-pmp00002895033
20260805_055550,2026-08-05T06:08:58.691327+00:00,ripley_pe,computadoras,20001549356,INTEL,COMPUTADORA PC INTEL CORE I7 10700 - 16 GB RAM DDR4 - 512GB SSD - MONITOR 24' CON KIT LOGITECH,2590.0,4309.0,764.01,2026-08-05,40,PEN,,,Ripley PE,https://simple.ripley.com.pe/computadora-pc-intel-core-i7-10700-16-gb-ram-ddr4-512gb-ssd-monitor-24-con-kit-logitech-pmp20001549356
20260805_055550,2026-08-05T06:08:58.692327+00:00,ripley_pe,computadoras,20000852725,INTEL,COMPUTADORA INTEL CORE I5 12400F 16GB 500GB 24' IPS RTX3050 6GB INGENIERÍA Y DISEÑO MI PC LISTA - MIPCLISTA,4099.0,6499.0,1209.14,2026-08-05,37,PEN,,,Ripley PE,https://simple.ripley.com.pe/computadora-intel-core-i5-12400f-16gb-500gb-24-ips-rtx3050-6gb-ingenieria-y-diseno-mi-pc-lista-mipclista-pmp20000852725
20260805_055550,2026-08-05T06:08:58.692327+00:00,ripley_pe,computadoras,20000222205,APPLE,"IMAC 24 INCH 4.5K RETINA DISPLAY, M3, PLATEADO, 10-CORE GPU, 256GB STORAGE",9346.65,15209.3,2757.12,2026-08-05,39,PEN,,,Ripley PE,https://simple.ripley.com.pe/imac-24-inch-45k-retina-display-m3-plateado-10-core-gpu-256gb-storage-pmp20000222205
20260805_055550,2026-08-05T06:08:58.693326+00:00,ripley_pe,computadoras,20000852728,INTEL,COMPUTADORA INTEL CORE I5 12400 16GB 500GB 24' ESCRITORIO - OFICINA IPS MI PC LISTA - MIPCLISTA,3099.0,5169.0,914.16,2026-08-05,40,PEN,,,Ripley PE,https://simple.ripley.com.pe/computadora-intel-core-i5-12400-16gb-500gb-24-escritorio-oficina-ips-mi-pc-lista-mipclista-pmp20000852728
20260805_055550,2026-08-05T06:08:58.693326+00:00,ripley_pe,computadoras,20000821017,APPLE,"MAC MINI M4 PRO CHIP WITH 12‑CORE CPU, 16‑CORE GPU, 16‑CORE / 48GB Y 1TB",11385.0,13662.0,3358.41,2026-08-05,17,PEN,,,Ripley PE,https://simple.ripley.com.pe/mac-mini-m4-pro-chip-with-12core-cpu-16core-gpu-16core-48gb-y-1tb-pmp20000821017
20260805_055550,2026-08-05T06:08:58.693326+00:00,ripley_pe,computadoras,20000222227,APPLE,"IMAC 24 INCH 4.5K RETINA DISPLAY, M3, NARANJA, 10-CORE GPU, 256GB STORAGE",9346.65,15209.3,2757.12,2026-08-05,39,PEN,,,Ripley PE,https://simple.ripley.com.pe/imac-24-inch-45k-retina-display-m3-naranja-10-core-gpu-256gb-storage-pmp20000222227
20260805_055550,2026-08-05T06:08:58.694326+00:00,ripley_pe,computadoras,00002726882,INTEL,"COMPUTADORA INTEL CORE I7 RAM 16GB PC 3.2 GHZ, DISCO 1TB + DISCO SSD 480GB, MONITOR 24 FHD",2169.0,2870.0,639.82,2026-08-05,24,PEN,,,Ripley PE,https://simple.ripley.com.pe/computadora-intel-core-i7-ram-16gb-pc-32-ghz-disco-1tb-disco-ssd-480gb-monitor-24-fhd-pmp00002726882
20260805_055550,2026-08-05T06:08:58.695326+00:00,ripley_pe,computadoras,20000852354,RYZEN,COMPUTADORA GAMER Hydra Green Ryzen 5 9600X 16GB DDR5 500GB 24' CURVO RTX5060 8GB MI PC LISTA - MIPCLISTA,6099.0,8669.0,1799.12,2026-08-05,30,PEN,,,Ripley PE,https://simple.ripley.com.pe/computadora-gamer-hydra-green-ryzen-5-9600x-16gb-ddr5-500gb-24-curvo-rtx5060-8gb-mi-pc-lista-mipclista-pmp20000852354
20260805_055550,2026-08-05T06:08:58.695326+00:00,ripley_pe,computadoras,00003198348,SIGMA,COMPUTADORA SIGMA INTEL CORE I7 RAM 16GB PC 3.4 GHZ DISCO SOLIDO SSD 960GB MONITOR 24 FULL HD,2129.0,2890.0,628.02,2026-08-05,26,PEN,,,Ripley PE,https://simple.ripley.com.pe/computadora-sigma-intel-core-i7-ram-16gb-pc-34-ghz-disco-solido-ssd-960gb-monitor-24-full-hd-pmp00003198348
20260805_055550,2026-08-05T06:08:58.696332+00:00,ripley_pe,computadoras,20001543617,HP,Computadora PC HP ProDesk Intel Core i7 9ª Gen 4.70GHz 64GB RAM 512GB SSD 500GB HDD | Refurbished,3850.0,4200.0,1135.69,2026-08-05,8,PEN,,,Ripley PE,https://simple.ripley.com.pe/computadora-pc-hp-prodesk-intel-core-i7-9-gen-470ghz-64gb-ram-512gb-ssd-500gb-hdd-refurbished-pmp20001543617
20260805_055550,2026-08-05T06:08:58.696332+00:00,ripley_pe,computadoras,20001210260,RYZEN,CPU GAMER RYZEN 7 5700 16GB 500GB RTX3050 6GB RGB MI PC LISTA - MIPCLISTA COMPUTADORA,3699.0,5999.0,1091.15,2026-08-05,38,PEN,,,Ripley PE,https://simple.ripley.com.pe/cpu-gamer-ryzen-7-5700-16gb-500gb-rtx3050-6gb-rgb-mi-pc-lista-mipclista-computadora-pmp20001210260
20260805_055550,2026-08-05T06:08:58.697327+00:00,ripley_pe,computadoras,20001208645,INTEL,CPU GAMER INTEL CORE i9 14900K 32GB DDR5 1TB 8TBHDD RTX5070TI 16GB MIPCLISTA RGB COMPUTADORA,13899.0,19839.0,4100.0,2026-08-05,30,PEN,,,Ripley PE,https://simple.ripley.com.pe/cpu-gamer-intel-core-i9-14900k-32gb-ddr5-1tb-8tbhdd-rtx5070ti-16gb-mipclista-rgb-computadora-pmp20001208645
20260805_055550,2026-08-05T06:08:58.697327+00:00,ripley_pe,computadoras,20001210278,RYZEN,CPU GAMER AMD RYZEN 7 5700G 16GB 500GB MIPCLISTA RYZEN RGB COMPUTADORA,4339.0,,1279.94,2026-08-05,,PEN,,,Ripley PE,https://simple.ripley.com.pe/cpu-gamer-amd-ryzen-7-5700g-16gb-500gb-mipclista-ryzen-rgb-computadora-pmp20001210278
20260805_055550,2026-08-05T06:08:58.698328+00:00,ripley_pe,computadoras,20000945497,INTEL,COMPUTADORA PC Gamer Draco Red Core i7 9TH 16GB 500GB 24' CURVO RTX5060 8GB MI PC LISTA - MIPCLISTA,4599.0,7999.0,1356.64,2026-08-05,43,PEN,,,Ripley PE,https://simple.ripley.com.pe/computadora-pc-gamer-draco-red-core-i7-9th-16gb-500gb-24-curvo-rtx5060-8gb-mi-pc-lista-mipclista-pmp20000945497
20260805_055550,2026-08-05T06:08:58.698328+00:00,ripley_pe,computadoras,20001338312,ALIENWARE,"ALIENWARE AURORA R10 CON RYZEN 9, 32 GB RAM, 1 TB SSD, RTX 3080, WINDOWS 10 HOME, COLOR LUZ LUNAR",10325.0,12390.0,3045.72,2026-08-05,17,PEN,,,Ripley PE,https://simple.ripley.com.pe/alienware-aurora-r10-con-ryzen-9-32-gb-ram-1-tb-ssd-rtx-3080-windows-10-home-color-luz-lunar-pmp20001338312
20260805_055550,2026-08-05T06:08:58.699327+00:00,ripley_pe,computadoras,20000076454,APPLE,"IMAC M3 CHIP WITH 8‑CORE CPU, 8‑CORE GPU, AND 16‑CORE NEURAL ENGINE - BLUE / 8GB Y 256GB",6755.0,8106.0,1992.63,2026-08-05,17,PEN,,,Ripley PE,https://simple.ripley.com.pe/imac-m3-chip-with-8core-cpu-8core-gpu-and-16core-neural-engine-blue-8gb-y-256gb-pmp20000076454
20260805_055550,2026-08-05T06:08:58.699327+00:00,ripley_pe,computadoras,20001210266,RYZEN,CPU GAMER AMD RYZEN 9 9950X 32GB DDR5 1TB RTX5070 12GB RGB MI PC LISTA - MIPCLISTA COMPUTADORA,12499.0,18839.0,3687.02,2026-08-05,34,PEN,,,Ripley PE,https://simple.ripley.com.pe/cpu-gamer-amd-ryzen-9-9950x-32gb-ddr5-1tb-rtx5070-12gb-rgb-mi-pc-lista-mipclista-computadora-pmp20001210266
20260805_055550,2026-08-05T06:08:58.700327+00:00,ripley_pe,computadoras,20001549211,INTEL,COMPUTADORA PC INTEL CORE I7 7700 - 16 GB RAM DDR4 - 512GB SSD - MONITOR 24' CON KIT LOGITECH,1829.0,3079.0,539.53,2026-08-05,41,PEN,,,Ripley PE,https://simple.ripley.com.pe/computadora-pc-intel-core-i7-7700-16-gb-ram-ddr4-512gb-ssd-monitor-24-con-kit-logitech-pmp20001549211
20260805_055550,2026-08-05T06:08:58.700327+00:00,ripley_pe,computadoras,20001400459,AMD,PC GAMER RYZEN 5 8500G 16GB DDR5 512GB SSD MONITOR 23.8' FHD 120HZ KIT COMPLETO,2999.0,4400.0,884.66,2026-08-05,32,PEN,,,Ripley PE,https://simple.ripley.com.pe/pc-gamer-ryzen-5-8500g-16gb-ddr5-512gb-ssd-monitor-238-fhd-120hz-kit-completo-pmp20001400459
20260805_055550,2026-08-05T06:08:58.701327+00:00,ripley_pe,computadoras,20001079948,INTEL,"COMPUTADORA PC INTEL CI7 3,90 GHZ 16GB RAM 256GB SSD+1TB HDD - MONITOR 22' FHD",1499.0,1750.0,442.18,2026-08-05,14,PEN,,,Ripley PE,https://simple.ripley.com.pe/computadora-pc-intel-ci7-390-ghz-16gb-ram-256gb-ssd1tb-hdd-monitor-22-fhd-pmp20001079948
20260805_055550,2026-08-05T06:08:58.701327+00:00,ripley_pe,computadoras,20000852257,INTEL,COMPUTADORA PC GAMER HERO PINK Core Ultra 9 285K 32GB DDR5 1TB 8TBHDD 27' 280HZ CURVO RTX5070TI 16GB  MI PC LISTA - MIPCLISTA,15499.0,22499.0,4571.98,2026-08-05,31,PEN,,,Ripley PE,https://simple.ripley.com.pe/computadora-pc-gamer-hero-pink-core-ultra-9-285k-32gb-ddr5-1tb-8tbhdd-27-280hz-curvo-rtx5070ti-16gb-mi-pc-lista-mipclista-pmp20000852257
20260805_055550,2026-08-05T06:08:58.702327+00:00,ripley_pe,computadoras,20001499540,PCYA,PC GAMER PCYA AMD RYZEN 5 8600G 32GB RAM DDR5 1TB SSD M.2 RADEON 760M 24 FHD FREEDOS,4390.0,5268.0,1294.99,2026-08-05,17,PEN,,,Ripley PE,https://simple.ripley.com.pe/pc-gamer-pcya-amd-ryzen-5-8600g-32gb-ram-ddr5-1tb-ssd-m2-radeon-760m-24-fhd-freedos-pmp20001499540
20260805_055550,2026-08-05T06:08:58.703326+00:00,ripley_pe,computadoras,00003198686,GENÉRICO,COMPUTADORA INTEL CORE I7 RAM 16GB PC 3.4 GHZ MONITOR 24 LG DISCO CASE 350W 1TB,2329.0,2890.0,687.02,2026-08-05,19,PEN,,,Ripley PE,https://simple.ripley.com.pe/computadora-intel-core-i7-ram-16gb-pc-34-ghz-monitor-24-lg-disco-case-350w-1tb-pmp00003198686
20260805_055550,2026-08-05T06:08:58.703326+00:00,ripley_pe,computadoras,20001349767,APPLE,NUEVA MACBOOK AIR M5 13” 16GB RAM + 512GB (TECLADO INGLES),5999.0,6499.0,1769.62,2026-08-05,8,PEN,,,Ripley PE,https://simple.ripley.com.pe/nueva-macbook-air-m5-13-16gb-ram-512gb-teclado-ingles-pmp20001349767
20260805_055550,2026-08-05T06:08:58.704327+00:00,ripley_pe,computadoras,20001119747,INTEL,COMPUTADORA INTEL CORE Ultra 7 265KF 16GB DDR5 1TB 27' IPS RTX5060TI 16GB INGENIERÍA Y DISEÑO MI PC LISTA - MIPCLISTA,9299.0,15339.0,2743.07,2026-08-05,39,PEN,,,Ripley PE,https://simple.ripley.com.pe/computadora-intel-core-ultra-7-265kf-16gb-ddr5-1tb-27-ips-rtx5060ti-16gb-ingenieria-y-diseno-mi-pc-lista-mipclista-pmp20001119747
20260805_055550,2026-08-05T06:08:58.704327+00:00,ripley_pe,computadoras,20001208622,INTEL,CPU GAMER INTEL CORE I7 9TH 16GB 500GB RTX3050 6GB MIPCLISTA PINK COMPUTADORA,3499.0,6099.0,1032.15,2026-08-05,43,PEN,,,Ripley PE,https://simple.ripley.com.pe/cpu-gamer-intel-core-i7-9th-16gb-500gb-rtx3050-6gb-mipclista-pink-computadora-pmp20001208622
20260805_055550,2026-08-05T06:08:58.705327+00:00,ripley_pe,computadoras,20001499303,PCYA,CPU GAMER PCYA AMD RYZEN 7 8700G 16GB RAM DDR5 1TB SSD M.2 RADEON 780M FREEDOS,3599.0,4319.0,1061.65,2026-08-05,17,PEN,,,Ripley PE,https://simple.ripley.com.pe/cpu-gamer-pcya-amd-ryzen-7-8700g-16gb-ram-ddr5-1tb-ssd-m2-radeon-780m-freedos-pmp20001499303
20260805_055550,2026-08-05T06:08:58.706327+00:00,ripley_pe,computadoras,20001355206,APPLE,APPLE MACBOOK AIR 13″ M5 16GB RAM 512GB SSD LIQUID RETINA – TECLADO INGLÉS + REGALO,5999.0,6499.0,1769.62,2026-08-05,8,PEN,,,Ripley PE,https://simple.ripley.com.pe/apple-macbook-air-13-m5-16gb-ram-512gb-ssd-liquid-retina-teclado-ingles-regalo-pmp20001355206
20260805_055550,2026-08-05T06:08:58.706327+00:00,ripley_pe,computadoras,20000207593,GENÉRICO,COMPUTADORA INTEL CORE I5 8GB 3.2GHZ MONITOR 21.5 SSD 480GB,1459.9,2000.0,430.65,2026-08-05,27,PEN,,,Ripley PE,https://simple.ripley.com.pe/computadora-intel-core-i5-8gb-32ghz-monitor-215-ssd-480gb-pmp20000207593
20260805_055550,2026-08-05T06:08:58.707327+00:00,ripley_pe,computadoras,20000852729,INTEL,COMPUTADORA INTEL CORE I9 12900KF 32GB DDR4 1TB 27' IPS RTX5070TI 16GB INGENIERÍA Y DISEÑO MI PC LISTA - MIPCLISTA,11499.0,17499.0,3392.04,2026-08-05,34,PEN,,,Ripley PE,https://simple.ripley.com.pe/computadora-intel-core-i9-12900kf-32gb-ddr4-1tb-27-ips-rtx5070ti-16gb-ingenieria-y-diseno-mi-pc-lista-mipclista-pmp20000852729
20260805_055550,2026-08-05T06:08:58.707327+00:00,ripley_pe,computadoras,20000852722,INTEL,COMPUTADORA INTEL CORE I5 12400 8GB 500GB 22' ESCRITORIO - OFICINA IPS MI PC LISTA - MIPCLISTA,2699.0,4669.0,796.17,2026-08-05,42,PEN,,,Ripley PE,https://simple.ripley.com.pe/computadora-intel-core-i5-12400-8gb-500gb-22-escritorio-oficina-ips-mi-pc-lista-mipclista-pmp20000852722
20260805_055550,2026-08-05T06:08:58.707327+00:00,ripley_pe,computadoras,20001133942,ASUS,"ORDENADOR TODO EN UNO ASUS 23.8' FHD IPS, INTEL CORE I5, 8GB RAM, 512GB SSD RÁPIDO Y EFICIENTE",3619.0,5429.0,1067.55,2026-08-05,33,PEN,,,Ripley PE,https://simple.ripley.com.pe/ordenador-todo-en-uno-asus-238-fhd-ips-intel-core-i5-8gb-ram-512gb-ssd-rapido-y-eficiente-pmp20001133942
20260805_055550,2026-08-05T06:08:58.708327+00:00,ripley_pe,computadoras,20001133907,LENOVO,"LENOVO IDEACENTRE 27' FHD IPS, CORE I5-13420H HASTA 4.6GHZ, 16GB DDR5, TODO EN UNO, ELEGANTE Y POTENTE",3929.0,5899.0,1159.0,2026-08-05,33,PEN,,,Ripley PE,https://simple.ripley.com.pe/lenovo-ideacentre-27-fhd-ips-core-i5-13420h-hasta-46ghz-16gb-ddr5-todo-en-uno-elegante-y-potente-pmp20001133907
20260805_055550,2026-08-05T06:08:58.708327+00:00,ripley_pe,computadoras,20000738799,APPLE,IMAC APPLE M4 CHIP WITH 10 CORE CPU AND 10 CORE GPU YELLOW / 16GB Y 256GB,7415.0,8898.0,2187.32,2026-08-05,17,PEN,,,Ripley PE,https://simple.ripley.com.pe/imac-apple-m4-chip-with-10-core-cpu-and-10-core-gpu-yellow-16gb-y-256gb-pmp20000738799
20260805_055550,2026-08-05T06:08:58.709326+00:00,ripley_pe,computadoras,00001555487,GENÉRICO,"COMPUTADORA 24' INTEL CORE I7 PC 3.4 GHZ, RAM DISCO SOLIDO 960GB, MONITOR LG FULL HD INTEL 16GB",2179.0,2890.0,642.77,2026-08-05,25,PEN,,,Ripley PE,https://simple.ripley.com.pe/computadora-24-intel-core-i7-pc-34-ghz-ram-disco-solido-960gb-monitor-lg-full-hd-intel-16gb-pmp00001555487
20260805_055550,2026-08-05T06:08:58.709326+00:00,ripley_pe,computadoras,20001210265,RYZEN,CPU GAMER  RYZEN 5 9600X 16GB DDR5 500GB RTX5060 8GB GREEN MI PC LISTA - MIPCLISTA COMPUTADORA,5499.0,8169.0,1622.12,2026-08-05,33,PEN,,,Ripley PE,https://simple.ripley.com.pe/cpu-gamer-ryzen-5-9600x-16gb-ddr5-500gb-rtx5060-8gb-green-mi-pc-lista-mipclista-computadora-pmp20001210265
20260805_055550,2026-08-05T06:08:58.710327+00:00,ripley_pe,computadoras,20000738792,APPLE,IMAC APPLE M4 CHIP WITH 10 CORE CPU AND 10 CORE GPU ORANGE / 16GB Y 256GB,7415.0,8898.0,2187.32,2026-08-05,17,PEN,,,Ripley PE,https://simple.ripley.com.pe/imac-apple-m4-chip-with-10-core-cpu-and-10-core-gpu-orange-16gb-y-256gb-pmp20000738792
20260805_055550,2026-08-05T06:08:58.710327+00:00,ripley_pe,computadoras,20001543592,INTEL,"Computadora PC Intel Core i5 10ª Gen 4,30 GHz 8GB RAM 250GB SSD 1TB HDD",1830.0,2300.0,539.82,2026-08-05,20,PEN,,,Ripley PE,https://simple.ripley.com.pe/computadora-pc-intel-core-i5-10-gen-430-ghz-8gb-ram-250gb-ssd-1tb-hdd-pmp20001543592
20260805_055550,2026-08-05T06:09:04.389868+00:00,ripley_pe,computadoras,20000222208,APPLE,"IMAC 24 INCH 4.5K RETINA DISPLAY, M3, AMARILLO, 10-CORE GPU, 512GB STORAGE",10585.19,17144.82,3122.47,2026-08-05,38,PEN,,,Ripley PE,https://simple.ripley.com.pe/imac-24-inch-45k-retina-display-m3-amarillo-10-core-gpu-512gb-storage-pmp20000222208
20260805_055550,2026-08-05T06:09:04.390868+00:00,ripley_pe,computadoras,20000049400,INTEL,COMPUTADORA INTEL INTEL CORE I7 RAM 16GB PC CORE I7-8TH DISCO +SSD 480GB MONITOR 24 LG 1TB,2369.0,2820.0,698.82,2026-08-05,16,PEN,,,Ripley PE,https://simple.ripley.com.pe/computadora-intel-intel-core-i7-ram-16gb-pc-core-i7-8th-disco-ssd-480gb-monitor-24-lg-1tb-pmp20000049400
20260805_055550,2026-08-05T06:09:04.390868+00:00,ripley_pe,computadoras,20000852290,RYZEN,COMPUTADORA GAMER FALKOR RGB RYZEN 9 7900X 32GB DDR5 1TB 27' ips RTX5070ti 16GB MI PC LISTA - MIPCLISTA,12999.0,19339.0,3834.51,2026-08-05,33,PEN,,,Ripley PE,https://simple.ripley.com.pe/computadora-gamer-falkor-rgb-ryzen-9-7900x-32gb-ddr5-1tb-27-ips-rtx5070ti-16gb-mi-pc-lista-mipclista-pmp20000852290
20260805_055550,2026-08-05T06:09:04.392868+00:00,ripley_pe,computadoras,20001210270,RYZEN,CPU GAMER AMD RYZEN 5 5600GT 16GB 256GB MIPCLISTA RYZEN COMPUTADORA,2149.0,3099.0,633.92,2026-08-05,31,PEN,,,Ripley PE,https://simple.ripley.com.pe/cpu-gamer-amd-ryzen-5-5600gt-16gb-256gb-mipclista-ryzen-computadora-pmp20001210270
20260805_055550,2026-08-05T06:09:04.392868+00:00,ripley_pe,computadoras,00003284493,APPLE,RAM M2 MAC PRO CHIP ULTRA 64GB 1TB SSD RACK,36385.0,43662.0,10733.04,2026-08-05,17,PEN,,,Ripley PE,https://simple.ripley.com.pe/ram-m2-mac-pro-chip-ultra-64gb-1tb-ssd-rack-pmp00003284493
20260805_055550,2026-08-05T06:09:04.393868+00:00,ripley_pe,computadoras,00002894968,GENÉRICO,"COMPUTADORA RAM 16GB PC INTEL CORE I7 3.4 GHZ, DISCO +SSD 480GB, MONITOR 24 LG 1TB",2129.0,3120.0,628.02,2026-08-05,32,PEN,,,Ripley PE,https://simple.ripley.com.pe/computadora-ram-16gb-pc-intel-core-i7-34-ghz-disco-ssd-480gb-monitor-24-lg-1tb-pmp00002894968
20260805_055550,2026-08-05T06:09:04.394867+00:00,ripley_pe,computadoras,20000121038,HALION,CASE HALION GAMER DRAGON CR15 BLANCO 500W 4X12 RAINBOW VIDRIO,249.0,379.0,73.45,2026-08-05,34,PEN,,,Ripley PE,https://simple.ripley.com.pe/case-halion-gamer-dragon-cr15-blanco-500w-4x12-rainbow-vidrio-pmp20000121038
20260805_055550,2026-08-05T06:09:04.394867+00:00,ripley_pe,computadoras,20000386497,INTEL,CPU INTEL INTEL CORE I7 RAM 16GB CORE I7-10700 DISCO SSD M2 500GB+ MONITOR 24 IPS,3200.0,,943.95,2026-08-05,,PEN,,,Ripley PE,https://simple.ripley.com.pe/cpu-intel-intel-core-i7-ram-16gb-core-i7-10700-disco-ssd-m2-500gb-monitor-24-ips-pmp20000386497
20260805_055550,2026-08-05T06:09:04.395875+00:00,ripley_pe,computadoras,20001208624,INTEL,CPU GAMER INTEL CORE i7 12700F 16GB 500GB RTX5060 8GB MIPCLISTA GREEN COMPUTADORA,5899.0,9339.0,1740.12,2026-08-05,37,PEN,,,Ripley PE,https://simple.ripley.com.pe/cpu-gamer-intel-core-i7-12700f-16gb-500gb-rtx5060-8gb-mipclista-green-computadora-pmp20001208624
20260805_055550,2026-08-05T06:09:04.395875+00:00,ripley_pe,computadoras,20000332340,HALION,CASE HALION GAMER DRAGON CR15 BLACK 500W 4X12 RAINBOW VIDRIO,249.0,379.0,73.45,2026-08-05,34,PEN,,,Ripley PE,https://simple.ripley.com.pe/case-halion-gamer-dragon-cr15-black-500w-4x12-rainbow-vidrio-pmp20000332340
20260805_055550,2026-08-05T06:09:04.396869+00:00,ripley_pe,computadoras,20000489160,APPLE,"MACBOOK AIR MBA13-SLV M2 256GB SSD 8GB RAM 13"" SILVER",3999.0,5799.0,1179.65,2026-08-05,31,PEN,,,Ripley PE,https://simple.ripley.com.pe/macbook-air-mba13-slv-m2-256gb-ssd-8gb-ram-13-silver-pmp20000489160
20260805_055550,2026-08-05T06:09:04.398881+00:00,ripley_pe,computadoras,20001208619,INTEL,CPU GAMER INTEL CORE ULTRA 7 265KF 32GB DDR5 500GB SSD 8TBHDD RTX5060ti 16GB MIPCLISTA PINK COMPUTADORA,10049.0,15589.0,2964.31,2026-08-05,36,PEN,,,Ripley PE,https://simple.ripley.com.pe/cpu-gamer-intel-core-ultra-7-265kf-32gb-ddr5-500gb-ssd-8tbhdd-rtx5060ti-16gb-mipclista-pink-computadora-pmp20001208619
20260805_055550,2026-08-05T06:09:04.398881+00:00,ripley_pe,computadoras,20000325463,GENÉRICO,MOUSE AOAS 4 EN 1 + TECLADO + PAD + AUDIFONO,225.0,,66.37,2026-08-05,,PEN,,,Ripley PE,https://simple.ripley.com.pe/mouse-aoas-4-en-1-teclado-pad-audifono-pmp20000325463
20260805_055550,2026-08-05T06:09:04.399881+00:00,ripley_pe,computadoras,20001133953,DELL,"DELL PRO MFF QCM1250: PC MINI TOWER, CORE I7 14700T, 16GB RAM, 512GB SSD, WINDOWS 11 PRO",5869.0,8809.0,1731.27,2026-08-05,33,PEN,,,Ripley PE,https://simple.ripley.com.pe/dell-pro-mff-qcm1250-pc-mini-tower-core-i7-14700t-16gb-ram-512gb-ssd-windows-11-pro-pmp20001133953
20260805_055550,2026-08-05T06:09:04.400881+00:00,ripley_pe,computadoras,20001193781,HP,"COMPUTADORA DE ESCRITORIO HP PRO SFF 400 G9, INTEL I5-14500, 16GB RAM, 512GB SSD, WINDOWS 11 PRO",4889.0,7339.0,1442.18,2026-08-05,33,PEN,,,Ripley PE,https://simple.ripley.com.pe/computadora-de-escritorio-hp-pro-sff-400-g9-intel-i5-14500-16gb-ram-512gb-ssd-windows-11-pro-pmp20001193781
20260805_055550,2026-08-05T06:09:04.401881+00:00,ripley_pe,computadoras,20001351146,APPLE,MACBOOK PRO 14.2' (2026) CHIP M5 PRO 24GB RAM 2TB SSD 15CORE CPU 16CORE GPU | PLATA - TECLADO INGLÉS,12699.0,14609.0,3746.02,2026-08-05,13,PEN,,,Ripley PE,https://simple.ripley.com.pe/macbook-pro-142-2026-chip-m5-pro-24gb-ram-2tb-ssd-15core-cpu-16core-gpu-plata-teclado-ingles-pmp20001351146
20260805_055550,2026-08-05T06:09:04.402881+00:00,ripley_pe,computadoras,20000853515,INTEL,COMPUTADORA PC GAMER VIEW 51 GREEN PLUS INTEL CORE I9 12900KF 32GB DDR5 500GB 24' CURVO RTX5060TI 16GB MI PC LISTA - MIPCLISTA,9499.0,12169.0,2802.06,2026-08-05,22,PEN,,,Ripley PE,https://simple.ripley.com.pe/computadora-pc-gamer-view-51-green-plus-intel-core-i9-12900kf-32gb-ddr5-500gb-24-curvo-rtx5060ti-16gb-mi-pc-lista-mipclista-pmp20000853515
20260805_055550,2026-08-05T06:09:04.402881+00:00,ripley_pe,computadoras,20001535372,APPLE,MACBOOK AIR 13'M5 16GB RAM 512GB SSD TECLADO INGLES - SKY BLUE,5299.0,6999.0,1563.13,2026-08-05,24,PEN,,,Ripley PE,https://simple.ripley.com.pe/macbook-air-13m5-16gb-ram-512gb-ssd-teclado-ingles-sky-blue-pmp20001535372
20260805_055550,2026-08-05T06:09:04.403887+00:00,ripley_pe,computadoras,20001537341,DELL,"COMPUTADORA PC DELL OPTIPLEX INTEL CORE I7 3,90 GHZ 32GB RAM 500GB SSD + MONITOR 24” FHD | REFURBISHED",2100.0,2800.0,619.47,2026-08-05,25,PEN,,,Ripley PE,https://simple.ripley.com.pe/computadora-pc-dell-optiplex-intel-core-i7-390-ghz-32gb-ram-500gb-ssd-monitor-24-fhd-refurbished-pmp20001537341
20260805_055550,2026-08-05T06:09:04.404887+00:00,ripley_pe,computadoras,20000222220,APPLE,"IMAC 24 INCH 4.5K RETINA DISPLAY, M3, ROSADO, 10-CORE GPU, 256GB STORAGE",9346.65,15209.3,2757.12,2026-08-05,39,PEN,,,Ripley PE,https://simple.ripley.com.pe/imac-24-inch-45k-retina-display-m3-rosado-10-core-gpu-256gb-storage-pmp20000222220
20260805_055550,2026-08-05T06:09:04.404887+00:00,ripley_pe,computadoras,20001543590,INTEL,"Computadora PC Intel Core i5 10ª Gen 4,30 GHz 8GB RAM 250GB SSD 1TB HDD + Monitor 24"" FHD",2130.0,2600.0,628.32,2026-08-05,18,PEN,,,Ripley PE,https://simple.ripley.com.pe/computadora-pc-intel-core-i5-10-gen-430-ghz-8gb-ram-250gb-ssd-1tb-hdd-monitor-24-fhd-pmp20001543590
20260805_055550,2026-08-05T06:09:04.405888+00:00,ripley_pe,computadoras,20000222213,APPLE,"IMAC 24 INCH 4.5K RETINA DISPLAY, M3, AMARILLO, 10-CORE GPU, 256GB STORAGE",9346.65,15209.3,2757.12,2026-08-05,39,PEN,,,Ripley PE,https://simple.ripley.com.pe/imac-24-inch-45k-retina-display-m3-amarillo-10-core-gpu-256gb-storage-pmp20000222213
20260805_055550,2026-08-05T06:09:04.405888+00:00,ripley_pe,computadoras,20000852288,RYZEN,COMPUTADORA GAMER FALKOR TANK RGB YELLOW RYZEN 9 9950X 32GB DDR5 1TB  27' CURVO RTX5070ti 16GB MI PC LISTA - MIPCLISTA,14499.0,22669.0,4276.99,2026-08-05,36,PEN,,,Ripley PE,https://simple.ripley.com.pe/computadora-gamer-falkor-tank-rgb-yellow-ryzen-9-9950x-32gb-ddr5-1tb-27-curvo-rtx5070ti-16gb-mi-pc-lista-mipclista-pmp20000852288
20260805_055550,2026-08-05T06:09:04.407882+00:00,ripley_pe,computadoras,20001531699,INTEL,"COMPUTADORA PC GAMER INTEL CORE I7 4,60 GHZ 16GB RAM 500GB SSD + MONITOR 24' FHD",2290.0,2800.0,675.52,2026-08-05,18,PEN,,,Ripley PE,https://simple.ripley.com.pe/computadora-pc-gamer-intel-core-i7-460-ghz-16gb-ram-500gb-ssd-monitor-24-fhd-pmp20001531699
20260805_055550,2026-08-05T06:09:04.408881+00:00,ripley_pe,computadoras,20001549236,INTEL,COMPUTADORA PC INTEL CORE I7 8700 - 16 GB RAM DDR4 - 512GB SSD - MONITOR 24' CON KIT LOGITECH,1909.0,3200.0,563.13,2026-08-05,40,PEN,,,Ripley PE,https://simple.ripley.com.pe/computadora-pc-intel-core-i7-8700-16-gb-ram-ddr4-512gb-ssd-monitor-24-con-kit-logitech-pmp20001549236
20260805_055550,2026-08-05T06:09:04.409881+00:00,ripley_pe,computadoras,20000852244,RYZEN,"COMPUTADORA GAMER FALKOR TANK RGB RYZEN 9 9950X3D 32GB DDR5 1TB, 27' CURVO RTX5070TI 16GB MI PC LISTA - MIPCLISTA",15499.0,24339.0,4571.98,2026-08-05,36,PEN,,,Ripley PE,https://simple.ripley.com.pe/computadora-gamer-falkor-tank-rgb-ryzen-9-9950x3d-32gb-ddr5-1tb-27-curvo-rtx5070ti-16gb-mi-pc-lista-mipclista-pmp20000852244
20260805_055550,2026-08-05T06:09:04.409881+00:00,ripley_pe,computadoras,20001499302,PCYA,CPU GAMER PCYA AMD RYZEN 7 5700G 32GB RAM DDR4 1TB SSD M.2 2GB RX RADEON VEGA 8 FREEDOS,3099.0,3719.0,914.16,2026-08-05,17,PEN,,,Ripley PE,https://simple.ripley.com.pe/cpu-gamer-pcya-amd-ryzen-7-5700g-32gb-ram-ddr4-1tb-ssd-m2-2gb-rx-radeon-vega-8-freedos-pmp20001499302
20260805_055550,2026-08-05T06:09:04.410881+00:00,ripley_pe,computadoras,20001135901,INTEL,"Computadora PC Intel Core i7 3,80 GHz 8GB RAM 256GB SSD + 1TB HDD",1099.0,1350.0,324.19,2026-08-05,19,PEN,,,Ripley PE,https://simple.ripley.com.pe/computadora-pc-intel-core-i7-380-ghz-8gb-ram-256gb-ssd-1tb-hdd-pmp20001135901
20260805_055550,2026-08-05T06:09:04.410881+00:00,ripley_pe,computadoras,20001210257,RYZEN,CPU GAMER RYZEN 7  7800X3D 32GBDDR5 1TB RTX5060TI  16GB RGB MI PC LISTA - MIPCLISTA COMPUTADORA,9799.0,14669.0,2890.56,2026-08-05,33,PEN,,,Ripley PE,https://simple.ripley.com.pe/cpu-gamer-ryzen-7-7800x3d-32gbddr5-1tb-rtx5060ti-16gb-rgb-mi-pc-lista-mipclista-computadora-pmp20001210257
20260805_055550,2026-08-05T06:09:04.411882+00:00,ripley_pe,computadoras,20001476059,INTEL,PC COMPLETA INTEL CORE I7 9NA 16GB RAM 512GB SSD+ 128GB USB + MONITOR 238,2399.0,2699.0,707.67,2026-08-05,11,PEN,,,Ripley PE,https://simple.ripley.com.pe/pc-completa-intel-core-i7-9na-16gb-ram-512gb-ssd-128gb-usb-monitor-238-pmp20001476059
20260805_055550,2026-08-05T06:09:04.412398+00:00,ripley_pe,computadoras,20001544186,INTEL,"COMPUTADORA PC INTEL CORE I5 3470, 8 GB RAM DDR3, 240GB SSD - MONITOR 24' CON KIT LOGITECH",1009.0,2099.0,297.64,2026-08-05,52,PEN,,,Ripley PE,https://simple.ripley.com.pe/computadora-pc-intel-core-i5-3470-8-gb-ram-ddr3-240gb-ssd-monitor-24-con-kit-logitech-pmp20001544186
20260805_055550,2026-08-05T06:09:04.412398+00:00,ripley_pe,computadoras,00003198613,INTEL,COMPUTADORA INTEL INTEL CORE I7 RAM 16GB PC CORE I7-8TH MONITOR 24 LG DISCO DURO CASE 350W 1TB,2369.0,2970.0,698.82,2026-08-05,20,PEN,,,Ripley PE,https://simple.ripley.com.pe/computadora-intel-intel-core-i7-ram-16gb-pc-core-i7-8th-monitor-24-lg-disco-duro-case-350w-1tb-pmp00003198613
20260805_055550,2026-08-05T06:09:04.413413+00:00,ripley_pe,computadoras,20001549176,INTEL,COMPUTADORA PC INTEL CORE I7 6700 - 16 GB RAM DDR4 - 512GB SSD - MONITOR 24' CON KIT LOGITECH,1759.0,2930.0,518.88,2026-08-05,40,PEN,,,Ripley PE,https://simple.ripley.com.pe/computadora-pc-intel-core-i7-6700-16-gb-ram-ddr4-512gb-ssd-monitor-24-con-kit-logitech-pmp20001549176
20260805_055550,2026-08-05T06:09:04.413413+00:00,ripley_pe,computadoras,00003282431,APPLE,RAM MAC STUDIO CHIP M2 MAX 64GB 1TB SSD,13440.0,16128.0,3964.6,2026-08-05,17,PEN,,,Ripley PE,https://simple.ripley.com.pe/ram-mac-studio-chip-m2-max-64gb-1tb-ssd-pmp00003282431
20260805_055550,2026-08-05T06:09:04.414412+00:00,ripley_pe,computadoras,20000222231,APPLE,"IMAC 24 INCH 4.5K RETINA DISPLAY, M3, VERDE, 10-CORE GPU, 512GB STORAGE",10585.19,17144.82,3122.47,2026-08-05,38,PEN,,,Ripley PE,https://simple.ripley.com.pe/imac-24-inch-45k-retina-display-m3-verde-10-core-gpu-512gb-storage-pmp20000222231
20260805_055550,2026-08-05T06:09:04.415413+00:00,ripley_pe,computadoras,20001338317,MSI,"MSI AEGIS R2 AI: TORRE GAMER CON INTEL 24 NÚCLEOS, 32GB RAM, 2TB SSD, RTX 5070 TI, PSU 80+ GOLD",12715.0,15258.0,3750.74,2026-08-05,17,PEN,,,Ripley PE,https://simple.ripley.com.pe/msi-aegis-r2-ai-torre-gamer-con-intel-24-nucleos-32gb-ram-2tb-ssd-rtx-5070-ti-psu-80-gold-pmp20001338317
20260805_055550,2026-08-05T06:09:09.272991+00:00,ripley_pe,computadoras,20000222201,APPLE,"IMAC 24 INCH 4.5K RETINA DISPLAY, M3, NARANJA, 10-CORE GPU, 512GB STORAGE",10585.19,17144.82,3122.47,2026-08-05,38,PEN,,,Ripley PE,https://simple.ripley.com.pe/imac-24-inch-45k-retina-display-m3-naranja-10-core-gpu-512gb-storage-pmp20000222201
20260805_055550,2026-08-05T06:09:09.273501+00:00,ripley_pe,computadoras,20001549452,INTEL,COMPUTADORA PC INTEL CORE I7 14700 - 16 GB RAM DDR4 - 512GB SSD - MONITOR 24' CON KIT LOGITECH,3209.0,5449.0,946.61,2026-08-05,41,PEN,,,Ripley PE,https://simple.ripley.com.pe/computadora-pc-intel-core-i7-14700-16-gb-ram-ddr4-512gb-ssd-monitor-24-con-kit-logitech-pmp20001549452
20260805_055550,2026-08-05T06:09:09.274515+00:00,ripley_pe,computadoras,20000852293,RYZEN,COMPUTADORA GAMER STORM GREEN PLUS RYZEN 7 7700X 32GBDDR5 500GB 24' CURVO RTX5060TI 16GB MI PC LISTA - MIPCLISTA,7899.0,12499.0,2330.09,2026-08-05,37,PEN,,,Ripley PE,https://simple.ripley.com.pe/computadora-gamer-storm-green-plus-ryzen-7-7700x-32gbddr5-500gb-24-curvo-rtx5060ti-16gb-mi-pc-lista-mipclista-pmp20000852293
20260805_055550,2026-08-05T06:09:09.276515+00:00,ripley_pe,computadoras,20001543469,INTEL,"Computadora PC Gamer Intel Core i7 9ª Gen 4,70 GHz 16GB RAM 500GB SSD + Monitor 24"" FHD",2380.0,3000.0,702.06,2026-08-05,21,PEN,,,Ripley PE,https://simple.ripley.com.pe/computadora-pc-gamer-intel-core-i7-9-gen-470-ghz-16gb-ram-500gb-ssd-monitor-24-fhd-pmp20001543469
20260805_055550,2026-08-05T06:09:09.276515+00:00,ripley_pe,computadoras,20000222244,APPLE,"MACBOOK AIR CHIP M2 256GB SSD 13"" STARLIGHT, 8-CORE GPU",7227.9,11267.43,2132.12,2026-08-05,36,PEN,,,Ripley PE,https://simple.ripley.com.pe/macbook-air-chip-m2-256gb-ssd-13-starlight-8-core-gpu-pmp20000222244
20260805_055550,2026-08-05T06:09:09.277514+00:00,ripley_pe,computadoras,20001527687,APPLE,MACBOOK NEO 13' (2026) CHIP A18 PRO 8GB RAM 256GB SSD | SILVER - TECLADO INGLÉS,2959.0,4099.0,872.86,2026-08-05,28,PEN,,,Ripley PE,https://simple.ripley.com.pe/macbook-neo-13-2026-chip-a18-pro-8gb-ram-256gb-ssd-silver-teclado-ingles-pmp20001527687
20260805_055550,2026-08-05T06:09:09.277514+00:00,ripley_pe,computadoras,20001535041,INTEL,"COMPUTADORA PC DELL OPTIPLEX INTEL CORE I7 3,90 GHZ 8GB RAM 128GB SSD 500GB HDD WIFI - REFURBISHED",899.0,1300.0,265.19,2026-08-05,31,PEN,,,Ripley PE,https://simple.ripley.com.pe/computadora-pc-dell-optiplex-intel-core-i7-390-ghz-8gb-ram-128gb-ssd-500gb-hdd-wifi-refurbished-pmp20001535041
20260805_055550,2026-08-05T06:09:09.278515+00:00,ripley_pe,computadoras,20001513151,HP,ALL IN ONE HP OMNISTUDIO X INTEL CORE ULTRA 5 1TB SSD 16GB GRIS,5160.0,5573.0,1522.12,2026-08-05,7,PEN,,,Ripley PE,https://simple.ripley.com.pe/all-in-one-hp-omnistudio-x-intel-core-ultra-5-1tb-ssd-16gb-gris-pmp20001513151
20260805_055550,2026-08-05T06:09:09.278515+00:00,ripley_pe,computadoras,20001546434,INTEL,"COMPUTADORA PC INTEL CORE I5 12400, 16 GB RAM DDR4, 512GB SSD - MONITOR 24' CON KIT LOGITECH",2462.0,3400.0,726.25,2026-08-05,28,PEN,,,Ripley PE,https://simple.ripley.com.pe/computadora-pc-intel-core-i5-12400-16-gb-ram-ddr4-512gb-ssd-monitor-24-con-kit-logitech-pmp20001546434
20260805_055550,2026-08-05T06:09:09.279514+00:00,ripley_pe,computadoras,20001499542,PCYA,CPU GAMER PCYA INTEL CORE ULTRA 9 285KF 32GB RAM DDR5 2TB SSD M.2 RTX 5070 FREEDOS,12490.0,14988.0,3684.37,2026-08-05,17,PEN,,,Ripley PE,https://simple.ripley.com.pe/cpu-gamer-pcya-intel-core-ultra-9-285kf-32gb-ram-ddr5-2tb-ssd-m2-rtx-5070-freedos-pmp20001499542
20260805_055550,2026-08-05T06:09:09.280514+00:00,ripley_pe,computadoras,20001500043,AMD,PC COMPUTADORA INTEL CORE I5 10500T 10GEN -RAM 16GB- SSD 512GB- MONITOR 24”,3200.0,,943.95,2026-08-05,,PEN,,,Ripley PE,https://simple.ripley.com.pe/pc-computadora-intel-core-i5-10500t-10gen-ram-16gb-ssd-512gb-monitor-24-pmp20001500043
20260805_055550,2026-08-05T06:09:09.280514+00:00,ripley_pe,computadoras,00003282435,APPLE,RAM MAC STUDIO CHIP M2 ULTRA 64GB 2TB SSD,21950.0,26340.0,6474.93,2026-08-05,17,PEN,,,Ripley PE,https://simple.ripley.com.pe/ram-mac-studio-chip-m2-ultra-64gb-2tb-ssd-pmp00003282435
20260805_055550,2026-08-05T06:09:09.286515+00:00,ripley_pe,computadoras,20001499537,PCYA,PC GAMER PCYA INTEL ULTRA 7 265KF 16GB RAM DDR5 1TB SSD M.2 8GB RTX 5060 27 FHD FREEDOS,8690.0,10428.0,2563.42,2026-08-05,17,PEN,,,Ripley PE,https://simple.ripley.com.pe/pc-gamer-pcya-intel-ultra-7-265kf-16gb-ram-ddr5-1tb-ssd-m2-8gb-rtx-5060-27-fhd-freedos-pmp20001499537
20260805_055550,2026-08-05T06:09:09.287515+00:00,ripley_pe,computadoras,20001434219,APPLE,APPLE MACBOOK AIR 13' M5 16GB RAM 512GB SSD MIDNIGHT TECLADO EN INGLÉS,5299.0,7599.0,1563.13,2026-08-05,30,PEN,,,Ripley PE,https://simple.ripley.com.pe/apple-macbook-air-13-m5-16gb-ram-512gb-ssd-midnight-teclado-en-ingles-pmp20001434219
20260805_055550,2026-08-05T06:09:09.287515+00:00,ripley_pe,computadoras,20001208621,INTEL,CPU GAMER INTEL CORE i9-12900KF 32GB DDR4 1TB 8TBHDD RTX5070TI 16GB MIPCLISTA HERO COMPUTADORA,12899.0,16839.0,3805.01,2026-08-05,23,PEN,,,Ripley PE,https://simple.ripley.com.pe/cpu-gamer-intel-core-i9-12900kf-32gb-ddr4-1tb-8tbhdd-rtx5070ti-16gb-mipclista-hero-computadora-pmp20001208621
20260805_055550,2026-08-05T06:09:09.288516+00:00,ripley_pe,computadoras,20001121343,INTEL,"COMPUTADORA PC INTEL CORE I7 3,80 GHZ 16GB RAM 500GB NVIDIA 4GB + MONITOR 22' FHD",1800.0,2150.0,530.97,2026-08-05,16,PEN,,,Ripley PE,https://simple.ripley.com.pe/computadora-pc-intel-core-i7-380-ghz-16gb-ram-500gb-nvidia-4gb-monitor-22-fhd-pmp20001121343
20260805_055550,2026-08-05T06:09:09.288516+00:00,ripley_pe,computadoras,20000852248,INTEL,COMPUTADORA PC GAMER K-PLUS ORANGE CORE I7 14700F 32GB 500GB 24' CURVO RTX5060TI 16GB MI PC LISTA - MIPCLISTA,7599.0,11499.0,2241.59,2026-08-05,34,PEN,,,Ripley PE,https://simple.ripley.com.pe/computadora-pc-gamer-k-plus-orange-core-i7-14700f-32gb-500gb-24-curvo-rtx5060ti-16gb-mi-pc-lista-mipclista-pmp20000852248
20260805_055550,2026-08-05T06:09:09.289514+00:00,ripley_pe,computadoras,20001288790,APPLE,MACBOOK PRO 14″ M5 16GB RAM + 512GB SSD (TECLADO INGLES) - SILVER + REGALO,9099.0,9999.0,2684.07,2026-08-05,9,PEN,,,Ripley PE,https://simple.ripley.com.pe/macbook-pro-14-m5-16gb-ram-512gb-ssd-teclado-ingles-silver-regalo-pmp20001288790
20260805_055550,2026-08-05T06:09:09.290515+00:00,ripley_pe,computadoras,20001148765,LENOVO,ALL IN ONE LENOVO IDEACENTRE AIO 330 20IGM 19.5' INTEL CELERON J4025 1TB HDD 8GB RAM,1349.0,,397.94,2026-08-05,,PEN,,,Ripley PE,https://simple.ripley.com.pe/all-in-one-lenovo-ideacentre-aio-330-20igm-195-intel-celeron-j4025-1tb-hdd-8gb-ram-pmp20001148765
20260805_055550,2026-08-05T06:09:09.290515+00:00,ripley_pe,computadoras,20001499538,PCYA,CPU PCYA INTEL CORE I5 12400 16GB RAM DDR4 1TB SSD M.2 WIFI UHD INTEL 730 FREEDOS,2569.0,3083.0,757.82,2026-08-05,17,PEN,,,Ripley PE,https://simple.ripley.com.pe/cpu-pcya-intel-core-i5-12400-16gb-ram-ddr4-1tb-ssd-m2-wifi-uhd-intel-730-freedos-pmp20001499538
20260805_055550,2026-08-05T06:09:09.291515+00:00,ripley_pe,computadoras,20001424991,AMD,COMPUTADORA COMPLETA RYZEN 7 5700G RAM 16GB DISCO SSD 500GB MONITOR 24 FULL HD,2699.0,3200.0,796.17,2026-08-05,16,PEN,,,Ripley PE,https://simple.ripley.com.pe/computadora-completa-ryzen-7-5700g-ram-16gb-disco-ssd-500gb-monitor-24-full-hd-pmp20001424991
20260805_055550,2026-08-05T06:09:09.291515+00:00,ripley_pe,computadoras,00001554127,SIGMA,COMPUTADORA 24'' SIGMA PC INTEL CORE I7 3.2 GHZ MONITOR LG RAM DISCO DURO 1TB 16GB,2939.0,3289.0,866.96,2026-08-05,11,PEN,,,Ripley PE,https://simple.ripley.com.pe/computadora-24-sigma-pc-intel-core-i7-32-ghz-monitor-lg-ram-disco-duro-1tb-16gb-pmp00001554127
20260805_055550,2026-08-05T06:09:09.292515+00:00,ripley_pe,computadoras,00001555493,INTEL,COMPUTADOR 24'' SIGMA INTEL CORE I7 PC GAMER MONITOR RAM DISCO 1TB+SSD 480GB VIDEO RX 580 8GB CASE GAMER 16GB,3799.0,4980.0,1120.65,2026-08-05,24,PEN,,,Ripley PE,https://simple.ripley.com.pe/computador-24-sigma-intel-core-i7-pc-gamer-monitor-ram-disco-1tbssd-480gb-video-rx-580-8gb-case-gamer-16gb-pmp00001555493
20260805_055550,2026-08-05T06:09:09.292515+00:00,ripley_pe,computadoras,00002927432,INTEL,COMPUTADORA SIGMA INTEL CORE I7 RAM 16GB PC GAMER 3.2 GHZ DISCO + SSD 480GB VIDEO CASE RGB 1TB RX 580 8GB,2998.0,3470.0,884.37,2026-08-05,14,PEN,,,Ripley PE,https://simple.ripley.com.pe/computadora-sigma-intel-core-i7-ram-16gb-pc-gamer-32-ghz-disco-ssd-480gb-video-case-rgb-1tb-rx-580-8gb-pmp00002927432
20260805_055550,2026-08-05T06:09:09.293514+00:00,ripley_pe,computadoras,00002095241,INTEL,COMPUTADORA PC GAMER INTEL CORE I7-10TH RAM 16GB DISCO 1TB+SSD 480GB  VIDEO RX 550 4GB CASE GAMER RGB,3319.0,3980.0,979.06,2026-08-05,17,PEN,,,Ripley PE,https://simple.ripley.com.pe/computadora-pc-gamer-intel-core-i7-10th-ram-16gb-disco-1tbssd-480gb-video-rx-550-4gb-case-gamer-rgb-pmp00002095241
20260805_055550,2026-08-05T06:09:09.293514+00:00,ripley_pe,computadoras,20001545646,INTEL,"COMPUTADORA PC INTEL CORE I5 8400, 8 GB RAM DDR4, 240GB SSD - MONITOR 24' CON KIT LOGITECH",1454.0,2299.0,428.91,2026-08-05,37,PEN,,,Ripley PE,https://simple.ripley.com.pe/computadora-pc-intel-core-i5-8400-8-gb-ram-ddr4-240gb-ssd-monitor-24-con-kit-logitech-pmp20001545646
20260805_055550,2026-08-05T06:09:09.294514+00:00,ripley_pe,computadoras,20001531870,APPLE,MACBOOK PRO 14”  ( M5 PRO )  24GB/1TB - ( TECLADO INGLES ) SILVER,12799.0,15999.0,3775.52,2026-08-05,20,PEN,,,Ripley PE,https://simple.ripley.com.pe/macbook-pro-14-m5-pro-24gb1tb-teclado-ingles-silver-pmp20001531870
20260805_055550,2026-08-05T06:09:09.295514+00:00,ripley_pe,computadoras,00001555489,SIGMA,COMPUTADORA PC INTEL CORE I7  3.2 GHZ RAM 16GB DISCO 1TB + SSD 240GB MONITOR 24 FHD,2139.0,2680.0,630.97,2026-08-05,20,PEN,,,Ripley PE,https://simple.ripley.com.pe/computadora-pc-intel-core-i7-32-ghz-ram-16gb-disco-1tb-ssd-240gb-monitor-24-fhd-pmp00001555489
20260805_055550,2026-08-05T06:09:09.295514+00:00,ripley_pe,computadoras,20001210256,RYZEN,CPU GAMER AMD RYZEN 5 5500 16GB 500GB RTX3050 6GB MIPCLISTA RYZEN RGB COMPUTADORA,3399.0,5169.0,1002.65,2026-08-05,34,PEN,,,Ripley PE,https://simple.ripley.com.pe/cpu-gamer-amd-ryzen-5-5500-16gb-500gb-rtx3050-6gb-mipclista-ryzen-rgb-computadora-pmp20001210256
20260805_055550,2026-08-05T06:09:09.296515+00:00,ripley_pe,computadoras,20001144337,GENÉRICO,TECLADO Y MOUSE SUPER DELGADO BLANCO,32.99,69.0,9.73,2026-08-05,52,PEN,,,Ripley PE,https://simple.ripley.com.pe/teclado-y-mouse-super-delgado-blanco-pmp20001144337
20260805_055550,2026-08-05T06:09:09.296515+00:00,ripley_pe,computadoras,20000164539,ANTRYX,CASE ANTRYX XTREME NEO II 500W ATX NEGRO,349.0,,102.95,2026-08-05,,PEN,,,Ripley PE,https://simple.ripley.com.pe/case-antryx-xtreme-neo-ii-500w-atx-negro-pmp20000164539
20260805_055550,2026-08-05T06:09:09.297514+00:00,ripley_pe,computadoras,20001531847,APPLE,MACBOOK PRO 14”  ( M5 PRO )  24GB/1TB - ( Teclado Ingles ) SPACE BLACK,12799.0,15999.0,3775.52,2026-08-05,20,PEN,,,Ripley PE,https://simple.ripley.com.pe/macbook-pro-14-m5-pro-24gb1tb-teclado-ingles-space-black-pmp20001531847
20260805_055550,2026-08-05T06:09:09.297514+00:00,ripley_pe,computadoras,20001531673,APPLE,"MACBOOK PRO 16”  ( M5 MAX )  36GB, 2TB - ( TECLADO INGLES ) SILVER",15499.0,18299.0,4571.98,2026-08-05,15,PEN,,,Ripley PE,https://simple.ripley.com.pe/macbook-pro-16-m5-max-36gb-2tb-teclado-ingles-silver-pmp20001531673
20260805_055550,2026-08-05T06:09:09.298515+00:00,ripley_pe,computadoras,20001208644,INTEL,CPU GAMER INTEL CORE I9 14900K 32GB DDR5 1TB 8TBHDD RTX5080 16GB MIPCLISTA BLUE COMPUTADORA,16899.0,24839.0,4984.96,2026-08-05,32,PEN,,,Ripley PE,https://simple.ripley.com.pe/cpu-gamer-intel-core-i9-14900k-32gb-ddr5-1tb-8tbhdd-rtx5080-16gb-mipclista-blue-computadora-pmp20001208644
20260805_055550,2026-08-05T06:09:09.298515+00:00,ripley_pe,computadoras,20001349702,INTEL,"COMPUTADORA PC INTEL CORE I5 3,60 GHZ 8GB RAM 256GB SSD 500GB HDD WIFI",899.0,1300.0,265.19,2026-08-05,31,PEN,,,Ripley PE,https://simple.ripley.com.pe/computadora-pc-intel-core-i5-360-ghz-8gb-ram-256gb-ssd-500gb-hdd-wifi-pmp20001349702
20260805_055550,2026-08-05T06:09:09.298515+00:00,ripley_pe,computadoras,20001165582,HP,"HP PRO 4 G1 - PC ULTRALIGERO CON 16GB RAM, 1TB SSD, WINDOWS 11 PROFESIONAL - EFICIENCIA Y ESTILO",7899.0,11849.0,2330.09,2026-08-05,33,PEN,,,Ripley PE,https://simple.ripley.com.pe/hp-pro-4-g1-pc-ultraligero-con-16gb-ram-1tb-ssd-windows-11-profesional-eficiencia-y-estilo-pmp20001165582
20260805_055550,2026-08-05T06:09:09.299515+00:00,ripley_pe,computadoras,20001490344,APPLE,APPLE MACBOOK PRO 14”  ( M5 PRO )  24GB/1TB - SPACE BLACK + REGALO,10999.0,11599.0,3244.54,2026-08-05,5,PEN,,,Ripley PE,https://simple.ripley.com.pe/apple-macbook-pro-14-m5-pro-24gb1tb-space-black-regalo-pmp20001490344
20260805_055550,2026-08-05T06:09:09.300520+00:00,ripley_pe,computadoras,20001208628,INTEL,CPU GAMER INTEL CORE I512400F 16GB 500GB RTX3050 6GB MIPCLISTA GREEN COMPUTADORA,2999.0,5339.0,884.66,2026-08-05,44,PEN,,,Ripley PE,https://simple.ripley.com.pe/cpu-gamer-intel-core-i512400f-16gb-500gb-rtx3050-6gb-mipclista-green-computadora-pmp20001208628
20260805_055550,2026-08-05T06:09:09.300520+00:00,ripley_pe,computadoras,20001539631,APPLE,APPLE MACBOOK PRO 16' M5 PRO 24GB RAM 1TB SSD SPACE BLACK TECLADO EN INGLÉS,12899.0,15500.0,3805.01,2026-08-05,17,PEN,,,Ripley PE,https://simple.ripley.com.pe/apple-macbook-pro-16-m5-pro-24gb-ram-1tb-ssd-space-black-teclado-en-ingles-pmp20001539631
20260805_055550,2026-08-05T06:09:13.554161+00:00,ripley_pe,computadoras,20001550793,ADVANCE,NUEVA COMPUTADORA PC INTEL CI5 12VA 12450H 24GB RAM 512 SSD + HDD 1TB EXT,2699.0,3499.0,796.17,2026-08-05,23,PEN,,,Ripley PE,https://simple.ripley.com.pe/nueva-computadora-pc-intel-ci5-12va-12450h-24gb-ram-512-ssd-hdd-1tb-ext-pmp20001550793
20260805_055550,2026-08-05T06:09:13.554161+00:00,ripley_pe,computadoras,20001499307,PCYA,CPU GAMER PCYA INTEL CORE I5 12400F 16GB RAM DDR4 1TB SSD M.2 8GB RTX 3050 FREEDOS,3799.0,4559.0,1120.65,2026-08-05,17,PEN,,,Ripley PE,https://simple.ripley.com.pe/cpu-gamer-pcya-intel-core-i5-12400f-16gb-ram-ddr4-1tb-ssd-m2-8gb-rtx-3050-freedos-pmp20001499307
20260805_055550,2026-08-05T06:09:13.555161+00:00,ripley_pe,computadoras,20001288775,APPLE,MACBOOK PRO 14″ M5 16GB RAM + 512GB SSD (TECLADO INGLES) - SPACE BLACK,8999.0,9999.0,2654.57,2026-08-05,10,PEN,,,Ripley PE,https://simple.ripley.com.pe/macbook-pro-14-m5-16gb-ram-512gb-ssd-teclado-ingles-space-black-pmp20001288775
20260805_055550,2026-08-05T06:09:13.555161+00:00,ripley_pe,computadoras,20001474414,INTEL,CPU GAMER INTEL CORE I7 12700F 12TH 16GB 1TB RTX5060TI 16GB MIPCLISTA PINK PLUS COMPUTADORA,6599.0,9399.0,1946.61,2026-08-05,30,PEN,,,Ripley PE,https://simple.ripley.com.pe/cpu-gamer-intel-core-i7-12700f-12th-16gb-1tb-rtx5060ti-16gb-mipclista-pink-plus-computadora-pmp20001474414
20260805_055550,2026-08-05T06:09:13.557171+00:00,ripley_pe,computadoras,20000852300,INTEL,COMPUTADORA PC GAMER VIEW GREEN INTEL CORE I9 12900KF 32GB DDR5 500GB 8TBHDD 27'  RTX5070 12GB MI PC LISTA - MIPCLISTA,11499.0,15339.0,3392.04,2026-08-05,25,PEN,,,Ripley PE,https://simple.ripley.com.pe/computadora-pc-gamer-view-green-intel-core-i9-12900kf-32gb-ddr5-500gb-8tbhdd-27-rtx5070-12gb-mi-pc-lista-mipclista-pmp20000852300
20260805_055550,2026-08-05T06:09:13.558161+00:00,ripley_pe,computadoras,20001531488,APPLE,MACBOOK PRO 16”  ( M5 PRO )  24GB/1TB - ( Teclado Ingles ) SPACE BLACK,14499.0,17999.0,4276.99,2026-08-05,19,PEN,,,Ripley PE,https://simple.ripley.com.pe/macbook-pro-16-m5-pro-24gb1tb-teclado-ingles-space-black-pmp20001531488
20260805_055550,2026-08-05T06:09:13.558161+00:00,ripley_pe,computadoras,20001531489,APPLE,MACBOOK PRO 16”  ( M5 PRO )  24GB/1TB - ( Teclado Ingles ) SPACE BLACK,14499.0,17999.0,4276.99,2026-08-05,19,PEN,,,Ripley PE,https://simple.ripley.com.pe/macbook-pro-16-m5-pro-24gb1tb-teclado-ingles-space-black-pmp20001531489
20260805_055550,2026-08-05T06:09:13.559161+00:00,ripley_pe,computadoras,20001461360,FIDDLER,FIDDLER VENTILADOR PARA PC GAMER NF25 REACONDICIONADO,59.0,89.0,17.4,2026-08-05,34,PEN,,,Ripley PE,https://simple.ripley.com.pe/fiddler-ventilador-para-pc-gamer-nf25-reacondicionado-pmp20001461360
20260805_055550,2026-08-05T06:09:13.559161+00:00,ripley_pe,computadoras,20001531862,APPLE,MACBOOK PRO 14”  ( M5 PRO )  24GB/1TB - ( TECLADO INGLES ) SILVER,12799.0,15999.0,3775.52,2026-08-05,20,PEN,,,Ripley PE,https://simple.ripley.com.pe/macbook-pro-14-m5-pro-24gb1tb-teclado-ingles-silver-pmp20001531862
20260805_055550,2026-08-05T06:09:13.560161+00:00,ripley_pe,computadoras,20001288783,APPLE,MACBOOK PRO 14″ M5 16GB RAM + 512GB SSD (TECLADO INGLES) - SILVER,8999.0,9999.0,2654.57,2026-08-05,10,PEN,,,Ripley PE,https://simple.ripley.com.pe/macbook-pro-14-m5-16gb-ram-512gb-ssd-teclado-ingles-silver-pmp20001288783
20260805_055550,2026-08-05T06:09:13.561161+00:00,ripley_pe,computadoras,20001531374,APPLE,APPLE MACBOOK PRO 16”  ( M5 PRO )  24GB/1TB - ( Teclado Ingles ) SPACE BLACK,13299.0,15999.0,3923.01,2026-08-05,17,PEN,,,Ripley PE,https://simple.ripley.com.pe/apple-macbook-pro-16-m5-pro-24gb1tb-teclado-ingles-space-black-pmp20001531374
20260805_055550,2026-08-05T06:09:13.561161+00:00,ripley_pe,computadoras,20001531376,APPLE,APPLE MACBOOK PRO 16”  ( M5 PRO )  24GB/1TB - ( Teclado Ingles ) SPACE BLACK,13299.0,15999.0,3923.01,2026-08-05,17,PEN,,,Ripley PE,https://simple.ripley.com.pe/apple-macbook-pro-16-m5-pro-24gb1tb-teclado-ingles-space-black-pmp20001531376
20260805_055550,2026-08-05T06:09:13.562161+00:00,ripley_pe,computadoras,20001288782,APPLE,MACBOOK PRO 14″ M5 16GB RAM + 512GB SSD (TECLADO INGLES) - SPACE BLACK + REGALO,9099.0,9999.0,2684.07,2026-08-05,9,PEN,,,Ripley PE,https://simple.ripley.com.pe/macbook-pro-14-m5-16gb-ram-512gb-ssd-teclado-ingles-space-black-regalo-pmp20001288782
20260805_055550,2026-08-05T06:09:13.562161+00:00,ripley_pe,computadoras,20001366670,APPLE,APPLE MACBOOK AIR 13' M5 16GB RAM 512GB SSD STARLIGHT TECLADO EN INGLÉS,5299.0,6099.0,1563.13,2026-08-05,13,PEN,,,Ripley PE,https://simple.ripley.com.pe/apple-macbook-air-13-m5-16gb-ram-512gb-ssd-starlight-teclado-en-ingles-pmp20001366670
20260805_055550,2026-08-05T06:09:13.563161+00:00,ripley_pe,computadoras,20001366250,APPLE,APPLE MACBOOK AIR 13' M5 16GB RAM 512GB SSD SILVER TECLADO EN INGLÉS,5299.0,6099.0,1563.13,2026-08-05,13,PEN,,,Ripley PE,https://simple.ripley.com.pe/apple-macbook-air-13-m5-16gb-ram-512gb-ssd-silver-teclado-en-ingles-pmp20001366250
20260805_055550,2026-08-05T06:09:13.564161+00:00,ripley_pe,computadoras,20001288789,APPLE,MACBOOK PRO 14″ M5 16GB RAM + 512GB SSD (TECLADO INGLES) - SILVER + REGALO,9099.0,9999.0,2684.07,2026-08-05,9,PEN,,,Ripley PE,https://simple.ripley.com.pe/macbook-pro-14-m5-16gb-ram-512gb-ssd-teclado-ingles-silver-regalo-pmp20001288789
20260805_055550,2026-08-05T06:09:13.564161+00:00,ripley_pe,computadoras,20001293581,APPLE,MACBOOK PRO 14″ M5 16GB RAM + 512GB SSD (TECLADO INGLES) - SILVER + REGALO,9099.0,9999.0,2684.07,2026-08-05,9,PEN,,,Ripley PE,https://simple.ripley.com.pe/macbook-pro-14-m5-16gb-ram-512gb-ssd-teclado-ingles-silver-regalo-pmp20001293581
20260805_055550,2026-08-05T06:09:13.565161+00:00,ripley_pe,computadoras,20000207606,GENÉRICO,COMPUTADORA INTEL CORE I5 8GB MONITOR 24 FULL HD SSD 480GB,1499.9,1800.0,442.45,2026-08-05,17,PEN,,,Ripley PE,https://simple.ripley.com.pe/computadora-intel-core-i5-8gb-monitor-24-full-hd-ssd-480gb-pmp20000207606
20260805_055550,2026-08-05T06:09:13.565161+00:00,ripley_pe,computadoras,20000944673,RYZEN,CPU GAMER HAKU RED RYZEN 7 5700G 16GB 500GB MI PC LISTA - MIPCLISTA SOLO CPU COMPUTADORA,2299.0,2999.0,678.17,2026-08-05,23,PEN,,,Ripley PE,https://simple.ripley.com.pe/cpu-gamer-haku-red-ryzen-7-5700g-16gb-500gb-mi-pc-lista-mipclista-solo-cpu-computadora-pmp20000944673
20260805_055550,2026-08-05T06:09:13.566169+00:00,ripley_pe,computadoras,20001531846,APPLE,MACBOOK PRO 14”  ( M5 PRO )  24GB/1TB - ( Teclado Ingles ) SPACE BLACK,12799.0,15999.0,3775.52,2026-08-05,20,PEN,,,Ripley PE,https://simple.ripley.com.pe/macbook-pro-14-m5-pro-24gb1tb-teclado-ingles-space-black-pmp20001531846
20260805_055550,2026-08-05T06:09:13.566169+00:00,ripley_pe,computadoras,20001535373,APPLE,MACBOOK AIR 13'M5 16GB RAM 512GB SSD TECLADO INGLES - STARLIGHT,5299.0,6999.0,1563.13,2026-08-05,24,PEN,,,Ripley PE,https://simple.ripley.com.pe/macbook-air-13m5-16gb-ram-512gb-ssd-teclado-ingles-starlight-pmp20001535373
20260805_055550,2026-08-05T06:09:13.567161+00:00,ripley_pe,computadoras,20001474433,INTEL,COMPUTADORA INTEL CORE ULTRA 5 225 16GB DDR5 500GB 22' ESCRITORIO - OFICINA IPS MI PC LISTA - MIPCLISTA,3999.0,,1179.65,2026-08-05,,PEN,,,Ripley PE,https://simple.ripley.com.pe/computadora-intel-core-ultra-5-225-16gb-ddr5-500gb-22-escritorio-oficina-ips-mi-pc-lista-mipclista-pmp20001474433
20260805_055550,2026-08-05T06:09:13.567161+00:00,ripley_pe,computadoras,20000207259,GENÉRICO,COMPUTADORA INTEL CORE I5 16GB MONITOR 24 FULL HD SSD 480GB,1569.9,1800.0,463.1,2026-08-05,13,PEN,,,Ripley PE,https://simple.ripley.com.pe/computadora-intel-core-i5-16gb-monitor-24-full-hd-ssd-480gb-pmp20000207259
20260805_055550,2026-08-05T06:09:13.568161+00:00,ripley_pe,computadoras,20001539628,LENOVO,TORRE CPU THINKCENTRE M70Q INTEL CORE ULTRA 5 16GB RAM 512GB SSD,4199.0,5599.0,1238.64,2026-08-05,25,PEN,,,Ripley PE,https://simple.ripley.com.pe/torre-cpu-thinkcentre-m70q-intel-core-ultra-5-16gb-ram-512gb-ssd-pmp20001539628
20260805_055550,2026-08-05T06:09:13.569161+00:00,ripley_pe,computadoras,20001288785,APPLE,MACBOOK PRO 14″ M5 16GB RAM + 512GB SSD (TECLADO INGLES) - SILVER,8999.0,9999.0,2654.57,2026-08-05,10,PEN,,,Ripley PE,https://simple.ripley.com.pe/macbook-pro-14-m5-16gb-ram-512gb-ssd-teclado-ingles-silver-pmp20001288785
20260805_055550,2026-08-05T06:09:13.569161+00:00,ripley_pe,computadoras,20001474362,INTEL,CPU GAMER INTEL CORE ULTRA 5 245KF 16GB DDR5 500GB RTX5060 8GB MIPCLISTA RED COMPUTADORA,5449.0,7499.0,1607.37,2026-08-05,27,PEN,,,Ripley PE,https://simple.ripley.com.pe/cpu-gamer-intel-core-ultra-5-245kf-16gb-ddr5-500gb-rtx5060-8gb-mipclista-red-computadora-pmp20001474362
20260805_055550,2026-08-05T06:09:13.569161+00:00,ripley_pe,computadoras,20001208618,INTEL,CPU GAMER INTEL CORE I5 12400F 16GB 500GB RTX5060 8GB MIPCLISTA RED COMPUTADORA,4499.0,6669.0,1327.14,2026-08-05,33,PEN,,,Ripley PE,https://simple.ripley.com.pe/cpu-gamer-intel-core-i5-12400f-16gb-500gb-rtx5060-8gb-mipclista-red-computadora-pmp20001208618
20260805_055550,2026-08-05T06:09:13.570161+00:00,ripley_pe,computadoras,20001546380,INTEL,"COMPUTADORA PC INTEL CORE I5 9400, 16 GB RAM DDR4, 512GB SSD - MONITOR 24' CON KIT LOGITECH",1839.0,2099.0,542.48,2026-08-05,12,PEN,,,Ripley PE,https://simple.ripley.com.pe/computadora-pc-intel-core-i5-9400-16-gb-ram-ddr4-512gb-ssd-monitor-24-con-kit-logitech-pmp20001546380
20260805_055550,2026-08-05T06:09:13.570161+00:00,ripley_pe,computadoras,20001293537,APPLE,MACBOOK PRO 14″ M5 16GB RAM + 512GB SSD (TECLADO INGLES) - SILVER,8999.0,9999.0,2654.57,2026-08-05,10,PEN,,,Ripley PE,https://simple.ripley.com.pe/macbook-pro-14-m5-16gb-ram-512gb-ssd-teclado-ingles-silver-pmp20001293537
20260805_055550,2026-08-05T06:09:13.571161+00:00,ripley_pe,computadoras,20001293502,APPLE,MACBOOK PRO 14″ M5 16GB RAM + 512GB SSD (TECLADO INGLES) - SPACE BLACK,8999.0,9999.0,2654.57,2026-08-05,10,PEN,,,Ripley PE,https://simple.ripley.com.pe/macbook-pro-14-m5-16gb-ram-512gb-ssd-teclado-ingles-space-black-pmp20001293502
20260805_055550,2026-08-05T06:09:13.572161+00:00,ripley_pe,computadoras,20001293506,APPLE,MACBOOK PRO 14″ M5 16GB RAM + 512GB SSD (TECLADO INGLES) - SPACE BLACK,8999.0,9999.0,2654.57,2026-08-05,10,PEN,,,Ripley PE,https://simple.ripley.com.pe/macbook-pro-14-m5-16gb-ram-512gb-ssd-teclado-ingles-space-black-pmp20001293506
20260805_055550,2026-08-05T06:09:13.572161+00:00,ripley_pe,computadoras,00003284495,APPLE,RAM M2 MAC PRO CHIP ULTRA 64GB 2TB SSD RACK,38275.0,45930.0,11290.56,2026-08-05,17,PEN,,,Ripley PE,https://simple.ripley.com.pe/ram-m2-mac-pro-chip-ultra-64gb-2tb-ssd-rack-pmp00003284495
20260805_055550,2026-08-05T06:09:13.573171+00:00,ripley_pe,computadoras,20000852734,INTEL,COMPUTADORA INTEL CORE I7 12700F 16GB 500GB 24' IPS RTX5060TI 16GB INGENIERÍA Y DISEÑO MI PC LISTA - MIPCLISTA,6299.0,9999.0,1858.11,2026-08-05,37,PEN,,,Ripley PE,https://simple.ripley.com.pe/computadora-intel-core-i7-12700f-16gb-500gb-24-ips-rtx5060ti-16gb-ingenieria-y-diseno-mi-pc-lista-mipclista-pmp20000852734
20260805_055550,2026-08-05T06:09:13.573171+00:00,ripley_pe,computadoras,20001193912,HP,"HP SMALL FORM FACTOR CON RYZEN 7 PRO 8700G, WINDOWS 11 PRO - POTENTE Y COMPACTO PARA TU OFICINA",5939.0,8909.0,1751.92,2026-08-05,33,PEN,,,Ripley PE,https://simple.ripley.com.pe/hp-small-form-factor-con-ryzen-7-pro-8700g-windows-11-pro-potente-y-compacto-para-tu-oficina-pmp20001193912
20260805_055550,2026-08-05T06:09:13.574165+00:00,ripley_pe,computadoras,20001210272,RYZEN,CPU GAMER RYZEN 9 9950X3D 32GB DDR5 1TB  RTX5070TI 16GB RGB MI PC LISTA COMPUTADORA,14799.0,22999.0,4365.49,2026-08-05,36,PEN,,,Ripley PE,https://simple.ripley.com.pe/cpu-gamer-ryzen-9-9950x3d-32gb-ddr5-1tb-rtx5070ti-16gb-rgb-mi-pc-lista-computadora-pmp20001210272
20260805_055550,2026-08-05T06:09:13.574165+00:00,ripley_pe,computadoras,20000207369,GENÉRICO,"COMPUTADORA INTEL CORE I7 8GB 3.4GHZ, MONITOR 21.5 , SSD 480GB",1609.9,2300.0,474.9,2026-08-05,30,PEN,,,Ripley PE,https://simple.ripley.com.pe/computadora-intel-core-i7-8gb-34ghz-monitor-215-ssd-480gb-pmp20000207369
20260805_055550,2026-08-05T06:09:13.575161+00:00,ripley_pe,computadoras,20000049426,GENÉRICO,COMPUTADORA INTEL CORE I7 RAM 16GB PC -8TH MONITOR 24' LG DISCO +DISCO SSD 480GB CASE 350W 1TB,2299.0,2870.0,678.17,2026-08-05,20,PEN,,,Ripley PE,https://simple.ripley.com.pe/computadora-intel-core-i7-ram-16gb-pc-8th-monitor-24-lg-disco-disco-ssd-480gb-case-350w-1tb-pmp20000049426
20260805_055550,2026-08-05T06:09:13.575161+00:00,ripley_pe,computadoras,20001465898,APPLE,APPLE IMAC 21.5 4K CORE I7 16GB RAM 500GB SSD VIDEO 2GB GDDR5 21.5 4K,2429.0,3499.0,716.52,2026-08-05,31,PEN,,,Ripley PE,https://simple.ripley.com.pe/apple-imac-215-4k-core-i7-16gb-ram-500gb-ssd-video-2gb-gddr5-215-4k-pmp20001465898
20260805_055550,2026-08-05T06:09:13.576167+00:00,ripley_pe,computadoras,20000206557,GENÉRICO,COMPUTADORA INTEL CORE I7 16GB MONITOR 24 FULL HD ADVANCE SSD 480GB,1799.9,2300.0,530.94,2026-08-05,22,PEN,,,Ripley PE,https://simple.ripley.com.pe/computadora-intel-core-i7-16gb-monitor-24-full-hd-advance-ssd-480gb-pmp20000206557
20260805_055550,2026-08-05T06:09:13.576167+00:00,ripley_pe,computadoras,20001208640,INTEL,CPU GAMER INTEL CORE I9 14900K 32GB DDR5 1TB 8TB HDDRTX5070 12GB MIPCLISTA WHITE COMPUTADORA,12899.0,18169.0,3805.01,2026-08-05,29,PEN,,,Ripley PE,https://simple.ripley.com.pe/cpu-gamer-intel-core-i9-14900k-32gb-ddr5-1tb-8tb-hddrtx5070-12gb-mipclista-white-computadora-pmp20001208640
20260805_055550,2026-08-05T06:09:13.577161+00:00,ripley_pe,computadoras,20001338324,ALIENWARE,"ALIENWARE AURORA ACT1250 CON INTEL CORE 7, 32GB RAM, 1TB SSD, RTX 5070, PSU PLATINUM, WINDOWS 11 HOME",9435.0,11322.0,2783.19,2026-08-05,17,PEN,,,Ripley PE,https://simple.ripley.com.pe/alienware-aurora-act1250-con-intel-core-7-32gb-ram-1tb-ssd-rtx-5070-psu-platinum-windows-11-home-pmp20001338324
20260805_055550,2026-08-05T06:09:13.577161+00:00,ripley_pe,computadoras,20001293510,APPLE,MACBOOK PRO 14″ M5 16GB RAM + 512GB SSD (TECLADO INGLES) - SPACE BLACK + REGALO,9099.0,9999.0,2684.07,2026-08-05,9,PEN,,,Ripley PE,https://simple.ripley.com.pe/macbook-pro-14-m5-16gb-ram-512gb-ssd-teclado-ingles-space-black-regalo-pmp20001293510
20260805_055550,2026-08-05T06:09:13.578161+00:00,ripley_pe,computadoras,20001324009,AMD,COMPUTADORA PC AMD RYZEN 5 8500G MONITOR ASUS 24' FHD RAM 16GB SSD 512GB,3199.0,4500.0,943.66,2026-08-05,29,PEN,,,Ripley PE,https://simple.ripley.com.pe/computadora-pc-amd-ryzen-5-8500g-monitor-asus-24-fhd-ram-16gb-ssd-512gb-pmp20001324009
20260805_055550,2026-08-05T06:09:13.578161+00:00,ripley_pe,computadoras,20001193916,HP,"HP ELITE SFF CON AMD RYZEN 5 8600G, 4.3 GHZ, 1 TB HDD Y DDR5 SDRAM - POTENCIA Y RENDIMIENTO COMPACTO",4639.0,6959.0,1368.44,2026-08-05,33,PEN,,,Ripley PE,https://simple.ripley.com.pe/hp-elite-sff-con-amd-ryzen-5-8600g-43-ghz-1-tb-hdd-y-ddr5-sdram-potencia-y-rendimiento-compacto-pmp20001193916
20260805_055550,2026-08-05T06:09:13.579161+00:00,ripley_pe,computadoras,20001210255,RYZEN,CPU GAMER RYZEN 9 9950X3D 32GB DDR5 2TB RTX5090 32GB ULTRA MIPCLISTA COMPUTADORA,25799.0,37999.0,7610.32,2026-08-05,32,PEN,,,Ripley PE,https://simple.ripley.com.pe/cpu-gamer-ryzen-9-9950x3d-32gb-ddr5-2tb-rtx5090-32gb-ultra-mipclista-computadora-pmp20001210255
20260805_055550,2026-08-05T06:09:13.579161+00:00,ripley_pe,computadoras,20000704857,INTEL,COMPUTADORA INTEL INTEL CORE I7 RAM 16GB PC CORE I7 3.4 GHZ DISCO + SSD 240GB MONITOR 22 FULL HD 1TB,2199.0,2350.0,648.67,2026-08-05,6,PEN,,,Ripley PE,https://simple.ripley.com.pe/computadora-intel-intel-core-i7-ram-16gb-pc-core-i7-34-ghz-disco-ssd-240gb-monitor-22-full-hd-1tb-pmp20000704857
20260805_055550,2026-08-05T06:09:13.580161+00:00,ripley_pe,computadoras,20001535171,ASUS,AIO ASUS P470VAK-WPE0810 27 PULG FHD IPS CORE 7-240H DE HASTA 5.2GHZ 16GB DDR5 1TB SSD M.2,5235.0,8999.0,1544.25,2026-08-05,42,PEN,,,Ripley PE,https://simple.ripley.com.pe/aio-asus-p470vak-wpe0810-27-pulg-fhd-ips-core-7-240h-de-hasta-52ghz-16gb-ddr5-1tb-ssd-m2-pmp20001535171
20260805_055550,2026-08-05T06:09:13.580161+00:00,ripley_pe,computadoras,20001535211,ASUS,COMPUTADORA ASUS D700SF-005225155X CORE ULTRA 5 225 3.3-4.9GHZ 16GB DDR5-5600 512GB SSD,5799.0,8999.0,1710.62,2026-08-05,36,PEN,,,Ripley PE,https://simple.ripley.com.pe/computadora-asus-d700sf-005225155x-core-ultra-5-225-33-49ghz-16gb-ddr5-5600-512gb-ssd-pmp20001535211
20260805_055550,2026-08-05T06:09:18.083432+00:00,ripley_pe,computadoras,20001531867,APPLE,MACBOOK PRO 14”  ( M5 PRO )  24GB/1TB - ( TECLADO INGLES ) SILVER,12799.0,15999.0,3775.52,2026-08-05,20,PEN,,,Ripley PE,https://simple.ripley.com.pe/macbook-pro-14-m5-pro-24gb1tb-teclado-ingles-silver-pmp20001531867
20260805_055550,2026-08-05T06:09:18.084431+00:00,ripley_pe,computadoras,20001531427,APPLE,"MACBOOK PRO 16”  ( M5 PRO )  24GB, 1TB - ( Teclado Ingles ) SPACE BLACK",12499.0,12999.0,3687.02,2026-08-05,4,PEN,,,Ripley PE,https://simple.ripley.com.pe/macbook-pro-16-m5-pro-24gb-1tb-teclado-ingles-space-black-pmp20001531427
20260805_055550,2026-08-05T06:09:18.085437+00:00,ripley_pe,computadoras,20001288778,APPLE,MACBOOK PRO 14″ M5 16GB RAM + 512GB SSD (TECLADO INGLES) - SPACE BLACK,8999.0,9999.0,2654.57,2026-08-05,10,PEN,,,Ripley PE,https://simple.ripley.com.pe/macbook-pro-14-m5-16gb-ram-512gb-ssd-teclado-ingles-space-black-pmp20001288778
20260805_055550,2026-08-05T06:09:18.086434+00:00,ripley_pe,computadoras,20000049390,GENÉRICO,COMPUTADORA INTEL CORE I7 RAM 16GB PC -8TH MONITOR 24 LG FHD DISCO CASE 350W 1TB,2179.0,2980.0,642.77,2026-08-05,27,PEN,,,Ripley PE,https://simple.ripley.com.pe/computadora-intel-core-i7-ram-16gb-pc-8th-monitor-24-lg-fhd-disco-case-350w-1tb-pmp20000049390
20260805_055550,2026-08-05T06:09:18.086434+00:00,ripley_pe,computadoras,20001349861,APPLE,MACBOOK AIR APPLE DE 13' | CHIP M5 | 16GB RAM + 512GB SSD | TECLADO INGLÉS - STARLIGHT,5099.0,5199.0,1504.13,2026-08-05,2,PEN,,,Ripley PE,https://simple.ripley.com.pe/macbook-air-apple-de-13-chip-m5-16gb-ram-512gb-ssd-teclado-ingles-starlight-pmp20001349861
20260805_055550,2026-08-05T06:09:18.087432+00:00,ripley_pe,computadoras,20000386529,INTEL,CPU INTEL RAM 8GB CORE I3-10100T SSD 500GB WINDOWS 10 COMPUTADORA PC,135000.0,,39823.01,2026-08-05,,PEN,,,Ripley PE,https://simple.ripley.com.pe/cpu-intel-ram-8gb-core-i3-10100t-ssd-500gb-windows-10-computadora-pc-pmp20000386529
20260805_055550,2026-08-05T06:09:18.087432+00:00,ripley_pe,computadoras,20001288781,APPLE,MACBOOK PRO 14″ M5 16GB RAM + 512GB SSD (TECLADO INGLES) - SPACE BLACK + REGALO,9099.0,9999.0,2684.07,2026-08-05,9,PEN,,,Ripley PE,https://simple.ripley.com.pe/macbook-pro-14-m5-16gb-ram-512gb-ssd-teclado-ingles-space-black-regalo-pmp20001288781
20260805_055550,2026-08-05T06:09:18.088432+00:00,ripley_pe,computadoras,20001520836,KOREANO SEGURIDAD E INNOVACION,SOPORTE AJUSTABLE PARA MONITOR DE 17' A 32' KE97-12PE,177.0,199.0,52.21,2026-08-05,11,PEN,,,Ripley PE,https://simple.ripley.com.pe/soporte-ajustable-para-monitor-de-17-a-32-ke97-12pe-pmp20001520836
20260805_055550,2026-08-05T06:09:18.088432+00:00,ripley_pe,computadoras,20001465978,APPLE,MACBOOK PRO 14' CHIP M5 16GB RAM 1TB SSD + MONITOR LED 24' + TECLADO Y MOUSE MACOS,9879.0,13999.0,2914.16,2026-08-05,29,PEN,,,Ripley PE,https://simple.ripley.com.pe/macbook-pro-14-chip-m5-16gb-ram-1tb-ssd-monitor-led-24-teclado-y-mouse-macos-pmp20001465978
20260805_055550,2026-08-05T06:09:18.090965+00:00,ripley_pe,computadoras,20001510565,HP,WORKSTATION HP Z2 INTEL CORE ULTRA 9 285 16GB DDR5 1TB SSD WIN 11 PRO,10000.0,13000.0,2949.85,2026-08-05,23,PEN,,,Ripley PE,https://simple.ripley.com.pe/workstation-hp-z2-intel-core-ultra-9-285-16gb-ddr5-1tb-ssd-win-11-pro-pmp20001510565
20260805_055550,2026-08-05T06:09:18.101964+00:00,ripley_pe,computadoras,20001133988,GENÉRICO,"COMPUTADORA I3 OPS 712 - RENDIMIENTO POTENTE, IDEAL PARA TRABAJO Y ENTRETENIMIENTO, COMPACTO Y RÁPIDO",4849.0,7279.0,1430.38,2026-08-05,33,PEN,,,Ripley PE,https://simple.ripley.com.pe/computadora-i3-ops-712-rendimiento-potente-ideal-para-trabajo-y-entretenimiento-compacto-y-rapido-pmp20001133988
20260805_055550,2026-08-05T06:09:18.102958+00:00,ripley_pe,computadoras,20001549443,INTEL,"COMPUTADORA PC INTEL CORE i7 10700 - 16 GB RAM DDR4 - 512GB SSD - Monitor 24"" con KIT LOGITECH",2799.0,4499.0,825.66,2026-08-05,38,PEN,,,Ripley PE,https://simple.ripley.com.pe/computadora-pc-intel-core-i7-10700-16-gb-ram-ddr4-512gb-ssd-monitor-24-con-kit-logitech-pmp20001549443
20260805_055550,2026-08-05T06:09:18.102958+00:00,ripley_pe,computadoras,20001538252,AMD,COMPUTADORA PC RYZEN 5 2400G RAM 16GB + SSD 512GB,1780.0,,525.07,2026-08-05,,PEN,,,Ripley PE,https://simple.ripley.com.pe/computadora-pc-ryzen-5-2400g-ram-16gb-ssd-512gb-pmp20001538252
20260805_055550,2026-08-05T06:09:18.103958+00:00,ripley_pe,computadoras,20001208623,INTEL,CPU GAMER INTEL CORE I7 9TH 16GB 500GB RTX5060 8GB MIPCLISTA RED COMPUTADORA,4299.0,6099.0,1268.14,2026-08-05,30,PEN,,,Ripley PE,https://simple.ripley.com.pe/cpu-gamer-intel-core-i7-9th-16gb-500gb-rtx5060-8gb-mipclista-red-computadora-pmp20001208623
20260805_055550,2026-08-05T06:09:18.103958+00:00,ripley_pe,computadoras,20001531429,APPLE,"MACBOOK PRO 16”  ( M5 PRO )  24GB, 1TB - ( Teclado Ingles ) SPACE BLACK",12499.0,12999.0,3687.02,2026-08-05,4,PEN,,,Ripley PE,https://simple.ripley.com.pe/macbook-pro-16-m5-pro-24gb-1tb-teclado-ingles-space-black-pmp20001531429
20260805_055550,2026-08-05T06:09:18.104957+00:00,ripley_pe,computadoras,20001499541,PCYA,CPU PCYA AMD RYZEN 5 8600G 32GB RAM DDR5 2TB SSD M.2 PCIE RADEON 760M FREEDOS,4549.0,5459.0,1341.89,2026-08-05,17,PEN,,,Ripley PE,https://simple.ripley.com.pe/cpu-pcya-amd-ryzen-5-8600g-32gb-ram-ddr5-2tb-ssd-m2-pcie-radeon-760m-freedos-pmp20001499541
20260805_055550,2026-08-05T06:09:18.104957+00:00,ripley_pe,computadoras,20001133970,COOLER MASTER,"CARCASA MID TOWER COOLER MASTER ELITE 502 EN BLANCO - ESPACIOSA, DISEÑO ELEGANTE Y OPTIMIZADA PARA GAMING",289.0,439.0,85.25,2026-08-05,34,PEN,,,Ripley PE,https://simple.ripley.com.pe/carcasa-mid-tower-cooler-master-elite-502-en-blanco-espaciosa-diseno-elegante-y-optimizada-para-gaming-pmp20001133970
20260805_055550,2026-08-05T06:09:18.105958+00:00,ripley_pe,computadoras,20001516573,APPLE,MACBOOK NEO A18PRO 13 APPLE A18 PRO 256GB SSD 8GB,3182.0,3437.0,938.64,2026-08-05,7,PEN,,,Ripley PE,https://simple.ripley.com.pe/macbook-neo-a18pro-13-apple-a18-pro-256gb-ssd-8gb-pmp20001516573
20260805_055550,2026-08-05T06:09:18.105958+00:00,ripley_pe,computadoras,20001485220,ENKORE,COMBO PC ENKORE AMD RYZEN 5 16GB + 1TB SSD + CASE+ MONITOR 24'+ KIT 4 EN 1 AMD RYZEN 5 1TB SSD 16GB NEGRO + MONITOR FHD 24',2644.0,2856.0,779.94,2026-08-05,7,PEN,,,Ripley PE,https://simple.ripley.com.pe/combo-pc-enkore-amd-ryzen-5-16gb-1tb-ssd-case-monitor-24-kit-4-en-1-amd-ryzen-5-1tb-ssd-16gb-negro-monitor-fhd-24-pmp20001485220
20260805_055550,2026-08-05T06:09:18.106958+00:00,ripley_pe,computadoras,20001485222,ENKORE,COMBO PC ENKORE INTEL CORE I5 12VA 16GB RAM 500GB SSD + CASE+ KIT 4 EN 1 INTEL CORE I5 500GB SSD 16GB NEGRO + MONITOR FHD 24',2902.0,3134.0,856.05,2026-08-05,7,PEN,,,Ripley PE,https://simple.ripley.com.pe/combo-pc-enkore-intel-core-i5-12va-16gb-ram-500gb-ssd-case-kit-4-en-1-intel-core-i5-500gb-ssd-16gb-negro-monitor-fhd-24-pmp20001485222
20260805_055550,2026-08-05T06:09:18.106958+00:00,ripley_pe,computadoras,20001485221,ENKORE,COMBO PC ENKORE AMD RYZEN 7 16GB + 1TB SSD + CASE+ MONITOR 24'+ KIT 4 EN 1 AMD RYZEN 7 1TB SSD 16GB NEGRO + MONITOR FHD 24',2795.0,3019.0,824.48,2026-08-05,7,PEN,,,Ripley PE,https://simple.ripley.com.pe/combo-pc-enkore-amd-ryzen-7-16gb-1tb-ssd-case-monitor-24-kit-4-en-1-amd-ryzen-7-1tb-ssd-16gb-negro-monitor-fhd-24-pmp20001485221
20260805_055550,2026-08-05T06:09:22.919961+00:00,ripley_pe,computadoras,20001516575,APPLE,MACBOOK NEO A18 PRO MHFG4LL/A 13' APPLE A18 PRO 512GB SSD 8GB 5 - CORE GPU,3784.0,4087.0,1116.22,2026-08-05,7,PEN,,,Ripley PE,https://simple.ripley.com.pe/macbook-neo-a18-pro-mhfg4lla-13-apple-a18-pro-512gb-ssd-8gb-5-core-gpu-pmp20001516575
20260805_055550,2026-08-05T06:09:22.920966+00:00,ripley_pe,computadoras,20001531375,APPLE,APPLE MACBOOK PRO 16”  ( M5 PRO )  24GB/1TB - ( Teclado Ingles ) SPACE BLACK,13299.0,15999.0,3923.01,2026-08-05,17,PEN,,,Ripley PE,https://simple.ripley.com.pe/apple-macbook-pro-16-m5-pro-24gb1tb-teclado-ingles-space-black-pmp20001531375
20260805_055550,2026-08-05T06:09:22.921963+00:00,ripley_pe,computadoras,20001545630,INTEL,"COMPUTADORA PC INTEL CORE I5 7400, 8 GB RAM DDR4, 240GB SSD - MONITOR 24' CON KIT LOGITECH",1379.0,2699.0,406.78,2026-08-05,49,PEN,,,Ripley PE,https://simple.ripley.com.pe/computadora-pc-intel-core-i5-7400-8-gb-ram-ddr4-240gb-ssd-monitor-24-con-kit-logitech-pmp20001545630
20260805_055550,2026-08-05T06:09:22.921963+00:00,ripley_pe,computadoras,20001218369,RYZEN,PC GAMER FALKOR TANK PLUS RYZEN 9 9950X3D 32GB DDR5  1TB RTX5080 16GB MI PC LISTA - MIPCLISTA,17499.0,27499.0,5161.95,2026-08-05,36,PEN,,,Ripley PE,https://simple.ripley.com.pe/pc-gamer-falkor-tank-plus-ryzen-9-9950x3d-32gb-ddr5-1tb-rtx5080-16gb-mi-pc-lista-mipclista-pmp20001218369
20260805_055550,2026-08-05T06:09:22.924968+00:00,ripley_pe,computadoras,20001474418,INTEL,COMPUTADORA INTEL CORE I7 9TH 8GB 500GB 22' ESCRITORIO - OFICINA IPS MI PC LISTA - MIPCLISTA,2199.0,,648.67,2026-08-05,,PEN,,,Ripley PE,https://simple.ripley.com.pe/computadora-intel-core-i7-9th-8gb-500gb-22-escritorio-oficina-ips-mi-pc-lista-mipclista-pmp20001474418
20260805_055550,2026-08-05T06:09:22.925965+00:00,ripley_pe,computadoras,20001499306,PCYA,CPU GAMER PCYA AMD RYZEN 5 8500G 32GB RAM DDR5 1TB SSD M.2 RADEON 740M FREEDOS,3599.0,4319.0,1061.65,2026-08-05,17,PEN,,,Ripley PE,https://simple.ripley.com.pe/cpu-gamer-pcya-amd-ryzen-5-8500g-32gb-ram-ddr5-1tb-ssd-m2-radeon-740m-freedos-pmp20001499306
20260805_055550,2026-08-05T06:09:22.926975+00:00,ripley_pe,computadoras,20001533019,LENOVO,ALL IN ONE LENOVO THINKCENTRE M90A GEN 3 INTEL CORE I5 512GB SSD 8GB NEGRO,3149.0,3401.0,928.91,2026-08-05,7,PEN,,,Ripley PE,https://simple.ripley.com.pe/all-in-one-lenovo-thinkcentre-m90a-gen-3-intel-core-i5-512gb-ssd-8gb-negro-pmp20001533019
20260805_055550,2026-08-05T06:09:22.927960+00:00,ripley_pe,computadoras,20001499539,PCYA,CPU GAMER PCYA AMD RYZEN 5 7600X 32GB RAM DDR5 1TB SSD M.2 8GB RXT 5060 FREEDOS,6490.0,7788.0,1914.45,2026-08-05,17,PEN,,,Ripley PE,https://simple.ripley.com.pe/cpu-gamer-pcya-amd-ryzen-5-7600x-32gb-ram-ddr5-1tb-ssd-m2-8gb-rxt-5060-freedos-pmp20001499539
20260805_055550,2026-08-05T06:09:22.927960+00:00,ripley_pe,computadoras,20001511076,APPLE,MACBOOK AIR 15 M5 10C CPU 10C GPU 16GB 512GB SSD STARLIGHT,5829.0,7286.25,1719.47,2026-08-05,20,PEN,,,Ripley PE,https://simple.ripley.com.pe/macbook-air-15-m5-10c-cpu-10c-gpu-16gb-512gb-ssd-starlight-pmp20001511076
20260805_055550,2026-08-05T06:09:22.928974+00:00,ripley_pe,computadoras,20001293516,APPLE,MACBOOK PRO 14″ M5 16GB RAM + 512GB SSD (TECLADO INGLES) - SPACE BLACK + REGALO,9099.0,9999.0,2684.07,2026-08-05,9,PEN,,,Ripley PE,https://simple.ripley.com.pe/macbook-pro-14-m5-16gb-ram-512gb-ssd-teclado-ingles-space-black-regalo-pmp20001293516
20260805_055550,2026-08-05T06:09:22.928974+00:00,ripley_pe,computadoras,20001293527,APPLE,MACBOOK PRO 14″ M5 16GB RAM + 512GB SSD (TECLADO INGLES) - SILVER,8999.0,9999.0,2654.57,2026-08-05,10,PEN,,,Ripley PE,https://simple.ripley.com.pe/macbook-pro-14-m5-16gb-ram-512gb-ssd-teclado-ingles-silver-pmp20001293527
20260805_055550,2026-08-05T06:09:22.929963+00:00,ripley_pe,computadoras,20001531670,APPLE,"MACBOOK PRO 16”  ( M5 MAX )  36GB, 2TB - ( TECLADO INGLES ) SILVER",15499.0,18299.0,4571.98,2026-08-05,15,PEN,,,Ripley PE,https://simple.ripley.com.pe/macbook-pro-16-m5-max-36gb-2tb-teclado-ingles-silver-pmp20001531670
20260805_055550,2026-08-05T06:09:22.930970+00:00,ripley_pe,computadoras,20001531672,APPLE,"MACBOOK PRO 16”  ( M5 MAX )  36GB, 2TB - ( TECLADO INGLES ) SILVER",15499.0,18299.0,4571.98,2026-08-05,15,PEN,,,Ripley PE,https://simple.ripley.com.pe/macbook-pro-16-m5-max-36gb-2tb-teclado-ingles-silver-pmp20001531672
20260805_055550,2026-08-05T06:09:22.930970+00:00,ripley_pe,computadoras,20001544220,INTEL,"COMPUTADORA PC INTEL CORE I5 4440, 8 GB RAM DDR3, 240GB SSD - MONITOR 24' CON KIT LOGITECH",1199.0,2199.0,353.69,2026-08-05,45,PEN,,,Ripley PE,https://simple.ripley.com.pe/computadora-pc-intel-core-i5-4440-8-gb-ram-ddr3-240gb-ssd-monitor-24-con-kit-logitech-pmp20001544220
20260805_055550,2026-08-05T06:09:22.931960+00:00,ripley_pe,computadoras,20001333184,LENOVO,PC GAMER LOQ TOWER GEN 10 AMD RYZEN 7 32GB 1TB SSD RTX 5060,6599.0,,1946.61,2026-08-05,,PEN,,,Ripley PE,https://simple.ripley.com.pe/pc-gamer-loq-tower-gen-10-amd-ryzen-7-32gb-1tb-ssd-rtx-5060-pmp20001333184
20260805_055550,2026-08-05T06:09:22.931960+00:00,ripley_pe,computadoras,20001292068,APPLE,MACBOOK AIR 13' INTEL CORE I7 256GB SSD 8GB | OPEN BOX,1278.0,1380.0,376.99,2026-08-05,7,PEN,,,Ripley PE,https://simple.ripley.com.pe/macbook-air-13-intel-core-i7-256gb-ssd-8gb-open-box-pmp20001292068
20260805_055550,2026-08-05T06:09:22.932969+00:00,ripley_pe,computadoras,20001531603,APPLE,MACBOOK PRO 14”  ( M5 )  16GB/1TB - ( Teclado Ingles ) SPACE BLACK + REGALO,8499.0,10999.0,2507.08,2026-08-05,23,PEN,,,Ripley PE,https://simple.ripley.com.pe/macbook-pro-14-m5-16gb1tb-teclado-ingles-space-black-regalo-pmp20001531603
20260805_055550,2026-08-05T06:09:28.523770+00:00,ripley_pe,monitores,20000866347,SAMSUNG,MONITOR SAMSUNG 49' ODYSSEY G9 G91F DQHD BLACK LS49FG910ENXZA,3099.0,3759.0,914.16,2026-08-05,18,PEN,,,Ripley PE,https://simple.ripley.com.pe/monitor-samsung-49-odyssey-g9-g91f-dqhd-black-ls49fg910enxza-pmp20000866347
20260805_055550,2026-08-05T06:09:28.523770+00:00,ripley_pe,monitores,20001340181,SAMSUNG,MONITOR SAMSUNG 24” ESSENTIALS FULL HD BLACK LS24F330EALXPE,279.0,349.0,82.3,2026-08-05,20,PEN,,,Ripley PE,https://simple.ripley.com.pe/monitor-samsung-24-essentials-full-hd-black-ls24f330ealxpe-pmp20001340181
20260805_055550,2026-08-05T06:09:28.524770+00:00,ripley_pe,monitores,20001535749,HP,MONITOR HP 524SW 23.8 FHD IPS 100HZ 5MS HDMI VGA BLANCO,349.0,439.0,102.95,2026-08-05,21,PEN,,,Ripley PE,https://simple.ripley.com.pe/monitor-hp-524sw-238-fhd-ips-100hz-5ms-hdmi-vga-blanco-pmp20001535749
20260805_055550,2026-08-05T06:09:28.525770+00:00,ripley_pe,monitores,20001546591,TEROS,"MONITOR TEROS IPS TE-2417S, 23.8' FHD, 144HZ, 1MS, HDMI, DP, VESA, FREE",289.0,789.0,85.25,2026-08-05,63,PEN,,,Ripley PE,https://simple.ripley.com.pe/monitor-teros-ips-te-2417s-238-fhd-144hz-1ms-hdmi-dp-vesa-free-pmp20001546591
20260805_055550,2026-08-05T06:09:28.525770+00:00,ripley_pe,monitores,20001534327,XIAOMI,MONITOR XIAOMI G27I 2026 EU 27 PULGADAS FHD IPS 200HZ 1MS GAMING NEGRO,459.0,789.0,135.4,2026-08-05,42,PEN,,,Ripley PE,https://simple.ripley.com.pe/monitor-xiaomi-g27i-2026-eu-27-pulgadas-fhd-ips-200hz-1ms-gaming-negro-pmp20001534327
20260805_055550,2026-08-05T06:09:28.526770+00:00,ripley_pe,monitores,20001483177,TEROS,"MONITOR TEROS IPS TE-2714S, 27' FHD, IPS, 144HZ, 1MS, HDMI, DP, AUDIO OUT",369.0,509.0,108.85,2026-08-05,28,PEN,,,Ripley PE,https://simple.ripley.com.pe/monitor-teros-ips-te-2714s-27-fhd-ips-144hz-1ms-hdmi-dp-audio-out-pmp20001483177
20260805_055550,2026-08-05T06:09:28.526770+00:00,ripley_pe,monitores,20001510488,SAMSUNG,MONITOR SAMSUNG ESSENTIAL S3 24 PANEL IPS FHD 100HZ 5MS HDMI VGA,289.0,379.0,85.25,2026-08-05,24,PEN,,,Ripley PE,https://simple.ripley.com.pe/monitor-samsung-essential-s3-24-panel-ips-fhd-100hz-5ms-hdmi-vga-pmp20001510488
20260805_055550,2026-08-05T06:09:28.527770+00:00,ripley_pe,monitores,20000561942,GENÉRICO,"EXTENSION DE PANTALLA IPS FULL HD 14.2"" PORTATIL TRIPLE LAPTOP",1199.0,1379.0,353.69,2026-08-05,13,PEN,,,Ripley PE,https://simple.ripley.com.pe/extension-de-pantalla-ips-full-hd-142-portatil-triple-laptop-pmp20000561942
20260805_055550,2026-08-05T06:09:28.528769+00:00,ripley_pe,monitores,20000738647,AOC,MONITOR FULL HD AOC 27E3H2 27 IPS 100 HZ,389.0,467.0,114.75,2026-08-05,17,PEN,,,Ripley PE,https://simple.ripley.com.pe/monitor-full-hd-aoc-27e3h2-27-ips-100-hz-pmp20000738647
20260805_055550,2026-08-05T06:09:28.528769+00:00,ripley_pe,monitores,20001524292,MSI,"MONITOR MSI GAMING MAG 274QRFW X32, 27' WQHD 2K, 320HZ, 0,5MS, PIVOTE",1139.0,1219.0,335.99,2026-08-05,7,PEN,,,Ripley PE,https://simple.ripley.com.pe/monitor-msi-gaming-mag-274qrfw-x32-27-wqhd-2k-320hz-05ms-pivote-pmp20001524292
20260805_055550,2026-08-05T06:09:28.529769+00:00,ripley_pe,monitores,20001279445,SAMSUNG,MONITOR SAMSUNG LS24F320GANXZA ESSENTIAL S3 IPS/ FHD/ 120HZ/ HDMI/ 24',329.9,,97.32,2026-08-05,,PEN,,,Ripley PE,https://simple.ripley.com.pe/monitor-samsung-ls24f320ganxza-essential-s3-ips-fhd-120hz-hdmi-24-pmp20001279445
20260805_055550,2026-08-05T06:09:28.530769+00:00,ripley_pe,monitores,20001162722,SAMSUNG,"Monitor Samsung 37"" ViewFinity S7 UHD LS37D700EANXZA",1269.0,1609.0,374.34,2026-08-05,21,PEN,,,Ripley PE,https://simple.ripley.com.pe/monitor-samsung-37-viewfinity-s7-uhd-ls37d700eanxza-pmp20001162722
20260805_055550,2026-08-05T06:09:28.530769+00:00,ripley_pe,monitores,2004366214581,SAMSUNG,"MONITOR SAMSUNG ESSENTIAL S3 27"" S32GF FHD 120HZ",489.99,539.0,144.54,2026-08-05,9,PEN,,,Ripley PE,https://simple.ripley.com.pe/monitor-samsung-essential-s3-27-s32gf-fhd-120hz-2004366214581p
20260805_055550,2026-08-05T06:09:28.531770+00:00,ripley_pe,monitores,00003190672,LG,"MONITOR LG ULTRAGEAR 24GN65R-B 23.8 FHD, IPS, 144 HZ, 1MS",949.0,1399.0,279.94,2026-08-05,32,PEN,,,Ripley PE,https://simple.ripley.com.pe/monitor-lg-ultragear-24gn65r-b-238-fhd-ips-144-hz-1ms-pmp00003190672
20260805_055550,2026-08-05T06:09:28.532918+00:00,ripley_pe,monitores,20001078405,SAMSUNG,MONITOR SAMSUNG 32'SMART AI UHD M8 BLANCO LS32FM801ULXPE,1589.0,2199.0,468.73,2026-08-05,28,PEN,,,Ripley PE,https://simple.ripley.com.pe/monitor-samsung-32smart-ai-uhd-m8-blanco-ls32fm801ulxpe-pmp20001078405
20260805_055550,2026-08-05T06:09:28.533975+00:00,ripley_pe,monitores,20001533742,SAMSUNG,MONITOR SAMSUNG 32' ODYSSEY QD-OLED G8 G80SH 4K 240HZ 0.03MS GAMING PLATA,4089.0,5159.0,1206.19,2026-08-05,21,PEN,,,Ripley PE,https://simple.ripley.com.pe/monitor-samsung-32-odyssey-qd-oled-g8-g80sh-4k-240hz-003ms-gaming-plata-pmp20001533742
20260805_055550,2026-08-05T06:09:28.534977+00:00,ripley_pe,monitores,20001083766,SAMSUNG,MONITOR SAMSUNG 32' CURVO FHD BLACK LS32D390GANXZA,549.0,679.0,161.95,2026-08-05,19,PEN,,,Ripley PE,https://simple.ripley.com.pe/monitor-samsung-32-curvo-fhd-black-ls32d390ganxza-pmp20001083766
20260805_055550,2026-08-05T06:09:28.534977+00:00,ripley_pe,monitores,20001147280,LG,MONITOR LG ULTRAWIDE 29U531A-W 29 WFHD IPS 100HZ HDMI/DP/ HDR10 USB-C,1150.0,,339.23,2026-08-05,,PEN,,,Ripley PE,https://simple.ripley.com.pe/monitor-lg-ultrawide-29u531a-w-29-wfhd-ips-100hz-hdmidp-hdr10-usb-c-pmp20001147280
20260805_055550,2026-08-05T06:09:28.535978+00:00,ripley_pe,monitores,20001533743,SAMSUNG,MONITOR SAMSUNG 27' ODYSSEY QD-OLED G8 G80SH 4K 240HZ 0.03MS GAMING PLATA,3519.0,4389.0,1038.05,2026-08-05,20,PEN,,,Ripley PE,https://simple.ripley.com.pe/monitor-samsung-27-odyssey-qd-oled-g8-g80sh-4k-240hz-003ms-gaming-plata-pmp20001533743
20260805_055550,2026-08-05T06:09:28.536976+00:00,ripley_pe,monitores,20001533733,SAMSUNG,MONITOR SAMSUNG 32' VIEWFINITY S7 S70H 4K UHD NEGRO,899.0,1089.0,265.19,2026-08-05,17,PEN,,,Ripley PE,https://simple.ripley.com.pe/monitor-samsung-32-viewfinity-s7-s70h-4k-uhd-negro-pmp20001533733
20260805_055550,2026-08-05T06:09:28.540033+00:00,ripley_pe,monitores,20000561935,GENÉRICO,"MONITOR FHD 15.6"" MNN M156F01 PORTATIL 1080P",279.0,329.0,82.3,2026-08-05,15,PEN,,,Ripley PE,https://simple.ripley.com.pe/monitor-fhd-156-mnn-m156f01-portatil-1080p-pmp20000561935
20260805_055550,2026-08-05T06:09:28.541054+00:00,ripley_pe,monitores,20001236132,TEROS,MONITOR TEROS 24' IPS TE-2417S 144HZ 1MS FHD HDMI DP VESA NEGRO,399.0,,117.7,2026-08-05,,PEN,,,Ripley PE,https://simple.ripley.com.pe/monitor-teros-24-ips-te-2417s-144hz-1ms-fhd-hdmi-dp-vesa-negro-pmp20001236132
20260805_055550,2026-08-05T06:09:28.542038+00:00,ripley_pe,monitores,20001132611,TEROS,MONITOR PLANO TEROS TE-2714S 27' FHD IPS 144HZ 1MS HDMI DP AUDIO OUT PARLANTES NEGRO,379.0,679.0,111.8,2026-08-05,44,PEN,,,Ripley PE,https://simple.ripley.com.pe/monitor-plano-teros-te-2714s-27-fhd-ips-144hz-1ms-hdmi-dp-audio-out-parlantes-negro-pmp20001132611
20260805_055550,2026-08-05T06:09:28.544034+00:00,ripley_pe,monitores,20001293202,LG,MONITOR LG ULTRAGEAR 27G411A-B 27' FHD 144 HZ 5 MS IPS PLANO,459.0,499.0,135.4,2026-08-05,8,PEN,,,Ripley PE,https://simple.ripley.com.pe/monitor-lg-ultragear-27g411a-b-27-fhd-144-hz-5-ms-ips-plano-pmp20001293202
20260805_055550,2026-08-05T06:09:28.545047+00:00,ripley_pe,monitores,20000561937,GENÉRICO,"MONITOR FHD 15.6"" ARZOPA A1 PORTATIL 1080P USB C",419.0,489.0,123.6,2026-08-05,14,PEN,,,Ripley PE,https://simple.ripley.com.pe/monitor-fhd-156-arzopa-a1-portatil-1080p-usb-c-pmp20000561937
20260805_055550,2026-08-05T06:09:28.546035+00:00,ripley_pe,monitores,20001319590,LG,"MONITOR LG 27U730A-B, 27/4K UHD/IPS/60HZ/HDMIX2/DP/HEADPHONES-OUT",1500.0,,442.48,2026-08-05,,PEN,,,Ripley PE,https://simple.ripley.com.pe/monitor-lg-27u730a-b-274k-uhdips60hzhdmix2dpheadphones-out-pmp20001319590
20260805_055550,2026-08-05T06:09:28.546976+00:00,ripley_pe,monitores,20001534333,XIAOMI,MONITOR XIAOMI G24I 2026 EU 24 PULGADAS FHD IPS 200HZ 1MS GAMING NEGRO,409.0,675.0,120.65,2026-08-05,39,PEN,,,Ripley PE,https://simple.ripley.com.pe/monitor-xiaomi-g24i-2026-eu-24-pulgadas-fhd-ips-200hz-1ms-gaming-negro-pmp20001534333
20260805_055550,2026-08-05T06:09:28.546976+00:00,ripley_pe,monitores,20001197059,ASUS,MONITOR ASUS TUF VG249QE5A 23.8' IPS FHD 144HZ 1MS | PANTALLA CON PARLANTE INTEGRADO PARA GAMING,449.0,679.0,132.45,2026-08-05,34,PEN,,,Ripley PE,https://simple.ripley.com.pe/monitor-asus-tuf-vg249qe5a-238-ips-fhd-144hz-1ms-pantalla-con-parlante-integrado-para-gaming-pmp20001197059
20260805_055550,2026-08-05T06:09:28.548075+00:00,ripley_pe,monitores,20001534320,XIAOMI,MONITOR XIAOMI A27QI EU 27 PULGADAS QHD IPS 100HZ 6MS NEGRO,569.0,799.0,167.85,2026-08-05,29,PEN,,,Ripley PE,https://simple.ripley.com.pe/monitor-xiaomi-a27qi-eu-27-pulgadas-qhd-ips-100hz-6ms-negro-pmp20001534320
20260805_055550,2026-08-05T06:09:28.550981+00:00,ripley_pe,monitores,20001261829,SAMSUNG,MONITOR SAMSUNG 32' GAMING ODYSSEY QHD BLACK LS32FG500ELXPE,809.0,1039.0,238.64,2026-08-05,22,PEN,,,Ripley PE,https://simple.ripley.com.pe/monitor-samsung-32-gaming-odyssey-qhd-black-ls32fg500elxpe-pmp20001261829
20260805_055550,2026-08-05T06:09:28.551993+00:00,ripley_pe,monitores,20001421309,LG,MONITOR LG 24MR400-W 23.8' IPS FHD 1920 X 1080 100HZ 5MS FREESYNC BLANCO,359.0,400.0,105.9,2026-08-05,10,PEN,,,Ripley PE,https://simple.ripley.com.pe/monitor-lg-24mr400-w-238-ips-fhd-1920-x-1080-100hz-5ms-freesync-blanco-pmp20001421309
20260805_055550,2026-08-05T06:09:28.552988+00:00,ripley_pe,monitores,20001002339,SAMSUNG,MONITOR SAMSUNG 27' VIEWFINITY S9 5K LIGHT GRAY LS27C900PANXZA,3699.0,4898.99,1091.15,2026-08-05,24,PEN,,,Ripley PE,https://simple.ripley.com.pe/monitor-samsung-27-viewfinity-s9-5k-light-gray-ls27c900panxza-pmp20001002339
20260805_055550,2026-08-05T06:09:28.552988+00:00,ripley_pe,monitores,20000561952,ASUS,"MONITOR ASUS 15.6"" ZENSCREEN MB16ACV PORTATIL 1080P FILTRO LUZ AZUL",899.0,1349.0,265.19,2026-08-05,33,PEN,,,Ripley PE,https://simple.ripley.com.pe/monitor-asus-156-zenscreen-mb16acv-portatil-1080p-filtro-luz-azul-pmp20000561952
20260805_055550,2026-08-05T06:09:28.553981+00:00,ripley_pe,monitores,20000857747,MSI,"MONITOR MSI MAG 274F 0.5MS, HDR Y RAPID IPS 200HZ",619.0,1999.0,182.6,2026-08-05,69,PEN,,,Ripley PE,https://simple.ripley.com.pe/monitor-msi-mag-274f-05ms-hdr-y-rapid-ips-200hz-pmp20000857747
20260805_055550,2026-08-05T06:09:28.553981+00:00,ripley_pe,monitores,20001197089,ASUS,"MONITOR GAMING ASUS VY249HGR 23.8” FHD IPS 120HZ | HDMI, VGA, CONEXIÓN PARA AURICULARES",409.0,619.0,120.65,2026-08-05,34,PEN,,,Ripley PE,https://simple.ripley.com.pe/monitor-gaming-asus-vy249hgr-238-fhd-ips-120hz-hdmi-vga-conexion-para-auriculares-pmp20001197089
20260805_055550,2026-08-05T06:09:28.554982+00:00,ripley_pe,monitores,20001472460,XIAOMI,MONITOR GAMING 2K XIAOMI 27' QHD G27QI 2026,765.0,899.0,225.66,2026-08-05,15,PEN,,,Ripley PE,https://simple.ripley.com.pe/monitor-gaming-2k-xiaomi-27-qhd-g27qi-2026-pmp20001472460
20260805_055550,2026-08-05T06:09:28.554982+00:00,ripley_pe,monitores,20001215671,SAMSUNG,MONITOR SAMSUNG 27' SMART M5 FULL HD NEGRO LS27FM500ELXPE,599.0,699.0,176.7,2026-08-05,14,PEN,,,Ripley PE,https://simple.ripley.com.pe/monitor-samsung-27-smart-m5-full-hd-negro-ls27fm500elxpe-pmp20001215671
20260805_055550,2026-08-05T06:09:28.556216+00:00,ripley_pe,monitores,20001133552,SAMSUNG,MONITOR SAMSUNG VIEWFINITY S7 32' UHD 4K FLAT - RESOLUCIÓN SUPERIOR Y DISEÑO ELEGANTE,1419.0,2129.0,418.58,2026-08-05,33,PEN,,,Ripley PE,https://simple.ripley.com.pe/monitor-samsung-viewfinity-s7-32-uhd-4k-flat-resolucion-superior-y-diseno-elegante-pmp20001133552
20260805_055550,2026-08-05T06:09:28.556216+00:00,ripley_pe,monitores,20001133578,SAMSUNG,"MONITOR SAMSUNG 57' LS57CG950NNXZA: ULTRA PANTALLA QLED CURVE 4K, IDEAL PARA GAMING Y ENTRETENIMIENTO",9619.0,14429.0,2837.46,2026-08-05,33,PEN,,,Ripley PE,https://simple.ripley.com.pe/monitor-samsung-57-ls57cg950nnxza-ultra-pantalla-qled-curve-4k-ideal-para-gaming-y-entretenimiento-pmp20001133578
20260805_055550,2026-08-05T06:09:28.557232+00:00,ripley_pe,monitores,20000911580,SAMSUNG,MONITOR SAMSUNG VIEWFINITY S5 ULTRAWIDE 34 UWQHD HDR LS34C500GALXPE,1549.0,2159.0,456.93,2026-08-05,28,PEN,,,Ripley PE,https://simple.ripley.com.pe/monitor-samsung-viewfinity-s5-ultrawide-34-uwqhd-hdr-ls34c500galxpe-pmp20000911580
20260805_055550,2026-08-05T06:09:28.557232+00:00,ripley_pe,monitores,20001133548,ASUS,MONITOR 27 ASUS ROG SWIFT OLED PG27AQDM-R 2K QHD 240HZ 0.03MS,5369.0,8059.0,1583.78,2026-08-05,33,PEN,,,Ripley PE,https://simple.ripley.com.pe/monitor-27-asus-rog-swift-oled-pg27aqdm-r-2k-qhd-240hz-003ms-pmp20001133548
20260805_055550,2026-08-05T06:09:28.558219+00:00,ripley_pe,monitores,20001479337,SAMSUNG,MONITOR SAMSUNG 34' VIEWFINITY S6 S65UC ULTRA WQHD USB-C NEGRO LS34C650UALXZA,1509.0,1838.99,445.13,2026-08-05,18,PEN,,,Ripley PE,https://simple.ripley.com.pe/monitor-samsung-34-viewfinity-s6-s65uc-ultra-wqhd-usb-c-negro-ls34c650ualxza-pmp20001479337
20260805_055550,2026-08-05T06:09:28.558219+00:00,ripley_pe,monitores,20001148606,SAMSUNG,SAMSUNG 24” MONITOR FHD IPS 100HZ USB-C - IDEAL PARA JUEGOS Y TRABAJO - VISIBILIDAD SUPERIOR,469.0,709.0,138.35,2026-08-05,34,PEN,,,Ripley PE,https://simple.ripley.com.pe/samsung-24-monitor-fhd-ips-100hz-usb-c-ideal-para-juegos-y-trabajo-visibilidad-superior-pmp20001148606
20260805_055550,2026-08-05T06:09:28.559227+00:00,ripley_pe,monitores,20001197122,SAMSUNG,"MONITOR SAMSUNG ESSENTIAL S3 DE 24' FHD IPS, RESOLUCIÓN CLARA Y COLORES VIBRANTES PARA TU ESPACIO DE TRABAJO.",389.0,589.0,114.75,2026-08-05,34,PEN,,,Ripley PE,https://simple.ripley.com.pe/monitor-samsung-essential-s3-de-24-fhd-ips-resolucion-clara-y-colores-vibrantes-para-tu-espacio-de-trabajo-pmp20001197122
20260805_055550,2026-08-05T06:09:28.559227+00:00,ripley_pe,monitores,20001479335,SAMSUNG,MONITOR SAMSUNG 27' VIEWFINITY S8 S80D UHD NEGRO LS27D802EANXZA,1029.0,1358.99,303.54,2026-08-05,24,PEN,,,Ripley PE,https://simple.ripley.com.pe/monitor-samsung-27-viewfinity-s8-s80d-uhd-negro-ls27d802eanxza-pmp20001479335
20260805_055550,2026-08-05T06:09:28.560228+00:00,ripley_pe,monitores,20001524291,MSI,"MONITOR MSI PRO MP273W E14A, 27' FHD IPS, 144HZ, 1MS, PARLANTE",539.0,577.0,159.0,2026-08-05,7,PEN,,,Ripley PE,https://simple.ripley.com.pe/monitor-msi-pro-mp273w-e14a-27-fhd-ips-144hz-1ms-parlante-pmp20001524291
20260805_055550,2026-08-05T06:09:28.561230+00:00,ripley_pe,monitores,20001533775,MSI,MONITOR MSI MAG 255F E20 25 PULGADAS RAPID IPS FULL HD 200HZ 0.5MS GAMING NEGRO,495.0,759.0,146.02,2026-08-05,35,PEN,,,Ripley PE,https://simple.ripley.com.pe/monitor-msi-mag-255f-e20-25-pulgadas-rapid-ips-full-hd-200hz-05ms-gaming-negro-pmp20001533775
20260805_055550,2026-08-05T06:09:28.561230+00:00,ripley_pe,monitores,20001259685,TEROS,MONITOR TEROS TE-2769G 27'' QHD IPS 180HZ 1MS PLANO HDMI DISPLAYPORT,609.0,,179.65,2026-08-05,,PEN,,,Ripley PE,https://simple.ripley.com.pe/monitor-teros-te-2769g-27-qhd-ips-180hz-1ms-plano-hdmi-displayport-pmp20001259685
20260805_055550,2026-08-05T06:09:32.692815+00:00,ripley_pe,monitores,20001148600,ASUS,"ASUS ZENSCREEN MB169CK - MONITOR PORTÁTIL FHD IPS DE 15.6' CON CONEXIÓN USB-C, ULTRA DELGADO Y LIVIANO",549.0,829.0,161.95,2026-08-05,34,PEN,,,Ripley PE,https://simple.ripley.com.pe/asus-zenscreen-mb169ck-monitor-portatil-fhd-ips-de-156-con-conexion-usb-c-ultra-delgado-y-liviano-pmp20001148600
20260805_055550,2026-08-05T06:09:32.692815+00:00,ripley_pe,monitores,20001221964,SAMSUNG,MONITOR 34 SAMSUNG VIEWFINITY S5 LS34C500GALXPE,1549.0,,456.93,2026-08-05,,PEN,,,Ripley PE,https://simple.ripley.com.pe/monitor-34-samsung-viewfinity-s5-ls34c500galxpe-pmp20001221964
20260805_055550,2026-08-05T06:09:32.693818+00:00,ripley_pe,monitores,20001407472,GENÉRICO,MONITOR PORTÁTIL ARZOPA Z1FC 16.1' 1920X1080 IPS USB-C HDMI,499.0,599.0,147.2,2026-08-05,17,PEN,,,Ripley PE,https://simple.ripley.com.pe/monitor-portatil-arzopa-z1fc-161-1920x1080-ips-usb-c-hdmi-pmp20001407472
20260805_055550,2026-08-05T06:09:32.693818+00:00,ripley_pe,monitores,20001216200,SAMSUNG,"MONITOR SAMSUNG SMART M5 DE 27', FHD, WIFI, BLUETOOTH, NEGRO, CON PARLANTE Y CONTROL INTEGRADO",969.0,1459.0,285.84,2026-08-05,34,PEN,,,Ripley PE,https://simple.ripley.com.pe/monitor-samsung-smart-m5-de-27-fhd-wifi-bluetooth-negro-con-parlante-y-control-integrado-pmp20001216200
20260805_055550,2026-08-05T06:09:32.693818+00:00,ripley_pe,monitores,20001133502,GAME PRO,"SOPORTE DE MONITOR DOBLE GAME PRO MUA8014B PARA PANTALLAS DE 14' A 32' - COLOR NEGRO, AJUSTABLE Y ERGONOMICO",119.0,179.0,35.1,2026-08-05,34,PEN,,,Ripley PE,https://simple.ripley.com.pe/soporte-de-monitor-doble-game-pro-mua8014b-para-pantallas-de-14-a-32-color-negro-ajustable-y-ergonomico-pmp20001133502
20260805_055550,2026-08-05T06:09:32.694815+00:00,ripley_pe,monitores,20001346981,SAMSUNG,MONITOR SAMSUNG S3 F330 24 ESSENTIAL FHD100HZ NEGRO,289.0,399.0,85.25,2026-08-05,28,PEN,,,Ripley PE,https://simple.ripley.com.pe/monitor-samsung-s3-f330-24-essential-fhd100hz-negro-pmp20001346981
20260805_055550,2026-08-05T06:09:32.694815+00:00,ripley_pe,monitores,20000561951,GENÉRICO,"MONITOR FHD 14"" PORTATIL LAPTOP 1080P USB-C",1199.0,1379.0,353.69,2026-08-05,13,PEN,,,Ripley PE,https://simple.ripley.com.pe/monitor-fhd-14-portatil-laptop-1080p-usb-c-pmp20000561951
20260805_055550,2026-08-05T06:09:32.695819+00:00,ripley_pe,monitores,20001216339,SAMSUNG,"MONITOR SAMSUNG SMART M5 DE 32' FHD, WIFI Y BLUETOOTH, CON PARLANTE Y CONTROL REMOTO INTEGRADO",949.0,1429.0,279.94,2026-08-05,34,PEN,,,Ripley PE,https://simple.ripley.com.pe/monitor-samsung-smart-m5-de-32-fhd-wifi-y-bluetooth-con-parlante-y-control-remoto-integrado-pmp20001216339
20260805_055550,2026-08-05T06:09:32.695819+00:00,ripley_pe,monitores,20001133573,TEROS,"MONITOR PLANO TEROS TE-2415S 23.8' FHD IPS 120HZ 1MS CON HDMI Y DP, COLOR NEGRO",329.0,499.0,97.05,2026-08-05,34,PEN,,,Ripley PE,https://simple.ripley.com.pe/monitor-plano-teros-te-2415s-238-fhd-ips-120hz-1ms-con-hdmi-y-dp-color-negro-pmp20001133573
20260805_055550,2026-08-05T06:09:32.696815+00:00,ripley_pe,monitores,20001526899,TEROS,MONITOR TEROS 24  FULL HD 144HZ 1MS TE-2403S VA HDMI CURVO,319.0,419.0,94.1,2026-08-05,24,PEN,,,Ripley PE,https://simple.ripley.com.pe/monitor-teros-24-full-hd-144hz-1ms-te-2403s-va-hdmi-curvo-pmp20001526899
20260805_055550,2026-08-05T06:09:32.696815+00:00,ripley_pe,monitores,20001216348,MSI,"MONITOR MSI PRO MP271 DE 27' - PANTALLA PLANA, 144HZ, HDMI, IDEAL PARA GAMING Y OFICINA",789.0,1189.0,232.74,2026-08-05,34,PEN,,,Ripley PE,https://simple.ripley.com.pe/monitor-msi-pro-mp271-de-27-pantalla-plana-144hz-hdmi-ideal-para-gaming-y-oficina-pmp20001216348
20260805_055550,2026-08-05T06:09:32.696815+00:00,ripley_pe,monitores,20001197127,ASUS,"MONITOR ASUS VG279QE5A 27' FHD 144HZ, 1MS, TECNOLOGÍA IPS, PERFECTO PARA GAMING Y DISEÑO",579.0,869.0,170.8,2026-08-05,33,PEN,,,Ripley PE,https://simple.ripley.com.pe/monitor-asus-vg279qe5a-27-fhd-144hz-1ms-tecnologia-ips-perfecto-para-gaming-y-diseno-pmp20001197127
20260805_055550,2026-08-05T06:09:32.697833+00:00,ripley_pe,monitores,20000855242,LG,MONITOR LG ULTRAGEAR 27' 27GR93U-B IPS 4K UHD 144HZ HDMI DISPLAYPORT,2990.0,,882.01,2026-08-05,,PEN,,,Ripley PE,https://simple.ripley.com.pe/monitor-lg-ultragear-27-27gr93u-b-ips-4k-uhd-144hz-hdmi-displayport-pmp20000855242
20260805_055550,2026-08-05T06:09:32.697833+00:00,ripley_pe,monitores,20001133607,ASUS,ASUS PROART PA329CRV 31' MONITOR 4K UHD IPS 60HZ - ALTA BRILLO 350 CD/M² PARA CREATIVOS,2989.0,4489.0,881.71,2026-08-05,33,PEN,,,Ripley PE,https://simple.ripley.com.pe/asus-proart-pa329crv-31-monitor-4k-uhd-ips-60hz-alta-brillo-350-cdm-para-creativos-pmp20001133607
20260805_055550,2026-08-05T06:09:32.697833+00:00,ripley_pe,monitores,20001133533,TEROS,"MONITOR TEROS TE-2130CS 21.5' FHD IPS | CONEXIONES HDMI Y VGA, SOPORTE VESA PARA MONTAJE",269.0,409.0,79.35,2026-08-05,34,PEN,,,Ripley PE,https://simple.ripley.com.pe/monitor-teros-te-2130cs-215-fhd-ips-conexiones-hdmi-y-vga-soporte-vesa-para-montaje-pmp20001133533
20260805_055550,2026-08-05T06:09:32.698820+00:00,ripley_pe,monitores,20001483178,LG,"MONITOR LG GAMING 27U411A-B, 27' FHD IPS, 120HZ, HDMI",409.0,609.0,120.65,2026-08-05,33,PEN,,,Ripley PE,https://simple.ripley.com.pe/monitor-lg-gaming-27u411a-b-27-fhd-ips-120hz-hdmi-pmp20001483178
20260805_055550,2026-08-05T06:09:32.699814+00:00,ripley_pe,monitores,20001527674,MSI,MONITOR MSI 27 FULL HD 280HZ 0.5MS MAG 276CXF VA GAMING CURVO,709.0,889.0,209.14,2026-08-05,20,PEN,,,Ripley PE,https://simple.ripley.com.pe/monitor-msi-27-full-hd-280hz-05ms-mag-276cxf-va-gaming-curvo-pmp20001527674
20260805_055550,2026-08-05T06:09:32.699814+00:00,ripley_pe,monitores,20001449419,ASUS,MONITOR ASUS ROG STRIX OLED XG27ACDMS 27' QD-OLED DE 1440P,2888.0,3119.0,851.92,2026-08-05,7,PEN,,,Ripley PE,https://simple.ripley.com.pe/monitor-asus-rog-strix-oled-xg27acdms-27-qd-oled-de-1440p-pmp20001449419
20260805_055550,2026-08-05T06:09:32.700818+00:00,ripley_pe,monitores,20000707316,LG,"MONITOR IPS FULL HD LG 24"" 24GN65R-B ULTRAGEAR 23.8 144 HZ 1MS PIVOT",2999.0,,884.66,2026-08-05,,PEN,,,Ripley PE,https://simple.ripley.com.pe/monitor-ips-full-hd-lg-24-24gn65r-b-ultragear-238-144-hz-1ms-pivot-pmp20000707316
20260805_055550,2026-08-05T06:09:32.700818+00:00,ripley_pe,monitores,20000054062,SAMSUNG,"MONITOR LED UHD SAMSUNG 32"" LS32BM801UNXGO SMART M8 4K WIFI BLUETOOTH WEBCAM USB C PARLANTES",2599.0,2899.0,766.67,2026-08-05,10,PEN,,,Ripley PE,https://simple.ripley.com.pe/monitor-led-uhd-samsung-32-ls32bm801unxgo-smart-m8-4k-wifi-bluetooth-webcam-usb-c-parlantes-pmp20000054062
20260805_055550,2026-08-05T06:09:32.701876+00:00,ripley_pe,monitores,20001242204,HP,MONITOR HP 24 S5 PRO 524PN PANTALLA FULL HD HDMI DP 24 PULGADAS CONEXIONES VERSÁTILES,1169.0,1759.0,344.84,2026-08-05,34,PEN,,,Ripley PE,https://simple.ripley.com.pe/monitor-hp-24-s5-pro-524pn-pantalla-full-hd-hdmi-dp-24-pulgadas-conexiones-versatiles-pmp20001242204
20260805_055550,2026-08-05T06:09:32.701876+00:00,ripley_pe,monitores,20001133537,GIGABYTE,"MONITOR GAMING GIGABYTE 27' GS27QCA QHD, ALTA VELOCIDAD, DISEÑO ELEGANTE Y COLORES VIBRANTES",769.0,1159.0,226.84,2026-08-05,34,PEN,,,Ripley PE,https://simple.ripley.com.pe/monitor-gaming-gigabyte-27-gs27qca-qhd-alta-velocidad-diseno-elegante-y-colores-vibrantes-pmp20001133537
20260805_055550,2026-08-05T06:09:32.701876+00:00,ripley_pe,monitores,20001216261,DELL,"MONITOR DELL PRO 24 E2425HSM DE 23.8' FHD, 5 MS, HDMI/DISPLAYPORT/VGA, AJUSTABLE Y VERSÁTIL",659.0,989.0,194.4,2026-08-05,33,PEN,,,Ripley PE,https://simple.ripley.com.pe/monitor-dell-pro-24-e2425hsm-de-238-fhd-5-ms-hdmidisplayportvga-ajustable-y-versatil-pmp20001216261
20260805_055550,2026-08-05T06:09:32.702878+00:00,ripley_pe,monitores,20001197124,HP,"MONITOR HP 21.5' PRO 322PF FULL HD - PANTALLA LED, CONEXIÓN HDMI, IDEAL PARA EL HOGAR Y LA OFICINA",649.0,979.0,191.45,2026-08-05,34,PEN,,,Ripley PE,https://simple.ripley.com.pe/monitor-hp-215-pro-322pf-full-hd-pantalla-led-conexion-hdmi-ideal-para-el-hogar-y-la-oficina-pmp20001197124
20260805_055550,2026-08-05T06:09:32.702878+00:00,ripley_pe,monitores,20000853689,SAMSUNG,MONITOR SAMSUNG 34 VIEWFINITY S5 ULTRAWIDE 100HZ,1420.0,,418.88,2026-08-05,,PEN,,,Ripley PE,https://simple.ripley.com.pe/monitor-samsung-34-viewfinity-s5-ultrawide-100hz-pmp20000853689
20260805_055550,2026-08-05T06:09:32.703878+00:00,ripley_pe,monitores,20001475397,ASUS,ASUS TUF VG249QE5A MONITOR GAMER IPS 146HZ 1MS CON COLORES 125% SRGB,439.0,499.0,129.5,2026-08-05,12,PEN,,,Ripley PE,https://simple.ripley.com.pe/asus-tuf-vg249qe5a-monitor-gamer-ips-146hz-1ms-con-colores-125-srgb-pmp20001475397
20260805_055550,2026-08-05T06:09:32.703878+00:00,ripley_pe,monitores,20001133565,LG,"MONITOR LG 27' ULTRAFINE 4K UHD HDR10 - IPS, 90% DCI-P3, CONEXIONES USB-C, HDMI, DISPLAYPORT, ALTAVOCES",1449.0,2179.0,427.43,2026-08-05,34,PEN,,,Ripley PE,https://simple.ripley.com.pe/monitor-lg-27-ultrafine-4k-uhd-hdr10-ips-90-dci-p3-conexiones-usb-c-hdmi-displayport-altavoces-pmp20001133565
20260805_055550,2026-08-05T06:09:32.704882+00:00,ripley_pe,monitores,20000690157,SAMSUNG,"MONITOR LED WUXGA SAMSUNG 34"" LS34C500GALXPE ULTRAWIDE 100HZ 5MS VA PBP PIP",1089.0,1399.0,321.24,2026-08-05,22,PEN,,,Ripley PE,https://simple.ripley.com.pe/monitor-led-wuxga-samsung-34-ls34c500galxpe-ultrawide-100hz-5ms-va-pbp-pip-pmp20000690157
20260805_055550,2026-08-05T06:09:32.704882+00:00,ripley_pe,monitores,20001462491,SAMSUNG,MONITOR SAMSUNG ESSENTIAL S3 LS27F320GANXZA 27' FHD 120HZ HDMI,429.0,549.0,126.55,2026-08-05,22,PEN,,,Ripley PE,https://simple.ripley.com.pe/monitor-samsung-essential-s3-ls27f320ganxza-27-fhd-120hz-hdmi-pmp20001462491
20260805_055550,2026-08-05T06:09:32.704882+00:00,ripley_pe,monitores,20001162103,ASUS,"MONITOR ASUS PROART PA278QV DE 27' IPS 2K WQHD, CON PIVOTE Y PARLANTE INTEGRADO - IDEAL PARA DISEÑO Y MULTIMEDIA",1199.0,1799.0,353.69,2026-08-05,33,PEN,,,Ripley PE,https://simple.ripley.com.pe/monitor-asus-proart-pa278qv-de-27-ips-2k-wqhd-con-pivote-y-parlante-integrado-ideal-para-diseno-y-multimedia-pmp20001162103
20260805_055550,2026-08-05T06:09:32.705883+00:00,ripley_pe,monitores,20001242196,HP,MONITOR HP 27 PRO 27 PULGADAS FULL HD 327PF CON CONECTIVIDAD DP HDMI Y VGA,939.0,1409.0,276.99,2026-08-05,33,PEN,,,Ripley PE,https://simple.ripley.com.pe/monitor-hp-27-pro-27-pulgadas-full-hd-327pf-con-conectividad-dp-hdmi-y-vga-pmp20001242196
20260805_055550,2026-08-05T06:09:32.705883+00:00,ripley_pe,monitores,20001533738,SAMSUNG,MONITOR SAMSUNG 27' ODYSSEY G4 G40H FHD 300HZ GAMING NEGRO,829.0,1008.99,244.54,2026-08-05,18,PEN,,,Ripley PE,https://simple.ripley.com.pe/monitor-samsung-27-odyssey-g4-g40h-fhd-300hz-gaming-negro-pmp20001533738
20260805_055550,2026-08-05T06:09:32.706889+00:00,ripley_pe,monitores,20001242229,ASUS,"MONITOR ASUS VA249HG 23.8” FULL HD, PANTALLA LED, DISEÑO ELEGANTE Y CONECTIVIDAD VGA/HDMI",399.0,599.0,117.7,2026-08-05,33,PEN,,,Ripley PE,https://simple.ripley.com.pe/monitor-asus-va249hg-238-full-hd-pantalla-led-diseno-elegante-y-conectividad-vgahdmi-pmp20001242229
20260805_055550,2026-08-05T06:09:32.706889+00:00,ripley_pe,monitores,20001165588,LG,"MONITOR CURVO LG OLED DE 45' PARA GAMING - 240HZ, 0.03MS, WQHD, IDEAL PARA JUEGOS INMERSIVOS",5599.0,8399.0,1651.62,2026-08-05,33,PEN,,,Ripley PE,https://simple.ripley.com.pe/monitor-curvo-lg-oled-de-45-para-gaming-240hz-003ms-wqhd-ideal-para-juegos-inmersivos-pmp20001165588
20260805_055550,2026-08-05T06:09:32.707884+00:00,ripley_pe,monitores,20001540732,LG,"MONITOR LG 27U631A 27' IPS QHD 100HZ, 5MS, HDMI, USB-C",600.0,800.0,176.99,2026-08-05,25,PEN,,,Ripley PE,https://simple.ripley.com.pe/monitor-lg-27u631a-27-ips-qhd-100hz-5ms-hdmi-usb-c-pmp20001540732
20260805_055550,2026-08-05T06:09:32.707884+00:00,ripley_pe,monitores,20001133608,SAMSUNG,MONITOR SAMSUNG FHD 27' 100HZ CON PIVOT Y CONECTIVIDAD HDMI/DP - PERFECTO PARA GAMING Y TRABAJO,559.0,839.0,164.9,2026-08-05,33,PEN,,,Ripley PE,https://simple.ripley.com.pe/monitor-samsung-fhd-27-100hz-con-pivot-y-conectividad-hdmidp-perfecto-para-gaming-y-trabajo-pmp20001133608
20260805_055550,2026-08-05T06:09:32.708882+00:00,ripley_pe,monitores,20001479334,SAMSUNG,MONITOR SAMSUNG 27' VIEWFINITY S8 S80PB 4K UHD IPS NEGRO LS27B804PXNXZA,1509.0,1859.0,445.13,2026-08-05,19,PEN,,,Ripley PE,https://simple.ripley.com.pe/monitor-samsung-27-viewfinity-s8-s80pb-4k-uhd-ips-negro-ls27b804pxnxza-pmp20001479334
20260805_055550,2026-08-05T06:09:32.709818+00:00,ripley_pe,monitores,20001125381,TEROS,MONITOR TEROS TE-2402S 23.8' CURVO FHD 100HZ 1MS HDMI VGA FHD,328.0,358.0,96.76,2026-08-05,8,PEN,,,Ripley PE,https://simple.ripley.com.pe/monitor-teros-te-2402s-238-curvo-fhd-100hz-1ms-hdmi-vga-fhd-pmp20001125381
20260805_055550,2026-08-05T06:09:32.709818+00:00,ripley_pe,monitores,20001162215,HP,MONITOR HP S7 PRO 727PK 4K TB4 RESOLUCIÓN 8J9G2AA#ABA,2339.0,3509.0,689.97,2026-08-05,33,PEN,,,Ripley PE,https://simple.ripley.com.pe/monitor-hp-s7-pro-727pk-4k-tb4-resolucion-8j9g2aaaba-pmp20001162215
20260805_055550,2026-08-05T06:09:32.710883+00:00,ripley_pe,monitores,20001063112,SAMSUNG,"MONITOR SAMSUNG ODYSSEY G4 25' FULL HD IPS, 240HZ, 1MS, FREESYNC/G-SYNC, NEGRO",1049.0,1579.0,309.44,2026-08-05,34,PEN,,,Ripley PE,https://simple.ripley.com.pe/monitor-samsung-odyssey-g4-25-full-hd-ips-240hz-1ms-freesyncg-sync-negro-pmp20001063112
20260805_055550,2026-08-05T06:09:32.710883+00:00,ripley_pe,monitores,20001215692,SAMSUNG,MONITOR SAMSUNG 37' VIEWFINITY S8 UHD NEGRO LS37D800UANXZA,1579.0,1909.0,465.78,2026-08-05,17,PEN,,,Ripley PE,https://simple.ripley.com.pe/monitor-samsung-37-viewfinity-s8-uhd-negro-ls37d800uanxza-pmp20001215692
20260805_055550,2026-08-05T06:09:32.711944+00:00,ripley_pe,monitores,20000839649,SAMSUNG,MONITOR SAMSUNG LS32B300NWNXGO – 32' FHD VA 75HZ 8MS FREESYNC,879.0,909.0,259.29,2026-08-05,3,PEN,,,Ripley PE,https://simple.ripley.com.pe/monitor-samsung-ls32b300nwnxgo-32-fhd-va-75hz-8ms-freesync-pmp20000839649
20260805_055550,2026-08-05T06:09:32.711944+00:00,ripley_pe,monitores,20000708258,TEROS,"MONITOR FHD IPS TEROS 21.5"" PLANO TE-2127S HDMI VGA",300.0,500.0,88.5,2026-08-05,40,PEN,,,Ripley PE,https://simple.ripley.com.pe/monitor-fhd-ips-teros-215-plano-te-2127s-hdmi-vga-pmp20000708258
20260805_055550,2026-08-05T06:09:32.712955+00:00,ripley_pe,monitores,20001148589,LG,MONITOR LG GAMING 32G810SA 32' IPS 144HZ 1MS CON USB-C Y PIVOT - IDEAL PARA JUGADORES EXIGENTES,3209.0,4819.0,946.61,2026-08-05,33,PEN,,,Ripley PE,https://simple.ripley.com.pe/monitor-lg-gaming-32g810sa-32-ips-144hz-1ms-con-usb-c-y-pivot-ideal-para-jugadores-exigentes-pmp20001148589
20260805_055550,2026-08-05T06:09:32.712955+00:00,ripley_pe,monitores,20000476433,PIONEER DJ,ACCESORIO DJ PIONEER DM-40D ALTAVOZ 10 CM,1025.0,1400.0,302.36,2026-08-05,27,PEN,,,Ripley PE,https://simple.ripley.com.pe/accesorio-dj-pioneer-dm-40d-altavoz-10-cm-pmp20000476433
20260805_055550,2026-08-05T06:09:32.713946+00:00,ripley_pe,monitores,20001458040,ASUS,MONITOR ASUS XG27ACDMS ROG STRIX OLED 27” QHD 280HZ 0.03MS QD-OLED,2999.0,3700.0,884.66,2026-08-05,19,PEN,,,Ripley PE,https://simple.ripley.com.pe/monitor-asus-xg27acdms-rog-strix-oled-27-qhd-280hz-003ms-qd-oled-pmp20001458040
20260805_055550,2026-08-05T06:09:32.713946+00:00,ripley_pe,monitores,20001078408,SAMSUNG,MONITOR SAMSUNG 43' SMART AI UHD BLACK LS43FM700ULXPE,1219.0,1609.0,359.59,2026-08-05,24,PEN,,,Ripley PE,https://simple.ripley.com.pe/monitor-samsung-43-smart-ai-uhd-black-ls43fm700ulxpe-pmp20001078408
20260805_055550,2026-08-05T06:09:36.797396+00:00,ripley_pe,monitores,20001534324,XIAOMI,MONITOR XIAOMI A27UI 27 PULGADAS 4K UHD IPS USB-C 90W HDR NEGRO,949.0,1209.0,279.94,2026-08-05,22,PEN,,,Ripley PE,https://simple.ripley.com.pe/monitor-xiaomi-a27ui-27-pulgadas-4k-uhd-ips-usb-c-90w-hdr-negro-pmp20001534324
20260805_055550,2026-08-05T06:09:36.797396+00:00,ripley_pe,monitores,20001162065,ASUS,MONITOR 27'' ASUS TUF VG27AQ5A IPS 2K QHD 210HZ - PANTALLA ULTRA RÁPIDA Y ALTA RESOLUCIÓN,1099.0,1649.0,324.19,2026-08-05,33,PEN,,,Ripley PE,https://simple.ripley.com.pe/monitor-27-asus-tuf-vg27aq5a-ips-2k-qhd-210hz-pantalla-ultra-rapida-y-alta-resolucion-pmp20001162065
20260805_055550,2026-08-05T06:09:36.798395+00:00,ripley_pe,monitores,20000738643,AOC,MONITOR FULL HD AOC 24P2U 23.8 IPS PIVOT 75 HZ,449.0,539.0,132.45,2026-08-05,17,PEN,,,Ripley PE,https://simple.ripley.com.pe/monitor-full-hd-aoc-24p2u-238-ips-pivot-75-hz-pmp20000738643
20260805_055550,2026-08-05T06:09:36.798395+00:00,ripley_pe,monitores,20001242219,DELL,"MONITOR DELL PRO E2425HM 24' FULL HD VA, HDMI, DISPLAYPORT, 5MS, COMPATIBLE CON VESA, 250CD/M²",589.0,889.0,173.75,2026-08-05,34,PEN,,,Ripley PE,https://simple.ripley.com.pe/monitor-dell-pro-e2425hm-24-full-hd-va-hdmi-displayport-5ms-compatible-con-vesa-250cdm-pmp20001242219
20260805_055550,2026-08-05T06:09:36.799395+00:00,ripley_pe,monitores,20001197134,HP,"MONITOR HP E24MV G4 CONFERENCING 23.8' FULL HD 1920X1080, IDEAL PARA VIDEOCONFERENCIAS",1149.0,1729.0,338.94,2026-08-05,34,PEN,,,Ripley PE,https://simple.ripley.com.pe/monitor-hp-e24mv-g4-conferencing-238-full-hd-1920x1080-ideal-para-videoconferencias-pmp20001197134
20260805_055550,2026-08-05T06:09:36.799395+00:00,ripley_pe,monitores,20001197079,HP,"MONITOR HP PRO 322PV DE 21.45' CON PANEL FULL HD, IDEAL PARA OFICINA Y ENTRETENIMIENTO, COLOR NEGRO",709.0,1069.0,209.14,2026-08-05,34,PEN,,,Ripley PE,https://simple.ripley.com.pe/monitor-hp-pro-322pv-de-2145-con-panel-full-hd-ideal-para-oficina-y-entretenimiento-color-negro-pmp20001197079
20260805_055550,2026-08-05T06:09:36.799395+00:00,ripley_pe,monitores,20001197070,ASUS,"MONITOR TÁCTIL ASUS VT229H DE 21.5' FULL HD, IDEAL PARA USO DOMÉSTICO Y OFICINAS, RESPONDO AL TACTO",1049.0,1579.0,309.44,2026-08-05,34,PEN,,,Ripley PE,https://simple.ripley.com.pe/monitor-tactil-asus-vt229h-de-215-full-hd-ideal-para-uso-domestico-y-oficinas-respondo-al-tacto-pmp20001197070
20260805_055550,2026-08-05T06:09:36.800395+00:00,ripley_pe,monitores,20001133585,ASUS,"MONITOR ASUS VZ24EHF FULL HD 24' IPS, DISEÑO DELGADO, CONECTIVIDAD HDMI Y VGA, COLOR NEGRO",519.0,779.0,153.1,2026-08-05,33,PEN,,,Ripley PE,https://simple.ripley.com.pe/monitor-asus-vz24ehf-full-hd-24-ips-diseno-delgado-conectividad-hdmi-y-vga-color-negro-pmp20001133585
20260805_055550,2026-08-05T06:09:36.800395+00:00,ripley_pe,monitores,20001488975,LG,MONITOR GAMER LG ULTRAGEAR 27G440A-B 27″ FHD 240HZ IPS,739.0,799.0,217.99,2026-08-05,8,PEN,,,Ripley PE,https://simple.ripley.com.pe/monitor-gamer-lg-ultragear-27g440a-b-27-fhd-240hz-ips-pmp20001488975
20260805_055550,2026-08-05T06:09:36.801395+00:00,ripley_pe,monitores,20001242569,HP,HP 24 PULGADAS SERIE 7 PRO 724PU MONITOR WUXGA RESOLUCIÓN ALTA IDEAL PARA OFICINA Y ESTUDIO,1839.0,2759.0,542.48,2026-08-05,33,PEN,,,Ripley PE,https://simple.ripley.com.pe/hp-24-pulgadas-serie-7-pro-724pu-monitor-wuxga-resolucion-alta-ideal-para-oficina-y-estudio-pmp20001242569
20260805_055550,2026-08-05T06:09:36.801395+00:00,ripley_pe,monitores,20001449431,SAMSUNG,MONITOR SAMSUNG ODYSSEY G5 S27FG500EL 27 FAST IPS 2K QHD,2110.0,2279.0,622.42,2026-08-05,7,PEN,,,Ripley PE,https://simple.ripley.com.pe/monitor-samsung-odyssey-g5-s27fg500el-27-fast-ips-2k-qhd-pmp20001449431
20260805_055550,2026-08-05T06:09:36.802395+00:00,ripley_pe,monitores,20001159240,TEROS,MONITOR PLANO TEROS TE-2419CS 24' WUXGA IPS 75HZ 5MS HDMI VGA,380.0,,112.09,2026-08-05,,PEN,,,Ripley PE,https://simple.ripley.com.pe/monitor-plano-teros-te-2419cs-24-wuxga-ips-75hz-5ms-hdmi-vga-pmp20001159240
20260805_055550,2026-08-05T06:09:36.802395+00:00,ripley_pe,monitores,20000853645,SAMSUNG,MONITOR SAMSUNG 34 VIEWFINITY S5 ULTRAWIDE 100HZ,1400.0,,412.98,2026-08-05,,PEN,,,Ripley PE,https://simple.ripley.com.pe/monitor-samsung-34-viewfinity-s5-ultrawide-100hz-pmp20000853645
20260805_055550,2026-08-05T06:09:36.803395+00:00,ripley_pe,monitores,20001449420,LG,MONITOR LG ULTRAGEAR G6 34G600A-B CURVO  34' WQHD,1832.0,1979.0,540.41,2026-08-05,7,PEN,,,Ripley PE,https://simple.ripley.com.pe/monitor-lg-ultragear-g6-34g600a-b-curvo-34-wqhd-pmp20001449420
20260805_055550,2026-08-05T06:09:36.804395+00:00,ripley_pe,monitores,20001002344,SAMSUNG,MONITOR SAMSUNG 24' VIEWFINITY S6 QHD BLACKLS24D600EALXPE,709.0,889.0,209.14,2026-08-05,20,PEN,,,Ripley PE,https://simple.ripley.com.pe/monitor-samsung-24-viewfinity-s6-qhd-blackls24d600ealxpe-pmp20001002344
20260805_055550,2026-08-05T06:09:36.804395+00:00,ripley_pe,monitores,20001197080,HP,"MONITOR HP E24T G5 DE 23.8', PANTALLA TÁCTIL FULL HD, DISEÑO ELEGANTE Y CONECTIVIDAD VERSÁTIL",1619.0,2429.0,477.58,2026-08-05,33,PEN,,,Ripley PE,https://simple.ripley.com.pe/monitor-hp-e24t-g5-de-238-pantalla-tactil-full-hd-diseno-elegante-y-conectividad-versatil-pmp20001197080
20260805_055550,2026-08-05T06:09:36.804395+00:00,ripley_pe,monitores,20000853964,SAMSUNG,MONITOR SAMSUNG LS27DG600SLXPE ODYSSEY G6 27 OLED QHD 360HZ 003MS,3600.0,,1061.95,2026-08-05,,PEN,,,Ripley PE,https://simple.ripley.com.pe/monitor-samsung-ls27dg600slxpe-odyssey-g6-27-oled-qhd-360hz-003ms-pmp20000853964
20260805_055550,2026-08-05T06:09:36.805395+00:00,ripley_pe,monitores,20001011523,MSI,"MONITOR MSI MAG 244F PLANO 23.8, FHD RAPID IPS (1920 X 1080), HDMI / DP / HEADPHONE-OUT",503.0,610.0,148.38,2026-08-05,18,PEN,,,Ripley PE,https://simple.ripley.com.pe/monitor-msi-mag-244f-plano-238-fhd-rapid-ips-1920-x-1080-hdmi-dp-headphone-out-pmp20001011523
20260805_055550,2026-08-05T06:09:36.805395+00:00,ripley_pe,monitores,20001133587,HP,MONITOR HP SERIE 5 524SW IPS FHD 100HZ,429.0,649.0,126.55,2026-08-05,34,PEN,,,Ripley PE,https://simple.ripley.com.pe/monitor-hp-serie-5-524sw-ips-fhd-100hz-pmp20001133587
20260805_055550,2026-08-05T06:09:36.806395+00:00,ripley_pe,monitores,20001481214,TEROS,"MONITOR CURVO TEROS TE-2734S, 27' FHD VA, 144HZ, 1MS, HDMI, DP, AUDIO OUT",529.0,639.0,156.05,2026-08-05,17,PEN,,,Ripley PE,https://simple.ripley.com.pe/monitor-curvo-teros-te-2734s-27-fhd-va-144hz-1ms-hdmi-dp-audio-out-pmp20001481214
20260805_055550,2026-08-05T06:09:36.806395+00:00,ripley_pe,monitores,20001512318,TEROS,MONITOR GAMER TEROS  34' CURVO 180HZ 1MS 2K HDMI 2.1 HDR400 FREESYNC,1075.0,1600.0,317.11,2026-08-05,33,PEN,,,Ripley PE,https://simple.ripley.com.pe/monitor-gamer-teros-34-curvo-180hz-1ms-2k-hdmi-21-hdr400-freesync-pmp20001512318
20260805_055550,2026-08-05T06:09:36.807395+00:00,ripley_pe,monitores,20001524294,MSI,"MONITOR MSI PRO MP251 E14L, 25' FHD IPS, 144HZ, 1MS",409.0,438.0,120.65,2026-08-05,7,PEN,,,Ripley PE,https://simple.ripley.com.pe/monitor-msi-pro-mp251-e14l-25-fhd-ips-144hz-1ms-pmp20001524294
20260805_055550,2026-08-05T06:09:36.807395+00:00,ripley_pe,monitores,20001165619,LG,MONITOR LG 34G600A-B.AWF LED CURVO VA WQHD 1800R HDR10 VESA,1549.0,2329.0,456.93,2026-08-05,33,PEN,,,Ripley PE,https://simple.ripley.com.pe/monitor-lg-34g600a-bawf-led-curvo-va-wqhd-1800r-hdr10-vesa-pmp20001165619
20260805_055550,2026-08-05T06:09:36.808395+00:00,ripley_pe,monitores,20001216269,ASUS,MONITOR ASUS TUF GAMING VG249Q5R 24' 200HZ 0.3MS - PANTALLA FULL HD PARA JUEGOS RÁPIDOS,609.0,919.0,179.65,2026-08-05,34,PEN,,,Ripley PE,https://simple.ripley.com.pe/monitor-asus-tuf-gaming-vg249q5r-24-200hz-03ms-pantalla-full-hd-para-juegos-rapidos-pmp20001216269
20260805_055550,2026-08-05T06:09:36.808395+00:00,ripley_pe,monitores,20001197092,HP,MONITOR HP SERIE 7 PRO 724PN WUXGA 1920X1200,1999.0,2999.0,589.68,2026-08-05,33,PEN,,,Ripley PE,https://simple.ripley.com.pe/monitor-hp-serie-7-pro-724pn-wuxga-1920x1200-pmp20001197092
20260805_055550,2026-08-05T06:09:36.808395+00:00,ripley_pe,monitores,20001197145,ASUS,MONITOR CURVO 34.1' ASUS PROART PA34VCNV 4K WQHD IPS CON PARLANTE INTEGRADO - IDEAL PARA CREADORES,2999.0,4499.0,884.66,2026-08-05,33,PEN,,,Ripley PE,https://simple.ripley.com.pe/monitor-curvo-341-asus-proart-pa34vcnv-4k-wqhd-ips-con-parlante-integrado-ideal-para-creadores-pmp20001197145
20260805_055550,2026-08-05T06:09:36.809395+00:00,ripley_pe,monitores,20000834823,MSI,MONITOR MSI MAG 32C6X 32 CURVO FHD 250HZ 1MS ADAPTIVE-SYNC HDMIDP,1199.0,,353.69,2026-08-05,,PEN,,,Ripley PE,https://simple.ripley.com.pe/monitor-msi-mag-32c6x-32-curvo-fhd-250hz-1ms-adaptive-sync-hdmidp-pmp20000834823
20260805_055550,2026-08-05T06:09:36.809395+00:00,ripley_pe,monitores,20001002332,SAMSUNG,MONITOR SAMSUNG 27' VIEWFINITY S6 QHD BLACK LS27D600EALXPE,859.0,1079.0,253.39,2026-08-05,20,PEN,,,Ripley PE,https://simple.ripley.com.pe/monitor-samsung-27-viewfinity-s6-qhd-black-ls27d600ealxpe-pmp20001002332
20260805_055550,2026-08-05T06:09:36.810395+00:00,ripley_pe,monitores,20001100147,XIAOMI,XIAOMI MONITOR A24I,579.0,679.0,170.8,2026-08-05,15,PEN,,,Ripley PE,https://simple.ripley.com.pe/xiaomi-monitor-a24i-pmp20001100147
20260805_055550,2026-08-05T06:09:36.810395+00:00,ripley_pe,monitores,20001197094,ASUS,MONITOR GAMING ASUS VY279HGR DE 27' FHD IPS 120HZ - CONECTIVIDAD HDMI Y VGA PARA UNA EXPERIENCIA FLUIDA,529.0,799.0,156.05,2026-08-05,34,PEN,,,Ripley PE,https://simple.ripley.com.pe/monitor-gaming-asus-vy279hgr-de-27-fhd-ips-120hz-conectividad-hdmi-y-vga-para-una-experiencia-fluida-pmp20001197094
20260805_055550,2026-08-05T06:09:36.811395+00:00,ripley_pe,monitores,20000708260,TEROS,"MONITOR IPS FHD TEROS 23.8"" PLANO TE-2415S HDMI VGA",380.0,450.0,112.09,2026-08-05,16,PEN,,,Ripley PE,https://simple.ripley.com.pe/monitor-ips-fhd-teros-238-plano-te-2415s-hdmi-vga-pmp20000708260
20260805_055550,2026-08-05T06:09:36.811395+00:00,ripley_pe,monitores,20001133610,HP,"MONITOR HP GAMING X27 DE 27' FHD, 165HZ Y 1MS – EXPERIENCIA DE JUEGO INMERSIVA Y RÁPIDA",989.0,1489.0,291.74,2026-08-05,34,PEN,,,Ripley PE,https://simple.ripley.com.pe/monitor-hp-gaming-x27-de-27-fhd-165hz-y-1ms-experiencia-de-juego-inmersiva-y-rapida-pmp20001133610
20260805_055550,2026-08-05T06:09:36.811395+00:00,ripley_pe,monitores,20001148596,MSI,"MONITOR MSI MAG-271QPX OLED 27” 2560X1440, 360HZ Y 0.03 MS - IDEAL PARA GAMING Y DISEÑO",3999.0,5999.0,1179.65,2026-08-05,33,PEN,,,Ripley PE,https://simple.ripley.com.pe/monitor-msi-mag-271qpx-oled-27-2560x1440-360hz-y-003-ms-ideal-para-gaming-y-diseno-pmp20001148596
20260805_055550,2026-08-05T06:09:36.812395+00:00,ripley_pe,monitores,20000605862,SAMSUNG,"MONITOR IPS FHD SAMSUNG 24"" LS24C330GALXPE 24 ESSENTIAL S3 1920X1080 PANEL 100HZ",600.0,,176.99,2026-08-05,,PEN,,,Ripley PE,https://simple.ripley.com.pe/monitor-ips-fhd-samsung-24-ls24c330galxpe-24-essential-s3-1920x1080-panel-100hz-pmp20000605862
20260805_055550,2026-08-05T06:09:36.813396+00:00,ripley_pe,monitores,20001331289,TEROS,"MONITOR PLANO TEROS TE-2415S, 23.8' FHD IPS, 120HZ, 1MS, HDMI, DP,",499.0,,147.2,2026-08-05,,PEN,,,Ripley PE,https://simple.ripley.com.pe/monitor-plano-teros-te-2415s-238-fhd-ips-120hz-1ms-hdmi-dp-pmp20001331289
20260805_055550,2026-08-05T06:09:36.813396+00:00,ripley_pe,monitores,20000205413,ASUS,"MONITOR ASUS 27"" ROG SWIFT  HDR 360 HZ 1440P",5859.0,,1728.32,2026-08-05,,PEN,,,Ripley PE,https://simple.ripley.com.pe/monitor-asus-27-rog-swift-hdr-360-hz-1440p-pmp20000205413
20260805_055550,2026-08-05T06:09:36.814395+00:00,ripley_pe,monitores,20001510493,LG,MONITOR LG 32U631A B 32 LED IPS QHD 100HZ 5M 1XHDMI,839.0,1019.0,247.49,2026-08-05,18,PEN,,,Ripley PE,https://simple.ripley.com.pe/monitor-lg-32u631a-b-32-led-ips-qhd-100hz-5m-1xhdmi-pmp20001510493
20260805_055550,2026-08-05T06:09:36.814395+00:00,ripley_pe,monitores,20001100138,XIAOMI,XIAOMI 2K MONITOR A27QI,999.0,1099.0,294.69,2026-08-05,9,PEN,,,Ripley PE,https://simple.ripley.com.pe/xiaomi-2k-monitor-a27qi-pmp20001100138
20260805_055550,2026-08-05T06:09:36.814395+00:00,ripley_pe,monitores,20001126103,TEROS,MONITOR PLANO TEROS TE-2128S,259.0,400.0,76.4,2026-08-05,35,PEN,,,Ripley PE,https://simple.ripley.com.pe/monitor-plano-teros-te-2128s-pmp20001126103
20260805_055550,2026-08-05T06:09:36.815395+00:00,ripley_pe,monitores,20001533740,SAMSUNG,MONITOR SAMSUNG 40' VIEWFINITY S8 S85TH 5K2K WUHD NEGRO,3609.0,4539.0,1064.6,2026-08-05,20,PEN,,,Ripley PE,https://simple.ripley.com.pe/monitor-samsung-40-viewfinity-s8-s85th-5k2k-wuhd-negro-pmp20001533740
20260805_055550,2026-08-05T06:09:36.816395+00:00,ripley_pe,monitores,20001450621,SAMSUNG,"Monitor Samsung 50"" Business TV4K BEFX-H LH50BEFHLGGXPE",1659.0,,489.38,2026-08-05,,PEN,,,Ripley PE,https://simple.ripley.com.pe/monitor-samsung-50-business-tv4k-befx-h-lh50befhlggxpe-pmp20001450621
20260805_055550,2026-08-05T06:09:36.816395+00:00,ripley_pe,monitores,20001483185,LG,"MONITOR LG 34U511A-B, ULTRAWIDE 34' WFHD, IPS, 100HZ, 1MS, HDR400",999.0,1209.0,294.69,2026-08-05,17,PEN,,,Ripley PE,https://simple.ripley.com.pe/monitor-lg-34u511a-b-ultrawide-34-wfhd-ips-100hz-1ms-hdr400-pmp20001483185
20260805_055550,2026-08-05T06:09:36.817395+00:00,ripley_pe,monitores,20001479336,SAMSUNG,MONITOR SAMSUNG 32' VIEWFINITY S8 S80D UHD NEGRO LS32D802EANXZA,1139.0,1529.0,335.99,2026-08-05,26,PEN,,,Ripley PE,https://simple.ripley.com.pe/monitor-samsung-32-viewfinity-s8-s80d-uhd-negro-ls32d802eanxza-pmp20001479336
20260805_055550,2026-08-05T06:09:36.818395+00:00,ripley_pe,monitores,20001545481,GENERAL ELECTRIC,EXTENSOR DE PANTALLA PARA LAPTOP MONITOR DE PANTALLA DUAL FHD 1080P DE 14 PULGADAS PARA PORTÁTIL MONITOR PORTÁTIL ULTRALIGERO,589.0,739.0,173.75,2026-08-05,20,PEN,,,Ripley PE,https://simple.ripley.com.pe/extensor-de-pantalla-para-laptop-monitor-de-pantalla-dual-fhd-1080p-de-14-pulgadas-para-portatil-monitor-portatil-ultraligero-pmp20001545481
20260805_055550,2026-08-05T06:09:36.818395+00:00,ripley_pe,monitores,20001485318,XIAOMI,MONITOR XIAOMI 34” CURVO G34WQI 2026 WQHD 2K 180HZ,1299.0,1403.0,383.19,2026-08-05,7,PEN,,,Ripley PE,https://simple.ripley.com.pe/monitor-xiaomi-34-curvo-g34wqi-2026-wqhd-2k-180hz-pmp20001485318
20260805_055550,2026-08-05T06:09:40.929322+00:00,ripley_pe,monitores,20000839650,SAMSUNG,MONITOR SAMSUNG LS32B300NWNXGO – 32' FHD VA 75HZ 8MS FREESYNC,847.0,897.0,249.85,2026-08-05,6,PEN,,,Ripley PE,https://simple.ripley.com.pe/monitor-samsung-ls32b300nwnxgo-32-fhd-va-75hz-8ms-freesync-pmp20000839650
20260805_055550,2026-08-05T06:09:40.930322+00:00,ripley_pe,monitores,20001242275,LG,MONITOR LG LED 27 PULGADAS 27U411A IPS 120HZ FULL HD PANTALLA ANTIRREFLEJO,489.0,739.0,144.25,2026-08-05,34,PEN,,,Ripley PE,https://simple.ripley.com.pe/monitor-lg-led-27-pulgadas-27u411a-ips-120hz-full-hd-pantalla-antirreflejo-pmp20001242275
20260805_055550,2026-08-05T06:09:40.930322+00:00,ripley_pe,monitores,20000576724,SAMSUNG,"MONITOR QHD SAMSUNG 34"" VIEWFINITY S5 ULTRAWIDE UW . 100HZ. HDR",1879.0,2179.0,554.28,2026-08-05,14,PEN,,,Ripley PE,https://simple.ripley.com.pe/monitor-qhd-samsung-34-viewfinity-s5-ultrawide-uw-100hz-hdr-pmp20000576724
20260805_055550,2026-08-05T06:09:40.930322+00:00,ripley_pe,monitores,20001197102,HP,"MONITOR HP P204V 19.5' HD+ ANTIRREFLEJO, CONEXIÓN HDMI/VGA, IDEAL PARA TRABAJO Y ENTRETENIMIENTO.",469.0,709.0,138.35,2026-08-05,34,PEN,,,Ripley PE,https://simple.ripley.com.pe/monitor-hp-p204v-195-hd-antirreflejo-conexion-hdmivga-ideal-para-trabajo-y-entretenimiento-pmp20001197102
20260805_055550,2026-08-05T06:09:40.931323+00:00,ripley_pe,monitores,20001078404,SAMSUNG,MONITOR SAMSUNG 32'SMART AI OLED M9 SILVER LS32FM902SLXPE,4639.0,5159.0,1368.44,2026-08-05,10,PEN,,,Ripley PE,https://simple.ripley.com.pe/monitor-samsung-32smart-ai-oled-m9-silver-ls32fm902slxpe-pmp20001078404
20260805_055550,2026-08-05T06:09:40.932322+00:00,ripley_pe,monitores,20001358636,LG,MONITOR LG ULTRAGEAR 34G600A-B 34″ WQHD 160HZ 1MS MBR CURVO,1599.9,2000.0,471.95,2026-08-05,20,PEN,,,Ripley PE,https://simple.ripley.com.pe/monitor-lg-ultragear-34g600a-b-34-wqhd-160hz-1ms-mbr-curvo-pmp20001358636
20260805_055550,2026-08-05T06:09:40.932322+00:00,ripley_pe,monitores,20000855152,LG,MONITOR LG ULTRAGEAR 24GS65F-B 24' FULL HD IPS 180 HZ HDR10,850.0,,250.74,2026-08-05,,PEN,,,Ripley PE,https://simple.ripley.com.pe/monitor-lg-ultragear-24gs65f-b-24-full-hd-ips-180-hz-hdr10-pmp20000855152
20260805_055550,2026-08-05T06:09:40.933322+00:00,ripley_pe,monitores,20001472453,XIAOMI,MONITOR XIAOMI GAMING G24I 2026 FHD,469.0,599.0,138.35,2026-08-05,22,PEN,,,Ripley PE,https://simple.ripley.com.pe/monitor-xiaomi-gaming-g24i-2026-fhd-pmp20001472453
20260805_055550,2026-08-05T06:09:40.933322+00:00,ripley_pe,monitores,20001510490,ASUS,MONITOR ASUS PROART DISPLAY PA27JCV 27 IPS 5K ADOBE RGB DP HDMI USB-C,3349.0,4019.0,987.91,2026-08-05,17,PEN,,,Ripley PE,https://simple.ripley.com.pe/monitor-asus-proart-display-pa27jcv-27-ips-5k-adobe-rgb-dp-hdmi-usb-c-pmp20001510490
20260805_055550,2026-08-05T06:09:40.934322+00:00,ripley_pe,monitores,20001310432,MSI,"MONITOR PORTATIL PLANO MSI PRO MP165 E6, 15.6' FHD/IPS/HDMI X1/TIPO-C X2/PARLANTE: 2 X 1W",522.0,589.0,153.98,2026-08-05,11,PEN,,,Ripley PE,https://simple.ripley.com.pe/monitor-portatil-plano-msi-pro-mp165-e6-156-fhdipshdmi-x1tipo-c-x2parlante-2-x-1w-pmp20001310432
20260805_055550,2026-08-05T06:09:40.934322+00:00,ripley_pe,monitores,20000854746,SAMSUNG,MONITOR SAMSUNG 27 LS27C310EALXPE IPS FULL HD 75HZ HDMI VGA,600.0,,176.99,2026-08-05,,PEN,,,Ripley PE,https://simple.ripley.com.pe/monitor-samsung-27-ls27c310ealxpe-ips-full-hd-75hz-hdmi-vga-pmp20000854746
20260805_055550,2026-08-05T06:09:40.935322+00:00,ripley_pe,monitores,20000788818,LG,"MONITOR LG 24MR400, 23.8' FHD/IPS/100HZ/ANTI-REFLEJANTE",445.0,599.0,131.27,2026-08-05,26,PEN,,,Ripley PE,https://simple.ripley.com.pe/monitor-lg-24mr400-238-fhdips100hzanti-reflejante-pmp20000788818
20260805_055550,2026-08-05T06:09:40.935322+00:00,ripley_pe,monitores,20001148426,ASUS,MONITOR ASUS VA279HG 27' FHD IPS 120HZ 1MS - IDEAL PARA GAMING Y DISEÑO VISUAL,499.0,749.0,147.2,2026-08-05,33,PEN,,,Ripley PE,https://simple.ripley.com.pe/monitor-asus-va279hg-27-fhd-ips-120hz-1ms-ideal-para-gaming-y-diseno-visual-pmp20001148426
20260805_055550,2026-08-05T06:09:40.936329+00:00,ripley_pe,monitores,20000154016,AOC,"MONITOR LED AOC 19.5"" 20E1H 1600X900 200CD M2 60 HZ VGA",380.0,,112.09,2026-08-05,,PEN,,,Ripley PE,https://simple.ripley.com.pe/monitor-led-aoc-195-20e1h-1600x900-200cd-m2-60-hz-vga-pmp20000154016
20260805_055550,2026-08-05T06:09:40.936329+00:00,ripley_pe,monitores,20001133616,MSI,MONITOR MSI MAG-275UPD-E14 27' 4K/FHD 1MS IPS CON MODO DUAL Y ALTA TASA DE REFRESCO,1299.0,1949.0,383.19,2026-08-05,33,PEN,,,Ripley PE,https://simple.ripley.com.pe/monitor-msi-mag-275upd-e14-27-4kfhd-1ms-ips-con-modo-dual-y-alta-tasa-de-refresco-pmp20001133616
20260805_055550,2026-08-05T06:09:40.936329+00:00,ripley_pe,monitores,20001162124,LG,MONITOR PLANO LG 27U631A-B 27' QHD IPS 100 HZ HDMI USB-C 15W,759.0,1139.0,223.89,2026-08-05,33,PEN,,,Ripley PE,https://simple.ripley.com.pe/monitor-plano-lg-27u631a-b-27-qhd-ips-100-hz-hdmi-usb-c-15w-pmp20001162124
20260805_055550,2026-08-05T06:09:40.937322+00:00,ripley_pe,monitores,20001469867,ASUS,MONITOR ASUS TUF GAMING VG249Q5A 23.8 PULG FHD IPS HDMI DP EARPHONE-OUT PARLANTE 2WX2,629.0,999.0,185.55,2026-08-05,37,PEN,,,Ripley PE,https://simple.ripley.com.pe/monitor-asus-tuf-gaming-vg249q5a-238-pulg-fhd-ips-hdmi-dp-earphone-out-parlante-2wx2-pmp20001469867
20260805_055550,2026-08-05T06:09:40.937322+00:00,ripley_pe,monitores,20001172031,SAMSUNG,MONITOR SAMSUNG 27' FULL HD LS27D400GALXPE,699.0,1399.0,206.19,2026-08-05,50,PEN,,,Ripley PE,https://simple.ripley.com.pe/monitor-samsung-27-full-hd-ls27d400galxpe-pmp20001172031
20260805_055550,2026-08-05T06:09:40.938331+00:00,ripley_pe,monitores,20000853199,SAMSUNG,MONITOR SAMSUNG ODYSSEY G3 27 VA FULL HD 180HZ,950.0,,280.24,2026-08-05,,PEN,,,Ripley PE,https://simple.ripley.com.pe/monitor-samsung-odyssey-g3-27-va-full-hd-180hz-pmp20000853199
20260805_055550,2026-08-05T06:09:40.938331+00:00,ripley_pe,monitores,20001133496,DELL,"MONITOR DELL P2425H DE 24' FULL HD IPS - 1920X1080, USB, HDMI, VGA - NEGRO Y PLATA, 100HZ",909.0,1369.0,268.14,2026-08-05,34,PEN,,,Ripley PE,https://simple.ripley.com.pe/monitor-dell-p2425h-de-24-full-hd-ips-1920x1080-usb-hdmi-vga-negro-y-plata-100hz-pmp20001133496
20260805_055550,2026-08-05T06:09:40.939323+00:00,ripley_pe,monitores,20001222415,TEROS,MONITOR PLANO TEROS TE-2714S 27' IPS 144HZ 1MS DP HDMI,365.0,499.0,107.67,2026-08-05,27,PEN,,,Ripley PE,https://simple.ripley.com.pe/monitor-plano-teros-te-2714s-27-ips-144hz-1ms-dp-hdmi-pmp20001222415
20260805_055550,2026-08-05T06:09:40.939323+00:00,ripley_pe,monitores,20001216257,LG,MONITOR LG 27G850A LED GAMING 27 PULGADAS 4K 240HZ 1MS HDMI DP,3459.0,5189.0,1020.35,2026-08-05,33,PEN,,,Ripley PE,https://simple.ripley.com.pe/monitor-lg-27g850a-led-gaming-27-pulgadas-4k-240hz-1ms-hdmi-dp-pmp20001216257
20260805_055550,2026-08-05T06:09:40.940323+00:00,ripley_pe,monitores,20001524285,HP,"MONITOR HP SERIES 3 PRO 324PF, 24' WLED IPS, 100HZ, 5MS",669.0,716.0,197.35,2026-08-05,7,PEN,,,Ripley PE,https://simple.ripley.com.pe/monitor-hp-series-3-pro-324pf-24-wled-ips-100hz-5ms-pmp20001524285
20260805_055550,2026-08-05T06:09:40.940323+00:00,ripley_pe,monitores,20001197077,SAMSUNG,MONITOR SAMSUNG VIEWFINITY S7 D700 37' 4K UHD - PANTALLA ULTRA ALTA DEFINICIÓN PARA PROFESIONALES,1719.0,2579.0,507.08,2026-08-05,33,PEN,,,Ripley PE,https://simple.ripley.com.pe/monitor-samsung-viewfinity-s7-d700-37-4k-uhd-pantalla-ultra-alta-definicion-para-profesionales-pmp20001197077
20260805_055550,2026-08-05T06:09:40.941327+00:00,ripley_pe,monitores,20000850551,SAMSUNG,"MONITOR PLANO SAMSUNG ESSENTIAL MONITOR S4, 22' FHD IPS, 100HZ, HDMI, DP",489.0,674.0,144.25,2026-08-05,27,PEN,,,Ripley PE,https://simple.ripley.com.pe/monitor-plano-samsung-essential-monitor-s4-22-fhd-ips-100hz-hdmi-dp-pmp20000850551
20260805_055550,2026-08-05T06:09:40.941327+00:00,ripley_pe,monitores,20001158574,TEROS,MONITOR TEROS IPS TE-2417S 23.8 144HZ,400.0,,117.99,2026-08-05,,PEN,,,Ripley PE,https://simple.ripley.com.pe/monitor-teros-ips-te-2417s-238-144hz-pmp20001158574
20260805_055550,2026-08-05T06:09:40.942323+00:00,ripley_pe,monitores,20001064736,SAMSUNG,"MONITOR LED SAMSUNG VIEWFINITY S7 DE 27' 4K UHD, NEGRO, IPS, 5MS, HDMI Y DISPLAYPORT",1229.0,1849.0,362.54,2026-08-05,34,PEN,,,Ripley PE,https://simple.ripley.com.pe/monitor-led-samsung-viewfinity-s7-de-27-4k-uhd-negro-ips-5ms-hdmi-y-displayport-pmp20001064736
20260805_055550,2026-08-05T06:09:40.942323+00:00,ripley_pe,monitores,20001449709,MSI,MONITOR PORTÁTIL MSI PRO MP165 E6 15.6' FHD IPS,469.0,499.0,138.35,2026-08-05,6,PEN,,,Ripley PE,https://simple.ripley.com.pe/monitor-portatil-msi-pro-mp165-e6-156-fhd-ips-pmp20001449709
20260805_055550,2026-08-05T06:09:40.943322+00:00,ripley_pe,monitores,20001358476,HP,"MONITOR PLANO HP SERIES 3 PRO 324PF, 23.8 FHD IPS (1920X1080@100HZ) DP / HDMI/ VGA",666.0,739.0,196.46,2026-08-05,10,PEN,,,Ripley PE,https://simple.ripley.com.pe/monitor-plano-hp-series-3-pro-324pf-238-fhd-ips-1920x1080100hz-dp-hdmi-vga-pmp20001358476
20260805_055550,2026-08-05T06:09:40.943322+00:00,ripley_pe,monitores,20000834787,MSI,MONITOR MSI PRO MP275W E2 27 IPS FHD 120HZ 1MS,750.0,,221.24,2026-08-05,,PEN,,,Ripley PE,https://simple.ripley.com.pe/monitor-msi-pro-mp275w-e2-27-ips-fhd-120hz-1ms-pmp20000834787
20260805_055550,2026-08-05T06:09:40.944322+00:00,ripley_pe,monitores,20001391578,LG,MONITOR LG U4 27U411A-B 27',488.0,586.0,143.95,2026-08-05,17,PEN,,,Ripley PE,https://simple.ripley.com.pe/monitor-lg-u4-27u411a-b-27-pmp20001391578
20260805_055550,2026-08-05T06:09:40.944322+00:00,ripley_pe,monitores,20001242273,DELL,"MONITOR DELL PRO E2225HM DE 22' FULL HD CON CONEXIÓN HDMI, ALTO RENDIMIENTO Y DISEÑO ELEGANTE",489.0,739.0,144.25,2026-08-05,34,PEN,,,Ripley PE,https://simple.ripley.com.pe/monitor-dell-pro-e2225hm-de-22-full-hd-con-conexion-hdmi-alto-rendimiento-y-diseno-elegante-pmp20001242273
20260805_055550,2026-08-05T06:09:40.945322+00:00,ripley_pe,monitores,20001421336,MSI,MONITOR MSI PRO MP273AW 27' FHD IPS 1920 X 1080 100HZ 1MS HDMI DP ALTAVOCES INTEGRADOS BLANCO,479.0,500.0,141.3,2026-08-05,4,PEN,,,Ripley PE,https://simple.ripley.com.pe/monitor-msi-pro-mp273aw-27-fhd-ips-1920-x-1080-100hz-1ms-hdmi-dp-altavoces-integrados-blanco-pmp20001421336
20260805_055550,2026-08-05T06:09:40.945322+00:00,ripley_pe,monitores,20001133586,LG,"MONITOR ULTRAWIDE LG 29U531A-W DE 29' WFHD IPS, 100 HZ, HDMI Y USB-C: ALTO RENDIMIENTO Y AMPLIO ESPACIO",919.0,1379.0,271.09,2026-08-05,33,PEN,,,Ripley PE,https://simple.ripley.com.pe/monitor-ultrawide-lg-29u531a-w-de-29-wfhd-ips-100-hz-hdmi-y-usb-c-alto-rendimiento-y-amplio-espacio-pmp20001133586
20260805_055550,2026-08-05T06:09:40.945322+00:00,ripley_pe,monitores,20001159223,TEROS,MONITOR TEROS TE-2419CS IPS 75HZ/ 5MS/ HDMI/ VGA/ 24',370.0,,109.14,2026-08-05,,PEN,,,Ripley PE,https://simple.ripley.com.pe/monitor-teros-te-2419cs-ips-75hz-5ms-hdmi-vga-24-pmp20001159223
20260805_055550,2026-08-05T06:09:40.946329+00:00,ripley_pe,monitores,20001133627,MSI,"MONITOR CURVO MSI MAG-275CQF-E18 DE 27', QHD, 180HZ Y 0.5MS - IDEAL PARA GAMING Y MULTIMEDIA",1069.0,1609.0,315.34,2026-08-05,34,PEN,,,Ripley PE,https://simple.ripley.com.pe/monitor-curvo-msi-mag-275cqf-e18-de-27-qhd-180hz-y-05ms-ideal-para-gaming-y-multimedia-pmp20001133627
20260805_055550,2026-08-05T06:09:40.946329+00:00,ripley_pe,monitores,20001357639,TEROS,MONITOR CORP. TEROS TE-2416CS 23.8' QHD IPS 100HZ 1MS HDMI DP PARLANTES AUDIO OUT CÁMARA,905.0,999.0,266.96,2026-08-05,9,PEN,,,Ripley PE,https://simple.ripley.com.pe/monitor-corp-teros-te-2416cs-238-qhd-ips-100hz-1ms-hdmi-dp-parlantes-audio-out-camara-pmp20001357639
20260805_055550,2026-08-05T06:09:40.947323+00:00,ripley_pe,monitores,20000853230,LG,MONITOR LG ULTRAGEAR 27GN65R-B 27 FULL HD IPS 144HZ HDMI DP,1070.0,,315.63,2026-08-05,,PEN,,,Ripley PE,https://simple.ripley.com.pe/monitor-lg-ultragear-27gn65r-b-27-full-hd-ips-144hz-hdmi-dp-pmp20000853230
20260805_055550,2026-08-05T06:09:40.947323+00:00,ripley_pe,monitores,20000592740,MSI,MONITOR FULL HD IPS FHD MSI G244PF E2 180HZ 1M PIVOT,599.0,899.0,176.7,2026-08-05,33,PEN,,,Ripley PE,https://simple.ripley.com.pe/monitor-full-hd-ips-fhd-msi-g244pf-e2-180hz-1m-pivot-pmp20000592740
20260805_055550,2026-08-05T06:09:40.948322+00:00,ripley_pe,monitores,20001147909,LG,MONITOR LG 27U631A-B IPS 27 100HZ/5MS QHD USB-C/ HDMI HDR10,880.0,,259.59,2026-08-05,,PEN,,,Ripley PE,https://simple.ripley.com.pe/monitor-lg-27u631a-b-ips-27-100hz5ms-qhd-usb-c-hdmi-hdr10-pmp20001147909
20260805_055550,2026-08-05T06:09:40.949322+00:00,ripley_pe,monitores,20001549093,LENOVO,MONITOR LEGION R32QC-30 WLED CURVO 31.5' 2560X1440 QHD HDMI,1149.0,1499.0,338.94,2026-08-05,23,PEN,,,Ripley PE,https://simple.ripley.com.pe/monitor-legion-r32qc-30-wled-curvo-315-2560x1440-qhd-hdmi-pmp20001549093
20260805_055550,2026-08-05T06:09:40.949322+00:00,ripley_pe,monitores,20001158357,SAMSUNG,MONITOR SAMSUNG LS24D360GALXPE 24 CURVO 100HZ/4MS HDMI X1/ VGA X1,410.0,,120.94,2026-08-05,,PEN,,,Ripley PE,https://simple.ripley.com.pe/monitor-samsung-ls24d360galxpe-24-curvo-100hz4ms-hdmi-x1-vga-x1-pmp20001158357
20260805_055550,2026-08-05T06:09:40.950322+00:00,ripley_pe,monitores,20000708240,TEROS,"MONITOR FHD TEROS 27"" CURVO TE-2731S VA HDMI VGA",550.0,600.0,162.24,2026-08-05,8,PEN,,,Ripley PE,https://simple.ripley.com.pe/monitor-fhd-teros-27-curvo-te-2731s-va-hdmi-vga-pmp20000708240
20260805_055550,2026-08-05T06:09:40.950322+00:00,ripley_pe,monitores,20000834821,MSI,MONITOR MSI MAG 27CQ6F CURVO 2K 27″180HZ 05MS,1050.0,,309.73,2026-08-05,,PEN,,,Ripley PE,https://simple.ripley.com.pe/monitor-msi-mag-27cq6f-curvo-2k-27180hz-05ms-pmp20000834821
20260805_055550,2026-08-05T06:09:40.951322+00:00,ripley_pe,monitores,20000708237,TEROS,"MONITOR FULL HD FHD TEROS 23.8"" CURVO TE-2401S VA HDMI VGA",419.0,499.0,123.6,2026-08-05,16,PEN,,,Ripley PE,https://simple.ripley.com.pe/monitor-full-hd-fhd-teros-238-curvo-te-2401s-va-hdmi-vga-pmp20000708237
20260805_055550,2026-08-05T06:09:40.951322+00:00,ripley_pe,monitores,20001133563,JBL,MONITORES DE ESTUDIO ACTIVOS JBL PRO 305P MKII (PACK 2 UNIDADES),1909.0,2869.0,563.13,2026-08-05,33,PEN,,,Ripley PE,https://simple.ripley.com.pe/monitores-de-estudio-activos-jbl-pro-305p-mkii-pack-2-unidades-pmp20001133563
20260805_055550,2026-08-05T06:09:40.952322+00:00,ripley_pe,monitores,20000859388,ASUS,MONITOR PROFESIONAL ASUS PROART PA278QV 27 2K IPS SRGB,1047.0,1499.0,308.85,2026-08-05,30,PEN,,,Ripley PE,https://simple.ripley.com.pe/monitor-profesional-asus-proart-pa278qv-27-2k-ips-srgb-pmp20000859388
20260805_055550,2026-08-05T06:09:40.952322+00:00,ripley_pe,monitores,20001242190,LG,MONITOR INTERACTIVO LG 75TR3DQ-B 75' 4K TÁCTIL ANDROID PANTALLA COMERCIAL PROFESIONAL,6379.0,9569.0,1881.71,2026-08-05,33,PEN,,,Ripley PE,https://simple.ripley.com.pe/monitor-interactivo-lg-75tr3dq-b-75-4k-tactil-android-pantalla-comercial-profesional-pmp20001242190
20260805_055550,2026-08-05T06:09:45.564366+00:00,ripley_pe,monitores,20001133574,LG,"MONITOR LG 32MR50C 31.5' FHD VA 100HZ - CONEXIONES HDMI Y VGA, IDEAL PARA GAMING Y TRABAJO",729.0,1099.0,215.04,2026-08-05,34,PEN,,,Ripley PE,https://simple.ripley.com.pe/monitor-lg-32mr50c-315-fhd-va-100hz-conexiones-hdmi-y-vga-ideal-para-gaming-y-trabajo-pmp20001133574
20260805_055550,2026-08-05T06:09:45.565366+00:00,ripley_pe,monitores,20001330989,LG,"MONITOR PLANO LG 24U411A-B, 23.8' FHD IPS, 120HZ ,5MS,HDMI, VGA",458.0,,135.1,2026-08-05,,PEN,,,Ripley PE,https://simple.ripley.com.pe/monitor-plano-lg-24u411a-b-238-fhd-ips-120hz-5mshdmi-vga-pmp20001330989
20260805_055550,2026-08-05T06:09:45.566372+00:00,ripley_pe,monitores,20001063403,LG,"MONITOR LG ULTRAGEAR 24GS50F-B 24' FULL HD, 1MS, FREESYNC, HDMI Y DISPLAYPORT PARA JUEGOS",649.0,979.0,191.45,2026-08-05,34,PEN,,,Ripley PE,https://simple.ripley.com.pe/monitor-lg-ultragear-24gs50f-b-24-full-hd-1ms-freesync-hdmi-y-displayport-para-juegos-pmp20001063403
20260805_055550,2026-08-05T06:09:45.566372+00:00,ripley_pe,monitores,20001133564,LG,MONITOR CURVO LG LED 32MR50C-B DE 32'' CON FRECUENCIA DE 100HZ PARA UNA EXPERIENCIA INMERSIVA,699.0,1049.0,206.19,2026-08-05,33,PEN,,,Ripley PE,https://simple.ripley.com.pe/monitor-curvo-lg-led-32mr50c-b-de-32-con-frecuencia-de-100hz-para-una-experiencia-inmersiva-pmp20001133564
20260805_055550,2026-08-05T06:09:45.567372+00:00,ripley_pe,monitores,20000853218,SAMSUNG,MONITOR SAMSUNG ODYSSEY G3 32′ LS32DG300ELXPE VA FULL HD 180HZ,1050.0,,309.73,2026-08-05,,PEN,,,Ripley PE,https://simple.ripley.com.pe/monitor-samsung-odyssey-g3-32-ls32dg300elxpe-va-full-hd-180hz-pmp20000853218
20260805_055550,2026-08-05T06:09:45.568366+00:00,ripley_pe,monitores,20000605839,LG,"MONITOR IPS FHD LG 27"" 27MS500-B 1920X1080 HDMI X2",790.0,,233.04,2026-08-05,,PEN,,,Ripley PE,https://simple.ripley.com.pe/monitor-ips-fhd-lg-27-27ms500-b-1920x1080-hdmi-x2-pmp20000605839
20260805_055550,2026-08-05T06:09:45.569369+00:00,ripley_pe,monitores,20001158475,TEROS,MONITOR TEROS LED TE-2402S CURVO 23.8 100HZ,450.0,,132.74,2026-08-05,,PEN,,,Ripley PE,https://simple.ripley.com.pe/monitor-teros-led-te-2402s-curvo-238-100hz-pmp20001158475
20260805_055550,2026-08-05T06:09:45.570366+00:00,ripley_pe,monitores,20001097546,XIAOMI,XIAOMI 2K MONITOR A27QI,999.0,1099.0,294.69,2026-08-05,9,PEN,,,Ripley PE,https://simple.ripley.com.pe/xiaomi-2k-monitor-a27qi-pmp20001097546
20260805_055550,2026-08-05T06:09:45.571366+00:00,ripley_pe,monitores,20000789864,SAMSUNG,"MONITOR LG 24MR400-W, 23.8' IPS, FHD, 100HZ, 5MS",445.0,550.0,131.27,2026-08-05,19,PEN,,,Ripley PE,https://simple.ripley.com.pe/monitor-lg-24mr400-w-238-ips-fhd-100hz-5ms-pmp20000789864
20260805_055550,2026-08-05T06:09:45.572366+00:00,ripley_pe,monitores,20001170097,TEROS,MONITOR TEROS 2416CS CON CAMARA MICROFONO PARLANTE INTEGRADOS,839.0,899.0,247.49,2026-08-05,7,PEN,,,Ripley PE,https://simple.ripley.com.pe/monitor-teros-2416cs-con-camara-microfono-parlante-integrados-pmp20001170097
20260805_055550,2026-08-05T06:09:45.573366+00:00,ripley_pe,monitores,20000854742,SAMSUNG,MONITOR SAMSUNG 27 LS27C310EALXPE IPS FULL HD 75HZ HDMI VGA,599.0,,176.7,2026-08-05,,PEN,,,Ripley PE,https://simple.ripley.com.pe/monitor-samsung-27-ls27c310ealxpe-ips-full-hd-75hz-hdmi-vga-pmp20000854742
20260805_055550,2026-08-05T06:09:45.574366+00:00,ripley_pe,monitores,20001147068,SAMSUNG,MONITOR SAMSUNG LS34C500GALXPE 3MS/ 100HZ/ DP/ HDMI/ 34',1388.0,,409.44,2026-08-05,,PEN,,,Ripley PE,https://simple.ripley.com.pe/monitor-samsung-ls34c500galxpe-3ms-100hz-dp-hdmi-34-pmp20001147068
20260805_055550,2026-08-05T06:09:45.576366+00:00,ripley_pe,monitores,20001526904,TEROS,MONITOR TEROS 27  FULL HD  144HZ 1MS TE-2734S VA HDMI CURVO,419.0,519.0,123.6,2026-08-05,19,PEN,,,Ripley PE,https://simple.ripley.com.pe/monitor-teros-27-full-hd-144hz-1ms-te-2734s-va-hdmi-curvo-pmp20001526904
20260805_055550,2026-08-05T06:09:45.577366+00:00,ripley_pe,monitores,20001527713,MSI,MONITOR MSI 25 FULL HD 200HZ 0.5MS MAG 255F E20 HDMI DP GAMING,519.0,719.0,153.1,2026-08-05,28,PEN,,,Ripley PE,https://simple.ripley.com.pe/monitor-msi-25-full-hd-200hz-05ms-mag-255f-e20-hdmi-dp-gaming-pmp20001527713
20260805_055550,2026-08-05T06:09:45.578366+00:00,ripley_pe,monitores,20001161051,ADVANCE,MONITOR ADVANCE ADV-2755S 27 PULGADAS FHD IPS 144HZ 1MS HDMI DP AUDIO OUT,577.0,899.0,170.21,2026-08-05,36,PEN,,,Ripley PE,https://simple.ripley.com.pe/monitor-advance-adv-2755s-27-pulgadas-fhd-ips-144hz-1ms-hdmi-dp-audio-out-pmp20001161051
20260805_055550,2026-08-05T06:09:45.579366+00:00,ripley_pe,monitores,20001003297,HP,"MONITOR PLANO HP SERIES 3 PRO 324PF, 23.8 FHD IPS (1920X1080@100HZ) DP / HDMI/ VGA",685.0,833.0,202.06,2026-08-05,18,PEN,,,Ripley PE,https://simple.ripley.com.pe/monitor-plano-hp-series-3-pro-324pf-238-fhd-ips-1920x1080100hz-dp-hdmi-vga-pmp20001003297
20260805_055550,2026-08-05T06:09:45.590366+00:00,ripley_pe,monitores,20001216256,VIEWSONIC,"MONITOR GAMER VIEWSONIC VX2428A 24' FULL HD IPS 180HZ 0.5MS - FREESYNC, HDMI/DISPLAYPORT, NEGRO",659.0,989.0,194.4,2026-08-05,33,PEN,,,Ripley PE,https://simple.ripley.com.pe/monitor-gamer-viewsonic-vx2428a-24-full-hd-ips-180hz-05ms-freesync-hdmidisplayport-negro-pmp20001216256
20260805_055550,2026-08-05T06:09:45.591367+00:00,ripley_pe,monitores,20001485181,ASUS,"MONITOR PLANO GAMING ASUS VA249HG, 23.8' FHD IPS, 120HZ, 1MS, HDMI, VGA",362.0,436.0,106.78,2026-08-05,17,PEN,,,Ripley PE,https://simple.ripley.com.pe/monitor-plano-gaming-asus-va249hg-238-fhd-ips-120hz-1ms-hdmi-vga-pmp20001485181
20260805_055550,2026-08-05T06:09:45.593366+00:00,ripley_pe,monitores,20001483170,HP,"MONITOR HP 3 PRO 324PE, 23.8' FHD, HDMI, VGA, DP 100HZ (B1GM5AA)",529.0,679.0,156.05,2026-08-05,22,PEN,,,Ripley PE,https://simple.ripley.com.pe/monitor-hp-3-pro-324pe-238-fhd-hdmi-vga-dp-100hz-b1gm5aa-pmp20001483170
20260805_055550,2026-08-05T06:09:45.594366+00:00,ripley_pe,monitores,20001524283,HP,"MONITOR HP P24V G5, 24' WLED IPS, 75HZ, 5MS",639.0,684.0,188.5,2026-08-05,7,PEN,,,Ripley PE,https://simple.ripley.com.pe/monitor-hp-p24v-g5-24-wled-ips-75hz-5ms-pmp20001524283
20260805_055550,2026-08-05T06:09:45.601366+00:00,ripley_pe,monitores,20001524223,TEROS,"MONITOR TEROS TE-2415S, 24' FHD IPS, 144HZ, 1MS, PARLANTE",319.0,342.0,94.1,2026-08-05,7,PEN,,,Ripley PE,https://simple.ripley.com.pe/monitor-teros-te-2415s-24-fhd-ips-144hz-1ms-parlante-pmp20001524223
20260805_055550,2026-08-05T06:09:45.602366+00:00,ripley_pe,monitores,20001470558,XIAOMI,"MONITOR XIAOMI A27I 2026 FULL HD 1920 X 1080, IPS, 144HZ, 6MS 300NITS",450.0,550.0,132.74,2026-08-05,18,PEN,,,Ripley PE,https://simple.ripley.com.pe/monitor-xiaomi-a27i-2026-full-hd-1920-x-1080-ips-144hz-6ms-300nits-pmp20001470558
20260805_055550,2026-08-05T06:09:45.603366+00:00,ripley_pe,monitores,20001147897,LG,MONITOR LG 27U631A-B IPS 27 100HZ/5MS QHD USB-C/ HDMI HDR10,885.0,,261.06,2026-08-05,,PEN,,,Ripley PE,https://simple.ripley.com.pe/monitor-lg-27u631a-b-ips-27-100hz5ms-qhd-usb-c-hdmi-hdr10-pmp20001147897
20260805_055550,2026-08-05T06:09:45.603366+00:00,ripley_pe,monitores,20000839618,SAMSUNG,MONITOR SAMSUNG LED CURVO 27' 165HZ QHD 1MS NEGRO (LS27CG552ELXPE),1289.0,1319.0,380.24,2026-08-05,2,PEN,,,Ripley PE,https://simple.ripley.com.pe/monitor-samsung-led-curvo-27-165hz-qhd-1ms-negro-ls27cg552elxpe-pmp20000839618
20260805_055550,2026-08-05T06:09:45.604366+00:00,ripley_pe,monitores,20001469869,GIGABYTE,MONITOR GIGABYTE GS25F2 24.5 PULGADAS IPS FULLHD 200HZ 1MS,495.0,799.0,146.02,2026-08-05,38,PEN,,,Ripley PE,https://simple.ripley.com.pe/monitor-gigabyte-gs25f2-245-pulgadas-ips-fullhd-200hz-1ms-pmp20001469869
20260805_055550,2026-08-05T06:09:50.201211+00:00,ripley_pe,monitores,20001133549,LG,"MONITOR LG 34U511A ULTRAWIDE FHD DE 34', IPS, 100HZ - PANTALLA AMPLIA Y COLORES VIBRANTES",1179.0,1769.0,347.79,2026-08-05,33,PEN,,,Ripley PE,https://simple.ripley.com.pe/monitor-lg-34u511a-ultrawide-fhd-de-34-ips-100hz-pantalla-amplia-y-colores-vibrantes-pmp20001133549
20260805_055550,2026-08-05T06:09:50.202211+00:00,ripley_pe,monitores,20000712829,ASUS,MONITOR IPS FHD ASUS VG249Q3A TUF 23.8» 180HZ 1MS PARLANTE INTEGRADO,619.0,999.0,182.6,2026-08-05,38,PEN,,,Ripley PE,https://simple.ripley.com.pe/monitor-ips-fhd-asus-vg249q3a-tuf-238-180hz-1ms-parlante-integrado-pmp20000712829
20260805_055550,2026-08-05T06:09:50.202211+00:00,ripley_pe,monitores,20000871855,TEROS,MONITOR TEROS TE-2732S 27'' CURVO 100HZ 1920 X 1080 1MS FULL HD HDMI FREESYNC,665.0,679.0,196.17,2026-08-05,2,PEN,,,Ripley PE,https://simple.ripley.com.pe/monitor-teros-te-2732s-27-curvo-100hz-1920-x-1080-1ms-full-hd-hdmi-freesync-pmp20000871855
20260805_055550,2026-08-05T06:09:50.206212+00:00,ripley_pe,monitores,20000785186,HP,"MONITOR HP 524SW 65P58AA 23.8' BLANCO, PANEL IPS 100HZ 5MS",409.0,550.0,120.65,2026-08-05,26,PEN,,,Ripley PE,https://simple.ripley.com.pe/monitor-hp-524sw-65p58aa-238-blanco-panel-ips-100hz-5ms-pmp20000785186
20260805_055550,2026-08-05T06:09:50.207212+00:00,ripley_pe,monitores,20000981048,SAMSUNG,SAMSUNG MONITOR PLANO ESSENTIAL S3 DE 24 PULGADAS IPS FHD 1920 X 1080 NEGRO,439.0,549.0,129.5,2026-08-05,20,PEN,,,Ripley PE,https://simple.ripley.com.pe/samsung-monitor-plano-essential-s3-de-24-pulgadas-ips-fhd-1920-x-1080-negro-pmp20000981048
20260805_055550,2026-08-05T06:09:50.208211+00:00,ripley_pe,monitores,20000375648,MSI,"MONITOR IPS FULL HD MSI 24"" G2412 170HZ 1MS",599.0,799.0,176.7,2026-08-05,25,PEN,,,Ripley PE,https://simple.ripley.com.pe/monitor-ips-full-hd-msi-24-g2412-170hz-1ms-pmp20000375648
20260805_055550,2026-08-05T06:09:50.209211+00:00,ripley_pe,monitores,20001358363,ADVANCE,MONITOR PLANO ADVANCE ADV-2755S 27' FHD IPS 144HZ 1MS HDMI DP AUDIO OUT NEGRO,498.0,552.0,146.9,2026-08-05,10,PEN,,,Ripley PE,https://simple.ripley.com.pe/monitor-plano-advance-adv-2755s-27-fhd-ips-144hz-1ms-hdmi-dp-audio-out-negro-pmp20001358363
20260805_055550,2026-08-05T06:09:50.209211+00:00,ripley_pe,monitores,20000136088,LG,"MONITOR LCD LG 22"" 22MN430M-B 22 MN430M-B",580.0,800.0,171.09,2026-08-05,28,PEN,,,Ripley PE,https://simple.ripley.com.pe/monitor-lcd-lg-22-22mn430m-b-22-mn430m-b-pmp20000136088
20260805_055550,2026-08-05T06:09:50.210211+00:00,ripley_pe,monitores,20000789811,SAMSUNG,MONITOR LED 27' SAMSUNG LS27DG300ELXPE ODYSSEY G3,799.0,985.0,235.69,2026-08-05,19,PEN,,,Ripley PE,https://simple.ripley.com.pe/monitor-led-27-samsung-ls27dg300elxpe-odyssey-g3-pmp20000789811
20260805_055550,2026-08-05T06:09:50.210211+00:00,ripley_pe,monitores,20001148520,HP,"MONITOR HP P24H G5 23.8' FHD - PANTALLA FULL HD, CONECTIVIDAD VERSÁTIL, DISEÑO MODERNO EN NEGRO",699.0,1049.0,206.19,2026-08-05,33,PEN,,,Ripley PE,https://simple.ripley.com.pe/monitor-hp-p24h-g5-238-fhd-pantalla-full-hd-conectividad-versatil-diseno-moderno-en-negro-pmp20001148520
20260805_055550,2026-08-05T06:09:50.211219+00:00,ripley_pe,monitores,20000853198,SAMSUNG,MONITOR SAMSUNG ODYSSEY G3 27 VA FULL HD 180HZ,940.0,,277.29,2026-08-05,,PEN,,,Ripley PE,https://simple.ripley.com.pe/monitor-samsung-odyssey-g3-27-va-full-hd-180hz-pmp20000853198
20260805_055550,2026-08-05T06:09:50.211219+00:00,ripley_pe,monitores,20001126747,HP,MONITOR HP SERIE 5 524SW 24' IPS FHD 1920 X 1080 HDMI VGA 5MS 100HZ BLANCO,399.0,600.0,117.7,2026-08-05,34,PEN,,,Ripley PE,https://simple.ripley.com.pe/monitor-hp-serie-5-524sw-24-ips-fhd-1920-x-1080-hdmi-vga-5ms-100hz-blanco-pmp20001126747
20260805_055550,2026-08-05T06:09:50.212212+00:00,ripley_pe,monitores,20001161045,TEROS,MONITOR TEROS TE-2417S 23.8 PULGADAS FHD IPS 144HZ 1920X1080 HDMI DP FREESYNC,465.0,799.0,137.17,2026-08-05,42,PEN,,,Ripley PE,https://simple.ripley.com.pe/monitor-teros-te-2417s-238-pulgadas-fhd-ips-144hz-1920x1080-hdmi-dp-freesync-pmp20001161045
20260805_055550,2026-08-05T06:09:50.213212+00:00,ripley_pe,monitores,20001157443,LG,MONITOR LG 27U421A-B CURVO 100HZ/5MS FHD VA/USB-C/HDMI/ 27,560.0,,165.19,2026-08-05,,PEN,,,Ripley PE,https://simple.ripley.com.pe/monitor-lg-27u421a-b-curvo-100hz5ms-fhd-vausb-chdmi-27-pmp20001157443
20260805_055550,2026-08-05T06:09:50.213212+00:00,ripley_pe,monitores,20001133453,JBL,MONITOR DE ESTUDIO ACTIVO JBL 306P MKII 6.5 PULGADAS 112W,1249.0,1879.0,368.44,2026-08-05,34,PEN,,,Ripley PE,https://simple.ripley.com.pe/monitor-de-estudio-activo-jbl-306p-mkii-65-pulgadas-112w-pmp20001133453
20260805_055550,2026-08-05T06:09:50.214211+00:00,ripley_pe,monitores,20001420853,ANTRYX,MONITOR ANTRYX XTREME VISION IPX2735Q 27' IPS  2K QHD 2560X1440 200HZ 1MS HDMI FREESYNC,729.0,800.0,215.04,2026-08-05,9,PEN,,,Ripley PE,https://simple.ripley.com.pe/monitor-antryx-xtreme-vision-ipx2735q-27-ips-2k-qhd-2560x1440-200hz-1ms-hdmi-freesync-pmp20001420853
20260805_055550,2026-08-05T06:09:50.215211+00:00,ripley_pe,monitores,20001161050,HP,MONITOR HP SERIE 3 PRO 324PV 23.8 PULGADAS WLED FHD VA 100HZ HDMI VGA,749.0,999.0,220.94,2026-08-05,25,PEN,,,Ripley PE,https://simple.ripley.com.pe/monitor-hp-serie-3-pro-324pv-238-pulgadas-wled-fhd-va-100hz-hdmi-vga-pmp20001161050
20260805_055550,2026-08-05T06:09:50.215211+00:00,ripley_pe,monitores,20001165603,HP,MONITOR HP P24V G5 DE 23.8'' FHD CON PANTALLA VA ANTIRREFLECTANTE Y CONEXIONES HDMI Y VGA,649.0,979.0,191.45,2026-08-05,34,PEN,,,Ripley PE,https://simple.ripley.com.pe/monitor-hp-p24v-g5-de-238-fhd-con-pantalla-va-antirreflectante-y-conexiones-hdmi-y-vga-pmp20001165603
20260805_055550,2026-08-05T06:09:50.216211+00:00,ripley_pe,monitores,20001545488,GENERAL ELECTRIC,MONITOR DE VIAJE 4K DE 156 EXTENSOR DE PANTALLA PARA PORTÁTIL UHD 4K UHD 3480X2160 RESOLUTION 350NITS BRIGHTNESS HDR SUPPORT,969.0,1219.0,285.84,2026-08-05,21,PEN,,,Ripley PE,https://simple.ripley.com.pe/monitor-de-viaje-4k-de-156-extensor-de-pantalla-para-portatil-uhd-4k-uhd-3480x2160-resolution-350nits-brightness-hdr-support-pmp20001545488
20260805_055550,2026-08-05T06:09:50.216211+00:00,ripley_pe,monitores,20001131832,HP,MONITOR HP E24T G5 TOUCH 23.8 PULGADAS FHD IPS 1920X1080 DP HDMI USBA USBB,1635.0,2699.0,482.3,2026-08-05,39,PEN,,,Ripley PE,https://simple.ripley.com.pe/monitor-hp-e24t-g5-touch-238-pulgadas-fhd-ips-1920x1080-dp-hdmi-usba-usbb-pmp20001131832
20260805_055550,2026-08-05T06:09:50.217211+00:00,ripley_pe,monitores,20001469862,TEROS,MONITOR CURVO TEROS TE-2403S 23.8 PULGADAS FHD VA 144HZ 1MS HDMI DP EARPHONE OUT,479.0,699.0,141.3,2026-08-05,31,PEN,,,Ripley PE,https://simple.ripley.com.pe/monitor-curvo-teros-te-2403s-238-pulgadas-fhd-va-144hz-1ms-hdmi-dp-earphone-out-pmp20001469862
20260805_055550,2026-08-05T06:09:50.217211+00:00,ripley_pe,monitores,20000205432,ASUS,"MONITOR UHD ASUS 27"" ROG SWIFT 4K PG27UQR 3840 X2160",3999.0,,1179.65,2026-08-05,,PEN,,,Ripley PE,https://simple.ripley.com.pe/monitor-uhd-asus-27-rog-swift-4k-pg27uqr-3840-x2160-pmp20000205432
20260805_055550,2026-08-05T06:09:50.217211+00:00,ripley_pe,monitores,20001197057,ASUS,"MONITOR ASUS TUF DE 27' FHD 200HZ 1MS, IPS CON AUDIO INTEGRADO – IDEAL PARA GAMING Y TRABAJO",779.0,1169.0,229.79,2026-08-05,33,PEN,,,Ripley PE,https://simple.ripley.com.pe/monitor-asus-tuf-de-27-fhd-200hz-1ms-ips-con-audio-integrado-ideal-para-gaming-y-trabajo-pmp20001197057
20260805_055550,2026-08-05T06:09:50.218211+00:00,ripley_pe,monitores,20001339796,LG,MONITOR LG 32MR50C 315 FHD VA 1920X1080 100HZ HDMI X1 VGA X1 HEADPHONE-OUT X1,649.0,959.0,191.45,2026-08-05,32,PEN,,,Ripley PE,https://simple.ripley.com.pe/monitor-lg-32mr50c-315-fhd-va-1920x1080-100hz-hdmi-x1-vga-x1-headphone-out-x1-pmp20001339796
20260805_055550,2026-08-05T06:09:50.219211+00:00,ripley_pe,monitores,20001357637,TEROS,MONITOR PLANO TEROS TE-2417S 23.8' FHD IPS 144HZ 1MS HDMI DP PARLANTES AUDIO OUT,417.0,463.0,123.01,2026-08-05,10,PEN,,,Ripley PE,https://simple.ripley.com.pe/monitor-plano-teros-te-2417s-238-fhd-ips-144hz-1ms-hdmi-dp-parlantes-audio-out-pmp20001357637
20260805_055550,2026-08-05T06:09:50.219211+00:00,ripley_pe,monitores,20001420892,GIGABYTE,MONITOR GIGABYTE  GS25F2 24.5' IPS 1920 X 1080 1MS 200HZ HDMI,509.0,600.0,150.15,2026-08-05,15,PEN,,,Ripley PE,https://simple.ripley.com.pe/monitor-gigabyte-gs25f2-245-ips-1920-x-1080-1ms-200hz-hdmi-pmp20001420892
20260805_055550,2026-08-05T06:09:50.220211+00:00,ripley_pe,monitores,20001333018,HP,"MONITOR PLANO HP SERIE 3 PRO 324PV, 23.8' WLED/FHD/VA/100HZ",690.0,,203.54,2026-08-05,,PEN,,,Ripley PE,https://simple.ripley.com.pe/monitor-plano-hp-serie-3-pro-324pv-238-wledfhdva100hz-pmp20001333018
20260805_055550,2026-08-05T06:09:50.220211+00:00,ripley_pe,monitores,20001524289,HP,"MONITOR HP SERIE 3 PRO 327PF, 27' WLED IPS, 100HZ, 5MS",969.0,1037.0,285.84,2026-08-05,7,PEN,,,Ripley PE,https://simple.ripley.com.pe/monitor-hp-serie-3-pro-327pf-27-wled-ips-100hz-5ms-pmp20001524289
20260805_055550,2026-08-05T06:09:50.221211+00:00,ripley_pe,monitores,20001331030,TEROS,MONITOR PLANO TEROS TE-2130CS 21.5' FHD IPS 100HZ 5MS HDMI VGA,340.0,,100.29,2026-08-05,,PEN,,,Ripley PE,https://simple.ripley.com.pe/monitor-plano-teros-te-2130cs-215-fhd-ips-100hz-5ms-hdmi-vga-pmp20001331030
20260805_055550,2026-08-05T06:09:50.221211+00:00,ripley_pe,monitores,20001546587,TCL,"MONITOR TCL IPS 25G64 GAMING, 25' FHD QD-MINI LED, 300HZ, 1MS, DP, PIVOTE",759.0,1199.0,223.89,2026-08-05,37,PEN,,,Ripley PE,https://simple.ripley.com.pe/monitor-tcl-ips-25g64-gaming-25-fhd-qd-mini-led-300hz-1ms-dp-pivote-pmp20001546587
20260805_055550,2026-08-05T06:09:50.222211+00:00,ripley_pe,monitores,20001357672,TEROS,"MONITOR PLANO TEROS TE-2714S, 27' FHD IPS, 144HZ, 1MS, HDMI,DP, AUDIO OUT, PARLANTES",519.0,572.0,153.1,2026-08-05,9,PEN,,,Ripley PE,https://simple.ripley.com.pe/monitor-plano-teros-te-2714s-27-fhd-ips-144hz-1ms-hdmidp-audio-out-parlantes-pmp20001357672
20260805_055550,2026-08-05T06:09:50.223211+00:00,ripley_pe,monitores,20001546600,TCL,"MONITOR TCL IPS 27G64 GAMING, 27' QHD QD-MINI LED, 180HZ, 1MS, DP, PIVOTE",1139.0,1599.0,335.99,2026-08-05,29,PEN,,,Ripley PE,https://simple.ripley.com.pe/monitor-tcl-ips-27g64-gaming-27-qhd-qd-mini-led-180hz-1ms-dp-pivote-pmp20001546600
20260805_055550,2026-08-05T06:09:50.223211+00:00,ripley_pe,monitores,20001391579,VIEWSONIC,MONITOR VIEWSONIC 24' VA240-H IPS FHD,321.0,385.0,94.69,2026-08-05,17,PEN,,,Ripley PE,https://simple.ripley.com.pe/monitor-viewsonic-24-va240-h-ips-fhd-pmp20001391579
20260805_055550,2026-08-05T06:09:50.224211+00:00,ripley_pe,monitores,20001148760,ASUS,"MONITOR ASUS VA279HG IPS 27 PULGADAS, 120HZ, 1MS, HDMI, DSP.",620.0,,182.89,2026-08-05,,PEN,,,Ripley PE,https://simple.ripley.com.pe/monitor-asus-va279hg-ips-27-pulgadas-120hz-1ms-hdmi-dsp-pmp20001148760
20260805_055550,2026-08-05T06:09:54.798775+00:00,ripley_pe,monitores,20000205431,ASUS,"MONITOR ASUS 27"" ROG SWIFT PG279QM",4500.0,,1327.43,2026-08-05,,PEN,,,Ripley PE,https://simple.ripley.com.pe/monitor-asus-27-rog-swift-pg279qm-pmp20000205431
20260805_055550,2026-08-05T06:09:54.799323+00:00,ripley_pe,monitores,20001524281,HP,"MONITOR HP SERIE 5 PRO 524PN, 24' WUXGA FHD, 100HZ, 5MS, PIVOTE",1179.0,1262.0,347.79,2026-08-05,7,PEN,,,Ripley PE,https://simple.ripley.com.pe/monitor-hp-serie-5-pro-524pn-24-wuxga-fhd-100hz-5ms-pivote-pmp20001524281
20260805_055550,2026-08-05T06:09:54.799880+00:00,ripley_pe,monitores,20001545492,GENERAL ELECTRIC,SPRAY LIMPIADOR DE PANTALLA 16OZ 473ML EL MEJOR KIT DE LIMPIEZA GRANDE PARA TELEVISOR LCD LED OLED SMARTPHONE IPAD LAPTOP,159.0,199.0,46.9,2026-08-05,20,PEN,,,Ripley PE,https://simple.ripley.com.pe/spray-limpiador-de-pantalla-16oz-473ml-el-mejor-kit-de-limpieza-grande-para-televisor-lcd-led-oled-smartphone-ipad-laptop-pmp20001545492
20260805_055550,2026-08-05T06:09:54.800985+00:00,ripley_pe,monitores,20001148579,LG,MONITOR LG ULTRAWIDE CURVO 34U511A 34'' IPS 100HZ 5MS HDMI - IDEAL PARA GAMING Y TRABAJO,1279.0,1919.0,377.29,2026-08-05,33,PEN,,,Ripley PE,https://simple.ripley.com.pe/monitor-lg-ultrawide-curvo-34u511a-34-ips-100hz-5ms-hdmi-ideal-para-gaming-y-trabajo-pmp20001148579
20260805_055550,2026-08-05T06:09:54.801534+00:00,ripley_pe,monitores,20001545464,GENERAL ELECTRIC,UPERFECT MONITOR PORTÁTIL 156 PULGADAS IPS HDR 1920 X 1080 FHD PANTALLA DE VIAJE PARA EL CUIDADO DE LOS OJOS MONITOR DE JUEGOS,479.0,599.0,141.3,2026-08-05,20,PEN,,,Ripley PE,https://simple.ripley.com.pe/uperfect-monitor-portatil-156-pulgadas-ips-hdr-1920-x-1080-fhd-pantalla-de-viaje-para-el-cuidado-de-los-ojos-monitor-de-juegos-pmp20001545464
20260805_055550,2026-08-05T06:09:54.802084+00:00,ripley_pe,monitores,20000834816,MSI,MONITOR MSI CURVO G27C3F 27 FULL HD 180HZ 1MS 1500R,899.0,,265.19,2026-08-05,,PEN,,,Ripley PE,https://simple.ripley.com.pe/monitor-msi-curvo-g27c3f-27-full-hd-180hz-1ms-1500r-pmp20000834816
20260805_055550,2026-08-05T06:09:54.802627+00:00,ripley_pe,monitores,20001159338,TEROS,MONITOR TEROS IPS TE-2130CS 21.5 FHD 100HZ/ 5MS/ 1920X1080/ HDMI/ VGA,320.0,,94.4,2026-08-05,,PEN,,,Ripley PE,https://simple.ripley.com.pe/monitor-teros-ips-te-2130cs-215-fhd-100hz-5ms-1920x1080-hdmi-vga-pmp20001159338
20260805_055550,2026-08-05T06:09:54.803169+00:00,ripley_pe,monitores,20001524239,ASUS,"MONITOR ASUS ROG STRIX XG27ACMES, 27' QHD HDR 2K, 255HZ, 0,3MS, PIVOTE",1389.0,1489.0,409.73,2026-08-05,7,PEN,,,Ripley PE,https://simple.ripley.com.pe/monitor-asus-rog-strix-xg27acmes-27-qhd-hdr-2k-255hz-03ms-pivote-pmp20001524239
20260805_055550,2026-08-05T06:09:54.803719+00:00,ripley_pe,monitores,20000853342,TEROS,MONITOR TEROS TE-2401S 24″ 100HZ 5MS VA FULL HD SEMI CURVO,430.0,,126.84,2026-08-05,,PEN,,,Ripley PE,https://simple.ripley.com.pe/monitor-teros-te-2401s-24-100hz-5ms-va-full-hd-semi-curvo-pmp20000853342
20260805_055550,2026-08-05T06:09:54.803719+00:00,ripley_pe,monitores,20000154020,TEROS,"MONITOR IPS FULL HD TEROS 24"" TE-3131 CURVO 238 75HZ 1920X1080 VGA",570.0,,168.14,2026-08-05,,PEN,,,Ripley PE,https://simple.ripley.com.pe/monitor-ips-full-hd-teros-24-te-3131-curvo-238-75hz-1920x1080-vga-pmp20000154020
20260805_055550,2026-08-05T06:09:54.805927+00:00,ripley_pe,monitores,20001100135,XIAOMI,XIAOMI 4K MONITOR A27UI,1499.0,1599.0,442.18,2026-08-05,6,PEN,,,Ripley PE,https://simple.ripley.com.pe/xiaomi-4k-monitor-a27ui-pmp20001100135
20260805_055550,2026-08-05T06:09:54.806480+00:00,ripley_pe,monitores,20001133621,SAMSUNG,PANTALLA SAMSUNG QMC LH43QMCEBGCXGO 43 PULGADAS RESOLUCIÓN 4K,2389.0,3589.0,704.72,2026-08-05,33,PEN,,,Ripley PE,https://simple.ripley.com.pe/pantalla-samsung-qmc-lh43qmcebgcxgo-43-pulgadas-resolucion-4k-pmp20001133621
20260805_055550,2026-08-05T06:09:54.807030+00:00,ripley_pe,monitores,20001133532,SAMSUNG,"PANTALLA DIGITAL SAMSUNG VM46B-U DE 46' 1080P LED, HDMI, USB Y ETHERNET - IDEAL PARA SEÑALIZACIÓN",3769.0,5659.0,1111.8,2026-08-05,33,PEN,,,Ripley PE,https://simple.ripley.com.pe/pantalla-digital-samsung-vm46b-u-de-46-1080p-led-hdmi-usb-y-ethernet-ideal-para-senalizacion-pmp20001133532
20260805_055550,2026-08-05T06:09:54.807579+00:00,ripley_pe,monitores,20001545557,GENERAL ELECTRIC,MONITOR PORTÁTIL CON PANTALLA TÁCTIL DE 156 PULGADAS 28 K EXTENSOR DE PANTALLA PARA LAPTOP 2880 X 1620 100 HZ 100X25 SRGB,699.0,879.0,206.19,2026-08-05,20,PEN,,,Ripley PE,https://simple.ripley.com.pe/monitor-portatil-con-pantalla-tactil-de-156-pulgadas-28-k-extensor-de-pantalla-para-laptop-2880-x-1620-100-hz-100x25-srgb-pmp20001545557
20260805_055550,2026-08-05T06:09:54.808213+00:00,ripley_pe,monitores,20000841499,LG,MONITOR LG CURVO 315 FHD 100HZ HDMIX2 32MR50C-B,730.0,800.0,215.34,2026-08-05,9,PEN,,,Ripley PE,https://simple.ripley.com.pe/monitor-lg-curvo-315-fhd-100hz-hdmix2-32mr50c-b-pmp20000841499
20260805_055550,2026-08-05T06:09:54.808745+00:00,ripley_pe,monitores,20001158478,TEROS,MONITOR CURVO TEROS TE-2402S 23.8' FHD VA 100HZ 1MS HDMI VGA,450.0,,132.74,2026-08-05,,PEN,,,Ripley PE,https://simple.ripley.com.pe/monitor-curvo-teros-te-2402s-238-fhd-va-100hz-1ms-hdmi-vga-pmp20001158478
20260805_055550,2026-08-05T06:09:54.809295+00:00,ripley_pe,monitores,20000834764,MSI,MONITOR MSI PRO MP251 245 IPS FHD 100HZ 1MS PARLANTE,568.0,,167.55,2026-08-05,,PEN,,,Ripley PE,https://simple.ripley.com.pe/monitor-msi-pro-mp251-245-ips-fhd-100hz-1ms-parlante-pmp20000834764
20260805_055550,2026-08-05T06:09:54.809295+00:00,ripley_pe,monitores,20001126097,TEROS,MONITOR TEROS TE-2732S,479.0,600.0,141.3,2026-08-05,20,PEN,,,Ripley PE,https://simple.ripley.com.pe/monitor-teros-te-2732s-pmp20001126097
20260805_055550,2026-08-05T06:09:54.810317+00:00,ripley_pe,monitores,20001197136,LG,"MONITOR LG LED GAMING 24” 24GQ50F-B - 165HZ, 1MS, FULL HD, IDEAL PARA JUEGOS Y ALTA VELOCIDAD",709.0,1069.0,209.14,2026-08-05,34,PEN,,,Ripley PE,https://simple.ripley.com.pe/monitor-lg-led-gaming-24-24gq50f-b-165hz-1ms-full-hd-ideal-para-juegos-y-alta-velocidad-pmp20001197136
20260805_055550,2026-08-05T06:09:54.810317+00:00,ripley_pe,monitores,20001313806,LG,MONITOR LG LED CURVO 32MR50C 1920 X 1080 100HZ D-SUB/ HDMI 32,760.0,,224.19,2026-08-05,,PEN,,,Ripley PE,https://simple.ripley.com.pe/monitor-lg-led-curvo-32mr50c-1920-x-1080-100hz-d-sub-hdmi-32-pmp20001313806
20260805_055550,2026-08-05T06:09:54.810317+00:00,ripley_pe,monitores,20001358478,HP,"MONITOR HP E24T G5 TOUCH, 23.8 FHD IPS(1920X1080) DP / HDMI / USB-A X4 / USB-B",1499.0,1655.0,442.18,2026-08-05,9,PEN,,,Ripley PE,https://simple.ripley.com.pe/monitor-hp-e24t-g5-touch-238-fhd-ips1920x1080-dp-hdmi-usb-a-x4-usb-b-pmp20001358478
20260805_055550,2026-08-05T06:09:54.811829+00:00,ripley_pe,monitores,20000561939,GENÉRICO,"MONITOR FHD 15.6"" KYY K3 PORTATIL 1080P USB-C",499.0,579.0,147.2,2026-08-05,14,PEN,,,Ripley PE,https://simple.ripley.com.pe/monitor-fhd-156-kyy-k3-portatil-1080p-usb-c-pmp20000561939
20260805_055550,2026-08-05T06:09:54.811829+00:00,ripley_pe,monitores,20000456667,MSI,MONITOR MSI G244FE2 24″ FHD 1M 180HZ PANEL IPS,686.89,999.0,202.62,2026-08-05,31,PEN,,,Ripley PE,https://simple.ripley.com.pe/monitor-msi-g244fe2-24-fhd-1m-180hz-panel-ips-pmp20000456667
20260805_055550,2026-08-05T06:09:54.812843+00:00,ripley_pe,monitores,20001012870,TEROS,"MONITOR TEROS TE-2732S, 27' VA, 100HZ, 1920X1080, FULL HD, HDMI, DP, VESA, FREESYNC",479.0,619.0,141.3,2026-08-05,23,PEN,,,Ripley PE,https://simple.ripley.com.pe/monitor-teros-te-2732s-27-va-100hz-1920x1080-full-hd-hdmi-dp-vesa-freesync-pmp20001012870
20260805_055550,2026-08-05T06:09:54.813843+00:00,ripley_pe,monitores,20000200513,XIAOMI,XIAOMI MONITOR A22I,329.0,499.0,97.05,2026-08-05,34,PEN,,,Ripley PE,https://simple.ripley.com.pe/xiaomi-monitor-a22i-pmp20000200513
20260805_055550,2026-08-05T06:09:54.813843+00:00,ripley_pe,monitores,20001524287,HP,"MONITOR HP SERIE 7 PRO 724PU, 24' WUXGA FHD, 100HZ, 5MS, PIVOTE",1819.0,1947.0,536.58,2026-08-05,7,PEN,,,Ripley PE,https://simple.ripley.com.pe/monitor-hp-serie-7-pro-724pu-24-wuxga-fhd-100hz-5ms-pivote-pmp20001524287
20260805_055550,2026-08-05T06:09:54.814843+00:00,ripley_pe,monitores,20001358506,LENOVO,"MONITOR LENOVO THINKVISION S27I-30, 27' WLED IPS FHD (1920 X 1080), HDMI X2/VGA X1",809.0,899.0,238.64,2026-08-05,10,PEN,,,Ripley PE,https://simple.ripley.com.pe/monitor-lenovo-thinkvision-s27i-30-27-wled-ips-fhd-1920-x-1080-hdmi-x2vga-x1-pmp20001358506
20260805_055550,2026-08-05T06:09:54.814843+00:00,ripley_pe,monitores,20001126094,TEROS,MONITOR PLANO TEROS TE-2415S,339.0,400.0,100.0,2026-08-05,15,PEN,,,Ripley PE,https://simple.ripley.com.pe/monitor-plano-teros-te-2415s-pmp20001126094
20260805_055550,2026-08-05T06:09:54.815842+00:00,ripley_pe,monitores,20001524262,HP,"MONITOR HP SERIE 5 PRO 524PF, 24' WLED FHD IPS, 100HZ, 5MS, PIVOTE",709.0,759.0,209.14,2026-08-05,7,PEN,,,Ripley PE,https://simple.ripley.com.pe/monitor-hp-serie-5-pro-524pf-24-wled-fhd-ips-100hz-5ms-pivote-pmp20001524262
20260805_055550,2026-08-05T06:09:54.815842+00:00,ripley_pe,monitores,20001100223,XIAOMI,XIAOMI MONITOR A22I,499.0,599.0,147.2,2026-08-05,17,PEN,,,Ripley PE,https://simple.ripley.com.pe/xiaomi-monitor-a22i-pmp20001100223
20260805_055550,2026-08-05T06:09:54.816843+00:00,ripley_pe,monitores,20001148621,LG,"MONITOR GAMING LG 27G411A 27” FHD IPS 144HZ - IDEAL PARA JUEGOS, CONEXIÓN HDMI 2.0",529.0,799.0,156.05,2026-08-05,34,PEN,,,Ripley PE,https://simple.ripley.com.pe/monitor-gaming-lg-27g411a-27-fhd-ips-144hz-ideal-para-juegos-conexion-hdmi-20-pmp20001148621
20260805_055550,2026-08-05T06:09:54.816843+00:00,ripley_pe,monitores,20001158826,LG,MONITOR LG LED 22MR410/ 100HZ/ 1920X1080/ HDMI/ 21.45,380.0,,112.09,2026-08-05,,PEN,,,Ripley PE,https://simple.ripley.com.pe/monitor-lg-led-22mr410-100hz-1920x1080-hdmi-2145-pmp20001158826
20260805_055550,2026-08-05T06:09:54.817843+00:00,ripley_pe,monitores,20001159355,TEROS,MONITOR TEROS IPS TE-2130CS 21.5 FHD 100HZ/ 5MS/ 1920X1080/ HDMI/ VGA,320.0,,94.4,2026-08-05,,PEN,,,Ripley PE,https://simple.ripley.com.pe/monitor-teros-ips-te-2130cs-215-fhd-100hz-5ms-1920x1080-hdmi-vga-pmp20001159355
20260805_055550,2026-08-05T06:09:54.817843+00:00,ripley_pe,monitores,20001148566,MSI,MONITOR MSI MAG-271QP QD-OLED 27” QHD 280HZ - ALTA VELOCIDAD Y CONECTIVIDAD HDMI,3919.0,5879.0,1156.05,2026-08-05,33,PEN,,,Ripley PE,https://simple.ripley.com.pe/monitor-msi-mag-271qp-qd-oled-27-qhd-280hz-alta-velocidad-y-conectividad-hdmi-pmp20001148566
20260805_055550,2026-08-05T06:09:54.818843+00:00,ripley_pe,monitores,20000398873,ASUS,"MONITOR FHD ASUS 27"" VZ27EHF 1M 100HZ",634.89,699.0,187.28,2026-08-05,9,PEN,,,Ripley PE,https://simple.ripley.com.pe/monitor-fhd-asus-27-vz27ehf-1m-100hz-pmp20000398873
20260805_055550,2026-08-05T06:09:54.818843+00:00,ripley_pe,monitores,20001420915,GIGABYTE,MONITOR GIGABYTE M27Q2 ICE WHITE 27' PANEL IPS QHD 2K 2560 X 1440 200HZ 1MS  HDMI.,1309.0,2000.0,386.14,2026-08-05,35,PEN,,,Ripley PE,https://simple.ripley.com.pe/monitor-gigabyte-m27q2-ice-white-27-panel-ips-qhd-2k-2560-x-1440-200hz-1ms-hdmi-pmp20001420915
20260805_055550,2026-08-05T06:09:54.819842+00:00,ripley_pe,monitores,20000834799,MSI,MONITOR MSI G255F 25″ FHD 1MS 180HZ,830.0,,244.84,2026-08-05,,PEN,,,Ripley PE,https://simple.ripley.com.pe/monitor-msi-g255f-25-fhd-1ms-180hz-pmp20000834799
20260805_055550,2026-08-05T06:09:54.819842+00:00,ripley_pe,monitores,20001143974,LG,"MONITOR LG ULTRAWIDE 29U531A-W, 29', WFHD, IPS, 100HZ, HDMI, DP, HDR10, USB-C",849.0,1099.0,250.44,2026-08-05,23,PEN,,,Ripley PE,https://simple.ripley.com.pe/monitor-lg-ultrawide-29u531a-w-29-wfhd-ips-100hz-hdmi-dp-hdr10-usb-c-pmp20001143974
20260805_055550,2026-08-05T06:09:54.820843+00:00,ripley_pe,monitores,20001057871,TEROS,"MONITOR TEROS TE-2732S, 27' VA, 100HZ, 1920X1080, FULL HD, HDMI, DP, VESA, FREESYNC",479.0,599.0,141.3,2026-08-05,20,PEN,,,Ripley PE,https://simple.ripley.com.pe/monitor-teros-te-2732s-27-va-100hz-1920x1080-full-hd-hdmi-dp-vesa-freesync-pmp20001057871
20260805_055550,2026-08-05T06:09:54.821842+00:00,ripley_pe,monitores,20000853830,LG,MONITOR LG ULTRAGEAR 24GN65R-B 24' FULL HD IPS 144HZ HDMI DP,840.0,,247.79,2026-08-05,,PEN,,,Ripley PE,https://simple.ripley.com.pe/monitor-lg-ultragear-24gn65r-b-24-full-hd-ips-144hz-hdmi-dp-pmp20000853830
20260805_055550,2026-08-05T06:09:54.822843+00:00,ripley_pe,monitores,20000850748,TEROS,"MONITOR CURVO TEROS TE-2767G, 27' QHD VA, 180 HZ, 1 MS, HDMI, DP, PIVOT",1018.0,1295.0,300.29,2026-08-05,21,PEN,,,Ripley PE,https://simple.ripley.com.pe/monitor-curvo-teros-te-2767g-27-qhd-va-180-hz-1-ms-hdmi-dp-pivot-pmp20000850748
20260805_055550,2026-08-05T06:09:54.822843+00:00,ripley_pe,monitores,20001148669,HP,MONITOR HP S5 PRO 524PF 23.8' FULL HD 1920X1080,1049.0,1579.0,309.44,2026-08-05,34,PEN,,,Ripley PE,https://simple.ripley.com.pe/monitor-hp-s5-pro-524pf-238-full-hd-1920x1080-pmp20001148669
20260805_055550,2026-08-05T06:09:54.823842+00:00,ripley_pe,monitores,20001524288,HP,"MONITOR HP SERIE 3 PRO 322PH, 22' WLED IPS, 100HZ, 5MS, PARLANTE",649.0,695.0,191.45,2026-08-05,7,PEN,,,Ripley PE,https://simple.ripley.com.pe/monitor-hp-serie-3-pro-322ph-22-wled-ips-100hz-5ms-parlante-pmp20001524288
20260805_055550,2026-08-05T06:09:59.266624+00:00,ripley_pe,monitores,20001533737,SAMSUNG,MONITOR SAMSUNG 27' ODYSSEY G8 G80HF 5K 180HZ / QHD 360HZ GAMING NEGRO,2449.0,3099.0,722.42,2026-08-05,21,PEN,,,Ripley PE,https://simple.ripley.com.pe/monitor-samsung-27-odyssey-g8-g80hf-5k-180hz-qhd-360hz-gaming-negro-pmp20001533737
20260805_055550,2026-08-05T06:09:59.267610+00:00,ripley_pe,monitores,20000853229,LG,MONITOR LG ULTRAGEAR 27GN65R-B 27 FULL HD IPS 144HZ HDMI DP,1040.0,,306.78,2026-08-05,,PEN,,,Ripley PE,https://simple.ripley.com.pe/monitor-lg-ultragear-27gn65r-b-27-full-hd-ips-144hz-hdmi-dp-pmp20000853229
20260805_055550,2026-08-05T06:09:59.268609+00:00,ripley_pe,monitores,20001133529,LG,"PANTALLA LG 49' FHD VIDEOWALL 500 NITS - BISEL 3.5MM, ORIENTACIÓN DUAL, WEBOS 4.1",3719.0,5579.0,1097.05,2026-08-05,33,PEN,,,Ripley PE,https://simple.ripley.com.pe/pantalla-lg-49-fhd-videowall-500-nits-bisel-35mm-orientacion-dual-webos-41-pmp20001133529
20260805_055550,2026-08-05T06:09:59.270620+00:00,ripley_pe,monitores,20001421326,MSI,MONITOR MSI MAG 255F E20 PLANO 24.5 FHD RAPID IPS 1920X1080 200HZ 0.5 MS HDMIX2,479.0,600.0,141.3,2026-08-05,20,PEN,,,Ripley PE,https://simple.ripley.com.pe/monitor-msi-mag-255f-e20-plano-245-fhd-rapid-ips-1920x1080-200hz-05-ms-hdmix2-pmp20001421326
20260805_055550,2026-08-05T06:09:59.270620+00:00,ripley_pe,monitores,20001133559,LENOVO,"MONITOR LENOVO T24M-20 FHD 23.8' 1920X1080, 60HZ, HDMI, DP, USB-C Y RJ45 - IDEAL PARA OFICINA Y ESTUDIO",1149.0,1729.0,338.94,2026-08-05,34,PEN,,,Ripley PE,https://simple.ripley.com.pe/monitor-lenovo-t24m-20-fhd-238-1920x1080-60hz-hdmi-dp-usb-c-y-rj45-ideal-para-oficina-y-estudio-pmp20001133559
20260805_055550,2026-08-05T06:09:59.273610+00:00,ripley_pe,monitores,20001147951,LG,MONITOR LG LED CURVO 32MR50C 1920 X 1080 100HZ D-SUB/ HDMI 32,890.0,,262.54,2026-08-05,,PEN,,,Ripley PE,https://simple.ripley.com.pe/monitor-lg-led-curvo-32mr50c-1920-x-1080-100hz-d-sub-hdmi-32-pmp20001147951
20260805_055550,2026-08-05T06:09:59.274609+00:00,ripley_pe,monitores,20001421330,MSI,MONITOR MSI PRO MP243XW 23.8' IPS FHD 1920 X 1080 100HZ 1MS PARLANTE INTERGRADO BLANCO,389.0,500.0,114.75,2026-08-05,22,PEN,,,Ripley PE,https://simple.ripley.com.pe/monitor-msi-pro-mp243xw-238-ips-fhd-1920-x-1080-100hz-1ms-parlante-intergrado-blanco-pmp20001421330
20260805_055550,2026-08-05T06:09:59.275609+00:00,ripley_pe,monitores,20000248535,LG,"MONITOR FULL HD IPS LG 22"" 22MN430M-B",579.0,815.0,170.8,2026-08-05,29,PEN,,,Ripley PE,https://simple.ripley.com.pe/monitor-full-hd-ips-lg-22-22mn430m-b-pmp20000248535
20260805_055550,2026-08-05T06:09:59.276616+00:00,ripley_pe,monitores,20001481177,TEROS,"MONITOR CURVO TEROS TE-2403S, 23.8' FHD VA, 144HZ, 1MS, HDMI, DP, AUDIO OUT, PARLANTES",427.0,519.0,125.96,2026-08-05,18,PEN,,,Ripley PE,https://simple.ripley.com.pe/monitor-curvo-teros-te-2403s-238-fhd-va-144hz-1ms-hdmi-dp-audio-out-parlantes-pmp20001481177
20260805_055550,2026-08-05T06:09:59.278609+00:00,ripley_pe,monitores,20001321222,TEROS,MONITOR CORP. TEROS TE-2416CS 23.8' QHD IPS 100HZ 1MS HDMI,910.0,,268.44,2026-08-05,,PEN,,,Ripley PE,https://simple.ripley.com.pe/monitor-corp-teros-te-2416cs-238-qhd-ips-100hz-1ms-hdmi-pmp20001321222
20260805_055550,2026-08-05T06:09:59.282610+00:00,ripley_pe,monitores,20001131785,TEROS,MONITOR TEROS TE-2714S 27 PULGADAS FHD IPS 144HZ 1 MS HDMI DP SPEAKERS,649.0,999.0,191.45,2026-08-05,35,PEN,,,Ripley PE,https://simple.ripley.com.pe/monitor-teros-te-2714s-27-pulgadas-fhd-ips-144hz-1-ms-hdmi-dp-speakers-pmp20001131785
20260805_055550,2026-08-05T06:09:59.283609+00:00,ripley_pe,monitores,20001290855,ADVANCE,MONITOR PLANO ADVANCE ADV-2454S 23.8',432.0,479.0,127.43,2026-08-05,10,PEN,,,Ripley PE,https://simple.ripley.com.pe/monitor-plano-advance-adv-2454s-238-pmp20001290855
20260805_055550,2026-08-05T06:09:59.283609+00:00,ripley_pe,monitores,20001057942,TEROS,"MONITOR CORPORATIVO TEROS TE-2416CS, QHD IPS, 100HZ, HDMI, DP, AUDIO OUT, CÁMARA 5MP",879.0,1079.0,259.29,2026-08-05,19,PEN,,,Ripley PE,https://simple.ripley.com.pe/monitor-corporativo-teros-te-2416cs-qhd-ips-100hz-hdmi-dp-audio-out-camara-5mp-pmp20001057942
20260805_055550,2026-08-05T06:09:59.286619+00:00,ripley_pe,monitores,20001358449,HP,"MONITOR PLANO HP SERIE 3 PRO 324PV, 23.8' WLED/FHD/VA/100HZ/ANTIRREFLECTANTE/HDMI/VGA",636.0,705.0,187.61,2026-08-05,10,PEN,,,Ripley PE,https://simple.ripley.com.pe/monitor-plano-hp-serie-3-pro-324pv-238-wledfhdva100hzantirreflectantehdmivga-pmp20001358449
20260805_055550,2026-08-05T06:09:59.287617+00:00,ripley_pe,monitores,20000396611,ASUS,"MONITOR FHD ASUS 24"" VZ24EHF 1M 100HZ",496.8,599.0,146.55,2026-08-05,17,PEN,,,Ripley PE,https://simple.ripley.com.pe/monitor-fhd-asus-24-vz24ehf-1m-100hz-pmp20000396611
20260805_055550,2026-08-05T06:09:59.289610+00:00,ripley_pe,monitores,20001524271,HP,"MONITOR HP SERIE 3 PRO 324PV, 24' WLED IPS, 100HZ, 5MS",719.0,769.0,212.09,2026-08-05,7,PEN,,,Ripley PE,https://simple.ripley.com.pe/monitor-hp-serie-3-pro-324pv-24-wled-ips-100hz-5ms-pmp20001524271
20260805_055550,2026-08-05T06:09:59.290609+00:00,ripley_pe,monitores,20000464177,MSI,"MONITOR FULL HD IPS FHD MSI 25"" G255PF E2 1MS 180HZ",652.0,899.0,192.33,2026-08-05,27,PEN,,,Ripley PE,https://simple.ripley.com.pe/monitor-full-hd-ips-fhd-msi-25-g255pf-e2-1ms-180hz-pmp20000464177
20260805_055550,2026-08-05T06:09:59.290609+00:00,ripley_pe,monitores,20001524284,HP,"MONITOR HP SERIE 3 PRO 324PV, 24' WLED IPS, 100HZ, 5MS",719.0,770.0,212.09,2026-08-05,7,PEN,,,Ripley PE,https://simple.ripley.com.pe/monitor-hp-serie-3-pro-324pv-24-wled-ips-100hz-5ms-pmp20001524284
20260805_055550,2026-08-05T06:09:59.291611+00:00,ripley_pe,monitores,20001533773,MSI,MONITOR MSI MAG 276CXF 27 PULGADAS CURVO FULL HD RAPID VA 280HZ 0.5MS GAMING NEGRO,695.0,989.0,205.01,2026-08-05,30,PEN,,,Ripley PE,https://simple.ripley.com.pe/monitor-msi-mag-276cxf-27-pulgadas-curvo-full-hd-rapid-va-280hz-05ms-gaming-negro-pmp20001533773
20260805_055550,2026-08-05T06:10:03.868541+00:00,ripley_pe,monitores,20000403818,LG,"MONITOR FHD LG 21.5"" 22MR410-B 2145 VA 1920X1080 HDMIX1VGAX1",349.0,550.0,102.95,2026-08-05,37,PEN,,,Ripley PE,https://simple.ripley.com.pe/monitor-fhd-lg-215-22mr410-b-2145-va-1920x1080-hdmix1vgax1-pmp20000403818
20260805_055550,2026-08-05T06:10:03.869541+00:00,ripley_pe,monitores,20000875877,TEROS,"MONITOR TEROS TE-2732S, 27' VA, 100HZ, 1920X1080, FULL HD, HDMI, DP, VESA, FREESYNC",800.0,,235.99,2026-08-05,,PEN,,,Ripley PE,https://simple.ripley.com.pe/monitor-teros-te-2732s-27-va-100hz-1920x1080-full-hd-hdmi-dp-vesa-freesync-pmp20000875877
20260805_055550,2026-08-05T06:10:03.869541+00:00,ripley_pe,monitores,20001357423,TEROS,"MONITOR CURVO TEROS TE-2403S, 23.8' FHD VA, 144HZ, 1MS, HDMI, DP, EARPHONE OUT",428.0,472.0,126.25,2026-08-05,9,PEN,,,Ripley PE,https://simple.ripley.com.pe/monitor-curvo-teros-te-2403s-238-fhd-va-144hz-1ms-hdmi-dp-earphone-out-pmp20001357423
20260805_055550,2026-08-05T06:10:03.870546+00:00,ripley_pe,monitores,20001158589,TEROS,MONITOR TEROS LED IPS TE-2415S ANCHO/ 120HZ/ 1MS FHD/ HDMI/ DP/ 23.8,390.0,,115.04,2026-08-05,,PEN,,,Ripley PE,https://simple.ripley.com.pe/monitor-teros-led-ips-te-2415s-ancho-120hz-1ms-fhd-hdmi-dp-238-pmp20001158589
20260805_055550,2026-08-05T06:10:03.871542+00:00,ripley_pe,monitores,20001158215,TEROS,MONITOR TEROS IPS TE-2714S FHD 27 144HZ/ 1MS/ 1920X 1080,500.0,,147.49,2026-08-05,,PEN,,,Ripley PE,https://simple.ripley.com.pe/monitor-teros-ips-te-2714s-fhd-27-144hz-1ms-1920x-1080-pmp20001158215
20260805_055550,2026-08-05T06:10:03.871542+00:00,ripley_pe,monitores,20001524217,HP,"MONITOR HP SERIE 3 PRO 327PF, 27' WLED IPS, 100HZ, 5MS",969.0,1039.0,285.84,2026-08-05,7,PEN,,,Ripley PE,https://simple.ripley.com.pe/monitor-hp-serie-3-pro-327pf-27-wled-ips-100hz-5ms-pmp20001524217
20260805_055550,2026-08-05T06:10:03.872540+00:00,ripley_pe,monitores,20001187200,LG,MONITOR LG 27G411A-B 27 PULGADAS FHD IPS 144HZ HDMI DP USB HEADPHONES-OUT,635.0,999.0,187.32,2026-08-05,36,PEN,,,Ripley PE,https://simple.ripley.com.pe/monitor-lg-27g411a-b-27-pulgadas-fhd-ips-144hz-hdmi-dp-usb-headphones-out-pmp20001187200
20260805_055550,2026-08-05T06:10:03.872540+00:00,ripley_pe,monitores,20001158594,TEROS,MONITOR TEROS LED IPS TE-2415S ANCHO/ 120HZ/ 1MS FHD/ HDMI/ DP/ 23.8,400.0,,117.99,2026-08-05,,PEN,,,Ripley PE,https://simple.ripley.com.pe/monitor-teros-led-ips-te-2415s-ancho-120hz-1ms-fhd-hdmi-dp-238-pmp20001158594
20260805_055550,2026-08-05T06:10:03.874540+00:00,ripley_pe,monitores,20001148761,ASUS,"MONITOR ASUS VA279HG IPS 27 PULGADAS, 120HZ, 1MS, HDMI, DSP.",630.0,,185.84,2026-08-05,,PEN,,,Ripley PE,https://simple.ripley.com.pe/monitor-asus-va279hg-ips-27-pulgadas-120hz-1ms-hdmi-dsp-pmp20001148761
20260805_055550,2026-08-05T06:10:03.874540+00:00,ripley_pe,monitores,20001070961,TEROS,MONITOR TEROS 19' HD 75HZ 5MS (TE-1915S) HDMI/VGA,249.0,337.0,73.45,2026-08-05,26,PEN,,,Ripley PE,https://simple.ripley.com.pe/monitor-teros-19-hd-75hz-5ms-te-1915s-hdmivga-pmp20001070961
20260805_055550,2026-08-05T06:10:03.875540+00:00,ripley_pe,monitores,20000409517,TEROS,"MONITOR TEROS 27"" TE-2731S VA 100HZ 1920×1080",509.89,699.0,150.41,2026-08-05,27,PEN,,,Ripley PE,https://simple.ripley.com.pe/monitor-teros-27-te-2731s-va-100hz-19201080-pmp20000409517
20260805_055550,2026-08-05T06:10:03.875540+00:00,ripley_pe,monitores,20001011538,MSI,"MONITOR MSI MAG 242C CURVO (1500R) 23.6, FHD VA, HDMI / DP / HEADPHONE-OUT",497.0,610.0,146.61,2026-08-05,19,PEN,,,Ripley PE,https://simple.ripley.com.pe/monitor-msi-mag-242c-curvo-1500r-236-fhd-va-hdmi-dp-headphone-out-pmp20001011538
20260805_055550,2026-08-05T06:10:03.877541+00:00,ripley_pe,monitores,20001518780,LG,MONITOR LG ULTRAFINE 32UR550K-B 31.5″ UHD 60 HZ 4 MS VA,1494.0,1999.0,440.71,2026-08-05,25,PEN,,,Ripley PE,https://simple.ripley.com.pe/monitor-lg-ultrafine-32ur550k-b-315-uhd-60-hz-4-ms-va-pmp20001518780
20260805_055550,2026-08-05T06:10:03.878540+00:00,ripley_pe,monitores,20001147929,LG,MONITOR LG LED CURVO 32MR50C 1920 X 1080 100HZ D-SUB/ HDMI 32,880.0,,259.59,2026-08-05,,PEN,,,Ripley PE,https://simple.ripley.com.pe/monitor-lg-led-curvo-32mr50c-1920-x-1080-100hz-d-sub-hdmi-32-pmp20001147929
20260805_055550,2026-08-05T06:10:03.879540+00:00,ripley_pe,monitores,20001461699,TEROS,MONITOR TEROS TE-2415S PLANO 23.8” FHD 120HZ HDMI DP,399.0,,117.7,2026-08-05,,PEN,,,Ripley PE,https://simple.ripley.com.pe/monitor-teros-te-2415s-plano-238-fhd-120hz-hdmi-dp-pmp20001461699
20260805_055550,2026-08-05T06:10:03.879540+00:00,ripley_pe,monitores,20001131783,TEROS,MONITOR CORPORATIVO TEROS TE-2416CS 23.8 PULGADAS QHD IPS HDMI DP CÁMARA,975.0,1699.0,287.61,2026-08-05,43,PEN,,,Ripley PE,https://simple.ripley.com.pe/monitor-corporativo-teros-te-2416cs-238-pulgadas-qhd-ips-hdmi-dp-camara-pmp20001131783
20260805_055550,2026-08-05T06:10:03.880540+00:00,ripley_pe,monitores,20000605851,LG,MONITOR IPS FHD LG 27MS500-B 27 1920X1080 HDMI X2,720.0,,212.39,2026-08-05,,PEN,,,Ripley PE,https://simple.ripley.com.pe/monitor-ips-fhd-lg-27ms500-b-27-1920x1080-hdmi-x2-pmp20000605851
20260805_055550,2026-08-05T06:10:03.882551+00:00,ripley_pe,monitores,20000429289,TEROS,"MONITOR FHD TEROS 27"" TE-2731S CURVO VA 100HZ HDMI VGA VESA FREESYNC",629.0,819.0,185.55,2026-08-05,23,PEN,,,Ripley PE,https://simple.ripley.com.pe/monitor-fhd-teros-27-te-2731s-curvo-va-100hz-hdmi-vga-vesa-freesync-pmp20000429289
20260805_055550,2026-08-05T06:10:03.885540+00:00,ripley_pe,monitores,20001545483,GENERAL ELECTRIC,EXTENSOR DE PANTALLA PARA LAPTOP MONITOR PORTÁTIL FHD 1080P IPS DE 156 PULGADAS PARA LAPTOP EXTENSOR DE MONITOR DUAL,1039.0,1299.0,306.49,2026-08-05,20,PEN,,,Ripley PE,https://simple.ripley.com.pe/extensor-de-pantalla-para-laptop-monitor-portatil-fhd-1080p-ips-de-156-pulgadas-para-laptop-extensor-de-monitor-dual-pmp20001545483
20260805_055550,2026-08-05T06:10:03.886547+00:00,ripley_pe,monitores,20000358152,MASTER G,"MONITOR GAMER MASTER G 27"" FULL HD POSICIÓN VERTICAL 180HZ 1MS",629.0,1119.0,185.55,2026-08-05,44,PEN,,,Ripley PE,https://simple.ripley.com.pe/monitor-gamer-master-g-27-full-hd-posicion-vertical-180hz-1ms-pmp20000358152
20260805_055550,2026-08-05T06:10:03.887545+00:00,ripley_pe,monitores,20001533735,SAMSUNG,MONITOR SAMSUNG 32' ODYSSEY OLED G7 G73SH 4K 165HZ / FHD 330HZ GAMING NEGRO,3259.0,4079.0,961.36,2026-08-05,20,PEN,,,Ripley PE,https://simple.ripley.com.pe/monitor-samsung-32-odyssey-oled-g7-g73sh-4k-165hz-fhd-330hz-gaming-negro-pmp20001533735
20260805_055550,2026-08-05T06:10:03.889554+00:00,ripley_pe,monitores,20001485192,ASUS,"MONITOR PLANO MULTITACTIL ASUS VT229H, 21.5' FHD IPS (1920X1080) /HDMI X1/VGA X1",966.0,1162.0,284.96,2026-08-05,17,PEN,,,Ripley PE,https://simple.ripley.com.pe/monitor-plano-multitactil-asus-vt229h-215-fhd-ips-1920x1080-hdmi-x1vga-x1-pmp20001485192
20260805_055550,2026-08-05T06:10:03.889554+00:00,ripley_pe,monitores,20001250345,ASUS,MONITOR ASUS TOUCH VT169HE 15.6 FHD 1920X1080,790.0,850.0,233.04,2026-08-05,7,PEN,,,Ripley PE,https://simple.ripley.com.pe/monitor-asus-touch-vt169he-156-fhd-1920x1080-pmp20001250345
20260805_055550,2026-08-05T06:10:03.891553+00:00,ripley_pe,monitores,20000858154,LG,"MONITOR LG 24GS50F-B DE 23.7 FHD VA, 180 HZ, 5 MS, HDMI, DP ULTRAGEAR",540.0,,159.29,2026-08-05,,PEN,,,Ripley PE,https://simple.ripley.com.pe/monitor-lg-24gs50f-b-de-237-fhd-va-180-hz-5-ms-hdmi-dp-ultragear-pmp20000858154
20260805_055550,2026-08-05T06:10:03.891553+00:00,ripley_pe,monitores,20001469842,HP,MONITOR HP SERIE 7 PRO 724PU 24 PULGADAS WUXGA IPS HDMI DP USB-C USB-A RJ-45,1845.0,2999.0,544.25,2026-08-05,38,PEN,,,Ripley PE,https://simple.ripley.com.pe/monitor-hp-serie-7-pro-724pu-24-pulgadas-wuxga-ips-hdmi-dp-usb-c-usb-a-rj-45-pmp20001469842
20260805_055550,2026-08-05T06:10:03.891553+00:00,ripley_pe,monitores,20001099293,TEROS,MONITOR TEROS TE-2732S 27' CURVO 100HZ 1MS FULL HD HDMI FREESYNC,435.0,499.0,128.32,2026-08-05,13,PEN,,,Ripley PE,https://simple.ripley.com.pe/monitor-teros-te-2732s-27-curvo-100hz-1ms-full-hd-hdmi-freesync-pmp20001099293
20260805_055550,2026-08-05T06:10:03.892553+00:00,ripley_pe,monitores,20001358477,HP,"MONITOR HP E24MV G4, 23.8' FHD (1920X1080) IPS, HDMI/VGA/DP/USB-A 3.1 GEN 1(4)",1119.0,1239.0,330.09,2026-08-05,10,PEN,,,Ripley PE,https://simple.ripley.com.pe/monitor-hp-e24mv-g4-238-fhd-1920x1080-ips-hdmivgadpusb-a-31-gen-14-pmp20001358477
20260805_055550,2026-08-05T06:10:03.892553+00:00,ripley_pe,monitores,20001352543,LG,"MONITOR LG 27G411A-B, 27/FHD/IPS/144HZ/HDMI/DP/USB",633.0,,186.73,2026-08-05,,PEN,,,Ripley PE,https://simple.ripley.com.pe/monitor-lg-27g411a-b-27fhdips144hzhdmidpusb-pmp20001352543
20260805_055550,2026-08-05T06:10:03.893553+00:00,ripley_pe,monitores,20000834770,MSI,MONITOR MSI PRO MP275 E2 27 IPS FHD 120HZ 1MS PARLANTE,699.0,,206.19,2026-08-05,,PEN,,,Ripley PE,https://simple.ripley.com.pe/monitor-msi-pro-mp275-e2-27-ips-fhd-120hz-1ms-parlante-pmp20000834770
20260805_055550,2026-08-05T06:10:03.894553+00:00,ripley_pe,monitores,20001330979,ADVANCE,MONITOR PLANO ADVANCE ADV-2755S 27' FHD IPS 144HZ 1MS HDMI DP,559.0,,164.9,2026-08-05,,PEN,,,Ripley PE,https://simple.ripley.com.pe/monitor-plano-advance-adv-2755s-27-fhd-ips-144hz-1ms-hdmi-dp-pmp20001330979
20260805_055550,2026-08-05T06:10:08.169938+00:00,ripley_pe,monitores,20001524267,HP,"MONITOR HP SERIE 5 PRO 524PN, 24' WUXGA FHD, 100HZ, 5MS, PIVOTE",1179.0,1269.0,347.79,2026-08-05,7,PEN,,,Ripley PE,https://simple.ripley.com.pe/monitor-hp-serie-5-pro-524pn-24-wuxga-fhd-100hz-5ms-pivote-pmp20001524267
20260805_055550,2026-08-05T06:10:08.171938+00:00,ripley_pe,monitores,20001469864,TEROS,MONITOR CURVO TEROS TE-2788G 27 PULGADAS FHD VA 200 HZ 1MS HDMI DP AUDIO OUT,685.0,999.0,202.06,2026-08-05,31,PEN,,,Ripley PE,https://simple.ripley.com.pe/monitor-curvo-teros-te-2788g-27-pulgadas-fhd-va-200-hz-1ms-hdmi-dp-audio-out-pmp20001469864
20260805_055550,2026-08-05T06:10:08.171938+00:00,ripley_pe,monitores,20000699671,HP,"MONITOR IPS FHD HP 27"" 94F46AA SERIE 5 527SW 100 HZ 5MS",780.0,,230.09,2026-08-05,,PEN,,,Ripley PE,https://simple.ripley.com.pe/monitor-ips-fhd-hp-27-94f46aa-serie-5-527sw-100-hz-5ms-pmp20000699671
20260805_055550,2026-08-05T06:10:08.172930+00:00,ripley_pe,monitores,20001115878,HP,"MONITOR FHD HP DE LA SERIE 3 PRO DE 21,45' - 322PV",429.0,799.0,126.55,2026-08-05,46,PEN,,,Ripley PE,https://simple.ripley.com.pe/monitor-fhd-hp-de-la-serie-3-pro-de-2145-322pv-pmp20001115878
20260805_055550,2026-08-05T06:10:08.174938+00:00,ripley_pe,monitores,20001468426,LG,MONITOR LG 24GS50F-B 23.7' FHD VA 180HZ PLANO 2 HDMI DP,769.0,,226.84,2026-08-05,,PEN,,,Ripley PE,https://simple.ripley.com.pe/monitor-lg-24gs50f-b-237-fhd-va-180hz-plano-2-hdmi-dp-pmp20001468426
20260805_055550,2026-08-05T06:10:08.174938+00:00,ripley_pe,monitores,20001292097,TEROS,MONITOR TEROS PLANO TE-2416CS 23.8” QHD IPS 100HZ CÁMARA 5MP PARLANTES,969.0,,285.84,2026-08-05,,PEN,,,Ripley PE,https://simple.ripley.com.pe/monitor-teros-plano-te-2416cs-238-qhd-ips-100hz-camara-5mp-parlantes-pmp20001292097
20260805_055550,2026-08-05T06:10:08.175938+00:00,ripley_pe,monitores,20001524233,HP,"MONITOR HP SERIE 3 PRO 322PH, 22' WLED IPS, 100HZ, 5MS, PARLANTE",649.0,699.0,191.45,2026-08-05,7,PEN,,,Ripley PE,https://simple.ripley.com.pe/monitor-hp-serie-3-pro-322ph-22-wled-ips-100hz-5ms-parlante-pmp20001524233
20260805_055550,2026-08-05T06:10:08.176944+00:00,ripley_pe,monitores,20001057868,TEROS,"MONITOR CURVO TEROS TE-2402S, 23.8' FHD VA, HDMI, VGA",390.0,499.0,115.04,2026-08-05,22,PEN,,,Ripley PE,https://simple.ripley.com.pe/monitor-curvo-teros-te-2402s-238-fhd-va-hdmi-vga-pmp20001057868
20260805_055550,2026-08-05T06:10:08.176944+00:00,ripley_pe,monitores,20000403741,GENÉRICO,CARGADOR SAMSUNG MONITOR 14V 3A 6.5X4.4MM 42W,40.89,100.0,12.06,2026-08-05,59,PEN,,,Ripley PE,https://simple.ripley.com.pe/cargador-samsung-monitor-14v-3a-65x44mm-42w-pmp20000403741
20260805_055550,2026-08-05T06:10:08.177938+00:00,ripley_pe,monitores,20001524255,LG,"MONITOR LG ULTRAGEAR G6 34G600A-B, 34' CURVO WQHD VA 2K, 160HZ, 1MS, PARLANTE",1659.0,1779.0,489.38,2026-08-05,7,PEN,,,Ripley PE,https://simple.ripley.com.pe/monitor-lg-ultragear-g6-34g600a-b-34-curvo-wqhd-va-2k-160hz-1ms-parlante-pmp20001524255
20260805_055550,2026-08-05T06:10:08.177938+00:00,ripley_pe,monitores,20001545544,GENERAL ELECTRIC,EXTENSOR DE PANTALLA PARA PORTÁTIL DE 156 PULGADAS FHD 1080P IPS MONITOR DUAL DE VIAJE PORTÁTIL DELGADO DE 027 PULGADAS MONITOR,879.0,1099.0,259.29,2026-08-05,20,PEN,,,Ripley PE,https://simple.ripley.com.pe/extensor-de-pantalla-para-portatil-de-156-pulgadas-fhd-1080p-ips-monitor-dual-de-viaje-portatil-delgado-de-027-pulgadas-monitor-pmp20001545544
20260805_055550,2026-08-05T06:10:08.178938+00:00,ripley_pe,monitores,20001499472,LENOVO,"MONITOR LENOVO THINKVISION T24V-30, 23.8' 1920X1080 WLED IPS HDMI/DP/VGA COLOR RAVEN BLACK",960.0,1159.0,283.19,2026-08-05,17,PEN,,,Ripley PE,https://simple.ripley.com.pe/monitor-lenovo-thinkvision-t24v-30-238-1920x1080-wled-ips-hdmidpvga-color-raven-black-pmp20001499472
20260805_055550,2026-08-05T06:10:08.179937+00:00,ripley_pe,monitores,20001352404,LENOVO,"MONITOR PLANO LENOVO THINKVISION S24-4E, 23.8' WLED FHD IPS/HDMI/VGA",477.0,,140.71,2026-08-05,,PEN,,,Ripley PE,https://simple.ripley.com.pe/monitor-plano-lenovo-thinkvision-s24-4e-238-wled-fhd-ipshdmivga-pmp20001352404
20260805_055550,2026-08-05T06:10:08.179937+00:00,ripley_pe,monitores,20001133547,COOLER MASTER,MONITOR COOLER MASTER 24.5'' FHD 100HZ IPS - EXPERIENCIA VISUAL INIGUALABLE CON CONEXIÓN US,459.0,689.0,135.4,2026-08-05,33,PEN,,,Ripley PE,https://simple.ripley.com.pe/monitor-cooler-master-245-fhd-100hz-ips-experiencia-visual-inigualable-con-conexion-us-pmp20001133547
20260805_055550,2026-08-05T06:10:08.179937+00:00,ripley_pe,monitores,20001357629,TEROS,"MONITOR PLANO TEROS TE-1916S, 19.5' HD TN, 75 HZ, 5MS, HDMI, VGA, AUDIO OUT, PARLANTES",239.0,269.0,70.5,2026-08-05,11,PEN,,,Ripley PE,https://simple.ripley.com.pe/monitor-plano-teros-te-1916s-195-hd-tn-75-hz-5ms-hdmi-vga-audio-out-parlantes-pmp20001357629
20260805_055550,2026-08-05T06:10:08.180938+00:00,ripley_pe,monitores,20001133582,GIGABYTE,"GIGABYTE MO27Q2 MONITOR 27' QHD QD-OLED 240HZ, 0.03MS, ROTACIÓN Y ALTAVOCES INTEGRADOS",2689.0,4039.0,793.22,2026-08-05,33,PEN,,,Ripley PE,https://simple.ripley.com.pe/gigabyte-mo27q2-monitor-27-qhd-qd-oled-240hz-003ms-rotacion-y-altavoces-integrados-pmp20001133582
20260805_055550,2026-08-05T06:10:08.180938+00:00,ripley_pe,monitores,20001358502,LENOVO,"MONITOR PLANO LENOVO THINKVISION T27QD-4V, 27' WLED QHD/IPS/HDMI/DP/DP-OUT/USB-C/RJ45/5WX2",1769.0,1949.0,521.83,2026-08-05,9,PEN,,,Ripley PE,https://simple.ripley.com.pe/monitor-plano-lenovo-thinkvision-t27qd-4v-27-wled-qhdipshdmidpdp-outusb-crj455wx2-pmp20001358502
20260805_055550,2026-08-05T06:10:08.181953+00:00,ripley_pe,monitores,20001420916,LG,MONITOR LED 27' LG 27U411A-B 1920X1080 HDMI VGA 5MS 120HZ NEGRO,499.0,600.0,147.2,2026-08-05,17,PEN,,,Ripley PE,https://simple.ripley.com.pe/monitor-led-27-lg-27u411a-b-1920x1080-hdmi-vga-5ms-120hz-negro-pmp20001420916
20260805_055550,2026-08-05T06:10:08.182954+00:00,ripley_pe,monitores,20001242228,LG,MONITOR LG LED 34' VA CURVO 160 HZ,1709.0,2569.0,504.13,2026-08-05,33,PEN,,,Ripley PE,https://simple.ripley.com.pe/monitor-lg-led-34-va-curvo-160-hz-pmp20001242228
20260805_055550,2026-08-05T06:10:08.183952+00:00,ripley_pe,monitores,20001545541,GENERAL ELECTRIC,VEOUT MONITOR PORTÁTIL DE 14 PULGADAS ULTRA DELGADO IPS FHD USB C HDMI MONITOR DE VIAJE PARA PORTÁTIL CON SOPORTE Y ALTAVOCES,379.0,479.0,111.8,2026-08-05,21,PEN,,,Ripley PE,https://simple.ripley.com.pe/veout-monitor-portatil-de-14-pulgadas-ultra-delgado-ips-fhd-usb-c-hdmi-monitor-de-viaje-para-portatil-con-soporte-y-altavoces-pmp20001545541
20260805_055550,2026-08-05T06:10:08.184943+00:00,ripley_pe,monitores,20000150346,GENÉRICO,CARGADOR MONITOR SAMSUNG 14V 3A 6-5X4-4MM 42W,44.8,99.9,13.22,2026-08-05,55,PEN,,,Ripley PE,https://simple.ripley.com.pe/cargador-monitor-samsung-14v-3a-6-5x4-4mm-42w-pmp20000150346
20260805_055550,2026-08-05T06:10:08.185951+00:00,ripley_pe,monitores,20001545542,GENERAL ELECTRIC,DOPESPLAY MONITOR PORTÁTIL MONITOR DE VIAJE FHD 1080P IPS DE 156 PULGADAS PARA LAPTOP SOPORTE MAGNÉTICO PLEGABLE Y FUNDA,739.0,929.0,217.99,2026-08-05,20,PEN,,,Ripley PE,https://simple.ripley.com.pe/dopesplay-monitor-portatil-monitor-de-viaje-fhd-1080p-ips-de-156-pulgadas-para-laptop-soporte-magnetico-plegable-y-funda-pmp20001545542
20260805_055550,2026-08-05T06:10:08.186951+00:00,ripley_pe,monitores,20001533741,SAMSUNG,MONITOR SAMSUNG 32' VIEWFINITY S6 S60D QHD NEGRO,1029.0,1299.0,303.54,2026-08-05,21,PEN,,,Ripley PE,https://simple.ripley.com.pe/monitor-samsung-32-viewfinity-s6-s60d-qhd-negro-pmp20001533741
20260805_055550,2026-08-05T06:10:08.187952+00:00,ripley_pe,monitores,20001545535,GENERAL ELECTRIC,MONITOR PORTÁTIL 156 PULGADAS 1080P FHD USBC HDMI PANTALLA DE VIAJE Y OFICINA IPS SEGUNDA PANTALLA CON CUBIERTA INTELIGENTE,379.0,479.0,111.8,2026-08-05,21,PEN,,,Ripley PE,https://simple.ripley.com.pe/monitor-portatil-156-pulgadas-1080p-fhd-usbc-hdmi-pantalla-de-viaje-y-oficina-ips-segunda-pantalla-con-cubierta-inteligente-pmp20001545535
20260805_055550,2026-08-05T06:10:08.188951+00:00,ripley_pe,monitores,20001507468,LG,MONITOR GAMING LG ULTRAGEAR G6 27G610A-B 27 QHD IPS 200 HZ 1MS,1137.0,1478.0,335.4,2026-08-05,23,PEN,,,Ripley PE,https://simple.ripley.com.pe/monitor-gaming-lg-ultragear-g6-27g610a-b-27-qhd-ips-200-hz-1ms-pmp20001507468
20260805_055550,2026-08-05T06:10:08.189950+00:00,ripley_pe,monitores,20001242193,LENOVO,MONITOR LENOVO THINKVISION T27QD-4V 27' QHD IPS 5W CON USB-C Y RJ45,1909.0,2869.0,563.13,2026-08-05,33,PEN,,,Ripley PE,https://simple.ripley.com.pe/monitor-lenovo-thinkvision-t27qd-4v-27-qhd-ips-5w-con-usb-c-y-rj45-pmp20001242193
20260805_055550,2026-08-05T06:10:08.190951+00:00,ripley_pe,monitores,20001524231,GIGABYTE,"MONITOR GIGABYTE GAMING GS27QA, 27' QHD IPS 2K, 180HZ, 1MS",799.0,855.0,235.69,2026-08-05,7,PEN,,,Ripley PE,https://simple.ripley.com.pe/monitor-gigabyte-gaming-gs27qa-27-qhd-ips-2k-180hz-1ms-pmp20001524231
20260805_055550,2026-08-05T06:10:08.191950+00:00,ripley_pe,monitores,20001333260,LENOVO,"MONITOR PLANO LENOVO THINKVISION E24-40, 23.8' WLED FHD IPS/HDMI/DP/VGA",650.0,,191.74,2026-08-05,,PEN,,,Ripley PE,https://simple.ripley.com.pe/monitor-plano-lenovo-thinkvision-e24-40-238-wled-fhd-ipshdmidpvga-pmp20001333260
20260805_055550,2026-08-05T06:10:08.192950+00:00,ripley_pe,monitores,20001524264,TEROS,"MONITOR TEROS TE-2417S, 24' FHD IPS, 144HZ, 1MS, PARLANTE",349.0,379.0,102.95,2026-08-05,8,PEN,,,Ripley PE,https://simple.ripley.com.pe/monitor-teros-te-2417s-24-fhd-ips-144hz-1ms-parlante-pmp20001524264
20260805_055550,2026-08-05T06:10:08.193950+00:00,ripley_pe,monitores,20001524254,TEROS,"MONITOR TEROS TE-2416CS, 24' QHD IPS, 100HZ, 1MS, PIVOTE, CÁMARA WEB, PARLANTE",919.0,989.0,271.09,2026-08-05,7,PEN,,,Ripley PE,https://simple.ripley.com.pe/monitor-teros-te-2416cs-24-qhd-ips-100hz-1ms-pivote-camara-web-parlante-pmp20001524254
20260805_055550,2026-08-05T06:10:08.194950+00:00,ripley_pe,monitores,20001524258,ASUS,"MONITOR ASUS GAMING VA249HG, 24' FHD IPS, 120HZ, 1MS",419.0,449.0,123.6,2026-08-05,7,PEN,,,Ripley PE,https://simple.ripley.com.pe/monitor-asus-gaming-va249hg-24-fhd-ips-120hz-1ms-pmp20001524258
20260805_055550,2026-08-05T06:10:08.196468+00:00,ripley_pe,monitores,20001533771,XIAOMI,MONITOR XIAOMI G34WQI 34 PULGADAS CURVO WQHD 180HZ 1MS NEGRO,1195.0,1499.0,352.51,2026-08-05,20,PEN,,,Ripley PE,https://simple.ripley.com.pe/monitor-xiaomi-g34wqi-34-pulgadas-curvo-wqhd-180hz-1ms-negro-pmp20001533771
20260805_055550,2026-08-05T06:10:08.197482+00:00,ripley_pe,monitores,20001524246,GIGABYTE,"MONITOR GIGABYTE GS25F2, 25' FHD IPS, 200HZ, 1MS, PARLANTE",489.0,529.0,144.25,2026-08-05,8,PEN,,,Ripley PE,https://simple.ripley.com.pe/monitor-gigabyte-gs25f2-25-fhd-ips-200hz-1ms-parlante-pmp20001524246
20260805_055550,2026-08-05T06:10:08.198493+00:00,ripley_pe,monitores,20000456571,MICRONICS,"MONITOR FHD MICRONICS 24"" BRICKELL 24” GD24FC CURVO 100HZ 1920 X 1080",459.0,659.0,135.4,2026-08-05,30,PEN,,,Ripley PE,https://simple.ripley.com.pe/monitor-fhd-micronics-24-brickell-24-gd24fc-curvo-100hz-1920-x-1080-pmp20000456571
20260805_055550,2026-08-05T06:10:08.199485+00:00,ripley_pe,monitores,20001535750,GYGABYTE,MONITOR GAMING GIGABYTE GS25F14 24 FHD IPS 144HZ 1MS HDMI DP,369.0,449.0,108.85,2026-08-05,18,PEN,,,Ripley PE,https://simple.ripley.com.pe/monitor-gaming-gigabyte-gs25f14-24-fhd-ips-144hz-1ms-hdmi-dp-pmp20001535750
20260805_055550,2026-08-05T06:10:08.200482+00:00,ripley_pe,monitores,20001133569,HIKVISION,MONITOR HIKVISION 43' ULTRA HD 4K 3840X2160 CON AUDIO INTEGRADO - PERFECTO PARA TU ENTRETENIMIENTO,1769.0,2659.0,521.83,2026-08-05,33,PEN,,,Ripley PE,https://simple.ripley.com.pe/monitor-hikvision-43-ultra-hd-4k-3840x2160-con-audio-integrado-perfecto-para-tu-entretenimiento-pmp20001133569
20260805_055550,2026-08-05T06:10:08.201482+00:00,ripley_pe,monitores,20001524227,LENOVO,"MONITOR LENOVO THINKVISION S27-4E, 27' WLED FHD IPS, 100HZ, 4MS",699.0,748.0,206.19,2026-08-05,7,PEN,,,Ripley PE,https://simple.ripley.com.pe/monitor-lenovo-thinkvision-s27-4e-27-wled-fhd-ips-100hz-4ms-pmp20001524227
20260805_055550,2026-08-05T06:10:08.202482+00:00,ripley_pe,monitores,20001123720,ACER,MONITOR LED 15.6' ACER PORTATIL PM161Q B1BMIUUX  FULL HD 1920 X 1080 HDMI IPS 4MS,499.0,600.0,147.2,2026-08-05,17,PEN,,,Ripley PE,https://simple.ripley.com.pe/monitor-led-156-acer-portatil-pm161q-b1bmiuux-full-hd-1920-x-1080-hdmi-ips-4ms-pmp20001123720
20260805_055550,2026-08-05T06:10:08.202482+00:00,ripley_pe,monitores,20001545501,GENERAL ELECTRIC,MONITOR PORTÁTIL PARA LAPTOP PANTALLA IPS DE 14 PULGADAS 1366 X 768 PULGADAS CON SOPORTE PUERTO USB TIPO C Y MINI HDMI ADECUADO,349.0,439.0,102.95,2026-08-05,21,PEN,,,Ripley PE,https://simple.ripley.com.pe/monitor-portatil-para-laptop-pantalla-ips-de-14-pulgadas-1366-x-768-pulgadas-con-soporte-puerto-usb-tipo-c-y-mini-hdmi-adecuado-pmp20001545501
20260805_055550,2026-08-05T06:10:08.203482+00:00,ripley_pe,monitores,20000218132,GENÉRICO,"MONITOR FHD LED 24"" IT2400 FULLHD 1920X1080 FRECUENCIA 75HZ RESPUESTA 2MS",339.9,400.0,100.27,2026-08-05,15,PEN,,,Ripley PE,https://simple.ripley.com.pe/monitor-fhd-led-24-it2400-fullhd-1920x1080-frecuencia-75hz-respuesta-2ms-pmp20000218132
20260805_055550,2026-08-05T06:10:08.203482+00:00,ripley_pe,monitores,20001321255,TEROS,"MONITOR PLANO TEROS TE-2420CS, 24' WUXGA IPS, 100HZ, 5MS, HDMI, VGA",918.0,,270.8,2026-08-05,,PEN,,,Ripley PE,https://simple.ripley.com.pe/monitor-plano-teros-te-2420cs-24-wuxga-ips-100hz-5ms-hdmi-vga-pmp20001321255
20260805_055550,2026-08-05T06:10:08.204482+00:00,ripley_pe,monitores,20001352511,LENOVO,"MONITOR PLANO LENOVO THINKVISION P24Q-40, 23.8' QHD/IPS/HDMI/DP/DP-OUT/USB-A/USB-B/USB-C",1170.0,,345.13,2026-08-05,,PEN,,,Ripley PE,https://simple.ripley.com.pe/monitor-plano-lenovo-thinkvision-p24q-40-238-qhdipshdmidpdp-outusb-ausb-busb-c-pmp20001352511
20260805_055550,2026-08-05T06:10:08.204482+00:00,ripley_pe,monitores,20001535751,HP,MONITOR HP PRO 324PF 24 FHD 100HZ 5 MS HDMI DP VGA NEGRO,409.0,499.0,120.65,2026-08-05,18,PEN,,,Ripley PE,https://simple.ripley.com.pe/monitor-hp-pro-324pf-24-fhd-100hz-5-ms-hdmi-dp-vga-negro-pmp20001535751
20260805_055550,2026-08-05T06:10:12.673662+00:00,ripley_pe,monitores,20001524274,ASUS,"MONITOR ASUS TUF GAMING VG279QE5A, 27' FHD IPS, 146HZ, 1MS, PARLANTE",529.0,569.0,156.05,2026-08-05,7,PEN,,,Ripley PE,https://simple.ripley.com.pe/monitor-asus-tuf-gaming-vg279qe5a-27-fhd-ips-146hz-1ms-parlante-pmp20001524274
20260805_055550,2026-08-05T06:10:12.674664+00:00,ripley_pe,monitores,20001245426,ACER,MONITOR ACER ED270R 27' CURVO LED VA FHD 1920 X 1080 100HZ 1MS HDMI DISPLAYPORT FREESYNC,479.0,600.0,141.3,2026-08-05,20,PEN,,,Ripley PE,https://simple.ripley.com.pe/monitor-acer-ed270r-27-curvo-led-va-fhd-1920-x-1080-100hz-1ms-hdmi-displayport-freesync-pmp20001245426
20260805_055550,2026-08-05T06:10:12.674664+00:00,ripley_pe,monitores,20001161053,TEROS,MONITOR CURVO TEROS TE-2787G 27 PULGADAS FHD VA 180HZ 1MS HDMI DP AUDIO OUT,555.0,899.0,163.72,2026-08-05,38,PEN,,,Ripley PE,https://simple.ripley.com.pe/monitor-curvo-teros-te-2787g-27-pulgadas-fhd-va-180hz-1ms-hdmi-dp-audio-out-pmp20001161053
20260805_055550,2026-08-05T06:10:12.675663+00:00,ripley_pe,monitores,20001121870,TEROS,MONITOR TEROS TE-1915S 19.5' LED HDMI VGA 75HZ 5MS PARLANTES,258.0,259.0,76.11,2026-08-05,,PEN,,,Ripley PE,https://simple.ripley.com.pe/monitor-teros-te-1915s-195-led-hdmi-vga-75hz-5ms-parlantes-pmp20001121870
20260805_055550,2026-08-05T06:10:12.676664+00:00,ripley_pe,monitores,20000736662,LENOVO,"MONITOR LENOVO LEGION R45W-30 44,5'",2799.0,3999.0,825.66,2026-08-05,30,PEN,,,Ripley PE,https://simple.ripley.com.pe/monitor-lenovo-legion-r45w-30-445-pmp20000736662
20260805_055550,2026-08-05T06:10:12.676664+00:00,ripley_pe,monitores,20001524229,ASUS,"MONITOR ASUS TUF GAMING VG249QE5A, 24' FHD IPS, 146HZ, 1MS, PARLANTE",419.0,449.0,123.6,2026-08-05,7,PEN,,,Ripley PE,https://simple.ripley.com.pe/monitor-asus-tuf-gaming-vg249qe5a-24-fhd-ips-146hz-1ms-parlante-pmp20001524229
20260805_055550,2026-08-05T06:10:12.677663+00:00,ripley_pe,monitores,20001524248,LG,"MONITOR LG ULTRAGEAR G6  27G610A-B, 27' QHD IPS 2K, 200HZ, 1MS, PIVOTE",959.0,1029.0,282.89,2026-08-05,7,PEN,,,Ripley PE,https://simple.ripley.com.pe/monitor-lg-ultragear-g6-27g610a-b-27-qhd-ips-2k-200hz-1ms-pivote-pmp20001524248
20260805_055550,2026-08-05T06:10:12.677663+00:00,ripley_pe,monitores,20001524225,LENOVO,"MONITOR LENOVO THINKVISION S27I-30, 27' WLED FHD IPS, 100HZ, 4MS",839.0,899.0,247.49,2026-08-05,7,PEN,,,Ripley PE,https://simple.ripley.com.pe/monitor-lenovo-thinkvision-s27i-30-27-wled-fhd-ips-100hz-4ms-pmp20001524225
20260805_055550,2026-08-05T06:10:12.678663+00:00,ripley_pe,monitores,20001158223,TEROS,MONITOR TEROS IPS TE-2714S FHD 27 144HZ/ 1MS/ 1920X 1080/ HDMI/ DISPLAYPORT,510.0,,150.44,2026-08-05,,PEN,,,Ripley PE,https://simple.ripley.com.pe/monitor-teros-ips-te-2714s-fhd-27-144hz-1ms-1920x-1080-hdmi-displayport-pmp20001158223
20260805_055550,2026-08-05T06:10:12.679663+00:00,ripley_pe,monitores,20001290870,ADVANCE,MONITOR PLANO ADVANCE ADV-2755S 27',508.0,569.0,149.85,2026-08-05,11,PEN,,,Ripley PE,https://simple.ripley.com.pe/monitor-plano-advance-adv-2755s-27-pmp20001290870
20260805_055550,2026-08-05T06:10:12.679663+00:00,ripley_pe,monitores,20000194054,ACER,"MONITOR TN LED ACER 21.5"" V226HQL BBI 1920 X 1080 PANEL HDMI VGA VESA PN:UM.WV6AA.B07",339.0,,100.0,2026-08-05,,PEN,,,Ripley PE,https://simple.ripley.com.pe/monitor-tn-led-acer-215-v226hql-bbi-1920-x-1080-panel-hdmi-vga-vesa-pnumwv6aab07-pmp20000194054
20260805_055550,2026-08-05T06:10:12.680663+00:00,ripley_pe,monitores,20001358488,LENOVO,"MONITOR PLANO LENOVO L24-4C, 23.8' (1920 X 1080) WLED FHD IPS, 144HZ, HDMI, VGA",554.0,619.0,163.42,2026-08-05,11,PEN,,,Ripley PE,https://simple.ripley.com.pe/monitor-plano-lenovo-l24-4c-238-1920-x-1080-wled-fhd-ips-144hz-hdmi-vga-pmp20001358488
20260805_055550,2026-08-05T06:10:12.680663+00:00,ripley_pe,monitores,20001524232,ASUS,"MONITOR ASUS TUF GAMING VG249Q5A, 24' FHD IPS, 200HZ, 0,03MS, PARLANTE",559.0,599.0,164.9,2026-08-05,7,PEN,,,Ripley PE,https://simple.ripley.com.pe/monitor-asus-tuf-gaming-vg249q5a-24-fhd-ips-200hz-003ms-parlante-pmp20001524232
20260805_055550,2026-08-05T06:10:12.681663+00:00,ripley_pe,monitores,20001216364,HIKVISION,MONITOR INTERACTIVO HIKVISION DE 65' CON PANTALLA LCD RETROILUMINADA Y CALIDAD VISUAL EXCEPCIONAL,5649.0,8479.0,1666.37,2026-08-05,33,PEN,,,Ripley PE,https://simple.ripley.com.pe/monitor-interactivo-hikvision-de-65-con-pantalla-lcd-retroiluminada-y-calidad-visual-excepcional-pmp20001216364
20260805_055550,2026-08-05T06:10:12.681663+00:00,ripley_pe,monitores,20000230357,ASUS,"MONITOR ASUS 27"" ROG SWIFT  HDR 360 HZ 1440P",6069.0,,1790.27,2026-08-05,,PEN,,,Ripley PE,https://simple.ripley.com.pe/monitor-asus-27-rog-swift-hdr-360-hz-1440p-pmp20000230357
20260805_055550,2026-08-05T06:10:12.682663+00:00,ripley_pe,monitores,20001545512,GENERAL ELECTRIC,AYY EXTENSOR DE PANTALLA PARA LAPTOP MONITOR TRIPLE PORTÁTIL FHD 1200P DE 14 PULGADAS PARA PORTÁTILES DE 13 A 17 PULGADAS,1109.0,1389.0,327.14,2026-08-05,20,PEN,,,Ripley PE,https://simple.ripley.com.pe/ayy-extensor-de-pantalla-para-laptop-monitor-triple-portatil-fhd-1200p-de-14-pulgadas-para-portatiles-de-13-a-17-pulgadas-pmp20001545512
20260805_055550,2026-08-05T06:10:12.682663+00:00,ripley_pe,monitores,20001146540,TEROS,MONITORES TEROS TE-2732S/ 100HZ/1MS FHD/HDMI/DP/ VESA/ FREESYNC/ 27',499.0,,147.2,2026-08-05,,PEN,,,Ripley PE,https://simple.ripley.com.pe/monitores-teros-te-2732s-100hz1ms-fhdhdmidp-vesa-freesync-27-pmp20001146540
20260805_055550,2026-08-05T06:10:12.683663+00:00,ripley_pe,monitores,20000208234,LG,MONITOR LG 22 MN430M-B 22 ',520.0,810.0,153.39,2026-08-05,36,PEN,,,Ripley PE,https://simple.ripley.com.pe/monitor-lg-22-mn430m-b-22-pmp20000208234
20260805_055550,2026-08-05T06:10:12.684665+00:00,ripley_pe,monitores,20001176343,LENOVO,MONITOR THINKVISION P27QD-40 27' QHD 100HZ IPS USB-C DOCKING,1299.0,1799.0,383.19,2026-08-05,28,PEN,,,Ripley PE,https://simple.ripley.com.pe/monitor-thinkvision-p27qd-40-27-qhd-100hz-ips-usb-c-docking-pmp20001176343
20260805_055550,2026-08-05T06:10:12.684665+00:00,ripley_pe,monitores,20001524222,TEROS,"MONITOR TEROS TE-2734S, 27' CURVO FHD VA, 144HZ, 1MS, PARLANTE",479.0,519.0,141.3,2026-08-05,8,PEN,,,Ripley PE,https://simple.ripley.com.pe/monitor-teros-te-2734s-27-curvo-fhd-va-144hz-1ms-parlante-pmp20001524222
20260805_055550,2026-08-05T06:10:12.685663+00:00,ripley_pe,monitores,20001545549,GENERAL ELECTRIC,MONITOR PORTÁTIL PARA JUEGOS DE 16 PULGADAS 144HZ 1200P FHD IPS USBC HDMI SEGUNDA PANTALLA ULTRAFINA PARA PORTÁTIL SWITCH PS5,539.0,679.0,159.0,2026-08-05,21,PEN,,,Ripley PE,https://simple.ripley.com.pe/monitor-portatil-para-juegos-de-16-pulgadas-144hz-1200p-fhd-ips-usbc-hdmi-segunda-pantalla-ultrafina-para-portatil-switch-ps5-pmp20001545549
20260805_055550,2026-08-05T06:10:12.685663+00:00,ripley_pe,monitores,20001545537,GENERAL ELECTRIC,KOORUI MONITOR PORTÁTIL DE 156 PULGADAS FHD 1080P IPS SEGUNDA PANTALLA PARA VIAJES Y OFICINA MONITOR DE JUEGOS USBC HDMI,379.0,479.0,111.8,2026-08-05,21,PEN,,,Ripley PE,https://simple.ripley.com.pe/koorui-monitor-portatil-de-156-pulgadas-fhd-1080p-ips-segunda-pantalla-para-viajes-y-oficina-monitor-de-juegos-usbc-hdmi-pmp20001545537
20260805_055550,2026-08-05T06:10:12.686663+00:00,ripley_pe,monitores,20001148469,GIGABYTE,"MONITOR GAMING GIGABYTE GS27QA DE 27” IPS 2K QHD, 180HZ, 1MS - EXPERIENCIA VISUAL INIGUALABLE",859.0,1289.0,253.39,2026-08-05,33,PEN,,,Ripley PE,https://simple.ripley.com.pe/monitor-gaming-gigabyte-gs27qa-de-27-ips-2k-qhd-180hz-1ms-experiencia-visual-inigualable-pmp20001148469
20260805_055550,2026-08-05T06:10:12.686663+00:00,ripley_pe,monitores,20001545449,GENERAL ELECTRIC,INTEHILL MONITOR PORTÁTIL CON PANTALLA TÁCTIL DE 16 PULGADAS Y 120 HZ MONITOR DE JUEGOS PORTÁTIL CON SOPORTE Y ALTAVOCES,1289.0,1619.0,380.24,2026-08-05,20,PEN,,,Ripley PE,https://simple.ripley.com.pe/intehill-monitor-portatil-con-pantalla-tactil-de-16-pulgadas-y-120-hz-monitor-de-juegos-portatil-con-soporte-y-altavoces-pmp20001545449
20260805_055550,2026-08-05T06:10:12.687663+00:00,ripley_pe,monitores,20001216225,GIGABYTE,"MONITOR 27' GIGABYTE AORUS FO27Q5P OLED, HDMI, ALTA DEFINICIÓN, IDEAL PARA GAMING Y DISEÑO",5319.0,7979.0,1569.03,2026-08-05,33,PEN,,,Ripley PE,https://simple.ripley.com.pe/monitor-27-gigabyte-aorus-fo27q5p-oled-hdmi-alta-definicion-ideal-para-gaming-y-diseno-pmp20001216225
20260805_055550,2026-08-05T06:10:12.687663+00:00,ripley_pe,monitores,20001499477,LENOVO,"MONITOR LENOVO THINKVISION T24-4V, 23.8' WLED FHD/IPS/HDMI/DP/VGA/USB-A X3/USB-B/USB-C",1048.0,1259.0,309.14,2026-08-05,17,PEN,,,Ripley PE,https://simple.ripley.com.pe/monitor-lenovo-thinkvision-t24-4v-238-wled-fhdipshdmidpvgausb-a-x3usb-busb-c-pmp20001499477
20260805_055550,2026-08-05T06:10:12.688663+00:00,ripley_pe,monitores,20001545540,GENERAL ELECTRIC,BLACKVIEW EXTENSOR DE PANTALLA PARA LAPTOP 13 LIBRAS ULTRALIGERO Y ULTRADELGADO DE 017 PULGADAS 14 PULGADAS FHD 1080P IPS,919.0,1149.0,271.09,2026-08-05,20,PEN,,,Ripley PE,https://simple.ripley.com.pe/blackview-extensor-de-pantalla-para-laptop-13-libras-ultraligero-y-ultradelgado-de-017-pulgadas-14-pulgadas-fhd-1080p-ips-pmp20001545540
20260805_055550,2026-08-05T06:10:12.688663+00:00,ripley_pe,monitores,20001472456,XIAOMI,MONITOR XIAOMI GAMING 27” G27I 2026 FULL HD,578.0,699.0,170.5,2026-08-05,17,PEN,,,Ripley PE,https://simple.ripley.com.pe/monitor-xiaomi-gaming-27-g27i-2026-full-hd-pmp20001472456
20260805_055550,2026-08-05T06:10:12.689662+00:00,ripley_pe,monitores,20001242181,HP,MONITOR HP 27 S5 PRO 527PF FULL HD 27 PULGADAS CON HDMI Y DISPLAYPORT,1179.0,1769.0,347.79,2026-08-05,33,PEN,,,Ripley PE,https://simple.ripley.com.pe/monitor-hp-27-s5-pro-527pf-full-hd-27-pulgadas-con-hdmi-y-displayport-pmp20001242181
20260805_055550,2026-08-05T06:10:12.689662+00:00,ripley_pe,monitores,20001485307,HP,"MONITOR FULL HD DE LA SERIE HP 3 PRO DE 21.5 PULGADAS - 322PH, FHD/IPS/HDMI/DP/VGA",646.0,779.0,190.56,2026-08-05,17,PEN,,,Ripley PE,https://simple.ripley.com.pe/monitor-full-hd-de-la-serie-hp-3-pro-de-215-pulgadas-322ph-fhdipshdmidpvga-pmp20001485307
20260805_055550,2026-08-05T06:10:12.690663+00:00,ripley_pe,monitores,20001242236,HP,MONITOR HP 21.5 S3PRO FULL HD 1920X1080 HDMI DP VGA PANTALLA LED,699.0,1049.0,206.19,2026-08-05,33,PEN,,,Ripley PE,https://simple.ripley.com.pe/monitor-hp-215-s3pro-full-hd-1920x1080-hdmi-dp-vga-pantalla-led-pmp20001242236
20260805_055550,2026-08-05T06:10:12.690663+00:00,ripley_pe,monitores,20001133583,LENOVO,MONITOR LENOVO THINKVISION M15 15.6' 1920X1080 RESOLUCIÓN 2X USB-C 3.2 G1,979.0,1469.0,288.79,2026-08-05,33,PEN,,,Ripley PE,https://simple.ripley.com.pe/monitor-lenovo-thinkvision-m15-156-1920x1080-resolucion-2x-usb-c-32-g1-pmp20001133583
20260805_055550,2026-08-05T06:10:12.690663+00:00,ripley_pe,monitores,20001064798,SAMSUNG,"MONITOR SAMSUNG ODYSSEY G7 DE 32' 4K UHD, 144HZ, 1MS, ARGB, CON ALTAVOZ INTEGRADO Y SOPORTE PIVOTANTE",2729.0,4099.0,805.01,2026-08-05,33,PEN,,,Ripley PE,https://simple.ripley.com.pe/monitor-samsung-odyssey-g7-de-32-4k-uhd-144hz-1ms-argb-con-altavoz-integrado-y-soporte-pivotante-pmp20001064798
20260805_055550,2026-08-05T06:10:12.691662+00:00,ripley_pe,monitores,20001524250,TEROS,"MONITOR TEROS GAMING TE-2786G, 27' FHD IPS, 200HZ, 1MS",529.0,567.0,156.05,2026-08-05,7,PEN,,,Ripley PE,https://simple.ripley.com.pe/monitor-teros-gaming-te-2786g-27-fhd-ips-200hz-1ms-pmp20001524250
20260805_055550,2026-08-05T06:10:12.691662+00:00,ripley_pe,monitores,20001358490,LENOVO,"MONITOR PLANO LENOVO L27-4C, 27' (1920X1080) WLED FHD IPS,144 HZ, HDMI, VGA",676.0,749.0,199.41,2026-08-05,10,PEN,,,Ripley PE,https://simple.ripley.com.pe/monitor-plano-lenovo-l27-4c-27-1920x1080-wled-fhd-ips144-hz-hdmi-vga-pmp20001358490
20260805_055550,2026-08-05T06:10:12.692663+00:00,ripley_pe,monitores,20001357638,TEROS,"MONITOR PLANO TEROS TE-2420CS, 24' WUXGA IPS, 100HZ, 5MS, HDMI, VGA, NEGRO",295.0,329.0,87.02,2026-08-05,10,PEN,,,Ripley PE,https://simple.ripley.com.pe/monitor-plano-teros-te-2420cs-24-wuxga-ips-100hz-5ms-hdmi-vga-negro-pmp20001357638
20260805_055550,2026-08-05T06:10:12.693662+00:00,ripley_pe,monitores,20001545510,GENERAL ELECTRIC,QQH MONITOR PORTÁTIL 4K 156 IPS 3840X2160 UHD USBC HDMI MONITOR PORTÁTIL DE VIAJE PARA PORTÁTIL MONITOR DE JUEGOS ULTRADELGADO,1079.0,1349.0,318.29,2026-08-05,20,PEN,,,Ripley PE,https://simple.ripley.com.pe/qqh-monitor-portatil-4k-156-ips-3840x2160-uhd-usbc-hdmi-monitor-portatil-de-viaje-para-portatil-monitor-de-juegos-ultradelgado-pmp20001545510
20260805_055550,2026-08-05T06:10:12.693662+00:00,ripley_pe,monitores,20001242256,GIGABYTE,GIGABYTE GAMING MONITOR 32 PULGADAS GS32Q PANTALLA QHD 165HZ GTX FREESYNC COMPATIBLE,999.0,1499.0,294.69,2026-08-05,33,PEN,,,Ripley PE,https://simple.ripley.com.pe/gigabyte-gaming-monitor-32-pulgadas-gs32q-pantalla-qhd-165hz-gtx-freesync-compatible-pmp20001242256
20260805_055550,2026-08-05T06:10:12.694663+00:00,ripley_pe,monitores,20001545530,GENERAL ELECTRIC,MONITOR PORTÁTIL DE 160 PULGADAS FHD 1920 1200P USB C HDMI ULTRADELGADO IPS PARA VIAJES PANTALLA CON ALTAVOCES HDR PLUGPLAY,349.0,439.0,102.95,2026-08-05,21,PEN,,,Ripley PE,https://simple.ripley.com.pe/monitor-portatil-de-160-pulgadas-fhd-1920-1200p-usb-c-hdmi-ultradelgado-ips-para-viajes-pantalla-con-altavoces-hdr-plugplay-pmp20001545530
20260805_055550,2026-08-05T06:10:12.694663+00:00,ripley_pe,monitores,20001133609,TEROS,"MONITOR 27' TEROS TE-2714S FHD IPS 144HZ, 1MS, HDMI, DP, AUDIO OUT - NEGRO, IDEAL PARA GAMING",569.0,859.0,167.85,2026-08-05,34,PEN,,,Ripley PE,https://simple.ripley.com.pe/monitor-27-teros-te-2714s-fhd-ips-144hz-1ms-hdmi-dp-audio-out-negro-ideal-para-gaming-pmp20001133609
20260805_055550,2026-08-05T06:10:12.695662+00:00,ripley_pe,monitores,20001524253,LG,"MONITOR LG 27U411A-B, 27' FHD IPS, 120HZ, 5MS",459.0,489.0,135.4,2026-08-05,6,PEN,,,Ripley PE,https://simple.ripley.com.pe/monitor-lg-27u411a-b-27-fhd-ips-120hz-5ms-pmp20001524253
20260805_055550,2026-08-05T06:10:12.695662+00:00,ripley_pe,monitores,20001328156,LENOVO,MONITOR LENOVO THINKVISION T24D-40,889.0,1209.0,262.24,2026-08-05,26,PEN,,,Ripley PE,https://simple.ripley.com.pe/monitor-lenovo-thinkvision-t24d-40-pmp20001328156
20260805_055550,2026-08-05T06:10:12.696663+00:00,ripley_pe,monitores,20001165587,HIKVISION,MONITOR VIDEO PORTERO HIKVISION DE 7' PARA INTERIOR CON CONEXIÓN WIFI - SEGURIDAD Y CONECTIVIDAD INTELIGENTE,389.0,559.0,114.75,2026-08-05,30,PEN,,,Ripley PE,https://simple.ripley.com.pe/monitor-video-portero-hikvision-de-7-para-interior-con-conexion-wifi-seguridad-y-conectividad-inteligente-pmp20001165587
20260805_055550,2026-08-05T06:10:12.696663+00:00,ripley_pe,monitores,20001546590,LENOVO,"MONITOR LENOVO THINKVISION S22-4E, 21.5' FULL HD IPS, 100HZ, HDMI, VGA",359.0,899.0,105.9,2026-08-05,60,PEN,,,Ripley PE,https://simple.ripley.com.pe/monitor-lenovo-thinkvision-s22-4e-215-full-hd-ips-100hz-hdmi-vga-pmp20001546590
20260805_055550,2026-08-05T06:10:12.697663+00:00,ripley_pe,monitores,20001524241,LG,"MONITOR LG GAMING ULTRAGEAR 27G411A-B, 27' FHD IPS, 144HZ, 5MS",519.0,556.0,153.1,2026-08-05,7,PEN,,,Ripley PE,https://simple.ripley.com.pe/monitor-lg-gaming-ultragear-27g411a-b-27-fhd-ips-144hz-5ms-pmp20001524241
20260805_055550,2026-08-05T06:10:12.697663+00:00,ripley_pe,monitores,20001545491,GENERAL ELECTRIC,EXTENSOR DE PANTALLA PARA LAPTOP MONITOR PORTÁTIL TRIPLE FHD 1200P DE 14 PULGADAS PARA LAPTOP PANTALLA IPS ULTRADELGADA HDMIUSBC,1009.0,1269.0,297.64,2026-08-05,20,PEN,,,Ripley PE,https://simple.ripley.com.pe/extensor-de-pantalla-para-laptop-monitor-portatil-triple-fhd-1200p-de-14-pulgadas-para-laptop-pantalla-ips-ultradelgada-hdmiusbc-pmp20001545491
20260805_055550,2026-08-05T06:10:12.698663+00:00,ripley_pe,monitores,20001537411,BOETEC,MONITOR GAMER  BOETEC SLIM 2477 CURVO DE 24 PULGADAS - 200HZ - 1MS - FULLHD,499.0,,147.2,2026-08-05,,PEN,,,Ripley PE,https://simple.ripley.com.pe/monitor-gamer-boetec-slim-2477-curvo-de-24-pulgadas-200hz-1ms-fullhd-pmp20001537411
20260805_055550,2026-08-05T06:10:12.699662+00:00,ripley_pe,monitores,20000759023,LENOVO,MONITOR LENOVO G24-20 23.8″ FULL HD 144HZ 0.5MS AMD FREESYNC PREMIUM,569.0,759.0,167.85,2026-08-05,25,PEN,,,Ripley PE,https://simple.ripley.com.pe/monitor-lenovo-g24-20-238-full-hd-144hz-05ms-amd-freesync-premium-pmp20000759023
20260805_055550,2026-08-05T06:10:16.908275+00:00,ripley_pe,monitores,20001545480,GENERAL ELECTRIC,CEVATON EXTENSOR DE PANTALLA PARA LAPTOP MONITOR PORTÁTIL FHD 1080P DE 156 PULGADAS PARA LAPTOP EXTENSOR DE MONITOR DUAL,999.0,1249.0,294.69,2026-08-05,20,PEN,,,Ripley PE,https://simple.ripley.com.pe/cevaton-extensor-de-pantalla-para-laptop-monitor-portatil-fhd-1080p-de-156-pulgadas-para-laptop-extensor-de-monitor-dual-pmp20001545480
20260805_055550,2026-08-05T06:10:16.909275+00:00,ripley_pe,monitores,20001545503,GENERAL ELECTRIC,ZOEGAA PANTALLA DE PRIVACIDAD DE 4 VÍAS DE 360 PARA LAPTOP DE 14 PULGADAS 1610 ESE TAMAÑO DE PANTALLA ES DE 119 PULGADAS,189.0,239.0,55.75,2026-08-05,21,PEN,,,Ripley PE,https://simple.ripley.com.pe/zoegaa-pantalla-de-privacidad-de-4-vias-de-360-para-laptop-de-14-pulgadas-1610-ese-tamano-de-pantalla-es-de-119-pulgadas-pmp20001545503
20260805_055550,2026-08-05T06:10:16.909275+00:00,ripley_pe,monitores,20001358499,LENOVO,"MONITOR PLANO LENOVO THINKVISION P24Q-40, 23.8' QHD/IPS/HDMI/DP/DP-OUT/USB-A/USB-B/USB-C",1209.0,1333.0,356.64,2026-08-05,9,PEN,,,Ripley PE,https://simple.ripley.com.pe/monitor-plano-lenovo-thinkvision-p24q-40-238-qhdipshdmidpdp-outusb-ausb-busb-c-pmp20001358499
20260805_055550,2026-08-05T06:10:16.910275+00:00,ripley_pe,monitores,20001524244,TEROS,"MONITOR TEROS CORPORATIVO TE-2715CS, 27' QHD IPS 2K, 100HZ, 1MS, PIVOTE, CÁMARA WEB, PARLANTE",1279.0,1369.0,377.29,2026-08-05,7,PEN,,,Ripley PE,https://simple.ripley.com.pe/monitor-teros-corporativo-te-2715cs-27-qhd-ips-2k-100hz-1ms-pivote-camara-web-parlante-pmp20001524244
20260805_055550,2026-08-05T06:10:16.910275+00:00,ripley_pe,monitores,20001216329,HIKVISION,"MONITOR HIKVISION 22' LCD CON AUDIO - IDEAL PARA HOME OFFICE Y ENTRETENIMIENTO, 220V",369.0,559.0,108.85,2026-08-05,34,PEN,,,Ripley PE,https://simple.ripley.com.pe/monitor-hikvision-22-lcd-con-audio-ideal-para-home-office-y-entretenimiento-220v-pmp20001216329
20260805_055550,2026-08-05T06:10:16.911275+00:00,ripley_pe,monitores,20001545477,GENERAL ELECTRIC,APILDELLA EXTENSOR DE PANTALLA DUAL PARA PORTÁTIL DE 14 PULGADAS MONITOR EXTENDIDO PARA LAPTOP FHD DE 1080P CON ALTAVOZ SEGUNDO,649.0,819.0,191.45,2026-08-05,21,PEN,,,Ripley PE,https://simple.ripley.com.pe/apildella-extensor-de-pantalla-dual-para-portatil-de-14-pulgadas-monitor-extendido-para-laptop-fhd-de-1080p-con-altavoz-segundo-pmp20001545477
20260805_055550,2026-08-05T06:10:16.911275+00:00,ripley_pe,monitores,20001133580,TEROS,MONITOR CURVO GAMING TEROS TE-3412G 34'' UWQHD 180HZ 1MS CON HDMI Y DP - NEGRO,1339.0,2009.0,394.99,2026-08-05,33,PEN,,,Ripley PE,https://simple.ripley.com.pe/monitor-curvo-gaming-teros-te-3412g-34-uwqhd-180hz-1ms-con-hdmi-y-dp-negro-pmp20001133580
20260805_055550,2026-08-05T06:10:16.912275+00:00,ripley_pe,monitores,20001358500,LENOVO,"MONITOR PLANO LENOVO THINKVISION S27-4E, 27' WLED/FHD/IPS/HDMI/VGA",679.0,749.0,200.29,2026-08-05,9,PEN,,,Ripley PE,https://simple.ripley.com.pe/monitor-plano-lenovo-thinkvision-s27-4e-27-wledfhdipshdmivga-pmp20001358500
20260805_055550,2026-08-05T06:10:16.912275+00:00,ripley_pe,monitores,20001545523,GENERAL ELECTRIC,EXTENSOR DE PANTALLA PARA LAPTOP MONITOR PORTÁTIL FHD 1080P DE 14 PULGADAS PARA LAPTOP PANTALLA ULTRAFINA DE 027 PULGADAS,619.0,779.0,182.6,2026-08-05,21,PEN,,,Ripley PE,https://simple.ripley.com.pe/extensor-de-pantalla-para-laptop-monitor-portatil-fhd-1080p-de-14-pulgadas-para-laptop-pantalla-ultrafina-de-027-pulgadas-pmp20001545523
20260805_055550,2026-08-05T06:10:16.913275+00:00,ripley_pe,monitores,20001545487,GENERAL ELECTRIC,ARZOPA MONITOR PORTÁTIL DE 156 PULGADAS FHD 1080P MONITOR PORTÁTIL ULTRADELGADO PARA LAPTOP CON SOPORTE PANTALLA IPS PARA PC MAC,559.0,699.0,164.9,2026-08-05,20,PEN,,,Ripley PE,https://simple.ripley.com.pe/arzopa-monitor-portatil-de-156-pulgadas-fhd-1080p-monitor-portatil-ultradelgado-para-laptop-con-soporte-pantalla-ips-para-pc-mac-pmp20001545487
20260805_055550,2026-08-05T06:10:16.913275+00:00,ripley_pe,monitores,20001133622,HP,"MONITOR HP 24” GAMING X27 FHD, 165HZ, 1MS - RENDIMIENTO SUPERIOR PARA GAMERS",829.0,1249.0,244.54,2026-08-05,34,PEN,,,Ripley PE,https://simple.ripley.com.pe/monitor-hp-24-gaming-x27-fhd-165hz-1ms-rendimiento-superior-para-gamers-pmp20001133622
20260805_055550,2026-08-05T06:10:16.914275+00:00,ripley_pe,monitores,20001499510,LENOVO,"MONITOR LENOVO THINKVISION E27-40, 27' WLED/FHD/IPS/HDMI X1/DP X1/VGA X1/PARLANTES: 2WX2",712.0,859.0,210.03,2026-08-05,17,PEN,,,Ripley PE,https://simple.ripley.com.pe/monitor-lenovo-thinkvision-e27-40-27-wledfhdipshdmi-x1dp-x1vga-x1parlantes-2wx2-pmp20001499510
20260805_055550,2026-08-05T06:10:16.915275+00:00,ripley_pe,monitores,20001524263,LENOVO,"MONITOR LENOVO THINKVISION T24V-30, 24' WLED IPS, 75HZ, 6MS, PIVOTE, CÁMARA WEB, PARLANTE",1049.0,1119.0,309.44,2026-08-05,6,PEN,,,Ripley PE,https://simple.ripley.com.pe/monitor-lenovo-thinkvision-t24v-30-24-wled-ips-75hz-6ms-pivote-camara-web-parlante-pmp20001524263
20260805_055550,2026-08-05T06:10:16.915275+00:00,ripley_pe,monitores,20001131790,LENOVO,MONITOR LENOVO THINKVISION T24-40 23.8 PULGADAS WLED IPS HDMI DP VGA USB C,899.0,1399.0,265.19,2026-08-05,36,PEN,,,Ripley PE,https://simple.ripley.com.pe/monitor-lenovo-thinkvision-t24-40-238-pulgadas-wled-ips-hdmi-dp-vga-usb-c-pmp20001131790
20260805_055550,2026-08-05T06:10:16.916275+00:00,ripley_pe,monitores,20001524240,GIGABYTE,"MONITOR GIGABYTE GAMING GS27QX, 27' QHD IPS 2K, 240HZ, 1MS",959.0,1029.0,282.89,2026-08-05,7,PEN,,,Ripley PE,https://simple.ripley.com.pe/monitor-gigabyte-gaming-gs27qx-27-qhd-ips-2k-240hz-1ms-pmp20001524240
20260805_055550,2026-08-05T06:10:16.916275+00:00,ripley_pe,monitores,20001469860,LENOVO,MONITOR LENOVO THINKVISION S27-4E 27 PULGADAS WLED FHD IPS HDMI VGA,749.0,999.0,220.94,2026-08-05,25,PEN,,,Ripley PE,https://simple.ripley.com.pe/monitor-lenovo-thinkvision-s27-4e-27-pulgadas-wled-fhd-ips-hdmi-vga-pmp20001469860
20260805_055550,2026-08-05T06:10:16.917275+00:00,ripley_pe,monitores,20001133551,HIKVISION,MONITOR HIKVISION 32'' FULL HD 1920X1080 VESA - GRAN CALIDAD DE IMAGEN Y DISEÑO MODERNO,859.0,1289.0,253.39,2026-08-05,33,PEN,,,Ripley PE,https://simple.ripley.com.pe/monitor-hikvision-32-full-hd-1920x1080-vesa-gran-calidad-de-imagen-y-diseno-moderno-pmp20001133551
20260805_055550,2026-08-05T06:10:16.917275+00:00,ripley_pe,monitores,20001358503,LENOVO,"MONITOR PLANO LENOVO THINKVISION T27-40, 27' WLED FHD IPS/HDMI/DP/VGA/USB-C/USB-B/USB-A X3",1078.0,1189.0,317.99,2026-08-05,9,PEN,,,Ripley PE,https://simple.ripley.com.pe/monitor-plano-lenovo-thinkvision-t27-40-27-wled-fhd-ipshdmidpvgausb-cusb-busb-a-x3-pmp20001358503
20260805_055550,2026-08-05T06:10:16.917275+00:00,ripley_pe,monitores,20001358493,LENOVO,"MONITOR LENOVO THINKVISION E22-40, 21.5' 1920X1080 WLED IPS, HDMI/DP/VGA COLOR RAVEN BLACK",625.0,689.0,184.37,2026-08-05,9,PEN,,,Ripley PE,https://simple.ripley.com.pe/monitor-lenovo-thinkvision-e22-40-215-1920x1080-wled-ips-hdmidpvga-color-raven-black-pmp20001358493
20260805_055550,2026-08-05T06:10:16.918795+00:00,ripley_pe,monitores,20001489060,LENOVO,"MONITOR PLANO LENOVO L27-4C, 27' (1920X1080) WLED FHD IPS,144 HZ, HDMI, VGA",676.0,820.0,199.41,2026-08-05,18,PEN,,,Ripley PE,https://simple.ripley.com.pe/monitor-plano-lenovo-l27-4c-27-1920x1080-wled-fhd-ips144-hz-hdmi-vga-pmp20001489060
20260805_055550,2026-08-05T06:10:16.919812+00:00,ripley_pe,monitores,20001499450,LENOVO,"MONITOR LENOVO THINKVISION E22-40, 21.5' 1920X1080 WLED IPS, HDMI/DP/VGA COLOR RAVEN BLACK",620.0,749.0,182.89,2026-08-05,17,PEN,,,Ripley PE,https://simple.ripley.com.pe/monitor-lenovo-thinkvision-e22-40-215-1920x1080-wled-ips-hdmidpvga-color-raven-black-pmp20001499450
20260805_055550,2026-08-05T06:10:16.919812+00:00,ripley_pe,monitores,20001487302,HP,"MONITOR PLANO HP SERIES 3 PRO 324PF, 23.8 FHD IPS (1920X1080@100HZ) DP / HDMI/ VGA",666.0,805.0,196.46,2026-08-05,17,PEN,,,Ripley PE,https://simple.ripley.com.pe/monitor-plano-hp-series-3-pro-324pf-238-fhd-ips-1920x1080100hz-dp-hdmi-vga-pmp20001487302
20260805_055550,2026-08-05T06:10:16.920811+00:00,ripley_pe,monitores,20001524230,LENOVO,"MONITOR LENOVO THINKVISION E24-40, 24' WLED IPS, 100HZ, 4MS, PIVOTE, PARLANTE",749.0,799.0,220.94,2026-08-05,6,PEN,,,Ripley PE,https://simple.ripley.com.pe/monitor-lenovo-thinkvision-e24-40-24-wled-ips-100hz-4ms-pivote-parlante-pmp20001524230
20260805_055550,2026-08-05T06:10:16.920811+00:00,ripley_pe,monitores,20001352388,LENOVO,"MONITOR LENOVO THINKVISION E27-40, 27' WLED/FHD/IPS/HDMI X1/DP X1/VGA X1",733.0,,216.22,2026-08-05,,PEN,,,Ripley PE,https://simple.ripley.com.pe/monitor-lenovo-thinkvision-e27-40-27-wledfhdipshdmi-x1dp-x1vga-x1-pmp20001352388
20260805_055550,2026-08-05T06:10:16.921811+00:00,ripley_pe,monitores,20001535140,LENOVO,MONITOR PORTATIL LENOVO THINKVISION M15 15.6 PULG WLED IPS 1920X1080 USB-C 3.2 G1 DP 1.2 ALT MODE,1009.0,1699.0,297.64,2026-08-05,41,PEN,,,Ripley PE,https://simple.ripley.com.pe/monitor-portatil-lenovo-thinkvision-m15-156-pulg-wled-ips-1920x1080-usb-c-32-g1-dp-12-alt-mode-pmp20001535140
20260805_055550,2026-08-05T06:10:16.921811+00:00,ripley_pe,monitores,20001545507,GENERAL ELECTRIC,ARZOPA MONITOR PORTÁTIL 161 PULGADAS FHD 1080P 100X25 SRGB PANTALLA IPS DE GAMA ALTA SOPORTE INTEGRADO CUIDADO VISUAL IDEAL,599.0,749.0,176.7,2026-08-05,20,PEN,,,Ripley PE,https://simple.ripley.com.pe/arzopa-monitor-portatil-161-pulgadas-fhd-1080p-100x25-srgb-pantalla-ips-de-gama-alta-soporte-integrado-cuidado-visual-ideal-pmp20001545507
20260805_055550,2026-08-05T06:10:16.922810+00:00,ripley_pe,monitores,20001524260,ADVANCE,"MONITOR ADVANCE ADV2454S, 24' FHD IPS, 144HZ, 1MS, PARLANTE",379.0,409.0,111.8,2026-08-05,7,PEN,,,Ripley PE,https://simple.ripley.com.pe/monitor-advance-adv2454s-24-fhd-ips-144hz-1ms-parlante-pmp20001524260
20260805_055550,2026-08-05T06:10:16.922810+00:00,ripley_pe,monitores,20000094184,ADVANCE,"MONITOR IPS FHD ADVANCE 21.5"" ADV-6022N 21.5 75HZ 5MS PARLANTES VGA HDMI",359.0,499.0,105.9,2026-08-05,28,PEN,,,Ripley PE,https://simple.ripley.com.pe/monitor-ips-fhd-advance-215-adv-6022n-215-75hz-5ms-parlantes-vga-hdmi-pmp20000094184
20260805_055550,2026-08-05T06:10:16.923810+00:00,ripley_pe,monitores,20001358505,LENOVO,"MONITOR LENOVO THINKVISION E27-40, 27' WLED/FHD/IPS/HDMI X1/DP X1/VGA X1/PARLANTES: 2WX2",712.0,789.0,210.03,2026-08-05,10,PEN,,,Ripley PE,https://simple.ripley.com.pe/monitor-lenovo-thinkvision-e27-40-27-wledfhdipshdmi-x1dp-x1vga-x1parlantes-2wx2-pmp20001358505
20260805_055550,2026-08-05T06:10:16.923810+00:00,ripley_pe,monitores,20001197067,HP,"MONITOR HP DE 27 PULGADAS FULL HD, DISEÑO ELEGANTE Y CONECTIVIDAD VERSÁTIL - IDEAL PARA GAMING Y OFICINA",1229.0,1849.0,362.54,2026-08-05,34,PEN,,,Ripley PE,https://simple.ripley.com.pe/monitor-hp-de-27-pulgadas-full-hd-diseno-elegante-y-conectividad-versatil-ideal-para-gaming-y-oficina-pmp20001197067
20260805_055550,2026-08-05T06:10:16.924810+00:00,ripley_pe,monitores,20001499479,LENOVO,MONITOR LENOVO THINKVISION T24-40 23.8' WLED IPS HDMIX1/DPX1/VGAX1/USB-AX3/USB-BX1/USB-CX1,803.0,969.0,236.87,2026-08-05,17,PEN,,,Ripley PE,https://simple.ripley.com.pe/monitor-lenovo-thinkvision-t24-40-238-wled-ips-hdmix1dpx1vgax1usb-ax3usb-bx1usb-cx1-pmp20001499479
20260805_055550,2026-08-05T06:10:16.924810+00:00,ripley_pe,monitores,20001131773,TEROS,MONITOR CORPORATIVO TEROS TE-2715CS 27 PULGADAS QHD IPS HDMI DP CÁMARA,1415.0,2299.0,417.4,2026-08-05,38,PEN,,,Ripley PE,https://simple.ripley.com.pe/monitor-corporativo-teros-te-2715cs-27-pulgadas-qhd-ips-hdmi-dp-camara-pmp20001131773
20260805_055550,2026-08-05T06:10:16.925811+00:00,ripley_pe,monitores,20001483026,ADVANCE,"MONITOR CURVO ADVANCE ADV-2751S, 27' FHD VA, 100HZ, 1MS, HDMI, DP, AUDIO OUT, PARLANTES",493.0,599.0,145.43,2026-08-05,18,PEN,,,Ripley PE,https://simple.ripley.com.pe/monitor-curvo-advance-adv-2751s-27-fhd-va-100hz-1ms-hdmi-dp-audio-out-parlantes-pmp20001483026
20260805_055550,2026-08-05T06:10:16.925811+00:00,ripley_pe,monitores,20001469871,LENOVO,MONITOR LENOVO THINKVISION T24-4V 23.8 PULGADAS WLED FHD IPS HDMI DP VGA USB-A USB-B USB-C,1135.0,1799.0,334.81,2026-08-05,37,PEN,,,Ripley PE,https://simple.ripley.com.pe/monitor-lenovo-thinkvision-t24-4v-238-pulgadas-wled-fhd-ips-hdmi-dp-vga-usb-a-usb-b-usb-c-pmp20001469871
20260805_055550,2026-08-05T06:10:16.926810+00:00,ripley_pe,monitores,20001545469,GENERAL ELECTRIC,TOPMONITOR PEQUEÑO MONITOR PORTÁTIL 105 500 NITS 20001 FHD 1280P PANTALLA IPS MONITOR MINI ULTRADELGADO CON SOPORTE Y DOBLE,439.0,549.0,129.5,2026-08-05,20,PEN,,,Ripley PE,https://simple.ripley.com.pe/topmonitor-pequeno-monitor-portatil-105-500-nits-20001-fhd-1280p-pantalla-ips-monitor-mini-ultradelgado-con-soporte-y-doble-pmp20001545469
20260805_055550,2026-08-05T06:10:16.927810+00:00,ripley_pe,monitores,20001489042,LENOVO,"MONITOR PLANO LENOVO L24-4E,23.8' (1920 X 1080) WLED FHD IPS, HDMI, VGA",473.0,569.0,139.53,2026-08-05,17,PEN,,,Ripley PE,https://simple.ripley.com.pe/monitor-plano-lenovo-l24-4e238-1920-x-1080-wled-fhd-ips-hdmi-vga-pmp20001489042
20260805_055550,2026-08-05T06:10:16.927810+00:00,ripley_pe,monitores,20001499442,LENOVO,"MONITOR LENOVO THINKVISION M15 15.6' WLED IPS 1920X1080, 2X USB-C 3.2 G1 (DP 1.2 ALT MODE)",905.0,1089.0,266.96,2026-08-05,17,PEN,,,Ripley PE,https://simple.ripley.com.pe/monitor-lenovo-thinkvision-m15-156-wled-ips-1920x1080-2x-usb-c-32-g1-dp-12-alt-mode-pmp20001499442
20260805_055550,2026-08-05T06:10:16.927810+00:00,ripley_pe,monitores,20001165616,HP,"MONITOR HP 23.8' LED FULL HD, ULTRA DELGADO, SERIES 7 PRO - PANTALLA ÓPTIMA PARA TRABAJO Y ENTRETENIMIENTO",899.0,1349.0,265.19,2026-08-05,33,PEN,,,Ripley PE,https://simple.ripley.com.pe/monitor-hp-238-led-full-hd-ultra-delgado-series-7-pro-pantalla-optima-para-trabajo-y-entretenimiento-pmp20001165616
20260805_055550,2026-08-05T06:10:16.928810+00:00,ripley_pe,monitores,20001485267,HP,"MONITOR PLANO HP SERIE 3 PRO 322PF, 21.5' WLED/FHD/IPS/100HZ/ANTIRREFLECTANTE/HDMI/DP/VGA",636.0,769.0,187.61,2026-08-05,17,PEN,,,Ripley PE,https://simple.ripley.com.pe/monitor-plano-hp-serie-3-pro-322pf-215-wledfhdips100hzantirreflectantehdmidpvga-pmp20001485267
20260805_055550,2026-08-05T06:10:16.928810+00:00,ripley_pe,monitores,20001197104,HP,MONITOR HP OMEN 24 FHD GAMING 780D9AA 1920X1080 RESOLUCIÓN,959.0,1439.0,282.89,2026-08-05,33,PEN,,,Ripley PE,https://simple.ripley.com.pe/monitor-hp-omen-24-fhd-gaming-780d9aa-1920x1080-resolucion-pmp20001197104
20260805_055550,2026-08-05T06:10:16.929810+00:00,ripley_pe,monitores,20001545485,GENERAL ELECTRIC,ESPRAY LIMPIADOR DE PANTALLA 16 ONZAS BOTELLA PARA LIMPIEZA DE PANTALLA GRANDE LIMPIADOR DE PANTALLA DE TV LIMPIADOR DE PANTALLA,169.0,219.0,49.85,2026-08-05,23,PEN,,,Ripley PE,https://simple.ripley.com.pe/espray-limpiador-de-pantalla-16-onzas-botella-para-limpieza-de-pantalla-grande-limpiador-de-pantalla-de-tv-limpiador-de-pantalla-pmp20001545485
20260805_055550,2026-08-05T06:10:16.929810+00:00,ripley_pe,monitores,20001545494,GENERAL ELECTRIC,ARZOPA MONITOR PORTÁTIL 16 PULGADAS 25K 2560 X 1600 QHD IPS 123X25 SRGB SOPORTE INTEGRADO USBC Y HDMI CUIDADO VISUAL SEGUNDA,829.0,1039.0,244.54,2026-08-05,20,PEN,,,Ripley PE,https://simple.ripley.com.pe/arzopa-monitor-portatil-16-pulgadas-25k-2560-x-1600-qhd-ips-123x25-srgb-soporte-integrado-usbc-y-hdmi-cuidado-visual-segunda-pmp20001545494
20260805_055550,2026-08-05T06:10:16.930810+00:00,ripley_pe,monitores,20001524249,LENOVO,"MONITOR LENOVO THINKVISION E22-40, 22' WLED IPS, 100HZ, 4MS, PIVOTE, PARLANTE",699.0,749.0,206.19,2026-08-05,7,PEN,,,Ripley PE,https://simple.ripley.com.pe/monitor-lenovo-thinkvision-e22-40-22-wled-ips-100hz-4ms-pivote-parlante-pmp20001524249
20260805_055550,2026-08-05T06:10:16.930810+00:00,ripley_pe,monitores,20001063131,LENOVO,MONITOR LENOVO THINKVISION T27-40 FHD IPS 120HZ 27',1159.0,1739.0,341.89,2026-08-05,33,PEN,,,Ripley PE,https://simple.ripley.com.pe/monitor-lenovo-thinkvision-t27-40-fhd-ips-120hz-27-pmp20001063131
20260805_055550,2026-08-05T06:10:16.931814+00:00,ripley_pe,monitores,20001483250,XTECH,MONITOR LCD VTECH VM2251 PARA BEBE USO HOGAR,379.0,499.0,111.8,2026-08-05,24,PEN,,,Ripley PE,https://simple.ripley.com.pe/monitor-lcd-vtech-vm2251-para-bebe-uso-hogar-pmp20001483250
20260805_055550,2026-08-05T06:10:16.932811+00:00,ripley_pe,monitores,20001524256,ADVANCE,"MONITOR ADVANCE ADV-2452S, 24' CURVO FHD VA, 100HZ, 1MS",399.0,429.0,117.7,2026-08-05,7,PEN,,,Ripley PE,https://simple.ripley.com.pe/monitor-advance-adv-2452s-24-curvo-fhd-va-100hz-1ms-pmp20001524256
20260805_055550,2026-08-05T06:10:21.136333+00:00,ripley_pe,monitores,20001545518,GENERAL ELECTRIC,UPERFECT MONITOR PORTÁTIL DE 185 PULGADAS 120HZ 125X25 SRGB 1080P CON VESA Y SOPORTE MONITOR PORTÁTIL GRANDE FREESYNC IPS HDR,829.0,1039.0,244.54,2026-08-05,20,PEN,,,Ripley PE,https://simple.ripley.com.pe/uperfect-monitor-portatil-de-185-pulgadas-120hz-125x25-srgb-1080p-con-vesa-y-soporte-monitor-portatil-grande-freesync-ips-hdr-pmp20001545518
20260805_055550,2026-08-05T06:10:21.137332+00:00,ripley_pe,monitores,20001524261,ADVANCE,"MONITOR ADVANCE ADV-2752S, 27' CURVO FHD VA, 144HZ, 1MS, PARLANTE",619.0,663.0,182.6,2026-08-05,7,PEN,,,Ripley PE,https://simple.ripley.com.pe/monitor-advance-adv-2752s-27-curvo-fhd-va-144hz-1ms-parlante-pmp20001524261
20260805_055550,2026-08-05T06:10:21.139332+00:00,ripley_pe,monitores,20001333031,HP,"MONITOR PLANO HP SERIE 7 PRO 24'- 724PN, WUXGA/IPS/ANTIRREFLECTANTE/HDMI/DP/USB-A/USB-B",1850.0,,545.72,2026-08-05,,PEN,,,Ripley PE,https://simple.ripley.com.pe/monitor-plano-hp-serie-7-pro-24-724pn-wuxgaipsantirreflectantehdmidpusb-ausb-b-pmp20001333031
20260805_055550,2026-08-05T06:10:21.140331+00:00,ripley_pe,monitores,20001545505,GENERAL ELECTRIC,KADO MONITOR PORTÁTIL DE 156 FHD PARA LAPTOP PANTALLA IPS DE 100X25 SRGB SEGUNDA PANTALLA DE 1920X1080 HDMI USBC EXTENSOR,489.0,619.0,144.25,2026-08-05,21,PEN,,,Ripley PE,https://simple.ripley.com.pe/kado-monitor-portatil-de-156-fhd-para-laptop-pantalla-ips-de-100x25-srgb-segunda-pantalla-de-1920x1080-hdmi-usbc-extensor-pmp20001545505
20260805_055550,2026-08-05T06:10:21.141341+00:00,ripley_pe,monitores,20001545448,GENERAL ELECTRIC,KADO MONITOR PORTÁTIL 156 PULGADAS FHD 1920X1080 USBC HDMI IPS PANTALLA 45W REVERSE CHARGING GAMING MONITOR BUILTIN SPEAKERS,359.0,449.0,105.9,2026-08-05,20,PEN,,,Ripley PE,https://simple.ripley.com.pe/kado-monitor-portatil-156-pulgadas-fhd-1920x1080-usbc-hdmi-ips-pantalla-45w-reverse-charging-gaming-monitor-builtin-speakers-pmp20001545448
20260805_055550,2026-08-05T06:10:21.141341+00:00,ripley_pe,monitores,20001162170,VIEWSONIC,MONITOR PORTÁTIL VIEWSONIC VA1655 DE 16'' FULL HD 1080P - IDEAL PARA VIAJES Y TRABAJO,569.0,859.0,167.85,2026-08-05,34,PEN,,,Ripley PE,https://simple.ripley.com.pe/monitor-portatil-viewsonic-va1655-de-16-full-hd-1080p-ideal-para-viajes-y-trabajo-pmp20001162170
20260805_055550,2026-08-05T06:10:21.142333+00:00,ripley_pe,monitores,20001483034,ADVANCE,"MONITOR PLANO ADVANCE ADV-2454S, 23.8' FHD IPS, 144HZ, 1MS, HDMI, DP, AUDIO OUT, PARLANTES",437.0,529.0,128.91,2026-08-05,17,PEN,,,Ripley PE,https://simple.ripley.com.pe/monitor-plano-advance-adv-2454s-238-fhd-ips-144hz-1ms-hdmi-dp-audio-out-parlantes-pmp20001483034
20260805_055550,2026-08-05T06:10:21.142333+00:00,ripley_pe,monitores,20001485316,HP,"MONITOR PLANO HP SERIE 3 PRO 324PV, 23.8' WLED/FHD/VA/100HZ/ANTIRREFLECTANTE/HDMI/VGA",702.0,849.0,207.08,2026-08-05,17,PEN,,,Ripley PE,https://simple.ripley.com.pe/monitor-plano-hp-serie-3-pro-324pv-238-wledfhdva100hzantirreflectantehdmivga-pmp20001485316
20260805_055550,2026-08-05T06:10:21.143332+00:00,ripley_pe,monitores,20000476454,M-AUDIO,ACCESORIO AUDIO M-AUDIO BX4 PAIR MONITORES DE ESTUDIO DE 4.5' PARA GRABAR Y MULTIMEDIA SOFTWARE DE PRODUCCIÓN MUSICAL INCLUIDO.,1045.0,1400.0,308.26,2026-08-05,25,PEN,,,Ripley PE,https://simple.ripley.com.pe/accesorio-audio-m-audio-bx4-pair-monitores-de-estudio-de-45-para-grabar-y-multimedia-software-de-produccion-musical-incluido-pmp20000476454
20260805_055550,2026-08-05T06:10:21.143332+00:00,ripley_pe,monitores,20001524234,LENOVO,"MONITOR LENOVO THINKVISION T22I-30, 22' WLED FHD IPS, 60HZ, 6MS, PIVOTE",739.0,789.0,217.99,2026-08-05,6,PEN,,,Ripley PE,https://simple.ripley.com.pe/monitor-lenovo-thinkvision-t22i-30-22-wled-fhd-ips-60hz-6ms-pivote-pmp20001524234
20260805_055550,2026-08-05T06:10:21.144331+00:00,ripley_pe,monitores,20001499433,LENOVO,"MONITOR LENOVO THINKVISION T24D-40, 23.8' 1920X1080 WLED IPS HDMI/DP/RJ-45/RAVEN BLACK",1073.0,1289.0,316.52,2026-08-05,17,PEN,,,Ripley PE,https://simple.ripley.com.pe/monitor-lenovo-thinkvision-t24d-40-238-1920x1080-wled-ips-hdmidprj-45raven-black-pmp20001499433
20260805_055550,2026-08-05T06:10:21.145331+00:00,ripley_pe,monitores,20001469840,LENOVO,MONITOR LENOVO THINKVISION E27-40 27 PULGADAS WLED FHD IPS HDMI DP VGA PARLANTES,799.0,1299.0,235.69,2026-08-05,38,PEN,,,Ripley PE,https://simple.ripley.com.pe/monitor-lenovo-thinkvision-e27-40-27-pulgadas-wled-fhd-ips-hdmi-dp-vga-parlantes-pmp20001469840
20260805_055550,2026-08-05T06:10:21.145847+00:00,ripley_pe,monitores,20001545526,GENERAL ELECTRIC,MONITOR DE PC PEQUEÑO DE 133 PULGADAS 1366X768 MINI MONITOR LED CON ENTRADA HDMI VGA AV BNC USB PARA FIRE STICK COMPUTADORA XBOX,499.0,629.0,147.2,2026-08-05,21,PEN,,,Ripley PE,https://simple.ripley.com.pe/monitor-de-pc-pequeno-de-133-pulgadas-1366x768-mini-monitor-led-con-entrada-hdmi-vga-av-bnc-usb-para-fire-stick-computadora-xbox-pmp20001545526
20260805_055550,2026-08-05T06:10:21.146862+00:00,ripley_pe,monitores,20001133560,HIKVISION,MONITOR ADICIONAL HIKVISION HK-DS-KIS213 PARA VIDEO PORTERO ANALÓGICO,229.0,349.0,67.55,2026-08-05,34,PEN,,,Ripley PE,https://simple.ripley.com.pe/monitor-adicional-hikvision-hk-ds-kis213-para-video-portero-analogico-pmp20001133560
20260805_055550,2026-08-05T06:10:21.146862+00:00,ripley_pe,monitores,20001524272,LENOVO,"MONITOR LENOVO THINKVISION P24Q-40, 24' WLED QHD 2K, 120HZ, 4MS, PIVOTE",1279.0,1369.0,377.29,2026-08-05,7,PEN,,,Ripley PE,https://simple.ripley.com.pe/monitor-lenovo-thinkvision-p24q-40-24-wled-qhd-2k-120hz-4ms-pivote-pmp20001524272
20260805_055550,2026-08-05T06:10:21.150862+00:00,ripley_pe,monitores,20001510494,VIEWSONIC,MONITOR TOUCH VIEWSONIC TD 2223 22 FHD 75HZ PANEL TN HDMI VGA DVI,1199.0,1439.0,353.69,2026-08-05,17,PEN,,,Ripley PE,https://simple.ripley.com.pe/monitor-touch-viewsonic-td-2223-22-fhd-75hz-panel-tn-hdmi-vga-dvi-pmp20001510494
20260805_055550,2026-08-05T06:10:21.150862+00:00,ripley_pe,monitores,20001328404,LENOVO,MONITOR LENOVO  LEGION 27-10 FHD 27',679.0,849.0,200.29,2026-08-05,20,PEN,,,Ripley PE,https://simple.ripley.com.pe/monitor-lenovo-legion-27-10-fhd-27-pmp20001328404
20260805_055550,2026-08-05T06:10:21.151861+00:00,ripley_pe,monitores,20001535136,HP,MONITOR HP SERIE 3 PRO 322PH DE 21.5 PULGADAS FULLHD IPS HDMI DP VGA,725.0,1099.0,213.86,2026-08-05,34,PEN,,,Ripley PE,https://simple.ripley.com.pe/monitor-hp-serie-3-pro-322ph-de-215-pulgadas-fullhd-ips-hdmi-dp-vga-pmp20001535136
20260805_055550,2026-08-05T06:10:21.152862+00:00,ripley_pe,monitores,20001121871,TEROS,MONITOR TEROS TE-1915S 19.5' 1600X900 HD HDMI VGA PARLANTES,258.0,259.0,76.11,2026-08-05,,PEN,,,Ripley PE,https://simple.ripley.com.pe/monitor-teros-te-1915s-195-1600x900-hd-hdmi-vga-parlantes-pmp20001121871
20260805_055550,2026-08-05T06:10:21.152862+00:00,ripley_pe,monitores,20000150367,AIRBOOM,KIT ACCESORIO CÓMPUTO AIRBOOM LIMPIEZA AB C5 LAPTOP MONITORES,29.9,38.0,8.82,2026-08-05,21,PEN,,,Ripley PE,https://simple.ripley.com.pe/kit-accesorio-computo-airboom-limpieza-ab-c5-laptop-monitores-pmp20000150367
20260805_055550,2026-08-05T06:10:21.154862+00:00,ripley_pe,monitores,20001131840,LENOVO,MONITOR LENOVO THINKVISION T27-40 27 PULGADAS FHD IPS HDMI DP VGA USBC-B-A,1165.0,1899.0,343.66,2026-08-05,39,PEN,,,Ripley PE,https://simple.ripley.com.pe/monitor-lenovo-thinkvision-t27-40-27-pulgadas-fhd-ips-hdmi-dp-vga-usbc-b-a-pmp20001131840
20260805_055550,2026-08-05T06:10:21.155862+00:00,ripley_pe,monitores,20001242218,LENOVO,MONITOR PLANO LENOVO THINKVISION E24-40 23.8' FHD IPS CONECTIVIDAD HDMI DP VGA,699.0,1049.0,206.19,2026-08-05,33,PEN,,,Ripley PE,https://simple.ripley.com.pe/monitor-plano-lenovo-thinkvision-e24-40-238-fhd-ips-conectividad-hdmi-dp-vga-pmp20001242218
20260805_055550,2026-08-05T06:10:21.155862+00:00,ripley_pe,monitores,20001358491,LENOVO,"MONITOR PLANO LENOVO L27-4E, 27'(1920X1080) WLED FHD IPS, 100HZ, HDMI, VGA",539.0,599.0,159.0,2026-08-05,10,PEN,,,Ripley PE,https://simple.ripley.com.pe/monitor-plano-lenovo-l27-4e-271920x1080-wled-fhd-ips-100hz-hdmi-vga-pmp20001358491
20260805_055550,2026-08-05T06:10:21.156862+00:00,ripley_pe,monitores,20000051060,GENÉRICO,CARGADOR GENÉRICO MONITOR SAMSUNG 14V 214A 30W,44.9,99.9,13.24,2026-08-05,55,PEN,,,Ripley PE,https://simple.ripley.com.pe/cargador-generico-monitor-samsung-14v-214a-30w-pmp20000051060
20260805_055550,2026-08-05T06:10:21.156862+00:00,ripley_pe,monitores,20001545459,GENERAL ELECTRIC,EXTENSOR DE PANTALLA PARA LAPTOP ULTRAFINO 13 LIBRAS 14 PULGADAS FHD IPS EXTENSIÓN DE MONITOR PORTÁTIL DUAL PARA LAPTOP,739.0,929.0,217.99,2026-08-05,20,PEN,,,Ripley PE,https://simple.ripley.com.pe/extensor-de-pantalla-para-laptop-ultrafino-13-libras-14-pulgadas-fhd-ips-extension-de-monitor-portatil-dual-para-laptop-pmp20001545459
20260805_055550,2026-08-05T06:10:21.157862+00:00,ripley_pe,monitores,20001483245,XTECH,MONITOR BEBE VTECH VM2251 PANTALLA LCD COLOR 2.4,379.0,499.0,111.8,2026-08-05,24,PEN,,,Ripley PE,https://simple.ripley.com.pe/monitor-bebe-vtech-vm2251-pantalla-lcd-color-24-pmp20001483245
20260805_055550,2026-08-05T06:10:21.158867+00:00,ripley_pe,monitores,20001545473,GENERAL ELECTRIC,EXTENSOR DE PANTALLA PARA LAPTOP MONITOR PORTÁTIL EXTERNO FHD 1200P IPS DE 14 PULGADAS PARA LAPTOP MONITOR DE PANTALLA DUAL PLUG,649.0,819.0,191.45,2026-08-05,21,PEN,,,Ripley PE,https://simple.ripley.com.pe/extensor-de-pantalla-para-laptop-monitor-portatil-externo-fhd-1200p-ips-de-14-pulgadas-para-laptop-monitor-de-pantalla-dual-plug-pmp20001545473
20260805_055550,2026-08-05T06:10:21.158867+00:00,ripley_pe,monitores,20001161044,TEROS,MONITOR TEROS TE-2754G 27 PULGADAS QHD FAST IPS 200HZ 1MS HDMI DP AUDIO OUT,975.0,1599.0,287.61,2026-08-05,39,PEN,,,Ripley PE,https://simple.ripley.com.pe/monitor-teros-te-2754g-27-pulgadas-qhd-fast-ips-200hz-1ms-hdmi-dp-audio-out-pmp20001161044
20260805_055550,2026-08-05T06:10:21.159862+00:00,ripley_pe,monitores,20001524237,GIGABYTE,"MONITOR GIGABYTE GAMING GS25F14, 25' FHD IPS, 144HZ, 1MS",399.0,419.0,117.7,2026-08-05,5,PEN,,,Ripley PE,https://simple.ripley.com.pe/monitor-gigabyte-gaming-gs25f14-25-fhd-ips-144hz-1ms-pmp20001524237
20260805_055550,2026-08-05T06:10:21.159862+00:00,ripley_pe,monitores,20001133449,HIKVISION,HIKVISION PANTALLA LED PARA ENTRADA Y SALIDA - VISIBILIDAD CLARA Y EFICIENCIA ENERGÉTICA,4639.0,6959.0,1368.44,2026-08-05,33,PEN,,,Ripley PE,https://simple.ripley.com.pe/hikvision-pantalla-led-para-entrada-y-salida-visibilidad-clara-y-eficiencia-energetica-pmp20001133449
20260805_055550,2026-08-05T06:10:21.160862+00:00,ripley_pe,monitores,20001358495,LENOVO,"MONITOR LENOVO THINKVISION T22I-30, 21.5' 1920X1080 WLED IPS HDMI/DP/VGA COLOR RAVEN BLACK",727.0,809.0,214.45,2026-08-05,10,PEN,,,Ripley PE,https://simple.ripley.com.pe/monitor-lenovo-thinkvision-t22i-30-215-1920x1080-wled-ips-hdmidpvga-color-raven-black-pmp20001358495
20260805_055550,2026-08-05T06:10:21.160862+00:00,ripley_pe,monitores,20001499507,LENOVO,"MONITOR PLANO LENOVO THINKVISION S27-4E, 27' WLED/FHD/IPS/HDMI/VGA",680.0,819.0,200.59,2026-08-05,17,PEN,,,Ripley PE,https://simple.ripley.com.pe/monitor-plano-lenovo-thinkvision-s27-4e-27-wledfhdipshdmivga-pmp20001499507
20260805_055550,2026-08-05T06:10:21.161861+00:00,ripley_pe,monitores,20001545551,GENERAL ELECTRIC,ARCHXX TOALLITAS DE LIMPIEZA PARA PANTALLAS DE ELECTRÓNICA 120 UNIDADES DE 152 CM X 152 CM LIMPIADOR DE PANTALLA PREHUMEDECIDO,139.0,179.0,41.0,2026-08-05,22,PEN,,,Ripley PE,https://simple.ripley.com.pe/archxx-toallitas-de-limpieza-para-pantallas-de-electronica-120-unidades-de-152-cm-x-152-cm-limpiador-de-pantalla-prehumedecido-pmp20001545551
20260805_055550,2026-08-05T06:10:21.161861+00:00,ripley_pe,monitores,20001524259,ADVANCE,"MONITOR ADVANCE ADV-2755S, 27' FHD IPS, 144HZ, 1MS, PARLANTE",559.0,599.0,164.9,2026-08-05,7,PEN,,,Ripley PE,https://simple.ripley.com.pe/monitor-advance-adv-2755s-27-fhd-ips-144hz-1ms-parlante-pmp20001524259
20260805_055550,2026-08-05T06:10:21.162862+00:00,ripley_pe,monitores,20001524268,SAMSUNG,"MONITOR SAMSUNG ESSENTIAL S4 LS22D400GALXPE, 22' FHD IPS, 100HZ, 5MS, PIVOTE",549.0,589.0,161.95,2026-08-05,7,PEN,,,Ripley PE,https://simple.ripley.com.pe/monitor-samsung-essential-s4-ls22d400galxpe-22-fhd-ips-100hz-5ms-pivote-pmp20001524268
20260805_055550,2026-08-05T06:10:25.434233+00:00,ripley_pe,monitores,20001524220,GIGABYTE,"MONITOR GIGABYTE GAMING GS27QCA, 27' CURVO QHD 2K, 180HZ, 1MS",809.0,859.0,238.64,2026-08-05,6,PEN,,,Ripley PE,https://simple.ripley.com.pe/monitor-gigabyte-gaming-gs27qca-27-curvo-qhd-2k-180hz-1ms-pmp20001524220
20260805_055550,2026-08-05T06:10:25.435233+00:00,ripley_pe,monitores,20001469866,LENOVO,MONITOR LENOVO THINKVISION T27QD-4V 27 PULGADAS WLED QHD IPS HDMI DP DP-OUT USB-C RJ45 5WX2,1979.0,2999.0,583.78,2026-08-05,34,PEN,,,Ripley PE,https://simple.ripley.com.pe/monitor-lenovo-thinkvision-t27qd-4v-27-pulgadas-wled-qhd-ips-hdmi-dp-dp-out-usb-c-rj45-5wx2-pmp20001469866
20260805_055550,2026-08-05T06:10:25.439315+00:00,ripley_pe,monitores,20001499508,LENOVO,"MONITOR PLANO LENOVO THINKVISION T27-40, 27' WLED FHD IPS/HDMI/DP/VGA/USB-C/USB-B/USB-A X3",1078.0,1299.0,317.99,2026-08-05,17,PEN,,,Ripley PE,https://simple.ripley.com.pe/monitor-plano-lenovo-thinkvision-t27-40-27-wled-fhd-ipshdmidpvgausb-cusb-busb-a-x3-pmp20001499508
20260805_055550,2026-08-05T06:10:25.440303+00:00,ripley_pe,monitores,20001469843,LENOVO,MONITOR LENOVO L27-4C 27 PULGADAS 1920X1080 WLED FHD IPS 144HZ HDMI VGA,749.0,999.0,220.94,2026-08-05,25,PEN,,,Ripley PE,https://simple.ripley.com.pe/monitor-lenovo-l27-4c-27-pulgadas-1920x1080-wled-fhd-ips-144hz-hdmi-vga-pmp20001469843
20260805_055550,2026-08-05T06:10:25.445990+00:00,ripley_pe,monitores,20001133620,HIKVISION,"MONITOR HIKVISION LCD 18.5'' - RESOLUCIÓN 1366X768, CONEXIÓN 220V, IDEAL PARA OFICINA",299.0,449.0,88.2,2026-08-05,33,PEN,,,Ripley PE,https://simple.ripley.com.pe/monitor-hikvision-lcd-185-resolucion-1366x768-conexion-220v-ideal-para-oficina-pmp20001133620
20260805_055550,2026-08-05T06:10:25.446964+00:00,ripley_pe,monitores,20001524279,TEROS,"MONITOR TEROS TE-2714S, 27' FHD IPS, 144HZ, 1MS, PARLANTE",419.0,449.0,123.6,2026-08-05,7,PEN,,,Ripley PE,https://simple.ripley.com.pe/monitor-teros-te-2714s-27-fhd-ips-144hz-1ms-parlante-pmp20001524279
20260805_055550,2026-08-05T06:10:25.447969+00:00,ripley_pe,monitores,20001148420,ASROCK,"MONITOR ASROCK PG032UFS 31.5' 4K UHD OLED, 240HZ, 0.03MS, CON PARLANTES Y WIFI INTEGRADO",4169.0,6259.0,1229.79,2026-08-05,33,PEN,,,Ripley PE,https://simple.ripley.com.pe/monitor-asrock-pg032ufs-315-4k-uhd-oled-240hz-003ms-con-parlantes-y-wifi-integrado-pmp20001148420
20260805_055550,2026-08-05T06:10:25.448973+00:00,ripley_pe,monitores,20001545504,GENERAL ELECTRIC,BLACKVIEW EXTENSOR DE PANTALLA PARA PORTÁTIL DE 16 PULGADAS SOPORTE MAGNÉTICO DESMONTABLE GIRATORIO DE 360 MONITOR PORTÁTIL FHD,1279.0,1599.0,377.29,2026-08-05,20,PEN,,,Ripley PE,https://simple.ripley.com.pe/blackview-extensor-de-pantalla-para-portatil-de-16-pulgadas-soporte-magnetico-desmontable-giratorio-de-360-monitor-portatil-fhd-pmp20001545504
20260805_055550,2026-08-05T06:10:25.449978+00:00,ripley_pe,monitores,20001524221,ADVANCE,"MONITOR ADVANCE ADV-2456S, 24' CURVO FHD VA, 144HZ, 1MS, PARLANTE",499.0,539.0,147.2,2026-08-05,7,PEN,,,Ripley PE,https://simple.ripley.com.pe/monitor-advance-adv-2456s-24-curvo-fhd-va-144hz-1ms-parlante-pmp20001524221
20260805_055550,2026-08-05T06:10:25.449978+00:00,ripley_pe,monitores,20001489095,LENOVO,"MONITOR PLANO LENOVO L27-4E, 27'(1920X1080) WLED FHD IPS, 100HZ, HDMI, VGA",599.0,729.0,176.7,2026-08-05,18,PEN,,,Ripley PE,https://simple.ripley.com.pe/monitor-plano-lenovo-l27-4e-271920x1080-wled-fhd-ips-100hz-hdmi-vga-pmp20001489095
20260805_055550,2026-08-05T06:10:25.450963+00:00,ripley_pe,monitores,20001524235,GIGABYTE,"MONITOR GIGABYTE GAMING GS27FA, 27' FHD IPS, 180HZ, 1MS",589.0,629.0,173.75,2026-08-05,6,PEN,,,Ripley PE,https://simple.ripley.com.pe/monitor-gigabyte-gaming-gs27fa-27-fhd-ips-180hz-1ms-pmp20001524235
20260805_055550,2026-08-05T06:10:25.451957+00:00,ripley_pe,monitores,20001469856,LENOVO,MONITOR LENOVO THINKVISION E22-40 21.5 PULG 1920X1080 WLED IPS HDMI DP VGA,699.0,999.0,206.19,2026-08-05,30,PEN,,,Ripley PE,https://simple.ripley.com.pe/monitor-lenovo-thinkvision-e22-40-215-pulg-1920x1080-wled-ips-hdmi-dp-vga-pmp20001469856
20260805_055550,2026-08-05T06:10:25.451957+00:00,ripley_pe,monitores,20001545457,GENERAL ELECTRIC,HOTYEAH EXTENSOR DE PANTALLA PARA LAPTOP CONEXIÓN DE UN CABLE WINDOWS Y MAC MONITOR PORTÁTIL DUAL 1080P DE 14 PULGADAS USBC HDMI,1239.0,1549.0,365.49,2026-08-05,20,PEN,,,Ripley PE,https://simple.ripley.com.pe/hotyeah-extensor-de-pantalla-para-laptop-conexion-de-un-cable-windows-y-mac-monitor-portatil-dual-1080p-de-14-pulgadas-usbc-hdmi-pmp20001545457
20260805_055550,2026-08-05T06:10:25.452960+00:00,ripley_pe,monitores,20000050421,JPSYSTEMS,"MONITOR JPSYSTEMS 15"" B150-RT-A METÁLICO TOUCH PANTALLA TÁCTIL VGA HDMI DVI",1299.9,1400.0,383.45,2026-08-05,7,PEN,,,Ripley PE,https://simple.ripley.com.pe/monitor-jpsystems-15-b150-rt-a-metalico-touch-pantalla-tactil-vga-hdmi-dvi-pmp20000050421
20260805_055550,2026-08-05T06:10:25.452960+00:00,ripley_pe,monitores,20001545474,GENERAL ELECTRIC,WALI STT003 SOPORTE DE MONITOR DE COMPUTADORA PARA ESCRITORIO ELEVADOR AJUSTABLE PARA LAPTOP SOPORTE PARA MONITOR DE ESCRITORIO,169.0,219.0,49.85,2026-08-05,23,PEN,,,Ripley PE,https://simple.ripley.com.pe/wali-stt003-soporte-de-monitor-de-computadora-para-escritorio-elevador-ajustable-para-laptop-soporte-para-monitor-de-escritorio-pmp20001545474
20260805_055550,2026-08-05T06:10:25.453957+00:00,ripley_pe,monitores,20001545550,GENERAL ELECTRIC,VINTEZ PANTALLA DE PRIVACIDAD DE 27 PULGADAS 169 PARA MONITOR DE COMPUTADORA Y LAPTOP PELÍCULA PROTECTORA ANTIRREFLEJOS FILTRO,399.0,499.0,117.7,2026-08-05,20,PEN,,,Ripley PE,https://simple.ripley.com.pe/vintez-pantalla-de-privacidad-de-27-pulgadas-169-para-monitor-de-computadora-y-laptop-pelicula-protectora-antirreflejos-filtro-pmp20001545550
20260805_055550,2026-08-05T06:10:25.454960+00:00,ripley_pe,monitores,20001545558,GENERAL ELECTRIC,VIXTAN EXTENSOR DE PANTALLA TRIPLE PARA PORTÁTIL DE 14 PULGADAS MONITOR PORTÁTIL FHD IPS LIGERO DE 30 LIBRAS PARA LAPTOP USBC,1279.0,1599.0,377.29,2026-08-05,20,PEN,,,Ripley PE,https://simple.ripley.com.pe/vixtan-extensor-de-pantalla-triple-para-portatil-de-14-pulgadas-monitor-portatil-fhd-ips-ligero-de-30-libras-para-laptop-usbc-pmp20001545558
20260805_055550,2026-08-05T06:10:25.454960+00:00,ripley_pe,monitores,20001545527,GENERAL ELECTRIC,KENSINGTON MAGPRO PANTALLA DE PRIVACIDAD MAGNÉTICA PARA LAPTOP DE 16 PULGADAS PROTECTOR DE PRIVACIDAD EXTRAÍBLE DE 1610,529.0,669.0,156.05,2026-08-05,21,PEN,,,Ripley PE,https://simple.ripley.com.pe/kensington-magpro-pantalla-de-privacidad-magnetica-para-laptop-de-16-pulgadas-protector-de-privacidad-extraible-de-1610-pmp20001545527
20260805_055550,2026-08-05T06:10:25.458956+00:00,ripley_pe,monitores,20001545476,GENERAL ELECTRIC,EXTENSOR DE PANTALLA PARA LAPTOP MONITOR DE COMPUTADORA PORTÁTIL FHD 1080P IPS DE 14 PULGADAS PARA PORTÁTILES MONITOR DE VIAJE,739.0,929.0,217.99,2026-08-05,20,PEN,,,Ripley PE,https://simple.ripley.com.pe/extensor-de-pantalla-para-laptop-monitor-de-computadora-portatil-fhd-1080p-ips-de-14-pulgadas-para-portatiles-monitor-de-viaje-pmp20001545476
20260805_055550,2026-08-05T06:10:25.461976+00:00,ripley_pe,monitores,20001133435,TEROS,"MONITOR CURVO TEROS TE-2767G DE 27' QHD VA, 180 HZ, 1 MS, HDMI Y DISPLAYPORT, IDEAL PARA GAMING.",809.0,1219.0,238.64,2026-08-05,34,PEN,,,Ripley PE,https://simple.ripley.com.pe/monitor-curvo-teros-te-2767g-de-27-qhd-va-180-hz-1-ms-hdmi-y-displayport-ideal-para-gaming-pmp20001133435
20260805_055550,2026-08-05T06:10:25.462957+00:00,ripley_pe,monitores,20001545446,GENERAL ELECTRIC,INGNOK MONITOR PORTÁTIL 185 PULGADAS FHD 1080P 100X25 SRGB EXTENSOR DE PANTALLA PORTÁTIL PARA LAPTOP USB C HDMI MONITOR PORTÁTIL,759.0,949.0,223.89,2026-08-05,20,PEN,,,Ripley PE,https://simple.ripley.com.pe/ingnok-monitor-portatil-185-pulgadas-fhd-1080p-100x25-srgb-extensor-de-pantalla-portatil-para-laptop-usb-c-hdmi-monitor-portatil-pmp20001545446
20260805_055550,2026-08-05T06:10:25.462957+00:00,ripley_pe,monitores,20001545508,GENERAL ELECTRIC,MAGICRAVEN MONITOR PORTÁTIL INALÁMBRICO PARA LAPTOP MONITOR PORTÁTIL DE 156 PULGADAS CON BATERÍA SEGUNDA PANTALLA FHD DE 1080P,999.0,1249.0,294.69,2026-08-05,20,PEN,,,Ripley PE,https://simple.ripley.com.pe/magicraven-monitor-portatil-inalambrico-para-laptop-monitor-portatil-de-156-pulgadas-con-bateria-segunda-pantalla-fhd-de-1080p-pmp20001545508
20260805_055550,2026-08-05T06:10:25.463970+00:00,ripley_pe,monitores,20001358492,LENOVO,"MONITOR LENOVO THINKVISION M15 15.6' WLED IPS 1920X1080, 2X USB-C 3.2 G1 (DP 1.2 ALT MODE)",905.0,999.0,266.96,2026-08-05,9,PEN,,,Ripley PE,https://simple.ripley.com.pe/monitor-lenovo-thinkvision-m15-156-wled-ips-1920x1080-2x-usb-c-32-g1-dp-12-alt-mode-pmp20001358492
20260805_055550,2026-08-05T06:10:25.465965+00:00,ripley_pe,monitores,20001524277,LENOVO,"MONITOR LENOVO THINKVISION T24-4V, 24' WLED IPS, 120HZ, 4MS, PIVOTE, CÁMARA WEB, PARLANTE",1139.0,1219.0,335.99,2026-08-05,7,PEN,,,Ripley PE,https://simple.ripley.com.pe/monitor-lenovo-thinkvision-t24-4v-24-wled-ips-120hz-4ms-pivote-camara-web-parlante-pmp20001524277
20260805_055550,2026-08-05T06:10:25.465965+00:00,ripley_pe,monitores,20001133598,SAMSUNG,SOPORTE FLIP SAMSUNG WM55RXZA,1729.0,2599.0,510.03,2026-08-05,33,PEN,,,Ripley PE,https://simple.ripley.com.pe/soporte-flip-samsung-wm55rxza-pmp20001133598
20260805_055550,2026-08-05T06:10:25.467961+00:00,ripley_pe,monitores,20001545524,GENERAL ELECTRIC,KKSMART MONITOR PORTÁTIL DE 156 PULGADAS 1080P FHD 88X25 SRGB 60HZ MONITOR DE VIAJE PARA LAPTOP MACBOOK SURFACE PC XBOX PS5 HDMI,529.0,669.0,156.05,2026-08-05,21,PEN,,,Ripley PE,https://simple.ripley.com.pe/kksmart-monitor-portatil-de-156-pulgadas-1080p-fhd-88x25-srgb-60hz-monitor-de-viaje-para-laptop-macbook-surface-pc-xbox-ps5-hdmi-pmp20001545524
20260805_055550,2026-08-05T06:10:29.440609+00:00,ripley_pe,monitores,20001545556,GENERAL ELECTRIC,KKSMART MONITOR PORTÁTIL DE 156 PULGADAS 1080P FHD 86X25 SRGB 60HZ MONITOR DE VIAJE PARA LAPTOP MACBOOK SURFACE PC XBOX PS5 HDMI,619.0,779.0,182.6,2026-08-05,21,PEN,,,Ripley PE,https://simple.ripley.com.pe/kksmart-monitor-portatil-de-156-pulgadas-1080p-fhd-86x25-srgb-60hz-monitor-de-viaje-para-laptop-macbook-surface-pc-xbox-ps5-hdmi-pmp20001545556
20260805_055550,2026-08-05T06:10:29.441609+00:00,ripley_pe,monitores,20001242235,LENOVO,"MONITOR LENOVO THINKVISION T32UD-40 DE 31' UHD IPS - CONECTIVIDAD HDMI, DP, USB-C Y RJ45",2839.0,4259.0,837.46,2026-08-05,33,PEN,,,Ripley PE,https://simple.ripley.com.pe/monitor-lenovo-thinkvision-t32ud-40-de-31-uhd-ips-conectividad-hdmi-dp-usb-c-y-rj45-pmp20001242235
20260805_055550,2026-08-05T06:10:29.441609+00:00,ripley_pe,monitores,20001545538,GENERAL ELECTRIC,KENSINGTON MP14 PANTALLA DE PRIVACIDAD MAGNÉTICA PARA MACBOOK PRO DE 14 PULGADAS 20212024 M1 M2 M3 M4 PRO MAX PROTECTOR,319.0,399.0,94.1,2026-08-05,20,PEN,,,Ripley PE,https://simple.ripley.com.pe/kensington-mp14-pantalla-de-privacidad-magnetica-para-macbook-pro-de-14-pulgadas-20212024-m1-m2-m3-m4-pro-max-protector-pmp20001545538
20260805_055550,2026-08-05T06:10:29.442610+00:00,ripley_pe,monitores,20001311411,TEROS,"MONITOR PLANO TEROS TE-2420CS, 24' WUXGA IPS, 100HZ, 5MS, HDMI, VGA, NEGRO",286.0,319.0,84.37,2026-08-05,10,PEN,,,Ripley PE,https://simple.ripley.com.pe/monitor-plano-teros-te-2420cs-24-wuxga-ips-100hz-5ms-hdmi-vga-negro-pmp20001311411
20260805_055550,2026-08-05T06:10:29.442610+00:00,ripley_pe,monitores,20001535761,TEROS,MONITOR GAMING TEROS TE 2786G 27 FHD 200HZ 1MS HDMI DP,499.0,599.0,147.2,2026-08-05,17,PEN,,,Ripley PE,https://simple.ripley.com.pe/monitor-gaming-teros-te-2786g-27-fhd-200hz-1ms-hdmi-dp-pmp20001535761
20260805_055550,2026-08-05T06:10:29.443609+00:00,ripley_pe,monitores,20001524257,TEROS,"MONITOR TEROS GAMING TE-2476, 24' CURVO FHD VA, 180HZ, 1MS",389.0,419.0,114.75,2026-08-05,7,PEN,,,Ripley PE,https://simple.ripley.com.pe/monitor-teros-gaming-te-2476-24-curvo-fhd-va-180hz-1ms-pmp20001524257
20260805_055550,2026-08-05T06:10:29.445821+00:00,ripley_pe,monitores,20001487537,HP,"MONITOR HP E24T G5 TOUCH, 23.8 FHD IPS(1920X1080) DP / HDMI / USB-A X4 / USB-B",1499.0,1799.0,442.18,2026-08-05,17,PEN,,,Ripley PE,https://simple.ripley.com.pe/monitor-hp-e24t-g5-touch-238-fhd-ips1920x1080-dp-hdmi-usb-a-x4-usb-b-pmp20001487537
20260805_055550,2026-08-05T06:10:29.446831+00:00,ripley_pe,monitores,20001545509,GENERAL ELECTRIC,LR MONITOR PORTÁTIL 156 PULGADAS 1080P FHD ULTRA DELGADO MONITOR DE VIAJE USBC HDMI SEGUNDA PANTALLA EXTERNA PARA LAPTOP MACBOOK,379.0,479.0,111.8,2026-08-05,21,PEN,,,Ripley PE,https://simple.ripley.com.pe/lr-monitor-portatil-156-pulgadas-1080p-fhd-ultra-delgado-monitor-de-viaje-usbc-hdmi-segunda-pantalla-externa-para-laptop-macbook-pmp20001545509
20260805_055550,2026-08-05T06:10:29.448831+00:00,ripley_pe,monitores,20001489038,LENOVO,"MONITOR PLANO LENOVO L24-4C, 23.8' (1920 X 1080) WLED FHD IPS, 144HZ, HDMI, VGA",554.0,669.0,163.42,2026-08-05,17,PEN,,,Ripley PE,https://simple.ripley.com.pe/monitor-plano-lenovo-l24-4c-238-1920-x-1080-wled-fhd-ips-144hz-hdmi-vga-pmp20001489038
20260805_055550,2026-08-05T06:10:29.450838+00:00,ripley_pe,monitores,20000476462,PRESONUS,ACCESORIO AUDIO PRESONUS ERIS 3.5 MONITORES ACTIVOS 50W PARA PRODUCCIÓN MUSICAL,669.0,820.0,197.35,2026-08-05,18,PEN,,,Ripley PE,https://simple.ripley.com.pe/accesorio-audio-presonus-eris-35-monitores-activos-50w-para-produccion-musical-pmp20000476462
20260805_055550,2026-08-05T06:10:29.451838+00:00,ripley_pe,monitores,20001545461,GENERAL ELECTRIC,EXTENSOR DE PANTALLA PARA LAPTOP MONITOR PORTÁTIL FHD 1080P IPS DE 14 PULGADAS PARA LAPTOP ULTRAFINO DE 017 PULGADAS Y 13 LIBRAS,799.0,999.0,235.69,2026-08-05,20,PEN,,,Ripley PE,https://simple.ripley.com.pe/extensor-de-pantalla-para-laptop-monitor-portatil-fhd-1080p-ips-de-14-pulgadas-para-laptop-ultrafino-de-017-pulgadas-y-13-libras-pmp20001545461
20260805_055550,2026-08-05T06:10:29.453843+00:00,ripley_pe,monitores,20001469870,LENOVO,MONITOR LENOVO L27-4E 27 PULGADAS 1920X1080 WLED FHD IPS 100HZ HDMI VGA,675.0,999.0,199.12,2026-08-05,32,PEN,,,Ripley PE,https://simple.ripley.com.pe/monitor-lenovo-l27-4e-27-pulgadas-1920x1080-wled-fhd-ips-100hz-hdmi-vga-pmp20001469870
20260805_055550,2026-08-05T06:10:29.453843+00:00,ripley_pe,monitores,20001545520,GENERAL ELECTRIC,FILTRO DE PANTALLA DE PRIVACIDAD PARA LAPTOP DE 16 PULGADAS 1610 ANTI LUZ AZUL ANTI DESLUMBRAMIENTO Y ANTI ARAÑAZOS PROTECTOR,209.0,269.0,61.65,2026-08-05,22,PEN,,,Ripley PE,https://simple.ripley.com.pe/filtro-de-pantalla-de-privacidad-para-laptop-de-16-pulgadas-1610-anti-luz-azul-anti-deslumbramiento-y-anti-aranazos-protector-pmp20001545520
20260805_055550,2026-08-05T06:10:29.455148+00:00,ripley_pe,monitores,20001545513,GENERAL ELECTRIC,COCOPAR MONITOR PORTÁTIL DE 156 PULGADAS 1080P FHD 60HZ 85X25 SRGB MONITOR DE VIAJE CON ALTAVOZ HDMI USBC PANTALLA SECUNDARIA,759.0,949.0,223.89,2026-08-05,20,PEN,,,Ripley PE,https://simple.ripley.com.pe/cocopar-monitor-portatil-de-156-pulgadas-1080p-fhd-60hz-85x25-srgb-monitor-de-viaje-con-altavoz-hdmi-usbc-pantalla-secundaria-pmp20001545513
20260805_055550,2026-08-05T06:10:29.455661+00:00,ripley_pe,monitores,20001487423,HP,"MONITOR HP E24MV G4, 23.8' FHD (1920X1080) IPS, HDMI/VGA/DP/USB-A 3.1 GEN 1(4)",1119.0,1349.0,330.09,2026-08-05,17,PEN,,,Ripley PE,https://simple.ripley.com.pe/monitor-hp-e24mv-g4-238-fhd-1920x1080-ips-hdmivgadpusb-a-31-gen-14-pmp20001487423
20260805_055550,2026-08-05T06:10:29.456668+00:00,ripley_pe,monitores,20001545539,GENERAL ELECTRIC,PESLV PANTALLA DE PRIVACIDAD MAGNÉTICA PARA LAPTOP DE 14 PULGADAS PARA MONITOR DE COMPUTADORA DE 169 PROTECTOR ANTIRREFLEJOS,239.0,299.0,70.5,2026-08-05,20,PEN,,,Ripley PE,https://simple.ripley.com.pe/peslv-pantalla-de-privacidad-magnetica-para-laptop-de-14-pulgadas-para-monitor-de-computadora-de-169-protector-antirreflejos-pmp20001545539
20260805_055550,2026-08-05T06:10:29.457667+00:00,ripley_pe,monitores,20001524275,LENOVO,"MONITOR LENOVO L24-4E, 24' WLED FHD IPS, 100HZ, 6MS",479.0,519.0,141.3,2026-08-05,8,PEN,,,Ripley PE,https://simple.ripley.com.pe/monitor-lenovo-l24-4e-24-wled-fhd-ips-100hz-6ms-pmp20001524275
20260805_055550,2026-08-05T06:10:29.458680+00:00,ripley_pe,monitores,20001545531,GENERAL ELECTRIC,PAQUETE DE 2 PANTALLA DE PRIVACIDAD DE COMPUTADORA DE 23 PULGADAS PARA MONITOR DE PANTALLA ANCHA DE RELACIÓN DE ASPECTO 169,399.0,499.0,117.7,2026-08-05,20,PEN,,,Ripley PE,https://simple.ripley.com.pe/paquete-de-2-pantalla-de-privacidad-de-computadora-de-23-pulgadas-para-monitor-de-pantalla-ancha-de-relacion-de-aspecto-169-pmp20001545531
20260805_055550,2026-08-05T06:10:29.458680+00:00,ripley_pe,monitores,20001545466,GENERAL ELECTRIC,MONITOR PORTÁTIL INALÁMBRICO ALIMENTADO POR BATERÍA COMPATIBLE CON AIRPLAY MIRACAST MONITOR IPS DE 156 1080P USBC HDMI PANTALLA,999.0,1249.0,294.69,2026-08-05,20,PEN,,,Ripley PE,https://simple.ripley.com.pe/monitor-portatil-inalambrico-alimentado-por-bateria-compatible-con-airplay-miracast-monitor-ips-de-156-1080p-usbc-hdmi-pantalla-pmp20001545466
20260805_055550,2026-08-05T06:10:29.459674+00:00,ripley_pe,monitores,20001545521,GENERAL ELECTRIC,PANTALLA DE PRIVACIDAD PARA LAPTOP DE 14 PULGADAS PROTECTOR DE PANTALLA DE PRIVACIDAD DE 169 RELACIÓN DE ASPECTO ANTIRREFLEJOS,139.0,179.0,41.0,2026-08-05,22,PEN,,,Ripley PE,https://simple.ripley.com.pe/pantalla-de-privacidad-para-laptop-de-14-pulgadas-protector-de-pantalla-de-privacidad-de-169-relacion-de-aspecto-antirreflejos-pmp20001545521
20260805_055550,2026-08-05T06:10:29.459674+00:00,ripley_pe,monitores,20001133581,ADVANCE,"MONITOR ADVANCE 23.8' FHD IPS - 144HZ, 1MS, HDMI Y DISPLAYPORT, EXPERIENCIA VISUAL INMERSIVA",479.0,719.0,141.3,2026-08-05,33,PEN,,,Ripley PE,https://simple.ripley.com.pe/monitor-advance-238-fhd-ips-144hz-1ms-hdmi-y-displayport-experiencia-visual-inmersiva-pmp20001133581
20260805_055550,2026-08-05T06:10:29.460676+00:00,ripley_pe,monitores,20001545555,GENERAL ELECTRIC,KEFEYA EXTENSOR DE PANTALLA PARA LAPTOP MONITOR PORTÁTIL DE 14 PULGADAS PARA LAPTOP EXTENSOR DE MONITOR DE PANTALLA TRIPLE QHD,1429.0,1789.0,421.53,2026-08-05,20,PEN,,,Ripley PE,https://simple.ripley.com.pe/kefeya-extensor-de-pantalla-para-laptop-monitor-portatil-de-14-pulgadas-para-laptop-extensor-de-monitor-de-pantalla-triple-qhd-pmp20001545555
20260805_055550,2026-08-05T06:10:29.461685+00:00,ripley_pe,monitores,20001545559,GENERAL ELECTRIC,LAPTOP SCREEN EXTENDER 156 FHD 1080P IPS LAPTOP MONITOR EXTENDER FOR 13 173 LAPTOPS PLUGPLAY PORTABLE DUAL MONITOR ONLY 275LBS,859.0,1079.0,253.39,2026-08-05,20,PEN,,,Ripley PE,https://simple.ripley.com.pe/laptop-screen-extender-156-fhd-1080p-ips-laptop-monitor-extender-for-13-173-laptops-plugplay-portable-dual-monitor-only-275lbs-pmp20001545559
20260805_055550,2026-08-05T06:10:29.461685+00:00,ripley_pe,monitores,20001358497,LENOVO,"MONITOR PLANO LENOVO THINKVISION E24-40, 23.8' WLED FHD IPS/HDMI/DP/VGA/PARLANTES (2WX2)",665.0,739.0,196.17,2026-08-05,10,PEN,,,Ripley PE,https://simple.ripley.com.pe/monitor-plano-lenovo-thinkvision-e24-40-238-wled-fhd-ipshdmidpvgaparlantes-2wx2-pmp20001358497
20260805_055550,2026-08-05T06:10:29.462692+00:00,ripley_pe,monitores,20001278921,TEROS,MONITOR PLANO TEROS TE-2715CS 27″ QHD IPS 100HZ CÁMARA 5 MP PARLANTES,1669.0,,492.33,2026-08-05,,PEN,,,Ripley PE,https://simple.ripley.com.pe/monitor-plano-teros-te-2715cs-27-qhd-ips-100hz-camara-5-mp-parlantes-pmp20001278921
20260805_055550,2026-08-05T06:10:29.463690+00:00,ripley_pe,monitores,20001328402,LENOVO,MONITOR THINKVISION T27-40 27' FHD 60HZ IPS USB-C HUB,849.0,1249.0,250.44,2026-08-05,32,PEN,,,Ripley PE,https://simple.ripley.com.pe/monitor-thinkvision-t27-40-27-fhd-60hz-ips-usb-c-hub-pmp20001328402
20260805_055550,2026-08-05T06:10:29.463690+00:00,ripley_pe,monitores,20001524245,SAMSUNG,"MONITOR SAMSUNG GAMING ODYSSEY G6 OLED, 27' QHD OLED, 240HZ, 0,3MS, PIVOTE",3029.0,3249.0,893.51,2026-08-05,7,PEN,,,Ripley PE,https://simple.ripley.com.pe/monitor-samsung-gaming-odyssey-g6-oled-27-qhd-oled-240hz-03ms-pivote-pmp20001524245
20260805_055550,2026-08-05T06:10:29.464689+00:00,ripley_pe,monitores,20001319966,TEROS,"MONITOR PLANO TEROS TE-1916S, 19.5' HD TN, 75 HZ, 5MS, HDMI, VGA, AUDIO OUT",295.0,,87.02,2026-08-05,,PEN,,,Ripley PE,https://simple.ripley.com.pe/monitor-plano-teros-te-1916s-195-hd-tn-75-hz-5ms-hdmi-vga-audio-out-pmp20001319966
20260805_055550,2026-08-05T06:10:29.465689+00:00,ripley_pe,monitores,20001524228,ADVANCE,"MONITOR ADVANCE ADV-2751S, 27' CURVO FHD VA, 100HZ, 1MS, PARLANTE",499.0,539.0,147.2,2026-08-05,7,PEN,,,Ripley PE,https://simple.ripley.com.pe/monitor-advance-adv-2751s-27-curvo-fhd-va-100hz-1ms-parlante-pmp20001524228
20260805_055550,2026-08-05T06:10:29.465689+00:00,ripley_pe,monitores,20001524238,TEROS,"MONITOR TEROS GAMING TE-2767G, 27' CURVO QHD VA 2K, 180HZ, 1MS, PIVOTE",859.0,919.0,253.39,2026-08-05,7,PEN,,,Ripley PE,https://simple.ripley.com.pe/monitor-teros-gaming-te-2767g-27-curvo-qhd-va-2k-180hz-1ms-pivote-pmp20001524238
20260805_055550,2026-08-05T06:10:29.466682+00:00,ripley_pe,monitores,20001158399,GENÉRICO,MONITOR VIEW SONIC LED VA240-H FHD/ 100HZ/ 1MS/ HDMI/ VGA/ 24,400.0,,117.99,2026-08-05,,PEN,,,Ripley PE,https://simple.ripley.com.pe/monitor-view-sonic-led-va240-h-fhd-100hz-1ms-hdmi-vga-24-pmp20001158399
20260805_055550,2026-08-05T06:10:29.466682+00:00,ripley_pe,monitores,20001524252,TEROS,"MONITOR TEROS GAMING TE-2787G, 27' CURVO FHD VA, 180HZ, 1MS",529.0,569.0,156.05,2026-08-05,7,PEN,,,Ripley PE,https://simple.ripley.com.pe/monitor-teros-gaming-te-2787g-27-curvo-fhd-va-180hz-1ms-pmp20001524252
20260805_055550,2026-08-05T06:10:29.467690+00:00,ripley_pe,monitores,20001133531,HIKVISION,MONITOR LCD TÁCTIL HIKVISION 7'' CON SOPORTE - PANTALLA INTERACTIVA IDEAL PARA TU ESPACIO,389.0,589.0,114.75,2026-08-05,34,PEN,,,Ripley PE,https://simple.ripley.com.pe/monitor-lcd-tactil-hikvision-7-con-soporte-pantalla-interactiva-ideal-para-tu-espacio-pmp20001133531
20260805_055550,2026-08-05T06:10:29.468697+00:00,ripley_pe,monitores,20001545463,GENERAL ELECTRIC,ARZOPA MONITOR PORTÁTIL PARA JUEGOS DE 161 PULGADAS Y 144 HZ 106X25 SRGB 1080P FHD KICKSTAND MONITOR PORTÁTIL CON HDR ULTRA,659.0,829.0,194.4,2026-08-05,21,PEN,,,Ripley PE,https://simple.ripley.com.pe/arzopa-monitor-portatil-para-juegos-de-161-pulgadas-y-144-hz-106x25-srgb-1080p-fhd-kickstand-monitor-portatil-con-hdr-ultra-pmp20001545463
20260805_055550,2026-08-05T06:10:29.468697+00:00,ripley_pe,monitores,20001545456,GENERAL ELECTRIC,FILTRO DE PANTALLA DE PRIVACIDAD DE COMPUTADORA DE 19 PULGADAS PARA MONITOR DE PANTALLA ANCHA 1610 FILTRO DE PRIVACIDAD,239.0,299.0,70.5,2026-08-05,20,PEN,,,Ripley PE,https://simple.ripley.com.pe/filtro-de-pantalla-de-privacidad-de-computadora-de-19-pulgadas-para-monitor-de-pantalla-ancha-1610-filtro-de-privacidad-pmp20001545456
20260805_055550,2026-08-05T06:10:29.469689+00:00,ripley_pe,monitores,20001524215,TEROS,"MONITOR TEROS GAMING TE-2769G, 27' QHD IPS 2K, 180HZ, 1MS",649.0,695.0,191.45,2026-08-05,7,PEN,,,Ripley PE,https://simple.ripley.com.pe/monitor-teros-gaming-te-2769g-27-qhd-ips-2k-180hz-1ms-pmp20001524215
20260805_055550,2026-08-05T06:10:29.469689+00:00,ripley_pe,monitores,20001167344,HP,MONITOR HP SERIE 7 PRO 724PN 24 PULGADAS WUXGA IPS HDMI DP USB-A USB-B,1975.0,2999.0,582.6,2026-08-05,34,PEN,,,Ripley PE,https://simple.ripley.com.pe/monitor-hp-serie-7-pro-724pn-24-pulgadas-wuxga-ips-hdmi-dp-usb-a-usb-b-pmp20001167344
20260805_055550,2026-08-05T06:10:29.470705+00:00,ripley_pe,monitores,20001524224,LENOVO,"MONITOR LENOVO THINKVISION T27-40, 27' WLED FHD IPS, 120HZ, 4MS, PIVOTE",1179.0,1269.0,347.79,2026-08-05,7,PEN,,,Ripley PE,https://simple.ripley.com.pe/monitor-lenovo-thinkvision-t27-40-27-wled-fhd-ips-120hz-4ms-pivote-pmp20001524224
20260805_055550,2026-08-05T06:10:29.471701+00:00,ripley_pe,monitores,20001524269,TEROS,"MONITOR TEROS GAMING TE-2788G, 27' CURVO FHD VA, 200HZ, 1MS",689.0,739.0,203.24,2026-08-05,7,PEN,,,Ripley PE,https://simple.ripley.com.pe/monitor-teros-gaming-te-2788g-27-curvo-fhd-va-200hz-1ms-pmp20001524269
20260805_055550,2026-08-05T06:10:29.471701+00:00,ripley_pe,monitores,20001524273,LENOVO,"MONITOR LENOVO THINKVISION E27-40, 27' WLED IPS, 100HZ, 4MS, PARLANTE",749.0,799.0,220.94,2026-08-05,6,PEN,,,Ripley PE,https://simple.ripley.com.pe/monitor-lenovo-thinkvision-e27-40-27-wled-ips-100hz-4ms-parlante-pmp20001524273
20260805_055550,2026-08-05T06:10:29.472692+00:00,ripley_pe,monitores,20001524276,LENOVO,"MONITOR LENOVO THINKVISION T24-40, 24' WLED FHD IPS, 120HZ, 4MS, PIVOTE",859.0,920.0,253.39,2026-08-05,7,PEN,,,Ripley PE,https://simple.ripley.com.pe/monitor-lenovo-thinkvision-t24-40-24-wled-fhd-ips-120hz-4ms-pivote-pmp20001524276
20260805_055550,2026-08-05T06:10:29.473689+00:00,ripley_pe,monitores,20001253954,TEROS,MONITOR TEROS GAMING 34' 3412G 2K 1MS  CURVO,1221.0,1319.0,360.18,2026-08-05,7,PEN,,,Ripley PE,https://simple.ripley.com.pe/monitor-teros-gaming-34-3412g-2k-1ms-curvo-pmp20001253954
20260805_055550,2026-08-05T06:10:29.473689+00:00,ripley_pe,monitores,20001524242,LENOVO,"MONITOR LENOVO L27-4E, 27' WLED FHD IPS, 100HZ, 4MS",609.0,659.0,179.65,2026-08-05,8,PEN,,,Ripley PE,https://simple.ripley.com.pe/monitor-lenovo-l27-4e-27-wled-fhd-ips-100hz-4ms-pmp20001524242
20260805_055550,2026-08-05T06:10:29.474689+00:00,ripley_pe,monitores,20001133576,ADVANCE,"MONITOR 27' FHD IPS ADVANCE ADV-2755S, 144HZ, HDMI, DP, AUDIO OUT, 1MS - IDEAL PARA GAMING Y TRABAJO",579.0,869.0,170.8,2026-08-05,33,PEN,,,Ripley PE,https://simple.ripley.com.pe/monitor-27-fhd-ips-advance-adv-2755s-144hz-hdmi-dp-audio-out-1ms-ideal-para-gaming-y-trabajo-pmp20001133576
20260805_055550,2026-08-05T06:10:29.474689+00:00,ripley_pe,monitores,20001342471,TEROS,MONITOR CURVO TEROS TE-2767G 27' QHD VA 180HZ,788.0,946.0,232.45,2026-08-05,17,PEN,,,Ripley PE,https://simple.ripley.com.pe/monitor-curvo-teros-te-2767g-27-qhd-va-180hz-pmp20001342471
20260805_055550,2026-08-05T06:10:35.302466+00:00,ripley_pe,disco_duro_memorias,20000026748,KINGSTON,DISCO SOLIDO KINGSTON M.2 A400 SA400M37/240G,310.0,450.0,91.45,2026-08-05,31,PEN,,,Ripley PE,https://simple.ripley.com.pe/disco-solido-kingston-m2-a400-sa400m37240g-pmp20000026748
20260805_055550,2026-08-05T06:10:35.302466+00:00,ripley_pe,disco_duro_memorias,20001216013,WESTERN DIGITAL,SSD NVME M.2 WESTERN DIGITAL WD_BLACK SN850X 1TB CON DISIPADOR,1449.0,2179.0,427.43,2026-08-05,34,PEN,,,Ripley PE,https://simple.ripley.com.pe/ssd-nvme-m2-western-digital-wdblack-sn850x-1tb-con-disipador-pmp20001216013
20260805_055550,2026-08-05T06:10:35.303466+00:00,ripley_pe,disco_duro_memorias,20001133228,WESTERN DIGITAL,DISCO DURO INTERNO SSD 500 GB WESTERN DIGITAL WD GREEN 2.5' | VELOCIDAD Y FIABILIDAD PARA TU PC,409.0,619.0,120.65,2026-08-05,34,PEN,,,Ripley PE,https://simple.ripley.com.pe/disco-duro-interno-ssd-500-gb-western-digital-wd-green-25-velocidad-y-fiabilidad-para-tu-pc-pmp20001133228
20260805_055550,2026-08-05T06:10:35.303466+00:00,ripley_pe,disco_duro_memorias,20001193631,KINGSTON,MEMORIA RAM KINGSTON FURY IMPACT 8GB DDR4 3200MHZ SODIMM PARA LAPTOP - ALTO RENDIMIENTO Y EFICIENCIA,299.0,449.0,88.2,2026-08-05,33,PEN,,,Ripley PE,https://simple.ripley.com.pe/memoria-ram-kingston-fury-impact-8gb-ddr4-3200mhz-sodimm-para-laptop-alto-rendimiento-y-eficiencia-pmp20001193631
20260805_055550,2026-08-05T06:10:35.303466+00:00,ripley_pe,disco_duro_memorias,20000037554,TOSHIBA,DISCO DURO EXTERNO TOSHIBA 1 TB HDTX110XK3AA CANVIO BASICS,419.0,519.0,123.6,2026-08-05,19,PEN,,,Ripley PE,https://simple.ripley.com.pe/disco-duro-externo-toshiba-1-tb-hdtx110xk3aa-canvio-basics-pmp20000037554
20260805_055550,2026-08-05T06:10:35.304466+00:00,ripley_pe,disco_duro_memorias,00001580575,SAMSUNG,MEMORIA SAMSUNG USB 3.1 BAR PLUS GRIS,319.0,399.0,94.1,2026-08-05,20,PEN,,,Ripley PE,https://simple.ripley.com.pe/memoria-samsung-usb-31-bar-plus-gris-pmp00001580575
20260805_055550,2026-08-05T06:10:35.305466+00:00,ripley_pe,disco_duro_memorias,00003309073,TEAMGROUP,DISCO SOLIDO TEAMGROUP SSD MP33 512GB M.2 2280 PCIE NVME,499.0,629.0,147.2,2026-08-05,21,PEN,,,Ripley PE,https://simple.ripley.com.pe/disco-solido-teamgroup-ssd-mp33-512gb-m2-2280-pcie-nvme-pmp00003309073
20260805_055550,2026-08-05T06:10:35.305466+00:00,ripley_pe,disco_duro_memorias,00003243356,TEAMGROUP,DISCO SOLIDO TEAMGROUP SSD 256GB MP33 M.2 2280 PCIE NVME,339.0,499.0,100.0,2026-08-05,32,PEN,,,Ripley PE,https://simple.ripley.com.pe/disco-solido-teamgroup-ssd-256gb-mp33-m2-2280-pcie-nvme-pmp00003243356
20260805_055550,2026-08-05T06:10:35.306473+00:00,ripley_pe,disco_duro_memorias,00001584163,AVOLUSION,AVOLUSION HD250U3 - DISCO DURO EXTERNO PORTÁTIL DE 1 TB USB 3.0 PARA JUEGOS PS4 (PREFORMATEADO),429.0,539.0,126.55,2026-08-05,20,PEN,,,Ripley PE,https://simple.ripley.com.pe/avolusion-hd250u3-disco-duro-externo-portatil-de-1-tb-usb-30-para-juegos-ps4-preformateado-pmp00001584163
20260805_055550,2026-08-05T06:10:35.306473+00:00,ripley_pe,disco_duro_memorias,00001568732,KINGSTON,USB KINGSTON 3.2 DATATRAVELER EXODIA 64GB BLANCO,49.0,89.0,14.45,2026-08-05,45,PEN,,,Ripley PE,https://simple.ripley.com.pe/usb-kingston-32-datatraveler-exodia-64gb-blanco-pmp00001568732
20260805_055550,2026-08-05T06:10:35.307466+00:00,ripley_pe,disco_duro_memorias,20000400305,KINGSTON,MEMORIA MICRO SD 64GB KINGSTON,68.0,85.9,20.06,2026-08-05,21,PEN,,,Ripley PE,https://simple.ripley.com.pe/memoria-micro-sd-64gb-kingston-pmp20000400305
20260805_055550,2026-08-05T06:10:35.307466+00:00,ripley_pe,disco_duro_memorias,00000380318,KINGSTON,MEMORIA KINGSTON MICRO SD CANVAS 64GB CLASE 10 UHS-I 100MBS,69.0,99.0,20.35,2026-08-05,30,PEN,,,Ripley PE,https://simple.ripley.com.pe/memoria-kingston-micro-sd-canvas-64gb-clase-10-uhs-i-100mbs-pmp00000380318
20260805_055550,2026-08-05T06:10:35.308466+00:00,ripley_pe,disco_duro_memorias,00000133770,KINGSTON,MEMORIA KINGSTON USB DT100G3 64GB,49.0,79.0,14.45,2026-08-05,38,PEN,,,Ripley PE,https://simple.ripley.com.pe/memoria-kingston-usb-dt100g3-64gb-pmp00000133770
20260805_055550,2026-08-05T06:10:35.308466+00:00,ripley_pe,disco_duro_memorias,00001572761,GLOBAL SHOPEX,DISCO DURO EXTERNO SSD GLOBAL SHOPEX 500 GB VANSUNY USB 3.1 550 MB/S ALTA VELOCIDAD NEGRO,499.0,629.0,147.2,2026-08-05,21,PEN,,,Ripley PE,https://simple.ripley.com.pe/disco-duro-externo-ssd-global-shopex-500-gb-vansuny-usb-31-550-mbs-alta-velocidad-negro-pmp00001572761
20260805_055550,2026-08-05T06:10:35.309466+00:00,ripley_pe,disco_duro_memorias,20001193646,KINGSTON,"UNIDAD SSD EXTERNA KINGSTON XS1000 1TB - USB 3.2 GEN 2 TIPO-C, DISEÑO ROJO COMPACTO Y RÁPIDO",779.0,1169.0,229.79,2026-08-05,33,PEN,,,Ripley PE,https://simple.ripley.com.pe/unidad-ssd-externa-kingston-xs1000-1tb-usb-32-gen-2-tipo-c-diseno-rojo-compacto-y-rapido-pmp20001193646
20260805_055550,2026-08-05T06:10:35.309466+00:00,ripley_pe,disco_duro_memorias,20001133243,LEXAR,MEMORIA RAM DDR5 6000MHZ LEXAR ARES 32GB (2X16GB) RGB CL30 PARA GAMING Y OVERCLOCKING,3359.0,5039.0,990.86,2026-08-05,33,PEN,,,Ripley PE,https://simple.ripley.com.pe/memoria-ram-ddr5-6000mhz-lexar-ares-32gb-2x16gb-rgb-cl30-para-gaming-y-overclocking-pmp20001133243
20260805_055550,2026-08-05T06:10:35.309466+00:00,ripley_pe,disco_duro_memorias,00001302486,SANDISK,MEMORIA USB SANDISK ULTRA DUAL DRIVE LUXE 64GB 3.1 TIPO C | ACERO,89.0,129.0,26.25,2026-08-05,31,PEN,,,Ripley PE,https://simple.ripley.com.pe/memoria-usb-sandisk-ultra-dual-drive-luxe-64gb-31-tipo-c-acero-pmp00001302486
20260805_055550,2026-08-05T06:10:35.310466+00:00,ripley_pe,disco_duro_memorias,00001580661,GLOBAL SHOPEX,MEMORIA GLOBAL SHOPEX USB 3.0 DOBLE PUERTO C OTG BORLTERCLAMP SMARTPHONES ANDROID SAMSUNG GALAXY S9/S8/NOTE 9 LG TABLETA,219.0,279.0,64.6,2026-08-05,22,PEN,,,Ripley PE,https://simple.ripley.com.pe/memoria-global-shopex-usb-30-doble-puerto-c-otg-borlterclamp-smartphones-android-samsung-galaxy-s9s8note-9-lg-tableta-pmp00001580661
20260805_055550,2026-08-05T06:10:35.310466+00:00,ripley_pe,disco_duro_memorias,00001711978,TOSHIBA,DISCO DURO EXTERNO TOSHIBA 2 TB HDD CANVIO BASICS USB 3.0,525.0,613.0,154.87,2026-08-05,14,PEN,,,Ripley PE,https://simple.ripley.com.pe/disco-duro-externo-toshiba-2-tb-hdd-canvio-basics-usb-30-pmp00001711978
20260805_055550,2026-08-05T06:10:35.311466+00:00,ripley_pe,disco_duro_memorias,00001294535,HP,MEMORIA HP USB 64GB V212W NEGRO,49.0,79.9,14.45,2026-08-05,39,PEN,,,Ripley PE,https://simple.ripley.com.pe/memoria-hp-usb-64gb-v212w-negro-pmp00001294535
20260805_055550,2026-08-05T06:10:35.312466+00:00,ripley_pe,disco_duro_memorias,00001581073,GLOBAL SHOPEX,PENDRIVE DE METAL PARA TELÉFONO INTELIGENTE ANDROID MICRO USB PEN DRIVE USB 2 LEIZHAN 32GB OTG USB FLASH DRIVE 64GB 128GB,239.0,299.0,70.5,2026-08-05,20,PEN,,,Ripley PE,https://simple.ripley.com.pe/pendrive-de-metal-para-telefono-inteligente-android-micro-usb-pen-drive-usb-2-leizhan-32gb-otg-usb-flash-drive-64gb-128gb-pmp00001581073
20260805_055550,2026-08-05T06:10:35.312466+00:00,ripley_pe,disco_duro_memorias,00002889530,TOSHIBA,DISCO DURO EXTERNO TOSHIBA 1 TB CANVIO BASIC 3.0 NEGRO,339.0,419.0,100.0,2026-08-05,19,PEN,,,Ripley PE,https://simple.ripley.com.pe/disco-duro-externo-toshiba-1-tb-canvio-basic-30-negro-pmp00002889530
20260805_055550,2026-08-05T06:10:35.312466+00:00,ripley_pe,disco_duro_memorias,00000133772,KINGSTON,MEMORIA KINGSTON USB DT100G3 128GB,79.0,119.0,23.3,2026-08-05,34,PEN,,,Ripley PE,https://simple.ripley.com.pe/memoria-kingston-usb-dt100g3-128gb-pmp00000133772
20260805_055550,2026-08-05T06:10:35.313466+00:00,ripley_pe,disco_duro_memorias,20001133351,TEAMGROUP,MEMORIA RAM TEAMGROUP T-CREATE CLASSIC DDR4 16GB (2X8GB) 3200MHZ PARA ALTA VELOCIDAD Y RENDIMIENTO,739.0,1109.0,217.99,2026-08-05,33,PEN,,,Ripley PE,https://simple.ripley.com.pe/memoria-ram-teamgroup-t-create-classic-ddr4-16gb-2x8gb-3200mhz-para-alta-velocidad-y-rendimiento-pmp20001133351
20260805_055550,2026-08-05T06:10:35.313466+00:00,ripley_pe,disco_duro_memorias,00001448622,SANDISK,MEMORIA SANDISK MICROSD ULTRA 128GB C-10 C-ADAPTADOR 100MB/S,119.0,179.0,35.1,2026-08-05,34,PEN,,,Ripley PE,https://simple.ripley.com.pe/memoria-sandisk-microsd-ultra-128gb-c-10-c-adaptador-100mbs-pmp00001448622
20260805_055550,2026-08-05T06:10:35.314466+00:00,ripley_pe,disco_duro_memorias,20001193764,KINGSTON,MEMORIA RAM SODIMM DDR4 8GB 3200MHZ KINGSTON KCP - IDEAL PARA LAPTOPS Y EQUIPOS COMPACTOS,429.0,649.0,126.55,2026-08-05,34,PEN,,,Ripley PE,https://simple.ripley.com.pe/memoria-ram-sodimm-ddr4-8gb-3200mhz-kingston-kcp-ideal-para-laptops-y-equipos-compactos-pmp20001193764
20260805_055550,2026-08-05T06:10:35.314466+00:00,ripley_pe,disco_duro_memorias,20001193864,PATRIOT,"MEMORIA LAPTOP SODIMM PATRIOT DDR5 16GB 5600MHZ - ALTA VELOCIDAD, COLOR NEGRO, COMPATIBLE CON DDR5",899.0,1349.0,265.19,2026-08-05,33,PEN,,,Ripley PE,https://simple.ripley.com.pe/memoria-laptop-sodimm-patriot-ddr5-16gb-5600mhz-alta-velocidad-color-negro-compatible-con-ddr5-pmp20001193864
20260805_055550,2026-08-05T06:10:35.314466+00:00,ripley_pe,disco_duro_memorias,20001193790,KINGSTON,TARJETA DE MEMORIA KINGSTON CANVAS GO! PLUS 512GB MICROSDXC CON ADAPTADOR SD PARA ALTA VELOCIDAD,349.0,529.0,102.95,2026-08-05,34,PEN,,,Ripley PE,https://simple.ripley.com.pe/tarjeta-de-memoria-kingston-canvas-go-plus-512gb-microsdxc-con-adaptador-sd-para-alta-velocidad-pmp20001193790
20260805_055550,2026-08-05T06:10:35.315473+00:00,ripley_pe,disco_duro_memorias,00001922977,GENÉRICO,ENCHUFE TOMACORRIENTE EXTENSIÓN 3 EN 1 GIRATORIO,9.9,30.0,2.92,2026-08-05,67,PEN,,,Ripley PE,https://simple.ripley.com.pe/enchufe-tomacorriente-extension-3-en-1-giratorio-pmp00001922977
20260805_055550,2026-08-05T06:10:35.315473+00:00,ripley_pe,disco_duro_memorias,00001757724,SANDISK,MEMORIA MICRO SD 64GB R:170MB - W:80MB EXTREME,135.0,159.0,39.82,2026-08-05,15,PEN,,,Ripley PE,https://simple.ripley.com.pe/memoria-micro-sd-64gb-r170mb-w80mb-extreme-pmp00001757724
20260805_055550,2026-08-05T06:10:35.316468+00:00,ripley_pe,disco_duro_memorias,00001126605,SANDISK,MEMORIA MICRO SD SANDISK EXTREME PRO 64GB 4K 170MBS A2 U3 NEGRO,139.0,179.9,41.0,2026-08-05,23,PEN,,,Ripley PE,https://simple.ripley.com.pe/memoria-micro-sd-sandisk-extreme-pro-64gb-4k-170mbs-a2-u3-negro-pmp00001126605
20260805_055550,2026-08-05T06:10:35.316985+00:00,ripley_pe,disco_duro_memorias,20001133344,WESTERN DIGITAL,DISCO DURO WD PURPLE 8 TB SATA,1679.0,2519.0,495.28,2026-08-05,33,PEN,,,Ripley PE,https://simple.ripley.com.pe/disco-duro-wd-purple-8-tb-sata-pmp20001133344
20260805_055550,2026-08-05T06:10:35.316985+00:00,ripley_pe,disco_duro_memorias,00001580707,GLOBAL SHOPEX,MEMORIA PORTÁTIL GLOBAL SHOPEX EXTERNA CD DVD USB 3.0 HAIWAY +/-RW SLIM ROM REGRABADORA GRABADORA,169.0,219.0,49.85,2026-08-05,23,PEN,,,Ripley PE,https://simple.ripley.com.pe/memoria-portatil-global-shopex-externa-cd-dvd-usb-30-haiway-rw-slim-rom-regrabadora-grabadora-pmp00001580707
20260805_055550,2026-08-05T06:10:35.318000+00:00,ripley_pe,disco_duro_memorias,00001518681,SANDISK,MEMORIA SANDISK USB CRUZER 8GB CZ50,39.0,59.0,11.5,2026-08-05,34,PEN,,,Ripley PE,https://simple.ripley.com.pe/memoria-sandisk-usb-cruzer-8gb-cz50-pmp00001518681
20260805_055550,2026-08-05T06:10:35.318000+00:00,ripley_pe,disco_duro_memorias,00002722928,LIMBO,PILA BATERIA AA USB RECARGABLE 1450 MAH CONTROL REMOTO,19.99,50.0,5.9,2026-08-05,60,PEN,,,Ripley PE,https://simple.ripley.com.pe/pila-bateria-aa-usb-recargable-1450-mah-control-remoto-pmp00002722928
20260805_055550,2026-08-05T06:10:35.318000+00:00,ripley_pe,disco_duro_memorias,20001193780,HIKVISION,MEMORIA MICRO SD HIKVISION 128GB NEO LUX - ALTA VELOCIDAD Y AMPLIA CAPACIDAD PARA TUS DISPOSITIVOS,139.0,209.0,41.0,2026-08-05,33,PEN,,,Ripley PE,https://simple.ripley.com.pe/memoria-micro-sd-hikvision-128gb-neo-lux-alta-velocidad-y-amplia-capacidad-para-tus-dispositivos-pmp20001193780
20260805_055550,2026-08-05T06:10:35.319006+00:00,ripley_pe,disco_duro_memorias,20000125174,SAMSUNG,DISCO DURO SATA SSD SAMSUNG 8 TB 870 QVO III 2.5 INCH,3889.0,5399.0,1147.2,2026-08-05,28,PEN,,,Ripley PE,https://simple.ripley.com.pe/disco-duro-sata-ssd-samsung-8-tb-870-qvo-iii-25-inch-pmp20000125174
20260805_055550,2026-08-05T06:10:35.320000+00:00,ripley_pe,disco_duro_memorias,00001585623,SAMSUNG,MEMORIA SAMSUNG USB 3.1 BAR PLUSPLATEADO,499.0,629.0,147.2,2026-08-05,21,PEN,,,Ripley PE,https://simple.ripley.com.pe/memoria-samsung-usb-31-bar-plusplateado-pmp00001585623
20260805_055550,2026-08-05T06:10:35.320000+00:00,ripley_pe,disco_duro_memorias,20001193587,KINGSTON,"SSD PORTÁTIL KINGSTON XS1000 DE 1TB - RÁPIDO, USB 3.2 GEN 2, HASTA 1050MB/S",719.0,1079.0,212.09,2026-08-05,33,PEN,,,Ripley PE,https://simple.ripley.com.pe/ssd-portatil-kingston-xs1000-de-1tb-rapido-usb-32-gen-2-hasta-1050mbs-pmp20001193587
20260805_055550,2026-08-05T06:10:35.320000+00:00,ripley_pe,disco_duro_memorias,20001193594,KINGSTON,MEMORIA MICRO SD KINGSTON CANVAS GO! PLUS 1TB - ALTA VELOCIDAD Y GRAN CAPACIDAD PARA TUS DISPOSITIVOS,799.0,1199.0,235.69,2026-08-05,33,PEN,,,Ripley PE,https://simple.ripley.com.pe/memoria-micro-sd-kingston-canvas-go-plus-1tb-alta-velocidad-y-gran-capacidad-para-tus-dispositivos-pmp20001193594
20260805_055550,2026-08-05T06:10:35.320999+00:00,ripley_pe,disco_duro_memorias,20000530060,TOSHIBA,DISCO DURO EXTERNO TOSHIBA 1 TB CANVIO BASICS USB 3.0 2.5' NEGRO,399.0,450.0,117.7,2026-08-05,11,PEN,,,Ripley PE,https://simple.ripley.com.pe/disco-duro-externo-toshiba-1-tb-canvio-basics-usb-30-25-negro-pmp20000530060
20260805_055550,2026-08-05T06:10:35.320999+00:00,ripley_pe,disco_duro_memorias,00001057051,KINGSTON,MEMORIA KINGSTON USB-C DT80 64GB 200MB/S,93.9,139.0,27.7,2026-08-05,32,PEN,,,Ripley PE,https://simple.ripley.com.pe/memoria-kingston-usb-c-dt80-64gb-200mbs-pmp00001057051
20260805_055550,2026-08-05T06:10:35.321999+00:00,ripley_pe,disco_duro_memorias,00001057095,KINGSTON,MEMORIA KINGSTON USB DTKN 64GB 200MB/S,89.0,139.0,26.25,2026-08-05,36,PEN,,,Ripley PE,https://simple.ripley.com.pe/memoria-kingston-usb-dtkn-64gb-200mbs-pmp00001057095
20260805_055550,2026-08-05T06:10:35.321999+00:00,ripley_pe,disco_duro_memorias,20001193627,KINGSTON,MEMORIA RAM KINGSTON FURY BEAST 32GB DDR4 3200MHZ CL16 – IDEAL PARA GAMING Y RENDIMIENTO ALTO,1229.0,1849.0,362.54,2026-08-05,34,PEN,,,Ripley PE,https://simple.ripley.com.pe/memoria-ram-kingston-fury-beast-32gb-ddr4-3200mhz-cl16-ideal-para-gaming-y-rendimiento-alto-pmp20001193627
20260805_055550,2026-08-05T06:10:35.322999+00:00,ripley_pe,disco_duro_memorias,20001148175,KINGSTON,"MEMORIA RAM SODIMM KINGSTON 16GB DDR4-3200 PARA PORTÁTIL, 260-PIN, ALTA VELOCIDAD Y EFICIENCIA",529.0,799.0,156.05,2026-08-05,34,PEN,,,Ripley PE,https://simple.ripley.com.pe/memoria-ram-sodimm-kingston-16gb-ddr4-3200-para-portatil-260-pin-alta-velocidad-y-eficiencia-pmp20001148175
20260805_055550,2026-08-05T06:10:35.322999+00:00,ripley_pe,disco_duro_memorias,20001193811,ADATA,"MEMORIA DDR5 16GB SODIMM ADATA 4800 MHZ PARA LAPTOP - COLOR NEGRO, ALTA VELOCIDAD Y RENDIMIENTO",969.0,1459.0,285.84,2026-08-05,34,PEN,,,Ripley PE,https://simple.ripley.com.pe/memoria-ddr5-16gb-sodimm-adata-4800-mhz-para-laptop-color-negro-alta-velocidad-y-rendimiento-pmp20001193811
20260805_055550,2026-08-05T06:10:35.322999+00:00,ripley_pe,disco_duro_memorias,20001133419,WESTERN DIGITAL,DISCO DURO WD PURPLE DE 4TB SATA - ALMACENAMIENTO IDEAL PARA VIGILANCIA Y SEGURIDAD,829.0,1249.0,244.54,2026-08-05,34,PEN,,,Ripley PE,https://simple.ripley.com.pe/disco-duro-wd-purple-de-4tb-sata-almacenamiento-ideal-para-vigilancia-y-seguridad-pmp20001133419
20260805_055550,2026-08-05T06:10:35.323999+00:00,ripley_pe,disco_duro_memorias,00000657579,KINGSTON,KINGSTON MEMORIA MICRO SD CANVAS 128GB CLASE 10 100MB/S,119.0,179.0,35.1,2026-08-05,34,PEN,,,Ripley PE,https://simple.ripley.com.pe/kingston-memoria-micro-sd-canvas-128gb-clase-10-100mbs-pmp00000657579
20260805_055550,2026-08-05T06:10:39.239747+00:00,ripley_pe,disco_duro_memorias,00001057087,KINGSTON,MEMORIA KINGSTON USB DTX 128 GB,69.0,119.0,20.35,2026-08-05,42,PEN,,,Ripley PE,https://simple.ripley.com.pe/memoria-kingston-usb-dtx-128-gb-pmp00001057087
20260805_055550,2026-08-05T06:10:39.240747+00:00,ripley_pe,disco_duro_memorias,00001302488,SANDISK,MEMORIA USB SANDISK ULTRA DUAL DRIVE LUXE 128GB 3.1 TIPO C,139.0,209.0,41.0,2026-08-05,33,PEN,,,Ripley PE,https://simple.ripley.com.pe/memoria-usb-sandisk-ultra-dual-drive-luxe-128gb-31-tipo-c-pmp00001302488
20260805_055550,2026-08-05T06:10:39.240747+00:00,ripley_pe,disco_duro_memorias,20001193708,HIKVISION,"MEMORIA MICRO SD 64GB HIKVISION NEO LUX, ALTA VELOCIDAD Y CAPACIDAD IDEAL PARA CÁMARAS Y DISPOSITIVOS MÓVILES",69.0,109.0,20.35,2026-08-05,37,PEN,,,Ripley PE,https://simple.ripley.com.pe/memoria-micro-sd-64gb-hikvision-neo-lux-alta-velocidad-y-capacidad-ideal-para-camaras-y-dispositivos-moviles-pmp20001193708
20260805_055550,2026-08-05T06:10:39.241747+00:00,ripley_pe,disco_duro_memorias,00002888908,TOSHIBA,DISCO DURO EXTERNO TOSHIBA 1 TB CANVIO BASICS NEGRO MATE,559.0,,164.9,2026-08-05,,PEN,,,Ripley PE,https://simple.ripley.com.pe/disco-duro-externo-toshiba-1-tb-canvio-basics-negro-mate-pmp00002888908
20260805_055550,2026-08-05T06:10:39.241747+00:00,ripley_pe,disco_duro_memorias,20001148172,CORSAIR,"MEMORIA RAM CORSAIR VENGEANCE 8GB DDR4 3200MHZ, ALTA VELOCIDAD, DISEÑO NEGRO, IDEAL PARA GAMING",399.0,599.0,117.7,2026-08-05,33,PEN,,,Ripley PE,https://simple.ripley.com.pe/memoria-ram-corsair-vengeance-8gb-ddr4-3200mhz-alta-velocidad-diseno-negro-ideal-para-gaming-pmp20001148172
20260805_055550,2026-08-05T06:10:39.241747+00:00,ripley_pe,disco_duro_memorias,00001582103,GLOBAL SHOPEX,MEMORIA USB DE 8 GB (8 GB) AIIBE COLOR NEGRO Y AZUL ROJO VERDE NARANJA BLANCO AMARILLO ROSA MORADO Y PLATEADO,299.0,379.0,88.2,2026-08-05,21,PEN,,,Ripley PE,https://simple.ripley.com.pe/memoria-usb-de-8-gb-8-gb-aiibe-color-negro-y-azul-rojo-verde-naranja-blanco-amarillo-rosa-morado-y-plateado-pmp00001582103
20260805_055550,2026-08-05T06:10:39.242747+00:00,ripley_pe,disco_duro_memorias,20001193793,KINGSTON,MÓDULO RAM KINGSTON FURY BEAST 8GB DDR4 3200MHZ CL16 PARA PC - RENDIMIENTO ULTRA RÁPIDO,339.0,509.0,100.0,2026-08-05,33,PEN,,,Ripley PE,https://simple.ripley.com.pe/modulo-ram-kingston-fury-beast-8gb-ddr4-3200mhz-cl16-para-pc-rendimiento-ultra-rapido-pmp20001193793
20260805_055550,2026-08-05T06:10:39.242747+00:00,ripley_pe,disco_duro_memorias,20001162174,TEAMGROUP,TEAMGROUP MP44L SSD 500GB M.2 PCI-E 4.0 NVME 1.4 - ALTA VELOCIDAD Y RENDIMIENTO PARA TU PC,559.0,839.0,164.9,2026-08-05,33,PEN,,,Ripley PE,https://simple.ripley.com.pe/teamgroup-mp44l-ssd-500gb-m2-pci-e-40-nvme-14-alta-velocidad-y-rendimiento-para-tu-pc-pmp20001162174
20260805_055550,2026-08-05T06:10:39.242747+00:00,ripley_pe,disco_duro_memorias,20001148159,GENÉRICO,MEMORIA RAM DDR4 HIKSEMI ARMOR 16GB 3200 MHZ BLANCA - RENDIMIENTO Y ESTILO PARA TU PC GAMING,589.0,889.0,173.75,2026-08-05,34,PEN,,,Ripley PE,https://simple.ripley.com.pe/memoria-ram-ddr4-hiksemi-armor-16gb-3200-mhz-blanca-rendimiento-y-estilo-para-tu-pc-gaming-pmp20001148159
20260805_055550,2026-08-05T06:10:39.243747+00:00,ripley_pe,disco_duro_memorias,00002192508,SANDISK,MEMORIA USB 8GB SANDISK CRUZER FORCE METAL,49.0,,14.45,2026-08-05,,PEN,,,Ripley PE,https://simple.ripley.com.pe/memoria-usb-8gb-sandisk-cruzer-force-metal-pmp00002192508
20260805_055550,2026-08-05T06:10:39.243747+00:00,ripley_pe,disco_duro_memorias,00001580715,GLOBAL SHOPEX,UNIDAD FLASH USB 3.0 MICRO CENTER,319.0,399.0,94.1,2026-08-05,20,PEN,,,Ripley PE,https://simple.ripley.com.pe/unidad-flash-usb-30-micro-center-pmp00001580715
20260805_055550,2026-08-05T06:10:39.244747+00:00,ripley_pe,disco_duro_memorias,00001700911,SAMDATA,PACK 5 MEMORIA SAMDATA 16 GB USB LUZ LED ALMACENAMIENTO Y COPIA SEGURIDAD,169.0,219.0,49.85,2026-08-05,23,PEN,,,Ripley PE,https://simple.ripley.com.pe/pack-5-memoria-samdata-16-gb-usb-luz-led-almacenamiento-y-copia-seguridad-pmp00001700911
20260805_055550,2026-08-05T06:10:39.244747+00:00,ripley_pe,disco_duro_memorias,20001133292,LEXAR,MEMORIA RAM LEXAR DDR5 5600MHZ CL46 SODIMM 16GB PARA LAPTOP - RENDIMIENTO SUPERIOR Y VELOCIDAD OPTIMIZADA,1299.0,1949.0,383.19,2026-08-05,33,PEN,,,Ripley PE,https://simple.ripley.com.pe/memoria-ram-lexar-ddr5-5600mhz-cl46-sodimm-16gb-para-laptop-rendimiento-superior-y-velocidad-optimizada-pmp20001133292
20260805_055550,2026-08-05T06:10:39.244747+00:00,ripley_pe,disco_duro_memorias,00002889516,TOSHIBA,DISCO DURO TOSHIBA 2TB  EXTERNO CANVIO BASIC 3.0 | Negro,429.0,529.0,126.55,2026-08-05,19,PEN,,,Ripley PE,https://simple.ripley.com.pe/disco-duro-toshiba-2tb-externo-canvio-basic-30-negro-pmp00002889516
20260805_055550,2026-08-05T06:10:39.246265+00:00,ripley_pe,disco_duro_memorias,20001477543,KINGSTON TECHNOLOGY,"MEMORIA USB KINGSTON DATATRAVELER EXODIA 64GB, 3.2 (KC-U2G64-5R)",49.0,69.0,14.45,2026-08-05,29,PEN,,,Ripley PE,https://simple.ripley.com.pe/memoria-usb-kingston-datatraveler-exodia-64gb-32-kc-u2g64-5r-pmp20001477543
20260805_055550,2026-08-05T06:10:39.246265+00:00,ripley_pe,disco_duro_memorias,00003309071,CORSAIR,DISCO SSD CORSAIR MP600 FORCE SERIES 500GB M2 NVME PCIE GEN4X4,515.0,828.0,151.92,2026-08-05,38,PEN,,,Ripley PE,https://simple.ripley.com.pe/disco-ssd-corsair-mp600-force-series-500gb-m2-nvme-pcie-gen4x4-pmp00003309071
20260805_055550,2026-08-05T06:10:39.247282+00:00,ripley_pe,disco_duro_memorias,20001193786,KINGSTON,SSD KINGSTON NV3 M.2 2280 4TB PCIE NVME 4.0 - RÁPIDA Y COMPATIBLE CON PC Y LAPTOPS,2149.0,3229.0,633.92,2026-08-05,33,PEN,,,Ripley PE,https://simple.ripley.com.pe/ssd-kingston-nv3-m2-2280-4tb-pcie-nvme-40-rapida-y-compatible-con-pc-y-laptops-pmp20001193786
20260805_055550,2026-08-05T06:10:39.247282+00:00,ripley_pe,disco_duro_memorias,20001193642,KINGSTON,SSD M.2 PCIE KINGSTON NV3 2TB | ALTA VELOCIDAD Y RENDIMIENTO COMPACTO 2230,2179.0,3269.0,642.77,2026-08-05,33,PEN,,,Ripley PE,https://simple.ripley.com.pe/ssd-m2-pcie-kingston-nv3-2tb-alta-velocidad-y-rendimiento-compacto-2230-pmp20001193642
20260805_055550,2026-08-05T06:10:39.247282+00:00,ripley_pe,disco_duro_memorias,20001133350,PATRIOT,MEMORIA RAM PATRIOT SODIMM DDR5 32GB 5600MHZ CL46 PARA LAPTOPS - RENDIMIENTO SUPERIOR Y VELOCIDAD EXTREMA,2329.0,3499.0,687.02,2026-08-05,33,PEN,,,Ripley PE,https://simple.ripley.com.pe/memoria-ram-patriot-sodimm-ddr5-32gb-5600mhz-cl46-para-laptops-rendimiento-superior-y-velocidad-extrema-pmp20001133350
20260805_055550,2026-08-05T06:10:39.248282+00:00,ripley_pe,disco_duro_memorias,00001698455,SANDISK,SANDISK MEMORIA MICRO SDXC 512GB PARA NINTENDO SWITCH 100MB/S,469.0,679.0,138.35,2026-08-05,31,PEN,,,Ripley PE,https://simple.ripley.com.pe/sandisk-memoria-micro-sdxc-512gb-para-nintendo-switch-100mbs-pmp00001698455
20260805_055550,2026-08-05T06:10:39.248282+00:00,ripley_pe,disco_duro_memorias,20001193583,KINGSTON,MEMORIA RAM KINGSTON HYPERX FURY IMPACT 16GB DDR4 3200MHZ SODIMM PARA LAPTOP - ALTO RENDIMIENTO,779.0,1169.0,229.79,2026-08-05,33,PEN,,,Ripley PE,https://simple.ripley.com.pe/memoria-ram-kingston-hyperx-fury-impact-16gb-ddr4-3200mhz-sodimm-para-laptop-alto-rendimiento-pmp20001193583
20260805_055550,2026-08-05T06:10:39.248282+00:00,ripley_pe,disco_duro_memorias,20001193768,KINGSTON,"KINGSTON FURY RENEGADE SSD 1TB M.2 2280 NVME 4.0 - RÁPIDO Y COMPATIBLE CON PC, LAPTOPS Y PS5",1289.0,1939.0,380.24,2026-08-05,34,PEN,,,Ripley PE,https://simple.ripley.com.pe/kingston-fury-renegade-ssd-1tb-m2-2280-nvme-40-rapido-y-compatible-con-pc-laptops-y-ps5-pmp20001193768
20260805_055550,2026-08-05T06:10:39.249281+00:00,ripley_pe,disco_duro_memorias,20000530011,TOSHIBA,DISCO DURO EXTERNO TOSHIBA 4 TB CANVIO BASICS BASIC USB 3-0 45779 NEGRO,760.0,850.0,224.19,2026-08-05,11,PEN,,,Ripley PE,https://simple.ripley.com.pe/disco-duro-externo-toshiba-4-tb-canvio-basics-basic-usb-3-0-45779-negro-pmp20000530011
20260805_055550,2026-08-05T06:10:39.249281+00:00,ripley_pe,disco_duro_memorias,20001162187,QNAP,NAS QNAP TS-253E-8G DE 2 BAHÍAS - ALMACENAMIENTO FLEXIBLE Y RÁPIDO PARA TU HOGAR O OFICINA,3889.0,5839.0,1147.2,2026-08-05,33,PEN,,,Ripley PE,https://simple.ripley.com.pe/nas-qnap-ts-253e-8g-de-2-bahias-almacenamiento-flexible-y-rapido-para-tu-hogar-o-oficina-pmp20001162187
20260805_055550,2026-08-05T06:10:39.250281+00:00,ripley_pe,disco_duro_memorias,20000580563,LOGITECH,TECLADO LOGITECH MOUSE MK235 WIRELESS USB BLACK,97.88,150.0,28.87,2026-08-05,35,PEN,,,Ripley PE,https://simple.ripley.com.pe/teclado-logitech-mouse-mk235-wireless-usb-black-pmp20000580563
20260805_055550,2026-08-05T06:10:39.250281+00:00,ripley_pe,disco_duro_memorias,00003242318,TOSHIBA,DISCO DURO EXTERNO TOSHIBA 4 TB CANVIO BASICS NEGRO USB 3.0,799.0,989.0,235.69,2026-08-05,19,PEN,,,Ripley PE,https://simple.ripley.com.pe/disco-duro-externo-toshiba-4-tb-canvio-basics-negro-usb-30-pmp00003242318
20260805_055550,2026-08-05T06:10:39.251281+00:00,ripley_pe,disco_duro_memorias,20001193710,KINGSTON,"KINGSTON XS1000 SSD PORTÁTIL 2TB ROJO, VELOCIDAD DE 1050MB/S, USB 3.2 GEN 2, COMPATIBLE CON MÚLTIPLES DISPOSITIVOS",1279.0,1919.0,377.29,2026-08-05,33,PEN,,,Ripley PE,https://simple.ripley.com.pe/kingston-xs1000-ssd-portatil-2tb-rojo-velocidad-de-1050mbs-usb-32-gen-2-compatible-con-multiples-dispositivos-pmp20001193710
20260805_055550,2026-08-05T06:10:39.251281+00:00,ripley_pe,disco_duro_memorias,00001479871,GLOBAL SHOPEX,G.SKILL CRYSTAL CROWN KEYCAPS KEYCAP SET WITH TRANSPARENT LAYER FOR MECHANICAL KEYBOARDS FULL 104 KEY STANDARD ANSI 10,169.0,219.0,49.85,2026-08-05,23,PEN,,,Ripley PE,https://simple.ripley.com.pe/gskill-crystal-crown-keycaps-keycap-set-with-transparent-layer-for-mechanical-keyboards-full-104-key-standard-ansi-10-pmp00001479871
20260805_055550,2026-08-05T06:10:39.252281+00:00,ripley_pe,disco_duro_memorias,20001165622,TEROS,"MEMORIA RAM TEROS 16GB DDR5 5600MHZ, ALTA VELOCIDAD Y RENDIMIENTO PARA TUS DISPOSITIVOS MODERNOS",799.0,1199.0,235.69,2026-08-05,33,PEN,,,Ripley PE,https://simple.ripley.com.pe/memoria-ram-teros-16gb-ddr5-5600mhz-alta-velocidad-y-rendimiento-para-tus-dispositivos-modernos-pmp20001165622
20260805_055550,2026-08-05T06:10:39.252281+00:00,ripley_pe,disco_duro_memorias,20001133255,LEXAR,MEMORIA RAM DDR4 LEXAR 16GB 3200MHZ SODIMM PARA PC Y LAPTOP – ALTA VELOCIDAD Y RENDIMIENTO SUPERIOR,649.0,979.0,191.45,2026-08-05,34,PEN,,,Ripley PE,https://simple.ripley.com.pe/memoria-ram-ddr4-lexar-16gb-3200mhz-sodimm-para-pc-y-laptop-alta-velocidad-y-rendimiento-superior-pmp20001133255
20260805_055550,2026-08-05T06:10:39.253290+00:00,ripley_pe,disco_duro_memorias,00001579317,GLOBAL SHOPEX,SSD PORTÁTIL DE 500 GB PARA TIPO C NETAC HASTA 500 MB/S SATA SSD USB 3.2 GEN2 10 GBPS UNIDAD EXTERNA DE ESTADO SÓLIDO,629.0,789.0,185.55,2026-08-05,20,PEN,,,Ripley PE,https://simple.ripley.com.pe/ssd-portatil-de-500-gb-para-tipo-c-netac-hasta-500-mbs-sata-ssd-usb-32-gen2-10-gbps-unidad-externa-de-estado-solido-pmp00001579317
20260805_055550,2026-08-05T06:10:39.253290+00:00,ripley_pe,disco_duro_memorias,20001133275,PATRIOT,"MEMORIA RAM PATRIOT SIGNATURE DDR4 DE 16GB, 3200 MHZ, CL22, RENDIMIENTO ÓPTIMO PARA GAMERS Y PC",729.0,1099.0,215.04,2026-08-05,34,PEN,,,Ripley PE,https://simple.ripley.com.pe/memoria-ram-patriot-signature-ddr4-de-16gb-3200-mhz-cl22-rendimiento-optimo-para-gamers-y-pc-pmp20001133275
20260805_055550,2026-08-05T06:10:39.254282+00:00,ripley_pe,disco_duro_memorias,20001133254,WESTERN DIGITAL,SSD M.2 PCIE 1TB WD GREEN SN350 - ALMACENAMIENTO RÁPIDO Y EFICIENTE PARA TU PC,739.0,1109.0,217.99,2026-08-05,33,PEN,,,Ripley PE,https://simple.ripley.com.pe/ssd-m2-pcie-1tb-wd-green-sn350-almacenamiento-rapido-y-eficiente-para-tu-pc-pmp20001133254
20260805_055550,2026-08-05T06:10:39.254282+00:00,ripley_pe,disco_duro_memorias,20001133324,ADATA,MEMORIA RAM DDR5 XPG LANCER BLADE 32GB 6000MHZ CL34,2689.0,4039.0,793.22,2026-08-05,33,PEN,,,Ripley PE,https://simple.ripley.com.pe/memoria-ram-ddr5-xpg-lancer-blade-32gb-6000mhz-cl34-pmp20001133324
20260805_055550,2026-08-05T06:10:39.255282+00:00,ripley_pe,disco_duro_memorias,20001148128,CORSAIR,RAM CORSAIR VENGEANCE RGB RS 16GB DDR4 3200MHZ CL16 - MEMORIA MODERNA PARA TU PC DE JUEGO,709.0,1069.0,209.14,2026-08-05,34,PEN,,,Ripley PE,https://simple.ripley.com.pe/ram-corsair-vengeance-rgb-rs-16gb-ddr4-3200mhz-cl16-memoria-moderna-para-tu-pc-de-juego-pmp20001148128
20260805_055550,2026-08-05T06:10:39.255282+00:00,ripley_pe,disco_duro_memorias,20001133320,WESTERN DIGITAL,WESTERN DIGITAL SSD GREEN DE 1 TB - DISCO DURO INTERNO 2.5' DE ALTA VELOCIDAD Y RENDIMIENTO,949.0,1429.0,279.94,2026-08-05,34,PEN,,,Ripley PE,https://simple.ripley.com.pe/western-digital-ssd-green-de-1-tb-disco-duro-interno-25-de-alta-velocidad-y-rendimiento-pmp20001133320
20260805_055550,2026-08-05T06:10:39.256283+00:00,ripley_pe,disco_duro_memorias,20000150521,GENÉRICO,ADAPTADOR CONVERTIDOR HDMI A VGA AUDIO 3.5 MM HD 1080P,29.5,49.0,8.7,2026-08-05,40,PEN,,,Ripley PE,https://simple.ripley.com.pe/adaptador-convertidor-hdmi-a-vga-audio-35-mm-hd-1080p-pmp20000150521
20260805_055550,2026-08-05T06:10:39.256283+00:00,ripley_pe,disco_duro_memorias,20001133399,WESTERN DIGITAL,DISCO DURO WD PURPLE 1 TERA SATA CAPACIDAD 1 TB,549.0,829.0,161.95,2026-08-05,34,PEN,,,Ripley PE,https://simple.ripley.com.pe/disco-duro-wd-purple-1-tera-sata-capacidad-1-tb-pmp20001133399
20260805_055550,2026-08-05T06:10:39.256283+00:00,ripley_pe,disco_duro_memorias,20001193799,KINGSTON,RAM KINGSTON 16GB DDR4 3200MHZ PARA PORTÁTILES Y MINI PCS - SODIMM CL22 SIN BÚFER,1099.0,1649.0,324.19,2026-08-05,33,PEN,,,Ripley PE,https://simple.ripley.com.pe/ram-kingston-16gb-ddr4-3200mhz-para-portatiles-y-mini-pcs-sodimm-cl22-sin-bufer-pmp20001193799
20260805_055550,2026-08-05T06:10:39.257281+00:00,ripley_pe,disco_duro_memorias,20001133423,HIKVISION,TARJETA MICRO SD HIKVISION NEO PLUS 128GB - RÁPIDA Y AMPLIA CAPACIDAD PARA TUS DISPOSITIVOS,149.0,229.0,43.95,2026-08-05,35,PEN,,,Ripley PE,https://simple.ripley.com.pe/tarjeta-micro-sd-hikvision-neo-plus-128gb-rapida-y-amplia-capacidad-para-tus-dispositivos-pmp20001133423
20260805_055550,2026-08-05T06:10:39.257281+00:00,ripley_pe,disco_duro_memorias,20001193608,KINGSTON,"UNIDAD SSD PORTÁTIL KINGSTON XS1000 DE 2TB - NEGRO, USB 3.2 - VELOCIDAD DE 1050MB/S",1229.0,1849.0,362.54,2026-08-05,34,PEN,,,Ripley PE,https://simple.ripley.com.pe/unidad-ssd-portatil-kingston-xs1000-de-2tb-negro-usb-32-velocidad-de-1050mbs-pmp20001193608
20260805_055550,2026-08-05T06:10:39.257281+00:00,ripley_pe,disco_duro_memorias,20001148206,CORSAIR,MEMORIA RAM 16GB DDR4 3200MHZ CORSAIR VENGEANCE BLACK - ALTO RENDIMIENTO Y VELOCIDAD PARA GAMERS,619.0,929.0,182.6,2026-08-05,33,PEN,,,Ripley PE,https://simple.ripley.com.pe/memoria-ram-16gb-ddr4-3200mhz-corsair-vengeance-black-alto-rendimiento-y-velocidad-para-gamers-pmp20001148206
20260805_055550,2026-08-05T06:10:39.258281+00:00,ripley_pe,disco_duro_memorias,20000223846,TOSHIBA,DISCO DURO EXTERNO TOSHIBA 1 TB DTB410,430.0,590.0,126.84,2026-08-05,27,PEN,,,Ripley PE,https://simple.ripley.com.pe/disco-duro-externo-toshiba-1-tb-dtb410-pmp20000223846
20260805_055550,2026-08-05T06:10:39.258281+00:00,ripley_pe,disco_duro_memorias,20001193851,KINGSTON,TARJETA MICROSDXC KINGSTON CANVAS GO! PLUS 64GB UHS-I U3 200MB/S - VELOCIDAD V30,99.0,179.0,29.2,2026-08-05,45,PEN,,,Ripley PE,https://simple.ripley.com.pe/tarjeta-microsdxc-kingston-canvas-go-plus-64gb-uhs-i-u3-200mbs-velocidad-v30-pmp20001193851
20260805_055550,2026-08-05T06:10:39.258281+00:00,ripley_pe,disco_duro_memorias,20001148188,TEAMGROUP,MEMORIA RAM 8GB DDR4 3200MHZ T-FORCE VULCAN TUF GAMING - RENDIMIENTO ÓPTIMO PARA GAMERS,399.0,599.0,117.7,2026-08-05,33,PEN,,,Ripley PE,https://simple.ripley.com.pe/memoria-ram-8gb-ddr4-3200mhz-t-force-vulcan-tuf-gaming-rendimiento-optimo-para-gamers-pmp20001148188
20260805_055550,2026-08-05T06:10:39.259281+00:00,ripley_pe,disco_duro_memorias,20001194036,KINGSTON,"KINGSTON KC3000 SSD M.2 2280 4TB NVME 4.0 - 7000MB/S PARA ESCRITORIO Y PORTÁTIL, ALTA VELOCIDAD",3599.0,5399.0,1061.65,2026-08-05,33,PEN,,,Ripley PE,https://simple.ripley.com.pe/kingston-kc3000-ssd-m2-2280-4tb-nvme-40-7000mbs-para-escritorio-y-portatil-alta-velocidad-pmp20001194036
20260805_055550,2026-08-05T06:10:39.259281+00:00,ripley_pe,disco_duro_memorias,20001133259,BIWIN,SSD BIWIN BLACK OPAL NV3500 DE 512GB PCIE 3.0 X4 - VELOCIDAD NVME 1.4 PARA UN RENDIMIENTO INIGUALABLE,569.0,859.0,167.85,2026-08-05,34,PEN,,,Ripley PE,https://simple.ripley.com.pe/ssd-biwin-black-opal-nv3500-de-512gb-pcie-30-x4-velocidad-nvme-14-para-un-rendimiento-inigualable-pmp20001133259
20260805_055550,2026-08-05T06:10:39.259281+00:00,ripley_pe,disco_duro_memorias,20001133279,BIWIN,"SSD BIWIN M100 DE 512GB, VELOCIDAD SATA 6GB/S, TAMAÑO 2.5' IDEAL PARA MEJORAR TU PC",539.0,809.0,159.0,2026-08-05,33,PEN,,,Ripley PE,https://simple.ripley.com.pe/ssd-biwin-m100-de-512gb-velocidad-sata-6gbs-tamano-25-ideal-para-mejorar-tu-pc-pmp20001133279
20260805_055550,2026-08-05T06:10:43.750839+00:00,ripley_pe,disco_duro_memorias,00001572789,GLOBAL SHOPEX,DISCO DURO EXTERNO PORTÁTIL APRICORN CON CIFRADO DE HARDWARE AES XTS (2 TB USB 3.0 256 BITS),2099.0,2629.0,619.17,2026-08-05,20,PEN,,,Ripley PE,https://simple.ripley.com.pe/disco-duro-externo-portatil-apricorn-con-cifrado-de-hardware-aes-xts-2-tb-usb-30-256-bits-pmp00001572789
20260805_055550,2026-08-05T06:10:43.751849+00:00,ripley_pe,disco_duro_memorias,00001581141,DEAL4GO,DEAL4GO 2º SEGUNDO 2280 M.2 SSD DISIPADOR DE CALOR CUBIERTA DE DISCO DURO PARA DELL G7 15 GAMING LAPTOP 7500 7700 0KKCTR,169.0,219.0,49.85,2026-08-05,23,PEN,,,Ripley PE,https://simple.ripley.com.pe/deal4go-2-segundo-2280-m2-ssd-disipador-de-calor-cubierta-de-disco-duro-para-dell-g7-15-gaming-laptop-7500-7700-0kkctr-pmp00001581141
20260805_055550,2026-08-05T06:10:43.751849+00:00,ripley_pe,disco_duro_memorias,20001193819,KINGSTON,UNIDAD DE ESTADO SÓLIDO KINGSTON NV3 1TB M.2 2280 PCIE NVME 4.0 - ALTA VELOCIDAD Y COMPATIBILIDAD,749.0,1129.0,220.94,2026-08-05,34,PEN,,,Ripley PE,https://simple.ripley.com.pe/unidad-de-estado-solido-kingston-nv3-1tb-m2-2280-pcie-nvme-40-alta-velocidad-y-compatibilidad-pmp20001193819
20260805_055550,2026-08-05T06:10:43.752839+00:00,ripley_pe,disco_duro_memorias,00000380336,SANDISK,SANDISK MEMORIA USB CRUZER 32GB CZ50 NEGRO,49.0,79.0,14.45,2026-08-05,38,PEN,,,Ripley PE,https://simple.ripley.com.pe/sandisk-memoria-usb-cruzer-32gb-cz50-negro-pmp00000380336
20260805_055550,2026-08-05T06:10:43.752839+00:00,ripley_pe,disco_duro_memorias,00001583695,GLOBAL SHOPEX,DISCO DURO EXTERNO PORTÁTIL GLOBAL SHOPEX 250 GB HWAYO 25' ULTRA DELGADO ALMACENAMIENTO USB 3.0 PC MAC,219.0,279.0,64.6,2026-08-05,22,PEN,,,Ripley PE,https://simple.ripley.com.pe/disco-duro-externo-portatil-global-shopex-250-gb-hwayo-25-ultra-delgado-almacenamiento-usb-30-pc-mac-pmp00001583695
20260805_055550,2026-08-05T06:10:43.753835+00:00,ripley_pe,disco_duro_memorias,00001711976,TOSHIBA,DISCO DURO EXTERNO TOSHIBA 1 TB HDD CANVIO BASICS USB 3.0,405.0,479.0,119.47,2026-08-05,15,PEN,,,Ripley PE,https://simple.ripley.com.pe/disco-duro-externo-toshiba-1-tb-hdd-canvio-basics-usb-30-pmp00001711976
20260805_055550,2026-08-05T06:10:43.811549+00:00,ripley_pe,disco_duro_memorias,20001193635,KINGSTON,MEMORIA RAM KINGSTON 16GB DDR4 3200MHZ CL22 288-PIN - RENDIMIENTO ÓPTIMO PARA PC,859.0,1289.0,253.39,2026-08-05,33,PEN,,,Ripley PE,https://simple.ripley.com.pe/memoria-ram-kingston-16gb-ddr4-3200mhz-cl22-288-pin-rendimiento-optimo-para-pc-pmp20001193635
20260805_055550,2026-08-05T06:10:43.812510+00:00,ripley_pe,disco_duro_memorias,00001448624,TEAMGROUP,TEAMGROUP MEMORIA MICRO SD 8GB CLASS 10 + ADAPTADOR SD,49.0,,14.45,2026-08-05,,PEN,,,Ripley PE,https://simple.ripley.com.pe/teamgroup-memoria-micro-sd-8gb-class-10-adaptador-sd-pmp00001448624
20260805_055550,2026-08-05T06:10:43.812510+00:00,ripley_pe,disco_duro_memorias,20001148143,PATRIOT,"SSD M.2 PCIE 256GB PATRIOT P320 G3 - RÁPIDO, COMPACTO Y ALTO RENDIMIENTO PARA MEJORAR TU PC",389.0,589.0,114.75,2026-08-05,34,PEN,,,Ripley PE,https://simple.ripley.com.pe/ssd-m2-pcie-256gb-patriot-p320-g3-rapido-compacto-y-alto-rendimiento-para-mejorar-tu-pc-pmp20001148143
20260805_055550,2026-08-05T06:10:43.813547+00:00,ripley_pe,disco_duro_memorias,20001133223,WESTERN DIGITAL,DISCO DURO WD PURPLE 2 TERAS SATA 3 6 GB/S,679.0,1019.0,200.29,2026-08-05,33,PEN,,,Ripley PE,https://simple.ripley.com.pe/disco-duro-wd-purple-2-teras-sata-3-6-gbs-pmp20001133223
20260805_055550,2026-08-05T06:10:43.813547+00:00,ripley_pe,disco_duro_memorias,20001193661,KINGSTON,SSD KT NV3 500GB NVME 2230 - ALMACENAMIENTO RÁPIDO Y COMPACTO PARA TU PORTÁTIL Y DISPOSITIVOS MÓVILES,689.0,1039.0,203.24,2026-08-05,34,PEN,,,Ripley PE,https://simple.ripley.com.pe/ssd-kt-nv3-500gb-nvme-2230-almacenamiento-rapido-y-compacto-para-tu-portatil-y-dispositivos-moviles-pmp20001193661
20260805_055550,2026-08-05T06:10:43.813547+00:00,ripley_pe,disco_duro_memorias,20001148156,ADATA,SSD LEGEND 900 PRO 2TB - ALMACENAMIENTO ULTRA RÁPIDO 7400/6500 MB/S PARA POTENCIAR TU PC,1229.0,1849.0,362.54,2026-08-05,34,PEN,,,Ripley PE,https://simple.ripley.com.pe/ssd-legend-900-pro-2tb-almacenamiento-ultra-rapido-74006500-mbs-para-potenciar-tu-pc-pmp20001148156
20260805_055550,2026-08-05T06:10:43.814542+00:00,ripley_pe,disco_duro_memorias,20001193649,KINGSTON,KINGSTON KC3000 SSD 2048GB M.2 2280 PCIE 4.0 NVME - VELOCIDAD Y CAPACIDAD EXCEPCIONALES,2499.0,3749.0,737.17,2026-08-05,33,PEN,,,Ripley PE,https://simple.ripley.com.pe/kingston-kc3000-ssd-2048gb-m2-2280-pcie-40-nvme-velocidad-y-capacidad-excepcionales-pmp20001193649
20260805_055550,2026-08-05T06:10:43.814542+00:00,ripley_pe,disco_duro_memorias,20001133247,LEXAR,SSD M.2 LEXAR 500GB - ALMACENAMIENTO RÁPIDO 3300MB/S Y 1700MB/S - IDEAL PARA GAMING Y EDICIÓN,509.0,769.0,150.15,2026-08-05,34,PEN,,,Ripley PE,https://simple.ripley.com.pe/ssd-m2-lexar-500gb-almacenamiento-rapido-3300mbs-y-1700mbs-ideal-para-gaming-y-edicion-pmp20001133247
20260805_055550,2026-08-05T06:10:43.814542+00:00,ripley_pe,disco_duro_memorias,20001193694,KINGSTON,"MEMORIA USB KINGSTON DATATRAVELER SE9 G3 DE 64GB - ALTA VELOCIDAD USB 3.2 GEN 1, TIPO A",69.0,109.0,20.35,2026-08-05,37,PEN,,,Ripley PE,https://simple.ripley.com.pe/memoria-usb-kingston-datatraveler-se9-g3-de-64gb-alta-velocidad-usb-32-gen-1-tipo-a-pmp20001193694
20260805_055550,2026-08-05T06:10:43.815553+00:00,ripley_pe,disco_duro_memorias,00001580927,GLOBAL SHOPEX,PACK 2 DISCO DURO GLOBAL SHOPEX PAQUETE 2PCS CADDY X7K8W 3.5' COMPATIBLE SERVIDORES DELL POWEREDGE 14A GENERACIÓN R240 R340,219.0,279.0,64.6,2026-08-05,22,PEN,,,Ripley PE,https://simple.ripley.com.pe/pack-2-disco-duro-global-shopex-paquete-2pcs-caddy-x7k8w-35-compatible-servidores-dell-poweredge-14a-generacion-r240-r340-pmp00001580927
20260805_055550,2026-08-05T06:10:43.815553+00:00,ripley_pe,disco_duro_memorias,20001148196,HIKVISION,DISCO DURO INTERNO HIKVISION DE 6TB - 3.5' IDEAL PARA ALMACENAMIENTO Y SEGURIDAD DE DATOS,1389.0,2089.0,409.73,2026-08-05,34,PEN,,,Ripley PE,https://simple.ripley.com.pe/disco-duro-interno-hikvision-de-6tb-35-ideal-para-almacenamiento-y-seguridad-de-datos-pmp20001148196
20260805_055550,2026-08-05T06:10:43.816542+00:00,ripley_pe,disco_duro_memorias,20001193826,HIKVISION,"MEMORIA MICRO SD HIKVISION 512GB NEO LUX - ALTA VELOCIDAD, IDEAL PARA CÁMARAS Y DISPOSITIVOS MÓVILES",449.0,679.0,132.45,2026-08-05,34,PEN,,,Ripley PE,https://simple.ripley.com.pe/memoria-micro-sd-hikvision-512gb-neo-lux-alta-velocidad-ideal-para-camaras-y-dispositivos-moviles-pmp20001193826
20260805_055550,2026-08-05T06:10:43.816542+00:00,ripley_pe,disco_duro_memorias,20001133357,WESTERN DIGITAL,DISCO DURO WD PURPLE DE 6TB SATA - ALMACENAMIENTO IDEAL PARA VIDEOVIGILANCIA Y SEGURIDAD,1199.0,1799.0,353.69,2026-08-05,33,PEN,,,Ripley PE,https://simple.ripley.com.pe/disco-duro-wd-purple-de-6tb-sata-almacenamiento-ideal-para-videovigilancia-y-seguridad-pmp20001133357
20260805_055550,2026-08-05T06:10:43.816542+00:00,ripley_pe,disco_duro_memorias,20001193867,KINGSTON,"TARJETA MICROSDXC KINGSTON SELECT PLUS 128GB, ALTA VELOCIDAD, IDEAL PARA FOTOS Y VIDEOS 4K",119.0,179.0,35.1,2026-08-05,34,PEN,,,Ripley PE,https://simple.ripley.com.pe/tarjeta-microsdxc-kingston-select-plus-128gb-alta-velocidad-ideal-para-fotos-y-videos-4k-pmp20001193867
20260805_055550,2026-08-05T06:10:43.817551+00:00,ripley_pe,disco_duro_memorias,20001193724,KINGSTON,UNIDAD FLASH KINGSTON DATATRAVELER EXODIA DTX 256GB USB 3.2 - VELOCIDADES RÁPIDAS - NEGRO/ROSA,129.0,199.0,38.05,2026-08-05,35,PEN,,,Ripley PE,https://simple.ripley.com.pe/unidad-flash-kingston-datatraveler-exodia-dtx-256gb-usb-32-velocidades-rapidas-negrorosa-pmp20001193724
20260805_055550,2026-08-05T06:10:43.817551+00:00,ripley_pe,disco_duro_memorias,20001193707,KINGSTON,KINGSTON DATATRAVELER KYSON 128GB - USB 3.2 PLATA - VELOCIDADES DE HASTA 200MB/S LECTURA Y 60MB/S ESCRITURA,99.0,149.0,29.2,2026-08-05,34,PEN,,,Ripley PE,https://simple.ripley.com.pe/kingston-datatraveler-kyson-128gb-usb-32-plata-velocidades-de-hasta-200mbs-lectura-y-60mbs-escritura-pmp20001193707
20260805_055550,2026-08-05T06:10:43.817551+00:00,ripley_pe,disco_duro_memorias,20001162116,HP,"MEMORIA HPE 32GB DDR5 5600MHZ RDIMM - RENDIMIENTO ÓPTIMO PARA SERVIDORES, EFICIENTE Y RÁPIDA.",39569.0,59359.0,11672.27,2026-08-05,33,PEN,,,Ripley PE,https://simple.ripley.com.pe/memoria-hpe-32gb-ddr5-5600mhz-rdimm-rendimiento-optimo-para-servidores-eficiente-y-rapida-pmp20001162116
20260805_055550,2026-08-05T06:10:43.818549+00:00,ripley_pe,disco_duro_memorias,00001572381,GLOBAL SHOPEX,DISCO DURO EXTERNO PORTÁTIL DE 750GB HWAYO USB3.1 GEN 1 TIPO C ULTRA SLIM 2.5 '' HDD DE ALMACENAMIENTO COMPATIBLE PARA PC,319.0,399.0,94.1,2026-08-05,20,PEN,,,Ripley PE,https://simple.ripley.com.pe/disco-duro-externo-portatil-de-750gb-hwayo-usb31-gen-1-tipo-c-ultra-slim-25-hdd-de-almacenamiento-compatible-para-pc-pmp00001572381
20260805_055550,2026-08-05T06:10:43.818549+00:00,ripley_pe,disco_duro_memorias,20001193845,LEXAR,SSD LEXAR NVME M.2 2280 DE 1 TB - VELOCIDAD RÁPIDA DE 6500 MB/S PARA RENDIMIENTO SUPERIOR,909.0,1369.0,268.14,2026-08-05,34,PEN,,,Ripley PE,https://simple.ripley.com.pe/ssd-lexar-nvme-m2-2280-de-1-tb-velocidad-rapida-de-6500-mbs-para-rendimiento-superior-pmp20001193845
20260805_055550,2026-08-05T06:10:43.819543+00:00,ripley_pe,disco_duro_memorias,00001584549,AVOMOCO,MEMORIA AVOMOCO 32 GB FLASH USB 3.0 DISPOSITIVOS APPLE IOS Y ANDROID SAMSUNG TIPO C MACBOOK PLATEADA AZUL,259.0,329.0,76.4,2026-08-05,21,PEN,,,Ripley PE,https://simple.ripley.com.pe/memoria-avomoco-32-gb-flash-usb-30-dispositivos-apple-ios-y-android-samsung-tipo-c-macbook-plateada-azul-pmp00001584549
20260805_055550,2026-08-05T06:10:43.819543+00:00,ripley_pe,disco_duro_memorias,20001133411,CORSAIR,KIT DE MEMORIA RAM CORSAIR VENGEANCE RGB 32GB (2X16GB) DDR5-5600MHZ BLANCO CL40,1729.0,2599.0,510.03,2026-08-05,33,PEN,,,Ripley PE,https://simple.ripley.com.pe/kit-de-memoria-ram-corsair-vengeance-rgb-32gb-2x16gb-ddr5-5600mhz-blanco-cl40-pmp20001133411
20260805_055550,2026-08-05T06:10:43.819543+00:00,ripley_pe,disco_duro_memorias,20001193664,KINGSTON,TARJETA MICROSDXC KINGSTON CANVAS GO! PLUS 128GB UHS-I U3 V30 200MB/S - ALTA VELOCIDAD Y DURABILIDAD,149.0,229.0,43.95,2026-08-05,35,PEN,,,Ripley PE,https://simple.ripley.com.pe/tarjeta-microsdxc-kingston-canvas-go-plus-128gb-uhs-i-u3-v30-200mbs-alta-velocidad-y-durabilidad-pmp20001193664
20260805_055550,2026-08-05T06:10:43.820548+00:00,ripley_pe,disco_duro_memorias,20001148104,SYNOLOGY,DISCO DURO SYNOLOGY 12TB HAT3310-12T PARA NAS - ALMACENAMIENTO RÁPIDO Y SEGURO PARA TU HOGAR O OFICINA,2839.0,4259.0,837.46,2026-08-05,33,PEN,,,Ripley PE,https://simple.ripley.com.pe/disco-duro-synology-12tb-hat3310-12t-para-nas-almacenamiento-rapido-y-seguro-para-tu-hogar-o-oficina-pmp20001148104
20260805_055550,2026-08-05T06:10:43.820548+00:00,ripley_pe,disco_duro_memorias,20000150440,GENÉRICO,CABLE UNIVERSAL USB 3.0 MACHO A MICRO B-PARA DISCO DURO EXTERNO HDD,27.9,50.0,8.23,2026-08-05,44,PEN,,,Ripley PE,https://simple.ripley.com.pe/cable-universal-usb-30-macho-a-micro-b-para-disco-duro-externo-hdd-pmp20000150440
20260805_055550,2026-08-05T06:10:43.821551+00:00,ripley_pe,disco_duro_memorias,20001193589,KINGSTON,MEMORIA RAM KINGSTON FURY BEAST 8GB DDR5 6000MHZ CL36 1.35V PARA ALTO RENDIMIENTO EN PC,679.0,1019.0,200.29,2026-08-05,33,PEN,,,Ripley PE,https://simple.ripley.com.pe/memoria-ram-kingston-fury-beast-8gb-ddr5-6000mhz-cl36-135v-para-alto-rendimiento-en-pc-pmp20001193589
20260805_055550,2026-08-05T06:10:43.822549+00:00,ripley_pe,disco_duro_memorias,00002889546,TOSHIBA,DISCO DURO EXTERNO TOSHIBA 4 TB CANVIO BASIC 3.0 NEGRO,659.0,739.0,194.4,2026-08-05,11,PEN,,,Ripley PE,https://simple.ripley.com.pe/disco-duro-externo-toshiba-4-tb-canvio-basic-30-negro-pmp00002889546
20260805_055550,2026-08-05T06:10:43.823545+00:00,ripley_pe,disco_duro_memorias,20001193812,KINGSTON,MEMORIA USB KINGSTON KYSON 512GB METAL SILVER - ALMACENAMIENTO RÁPIDO Y ELEGANTE,339.0,509.0,100.0,2026-08-05,33,PEN,,,Ripley PE,https://simple.ripley.com.pe/memoria-usb-kingston-kyson-512gb-metal-silver-almacenamiento-rapido-y-elegante-pmp20001193812
20260805_055550,2026-08-05T06:10:43.823545+00:00,ripley_pe,disco_duro_memorias,20000131387,COMPRA FACIL,"TOALLA PLAYA COMPRA FACIL MULTICOLOR OLIMPIAFIT SECADO RAPIDO,PAQUETE 3 TOALLAS VIAJE MICROFIBRA LIGERA BOLSA,JUEGO RAPIDO",125.0,179.0,36.87,2026-08-05,30,PEN,,,Ripley PE,https://simple.ripley.com.pe/toalla-playa-compra-facil-multicolor-olimpiafit-secado-rapidopaquete-3-toallas-viaje-microfibra-ligera-bolsajuego-rapido-pmp20000131387
20260805_055550,2026-08-05T06:10:43.824537+00:00,ripley_pe,disco_duro_memorias,20001193687,KINGSTON,MEMORIA DDR4 KINGSTON FURY BEAST 8GB 3600MHZ CL17 - ALTO RENDIMIENTO PARA GAMING Y PC,559.0,839.0,164.9,2026-08-05,33,PEN,,,Ripley PE,https://simple.ripley.com.pe/memoria-ddr4-kingston-fury-beast-8gb-3600mhz-cl17-alto-rendimiento-para-gaming-y-pc-pmp20001193687
20260805_055550,2026-08-05T06:10:43.824537+00:00,ripley_pe,disco_duro_memorias,00001573555,GLOBAL SHOPEX,UNIDAD DE DISCO DURO RSHTECH USB 3.0 A SATA EXTERNA PARA SSD SATA I/II/III HDD DE 35' DE HASTA 10 TB COMPATIBLE CON UASP,219.0,279.0,64.6,2026-08-05,22,PEN,,,Ripley PE,https://simple.ripley.com.pe/unidad-de-disco-duro-rshtech-usb-30-a-sata-externa-para-ssd-sata-iiiiii-hdd-de-35-de-hasta-10-tb-compatible-con-uasp-pmp00001573555
20260805_055550,2026-08-05T06:10:43.825541+00:00,ripley_pe,disco_duro_memorias,00001238628,MEGIM,CONVERTIDOR MEGIM SATA A USB 3.0,39.9,80.0,11.77,2026-08-05,50,PEN,,,Ripley PE,https://simple.ripley.com.pe/convertidor-megim-sata-a-usb-30-pmp00001238628
20260805_055550,2026-08-05T06:10:43.825541+00:00,ripley_pe,disco_duro_memorias,00001584125,GLOBAL SHOPEX,JOIOT SSD EXTERNO PORTÁTIL USB C 120 GB USB 3.1 SSD EXTERNO ULTRALIGERO MINI UNIDAD DE ESTADO SÓLIDO PORTÁTIL PARA MAC,349.0,439.0,102.95,2026-08-05,21,PEN,,,Ripley PE,https://simple.ripley.com.pe/joiot-ssd-externo-portatil-usb-c-120-gb-usb-31-ssd-externo-ultraligero-mini-unidad-de-estado-solido-portatil-para-mac-pmp00001584125
20260805_055550,2026-08-05T06:10:43.826539+00:00,ripley_pe,disco_duro_memorias,20000529974,TOSHIBA,DISCO DURO EXTERNO TOSHIBA 2 TB CANVIO BASICS BASIC USB 3-0 45779 NEGRO,480.0,500.0,141.59,2026-08-05,4,PEN,,,Ripley PE,https://simple.ripley.com.pe/disco-duro-externo-toshiba-2-tb-canvio-basics-basic-usb-3-0-45779-negro-pmp20000529974
20260805_055550,2026-08-05T06:10:43.827543+00:00,ripley_pe,disco_duro_memorias,20000150417,GENÉRICO,ADAPTADOR PC DONGLE USB BLUETOOTH 5.3 NEGRO,32.8,65.0,9.68,2026-08-05,50,PEN,,,Ripley PE,https://simple.ripley.com.pe/adaptador-pc-dongle-usb-bluetooth-53-negro-pmp20000150417
20260805_055550,2026-08-05T06:10:43.827543+00:00,ripley_pe,disco_duro_memorias,20000061311,HOCO,ADAPTADOR HOCO HB26 CONVERTIDOR 4 EN 1 (USB A USB 3.0 Y 2.0) PARA LAPTOP PC - NEGRO,47.0,70.0,13.86,2026-08-05,33,PEN,,,Ripley PE,https://simple.ripley.com.pe/adaptador-hoco-hb26-convertidor-4-en-1-usb-a-usb-30-y-20-para-laptop-pc-negro-pmp20000061311
20260805_055550,2026-08-05T06:10:43.828536+00:00,ripley_pe,disco_duro_memorias,00001572709,GLOBAL SHOPEX,DISCO DURO UNIDAD ESTADO SÓLIDO SATA SSD GLOBAL SHOPEX 64 GB INTERNA KINGSHARK3 25' III 6 GB/S ALTO RENDIMIENTO 0.276IN,279.0,349.0,82.3,2026-08-05,20,PEN,,,Ripley PE,https://simple.ripley.com.pe/disco-duro-unidad-estado-solido-sata-ssd-global-shopex-64-gb-interna-kingshark3-25-iii-6-gbs-alto-rendimiento-0276in-pmp00001572709
20260805_055550,2026-08-05T06:10:43.828536+00:00,ripley_pe,disco_duro_memorias,20001193645,KINGSTON,"KINGSTON FURY RENEGADE SSD M.2 4TB PCIE NVME 4.0 - 7300MB/S PARA PC, PORTÁTIL Y PLAYSTATION",3599.0,5399.0,1061.65,2026-08-05,33,PEN,,,Ripley PE,https://simple.ripley.com.pe/kingston-fury-renegade-ssd-m2-4tb-pcie-nvme-40-7300mbs-para-pc-portatil-y-playstation-pmp20001193645
20260805_055550,2026-08-05T06:10:47.868860+00:00,ripley_pe,disco_duro_memorias,20001194020,KINGSTON,"MEMORIA USB KINGSTON DATATRAVELER SE9 G3 DE 128GB - ALTA VELOCIDAD USB 3.2 GEN 1 TIPO-A, COMPACTA Y DURADERA",89.0,139.0,26.25,2026-08-05,36,PEN,,,Ripley PE,https://simple.ripley.com.pe/memoria-usb-kingston-datatraveler-se9-g3-de-128gb-alta-velocidad-usb-32-gen-1-tipo-a-compacta-y-duradera-pmp20001194020
20260805_055550,2026-08-05T06:10:47.868860+00:00,ripley_pe,disco_duro_memorias,20001193736,KINGSTON,"MEMORIA USB KINGSTON DATATRAVELER EXODIA 128GB - RÁPIDO USB 3.2 GEN 1, COLOR AMARILLO",59.0,89.0,17.4,2026-08-05,34,PEN,,,Ripley PE,https://simple.ripley.com.pe/memoria-usb-kingston-datatraveler-exodia-128gb-rapido-usb-32-gen-1-color-amarillo-pmp20001193736
20260805_055550,2026-08-05T06:10:47.869860+00:00,ripley_pe,disco_duro_memorias,00001574763,GLOBAL SHOPEX,MEMORIA 2GB 6400 RASALAS,179.0,229.0,52.8,2026-08-05,22,PEN,,,Ripley PE,https://simple.ripley.com.pe/memoria-2gb-6400-rasalas-pmp00001574763
20260805_055550,2026-08-05T06:10:47.869860+00:00,ripley_pe,disco_duro_memorias,20001133359,GENÉRICO,MEMORIA RAM DDR5 16GB 5600MHZ HIKSEMI - ALTA VELOCIDAD EN COLOR NEGRO PARA RENDIMIENTO ÓPTIMO,1289.0,1939.0,380.24,2026-08-05,34,PEN,,,Ripley PE,https://simple.ripley.com.pe/memoria-ram-ddr5-16gb-5600mhz-hiksemi-alta-velocidad-en-color-negro-para-rendimiento-optimo-pmp20001133359
20260805_055550,2026-08-05T06:10:47.870866+00:00,ripley_pe,disco_duro_memorias,20001148176,WESTERN DIGITAL,SSD NVME M.2 WESTERN DIGITAL WD GREEN SN3000 2TB PCIE 4.0,1829.0,2749.0,539.53,2026-08-05,33,PEN,,,Ripley PE,https://simple.ripley.com.pe/ssd-nvme-m2-western-digital-wd-green-sn3000-2tb-pcie-40-pmp20001148176
20260805_055550,2026-08-05T06:10:47.870866+00:00,ripley_pe,disco_duro_memorias,20001148157,WESTERN DIGITAL,UNIDAD SSD NVME WD GREEN SN3000 1 TB PCIE GEN4 X4,739.0,1109.0,217.99,2026-08-05,33,PEN,,,Ripley PE,https://simple.ripley.com.pe/unidad-ssd-nvme-wd-green-sn3000-1-tb-pcie-gen4-x4-pmp20001148157
20260805_055550,2026-08-05T06:10:47.870866+00:00,ripley_pe,disco_duro_memorias,20000398198,ORICO,CARCASA ORICO SSD M.2 SATA 10GBPS USB 3.0,94.89,180.0,27.99,2026-08-05,47,PEN,,,Ripley PE,https://simple.ripley.com.pe/carcasa-orico-ssd-m2-sata-10gbps-usb-30-pmp20000398198
20260805_055550,2026-08-05T06:10:47.871860+00:00,ripley_pe,disco_duro_memorias,20001148130,GENÉRICO,MEMORIA RAM HIKSEMI 8GB DDR4 3200MHZ UDIMM PARA GAMING Y PC DE ESCRITORIO - ALTO RENDIMIENTO,299.0,449.0,88.2,2026-08-05,33,PEN,,,Ripley PE,https://simple.ripley.com.pe/memoria-ram-hiksemi-8gb-ddr4-3200mhz-udimm-para-gaming-y-pc-de-escritorio-alto-rendimiento-pmp20001148130
20260805_055550,2026-08-05T06:10:47.871860+00:00,ripley_pe,disco_duro_memorias,00000380334,SANDISK,SANDISK MEMORIA USB CRUZER 16GB CZ50 NEGRO,44.9,69.0,13.24,2026-08-05,35,PEN,,,Ripley PE,https://simple.ripley.com.pe/sandisk-memoria-usb-cruzer-16gb-cz50-negro-pmp00000380334
20260805_055550,2026-08-05T06:10:47.872853+00:00,ripley_pe,disco_duro_memorias,20001193696,ACER,"SSD M.2 PCIE PREDATOR 512GB NVME GM7, 7200MB/S, 2280, ALTO RENDIMIENTO Y VELOCIDAD EXCEPCIONAL",579.0,869.0,170.8,2026-08-05,33,PEN,,,Ripley PE,https://simple.ripley.com.pe/ssd-m2-pcie-predator-512gb-nvme-gm7-7200mbs-2280-alto-rendimiento-y-velocidad-excepcional-pmp20001193696
20260805_055550,2026-08-05T06:10:47.872853+00:00,ripley_pe,disco_duro_memorias,20001133256,SANDISK,TARJETA DE MEMORIA SANDISK DE 256 GB PARA NINTENDO SWITCH - FORTNITE EDITION - MICROSDXC UHS-I U3,269.0,409.0,79.35,2026-08-05,34,PEN,,,Ripley PE,https://simple.ripley.com.pe/tarjeta-de-memoria-sandisk-de-256-gb-para-nintendo-switch-fortnite-edition-microsdxc-uhs-i-u3-pmp20001133256
20260805_055550,2026-08-05T06:10:47.873860+00:00,ripley_pe,disco_duro_memorias,00001581811,GLOBAL SHOPEX,PACK 10 MEMORIA GLOBAL SHOPEX 8 GB FLASH DRIVE AIIBE USB 2.0 MEMORY STICK PULGAR ALMACENAMIENTO,309.0,389.0,91.15,2026-08-05,21,PEN,,,Ripley PE,https://simple.ripley.com.pe/pack-10-memoria-global-shopex-8-gb-flash-drive-aiibe-usb-20-memory-stick-pulgar-almacenamiento-pmp00001581811
20260805_055550,2026-08-05T06:10:47.873860+00:00,ripley_pe,disco_duro_memorias,00001724609,SILVERSTONE,SILVERSTONE TECHNOLOGY SILVERSTONE POWER + CONECTOR DE DATOS SATA AL CONECTOR SATA DE DATOS SATA DE 22PINES,169.0,219.0,49.85,2026-08-05,23,PEN,,,Ripley PE,https://simple.ripley.com.pe/silverstone-technology-silverstone-power-conector-de-datos-sata-al-conector-sata-de-datos-sata-de-22pines-pmp00001724609
20260805_055550,2026-08-05T06:10:47.874860+00:00,ripley_pe,disco_duro_memorias,00001580367,GLOBAL SHOPEX,WORKDONE - JUEGO DE 4 UNIDADES DE DISCO DURO 25' COMPATIBLE CON SERVIDORES DELL POWEREDGE 14ª GENERACIÓN R440 R640 R740,479.0,599.0,141.3,2026-08-05,20,PEN,,,Ripley PE,https://simple.ripley.com.pe/workdone-juego-de-4-unidades-de-disco-duro-25-compatible-con-servidores-dell-poweredge-14-generacion-r440-r640-r740-pmp00001580367
20260805_055550,2026-08-05T06:10:47.874860+00:00,ripley_pe,disco_duro_memorias,00001578753,AIIBE,AIIBE - MEMORIA FLASH USB (4 GB 32 GB 64 GB 5 UNIDADES) 5 COLORES MEZCLADOS,249.0,319.0,73.45,2026-08-05,22,PEN,,,Ripley PE,https://simple.ripley.com.pe/aiibe-memoria-flash-usb-4-gb-32-gb-64-gb-5-unidades-5-colores-mezclados-pmp00001578753
20260805_055550,2026-08-05T06:10:47.875860+00:00,ripley_pe,disco_duro_memorias,00001578517,GLOBAL SHOPEX,KEXIN 5 UNIDADES USB 8G/32G/64G DISPOSITIVO DE MEMORIA USB,279.0,349.0,82.3,2026-08-05,20,PEN,,,Ripley PE,https://simple.ripley.com.pe/kexin-5-unidades-usb-8g32g64g-dispositivo-de-memoria-usb-pmp00001578517
20260805_055550,2026-08-05T06:10:47.875860+00:00,ripley_pe,disco_duro_memorias,20000404872,KINGSTON,DISCO DURO SÓLIDO SSD SATA KINGSTON 960 GB 960GB A400 3 2.5,685.0,,202.06,2026-08-05,,PEN,,,Ripley PE,https://simple.ripley.com.pe/disco-duro-solido-ssd-sata-kingston-960-gb-960gb-a400-3-25-pmp20000404872
20260805_055550,2026-08-05T06:10:47.875860+00:00,ripley_pe,disco_duro_memorias,20001193796,KINGSTON,MEMORIA MICROSDXC KINGSTON CANVAS SELECT PLUS 256GB VELOCIDAD 100MB/S,139.0,209.0,41.0,2026-08-05,33,PEN,,,Ripley PE,https://simple.ripley.com.pe/memoria-microsdxc-kingston-canvas-select-plus-256gb-velocidad-100mbs-pmp20001193796
20260805_055550,2026-08-05T06:10:47.876860+00:00,ripley_pe,disco_duro_memorias,20001133227,SANDISK,"TARJETA MICROSD SANDISK PURPLE 1TB - ALTA RESISTENCIA, IDEAL PARA VIDEOVIGILANCIA Y GRABACIONES RÁPIDAS",909.0,1369.0,268.14,2026-08-05,34,PEN,,,Ripley PE,https://simple.ripley.com.pe/tarjeta-microsd-sandisk-purple-1tb-alta-resistencia-ideal-para-videovigilancia-y-grabaciones-rapidas-pmp20001133227
20260805_055550,2026-08-05T06:10:47.876860+00:00,ripley_pe,disco_duro_memorias,00001580211,GLOBAL SHOPEX,UNIDAD INTERNA DE ESTADO SÓLIDO GAMERKING SSD MSATA 64GB DE ALTO RENDIMIENTO SATA3 6GB/S MINI PC (64GB MSATA),759.0,949.0,223.89,2026-08-05,20,PEN,,,Ripley PE,https://simple.ripley.com.pe/unidad-interna-de-estado-solido-gamerking-ssd-msata-64gb-de-alto-rendimiento-sata3-6gbs-mini-pc-64gb-msata-pmp00001580211
20260805_055550,2026-08-05T06:10:47.877860+00:00,ripley_pe,disco_duro_memorias,20001194033,KINGSTON,"UNIDAD FLASH KINGSTON DATATRAVELER 70 DE 64GB, USB 3.2 TIPO C, COLOR NEGRO",49.0,79.0,14.45,2026-08-05,38,PEN,,,Ripley PE,https://simple.ripley.com.pe/unidad-flash-kingston-datatraveler-70-de-64gb-usb-32-tipo-c-color-negro-pmp20001194033
20260805_055550,2026-08-05T06:10:47.877860+00:00,ripley_pe,disco_duro_memorias,20001193653,KINGSTON,TARJETA DE MEMORIA KINGSTON MICROSDXC CANVAS SELECT 512GB - ALTA VELOCIDAD Y CAPACIDAD EXPANDIBLE,359.0,539.0,105.9,2026-08-05,33,PEN,,,Ripley PE,https://simple.ripley.com.pe/tarjeta-de-memoria-kingston-microsdxc-canvas-select-512gb-alta-velocidad-y-capacidad-expandible-pmp20001193653
20260805_055550,2026-08-05T06:10:47.878860+00:00,ripley_pe,disco_duro_memorias,00001583723,GLOBAL SHOPEX,MEMORIA FLASH DE 32 GB KEPMEM 10 UNIDADES A GRANEL MEMORIA USB 2.0 DE METAL 32 GB LLAVERO PORTÁTIL JUMP DRIVE COLORIDO,419.0,529.0,123.6,2026-08-05,21,PEN,,,Ripley PE,https://simple.ripley.com.pe/memoria-flash-de-32-gb-kepmem-10-unidades-a-granel-memoria-usb-20-de-metal-32-gb-llavero-portatil-jump-drive-colorido-pmp00001583723
20260805_055550,2026-08-05T06:10:47.878860+00:00,ripley_pe,disco_duro_memorias,20001193544,KINGSTON,TARJETA MICROSDXC KINGSTON SELECT PLUS 64GB - ALTA VELOCIDAD PARA ALMACENAMIENTO CONFIABLE,69.0,109.0,20.35,2026-08-05,37,PEN,,,Ripley PE,https://simple.ripley.com.pe/tarjeta-microsdxc-kingston-select-plus-64gb-alta-velocidad-para-almacenamiento-confiable-pmp20001193544
20260805_055550,2026-08-05T06:10:47.878860+00:00,ripley_pe,disco_duro_memorias,20000083629,GENÉRICO,CARGADOR APPLE WATCH TIPO C CABLE TRENZADO,119.0,199.0,35.1,2026-08-05,40,PEN,,,Ripley PE,https://simple.ripley.com.pe/cargador-apple-watch-tipo-c-cable-trenzado-pmp20000083629
20260805_055550,2026-08-05T06:10:47.879860+00:00,ripley_pe,disco_duro_memorias,20001215950,LENOVO,MEMORIA RAM LENOVO THINKSYSTEM 32GB TRUDDR5 6400MHZ ECC REGISTERED PARA ALTO RENDIMIENTO,19409.0,29119.0,5725.37,2026-08-05,33,PEN,,,Ripley PE,https://simple.ripley.com.pe/memoria-ram-lenovo-thinksystem-32gb-truddr5-6400mhz-ecc-registered-para-alto-rendimiento-pmp20001215950
20260805_055550,2026-08-05T06:10:47.879860+00:00,ripley_pe,disco_duro_memorias,20001193651,KINGSTON,KINGSTON DC600M SSD 960GB 2.5' SATA - ALTA VELOCIDAD 560MB/S Y CIFRADO 256-BIT PARA SERVIDORES,2929.0,4399.0,864.01,2026-08-05,33,PEN,,,Ripley PE,https://simple.ripley.com.pe/kingston-dc600m-ssd-960gb-25-sata-alta-velocidad-560mbs-y-cifrado-256-bit-para-servidores-pmp20001193651
20260805_055550,2026-08-05T06:10:47.880860+00:00,ripley_pe,disco_duro_memorias,00001723653,SABRENT,SABRENT 74 EN 1 LECTOR/ESCRITOR DE TARJETAS FLASH INTERNO DE 3.5 ' CON PUERTO USB (CR-USNT),119.0,149.0,35.1,2026-08-05,20,PEN,,,Ripley PE,https://simple.ripley.com.pe/sabrent-74-en-1-lectorescritor-de-tarjetas-flash-interno-de-35-con-puerto-usb-cr-usnt-pmp00001723653
20260805_055550,2026-08-05T06:10:47.880860+00:00,ripley_pe,disco_duro_memorias,00000416994,SANDISK,SANDISK PENDRIVE USB ULTRA FLAIR 128GB,129.0,,38.05,2026-08-05,,PEN,,,Ripley PE,https://simple.ripley.com.pe/sandisk-pendrive-usb-ultra-flair-128gb-pmp00000416994
20260805_055550,2026-08-05T06:10:47.880860+00:00,ripley_pe,disco_duro_memorias,20001148191,PATRIOT,MEMORIA SODIMM DDR4 16GB 3200 MHZ CL22 PATRIOT SIGNATURE – ALTA VELOCIDAD Y RENDIMIENTO PARA LAPTOP,599.0,899.0,176.7,2026-08-05,33,PEN,,,Ripley PE,https://simple.ripley.com.pe/memoria-sodimm-ddr4-16gb-3200-mhz-cl22-patriot-signature-alta-velocidad-y-rendimiento-para-laptop-pmp20001148191
20260805_055550,2026-08-05T06:10:47.881860+00:00,ripley_pe,disco_duro_memorias,20001193835,KINGSTON,"UNIDAD DE ESTADO SÓLIDO KINGSTON KC600 1TB 2.5' SATA - VELOCIDAD 550MB/S, COMPATIBILIDAD AMPLIA",1389.0,2089.0,409.73,2026-08-05,34,PEN,,,Ripley PE,https://simple.ripley.com.pe/unidad-de-estado-solido-kingston-kc600-1tb-25-sata-velocidad-550mbs-compatibilidad-amplia-pmp20001193835
20260805_055550,2026-08-05T06:10:47.881860+00:00,ripley_pe,disco_duro_memorias,20001133391,DELL,"DISCO DURO INTERNO DELL 480 GB SSD M.2, ALTA VELOCIDAD Y RENDIMIENTO CONFIABLE PARA TU PC",1729.0,2599.0,510.03,2026-08-05,33,PEN,,,Ripley PE,https://simple.ripley.com.pe/disco-duro-interno-dell-480-gb-ssd-m2-alta-velocidad-y-rendimiento-confiable-para-tu-pc-pmp20001133391
20260805_055550,2026-08-05T06:10:47.881860+00:00,ripley_pe,disco_duro_memorias,00002068035,SANTOFA ELECTRONICS,FUNDA CASE DISCO DURO EXTERNO 2.5 SANTOFA ELECTRONICS ANTI GOLPES DOBLE BOLSILLO GRIS,45.0,90.0,13.27,2026-08-05,50,PEN,,,Ripley PE,https://simple.ripley.com.pe/funda-case-disco-duro-externo-25-santofa-electronics-anti-golpes-doble-bolsillo-gris-pmp00002068035
20260805_055550,2026-08-05T06:10:47.882860+00:00,ripley_pe,disco_duro_memorias,00001584885,GLOBAL SHOPEX,DISCO DURO PORTÁTIL SSD GLOBAL SHOPEX ESTABLE TAN RÁPIDO,309.0,389.0,91.15,2026-08-05,21,PEN,,,Ripley PE,https://simple.ripley.com.pe/disco-duro-portatil-ssd-global-shopex-estable-tan-rapido-pmp00001584885
20260805_055550,2026-08-05T06:10:47.882860+00:00,ripley_pe,disco_duro_memorias,00001575653,AIIBE,PACK 5 MEMORIAS AIIBE 32 GB FLASH USB 2.0 PULGAR GIRATORIA U DISCO MEMORY STICK,269.0,339.0,79.35,2026-08-05,21,PEN,,,Ripley PE,https://simple.ripley.com.pe/pack-5-memorias-aiibe-32-gb-flash-usb-20-pulgar-giratoria-u-disco-memory-stick-pmp00001575653
20260805_055550,2026-08-05T06:10:47.883860+00:00,ripley_pe,disco_duro_memorias,20000404870,TOSHIBA,DISCO DURO EXTERNO TOSHIBA 1 TB 1TB CANVIO BASIC 3.0,366.0,525.0,107.96,2026-08-05,30,PEN,,,Ripley PE,https://simple.ripley.com.pe/disco-duro-externo-toshiba-1-tb-1tb-canvio-basic-30-pmp20000404870
20260805_055550,2026-08-05T06:10:47.883860+00:00,ripley_pe,disco_duro_memorias,00001287522,KINGSTON,KINGSTON MEMORIA SD 128GB CANVAS SELECT 100MBS UHS-I NEGRO,129.0,219.0,38.05,2026-08-05,41,PEN,,,Ripley PE,https://simple.ripley.com.pe/kingston-memoria-sd-128gb-canvas-select-100mbs-uhs-i-negro-pmp00001287522
20260805_055550,2026-08-05T06:10:47.884859+00:00,ripley_pe,disco_duro_memorias,20001148209,ADATA,CARCASA ADATA EC680 PARA SSD M.2 PCIE NVME USB 3.2 GEN2 - VELOCIDAD 1050MB/S - COMPACTA Y EFICIENTE,89.0,139.0,26.25,2026-08-05,36,PEN,,,Ripley PE,https://simple.ripley.com.pe/carcasa-adata-ec680-para-ssd-m2-pcie-nvme-usb-32-gen2-velocidad-1050mbs-compacta-y-eficiente-pmp20001148209
20260805_055550,2026-08-05T06:10:47.884859+00:00,ripley_pe,disco_duro_memorias,20001133364,ADATA,"ADATA MARS 980 BLADE 1TB SSD M.2 PCIE GEN5 - VELOCIDAD ULTRA RÁPIDA 14,000 MB/S, IDEAL PARA GAMING",1059.0,1589.0,312.39,2026-08-05,33,PEN,,,Ripley PE,https://simple.ripley.com.pe/adata-mars-980-blade-1tb-ssd-m2-pcie-gen5-velocidad-ultra-rapida-14000-mbs-ideal-para-gaming-pmp20001133364
20260805_055550,2026-08-05T06:10:47.885869+00:00,ripley_pe,disco_duro_memorias,00001726487,DELKIN,MEMORIA DELKIN DEVICES USB 3.2 CFEXPRESS TIPO B LECTOR TARJETAS DDREADER-54,369.0,469.0,108.85,2026-08-05,21,PEN,,,Ripley PE,https://simple.ripley.com.pe/memoria-delkin-devices-usb-32-cfexpress-tipo-b-lector-tarjetas-ddreader-54-pmp00001726487
20260805_055550,2026-08-05T06:10:47.885869+00:00,ripley_pe,disco_duro_memorias,20000087341,ROMAX,CABLE ROMAX CARGA DATOS V8 6A,28.0,42.0,8.26,2026-08-05,33,PEN,,,Ripley PE,https://simple.ripley.com.pe/cable-romax-carga-datos-v8-6a-pmp20000087341
20260805_055550,2026-08-05T06:10:47.885869+00:00,ripley_pe,disco_duro_memorias,00001219946,SONY,SONY TARJETA DE MEMORIA SF-G64T,499.0,799.0,147.2,2026-08-05,38,PEN,,,Ripley PE,https://simple.ripley.com.pe/sony-tarjeta-de-memoria-sf-g64t-pmp00001219946
20260805_055550,2026-08-05T06:10:47.886860+00:00,ripley_pe,disco_duro_memorias,20001216144,SYNOLOGY,"DISCO DURO SYNOLOGY HAT3320-8T DE 8TB PARA NAS, 7200 RPM, ALTA CAPACIDAD Y RENDIMIENTO FIABLE",2139.0,3209.0,630.97,2026-08-05,33,PEN,,,Ripley PE,https://simple.ripley.com.pe/disco-duro-synology-hat3320-8t-de-8tb-para-nas-7200-rpm-alta-capacidad-y-rendimiento-fiable-pmp20001216144
20260805_055550,2026-08-05T06:10:47.886860+00:00,ripley_pe,disco_duro_memorias,20001193714,KINGSTON,MEMORIA USB KINGSTON DT EXODIA S 512GB - ALTA VELOCIDAD Y GRAN CAPACIDAD PORTÁTIL,259.0,389.0,76.4,2026-08-05,33,PEN,,,Ripley PE,https://simple.ripley.com.pe/memoria-usb-kingston-dt-exodia-s-512gb-alta-velocidad-y-gran-capacidad-portatil-pmp20001193714
20260805_055550,2026-08-05T06:10:47.886860+00:00,ripley_pe,disco_duro_memorias,00001573885,GLOBAL SHOPEX,GENÉRICO KIT DE DISCO DISCO DURO INTERNA PARA XBOX 360SLIM (500GB COLOR NEGRO) NEGRO,269.0,339.0,79.35,2026-08-05,21,PEN,,,Ripley PE,https://simple.ripley.com.pe/generico-kit-de-disco-disco-duro-interna-para-xbox-360slim-500gb-color-negro-negro-pmp00001573885
20260805_055550,2026-08-05T06:10:47.887860+00:00,ripley_pe,disco_duro_memorias,20001193807,KINGSTON,"KINGSTON XS2000 SSD PORTÁTIL 1TB, ROBUSTO Y RÁPIDO, USB 3.2 GEN 2, HASTA 2000MB/S DE VELOCIDAD",869.0,1309.0,256.34,2026-08-05,34,PEN,,,Ripley PE,https://simple.ripley.com.pe/kingston-xs2000-ssd-portatil-1tb-robusto-y-rapido-usb-32-gen-2-hasta-2000mbs-de-velocidad-pmp20001193807
20260805_055550,2026-08-05T06:10:47.887860+00:00,ripley_pe,disco_duro_memorias,20001148125,KINGSTON,"MEMORIA RAM KINGSTON FURY BEAST 8GB DDR4 3200MT/S CL16, 288-PIN, RENDIMIENTO RÁPIDO Y EFICIENTE",459.0,689.0,135.4,2026-08-05,33,PEN,,,Ripley PE,https://simple.ripley.com.pe/memoria-ram-kingston-fury-beast-8gb-ddr4-3200mts-cl16-288-pin-rendimiento-rapido-y-eficiente-pmp20001148125
20260805_055550,2026-08-05T06:10:51.903684+00:00,ripley_pe,disco_duro_memorias,20001194021,KINGSTON,"KINGSTON DATATRAVELER MICRODUO 3C 256GB - USB 3.2 TIPO C Y A, VIOLETA, 200MB/S",219.0,329.0,64.6,2026-08-05,33,PEN,,,Ripley PE,https://simple.ripley.com.pe/kingston-datatraveler-microduo-3c-256gb-usb-32-tipo-c-y-a-violeta-200mbs-pmp20001194021
20260805_055550,2026-08-05T06:10:51.904684+00:00,ripley_pe,disco_duro_memorias,20000404866,KINGSTON,DISCO DURO SÓLIDO SSD SATA KINGSTON 240 GB SSD240GB A400 2.5 3,395.0,,116.52,2026-08-05,,PEN,,,Ripley PE,https://simple.ripley.com.pe/disco-duro-solido-ssd-sata-kingston-240-gb-ssd240gb-a400-25-3-pmp20000404866
20260805_055550,2026-08-05T06:10:51.904684+00:00,ripley_pe,disco_duro_memorias,20001133276,ADATA,"ADATA MARS 980 2TB SSD M.2 PCIE GEN5 - VELOCIDAD ULTRA RÁPIDA 14,000/13,000 MB/S",1769.0,2659.0,521.83,2026-08-05,33,PEN,,,Ripley PE,https://simple.ripley.com.pe/adata-mars-980-2tb-ssd-m2-pcie-gen5-velocidad-ultra-rapida-1400013000-mbs-pmp20001133276
20260805_055550,2026-08-05T06:10:51.905684+00:00,ripley_pe,disco_duro_memorias,00001860404,HP,HP MEMORIA USB HPFD150W 64P 64GB V150W NEGRO AZUL,40.0,79.0,11.8,2026-08-05,49,PEN,,,Ripley PE,https://simple.ripley.com.pe/hp-memoria-usb-hpfd150w-64p-64gb-v150w-negro-azul-pmp00001860404
20260805_055550,2026-08-05T06:10:51.905684+00:00,ripley_pe,disco_duro_memorias,20001216254,LENOVO,MEMORIA LENOVO THINKSYSTEM TRUDDR5 ECC UDIMM 32 GB 5600 MHZ,17469.0,26209.0,5153.1,2026-08-05,33,PEN,,,Ripley PE,https://simple.ripley.com.pe/memoria-lenovo-thinksystem-truddr5-ecc-udimm-32-gb-5600-mhz-pmp20001216254
20260805_055550,2026-08-05T06:10:51.906692+00:00,ripley_pe,disco_duro_memorias,20001193788,HIKVISION,MEMORIA MICRO SD HIKVISION NEO PLUS 512GB - ALTA VELOCIDAD Y GRAN CAPACIDAD PARA DISPOSITIVOS,499.0,749.0,147.2,2026-08-05,33,PEN,,,Ripley PE,https://simple.ripley.com.pe/memoria-micro-sd-hikvision-neo-plus-512gb-alta-velocidad-y-gran-capacidad-para-dispositivos-pmp20001193788
20260805_055550,2026-08-05T06:10:51.906692+00:00,ripley_pe,disco_duro_memorias,20001133262,KINGSTON,MEMORIA RAM KINGSTON FURY RENEGADE 32GB DDR5-6400 CL32 PARA ALTO RENDIMIENTO EN GAMING,2639.0,3959.0,778.47,2026-08-05,33,PEN,,,Ripley PE,https://simple.ripley.com.pe/memoria-ram-kingston-fury-renegade-32gb-ddr5-6400-cl32-para-alto-rendimiento-en-gaming-pmp20001133262
20260805_055550,2026-08-05T06:10:51.906692+00:00,ripley_pe,disco_duro_memorias,20001193692,KINGSTON,"UNIDAD FLASH KINGSTON DATATRAVELER EXODIA M 64GB USB 3.2 TIPO A - NEGRO Y AZUL, ALTA VELOCIDAD",49.0,79.0,14.45,2026-08-05,38,PEN,,,Ripley PE,https://simple.ripley.com.pe/unidad-flash-kingston-datatraveler-exodia-m-64gb-usb-32-tipo-a-negro-y-azul-alta-velocidad-pmp20001193692
20260805_055550,2026-08-05T06:10:51.907684+00:00,ripley_pe,disco_duro_memorias,00001585811,GLOBAL SHOPEX,DISCO DURO SATA INTERNO GLOBAL SHOPEX 256 GB DOGFISH M,439.0,549.0,129.5,2026-08-05,20,PEN,,,Ripley PE,https://simple.ripley.com.pe/disco-duro-sata-interno-global-shopex-256-gb-dogfish-m-pmp00001585811
20260805_055550,2026-08-05T06:10:51.907684+00:00,ripley_pe,disco_duro_memorias,00001580069,GLOBAL SHOPEX,COMBO DISCO DURO SATA SSD GLOBAL SHOPEX A ESCRITORIO 3.5' SABRENT 2.5'Y BAY CONVERTER KIT MONTAJE + USB 3.1 TIPO-A A2.5',199.0,249.0,58.7,2026-08-05,20,PEN,,,Ripley PE,https://simple.ripley.com.pe/combo-disco-duro-sata-ssd-global-shopex-a-escritorio-35-sabrent-25y-bay-converter-kit-montaje-usb-31-tipo-a-a25-pmp00001580069
20260805_055550,2026-08-05T06:10:51.908690+00:00,ripley_pe,disco_duro_memorias,00001269744,SANDISK,SANDISK MEMORIA USB ULTRA DUAL DRIVE LUXE 32GB 3.1 TIPO C,79.0,119.0,23.3,2026-08-05,34,PEN,,,Ripley PE,https://simple.ripley.com.pe/sandisk-memoria-usb-ultra-dual-drive-luxe-32gb-31-tipo-c-pmp00001269744
20260805_055550,2026-08-05T06:10:51.908690+00:00,ripley_pe,disco_duro_memorias,20000150466,GENÉRICO,ADAPTADOR UNIVERSAL INALAMBRICO BLUETOOTH USB V5-1 PC LAPTOP,28.9,50.0,8.53,2026-08-05,42,PEN,,,Ripley PE,https://simple.ripley.com.pe/adaptador-universal-inalambrico-bluetooth-usb-v5-1-pc-laptop-pmp20000150466
20260805_055550,2026-08-05T06:10:51.909684+00:00,ripley_pe,disco_duro_memorias,20001193742,KINGSTON,"TARJETA MICROSDXC KINGSTON CANVAS GO! PLUS 512GB - 200MB/S LEER, 160MB/S ESCRIBIR, UHS-I V30",539.0,809.0,159.0,2026-08-05,33,PEN,,,Ripley PE,https://simple.ripley.com.pe/tarjeta-microsdxc-kingston-canvas-go-plus-512gb-200mbs-leer-160mbs-escribir-uhs-i-v30-pmp20001193742
20260805_055550,2026-08-05T06:10:51.909684+00:00,ripley_pe,disco_duro_memorias,20000036872,APPLE,APPLE ADAPTADOR DUAL USB-C PORT 35W,329.0,399.0,97.05,2026-08-05,18,PEN,,,Ripley PE,https://simple.ripley.com.pe/apple-adaptador-dual-usb-c-port-35w-pmp20000036872
20260805_055550,2026-08-05T06:10:51.910684+00:00,ripley_pe,disco_duro_memorias,00001585997,GLOBAL SHOPEX,KEXIN SSD EXTERNO PORTÁTIL DE 250 GB HASTA 400 MB/S - USB-C USB 3.1 MINI UNIDAD DE JUEGO DE ESTADO SÓLIDO,359.0,449.0,105.9,2026-08-05,20,PEN,,,Ripley PE,https://simple.ripley.com.pe/kexin-ssd-externo-portatil-de-250-gb-hasta-400-mbs-usb-c-usb-31-mini-unidad-de-juego-de-estado-solido-pmp00001585997
20260805_055550,2026-08-05T06:10:51.910684+00:00,ripley_pe,disco_duro_memorias,00001724807,VANTEC,COMBO CONVERTIDOR SATA VANTEC KIT UGT-MST110 M A III,189.0,239.0,55.75,2026-08-05,21,PEN,,,Ripley PE,https://simple.ripley.com.pe/combo-convertidor-sata-vantec-kit-ugt-mst110-m-a-iii-pmp00001724807
20260805_055550,2026-08-05T06:10:51.911684+00:00,ripley_pe,disco_duro_memorias,20001193752,KINGSTON,"SSD KINGSTON ENTERPRISE DC600M 3.84TB 2.5' SATA 600, 560MB/S, CIFRADO AES, IDEAL PARA SERVIDORES",7339.0,11009.0,2164.9,2026-08-05,33,PEN,,,Ripley PE,https://simple.ripley.com.pe/ssd-kingston-enterprise-dc600m-384tb-25-sata-600-560mbs-cifrado-aes-ideal-para-servidores-pmp20001193752
20260805_055550,2026-08-05T06:10:51.911684+00:00,ripley_pe,disco_duro_memorias,20001133284,SANDISK,TARJETA DE MEMORIA SANDISK MICROSD DE 256GB - ALTA VELOCIDAD 880/650MB/S - IDEAL PARA FOTOGRAFÍA Y VIDEO,419.0,629.0,123.6,2026-08-05,33,PEN,,,Ripley PE,https://simple.ripley.com.pe/tarjeta-de-memoria-sandisk-microsd-de-256gb-alta-velocidad-880650mbs-ideal-para-fotografia-y-video-pmp20001133284
20260805_055550,2026-08-05T06:10:51.911684+00:00,ripley_pe,disco_duro_memorias,20000232121,WESTERN DIGITAL,DISCO DURO WESTERN DIGITAL PÚRPURA 4 TB,1083.0,1150.0,319.47,2026-08-05,6,PEN,,,Ripley PE,https://simple.ripley.com.pe/disco-duro-western-digital-purpura-4-tb-pmp20000232121
20260805_055550,2026-08-05T06:10:51.912683+00:00,ripley_pe,disco_duro_memorias,00000380338,SANDISK,SANDISK MEMORIA USB CRUZER 64GB CZ50 NEGRO,59.0,89.0,17.4,2026-08-05,34,PEN,,,Ripley PE,https://simple.ripley.com.pe/sandisk-memoria-usb-cruzer-64gb-cz50-negro-pmp00000380338
20260805_055550,2026-08-05T06:10:51.912683+00:00,ripley_pe,disco_duro_memorias,20001193875,KINGSTON,UNIDAD FLASH KINGSTON DATATRAVELER 70 DE 128GB USB 3.2 TIPO C - RÁPIDO Y CONFIABLE - NEGRO,59.0,89.0,17.4,2026-08-05,34,PEN,,,Ripley PE,https://simple.ripley.com.pe/unidad-flash-kingston-datatraveler-70-de-128gb-usb-32-tipo-c-rapido-y-confiable-negro-pmp20001193875
20260805_055550,2026-08-05T06:10:51.913684+00:00,ripley_pe,disco_duro_memorias,00001724205,MONOPRICE,CABLE USB MONOPRICE EXTENSIÓN 3.0 A HEMBRA 113749 SELECT SERIES 15 PIES USO PLAYSTATION XBOX OCULUS VR,129.0,169.0,38.05,2026-08-05,24,PEN,,,Ripley PE,https://simple.ripley.com.pe/cable-usb-monoprice-extension-30-a-hembra-113749-select-series-15-pies-uso-playstation-xbox-oculus-vr-pmp00001724205
20260805_055550,2026-08-05T06:10:51.915684+00:00,ripley_pe,disco_duro_memorias,20001193690,KINGSTON,"MEMORIA USB KINGSTON DATATRAVELER EXODIA S 64GB, USB 3.2, COLOR NEGRO, ALTA VELOCIDAD DE TRANSFERENCIA",49.0,79.0,14.45,2026-08-05,38,PEN,,,Ripley PE,https://simple.ripley.com.pe/memoria-usb-kingston-datatraveler-exodia-s-64gb-usb-32-color-negro-alta-velocidad-de-transferencia-pmp20001193690
20260805_055550,2026-08-05T06:10:51.916693+00:00,ripley_pe,disco_duro_memorias,00001574487,GLOBAL SHOPEX,COMBO ADAPTADORES SATA HDD SSD GLOBAL SHOPEX CY USB 3.0 A 17+7PIN 22PIN CARTUCHO DISCO DURO MD223 MD224 MD231 MD232NEGRO,199.0,249.0,58.7,2026-08-05,20,PEN,,,Ripley PE,https://simple.ripley.com.pe/combo-adaptadores-sata-hdd-ssd-global-shopex-cy-usb-30-a-177pin-22pin-cartucho-disco-duro-md223-md224-md231-md232negro-pmp00001574487
20260805_055550,2026-08-05T06:10:51.916693+00:00,ripley_pe,disco_duro_memorias,20001133315,WESTERN DIGITAL,SSD NVME M.2 WESTERN DIGITAL WD GREEN SN350 2TB,1219.0,1829.0,359.59,2026-08-05,33,PEN,,,Ripley PE,https://simple.ripley.com.pe/ssd-nvme-m2-western-digital-wd-green-sn350-2tb-pmp20001133315
20260805_055550,2026-08-05T06:10:51.917681+00:00,ripley_pe,disco_duro_memorias,00001580933,GLOBAL SHOPEX,DISCO DURO SÓLIDO PORTÁTIL GLOBAL SHOPEX USB RAAYOO 35' EXTERNA 144 MB FDD WINDOWS 7/8/2000/XP/VISTA ORDENADOR,179.0,229.0,52.8,2026-08-05,22,PEN,,,Ripley PE,https://simple.ripley.com.pe/disco-duro-solido-portatil-global-shopex-usb-raayoo-35-externa-144-mb-fdd-windows-782000xpvista-ordenador-pmp00001580933
20260805_055550,2026-08-05T06:10:51.919678+00:00,ripley_pe,disco_duro_memorias,20000026753,KINGSTON,DISCO SOLIDO KINGSTON SSD KC3000 PCLE 4.0 NVME M.2 1024GB,1410.0,1900.0,415.93,2026-08-05,26,PEN,,,Ripley PE,https://simple.ripley.com.pe/disco-solido-kingston-ssd-kc3000-pcle-40-nvme-m2-1024gb-pmp20000026753
20260805_055550,2026-08-05T06:10:51.920687+00:00,ripley_pe,disco_duro_memorias,00001572075,GLOBAL SHOPEX,BORRADOR DE DISCO DURO STARTECH.COM DE 4 BAHÍAS PARA SATA DE 25' Y 35' - LCD Y RS232 - LIMPIADOR Y DESINFECTANTE DE BORRADO,4829.0,6039.0,1424.48,2026-08-05,20,PEN,,,Ripley PE,https://simple.ripley.com.pe/borrador-de-disco-duro-startechcom-de-4-bahias-para-sata-de-25-y-35-lcd-y-rs232-limpiador-y-desinfectante-de-borrado-pmp00001572075
20260805_055550,2026-08-05T06:10:51.921691+00:00,ripley_pe,disco_duro_memorias,20001193801,KINGSTON,UNIDAD DE ESTADO SÓLIDO KINGSTON NV3 2TB M.2 2280 NVME 4.0 - RÁPIDO Y COMPATIBLE CON LAPTOPS Y PC,1309.0,1969.0,386.14,2026-08-05,34,PEN,,,Ripley PE,https://simple.ripley.com.pe/unidad-de-estado-solido-kingston-nv3-2tb-m2-2280-nvme-40-rapido-y-compatible-con-laptops-y-pc-pmp20001193801
20260805_055550,2026-08-05T06:10:51.922686+00:00,ripley_pe,disco_duro_memorias,20001133258,PATRIOT,SSD M.2 PCIE PATRIOT P320 DE 512GB - RENDIMIENTO SUPERIOR Y ALTA VELOCIDAD DE ALMACENAMIENTO,489.0,739.0,144.25,2026-08-05,34,PEN,,,Ripley PE,https://simple.ripley.com.pe/ssd-m2-pcie-patriot-p320-de-512gb-rendimiento-superior-y-alta-velocidad-de-almacenamiento-pmp20001133258
20260805_055550,2026-08-05T06:10:51.924685+00:00,ripley_pe,disco_duro_memorias,00002110507,TOSHIBA,DISCO DURO EXTERNO TOSHIBA CANVIO FLEX 2 TB SILVER HDTX120XSCAA,555.0,699.0,163.72,2026-08-05,21,PEN,,,Ripley PE,https://simple.ripley.com.pe/disco-duro-externo-toshiba-canvio-flex-2-tb-silver-hdtx120xscaa-pmp00002110507
20260805_055550,2026-08-05T06:10:51.926683+00:00,ripley_pe,disco_duro_memorias,00002110493,TOSHIBA,"DISCO DURO PORTÁTIL TOSHIBA 2 TB CANVIO ADVANCE NEGRO,USB 3.0",515.0,629.0,151.92,2026-08-05,18,PEN,,,Ripley PE,https://simple.ripley.com.pe/disco-duro-portatil-toshiba-2-tb-canvio-advance-negrousb-30-pmp00002110493
20260805_055550,2026-08-05T06:10:51.927683+00:00,ripley_pe,disco_duro_memorias,20001193711,KINGSTON,KINGSTON DC600M SSD 480GB - 2.5' SATA 600 - HIGH SPEED 560MB/S - IDEAL PARA SERVIDORES - CIFRADO AES 256-BIT,1639.0,2459.0,483.48,2026-08-05,33,PEN,,,Ripley PE,https://simple.ripley.com.pe/kingston-dc600m-ssd-480gb-25-sata-600-high-speed-560mbs-ideal-para-servidores-cifrado-aes-256-bit-pmp20001193711
20260805_055550,2026-08-05T06:10:56.257346+00:00,ripley_pe,disco_duro_memorias,20000087337,ROMAX,CABLE ROMAX ROMAC USB C 6A,24.99,32.0,7.37,2026-08-05,22,PEN,,,Ripley PE,https://simple.ripley.com.pe/cable-romax-romac-usb-c-6a-pmp20000087337
20260805_055550,2026-08-05T06:10:56.258344+00:00,ripley_pe,disco_duro_memorias,20001193755,KINGSTON,"KINGSTON XS2000 SSD PORTÁTIL 1.95TB - ALTA VELOCIDAD 2000MB/S, USB 3.2 - ROBUSTO Y COMPACTO",1609.0,2419.0,474.63,2026-08-05,33,PEN,,,Ripley PE,https://simple.ripley.com.pe/kingston-xs2000-ssd-portatil-195tb-alta-velocidad-2000mbs-usb-32-robusto-y-compacto-pmp20001193755
20260805_055550,2026-08-05T06:10:56.259344+00:00,ripley_pe,disco_duro_memorias,20000400388,GENÉRICO,CABLE USB 3.0 MACHO A MICRO B PARA DISCO DURO EXTERNO HDD PACK 2 UNIDADES,28.8,70.0,8.5,2026-08-05,59,PEN,,,Ripley PE,https://simple.ripley.com.pe/cable-usb-30-macho-a-micro-b-para-disco-duro-externo-hdd-pack-2-unidades-pmp20000400388
20260805_055550,2026-08-05T06:10:56.263346+00:00,ripley_pe,disco_duro_memorias,20000136084,TOSHIBA,DISCO DURO EXTERNO TOSHIBA 1 TB DTB410,440.0,480.0,129.79,2026-08-05,8,PEN,,,Ripley PE,https://simple.ripley.com.pe/disco-duro-externo-toshiba-1-tb-dtb410-pmp20000136084
20260805_055550,2026-08-05T06:10:56.263346+00:00,ripley_pe,disco_duro_memorias,00001568734,KINGSTON,KINGSTON USB 3.2 DATATRAVELER EXODIA 32GB BLANCO,39.0,59.0,11.5,2026-08-05,34,PEN,,,Ripley PE,https://simple.ripley.com.pe/kingston-usb-32-datatraveler-exodia-32gb-blanco-pmp00001568734
20260805_055550,2026-08-05T06:10:56.264344+00:00,ripley_pe,disco_duro_memorias,00001518679,SANDISK,MEMORIA USB SANDISK CRUZER FIT 8GB NEGRO,44.9,69.0,13.24,2026-08-05,35,PEN,,,Ripley PE,https://simple.ripley.com.pe/memoria-usb-sandisk-cruzer-fit-8gb-negro-pmp00001518679
20260805_055550,2026-08-05T06:10:56.264344+00:00,ripley_pe,disco_duro_memorias,20001193676,KINGSTON,MEMORIA SDHC KINGSTON 128GB UHS-I 150MB/S C10 - ALMACENAMIENTO RÁPIDO Y FIABLE PARA TUS DISPOSITIVOS,109.0,169.0,32.15,2026-08-05,36,PEN,,,Ripley PE,https://simple.ripley.com.pe/memoria-sdhc-kingston-128gb-uhs-i-150mbs-c10-almacenamiento-rapido-y-fiable-para-tus-dispositivos-pmp20001193676
20260805_055550,2026-08-05T06:10:56.265344+00:00,ripley_pe,disco_duro_memorias,00002068037,SANTOFA ELECTRONICS,FUNDA CASE DISCO DURO EXTERNO 2.5 SANTOFA ELECTRONICS ANTI GOLPES DOBLE BOLSILLO AZUL,45.0,90.0,13.27,2026-08-05,50,PEN,,,Ripley PE,https://simple.ripley.com.pe/funda-case-disco-duro-externo-25-santofa-electronics-anti-golpes-doble-bolsillo-azul-pmp00002068037
20260805_055550,2026-08-05T06:10:56.266336+00:00,ripley_pe,disco_duro_memorias,20001133333,WESTERN DIGITAL,UNIDAD EN ESTADO SÓLIDO WD GREEN SN350 1TB NVME M.2 2280 PCIE GEN3 X4,849.0,1279.0,250.44,2026-08-05,34,PEN,,,Ripley PE,https://simple.ripley.com.pe/unidad-en-estado-solido-wd-green-sn350-1tb-nvme-m2-2280-pcie-gen3-x4-pmp20001133333
20260805_055550,2026-08-05T06:10:56.266336+00:00,ripley_pe,disco_duro_memorias,20001193704,GENÉRICO,MEMORIA RAM HIKSEMI DDR4 8GB 3200MHZ ARMOR,299.0,449.0,88.2,2026-08-05,33,PEN,,,Ripley PE,https://simple.ripley.com.pe/memoria-ram-hiksemi-ddr4-8gb-3200mhz-armor-pmp20001193704
20260805_055550,2026-08-05T06:10:56.266336+00:00,ripley_pe,disco_duro_memorias,20001193765,KINGSTON,"MEMORIA USB KINGSTON DATATRAVELER SE9 G3 DE 512GB, RÁPIDA Y COMPACTA CON USB 3.2 GEN 1 TIPO-A",339.0,509.0,100.0,2026-08-05,33,PEN,,,Ripley PE,https://simple.ripley.com.pe/memoria-usb-kingston-datatraveler-se9-g3-de-512gb-rapida-y-compacta-con-usb-32-gen-1-tipo-a-pmp20001193765
20260805_055550,2026-08-05T06:10:56.268356+00:00,ripley_pe,disco_duro_memorias,20001193600,KINGSTON,"SSD KINGSTON KC600 DE 512GB - 2.5' SATA, 550MB/S, COMPATIBLE CON ESCRITORIO Y PORTÁTIL, CIFRADO 256 BITS",839.0,1259.0,247.49,2026-08-05,33,PEN,,,Ripley PE,https://simple.ripley.com.pe/ssd-kingston-kc600-de-512gb-25-sata-550mbs-compatible-con-escritorio-y-portatil-cifrado-256-bits-pmp20001193600
20260805_055550,2026-08-05T06:10:56.273343+00:00,ripley_pe,disco_duro_memorias,20000036871,APPLE,ADAPTADOR APPLE CORRIENTE USB 5W,159.0,199.0,46.9,2026-08-05,20,PEN,,,Ripley PE,https://simple.ripley.com.pe/adaptador-apple-corriente-usb-5w-pmp20000036871
20260805_055550,2026-08-05T06:10:56.274356+00:00,ripley_pe,disco_duro_memorias,20000026463,GENÉRICO,USB MEMORIA 32GB ROBOT,59.0,80.0,17.4,2026-08-05,26,PEN,,,Ripley PE,https://simple.ripley.com.pe/usb-memoria-32gb-robot-pmp20000026463
20260805_055550,2026-08-05T06:10:56.274356+00:00,ripley_pe,disco_duro_memorias,20000046761,LDNIO,CABLE LDNIO LC102 65W USB-C A USB-C CARGA RÁPIDA 2M,35.0,60.0,10.32,2026-08-05,42,PEN,,,Ripley PE,https://simple.ripley.com.pe/cable-ldnio-lc102-65w-usb-c-a-usb-c-carga-rapida-2m-pmp20000046761
20260805_055550,2026-08-05T06:10:56.274356+00:00,ripley_pe,disco_duro_memorias,20001193715,KINGSTON,"MÓDULO RAM KINGSTON 32GB DDR4 3200MHZ PARA WORKSTATION Y DESKTOP, DIMM NO ECC, ALTO RENDIMIENTO",1229.0,1849.0,362.54,2026-08-05,34,PEN,,,Ripley PE,https://simple.ripley.com.pe/modulo-ram-kingston-32gb-ddr4-3200mhz-para-workstation-y-desktop-dimm-no-ecc-alto-rendimiento-pmp20001193715
20260805_055550,2026-08-05T06:10:56.275356+00:00,ripley_pe,disco_duro_memorias,20000026465,GENÉRICO,USB MEMORIA 16GB GOKUUUUU,49.0,59.0,14.45,2026-08-05,17,PEN,,,Ripley PE,https://simple.ripley.com.pe/usb-memoria-16gb-gokuuuuu-pmp20000026465
20260805_055550,2026-08-05T06:10:56.276356+00:00,ripley_pe,disco_duro_memorias,20001216243,LENOVO,SSD LENOVO THINKSYSTEM M.2 VA 960GB READ INTENSIVE SATA 6GB/S,16429.0,24649.0,4846.31,2026-08-05,33,PEN,,,Ripley PE,https://simple.ripley.com.pe/ssd-lenovo-thinksystem-m2-va-960gb-read-intensive-sata-6gbs-pmp20001216243
20260805_055550,2026-08-05T06:10:56.276356+00:00,ripley_pe,disco_duro_memorias,20001193802,KINGSTON,KINGSTON A400 240GB SSD 2.5' SATA III - VELOCIDAD HASTA 500MB/S - IDEAL PARA MEJORAR TU PC,279.0,419.0,82.3,2026-08-05,33,PEN,,,Ripley PE,https://simple.ripley.com.pe/kingston-a400-240gb-ssd-25-sata-iii-velocidad-hasta-500mbs-ideal-para-mejorar-tu-pc-pmp20001193802
20260805_055550,2026-08-05T06:10:56.277356+00:00,ripley_pe,disco_duro_memorias,20000026746,KINGSTON,DISCO SOLIDO KINGSTON 480GB SSD A400 SATA 6GBS 25 7MM,525.0,790.0,154.87,2026-08-05,34,PEN,,,Ripley PE,https://simple.ripley.com.pe/disco-solido-kingston-480gb-ssd-a400-sata-6gbs-25-7mm-pmp20000026746
20260805_055550,2026-08-05T06:10:56.277356+00:00,ripley_pe,disco_duro_memorias,00001305088,IBLUE,HUB IBLUE PORTATIL 4 PUERTOS USB 2.0 ALTA VELOCIDAD NEGRO,28.0,39.0,8.26,2026-08-05,28,PEN,,,Ripley PE,https://simple.ripley.com.pe/hub-iblue-portatil-4-puertos-usb-20-alta-velocidad-negro-pmp00001305088
20260805_055550,2026-08-05T06:10:59.883924+00:00,ripley_pe,disco_duro_memorias,20001133353,LEXAR,"DISCO SÓLIDO LEXAR 1TB, VELOCIDAD 3300MB/S LECTURA Y 2600MB/S ESCRITURA, RENDIMIENTO ULTRA RÁPIDO",679.0,1019.0,200.29,2026-08-05,33,PEN,,,Ripley PE,https://simple.ripley.com.pe/disco-solido-lexar-1tb-velocidad-3300mbs-lectura-y-2600mbs-escritura-rendimiento-ultra-rapido-pmp20001133353
20260805_055550,2026-08-05T06:10:59.884924+00:00,ripley_pe,disco_duro_memorias,20001193549,KINGSTON,SSD M.2 PCIE KINGSTON KC3000 DE 1.24TB - ALTA VELOCIDAD Y RENDIMIENTO PARA TU PC,1489.0,2239.0,439.23,2026-08-05,33,PEN,,,Ripley PE,https://simple.ripley.com.pe/ssd-m2-pcie-kingston-kc3000-de-124tb-alta-velocidad-y-rendimiento-para-tu-pc-pmp20001193549
20260805_055550,2026-08-05T06:10:59.884924+00:00,ripley_pe,disco_duro_memorias,20000136103,TOSHIBA,DISCO DURO EXTERNO TOSHIBA 2 TB DTB420,550.0,595.0,162.24,2026-08-05,8,PEN,,,Ripley PE,https://simple.ripley.com.pe/disco-duro-externo-toshiba-2-tb-dtb420-pmp20000136103
20260805_055550,2026-08-05T06:10:59.884924+00:00,ripley_pe,disco_duro_memorias,00001723909,GLOBAL SHOPEX,LECTOR DE TARJETAS DE MEMORIA FLASH USB 3.0 DE 2 RANURAS SABRENT SUPERSPEED PARA WINDOWS MAC LINUX Y CIERTOS SISTEMAS,119.0,149.0,35.1,2026-08-05,20,PEN,,,Ripley PE,https://simple.ripley.com.pe/lector-de-tarjetas-de-memoria-flash-usb-30-de-2-ranuras-sabrent-superspeed-para-windows-mac-linux-y-ciertos-sistemas-pmp00001723909
20260805_055550,2026-08-05T06:10:59.885924+00:00,ripley_pe,disco_duro_memorias,20001193617,KINGSTON,UNIDAD DE ESTADO SÓLIDO KINGSTON FURY RENEGADE 2TB M.2 2280 NVME 7300MB/S - COMPATIBLE CON PC Y PS5,2419.0,3629.0,713.57,2026-08-05,33,PEN,,,Ripley PE,https://simple.ripley.com.pe/unidad-de-estado-solido-kingston-fury-renegade-2tb-m2-2280-nvme-7300mbs-compatible-con-pc-y-ps5-pmp20001193617
20260805_055550,2026-08-05T06:10:59.885924+00:00,ripley_pe,disco_duro_memorias,20000150513,XTECH,ADAPTADOR XTECH 360 CABLE DATOS USBH MICRO USB,28.8,45.0,8.5,2026-08-05,36,PEN,,,Ripley PE,https://simple.ripley.com.pe/adaptador-xtech-360-cable-datos-usbh-micro-usb-pmp20000150513
20260805_055550,2026-08-05T06:10:59.886924+00:00,ripley_pe,disco_duro_memorias,20001193575,KINGSTON,SSD KINGSTON A400 480GB 2.5' SATA 600MB/S - RENDIMIENTO RÁPIDO Y CONFIABLE,429.0,649.0,126.55,2026-08-05,34,PEN,,,Ripley PE,https://simple.ripley.com.pe/ssd-kingston-a400-480gb-25-sata-600mbs-rendimiento-rapido-y-confiable-pmp20001193575
20260805_055550,2026-08-05T06:10:59.886924+00:00,ripley_pe,disco_duro_memorias,00001726369,GLOBAL SHOPEX,LECTOR TARJETA MEMORIA GLOBAL SHOPEX MICRO SD NTW TWINGO TARJETAS ADAPTADOR USB 2.0 OTG,109.0,139.0,32.15,2026-08-05,22,PEN,,,Ripley PE,https://simple.ripley.com.pe/lector-tarjeta-memoria-global-shopex-micro-sd-ntw-twingo-tarjetas-adaptador-usb-20-otg-pmp00001726369
20260805_055550,2026-08-05T06:10:59.886924+00:00,ripley_pe,disco_duro_memorias,20001194034,KINGSTON,MEMORIA USB 256GB KINGSTON KYSON METÁLICA PLATEADA - ALTA VELOCIDAD Y DISEÑO ELEGANTE,179.0,269.0,52.8,2026-08-05,33,PEN,,,Ripley PE,https://simple.ripley.com.pe/memoria-usb-256gb-kingston-kyson-metalica-plateada-alta-velocidad-y-diseno-elegante-pmp20001194034
20260805_055550,2026-08-05T06:10:59.887924+00:00,ripley_pe,disco_duro_memorias,20001193846,KINGSTON,MEMORIA RAM KINGSTON 16GB DDR4 3200MHZ CL22 288-PIN - RENDIMIENTO ÓPTIMO PARA PC,739.0,1109.0,217.99,2026-08-05,33,PEN,,,Ripley PE,https://simple.ripley.com.pe/memoria-ram-kingston-16gb-ddr4-3200mhz-cl22-288-pin-rendimiento-optimo-para-pc-pmp20001193846
20260805_055550,2026-08-05T06:10:59.887924+00:00,ripley_pe,disco_duro_memorias,00001580609,GLOBAL SHOPEX,DISIPADOR CALOR M.2 SSD GLOBAL SHOPEX DEAL4GO 2º SEGUNDO 2280 CUBIERTA DISCO DURO DELL ALIENWARE M15 R3 R4 M17 ET2VR0,159.0,199.0,46.9,2026-08-05,20,PEN,,,Ripley PE,https://simple.ripley.com.pe/disipador-calor-m2-ssd-global-shopex-deal4go-2-segundo-2280-cubierta-disco-duro-dell-alienware-m15-r3-r4-m17-et2vr0-pmp00001580609
20260805_055550,2026-08-05T06:10:59.889924+00:00,ripley_pe,disco_duro_memorias,20001193820,KINGSTON,KINGSTON NV3 500GB SSD M.2 2280 NVME 4.0 PARA PC Y LAPTOP - ALTA VELOCIDAD Y DURABILIDAD 160TB TBW,519.0,779.0,153.1,2026-08-05,33,PEN,,,Ripley PE,https://simple.ripley.com.pe/kingston-nv3-500gb-ssd-m2-2280-nvme-40-para-pc-y-laptop-alta-velocidad-y-durabilidad-160tb-tbw-pmp20001193820
20260805_055550,2026-08-05T06:10:59.889924+00:00,ripley_pe,disco_duro_memorias,20000404860,TOSHIBA,DISCO DURO EXTERNO TOSHIBA 4 TB 4TB CANVIO BASIC 3.0,792.0,,233.63,2026-08-05,,PEN,,,Ripley PE,https://simple.ripley.com.pe/disco-duro-externo-toshiba-4-tb-4tb-canvio-basic-30-pmp20000404860
20260805_055550,2026-08-05T06:10:59.889924+00:00,ripley_pe,disco_duro_memorias,20000150507,GENÉRICO,ADAPTADOR UNIVERSAL CONECTOR LAN RED A HEMBRA,27.9,45.0,8.23,2026-08-05,38,PEN,,,Ripley PE,https://simple.ripley.com.pe/adaptador-universal-conector-lan-red-a-hembra-pmp20000150507
20260805_055550,2026-08-05T06:10:59.890924+00:00,ripley_pe,disco_duro_memorias,20000026472,GENÉRICO,USB MEMORIA WINIEE POHH 32 GB,59.99,75.0,17.7,2026-08-05,20,PEN,,,Ripley PE,https://simple.ripley.com.pe/usb-memoria-winiee-pohh-32-gb-pmp20000026472
20260805_055550,2026-08-05T06:10:59.890924+00:00,ripley_pe,disco_duro_memorias,00001219954,SONY,SONY TARJETA DE MEMORIA SF-M128T,599.0,,176.7,2026-08-05,,PEN,,,Ripley PE,https://simple.ripley.com.pe/sony-tarjeta-de-memoria-sf-m128t-pmp00001219954
20260805_055550,2026-08-05T06:10:59.891924+00:00,ripley_pe,disco_duro_memorias,00002110505,TOSHIBA,DISCO DURO EXTERNO TOSHIBA CANVIO FLEX 1 TB SILVER HDTX110XSCAA,579.0,629.0,170.8,2026-08-05,8,PEN,,,Ripley PE,https://simple.ripley.com.pe/disco-duro-externo-toshiba-canvio-flex-1-tb-silver-hdtx110xscaa-pmp00002110505
20260805_055550,2026-08-05T06:10:59.891924+00:00,ripley_pe,disco_duro_memorias,20000150454,XTECH,ADAPTADOR XTECH XTC 515 USB-C A USB-A HEMBRA CABLE DATOS,49.5,70.0,14.6,2026-08-05,29,PEN,,,Ripley PE,https://simple.ripley.com.pe/adaptador-xtech-xtc-515-usb-c-a-usb-a-hembra-cable-datos-pmp20000150454
20260805_055550,2026-08-05T06:10:59.892924+00:00,ripley_pe,disco_duro_memorias,00001725353,GLOBAL SHOPEX,ICY DOCK TOOL-LESS M.2 SATA SSD A SATA SSD DE 2.5 ' - EZCONVERT MB703M2P-B,159.0,199.0,46.9,2026-08-05,20,PEN,,,Ripley PE,https://simple.ripley.com.pe/icy-dock-tool-less-m2-sata-ssd-a-sata-ssd-de-25-ezconvert-mb703m2p-b-pmp00001725353
20260805_055550,2026-08-05T06:10:59.892924+00:00,ripley_pe,disco_duro_memorias,20001193734,ELISE,"UPS INTERACTIVO ELISE AUR-2200-LCD-USB, 2200VA/1200W, CONEXIÓN USB-HID, PROTECCIÓN EFICIENTE",899.0,1349.0,265.19,2026-08-05,33,PEN,,,Ripley PE,https://simple.ripley.com.pe/ups-interactivo-elise-aur-2200-lcd-usb-2200va1200w-conexion-usb-hid-proteccion-eficiente-pmp20001193734
20260805_055550,2026-08-05T06:10:59.893924+00:00,ripley_pe,disco_duro_memorias,20000046494,SONY,SONY TARJETA DE MEMORIA CFEXPRESS TIPO A DE LA SERIE CEA-G | CEA-G160T,1399.0,2999.01,412.68,2026-08-05,53,PEN,,,Ripley PE,https://simple.ripley.com.pe/sony-tarjeta-de-memoria-cfexpress-tipo-a-de-la-serie-cea-g-cea-g160t-pmp20000046494
20260805_055550,2026-08-05T06:10:59.893924+00:00,ripley_pe,disco_duro_memorias,20000150569,GENÉRICO,ADAPTADOR UNIVERSAL BLUETOOTH 5.0 CONECTOR 3.5MM RECEPTOR,27.9,49.9,8.23,2026-08-05,44,PEN,,,Ripley PE,https://simple.ripley.com.pe/adaptador-universal-bluetooth-50-conector-35mm-receptor-pmp20000150569
20260805_055550,2026-08-05T06:10:59.893924+00:00,ripley_pe,disco_duro_memorias,20001162096,QNAP,"QNAP TS-664 6 BAHÍAS NAS 0TB, ALMACENAMIENTO RÁPIDO Y EXPANDIBLE PARA TU HOGAR U OFICINA",5479.0,8219.0,1616.22,2026-08-05,33,PEN,,,Ripley PE,https://simple.ripley.com.pe/qnap-ts-664-6-bahias-nas-0tb-almacenamiento-rapido-y-expandible-para-tu-hogar-u-oficina-pmp20001162096
20260805_055550,2026-08-05T06:10:59.894924+00:00,ripley_pe,disco_duro_memorias,20001193703,KINGSTON,"MEMORIA FLASH KINGSTON DATATRAVELER MICRO 64GB USB ULTRAPEQUEÑA DE METAL PREMIUM, RÁPIDA Y COMPACTA",79.0,119.0,23.3,2026-08-05,34,PEN,,,Ripley PE,https://simple.ripley.com.pe/memoria-flash-kingston-datatraveler-micro-64gb-usb-ultrapequena-de-metal-premium-rapida-y-compacta-pmp20001193703
20260805_055550,2026-08-05T06:10:59.894924+00:00,ripley_pe,disco_duro_memorias,20000083297,SONY,SONY TARJETA DE MEMORIA CFEXPRESS TIPO A DE LA SERIE CEA-G,699.0,1499.0,206.19,2026-08-05,53,PEN,,,Ripley PE,https://simple.ripley.com.pe/sony-tarjeta-de-memoria-cfexpress-tipo-a-de-la-serie-cea-g-pmp20000083297
20260805_055550,2026-08-05T06:11:04.688799+00:00,ripley_pe,tablets,2004362748943,SAMSUNG,TABLET SAMSUNG S10 LITE 10.9” 128GB,1299.0,1649.0,383.19,2026-08-05,21,PEN,,,Ripley PE,https://simple.ripley.com.pe/tablet-samsung-s10-lite-109-128gb-2004362748943p
20260805_055550,2026-08-05T06:11:04.689798+00:00,ripley_pe,tablets,2004367413747,SAMSUNG,TABLET SAMSUNG GALAXY TAB A11+ 11” 128GB,799.0,899.0,235.69,2026-08-05,11,PEN,,,Ripley PE,https://simple.ripley.com.pe/tablet-samsung-galaxy-tab-a11-11-128gb-2004367413747p
20260805_055550,2026-08-05T06:11:04.690798+00:00,ripley_pe,tablets,2004361276713,LENOVO,TABLET LENOVO TAB ONE 8.7” 128GB + FOLIO CASE,449.0,599.0,132.45,2026-08-05,25,PEN,,,Ripley PE,https://simple.ripley.com.pe/tablet-lenovo-tab-one-87-128gb-folio-case-2004361276713p
20260805_055550,2026-08-05T06:11:04.690798+00:00,ripley_pe,tablets,20001515882,APPLE,APPLE IPAD WIFI 11TH GEN (128GB) - PLATA,1539.0,2052.0,453.98,2026-08-05,25,PEN,,,Ripley PE,https://simple.ripley.com.pe/apple-ipad-wifi-11th-gen-128gb-plata-pmp20001515882
20260805_055550,2026-08-05T06:11:04.691798+00:00,ripley_pe,tablets,2004352446682,LENOVO,"TABLET LENOVO IDEA TAB PRO 12.7"" 256 GB",1899.0,1999.0,560.18,2026-08-05,5,PEN,,,Ripley PE,https://simple.ripley.com.pe/tablet-lenovo-idea-tab-pro-127-256-gb-2004352446682p
20260805_055550,2026-08-05T06:11:04.691798+00:00,ripley_pe,tablets,2004373665659,APPLE,IPAD A16 11” 128GB,1599.0,2099.0,471.68,2026-08-05,24,PEN,,,Ripley PE,https://simple.ripley.com.pe/ipad-a16-11-128gb-2004373665659p
20260805_055550,2026-08-05T06:11:04.692798+00:00,ripley_pe,tablets,2004357735590,SAMSUNG,TABLET SAMSUNG GALAXY TAB S10 FE 128GB + COVER,1799.0,2249.0,530.68,2026-08-05,20,PEN,,,Ripley PE,https://simple.ripley.com.pe/tablet-samsung-galaxy-tab-s10-fe-128gb-cover-2004357735590p
20260805_055550,2026-08-05T06:11:04.693798+00:00,ripley_pe,tablets,20001515881,APPLE,APPLE IPAD WIFI 11TH GEN (128GB) - AZUL,1969.0,2625.33,580.83,2026-08-05,25,PEN,,,Ripley PE,https://simple.ripley.com.pe/apple-ipad-wifi-11th-gen-128gb-azul-pmp20001515881
20260805_055550,2026-08-05T06:11:04.693798+00:00,ripley_pe,tablets,2004373665666,APPLE,IPAD A16 11” 128GB,1599.0,2099.0,471.68,2026-08-05,24,PEN,,,Ripley PE,https://simple.ripley.com.pe/ipad-a16-11-128gb-2004373665666p
20260805_055550,2026-08-05T06:11:04.694806+00:00,ripley_pe,tablets,2065363030819,HONOR,TABLET HONOR PAD X9A 11.5” 128GB,899.0,999.0,265.19,2026-08-05,10,PEN,,,Ripley PE,https://simple.ripley.com.pe/tablet-honor-pad-x9a-115-128gb-2065363030819p
20260805_055550,2026-08-05T06:11:04.695826+00:00,ripley_pe,tablets,2004367413754,SAMSUNG,TABLET SAMSUNG GALAXY TAB A11 8.7” 64GB,499.0,,147.2,2026-08-05,,PEN,,,Ripley PE,https://simple.ripley.com.pe/tablet-samsung-galaxy-tab-a11-87-64gb-2004367413754p
20260805_055550,2026-08-05T06:11:04.696820+00:00,ripley_pe,tablets,20001355784,APPLE,IPAD AIR 11' (2026) CHIP M4 WIFI - 128GB | SPACE GRAY,2749.0,3169.0,810.91,2026-08-05,13,PEN,,,Ripley PE,https://simple.ripley.com.pe/ipad-air-11-2026-chip-m4-wifi-128gb-space-gray-pmp20001355784
20260805_055550,2026-08-05T06:11:04.696820+00:00,ripley_pe,tablets,2004364952249,LENOVO,TABLET LENOVO IDEA TAB 11” 128GB,669.0,819.0,197.35,2026-08-05,18,PEN,,,Ripley PE,https://simple.ripley.com.pe/tablet-lenovo-idea-tab-11-128gb-2004364952249p
20260805_055550,2026-08-05T06:11:04.697819+00:00,ripley_pe,tablets,2004364996489,LENOVO,"TABLET LENOVO IDEA TAB MEDIATEK DIMENSITY6300 8GB RAM 128GB 11."" 2.5K 90Hz",949.0,999.0,279.94,2026-08-05,5,PEN,,,Ripley PE,https://simple.ripley.com.pe/tablet-lenovo-idea-tab-mediatek-dimensity6300-8gb-ram-128gb-11-25k-90hz-2004364996489p
20260805_055550,2026-08-05T06:11:04.698819+00:00,ripley_pe,tablets,2004369628958,LENOVO,"TABLET LENOVO IDEA TAB PLUS MEDIATEK DIMENSITY 6400 8GB RAM 256GB 12.1"" 2.5K 90HZ",1349.0,1399.0,397.94,2026-08-05,4,PEN,,,Ripley PE,https://simple.ripley.com.pe/tablet-lenovo-idea-tab-plus-mediatek-dimensity-6400-8gb-ram-256gb-121-25k-90hz-2004369628958p
20260805_055550,2026-08-05T06:11:04.698819+00:00,ripley_pe,tablets,20001172321,HONOR,TABLET HONOR PAD X7 4GB+128GB WIFI,449.0,499.0,132.45,2026-08-05,10,PEN,,,Ripley PE,https://simple.ripley.com.pe/tablet-honor-pad-x7-4gb128gb-wifi-pmp20001172321
20260805_055550,2026-08-05T06:11:04.699818+00:00,ripley_pe,tablets,20001189384,LENOVO,TABLET IDEA TAB 8GB 256GB 11' 5G INCLUYE TECLADO + LÁPIZ,1199.0,1799.0,353.69,2026-08-05,33,PEN,,,Ripley PE,https://simple.ripley.com.pe/tablet-idea-tab-8gb-256gb-11-5g-incluye-teclado-lapiz-pmp20001189384
20260805_055550,2026-08-05T06:11:04.700818+00:00,ripley_pe,tablets,2004363822130,SAMSUNG,GALAXY TAB S11 WITH KEYBOARD COVER GRAY,2999.0,4099.0,884.66,2026-08-05,27,PEN,,,Ripley PE,https://simple.ripley.com.pe/galaxy-tab-s11-with-keyboard-cover-gray-2004363822130p
20260805_055550,2026-08-05T06:11:04.700818+00:00,ripley_pe,tablets,2021364922638,HONOR,TABLET HONOR PAD X7 8.7” 128GB,469.0,499.0,138.35,2026-08-05,6,PEN,,,Ripley PE,https://simple.ripley.com.pe/tablet-honor-pad-x7-87-128gb-2021364922638p
20260805_055550,2026-08-05T06:11:04.701818+00:00,ripley_pe,tablets,2004357735606,SAMSUNG,TABLET SAMSUNG TAB S10 FE PLUS 13.1” 128GB + COVER,2499.0,3049.0,737.17,2026-08-05,18,PEN,,,Ripley PE,https://simple.ripley.com.pe/tablet-samsung-tab-s10-fe-plus-131-128gb-cover-2004357735606p
20260805_055550,2026-08-05T06:11:04.702818+00:00,ripley_pe,tablets,20001333172,LENOVO,TABLET IDEA TAB PLUS 8GB 256GB +TECLADO + LÁPIZ + EARBUDS+ADP,1399.0,1999.0,412.68,2026-08-05,30,PEN,,,Ripley PE,https://simple.ripley.com.pe/tablet-idea-tab-plus-8gb-256gb-teclado-lapiz-earbudsadp-pmp20001333172
20260805_055550,2026-08-05T06:11:04.702818+00:00,ripley_pe,tablets,20000489274,HUAWEI,"TABLET HUAWEI MATEPAD SE 11"" 8 + 128GB GRIS + M-PEN LITE",749.0,1199.0,220.94,2026-08-05,38,PEN,,,Ripley PE,https://simple.ripley.com.pe/tablet-huawei-matepad-se-11-8-128gb-gris-m-pen-lite-pmp20000489274
20260805_055550,2026-08-05T06:11:04.703818+00:00,ripley_pe,tablets,20001449765,AMAZON,KINDLE E-READER AMAZON 16GB,469.0,549.0,138.35,2026-08-05,15,PEN,,,Ripley PE,https://simple.ripley.com.pe/kindle-e-reader-amazon-16gb-pmp20001449765
20260805_055550,2026-08-05T06:11:04.703818+00:00,ripley_pe,tablets,20001494448,GENÉRICO,FUNDA SMART CASE DE IPAD A16 CHIP 11MA GEN (2025) 10MA 10.9 -ROSA,49.99,79.0,14.75,2026-08-05,37,PEN,,,Ripley PE,https://simple.ripley.com.pe/funda-smart-case-de-ipad-a16-chip-11ma-gen-2025-10ma-109-rosa-pmp20001494448
20260805_055550,2026-08-05T06:11:04.704818+00:00,ripley_pe,tablets,20001530368,LENOVO,TABLET IDEA TAB PRO GEN 2 SNAPDRAGON 8S GEN 4 8GB 256 GB 13' 3.5K + GARANTÍA ADP ONE,1999.0,2699.0,589.68,2026-08-05,26,PEN,,,Ripley PE,https://simple.ripley.com.pe/tablet-idea-tab-pro-gen-2-snapdragon-8s-gen-4-8gb-256-gb-13-35k-garantia-adp-one-pmp20001530368
20260805_055550,2026-08-05T06:11:04.705825+00:00,ripley_pe,tablets,2065363030826,HONOR,TABLET HONOR PAD 10 12.1” 256GB,1699.0,,501.18,2026-08-05,,PEN,,,Ripley PE,https://simple.ripley.com.pe/tablet-honor-pad-10-121-256gb-2065363030826p
20260805_055550,2026-08-05T06:11:04.705825+00:00,ripley_pe,tablets,2004371789043,XIAOMI,TABLET XIAOMI REDMI PAD 2 PRO 12.1” 128GB,1099.0,1349.0,324.19,2026-08-05,19,PEN,,,Ripley PE,https://simple.ripley.com.pe/tablet-xiaomi-redmi-pad-2-pro-121-128gb-2004371789043p
20260805_055550,2026-08-05T06:11:04.706819+00:00,ripley_pe,tablets,20001163587,HUAWEI,"TABLET HUAWEI MATEPAD 12X 2025 PAPERMATTE 12+256GB VERDE | INCLUYE TECLADO, M-PENCIL, MOUSE",2499.0,2999.0,737.17,2026-08-05,17,PEN,,,Ripley PE,https://simple.ripley.com.pe/tablet-huawei-matepad-12x-2025-papermatte-12256gb-verde-incluye-teclado-m-pencil-mouse-pmp20001163587
20260805_055550,2026-08-05T06:11:04.707818+00:00,ripley_pe,tablets,20000283170,GENÉRICO,"CASE IPAD AIR 4 5 OEM 10.9"" FUNDA PREMIUM + PORTA PENCIL NEGRO",84.9,,25.04,2026-08-05,,PEN,,,Ripley PE,https://simple.ripley.com.pe/case-ipad-air-4-5-oem-109-funda-premium-porta-pencil-negro-pmp20000283170
20260805_055550,2026-08-05T06:11:04.707818+00:00,ripley_pe,tablets,20001065946,UNALUKA,REDMAGIC ASTRA GAMING TABLET 3PRO 256GB NEGRO,3815.0,4578.0,1125.37,2026-08-05,17,PEN,,,Ripley PE,https://simple.ripley.com.pe/redmagic-astra-gaming-tablet-3pro-256gb-negro-pmp20001065946
20260805_055550,2026-08-05T06:11:04.708818+00:00,ripley_pe,tablets,20000378985,GENÉRICO,LÁPIZ TOUCH ÓPTICO TABLET IPAD,32.0,66.9,9.44,2026-08-05,52,PEN,,,Ripley PE,https://simple.ripley.com.pe/lapiz-touch-optico-tablet-ipad-pmp20000378985
20260805_055550,2026-08-05T06:11:04.708818+00:00,ripley_pe,tablets,20001273797,GENÉRICO,CASE PARA GALAXY TAB A11 8.7 X130 X133 FUNDA ESTUCHE NEGRO,78.5,,23.16,2026-08-05,,PEN,,,Ripley PE,https://simple.ripley.com.pe/case-para-galaxy-tab-a11-87-x130-x133-funda-estuche-negro-pmp20001273797
20260805_055550,2026-08-05T06:11:04.710324+00:00,ripley_pe,tablets,20001161966,GENÉRICO,FUNDA PARA IPAD PRO M4 13' IMANTADA+ PORTALÁPIZ NEGRO,109.9,149.9,32.42,2026-08-05,27,PEN,,,Ripley PE,https://simple.ripley.com.pe/funda-para-ipad-pro-m4-13-imantada-portalapiz-negro-pmp20001161966
20260805_055550,2026-08-05T06:11:04.711328+00:00,ripley_pe,tablets,20001347705,SAMSUNG,TABLET SAMSUNG GALAXY TAB A11 8.7' 4GB 64GB GRIS,489.0,1079.0,144.25,2026-08-05,55,PEN,,,Ripley PE,https://simple.ripley.com.pe/tablet-samsung-galaxy-tab-a11-87-4gb-64gb-gris-pmp20001347705
20260805_055550,2026-08-05T06:11:04.712337+00:00,ripley_pe,tablets,20001008679,GENÉRICO,CASE CON TECLADO MAGNÉTICO PARA GALAXY TAB S8 ULTRA X900,599.9,,176.96,2026-08-05,,PEN,,,Ripley PE,https://simple.ripley.com.pe/case-con-teclado-magnetico-para-galaxy-tab-s8-ultra-x900-pmp20001008679
20260805_055550,2026-08-05T06:11:04.713335+00:00,ripley_pe,tablets,2004358655750,LENOVO,TABLET LENOVO YOGA TAB PLUS 12.7” 256GB,2699.0,2799.0,796.17,2026-08-05,4,PEN,,,Ripley PE,https://simple.ripley.com.pe/tablet-lenovo-yoga-tab-plus-127-256gb-2004358655750p
20260805_055550,2026-08-05T06:11:04.714328+00:00,ripley_pe,tablets,20001239496,GENÉRICO,SOPORTE DE TABLET CELULAR PARA ESCRITORIO PLEGABLE GIRATORIO,49.9,80.0,14.72,2026-08-05,38,PEN,,,Ripley PE,https://simple.ripley.com.pe/soporte-de-tablet-celular-para-escritorio-plegable-giratorio-pmp20001239496
20260805_055550,2026-08-05T06:11:04.715342+00:00,ripley_pe,tablets,20001340150,XIAOMI,TABLET XIAOMI REDMI PAD 2 256GB 8GB | LAVANDA PÚRPURA,949.0,1099.0,279.94,2026-08-05,14,PEN,,,Ripley PE,https://simple.ripley.com.pe/tablet-xiaomi-redmi-pad-2-256gb-8gb-lavanda-purpura-pmp20001340150
20260805_055550,2026-08-05T06:11:04.716336+00:00,ripley_pe,tablets,2004370558589,ACER,"TABLET ACER X12-11 MTK MT8781 8GB RAM 12GB 12.5""",1309.0,1799.0,386.14,2026-08-05,27,PEN,,,Ripley PE,https://simple.ripley.com.pe/tablet-acer-x12-11-mtk-mt8781-8gb-ram-12gb-125-2004370558589p
20260805_055550,2026-08-05T06:11:04.716336+00:00,ripley_pe,tablets,20001481542,APPLE,APPLE PENCIL PRO (2024),479.0,579.0,141.3,2026-08-05,17,PEN,,,Ripley PE,https://simple.ripley.com.pe/apple-pencil-pro-2024-pmp20001481542
20260805_055550,2026-08-05T06:11:04.717334+00:00,ripley_pe,tablets,20000870146,SAMSUNG,TABLET SAMSUNG GALAXY TAB S10 FE GRAY 256GB SM-X520NZAEPEO,2319.0,2749.0,684.07,2026-08-05,16,PEN,,,Ripley PE,https://simple.ripley.com.pe/tablet-samsung-galaxy-tab-s10-fe-gray-256gb-sm-x520nzaepeo-pmp20000870146
20260805_055550,2026-08-05T06:11:04.718334+00:00,ripley_pe,tablets,2004374462448,XIAOMI,TABLET XIAOMI REDMI PAD 2 9.7” 128GB,699.0,799.0,206.19,2026-08-05,13,PEN,,,Ripley PE,https://simple.ripley.com.pe/tablet-xiaomi-redmi-pad-2-97-128gb-2004374462448p
20260805_055550,2026-08-05T06:11:04.718334+00:00,ripley_pe,tablets,20000468458,LENOVO,TABLET  TAB PLUS MEDIATEK HELIO G99 8GB 256GB 2K 11.5',1049.0,1899.0,309.44,2026-08-05,45,PEN,,,Ripley PE,https://simple.ripley.com.pe/tablet-tab-plus-mediatek-helio-g99-8gb-256gb-2k-115-pmp20000468458
20260805_055550,2026-08-05T06:11:04.719334+00:00,ripley_pe,tablets,20000870152,SAMSUNG,TABLET SAMSUNG GALAXY TAB S10 FE BLUE 128GB SM-X520NLBAPEO,1999.0,2249.0,589.68,2026-08-05,11,PEN,,,Ripley PE,https://simple.ripley.com.pe/tablet-samsung-galaxy-tab-s10-fe-blue-128gb-sm-x520nlbapeo-pmp20000870152
20260805_055550,2026-08-05T06:11:04.720334+00:00,ripley_pe,tablets,20001188657,LENOVO,Tablet Lenovo Idea Tab MediaTek 8GB RAM - 128GB 11'' Incluye Tab Pen Plus y Funda Folio Case,929.0,1499.0,274.04,2026-08-05,38,PEN,,,Ripley PE,https://simple.ripley.com.pe/tablet-lenovo-idea-tab-mediatek-8gb-ram-128gb-11-incluye-tab-pen-plus-y-funda-folio-case-pmp20001188657
20260805_055550,2026-08-05T06:11:04.720334+00:00,ripley_pe,tablets,20001163583,HUAWEI,"TABLET HUAWEI MATEPAD 12X 2025 PAPERMATTE 12+256GB BLANCO | INCLUYE TECLADO, M-PENCIL, MOUSE",2499.0,2999.0,737.17,2026-08-05,17,PEN,,,Ripley PE,https://simple.ripley.com.pe/tablet-huawei-matepad-12x-2025-papermatte-12256gb-blanco-incluye-teclado-m-pencil-mouse-pmp20001163583
20260805_055550,2026-08-05T06:11:04.721334+00:00,ripley_pe,tablets,20001249350,ONEPLUS,ONEPLUS PAD 3 AZUL TORMENTA OPD2415 SNAPDRAGON,3445.0,4134.0,1016.22,2026-08-05,17,PEN,,,Ripley PE,https://simple.ripley.com.pe/oneplus-pad-3-azul-tormenta-opd2415-snapdragon-pmp20001249350
20260805_055550,2026-08-05T06:11:04.721334+00:00,ripley_pe,tablets,20001340101,XIAOMI,TABLET XIAOMI POCO PAD M1 256GB 8GB | AZUL,1249.0,1439.0,368.44,2026-08-05,13,PEN,,,Ripley PE,https://simple.ripley.com.pe/tablet-xiaomi-poco-pad-m1-256gb-8gb-azul-pmp20001340101
20260805_055550,2026-08-05T06:11:08.856989+00:00,ripley_pe,tablets,20000420477,HUAWEI,"TABLET HUAWEI MATEPAD SE 11"" 8 + 128GB AZUL + M-PEN LITE",749.0,1099.0,220.94,2026-08-05,32,PEN,,,Ripley PE,https://simple.ripley.com.pe/tablet-huawei-matepad-se-11-8-128gb-azul-m-pen-lite-pmp20000420477
20260805_055550,2026-08-05T06:11:08.857989+00:00,ripley_pe,tablets,20000797911,APPLE,IPAD 11' (2025) 11VA GEN CHIP A16 (WI-FI) 256GB APPLE,1999.0,2299.0,589.68,2026-08-05,13,PEN,,,Ripley PE,https://simple.ripley.com.pe/ipad-11-2025-11va-gen-chip-a16-wi-fi-256gb-apple-pmp20000797911
20260805_055550,2026-08-05T06:11:08.857989+00:00,ripley_pe,tablets,20001099805,HUAWEI,"TABLET HUAWEI MATEPAD 11.5 2025 PAPERMATTE 8+256 GB GRIS | CON TECLADO, M-PENCIL 3RA GEN, MOUSE",1799.0,2099.0,530.68,2026-08-05,14,PEN,,,Ripley PE,https://simple.ripley.com.pe/tablet-huawei-matepad-115-2025-papermatte-8256-gb-gris-con-teclado-m-pencil-3ra-gen-mouse-pmp20001099805
20260805_055550,2026-08-05T06:11:08.858989+00:00,ripley_pe,tablets,2004373340709,HONOR,TABLET HONOR PAD X8B 11” 128GB,749.0,799.0,220.94,2026-08-05,6,PEN,,,Ripley PE,https://simple.ripley.com.pe/tablet-honor-pad-x8b-11-128gb-2004373340709p
20260805_055550,2026-08-05T06:11:08.859989+00:00,ripley_pe,tablets,2004374462431,XIAOMI,TABLET XIAOMI REDMI PAD 2 9.7” 128GB,699.0,799.0,206.19,2026-08-05,13,PEN,,,Ripley PE,https://simple.ripley.com.pe/tablet-xiaomi-redmi-pad-2-97-128gb-2004374462431p
20260805_055550,2026-08-05T06:11:08.859989+00:00,ripley_pe,tablets,20000754193,LENOVO,TABLET  YOGA TAB PLUS SNAPDRAGON 8 GEN 3 16GB 256GB 3K 12.7',2699.0,3199.0,796.17,2026-08-05,16,PEN,,,Ripley PE,https://simple.ripley.com.pe/tablet-yoga-tab-plus-snapdragon-8-gen-3-16gb-256gb-3k-127-pmp20000754193
20260805_055550,2026-08-05T06:11:08.860989+00:00,ripley_pe,tablets,20001340109,XIAOMI,TABLET XIAOMI PAD 7 AI 256GB 8GB | AZUL,1549.0,2329.0,456.93,2026-08-05,33,PEN,,,Ripley PE,https://simple.ripley.com.pe/tablet-xiaomi-pad-7-ai-256gb-8gb-azul-pmp20001340109
20260805_055550,2026-08-05T06:11:08.860989+00:00,ripley_pe,tablets,20001355777,APPLE,IPAD AIR 11' (2026) CHIP M4 WIFI - 256GB | PURPLE,3349.0,3859.0,987.91,2026-08-05,13,PEN,,,Ripley PE,https://simple.ripley.com.pe/ipad-air-11-2026-chip-m4-wifi-256gb-purple-pmp20001355777
20260805_055550,2026-08-05T06:11:08.861989+00:00,ripley_pe,tablets,20000797912,APPLE,IPAD 11' (2025) 11VA GEN CHIP A16 WIFI 128GB,1449.0,1669.0,427.43,2026-08-05,13,PEN,,,Ripley PE,https://simple.ripley.com.pe/ipad-11-2025-11va-gen-chip-a16-wifi-128gb-pmp20000797912
20260805_055550,2026-08-05T06:11:08.862989+00:00,ripley_pe,tablets,20001168186,LENOVO,TABLET LENOVO TAB 101 TB311XU 4G LTE 128GB EMMC 4GB RAM+FOLIO CASE-ZAEJ0105PE,659.0,969.0,194.4,2026-08-05,32,PEN,,,Ripley PE,https://simple.ripley.com.pe/tablet-lenovo-tab-101-tb311xu-4g-lte-128gb-emmc-4gb-ramfolio-case-zaej0105pe-pmp20001168186
20260805_055550,2026-08-05T06:11:08.862989+00:00,ripley_pe,tablets,20001377139,APPLE,APPLE PENCIL USB-C,359.0,409.0,105.9,2026-08-05,12,PEN,,,Ripley PE,https://simple.ripley.com.pe/apple-pencil-usb-c-pmp20001377139
20260805_055550,2026-08-05T06:11:08.863993+00:00,ripley_pe,tablets,20001549015,LENOVO,TABLET LENOVO IDEA TAB 128GB 8GB RAM CÁMARA 8MP LUNA GREY,999.0,,294.69,2026-08-05,,PEN,,,Ripley PE,https://simple.ripley.com.pe/tablet-lenovo-idea-tab-128gb-8gb-ram-camara-8mp-luna-grey-pmp20001549015
20260805_055550,2026-08-05T06:11:08.863993+00:00,ripley_pe,tablets,20001250320,BLACKVIEW,TABLET BLACKVIEW TAB 60 PRO 10.1 128GB 8GB GREY,566.0,679.0,166.96,2026-08-05,17,PEN,,,Ripley PE,https://simple.ripley.com.pe/tablet-blackview-tab-60-pro-101-128gb-8gb-grey-pmp20001250320
20260805_055550,2026-08-05T06:11:08.864989+00:00,ripley_pe,tablets,20000853034,AILUN,5 PUNTAS REPUESTO PARA GALAXY TAB S10 FE Y TAB S10 FE PLUS,28.0,46.0,8.26,2026-08-05,39,PEN,,,Ripley PE,https://simple.ripley.com.pe/5-puntas-repuesto-para-galaxy-tab-s10-fe-y-tab-s10-fe-plus-pmp20000853034
20260805_055550,2026-08-05T06:11:08.864989+00:00,ripley_pe,tablets,20001510644,GENÉRICO,MESA ESCRITORIO DE ALMOHADILLA COJÍN PORTÁTIL PARA LAPTOP LV-12,59.0,89.0,17.4,2026-08-05,34,PEN,,,Ripley PE,https://simple.ripley.com.pe/mesa-escritorio-de-almohadilla-cojin-portatil-para-laptop-lv-12-pmp20001510644
20260805_055550,2026-08-05T06:11:08.865992+00:00,ripley_pe,tablets,20001207737,SAMSUNG,TABLET SAMSUNG GALAXY TAB S10 LITE GRAY 128GB SM-X400NZAAPEO,1529.0,1649.0,451.03,2026-08-05,7,PEN,,,Ripley PE,https://simple.ripley.com.pe/tablet-samsung-galaxy-tab-s10-lite-gray-128gb-sm-x400nzaapeo-pmp20001207737
20260805_055550,2026-08-05T06:11:08.866995+00:00,ripley_pe,tablets,20001352264,LENOVO,TABLET LENOVO IDEA TAB PLUS CON FUNDA TECLADO + LÁPIZ 12.1' 256GB 8GB GREY,1366.0,1475.0,402.95,2026-08-05,7,PEN,,,Ripley PE,https://simple.ripley.com.pe/tablet-lenovo-idea-tab-plus-con-funda-teclado-lapiz-121-256gb-8gb-grey-pmp20001352264
20260805_055550,2026-08-05T06:11:08.866995+00:00,ripley_pe,tablets,20000236133,SAMSUNG,TABLET SAMSUNG GALAXY TAB S9 FE+,3713.5,6142.95,1095.43,2026-08-05,40,PEN,,,Ripley PE,https://simple.ripley.com.pe/tablet-samsung-galaxy-tab-s9-fe-pmp20000236133
20260805_055550,2026-08-05T06:11:08.867989+00:00,ripley_pe,tablets,20001246713,XP PEN,XP-PEN DECO 640 TABLETA GRÁFICA WINDOWS MACOS 13 14 ANDROID  LEVEL 16384,179.9,219.0,53.07,2026-08-05,18,PEN,,,Ripley PE,https://simple.ripley.com.pe/xp-pen-deco-640-tableta-grafica-windows-macos-13-14-android-level-16384-pmp20001246713
20260805_055550,2026-08-05T06:11:08.867989+00:00,ripley_pe,tablets,20000798460,APPLE,iPad Mini (A17 Pro) WIFI 128GB Purple,2420.0,3795.0,713.86,2026-08-05,36,PEN,,,Ripley PE,https://simple.ripley.com.pe/ipad-mini-a17-pro-wifi-128gb-purple-pmp20000798460
20260805_055550,2026-08-05T06:11:08.868989+00:00,ripley_pe,tablets,20001355791,SAMSUNG,TABLET SAMSUNG GALAXY TAB A11 8.7' SM-X133NZAAPEO 4GB RAM 64GB -GRIS,479.0,999.0,141.3,2026-08-05,52,PEN,,,Ripley PE,https://simple.ripley.com.pe/tablet-samsung-galaxy-tab-a11-87-sm-x133nzaapeo-4gb-ram-64gb-gris-pmp20001355791
20260805_055550,2026-08-05T06:11:08.868989+00:00,ripley_pe,tablets,20001333341,LENOVO,LENOVO TAB PEN PLUS,17250.0,,5088.5,2026-08-05,,PEN,,,Ripley PE,https://simple.ripley.com.pe/lenovo-tab-pen-plus-pmp20001333341
20260805_055550,2026-08-05T06:11:08.869989+00:00,ripley_pe,tablets,2004365818841,HUAWEI,"TABLET HUAWEI MATEPAD SE 11"" 8 + 128GB GRIS + M-PEN LITE",999.0,,294.69,2026-08-05,,PEN,,,Ripley PE,https://simple.ripley.com.pe/tablet-huawei-matepad-se-11-8-128gb-gris-m-pen-lite-2004365818841p
20260805_055550,2026-08-05T06:11:08.869989+00:00,ripley_pe,tablets,00002964557,SEISA,TECLADO BLUETOOTH SEISA INALÁMBRICO TV LAPTOP PC MARCA BLANCO SLIM,34.9,50.0,10.29,2026-08-05,30,PEN,,,Ripley PE,https://simple.ripley.com.pe/teclado-bluetooth-seisa-inalambrico-tv-laptop-pc-marca-blanco-slim-pmp00002964557
20260805_055550,2026-08-05T06:11:08.870989+00:00,ripley_pe,tablets,20001492280,AILUN,"CASE FUNDA PROTECTOR PARA MACBOOK NEO 13, 2026 A3404 + MICA + COBERTOR TECLADO",65.0,119.0,19.17,2026-08-05,45,PEN,,,Ripley PE,https://simple.ripley.com.pe/case-funda-protector-para-macbook-neo-13-2026-a3404-mica-cobertor-teclado-pmp20001492280
20260805_055550,2026-08-05T06:11:08.870989+00:00,ripley_pe,tablets,20001284674,LENOVO,"TABLET LENOVO IDEA TAB PRO 12,7' LCD 3K MEDIATEK DIMENSITY 8300 8GB RAM 128GB INCLUYE LÁPIZ Y FUNDA",1549.0,1789.0,456.93,2026-08-05,13,PEN,,,Ripley PE,https://simple.ripley.com.pe/tablet-lenovo-idea-tab-pro-127-lcd-3k-mediatek-dimensity-8300-8gb-ram-128gb-incluye-lapiz-y-funda-pmp20001284674
20260805_055550,2026-08-05T06:11:08.871989+00:00,ripley_pe,tablets,20001237115,SAMSUNG,SAMSUNG GALAXY TAB S10 FE 10.9' 128GB WIFI | PLATA,2399.0,2759.0,707.67,2026-08-05,13,PEN,,,Ripley PE,https://simple.ripley.com.pe/samsung-galaxy-tab-s10-fe-109-128gb-wifi-plata-pmp20001237115
20260805_055550,2026-08-05T06:11:08.872989+00:00,ripley_pe,tablets,20001430324,APPLE,COMBO IPAD A16 128GB + PENCIL USB + CASE,2729.0,3399.0,805.01,2026-08-05,20,PEN,,,Ripley PE,https://simple.ripley.com.pe/combo-ipad-a16-128gb-pencil-usb-case-pmp20001430324
20260805_055550,2026-08-05T06:11:08.872989+00:00,ripley_pe,tablets,20001237127,SAMSUNG,SAMSUNG GALAXY TAB S10 FE+ 13.1' 256GB WIFI | AZUL,4099.0,4719.0,1209.14,2026-08-05,13,PEN,,,Ripley PE,https://simple.ripley.com.pe/samsung-galaxy-tab-s10-fe-131-256gb-wifi-azul-pmp20001237127
20260805_055550,2026-08-05T06:11:08.873989+00:00,ripley_pe,tablets,20001525961,SAMSUNG,TABLET SAMSUNG GALAXY TAB S10 LITE 6GB RAM 128GB GRAFITO,1249.0,2499.0,368.44,2026-08-05,50,PEN,,,Ripley PE,https://simple.ripley.com.pe/tablet-samsung-galaxy-tab-s10-lite-6gb-ram-128gb-grafito-pmp20001525961
20260805_055550,2026-08-05T06:11:08.874989+00:00,ripley_pe,tablets,20001352755,AMAZON ANDES,AMAZON KINDLE SCRIBE COLORSOFT DE 64GB CON PANTALLA A COLOR SIMILAR A PAPEL Y LUZ FRONTAL. INCLUYE LÁPIZ PREMIUM,3310.0,3972.0,976.4,2026-08-05,17,PEN,,,Ripley PE,https://simple.ripley.com.pe/amazon-kindle-scribe-colorsoft-de-64gb-con-pantalla-a-color-similar-a-papel-y-luz-frontal-incluye-lapiz-premium-pmp20001352755
20260805_055550,2026-08-05T06:11:08.874989+00:00,ripley_pe,tablets,20001284242,APPLE,IPAD PRO 13″ CHIP M5 256GB WI-FI (2025) - SPACE BLACK,5399.0,5999.0,1592.63,2026-08-05,10,PEN,,,Ripley PE,https://simple.ripley.com.pe/ipad-pro-13-chip-m5-256gb-wi-fi-2025-space-black-pmp20001284242
20260805_055550,2026-08-05T06:11:08.876002+00:00,ripley_pe,tablets,20001492310,SAMSUNG,TABLET SAMSUNG GALAXY A11 PLUS 6GB RAM 128GB GRAFITO,849.0,1299.0,250.44,2026-08-05,35,PEN,,,Ripley PE,https://simple.ripley.com.pe/tablet-samsung-galaxy-a11-plus-6gb-ram-128gb-grafito-pmp20001492310
20260805_055550,2026-08-05T06:11:08.876002+00:00,ripley_pe,tablets,20001222793,SAMSUNG,Tablet Samsung Galaxy Tab A11 64GB Gray SM-X133NZAAPEO,479.0,649.0,141.3,2026-08-05,26,PEN,,,Ripley PE,https://simple.ripley.com.pe/tablet-samsung-galaxy-tab-a11-64gb-gray-sm-x133nzaapeo-pmp20001222793
20260805_055550,2026-08-05T06:11:08.877001+00:00,ripley_pe,tablets,20001008581,SAMSUNG,TECLADO SAMSUNG COVER KEYBOARD GALAXY TAB S10 FE PLUS X620,1199.9,,353.95,2026-08-05,,PEN,,,Ripley PE,https://simple.ripley.com.pe/teclado-samsung-cover-keyboard-galaxy-tab-s10-fe-plus-x620-pmp20001008581
20260805_055550,2026-08-05T06:11:08.877001+00:00,ripley_pe,tablets,20001216875,LENOVO,TABLET GAMER LENOVO LEGION TAB GEN 3 256GB 12GB RAM,2239.0,3359.0,660.47,2026-08-05,33,PEN,,,Ripley PE,https://simple.ripley.com.pe/tablet-gamer-lenovo-legion-tab-gen-3-256gb-12gb-ram-pmp20001216875
20260805_055550,2026-08-05T06:11:08.878001+00:00,ripley_pe,tablets,20000500135,AMAZON ANDES,TABLET AMAZON ANDES KINDLE SCRIBE 16 GB PANTALLA PAPERWHITE 10.2” Y 300 PPP CONVIERTE NOTAS EN TEXTO LÁPIZ INCLUIDO,1735.0,2082.0,511.8,2026-08-05,17,PEN,,,Ripley PE,https://simple.ripley.com.pe/tablet-amazon-andes-kindle-scribe-16-gb-pantalla-paperwhite-102-y-300-ppp-convierte-notas-en-texto-lapiz-incluido-pmp20000500135
20260805_055550,2026-08-05T06:11:08.878001+00:00,ripley_pe,tablets,20000798517,APPLE,iPad Mini (A17 Pro) WIFI+Celular 256GB Blue,3590.0,5455.0,1059.0,2026-08-05,34,PEN,,,Ripley PE,https://simple.ripley.com.pe/ipad-mini-a17-pro-wificelular-256gb-blue-pmp20000798517
20260805_055550,2026-08-05T06:11:08.879001+00:00,ripley_pe,tablets,20001239883,APPLE,(REACONDICIONADO) APPLE IPAD 6ª GEN 9.7' 128GB WI-FI | GRIS ESPACIAL,529.0,609.0,156.05,2026-08-05,13,PEN,,,Ripley PE,https://simple.ripley.com.pe/reacondicionado-apple-ipad-6-gen-97-128gb-wi-fi-gris-espacial-pmp20001239883
20260805_055550,2026-08-05T06:11:08.879001+00:00,ripley_pe,tablets,20001240954,APPLE,(REACONDICIONADO) APPLE IPAD 2021 10.2' 64GB WI-FI | PLATEADO,799.0,919.0,235.69,2026-08-05,13,PEN,,,Ripley PE,https://simple.ripley.com.pe/reacondicionado-apple-ipad-2021-102-64gb-wi-fi-plateado-pmp20001240954
20260805_055550,2026-08-05T06:11:08.880001+00:00,ripley_pe,tablets,20000236143,SAMSUNG,TABLET SAMSUNG GALAXY TAB S9 FE,2874.41,4716.5,847.91,2026-08-05,39,PEN,,,Ripley PE,https://simple.ripley.com.pe/tablet-samsung-galaxy-tab-s9-fe-pmp20000236143
20260805_055550,2026-08-05T06:11:08.881001+00:00,ripley_pe,tablets,20001207747,SAMSUNG,TABLET SAMSUNG GALAXY TAB S11 SILVER 256GB SM-X730NZSHPEO,3719.0,4449.0,1097.05,2026-08-05,16,PEN,,,Ripley PE,https://simple.ripley.com.pe/tablet-samsung-galaxy-tab-s11-silver-256gb-sm-x730nzshpeo-pmp20001207747
20260805_055550,2026-08-05T06:11:08.881001+00:00,ripley_pe,tablets,20001463102,SAMSUNG,TABLET SAMSUNG GALAXY TAB A11 8.7” 64GB,449.0,699.0,132.45,2026-08-05,36,PEN,,,Ripley PE,https://simple.ripley.com.pe/tablet-samsung-galaxy-tab-a11-87-64gb-pmp20001463102
20260805_055550,2026-08-05T06:11:08.882001+00:00,ripley_pe,tablets,20001481555,APPLE,"IPAD 10,9' (2022) 10TH GEN CHIP A14 WIFI 256GB, ROSADO",1419.0,1839.0,418.58,2026-08-05,23,PEN,,,Ripley PE,https://simple.ripley.com.pe/ipad-109-2022-10th-gen-chip-a14-wifi-256gb-rosado-pmp20001481555
20260805_055550,2026-08-05T06:11:08.882001+00:00,ripley_pe,tablets,20001292053,APPLE,IPAD 11VA GEN A16 WIFI 128 GB,2115.0,2399.0,623.89,2026-08-05,12,PEN,,,Ripley PE,https://simple.ripley.com.pe/ipad-11va-gen-a16-wifi-128-gb-pmp20001292053
20260805_055550,2026-08-05T06:11:08.883007+00:00,ripley_pe,tablets,20001237130,SAMSUNG,SAMSUNG GALAXY TAB S10 LITE 10.9' 256GB | GRIS,2099.0,3149.0,619.17,2026-08-05,33,PEN,,,Ripley PE,https://simple.ripley.com.pe/samsung-galaxy-tab-s10-lite-109-256gb-gris-pmp20001237130
20260805_055550,2026-08-05T06:11:08.884001+00:00,ripley_pe,tablets,20001185723,SAMSUNG,TABLET SAMSUNG GALAXY TAB S11 ULTRA 512GB GRAY,5999.0,6499.0,1769.62,2026-08-05,8,PEN,,,Ripley PE,https://simple.ripley.com.pe/tablet-samsung-galaxy-tab-s11-ultra-512gb-gray-pmp20001185723
20260805_055550,2026-08-05T06:11:08.884001+00:00,ripley_pe,tablets,20000541885,MICROSOFT,"TABLET MICROSOFT 10.5"" SURFACE GO 4 8GB 64GB PLATINO",3595.0,3990.0,1060.47,2026-08-05,10,PEN,,,Ripley PE,https://simple.ripley.com.pe/tablet-microsoft-105-surface-go-4-8gb-64gb-platino-pmp20000541885
20260805_055550,2026-08-05T06:11:13.352033+00:00,ripley_pe,tablets,20000870174,SAMSUNG,TABLET SAMSUNG GALAXY TAB S10 FE PLUS 256GB SILVER SM-X620NZSEPEO,3059.0,3449.0,902.36,2026-08-05,11,PEN,,,Ripley PE,https://simple.ripley.com.pe/tablet-samsung-galaxy-tab-s10-fe-plus-256gb-silver-sm-x620nzsepeo-pmp20000870174
20260805_055550,2026-08-05T06:11:13.352033+00:00,ripley_pe,tablets,20001309567,SAMSUNG,TABLET SAMSUNG GALAXY TAB S10 FE 10.9' 128GB WIFI + S PEN,1799.0,2069.0,530.68,2026-08-05,13,PEN,,,Ripley PE,https://simple.ripley.com.pe/tablet-samsung-galaxy-tab-s10-fe-109-128gb-wifi-s-pen-pmp20001309567
20260805_055550,2026-08-05T06:11:13.353033+00:00,ripley_pe,tablets,20000236138,SAMSUNG,TABLET SAMSUNG GALAXY TAB A9,1785.69,2984.67,526.75,2026-08-05,40,PEN,,,Ripley PE,https://simple.ripley.com.pe/tablet-samsung-galaxy-tab-a9-pmp20000236138
20260805_055550,2026-08-05T06:11:13.353033+00:00,ripley_pe,tablets,20000819786,XO,SOPORTE CELULAR MOTO XO-C149 CON ABSORCION DE IMPACTOS NEGRO,57.0,75.0,16.81,2026-08-05,24,PEN,,,Ripley PE,https://simple.ripley.com.pe/soporte-celular-moto-xo-c149-con-absorcion-de-impactos-negro-pmp20000819786
20260805_055550,2026-08-05T06:11:13.354033+00:00,ripley_pe,tablets,20000870171,SAMSUNG,TABLET SAMSUNG GALAXY TAB S10 FE PLUS 128GB SILVER SM-X620NZSAPEO,2759.0,3049.0,813.86,2026-08-05,10,PEN,,,Ripley PE,https://simple.ripley.com.pe/tablet-samsung-galaxy-tab-s10-fe-plus-128gb-silver-sm-x620nzsapeo-pmp20000870171
20260805_055550,2026-08-05T06:11:13.355033+00:00,ripley_pe,tablets,20001207743,SAMSUNG,TABLET SAMSUNG GALAXY TAB S10 LITE SILVER 128GB SM-X400NZSAPEO,1529.0,1649.0,451.03,2026-08-05,7,PEN,,,Ripley PE,https://simple.ripley.com.pe/tablet-samsung-galaxy-tab-s10-lite-silver-128gb-sm-x400nzsapeo-pmp20001207743
20260805_055550,2026-08-05T06:11:13.355033+00:00,ripley_pe,tablets,20001239888,APPLE,"(REACONDICIONADO) IPAD 6ª GEN 9.7"" 32GB (WI-FI + CELLULAR) APPLE | PLATA",419.0,489.0,123.6,2026-08-05,14,PEN,,,Ripley PE,https://simple.ripley.com.pe/reacondicionado-ipad-6-gen-97-32gb-wi-fi-cellular-apple-plata-pmp20001239888
20260805_055550,2026-08-05T06:11:13.356037+00:00,ripley_pe,tablets,20001175712,APPLE,IPAD PRO 11' (2025) M5 512GB (WI-FI) APPLE | SPACE BLACK,5899.0,8559.0,1740.12,2026-08-05,31,PEN,,,Ripley PE,https://simple.ripley.com.pe/ipad-pro-11-2025-m5-512gb-wi-fi-apple-space-black-pmp20001175712
20260805_055550,2026-08-05T06:11:13.356037+00:00,ripley_pe,tablets,20001237129,SAMSUNG,SAMSUNG GALAXY TAB S10 FE 256GB WIFI + TECLADO(INGLES) | GRIS,3499.0,5249.0,1032.15,2026-08-05,33,PEN,,,Ripley PE,https://simple.ripley.com.pe/samsung-galaxy-tab-s10-fe-256gb-wifi-tecladoingles-gris-pmp20001237129
20260805_055550,2026-08-05T06:11:13.357549+00:00,ripley_pe,tablets,20001237121,SAMSUNG,SAMSUNG GALAXY TAB S10 FE 256GB WIFI + TECLADO(INGLES) | AZUL,3499.0,5249.0,1032.15,2026-08-05,33,PEN,,,Ripley PE,https://simple.ripley.com.pe/samsung-galaxy-tab-s10-fe-256gb-wifi-tecladoingles-azul-pmp20001237121
20260805_055550,2026-08-05T06:11:13.357549+00:00,ripley_pe,tablets,20001352720,APPLE,NUEVO APPLE IPAD AIR 11″ CHIP M4 WIFI 128GB - SPACE GRAY ( 2026 ) + PENCIL PRO + REGALO,3599.0,4499.0,1061.65,2026-08-05,20,PEN,,,Ripley PE,https://simple.ripley.com.pe/nuevo-apple-ipad-air-11-chip-m4-wifi-128gb-space-gray-2026-pencil-pro-regalo-pmp20001352720
20260805_055550,2026-08-05T06:11:13.358568+00:00,ripley_pe,tablets,2004365818834,HUAWEI,"TABLET HUAWEI MATEPAD SE 11"" 8 + 128GB AZUL + M-PEN LITE",999.0,,294.69,2026-08-05,,PEN,,,Ripley PE,https://simple.ripley.com.pe/tablet-huawei-matepad-se-11-8-128gb-azul-m-pen-lite-2004365818834p
20260805_055550,2026-08-05T06:11:13.358568+00:00,ripley_pe,tablets,20001525142,AMAZON,AMAZON KINDLE 16GB ÚLTIMA GENERACIÓN E-READER,499.0,579.0,147.2,2026-08-05,14,PEN,,,Ripley PE,https://simple.ripley.com.pe/amazon-kindle-16gb-ultima-generacion-e-reader-pmp20001525142
20260805_055550,2026-08-05T06:11:13.359563+00:00,ripley_pe,tablets,20000236147,SAMSUNG,TABLET SAMSUNG GALAXY TAB A9,1376.21,2339.55,405.96,2026-08-05,41,PEN,,,Ripley PE,https://simple.ripley.com.pe/tablet-samsung-galaxy-tab-a9-pmp20000236147
20260805_055550,2026-08-05T06:11:13.360562+00:00,ripley_pe,tablets,20001240925,APPLE,(REACONDICIONADO) APPLE IPAD 2021 10.2' 256GB WI-FI | GRIS ESPACIAL,1199.0,1379.0,353.69,2026-08-05,13,PEN,,,Ripley PE,https://simple.ripley.com.pe/reacondicionado-apple-ipad-2021-102-256gb-wi-fi-gris-espacial-pmp20001240925
20260805_055550,2026-08-05T06:11:13.360562+00:00,ripley_pe,tablets,20000203973,GENÉRICO,PUNTA TIP APPLE PENCIL 1 Y 2 3 UNIDADES,73.9,81.99,21.8,2026-08-05,10,PEN,,,Ripley PE,https://simple.ripley.com.pe/punta-tip-apple-pencil-1-y-2-3-unidades-pmp20000203973
20260805_055550,2026-08-05T06:11:13.361562+00:00,ripley_pe,tablets,2004370056368,HONOR,TABLET HONOR PAD 10 HEY3-W00 12.1” 256GB + EARBUDS X7,1699.0,,501.18,2026-08-05,,PEN,,,Ripley PE,https://simple.ripley.com.pe/tablet-honor-pad-10-hey3-w00-121-256gb-earbuds-x7-2004370056368p
20260805_055550,2026-08-05T06:11:13.362562+00:00,ripley_pe,tablets,20000752828,SAMSUNG,CASE TECLADO SAMSUNG GALAXY TAB S9 ULTRA X910 X916,1699.5,,501.33,2026-08-05,,PEN,,,Ripley PE,https://simple.ripley.com.pe/case-teclado-samsung-galaxy-tab-s9-ultra-x910-x916-pmp20000752828
20260805_055550,2026-08-05T06:11:13.362562+00:00,ripley_pe,tablets,20000588836,SAMSUNG,CASE GALAXY TAB S6 LITE P620 P625 SAMSUNG BOOK COVER ORIGINAL,199.0,,58.7,2026-08-05,,PEN,,,Ripley PE,https://simple.ripley.com.pe/case-galaxy-tab-s6-lite-p620-p625-samsung-book-cover-original-pmp20000588836
20260805_055550,2026-08-05T06:11:13.363564+00:00,ripley_pe,tablets,20001240942,APPLE,(REACONDICIONADO) APPLE IPAD 2021 10.2' 64GB WI-FI | GRIS ESPACIAL,899.0,1039.0,265.19,2026-08-05,13,PEN,,,Ripley PE,https://simple.ripley.com.pe/reacondicionado-apple-ipad-2021-102-64gb-wi-fi-gris-espacial-pmp20001240942
20260805_055550,2026-08-05T06:11:13.364108+00:00,ripley_pe,tablets,20001237116,SAMSUNG,SAMSUNG GALAXY TAB S10 FE 128GB WIFI + TECLADO(INGLES) | PLATA,2779.0,4169.0,819.76,2026-08-05,33,PEN,,,Ripley PE,https://simple.ripley.com.pe/samsung-galaxy-tab-s10-fe-128gb-wifi-tecladoingles-plata-pmp20001237116
20260805_055550,2026-08-05T06:11:13.365124+00:00,ripley_pe,tablets,20001291702,BLACKVIEW,TABLET BLACKVIEW TAB 20 WIFI 10.1” 64GB SPACE GREY 4GB RAM,339.0,619.0,100.0,2026-08-05,45,PEN,,,Ripley PE,https://simple.ripley.com.pe/tablet-blackview-tab-20-wifi-101-64gb-space-grey-4gb-ram-pmp20001291702
20260805_055550,2026-08-05T06:11:13.365124+00:00,ripley_pe,tablets,20001237110,SAMSUNG,SAMSUNG GALAXY TAB S10 LITE 10.9' 256GB | ROJO CORAL,1999.0,2299.0,589.68,2026-08-05,13,PEN,,,Ripley PE,https://simple.ripley.com.pe/samsung-galaxy-tab-s10-lite-109-256gb-rojo-coral-pmp20001237110
20260805_055550,2026-08-05T06:11:13.366126+00:00,ripley_pe,tablets,20000798446,APPLE,iPad Mini (A17 Pro) WIFI 128GB Starlight,2420.0,3795.0,713.86,2026-08-05,36,PEN,,,Ripley PE,https://simple.ripley.com.pe/ipad-mini-a17-pro-wifi-128gb-starlight-pmp20000798446
20260805_055550,2026-08-05T06:11:13.367124+00:00,ripley_pe,tablets,20000865343,SAMSUNG,TABLET SAMSUNG GALAXY TAB S10 PLUS CON KEYBOARD COVER 256GB SM-X820NZADPEO,3989.0,4699.0,1176.7,2026-08-05,15,PEN,,,Ripley PE,https://simple.ripley.com.pe/tablet-samsung-galaxy-tab-s10-plus-con-keyboard-cover-256gb-sm-x820nzadpeo-pmp20000865343
20260805_055550,2026-08-05T06:11:13.367124+00:00,ripley_pe,tablets,20001164366,APPLE,IPAD 11' (2025) 11VA GEN CHIP A16 WIFI 128GB | AZUL,1549.0,1999.0,456.93,2026-08-05,23,PEN,,,Ripley PE,https://simple.ripley.com.pe/ipad-11-2025-11va-gen-chip-a16-wifi-128gb-azul-pmp20001164366
20260805_055550,2026-08-05T06:11:13.368123+00:00,ripley_pe,tablets,20001311163,XIAOMI,XIAOMI PAD 7 PRO XIAOMI 24091RPADG 256GB AZUL,2460.0,2952.0,725.66,2026-08-05,17,PEN,,,Ripley PE,https://simple.ripley.com.pe/xiaomi-pad-7-pro-xiaomi-24091rpadg-256gb-azul-pmp20001311163
20260805_055550,2026-08-05T06:11:13.368123+00:00,ripley_pe,tablets,00003081513,SAMSUNG,"TABLET SAMSUNG GALAXY 10.4"" 64GB TAB S6 LITE + S PEN INCLUIDO ROSA",1599.0,1839.0,471.68,2026-08-05,13,PEN,,,Ripley PE,https://simple.ripley.com.pe/tablet-samsung-galaxy-104-64gb-tab-s6-lite-s-pen-incluido-rosa-pmp00003081513
20260805_055550,2026-08-05T06:11:13.369123+00:00,ripley_pe,tablets,2004370001252,HUAWEI,MatePad 12X 12+256 Blanco + Lapiz + Teclado + Mouse,2999.0,,884.66,2026-08-05,,PEN,,,Ripley PE,https://simple.ripley.com.pe/matepad-12x-12256-blanco-lapiz-teclado-mouse-2004370001252p
20260805_055550,2026-08-05T06:11:13.369123+00:00,ripley_pe,tablets,20001272629,MOKO,MOKO BOOK COVER (MAG) CASE PARA GALAXY TAB S11 X730 (2025) N,199.9,,58.97,2026-08-05,,PEN,,,Ripley PE,https://simple.ripley.com.pe/moko-book-cover-mag-case-para-galaxy-tab-s11-x730-2025-n-pmp20001272629
20260805_055550,2026-08-05T06:11:13.370123+00:00,ripley_pe,tablets,20001238004,APPLE,APPLE PENCIL (USB-C),429.0,659.0,126.55,2026-08-05,35,PEN,,,Ripley PE,https://simple.ripley.com.pe/apple-pencil-usb-c-pmp20001238004
20260805_055550,2026-08-05T06:11:13.370123+00:00,ripley_pe,tablets,20000204542,GENÉRICO,MICA TEXTURA PAPEL PARA SAMSUNG GALAXY TAB S6 LITE,39.9,40.0,11.77,2026-08-05,,PEN,,,Ripley PE,https://simple.ripley.com.pe/mica-textura-papel-para-samsung-galaxy-tab-s6-lite-pmp20000204542
20260805_055550,2026-08-05T06:11:13.371123+00:00,ripley_pe,tablets,20001273282,GENÉRICO,CASE PARA GALAXY TAB S10 LITE 10.9 X400 X406 (2025) NAVY,69.9,,20.62,2026-08-05,,PEN,,,Ripley PE,https://simple.ripley.com.pe/case-para-galaxy-tab-s10-lite-109-x400-x406-2025-navy-pmp20001273282
20260805_055550,2026-08-05T06:11:13.371123+00:00,ripley_pe,tablets,20001250243,XIAOMI,TABLET XIAOMI REDMI PAD SE DUAL SIM  8.7' 4-128GB - GRIS,699.0,799.0,206.19,2026-08-05,13,PEN,,,Ripley PE,https://simple.ripley.com.pe/tablet-xiaomi-redmi-pad-se-dual-sim-87-4-128gb-gris-pmp20001250243
20260805_055550,2026-08-05T06:11:13.372123+00:00,ripley_pe,tablets,20000500162,SERENELIFE,TABLETA GRÁFICA SERENELIFE SLGTTS21.3 MODO DUAL MONITOR 54.61 CM LÁPIZ ÓPTICO PANTALLA TÁCTIL PERFECTO DIBUJO Y DISEÑO,1965.0,2358.0,579.65,2026-08-05,17,PEN,,,Ripley PE,https://simple.ripley.com.pe/tableta-grafica-serenelife-slgtts213-modo-dual-monitor-5461-cm-lapiz-optico-pantalla-tactil-perfecto-dibujo-y-diseno-pmp20000500162
20260805_055550,2026-08-05T06:11:13.373123+00:00,ripley_pe,tablets,20001348670,BLACKVIEW,TABLET BLACKVIEW TAB 60 PRO BLUE 128GB,569.0,1249.0,167.85,2026-08-05,54,PEN,,,Ripley PE,https://simple.ripley.com.pe/tablet-blackview-tab-60-pro-blue-128gb-pmp20001348670
20260805_055550,2026-08-05T06:11:13.373123+00:00,ripley_pe,tablets,20001358645,LENOVO,TABLET LENOVO TAB ONE 8.7' 4GB 128GB LUNA GREY + FOLIO CASE,449.0,999.0,132.45,2026-08-05,55,PEN,,,Ripley PE,https://simple.ripley.com.pe/tablet-lenovo-tab-one-87-4gb-128gb-luna-grey-folio-case-pmp20001358645
20260805_055550,2026-08-05T06:11:13.374123+00:00,ripley_pe,tablets,20000204451,PB2,"LAPIZ pen pencil P/ MICROSOFT SURFACE PRO X, SURFACE LAPTOP 5, 4, 3, 2, 1",99.0,126.99,29.2,2026-08-05,22,PEN,,,Ripley PE,https://simple.ripley.com.pe/lapiz-pen-pencil-p-microsoft-surface-pro-x-surface-laptop-5-4-3-2-1-pmp20000204451
20260805_055550,2026-08-05T06:11:13.374123+00:00,ripley_pe,tablets,20001483298,LENOVO,TABLET LENOVO P12 PRO WIFI,1890.0,1950.0,557.52,2026-08-05,3,PEN,,,Ripley PE,https://simple.ripley.com.pe/tablet-lenovo-p12-pro-wifi-pmp20001483298
20260805_055550,2026-08-05T06:11:13.375123+00:00,ripley_pe,tablets,20001184367,OEMGENUINE,MAGIC KEYBOARD PARA IPAD 10MA Y 11VA GEN (A16) ALTERNATIVO PREMIUM - BLANCO,479.0,,141.3,2026-08-05,,PEN,,,Ripley PE,https://simple.ripley.com.pe/magic-keyboard-para-ipad-10ma-y-11va-gen-a16-alternativo-premium-blanco-pmp20001184367
20260805_055550,2026-08-05T06:11:13.375123+00:00,ripley_pe,tablets,20000500110,LENOVO,"TABLET LENOVO EJECCCC228 12.7"" TAB P12 8GB RAM - 128GB",1715.0,2058.0,505.9,2026-08-05,17,PEN,,,Ripley PE,https://simple.ripley.com.pe/tablet-lenovo-ejecccc228-127-tab-p12-8gb-ram-128gb-pmp20000500110
20260805_055550,2026-08-05T06:11:13.376123+00:00,ripley_pe,tablets,20001519139,HUAWEI,TABLET HUAWEI MATEPAD MINI 8.8 256GB 12GB VERDE,2354.0,2542.0,694.4,2026-08-05,7,PEN,,,Ripley PE,https://simple.ripley.com.pe/tablet-huawei-matepad-mini-88-256gb-12gb-verde-pmp20001519139
20260805_055550,2026-08-05T06:11:13.377123+00:00,ripley_pe,tablets,20001185704,SAMSUNG,TABLET SAMSUNG GALAXY TAB S11 ULTRA 256GB SILVER,5399.0,5799.0,1592.63,2026-08-05,7,PEN,,,Ripley PE,https://simple.ripley.com.pe/tablet-samsung-galaxy-tab-s11-ultra-256gb-silver-pmp20001185704
20260805_055550,2026-08-05T06:11:13.377123+00:00,ripley_pe,tablets,20001207756,SAMSUNG,TABLET SAMSUNG GALAXY TAB S11 ULTRA SILVER 256GB SM-X930NZSDPEO,5139.0,5799.0,1515.93,2026-08-05,11,PEN,,,Ripley PE,https://simple.ripley.com.pe/tablet-samsung-galaxy-tab-s11-ultra-silver-256gb-sm-x930nzsdpeo-pmp20001207756
20260805_055550,2026-08-05T06:11:13.378123+00:00,ripley_pe,tablets,20001207734,SAMSUNG,TABLET SAMSUNG GALAXY TAB S10 LITE RED 128GB SM-X400NZRAPEO,1529.0,1649.0,451.03,2026-08-05,7,PEN,,,Ripley PE,https://simple.ripley.com.pe/tablet-samsung-galaxy-tab-s10-lite-red-128gb-sm-x400nzrapeo-pmp20001207734
20260805_055550,2026-08-05T06:11:13.379123+00:00,ripley_pe,tablets,20000870182,SAMSUNG,TABLET SAMSUNG GALAXY TAB S10 FE PLUS 256GB BLUE SM-X620NLBEPEO,3059.0,3449.0,902.36,2026-08-05,11,PEN,,,Ripley PE,https://simple.ripley.com.pe/tablet-samsung-galaxy-tab-s10-fe-plus-256gb-blue-sm-x620nlbepeo-pmp20000870182
20260805_055550,2026-08-05T06:11:13.379123+00:00,ripley_pe,tablets,20001185710,SAMSUNG,TABLET SAMSUNG GALAXY TAB S10 LITE 256GB 10.9' GRAY,1899.0,1999.0,560.18,2026-08-05,5,PEN,,,Ripley PE,https://simple.ripley.com.pe/tablet-samsung-galaxy-tab-s10-lite-256gb-109-gray-pmp20001185710
20260805_055550,2026-08-05T06:11:13.380127+00:00,ripley_pe,tablets,20001324170,SAMSUNG,TABLET SAMSUNG GALAXY TAB S10 FE 128GB GRAY,2099.0,2249.0,619.17,2026-08-05,7,PEN,,,Ripley PE,https://simple.ripley.com.pe/tablet-samsung-galaxy-tab-s10-fe-128gb-gray-pmp20001324170
20260805_055550,2026-08-05T06:11:18.041013+00:00,ripley_pe,tablets,20001321164,SAMSUNG,TABLET SAMSUNG GALAXY TAB S9 11' 256GB (WIFI) + S PEN | BEIGE,4199.0,4829.0,1238.64,2026-08-05,13,PEN,,,Ripley PE,https://simple.ripley.com.pe/tablet-samsung-galaxy-tab-s9-11-256gb-wifi-s-pen-beige-pmp20001321164
20260805_055550,2026-08-05T06:11:18.041013+00:00,ripley_pe,tablets,20001239887,APPLE,(REACONDICIONADO)APPLE IPAD 9.7' 32GB WI-FI | ORO,599.0,689.0,176.7,2026-08-05,13,PEN,,,Ripley PE,https://simple.ripley.com.pe/reacondicionadoapple-ipad-97-32gb-wi-fi-oro-pmp20001239887
20260805_055550,2026-08-05T06:11:18.042013+00:00,ripley_pe,tablets,20001237125,SAMSUNG,SAMSUNG GALAXY TAB S10 FE 128GB WIFI + TECLADO(INGLES) | GRIS,2899.0,3339.0,855.16,2026-08-05,13,PEN,,,Ripley PE,https://simple.ripley.com.pe/samsung-galaxy-tab-s10-fe-128gb-wifi-tecladoingles-gris-pmp20001237125
20260805_055550,2026-08-05T06:11:18.042013+00:00,ripley_pe,tablets,20001237105,SAMSUNG,SAMSUNG GALAXY TAB S10 FE 10.9' 128GB WIFI | GRIS,2299.0,2649.0,678.17,2026-08-05,13,PEN,,,Ripley PE,https://simple.ripley.com.pe/samsung-galaxy-tab-s10-fe-109-128gb-wifi-gris-pmp20001237105
20260805_055550,2026-08-05T06:11:18.043013+00:00,ripley_pe,tablets,20001237133,SAMSUNG,SAMSUNG GALAXY TAB S10 FE 10.9' 128GB WIFI | AZUL,2899.0,3339.0,855.16,2026-08-05,13,PEN,,,Ripley PE,https://simple.ripley.com.pe/samsung-galaxy-tab-s10-fe-109-128gb-wifi-azul-pmp20001237133
20260805_055550,2026-08-05T06:11:18.044013+00:00,ripley_pe,tablets,20001217997,SAMSUNG,TABLET SAMSUNG GALAXY TAB A11 8.7' 64GB 4GB GREY,477.0,572.0,140.71,2026-08-05,17,PEN,,,Ripley PE,https://simple.ripley.com.pe/tablet-samsung-galaxy-tab-a11-87-64gb-4gb-grey-pmp20001217997
20260805_055550,2026-08-05T06:11:18.044013+00:00,ripley_pe,tablets,20001284191,APPLE,IPAD PRO 11″  CHIP M5 256GB WI-FI (2025) - SPACE BLACK,4499.0,5199.0,1327.14,2026-08-05,13,PEN,,,Ripley PE,https://simple.ripley.com.pe/ipad-pro-11-chip-m5-256gb-wi-fi-2025-space-black-pmp20001284191
20260805_055550,2026-08-05T06:11:18.045013+00:00,ripley_pe,tablets,20001340071,XIAOMI,TABLET XIAOMI REDMI PAD 2 4G 256GB 8GB | GRIS GRAFITO,1279.0,1479.0,377.29,2026-08-05,14,PEN,,,Ripley PE,https://simple.ripley.com.pe/tablet-xiaomi-redmi-pad-2-4g-256gb-8gb-gris-grafito-pmp20001340071
20260805_055550,2026-08-05T06:11:18.045013+00:00,ripley_pe,tablets,20000588633,SAMSUNG,"CASE GALAXY TAB S7 T870 S8 X700 SAMSUNG 11"" BOOK COVER",349.9,,103.22,2026-08-05,,PEN,,,Ripley PE,https://simple.ripley.com.pe/case-galaxy-tab-s7-t870-s8-x700-samsung-11-book-cover-pmp20000588633
20260805_055550,2026-08-05T06:11:18.046014+00:00,ripley_pe,tablets,20000500167,XIAOMI,"TABLET XIAOMI 11"" PAD 6 VERSIÓN WIFI 144 HZ 8840 MAH BLUETOOTH 5.2 CUATRO ALTAVOCES DOLBY ATMOS 13 MP CÁMARA GRIS 256 GB + 8 GB",1825.0,2100.0,538.35,2026-08-05,13,PEN,,,Ripley PE,https://simple.ripley.com.pe/tablet-xiaomi-11-pad-6-version-wifi-144-hz-8840-mah-bluetooth-52-cuatro-altavoces-dolby-atmos-13-mp-camara-gris-256-gb-8-gb-pmp20000500167
20260805_055550,2026-08-05T06:11:18.047013+00:00,ripley_pe,tablets,20001355785,APPLE,IPAD AIR 13' (2026) CHIP M4 WIFI - 256GB | STARLIGHT,4899.0,5639.0,1445.13,2026-08-05,13,PEN,,,Ripley PE,https://simple.ripley.com.pe/ipad-air-13-2026-chip-m4-wifi-256gb-starlight-pmp20001355785
20260805_055550,2026-08-05T06:11:18.047013+00:00,ripley_pe,tablets,20000752832,SAMSUNG,CASE TECLADO SAMSUNG GALAXY TAB S10 ULTRA X920 X926,1699.5,,501.33,2026-08-05,,PEN,,,Ripley PE,https://simple.ripley.com.pe/case-teclado-samsung-galaxy-tab-s10-ultra-x920-x926-pmp20000752832
20260805_055550,2026-08-05T06:11:18.048013+00:00,ripley_pe,tablets,20001383468,SAMSUNG,TABLET SAMSUNG GALAXY TAB A11 DE 8.7 SM-X133 4GB / 64GB WI-FI GRAY - SM-X133NZAAPEO,559.0,809.0,164.9,2026-08-05,31,PEN,,,Ripley PE,https://simple.ripley.com.pe/tablet-samsung-galaxy-tab-a11-de-87-sm-x133-4gb-64gb-wi-fi-gray-sm-x133nzaapeo-pmp20001383468
20260805_055550,2026-08-05T06:11:18.048013+00:00,ripley_pe,tablets,20001518205,APPLE,TABLET APPLE IPAD 11' A16 CHIP 128GB 6GB RAM WI-FI - SILVER,1659.0,2399.0,489.38,2026-08-05,31,PEN,,,Ripley PE,https://simple.ripley.com.pe/tablet-apple-ipad-11-a16-chip-128gb-6gb-ram-wi-fi-silver-pmp20001518205
20260805_055550,2026-08-05T06:11:18.049013+00:00,ripley_pe,tablets,00003081483,SAMSUNG,"TABLET SAMSUNG GALAXY 10.4"" 64GB TAB S6 LITE ROSADO",1559.0,3899.0,459.88,2026-08-05,60,PEN,,,Ripley PE,https://simple.ripley.com.pe/tablet-samsung-galaxy-104-64gb-tab-s6-lite-rosado-pmp00003081483
20260805_055550,2026-08-05T06:11:18.050013+00:00,ripley_pe,tablets,20001009888,GENÉRICO,FUNDA SMART CASE PARA IPAD AIR 11 M3 CHIP (2025) LILA,68.9,,20.32,2026-08-05,,PEN,,,Ripley PE,https://simple.ripley.com.pe/funda-smart-case-para-ipad-air-11-m3-chip-2025-lila-pmp20001009888
20260805_055550,2026-08-05T06:11:18.050532+00:00,ripley_pe,tablets,20000845867,GENÉRICO,MICA PARA LENOVO TAB P12 12.7' DE VIDRIO TEMPLADO ANTISHOCK,49.9,79.9,14.72,2026-08-05,38,PEN,,,Ripley PE,https://simple.ripley.com.pe/mica-para-lenovo-tab-p12-127-de-vidrio-templado-antishock-pmp20000845867
20260805_055550,2026-08-05T06:11:18.050532+00:00,ripley_pe,tablets,20001465552,WACOM,TABLETA GRÁFICA WACOM INTUOS CTL4100 SMALL COLOR NEGRO,230.0,450.0,67.85,2026-08-05,49,PEN,,,Ripley PE,https://simple.ripley.com.pe/tableta-grafica-wacom-intuos-ctl4100-small-color-negro-pmp20001465552
20260805_055550,2026-08-05T06:11:18.051536+00:00,ripley_pe,tablets,20001185709,SAMSUNG,TABLET SAMSUNG GALAXY TAB S10 LITE 128GB 10.9'GRAY,1599.0,1649.0,471.68,2026-08-05,3,PEN,,,Ripley PE,https://simple.ripley.com.pe/tablet-samsung-galaxy-tab-s10-lite-128gb-109gray-pmp20001185709
20260805_055550,2026-08-05T06:11:18.051536+00:00,ripley_pe,tablets,20001480329,ANKAFA,ADAPTADOR OTG USB A TIPO C PARA CELULAR Y TABLET,9.0,25.0,2.65,2026-08-05,64,PEN,,,Ripley PE,https://simple.ripley.com.pe/adaptador-otg-usb-a-tipo-c-para-celular-y-tablet-pmp20001480329
20260805_055550,2026-08-05T06:11:18.052536+00:00,ripley_pe,tablets,20001237108,SAMSUNG,SAMSUNG GALAXY TAB S10 LITE 10.9' 128GB | GRIS,1799.0,2069.0,530.68,2026-08-05,13,PEN,,,Ripley PE,https://simple.ripley.com.pe/samsung-galaxy-tab-s10-lite-109-128gb-gris-pmp20001237108
20260805_055550,2026-08-05T06:11:18.053536+00:00,ripley_pe,tablets,20001237118,SAMSUNG,SAMSUNG GALAXY TAB S10 FE 10.9' 256GB WIFI | AZUL,2899.0,4349.0,855.16,2026-08-05,33,PEN,,,Ripley PE,https://simple.ripley.com.pe/samsung-galaxy-tab-s10-fe-109-256gb-wifi-azul-pmp20001237118
20260805_055550,2026-08-05T06:11:18.053536+00:00,ripley_pe,tablets,20001535716,APPLE,IPAD AIR 11' CHIP M4 (2026) 128GB SPACE GRAY,2999.0,3999.0,884.66,2026-08-05,25,PEN,,,Ripley PE,https://simple.ripley.com.pe/ipad-air-11-chip-m4-2026-128gb-space-gray-pmp20001535716
20260805_055550,2026-08-05T06:11:18.054536+00:00,ripley_pe,tablets,20001360348,BOOX,TABLET BOOX NOTA AIR 5 C 64GB PANTALLA E INK,2790.0,3348.0,823.01,2026-08-05,17,PEN,,,Ripley PE,https://simple.ripley.com.pe/tablet-boox-nota-air-5-c-64gb-pantalla-e-ink-pmp20001360348
20260805_055550,2026-08-05T06:11:18.055531+00:00,ripley_pe,tablets,20001499256,GENÉRICO,MICA + FUNDA DE GALAXY TAB S10 LITE S10 FE S9 FE PORTA S PEN - VERDE,69.9,89.0,20.62,2026-08-05,21,PEN,,,Ripley PE,https://simple.ripley.com.pe/mica-funda-de-galaxy-tab-s10-lite-s10-fe-s9-fe-porta-s-pen-verde-pmp20001499256
20260805_055550,2026-08-05T06:11:18.055531+00:00,ripley_pe,tablets,20000591112,SAMSUNG,CARGADOR SAMSUNG 25W PARA GALAXY TAB S5E S6 LITE S7 PLUS,149.5,,44.1,2026-08-05,,PEN,,,Ripley PE,https://simple.ripley.com.pe/cargador-samsung-25w-para-galaxy-tab-s5e-s6-lite-s7-plus-pmp20000591112
20260805_055550,2026-08-05T06:11:18.056545+00:00,ripley_pe,tablets,2004295992529,HUAWEI,FLIP COVER HUAWEI MATEPAD T10/T10S AZUL,99.0,,29.2,2026-08-05,,PEN,,,Ripley PE,https://simple.ripley.com.pe/flip-cover-huawei-matepad-t10t10s-azul-2004295992529p
20260805_055550,2026-08-05T06:11:18.056545+00:00,ripley_pe,tablets,20001520796,UGREEN,LAPIZ UGREEN STYLUS PEN LP452S PARA IPAD TIPO C BLUETOOTH INCLINACIÓN MAGNETICO,109.9,149.9,32.42,2026-08-05,27,PEN,,,Ripley PE,https://simple.ripley.com.pe/lapiz-ugreen-stylus-pen-lp452s-para-ipad-tipo-c-bluetooth-inclinacion-magnetico-pmp20001520796
20260805_055550,2026-08-05T06:11:18.057537+00:00,ripley_pe,tablets,20000236149,SAMSUNG,TABLET SAMSUNG GALAXY TAB A9,1785.69,2984.67,526.75,2026-08-05,40,PEN,,,Ripley PE,https://simple.ripley.com.pe/tablet-samsung-galaxy-tab-a9-pmp20000236149
20260805_055550,2026-08-05T06:11:18.057537+00:00,ripley_pe,tablets,20000258873,GENÉRICO,MICA PARA IPAD 9NA GEN 10.2' - A2604 DE CERÁMICA MATTE ANTIESPIA,69.9,99.9,20.62,2026-08-05,30,PEN,,,Ripley PE,https://simple.ripley.com.pe/mica-para-ipad-9na-gen-102-a2604-de-ceramica-matte-antiespia-pmp20000258873
20260805_055550,2026-08-05T06:11:18.058536+00:00,ripley_pe,tablets,20001065942,UNALUKA,TABLET REDMAGIC 3PRO ECLIPSE 512GB,4285.0,5142.0,1264.01,2026-08-05,17,PEN,,,Ripley PE,https://simple.ripley.com.pe/tablet-redmagic-3pro-eclipse-512gb-pmp20001065942
20260805_055550,2026-08-05T06:11:18.059536+00:00,ripley_pe,tablets,20000870759,SAMSUNG,CASE SAMSUNG GALAXY TAB S10 FE+ SMART BOOK COVER BLACK EF-BX620PBEGWW,239.0,349.0,70.5,2026-08-05,32,PEN,,,Ripley PE,https://simple.ripley.com.pe/case-samsung-galaxy-tab-s10-fe-smart-book-cover-black-ef-bx620pbegww-pmp20000870759
20260805_055550,2026-08-05T06:11:18.059536+00:00,ripley_pe,tablets,00003390286,SAMSUNG,"TABLET SAMSUNG SM-X800NZAAXAR 12.4"" 128GB GALAXY TAB S8+ QUALCOMM SNAPDRAGON WIFI 6E GRAPHITE",3685.0,4422.0,1087.02,2026-08-05,17,PEN,,,Ripley PE,https://simple.ripley.com.pe/tablet-samsung-sm-x800nzaaxar-124-128gb-galaxy-tab-s8-qualcomm-snapdragon-wifi-6e-graphite-pmp00003390286
20260805_055550,2026-08-05T06:11:18.059536+00:00,ripley_pe,tablets,20000650284,LENOVO,"TABLET LENOVO 11"" 128GB TAB M11 WIFI 4GB IPS OCTACORE LAPIZ + FUNDA",749.0,1499.0,220.94,2026-08-05,50,PEN,,,Ripley PE,https://simple.ripley.com.pe/tablet-lenovo-11-128gb-tab-m11-wifi-4gb-ips-octacore-lapiz-funda-pmp20000650284
20260805_055550,2026-08-05T06:11:18.061054+00:00,ripley_pe,tablets,20001123278,HONOR,TABLET HONOR PAD X7 8.7 128GB 4GB GREY,510.0,612.0,150.44,2026-08-05,17,PEN,,,Ripley PE,https://simple.ripley.com.pe/tablet-honor-pad-x7-87-128gb-4gb-grey-pmp20001123278
20260805_055550,2026-08-05T06:11:18.061054+00:00,ripley_pe,tablets,20001339795,LENOVO,TABLET LENOVO TAB ONE TB305XU LTE 4GB RAM 128GB EMMC PANTALLA 87 ANDROID14+FOLIO CASE ZAF10142PE,549.0,869.0,161.95,2026-08-05,37,PEN,,,Ripley PE,https://simple.ripley.com.pe/tablet-lenovo-tab-one-tb305xu-lte-4gb-ram-128gb-emmc-pantalla-87-android14folio-case-zaf10142pe-pmp20001339795
20260805_055550,2026-08-05T06:11:18.062070+00:00,ripley_pe,tablets,20001352608,APPLE,"APPLE IPAD A16 11' WIFI, 128GB, PINK",1699.0,1899.0,501.18,2026-08-05,11,PEN,,,Ripley PE,https://simple.ripley.com.pe/apple-ipad-a16-11-wifi-128gb-pink-pmp20001352608
20260805_055550,2026-08-05T06:11:18.062070+00:00,ripley_pe,tablets,2004363822147,SAMSUNG,GALAXY TAB S11 ULTRA WITH KEYBOARD COVER GRAY,5099.0,5799.0,1504.13,2026-08-05,12,PEN,,,Ripley PE,https://simple.ripley.com.pe/galaxy-tab-s11-ultra-with-keyboard-cover-gray-2004363822147p
20260805_055550,2026-08-05T06:11:18.063069+00:00,ripley_pe,tablets,20000708777,LENOVO,"TABLET LENOVO 11"" TAB M11 128GB 4GB RAM GRIS",999.0,1799.0,294.69,2026-08-05,44,PEN,,,Ripley PE,https://simple.ripley.com.pe/tablet-lenovo-11-tab-m11-128gb-4gb-ram-gris-pmp20000708777
20260805_055550,2026-08-05T06:11:18.063069+00:00,ripley_pe,tablets,20000344925,APPLE,IPAD MINI 256GB PURPLE,4760.73,8093.25,1404.35,2026-08-05,41,PEN,,,Ripley PE,https://simple.ripley.com.pe/ipad-mini-256gb-purple-pmp20000344925
20260805_055550,2026-08-05T06:11:18.064069+00:00,ripley_pe,tablets,20001242577,SAMSUNG,"GALAXY TAB S11 11' GRAY - TABLETA ANDROID 12GB RAM, 256GB ALMACENAMIENTO, CONECTIVIDAD WI-FI",5189.0,7789.0,1530.68,2026-08-05,33,PEN,,,Ripley PE,https://simple.ripley.com.pe/galaxy-tab-s11-11-gray-tableta-android-12gb-ram-256gb-almacenamiento-conectividad-wi-fi-pmp20001242577
20260805_055550,2026-08-05T06:11:18.064069+00:00,ripley_pe,tablets,20001237131,SAMSUNG,SAMSUNG GALAXY TAB S10 FE 10.9' 256GB WIFI | GRIS,2999.0,3449.0,884.66,2026-08-05,13,PEN,,,Ripley PE,https://simple.ripley.com.pe/samsung-galaxy-tab-s10-fe-109-256gb-wifi-gris-pmp20001237131
20260805_055550,2026-08-05T06:11:18.065069+00:00,ripley_pe,tablets,20001352267,SAMSUNG,TABLET SAMSUNG GALAXY TAB A11 WIFI 4GB RAM 64GB ROM - GRAY,499.0,999.0,147.2,2026-08-05,50,PEN,,,Ripley PE,https://simple.ripley.com.pe/tablet-samsung-galaxy-tab-a11-wifi-4gb-ram-64gb-rom-gray-pmp20001352267
20260805_055550,2026-08-05T06:11:18.066076+00:00,ripley_pe,tablets,20001284658,LENOVO,TABLET LENOVO TAB M11 11' MEDIATEK HELIO G88 4GB RAM 128GB SSD | GRIS LUNA,1249.0,3129.0,368.44,2026-08-05,60,PEN,,,Ripley PE,https://simple.ripley.com.pe/tablet-lenovo-tab-m11-11-mediatek-helio-g88-4gb-ram-128gb-ssd-gris-luna-pmp20001284658
20260805_055550,2026-08-05T06:11:18.066076+00:00,ripley_pe,tablets,20001355787,APPLE,IPAD AIR 13' (2026) CHIP M4 WIFI - 128GB | BLUE,4399.0,5059.0,1297.64,2026-08-05,13,PEN,,,Ripley PE,https://simple.ripley.com.pe/ipad-air-13-2026-chip-m4-wifi-128gb-blue-pmp20001355787
20260805_055550,2026-08-05T06:11:18.067069+00:00,ripley_pe,tablets,20000859239,UNALUKA,"PAQUETE ESSENTIALS DE REMARKABLE 2, INCLUYE TABLETA DIGITAL, MARCADOR PLUS Y FUNDA PROTECTORA GRIS",2995.0,3594.0,883.48,2026-08-05,17,PEN,,,Ripley PE,https://simple.ripley.com.pe/paquete-essentials-de-remarkable-2-incluye-tableta-digital-marcador-plus-y-funda-protectora-gris-pmp20000859239
20260805_055550,2026-08-05T06:11:18.068069+00:00,ripley_pe,tablets,2004362748936,SAMSUNG,TABLET SAMSUNG S10 FE PLUS 13.1” 128GB,2599.0,2899.0,766.67,2026-08-05,10,PEN,,,Ripley PE,https://simple.ripley.com.pe/tablet-samsung-s10-fe-plus-131-128gb-2004362748936p
20260805_055550,2026-08-05T06:11:22.897979+00:00,ripley_pe,tablets,20001237117,SAMSUNG,SAMSUNG GALAXY TAB S10 FE+ 13.1' 256GB WIFI + TECLADO(INGLES) | GRIS,4699.0,5409.0,1386.14,2026-08-05,13,PEN,,,Ripley PE,https://simple.ripley.com.pe/samsung-galaxy-tab-s10-fe-131-256gb-wifi-tecladoingles-gris-pmp20001237117
20260805_055550,2026-08-05T06:11:22.897979+00:00,ripley_pe,tablets,20000937528,APPLE,IPAD 11' (2025) 11VA GEN CHIP A16 WIFI 128GB | SILVER,1549.0,1999.0,456.93,2026-08-05,23,PEN,,,Ripley PE,https://simple.ripley.com.pe/ipad-11-2025-11va-gen-chip-a16-wifi-128gb-silver-pmp20000937528
20260805_055550,2026-08-05T06:11:22.898980+00:00,ripley_pe,tablets,00003387304,ONEPLUS,"TABLET ONEPLUS ONEPLUS PAD 11.61"" 128GB PAD MEDIATEK DIMENSITY 9000 WI-FI CELLULAR HALO GREEN",2195.0,2634.0,647.49,2026-08-05,17,PEN,,,Ripley PE,https://simple.ripley.com.pe/tablet-oneplus-oneplus-pad-1161-128gb-pad-mediatek-dimensity-9000-wi-fi-cellular-halo-green-pmp00003387304
20260805_055550,2026-08-05T06:11:22.899979+00:00,ripley_pe,tablets,20001466915,WACOM,TABLETA GRÁFICA WACOM INTUOS CTL4100 SMALL COLOR NEGRO,237.2,270.0,69.97,2026-08-05,12,PEN,,,Ripley PE,https://simple.ripley.com.pe/tableta-grafica-wacom-intuos-ctl4100-small-color-negro-pmp20001466915
20260805_055550,2026-08-05T06:11:22.899979+00:00,ripley_pe,tablets,20001242573,SAMSUNG,"Tablet Samsung Galaxy Tab A11 de 8.7"" SM-X133 64GB Wi-Fi Gray",629.0,949.0,185.55,2026-08-05,34,PEN,,,Ripley PE,https://simple.ripley.com.pe/tablet-samsung-galaxy-tab-a11-de-87-sm-x133-64gb-wi-fi-gray-pmp20001242573
20260805_055550,2026-08-05T06:11:22.900980+00:00,ripley_pe,tablets,20000870167,SAMSUNG,TABLET SAMSUNG GALAXY TAB S10 FE GRAY 128GB SM-X520NZAAPEO,1999.0,2249.0,589.68,2026-08-05,11,PEN,,,Ripley PE,https://simple.ripley.com.pe/tablet-samsung-galaxy-tab-s10-fe-gray-128gb-sm-x520nzaapeo-pmp20000870167
20260805_055550,2026-08-05T06:11:22.900980+00:00,ripley_pe,tablets,20001185722,SAMSUNG,TABLET SAMSUNG GALAXY TAB S11 256GB GRAY,3999.0,4449.0,1179.65,2026-08-05,10,PEN,,,Ripley PE,https://simple.ripley.com.pe/tablet-samsung-galaxy-tab-s11-256gb-gray-pmp20001185722
20260805_055550,2026-08-05T06:11:22.901979+00:00,ripley_pe,tablets,20001324173,SAMSUNG,TABLET SAMSUNG GALAXY TAB S10 FE 256GB BLUE,2499.0,2749.0,737.17,2026-08-05,9,PEN,,,Ripley PE,https://simple.ripley.com.pe/tablet-samsung-galaxy-tab-s10-fe-256gb-blue-pmp20001324173
20260805_055550,2026-08-05T06:11:22.901979+00:00,ripley_pe,tablets,20001361186,GENÉRICO,TECLADO CON MOUSE BLUETOOTH INALAMBRICO PARA TABLET + LAPIZ UNIVERSAL,72.9,82.0,21.5,2026-08-05,11,PEN,,,Ripley PE,https://simple.ripley.com.pe/teclado-con-mouse-bluetooth-inalambrico-para-tablet-lapiz-universal-pmp20001361186
20260805_055550,2026-08-05T06:11:22.902980+00:00,ripley_pe,tablets,00003081463,SAMSUNG,"TABLET SAMSUNG GALAXY 10.5"" 32GB TAB A8 ORO ROSADO",1309.0,1879.0,386.14,2026-08-05,30,PEN,,,Ripley PE,https://simple.ripley.com.pe/tablet-samsung-galaxy-105-32gb-tab-a8-oro-rosado-pmp00003081463
20260805_055550,2026-08-05T06:11:22.903979+00:00,ripley_pe,tablets,20001521501,HUION,TABLETA GRAFICA DIGITAL HUION INSPIROY H430P,150.0,,44.25,2026-08-05,,PEN,,,Ripley PE,https://simple.ripley.com.pe/tableta-grafica-digital-huion-inspiroy-h430p-pmp20001521501
20260805_055550,2026-08-05T06:11:22.903979+00:00,ripley_pe,tablets,2004273877824,HUAWEI,ADAPTADOR HUAWEI MATEDOCK2 AD11,158.95,199.0,46.89,2026-08-05,20,PEN,,,Ripley PE,https://simple.ripley.com.pe/adaptador-huawei-matedock2-ad11-2004273877824p
20260805_055550,2026-08-05T06:11:22.904979+00:00,ripley_pe,tablets,20000754176,GENÉRICO,TECLADO MAGNÉTICO PARA GALAXY TAB S7 FE/ S7 PLUS/ S8 PLUS,499.5,,147.35,2026-08-05,,PEN,,,Ripley PE,https://simple.ripley.com.pe/teclado-magnetico-para-galaxy-tab-s7-fe-s7-plus-s8-plus-pmp20000754176
20260805_055550,2026-08-05T06:11:22.904979+00:00,ripley_pe,tablets,20001172301,AILUN,"LÁPIZ PARA SAMSUNG GALAXY TAB S11, S10 LITE Y S11 ULTRA",49.0,82.0,14.45,2026-08-05,40,PEN,,,Ripley PE,https://simple.ripley.com.pe/lapiz-para-samsung-galaxy-tab-s11-s10-lite-y-s11-ultra-pmp20001172301
20260805_055550,2026-08-05T06:11:22.905979+00:00,ripley_pe,tablets,20001237107,SAMSUNG,SAMSUNG GALAXY TAB S10 FE+ 13.1' 256 GB WIFI | GRIS,4099.0,4719.0,1209.14,2026-08-05,13,PEN,,,Ripley PE,https://simple.ripley.com.pe/samsung-galaxy-tab-s10-fe-131-256-gb-wifi-gris-pmp20001237107
20260805_055550,2026-08-05T06:11:22.905979+00:00,ripley_pe,tablets,00003081517,SAMSUNG,"TABLET SAMSUNG GALAXY 10.4"" 64GB TAB S6 LITE + S PEN INCLUIDO GRIS",1549.0,1789.0,456.93,2026-08-05,13,PEN,,,Ripley PE,https://simple.ripley.com.pe/tablet-samsung-galaxy-104-64gb-tab-s6-lite-s-pen-incluido-gris-pmp00003081517
20260805_055550,2026-08-05T06:11:22.906980+00:00,ripley_pe,tablets,20001352225,SAMSUNG,TABLET SAMSUNG GALAXY TAB A11 WIFI 4GB RAM 64GB ROM - GRAY,499.0,999.0,147.2,2026-08-05,50,PEN,,,Ripley PE,https://simple.ripley.com.pe/tablet-samsung-galaxy-tab-a11-wifi-4gb-ram-64gb-rom-gray-pmp20001352225
20260805_055550,2026-08-05T06:11:22.907979+00:00,ripley_pe,tablets,20001406787,SAMSUNG,TABLET SAMSUNG GALAXY TAB A11 8.7' SM-X230NZAAPEO 6GB RAM 128GB – GRIS,939.0,1699.0,276.99,2026-08-05,45,PEN,,,Ripley PE,https://simple.ripley.com.pe/tablet-samsung-galaxy-tab-a11-87-sm-x230nzaapeo-6gb-ram-128gb-gris-pmp20001406787
20260805_055550,2026-08-05T06:11:22.907979+00:00,ripley_pe,tablets,20001197610,APPLE,TABLETA APPLE IPAD 11TH GENERATION 128GB ALMACENAMIENTO 6GB RAM PLATA,2039.0,3059.0,601.47,2026-08-05,33,PEN,,,Ripley PE,https://simple.ripley.com.pe/tableta-apple-ipad-11th-generation-128gb-almacenamiento-6gb-ram-plata-pmp20001197610
20260805_055550,2026-08-05T06:11:22.908980+00:00,ripley_pe,tablets,20001351171,APPLE,NUEVO APPLE IPAD AIR 11″ CHIP M4 WIFI 256GB - SPACE GRAY ( 2026 ) + REGALO,3499.0,4499.0,1032.15,2026-08-05,22,PEN,,,Ripley PE,https://simple.ripley.com.pe/nuevo-apple-ipad-air-11-chip-m4-wifi-256gb-space-gray-2026-regalo-pmp20001351171
20260805_055550,2026-08-05T06:11:22.908980+00:00,ripley_pe,tablets,20001242589,SAMSUNG,TABLET SAMSUNG GALAXY TAB S10 LITE 10.9 PULGADAS 6GB RAM 128GB ROM 5G WUXGA+ TFT,2189.0,3289.0,645.72,2026-08-05,33,PEN,,,Ripley PE,https://simple.ripley.com.pe/tablet-samsung-galaxy-tab-s10-lite-109-pulgadas-6gb-ram-128gb-rom-5g-wuxga-tft-pmp20001242589
20260805_055550,2026-08-05T06:11:22.909979+00:00,ripley_pe,tablets,00003081503,SAMSUNG,"TABLET SAMSUNG GALAXY 12.4"" 256GB TAB S7 FE WIFI + S PEN INCLUIDA PLATEADO",3459.0,4949.0,1020.35,2026-08-05,30,PEN,,,Ripley PE,https://simple.ripley.com.pe/tablet-samsung-galaxy-124-256gb-tab-s7-fe-wifi-s-pen-incluida-plateado-pmp00003081503
20260805_055550,2026-08-05T06:11:22.909979+00:00,ripley_pe,tablets,20001309565,SAMSUNG,TABLET SAMSUNG GALAXY TAB S10+ PLUS 12.4' 512GB,5799.0,6669.0,1710.62,2026-08-05,13,PEN,,,Ripley PE,https://simple.ripley.com.pe/tablet-samsung-galaxy-tab-s10-plus-124-512gb-pmp20001309565
20260805_055550,2026-08-05T06:11:22.910980+00:00,ripley_pe,tablets,20001237124,SAMSUNG,SAMSUNG GALAXY TAB S10 FE 256GB WIFI + TECLADO(INGLES) | PLATA,3699.0,4259.0,1091.15,2026-08-05,13,PEN,,,Ripley PE,https://simple.ripley.com.pe/samsung-galaxy-tab-s10-fe-256gb-wifi-tecladoingles-plata-pmp20001237124
20260805_055550,2026-08-05T06:11:22.910980+00:00,ripley_pe,tablets,20001186473,APPLE,IPAD 11' (2025) 11VA GEN CHIP A16 WIFI 128GB,1699.0,1959.0,501.18,2026-08-05,13,PEN,,,Ripley PE,https://simple.ripley.com.pe/ipad-11-2025-11va-gen-chip-a16-wifi-128gb-pmp20001186473
20260805_055550,2026-08-05T06:11:22.911980+00:00,ripley_pe,tablets,20001165648,LENOVO,"LENOVO TAB PLUS TB351FU - TABLETA 11.5' 2K IPS TÁCTIL, ANDROID 14, 8GB RAM Y 128GB ALMACENAMIENTO",1119.0,1679.0,330.09,2026-08-05,33,PEN,,,Ripley PE,https://simple.ripley.com.pe/lenovo-tab-plus-tb351fu-tableta-115-2k-ips-tactil-android-14-8gb-ram-y-128gb-almacenamiento-pmp20001165648
20260805_055550,2026-08-05T06:11:22.911980+00:00,ripley_pe,tablets,20000236141,SAMSUNG,TABLET SAMSUNG GALAXY TAB S9 FE+,4284.28,7113.28,1263.8,2026-08-05,40,PEN,,,Ripley PE,https://simple.ripley.com.pe/tablet-samsung-galaxy-tab-s9-fe-pmp20000236141
20260805_055550,2026-08-05T06:11:22.912979+00:00,ripley_pe,tablets,00003081501,SAMSUNG,"TABLET SAMSUNG GALAXY 12.4"" 256GB TAB S7 FE WIFI + S PEN INCLUIDA ROSA",2849.0,3279.0,840.41,2026-08-05,13,PEN,,,Ripley PE,https://simple.ripley.com.pe/tablet-samsung-galaxy-124-256gb-tab-s7-fe-wifi-s-pen-incluida-rosa-pmp00003081501
20260805_055550,2026-08-05T06:11:22.912979+00:00,ripley_pe,tablets,20001175749,APPLE,IPAD PRO 11' (2025) M5 512GB (WI-FI) APPLE | SILVER,6199.0,8989.0,1828.61,2026-08-05,31,PEN,,,Ripley PE,https://simple.ripley.com.pe/ipad-pro-11-2025-m5-512gb-wi-fi-apple-silver-pmp20001175749
20260805_055550,2026-08-05T06:11:22.913979+00:00,ripley_pe,tablets,20001207738,SAMSUNG,TABLET SAMSUNG GALAXY TAB S11 SILVER 512GB SM-X730NZSKPEO,4359.0,5099.0,1285.84,2026-08-05,15,PEN,,,Ripley PE,https://simple.ripley.com.pe/tablet-samsung-galaxy-tab-s11-silver-512gb-sm-x730nzskpeo-pmp20001207738
20260805_055550,2026-08-05T06:11:22.914979+00:00,ripley_pe,tablets,20001185705,SAMSUNG,TABLET SAMSUNG GALAXY TAB S11 128GB GRAY,3699.0,4099.0,1091.15,2026-08-05,10,PEN,,,Ripley PE,https://simple.ripley.com.pe/tablet-samsung-galaxy-tab-s11-128gb-gray-pmp20001185705
20260805_055550,2026-08-05T06:11:22.914979+00:00,ripley_pe,tablets,20000870136,SAMSUNG,TABLET SAMSUNG GALAXY TAB S10 FE PLUS 256GB GRAY SM-X620NZAEPEO,3059.0,3449.0,902.36,2026-08-05,11,PEN,,,Ripley PE,https://simple.ripley.com.pe/tablet-samsung-galaxy-tab-s10-fe-plus-256gb-gray-sm-x620nzaepeo-pmp20000870136
20260805_055550,2026-08-05T06:11:22.915981+00:00,ripley_pe,tablets,20000870181,SAMSUNG,TABLET SAMSUNG GALAXY TAB S10 FE SILVER 128GB SM-X520NZSAPEO,1999.0,2249.0,589.68,2026-08-05,11,PEN,,,Ripley PE,https://simple.ripley.com.pe/tablet-samsung-galaxy-tab-s10-fe-silver-128gb-sm-x520nzsapeo-pmp20000870181
20260805_055550,2026-08-05T06:11:22.916980+00:00,ripley_pe,tablets,20001350885,APPLE,NUEVO APPLE IPAD AIR 11″ CHIP M4 WIFI 128GB - STARLIGHT ( 2026 ) + PENCIL PRO + REGALO,3599.0,4499.0,1061.65,2026-08-05,20,PEN,,,Ripley PE,https://simple.ripley.com.pe/nuevo-apple-ipad-air-11-chip-m4-wifi-128gb-starlight-2026-pencil-pro-regalo-pmp20001350885
20260805_055550,2026-08-05T06:11:22.916980+00:00,ripley_pe,tablets,20001273201,SAMSUNG,TECLADO SAMSUNG BOOK COVER SLIM GALAXY TAB S10 LITE X400,799.9,,235.96,2026-08-05,,PEN,,,Ripley PE,https://simple.ripley.com.pe/teclado-samsung-book-cover-slim-galaxy-tab-s10-lite-x400-pmp20001273201
20260805_055550,2026-08-05T06:11:22.917979+00:00,ripley_pe,tablets,20001341870,BLACKVIEW,TABLET BLACKVIEW TAB 60 WIFI 10.1 (4+8)= 12/256GB 5100MHA - VOLCANO GREY,429.0,499.0,126.55,2026-08-05,14,PEN,,,Ripley PE,https://simple.ripley.com.pe/tablet-blackview-tab-60-wifi-101-48-12256gb-5100mha-volcano-grey-pmp20001341870
20260805_055550,2026-08-05T06:11:22.918980+00:00,ripley_pe,tablets,20000870756,SAMSUNG,CASE SAMSUNG SMART BOOK GALAXY TAB S10 FE+ SMART BOOK BLUE EF-BX620PLEGWW,239.0,349.0,70.5,2026-08-05,32,PEN,,,Ripley PE,https://simple.ripley.com.pe/case-samsung-smart-book-galaxy-tab-s10-fe-smart-book-blue-ef-bx620plegww-pmp20000870756
20260805_055550,2026-08-05T06:11:22.918980+00:00,ripley_pe,tablets,20001207762,SAMSUNG,TABLET SAMSUNG GALAXY TAB S11 GRAY 128GB SM-X730NZADPEO,3519.0,4099.0,1038.05,2026-08-05,14,PEN,,,Ripley PE,https://simple.ripley.com.pe/tablet-samsung-galaxy-tab-s11-gray-128gb-sm-x730nzadpeo-pmp20001207762
20260805_055550,2026-08-05T06:11:22.919979+00:00,ripley_pe,tablets,20001480113,GENÉRICO,FUNDA CASE PARA IPAD AIR 11 M4 CHIP (2026) A3459 A3460 A3463 LAVANDA,78.9,,23.27,2026-08-05,,PEN,,,Ripley PE,https://simple.ripley.com.pe/funda-case-para-ipad-air-11-m4-chip-2026-a3459-a3460-a3463-lavanda-pmp20001480113
20260805_055550,2026-08-05T06:11:22.920980+00:00,ripley_pe,tablets,20001207741,SAMSUNG,TABLET SAMSUNG GALAXY TAB S11 ULTRA SILVER 512GB SM-X930NZSHPEO,5569.0,6499.0,1642.77,2026-08-05,14,PEN,,,Ripley PE,https://simple.ripley.com.pe/tablet-samsung-galaxy-tab-s11-ultra-silver-512gb-sm-x930nzshpeo-pmp20001207741
20260805_055550,2026-08-05T06:11:22.920980+00:00,ripley_pe,tablets,20001237123,SAMSUNG,SAMSUNG GALAXY TAB S10 FE 128GB WIFI + TECLADO(INGLES) | AZUL,3299.0,3799.0,973.16,2026-08-05,13,PEN,,,Ripley PE,https://simple.ripley.com.pe/samsung-galaxy-tab-s10-fe-128gb-wifi-tecladoingles-azul-pmp20001237123
20260805_055550,2026-08-05T06:11:22.921979+00:00,ripley_pe,tablets,00003081461,SAMSUNG,"TABLET SAMSUNG GALAXY 10.5"" 32GB TAB A8 GRIS OSCURO",1149.0,1649.0,338.94,2026-08-05,30,PEN,,,Ripley PE,https://simple.ripley.com.pe/tablet-samsung-galaxy-105-32gb-tab-a8-gris-oscuro-pmp00003081461
20260805_055550,2026-08-05T06:11:22.921979+00:00,ripley_pe,tablets,00003081521,SAMSUNG,"TABLET SAMSUNG GALAXY 10.4"" 128GB TAB S6 LITE + S PEN INCLUIDO ROSA",1969.0,2819.0,580.83,2026-08-05,30,PEN,,,Ripley PE,https://simple.ripley.com.pe/tablet-samsung-galaxy-104-128gb-tab-s6-lite-s-pen-incluido-rosa-pmp00003081521
20260805_055550,2026-08-05T06:11:22.922980+00:00,ripley_pe,tablets,20000236152,SAMSUNG,TABLET SAMSUNG GALAXY TAB S9 FE+,4284.28,7113.28,1263.8,2026-08-05,40,PEN,,,Ripley PE,https://simple.ripley.com.pe/tablet-samsung-galaxy-tab-s9-fe-pmp20000236152
20260805_055550,2026-08-05T06:11:22.922980+00:00,ripley_pe,tablets,20001459640,GENÉRICO,CASE IPAD A16 CON TECLADO ROSA,169.0,240.0,49.85,2026-08-05,30,PEN,,,Ripley PE,https://simple.ripley.com.pe/case-ipad-a16-con-teclado-rosa-pmp20001459640
20260805_055550,2026-08-05T06:11:27.245820+00:00,ripley_pe,tablets,20001273796,GENÉRICO,DUX DUCIS CASE PARA GALAXY TAB S11 ULTRA X930 (2025) DE LONA,149.5,,44.1,2026-08-05,,PEN,,,Ripley PE,https://simple.ripley.com.pe/dux-ducis-case-para-galaxy-tab-s11-ultra-x930-2025-de-lona-pmp20001273796
20260805_055550,2026-08-05T06:11:27.246820+00:00,ripley_pe,tablets,20001237106,SAMSUNG,SAMSUNG GALAXY TAB S10 FE+ 13.1' 256GB WIFI + TECLADO(INGLES) | AZUL,4699.0,5409.0,1386.14,2026-08-05,13,PEN,,,Ripley PE,https://simple.ripley.com.pe/samsung-galaxy-tab-s10-fe-131-256gb-wifi-tecladoingles-azul-pmp20001237106
20260805_055550,2026-08-05T06:11:27.246820+00:00,ripley_pe,tablets,20001237113,SAMSUNG,SAMSUNG GALAXY TAB S10 FE+ 13.1' 128GB WIFI + TECLADO(INGLES) | AZUL,4099.0,4719.0,1209.14,2026-08-05,13,PEN,,,Ripley PE,https://simple.ripley.com.pe/samsung-galaxy-tab-s10-fe-131-128gb-wifi-tecladoingles-azul-pmp20001237113
20260805_055550,2026-08-05T06:11:27.247819+00:00,ripley_pe,tablets,00003441383,SHEEPBUSTER,"FUNDA KINDLE 11VA GEN 2022 SHEEPBUSTER 6"" ESTUCHE FELPA AZUL",19.9,,5.87,2026-08-05,,PEN,,,Ripley PE,https://simple.ripley.com.pe/funda-kindle-11va-gen-2022-sheepbuster-6-estuche-felpa-azul-pmp00003441383
20260805_055550,2026-08-05T06:11:27.248819+00:00,ripley_pe,tablets,20001009695,GENÉRICO,CASE PARA GALAXY TAB S6 LITE P620 P625 CON PORTALÁPIZ NEGRO,69.9,,20.62,2026-08-05,,PEN,,,Ripley PE,https://simple.ripley.com.pe/case-para-galaxy-tab-s6-lite-p620-p625-con-portalapiz-negro-pmp20001009695
20260805_055550,2026-08-05T06:11:27.248819+00:00,ripley_pe,tablets,20001239881,APPLE,(REACONDICIONADO)APPLE IPAD 6ª GEN 9.7' 128GB WI-FI + CELLULAR | PLATA,529.0,609.0,156.05,2026-08-05,13,PEN,,,Ripley PE,https://simple.ripley.com.pe/reacondicionadoapple-ipad-6-gen-97-128gb-wi-fi-cellular-plata-pmp20001239881
20260805_055550,2026-08-05T06:11:27.249820+00:00,ripley_pe,tablets,20001342065,SAMSUNG,TABLET SAMSUNG GALAXY TAB A11 64GB GRAY,499.0,649.0,147.2,2026-08-05,23,PEN,,,Ripley PE,https://simple.ripley.com.pe/tablet-samsung-galaxy-tab-a11-64gb-gray-pmp20001342065
20260805_055550,2026-08-05T06:11:27.250820+00:00,ripley_pe,tablets,20001175729,APPLE,IPAD PRO 11' (2025) M5 256GB (WI-FI) APPLE | SPACE BLACK,5399.0,7829.0,1592.63,2026-08-05,31,PEN,,,Ripley PE,https://simple.ripley.com.pe/ipad-pro-11-2025-m5-256gb-wi-fi-apple-space-black-pmp20001175729
20260805_055550,2026-08-05T06:11:27.250820+00:00,ripley_pe,tablets,20001343957,XIAOMI,TABLET XIAOMI REDMI PAD 2 PRO 6GB RAM 128GB  LCD 2.5K 120HZ - SILVER,1189.0,1499.0,350.74,2026-08-05,21,PEN,,,Ripley PE,https://simple.ripley.com.pe/tablet-xiaomi-redmi-pad-2-pro-6gb-ram-128gb-lcd-25k-120hz-silver-pmp20001343957
20260805_055550,2026-08-05T06:11:27.251820+00:00,ripley_pe,tablets,20001175738,APPLE,IPAD PRO 11' (2025) M5 256GB (WI-FI) APPLE | SILVER,5399.0,7829.0,1592.63,2026-08-05,31,PEN,,,Ripley PE,https://simple.ripley.com.pe/ipad-pro-11-2025-m5-256gb-wi-fi-apple-silver-pmp20001175738
20260805_055550,2026-08-05T06:11:27.252819+00:00,ripley_pe,tablets,20000870150,SAMSUNG,TABLET SAMSUNG GALAXY TAB S10 FE PLUS 128GB BLUE SM-X620NLBAPEO,2759.0,3049.0,813.86,2026-08-05,10,PEN,,,Ripley PE,https://simple.ripley.com.pe/tablet-samsung-galaxy-tab-s10-fe-plus-128gb-blue-sm-x620nlbapeo-pmp20000870150
20260805_055550,2026-08-05T06:11:27.253820+00:00,ripley_pe,tablets,20001071826,LENOVO,TABLET LENOVO IDEA TAB PRO + TECLADO + LAPIZ + AUDÍFONOS 12.4' 256GB 8GB GRIS,2054.0,2218.0,605.9,2026-08-05,7,PEN,,,Ripley PE,https://simple.ripley.com.pe/tablet-lenovo-idea-tab-pro-teclado-lapiz-audifonos-124-256gb-8gb-gris-pmp20001071826
20260805_055550,2026-08-05T06:11:27.253820+00:00,ripley_pe,tablets,00003081499,SAMSUNG,"TABLET SAMSUNG GALAXY 12.4"" 256GB TAB S7 FE WIFI + S PEN INCLUIDA VERDE MISTICO",3099.0,3569.0,914.16,2026-08-05,13,PEN,,,Ripley PE,https://simple.ripley.com.pe/tablet-samsung-galaxy-124-256gb-tab-s7-fe-wifi-s-pen-incluida-verde-mistico-pmp00003081499
20260805_055550,2026-08-05T06:11:27.254820+00:00,ripley_pe,tablets,20000204452,GENÉRICO,LÁPIZ SAMSUNG GALAXY S23 ULTRA Y S22 ULTRA S PEN STYLUS REPUESTO,66.0,101.99,19.47,2026-08-05,35,PEN,,,Ripley PE,https://simple.ripley.com.pe/lapiz-samsung-galaxy-s23-ultra-y-s22-ultra-s-pen-stylus-repuesto-pmp20000204452
20260805_055550,2026-08-05T06:11:27.254820+00:00,ripley_pe,tablets,20001065005,AMAZON ANDES,"AMAZON KINDLE COLORSOFT DE 16 GB, ÚLTIMO MODELO. PANTALLA A COLOR CON LUZ CÁLIDA AJUSTABLE. NEGRO, SIN ANUNCIOS",1300.0,1560.0,383.48,2026-08-05,17,PEN,,,Ripley PE,https://simple.ripley.com.pe/amazon-kindle-colorsoft-de-16-gb-ultimo-modelo-pantalla-a-color-con-luz-calida-ajustable-negro-sin-anuncios-pmp20001065005
20260805_055550,2026-08-05T06:11:27.255820+00:00,ripley_pe,tablets,20001008502,SAMSUNG,TECLADO SAMSUNG BOOK COVER SLIM GALAXY TAB S10 FE 10.9 X520,799.9,,235.96,2026-08-05,,PEN,,,Ripley PE,https://simple.ripley.com.pe/teclado-samsung-book-cover-slim-galaxy-tab-s10-fe-109-x520-pmp20001008502
20260805_055550,2026-08-05T06:11:27.256820+00:00,ripley_pe,tablets,20001244124,TCL,TABLET TCL TAB NXTPAPER 11 10.9' 4GB RAM 128GB GRIS OSCURO,999.0,1399.0,294.69,2026-08-05,29,PEN,,,Ripley PE,https://simple.ripley.com.pe/tablet-tcl-tab-nxtpaper-11-109-4gb-ram-128gb-gris-oscuro-pmp20001244124
20260805_055550,2026-08-05T06:11:27.256820+00:00,ripley_pe,tablets,20000968836,GENÉRICO,CARGADOR PARA IPAD CARGA RÁPIDA 20W LIGHTNING,49.9,,14.72,2026-08-05,,PEN,,,Ripley PE,https://simple.ripley.com.pe/cargador-para-ipad-carga-rapida-20w-lightning-pmp20000968836
20260805_055550,2026-08-05T06:11:27.257820+00:00,ripley_pe,tablets,20001165673,APPLE,"TABLETA APPLE IPAD 11' (11ª GEN) AZUL, 128GB, 6GB RAM, PENTA-CORE 3.40GHZ, PANTALLA LIQUID RETINA 2360X1640",2039.0,3059.0,601.47,2026-08-05,33,PEN,,,Ripley PE,https://simple.ripley.com.pe/tableta-apple-ipad-11-11-gen-azul-128gb-6gb-ram-penta-core-340ghz-pantalla-liquid-retina-2360x1640-pmp20001165673
20260805_055550,2026-08-05T06:11:27.257820+00:00,ripley_pe,tablets,20001123285,APPLE,IPAD A16 WI-FI MD3Y4LL/A 11' 128GB 6GB SILVER,1632.0,1763.0,481.42,2026-08-05,7,PEN,,,Ripley PE,https://simple.ripley.com.pe/ipad-a16-wi-fi-md3y4lla-11-128gb-6gb-silver-pmp20001123285
20260805_055550,2026-08-05T06:11:27.258819+00:00,ripley_pe,tablets,20001361745,SAMSUNG,TABLET SAMSUNG GALAXY TAB A11 DE 8.7 SM-X133 4GB / 64GB WI-FI GRAY - SM-X133NZAAPEO,709.0,,209.14,2026-08-05,,PEN,,,Ripley PE,https://simple.ripley.com.pe/tablet-samsung-galaxy-tab-a11-de-87-sm-x133-4gb-64gb-wi-fi-gray-sm-x133nzaapeo-pmp20001361745
20260805_055550,2026-08-05T06:11:27.258819+00:00,ripley_pe,tablets,20001133694,AILUN,LÁPIZ PEN STYLUS PARA SAMSUNG GALAXY TAB A9 PLUS Y TAB A9,56.0,76.0,16.52,2026-08-05,26,PEN,,,Ripley PE,https://simple.ripley.com.pe/lapiz-pen-stylus-para-samsung-galaxy-tab-a9-plus-y-tab-a9-pmp20001133694
20260805_055550,2026-08-05T06:11:27.261820+00:00,ripley_pe,tablets,20000858957,SAMSUNG,TABLET SAMSUNG TAB S10 FE 10.9 128GB 8GB GRIS,1988.0,2147.0,586.43,2026-08-05,7,PEN,,,Ripley PE,https://simple.ripley.com.pe/tablet-samsung-tab-s10-fe-109-128gb-8gb-gris-pmp20000858957
20260805_055550,2026-08-05T06:11:27.262820+00:00,ripley_pe,tablets,20000798463,APPLE,iPad Mini (A17 Pro) WIFI 256GB Purple,2890.0,4525.0,852.51,2026-08-05,36,PEN,,,Ripley PE,https://simple.ripley.com.pe/ipad-mini-a17-pro-wifi-256gb-purple-pmp20000798463
20260805_055550,2026-08-05T06:11:27.263820+00:00,ripley_pe,tablets,20000589525,INCASE,CASE INCASE IN HARDSHELL MACBOOK PRO 14 2021 A2442 M1,289.9,,85.52,2026-08-05,,PEN,,,Ripley PE,https://simple.ripley.com.pe/case-incase-in-hardshell-macbook-pro-14-2021-a2442-m1-pmp20000589525
20260805_055550,2026-08-05T06:11:27.263820+00:00,ripley_pe,tablets,20000798436,APPLE,iPad Mini (A17 Pro) WIFI 128GB Space Gray,2420.0,3795.0,713.86,2026-08-05,36,PEN,,,Ripley PE,https://simple.ripley.com.pe/ipad-mini-a17-pro-wifi-128gb-space-gray-pmp20000798436
20260805_055550,2026-08-05T06:11:27.264819+00:00,ripley_pe,tablets,00003081471,SAMSUNG,"TABLET SAMSUNG GALAXY 10.5"" 64GB TAB A8 PLATEADO",1289.0,1489.0,380.24,2026-08-05,13,PEN,,,Ripley PE,https://simple.ripley.com.pe/tablet-samsung-galaxy-105-64gb-tab-a8-plateado-pmp00003081471
20260805_055550,2026-08-05T06:11:27.264819+00:00,ripley_pe,tablets,20001207746,SAMSUNG,TABLET SAMSUNG GALAXY TAB S11 ULTRA GRAY 256GB SM-X930NZADPEO,5139.0,5799.0,1515.93,2026-08-05,11,PEN,,,Ripley PE,https://simple.ripley.com.pe/tablet-samsung-galaxy-tab-s11-ultra-gray-256gb-sm-x930nzadpeo-pmp20001207746
20260805_055550,2026-08-05T06:11:27.265820+00:00,ripley_pe,tablets,20001324167,SAMSUNG,TABLET SAMSUNG GALAXY TAB S10 FE 128GB BLUE,2099.0,2249.0,619.17,2026-08-05,7,PEN,,,Ripley PE,https://simple.ripley.com.pe/tablet-samsung-galaxy-tab-s10-fe-128gb-blue-pmp20001324167
20260805_055550,2026-08-05T06:11:27.266820+00:00,ripley_pe,tablets,20001480443,LOGITECH,TECLADO LOGITECH COMBO TOUCH PARA IPAD A16 11MA GEN (2025) A3354 A3355 A3356,759.5,,224.04,2026-08-05,,PEN,,,Ripley PE,https://simple.ripley.com.pe/teclado-logitech-combo-touch-para-ipad-a16-11ma-gen-2025-a3354-a3355-a3356-pmp20001480443
20260805_055550,2026-08-05T06:11:27.266820+00:00,ripley_pe,tablets,20001351206,APPLE,NUEVO APPLE IPAD AIR 11″ CHIP M4 WIFI 128GB - SPACE GRAY ( 2026 ) + PENCIL PRO + REGALO,3599.0,4499.0,1061.65,2026-08-05,20,PEN,,,Ripley PE,https://simple.ripley.com.pe/nuevo-apple-ipad-air-11-chip-m4-wifi-128gb-space-gray-2026-pencil-pro-regalo-pmp20001351206
20260805_055550,2026-08-05T06:11:27.267820+00:00,ripley_pe,tablets,20001273188,SAMSUNG,TECLADO SAMSUNG BOOK COVER SLIM GALAXY TAB S11 ULTRA X930,999.9,,294.96,2026-08-05,,PEN,,,Ripley PE,https://simple.ripley.com.pe/teclado-samsung-book-cover-slim-galaxy-tab-s11-ultra-x930-pmp20001273188
20260805_055550,2026-08-05T06:11:27.267820+00:00,ripley_pe,tablets,20000236140,SAMSUNG,TABLET SAMSUNG GALAXY TAB S9 FE+,4284.28,7113.28,1263.8,2026-08-05,40,PEN,,,Ripley PE,https://simple.ripley.com.pe/tablet-samsung-galaxy-tab-s9-fe-pmp20000236140
20260805_055550,2026-08-05T06:11:27.268819+00:00,ripley_pe,tablets,20000798540,APPLE,iPad Mini (A17 Pro) WIFI+Celular 256GB Starlight,3590.0,5455.0,1059.0,2026-08-05,34,PEN,,,Ripley PE,https://simple.ripley.com.pe/ipad-mini-a17-pro-wificelular-256gb-starlight-pmp20000798540
20260805_055550,2026-08-05T06:11:27.268819+00:00,ripley_pe,tablets,20001480612,SAMSUNG,TECLADO SAMSUNG COVER SLIM GALAXY TAB S10 FE PLUS X620 OPEN,589.9,,174.01,2026-08-05,,PEN,,,Ripley PE,https://simple.ripley.com.pe/teclado-samsung-cover-slim-galaxy-tab-s10-fe-plus-x620-open-pmp20001480612
20260805_055550,2026-08-05T06:11:27.269819+00:00,ripley_pe,tablets,20001008575,SAMSUNG,TECLADO SAMSUNG BOOK COVER SLIM GALAXY TAB S9 FE 10.9 X510,799.9,,235.96,2026-08-05,,PEN,,,Ripley PE,https://simple.ripley.com.pe/teclado-samsung-book-cover-slim-galaxy-tab-s9-fe-109-x510-pmp20001008575
20260805_055550,2026-08-05T06:11:27.270819+00:00,ripley_pe,tablets,20001175737,APPLE,IPAD PRO 13' (2025) M5 512GB (WI-FI) APPLE | SPACE BLACK,7199.0,10439.0,2123.6,2026-08-05,31,PEN,,,Ripley PE,https://simple.ripley.com.pe/ipad-pro-13-2025-m5-512gb-wi-fi-apple-space-black-pmp20001175737
20260805_055550,2026-08-05T06:11:27.270819+00:00,ripley_pe,tablets,20001239889,APPLE,(REACONDICIONADO)APPLE IPAD 6ª GEN 9.7' 32GB WI-FI + CELLULAR | GRIS ESPACIAL,459.0,689.0,135.4,2026-08-05,33,PEN,,,Ripley PE,https://simple.ripley.com.pe/reacondicionadoapple-ipad-6-gen-97-32gb-wi-fi-cellular-gris-espacial-pmp20001239889
20260805_055550,2026-08-05T06:11:27.271820+00:00,ripley_pe,tablets,20001009608,GENÉRICO,FUNDA SMART CASE PARA IPAD A16 CHIP 11MA GEN (2025) ESTUCHE,68.8,,20.29,2026-08-05,,PEN,,,Ripley PE,https://simple.ripley.com.pe/funda-smart-case-para-ipad-a16-chip-11ma-gen-2025-estuche-pmp20001009608
20260805_055550,2026-08-05T06:11:27.271820+00:00,ripley_pe,tablets,20000236156,SAMSUNG,TABLET SAMSUNG GALAXY TAB S9 FE+,4284.28,7113.28,1263.8,2026-08-05,40,PEN,,,Ripley PE,https://simple.ripley.com.pe/tablet-samsung-galaxy-tab-s9-fe-pmp20000236156
20260805_055550,2026-08-05T06:11:27.272819+00:00,ripley_pe,tablets,20000204021,GENÉRICO,FUNDA CASE PARA KINDLE 11VA GENERACIÓN 2022 Y 2024 DE 6 PULGADAS NEGRO,76.9,76.99,22.68,2026-08-05,,PEN,,,Ripley PE,https://simple.ripley.com.pe/funda-case-para-kindle-11va-generacion-2022-y-2024-de-6-pulgadas-negro-pmp20000204021
20260805_055550,2026-08-05T06:11:27.272819+00:00,ripley_pe,tablets,20000737655,APPLE,"IPAD APPLE 8.3"" 128GB MINI 7TH GEN (2024) CHIP A17 PRO WI-FI AZUL",2799.0,3219.0,825.66,2026-08-05,13,PEN,,,Ripley PE,https://simple.ripley.com.pe/ipad-apple-83-128gb-mini-7th-gen-2024-chip-a17-pro-wi-fi-azul-pmp20000737655
20260805_055550,2026-08-05T06:11:27.273819+00:00,ripley_pe,tablets,00003081465,SAMSUNG,"TABLET SAMSUNG GALAXY 10.5"" 32GB TAB A8 PLATEADO",1289.0,1489.0,380.24,2026-08-05,13,PEN,,,Ripley PE,https://simple.ripley.com.pe/tablet-samsung-galaxy-105-32gb-tab-a8-plateado-pmp00003081465
20260805_055550,2026-08-05T06:11:31.929536+00:00,ripley_pe,tablets,20000676026,GENÉRICO,CASE IPHONE 16 SILICONA MORADO,29.99,33.0,8.85,2026-08-05,9,PEN,,,Ripley PE,https://simple.ripley.com.pe/case-iphone-16-silicona-morado-pmp20000676026
20260805_055550,2026-08-05T06:11:31.930584+00:00,ripley_pe,tablets,20001342062,SAMSUNG,TABLET SAMSUNG GALAXY TAB A11+ 128GB GRAY,899.0,1149.0,265.19,2026-08-05,22,PEN,,,Ripley PE,https://simple.ripley.com.pe/tablet-samsung-galaxy-tab-a11-128gb-gray-pmp20001342062
20260805_055550,2026-08-05T06:11:31.931599+00:00,ripley_pe,tablets,20001237134,SAMSUNG,SAMSUNG GALAXY TAB S10 FE+ 13.1' 128GB WIFI + TECLADO(INGLES) | PLATA,4549.0,6499.0,1341.89,2026-08-05,30,PEN,,,Ripley PE,https://simple.ripley.com.pe/samsung-galaxy-tab-s10-fe-131-128gb-wifi-tecladoingles-plata-pmp20001237134
20260805_055550,2026-08-05T06:11:31.931599+00:00,ripley_pe,tablets,20001009687,GENÉRICO,CASE FUNDA PARA IPAD 10MA GEN 10.9 (2022) / IPAD A16 (2025),68.8,,20.29,2026-08-05,,PEN,,,Ripley PE,https://simple.ripley.com.pe/case-funda-para-ipad-10ma-gen-109-2022-ipad-a16-2025-pmp20001009687
20260805_055550,2026-08-05T06:11:31.932589+00:00,ripley_pe,tablets,00003081467,SAMSUNG,"TABLET SAMSUNG GALAXY 10.5"" 64GB TAB A8 GRIS OSCURO",1249.0,1439.0,368.44,2026-08-05,13,PEN,,,Ripley PE,https://simple.ripley.com.pe/tablet-samsung-galaxy-105-64gb-tab-a8-gris-oscuro-pmp00003081467
20260805_055550,2026-08-05T06:11:31.933599+00:00,ripley_pe,tablets,20001329548,APPLE,"APPLE IPAD A16 11' WIFI, 128 GB, SILVER",1699.0,2099.0,501.18,2026-08-05,19,PEN,,,Ripley PE,https://simple.ripley.com.pe/apple-ipad-a16-11-wifi-128-gb-silver-pmp20001329548
20260805_055550,2026-08-05T06:11:31.933599+00:00,ripley_pe,tablets,20000589752,SAMSUNG,LÁPIZ SAMSUNG ORIGINAL S-PEN GALAXY TAB S6 LITE P610 P615,269.5,,79.5,2026-08-05,,PEN,,,Ripley PE,https://simple.ripley.com.pe/lapiz-samsung-original-s-pen-galaxy-tab-s6-lite-p610-p615-pmp20000589752
20260805_055550,2026-08-05T06:11:31.934592+00:00,ripley_pe,tablets,20001240938,APPLE,(REACONDICIONADO) APPLE IPAD 2021 10.2' 64GB WI-FI + CELULAR | GRIS ESPACIAL,899.0,1039.0,265.19,2026-08-05,13,PEN,,,Ripley PE,https://simple.ripley.com.pe/reacondicionado-apple-ipad-2021-102-64gb-wi-fi-celular-gris-espacial-pmp20001240938
20260805_055550,2026-08-05T06:11:31.934592+00:00,ripley_pe,tablets,20000589778,SAMSUNG,LÁPIZ SAMSUNG ORIGINAL S-PEN GALAXY TAB S6 LITE P613 P619,269.5,,79.5,2026-08-05,,PEN,,,Ripley PE,https://simple.ripley.com.pe/lapiz-samsung-original-s-pen-galaxy-tab-s6-lite-p613-p619-pmp20000589778
20260805_055550,2026-08-05T06:11:31.935590+00:00,ripley_pe,tablets,00003081523,SAMSUNG,"TABLET SAMSUNG GALAXY 10.4"" 128GB TAB S6 LITE + S PEN INCLUIDO GRIS",1709.0,2449.0,504.13,2026-08-05,30,PEN,,,Ripley PE,https://simple.ripley.com.pe/tablet-samsung-galaxy-104-128gb-tab-s6-lite-s-pen-incluido-gris-pmp00003081523
20260805_055550,2026-08-05T06:11:31.935590+00:00,ripley_pe,tablets,20000236155,SAMSUNG,TABLET SAMSUNG GALAXY TAB S9 FE+,3713.5,6142.95,1095.43,2026-08-05,40,PEN,,,Ripley PE,https://simple.ripley.com.pe/tablet-samsung-galaxy-tab-s9-fe-pmp20000236155
20260805_055550,2026-08-05T06:11:31.936598+00:00,ripley_pe,tablets,20001503327,XIAOMI,TABLET XIAOMI PAD 8 11.2' 256GB 8GB GRAY,2132.0,2303.0,628.91,2026-08-05,7,PEN,,,Ripley PE,https://simple.ripley.com.pe/tablet-xiaomi-pad-8-112-256gb-8gb-gray-pmp20001503327
20260805_055550,2026-08-05T06:11:31.936598+00:00,ripley_pe,tablets,20000823799,LENOVO,TABLET LENOVO TAB M10 128GB 4GB GRIS,632.0,758.0,186.43,2026-08-05,17,PEN,,,Ripley PE,https://simple.ripley.com.pe/tablet-lenovo-tab-m10-128gb-4gb-gris-pmp20000823799
20260805_055550,2026-08-05T06:11:31.937586+00:00,ripley_pe,tablets,20001351490,APPLE,NUEVO APPLE IPAD AIR 11″ CHIP M4 WIFI 256GB - PURPLE ( 2026 ) + REGALO,3499.0,4499.0,1032.15,2026-08-05,22,PEN,,,Ripley PE,https://simple.ripley.com.pe/nuevo-apple-ipad-air-11-chip-m4-wifi-256gb-purple-2026-regalo-pmp20001351490
20260805_055550,2026-08-05T06:11:31.937586+00:00,ripley_pe,tablets,20000863347,AILUN,LAPIZ PEN STYLUS MAGNETICO ACTIVO PARA IPAD 11 GEN 2025,49.0,92.0,14.45,2026-08-05,47,PEN,,,Ripley PE,https://simple.ripley.com.pe/lapiz-pen-stylus-magnetico-activo-para-ipad-11-gen-2025-pmp20000863347
20260805_055550,2026-08-05T06:11:31.938590+00:00,ripley_pe,tablets,20001450664,APPLE,IPAD AIR 13″ CHIP M4 WIFI 128GB - SPACE GRAY,3799.0,4499.0,1120.65,2026-08-05,16,PEN,,,Ripley PE,https://simple.ripley.com.pe/ipad-air-13-chip-m4-wifi-128gb-space-gray-pmp20001450664
20260805_055550,2026-08-05T06:11:31.938590+00:00,ripley_pe,tablets,20000344929,APPLE,"IPAD 10.9"" 64GB PINK",3052.93,5189.98,900.57,2026-08-05,41,PEN,,,Ripley PE,https://simple.ripley.com.pe/ipad-109-64gb-pink-pmp20000344929
20260805_055550,2026-08-05T06:11:31.939599+00:00,ripley_pe,tablets,20001358080,GENÉRICO,Case Funda Ipad A16 Smart Rosado,64.99,95.0,19.17,2026-08-05,32,PEN,,,Ripley PE,https://simple.ripley.com.pe/case-funda-ipad-a16-smart-rosado-pmp20001358080
20260805_055550,2026-08-05T06:11:31.940580+00:00,ripley_pe,tablets,20001215661,SAMSUNG,Book Cover Samsung Galaxy Tab S11 Black EF-BX730PBEGWW,289.0,420.0,85.25,2026-08-05,31,PEN,,,Ripley PE,https://simple.ripley.com.pe/book-cover-samsung-galaxy-tab-s11-black-ef-bx730pbegww-pmp20001215661
20260805_055550,2026-08-05T06:11:31.940580+00:00,ripley_pe,tablets,20001365897,GENÉRICO,FUNDA PARA LAPTOP DE 15 A 16 MUJER DISEÑO ELEGANTE COLORES SURTIDOS ESTILO PASTEL,29.9,38.0,8.82,2026-08-05,21,PEN,,,Ripley PE,https://simple.ripley.com.pe/funda-para-laptop-de-15-a-16-mujer-diseno-elegante-colores-surtidos-estilo-pastel-pmp20001365897
20260805_055550,2026-08-05T06:11:31.941592+00:00,ripley_pe,tablets,20001081164,ADVANCE,NOTEBOOK 2 EN 1 ADVANCE CN4058 10.1' CELERON N4020 8GB RAM 128GB,999.0,,294.69,2026-08-05,,PEN,,,Ripley PE,https://simple.ripley.com.pe/notebook-2-en-1-advance-cn4058-101-celeron-n4020-8gb-ram-128gb-pmp20001081164
20260805_055550,2026-08-05T06:11:31.941592+00:00,ripley_pe,tablets,20001309564,SAMSUNG,TABLET SAMSUNG GALAXY TAB S10+ PLUS 12.4' 256GB,4999.0,5749.0,1474.63,2026-08-05,13,PEN,,,Ripley PE,https://simple.ripley.com.pe/tablet-samsung-galaxy-tab-s10-plus-124-256gb-pmp20001309564
20260805_055550,2026-08-05T06:11:31.942665+00:00,ripley_pe,tablets,20001185716,SAMSUNG,TABLET SAMSUNG GALAXY TAB S11 ULTRA 256GB GRAY,5399.0,5799.0,1592.63,2026-08-05,7,PEN,,,Ripley PE,https://simple.ripley.com.pe/tablet-samsung-galaxy-tab-s11-ultra-256gb-gray-pmp20001185716
20260805_055550,2026-08-05T06:11:31.942665+00:00,ripley_pe,tablets,20001324172,SAMSUNG,TABLET SAMSUNG GALAXY TAB S10 FE+ 256GB GRAY,3299.0,3449.0,973.16,2026-08-05,4,PEN,,,Ripley PE,https://simple.ripley.com.pe/tablet-samsung-galaxy-tab-s10-fe-256gb-gray-pmp20001324172
20260805_055550,2026-08-05T06:11:31.943661+00:00,ripley_pe,tablets,20001237126,SAMSUNG,SAMSUNG GALAXY TAB S10 FE+ 13.1' 128GB WIFI | PLATA,3839.0,5489.0,1132.45,2026-08-05,30,PEN,,,Ripley PE,https://simple.ripley.com.pe/samsung-galaxy-tab-s10-fe-131-128gb-wifi-plata-pmp20001237126
20260805_055550,2026-08-05T06:11:31.944670+00:00,ripley_pe,tablets,00002843135,SANTOFA ELECTRONICS,CARGADOR LAPTOP Santofa Electronics COMPATIBLE LENOVO 20V 3.25A 7.9-5.5MM 65W,100.0,200.0,29.5,2026-08-05,50,PEN,,,Ripley PE,https://simple.ripley.com.pe/cargador-laptop-santofa-electronics-compatible-lenovo-20v-325a-79-55mm-65w-pmp00002843135
20260805_055550,2026-08-05T06:11:31.944670+00:00,ripley_pe,tablets,20001207751,SAMSUNG,TABLET SAMSUNG GALAXY TAB S11 GRAY 512GB SM-X730NZAKPEO,4359.0,5099.0,1285.84,2026-08-05,15,PEN,,,Ripley PE,https://simple.ripley.com.pe/tablet-samsung-galaxy-tab-s11-gray-512gb-sm-x730nzakpeo-pmp20001207751
20260805_055550,2026-08-05T06:11:31.945668+00:00,ripley_pe,tablets,20000305596,APPLE,PUNTA LÁPIZ APPLE PENCIL TIP PRO USB C PACK X4,82.0,,24.19,2026-08-05,,PEN,,,Ripley PE,https://simple.ripley.com.pe/punta-lapiz-apple-pencil-tip-pro-usb-c-pack-x4-pmp20000305596
20260805_055550,2026-08-05T06:11:31.945668+00:00,ripley_pe,tablets,20001273078,SAMSUNG,CARGADOR SAMSUNG 45WATTS PARA GALAXY TAB S10 LITE 10.9 X400,169.5,,50.0,2026-08-05,,PEN,,,Ripley PE,https://simple.ripley.com.pe/cargador-samsung-45watts-para-galaxy-tab-s10-lite-109-x400-pmp20001273078
20260805_055550,2026-08-05T06:11:31.946680+00:00,ripley_pe,tablets,20001480416,APPLE,TECLADO APPLE MAGIC KEYBOARD IPAD AIR 11 M4 CHIP (2026) A3459 A3460 A3463 OPEN BOX,1499.9,,442.45,2026-08-05,,PEN,,,Ripley PE,https://simple.ripley.com.pe/teclado-apple-magic-keyboard-ipad-air-11-m4-chip-2026-a3459-a3460-a3463-open-box-pmp20001480416
20260805_055550,2026-08-05T06:11:31.946680+00:00,ripley_pe,tablets,20001537143,TCL,TABLET TCL A1 PLUS 9445X1 128GB 6GB RAM 8MP GRIS,799.0,,235.69,2026-08-05,,PEN,,,Ripley PE,https://simple.ripley.com.pe/tablet-tcl-a1-plus-9445x1-128gb-6gb-ram-8mp-gris-pmp20001537143
20260805_055550,2026-08-05T06:11:31.947668+00:00,ripley_pe,tablets,20001502233,APPLE,APPLE PENCIL PRO A2538,609.0,799.0,179.65,2026-08-05,24,PEN,,,Ripley PE,https://simple.ripley.com.pe/apple-pencil-pro-a2538-pmp20001502233
20260805_055550,2026-08-05T06:11:31.948674+00:00,ripley_pe,tablets,20000797910,APPLE,IPAD 11' (2025) 11VA GEN CHIP A16 (WI-FI + CELLULAR) APPLE 128GB,2599.0,3899.0,766.67,2026-08-05,33,PEN,,,Ripley PE,https://simple.ripley.com.pe/ipad-11-2025-11va-gen-chip-a16-wi-fi-cellular-apple-128gb-pmp20000797910
20260805_055550,2026-08-05T06:11:31.948674+00:00,ripley_pe,tablets,2004362871467,SAMSUNG,TABLET SAMSUNG S10 LITE 10.9” 128GB,1099.0,1499.0,324.19,2026-08-05,27,PEN,,,Ripley PE,https://simple.ripley.com.pe/tablet-samsung-s10-lite-109-128gb-2004362871467p
20260805_055550,2026-08-05T06:11:31.949665+00:00,ripley_pe,tablets,20001491683,SAMSUNG,TABLET SAMSUNG A11+ SM-X230NZAAPEO 11' 128GB 6GB GRAY,888.0,1066.0,261.95,2026-08-05,17,PEN,,,Ripley PE,https://simple.ripley.com.pe/tablet-samsung-a11-sm-x230nzaapeo-11-128gb-6gb-gray-pmp20001491683
20260805_055550,2026-08-05T06:11:31.949665+00:00,ripley_pe,tablets,20001129172,LENOVO,TABLET LENOVO LTE TB311XU TAB 10.1' WUXGA 4GB 128GB - LUNA GRAY,689.0,1299.0,203.24,2026-08-05,47,PEN,,,Ripley PE,https://simple.ripley.com.pe/tablet-lenovo-lte-tb311xu-tab-101-wuxga-4gb-128gb-luna-gray-pmp20001129172
20260805_055550,2026-08-05T06:11:31.950660+00:00,ripley_pe,tablets,20001543979,APPLE,IPAD PRO 13″ CHIP M5 256GB WI-FI (2025) - SPACE BLACK,5999.0,,1769.62,2026-08-05,,PEN,,,Ripley PE,https://simple.ripley.com.pe/ipad-pro-13-chip-m5-256gb-wi-fi-2025-space-black-pmp20001543979
20260805_055550,2026-08-05T06:11:31.950660+00:00,ripley_pe,tablets,20000386611,AILUN,PACK 3 PUNTA LÁPIZ AILUN REPUESTO METAL SAMSUNG S PEN GALAXY TAB S6 S7 S8 S9,39.0,,11.5,2026-08-05,,PEN,,,Ripley PE,https://simple.ripley.com.pe/pack-3-punta-lapiz-ailun-repuesto-metal-samsung-s-pen-galaxy-tab-s6-s7-s8-s9-pmp20000386611
20260805_055550,2026-08-05T06:11:31.951656+00:00,ripley_pe,tablets,20001273783,GENÉRICO,CASE + MICA PARA GALAXY TAB A11 8.7 X130 X133 ESTUCHE NEGRO,89.5,,26.4,2026-08-05,,PEN,,,Ripley PE,https://simple.ripley.com.pe/case-mica-para-galaxy-tab-a11-87-x130-x133-estuche-negro-pmp20001273783
20260805_055550,2026-08-05T06:11:31.951656+00:00,ripley_pe,tablets,20000589790,SAMSUNG,LÁPIZ SAMSUNG S-PEN GALAXY TAB S9 11 X710 STYLUS ORIGINAL,389.5,,114.9,2026-08-05,,PEN,,,Ripley PE,https://simple.ripley.com.pe/lapiz-samsung-s-pen-galaxy-tab-s9-11-x710-stylus-original-pmp20000589790
20260805_055550,2026-08-05T06:11:31.952667+00:00,ripley_pe,tablets,20001232845,LENOVO,TABLET LENOVO TAB ONE TB305FU 4GB RAM/ 128GB EMMC/ 8.7″/ ANDROID 14 + FOLIO CASE/ ZAF00112PE-GREEN,549.0,809.0,161.95,2026-08-05,32,PEN,,,Ripley PE,https://simple.ripley.com.pe/tablet-lenovo-tab-one-tb305fu-4gb-ram-128gb-emmc-87-android-14-folio-case-zaf00112pe-green-pmp20001232845
20260805_055550,2026-08-05T06:11:31.952667+00:00,ripley_pe,tablets,20000251208,XIAOMI,"TABLETA XIAOMI 13.5"" DIBUJO MI LCD WRITING TABLET COLOR EDITION",139.0,,41.0,2026-08-05,,PEN,,,Ripley PE,https://simple.ripley.com.pe/tableta-xiaomi-135-dibujo-mi-lcd-writing-tablet-color-edition-pmp20000251208
20260805_055550,2026-08-05T06:11:31.953657+00:00,ripley_pe,tablets,20001479571,BLACKVIEW,TABLET BLACKVIEW TAB 20 KIDS WIFI 64GB PURPLE 4GB RAM,399.0,659.0,117.7,2026-08-05,39,PEN,,,Ripley PE,https://simple.ripley.com.pe/tablet-blackview-tab-20-kids-wifi-64gb-purple-4gb-ram-pmp20001479571
20260805_055550,2026-08-05T06:11:31.953657+00:00,ripley_pe,tablets,20001232846,LENOVO,TABLET LENOVO TAB ONE TB305FU 4GB RAM 128GB EMMC 87″ ANDROID 14+FOLIO CASE ZAF00190PE-LUNA GREY,549.0,809.0,161.95,2026-08-05,32,PEN,,,Ripley PE,https://simple.ripley.com.pe/tablet-lenovo-tab-one-tb305fu-4gb-ram-128gb-emmc-87-android-14folio-case-zaf00190pe-luna-grey-pmp20001232846
20260805_055550,2026-08-05T06:11:31.954665+00:00,ripley_pe,tablets,00003441415,SHEEPBUSTER,"FUNDA KINDLE 11VA GEN 2022 SHEEPBUSTER 6"" ESTUCHE CUERO AZUL",59.9,119.0,17.67,2026-08-05,50,PEN,,,Ripley PE,https://simple.ripley.com.pe/funda-kindle-11va-gen-2022-sheepbuster-6-estuche-cuero-azul-pmp00003441415
20260805_055550,2026-08-05T06:11:31.955661+00:00,ripley_pe,tablets,20001175702,APPLE,IPAD PRO 13' (2025) M5 1TB (WI-FI + CELLULAR) APPLE | SPACE BLACK,9599.0,14399.0,2831.56,2026-08-05,33,PEN,,,Ripley PE,https://simple.ripley.com.pe/ipad-pro-13-2025-m5-1tb-wi-fi-cellular-apple-space-black-pmp20001175702
20260805_055550,2026-08-05T06:11:31.955661+00:00,ripley_pe,tablets,20000798433,APPLE,iPad Mini (A17 Pro) WIFI 128GB Blue,2420.0,3795.0,713.86,2026-08-05,36,PEN,,,Ripley PE,https://simple.ripley.com.pe/ipad-mini-a17-pro-wifi-128gb-blue-pmp20000798433
20260805_055550,2026-08-05T06:11:31.956675+00:00,ripley_pe,tablets,20001351128,APPLE,NUEVO APPLE IPAD AIR 11″ CHIP M4 WIFI 128GB - SPACE GRAY ( 2026 ) + REGALO,2999.0,3699.0,884.66,2026-08-05,19,PEN,,,Ripley PE,https://simple.ripley.com.pe/nuevo-apple-ipad-air-11-chip-m4-wifi-128gb-space-gray-2026-regalo-pmp20001351128
20260805_055550,2026-08-05T06:11:37.873122+00:00,ripley_pe,tablets,20001175747,APPLE,IPAD PRO 13' (2025) M5 512GB (WI-FI) APPLE | SILVER,7499.0,10879.0,2212.09,2026-08-05,31,PEN,,,Ripley PE,https://simple.ripley.com.pe/ipad-pro-13-2025-m5-512gb-wi-fi-apple-silver-pmp20001175747
20260805_055550,2026-08-05T06:11:37.877063+00:00,ripley_pe,tablets,20001463104,SAMSUNG,TABLET SAMSUNG GALAXY TAB S10 LITE GRAY 128GB SM-X400NZAAPEO,1369.0,1599.0,403.83,2026-08-05,14,PEN,,,Ripley PE,https://simple.ripley.com.pe/tablet-samsung-galaxy-tab-s10-lite-gray-128gb-sm-x400nzaapeo-pmp20001463104
20260805_055550,2026-08-05T06:11:37.877063+00:00,ripley_pe,tablets,20000707305,SAMSUNG,"TABLET SAMSUNG GALAXY SM-P613NZALPEO 10"" TAB S6 LITE 4GB 64GB",2399.0,,707.67,2026-08-05,,PEN,,,Ripley PE,https://simple.ripley.com.pe/tablet-samsung-galaxy-sm-p613nzalpeo-10-tab-s6-lite-4gb-64gb-pmp20000707305
20260805_055550,2026-08-05T06:11:37.878060+00:00,ripley_pe,tablets,00003081469,SAMSUNG,"TABLET SAMSUNG GALAXY 10.5"" 64GB TAB A8 ORO ROSADO",1199.0,2999.0,353.69,2026-08-05,60,PEN,,,Ripley PE,https://simple.ripley.com.pe/tablet-samsung-galaxy-105-64gb-tab-a8-oro-rosado-pmp00003081469
20260805_055550,2026-08-05T06:11:37.878060+00:00,ripley_pe,tablets,20000649952,LENOVO,"TABLET LENOVO TB330FU 11"" TAB M11 WIFI 128GB 4GB IPS OCTACORE LAPIZ + FUNDA",749.0,1499.0,220.94,2026-08-05,50,PEN,,,Ripley PE,https://simple.ripley.com.pe/tablet-lenovo-tb330fu-11-tab-m11-wifi-128gb-4gb-ips-octacore-lapiz-funda-pmp20000649952
20260805_055550,2026-08-05T06:11:37.880060+00:00,ripley_pe,tablets,20001185712,SAMSUNG,TABLET SAMSUNG GALAXY TAB S10 LITE 128GB 10.9' SILVER,1599.0,1649.0,471.68,2026-08-05,3,PEN,,,Ripley PE,https://simple.ripley.com.pe/tablet-samsung-galaxy-tab-s10-lite-128gb-109-silver-pmp20001185712
20260805_055550,2026-08-05T06:11:37.881060+00:00,ripley_pe,tablets,20000500120,LENOVO,"TABLET LENOVO ZADX0088US 11.5"" TAB PLUS-2024 8GB-128GB",1545.0,1854.0,455.75,2026-08-05,17,PEN,,,Ripley PE,https://simple.ripley.com.pe/tablet-lenovo-zadx0088us-115-tab-plus-2024-8gb-128gb-pmp20000500120
20260805_055550,2026-08-05T06:11:37.881060+00:00,ripley_pe,tablets,20000344935,APPLE,"IPAD 10.9"" 64GB BLUE",3052.93,5189.98,900.57,2026-08-05,41,PEN,,,Ripley PE,https://simple.ripley.com.pe/ipad-109-64gb-blue-pmp20000344935
20260805_055550,2026-08-05T06:11:37.884060+00:00,ripley_pe,tablets,20000736904,GENÉRICO,FUNDA MALETIN PARA TABLET LAPTOP E IPAD 11 A 13 PARA S10 PLUS ETC,26.0,52.0,7.67,2026-08-05,50,PEN,,,Ripley PE,https://simple.ripley.com.pe/funda-maletin-para-tablet-laptop-e-ipad-11-a-13-para-s10-plus-etc-pmp20000736904
20260805_055550,2026-08-05T06:11:37.885060+00:00,ripley_pe,tablets,20001310675,LENOVO,TABLET LENOVO IDEA TAB 5G LTE 8GB RAM 256GB TECLADO + LÁPIZ - LUNA GREY,1609.0,2499.0,474.63,2026-08-05,36,PEN,,,Ripley PE,https://simple.ripley.com.pe/tablet-lenovo-idea-tab-5g-lte-8gb-ram-256gb-teclado-lapiz-luna-grey-pmp20001310675
20260805_055550,2026-08-05T06:11:37.887073+00:00,ripley_pe,tablets,20001008668,SAMSUNG,SAMSUNG S-PEN GALAXY TAB S10 FE PLUS X620 LÁPIZ,389.5,,114.9,2026-08-05,,PEN,,,Ripley PE,https://simple.ripley.com.pe/samsung-s-pen-galaxy-tab-s10-fe-plus-x620-lapiz-pmp20001008668
20260805_055550,2026-08-05T06:11:37.887073+00:00,ripley_pe,tablets,20000344913,APPLE,"IPAD 10.9"" 256GB PINK",3909.84,6646.72,1153.35,2026-08-05,41,PEN,,,Ripley PE,https://simple.ripley.com.pe/ipad-109-256gb-pink-pmp20000344913
20260805_055550,2026-08-05T06:11:37.888072+00:00,ripley_pe,tablets,20001288306,APPLE,IPAD PRO 11″  CHIP M5 256GB WI-FI (2025) - SPACE BLACK,4499.0,4699.0,1327.14,2026-08-05,4,PEN,,,Ripley PE,https://simple.ripley.com.pe/ipad-pro-11-chip-m5-256gb-wi-fi-2025-space-black-pmp20001288306
20260805_055550,2026-08-05T06:11:37.889072+00:00,ripley_pe,tablets,20001519143,HUAWEI,TABLET HUAWEI MATEPAD 11.5 2025 11.5' 128GB 8GB GRIS,1388.0,1499.0,409.44,2026-08-05,7,PEN,,,Ripley PE,https://simple.ripley.com.pe/tablet-huawei-matepad-115-2025-115-128gb-8gb-gris-pmp20001519143
20260805_055550,2026-08-05T06:11:37.890073+00:00,ripley_pe,tablets,20000752951,APPLE,APPLE SMART FOLIO IPAD MINI 6 GEN A2567 A2568 CASE,199.9,,58.97,2026-08-05,,PEN,,,Ripley PE,https://simple.ripley.com.pe/apple-smart-folio-ipad-mini-6-gen-a2567-a2568-case-pmp20000752951
20260805_055550,2026-08-05T06:11:37.890073+00:00,ripley_pe,tablets,20001340091,XIAOMI,TABLET XIAOMI REDMI PAD 2 128GB 4GB | GRIS GRAFITO,839.0,1259.0,247.49,2026-08-05,33,PEN,,,Ripley PE,https://simple.ripley.com.pe/tablet-xiaomi-redmi-pad-2-128gb-4gb-gris-grafito-pmp20001340091
20260805_055550,2026-08-05T06:11:37.891073+00:00,ripley_pe,tablets,20001272687,SPIGEN,CASE SPIGEN CORE ARMOR PARA IPAD A16 CHIP 11MA GEN (2025),189.5,,55.9,2026-08-05,,PEN,,,Ripley PE,https://simple.ripley.com.pe/case-spigen-core-armor-para-ipad-a16-chip-11ma-gen-2025-pmp20001272687
20260805_055550,2026-08-05T06:11:37.891073+00:00,ripley_pe,tablets,20001273184,SAMSUNG,SAMSUNG S-PEN GALAXY TAB S10 LITE X400 LÁPIZ STYLUS ORIGINAL,389.5,,114.9,2026-08-05,,PEN,,,Ripley PE,https://simple.ripley.com.pe/samsung-s-pen-galaxy-tab-s10-lite-x400-lapiz-stylus-original-pmp20001273184
20260805_055550,2026-08-05T06:11:37.892074+00:00,ripley_pe,tablets,20001525194,AMAZON,AMAZON KINDLE 16GB ÚLTIMA GENERACIÓN E-READER,499.0,599.0,147.2,2026-08-05,17,PEN,,,Ripley PE,https://simple.ripley.com.pe/amazon-kindle-16gb-ultima-generacion-e-reader-pmp20001525194
20260805_055550,2026-08-05T06:11:37.892074+00:00,ripley_pe,tablets,20001460407,WACOM,"WACOM MOVINKPAD PRO 14, TABLETA GRÁFICA ANDROID CON PANTALLA OLED, PRO PEN 3, 12GB RAM, 256GB ALMACENAMIENTO",4395.0,5713.5,1296.46,2026-08-05,23,PEN,,,Ripley PE,https://simple.ripley.com.pe/wacom-movinkpad-pro-14-tableta-grafica-android-con-pantalla-oled-pro-pen-3-12gb-ram-256gb-almacenamiento-pmp20001460407
20260805_055550,2026-08-05T06:11:37.893072+00:00,ripley_pe,tablets,20000344922,APPLE,"IPAD 10.9"" 256GB SILVER",3909.84,6646.72,1153.35,2026-08-05,41,PEN,,,Ripley PE,https://simple.ripley.com.pe/ipad-109-256gb-silver-pmp20000344922
20260805_055550,2026-08-05T06:11:37.893072+00:00,ripley_pe,tablets,20001207764,SAMSUNG,TABLET SAMSUNG GALAXY TAB S11 ULTRA GRAY 1TB SM-X930NZAKPEO,7129.0,7799.0,2102.95,2026-08-05,9,PEN,,,Ripley PE,https://simple.ripley.com.pe/tablet-samsung-galaxy-tab-s11-ultra-gray-1tb-sm-x930nzakpeo-pmp20001207764
20260805_055550,2026-08-05T06:11:37.894072+00:00,ripley_pe,tablets,20000870153,SAMSUNG,TABLET SAMSUNG GALAXY TAB S10 FE PLUS 128GB GRAY SM-X620NZAAPEO,2759.0,3049.0,813.86,2026-08-05,10,PEN,,,Ripley PE,https://simple.ripley.com.pe/tablet-samsung-galaxy-tab-s10-fe-plus-128gb-gray-sm-x620nzaapeo-pmp20000870153
20260805_055550,2026-08-05T06:11:37.895072+00:00,ripley_pe,tablets,00003081519,SAMSUNG,"TABLET SAMSUNG GALAXY 10.4"" 128GB TAB S6 LITE + S PEN INCLUIDO AZUL",1969.0,2819.0,580.83,2026-08-05,30,PEN,,,Ripley PE,https://simple.ripley.com.pe/tablet-samsung-galaxy-104-128gb-tab-s6-lite-s-pen-incluido-azul-pmp00003081519
20260805_055550,2026-08-05T06:11:37.895072+00:00,ripley_pe,tablets,20001321186,SAMSUNG,TABLET SAMSUNG GALAXY TAB S6 LITE 10.4' 64GB (WIFI) + S PEN,1639.0,2349.0,483.48,2026-08-05,30,PEN,,,Ripley PE,https://simple.ripley.com.pe/tablet-samsung-galaxy-tab-s6-lite-104-64gb-wifi-s-pen-pmp20001321186
20260805_055550,2026-08-05T06:11:37.896080+00:00,ripley_pe,tablets,20001436442,APPLE,COMBO 'IPAD AIR M4 11' + APPLE PENCIL USB C + PROTECTOR',3299.0,3999.0,973.16,2026-08-05,18,PEN,,,Ripley PE,https://simple.ripley.com.pe/combo-ipad-air-m4-11-apple-pencil-usb-c-protector-pmp20001436442
20260805_055550,2026-08-05T06:11:37.897073+00:00,ripley_pe,tablets,20001092810,ONYX EDITORIAL,"ONYX GO 7 TABLET E INK, 64GB, 300 PPI, PANTALLA DE ALTO CONTRASTE, CONECTIVIDAD BLUETOOTH PARA UNA EXPERIENCIA ÓPTIMA",1300.0,1560.0,383.48,2026-08-05,17,PEN,,,Ripley PE,https://simple.ripley.com.pe/onyx-go-7-tablet-e-ink-64gb-300-ppi-pantalla-de-alto-contraste-conectividad-bluetooth-para-una-experiencia-optima-pmp20001092810
20260805_055550,2026-08-05T06:11:37.898085+00:00,ripley_pe,tablets,20001340138,XIAOMI,TABLET XIAOMI REDMI PAD 2 PRO 128GB 6GB | GRIS GRAFITO,1559.0,2229.0,459.88,2026-08-05,30,PEN,,,Ripley PE,https://simple.ripley.com.pe/tablet-xiaomi-redmi-pad-2-pro-128gb-6gb-gris-grafito-pmp20001340138
20260805_055550,2026-08-05T06:11:37.899073+00:00,ripley_pe,tablets,20000478055,RYBIU,SOPORTE RYBIU TE29571 SEGURO PLEGABLE PARA CELULAR NEGRO,23.9,48.0,7.05,2026-08-05,50,PEN,,,Ripley PE,https://simple.ripley.com.pe/soporte-rybiu-te29571-seguro-plegable-para-celular-negro-pmp20000478055
20260805_055550,2026-08-05T06:11:37.899073+00:00,ripley_pe,tablets,20001314654,ACER,"TABLET ACER ICÓNICA X12 OLED 12.6” 8GB RAM 256GB + TECLADO, LÁPIZ Y CASE – OLIVINE BLACK",1549.0,2399.0,456.93,2026-08-05,35,PEN,,,Ripley PE,https://simple.ripley.com.pe/tablet-acer-iconica-x12-oled-126-8gb-ram-256gb-teclado-lapiz-y-case-olivine-black-pmp20001314654
20260805_055550,2026-08-05T06:11:37.899073+00:00,ripley_pe,tablets,20001239884,APPLE,(REACONDICIONADO)APPLE IPAD 8ª GEN 10.2' 32GB WI-FI | GRIS ESPACIAL,789.0,1129.0,232.74,2026-08-05,30,PEN,,,Ripley PE,https://simple.ripley.com.pe/reacondicionadoapple-ipad-8-gen-102-32gb-wi-fi-gris-espacial-pmp20001239884
20260805_055550,2026-08-05T06:11:37.900585+00:00,ripley_pe,tablets,20001197578,SAMSUNG,"TABLET SAMSUNG GALAXY TAB S10 LITE DE 10.9' - 8GB RAM, 256GB ROM, PANTALLA WUXGA+ PARA UN RENDIMIENTO SUPERIOR",2559.0,3839.0,754.87,2026-08-05,33,PEN,,,Ripley PE,https://simple.ripley.com.pe/tablet-samsung-galaxy-tab-s10-lite-de-109-8gb-ram-256gb-rom-pantalla-wuxga-para-un-rendimiento-superior-pmp20001197578
20260805_055550,2026-08-05T06:11:37.900585+00:00,ripley_pe,tablets,20001242597,GENÉRICO,CASE SMART PARA IPAD 11VA GENERACION A16 2025 - PINK,69.0,99.0,20.35,2026-08-05,30,PEN,,,Ripley PE,https://simple.ripley.com.pe/case-smart-para-ipad-11va-generacion-a16-2025-pink-pmp20001242597
20260805_055550,2026-08-05T06:11:42.384026+00:00,ripley_pe,tablets,20001175730,APPLE,IPAD PRO 13' (2025) M5 256GB (WI-FI + CELLULAR) APPLE | SPACE BLACK,7099.0,10299.0,2094.1,2026-08-05,31,PEN,,,Ripley PE,https://simple.ripley.com.pe/ipad-pro-13-2025-m5-256gb-wi-fi-cellular-apple-space-black-pmp20001175730
20260805_055550,2026-08-05T06:11:42.384026+00:00,ripley_pe,tablets,20001008664,SAMSUNG,SAMSUNG S-PEN GALAXY TAB S10 FE X520 LÁPIZ STYLUS,389.5,,114.9,2026-08-05,,PEN,,,Ripley PE,https://simple.ripley.com.pe/samsung-s-pen-galaxy-tab-s10-fe-x520-lapiz-stylus-pmp20001008664
20260805_055550,2026-08-05T06:11:42.385022+00:00,ripley_pe,tablets,20001290840,APPLE,IPAD APPLE 11 CHIP A16 128GB WI-FI - SILVER,1599.0,2299.0,471.68,2026-08-05,30,PEN,,,Ripley PE,https://simple.ripley.com.pe/ipad-apple-11-chip-a16-128gb-wi-fi-silver-pmp20001290840
20260805_055550,2026-08-05T06:11:42.385022+00:00,ripley_pe,tablets,20001340083,XIAOMI,TABLET XIAOMI REDMI PAD 2 PRO 256GB 8GB | LAVANDA PÚRPURA,1609.0,2299.0,474.63,2026-08-05,30,PEN,,,Ripley PE,https://simple.ripley.com.pe/tablet-xiaomi-redmi-pad-2-pro-256gb-8gb-lavanda-purpura-pmp20001340083
20260805_055550,2026-08-05T06:11:42.386021+00:00,ripley_pe,tablets,20001396686,GENÉRICO,MICA VIDRIO TEMPLADO PROTECTOR PARA SAMSUNG TAB S10 FE 10.9,30.9,42.0,9.12,2026-08-05,26,PEN,,,Ripley PE,https://simple.ripley.com.pe/mica-vidrio-templado-protector-para-samsung-tab-s10-fe-109-pmp20001396686
20260805_055550,2026-08-05T06:11:42.386021+00:00,ripley_pe,tablets,20001273000,SAMSUNG,CARGADOR SAMSUNG 45WATTS PARA GALAXY TAB S11 X730 (2025),169.5,,50.0,2026-08-05,,PEN,,,Ripley PE,https://simple.ripley.com.pe/cargador-samsung-45watts-para-galaxy-tab-s11-x730-2025-pmp20001273000
20260805_055550,2026-08-05T06:11:42.387024+00:00,ripley_pe,tablets,20001352748,AMAZON ANDES,"AMAZON KINDLE SCRIBE COLORSOFT 32GB, PANTALLA DE COLOR, FINO Y PODEROSO. INCLUYE LÁPIZ PREMIUM PARA ANOTACIONES",3070.0,3684.0,905.6,2026-08-05,17,PEN,,,Ripley PE,https://simple.ripley.com.pe/amazon-kindle-scribe-colorsoft-32gb-pantalla-de-color-fino-y-poderoso-incluye-lapiz-premium-para-anotaciones-pmp20001352748
20260805_055550,2026-08-05T06:11:42.387024+00:00,ripley_pe,tablets,20001175724,APPLE,IPAD PRO 11' (2025) M5 1TB (WI-FI + CELLULAR) - GLASS NANOTEXTURIZADO APPLE | SPACE BLACK,11219.0,16029.0,3309.44,2026-08-05,30,PEN,,,Ripley PE,https://simple.ripley.com.pe/ipad-pro-11-2025-m5-1tb-wi-fi-cellular-glass-nanotexturizado-apple-space-black-pmp20001175724
20260805_055550,2026-08-05T06:11:42.388025+00:00,ripley_pe,tablets,20000701139,GENÉRICO,CASE IPHONE 16 PRO MAX SILICONA BLANCO,29.99,33.0,8.85,2026-08-05,9,PEN,,,Ripley PE,https://simple.ripley.com.pe/case-iphone-16-pro-max-silicona-blanco-pmp20000701139
20260805_055550,2026-08-05T06:11:42.388025+00:00,ripley_pe,tablets,20001255788,GENÉRICO,FUNDA CON TECLADO TOUCH PARA HONOR PAD X9 11.5' ROSA RESISTENTE,209.9,239.9,61.92,2026-08-05,13,PEN,,,Ripley PE,https://simple.ripley.com.pe/funda-con-teclado-touch-para-honor-pad-x9-115-rosa-resistente-pmp20001255788
20260805_055550,2026-08-05T06:11:42.389022+00:00,ripley_pe,tablets,20001489336,GENÉRICO,FUNDA SMART CASE PLEGABLE PARA IPAD A16 11TH  IPAD 10TH - LAVANDA,79.9,139.9,23.57,2026-08-05,43,PEN,,,Ripley PE,https://simple.ripley.com.pe/funda-smart-case-plegable-para-ipad-a16-11th-ipad-10th-lavanda-pmp20001489336
20260805_055550,2026-08-05T06:11:42.390021+00:00,ripley_pe,tablets,20001489337,GENÉRICO,FUNDA SMART CASE PLEGABLE PARA IPAD A16 11TH  IPAD 10TH - GRIS,79.9,139.9,23.57,2026-08-05,43,PEN,,,Ripley PE,https://simple.ripley.com.pe/funda-smart-case-plegable-para-ipad-a16-11th-ipad-10th-gris-pmp20001489337
20260805_055550,2026-08-05T06:11:42.391028+00:00,ripley_pe,tablets,20001232153,AILUN,LAPIZ PROFESIONAL PARA APPLE IPAD MINI 7 A17 PRO,49.0,99.0,14.45,2026-08-05,51,PEN,,,Ripley PE,https://simple.ripley.com.pe/lapiz-profesional-para-apple-ipad-mini-7-a17-pro-pmp20001232153
20260805_055550,2026-08-05T06:11:42.391028+00:00,ripley_pe,tablets,20000204243,AUKEY,PUNTA AUKEY TIP PARA LAPIZ S PEN GALAXY TAB S8 PLUS ULTRA S7 NOTE S9,28.0,41.99,8.26,2026-08-05,33,PEN,,,Ripley PE,https://simple.ripley.com.pe/punta-aukey-tip-para-lapiz-s-pen-galaxy-tab-s8-plus-ultra-s7-note-s9-pmp20000204243
20260805_055550,2026-08-05T06:11:42.392022+00:00,ripley_pe,tablets,20001255667,GENÉRICO,FUNDA PARA SAMSUNG TAB A11 8.7' FLIPCOVER GIRATORIA MORADA ANTISHOCK,59.9,89.9,17.67,2026-08-05,33,PEN,,,Ripley PE,https://simple.ripley.com.pe/funda-para-samsung-tab-a11-87-flipcover-giratoria-morada-antishock-pmp20001255667
20260805_055550,2026-08-05T06:11:42.392022+00:00,ripley_pe,tablets,20001525137,WACOM,"TABLETA GRAFICA WACOM ONE MEDIANO, BLUETOOTH CTC6110WLW0A",493.0,899.0,145.43,2026-08-05,45,PEN,,,Ripley PE,https://simple.ripley.com.pe/tableta-grafica-wacom-one-mediano-bluetooth-ctc6110wlw0a-pmp20001525137
20260805_055550,2026-08-05T06:11:42.394032+00:00,ripley_pe,tablets,00003081481,SAMSUNG,"TABLET SAMSUNG 8.7"" 32GB TAB A7 LITE WIFI GRIS",775.0,1109.0,228.61,2026-08-05,30,PEN,,,Ripley PE,https://simple.ripley.com.pe/tablet-samsung-87-32gb-tab-a7-lite-wifi-gris-pmp00003081481
20260805_055550,2026-08-05T06:11:42.394032+00:00,ripley_pe,tablets,20000737653,APPLE,"IPAD APPLE 8.3"" 128GB MINI 7TH GEN (2024) CHIP A17 PRO WI-FI STARLIGHT",2819.0,4029.0,831.56,2026-08-05,30,PEN,,,Ripley PE,https://simple.ripley.com.pe/ipad-apple-83-128gb-mini-7th-gen-2024-chip-a17-pro-wi-fi-starlight-pmp20000737653
20260805_055550,2026-08-05T06:11:42.395022+00:00,ripley_pe,tablets,20000737652,APPLE,"IPAD APPLE 8.3"" 256GB MINI 7TH GEN (2024) CHIP A17 PRO WI-FI GRIS ESPACIAL",3199.0,3679.0,943.66,2026-08-05,13,PEN,,,Ripley PE,https://simple.ripley.com.pe/ipad-apple-83-256gb-mini-7th-gen-2024-chip-a17-pro-wi-fi-gris-espacial-pmp20000737652
20260805_055550,2026-08-05T06:11:42.396049+00:00,ripley_pe,tablets,20001217999,LENOVO,TABLET LENOVO TAB ONE ZAF00190PE 8.7 128GB 4GB GRIS,510.0,612.0,150.44,2026-08-05,17,PEN,,,Ripley PE,https://simple.ripley.com.pe/tablet-lenovo-tab-one-zaf00190pe-87-128gb-4gb-gris-pmp20001217999
20260805_055550,2026-08-05T06:11:42.396049+00:00,ripley_pe,tablets,20001271804,LENOVO,TABLET LENOVO TB305FU TAB ONE + FOLIO CASE 8.7 HD WIFI 4GB/ 128GB LUNA GRIS,599.0,999.0,176.7,2026-08-05,40,PEN,,,Ripley PE,https://simple.ripley.com.pe/tablet-lenovo-tb305fu-tab-one-folio-case-87-hd-wifi-4gb-128gb-luna-gris-pmp20001271804
20260805_055550,2026-08-05T06:11:42.397016+00:00,ripley_pe,tablets,20000500158,MICROSOFT,"PANTALLA TÁCTIL MICROSOFT ZHY-00036 13"" SURFACE PRO 5TA. GEN. SNAPDRAGON X PLUS 16 GB RAM 512 GB SSD ZAFIRO",5795.0,6954.0,1709.44,2026-08-05,17,PEN,,,Ripley PE,https://simple.ripley.com.pe/pantalla-tactil-microsoft-zhy-00036-13-surface-pro-5ta-gen-snapdragon-x-plus-16-gb-ram-512-gb-ssd-zafiro-pmp20000500158
20260805_055550,2026-08-05T06:11:42.398024+00:00,ripley_pe,tablets,20000589427,SAMSUNG,CARGADOR SAMSUNG PARA GALAXY NOTE 10.1 N8000 TAB 2 P5100,144.9,,42.74,2026-08-05,,PEN,,,Ripley PE,https://simple.ripley.com.pe/cargador-samsung-para-galaxy-note-101-n8000-tab-2-p5100-pmp20000589427
20260805_055550,2026-08-05T06:11:42.398024+00:00,ripley_pe,tablets,20001175709,APPLE,IPAD PRO 13' (2025) M5 2TB (WI-FI) - GLASS NANOTEXTURIZADO APPLE | SPACE BLACK,10999.0,12649.0,3244.54,2026-08-05,13,PEN,,,Ripley PE,https://simple.ripley.com.pe/ipad-pro-13-2025-m5-2tb-wi-fi-glass-nanotexturizado-apple-space-black-pmp20001175709
20260805_055550,2026-08-05T06:11:42.399023+00:00,ripley_pe,tablets,20001480484,GENÉRICO,TECLADO MAGNÉTICO PARA IPAD AIR 11 M4 CHIP (2026) A3459 A3460 A3463 NEGRO,499.9,,147.46,2026-08-05,,PEN,,,Ripley PE,https://simple.ripley.com.pe/teclado-magnetico-para-ipad-air-11-m4-chip-2026-a3459-a3460-a3463-negro-pmp20001480484
20260805_055550,2026-08-05T06:11:42.399023+00:00,ripley_pe,tablets,20001175726,APPLE,IPAD PRO 13' (2025) M5 256GB (WI-FI) APPLE | SPACE BLACK,6399.0,7359.0,1887.61,2026-08-05,13,PEN,,,Ripley PE,https://simple.ripley.com.pe/ipad-pro-13-2025-m5-256gb-wi-fi-apple-space-black-pmp20001175726
20260805_055550,2026-08-05T06:11:42.400025+00:00,ripley_pe,tablets,20000798529,APPLE,iPad Mini (A17 Pro) WIFI+Celular 256GB Purple,3590.0,5455.0,1059.0,2026-08-05,34,PEN,,,Ripley PE,https://simple.ripley.com.pe/ipad-mini-a17-pro-wificelular-256gb-purple-pmp20000798529
20260805_055550,2026-08-05T06:11:42.401021+00:00,ripley_pe,tablets,20000686987,AMAZON ANDES,E-READER AMAZON ANDES KINDLE PAPERWHITE 16 GB EL KINDLE MÁS RÁPIDO PANTALLA SIN REFLEJOS Y BATERÍA LARGA DURACIÓN,850.0,1020.0,250.74,2026-08-05,17,PEN,,,Ripley PE,https://simple.ripley.com.pe/e-reader-amazon-andes-kindle-paperwhite-16-gb-el-kindle-mas-rapido-pantalla-sin-reflejos-y-bateria-larga-duracion-pmp20000686987
20260805_055550,2026-08-05T06:11:42.401021+00:00,ripley_pe,tablets,20001321188,SAMSUNG,TABLET SAMSUNG GALAXY TAB S11 512GB (WIFI) + S PEN,5709.0,8159.0,1684.07,2026-08-05,30,PEN,,,Ripley PE,https://simple.ripley.com.pe/tablet-samsung-galaxy-tab-s11-512gb-wifi-s-pen-pmp20001321188
20260805_055550,2026-08-05T06:11:42.402030+00:00,ripley_pe,tablets,20001226356,SAMSUNG,Tablet Samsung Galaxy Tab A11+ 128GB Gris SM-X230NZAAPEO,859.0,1149.0,253.39,2026-08-05,25,PEN,,,Ripley PE,https://simple.ripley.com.pe/tablet-samsung-galaxy-tab-a11-128gb-gris-sm-x230nzaapeo-pmp20001226356
20260805_055550,2026-08-05T06:11:42.402030+00:00,ripley_pe,tablets,20001494436,GENÉRICO,MICA + FUNDA SMART CASE DE IPAD A16 CHIP 11MA GEN 10MA 10.9 - ROSA,64.9,89.0,19.14,2026-08-05,27,PEN,,,Ripley PE,https://simple.ripley.com.pe/mica-funda-smart-case-de-ipad-a16-chip-11ma-gen-10ma-109-rosa-pmp20001494436
20260805_055550,2026-08-05T06:11:42.403021+00:00,ripley_pe,tablets,20001175736,APPLE,IPAD PRO 13' (2025) M5 256GB (WI-FI) APPLE | SILVER,6399.0,7359.0,1887.61,2026-08-05,13,PEN,,,Ripley PE,https://simple.ripley.com.pe/ipad-pro-13-2025-m5-256gb-wi-fi-apple-silver-pmp20001175736
20260805_055550,2026-08-05T06:11:42.404025+00:00,ripley_pe,tablets,20000798492,APPLE,iPad Mini (A17 Pro) WIFI+Celular 128GB Space Gray,3120.0,4915.0,920.35,2026-08-05,37,PEN,,,Ripley PE,https://simple.ripley.com.pe/ipad-mini-a17-pro-wificelular-128gb-space-gray-pmp20000798492
20260805_055550,2026-08-05T06:11:42.404025+00:00,ripley_pe,tablets,20001343944,XIAOMI,XIAOMI REDMI PAD 2 WIFI 4GB/128GB 11' - GRIS,789.0,899.0,232.74,2026-08-05,12,PEN,,,Ripley PE,https://simple.ripley.com.pe/xiaomi-redmi-pad-2-wifi-4gb128gb-11-gris-pmp20001343944
20260805_055550,2026-08-05T06:11:42.405040+00:00,ripley_pe,tablets,20001081471,APPLE,"APPLE IPAD A16 11' WIFI, 128 GB, BLUE",1699.0,2099.0,501.18,2026-08-05,19,PEN,,,Ripley PE,https://simple.ripley.com.pe/apple-ipad-a16-11-wifi-128-gb-blue-pmp20001081471
20260805_055550,2026-08-05T06:11:42.405040+00:00,ripley_pe,tablets,20001008582,LOGITECH,TECLADO LOGITECH COMBO TOUCH IPAD AIR 11 M3 CHIP (2025),989.5,,291.89,2026-08-05,,PEN,,,Ripley PE,https://simple.ripley.com.pe/teclado-logitech-combo-touch-ipad-air-11-m3-chip-2025-pmp20001008582
20260805_055550,2026-08-05T06:11:42.406028+00:00,ripley_pe,tablets,20001345970,APPLE,"MAGIC KEYBOARD (PARA IPAD AIR 13″ CON CHIP M4, TECLADO INGLES) NEGRO",1999.0,2499.0,589.68,2026-08-05,20,PEN,,,Ripley PE,https://simple.ripley.com.pe/magic-keyboard-para-ipad-air-13-con-chip-m4-teclado-ingles-negro-pmp20001345970
20260805_055550,2026-08-05T06:11:42.407032+00:00,ripley_pe,tablets,20001272632,GENÉRICO,FUNDA PORTFOLIO PARA GALAXY TAB A11 PLUS X230 X236 CASE,159.5,,47.05,2026-08-05,,PEN,,,Ripley PE,https://simple.ripley.com.pe/funda-portfolio-para-galaxy-tab-a11-plus-x230-x236-case-pmp20001272632
20260805_055550,2026-08-05T06:11:42.408022+00:00,ripley_pe,tablets,20001284245,APPLE,IPAD PRO 13″ CHIP M5 256GB WI-FI (2025) - SILVER,5399.0,5999.0,1592.63,2026-08-05,10,PEN,,,Ripley PE,https://simple.ripley.com.pe/ipad-pro-13-chip-m5-256gb-wi-fi-2025-silver-pmp20001284245
20260805_055550,2026-08-05T06:11:42.408022+00:00,ripley_pe,tablets,20001271873,HONOR,TABLET HONOR PAD X7 8.7 128GB 4GB GREY,515.0,699.0,151.92,2026-08-05,26,PEN,,,Ripley PE,https://simple.ripley.com.pe/tablet-honor-pad-x7-87-128gb-4gb-grey-pmp20001271873
20260805_055550,2026-08-05T06:11:42.409030+00:00,ripley_pe,tablets,20001377136,SAMSUNG,TABLET SAMSUNG GALAXY TAB S10 FE 10.9' 128GB WIFI | PLATA,2399.0,2529.0,707.67,2026-08-05,5,PEN,,,Ripley PE,https://simple.ripley.com.pe/tablet-samsung-galaxy-tab-s10-fe-109-128gb-wifi-plata-pmp20001377136
20260805_055550,2026-08-05T06:11:42.410033+00:00,ripley_pe,tablets,20001426553,APPLE,IPAD AIR 11' M4 128GB WIFI - STARLIGHT,2899.0,3499.0,855.16,2026-08-05,17,PEN,,,Ripley PE,https://simple.ripley.com.pe/ipad-air-11-m4-128gb-wifi-starlight-pmp20001426553
20260805_055550,2026-08-05T06:11:42.410033+00:00,ripley_pe,tablets,20000737654,APPLE,"IPAD APPLE 8.3"" 128GB MINI 7TH GEN (2024) CHIP A17 PRO WI-FI GRIS ESPACIAL",2819.0,4029.0,831.56,2026-08-05,30,PEN,,,Ripley PE,https://simple.ripley.com.pe/ipad-apple-83-128gb-mini-7th-gen-2024-chip-a17-pro-wi-fi-gris-espacial-pmp20000737654
20260805_055550,2026-08-05T06:11:46.761995+00:00,ripley_pe,tablets,20001098257,ADVANCE,TABLET ADVANCE SMARTPAD SP5737 10.1' 32GB 2GB NEGRO,399.0,,117.7,2026-08-05,,PEN,,,Ripley PE,https://simple.ripley.com.pe/tablet-advance-smartpad-sp5737-101-32gb-2gb-negro-pmp20001098257
20260805_055550,2026-08-05T06:11:46.762996+00:00,ripley_pe,tablets,20001078664,APPLE,PAPERLIKE 11' VERSION 2.1 IPAD AIR M3 2024 - 2025,229.0,329.0,67.55,2026-08-05,30,PEN,,,Ripley PE,https://simple.ripley.com.pe/paperlike-11-version-21-ipad-air-m3-2024-2025-pmp20001078664
20260805_055550,2026-08-05T06:11:46.763998+00:00,ripley_pe,tablets,20000448830,GENÉRICO,Case Giratorio Funda para Samsung A9 Plus 11 Cover Galaxy a9+,38.0,55.0,11.21,2026-08-05,31,PEN,,,Ripley PE,https://simple.ripley.com.pe/case-giratorio-funda-para-samsung-a9-plus-11-cover-galaxy-a9-pmp20000448830
20260805_055550,2026-08-05T06:11:46.764996+00:00,ripley_pe,tablets,20001509063,GENÉRICO,"CALENDARIO DIGITAL INTELIGENTE FAMILIAR 10,1 ' PANTALLA TÁCTIL",299.0,399.0,88.2,2026-08-05,25,PEN,,,Ripley PE,https://simple.ripley.com.pe/calendario-digital-inteligente-familiar-101-pantalla-tactil-pmp20001509063
20260805_055550,2026-08-05T06:11:46.765996+00:00,ripley_pe,tablets,20001321194,SAMSUNG,TABLET SAMSUNG GALAXY TAB S11 128GB (WIFI) + S PEN,4399.0,5059.0,1297.64,2026-08-05,13,PEN,,,Ripley PE,https://simple.ripley.com.pe/tablet-samsung-galaxy-tab-s11-128gb-wifi-s-pen-pmp20001321194
20260805_055550,2026-08-05T06:11:46.765996+00:00,ripley_pe,tablets,20001324171,SAMSUNG,TABLET SAMSUNG GALAXY TAB S10 FE 128GB SILVER,2099.0,2249.0,619.17,2026-08-05,7,PEN,,,Ripley PE,https://simple.ripley.com.pe/tablet-samsung-galaxy-tab-s10-fe-128gb-silver-pmp20001324171
20260805_055550,2026-08-05T06:11:46.766996+00:00,ripley_pe,tablets,20001185720,SAMSUNG,TABLET SAMSUNG GALAXY TAB S11 ULTRA 512GB SILVER,5999.0,6499.0,1769.62,2026-08-05,8,PEN,,,Ripley PE,https://simple.ripley.com.pe/tablet-samsung-galaxy-tab-s11-ultra-512gb-silver-pmp20001185720
20260805_055550,2026-08-05T06:11:46.767502+00:00,ripley_pe,tablets,00003208539,GOOGLE,TABLET GOOGLE PIXEL 256GB PORCELAIN LIBRE FÁBRICA,2600.0,3120.0,766.96,2026-08-05,17,PEN,,,Ripley PE,https://simple.ripley.com.pe/tablet-google-pixel-256gb-porcelain-libre-fabrica-pmp00003208539
20260805_055550,2026-08-05T06:11:46.768507+00:00,ripley_pe,tablets,20001415949,BLACKVIEW,TABLET BLACKVIEW TAB 60 PRO BLUE 128GB,559.0,1249.0,164.9,2026-08-05,55,PEN,,,Ripley PE,https://simple.ripley.com.pe/tablet-blackview-tab-60-pro-blue-128gb-pmp20001415949
20260805_055550,2026-08-05T06:11:46.768507+00:00,ripley_pe,tablets,20000344928,APPLE,IPAD MINI 64GB PINK,3909.84,6646.72,1153.35,2026-08-05,41,PEN,,,Ripley PE,https://simple.ripley.com.pe/ipad-mini-64gb-pink-pmp20000344928
20260805_055550,2026-08-05T06:11:46.768507+00:00,ripley_pe,tablets,20001274466,GENÉRICO,FUNDA CON TECLADO TOUCH FOR IPAD PRO M4 11' ROSA,209.9,239.9,61.92,2026-08-05,13,PEN,,,Ripley PE,https://simple.ripley.com.pe/funda-con-teclado-touch-for-ipad-pro-m4-11-rosa-pmp20001274466
20260805_055550,2026-08-05T06:11:46.769507+00:00,ripley_pe,tablets,20001009800,GENÉRICO,FUNDA CASE PARA IPAD AIR 11 M2 (2024) | AIR 11 M3 (2025),78.9,,23.27,2026-08-05,,PEN,,,Ripley PE,https://simple.ripley.com.pe/funda-case-para-ipad-air-11-m2-2024-air-11-m3-2025-pmp20001009800
20260805_055550,2026-08-05T06:11:46.770508+00:00,ripley_pe,tablets,20001240949,APPLE,(REACONDICIONADO) APPLE IPAD 2021 10.2' 64GB WI-FI + CELULAR | PLATEADO,979.0,1129.0,288.79,2026-08-05,13,PEN,,,Ripley PE,https://simple.ripley.com.pe/reacondicionado-apple-ipad-2021-102-64gb-wi-fi-celular-plateado-pmp20001240949
20260805_055550,2026-08-05T06:11:46.770508+00:00,ripley_pe,tablets,20001175741,APPLE,IPAD PRO 13' (2025) M5 1TB (WI-FI) - GLASS NANOTEXTURIZADO APPLE | SPACE BLACK,9299.0,10699.0,2743.07,2026-08-05,13,PEN,,,Ripley PE,https://simple.ripley.com.pe/ipad-pro-13-2025-m5-1tb-wi-fi-glass-nanotexturizado-apple-space-black-pmp20001175741
20260805_055550,2026-08-05T06:11:46.771506+00:00,ripley_pe,tablets,20001008594,GENÉRICO,CASE CON TECLADO MAGNÉTICO PARA GALAXY TAB S9 FE 10.9 X510,499.5,,147.35,2026-08-05,,PEN,,,Ripley PE,https://simple.ripley.com.pe/case-con-teclado-magnetico-para-galaxy-tab-s9-fe-109-x510-pmp20001008594
20260805_055550,2026-08-05T06:11:46.772507+00:00,ripley_pe,tablets,20001343935,BLACKVIEW,TABLET BLACKVIEW TAB 60 WIFI 10.1 (4+8)= 12/128GB 5100MHA - VOLCANO GREY,429.0,599.0,126.55,2026-08-05,28,PEN,,,Ripley PE,https://simple.ripley.com.pe/tablet-blackview-tab-60-wifi-101-48-12128gb-5100mha-volcano-grey-pmp20001343935
20260805_055550,2026-08-05T06:11:46.773510+00:00,ripley_pe,tablets,20000589712,SAMSUNG,CARGADOR SAMSUNG 25W ORIGINAL GALAXY TAB S5E S6 LITE S7 PLUS,129.5,,38.2,2026-08-05,,PEN,,,Ripley PE,https://simple.ripley.com.pe/cargador-samsung-25w-original-galaxy-tab-s5e-s6-lite-s7-plus-pmp20000589712
20260805_055550,2026-08-05T06:11:46.774508+00:00,ripley_pe,tablets,20000588598,SAMSUNG,CASE GALAXY TAB S6 LITE P613 P610 SAMSUNG BOOK COVER ORIGINAL,439.0,,129.5,2026-08-05,,PEN,,,Ripley PE,https://simple.ripley.com.pe/case-galaxy-tab-s6-lite-p613-p610-samsung-book-cover-original-pmp20000588598
20260805_055550,2026-08-05T06:11:46.774508+00:00,ripley_pe,tablets,20000591062,SAMSUNG,LÁPIZ SAMSUNG S-PEN GALAXY TAB S9 FE X510 STYLUS,389.5,,114.9,2026-08-05,,PEN,,,Ripley PE,https://simple.ripley.com.pe/lapiz-samsung-s-pen-galaxy-tab-s9-fe-x510-stylus-pmp20000591062
20260805_055550,2026-08-05T06:11:46.775507+00:00,ripley_pe,tablets,20000752935,SAMSUNG,SAMSUNG LÁPIZ S-PEN GALAXY Z FOLD 6 FOLD6 FOLD 5 FOLD5 ORIGINAL STYLUS,339.5,,100.15,2026-08-05,,PEN,,,Ripley PE,https://simple.ripley.com.pe/samsung-lapiz-s-pen-galaxy-z-fold-6-fold6-fold-5-fold5-original-stylus-pmp20000752935
20260805_055550,2026-08-05T06:11:46.776508+00:00,ripley_pe,tablets,20001355781,APPLE,IPAD AIR 13' (2026) CHIP M4 WIFI - 512GB | BLUE,5999.0,6899.0,1769.62,2026-08-05,13,PEN,,,Ripley PE,https://simple.ripley.com.pe/ipad-air-13-2026-chip-m4-wifi-512gb-blue-pmp20001355781
20260805_055550,2026-08-05T06:11:46.776508+00:00,ripley_pe,tablets,20000252828,GENÉRICO,MICA PARA LENOVO TAB P11 11' - TB J606 DE VIDRIO TEMPLADO ANTISHOCK,49.9,79.9,14.72,2026-08-05,38,PEN,,,Ripley PE,https://simple.ripley.com.pe/mica-para-lenovo-tab-p11-11-tb-j606-de-vidrio-templado-antishock-pmp20000252828
20260805_055550,2026-08-05T06:11:46.777507+00:00,ripley_pe,tablets,20001350847,APPLE,NUEVO APPLE IPAD AIR 11″ CHIP M4 WIFI 128GB - STARLIGHT ( 2026 ) + REGALO,2999.0,3699.0,884.66,2026-08-05,19,PEN,,,Ripley PE,https://simple.ripley.com.pe/nuevo-apple-ipad-air-11-chip-m4-wifi-128gb-starlight-2026-regalo-pmp20001350847
20260805_055550,2026-08-05T06:11:46.777507+00:00,ripley_pe,tablets,20001342136,BLACKVIEW,TABLET BLACKVIEW TAB 20 KIDS 10.1' 64GB 4GB BLUE,399.0,479.0,117.7,2026-08-05,17,PEN,,,Ripley PE,https://simple.ripley.com.pe/tablet-blackview-tab-20-kids-101-64gb-4gb-blue-pmp20001342136
20260805_055550,2026-08-05T06:11:46.778507+00:00,ripley_pe,tablets,20001358642,GENÉRICO,"LÁPIZ STYLUS UNIVERSAL DE PRECISIÓN PARA ANDROID, IOS Y WINDOWS PARA CELULAR Y TABLET",32.9,50.0,9.71,2026-08-05,34,PEN,,,Ripley PE,https://simple.ripley.com.pe/lapiz-stylus-universal-de-precision-para-android-ios-y-windows-para-celular-y-tablet-pmp20001358642
20260805_055550,2026-08-05T06:11:46.778507+00:00,ripley_pe,tablets,00001684447,GENÉRICO,TABLET JUGUETE APRENDIZAJE TÁCTIL EDUCATIVO,45.0,75.0,13.27,2026-08-05,40,PEN,,,Ripley PE,https://simple.ripley.com.pe/tablet-juguete-aprendizaje-tactil-educativo-pmp00001684447
20260805_055550,2026-08-05T06:11:46.779507+00:00,ripley_pe,tablets,20000344919,APPLE,IPAD AIR 128GB PURPLE,4479.11,7614.48,1321.27,2026-08-05,41,PEN,,,Ripley PE,https://simple.ripley.com.pe/ipad-air-128gb-purple-pmp20000344919
20260805_055550,2026-08-05T06:11:46.779507+00:00,ripley_pe,tablets,20001092750,UNALUKA,BOOX TABLET NOTE AIR 4C NA4C-01 10.3',2625.0,3150.0,774.34,2026-08-05,17,PEN,,,Ripley PE,https://simple.ripley.com.pe/boox-tablet-note-air-4c-na4c-01-103-pmp20001092750
20260805_055550,2026-08-05T06:11:46.780507+00:00,ripley_pe,tablets,20000344910,APPLE,"IPAD 10.9"" 256GB BLUE",3909.84,6646.72,1153.35,2026-08-05,41,PEN,,,Ripley PE,https://simple.ripley.com.pe/ipad-109-256gb-blue-pmp20000344910
20260805_055550,2026-08-05T06:11:46.780507+00:00,ripley_pe,tablets,20001175727,APPLE,IPAD PRO 11' (2025) M5 2TB (WI-FI) APPLE | SPACE BLACK,9499.0,10929.0,2802.06,2026-08-05,13,PEN,,,Ripley PE,https://simple.ripley.com.pe/ipad-pro-11-2025-m5-2tb-wi-fi-apple-space-black-pmp20001175727
20260805_055550,2026-08-05T06:11:46.781507+00:00,ripley_pe,tablets,20001467454,WACOM,KIT DE PUNTAS WACOM ACK20001 5 PUNTAS DE REPUESTO,75.0,100.0,22.12,2026-08-05,25,PEN,,,Ripley PE,https://simple.ripley.com.pe/kit-de-puntas-wacom-ack20001-5-puntas-de-repuesto-pmp20001467454
20260805_055550,2026-08-05T06:11:46.782507+00:00,ripley_pe,tablets,20001273193,SAMSUNG,SAMSUNG LÁPIZ S-PEN STYLUS PARA GALAXY S25 ULTRA BLACK,299.9,,88.47,2026-08-05,,PEN,,,Ripley PE,https://simple.ripley.com.pe/samsung-lapiz-s-pen-stylus-para-galaxy-s25-ultra-black-pmp20001273193
20260805_055550,2026-08-05T06:11:46.782507+00:00,ripley_pe,tablets,20000571558,ZAGG,LÁPIZ ÓPTICO STYLUS PRO ZAGG PARA IPAD CON CARGA INALÁMBRICA COLOR AMARILLO,199.0,349.0,58.7,2026-08-05,43,PEN,,,Ripley PE,https://simple.ripley.com.pe/lapiz-optico-stylus-pro-zagg-para-ipad-con-carga-inalambrica-color-amarillo-pmp20000571558
20260805_055550,2026-08-05T06:11:46.783507+00:00,ripley_pe,tablets,20000798559,APPLE,iPad Mini (A17 Pro) WIFI+Celular 512GB Starlight,4850.0,6965.0,1430.68,2026-08-05,30,PEN,,,Ripley PE,https://simple.ripley.com.pe/ipad-mini-a17-pro-wificelular-512gb-starlight-pmp20000798559
20260805_055550,2026-08-05T06:11:46.783507+00:00,ripley_pe,tablets,20001352719,APPLE,NUEVO APPLE IPAD AIR 11″ CHIP M4 WIFI 128GB - SPACE GRAY ( 2026 ) + PENCIL PRO + REGALO,3599.0,4499.0,1061.65,2026-08-05,20,PEN,,,Ripley PE,https://simple.ripley.com.pe/nuevo-apple-ipad-air-11-chip-m4-wifi-128gb-space-gray-2026-pencil-pro-regalo-pmp20001352719
20260805_055550,2026-08-05T06:11:46.784507+00:00,ripley_pe,tablets,00002667744,APPLE,ACCESORIO CÓMPUTO APPLE MAGIC KEYBOARD IPAD PRO 12.9' BLACK 5TA GEN,1975.0,2965.0,582.6,2026-08-05,33,PEN,,,Ripley PE,https://simple.ripley.com.pe/accesorio-computo-apple-magic-keyboard-ipad-pro-129-black-5ta-gen-pmp00002667744
20260805_055550,2026-08-05T06:11:46.784507+00:00,ripley_pe,tablets,20000344931,APPLE,IPAD MINI 64GB STARLIGHT,3909.84,6646.72,1153.35,2026-08-05,41,PEN,,,Ripley PE,https://simple.ripley.com.pe/ipad-mini-64gb-starlight-pmp20000344931
20260805_055550,2026-08-05T06:11:46.785508+00:00,ripley_pe,tablets,20000754129,GENÉRICO,TECLADO MAGNÉTICO TOUCH PARA IPAD PRO 12.9 M2 A2436 A2764,599.9,,176.96,2026-08-05,,PEN,,,Ripley PE,https://simple.ripley.com.pe/teclado-magnetico-touch-para-ipad-pro-129-m2-a2436-a2764-pmp20000754129
20260805_055550,2026-08-05T06:11:46.786508+00:00,ripley_pe,tablets,20000797909,APPLE,IPAD 11' (2025) 11VA GEN CHIP A16 (WI-FI + CELLULAR) APPLE 256GB,2999.0,3449.0,884.66,2026-08-05,13,PEN,,,Ripley PE,https://simple.ripley.com.pe/ipad-11-2025-11va-gen-chip-a16-wi-fi-cellular-apple-256gb-pmp20000797909
20260805_055550,2026-08-05T06:11:46.786508+00:00,ripley_pe,tablets,00000815102,WACOM,TABLETA DE DIBUJO WACOM CTL4100 INTUOS CON 3 PROGRAMAS DE SOFTWARE INCLUIDOS 7.9 'X 6.3' COLOR NEGRO,289.0,369.0,85.25,2026-08-05,22,PEN,,,Ripley PE,https://simple.ripley.com.pe/tableta-de-dibujo-wacom-ctl4100-intuos-con-3-programas-de-software-incluidos-79-x-63-color-negro-pmp00000815102
20260805_055550,2026-08-05T06:11:46.787507+00:00,ripley_pe,tablets,20001309560,XIAOMI,TABLET XIAOMI PAD 7 AI 11.2' 256GB WIFI,1659.0,2379.0,489.38,2026-08-05,30,PEN,,,Ripley PE,https://simple.ripley.com.pe/tablet-xiaomi-pad-7-ai-112-256gb-wifi-pmp20001309560
20260805_055550,2026-08-05T06:11:46.787507+00:00,ripley_pe,tablets,20000344930,APPLE,IPAD AIR 256GB BLUE,5048.37,8582.24,1489.19,2026-08-05,41,PEN,,,Ripley PE,https://simple.ripley.com.pe/ipad-air-256gb-blue-pmp20000344930
20260805_055550,2026-08-05T06:11:46.788508+00:00,ripley_pe,tablets,20001480282,APPLE,APPLE SMART FOLIO IPAD PRO 11 M5 (2025) A3357 A3358 WHITE,499.9,,147.46,2026-08-05,,PEN,,,Ripley PE,https://simple.ripley.com.pe/apple-smart-folio-ipad-pro-11-m5-2025-a3357-a3358-white-pmp20001480282
20260805_055550,2026-08-05T06:11:50.869817+00:00,ripley_pe,tablets,20001355788,APPLE,IPAD AIR 11' (2026) CHIP M4 WIFI + CELLULAR - 512GB | SPACE GRAY,5599.0,6439.0,1651.62,2026-08-05,13,PEN,,,Ripley PE,https://simple.ripley.com.pe/ipad-air-11-2026-chip-m4-wifi-cellular-512gb-space-gray-pmp20001355788
20260805_055550,2026-08-05T06:11:50.869817+00:00,ripley_pe,tablets,20001216888,LENOVO,"TABLET LENOBO TB336FU 11' - 4GB RAM, 128GB ALMACENAMIENTO, IDEAL PARA ENTRETENIMIENTO Y PRODUCTIVIDAD",1019.0,1529.0,300.59,2026-08-05,33,PEN,,,Ripley PE,https://simple.ripley.com.pe/tablet-lenobo-tb336fu-11-4gb-ram-128gb-almacenamiento-ideal-para-entretenimiento-y-productividad-pmp20001216888
20260805_055550,2026-08-05T06:11:50.869817+00:00,ripley_pe,tablets,20001457093,GENÉRICO,FUNDA CON TECLADO TOUCH IPAD AIR M4 11' ROSA,209.9,239.9,61.92,2026-08-05,13,PEN,,,Ripley PE,https://simple.ripley.com.pe/funda-con-teclado-touch-ipad-air-m4-11-rosa-pmp20001457093
20260805_055550,2026-08-05T06:11:50.870817+00:00,ripley_pe,tablets,20001130817,LENOVO,TABLET LENOVO TAB M9 9' WIFI 64GB 4GB RAM FROST BLUE,599.0,999.0,176.7,2026-08-05,40,PEN,,,Ripley PE,https://simple.ripley.com.pe/tablet-lenovo-tab-m9-9-wifi-64gb-4gb-ram-frost-blue-pmp20001130817
20260805_055550,2026-08-05T06:11:50.871818+00:00,ripley_pe,tablets,00003116437,DELUXE TEC,TABLETA GRÁFICA DELUXE TEC WP 9625 INALÁMBRICA,348.0,,102.65,2026-08-05,,PEN,,,Ripley PE,https://simple.ripley.com.pe/tableta-grafica-deluxe-tec-wp-9625-inalambrica-pmp00003116437
20260805_055550,2026-08-05T06:11:50.871818+00:00,ripley_pe,tablets,20000344940,APPLE,IPAD PRO 256GB SPACE BLACK,7087.78,12049.23,2090.79,2026-08-05,41,PEN,,,Ripley PE,https://simple.ripley.com.pe/ipad-pro-256gb-space-black-pmp20000344940
20260805_055550,2026-08-05T06:11:50.872817+00:00,ripley_pe,tablets,20001273550,GENÉRICO,TECLADO PORTÁTIL TOUCHFOLD PARA IPAD IPHONE GALAXY TAB,285.9,,84.34,2026-08-05,,PEN,,,Ripley PE,https://simple.ripley.com.pe/teclado-portatil-touchfold-para-ipad-iphone-galaxy-tab-pmp20001273550
20260805_055550,2026-08-05T06:11:50.872817+00:00,ripley_pe,tablets,20000590923,SAMSUNG,TECLADO SAMSUNG BOOK COVER KEYBOARD GALAXY TAB S8 11 X700,869.9,,256.61,2026-08-05,,PEN,,,Ripley PE,https://simple.ripley.com.pe/teclado-samsung-book-cover-keyboard-galaxy-tab-s8-11-x700-pmp20000590923
20260805_055550,2026-08-05T06:11:50.873818+00:00,ripley_pe,tablets,20001499247,GENÉRICO,MICA + FUNDA DE GALAXY TAB S10 LITE S10 FE S9 FE PORTA S PEN - AZUL,69.9,89.0,20.62,2026-08-05,21,PEN,,,Ripley PE,https://simple.ripley.com.pe/mica-funda-de-galaxy-tab-s10-lite-s10-fe-s9-fe-porta-s-pen-azul-pmp20001499247
20260805_055550,2026-08-05T06:11:50.873818+00:00,ripley_pe,tablets,20000332497,GENÉRICO,TECLADO INALÁMBRICO CON TRACKPAD,59.9,89.9,17.67,2026-08-05,33,PEN,,,Ripley PE,https://simple.ripley.com.pe/teclado-inalambrico-con-trackpad-pmp20000332497
20260805_055550,2026-08-05T06:11:50.874817+00:00,ripley_pe,tablets,20000275657,GENÉRICO,LÁPIZ PENCIL S PEN MAGNETICO SAMSUNG LENOVO ACER HP,99.9,,29.47,2026-08-05,,PEN,,,Ripley PE,https://simple.ripley.com.pe/lapiz-pencil-s-pen-magnetico-samsung-lenovo-acer-hp-pmp20000275657
20260805_055550,2026-08-05T06:11:50.874817+00:00,ripley_pe,tablets,20000344934,APPLE,"IPAD 10.9"" 64GB SILVER",3052.93,5189.98,900.57,2026-08-05,41,PEN,,,Ripley PE,https://simple.ripley.com.pe/ipad-109-64gb-silver-pmp20000344934
20260805_055550,2026-08-05T06:11:50.875830+00:00,ripley_pe,tablets,20000859216,UNALUKA,AINOTE AIR 2 TABLET IFLYTEK AIR 2 32GB,2475.0,2970.0,730.09,2026-08-05,17,PEN,,,Ripley PE,https://simple.ripley.com.pe/ainote-air-2-tablet-iflytek-air-2-32gb-pmp20000859216
20260805_055550,2026-08-05T06:11:50.876830+00:00,ripley_pe,tablets,20000798547,APPLE,iPad Mini (A17 Pro) WIFI+Celular 512GB Space Gray,5359.0,6965.0,1580.83,2026-08-05,23,PEN,,,Ripley PE,https://simple.ripley.com.pe/ipad-mini-a17-pro-wificelular-512gb-space-gray-pmp20000798547
20260805_055550,2026-08-05T06:11:50.876830+00:00,ripley_pe,tablets,20001483116,ADVANCE,NOTEBOOK 2 EN 1 ADVANCE CN4058 10.1' CELERON N4020 1.10 GHZ 8GB RAM 128GB PANTALLA TÁCTIL,952.0,1149.0,280.83,2026-08-05,17,PEN,,,Ripley PE,https://simple.ripley.com.pe/notebook-2-en-1-advance-cn4058-101-celeron-n4020-110-ghz-8gb-ram-128gb-pantalla-tactil-pmp20001483116
20260805_055550,2026-08-05T06:11:50.877830+00:00,ripley_pe,tablets,20000762694,SEISA,SOPORTE AJUSTABLE PARA LAPTOP Y PORTÁTIL GIRATORIO DE ALUMINIO,99.99,150.0,29.5,2026-08-05,33,PEN,,,Ripley PE,https://simple.ripley.com.pe/soporte-ajustable-para-laptop-y-portatil-giratorio-de-aluminio-pmp20000762694
20260805_055550,2026-08-05T06:11:50.877830+00:00,ripley_pe,tablets,20000236139,XIAOMI,TABLET XIAOMI PAD 6,2588.56,4230.56,763.59,2026-08-05,39,PEN,,,Ripley PE,https://simple.ripley.com.pe/tablet-xiaomi-pad-6-pmp20000236139
20260805_055550,2026-08-05T06:11:50.878834+00:00,ripley_pe,tablets,20000701149,GENÉRICO,CASE IPHONE 16 PRO SILICONA VINO,29.99,33.0,8.85,2026-08-05,9,PEN,,,Ripley PE,https://simple.ripley.com.pe/case-iphone-16-pro-silicona-vino-pmp20000701149
20260805_055550,2026-08-05T06:11:50.878834+00:00,ripley_pe,tablets,20001277309,GENÉRICO,FUNDA PARA XIAOMI REDMI PAD 2 11' IMANTADA + PORTALÁPIZ LILA ANTISHOCK,109.9,149.9,32.42,2026-08-05,27,PEN,,,Ripley PE,https://simple.ripley.com.pe/funda-para-xiaomi-redmi-pad-2-11-imantada-portalapiz-lila-antishock-pmp20001277309
20260805_055550,2026-08-05T06:11:50.879830+00:00,ripley_pe,tablets,20000844152,ADVANCE,"TABLET ADVANCE INTRO TR6959, 7' IPS 1024X600, ANDROID 12 GO ,32GB, 2GB RAM, WI-FI, PINK",349.0,383.0,102.95,2026-08-05,9,PEN,,,Ripley PE,https://simple.ripley.com.pe/tablet-advance-intro-tr6959-7-ips-1024x600-android-12-go-32gb-2gb-ram-wi-fi-pink-pmp20000844152
20260805_055550,2026-08-05T06:11:50.879830+00:00,ripley_pe,tablets,20000590245,ANKER,CABLE ANKER 322 NYLON USB-C MFI PARA IPHONE IPAD 1.8M BLANCO,109.5,,32.3,2026-08-05,,PEN,,,Ripley PE,https://simple.ripley.com.pe/cable-anker-322-nylon-usb-c-mfi-para-iphone-ipad-18m-blanco-pmp20000590245
20260805_055550,2026-08-05T06:11:50.880830+00:00,ripley_pe,tablets,20000204176,GENÉRICO,GUANTE PARA TABLET ARTISTA DIBUJO TABLETA GRAFICA IPAD PENCIL,28.0,37.0,8.26,2026-08-05,24,PEN,,,Ripley PE,https://simple.ripley.com.pe/guante-para-tablet-artista-dibujo-tableta-grafica-ipad-pencil-pmp20000204176
20260805_055550,2026-08-05T06:11:50.880830+00:00,ripley_pe,tablets,20001008573,APPLE,TECLADO APPLE MAGIC KEYBOARD IPAD AIR 11 M3 CHIP OPEN BOX,1499.9,,442.45,2026-08-05,,PEN,,,Ripley PE,https://simple.ripley.com.pe/teclado-apple-magic-keyboard-ipad-air-11-m3-chip-open-box-pmp20001008573
20260805_055550,2026-08-05T06:11:50.881830+00:00,ripley_pe,tablets,20001494446,GENÉRICO,FUNDA SMART CASE DE IPAD A16 CHIP 11MA GEN (2025) 10MA 10.9 -NEGRO,52.99,,15.63,2026-08-05,,PEN,,,Ripley PE,https://simple.ripley.com.pe/funda-smart-case-de-ipad-a16-chip-11ma-gen-2025-10ma-109-negro-pmp20001494446
20260805_055550,2026-08-05T06:11:50.882830+00:00,ripley_pe,tablets,20001272964,SAMSUNG,TECLADO SAMSUNG BOOK COVER SLIM GALAXY TAB S11 X730 (2025),699.9,,206.46,2026-08-05,,PEN,,,Ripley PE,https://simple.ripley.com.pe/teclado-samsung-book-cover-slim-galaxy-tab-s11-x730-2025-pmp20001272964
20260805_055550,2026-08-05T06:11:50.882830+00:00,ripley_pe,tablets,20001207748,SAMSUNG,TABLET SAMSUNG GALAXY TAB S11 GRAY 256GB SM-X730NZAHPEO,3719.0,4449.0,1097.05,2026-08-05,16,PEN,,,Ripley PE,https://simple.ripley.com.pe/tablet-samsung-galaxy-tab-s11-gray-256gb-sm-x730nzahpeo-pmp20001207748
20260805_055550,2026-08-05T06:11:50.883830+00:00,ripley_pe,tablets,20000204501,GENÉRICO,LÁPIZ S PEN STYLUS REPUESTO SAMSUNG GALAXY S23 ULTRA Y S22 ULTRA,66.0,101.99,19.47,2026-08-05,35,PEN,,,Ripley PE,https://simple.ripley.com.pe/lapiz-s-pen-stylus-repuesto-samsung-galaxy-s23-ultra-y-s22-ultra-pmp20000204501
20260805_055550,2026-08-05T06:11:50.883830+00:00,ripley_pe,tablets,20001242551,ADVANCE,TABLET ADVANCE SMARTPAD SP3703 10.1' 4GB 64GB ANDROID 15 WIFI GRIS WXGA IPS 1.75GHZ,549.0,829.0,161.95,2026-08-05,34,PEN,,,Ripley PE,https://simple.ripley.com.pe/tablet-advance-smartpad-sp3703-101-4gb-64gb-android-15-wifi-gris-wxga-ips-175ghz-pmp20001242551
20260805_055550,2026-08-05T06:11:50.884830+00:00,ripley_pe,tablets,20001550440,WACOM,TABLETA GRÁFICA WACOM ONE PEN TABLET SMALL CTC4110WLW0A,368.0,550.0,108.55,2026-08-05,33,PEN,,,Ripley PE,https://simple.ripley.com.pe/tableta-grafica-wacom-one-pen-tablet-small-ctc4110wlw0a-pmp20001550440
20260805_055550,2026-08-05T06:11:50.884830+00:00,ripley_pe,tablets,20001311335,SAMSUNG,CASE SAMSUNG GALAXY TAB S10FE SMART BOOK COVER ORANGE,299.0,,88.2,2026-08-05,,PEN,,,Ripley PE,https://simple.ripley.com.pe/case-samsung-galaxy-tab-s10fe-smart-book-cover-orange-pmp20001311335
20260805_055550,2026-08-05T06:11:50.885830+00:00,ripley_pe,tablets,20001175746,APPLE,IPAD PRO 11' (2025) M5 1TB (WI-FI + CELLULAR) APPLE | SPACE BLACK,11449.0,16359.0,3377.29,2026-08-05,30,PEN,,,Ripley PE,https://simple.ripley.com.pe/ipad-pro-11-2025-m5-1tb-wi-fi-cellular-apple-space-black-pmp20001175746
20260805_055550,2026-08-05T06:11:50.885830+00:00,ripley_pe,tablets,20001494425,GENÉRICO,MICA + FUNDA SMART CASE DE IPAD A16 CHIP 11MA GEN 10MA 10.9 - NEGRO,64.9,89.0,19.14,2026-08-05,27,PEN,,,Ripley PE,https://simple.ripley.com.pe/mica-funda-smart-case-de-ipad-a16-chip-11ma-gen-10ma-109-negro-pmp20001494425
20260805_055550,2026-08-05T06:11:50.886830+00:00,ripley_pe,tablets,20001499270,GENÉRICO,FUNDA PARA GALAXY TAB S10 LITE S10 FE S9 FE CON PORTA S PEN - ROSA,48.9,79.0,14.42,2026-08-05,38,PEN,,,Ripley PE,https://simple.ripley.com.pe/funda-para-galaxy-tab-s10-lite-s10-fe-s9-fe-con-porta-s-pen-rosa-pmp20001499270
20260805_055550,2026-08-05T06:11:50.886830+00:00,ripley_pe,tablets,20000798462,APPLE,iPad Mini (A17 Pro) WIFI 256GB Space Gray,2890.0,4525.0,852.51,2026-08-05,36,PEN,,,Ripley PE,https://simple.ripley.com.pe/ipad-mini-a17-pro-wifi-256gb-space-gray-pmp20000798462
20260805_055550,2026-08-05T06:11:50.887830+00:00,ripley_pe,tablets,20000344932,APPLE,"IPAD 10.9"" 64GB YELLOW",3052.93,5189.98,900.57,2026-08-05,41,PEN,,,Ripley PE,https://simple.ripley.com.pe/ipad-109-64gb-yellow-pmp20000344932
20260805_055550,2026-08-05T06:11:50.887830+00:00,ripley_pe,tablets,20000804243,HYUNDAI,TABLET HYUNDAI HYTAB PRO 10LC1 4G LTE 101″  64GB  OCTA CORE  4GB RAM,749.0,,220.94,2026-08-05,,PEN,,,Ripley PE,https://simple.ripley.com.pe/tablet-hyundai-hytab-pro-10lc1-4g-lte-101-64gb-octa-core-4gb-ram-pmp20000804243
20260805_055550,2026-08-05T06:11:50.888830+00:00,ripley_pe,tablets,20001186202,APPLEFUNS,"APPLE MAGIC KEYBOARD: TECLADO Y FUNDA CON TRACKPAD PARA IPAD AIR M2/M3, COMPATIBLE Y ERGONÓMICO",1600.0,1920.0,471.98,2026-08-05,17,PEN,,,Ripley PE,https://simple.ripley.com.pe/apple-magic-keyboard-teclado-y-funda-con-trackpad-para-ipad-air-m2m3-compatible-y-ergonomico-pmp20001186202
20260805_055550,2026-08-05T06:11:50.889830+00:00,ripley_pe,tablets,20001175735,APPLE,IPAD PRO 13' (2025) M5 1TB (WI-FI) - GLASS NANOTEXTURIZADO APPLE | SILVER,9299.0,10699.0,2743.07,2026-08-05,13,PEN,,,Ripley PE,https://simple.ripley.com.pe/ipad-pro-13-2025-m5-1tb-wi-fi-glass-nanotexturizado-apple-silver-pmp20001175735
20260805_055550,2026-08-05T06:11:50.890348+00:00,ripley_pe,tablets,20001175750,APPLE,IPAD PRO 13' (2025) M5 1TB (WI-FI) APPLE | SILVER,8599.0,12469.0,2536.58,2026-08-05,31,PEN,,,Ripley PE,https://simple.ripley.com.pe/ipad-pro-13-2025-m5-1tb-wi-fi-apple-silver-pmp20001175750
20260805_055550,2026-08-05T06:11:50.890348+00:00,ripley_pe,tablets,20001480203,GENÉRICO,FUNDA CASE PARA IPAD AIR 11 M4 CHIP (2026) A3459 A3460 A3463 NEGRO,78.9,,23.27,2026-08-05,,PEN,,,Ripley PE,https://simple.ripley.com.pe/funda-case-para-ipad-air-11-m4-chip-2026-a3459-a3460-a3463-negro-pmp20001480203
20260805_055550,2026-08-05T06:11:50.891363+00:00,ripley_pe,tablets,20000737650,APPLE,"IPAD APPLE 8.3"" 128GB MINI 7TH GEN (2024) CHIP A17 PRO WI-FI MORADO",2819.0,4029.0,831.56,2026-08-05,30,PEN,,,Ripley PE,https://simple.ripley.com.pe/ipad-apple-83-128gb-mini-7th-gen-2024-chip-a17-pro-wi-fi-morado-pmp20000737650
20260805_055550,2026-08-05T06:11:50.891363+00:00,ripley_pe,tablets,20001175742,APPLE,IPAD PRO 11' (2025) M5 512GB (WI-FI + CELLULAR) APPLE | SPACE BLACK,7299.0,10589.0,2153.1,2026-08-05,31,PEN,,,Ripley PE,https://simple.ripley.com.pe/ipad-pro-11-2025-m5-512gb-wi-fi-cellular-apple-space-black-pmp20001175742
20260805_055550,2026-08-05T06:11:50.892362+00:00,ripley_pe,tablets,20001350837,APPLE,NUEVO APPLE IPAD AIR 11″ CHIP M4 WIFI 128GB - STARLIGHT ( 2026 ) + REGALO,2999.0,3699.0,884.66,2026-08-05,19,PEN,,,Ripley PE,https://simple.ripley.com.pe/nuevo-apple-ipad-air-11-chip-m4-wifi-128gb-starlight-2026-regalo-pmp20001350837
20260805_055550,2026-08-05T06:11:50.893362+00:00,ripley_pe,tablets,20000798489,APPLE,iPad Mini (A17 Pro) WIFI 512GB Purple,3829.0,5720.0,1129.5,2026-08-05,33,PEN,,,Ripley PE,https://simple.ripley.com.pe/ipad-mini-a17-pro-wifi-512gb-purple-pmp20000798489
20260805_055550,2026-08-05T06:11:50.893362+00:00,ripley_pe,tablets,20001250321,LENOVO,TABLET LENOVO TAB + FOLIO CASE LTE 10.1 128GB 4GB GRIS,654.0,785.0,192.92,2026-08-05,17,PEN,,,Ripley PE,https://simple.ripley.com.pe/tablet-lenovo-tab-folio-case-lte-101-128gb-4gb-gris-pmp20001250321
20260805_055550,2026-08-05T06:11:50.894370+00:00,ripley_pe,tablets,20001294885,GENÉRICO,FUNDA CON TECLADO TOUCH LENOVO IDEA TAB PRO 12.7' ROSA,209.9,239.9,61.92,2026-08-05,13,PEN,,,Ripley PE,https://simple.ripley.com.pe/funda-con-teclado-touch-lenovo-idea-tab-pro-127-rosa-pmp20001294885
20260805_055550,2026-08-05T06:11:50.894370+00:00,ripley_pe,tablets,20001180180,AILUN,"2 PUNTA SUAVE PARA S PEN GALAXY TAB S10 LITE, TAB S11, ULTRA",42.0,72.0,12.39,2026-08-05,42,PEN,,,Ripley PE,https://simple.ripley.com.pe/2-punta-suave-para-s-pen-galaxy-tab-s10-lite-tab-s11-ultra-pmp20001180180
20260805_055550,2026-08-05T06:11:50.895362+00:00,ripley_pe,tablets,20001239886,APPLE,(REACONDICIONADO)APPLE IPAD 6ª GEN 9.7' 32GB WI-FI | GRIS ESPACIAL,595.0,859.0,175.52,2026-08-05,31,PEN,,,Ripley PE,https://simple.ripley.com.pe/reacondicionadoapple-ipad-6-gen-97-32gb-wi-fi-gris-espacial-pmp20001239886
20260805_055550,2026-08-05T06:11:55.311200+00:00,ripley_pe,tablets,20001062746,SAMSUNG,"TABLET SAMSUNG GALAXY TAB S10 FE+ 13.1' 5G, PANTALLA 90HZ Y RESOLUCIÓN 2880X1800, IDEAL PARA MULTIMEDIA",3769.0,5659.0,1111.8,2026-08-05,33,PEN,,,Ripley PE,https://simple.ripley.com.pe/tablet-samsung-galaxy-tab-s10-fe-131-5g-pantalla-90hz-y-resolucion-2880x1800-ideal-para-multimedia-pmp20001062746
20260805_055550,2026-08-05T06:11:55.312199+00:00,ripley_pe,tablets,20001482769,ADVANCE,"TABLET ADVANCE SMARTPAD SP5706, 10.1' WXGA IPS, T310 2.00GHZ, 4GB RAM, 64GB, ANDROID 13",549.0,663.0,161.95,2026-08-05,17,PEN,,,Ripley PE,https://simple.ripley.com.pe/tablet-advance-smartpad-sp5706-101-wxga-ips-t310-200ghz-4gb-ram-64gb-android-13-pmp20001482769
20260805_055550,2026-08-05T06:11:55.312199+00:00,ripley_pe,tablets,20001311170,XIAOMI,XIAOMI PAD 7 PRO XIAOMI 24091RPADG WIFI 256GB ᲙᲕ 银色,2550.0,3060.0,752.21,2026-08-05,17,PEN,,,Ripley PE,https://simple.ripley.com.pe/xiaomi-pad-7-pro-xiaomi-24091rpadg-wifi-256gb-pmp20001311170
20260805_055550,2026-08-05T06:11:55.313199+00:00,ripley_pe,tablets,00003387308,LENOVO,"TABLET LENOVO 11.5"" 128GB TAB P11 2ND. GEN. MEDIATEK HELIO G99 8-CORE WI-FI GRAY",1955.0,2900.0,576.7,2026-08-05,33,PEN,,,Ripley PE,https://simple.ripley.com.pe/tablet-lenovo-115-128gb-tab-p11-2nd-gen-mediatek-helio-g99-8-core-wi-fi-gray-pmp00003387308
20260805_055550,2026-08-05T06:11:55.316206+00:00,ripley_pe,tablets,20000204394,GENÉRICO,5 PUNTAS S PEN SAMSUNG GALAXY TAB S9 S9 PLUS Y S9 ULTRA TAB S10 PLUS TAB S10 ULTRA,28.0,41.99,8.26,2026-08-05,33,PEN,,,Ripley PE,https://simple.ripley.com.pe/5-puntas-s-pen-samsung-galaxy-tab-s9-s9-plus-y-s9-ultra-tab-s10-plus-tab-s10-ultra-pmp20000204394
20260805_055550,2026-08-05T06:11:55.320213+00:00,ripley_pe,tablets,20001008647,GENÉRICO,CASE CON TECLADO TOUCH PARA GALAXY TAB S10 FE PLUS 13.1 X620,389.5,,114.9,2026-08-05,,PEN,,,Ripley PE,https://simple.ripley.com.pe/case-con-teclado-touch-para-galaxy-tab-s10-fe-plus-131-x620-pmp20001008647
20260805_055550,2026-08-05T06:11:55.321213+00:00,ripley_pe,tablets,20000701146,GENÉRICO,CASE IPHONE 16 PRO SILICONA NEGRO,29.99,33.0,8.85,2026-08-05,9,PEN,,,Ripley PE,https://simple.ripley.com.pe/case-iphone-16-pro-silicona-negro-pmp20000701146
20260805_055550,2026-08-05T06:11:55.321213+00:00,ripley_pe,tablets,20000382091,GENÉRICO,SOPORTE PLEGABLE BASE DE ALUMINIO PARA LAPTOP MACBOOK NOTEBOOK TABLET,29.9,59.9,8.82,2026-08-05,50,PEN,,,Ripley PE,https://simple.ripley.com.pe/soporte-plegable-base-de-aluminio-para-laptop-macbook-notebook-tablet-pmp20000382091
20260805_055550,2026-08-05T06:11:55.322213+00:00,ripley_pe,tablets,20001241657,CLIQ,TABLET CLIQ CP20 V2 6+12GB/128GB/10.1' MORADO,479.0,699.0,141.3,2026-08-05,31,PEN,,,Ripley PE,https://simple.ripley.com.pe/tablet-cliq-cp20-v2-612gb128gb101-morado-pmp20001241657
20260805_055550,2026-08-05T06:11:55.322213+00:00,ripley_pe,tablets,20001148942,SAMSUNG,TABLET SAMSUNG TAB S10 LITE 10.9 128GB 6GB GREY,1332.0,1439.0,392.92,2026-08-05,7,PEN,,,Ripley PE,https://simple.ripley.com.pe/tablet-samsung-tab-s10-lite-109-128gb-6gb-grey-pmp20001148942
20260805_055550,2026-08-05T06:11:55.323212+00:00,ripley_pe,tablets,20000090260,PAPERLIKE,LÁMINA PAPERLIKE IPAD 10 TH GENERACION VERSION 2.1 10.9',199.0,285.0,58.7,2026-08-05,30,PEN,,,Ripley PE,https://simple.ripley.com.pe/lamina-paperlike-ipad-10-th-generacion-version-21-109-pmp20000090260
20260805_055550,2026-08-05T06:11:55.324212+00:00,ripley_pe,tablets,20001352266,ACER,TABLET ACER ICONIA X12 A24008 WIFI + TECLADO+LAPIZ 12.6' 256GB 8GB BLACK,1566.0,1691.0,461.95,2026-08-05,7,PEN,,,Ripley PE,https://simple.ripley.com.pe/tablet-acer-iconia-x12-a24008-wifi-tecladolapiz-126-256gb-8gb-black-pmp20001352266
20260805_055550,2026-08-05T06:11:55.327213+00:00,ripley_pe,tablets,20001175745,APPLE,IPAD PRO 13' (2025) M5 2TB (WI-FI) APPLE | SPACE BLACK,10499.0,15229.0,3097.05,2026-08-05,31,PEN,,,Ripley PE,https://simple.ripley.com.pe/ipad-pro-13-2025-m5-2tb-wi-fi-apple-space-black-pmp20001175745
20260805_055550,2026-08-05T06:11:55.327213+00:00,ripley_pe,tablets,20001503323,BLACKVIEW,TABLET BLACKVIEW LINK 8 12.7' 256GB 6GB BLUE,910.0,1092.0,268.44,2026-08-05,17,PEN,,,Ripley PE,https://simple.ripley.com.pe/tablet-blackview-link-8-127-256gb-6gb-blue-pmp20001503323
20260805_055550,2026-08-05T06:11:55.332729+00:00,ripley_pe,tablets,20000004904,ZAGG,"TECLADO BLUETOOTH ZAGG Y CASE RETROILUMINADO IPAD 10.2'' 7A, 8A Y 9A GEN NEGRO/GRIS PRO KEYS",219.0,659.9,64.6,2026-08-05,67,PEN,,,Ripley PE,https://simple.ripley.com.pe/teclado-bluetooth-zagg-y-case-retroiluminado-ipad-102-7a-8a-y-9a-gen-negrogris-pro-keys-pmp20000004904
20260805_055550,2026-08-05T06:11:55.332729+00:00,ripley_pe,tablets,20000005531,ZAGG,"TECLADO BLUETOOTH ZAGG Y CASE PRO KEYS CON TRACKPAD IPAD PRO 12.9'' 3A, 4A Y 5A GEN NEGRO/GRIS",459.0,1389.9,135.4,2026-08-05,67,PEN,,,Ripley PE,https://simple.ripley.com.pe/teclado-bluetooth-zagg-y-case-pro-keys-con-trackpad-ipad-pro-129-3a-4a-y-5a-gen-negrogris-pmp20000005531
20260805_055550,2026-08-05T06:11:55.333744+00:00,ripley_pe,tablets,20001272959,SAMSUNG,TECLADO SAMSUNG BOOK COVER SLIM GALAXY TAB S10 ULTRA X920,849.9,,250.71,2026-08-05,,PEN,,,Ripley PE,https://simple.ripley.com.pe/teclado-samsung-book-cover-slim-galaxy-tab-s10-ultra-x920-pmp20001272959
20260805_055550,2026-08-05T06:11:55.334744+00:00,ripley_pe,tablets,20001355778,APPLE,IPAD AIR 11' (2026) CHIP M4 WIFI - 512GB | BLUE,4799.0,5519.0,1415.63,2026-08-05,13,PEN,,,Ripley PE,https://simple.ripley.com.pe/ipad-air-11-2026-chip-m4-wifi-512gb-blue-pmp20001355778
20260805_055550,2026-08-05T06:11:55.334744+00:00,ripley_pe,tablets,20001175708,APPLE,IPAD PRO 11' (2025) M5 512GB (WI-FI + CELLULAR) APPLE | SILVER,7399.0,8509.0,2182.6,2026-08-05,13,PEN,,,Ripley PE,https://simple.ripley.com.pe/ipad-pro-11-2025-m5-512gb-wi-fi-cellular-apple-silver-pmp20001175708
20260805_055550,2026-08-05T06:11:55.335743+00:00,ripley_pe,tablets,20001185713,SAMSUNG,TABLET SAMSUNG GALAXY TAB S11 128GB SILVER,3699.0,4099.0,1091.15,2026-08-05,10,PEN,,,Ripley PE,https://simple.ripley.com.pe/tablet-samsung-galaxy-tab-s11-128gb-silver-pmp20001185713
20260805_055550,2026-08-05T06:11:55.335743+00:00,ripley_pe,tablets,20001324168,SAMSUNG,TABLET SAMSUNG GALAXY TAB S10 FE 256GB SILVER,2499.0,2749.0,737.17,2026-08-05,9,PEN,,,Ripley PE,https://simple.ripley.com.pe/tablet-samsung-galaxy-tab-s10-fe-256gb-silver-pmp20001324168
20260805_055550,2026-08-05T06:11:55.336749+00:00,ripley_pe,tablets,20001324165,SAMSUNG,TABLET SAMSUNG GALAXY TAB S10 FE 256GB GRAY,2499.0,2749.0,737.17,2026-08-05,9,PEN,,,Ripley PE,https://simple.ripley.com.pe/tablet-samsung-galaxy-tab-s10-fe-256gb-gray-pmp20001324165
20260805_055550,2026-08-05T06:11:55.337744+00:00,ripley_pe,tablets,20001185726,SAMSUNG,TABLET SAMSUNG GALAXY TAB S11 256GB SILVER,3999.0,4449.0,1179.65,2026-08-05,10,PEN,,,Ripley PE,https://simple.ripley.com.pe/tablet-samsung-galaxy-tab-s11-256gb-silver-pmp20001185726
20260805_055550,2026-08-05T06:11:59.708887+00:00,ripley_pe,tablets,20001175714,APPLE,IPAD PRO 13' (2025) M5 1TB (WI-FI + CELLULAR) - GLASS NANOTEXTURIZADO APPLE | SPACE BLACK,10999.0,15949.0,3244.54,2026-08-05,31,PEN,,,Ripley PE,https://simple.ripley.com.pe/ipad-pro-13-2025-m5-1tb-wi-fi-cellular-glass-nanotexturizado-apple-space-black-pmp20001175714
20260805_055550,2026-08-05T06:11:59.709893+00:00,ripley_pe,tablets,20000752784,APPLE,TECLADO APPLE MAGIC KEYBOARD IPAD PRO 11 M2 4GEN OPEN BOX,1499.9,,442.45,2026-08-05,,PEN,,,Ripley PE,https://simple.ripley.com.pe/teclado-apple-magic-keyboard-ipad-pro-11-m2-4gen-open-box-pmp20000752784
20260805_055550,2026-08-05T06:11:59.709893+00:00,ripley_pe,tablets,20001008376,MOKO,SMART CASE MOKO PARA IPAD A16 CHIP 11MA GEN (2025) ROSE,169.22,,49.92,2026-08-05,,PEN,,,Ripley PE,https://simple.ripley.com.pe/smart-case-moko-para-ipad-a16-chip-11ma-gen-2025-rose-pmp20001008376
20260805_055550,2026-08-05T06:11:59.710889+00:00,ripley_pe,tablets,20001450725,APPLE,NUEVO IPAD AIR 13″ ( M4 ) WIFI 128GB - SPACE GRAY,3499.0,4499.0,1032.15,2026-08-05,22,PEN,,,Ripley PE,https://simple.ripley.com.pe/nuevo-ipad-air-13-m4-wifi-128gb-space-gray-pmp20001450725
20260805_055550,2026-08-05T06:11:59.711845+00:00,ripley_pe,tablets,20001255695,GENÉRICO,FUNDA PARA SAMSUNG TAB A11 8.7' IMANTADA ANTISHOCK FUCSIA ANTISHOCK,94.9,119.9,27.99,2026-08-05,21,PEN,,,Ripley PE,https://simple.ripley.com.pe/funda-para-samsung-tab-a11-87-imantada-antishock-fucsia-antishock-pmp20001255695
20260805_055550,2026-08-05T06:11:59.711845+00:00,ripley_pe,tablets,20000752925,APPLE,APPLE PENCIL CASE PARA APPLE PENCIL PRO | APPLE PENCIL 2,169.9,,50.12,2026-08-05,,PEN,,,Ripley PE,https://simple.ripley.com.pe/apple-pencil-case-para-apple-pencil-pro-apple-pencil-2-pmp20000752925
20260805_055550,2026-08-05T06:11:59.712892+00:00,ripley_pe,tablets,20001553183,GENÉRICO,FUNDA CASE CON TECLADO KEYBOARD PARA SAMSUNG TAB A9+ 11'(2023) Y TAB A11+ 11' (2025) RECARGABLE TIPO C - ROSA,189.0,239.0,55.75,2026-08-05,21,PEN,,,Ripley PE,https://simple.ripley.com.pe/funda-case-con-teclado-keyboard-para-samsung-tab-a9-112023-y-tab-a11-11-2025-recargable-tipo-c-rosa-pmp20001553183
20260805_055550,2026-08-05T06:11:59.712892+00:00,ripley_pe,tablets,20001449742,AMAZON,KINDLE E-READER AMAZON SCRIBE COLORSOFT 32GB | GRAPHITE,3459.0,4949.0,1020.35,2026-08-05,30,PEN,,,Ripley PE,https://simple.ripley.com.pe/kindle-e-reader-amazon-scribe-colorsoft-32gb-graphite-pmp20001449742
20260805_055550,2026-08-05T06:11:59.713888+00:00,ripley_pe,tablets,20000384824,GENÉRICO,FUNDA BLUETOOTH CON TECLADO SAMSUNG GALAXY TAB A9+ 11 PULGAS TOUCHPAD,199.0,299.0,58.7,2026-08-05,33,PEN,,,Ripley PE,https://simple.ripley.com.pe/funda-bluetooth-con-teclado-samsung-galaxy-tab-a9-11-pulgas-touchpad-pmp20000384824
20260805_055550,2026-08-05T06:11:59.714888+00:00,ripley_pe,tablets,20001184356,OEMGENUINE,MAGIC KEYBOARD PARA IPAD AIR 6 (11') ALTERNATIVO PREMIUM - BLANCO,479.0,,141.3,2026-08-05,,PEN,,,Ripley PE,https://simple.ripley.com.pe/magic-keyboard-para-ipad-air-6-11-alternativo-premium-blanco-pmp20001184356
20260805_055550,2026-08-05T06:11:59.714888+00:00,ripley_pe,tablets,20001512925,ADVANCE,TABLET ADVANCE SMARTPAD SP5706 4G LTE 4GB RAM 64GB ROM - GRIS + FLIP COVER,449.0,999.0,132.45,2026-08-05,55,PEN,,,Ripley PE,https://simple.ripley.com.pe/tablet-advance-smartpad-sp5706-4g-lte-4gb-ram-64gb-rom-gris-flip-cover-pmp20001512925
20260805_055550,2026-08-05T06:11:59.715884+00:00,ripley_pe,tablets,20000701150,GENÉRICO,CASE IPHONE 16 PRO MAX SILICONA ROSA,29.99,33.0,8.85,2026-08-05,9,PEN,,,Ripley PE,https://simple.ripley.com.pe/case-iphone-16-pro-max-silicona-rosa-pmp20000701150
20260805_055550,2026-08-05T06:11:59.715884+00:00,ripley_pe,tablets,20001273197,SAMSUNG,TECLADO SAMSUNG BOOK COVER SLIM GALAXY TAB S10 FE PLUS X620,799.9,,235.96,2026-08-05,,PEN,,,Ripley PE,https://simple.ripley.com.pe/teclado-samsung-book-cover-slim-galaxy-tab-s10-fe-plus-x620-pmp20001273197
20260805_055550,2026-08-05T06:11:59.716893+00:00,ripley_pe,tablets,20000332511,GENÉRICO,TECLADO INALÁMBRICO CON TRACKPAD,69.9,109.9,20.62,2026-08-05,36,PEN,,,Ripley PE,https://simple.ripley.com.pe/teclado-inalambrico-con-trackpad-pmp20000332511
20260805_055550,2026-08-05T06:11:59.716893+00:00,ripley_pe,tablets,20001273782,GENÉRICO,SMART CASE PARA GALAXY TAB S10 LITE X400 X406 (2025) LILA,69.9,,20.62,2026-08-05,,PEN,,,Ripley PE,https://simple.ripley.com.pe/smart-case-para-galaxy-tab-s10-lite-x400-x406-2025-lila-pmp20001273782
20260805_055550,2026-08-05T06:11:59.717883+00:00,ripley_pe,tablets,20000701143,GENÉRICO,CASE IPHONE 16 PRO MAX SILICONA LILA,29.99,33.0,8.85,2026-08-05,9,PEN,,,Ripley PE,https://simple.ripley.com.pe/case-iphone-16-pro-max-silicona-lila-pmp20000701143
20260805_055550,2026-08-05T06:11:59.718886+00:00,ripley_pe,tablets,20001161869,GENÉRICO,"SOPORTE MAGNÉTICO DE CUELLO TASHINE  PARA GOPRO, IPHONE Y ANDROID, IDEAL PARA GRABAR EN PRIMERA PERSONA Y DEPORTES EXTREMOS",129.9,149.0,38.32,2026-08-05,13,PEN,,,Ripley PE,https://simple.ripley.com.pe/soporte-magnetico-de-cuello-tashine-para-gopro-iphone-y-android-ideal-para-grabar-en-primera-persona-y-deportes-extremos-pmp20001161869
20260805_055550,2026-08-05T06:11:59.718886+00:00,ripley_pe,tablets,20001240913,APPLE,(REACONDICIONADO) APPLE IPAD 2021 10.2' 256GB WI-FI | PLATEADO,1289.0,1849.0,380.24,2026-08-05,30,PEN,,,Ripley PE,https://simple.ripley.com.pe/reacondicionado-apple-ipad-2021-102-256gb-wi-fi-plateado-pmp20001240913
20260805_055550,2026-08-05T06:11:59.719890+00:00,ripley_pe,tablets,20000272701,OEMGENUINE,LÁPIZ PREMIUM V1 PENCIL IPAD ALTERNATIVO,99.9,,29.47,2026-08-05,,PEN,,,Ripley PE,https://simple.ripley.com.pe/lapiz-premium-v1-pencil-ipad-alternativo-pmp20000272701
20260805_055550,2026-08-05T06:11:59.719890+00:00,ripley_pe,tablets,20001355790,APPLE,IPAD AIR 11' (2026) CHIP M4 WIFI + CELLULAR - 128GB | SPACE GRAY,4299.0,4949.0,1268.14,2026-08-05,13,PEN,,,Ripley PE,https://simple.ripley.com.pe/ipad-air-11-2026-chip-m4-wifi-cellular-128gb-space-gray-pmp20001355790
20260805_055550,2026-08-05T06:11:59.720889+00:00,ripley_pe,tablets,20001355780,APPLE,IPAD AIR 13' (2026) CHIP M4 WIFI + CELLULAR - 1TB | BLUE,7699.0,8859.0,2271.09,2026-08-05,13,PEN,,,Ripley PE,https://simple.ripley.com.pe/ipad-air-13-2026-chip-m4-wifi-cellular-1tb-blue-pmp20001355780
20260805_055550,2026-08-05T06:11:59.721882+00:00,ripley_pe,tablets,20001316366,APPLE,NUEVO IPAD PRO 13″ CHIP M5 256GB WI-FI (2025) - Silver,5399.0,6099.0,1592.63,2026-08-05,11,PEN,,,Ripley PE,https://simple.ripley.com.pe/nuevo-ipad-pro-13-chip-m5-256gb-wi-fi-2025-silver-pmp20001316366
20260805_055550,2026-08-05T06:11:59.721882+00:00,ripley_pe,tablets,20000676027,GENÉRICO,CASE IPHONE 16 SILICONA AMARILLO,29.99,33.0,8.85,2026-08-05,9,PEN,,,Ripley PE,https://simple.ripley.com.pe/case-iphone-16-silicona-amarillo-pmp20000676027
20260805_055550,2026-08-05T06:11:59.722886+00:00,ripley_pe,tablets,20001352737,AMAZON ANDES,"AMAZON KINDLE SCRIBE 64GB, PANTALLA PAPEL, LUZ FRONTAL, PERFIL DELGADO Y RÁPIDO. INCLUYE LÁPIZ PREMIUM - GRAFITO",2695.0,3234.0,794.99,2026-08-05,17,PEN,,,Ripley PE,https://simple.ripley.com.pe/amazon-kindle-scribe-64gb-pantalla-papel-luz-frontal-perfil-delgado-y-rapido-incluye-lapiz-premium-grafito-pmp20001352737
20260805_055550,2026-08-05T06:11:59.722886+00:00,ripley_pe,tablets,20001273483,GENÉRICO,TECLADO PORTÁTIL TOUCHFOLD PARA GALAXY TAB S10 FE 10.9 X520,285.9,,84.34,2026-08-05,,PEN,,,Ripley PE,https://simple.ripley.com.pe/teclado-portatil-touchfold-para-galaxy-tab-s10-fe-109-x520-pmp20001273483
20260805_055550,2026-08-05T06:11:59.723883+00:00,ripley_pe,tablets,20001175721,APPLE,IPAD PRO 11' (2025) M5 1TB (WI-FI) APPLE | SILVER,7799.0,11699.0,2300.59,2026-08-05,33,PEN,,,Ripley PE,https://simple.ripley.com.pe/ipad-pro-11-2025-m5-1tb-wi-fi-apple-silver-pmp20001175721
20260805_055550,2026-08-05T06:11:59.724885+00:00,ripley_pe,tablets,20001285403,APPLE,IPAD PRO 13″ CHIP M5 256GB WI-FI (2025) - SPACE BLACK + PENCIL PRO + REGALO,5999.0,6499.0,1769.62,2026-08-05,8,PEN,,,Ripley PE,https://simple.ripley.com.pe/ipad-pro-13-chip-m5-256gb-wi-fi-2025-space-black-pencil-pro-regalo-pmp20001285403
20260805_055550,2026-08-05T06:11:59.724885+00:00,ripley_pe,tablets,20001288307,APPLE,IPAD PRO 13″ CHIP M5 256GB WI-FI (2025) - SPACE BLACK,5399.0,6199.0,1592.63,2026-08-05,13,PEN,,,Ripley PE,https://simple.ripley.com.pe/ipad-pro-13-chip-m5-256gb-wi-fi-2025-space-black-pmp20001288307
20260805_055550,2026-08-05T06:11:59.725884+00:00,ripley_pe,tablets,20001249882,FORZA,ESTABILIZADOR DE VOLTAJE FORZA FVR-1222USB 1200VA 600W COLOR NEGRO,139.0,199.0,41.0,2026-08-05,30,PEN,,,Ripley PE,https://simple.ripley.com.pe/estabilizador-de-voltaje-forza-fvr-1222usb-1200va-600w-color-negro-pmp20001249882
20260805_055550,2026-08-05T06:11:59.725884+00:00,ripley_pe,tablets,00003396971,AMAZON,"TABLET AMAZON B0B2SFTGQ6 11"" 128GB FIRE MAX 11 OCTA-CORE WIFI GRAY",1440.0,1728.0,424.78,2026-08-05,17,PEN,,,Ripley PE,https://simple.ripley.com.pe/tablet-amazon-b0b2sftgq6-11-128gb-fire-max-11-octa-core-wifi-gray-pmp00003396971
20260805_055550,2026-08-05T06:11:59.726882+00:00,ripley_pe,tablets,20001460274,GENÉRICO,FUNDA CON TECLADO TOUCH XIAOMI REDMI PAD 2 PRO 12.1' ROSA,209.9,239.9,61.92,2026-08-05,13,PEN,,,Ripley PE,https://simple.ripley.com.pe/funda-con-teclado-touch-xiaomi-redmi-pad-2-pro-121-rosa-pmp20001460274
20260805_055550,2026-08-05T06:11:59.727886+00:00,ripley_pe,tablets,20001449764,AMAZON,KINDLE E-READER AMAZON SCRIBE 64GB,2239.0,3199.0,660.47,2026-08-05,30,PEN,,,Ripley PE,https://simple.ripley.com.pe/kindle-e-reader-amazon-scribe-64gb-pmp20001449764
20260805_055550,2026-08-05T06:11:59.727886+00:00,ripley_pe,tablets,20001273131,RINGKE,MICA RINGKE GLASS PROTECTOR PARA GALAXY TAB S11 ULTRA X930,129.9,,38.32,2026-08-05,,PEN,,,Ripley PE,https://simple.ripley.com.pe/mica-ringke-glass-protector-para-galaxy-tab-s11-ultra-x930-pmp20001273131
20260805_055550,2026-08-05T06:11:59.728885+00:00,ripley_pe,tablets,20001274467,GENÉRICO,FUNDA CON TECLADO TOUCH SAMSUNG TAB S10 PLUS 12.4' NEGRO,209.9,239.9,61.92,2026-08-05,13,PEN,,,Ripley PE,https://simple.ripley.com.pe/funda-con-teclado-touch-samsung-tab-s10-plus-124-negro-pmp20001274467
20260805_055550,2026-08-05T06:11:59.728885+00:00,ripley_pe,tablets,20001426306,GENÉRICO,MICA PARA SAMSUNG TAB S10 FE 10.9' DE PAPERLIKE ANTISHOCK,49.9,79.9,14.72,2026-08-05,38,PEN,,,Ripley PE,https://simple.ripley.com.pe/mica-para-samsung-tab-s10-fe-109-de-paperlike-antishock-pmp20001426306
20260805_055550,2026-08-05T06:11:59.729888+00:00,ripley_pe,tablets,20001250228,BLACKVIEW,TABLET BLACKVIEW TAB 11 WIFI  10/128GB 8380MAH  - GRIS,549.0,699.0,161.95,2026-08-05,21,PEN,,,Ripley PE,https://simple.ripley.com.pe/tablet-blackview-tab-11-wifi-10128gb-8380mah-gris-pmp20001250228
20260805_055550,2026-08-05T06:11:59.729888+00:00,ripley_pe,tablets,20001273524,GENÉRICO,TECLADO PORTÁTIL TOUCHPAD PARA GALAXY TAB S10 FE PLUS X620,139.0,,41.0,2026-08-05,,PEN,,,Ripley PE,https://simple.ripley.com.pe/teclado-portatil-touchpad-para-galaxy-tab-s10-fe-plus-x620-pmp20001273524
20260805_055550,2026-08-05T06:11:59.730893+00:00,ripley_pe,tablets,20000715065,XIAOMI,XIAOMI REDMI PAD SE 8.7' WIFI 128GB AUORA GREEN,805.0,1210.0,237.46,2026-08-05,33,PEN,,,Ripley PE,https://simple.ripley.com.pe/xiaomi-redmi-pad-se-87-wifi-128gb-auora-green-pmp20000715065
20260805_055550,2026-08-05T06:11:59.731882+00:00,ripley_pe,tablets,20000699520,AMAZON,"E-READER AMAZON KINDLE 7"" 16GB PAPERWHITE 12VA GEN NEGRO",909.0,1299.0,268.14,2026-08-05,30,PEN,,,Ripley PE,https://simple.ripley.com.pe/e-reader-amazon-kindle-7-16gb-paperwhite-12va-gen-negro-pmp20000699520
20260805_055550,2026-08-05T06:11:59.731882+00:00,ripley_pe,tablets,20001009513,GENÉRICO,FUNDA SMART CASE PARA IPAD A16 CHIP 11MA GEN (2025) ESTUCHE,68.8,,20.29,2026-08-05,,PEN,,,Ripley PE,https://simple.ripley.com.pe/funda-smart-case-para-ipad-a16-chip-11ma-gen-2025-estuche-pmp20001009513
20260805_055550,2026-08-05T06:11:59.732890+00:00,ripley_pe,tablets,20001272975,LOGITECH,TECLADO LOGITECH COMBO TOUCH PARA IPAD PRO 11 M5 (2025),1099.5,,324.34,2026-08-05,,PEN,,,Ripley PE,https://simple.ripley.com.pe/teclado-logitech-combo-touch-para-ipad-pro-11-m5-2025-pmp20001272975
20260805_055550,2026-08-05T06:11:59.732890+00:00,ripley_pe,tablets,20001465598,GENÉRICO,FUNDA PARA SAMSUNG TAB S11 ULTRA 14.6' IMANTADA + PORTALÁPIZ ROSADA ANTISHOCK,109.9,149.9,32.42,2026-08-05,27,PEN,,,Ripley PE,https://simple.ripley.com.pe/funda-para-samsung-tab-s11-ultra-146-imantada-portalapiz-rosada-antishock-pmp20001465598
20260805_055550,2026-08-05T06:11:59.733881+00:00,ripley_pe,tablets,20001179847,XO,SOPORTE DE ALUMINIO PARA TABLET Y LAPTOP 360° XO C153,89.0,133.0,26.25,2026-08-05,33,PEN,,,Ripley PE,https://simple.ripley.com.pe/soporte-de-aluminio-para-tablet-y-laptop-360-xo-c153-pmp20001179847
20260805_055550,2026-08-05T06:11:59.733881+00:00,ripley_pe,tablets,20000589868,SAMSUNG,CARGADOR GALAXY TAB S10 PLUS X820 X826 SAMSUNG 25W,129.5,,38.2,2026-08-05,,PEN,,,Ripley PE,https://simple.ripley.com.pe/cargador-galaxy-tab-s10-plus-x820-x826-samsung-25w-pmp20000589868
20260805_055550,2026-08-05T06:11:59.734884+00:00,ripley_pe,tablets,20000754182,GENÉRICO,TECLADO MAGNÉTICO CON TOUCH PARA GALAXY TAB S10 PLUS X820,499.5,,147.35,2026-08-05,,PEN,,,Ripley PE,https://simple.ripley.com.pe/teclado-magnetico-con-touch-para-galaxy-tab-s10-plus-x820-pmp20000754182
20260805_055550,2026-08-05T06:11:59.734884+00:00,ripley_pe,tablets,20000400357,GENÉRICO,CARGADOR 342A 65W 30X11MM COMPATIBLE ACER 19V 3.42A 3.0 X 1.1MM,40.0,100.0,11.8,2026-08-05,60,PEN,,,Ripley PE,https://simple.ripley.com.pe/cargador-342a-65w-30x11mm-compatible-acer-19v-342a-30-x-11mm-pmp20000400357
20260805_055550,2026-08-05T06:11:59.735881+00:00,ripley_pe,tablets,20001175748,APPLE,IPAD PRO 11' (2025) M5 1TB (WI-FI + CELLULAR) - GLASS NANOTEXTURIZADO APPLE | SILVER,10679.0,15259.0,3150.15,2026-08-05,30,PEN,,,Ripley PE,https://simple.ripley.com.pe/ipad-pro-11-2025-m5-1tb-wi-fi-cellular-glass-nanotexturizado-apple-silver-pmp20001175748
20260805_055550,2026-08-05T06:11:59.736886+00:00,ripley_pe,tablets,20001355782,APPLE,IPAD AIR 11' (2026) CHIP M4 WIFI + CELLULAR - 1TB | PURPLE,6799.0,7819.0,2005.6,2026-08-05,13,PEN,,,Ripley PE,https://simple.ripley.com.pe/ipad-air-11-2026-chip-m4-wifi-cellular-1tb-purple-pmp20001355782
20260805_055550,2026-08-05T06:12:03.765741+00:00,ripley_pe,tablets,20001122200,XIAOMI,CASE IMANTADA PARA TABLET XIAOMI PAD 7 PRO- NEGRO,59.99,,17.7,2026-08-05,,PEN,,,Ripley PE,https://simple.ripley.com.pe/case-imantada-para-tablet-xiaomi-pad-7-pro-negro-pmp20001122200
20260805_055550,2026-08-05T06:12:03.765741+00:00,ripley_pe,tablets,20000073497,VAYDEER,SOPORTE VAYDEER SZ2S011 VERTICAL LAPTOP TABLET CELULAR,49.0,80.0,14.45,2026-08-05,39,PEN,,,Ripley PE,https://simple.ripley.com.pe/soporte-vaydeer-sz2s011-vertical-laptop-tablet-celular-pmp20000073497
20260805_055550,2026-08-05T06:12:03.766742+00:00,ripley_pe,tablets,20001255683,GENÉRICO,FUNDA PARA SAMSUNG TAB S10 LITE 10.9' GIRATORIA ROJA ANTISHOCK,59.9,89.9,17.67,2026-08-05,33,PEN,,,Ripley PE,https://simple.ripley.com.pe/funda-para-samsung-tab-s10-lite-109-giratoria-roja-antishock-pmp20001255683
20260805_055550,2026-08-05T06:12:03.766742+00:00,ripley_pe,tablets,20000588593,MOKO,"FUNDA IPAD AIR 4 A2316 A2072 MOKO 10.9"" BAG ROSE",238.5,,70.35,2026-08-05,,PEN,,,Ripley PE,https://simple.ripley.com.pe/funda-ipad-air-4-a2316-a2072-moko-109-bag-rose-pmp20000588593
20260805_055550,2026-08-05T06:12:03.767741+00:00,ripley_pe,tablets,20001468150,GENÉRICO,FUNDA PARA SAMSUNG TAB A11 8.7' DE GOMA DIAMANTE AZUL RESISTENTE,59.9,89.9,17.67,2026-08-05,33,PEN,,,Ripley PE,https://simple.ripley.com.pe/funda-para-samsung-tab-a11-87-de-goma-diamante-azul-resistente-pmp20001468150
20260805_055550,2026-08-05T06:12:03.767741+00:00,ripley_pe,tablets,20001279806,LENOVO,BOLÍGRAFO PANTALLA TÁCTIL TRES EN UNO LENOVO THINKPLUS BP28 TABLETA ANDROID DUAL,59.0,81.0,17.4,2026-08-05,27,PEN,,,Ripley PE,https://simple.ripley.com.pe/boligrafo-pantalla-tactil-tres-en-uno-lenovo-thinkplus-bp28-tableta-android-dual-pmp20001279806
20260805_055550,2026-08-05T06:12:03.768741+00:00,ripley_pe,tablets,20001008685,GENÉRICO,MOKO CASE PARA GALAXY TAB S10 FE 10.9 X520 X526 CLEAR BLACK,169.9,,50.12,2026-08-05,,PEN,,,Ripley PE,https://simple.ripley.com.pe/moko-case-para-galaxy-tab-s10-fe-109-x520-x526-clear-black-pmp20001008685
20260805_055550,2026-08-05T06:12:03.768741+00:00,ripley_pe,tablets,20000205105,GENÉRICO,MICA KINDLE SCRIBE MATE ANTIRAYADURAS Y GOLPES 2022 y 2024,28.0,37.0,8.26,2026-08-05,24,PEN,,,Ripley PE,https://simple.ripley.com.pe/mica-kindle-scribe-mate-antirayaduras-y-golpes-2022-y-2024-pmp20000205105
20260805_055550,2026-08-05T06:12:03.769741+00:00,ripley_pe,tablets,20001294887,GENÉRICO,FUNDA CON TECLADO TOUCH LENOVO IDEA TAB PRO 12.7' AZUL,209.9,239.9,61.92,2026-08-05,13,PEN,,,Ripley PE,https://simple.ripley.com.pe/funda-con-teclado-touch-lenovo-idea-tab-pro-127-azul-pmp20001294887
20260805_055550,2026-08-05T06:12:03.770741+00:00,ripley_pe,tablets,20001009721,GENÉRICO,FUNDA CASE PARA IPAD AIR 11 M2 (2024) | AIR 11 M3 (2025),78.9,,23.27,2026-08-05,,PEN,,,Ripley PE,https://simple.ripley.com.pe/funda-case-para-ipad-air-11-m2-2024-air-11-m3-2025-pmp20001009721
20260805_055550,2026-08-05T06:12:03.770741+00:00,ripley_pe,tablets,20000589793,SAMSUNG,TECLADO SAMSUNG SLIM BOOK COVER KEYBOARD TAB S7 FE T730,849.9,,250.71,2026-08-05,,PEN,,,Ripley PE,https://simple.ripley.com.pe/teclado-samsung-slim-book-cover-keyboard-tab-s7-fe-t730-pmp20000589793
20260805_055550,2026-08-05T06:12:03.771741+00:00,ripley_pe,tablets,20000589118,SUPCASE,"CASE IPAD 5TA 6TA GEN SUPCASE 9.7"" FUNDA PROTECTOR 360°",224.9,,66.34,2026-08-05,,PEN,,,Ripley PE,https://simple.ripley.com.pe/case-ipad-5ta-6ta-gen-supcase-97-funda-protector-360-pmp20000589118
20260805_055550,2026-08-05T06:12:03.771741+00:00,ripley_pe,tablets,20001135561,SAMSUNG,SAMSUNG GALAXY TAB S10 FE PLUS 8' 128GB - TABLETA SAMSUNG CON GRAN RENDIMIENTO Y DISEÑO ELEGANTE,3339.0,5009.0,984.96,2026-08-05,33,PEN,,,Ripley PE,https://simple.ripley.com.pe/samsung-galaxy-tab-s10-fe-plus-8-128gb-tableta-samsung-con-gran-rendimiento-y-diseno-elegante-pmp20001135561
20260805_055550,2026-08-05T06:12:03.772741+00:00,ripley_pe,tablets,20000259958,GENÉRICO,MICA PARA SAMSUNG TAB S6 LITE 10.4' - P610 - P613 - P615 HYDROGEL,59.9,79.9,17.67,2026-08-05,25,PEN,,,Ripley PE,https://simple.ripley.com.pe/mica-para-samsung-tab-s6-lite-104-p610-p613-p615-hydrogel-pmp20000259958
20260805_055550,2026-08-05T06:12:03.772741+00:00,ripley_pe,tablets,20001352630,APPLE,NUEVO APPLE IPAD AIR 11″ CHIP M4 WIFI 128GB - STARLIGHT ( 2026 ) + REGALO,2999.0,3699.0,884.66,2026-08-05,19,PEN,,,Ripley PE,https://simple.ripley.com.pe/nuevo-apple-ipad-air-11-chip-m4-wifi-128gb-starlight-2026-regalo-pmp20001352630
20260805_055550,2026-08-05T06:12:03.773741+00:00,ripley_pe,tablets,20000589185,MOKO,CASE GALAXY TAB S5E 2019 T720 T725 MOKO PROTECTOR,129.6,,38.23,2026-08-05,,PEN,,,Ripley PE,https://simple.ripley.com.pe/case-galaxy-tab-s5e-2019-t720-t725-moko-protector-pmp20000589185
20260805_055550,2026-08-05T06:12:03.773741+00:00,ripley_pe,tablets,20001343956,HOCO,SOPORTE PARA LAPTOP DE ALUMINIO 360° PREMIUM HOCO PH52,109.0,149.0,32.15,2026-08-05,27,PEN,,,Ripley PE,https://simple.ripley.com.pe/soporte-para-laptop-de-aluminio-360-premium-hoco-ph52-pmp20001343956
20260805_055550,2026-08-05T06:12:03.774741+00:00,ripley_pe,tablets,20000384001,GENÉRICO,"TABLETA MÁGICA 8.5"" PIZARRA INTELIGENTE LCD",34.9,89.9,10.29,2026-08-05,61,PEN,,,Ripley PE,https://simple.ripley.com.pe/tableta-magica-85-pizarra-inteligente-lcd-pmp20000384001
20260805_055550,2026-08-05T06:12:03.775755+00:00,ripley_pe,tablets,20001352684,APPLE,NUEVO APPLE IPAD AIR 11″ CHIP M4 WIFI 128GB - STARLIGHT ( 2026 ) + PENCIL PRO + REGALO,3599.0,4499.0,1061.65,2026-08-05,20,PEN,,,Ripley PE,https://simple.ripley.com.pe/nuevo-apple-ipad-air-11-chip-m4-wifi-128gb-starlight-2026-pencil-pro-regalo-pmp20001352684
20260805_055550,2026-08-05T06:12:03.776742+00:00,ripley_pe,tablets,20001092749,UNALUKA,TABLET BOOX TAB ULTRA C PRO 128GB CÁMARA 16MP,3095.0,3714.0,912.98,2026-08-05,17,PEN,,,Ripley PE,https://simple.ripley.com.pe/tablet-boox-tab-ultra-c-pro-128gb-camara-16mp-pmp20001092749
20260805_055550,2026-08-05T06:12:03.777741+00:00,ripley_pe,tablets,20000323258,AILUN,LAPIZ PARA IPAD AIR 6 M2 Y PRO 11 Y 13 M4 MAGNETICO PALMA,49.0,,14.45,2026-08-05,,PEN,,,Ripley PE,https://simple.ripley.com.pe/lapiz-para-ipad-air-6-m2-y-pro-11-y-13-m4-magnetico-palma-pmp20000323258
20260805_055550,2026-08-05T06:12:03.777741+00:00,ripley_pe,tablets,20001467997,WACOM,LÁPIZ WACOM LP1100K PEN 4K INCLUYE 3 PUNTAS PARA CTL4100 CTL6100,189.0,230.0,55.75,2026-08-05,18,PEN,,,Ripley PE,https://simple.ripley.com.pe/lapiz-wacom-lp1100k-pen-4k-incluye-3-puntas-para-ctl4100-ctl6100-pmp20001467997
20260805_055550,2026-08-05T06:12:03.778741+00:00,ripley_pe,tablets,20001407636,XIAOMI,TABLET XIAOMI REDMI PAD 2 PRO 12.1' 8GB RAM 256GB – SILVER,1459.0,1999.0,430.38,2026-08-05,27,PEN,,,Ripley PE,https://simple.ripley.com.pe/tablet-xiaomi-redmi-pad-2-pro-121-8gb-ram-256gb-silver-pmp20001407636
20260805_055550,2026-08-05T06:12:03.779741+00:00,ripley_pe,tablets,20001478202,APPLE,APPLE MAGIC KEYBOARD IPAD PRO 13' CHIP M5 WHITE ESPAÑOL,1699.0,1999.0,501.18,2026-08-05,15,PEN,,,Ripley PE,https://simple.ripley.com.pe/apple-magic-keyboard-ipad-pro-13-chip-m5-white-espanol-pmp20001478202
20260805_055550,2026-08-05T06:12:03.779741+00:00,ripley_pe,tablets,20000687017,AMAZON ANDES,TABLET AMAZON ANDES 16GB KINDLE PAPERWHITE PANTALLA AVANZADA Y BATERÍA LARGA DURACIÓN. FRAMBUESA,850.0,1020.0,250.74,2026-08-05,17,PEN,,,Ripley PE,https://simple.ripley.com.pe/tablet-amazon-andes-16gb-kindle-paperwhite-pantalla-avanzada-y-bateria-larga-duracion-frambuesa-pmp20000687017
20260805_055550,2026-08-05T06:12:03.780753+00:00,ripley_pe,tablets,20001273345,GENÉRICO,TECLADO PORTÁTIL TOUCHFOLD PARA GALAXY TAB S11 ULTRA X930,285.9,,84.34,2026-08-05,,PEN,,,Ripley PE,https://simple.ripley.com.pe/teclado-portatil-touchfold-para-galaxy-tab-s11-ultra-x930-pmp20001273345
20260805_055550,2026-08-05T06:12:03.780753+00:00,ripley_pe,tablets,20000547827,GENÉRICO,TABLETA GRÁFICA 13.3 PRO XP-PEN ARTIST DIBUJO DIGITAL,1539.0,1899.0,453.98,2026-08-05,19,PEN,,,Ripley PE,https://simple.ripley.com.pe/tableta-grafica-133-pro-xp-pen-artist-dibujo-digital-pmp20000547827
20260805_055550,2026-08-05T06:12:03.781753+00:00,ripley_pe,tablets,20001240962,APPLE,(REACONDICIONADO) APPLE IPAD 2021 10.2' 256GB WI-FI + CELULAR | PLATEADO,1589.0,2279.0,468.73,2026-08-05,30,PEN,,,Ripley PE,https://simple.ripley.com.pe/reacondicionado-apple-ipad-2021-102-256gb-wi-fi-celular-plateado-pmp20001240962
20260805_055550,2026-08-05T06:12:03.781753+00:00,ripley_pe,tablets,20000456560,GENÉRICO,SOPORTE BRAZO MOVIBLE TABLET Y CELULAR METALICO AJUSTABLE,32.9,51.9,9.71,2026-08-05,37,PEN,,,Ripley PE,https://simple.ripley.com.pe/soporte-brazo-movible-tablet-y-celular-metalico-ajustable-pmp20000456560
20260805_055550,2026-08-05T06:12:03.782753+00:00,ripley_pe,tablets,20001273325,GENÉRICO,MICA PROTECTOR PANTALLA PARA GALAXY TAB A11 PLUS X230 X236,59.5,,17.55,2026-08-05,,PEN,,,Ripley PE,https://simple.ripley.com.pe/mica-protector-pantalla-para-galaxy-tab-a11-plus-x230-x236-pmp20001273325
20260805_055550,2026-08-05T06:12:03.782753+00:00,ripley_pe,tablets,20000589957,SAMSUNG,CARGADOR SAMSUNG  25WATTS PARA GALAXY TAB S10 11 X720 X726,149.5,,44.1,2026-08-05,,PEN,,,Ripley PE,https://simple.ripley.com.pe/cargador-samsung-25watts-para-galaxy-tab-s10-11-x720-x726-pmp20000589957
20260805_055550,2026-08-05T06:12:03.783753+00:00,ripley_pe,tablets,20000305597,AILUN,PUNTA LÁPIZ AILUN TIP APPLE PENCIL PRO APPLE USB C PACK X4 + COBERTOR,42.0,,12.39,2026-08-05,,PEN,,,Ripley PE,https://simple.ripley.com.pe/punta-lapiz-ailun-tip-apple-pencil-pro-apple-usb-c-pack-x4-cobertor-pmp20000305597
20260805_055550,2026-08-05T06:12:03.783753+00:00,ripley_pe,tablets,20001467836,GENÉRICO,FUNDA PARA HONOR PAD X7 8.7' - SILICONA SOFT ANTISHOCK ROSADO,79.9,99.9,23.57,2026-08-05,20,PEN,,,Ripley PE,https://simple.ripley.com.pe/funda-para-honor-pad-x7-87-silicona-soft-antishock-rosado-pmp20001467836
20260805_055550,2026-08-05T06:12:03.784753+00:00,ripley_pe,tablets,20000879325,100FIT,"PUNTAS REPUESTO METAL PARA S PEN GALAXY TAB S10 FE, FE PLUS",42.0,,12.39,2026-08-05,,PEN,,,Ripley PE,https://simple.ripley.com.pe/puntas-repuesto-metal-para-s-pen-galaxy-tab-s10-fe-fe-plus-pmp20000879325
20260805_055550,2026-08-05T06:12:03.784753+00:00,ripley_pe,tablets,20000339758,SAMSUNG,CASE SAMSUNG GALAXY S22 WHITE STRAP SILICON,39.9,99.0,11.77,2026-08-05,60,PEN,,,Ripley PE,https://simple.ripley.com.pe/case-samsung-galaxy-s22-white-strap-silicon-pmp20000339758
20260805_055550,2026-08-05T06:12:03.785753+00:00,ripley_pe,tablets,20000204493,GENÉRICO,LÁPIZ ANDROID 2022 PEN STYLUS SAMSUNG GALAXY TAB S6 LITE NEGRO,49.0,101.99,14.45,2026-08-05,52,PEN,,,Ripley PE,https://simple.ripley.com.pe/lapiz-android-2022-pen-stylus-samsung-galaxy-tab-s6-lite-negro-pmp20000204493
20260805_055550,2026-08-05T06:12:03.785753+00:00,ripley_pe,tablets,20000866856,OEMGENUINE,MAGIC KEYBOARD 360° PARA IPAD AIR 4 Y AIR 5 (10.9') - NEGRO,499.0,,147.2,2026-08-05,,PEN,,,Ripley PE,https://simple.ripley.com.pe/magic-keyboard-360-para-ipad-air-4-y-air-5-109-negro-pmp20000866856
20260805_055550,2026-08-05T06:12:03.786753+00:00,ripley_pe,tablets,20001175731,APPLE,IPAD PRO 13' (2025) M5 2TB (WI-FI + CELLULAR) - GLASS NANOTEXTURIZADO APPLE | SILVER,12699.0,14609.0,3746.02,2026-08-05,13,PEN,,,Ripley PE,https://simple.ripley.com.pe/ipad-pro-13-2025-m5-2tb-wi-fi-cellular-glass-nanotexturizado-apple-silver-pmp20001175731
20260805_055550,2026-08-05T06:12:03.786753+00:00,ripley_pe,tablets,20000084219,GENÉRICO,CASE SAMSUNG NOTE 10 PLUS SPACE,29.99,40.0,8.85,2026-08-05,25,PEN,,,Ripley PE,https://simple.ripley.com.pe/case-samsung-note-10-plus-space-pmp20000084219
20260805_055550,2026-08-05T06:12:03.787753+00:00,ripley_pe,tablets,20001284243,APPLE,IPAD PRO 13″ CHIP M5 256GB WI-FI (2025) - SPACE BLACK,5399.0,6599.0,1592.63,2026-08-05,18,PEN,,,Ripley PE,https://simple.ripley.com.pe/ipad-pro-13-chip-m5-256gb-wi-fi-2025-space-black-pmp20001284243
20260805_055550,2026-08-05T06:12:03.787753+00:00,ripley_pe,tablets,20001387121,GENÉRICO,LAMINA DE HIDROGEL FILM HD PARA SAMSUNG TAB S10 LITE,32.0,65.0,9.44,2026-08-05,51,PEN,,,Ripley PE,https://simple.ripley.com.pe/lamina-de-hidrogel-film-hd-para-samsung-tab-s10-lite-pmp20001387121
20260805_055550,2026-08-05T06:12:03.788753+00:00,ripley_pe,tablets,20000203223,GENÉRICO,LÁPIZ TÁCTIL PEN TOUCH OPTICO PARA PANTALLA TÁCTILES BOLIGRAFO DIGITAL,49.9,70.0,14.72,2026-08-05,29,PEN,,,Ripley PE,https://simple.ripley.com.pe/lapiz-tactil-pen-touch-optico-para-pantalla-tactiles-boligrafo-digital-pmp20000203223
20260805_055550,2026-08-05T06:12:03.789753+00:00,ripley_pe,tablets,20001355179,APPLE,NUEVO IPAD AIR 13″ CHIP M4 128GB 8GB RAM CÁMARA 12MP WI-FI,3599.0,,1061.65,2026-08-05,,PEN,,,Ripley PE,https://simple.ripley.com.pe/nuevo-ipad-air-13-chip-m4-128gb-8gb-ram-camara-12mp-wi-fi-pmp20001355179
20260805_055550,2026-08-05T06:12:03.790754+00:00,ripley_pe,tablets,20001350976,APPLE,Nuevo Apple iPad Air 11″ Chip M4 Wifi 128GB - Starlight ( 2026 ) + Pencil Pro + REGALO,3599.0,4499.0,1061.65,2026-08-05,20,PEN,,,Ripley PE,https://simple.ripley.com.pe/nuevo-apple-ipad-air-11-chip-m4-wifi-128gb-starlight-2026-pencil-pro-regalo-pmp20001350976
20260805_055550,2026-08-05T06:12:03.790754+00:00,ripley_pe,tablets,20000798488,APPLE,iPad Mini (A17 Pro) WIFI 512GB Blue,3820.0,5720.0,1126.84,2026-08-05,33,PEN,,,Ripley PE,https://simple.ripley.com.pe/ipad-mini-a17-pro-wifi-512gb-blue-pmp20000798488
20260805_055550,2026-08-05T06:12:03.791760+00:00,ripley_pe,tablets,20000571560,ZAGG,LÁPIZ ÓPTICO STYLUS PRO 2 ZAGG PARA IPAD CON CARGA INALÁMBRICA COLOR BLANCO,199.0,,58.7,2026-08-05,,PEN,,,Ripley PE,https://simple.ripley.com.pe/lapiz-optico-stylus-pro-2-zagg-para-ipad-con-carga-inalambrica-color-blanco-pmp20000571560
20260805_055550,2026-08-05T06:12:03.791760+00:00,ripley_pe,tablets,20001245620,APPLE,LAPIZ APPLE PENCIL PRO PARA IAPD AIR PRO 13,699.0,799.0,206.19,2026-08-05,13,PEN,,,Ripley PE,https://simple.ripley.com.pe/lapiz-apple-pencil-pro-para-iapd-air-pro-13-pmp20001245620
20260805_055550,2026-08-05T06:12:03.792753+00:00,ripley_pe,tablets,20001008693,GENÉRICO,TECLADO PORTÁTIL BLUETOOTH PARA GALAXY TAB S10 FE 10.9 X520,126.32,,37.26,2026-08-05,,PEN,,,Ripley PE,https://simple.ripley.com.pe/teclado-portatil-bluetooth-para-galaxy-tab-s10-fe-109-x520-pmp20001008693
20260805_055550,2026-08-05T06:12:07.905834+00:00,ripley_pe,tablets,20001084488,GENÉRICO,CASE SPACE MAGSAFE IPHONE 15 PLUS,38.7,47.0,11.42,2026-08-05,18,PEN,,,Ripley PE,https://simple.ripley.com.pe/case-space-magsafe-iphone-15-plus-pmp20001084488
20260805_055550,2026-08-05T06:12:07.910834+00:00,ripley_pe,tablets,20000770205,LENOVO,LENOVO TAB P11 J606L (11' / 6GB RAM / 128GB / WIFI) LAPIZ + TECLADO,1999.0,,589.68,2026-08-05,,PEN,,,Ripley PE,https://simple.ripley.com.pe/lenovo-tab-p11-j606l-11-6gb-ram-128gb-wifi-lapiz-teclado-pmp20000770205
20260805_055550,2026-08-05T06:12:07.912834+00:00,ripley_pe,tablets,20001264639,LOGITECH,TECLADO LOGITECH COMBO TOUCH PARA IPAD A16 10MA 11VA GENERACION - INGLÉS,929.0,1099.0,274.04,2026-08-05,15,PEN,,,Ripley PE,https://simple.ripley.com.pe/teclado-logitech-combo-touch-para-ipad-a16-10ma-11va-generacion-ingles-pmp20001264639
20260805_055550,2026-08-05T06:12:07.913834+00:00,ripley_pe,tablets,20000814423,HUION PERÚ,TABLETA GRÁFICA DIGITAL HUION 420,145.0,,42.77,2026-08-05,,PEN,,,Ripley PE,https://simple.ripley.com.pe/tableta-grafica-digital-huion-420-pmp20000814423
20260805_055550,2026-08-05T06:12:07.913834+00:00,ripley_pe,tablets,20001377127,SAMSUNG,TABLET SAMSUNG GALAXY TAB S10 FE 10.9' 128GB WIFI | GRIS,2299.0,2989.0,678.17,2026-08-05,23,PEN,,,Ripley PE,https://simple.ripley.com.pe/tablet-samsung-galaxy-tab-s10-fe-109-128gb-wifi-gris-pmp20001377127
20260805_055550,2026-08-05T06:12:07.914841+00:00,ripley_pe,tablets,20000750315,GENÉRICO,FUNDA SMART CASE PARA IPAD AIR 11' 2024 CHIP M2 6TA GENERACIÓN - ROSA,49.99,79.0,14.75,2026-08-05,37,PEN,,,Ripley PE,https://simple.ripley.com.pe/funda-smart-case-para-ipad-air-11-2024-chip-m2-6ta-generacion-rosa-pmp20000750315
20260805_055550,2026-08-05T06:12:07.914841+00:00,ripley_pe,tablets,20000797907,APPLE,IPAD 11' (2025) 11VA GEN CHIP A16 (WI-FI + CELLULAR) APPLE 512GB,3799.0,5699.0,1120.65,2026-08-05,33,PEN,,,Ripley PE,https://simple.ripley.com.pe/ipad-11-2025-11va-gen-chip-a16-wi-fi-cellular-apple-512gb-pmp20000797907
20260805_055550,2026-08-05T06:12:07.915834+00:00,ripley_pe,tablets,20001467181,WACOM,LAPIZ DIGITAL PARA TABLETA WACOM ONE CP91300B2Z,248.9,290.0,73.42,2026-08-05,14,PEN,,,Ripley PE,https://simple.ripley.com.pe/lapiz-digital-para-tableta-wacom-one-cp91300b2z-pmp20001467181
20260805_055550,2026-08-05T06:12:07.916843+00:00,ripley_pe,tablets,20000798510,APPLE,iPad Mini (A17 Pro) WIFI+Celular 128GB Purple,3120.0,4915.0,920.35,2026-08-05,37,PEN,,,Ripley PE,https://simple.ripley.com.pe/ipad-mini-a17-pro-wificelular-128gb-purple-pmp20000798510
20260805_055550,2026-08-05T06:12:07.916843+00:00,ripley_pe,tablets,20001175722,APPLE,IPAD PRO 11' (2025) M5 2TB (WI-FI + CELLULAR) APPLE | SPACE BLACK,11499.0,13229.0,3392.04,2026-08-05,13,PEN,,,Ripley PE,https://simple.ripley.com.pe/ipad-pro-11-2025-m5-2tb-wi-fi-cellular-apple-space-black-pmp20001175722
20260805_055550,2026-08-05T06:12:07.917834+00:00,ripley_pe,tablets,20001275952,GENÉRICO,FUNDA PARA LENOVO TAB PLUS 11.5' IMANTADA ANTISHOCK NEGRO ANTISHOCK,94.9,119.9,27.99,2026-08-05,21,PEN,,,Ripley PE,https://simple.ripley.com.pe/funda-para-lenovo-tab-plus-115-imantada-antishock-negro-antishock-pmp20001275952
20260805_055550,2026-08-05T06:12:07.918834+00:00,ripley_pe,tablets,20001352657,APPLE,NUEVO APPLE IPAD AIR 11″ CHIP M4 WIFI 128GB - STARLIGHT ( 2026 ) + PENCIL PRO + REGALO,3599.0,4499.0,1061.65,2026-08-05,20,PEN,,,Ripley PE,https://simple.ripley.com.pe/nuevo-apple-ipad-air-11-chip-m4-wifi-128gb-starlight-2026-pencil-pro-regalo-pmp20001352657
20260805_055550,2026-08-05T06:12:07.919834+00:00,ripley_pe,tablets,20001175706,APPLE,IPAD PRO 13' (2025) M5 1TB (WI-FI + CELLULAR) - GLASS NANOTEXTURIZADO APPLE | SILVER,13739.0,19629.0,4052.8,2026-08-05,30,PEN,,,Ripley PE,https://simple.ripley.com.pe/ipad-pro-13-2025-m5-1tb-wi-fi-cellular-glass-nanotexturizado-apple-silver-pmp20001175706
20260805_055550,2026-08-05T06:12:07.920834+00:00,ripley_pe,tablets,20001355786,APPLE,IPAD AIR 13' (2026) CHIP M4 WIFI - 1TB | STARLIGHT,6899.0,7939.0,2035.1,2026-08-05,13,PEN,,,Ripley PE,https://simple.ripley.com.pe/ipad-air-13-2026-chip-m4-wifi-1tb-starlight-pmp20001355786
20260805_055550,2026-08-05T06:12:07.921834+00:00,ripley_pe,tablets,20001175739,APPLE,IPAD PRO 11' (2025) M5 256GB (WI-FI + CELLULAR) APPLE | SILVER,6199.0,7129.0,1828.61,2026-08-05,13,PEN,,,Ripley PE,https://simple.ripley.com.pe/ipad-pro-11-2025-m5-256gb-wi-fi-cellular-apple-silver-pmp20001175739
20260805_055550,2026-08-05T06:12:07.922834+00:00,ripley_pe,tablets,20001355792,APPLE,IPAD AIR 13' (2026) CHIP M4 WIFI + CELLULAR - 128GB | STARLIGHT,5099.0,5869.0,1504.13,2026-08-05,13,PEN,,,Ripley PE,https://simple.ripley.com.pe/ipad-air-13-2026-chip-m4-wifi-cellular-128gb-starlight-pmp20001355792
20260805_055550,2026-08-05T06:12:07.923847+00:00,ripley_pe,tablets,20001294890,GENÉRICO,FUNDA PARA LENOVO IDEA TAB PRO 12.7' IMANTADA AZUL ANTISHOCK,94.9,119.9,27.99,2026-08-05,21,PEN,,,Ripley PE,https://simple.ripley.com.pe/funda-para-lenovo-idea-tab-pro-127-imantada-azul-antishock-pmp20001294890
20260805_055550,2026-08-05T06:12:07.923847+00:00,ripley_pe,tablets,20001355783,APPLE,IPAD AIR 11' (2026) CHIP M4 WIFI - 1TB | PURPLE,5999.0,6899.0,1769.62,2026-08-05,13,PEN,,,Ripley PE,https://simple.ripley.com.pe/ipad-air-11-2026-chip-m4-wifi-1tb-purple-pmp20001355783
20260805_055550,2026-08-05T06:12:07.924846+00:00,ripley_pe,tablets,20001172307,AILUN,"PUNTA REPUESTO METAL PARA S PEN TAB S10 LITE, S11, S11 ULTRA",42.0,62.0,12.39,2026-08-05,32,PEN,,,Ripley PE,https://simple.ripley.com.pe/punta-repuesto-metal-para-s-pen-tab-s10-lite-s11-s11-ultra-pmp20001172307
20260805_055550,2026-08-05T06:12:07.928846+00:00,ripley_pe,tablets,20001216840,LENOVO,"TABLET LENOVO IDEA TAB 11' 2.5K IPS, 8GB RAM, 128GB UFS - RENDIMIENTO Y CALIDAD DE PANTALLA EXCEPCIONALES",1209.0,1819.0,356.64,2026-08-05,34,PEN,,,Ripley PE,https://simple.ripley.com.pe/tablet-lenovo-idea-tab-11-25k-ips-8gb-ram-128gb-ufs-rendimiento-y-calidad-de-pantalla-excepcionales-pmp20001216840
20260805_055550,2026-08-05T06:12:07.929846+00:00,ripley_pe,tablets,00002087279,SEISA,TECLADO BLUETOOTH SEISA INALÁMBRICO MARCA BK3001 BLANCO SLIM,34.9,50.0,10.29,2026-08-05,30,PEN,,,Ripley PE,https://simple.ripley.com.pe/teclado-bluetooth-seisa-inalambrico-marca-bk3001-blanco-slim-pmp00002087279
20260805_055550,2026-08-05T06:12:07.929846+00:00,ripley_pe,tablets,20001273269,GENÉRICO,FUNDA CASE PARA IPAD PRO 13 M5 (2025) A3360 A3361 PROTECTOR,95.9,,28.29,2026-08-05,,PEN,,,Ripley PE,https://simple.ripley.com.pe/funda-case-para-ipad-pro-13-m5-2025-a3360-a3361-protector-pmp20001273269
20260805_055550,2026-08-05T06:12:07.930853+00:00,ripley_pe,tablets,20000590965,SAMSUNG,TECLADO SAMSUNG BOOK COVER KEYBOARD GALAXY TAB S3 T820,339.9,,100.27,2026-08-05,,PEN,,,Ripley PE,https://simple.ripley.com.pe/teclado-samsung-book-cover-keyboard-galaxy-tab-s3-t820-pmp20000590965
20260805_055550,2026-08-05T06:12:12.564362+00:00,ripley_pe,tablets,20001184369,OEMGENUINE,MAGIC KEYBOARD PARA IPAD PRO 11' (1RA GEN A 4TA GEN) ALTERNATIVO PREMIUM - BLANCO,479.0,,141.3,2026-08-05,,PEN,,,Ripley PE,https://simple.ripley.com.pe/magic-keyboard-para-ipad-pro-11-1ra-gen-a-4ta-gen-alternativo-premium-blanco-pmp20001184369
20260805_055550,2026-08-05T06:12:12.565362+00:00,ripley_pe,tablets,20000701147,GENÉRICO,CASE IPHONE 16 PRO MAX SILICONA ROJO,29.99,33.0,8.85,2026-08-05,9,PEN,,,Ripley PE,https://simple.ripley.com.pe/case-iphone-16-pro-max-silicona-rojo-pmp20000701147
20260805_055550,2026-08-05T06:12:12.570361+00:00,ripley_pe,tablets,20000589951,SAMSUNG,LÁPIZ SAMSUNG S-PEN GALAXY TAB S9 ULTRA X910 STYLUS ORIGINAL,389.5,,114.9,2026-08-05,,PEN,,,Ripley PE,https://simple.ripley.com.pe/lapiz-samsung-s-pen-galaxy-tab-s9-ultra-x910-stylus-original-pmp20000589951
20260805_055550,2026-08-05T06:12:12.570361+00:00,ripley_pe,tablets,20001009445,GENÉRICO,CASE FUNDA PARA GALAXY TAB S9 11 X710 / TAB S9 FE 10.9 X510,69.9,,20.62,2026-08-05,,PEN,,,Ripley PE,https://simple.ripley.com.pe/case-funda-para-galaxy-tab-s9-11-x710-tab-s9-fe-109-x510-pmp20001009445
20260805_055550,2026-08-05T06:12:12.571362+00:00,ripley_pe,tablets,20000344942,APPLE,IPAD MINI 256GB PINK,4760.73,8093.25,1404.35,2026-08-05,41,PEN,,,Ripley PE,https://simple.ripley.com.pe/ipad-mini-256gb-pink-pmp20000344942
20260805_055550,2026-08-05T06:12:12.571362+00:00,ripley_pe,tablets,20001143243,APPLE,IPAD 11 APPLE 128GB SILVER WI-FI CON CHIP A16,1699.0,1999.0,501.18,2026-08-05,15,PEN,,,Ripley PE,https://simple.ripley.com.pe/ipad-11-apple-128gb-silver-wi-fi-con-chip-a16-pmp20001143243
20260805_055550,2026-08-05T06:12:12.573362+00:00,ripley_pe,tablets,20001324096,TCL,TABLET TCL NXTAPPER 14.3 256GB 8GB NEGRO,1621.0,1751.0,478.17,2026-08-05,7,PEN,,,Ripley PE,https://simple.ripley.com.pe/tablet-tcl-nxtapper-143-256gb-8gb-negro-pmp20001324096
20260805_055550,2026-08-05T06:12:12.574362+00:00,ripley_pe,tablets,20001426554,APPLE,IPAD AIR 11' M4 128GB WIFI - SPACE GRAY,2899.0,3499.0,855.16,2026-08-05,17,PEN,,,Ripley PE,https://simple.ripley.com.pe/ipad-air-11-m4-128gb-wifi-space-gray-pmp20001426554
20260805_055550,2026-08-05T06:12:12.577868+00:00,ripley_pe,tablets,20001122302,SAMSUNG,CASE IMANTADO PARA TABLET SAMSUNG GALAXY TAB S9-S9 FE -MORADO,59.99,,17.7,2026-08-05,,PEN,,,Ripley PE,https://simple.ripley.com.pe/case-imantado-para-tablet-samsung-galaxy-tab-s9-s9-fe-morado-pmp20001122302
20260805_055550,2026-08-05T06:12:12.577868+00:00,ripley_pe,tablets,20001464257,HUAWEI,TABLET HUAWEI MATE PAD 12X 12' 256GB 12GB BLANCO,2043.0,2206.0,602.65,2026-08-05,7,PEN,,,Ripley PE,https://simple.ripley.com.pe/tablet-huawei-mate-pad-12x-12-256gb-12gb-blanco-pmp20001464257
20260805_055550,2026-08-05T06:12:12.578870+00:00,ripley_pe,tablets,20000701148,GENÉRICO,CASE IPHONE 16 PRO SILICONA NARANJA,29.99,33.0,8.85,2026-08-05,9,PEN,,,Ripley PE,https://simple.ripley.com.pe/case-iphone-16-pro-silicona-naranja-pmp20000701148
20260805_055550,2026-08-05T06:12:12.579870+00:00,ripley_pe,tablets,20001355779,APPLE,IPAD AIR 13' (2026) CHIP M4 WIFI + CELLULAR - 256GB | PURPLE,5399.0,6209.0,1592.63,2026-08-05,13,PEN,,,Ripley PE,https://simple.ripley.com.pe/ipad-air-13-2026-chip-m4-wifi-cellular-256gb-purple-pmp20001355779
20260805_055550,2026-08-05T06:12:12.579870+00:00,ripley_pe,tablets,20001293825,APPLE,IPAD PRO 13″ CHIP M5 256GB WI-FI (2025) - SPACE BLACK + PENCIL PRO + REGALO,5999.0,6499.0,1769.62,2026-08-05,8,PEN,,,Ripley PE,https://simple.ripley.com.pe/ipad-pro-13-chip-m5-256gb-wi-fi-2025-space-black-pencil-pro-regalo-pmp20001293825
20260805_055550,2026-08-05T06:12:12.580870+00:00,ripley_pe,tablets,20001520091,NOKIA,TABLET NOKIA T10 64GB | AZUL OCÉANO,775.0,1109.0,228.61,2026-08-05,30,PEN,,,Ripley PE,https://simple.ripley.com.pe/tablet-nokia-t10-64gb-azul-oceano-pmp20001520091
20260805_055550,2026-08-05T06:12:12.581870+00:00,ripley_pe,tablets,20001491691,HUAWEI,"TABLET HUAWEI HUAWEI MATEPAD 11.5 2025 PAPERMATTE + TECLADO, LÁPIZ Y MOUSE 11.5' 256GB 8GB GRIS",1943.0,2098.0,573.16,2026-08-05,7,PEN,,,Ripley PE,https://simple.ripley.com.pe/tablet-huawei-huawei-matepad-115-2025-papermatte-teclado-lapiz-y-mouse-115-256gb-8gb-gris-pmp20001491691
20260805_055550,2026-08-05T06:12:12.582870+00:00,ripley_pe,tablets,20000847421,ZAGG,TECLADO CON FUNDA ZAGG PRO KEYS 2 PARA IPAD PRO 11 (M4) INALÁMBRICO,395.9,405.9,116.78,2026-08-05,2,PEN,,,Ripley PE,https://simple.ripley.com.pe/teclado-con-funda-zagg-pro-keys-2-para-ipad-pro-11-m4-inalambrico-pmp20000847421
20260805_055550,2026-08-05T06:12:12.582870+00:00,ripley_pe,tablets,20001274487,GENÉRICO,FUNDA CON TECLADO TOUCH LENOVO XIAOXIN PAD 11 2025 NEGRO,209.9,239.9,61.92,2026-08-05,13,PEN,,,Ripley PE,https://simple.ripley.com.pe/funda-con-teclado-touch-lenovo-xiaoxin-pad-11-2025-negro-pmp20001274487
20260805_055550,2026-08-05T06:12:12.582870+00:00,ripley_pe,tablets,20000414782,APPLE,LÁPIZ APPLE PENCIL PRO,619.0,829.0,182.6,2026-08-05,25,PEN,,,Ripley PE,https://simple.ripley.com.pe/lapiz-apple-pencil-pro-pmp20000414782
20260805_055550,2026-08-05T06:12:12.583870+00:00,ripley_pe,tablets,20000701135,GENÉRICO,CASE IPHONE 16 PRO SILICONA AZUL OSCURO,29.99,33.0,8.85,2026-08-05,9,PEN,,,Ripley PE,https://simple.ripley.com.pe/case-iphone-16-pro-silicona-azul-oscuro-pmp20000701135
20260805_055550,2026-08-05T06:12:12.584870+00:00,ripley_pe,tablets,20000752761,LOGITECH,TECLADO LOGITECH COMBO TOUCH PARA IPAD PRO 13 M4 A2925 A2926,1399.5,,412.83,2026-08-05,,PEN,,,Ripley PE,https://simple.ripley.com.pe/teclado-logitech-combo-touch-para-ipad-pro-13-m4-a2925-a2926-pmp20000752761
20260805_055550,2026-08-05T06:12:12.584870+00:00,ripley_pe,tablets,20000084272,GENÉRICO,CASE SAMSUNG A30S SPACE,29.99,40.0,8.85,2026-08-05,25,PEN,,,Ripley PE,https://simple.ripley.com.pe/case-samsung-a30s-space-pmp20000084272
20260805_055550,2026-08-05T06:12:12.584870+00:00,ripley_pe,tablets,20001009090,RINGKE,MICA DE VIDRIO RINGKE EASY SLIDE PARA GALAXY S25 PLUS 2-PACK,75.9,,22.39,2026-08-05,,PEN,,,Ripley PE,https://simple.ripley.com.pe/mica-de-vidrio-ringke-easy-slide-para-galaxy-s25-plus-2-pack-pmp20001009090
20260805_055550,2026-08-05T06:12:12.586374+00:00,ripley_pe,tablets,20000382149,SEISA,MANDO SEISA SJ-A1006 BLUETOOTH JOYSTICK PARA SMARTPHONES TABLET TV BOX SMART TV,54.9,84.9,16.19,2026-08-05,35,PEN,,,Ripley PE,https://simple.ripley.com.pe/mando-seisa-sj-a1006-bluetooth-joystick-para-smartphones-tablet-tv-box-smart-tv-pmp20000382149
20260805_055550,2026-08-05T06:12:12.586374+00:00,ripley_pe,tablets,20000589107,SAMSUNG,"CASE GALAXY TAB A 2016 T280 SAMSUNG 7"" BOOK COVER",134.9,,39.79,2026-08-05,,PEN,,,Ripley PE,https://simple.ripley.com.pe/case-galaxy-tab-a-2016-t280-samsung-7-book-cover-pmp20000589107
20260805_055550,2026-08-05T06:12:12.587381+00:00,ripley_pe,tablets,20000204430,GENÉRICO,LÁPIZ PARA IPAD RECHAZO DE PALMA MAGNÉTICO STYLUS BATERÍA LARGA,49.0,81.99,14.45,2026-08-05,40,PEN,,,Ripley PE,https://simple.ripley.com.pe/lapiz-para-ipad-rechazo-de-palma-magnetico-stylus-bateria-larga-pmp20000204430
20260805_055550,2026-08-05T06:12:12.587381+00:00,ripley_pe,tablets,20001255785,GENÉRICO,FUNDA CON TECLADO TOUCH PARA LENOVO TAB M11 11' NEGRO RESISTENTE,209.9,239.9,61.92,2026-08-05,13,PEN,,,Ripley PE,https://simple.ripley.com.pe/funda-con-teclado-touch-para-lenovo-tab-m11-11-negro-resistente-pmp20001255785
20260805_055550,2026-08-05T06:12:12.588380+00:00,ripley_pe,tablets,20001360924,BOOX,"BOOX TABLET TAB XC CON PANTALLA EPAPER A COLOR, 128GB ALMACENAMIENTO, 6GB RAM, ANDROID 13",4160.0,4992.0,1227.14,2026-08-05,17,PEN,,,Ripley PE,https://simple.ripley.com.pe/boox-tablet-tab-xc-con-pantalla-epaper-a-color-128gb-almacenamiento-6gb-ram-android-13-pmp20001360924
20260805_055550,2026-08-05T06:12:12.589380+00:00,ripley_pe,tablets,00002843119,GENÉRICO,CARGADOR COMPATIBLE LAPTOP DELL 195V 334A PUNTA 74-50MM 65W 195V334A 19 5V SANTOFA ELECTRONICS,150.0,270.0,44.25,2026-08-05,44,PEN,,,Ripley PE,https://simple.ripley.com.pe/cargador-compatible-laptop-dell-195v-334a-punta-74-50mm-65w-195v334a-19-5v-santofa-electronics-pmp00002843119
20260805_055550,2026-08-05T06:12:12.589380+00:00,ripley_pe,tablets,20001207763,SAMSUNG,TABLET SAMSUNG GALAXY TAB S11 ULTRA GRAY 512GB SM-X930NZAHPEO,5569.0,6499.0,1642.77,2026-08-05,14,PEN,,,Ripley PE,https://simple.ripley.com.pe/tablet-samsung-galaxy-tab-s11-ultra-gray-512gb-sm-x930nzahpeo-pmp20001207763
20260805_055550,2026-08-05T06:12:12.590383+00:00,ripley_pe,tablets,20001324166,SAMSUNG,TABLET SAMSUNG GALAXY TAB S10 FE+ 128GB GRAY,2899.0,3049.0,855.16,2026-08-05,5,PEN,,,Ripley PE,https://simple.ripley.com.pe/tablet-samsung-galaxy-tab-s10-fe-128gb-gray-pmp20001324166
20260805_055550,2026-08-05T06:12:12.591381+00:00,ripley_pe,tablets,20000836745,SAMSUNG,TABLET SAMSUNG GALAXY TAB S10 FE+ 128GB BLUE,2899.0,3049.0,855.16,2026-08-05,5,PEN,,,Ripley PE,https://simple.ripley.com.pe/tablet-samsung-galaxy-tab-s10-fe-128gb-blue-pmp20000836745
20260805_055550,2026-08-05T06:12:16.491694+00:00,ripley_pe,tablets,20001502332,LENOVO,TABLET LENOVO TB311XU TAB + FOLIO CASE 10.1 4G LTE 4GB 128GB GRIS OSCURO,675.45,727.4,199.25,2026-08-05,7,PEN,,,Ripley PE,https://simple.ripley.com.pe/tablet-lenovo-tb311xu-tab-folio-case-101-4g-lte-4gb-128gb-gris-oscuro-pmp20001502332
20260805_055550,2026-08-05T06:12:16.492694+00:00,ripley_pe,tablets,20001255503,HONOR,TABLET HONOR PAD X7 4GB RAM 128GB GRIS,449.0,549.0,132.45,2026-08-05,18,PEN,,,Ripley PE,https://simple.ripley.com.pe/tablet-honor-pad-x7-4gb-ram-128gb-gris-pmp20001255503
20260805_055550,2026-08-05T06:12:16.493694+00:00,ripley_pe,tablets,20001207755,SAMSUNG,TABLET SAMSUNG GALAXY TAB S11 SILVER 128GB SM-X730NZSDPEO,3519.0,4099.0,1038.05,2026-08-05,14,PEN,,,Ripley PE,https://simple.ripley.com.pe/tablet-samsung-galaxy-tab-s11-silver-128gb-sm-x730nzsdpeo-pmp20001207755
20260805_055550,2026-08-05T06:12:16.494694+00:00,ripley_pe,tablets,20001449770,AMAZON,KINDLE E-READER AMAZON PAPERWHITE 32GB,1019.0,1459.0,300.59,2026-08-05,30,PEN,,,Ripley PE,https://simple.ripley.com.pe/kindle-e-reader-amazon-paperwhite-32gb-pmp20001449770
20260805_055550,2026-08-05T06:12:16.495688+00:00,ripley_pe,tablets,20000280628,GENÉRICO,"CASE CON TECLADO IPAD 7MA 8VA 9NA OEM 10.2"" BLUETOOTH NEGRO + PORTAPENCIL",139.9,,41.27,2026-08-05,,PEN,,,Ripley PE,https://simple.ripley.com.pe/case-con-teclado-ipad-7ma-8va-9na-oem-102-bluetooth-negro-portapencil-pmp20000280628
20260805_055550,2026-08-05T06:12:16.495688+00:00,ripley_pe,tablets,20001462706,ALL SOUND,PORTA CELULAR / TABLET ALL SOUND MC-TLB34,48.0,88.0,14.16,2026-08-05,45,PEN,,,Ripley PE,https://simple.ripley.com.pe/porta-celular-tablet-all-sound-mc-tlb34-pmp20001462706
20260805_055550,2026-08-05T06:12:16.496688+00:00,ripley_pe,tablets,20000589125,SUPCASE,"CASE GALAXY TAB S7 T870 T875 SUPCASE 11"" PROTECTOR 360°",244.9,,72.24,2026-08-05,,PEN,,,Ripley PE,https://simple.ripley.com.pe/case-galaxy-tab-s7-t870-t875-supcase-11-protector-360-pmp20000589125
20260805_055550,2026-08-05T06:12:16.496688+00:00,ripley_pe,tablets,20000711788,GENÉRICO,FUNDA CON TECLADO TOUCH PARA SAMSUNG TAB S7 PLUS AZUL RESISTENTE,209.9,239.9,61.92,2026-08-05,13,PEN,,,Ripley PE,https://simple.ripley.com.pe/funda-con-teclado-touch-para-samsung-tab-s7-plus-azul-resistente-pmp20000711788
20260805_055550,2026-08-05T06:12:16.497687+00:00,ripley_pe,tablets,20000588507,SUPCASE,"CASE IPAD 10MA GEN 2022 SUPCASE 10.9"" FUNDA 360° MIL-STD",238.9,,70.47,2026-08-05,,PEN,,,Ripley PE,https://simple.ripley.com.pe/case-ipad-10ma-gen-2022-supcase-109-funda-360-mil-std-pmp20000588507
20260805_055550,2026-08-05T06:12:16.498687+00:00,ripley_pe,tablets,20001273281,GENÉRICO,SMART CASE PARA IPAD PRO 11 M4 (2024) | M5 (2025) CLEAR,75.9,,22.39,2026-08-05,,PEN,,,Ripley PE,https://simple.ripley.com.pe/smart-case-para-ipad-pro-11-m4-2024-m5-2025-clear-pmp20001273281
20260805_055550,2026-08-05T06:12:16.498687+00:00,ripley_pe,tablets,20001074677,GENÉRICO,FUNDA PARA HONOR PAD X9 11.5' FLIPCOVER GIRATORIA FUCSIA,59.9,89.9,17.67,2026-08-05,33,PEN,,,Ripley PE,https://simple.ripley.com.pe/funda-para-honor-pad-x9-115-flipcover-giratoria-fucsia-pmp20001074677
20260805_055550,2026-08-05T06:12:16.500704+00:00,ripley_pe,tablets,20000814649,XO,SOPORTE MAGNÉTICO GIRATORIO DE 360° MAGSAFE XO C158,49.0,80.0,14.45,2026-08-05,39,PEN,,,Ripley PE,https://simple.ripley.com.pe/soporte-magnetico-giratorio-de-360-magsafe-xo-c158-pmp20000814649
20260805_055550,2026-08-05T06:12:16.503711+00:00,ripley_pe,tablets,20000676031,GENÉRICO,CASE IPHONE 16 SILICONA ROSADO,29.99,33.0,8.85,2026-08-05,9,PEN,,,Ripley PE,https://simple.ripley.com.pe/case-iphone-16-silicona-rosado-pmp20000676031
20260805_055550,2026-08-05T06:12:16.505708+00:00,ripley_pe,tablets,20000588571,SUPCASE,"CASE IPAD PRO M2 2022 4GEN SUPCASE 11"" PROTECTOR 360°",239.9,,70.77,2026-08-05,,PEN,,,Ripley PE,https://simple.ripley.com.pe/case-ipad-pro-m2-2022-4gen-supcase-11-protector-360-pmp20000588571
20260805_055550,2026-08-05T06:12:16.506702+00:00,ripley_pe,tablets,20001461193,HUAWEI,HUAWEI MATEPAD 10.4 BACH3-W59FS 10.4 4GB/128GB WIFI GRIS REACONDICIONADO,1399.0,1859.0,412.68,2026-08-05,25,PEN,,,Ripley PE,https://simple.ripley.com.pe/huawei-matepad-104-bach3-w59fs-104-4gb128gb-wifi-gris-reacondicionado-pmp20001461193
20260805_055550,2026-08-05T06:12:16.506702+00:00,ripley_pe,tablets,20000588590,SUPCASE,"CASE GALAXY TAB A7 T500 SUPCASE 10.4"" PROTECTOR 360°",139.5,,41.15,2026-08-05,,PEN,,,Ripley PE,https://simple.ripley.com.pe/case-galaxy-tab-a7-t500-supcase-104-protector-360-pmp20000588590
20260805_055550,2026-08-05T06:12:16.507703+00:00,ripley_pe,tablets,20000588973,I-BLASON,"CASE IPAD PRO 2017 A1670 A1671 I-BLASON 12.9"" FUNDA HALO",159.9,,47.17,2026-08-05,,PEN,,,Ripley PE,https://simple.ripley.com.pe/case-ipad-pro-2017-a1670-a1671-i-blason-129-funda-halo-pmp20000588973
20260805_055550,2026-08-05T06:12:16.508702+00:00,ripley_pe,tablets,20001255793,GENÉRICO,FUNDA CON TECLADO TOUCH PARA LENOVO TAB M11 11' CELESTE RESISTENTE,209.9,239.9,61.92,2026-08-05,13,PEN,,,Ripley PE,https://simple.ripley.com.pe/funda-con-teclado-touch-para-lenovo-tab-m11-11-celeste-resistente-pmp20001255793
20260805_055550,2026-08-05T06:12:16.508702+00:00,ripley_pe,tablets,20001009526,GENÉRICO,PARA IPAD 10.2 7MA 8VA 9VA GEN FUNDA CASE ESTUCHE PROTECTOR,68.9,,20.32,2026-08-05,,PEN,,,Ripley PE,https://simple.ripley.com.pe/para-ipad-102-7ma-8va-9va-gen-funda-case-estuche-protector-pmp20001009526
20260805_055550,2026-08-05T06:12:16.509705+00:00,ripley_pe,tablets,20001258687,GENÉRICO,MICA PARA SAMSUNG TAB S9 PLUS 12.4' DE PAPERLIKE ANTISHOCK,49.9,79.9,14.72,2026-08-05,38,PEN,,,Ripley PE,https://simple.ripley.com.pe/mica-para-samsung-tab-s9-plus-124-de-paperlike-antishock-pmp20001258687
20260805_055550,2026-08-05T06:12:16.509705+00:00,ripley_pe,tablets,20001122219,XIAOMI,CASE IMANTADA PARA TABLET XIAOMI PAD 7 PRO- NEGRO,59.99,,17.7,2026-08-05,,PEN,,,Ripley PE,https://simple.ripley.com.pe/case-imantada-para-tablet-xiaomi-pad-7-pro-negro-pmp20001122219
20260805_055550,2026-08-05T06:12:16.510703+00:00,ripley_pe,tablets,20000979541,GENÉRICO,"FUNDA BOOKCOVER PARA TABLET LENOVO IDEA TAB PRO 12,7 MORADO",79.9,149.0,23.57,2026-08-05,46,PEN,,,Ripley PE,https://simple.ripley.com.pe/funda-bookcover-para-tablet-lenovo-idea-tab-pro-127-morado-pmp20000979541
20260805_055550,2026-08-05T06:12:16.511703+00:00,ripley_pe,tablets,20000005815,GENÉRICO,"FUNDA PARA TABLET HUAWEI MATEPAD SE AGS5-L09/W09 AGS5-L09 W09 10.4"" GIRATORIA AZUL",45.0,99.0,13.27,2026-08-05,55,PEN,,,Ripley PE,https://simple.ripley.com.pe/funda-para-tablet-huawei-matepad-se-ags5-l09w09-ags5-l09-w09-104-giratoria-azul-pmp20000005815
20260805_055550,2026-08-05T06:12:16.512704+00:00,ripley_pe,tablets,20001167844,GENÉRICO,FUNDA PARA IPAD AIR 4TA GEN 10.9' MAGNÉTICA 360° CELESTE,99.9,129.9,29.47,2026-08-05,23,PEN,,,Ripley PE,https://simple.ripley.com.pe/funda-para-ipad-air-4ta-gen-109-magnetica-360-celeste-pmp20001167844
20260805_055550,2026-08-05T06:12:16.512704+00:00,ripley_pe,tablets,20000591193,SAMSUNG,CARGADOR SAMSUNG 25W PARA GALAXY TAB S10 ULTRA X920 X926,129.5,,38.2,2026-08-05,,PEN,,,Ripley PE,https://simple.ripley.com.pe/cargador-samsung-25w-para-galaxy-tab-s10-ultra-x920-x926-pmp20000591193
20260805_055550,2026-08-05T06:12:16.513712+00:00,ripley_pe,tablets,20000589668,SAMSUNG,LÁPIZ SAMSUNG S-PEN STYLUS GALAXY S6 LITE P620 P625,269.5,,79.5,2026-08-05,,PEN,,,Ripley PE,https://simple.ripley.com.pe/lapiz-samsung-s-pen-stylus-galaxy-s6-lite-p620-p625-pmp20000589668
20260805_055550,2026-08-05T06:12:16.513712+00:00,ripley_pe,tablets,20000590040,SAMSUNG,CARGADOR GALAXY TAB S8 ULTRA X900 SAMSUNG 35WATTS DUO,164.0,,48.38,2026-08-05,,PEN,,,Ripley PE,https://simple.ripley.com.pe/cargador-galaxy-tab-s8-ultra-x900-samsung-35watts-duo-pmp20000590040
20260805_055550,2026-08-05T06:12:16.514715+00:00,ripley_pe,tablets,20001480379,SPECK,CASE SPECK BALANCE FOLIO IPAD AIR 11 M4 CHIP (2026) A3459 A3460 A3463 PURPLE,198.9,,58.67,2026-08-05,,PEN,,,Ripley PE,https://simple.ripley.com.pe/case-speck-balance-folio-ipad-air-11-m4-chip-2026-a3459-a3460-a3463-purple-pmp20001480379
20260805_055550,2026-08-05T06:12:16.515703+00:00,ripley_pe,tablets,20001175733,APPLE,IPAD PRO 11' (2025) M5 2TB (WI-FI) APPLE | SILVER,9499.0,10929.0,2802.06,2026-08-05,13,PEN,,,Ripley PE,https://simple.ripley.com.pe/ipad-pro-11-2025-m5-2tb-wi-fi-apple-silver-pmp20001175733
20260805_055550,2026-08-05T06:12:16.516702+00:00,ripley_pe,tablets,20001508960,GENÉRICO,MESA SOPORTE PORTÁTIL PARA VOLANTE DE CARRO PARA LAPTOP Y ACCESORIOS A15,99.0,149.0,29.2,2026-08-05,34,PEN,,,Ripley PE,https://simple.ripley.com.pe/mesa-soporte-portatil-para-volante-de-carro-para-laptop-y-accesorios-a15-pmp20001508960
20260805_055550,2026-08-05T06:12:16.517206+00:00,ripley_pe,tablets,20000752823,MOKO,CASE MOKO PARA IPAD MINI 7 GEN A2993 A2995 CON PENCIL HOLDER,169.9,,50.12,2026-08-05,,PEN,,,Ripley PE,https://simple.ripley.com.pe/case-moko-para-ipad-mini-7-gen-a2993-a2995-con-pencil-holder-pmp20000752823
20260805_055550,2026-08-05T06:12:16.518211+00:00,ripley_pe,tablets,20001480602,GENÉRICO,CARGADOR DE PARED SZPOWER 96W MACBOOK PRO 14 M5 (2026) A3426 A3427,329.5,,97.2,2026-08-05,,PEN,,,Ripley PE,https://simple.ripley.com.pe/cargador-de-pared-szpower-96w-macbook-pro-14-m5-2026-a3426-a3427-pmp20001480602
20260805_055550,2026-08-05T06:12:16.518211+00:00,ripley_pe,tablets,20000758384,GENÉRICO,CASE MATE CON SOPORTE ROTABLE PARA SAMSUNG S25 ULTRA - AZUL,69.0,89.0,20.35,2026-08-05,22,PEN,,,Ripley PE,https://simple.ripley.com.pe/case-mate-con-soporte-rotable-para-samsung-s25-ultra-azul-pmp20000758384
20260805_055550,2026-08-05T06:12:16.519211+00:00,ripley_pe,tablets,20001469623,GENÉRICO,FUNDA PARA LENOVO TAB P12 12.7' IMANTADA + PORTALÁPIZ AZUL ANTISHOCK,109.9,149.9,32.42,2026-08-05,27,PEN,,,Ripley PE,https://simple.ripley.com.pe/funda-para-lenovo-tab-p12-127-imantada-portalapiz-azul-antishock-pmp20001469623
20260805_055550,2026-08-05T06:12:16.519211+00:00,ripley_pe,tablets,20000274625,GENÉRICO,"FUNDA PARA TABLET SAMSUNG TAB A9 ARMOR 8.7"" 360° GRIS + CORREA",115.9,225.0,34.19,2026-08-05,48,PEN,,,Ripley PE,https://simple.ripley.com.pe/funda-para-tablet-samsung-tab-a9-armor-87-360-gris-correa-pmp20000274625
20260805_055550,2026-08-05T06:12:16.520212+00:00,ripley_pe,tablets,20001280821,LENOVO,TABLET TAB M11 HELIO G88 LENOVO 11' 64GB SSD 4GB RAM W11 - TECLADO INGLÉS | LUNAR GRAY,1299.0,1859.0,383.19,2026-08-05,30,PEN,,,Ripley PE,https://simple.ripley.com.pe/tablet-tab-m11-helio-g88-lenovo-11-64gb-ssd-4gb-ram-w11-teclado-ingles-lunar-gray-pmp20001280821
20260805_055550,2026-08-05T06:12:16.521221+00:00,ripley_pe,tablets,20000419432,GENÉRICO,SOPORTE PARA TABLET ALUMINIO GIRATORIO 360° BASE TABLET IPAD CELULARES,54.0,90.0,15.93,2026-08-05,40,PEN,,,Ripley PE,https://simple.ripley.com.pe/soporte-para-tablet-aluminio-giratorio-360-base-tablet-ipad-celulares-pmp20000419432
20260805_055550,2026-08-05T06:12:16.521221+00:00,ripley_pe,tablets,20000814938,LDNIO,SOPORTE LDNIO MG06 DE ESCRITORIO PORTÁTIL PARA TELÉFONO,29.0,60.0,8.55,2026-08-05,52,PEN,,,Ripley PE,https://simple.ripley.com.pe/soporte-ldnio-mg06-de-escritorio-portatil-para-telefono-pmp20000814938
20260805_055550,2026-08-05T06:12:16.522211+00:00,ripley_pe,tablets,20000433172,GENÉRICO,SOPORTE DE TELÉFONO INTELIGENTE DE 360° PARA SMARTPHONE,90.86,130.86,26.8,2026-08-05,31,PEN,,,Ripley PE,https://simple.ripley.com.pe/soporte-de-telefono-inteligente-de-360-para-smartphone-pmp20000433172
20260805_055550,2026-08-05T06:12:16.522211+00:00,ripley_pe,tablets,20000005879,GENÉRICO,"FUNDA IPAD 10MA GEN 2022 10NA GEN. 10.9"" SILICONA PALO ROSA",69.9,129.0,20.62,2026-08-05,46,PEN,,,Ripley PE,https://simple.ripley.com.pe/funda-ipad-10ma-gen-2022-10na-gen-109-silicona-palo-rosa-pmp20000005879
20260805_055550,2026-08-05T06:12:16.523210+00:00,ripley_pe,tablets,20001273257,GENÉRICO,CASE + MICA PARA GALAXY TAB S10 LITE 10.9 X400 X406 (2025),99.5,,29.35,2026-08-05,,PEN,,,Ripley PE,https://simple.ripley.com.pe/case-mica-para-galaxy-tab-s10-lite-109-x400-x406-2025-pmp20001273257
20260805_055550,2026-08-05T06:12:16.523210+00:00,ripley_pe,tablets,20001255846,GENÉRICO,FUNDA CON TECLADO TOUCH PARA XIAOMI REDMI PAD SE 8.7' NEGRO RESISTENTE,209.9,239.9,61.92,2026-08-05,13,PEN,,,Ripley PE,https://simple.ripley.com.pe/funda-con-teclado-touch-para-xiaomi-redmi-pad-se-87-negro-resistente-pmp20001255846
20260805_055550,2026-08-05T06:12:16.524553+00:00,ripley_pe,tablets,20000588560,SAMSUNG,"CASE GALAXY TAB S2 T810 T815 SAMSUNG 9.7"" BOOK COVER OFICIAL",249.5,,73.6,2026-08-05,,PEN,,,Ripley PE,https://simple.ripley.com.pe/case-galaxy-tab-s2-t810-t815-samsung-97-book-cover-oficial-pmp20000588560
20260805_055550,2026-08-05T06:12:16.524553+00:00,ripley_pe,tablets,20001482766,ADVANCE,TABLET ADVANCE SMARTPAD SP3703 WIFI 10.1' WXGA IPS A333 1.75GHZ 4GB 64GB ANDROID 15 GRIS,493.0,595.0,145.43,2026-08-05,17,PEN,,,Ripley PE,https://simple.ripley.com.pe/tablet-advance-smartpad-sp3703-wifi-101-wxga-ips-a333-175ghz-4gb-64gb-android-15-gris-pmp20001482766
20260805_055550,2026-08-05T06:12:22.416976+00:00,ripley_pe,tablets,20000223707,VAYDEER,SOPORTE VAYDEER SZ2S021 VERTICAL LAPTOP TABLET CELULAR,59.0,89.0,17.4,2026-08-05,34,PEN,,,Ripley PE,https://simple.ripley.com.pe/soporte-vaydeer-sz2s021-vertical-laptop-tablet-celular-pmp20000223707
20260805_055550,2026-08-05T06:12:22.418975+00:00,ripley_pe,tablets,20000588660,SUPCASE,"CASE GALAXY TAB A T580 T585 SUPCASE 10.1"" PROTECTOR 360°",239.9,,70.77,2026-08-05,,PEN,,,Ripley PE,https://simple.ripley.com.pe/case-galaxy-tab-a-t580-t585-supcase-101-protector-360-pmp20000588660
20260805_055550,2026-08-05T06:12:22.419975+00:00,ripley_pe,tablets,20001008523,MOKO,MOKO CASE PARA GALAXY TAB S10 FE 10.9 X520 X526 (2025) NAVY,69.9,,20.62,2026-08-05,,PEN,,,Ripley PE,https://simple.ripley.com.pe/moko-case-para-galaxy-tab-s10-fe-109-x520-x526-2025-navy-pmp20001008523
20260805_055550,2026-08-05T06:12:22.421975+00:00,ripley_pe,tablets,20000274613,GENÉRICO,"FUNDA PARA TABLET SAMSUNG TAB S9 FE SM-X510-X516 10.9"" BOOK COVER VERDE",79.9,145.0,23.57,2026-08-05,45,PEN,,,Ripley PE,https://simple.ripley.com.pe/funda-para-tablet-samsung-tab-s9-fe-sm-x510-x516-109-book-cover-verde-pmp20000274613
20260805_055550,2026-08-05T06:12:22.423975+00:00,ripley_pe,tablets,20001084431,GENÉRICO,CASE SPACE Y VIDRIO TEMPLADO PARA SAMSUNG A04S,35.0,55.0,10.32,2026-08-05,36,PEN,,,Ripley PE,https://simple.ripley.com.pe/case-space-y-vidrio-templado-para-samsung-a04s-pmp20001084431
20260805_055550,2026-08-05T06:12:22.423975+00:00,ripley_pe,tablets,20001354573,GENÉRICO,CASE CUBIERTA IPAD A16 CON TECLADO  VERDE MILITAR,159.0,199.0,46.9,2026-08-05,20,PEN,,,Ripley PE,https://simple.ripley.com.pe/case-cubierta-ipad-a16-con-teclado-verde-militar-pmp20001354573
20260805_055550,2026-08-05T06:12:22.424975+00:00,ripley_pe,tablets,20000768307,GENÉRICO,CASE NILLKIN CON TECLADO PARA APPLE IPAD PRO 11 2024,249.9,499.8,73.72,2026-08-05,50,PEN,,,Ripley PE,https://simple.ripley.com.pe/case-nillkin-con-teclado-para-apple-ipad-pro-11-2024-pmp20000768307
20260805_055550,2026-08-05T06:12:22.424975+00:00,ripley_pe,tablets,20000324083,AILUN,LAPIZ PARA IPAD AIR 6 M2 Y PRO 11 Y 13 M4 CARGA INALAMBRICA MAGNETICA,75.0,,22.12,2026-08-05,,PEN,,,Ripley PE,https://simple.ripley.com.pe/lapiz-para-ipad-air-6-m2-y-pro-11-y-13-m4-carga-inalambrica-magnetica-pmp20000324083
20260805_055550,2026-08-05T06:12:22.425975+00:00,ripley_pe,tablets,20000589296,MOKO,"CASE IPAD PRO M2 2022 4GEN MOKO 11"" SMART SHELL NEGRO",129.5,,38.2,2026-08-05,,PEN,,,Ripley PE,https://simple.ripley.com.pe/case-ipad-pro-m2-2022-4gen-moko-11-smart-shell-negro-pmp20000589296
20260805_055550,2026-08-05T06:12:22.425975+00:00,ripley_pe,tablets,20000005855,GENÉRICO,"FUNDA PARA TABLET HUAWEI MATEPAD SE AGS5-L09/W09 AGS5-L09 W09 10.4"" BOOK COVER MORADO",79.9,129.0,23.57,2026-08-05,38,PEN,,,Ripley PE,https://simple.ripley.com.pe/funda-para-tablet-huawei-matepad-se-ags5-l09w09-ags5-l09-w09-104-book-cover-morado-pmp20000005855
20260805_055550,2026-08-05T06:12:22.426976+00:00,ripley_pe,tablets,20000005864,GENÉRICO,"FUNDA PARA TABLET LENOVO TAB P11 PLUS 2DA GEN 2023 TB-350FU TB-350XU TB-350XU 11.5"" BOOK COVER ROJO",79.9,149.0,23.57,2026-08-05,46,PEN,,,Ripley PE,https://simple.ripley.com.pe/funda-para-tablet-lenovo-tab-p11-plus-2da-gen-2023-tb-350fu-tb-350xu-tb-350xu-115-book-cover-rojo-pmp20000005864
20260805_055550,2026-08-05T06:12:22.426976+00:00,ripley_pe,tablets,20001165713,LENOVO,"TABLET LENOVO TAB 10.1'' 64GB VERDE WI-FI - POTENTE, LIGERA Y PERFECTA PARA EL ENTRETENIMIENTO DIARIO",729.0,1099.0,215.04,2026-08-05,34,PEN,,,Ripley PE,https://simple.ripley.com.pe/tablet-lenovo-tab-101-64gb-verde-wi-fi-potente-ligera-y-perfecta-para-el-entretenimiento-diario-pmp20001165713
20260805_055550,2026-08-05T06:12:22.427975+00:00,ripley_pe,tablets,2004271691804,HUAWEI,FLIP COVER HUAWEI PARA MATEPAD 10.4'',78.95,99.0,23.29,2026-08-05,20,PEN,,,Ripley PE,https://simple.ripley.com.pe/flip-cover-huawei-para-matepad-104-2004271691804p
20260805_055550,2026-08-05T06:12:22.427975+00:00,ripley_pe,tablets,20001009744,GENÉRICO,FUNDA CASE PARA GALAXY TAB S8 PLUS X800 X806 CON PORTALAPIZ,78.5,,23.16,2026-08-05,,PEN,,,Ripley PE,https://simple.ripley.com.pe/funda-case-para-galaxy-tab-s8-plus-x800-x806-con-portalapiz-pmp20001009744
20260805_055550,2026-08-05T06:12:22.428971+00:00,ripley_pe,tablets,20000084271,GENÉRICO,CASE SAMSUNG S20 PLUS SPACE,29.99,40.0,8.85,2026-08-05,25,PEN,,,Ripley PE,https://simple.ripley.com.pe/case-samsung-s20-plus-space-pmp20000084271
20260805_055550,2026-08-05T06:12:22.428971+00:00,ripley_pe,tablets,20000100268,GENÉRICO,CASE SAMSUNG A14 SPACE + VIDRIO TEMPLADO,35.0,46.0,10.32,2026-08-05,24,PEN,,,Ripley PE,https://simple.ripley.com.pe/case-samsung-a14-space-vidrio-templado-pmp20000100268
20260805_055550,2026-08-05T06:12:22.429970+00:00,ripley_pe,tablets,20000048158,NILLKIN,CASE SAMSUNG GALAXY Z FLIP5 NILLKIN LILA,95.0,110.0,28.02,2026-08-05,14,PEN,,,Ripley PE,https://simple.ripley.com.pe/case-samsung-galaxy-z-flip5-nillkin-lila-pmp20000048158
20260805_055550,2026-08-05T06:12:22.429970+00:00,ripley_pe,tablets,20000084265,GENÉRICO,CASE SAMSUNG NOTE 20 SPACE,29.99,40.0,8.85,2026-08-05,25,PEN,,,Ripley PE,https://simple.ripley.com.pe/case-samsung-note-20-space-pmp20000084265
20260805_055550,2026-08-05T06:12:22.430969+00:00,ripley_pe,tablets,20001475419,BLACKVIEW,TABLET BLACKVIEW LINK 8 WIFI 12.7” 256GB AZUL 6GB RAM 8400 MAH,869.0,1999.0,256.34,2026-08-05,57,PEN,,,Ripley PE,https://simple.ripley.com.pe/tablet-blackview-link-8-wifi-127-256gb-azul-6gb-ram-8400-mah-pmp20001475419
20260805_055550,2026-08-05T06:12:22.431969+00:00,ripley_pe,tablets,20000084230,GENÉRICO,CASE SAMSUNG A52 5G SPACE,29.99,40.0,8.85,2026-08-05,25,PEN,,,Ripley PE,https://simple.ripley.com.pe/case-samsung-a52-5g-space-pmp20000084230
20260805_055550,2026-08-05T06:12:22.431969+00:00,ripley_pe,tablets,20000084247,GENÉRICO,CASE SAMSUNG S23 PLUS SPACE,29.99,40.0,8.85,2026-08-05,25,PEN,,,Ripley PE,https://simple.ripley.com.pe/case-samsung-s23-plus-space-pmp20000084247
20260805_055550,2026-08-05T06:12:22.432978+00:00,ripley_pe,tablets,20000204495,GENÉRICO,LÁPIZ ANDROID 2022 S PEN STYLUS SAMSUNG GALAXY TAB S8 ULTRA PLUS S7 S6 FUNDA,69.0,101.99,20.35,2026-08-05,32,PEN,,,Ripley PE,https://simple.ripley.com.pe/lapiz-android-2022-s-pen-stylus-samsung-galaxy-tab-s8-ultra-plus-s7-s6-funda-pmp20000204495
20260805_055550,2026-08-05T06:12:22.432978+00:00,ripley_pe,tablets,20000084243,GENÉRICO,CASE SAMSUNG A31 SPACE,29.99,40.0,8.85,2026-08-05,25,PEN,,,Ripley PE,https://simple.ripley.com.pe/case-samsung-a31-space-pmp20000084243
20260805_055550,2026-08-05T06:12:22.433971+00:00,ripley_pe,tablets,20000100265,GENÉRICO,CASE SAMSUNG A03 SPACE + VIDRIO TEMPLADO,35.0,46.0,10.32,2026-08-05,24,PEN,,,Ripley PE,https://simple.ripley.com.pe/case-samsung-a03-space-vidrio-templado-pmp20000100265
20260805_055550,2026-08-05T06:12:22.433971+00:00,ripley_pe,tablets,20000707708,GENÉRICO,"TABLET PIZARRA 20"" MÁGICA DIBUJO LCD CELESTE GRANDE",150.0,,44.25,2026-08-05,,PEN,,,Ripley PE,https://simple.ripley.com.pe/tablet-pizarra-20-magica-dibujo-lcd-celeste-grande-pmp20000707708
20260805_055550,2026-08-05T06:12:22.435970+00:00,ripley_pe,tablets,20000699356,GENÉRICO,CASE FUNDA IPAD MINI 6TA Y 7MA GENERACION,65.0,75.0,19.17,2026-08-05,13,PEN,,,Ripley PE,https://simple.ripley.com.pe/case-funda-ipad-mini-6ta-y-7ma-generacion-pmp20000699356
20260805_055550,2026-08-05T06:12:22.435970+00:00,ripley_pe,tablets,20001460420,ONEPLUS,"STYLUS ONEPLUS STYLO 2, BAJA LATENCIA, 16000 NIVELES DE PRESIÓN, CONEXIÓN MAGNÉTICA Y BATERÍA DURADERA",565.0,734.5,166.67,2026-08-05,23,PEN,,,Ripley PE,https://simple.ripley.com.pe/stylus-oneplus-stylo-2-baja-latencia-16000-niveles-de-presion-conexion-magnetica-y-bateria-duradera-pmp20001460420
20260805_055550,2026-08-05T06:12:22.436970+00:00,ripley_pe,tablets,20000589460,SAMSUNG,CARGADOR SAMSUNG 65WATTS PARA GALAXY TAB A 10.1 T510,395.9,,116.78,2026-08-05,,PEN,,,Ripley PE,https://simple.ripley.com.pe/cargador-samsung-65watts-para-galaxy-tab-a-101-t510-pmp20000589460
20260805_055550,2026-08-05T06:12:22.436970+00:00,ripley_pe,tablets,20000588825,SUPCASE,"CASE IPAD PRO M4 2024 A2836 A2837 SUPCASE 11"" 360°",239.5,,70.65,2026-08-05,,PEN,,,Ripley PE,https://simple.ripley.com.pe/case-ipad-pro-m4-2024-a2836-a2837-supcase-11-360-pmp20000588825
20260805_055550,2026-08-05T06:12:22.437970+00:00,ripley_pe,tablets,20000005863,GENÉRICO,FUNDA PARA TABLET XIAOMI PAD 6 BOOK COVER AZUL,79.9,129.0,23.57,2026-08-05,38,PEN,,,Ripley PE,https://simple.ripley.com.pe/funda-para-tablet-xiaomi-pad-6-book-cover-azul-pmp20000005863
20260805_055550,2026-08-05T06:12:22.438970+00:00,ripley_pe,tablets,20001009779,GENÉRICO,FUNDA SMART CASE PARA IPAD MINI 7 GEN A2993 A2995 ESTUCHE,78.5,,23.16,2026-08-05,,PEN,,,Ripley PE,https://simple.ripley.com.pe/funda-smart-case-para-ipad-mini-7-gen-a2993-a2995-estuche-pmp20001009779
20260805_055550,2026-08-05T06:12:22.438970+00:00,ripley_pe,tablets,20001175718,APPLE,IPAD PRO 13' (2025) M5 256GB (WI-FI + CELLULAR) APPLE | SILVER,7399.0,10729.0,2182.6,2026-08-05,31,PEN,,,Ripley PE,https://simple.ripley.com.pe/ipad-pro-13-2025-m5-256gb-wi-fi-cellular-apple-silver-pmp20001175718
20260805_055550,2026-08-05T06:12:22.439970+00:00,ripley_pe,tablets,20000804232,HYUNDAI,TABLET HYUNDAI HYTAB PRO 10LA2 101 TABLET- OCTA-CORE - 8GB - 256GB - WI-FI,1139.0,,335.99,2026-08-05,,PEN,,,Ripley PE,https://simple.ripley.com.pe/tablet-hyundai-hytab-pro-10la2-101-tablet-octa-core-8gb-256gb-wi-fi-pmp20000804232
20260805_055550,2026-08-05T06:12:22.439970+00:00,ripley_pe,tablets,20001525756,GENÉRICO,FUNDA PARA LENOVO IDEA TAB PRO 12.7' - SILICONA SOFT ANTISHOCK MORADO,79.9,99.9,23.57,2026-08-05,20,PEN,,,Ripley PE,https://simple.ripley.com.pe/funda-para-lenovo-idea-tab-pro-127-silicona-soft-antishock-morado-pmp20001525756
20260805_055550,2026-08-05T06:12:22.440970+00:00,ripley_pe,tablets,20001527692,APPLE,IPAD 11' (2025) 11VA GEN CHIP A16 (WI-FI) 512GB APPLE,2999.0,3569.0,884.66,2026-08-05,16,PEN,,,Ripley PE,https://simple.ripley.com.pe/ipad-11-2025-11va-gen-chip-a16-wi-fi-512gb-apple-pmp20001527692
20260805_055550,2026-08-05T06:12:22.440970+00:00,ripley_pe,tablets,20001273381,GENÉRICO,TECLADO PORTÁTIL TOUCHFOLD PARA GALAXY TAB S8 ULTRA X900,285.9,,84.34,2026-08-05,,PEN,,,Ripley PE,https://simple.ripley.com.pe/teclado-portatil-touchfold-para-galaxy-tab-s8-ultra-x900-pmp20001273381
20260805_055550,2026-08-05T06:12:22.441970+00:00,ripley_pe,tablets,20001346410,GENÉRICO,FUNDA CON TECLADO PARA IPAD 10.2 7MA/8VA/9NA GENERACIÓN  - ROSADO,189.0,249.0,55.75,2026-08-05,24,PEN,,,Ripley PE,https://simple.ripley.com.pe/funda-con-teclado-para-ipad-102-7ma8va9na-generacion-rosado-pmp20001346410
20260805_055550,2026-08-05T06:12:26.816650+00:00,ripley_pe,tablets,20000092114,PAPERLIKE,LÁMINA PAPERLIKE IPAD MINI 2019 10.5',385.0,,113.57,2026-08-05,,PEN,,,Ripley PE,https://simple.ripley.com.pe/lamina-paperlike-ipad-mini-2019-105-pmp20000092114
20260805_055550,2026-08-05T06:12:26.817651+00:00,ripley_pe,tablets,20001341077,GENÉRICO,FUNDA BOOKCOVER PARA LENOVO IDEA TAB 11 TB336FU/TB336ZU NEGRO,79.9,120.0,23.57,2026-08-05,33,PEN,,,Ripley PE,https://simple.ripley.com.pe/funda-bookcover-para-lenovo-idea-tab-11-tb336futb336zu-negro-pmp20001341077
20260805_055550,2026-08-05T06:12:26.817651+00:00,ripley_pe,tablets,20000752869,APPLE,APPLE SMART FOLIO IPAD MINI 7 GEN A2993 A2995 CASE,199.9,,58.97,2026-08-05,,PEN,,,Ripley PE,https://simple.ripley.com.pe/apple-smart-folio-ipad-mini-7-gen-a2993-a2995-case-pmp20000752869
20260805_055550,2026-08-05T06:12:26.818650+00:00,ripley_pe,tablets,20000100264,GENÉRICO,CASE SAMSUNG A03 CORE SPACE + VIDRIO TEMPLADO,35.0,46.0,10.32,2026-08-05,24,PEN,,,Ripley PE,https://simple.ripley.com.pe/case-samsung-a03-core-space-vidrio-templado-pmp20000100264
20260805_055550,2026-08-05T06:12:26.818650+00:00,ripley_pe,tablets,20000687084,AMAZON ANDES,TABLET AMAZON ANDES FIRE HD 8 KIDS PRO CON MEMORIA 3 GB PANTALLA HD CONTROL PARENTAL SIN PUBLICIDAD AMPLIABLE A 32 GB,830.0,996.0,244.84,2026-08-05,17,PEN,,,Ripley PE,https://simple.ripley.com.pe/tablet-amazon-andes-fire-hd-8-kids-pro-con-memoria-3-gb-pantalla-hd-control-parental-sin-publicidad-ampliable-a-32-gb-pmp20000687084
20260805_055550,2026-08-05T06:12:26.819651+00:00,ripley_pe,tablets,20000716902,GENÉRICO,TAPA PARA APPLE PENCIL - 1era Generac.,59.99,90.0,17.7,2026-08-05,33,PEN,,,Ripley PE,https://simple.ripley.com.pe/tapa-para-apple-pencil-1era-generac-pmp20000716902
20260805_055550,2026-08-05T06:12:26.820651+00:00,ripley_pe,tablets,20001528275,LENOVO,TABLET LENOVO IDEA TAB 11' WI-FI 8GB RAM 128 GB - LUNA GREY + PEN Y MICA HIDROGEL,1099.0,1599.0,324.19,2026-08-05,31,PEN,,,Ripley PE,https://simple.ripley.com.pe/tablet-lenovo-idea-tab-11-wi-fi-8gb-ram-128-gb-luna-grey-pen-y-mica-hidrogel-pmp20001528275
20260805_055550,2026-08-05T06:12:26.820651+00:00,ripley_pe,tablets,20001258681,GENÉRICO,MICA PARA XIAOMI REDMI PAD SE 8.7' DE PAPERLIKE ANTISHOCK,49.9,79.9,14.72,2026-08-05,38,PEN,,,Ripley PE,https://simple.ripley.com.pe/mica-para-xiaomi-redmi-pad-se-87-de-paperlike-antishock-pmp20001258681
20260805_055550,2026-08-05T06:12:26.821651+00:00,ripley_pe,tablets,20001310435,GENÉRICO,MICA PARA LENOVO YOGA TAB PLUS 12.7' HYDROGEL ANTISHOCK RESISTENTE,79.9,99.9,23.57,2026-08-05,20,PEN,,,Ripley PE,https://simple.ripley.com.pe/mica-para-lenovo-yoga-tab-plus-127-hydrogel-antishock-resistente-pmp20001310435
20260805_055550,2026-08-05T06:12:26.821651+00:00,ripley_pe,tablets,20001273342,GENÉRICO,TECLADO PORTÁTIL TOUCHFOLD PARA GALAXY TAB S10 FE PLUS X620,285.9,,84.34,2026-08-05,,PEN,,,Ripley PE,https://simple.ripley.com.pe/teclado-portatil-touchfold-para-galaxy-tab-s10-fe-plus-x620-pmp20001273342
20260805_055550,2026-08-05T06:12:26.822653+00:00,ripley_pe,tablets,2004271691811,HUAWEI,FLIP COVER HUAWEI PARA MATEPAD 10.4'',78.95,99.0,23.29,2026-08-05,20,PEN,,,Ripley PE,https://simple.ripley.com.pe/flip-cover-huawei-para-matepad-104-2004271691811p
20260805_055550,2026-08-05T06:12:26.822653+00:00,ripley_pe,tablets,20001535708,APPLE,IPAD AIR 11' CHIP M4 (2026) 128GB BLUE,2999.0,3999.0,884.66,2026-08-05,25,PEN,,,Ripley PE,https://simple.ripley.com.pe/ipad-air-11-chip-m4-2026-128gb-blue-pmp20001535708
20260805_055550,2026-08-05T06:12:26.823651+00:00,ripley_pe,tablets,20000589861,SAMSUNG,LÁPIZ SAMSUNG S-PEN GALAXY TAB S7 11 T870 STYLUS ORIGINAL,389.5,,114.9,2026-08-05,,PEN,,,Ripley PE,https://simple.ripley.com.pe/lapiz-samsung-s-pen-galaxy-tab-s7-11-t870-stylus-original-pmp20000589861
20260805_055550,2026-08-05T06:12:26.823651+00:00,ripley_pe,tablets,20000853003,AILUN,FUNDA S PEN NEGRO Y PUNTA PARA SAMSUNG GALAXY TAB S10 FE Y PLUS,39.0,66.0,11.5,2026-08-05,41,PEN,,,Ripley PE,https://simple.ripley.com.pe/funda-s-pen-negro-y-punta-para-samsung-galaxy-tab-s10-fe-y-plus-pmp20000853003
20260805_055550,2026-08-05T06:12:26.824650+00:00,ripley_pe,tablets,20000005896,GENÉRICO,"FUNDA TABLET XIAOMI REDMI PAD 10.6"" COVER SMART FUCSIA + PORTA LAPIZ",99.0,159.0,29.2,2026-08-05,38,PEN,,,Ripley PE,https://simple.ripley.com.pe/funda-tablet-xiaomi-redmi-pad-106-cover-smart-fucsia-porta-lapiz-pmp20000005896
20260805_055550,2026-08-05T06:12:26.824650+00:00,ripley_pe,tablets,20001126068,GENÉRICO,FUNDA PARA HUAWEI MATE PAD 11.5' IMANTADA ANTISHOCK NEGRO,94.9,119.9,27.99,2026-08-05,21,PEN,,,Ripley PE,https://simple.ripley.com.pe/funda-para-huawei-mate-pad-115-imantada-antishock-negro-pmp20001126068
20260805_055550,2026-08-05T06:12:26.825651+00:00,ripley_pe,tablets,20001009704,GENÉRICO,CASE ESTUCHE PARA GALAXY TAB S6 LITE 10.4 P610 P615 + MICA,92.68,,27.34,2026-08-05,,PEN,,,Ripley PE,https://simple.ripley.com.pe/case-estuche-para-galaxy-tab-s6-lite-104-p610-p615-mica-pmp20001009704
20260805_055550,2026-08-05T06:12:26.826651+00:00,ripley_pe,tablets,20000588716,SUPCASE,"FUNDA IPAD 6TA GEN A1893 A1954 SUPCASE 9.7"" CASE 360°",209.9,,61.92,2026-08-05,,PEN,,,Ripley PE,https://simple.ripley.com.pe/funda-ipad-6ta-gen-a1893-a1954-supcase-97-case-360-pmp20000588716
20260805_055550,2026-08-05T06:12:26.826651+00:00,ripley_pe,tablets,20001361227,GENÉRICO,FUNDA NEOPRENO PARA IPAD Y TABLETS HASTA 10 - ANTIGOLPES IMPERMEABLE DISEÑO NEGRO,25.0,36.0,7.37,2026-08-05,31,PEN,,,Ripley PE,https://simple.ripley.com.pe/funda-neopreno-para-ipad-y-tablets-hasta-10-antigolpes-impermeable-diseno-negro-pmp20001361227
20260805_055550,2026-08-05T06:12:26.827651+00:00,ripley_pe,tablets,20000045810,GENÉRICO,CASE IPHONE 15 SPACE MAGSAFE,35.0,45.0,10.32,2026-08-05,22,PEN,,,Ripley PE,https://simple.ripley.com.pe/case-iphone-15-space-magsafe-pmp20000045810
20260805_055550,2026-08-05T06:12:26.827651+00:00,ripley_pe,tablets,20000589122,MOKO,CASE GALAXY TAB S9 FE X510 MOKO BOOK COVER IMANTADO,169.9,,50.12,2026-08-05,,PEN,,,Ripley PE,https://simple.ripley.com.pe/case-galaxy-tab-s9-fe-x510-moko-book-cover-imantado-pmp20000589122
20260805_055550,2026-08-05T06:12:26.828650+00:00,ripley_pe,tablets,20000701133,GENÉRICO,CASE IPHONE 16 PRO SILICONA AMARILLO,29.99,33.0,8.85,2026-08-05,9,PEN,,,Ripley PE,https://simple.ripley.com.pe/case-iphone-16-pro-silicona-amarillo-pmp20000701133
20260805_055550,2026-08-05T06:12:26.828650+00:00,ripley_pe,tablets,20000590745,SUPCASE,CASE SUPCASE GALAXY S21 NORMAL PROTECTOR 360° TILT,139.5,,41.15,2026-08-05,,PEN,,,Ripley PE,https://simple.ripley.com.pe/case-supcase-galaxy-s21-normal-protector-360-tilt-pmp20000590745
20260805_055550,2026-08-05T06:12:26.829651+00:00,ripley_pe,tablets,20000084234,GENÉRICO,CASE SAMSUNG A22 5G SPACE,29.99,40.0,8.85,2026-08-05,25,PEN,,,Ripley PE,https://simple.ripley.com.pe/case-samsung-a22-5g-space-pmp20000084234
20260805_055550,2026-08-05T06:12:26.829651+00:00,ripley_pe,tablets,20000589108,SUPCASE,"CASE GALAXY TAB S9 FE X510 X516 2023 SUPCASE 10.9"" 360°",243.5,,71.83,2026-08-05,,PEN,,,Ripley PE,https://simple.ripley.com.pe/case-galaxy-tab-s9-fe-x510-x516-2023-supcase-109-360-pmp20000589108
20260805_055550,2026-08-05T06:12:26.830650+00:00,ripley_pe,tablets,20001184142,GENÉRICO,FUNDA PARA IPAD 9NA GEN 10.2' DE GOMA MARIPOSA ROJA,89.9,99.9,26.52,2026-08-05,10,PEN,,,Ripley PE,https://simple.ripley.com.pe/funda-para-ipad-9na-gen-102-de-goma-mariposa-roja-pmp20001184142
20260805_055550,2026-08-05T06:12:26.830650+00:00,ripley_pe,tablets,20000590854,LOGITECH,CASE LOGITECH TECLADO FOLIO IPAD 4GEN A1458 A1459 A1460,369.9,,109.12,2026-08-05,,PEN,,,Ripley PE,https://simple.ripley.com.pe/case-logitech-teclado-folio-ipad-4gen-a1458-a1459-a1460-pmp20000590854
20260805_055550,2026-08-05T06:12:26.831651+00:00,ripley_pe,tablets,20000589349,SUPCASE,"CASE UB IPAD PRO M1 2021 A2377 A2459 SUPCASE 11"" 360°",239.9,,70.77,2026-08-05,,PEN,,,Ripley PE,https://simple.ripley.com.pe/case-ub-ipad-pro-m1-2021-a2377-a2459-supcase-11-360-pmp20000589349
20260805_055550,2026-08-05T06:12:26.832650+00:00,ripley_pe,tablets,20000819809,XO,SOPORTE CELULAR MOTO XO-C149 CON ABSORCION DE IMPACTOS NEGRO,53.0,75.0,15.63,2026-08-05,29,PEN,,,Ripley PE,https://simple.ripley.com.pe/soporte-celular-moto-xo-c149-con-absorcion-de-impactos-negro-pmp20000819809
20260805_055550,2026-08-05T06:12:26.832650+00:00,ripley_pe,tablets,20000588884,FINTIE,"CASE IPAD 9GEN A2602 A2603 A2604 FINTIE 10.2"" CUERO",159.9,,47.17,2026-08-05,,PEN,,,Ripley PE,https://simple.ripley.com.pe/case-ipad-9gen-a2602-a2603-a2604-fintie-102-cuero-pmp20000588884
20260805_055550,2026-08-05T06:12:26.833651+00:00,ripley_pe,tablets,20000588845,MOKO,CASE GALAXY TAB A7 LITE T220 T225 MOKO FUNDA PROTECTOR,109.9,,32.42,2026-08-05,,PEN,,,Ripley PE,https://simple.ripley.com.pe/case-galaxy-tab-a7-lite-t220-t225-moko-funda-protector-pmp20000588845
20260805_055550,2026-08-05T06:12:26.833651+00:00,ripley_pe,tablets,20000005820,GENÉRICO,FUNDA PARA TABLET XIAOMI PAD 6 BOOK COVER VERDE,79.9,129.0,23.57,2026-08-05,38,PEN,,,Ripley PE,https://simple.ripley.com.pe/funda-para-tablet-xiaomi-pad-6-book-cover-verde-pmp20000005820
20260805_055550,2026-08-05T06:12:26.834650+00:00,ripley_pe,tablets,20000045818,GENÉRICO,CASE IPHONE 15 PRO SPACE MAGSAFE TRANSPARENTE,35.0,45.0,10.32,2026-08-05,22,PEN,,,Ripley PE,https://simple.ripley.com.pe/case-iphone-15-pro-space-magsafe-transparente-pmp20000045818
20260805_055550,2026-08-05T06:12:26.834650+00:00,ripley_pe,tablets,20000005868,GENÉRICO,"FUNDA PARA TABLET SAMSUNG A8 SM-X200/X205 SM-X200 X205 10.5"" SILICONA FUCSIA",59.0,129.0,17.4,2026-08-05,54,PEN,,,Ripley PE,https://simple.ripley.com.pe/funda-para-tablet-samsung-a8-sm-x200x205-sm-x200-x205-105-silicona-fucsia-pmp20000005868
20260805_055550,2026-08-05T06:12:26.835651+00:00,ripley_pe,tablets,20000754165,GENÉRICO,TECLADO MAGNÉTICO PARA IPAD AIR 4 A2316 A2072 NEGRO,499.5,,147.35,2026-08-05,,PEN,,,Ripley PE,https://simple.ripley.com.pe/teclado-magnetico-para-ipad-air-4-a2316-a2072-negro-pmp20000754165
20260805_055550,2026-08-05T06:12:26.835651+00:00,ripley_pe,tablets,20000005816,GENÉRICO,"FUNDA PARA TABLET HUAWEI MATEPAD SE AGS5-L09/W09 AGS5-L09 W09 10.4"" BOOK COVER DORADO",79.9,129.0,23.57,2026-08-05,38,PEN,,,Ripley PE,https://simple.ripley.com.pe/funda-para-tablet-huawei-matepad-se-ags5-l09w09-ags5-l09-w09-104-book-cover-dorado-pmp20000005816
20260805_055550,2026-08-05T06:12:26.836651+00:00,ripley_pe,tablets,20000588965,FINTIE,"FUNDA IPAD PRO M4 2024 A2925 A2926 FINTIE 13"" BAG",199.5,,58.85,2026-08-05,,PEN,,,Ripley PE,https://simple.ripley.com.pe/funda-ipad-pro-m4-2024-a2925-a2926-fintie-13-bag-pmp20000588965
20260805_055550,2026-08-05T06:12:26.836651+00:00,ripley_pe,tablets,20000005854,GENÉRICO,FUNDA TABLET LENOVO M9 BOOK COVER NEGRO,79.9,129.0,23.57,2026-08-05,38,PEN,,,Ripley PE,https://simple.ripley.com.pe/funda-tablet-lenovo-m9-book-cover-negro-pmp20000005854
20260805_055550,2026-08-05T06:12:26.837651+00:00,ripley_pe,tablets,20001480147,GENÉRICO,FUNDA SMART CASE PARA IPAD AIR 11 M4 CHIP (2026) A3459 A3460 A3463 LILA,68.9,,20.32,2026-08-05,,PEN,,,Ripley PE,https://simple.ripley.com.pe/funda-smart-case-para-ipad-air-11-m4-chip-2026-a3459-a3460-a3463-lila-pmp20001480147
20260805_055550,2026-08-05T06:12:26.838652+00:00,ripley_pe,tablets,20000979522,GENÉRICO,FUNDA BOOKCOVER PARA TABLET ONE PLUS PAD 2 12.1 NEGRO,79.9,149.0,23.57,2026-08-05,46,PEN,,,Ripley PE,https://simple.ripley.com.pe/funda-bookcover-para-tablet-one-plus-pad-2-121-negro-pmp20000979522
20260805_055550,2026-08-05T06:12:26.838652+00:00,ripley_pe,tablets,20001273362,GENÉRICO,MICA PROTECTOR DE PANTALLA PARA GALAXY TAB A11 8.7 X130 X133,55.5,,16.37,2026-08-05,,PEN,,,Ripley PE,https://simple.ripley.com.pe/mica-protector-de-pantalla-para-galaxy-tab-a11-87-x130-x133-pmp20001273362
20260805_055550,2026-08-05T06:12:26.839651+00:00,ripley_pe,tablets,20001517828,GENÉRICO,FUNDA CASE PROTECTOR HIBRIDO CON BORDE Y SOPORTE PARA EL LÁPIZ PARA IPAD PRO 11 M2 (2020/2021/2022) - LAVANDA,69.0,99.0,20.35,2026-08-05,30,PEN,,,Ripley PE,https://simple.ripley.com.pe/funda-case-protector-hibrido-con-borde-y-soporte-para-el-lapiz-para-ipad-pro-11-m2-202020212022-lavanda-pmp20001517828
20260805_055550,2026-08-05T06:12:26.839651+00:00,ripley_pe,tablets,20001008592,GENÉRICO,SMART CASE MOKO PARA IPAD AIR 11 M3 CHIP (2025) APRICOT,169.9,,50.12,2026-08-05,,PEN,,,Ripley PE,https://simple.ripley.com.pe/smart-case-moko-para-ipad-air-11-m3-chip-2025-apricot-pmp20001008592
20260805_055550,2026-08-05T06:12:26.840650+00:00,ripley_pe,tablets,20001468145,GENÉRICO,FUNDA PARA SAMSUNG TAB A11 8.7' DE GOMA DIAMANTE MORADO RESISTENTE,59.9,89.9,17.67,2026-08-05,33,PEN,,,Ripley PE,https://simple.ripley.com.pe/funda-para-samsung-tab-a11-87-de-goma-diamante-morado-resistente-pmp20001468145
20260805_055550,2026-08-05T06:12:26.840650+00:00,ripley_pe,tablets,20001468152,GENÉRICO,FUNDA PARA SAMSUNG TAB A11 8.7' DE GOMA DIAMANTE VERDE RESISTENTE,59.9,89.9,17.67,2026-08-05,33,PEN,,,Ripley PE,https://simple.ripley.com.pe/funda-para-samsung-tab-a11-87-de-goma-diamante-verde-resistente-pmp20001468152
20260805_055550,2026-08-05T06:12:26.841650+00:00,ripley_pe,tablets,20001273265,GENÉRICO,CASE PARA IPAD PRO 11 M4 (2024) A2836 A2837 CLEAR / NEGRO,75.9,,22.39,2026-08-05,,PEN,,,Ripley PE,https://simple.ripley.com.pe/case-para-ipad-pro-11-m4-2024-a2836-a2837-clear-negro-pmp20001273265
20260805_055550,2026-08-05T06:12:26.841650+00:00,ripley_pe,tablets,20001470827,GENÉRICO,FUNDA CON TECLADO TOUCH LENOVO TAB P12 12.7' ROSA,209.9,239.9,61.92,2026-08-05,13,PEN,,,Ripley PE,https://simple.ripley.com.pe/funda-con-teclado-touch-lenovo-tab-p12-127-rosa-pmp20001470827
20260805_055550,2026-08-05T06:12:26.842650+00:00,ripley_pe,tablets,20001009544,GENÉRICO,CASE FUNDA PROTECTOR PARA IPAD 9.7 5TA GEN A1822 A1823 NEGRO,64.9,,19.14,2026-08-05,,PEN,,,Ripley PE,https://simple.ripley.com.pe/case-funda-protector-para-ipad-97-5ta-gen-a1822-a1823-negro-pmp20001009544
20260805_055550,2026-08-05T06:12:31.230348+00:00,ripley_pe,tablets,20000005875,GENÉRICO,FUNDA PARA TABLET XIAOMI PAD 6 BOOK COVER ROJO,79.9,129.0,23.57,2026-08-05,38,PEN,,,Ripley PE,https://simple.ripley.com.pe/funda-para-tablet-xiaomi-pad-6-book-cover-rojo-pmp20000005875
20260805_055550,2026-08-05T06:12:31.231357+00:00,ripley_pe,tablets,20000283518,GENÉRICO,"CASE IPAD 7MA-8VA-9NA GEN OEM 10.2"" FUNDA PREMIUM NEGRO + PORTA PENCIL",79.9,,23.57,2026-08-05,,PEN,,,Ripley PE,https://simple.ripley.com.pe/case-ipad-7ma-8va-9na-gen-oem-102-funda-premium-negro-porta-pencil-pmp20000283518
20260805_055550,2026-08-05T06:12:31.231357+00:00,ripley_pe,tablets,20000588652,SUPCASE,"CASE IPAD PRO 2020 A2228 A2068 SUPCASE 11"" 360° + APOYO",199.9,,58.97,2026-08-05,,PEN,,,Ripley PE,https://simple.ripley.com.pe/case-ipad-pro-2020-a2228-a2068-supcase-11-360-apoyo-pmp20000588652
20260805_055550,2026-08-05T06:12:31.232336+00:00,ripley_pe,tablets,20001426559,APPLE,IPAD AIR 11' M4 128GB WIFI - PURPLE,2899.0,3199.0,855.16,2026-08-05,9,PEN,,,Ripley PE,https://simple.ripley.com.pe/ipad-air-11-m4-128gb-wifi-purple-pmp20001426559
20260805_055550,2026-08-05T06:12:31.232336+00:00,ripley_pe,tablets,20001008696,GENÉRICO,MICA DE VIDRIO ZAGG GLASS PARA GALAXY TAB S10 FE 10.9 X520,99.9,,29.47,2026-08-05,,PEN,,,Ripley PE,https://simple.ripley.com.pe/mica-de-vidrio-zagg-glass-para-galaxy-tab-s10-fe-109-x520-pmp20001008696
20260805_055550,2026-08-05T06:12:31.233351+00:00,ripley_pe,tablets,20001074685,GENÉRICO,FUNDA PARA XIAOMI REDMI PAD SE 8.7' GIRATORIA MORADA,59.9,89.9,17.67,2026-08-05,33,PEN,,,Ripley PE,https://simple.ripley.com.pe/funda-para-xiaomi-redmi-pad-se-87-giratoria-morada-pmp20001074685
20260805_055550,2026-08-05T06:12:31.233351+00:00,ripley_pe,tablets,20000588695,SUPCASE,"CASE IPAD PRO 2020 APOYO SUPCASE 11"" PROTECTOR 360°",239.9,,70.77,2026-08-05,,PEN,,,Ripley PE,https://simple.ripley.com.pe/case-ipad-pro-2020-apoyo-supcase-11-protector-360-pmp20000588695
20260805_055550,2026-08-05T06:12:31.234349+00:00,ripley_pe,tablets,20001008422,FINTIE,FINTIE CASE PARA GALAXY TAB S10 FE 10.9 X520 X526 (2025),169.9,,50.12,2026-08-05,,PEN,,,Ripley PE,https://simple.ripley.com.pe/fintie-case-para-galaxy-tab-s10-fe-109-x520-x526-2025-pmp20001008422
20260805_055550,2026-08-05T06:12:31.235337+00:00,ripley_pe,tablets,20000845869,GENÉRICO,MICA PARA XIAOMI PAD 7 11.2' DE VIDRIO TEMPLADO ANTISHOCK,49.9,79.9,14.72,2026-08-05,38,PEN,,,Ripley PE,https://simple.ripley.com.pe/mica-para-xiaomi-pad-7-112-de-vidrio-templado-antishock-pmp20000845869
20260805_055550,2026-08-05T06:12:31.236342+00:00,ripley_pe,tablets,20000588846,SUPCASE,CASE UB GALAXY TAB S8 PLUS X800 SUPCASE PROTECTOR 360°,249.9,,73.72,2026-08-05,,PEN,,,Ripley PE,https://simple.ripley.com.pe/case-ub-galaxy-tab-s8-plus-x800-supcase-protector-360-pmp20000588846
20260805_055550,2026-08-05T06:12:31.237346+00:00,ripley_pe,tablets,20000073453,VAYDEER,SOPORTE VAYDEER SZ2053C VERTICAL MESA LAPTOP 3 EN 1 TABLET CELULAR,109.0,159.0,32.15,2026-08-05,31,PEN,,,Ripley PE,https://simple.ripley.com.pe/soporte-vaydeer-sz2053c-vertical-mesa-laptop-3-en-1-tablet-celular-pmp20000073453
20260805_055550,2026-08-05T06:12:31.237346+00:00,ripley_pe,tablets,20001274480,GENÉRICO,FUNDA CON TECLADO TOUCH FOR XIAOMI REDMI PAD 2 11' AZUL,209.9,239.9,61.92,2026-08-05,13,PEN,,,Ripley PE,https://simple.ripley.com.pe/funda-con-teclado-touch-for-xiaomi-redmi-pad-2-11-azul-pmp20001274480
20260805_055550,2026-08-05T06:12:31.238292+00:00,ripley_pe,tablets,20000589733,SAMSUNG,CARGADOR TAB S10 PLUS X820 SAMSUNG 35WATTS DUO ORIGINAL,164.0,,48.38,2026-08-05,,PEN,,,Ripley PE,https://simple.ripley.com.pe/cargador-tab-s10-plus-x820-samsung-35watts-duo-original-pmp20000589733
20260805_055550,2026-08-05T06:12:31.238292+00:00,ripley_pe,tablets,20000589741,SAMSUNG,CARGADOR GALAXY TAB S10 ULTRA X920 SAMSUNG 35WATTS DUO,164.0,,48.38,2026-08-05,,PEN,,,Ripley PE,https://simple.ripley.com.pe/cargador-galaxy-tab-s10-ultra-x920-samsung-35watts-duo-pmp20000589741
20260805_055550,2026-08-05T06:12:31.239285+00:00,ripley_pe,tablets,20000589704,SAMSUNG,LÁPIZ SAMSUNG S-PEN STYLUS GALAXY S7 FE T730,389.0,,114.75,2026-08-05,,PEN,,,Ripley PE,https://simple.ripley.com.pe/lapiz-samsung-s-pen-stylus-galaxy-s7-fe-t730-pmp20000589704
20260805_055550,2026-08-05T06:12:31.240285+00:00,ripley_pe,tablets,20000588948,SAMSUNG,"CASE GALAXY TAB 4 T530 T535 SAMSUNG 10.1"" BOOK COVER",149.9,,44.22,2026-08-05,,PEN,,,Ripley PE,https://simple.ripley.com.pe/case-galaxy-tab-4-t530-t535-samsung-101-book-cover-pmp20000588948
20260805_055550,2026-08-05T06:12:31.240285+00:00,ripley_pe,tablets,20000589029,SAMSUNG,"CASE GALAXY TAB A P580 S-PEN SAMSUNG 10.1"" BOOK COVER ORIGINAL",224.9,,66.34,2026-08-05,,PEN,,,Ripley PE,https://simple.ripley.com.pe/case-galaxy-tab-a-p580-s-pen-samsung-101-book-cover-original-pmp20000589029
20260805_055550,2026-08-05T06:12:31.243290+00:00,ripley_pe,tablets,20001288866,APPLE,IPAD PRO 13″ CHIP M5 256GB WI-FI (2025) - SILVER + PENCIL PRO + REGALO,5999.0,6499.0,1769.62,2026-08-05,8,PEN,,,Ripley PE,https://simple.ripley.com.pe/ipad-pro-13-chip-m5-256gb-wi-fi-2025-silver-pencil-pro-regalo-pmp20001288866
20260805_055550,2026-08-05T06:12:31.253297+00:00,ripley_pe,tablets,20000589902,LOGITECH,TECLADO LOGITECH COMBO TOUCH IPAD AIR 4TA 5TA GEN,989.5,,291.89,2026-08-05,,PEN,,,Ripley PE,https://simple.ripley.com.pe/teclado-logitech-combo-touch-ipad-air-4ta-5ta-gen-pmp20000589902
20260805_055550,2026-08-05T06:12:31.255297+00:00,ripley_pe,tablets,20000588764,MOKO,FUNDA GALAXY TAB S6 LITE P610 P615 MOKO + PORTALAPIZ,179.5,,52.95,2026-08-05,,PEN,,,Ripley PE,https://simple.ripley.com.pe/funda-galaxy-tab-s6-lite-p610-p615-moko-portalapiz-pmp20000588764
20260805_055550,2026-08-05T06:12:35.794003+00:00,ripley_pe,tablets,20001184365,OEMGENUINE,MAGIC KEYBOARD PARA IPAD AIR 4 Y AIR 5 (10.9') ALTERNATIVO PREMIUM - BLANCO,449.0,829.0,132.45,2026-08-05,46,PEN,,,Ripley PE,https://simple.ripley.com.pe/magic-keyboard-para-ipad-air-4-y-air-5-109-alternativo-premium-blanco-pmp20001184365
20260805_055550,2026-08-05T06:12:35.794003+00:00,ripley_pe,tablets,20000813105,GENÉRICO,SOPORTE PARA TABLET ALUMINIO GIRATORIO 360° BASE PLEGABLE NEGRO,28.9,59.0,8.53,2026-08-05,51,PEN,,,Ripley PE,https://simple.ripley.com.pe/soporte-para-tablet-aluminio-giratorio-360-base-plegable-negro-pmp20000813105
20260805_055550,2026-08-05T06:12:35.795003+00:00,ripley_pe,tablets,20001248348,GENÉRICO,TECLADO MAGIC KEYBOARD BLUETOOTH ALTERNATIVO PREMIUM - SILVER,119.9,,35.37,2026-08-05,,PEN,,,Ripley PE,https://simple.ripley.com.pe/teclado-magic-keyboard-bluetooth-alternativo-premium-silver-pmp20001248348
20260805_055550,2026-08-05T06:12:35.795003+00:00,ripley_pe,tablets,20000199583,APPLE,LÁPIZ APPLE PENCIL USB-C,629.0,699.0,185.55,2026-08-05,10,PEN,,,Ripley PE,https://simple.ripley.com.pe/lapiz-apple-pencil-usb-c-pmp20000199583
20260805_055550,2026-08-05T06:12:35.796003+00:00,ripley_pe,tablets,20001255798,GENÉRICO,FUNDA + TECLADO TOUCH FOR XIAOMI REDMI PAD PRO 12.1' VERDE RESISTENTE,209.9,239.9,61.92,2026-08-05,13,PEN,,,Ripley PE,https://simple.ripley.com.pe/funda-teclado-touch-for-xiaomi-redmi-pad-pro-121-verde-resistente-pmp20001255798
20260805_055550,2026-08-05T06:12:35.796003+00:00,ripley_pe,tablets,20000851916,XIAOMI,CASE IMANTADA Y MICA DE VIDRIO PARA TABLET XIAOMI PAD 7 PRO - ROSA,79.0,,23.3,2026-08-05,,PEN,,,Ripley PE,https://simple.ripley.com.pe/case-imantada-y-mica-de-vidrio-para-tablet-xiaomi-pad-7-pro-rosa-pmp20000851916
20260805_055550,2026-08-05T06:12:35.797003+00:00,ripley_pe,tablets,20000589776,SAMSUNG,LÁPIZ SAMSUNG S-PEN GALAXY TAB S9 PLUS X810 STYLUS ORIGINAL,389.5,,114.9,2026-08-05,,PEN,,,Ripley PE,https://simple.ripley.com.pe/lapiz-samsung-s-pen-galaxy-tab-s9-plus-x810-stylus-original-pmp20000589776
20260805_055550,2026-08-05T06:12:35.797003+00:00,ripley_pe,tablets,20001273292,GENÉRICO,TECLADO PORTÁTIL BLUETOOTH PARA GALAXY TAB A11 8.7 X130 X133,126.32,,37.26,2026-08-05,,PEN,,,Ripley PE,https://simple.ripley.com.pe/teclado-portatil-bluetooth-para-galaxy-tab-a11-87-x130-x133-pmp20001273292
20260805_055550,2026-08-05T06:12:35.798002+00:00,ripley_pe,tablets,20001135602,WACOM,TABLETA GRÁFICA WACOM INTUOS PRO 5080 LPI 8192 NIVELES PRESIÓN CON CABLE INALÁMBRICO NEGRO,749.0,1129.0,220.94,2026-08-05,34,PEN,,,Ripley PE,https://simple.ripley.com.pe/tableta-grafica-wacom-intuos-pro-5080-lpi-8192-niveles-presion-con-cable-inalambrico-negro-pmp20001135602
20260805_055550,2026-08-05T06:12:35.798002+00:00,ripley_pe,tablets,00003208541,GOOGLE,TABLET GOOGLE PIXEL 128GB HAZEL LIBRE FÁBRICA,2650.0,3180.0,781.71,2026-08-05,17,PEN,,,Ripley PE,https://simple.ripley.com.pe/tablet-google-pixel-128gb-hazel-libre-fabrica-pmp00003208541
20260805_055550,2026-08-05T06:12:35.799003+00:00,ripley_pe,tablets,00001611050,GENÉRICO,TABLET DIDACTICA MULTIFUNCIONES-NIÑOS SEBA-175,39.0,60.0,11.5,2026-08-05,35,PEN,,,Ripley PE,https://simple.ripley.com.pe/tablet-didactica-multifunciones-ninos-seba-175-pmp00001611050
20260805_055550,2026-08-05T06:12:35.799003+00:00,ripley_pe,tablets,20001480577,SAMSUNG,TECLADO SAMSUNG COVER SLIM GALAXY TAB S10 ULTRA X920 (OPEN),749.9,,221.21,2026-08-05,,PEN,,,Ripley PE,https://simple.ripley.com.pe/teclado-samsung-cover-slim-galaxy-tab-s10-ultra-x920-open-pmp20001480577
20260805_055550,2026-08-05T06:12:35.800003+00:00,ripley_pe,tablets,20001175703,APPLE,IPAD PRO 13' (2025) M5 1TB (WI-FI + CELLULAR) APPLE | SILVER,9799.0,11269.0,2890.56,2026-08-05,13,PEN,,,Ripley PE,https://simple.ripley.com.pe/ipad-pro-13-2025-m5-1tb-wi-fi-cellular-apple-silver-pmp20001175703
20260805_055550,2026-08-05T06:12:35.800003+00:00,ripley_pe,tablets,20000819788,XO,SOPORTE MAGNÉTICO GIRATORIO DE 360° MAGSAFE XO C158,49.0,69.0,14.45,2026-08-05,29,PEN,,,Ripley PE,https://simple.ripley.com.pe/soporte-magnetico-giratorio-de-360-magsafe-xo-c158-pmp20000819788
20260805_055550,2026-08-05T06:12:35.801003+00:00,ripley_pe,tablets,20000687086,AMAZON ANDES,TABLET AMAZON ANDES 3GB NUEVA AMAZON FIRE HD 8 KIDS PRO 6 A 12 AÑOS MEMORIA PANTALLA HD SIN PUBLICIDAD BATERÍA 13 H,830.0,996.0,244.84,2026-08-05,17,PEN,,,Ripley PE,https://simple.ripley.com.pe/tablet-amazon-andes-3gb-nueva-amazon-fire-hd-8-kids-pro-6-a-12-anos-memoria-pantalla-hd-sin-publicidad-bateria-13-h-pmp20000687086
20260805_055550,2026-08-05T06:12:35.801003+00:00,ripley_pe,tablets,20001135499,WACOM,TABLETA GRÁFICA WACOM INTUOS PRO 5080 LPI 8192 NIVELES PRESIÓN CON CABLE INALÁMBRICO NEGRO,1539.0,2309.0,453.98,2026-08-05,33,PEN,,,Ripley PE,https://simple.ripley.com.pe/tableta-grafica-wacom-intuos-pro-5080-lpi-8192-niveles-presion-con-cable-inalambrico-negro-pmp20001135499
20260805_055550,2026-08-05T06:12:35.802003+00:00,ripley_pe,tablets,20001480663,GENÉRICO,TECLADO DEXNOR (MAG) TOUCH PARA IPAD AIR 11 M4 CHIP (2026) A3459 A3460 A3463,349.9,,103.22,2026-08-05,,PEN,,,Ripley PE,https://simple.ripley.com.pe/teclado-dexnor-mag-touch-para-ipad-air-11-m4-chip-2026-a3459-a3460-a3463-pmp20001480663
20260805_055550,2026-08-05T06:12:35.802003+00:00,ripley_pe,tablets,20000589743,FINTIE,CASE FINTIE CON TECLADO GALAXY TAB A9 PLUS 11 X210 X216,315.5,,93.07,2026-08-05,,PEN,,,Ripley PE,https://simple.ripley.com.pe/case-fintie-con-teclado-galaxy-tab-a9-plus-11-x210-x216-pmp20000589743
20260805_055550,2026-08-05T06:12:35.803003+00:00,ripley_pe,tablets,20001273427,GENÉRICO,TECLADO PORTÁTIL TOUCHPAD PARA GALAXY TAB S10 LITE X400,139.0,,41.0,2026-08-05,,PEN,,,Ripley PE,https://simple.ripley.com.pe/teclado-portatil-touchpad-para-galaxy-tab-s10-lite-x400-pmp20001273427
20260805_055550,2026-08-05T06:12:35.804003+00:00,ripley_pe,tablets,20001109227,SAMSUNG,GALAXY TAB S10 FE 8GB 128GB GREY + SPEN + SMART BOOK COVER,2049.0,2999.0,604.42,2026-08-05,32,PEN,,,Ripley PE,https://simple.ripley.com.pe/galaxy-tab-s10-fe-8gb-128gb-grey-spen-smart-book-cover-pmp20001109227
20260805_055550,2026-08-05T06:12:35.804003+00:00,ripley_pe,tablets,20000762308,GENÉRICO,SOPORTE PARA TABLET E IPAD DE ALUMINIO 360 GIRATORIO BASE PLEGABLE,32.0,45.0,9.44,2026-08-05,29,PEN,,,Ripley PE,https://simple.ripley.com.pe/soporte-para-tablet-e-ipad-de-aluminio-360-giratorio-base-plegable-pmp20000762308
20260805_055550,2026-08-05T06:12:35.805003+00:00,ripley_pe,tablets,20000590855,LOGITECH,TECLADO LOGITECH COMBO TOUCH IPAD 10.2 7GEN A2197 A2198,989.5,,291.89,2026-08-05,,PEN,,,Ripley PE,https://simple.ripley.com.pe/teclado-logitech-combo-touch-ipad-102-7gen-a2197-a2198-pmp20000590855
20260805_055550,2026-08-05T06:12:35.805003+00:00,ripley_pe,tablets,20000707706,GENÉRICO,"TABLET PIZARRA 20"" MÁGICA DIBUJO LCD BLANCO GRANDE",150.0,,44.25,2026-08-05,,PEN,,,Ripley PE,https://simple.ripley.com.pe/tablet-pizarra-20-magica-dibujo-lcd-blanco-grande-pmp20000707706
20260805_055550,2026-08-05T06:12:35.806011+00:00,ripley_pe,tablets,20000589806,LOGITECH,TECLADO LOGITECH SLIM FOLIO IPAD 10.2 9GEN A2602 A2604,849.5,,250.59,2026-08-05,,PEN,,,Ripley PE,https://simple.ripley.com.pe/teclado-logitech-slim-folio-ipad-102-9gen-a2602-a2604-pmp20000589806
20260805_055550,2026-08-05T06:12:35.806011+00:00,ripley_pe,tablets,20000590667,LOGITECH,TECLADO LOGITECH RUGGED COMBO3 IPAD 10.2 9NA 8VA 7MA,699.5,,206.34,2026-08-05,,PEN,,,Ripley PE,https://simple.ripley.com.pe/teclado-logitech-rugged-combo3-ipad-102-9na-8va-7ma-pmp20000590667
20260805_055550,2026-08-05T06:12:35.807005+00:00,ripley_pe,tablets,20000275340,GENÉRICO,LÁPIZ PENCIL UNIVERSAL TABLETS IPADS Y CELULARES V2,74.9,,22.09,2026-08-05,,PEN,,,Ripley PE,https://simple.ripley.com.pe/lapiz-pencil-universal-tablets-ipads-y-celulares-v2-pmp20000275340
20260805_055550,2026-08-05T06:12:35.807005+00:00,ripley_pe,tablets,20001413185,AILUN,MICA PAPEL PARA IPAD AIR 11 M4 MICA VIDRIO CAMARA 2026,46.0,76.0,13.57,2026-08-05,39,PEN,,,Ripley PE,https://simple.ripley.com.pe/mica-papel-para-ipad-air-11-m4-mica-vidrio-camara-2026-pmp20001413185
20260805_055550,2026-08-05T06:12:35.808003+00:00,ripley_pe,tablets,20000737651,APPLE,"IPAD APPLE 8.3"" 256GB MINI 7TH GEN (2024) CHIP A17 PRO WI-FI MORADO",3639.0,5199.0,1073.45,2026-08-05,30,PEN,,,Ripley PE,https://simple.ripley.com.pe/ipad-apple-83-256gb-mini-7th-gen-2024-chip-a17-pro-wi-fi-morado-pmp20000737651
20260805_055550,2026-08-05T06:12:35.809003+00:00,ripley_pe,tablets,20000500101,LENOVO,"TABLET LENOVO 9"" TAB M9 3GB RAM 32GB WIFI GRIS",785.0,942.0,231.56,2026-08-05,17,PEN,,,Ripley PE,https://simple.ripley.com.pe/tablet-lenovo-9-tab-m9-3gb-ram-32gb-wifi-gris-pmp20000500101
20260805_055550,2026-08-05T06:12:35.809003+00:00,ripley_pe,tablets,20001480461,GENÉRICO,TECLADO DEXNOR (MAG) TOUCH PARA IPAD A16 11MA GEN (2025) A3354 A3355 A3356,349.9,,103.22,2026-08-05,,PEN,,,Ripley PE,https://simple.ripley.com.pe/teclado-dexnor-mag-touch-para-ipad-a16-11ma-gen-2025-a3354-a3355-a3356-pmp20001480461
20260805_055550,2026-08-05T06:12:35.810009+00:00,ripley_pe,tablets,20000752957,SUPCASE,CASE SUPCASE UB PRO 360° PARA GALAXY S25 ULTRA CLEAR + MICA,239.9,,70.77,2026-08-05,,PEN,,,Ripley PE,https://simple.ripley.com.pe/case-supcase-ub-pro-360-para-galaxy-s25-ultra-clear-mica-pmp20000752957
20260805_055550,2026-08-05T06:12:35.810009+00:00,ripley_pe,tablets,20001092704,SAMSUNG,GALAXY TAB S10 FE 8GB 128GB GREY + SPEN + SMART BOOK COVER,1989.0,2999.0,586.73,2026-08-05,34,PEN,,,Ripley PE,https://simple.ripley.com.pe/galaxy-tab-s10-fe-8gb-128gb-grey-spen-smart-book-cover-pmp20001092704
20260805_055550,2026-08-05T06:12:35.811003+00:00,ripley_pe,tablets,20000845871,GENÉRICO,MICA PARA IPAD (A16) DE 11' DE VIDRIO TEMPLADO ANTISHOCK,49.9,79.9,14.72,2026-08-05,38,PEN,,,Ripley PE,https://simple.ripley.com.pe/mica-para-ipad-a16-de-11-de-vidrio-templado-antishock-pmp20000845871
20260805_055550,2026-08-05T06:12:35.811003+00:00,ripley_pe,tablets,20000589940,SAMSUNG,CARGADOR GALAXY TAB S6 LITE P620 SAMSUNG 35WATTS,164.9,,48.64,2026-08-05,,PEN,,,Ripley PE,https://simple.ripley.com.pe/cargador-galaxy-tab-s6-lite-p620-samsung-35watts-pmp20000589940
20260805_055550,2026-08-05T06:12:35.812003+00:00,ripley_pe,tablets,20001450668,APPLE,IPAD AIR 13″ CHIP M4 WIFI 128GB - SPACE GRAY + PENCIL PRO,4399.0,4999.0,1297.64,2026-08-05,12,PEN,,,Ripley PE,https://simple.ripley.com.pe/ipad-air-13-chip-m4-wifi-128gb-space-gray-pencil-pro-pmp20001450668
20260805_055550,2026-08-05T06:12:35.813003+00:00,ripley_pe,tablets,20001008411,MOKO,SMART CASE MOKO PARA IPAD A16 CHIP 11MA GEN (2025) NEGRO,139.5,,41.15,2026-08-05,,PEN,,,Ripley PE,https://simple.ripley.com.pe/smart-case-moko-para-ipad-a16-chip-11ma-gen-2025-negro-pmp20001008411
20260805_055550,2026-08-05T06:12:35.814003+00:00,ripley_pe,tablets,20001009576,GENÉRICO,FUNDA CASE PARA IPAD AIR 11 M3 2025 AIR 4 / 5 / 6 M2 11 2024,68.9,,20.32,2026-08-05,,PEN,,,Ripley PE,https://simple.ripley.com.pe/funda-case-para-ipad-air-11-m3-2025-air-4-5-6-m2-11-2024-pmp20001009576
20260805_055550,2026-08-05T06:12:35.814003+00:00,ripley_pe,tablets,20000401990,10GTEK,CASE 10GTEK FUNDA ESTUCHE PARA GALAXY TAB A9 PLUS 11 X210 PROTECTOR,66.9,,19.73,2026-08-05,,PEN,,,Ripley PE,https://simple.ripley.com.pe/case-10gtek-funda-estuche-para-galaxy-tab-a9-plus-11-x210-protector-pmp20000401990
20260805_055550,2026-08-05T06:12:35.815003+00:00,ripley_pe,tablets,20000204510,GENÉRICO,5 PUNTAS S PEN PARA SAMSUNG GALAXY NOTE 10 PLUS NOTE 20 ULTRA,28.0,42.0,8.26,2026-08-05,33,PEN,,,Ripley PE,https://simple.ripley.com.pe/5-puntas-s-pen-para-samsung-galaxy-note-10-plus-note-20-ultra-pmp20000204510
20260805_055550,2026-08-05T06:12:35.815003+00:00,ripley_pe,tablets,20000752930,SUPCASE,CASE SUPCASE UB PRO 360° PARA GALAXY S25 ULTRA BLACK + MICA,219.9,,64.87,2026-08-05,,PEN,,,Ripley PE,https://simple.ripley.com.pe/case-supcase-ub-pro-360-para-galaxy-s25-ultra-black-mica-pmp20000752930
20260805_055550,2026-08-05T06:12:35.816010+00:00,ripley_pe,tablets,20001084349,GENÉRICO,CLEAR CASE MAGNETIC IPHONE 15 PLUS NEGRO,38.7,47.0,11.42,2026-08-05,18,PEN,,,Ripley PE,https://simple.ripley.com.pe/clear-case-magnetic-iphone-15-plus-negro-pmp20001084349
20260805_055550,2026-08-05T06:12:35.816010+00:00,ripley_pe,tablets,20001244019,UGREEN,LAPIZ TACTIL UGREEN SMART STYLUS PARA IPAD LP653 15910,129.0,179.0,38.05,2026-08-05,28,PEN,,,Ripley PE,https://simple.ripley.com.pe/lapiz-tactil-ugreen-smart-stylus-para-ipad-lp653-15910-pmp20001244019
20260805_055550,2026-08-05T06:12:35.818003+00:00,ripley_pe,tablets,20000843843,GENÉRICO,MICA PARA LENOVO TAB M11 11' HYDROGEL ANTISHOCK RESISTENTE,59.9,79.9,17.67,2026-08-05,25,PEN,,,Ripley PE,https://simple.ripley.com.pe/mica-para-lenovo-tab-m11-11-hydrogel-antishock-resistente-pmp20000843843
20260805_055550,2026-08-05T06:12:35.819002+00:00,ripley_pe,tablets,20001469396,GENÉRICO,FUNDA PARA IPAD AIR M2 13' MAGNÉTICA 360° ROSA ANTISHOCK,99.9,129.9,29.47,2026-08-05,23,PEN,,,Ripley PE,https://simple.ripley.com.pe/funda-para-ipad-air-m2-13-magnetica-360-rosa-antishock-pmp20001469396
20260805_055550,2026-08-05T06:12:40.409862+00:00,ripley_pe,tablets,20000048137,NILLKIN,CASE SAMSUNG GALAXY Z FOLD 5 NILLKIN SUPER FROSTED SHIELD AZUL,118.0,130.0,34.81,2026-08-05,9,PEN,,,Ripley PE,https://simple.ripley.com.pe/case-samsung-galaxy-z-fold-5-nillkin-super-frosted-shield-azul-pmp20000048137
20260805_055550,2026-08-05T06:12:40.409862+00:00,ripley_pe,tablets,20000084281,GENÉRICO,CASE SAMSUNG 21 SPACE,29.99,40.0,8.85,2026-08-05,25,PEN,,,Ripley PE,https://simple.ripley.com.pe/case-samsung-21-space-pmp20000084281
20260805_055550,2026-08-05T06:12:40.410864+00:00,ripley_pe,tablets,20000100272,GENÉRICO,CASE SAMSUNG A02S SPACE + VIDRIO TEMPLADO,35.0,46.0,10.32,2026-08-05,24,PEN,,,Ripley PE,https://simple.ripley.com.pe/case-samsung-a02s-space-vidrio-templado-pmp20000100272
20260805_055550,2026-08-05T06:12:40.410864+00:00,ripley_pe,tablets,20000084291,GENÉRICO,CASE SAMSUNG A10 SPACE,29.99,40.0,8.85,2026-08-05,25,PEN,,,Ripley PE,https://simple.ripley.com.pe/case-samsung-a10-space-pmp20000084291
20260805_055550,2026-08-05T06:12:40.411863+00:00,ripley_pe,tablets,20000048160,NILLKIN,CASE SAMSUNG SILKY GALAXY Z FOLD 5 NILLKIN CAMSHIELD VERDE SILICON,96.0,100.0,28.32,2026-08-05,4,PEN,,,Ripley PE,https://simple.ripley.com.pe/case-samsung-silky-galaxy-z-fold-5-nillkin-camshield-verde-silicon-pmp20000048160
20260805_055550,2026-08-05T06:12:40.411863+00:00,ripley_pe,tablets,20000084254,GENÉRICO,CASE SAMSUNG A32 4G SPACE,29.99,40.0,8.85,2026-08-05,25,PEN,,,Ripley PE,https://simple.ripley.com.pe/case-samsung-a32-4g-space-pmp20000084254
20260805_055550,2026-08-05T06:12:40.412863+00:00,ripley_pe,tablets,20000456971,GENÉRICO,Case Ipad Air 4ta Generac 2020 Con Teclado,159.0,169.0,46.9,2026-08-05,6,PEN,,,Ripley PE,https://simple.ripley.com.pe/case-ipad-air-4ta-generac-2020-con-teclado-pmp20000456971
20260805_055550,2026-08-05T06:12:40.412863+00:00,ripley_pe,tablets,20000084286,GENÉRICO,CASE SAMSUNG A34 SPACE,29.99,40.0,8.85,2026-08-05,25,PEN,,,Ripley PE,https://simple.ripley.com.pe/case-samsung-a34-space-pmp20000084286
20260805_055550,2026-08-05T06:12:40.413863+00:00,ripley_pe,tablets,20000589474,SAMSUNG,CARGADOR SAMSUNG 25W PARA GALAXY TAB S9 ULTRA X910 X916,129.5,,38.2,2026-08-05,,PEN,,,Ripley PE,https://simple.ripley.com.pe/cargador-samsung-25w-para-galaxy-tab-s9-ultra-x910-x916-pmp20000589474
20260805_055550,2026-08-05T06:12:40.414863+00:00,ripley_pe,tablets,20001502396,ZAGG,TECLADO PRO KEYS CONNECT CON TRACKPAD Y FUNDA PARA IPAD AIR 11'' (M3/M2),379.0,389.0,111.8,2026-08-05,3,PEN,,,Ripley PE,https://simple.ripley.com.pe/teclado-pro-keys-connect-con-trackpad-y-funda-para-ipad-air-11-m3m2-pmp20001502396
20260805_055550,2026-08-05T06:12:40.414863+00:00,ripley_pe,tablets,20000084294,GENÉRICO,CASE SAMSUNG A02S SPACE,29.99,40.0,8.85,2026-08-05,25,PEN,,,Ripley PE,https://simple.ripley.com.pe/case-samsung-a02s-space-pmp20000084294
20260805_055550,2026-08-05T06:12:40.415863+00:00,ripley_pe,tablets,20000048179,NILLKIN,CASE SAMSUNG GALAXY Z FLIP5 NILLKIN VERDE,95.0,110.0,28.02,2026-08-05,14,PEN,,,Ripley PE,https://simple.ripley.com.pe/case-samsung-galaxy-z-flip5-nillkin-verde-pmp20000048179
20260805_055550,2026-08-05T06:12:40.415863+00:00,ripley_pe,tablets,20000084296,GENÉRICO,CASE SAMSUNG S21 ULTRA SPACE,29.99,40.0,8.85,2026-08-05,25,PEN,,,Ripley PE,https://simple.ripley.com.pe/case-samsung-s21-ultra-space-pmp20000084296
20260805_055550,2026-08-05T06:12:40.416863+00:00,ripley_pe,tablets,20000100270,GENÉRICO,CASE SAMSUNG A12 SPACE + VIDRIO TEMPLADO,35.0,46.0,10.32,2026-08-05,24,PEN,,,Ripley PE,https://simple.ripley.com.pe/case-samsung-a12-space-vidrio-templado-pmp20000100270
20260805_055550,2026-08-05T06:12:40.416863+00:00,ripley_pe,tablets,20000424755,AILUN,LÁPIZ AILUN S PEN STYLUS SAMSUNG GALAXY TAB S9 PLUS S8 PLUS S7 PLUS S7 FE MICA PAPEL,76.0,,22.42,2026-08-05,,PEN,,,Ripley PE,https://simple.ripley.com.pe/lapiz-ailun-s-pen-stylus-samsung-galaxy-tab-s9-plus-s8-plus-s7-plus-s7-fe-mica-papel-pmp20000424755
20260805_055550,2026-08-05T06:12:40.417863+00:00,ripley_pe,tablets,20000084251,GENÉRICO,CASE SAMSUNG 21 FE SPACE,29.99,40.0,8.85,2026-08-05,25,PEN,,,Ripley PE,https://simple.ripley.com.pe/case-samsung-21-fe-space-pmp20000084251
20260805_055550,2026-08-05T06:12:40.417863+00:00,ripley_pe,tablets,20000084236,GENÉRICO,CASE SAMSUNG S22 ULTRA SPACE,29.99,40.0,8.85,2026-08-05,25,PEN,,,Ripley PE,https://simple.ripley.com.pe/case-samsung-s22-ultra-space-pmp20000084236
20260805_055550,2026-08-05T06:12:40.418863+00:00,ripley_pe,tablets,20000084303,GENÉRICO,CASE SAMSUNG NOTE 20 ULTRA SPACE,29.99,40.0,8.85,2026-08-05,25,PEN,,,Ripley PE,https://simple.ripley.com.pe/case-samsung-note-20-ultra-space-pmp20000084303
20260805_055550,2026-08-05T06:12:40.418863+00:00,ripley_pe,tablets,20000084302,GENÉRICO,CASE SAMSUNG A24 SPACE,29.99,40.0,8.85,2026-08-05,25,PEN,,,Ripley PE,https://simple.ripley.com.pe/case-samsung-a24-space-pmp20000084302
20260805_055550,2026-08-05T06:12:40.419863+00:00,ripley_pe,tablets,20000100246,GENÉRICO,CASE SAMSUNG A20 SPACE + VIDRIO TEMPLADO,35.0,46.0,10.32,2026-08-05,24,PEN,,,Ripley PE,https://simple.ripley.com.pe/case-samsung-a20-space-vidrio-templado-pmp20000100246
20260805_055550,2026-08-05T06:12:40.419863+00:00,ripley_pe,tablets,20000084242,GENÉRICO,CASE SAMSUNG A13 5G SPACE,29.99,40.0,8.85,2026-08-05,25,PEN,,,Ripley PE,https://simple.ripley.com.pe/case-samsung-a13-5g-space-pmp20000084242
20260805_055550,2026-08-05T06:12:40.420863+00:00,ripley_pe,tablets,20000084269,GENÉRICO,CASE SAMSUNG S21 PLUS SPACE,29.99,40.0,8.85,2026-08-05,25,PEN,,,Ripley PE,https://simple.ripley.com.pe/case-samsung-s21-plus-space-pmp20000084269
20260805_055550,2026-08-05T06:12:40.420863+00:00,ripley_pe,tablets,20000100266,GENÉRICO,CASE SAMSUNG A03S SPACE + VIDRIO TEMPLADO,35.0,46.0,10.32,2026-08-05,24,PEN,,,Ripley PE,https://simple.ripley.com.pe/case-samsung-a03s-space-vidrio-templado-pmp20000100266
20260805_055550,2026-08-05T06:12:40.421864+00:00,ripley_pe,tablets,20001273372,GENÉRICO,TECLADO MAGNÉTICO PARA IPAD PRO 13 M5 2025 NEGRO A3360 A3361,599.9,,176.96,2026-08-05,,PEN,,,Ripley PE,https://simple.ripley.com.pe/teclado-magnetico-para-ipad-pro-13-m5-2025-negro-a3360-a3361-pmp20001273372
20260805_055550,2026-08-05T06:12:40.422864+00:00,ripley_pe,tablets,20000204461,GENÉRICO,LÁPIZ ANDROID 2022 PEN STYLUS SAMSUNG GALAXY TAB S8 ULTRA PLUS S7 S6 LITE S9 NEGRO,56.0,81.99,16.52,2026-08-05,32,PEN,,,Ripley PE,https://simple.ripley.com.pe/lapiz-android-2022-pen-stylus-samsung-galaxy-tab-s8-ultra-plus-s7-s6-lite-s9-negro-pmp20000204461
20260805_055550,2026-08-05T06:12:40.422864+00:00,ripley_pe,tablets,20001512923,ADVANCE,TABLET ADVANCE SMARTPAD SP5706 4G LTE 4GB RAM 64GB ROM - GRIS + FLIP COVER,449.0,999.0,132.45,2026-08-05,55,PEN,,,Ripley PE,https://simple.ripley.com.pe/tablet-advance-smartpad-sp5706-4g-lte-4gb-ram-64gb-rom-gris-flip-cover-pmp20001512923
20260805_055550,2026-08-05T06:12:40.423863+00:00,ripley_pe,tablets,20000100271,GENÉRICO,CASE SAMSUNG A23 SPACE + VIDRIO TEMPLADO,35.0,46.0,10.32,2026-08-05,24,PEN,,,Ripley PE,https://simple.ripley.com.pe/case-samsung-a23-space-vidrio-templado-pmp20000100271
20260805_055550,2026-08-05T06:12:40.423863+00:00,ripley_pe,tablets,20000100226,GENÉRICO,CASE SAMSUNG A31 SPACE + VIDRIO TEMPLADO,35.0,46.0,10.32,2026-08-05,24,PEN,,,Ripley PE,https://simple.ripley.com.pe/case-samsung-a31-space-vidrio-templado-pmp20000100226
20260805_055550,2026-08-05T06:12:40.424863+00:00,ripley_pe,tablets,20000204428,GENÉRICO,LÁPIZ ANDROID 2022 S PEN STYLUS SAMSUNG GALAXY TAB S8 ULTRA PLUS S7 S6 FUNDA,69.0,101.99,20.35,2026-08-05,32,PEN,,,Ripley PE,https://simple.ripley.com.pe/lapiz-android-2022-s-pen-stylus-samsung-galaxy-tab-s8-ultra-plus-s7-s6-funda-pmp20000204428
20260805_055550,2026-08-05T06:12:40.424863+00:00,ripley_pe,tablets,20000084264,GENÉRICO,CASE SAMSUNG A03 CORE SPACE,29.99,40.0,8.85,2026-08-05,25,PEN,,,Ripley PE,https://simple.ripley.com.pe/case-samsung-a03-core-space-pmp20000084264
20260805_055550,2026-08-05T06:12:40.425864+00:00,ripley_pe,tablets,20000589141,SAMSUNG,"CASE GALAXY TAB E T560 T565 SAMSUNG 9.6"" BOOK COVER",149.9,,44.22,2026-08-05,,PEN,,,Ripley PE,https://simple.ripley.com.pe/case-galaxy-tab-e-t560-t565-samsung-96-book-cover-pmp20000589141
20260805_055550,2026-08-05T06:12:40.425864+00:00,ripley_pe,tablets,20000048173,NILLKIN,CASE SAMSUNG GALAXY Z FLIP5 NILLKIN NEGRO,95.0,110.0,28.02,2026-08-05,14,PEN,,,Ripley PE,https://simple.ripley.com.pe/case-samsung-galaxy-z-flip5-nillkin-negro-pmp20000048173
20260805_055550,2026-08-05T06:12:40.426864+00:00,ripley_pe,tablets,20001272672,MOKO,MOKO BOOK COVER (MAG) CASE PARA GALAXY TAB S10 LITE X400,169.9,,50.12,2026-08-05,,PEN,,,Ripley PE,https://simple.ripley.com.pe/moko-book-cover-mag-case-para-galaxy-tab-s10-lite-x400-pmp20001272672
20260805_055550,2026-08-05T06:12:40.426864+00:00,ripley_pe,tablets,20000283531,GENÉRICO,"CASE IPAD PRO OEM 11"" FUNDA PREMIUM NEGRO + PORTA PENCIL",84.9,,25.04,2026-08-05,,PEN,,,Ripley PE,https://simple.ripley.com.pe/case-ipad-pro-oem-11-funda-premium-negro-porta-pencil-pmp20000283531
20260805_055550,2026-08-05T06:12:40.427863+00:00,ripley_pe,tablets,20000048168,NILLKIN,CASE SAMSUNG GALAXY Z FOLD 5 NILLKIN CAMSHIELD VERDE,129.0,150.0,38.05,2026-08-05,14,PEN,,,Ripley PE,https://simple.ripley.com.pe/case-samsung-galaxy-z-fold-5-nillkin-camshield-verde-pmp20000048168
20260805_055550,2026-08-05T06:12:40.428864+00:00,ripley_pe,tablets,20001355149,APPLE,NUEVO IPAD AIR 11″ CHIP M4 128GB 8GB RAM CÁMARA 12MP WI-FI,2999.0,3599.0,884.66,2026-08-05,17,PEN,,,Ripley PE,https://simple.ripley.com.pe/nuevo-ipad-air-11-chip-m4-128gb-8gb-ram-camara-12mp-wi-fi-pmp20001355149
20260805_055550,2026-08-05T06:12:40.428864+00:00,ripley_pe,tablets,20000084240,GENÉRICO,CASE SAMSUNG A21S SPACE,29.99,40.0,8.85,2026-08-05,25,PEN,,,Ripley PE,https://simple.ripley.com.pe/case-samsung-a21s-space-pmp20000084240
20260805_055550,2026-08-05T06:12:40.429864+00:00,ripley_pe,tablets,20000084301,GENÉRICO,CASE SAMSUNG A23 SPACE,29.99,40.0,8.85,2026-08-05,25,PEN,,,Ripley PE,https://simple.ripley.com.pe/case-samsung-a23-space-pmp20000084301
20260805_055550,2026-08-05T06:12:40.429864+00:00,ripley_pe,tablets,20000589860,LOGITECH,TECLADO LOGITECH SLIM FOLIO IPAD 10.2 7MA 8VA 9NA GEN,849.5,,250.59,2026-08-05,,PEN,,,Ripley PE,https://simple.ripley.com.pe/teclado-logitech-slim-folio-ipad-102-7ma-8va-9na-gen-pmp20000589860
20260805_055550,2026-08-05T06:12:40.430862+00:00,ripley_pe,tablets,20000589818,SAMSUNG,LÁPIZ SAMSUNG S-PEN STYLUS GALAXY S6 LITE P610,269.5,,79.5,2026-08-05,,PEN,,,Ripley PE,https://simple.ripley.com.pe/lapiz-samsung-s-pen-stylus-galaxy-s6-lite-p610-pmp20000589818
20260805_055550,2026-08-05T06:12:40.430862+00:00,ripley_pe,tablets,20000084225,GENÉRICO,CASE SAMSUNG A72 4G SPACE,29.99,40.0,8.85,2026-08-05,25,PEN,,,Ripley PE,https://simple.ripley.com.pe/case-samsung-a72-4g-space-pmp20000084225
20260805_055550,2026-08-05T06:12:40.431864+00:00,ripley_pe,tablets,20000203916,GENÉRICO,PUNTA SAMSUNG GALAXY TAB S9 FE Y S9 FE PLUS CON FUNDA S PEN LILA,46.9,66.99,13.83,2026-08-05,30,PEN,,,Ripley PE,https://simple.ripley.com.pe/punta-samsung-galaxy-tab-s9-fe-y-s9-fe-plus-con-funda-s-pen-lila-pmp20000203916
20260805_055550,2026-08-05T06:12:40.431864+00:00,ripley_pe,tablets,20000204462,GENÉRICO,LÁPIZ ANDROID 2022 PEN STYLUS SAMSUNG GALAXY TAB S6 LITE NEGRO,49.0,101.99,14.45,2026-08-05,52,PEN,,,Ripley PE,https://simple.ripley.com.pe/lapiz-android-2022-pen-stylus-samsung-galaxy-tab-s6-lite-negro-pmp20000204462
20260805_055550,2026-08-05T06:12:40.432863+00:00,ripley_pe,tablets,20000089913,GENÉRICO,CASE HORNO HONOR X8A SPACE,29.99,40.0,8.85,2026-08-05,25,PEN,,,Ripley PE,https://simple.ripley.com.pe/case-horno-honor-x8a-space-pmp20000089913
20260805_055550,2026-08-05T06:12:40.433864+00:00,ripley_pe,tablets,20001231469,GENÉRICO,CASE CON TECLADO BLUETOOTH SAMSUNG S6 LITE - NEGRO,139.0,,41.0,2026-08-05,,PEN,,,Ripley PE,https://simple.ripley.com.pe/case-con-teclado-bluetooth-samsung-s6-lite-negro-pmp20001231469
20260805_055550,2026-08-05T06:12:40.434863+00:00,ripley_pe,tablets,20001009917,GENÉRICO,CASE PARA GALAXY TAB S6 LITE 2024 P620 P625 FUNDA PROTECTOR,69.9,,20.62,2026-08-05,,PEN,,,Ripley PE,https://simple.ripley.com.pe/case-para-galaxy-tab-s6-lite-2024-p620-p625-funda-protector-pmp20001009917
20260805_055550,2026-08-05T06:12:40.434863+00:00,ripley_pe,tablets,20000005814,GENÉRICO,"FUNDA PARA TABLET HUAWEI MATEPAD SE AGS5-L09/W09 AGS5-L09 W09 10.4"" BOOK COVER AZUL",79.9,129.0,23.57,2026-08-05,38,PEN,,,Ripley PE,https://simple.ripley.com.pe/funda-para-tablet-huawei-matepad-se-ags5-l09w09-ags5-l09-w09-104-book-cover-azul-pmp20000005814
20260805_055550,2026-08-05T06:12:45.107164+00:00,ripley_pe,tablets,20001480188,MOKO,SMART CASE MOKO PARA IPAD AIR 11 M4 CHIP (2026) A3459 A3460 A3463 NEGRO,126.82,,37.41,2026-08-05,,PEN,,,Ripley PE,https://simple.ripley.com.pe/smart-case-moko-para-ipad-air-11-m4-chip-2026-a3459-a3460-a3463-negro-pmp20001480188
20260805_055550,2026-08-05T06:12:45.108165+00:00,ripley_pe,tablets,00003576075,RYBIU,CARGADOR UNIVERSAL NEGRO PARA ORDENADOR PORTATIL,49.9,,14.72,2026-08-05,,PEN,,,Ripley PE,https://simple.ripley.com.pe/cargador-universal-negro-para-ordenador-portatil-pmp00003576075
20260805_055550,2026-08-05T06:12:45.108165+00:00,ripley_pe,tablets,20001341076,GENÉRICO,FUNDA DE GOMA CON DISEÑO LIKE PARA TABLET SAMSUNG GALAXY TAB A11 PLUS 11' MORADO,69.9,120.0,20.62,2026-08-05,42,PEN,,,Ripley PE,https://simple.ripley.com.pe/funda-de-goma-con-diseno-like-para-tablet-samsung-galaxy-tab-a11-plus-11-morado-pmp20001341076
20260805_055550,2026-08-05T06:12:45.109165+00:00,ripley_pe,tablets,00003245331,HYGGE TECH,CASE IPAD 10.9' 10MA GENERACIÓN PROTECTOR CON RANURA PENCIL PLATEADO,59.0,139.0,17.4,2026-08-05,58,PEN,,,Ripley PE,https://simple.ripley.com.pe/case-ipad-109-10ma-generacion-protector-con-ranura-pencil-plateado-pmp00003245331
20260805_055550,2026-08-05T06:12:45.110164+00:00,ripley_pe,tablets,20000005856,GENÉRICO,"FUNDA PARA TABLET SAMSUNG S6 LITE SM-P610 10.4"" GIRATORIA FUCSIA",45.0,99.0,13.27,2026-08-05,55,PEN,,,Ripley PE,https://simple.ripley.com.pe/funda-para-tablet-samsung-s6-lite-sm-p610-104-giratoria-fucsia-pmp20000005856
20260805_055550,2026-08-05T06:12:45.110164+00:00,ripley_pe,tablets,20001273266,GENÉRICO,CASE PARA IPAD PRO 11 M5 (2025) A3357 A3358 CLEAR / NEGRO,75.9,,22.39,2026-08-05,,PEN,,,Ripley PE,https://simple.ripley.com.pe/case-para-ipad-pro-11-m5-2025-a3357-a3358-clear-negro-pmp20001273266
20260805_055550,2026-08-05T06:12:45.111165+00:00,ripley_pe,tablets,20000589493,SAMSUNG,"CASE GALAXY NOTE PRO P900 P905 SAMSUNG 12.2"" BOOK COVER",199.9,,58.97,2026-08-05,,PEN,,,Ripley PE,https://simple.ripley.com.pe/case-galaxy-note-pro-p900-p905-samsung-122-book-cover-pmp20000589493
20260805_055550,2026-08-05T06:12:45.111165+00:00,ripley_pe,tablets,20001273224,SAMSUNG,SAMSUNG LÁPIZ S-PEN GALAXY Z FOLD 7 FOLD7 ORIGINAL STYLUS,339.5,,100.15,2026-08-05,,PEN,,,Ripley PE,https://simple.ripley.com.pe/samsung-lapiz-s-pen-galaxy-z-fold-7-fold7-original-stylus-pmp20001273224
20260805_055550,2026-08-05T06:12:45.112164+00:00,ripley_pe,tablets,20001008602,GENÉRICO,TECLADO MAGNÉTICO PARA IPAD A16 CHIP 11MA GEN (2025) NEGRO,499.5,,147.35,2026-08-05,,PEN,,,Ripley PE,https://simple.ripley.com.pe/teclado-magnetico-para-ipad-a16-chip-11ma-gen-2025-negro-pmp20001008602
20260805_055550,2026-08-05T06:12:45.113164+00:00,ripley_pe,tablets,20000752775,APPLE,TECLADO APPLE MAGIC KEYBOARD IPAD PRO 11 M1 3GEN OPEN BOX,1499.9,,442.45,2026-08-05,,PEN,,,Ripley PE,https://simple.ripley.com.pe/teclado-apple-magic-keyboard-ipad-pro-11-m1-3gen-open-box-pmp20000752775
20260805_055550,2026-08-05T06:12:45.113164+00:00,ripley_pe,tablets,20001248346,GENÉRICO,TECLADO TOUCHPAD BLUETOOTH ULTRA SLIM - NEGRO,69.9,,20.62,2026-08-05,,PEN,,,Ripley PE,https://simple.ripley.com.pe/teclado-touchpad-bluetooth-ultra-slim-negro-pmp20001248346
20260805_055550,2026-08-05T06:12:45.114164+00:00,ripley_pe,tablets,20001273500,GENÉRICO,TECLADO PORTÁTIL TOUCHFOLD PARA GALAXY TAB S7 FE T730 T735,285.9,,84.34,2026-08-05,,PEN,,,Ripley PE,https://simple.ripley.com.pe/teclado-portatil-touchfold-para-galaxy-tab-s7-fe-t730-t735-pmp20001273500
20260805_055550,2026-08-05T06:12:45.114164+00:00,ripley_pe,tablets,20001008690,GENÉRICO,CASE CON TECLADO MAGNÉTICO PARA GALAXY TAB S10 FE 10.9 X520,499.5,,147.35,2026-08-05,,PEN,,,Ripley PE,https://simple.ripley.com.pe/case-con-teclado-magnetico-para-galaxy-tab-s10-fe-109-x520-pmp20001008690
20260805_055550,2026-08-05T06:12:45.115165+00:00,ripley_pe,tablets,20000722384,GENÉRICO,"TABLET FOREMANSHOP 8.5"" A DIBUJO LCD PARA NIÑOS",30.0,65.0,8.85,2026-08-05,54,PEN,,,Ripley PE,https://simple.ripley.com.pe/tablet-foremanshop-85-a-dibujo-lcd-para-ninos-pmp20000722384
20260805_055550,2026-08-05T06:12:45.116164+00:00,ripley_pe,tablets,20000752821,APPLE,TECLADO APPLE SMART KEYBOARD IPAD PRO 12.9 2015 A1584 A1652,549.0,,161.95,2026-08-05,,PEN,,,Ripley PE,https://simple.ripley.com.pe/teclado-apple-smart-keyboard-ipad-pro-129-2015-a1584-a1652-pmp20000752821
20260805_055550,2026-08-05T06:12:45.116164+00:00,ripley_pe,tablets,20000590086,SAMSUNG,TECLADO SAMSUNG SLIM BOOK COVER KEYBOARD TAB S8 PLUS X800,849.9,,250.71,2026-08-05,,PEN,,,Ripley PE,https://simple.ripley.com.pe/teclado-samsung-slim-book-cover-keyboard-tab-s8-plus-x800-pmp20000590086
20260805_055550,2026-08-05T06:12:45.117165+00:00,ripley_pe,tablets,20000274642,GENÉRICO,"FUNDA PARA TABLET LENOVO M9 2023 TB-310FU-XU ARMOR 9"" 360° AZUL",99.9,199.0,29.47,2026-08-05,50,PEN,,,Ripley PE,https://simple.ripley.com.pe/funda-para-tablet-lenovo-m9-2023-tb-310fu-xu-armor-9-360-azul-pmp20000274642
20260805_055550,2026-08-05T06:12:45.117165+00:00,ripley_pe,tablets,20000807090,GENÉRICO,CASE FUNDA ESTUCHE PARA GALAXY TAB A9 PLUS 11 X210 Y MICA,76.0,106.0,22.42,2026-08-05,28,PEN,,,Ripley PE,https://simple.ripley.com.pe/case-funda-estuche-para-galaxy-tab-a9-plus-11-x210-y-mica-pmp20000807090
20260805_055550,2026-08-05T06:12:45.118166+00:00,ripley_pe,tablets,20001008627,GENÉRICO,CASE TECLADO DEXNOR TOUCH PARA GALAXY TAB S10 FE 10.9 X520,599.9,,176.96,2026-08-05,,PEN,,,Ripley PE,https://simple.ripley.com.pe/case-teclado-dexnor-touch-para-galaxy-tab-s10-fe-109-x520-pmp20001008627
20260805_055550,2026-08-05T06:12:45.119165+00:00,ripley_pe,tablets,20000754136,GENÉRICO,TECLADO MAGNÉTICO CON TOUCH PARA GALAXY TAB S7 FE T730,499.5,,147.35,2026-08-05,,PEN,,,Ripley PE,https://simple.ripley.com.pe/teclado-magnetico-con-touch-para-galaxy-tab-s7-fe-t730-pmp20000754136
20260805_055550,2026-08-05T06:12:45.119165+00:00,ripley_pe,tablets,20000754138,GENÉRICO,TECLADO MAGNÉTICO DEXNOR PARA GALAXY TAB S10 ULTRA X920,599.9,,176.96,2026-08-05,,PEN,,,Ripley PE,https://simple.ripley.com.pe/teclado-magnetico-dexnor-para-galaxy-tab-s10-ultra-x920-pmp20000754138
20260805_055550,2026-08-05T06:12:45.120165+00:00,ripley_pe,tablets,20000590827,SAMSUNG,TECLADO SAMSUNG BOOK COVER KEYBOARD GALAXY TAB S8 PLUS X800,998.9,,294.66,2026-08-05,,PEN,,,Ripley PE,https://simple.ripley.com.pe/teclado-samsung-book-cover-keyboard-galaxy-tab-s8-plus-x800-pmp20000590827
20260805_055550,2026-08-05T06:12:45.120165+00:00,ripley_pe,tablets,20000344923,APPLE,IPAD AIR 128GB STARLIGHT,4479.11,7614.48,1321.27,2026-08-05,41,PEN,,,Ripley PE,https://simple.ripley.com.pe/ipad-air-128gb-starlight-pmp20000344923
20260805_055550,2026-08-05T06:12:45.121165+00:00,ripley_pe,tablets,20001480454,LOGITECH,TECLADO LOGITECH FOLIO TOUCH IPAD AIR 11 M4 CHIP (2026) A3459 A3460 A3463,795.9,,234.78,2026-08-05,,PEN,,,Ripley PE,https://simple.ripley.com.pe/teclado-logitech-folio-touch-ipad-air-11-m4-chip-2026-a3459-a3460-a3463-pmp20001480454
20260805_055550,2026-08-05T06:12:45.121165+00:00,ripley_pe,tablets,20000584686,GENÉRICO,SOPORTE HOLDER 360° ACERO PLEGABLE CELULAR TABLET PLATEADO,45.0,,13.27,2026-08-05,,PEN,,,Ripley PE,https://simple.ripley.com.pe/soporte-holder-360-acero-plegable-celular-tablet-plateado-pmp20000584686
20260805_055550,2026-08-05T06:12:45.122164+00:00,ripley_pe,tablets,20000048136,NILLKIN,CASE SAMSUNG GALAXY Z FOLD 5 NILLKIN CAMSHIELD AZUL,129.0,150.0,38.05,2026-08-05,14,PEN,,,Ripley PE,https://simple.ripley.com.pe/case-samsung-galaxy-z-fold-5-nillkin-camshield-azul-pmp20000048136
20260805_055550,2026-08-05T06:12:45.122164+00:00,ripley_pe,tablets,20001457090,GENÉRICO,FUNDA CON TECLADO TOUCH IPAD AIR M4 11' AZUL,209.9,239.9,61.92,2026-08-05,13,PEN,,,Ripley PE,https://simple.ripley.com.pe/funda-con-teclado-touch-ipad-air-m4-11-azul-pmp20001457090
20260805_055550,2026-08-05T06:12:45.123169+00:00,ripley_pe,tablets,20001472720,GENÉRICO,FUNDA CASE PROTECTOR ACRILICO MACBOOCK AIR 13.3 CHIP M1 (MODELOS: A2337/A2179/A1932) - NEGRO MATE,89.0,99.0,26.25,2026-08-05,10,PEN,,,Ripley PE,https://simple.ripley.com.pe/funda-case-protector-acrilico-macboock-air-133-chip-m1-modelos-a2337a2179a1932-negro-mate-pmp20001472720
20260805_055550,2026-08-05T06:12:45.124169+00:00,ripley_pe,tablets,20000048145,NILLKIN,CASE IPHONE 15 PRO MAX NILLKIN FUNDA CAMSHIELD HIBRIDA NEGRO,96.0,120.0,28.32,2026-08-05,20,PEN,,,Ripley PE,https://simple.ripley.com.pe/case-iphone-15-pro-max-nillkin-funda-camshield-hibrida-negro-pmp20000048145
20260805_055550,2026-08-05T06:12:45.124169+00:00,ripley_pe,tablets,20000711874,GENÉRICO,FUNDA CON TECLADO TOUCH PARA SAMSUNG TAB S9 PLUS NEGRO RESISTENTE,209.9,239.9,61.92,2026-08-05,13,PEN,,,Ripley PE,https://simple.ripley.com.pe/funda-con-teclado-touch-para-samsung-tab-s9-plus-negro-resistente-pmp20000711874
20260805_055550,2026-08-05T06:12:45.124169+00:00,ripley_pe,tablets,20001135568,GENÉRICO,"TABLETA XP-PEN DECO PRO MW G2 16K - TABLETA GRÁFICA PROFESIONAL DE 9X6 PULGADAS, PRECISA Y VERSÁTIL",809.0,1219.0,238.64,2026-08-05,34,PEN,,,Ripley PE,https://simple.ripley.com.pe/tableta-xp-pen-deco-pro-mw-g2-16k-tableta-grafica-profesional-de-9x6-pulgadas-precisa-y-versatil-pmp20001135568
20260805_055550,2026-08-05T06:12:45.125169+00:00,ripley_pe,tablets,20001480263,URBAN ARMOR GEAR,CASE UAG LUCENT PARA IPAD MINI 7 GEN (2024) A2993 A2995,169.5,,50.0,2026-08-05,,PEN,,,Ripley PE,https://simple.ripley.com.pe/case-uag-lucent-para-ipad-mini-7-gen-2024-a2993-a2995-pmp20001480263
20260805_055550,2026-08-05T06:12:45.126169+00:00,ripley_pe,tablets,20000866889,OEMGENUINE,MAGIC KEYBOARD 360° PARA IPAD AIR 11' 2024 - NEGRO,499.0,,147.2,2026-08-05,,PEN,,,Ripley PE,https://simple.ripley.com.pe/magic-keyboard-360-para-ipad-air-11-2024-negro-pmp20000866889
20260805_055550,2026-08-05T06:12:45.126169+00:00,ripley_pe,tablets,20000589116,SAMSUNG,"CASE GALAXY TAB 4 T230 SAMSUNG 7"" BOOK COVER",99.9,,29.47,2026-08-05,,PEN,,,Ripley PE,https://simple.ripley.com.pe/case-galaxy-tab-4-t230-samsung-7-book-cover-pmp20000589116
20260805_055550,2026-08-05T06:12:45.127169+00:00,ripley_pe,tablets,20000588712,SAMSUNG,CARGADOR SAMSUNG 65WATTS PARA GALAXY TAB S8 PLUS X800,395.9,,116.78,2026-08-05,,PEN,,,Ripley PE,https://simple.ripley.com.pe/cargador-samsung-65watts-para-galaxy-tab-s8-plus-x800-pmp20000588712
20260805_055550,2026-08-05T06:12:45.129169+00:00,ripley_pe,tablets,20000084279,GENÉRICO,CASE SAMSUNG A22 4G SPACE,29.99,40.0,8.85,2026-08-05,25,PEN,,,Ripley PE,https://simple.ripley.com.pe/case-samsung-a22-4g-space-pmp20000084279
20260805_055550,2026-08-05T06:12:45.129169+00:00,ripley_pe,tablets,20000084221,GENÉRICO,CASE SAMSUNG A02 SPACE,29.99,40.0,8.85,2026-08-05,25,PEN,,,Ripley PE,https://simple.ripley.com.pe/case-samsung-a02-space-pmp20000084221
20260805_055550,2026-08-05T06:12:45.130169+00:00,ripley_pe,tablets,20000100243,GENÉRICO,CASE SAMSUNG A04 SPACE + VIDRIO TEMPLADO,35.0,46.0,10.32,2026-08-05,24,PEN,,,Ripley PE,https://simple.ripley.com.pe/case-samsung-a04-space-vidrio-templado-pmp20000100243
20260805_055550,2026-08-05T06:12:45.130169+00:00,ripley_pe,tablets,20000084298,GENÉRICO,CASE SAMSUNG A71 SPACE,29.99,40.0,8.85,2026-08-05,25,PEN,,,Ripley PE,https://simple.ripley.com.pe/case-samsung-a71-space-pmp20000084298
20260805_055550,2026-08-05T06:12:45.132169+00:00,ripley_pe,tablets,20000819832,WIWU,SOPORTE AJUSTABLE DE ALUMINIO PARA LAPTOP WIWU S900 GRIS,99.0,120.0,29.2,2026-08-05,18,PEN,,,Ripley PE,https://simple.ripley.com.pe/soporte-ajustable-de-aluminio-para-laptop-wiwu-s900-gris-pmp20000819832
20260805_055550,2026-08-05T06:12:45.133169+00:00,ripley_pe,tablets,20000048138,NILLKIN,CASE SAMSUNG SILKY GALAXY Z FOLD 5 NILLKIN CAMSHIELD NEGRO SILICON,96.0,100.0,28.32,2026-08-05,4,PEN,,,Ripley PE,https://simple.ripley.com.pe/case-samsung-silky-galaxy-z-fold-5-nillkin-camshield-negro-silicon-pmp20000048138
20260805_055550,2026-08-05T06:12:45.133169+00:00,ripley_pe,tablets,20000694447,GENÉRICO,"FUNDA IPAD PRO M4 2024 2024 11"" CASE SMART LAVANDA",109.0,,32.15,2026-08-05,,PEN,,,Ripley PE,https://simple.ripley.com.pe/funda-ipad-pro-m4-2024-2024-11-case-smart-lavanda-pmp20000694447
20260805_055550,2026-08-05T06:12:49.369336+00:00,ripley_pe,tablets,20000084228,GENÉRICO,CASE SAMSUNG S10 SPACE,29.99,40.0,8.85,2026-08-05,25,PEN,,,Ripley PE,https://simple.ripley.com.pe/case-samsung-s10-space-pmp20000084228
20260805_055550,2026-08-05T06:12:49.372336+00:00,ripley_pe,tablets,20000100239,GENÉRICO,CASE SAMSUNG A13 4G SPACE + VIDRIO TEMPLADO,35.0,46.0,10.32,2026-08-05,24,PEN,,,Ripley PE,https://simple.ripley.com.pe/case-samsung-a13-4g-space-vidrio-templado-pmp20000100239
20260805_055550,2026-08-05T06:12:49.373847+00:00,ripley_pe,tablets,20000084249,GENÉRICO,CASE SAMSUNG S9 PLUS SPACE,29.99,40.0,8.85,2026-08-05,25,PEN,,,Ripley PE,https://simple.ripley.com.pe/case-samsung-s9-plus-space-pmp20000084249
20260805_055550,2026-08-05T06:12:49.374526+00:00,ripley_pe,tablets,20001009619,GENÉRICO,CASE PARA GALAXY TAB S9 FE X510 / TAB S10 FE X520 (2025),69.9,,20.62,2026-08-05,,PEN,,,Ripley PE,https://simple.ripley.com.pe/case-para-galaxy-tab-s9-fe-x510-tab-s10-fe-x520-2025-pmp20001009619
20260805_055550,2026-08-05T06:12:49.374526+00:00,ripley_pe,tablets,20000204458,GENÉRICO,LÁPIZ ANDROID 2022 REPUESTO PEN STYLUS SAMSUNG GALAXY Z FOLD 4 Y FOLD 3,62.0,86.99,18.29,2026-08-05,29,PEN,,,Ripley PE,https://simple.ripley.com.pe/lapiz-android-2022-repuesto-pen-stylus-samsung-galaxy-z-fold-4-y-fold-3-pmp20000204458
20260805_055550,2026-08-05T06:12:49.374526+00:00,ripley_pe,tablets,20000100267,GENÉRICO,CASE SAMSUNG A10 SPACE + VIDRIO TEMPLADO,35.0,46.0,10.32,2026-08-05,24,PEN,,,Ripley PE,https://simple.ripley.com.pe/case-samsung-a10-space-vidrio-templado-pmp20000100267
20260805_055550,2026-08-05T06:12:49.379057+00:00,ripley_pe,tablets,20000701138,GENÉRICO,CASE IPHONE 16 PRO MAX SILICONA NARANJA,29.99,33.0,8.85,2026-08-05,9,PEN,,,Ripley PE,https://simple.ripley.com.pe/case-iphone-16-pro-max-silicona-naranja-pmp20000701138
20260805_055550,2026-08-05T06:12:49.392057+00:00,ripley_pe,tablets,20001009875,GENÉRICO,FUNDA CASE PARA IPAD AIR 11 M3 CHIP (2025) VERDE,78.9,,23.27,2026-08-05,,PEN,,,Ripley PE,https://simple.ripley.com.pe/funda-case-para-ipad-air-11-m3-chip-2025-verde-pmp20001009875
20260805_055550,2026-08-05T06:12:49.392057+00:00,ripley_pe,tablets,20001490063,GENÉRICO,FUNDA PROTECTOR ANTIGOLPE ARMOR 360° PARA REDMI PAD 2 PRO 12 .1' - NEGRO,134.9,219.9,39.79,2026-08-05,39,PEN,,,Ripley PE,https://simple.ripley.com.pe/funda-protector-antigolpe-armor-360-para-redmi-pad-2-pro-12-1-negro-pmp20001490063
20260805_055550,2026-08-05T06:12:49.393057+00:00,ripley_pe,tablets,20001444365,GENÉRICO,FUNDA CON TECLADO BLUETOOTH TOUCHPAD PARA IPAD A16 11TH 10TH - ROSADO,169.9,259.9,50.12,2026-08-05,35,PEN,,,Ripley PE,https://simple.ripley.com.pe/funda-con-teclado-bluetooth-touchpad-para-ipad-a16-11th-10th-rosado-pmp20001444365
20260805_055550,2026-08-05T06:12:49.393057+00:00,ripley_pe,tablets,20000590037,SAMSUNG,LÁPIZ SAMSUNG S-PEN GALAXY TAB S10 PLUS X820 STYLUS ORIGINAL,389.5,,114.9,2026-08-05,,PEN,,,Ripley PE,https://simple.ripley.com.pe/lapiz-samsung-s-pen-galaxy-tab-s10-plus-x820-stylus-original-pmp20000590037
20260805_055550,2026-08-05T06:12:54.069316+00:00,ripley_pe,tablets,20000204455,GENÉRICO,LÁPIZ 2022 PEN STYLUS SAMSUNG GALAXY TAB S8 ULTRA PLUS S7 S6 LITE S9 NEGRO,49.0,81.99,14.45,2026-08-05,40,PEN,,,Ripley PE,https://simple.ripley.com.pe/lapiz-2022-pen-stylus-samsung-galaxy-tab-s8-ultra-plus-s7-s6-lite-s9-negro-pmp20000204455
20260805_055550,2026-08-05T06:12:54.069316+00:00,ripley_pe,tablets,20000801036,GENÉRICO,MICA VIDRIO TEMPLADO PARA IPAD 11 GENERACION 2025 Y PUNTAS a16,46.0,66.0,13.57,2026-08-05,30,PEN,,,Ripley PE,https://simple.ripley.com.pe/mica-vidrio-templado-para-ipad-11-generacion-2025-y-puntas-a16-pmp20000801036
20260805_055550,2026-08-05T06:12:54.070316+00:00,ripley_pe,tablets,20001274474,GENÉRICO,FUNDA CON TECLADO TOUCH FOR IPAD AIR M2 11' LILA,209.9,239.9,61.92,2026-08-05,13,PEN,,,Ripley PE,https://simple.ripley.com.pe/funda-con-teclado-touch-for-ipad-air-m2-11-lila-pmp20001274474
20260805_055550,2026-08-05T06:12:54.070316+00:00,ripley_pe,tablets,20000588974,SAMSUNG,CASE GALAXY TAB S3 T820 T825 SAMSUNG BOOK COVER,289.9,,85.52,2026-08-05,,PEN,,,Ripley PE,https://simple.ripley.com.pe/case-galaxy-tab-s3-t820-t825-samsung-book-cover-pmp20000588974
20260805_055550,2026-08-05T06:12:54.071315+00:00,ripley_pe,tablets,20001009711,GENÉRICO,FUNDA CASE PARA IPAD AIR 11 M3 2025 AIR 4 / 5 / 6 M2 11 2024,68.9,,20.32,2026-08-05,,PEN,,,Ripley PE,https://simple.ripley.com.pe/funda-case-para-ipad-air-11-m3-2025-air-4-5-6-m2-11-2024-pmp20001009711
20260805_055550,2026-08-05T06:12:54.072315+00:00,ripley_pe,tablets,20001008552,LOGITECH,TECLADO LOGITECH RUGGED COMBO 4 TOUCH IPAD A16 CHIP 11MA GEN,749.5,,221.09,2026-08-05,,PEN,,,Ripley PE,https://simple.ripley.com.pe/teclado-logitech-rugged-combo-4-touch-ipad-a16-chip-11ma-gen-pmp20001008552
20260805_055550,2026-08-05T06:12:54.072315+00:00,ripley_pe,tablets,00002843137,GENÉRICO,CARGADOR DELL 195V 231A LAPTOP COMPATIBLE 19.5V 2.31A 7.4X5.0MM SANTOFA ELECTRONICS,54.0,100.0,15.93,2026-08-05,46,PEN,,,Ripley PE,https://simple.ripley.com.pe/cargador-dell-195v-231a-laptop-compatible-195v-231a-74x50mm-santofa-electronics-pmp00002843137
20260805_055550,2026-08-05T06:12:54.073315+00:00,ripley_pe,tablets,20001273395,GENÉRICO,CASE CON TECLADO MAGNÉTICO PARA GALAXY TAB S10 LITE X400,599.9,,176.96,2026-08-05,,PEN,,,Ripley PE,https://simple.ripley.com.pe/case-con-teclado-magnetico-para-galaxy-tab-s10-lite-x400-pmp20001273395
20260805_055550,2026-08-05T06:12:54.073315+00:00,ripley_pe,tablets,20000005840,GENÉRICO,"FUNDA PARA TABLET HUAWEI MATEPAD SE AGS5-L09/W09 AGS5-L09 W09 10.4"" GIRATORIA ROJO",45.0,99.0,13.27,2026-08-05,55,PEN,,,Ripley PE,https://simple.ripley.com.pe/funda-para-tablet-huawei-matepad-se-ags5-l09w09-ags5-l09-w09-104-giratoria-rojo-pmp20000005840
20260805_055550,2026-08-05T06:12:54.074315+00:00,ripley_pe,tablets,20001009449,GENÉRICO,CASE PARA IPAD PRO 11 2020 2GEN A2068 A2228 CON PORTALAPIZ,68.5,,20.21,2026-08-05,,PEN,,,Ripley PE,https://simple.ripley.com.pe/case-para-ipad-pro-11-2020-2gen-a2068-a2228-con-portalapiz-pmp20001009449
20260805_055550,2026-08-05T06:12:54.075316+00:00,ripley_pe,tablets,20000274580,GENÉRICO,"FUNDA PARA TABLET SAMSUNG TAB S9 PLUS FE 12.4"" BOOK COVER MORADO",79.9,145.0,23.57,2026-08-05,45,PEN,,,Ripley PE,https://simple.ripley.com.pe/funda-para-tablet-samsung-tab-s9-plus-fe-124-book-cover-morado-pmp20000274580
20260805_055550,2026-08-05T06:12:54.079317+00:00,ripley_pe,tablets,20000590498,SAMSUNG,CARGADOR GALAXY TAB S9 FE 10.9 X510 SAMSUNG 35WATTS DUO,164.0,,48.38,2026-08-05,,PEN,,,Ripley PE,https://simple.ripley.com.pe/cargador-galaxy-tab-s9-fe-109-x510-samsung-35watts-duo-pmp20000590498
20260805_055550,2026-08-05T06:12:54.079317+00:00,ripley_pe,tablets,20000204505,GENÉRICO,APPLE PENCIL 2 ALTERNATIVO CON CARGA INALÁMBRICA MAGNETICA INCLINACION,75.0,106.99,22.12,2026-08-05,30,PEN,,,Ripley PE,https://simple.ripley.com.pe/apple-pencil-2-alternativo-con-carga-inalambrica-magnetica-inclinacion-pmp20000204505
20260805_055550,2026-08-05T06:12:54.080316+00:00,ripley_pe,tablets,20000344918,APPLE,IPAD AIR 128GB BLUE,4479.11,7614.48,1321.27,2026-08-05,41,PEN,,,Ripley PE,https://simple.ripley.com.pe/ipad-air-128gb-blue-pmp20000344918
20260805_055550,2026-08-05T06:12:54.080316+00:00,ripley_pe,tablets,20000588523,SAMSUNG,"CASE GALAXY NOTE 2014 P600 SAMSUNG 10.1"" BOOK COVER ORIGINAL",149.9,,44.22,2026-08-05,,PEN,,,Ripley PE,https://simple.ripley.com.pe/case-galaxy-note-2014-p600-samsung-101-book-cover-original-pmp20000588523
20260805_055550,2026-08-05T06:12:54.081316+00:00,ripley_pe,tablets,20000296127,SAMSUNG,CORREA GALAXY FIT3 DARK SAMSUNG GREEN,49.0,,14.45,2026-08-05,,PEN,,,Ripley PE,https://simple.ripley.com.pe/correa-galaxy-fit3-dark-samsung-green-pmp20000296127
20260805_055550,2026-08-05T06:12:54.081316+00:00,ripley_pe,tablets,20000590466,SAMSUNG,CARGADOR GALAXY TAB A8 10.5 X200 SAMSUNG 35WATTS DUO,164.0,,48.38,2026-08-05,,PEN,,,Ripley PE,https://simple.ripley.com.pe/cargador-galaxy-tab-a8-105-x200-samsung-35watts-duo-pmp20000590466
20260805_055550,2026-08-05T06:12:54.083899+00:00,ripley_pe,tablets,20000589264,SAMSUNG,CARGADOR SAMSUNG 25WATTS PARA GALAXY TAB S9 11 X710 X716,149.5,,44.1,2026-08-05,,PEN,,,Ripley PE,https://simple.ripley.com.pe/cargador-samsung-25watts-para-galaxy-tab-s9-11-x710-x716-pmp20000589264
20260805_055550,2026-08-05T06:12:54.083899+00:00,ripley_pe,tablets,20001122902,SAMSUNG,CASE SILICONA PARA TABLETS SAMSUNG GALAXY TAB S7+ S7 FE S8+ -AZUL,59.99,,17.7,2026-08-05,,PEN,,,Ripley PE,https://simple.ripley.com.pe/case-silicona-para-tablets-samsung-galaxy-tab-s7-s7-fe-s8-azul-pmp20001122902
20260805_055550,2026-08-05T06:12:54.086902+00:00,ripley_pe,tablets,20001480103,SAMSUNG,SAMSUNG BOOK COVER CASE PARA GALAXY TAB S11 ULTRA X930,679.5,,200.44,2026-08-05,,PEN,,,Ripley PE,https://simple.ripley.com.pe/samsung-book-cover-case-para-galaxy-tab-s11-ultra-x930-pmp20001480103
20260805_055550,2026-08-05T06:12:54.087889+00:00,ripley_pe,tablets,20000588617,SAMSUNG,FUNDA GALAXY TAB S4 T830 SAMSUNG BOOK COVER ESTUCHE ORIGINAL,224.9,,66.34,2026-08-05,,PEN,,,Ripley PE,https://simple.ripley.com.pe/funda-galaxy-tab-s4-t830-samsung-book-cover-estuche-original-pmp20000588617
20260805_055550,2026-08-05T06:12:54.088897+00:00,ripley_pe,tablets,20000591338,SAMSUNG,CARGADOR SAMSUNG 25WATTS PARA GALAXY TAB S8 11 X700,129.5,,38.2,2026-08-05,,PEN,,,Ripley PE,https://simple.ripley.com.pe/cargador-samsung-25watts-para-galaxy-tab-s8-11-x700-pmp20000591338
20260805_055550,2026-08-05T06:12:54.088897+00:00,ripley_pe,tablets,20000590509,SAMSUNG,CARGADOR GALAXY TAB S6 S5E S4 SAMSUNG 35WATTS DUO,164.0,,48.38,2026-08-05,,PEN,,,Ripley PE,https://simple.ripley.com.pe/cargador-galaxy-tab-s6-s5e-s4-samsung-35watts-duo-pmp20000590509
20260805_055550,2026-08-05T06:12:54.089882+00:00,ripley_pe,tablets,20000590409,SAMSUNG,CARGADOR SAMSUNG 25WATTS PARA GALAXY TAB S7 PLUS T970,149.5,,44.1,2026-08-05,,PEN,,,Ripley PE,https://simple.ripley.com.pe/cargador-samsung-25watts-para-galaxy-tab-s7-plus-t970-pmp20000590409
20260805_055550,2026-08-05T06:12:54.090901+00:00,ripley_pe,tablets,20000588457,SAMSUNG,"CASE GALAXY TAB 4 T535 T530 SAMSUNG 10.1"" BOOK COVER",149.9,,44.22,2026-08-05,,PEN,,,Ripley PE,https://simple.ripley.com.pe/case-galaxy-tab-4-t535-t530-samsung-101-book-cover-pmp20000588457
20260805_055550,2026-08-05T06:12:54.090901+00:00,ripley_pe,tablets,20000589176,SAMSUNG,"CASE GALAXY TAB A 2016 T280 T285 SAMSUNG 7"" BOOK COVER",134.9,,39.79,2026-08-05,,PEN,,,Ripley PE,https://simple.ripley.com.pe/case-galaxy-tab-a-2016-t280-t285-samsung-7-book-cover-pmp20000589176
20260805_055550,2026-08-05T06:12:54.091881+00:00,ripley_pe,tablets,20000589705,SAMSUNG,LÁPIZ SAMSUNG S-PEN STYLUS GALAXY S6 LITE P613,269.5,,79.5,2026-08-05,,PEN,,,Ripley PE,https://simple.ripley.com.pe/lapiz-samsung-s-pen-stylus-galaxy-s6-lite-p613-pmp20000589705
20260805_055550,2026-08-05T06:12:54.092446+00:00,ripley_pe,tablets,20000591072,SAMSUNG,CARGADOR SAMSUNG 65WATTS PARA GALAXY TAB A8 10.5 X200,395.9,,116.78,2026-08-05,,PEN,,,Ripley PE,https://simple.ripley.com.pe/cargador-samsung-65watts-para-galaxy-tab-a8-105-x200-pmp20000591072
20260805_055550,2026-08-05T06:12:54.092446+00:00,ripley_pe,tablets,20000339757,SAMSUNG,CASE SAMSUNG LED VIEW GALAXY S22 COVER SMART CUBIERTA,39.9,99.0,11.77,2026-08-05,60,PEN,,,Ripley PE,https://simple.ripley.com.pe/case-samsung-led-view-galaxy-s22-cover-smart-cubierta-pmp20000339757
20260805_055550,2026-08-05T06:12:54.093512+00:00,ripley_pe,tablets,20000589973,SAMSUNG,CARGADOR SAMSUNG 65WATTS PARA GALAXY TAB S6 LITE P613,395.9,,116.78,2026-08-05,,PEN,,,Ripley PE,https://simple.ripley.com.pe/cargador-samsung-65watts-para-galaxy-tab-s6-lite-p613-pmp20000589973
20260805_055550,2026-08-05T06:12:54.093512+00:00,ripley_pe,tablets,20000588640,SAMSUNG,"CASE GALAXY NOTE 2014 P600 P605 SAMSUNG 10.1"" BOOK COVER",149.9,,44.22,2026-08-05,,PEN,,,Ripley PE,https://simple.ripley.com.pe/case-galaxy-note-2014-p600-p605-samsung-101-book-cover-pmp20000588640
20260805_055550,2026-08-05T06:12:54.094511+00:00,ripley_pe,tablets,20001008550,SAMSUNG,TECLADO SAMSUNG BOOK COVER SLIM GALAXY TAB S9 11 X710 X716,799.9,,235.96,2026-08-05,,PEN,,,Ripley PE,https://simple.ripley.com.pe/teclado-samsung-book-cover-slim-galaxy-tab-s9-11-x710-x716-pmp20001008550
20260805_055550,2026-08-05T06:12:54.095518+00:00,ripley_pe,tablets,20001273209,SAMSUNG,TECLADO SAMSUNG BOOK COVER SLIM GALAXY TAB S9 ULTRA X910,849.9,,250.71,2026-08-05,,PEN,,,Ripley PE,https://simple.ripley.com.pe/teclado-samsung-book-cover-slim-galaxy-tab-s9-ultra-x910-pmp20001273209
20260805_055550,2026-08-05T06:12:54.095518+00:00,ripley_pe,tablets,20001121925,SAMSUNG,CASE IMANTADA PARA TABLET SAMSUNG S8 PLUS-NEGRO,59.99,,17.7,2026-08-05,,PEN,,,Ripley PE,https://simple.ripley.com.pe/case-imantada-para-tablet-samsung-s8-plus-negro-pmp20001121925
20260805_055550,2026-08-05T06:12:54.095518+00:00,ripley_pe,tablets,20000589301,SAMSUNG,CARGADOR SAMSUNG 25WATTS PARA GALAXY TAB A7 10.4 T500,129.5,,38.2,2026-08-05,,PEN,,,Ripley PE,https://simple.ripley.com.pe/cargador-samsung-25watts-para-galaxy-tab-a7-104-t500-pmp20000589301
20260805_055550,2026-08-05T06:12:54.096587+00:00,ripley_pe,tablets,20000588925,SAMSUNG,"CASE GALAXY NOTE 2014 P600 SAMSUNG 10.1"" BOOK COVER ORIGINAL",149.9,,44.22,2026-08-05,,PEN,,,Ripley PE,https://simple.ripley.com.pe/case-galaxy-note-2014-p600-samsung-101-book-cover-original-pmp20000588925
20260805_055550,2026-08-05T06:12:54.097607+00:00,ripley_pe,tablets,20000589719,SAMSUNG,LÁPIZ SAMSUNG S-PEN GALAXY TAB S7 PLUS T970 STYLUS ORIGINAL,389.5,,114.9,2026-08-05,,PEN,,,Ripley PE,https://simple.ripley.com.pe/lapiz-samsung-s-pen-galaxy-tab-s7-plus-t970-stylus-original-pmp20000589719
20260805_055550,2026-08-05T06:12:54.097607+00:00,ripley_pe,tablets,00003081479,SAMSUNG,"TABLET SAMSUNG 8.7"" 32GB TAB A7 LITE WIFI PLATEADO",749.0,1079.0,220.94,2026-08-05,31,PEN,,,Ripley PE,https://simple.ripley.com.pe/tablet-samsung-87-32gb-tab-a7-lite-wifi-plateado-pmp00003081479
20260805_055550,2026-08-05T06:12:54.098595+00:00,ripley_pe,tablets,20001135467,SAMSUNG,"GALAXY TAB S10 LITE 6GB RAM, 128GB ALMACENAMIENTO, PANTALLA DE 10.4”, CONECTIVIDAD WI-FI",1959.0,2939.0,577.88,2026-08-05,33,PEN,,,Ripley PE,https://simple.ripley.com.pe/galaxy-tab-s10-lite-6gb-ram-128gb-almacenamiento-pantalla-de-104-conectividad-wi-fi-pmp20001135467
20260805_055550,2026-08-05T06:12:54.098595+00:00,ripley_pe,tablets,20000590830,SAMSUNG,TECLADO SAMSUNG TARGUS GALAXY TAB S6 LITE P613 P619,799.9,,235.96,2026-08-05,,PEN,,,Ripley PE,https://simple.ripley.com.pe/teclado-samsung-targus-galaxy-tab-s6-lite-p613-p619-pmp20000590830
20260805_055550,2026-08-05T06:12:54.099603+00:00,ripley_pe,tablets,20000589857,SAMSUNG,COVER SAMSUNG BOOK KEYBOARD TECLADO GALAXY TAB S3 T820,339.9,,100.27,2026-08-05,,PEN,,,Ripley PE,https://simple.ripley.com.pe/cover-samsung-book-keyboard-teclado-galaxy-tab-s3-t820-pmp20000589857
