batch_id,timestamp,source,category,sku,title,price_pen,price_usd,price_date,rating,reviews,url,shipping_usd,total_usd
20261003_050925,2026-10-03T05:25:04.834443+00:00,amazon_usa,CPU,B0DFKC99VL,Intel Core™ Ultra 9 Processor 285K 24 cores (8 P-cores + 16 E-cores) up to 5.7 GHz,516.95,149.82,2026-10-03,4.6,802,https://www.amazon.com/Intel-Core-Ultra-Processor-285K/dp/B0DFKC99VL,0.0,149.82
20261003_050925,2026-10-03T05:25:04.834443+00:00,amazon_usa,CPU,B0G1YLJ3S7,Micro Center CPU Motherboard Combo - Ultra 9 285K 24-Cores LGA 1851 Desktop Processor Bundle with Tuf Gaming Z890-Plus WiFi Motherboard,892.02,258.52,2026-10-03,5.0,1,https://www.amazon.com/Micro-Center-CPU-Motherboard-Combo/dp/B0G1YLJ3S7,0.0,258.52
20261003_050925,2026-10-03T05:25:04.834443+00:00,amazon_usa,CPU,B0DMXB5DVP,"Intel Core Ultra 9 285K Arrow Lake 24-Core (8P+16E), LGA 1851, 125W Unlocked Desktop Processor for Z890 Motherboard BX80768285K Plus Mavark Pen Light (Intel Core Ultra 9)",779.5,225.91,2026-10-03,4.7,10,https://www.amazon.com/285K-Processor-Motherboard-BX80768285K-Mavark/dp/B0DMXB5DVP,0.0,225.91
20261003_050925,2026-10-03T05:25:04.834443+00:00,amazon_usa,CPU,B0FSKRYSXZ,Amazon Renewed Core Ultra 9 285K Tetracosa-core [24 Core] 3.70 GHz Processor - OEM Pack - Box (Renewed),486.52,141.0,2026-10-03,5.0,2,https://www.amazon.com/Intel-Core-Ultra-Tetracosa-core-Processor/dp/B0FSKRYSXZ,0.0,141.0
20261003_050925,2026-10-03T05:25:04.834443+00:00,amazon_usa,CPU,B0GMLJCBBM,Intel Core™ Ultra 7 Processor 270K Plus 24 cores (8 P-cores + 16 E-cores) up to 5.5 GHz,324.93,94.17,2026-10-03,4.7,300,https://www.amazon.com/Intel%C2%AE-CoreTM-Processor-270K-P-cores/dp/B0GMLJCBBM,0.0,94.17
20261003_050925,2026-10-03T05:25:04.834443+00:00,amazon_usa,CPU,B0DT7JDLDH,Intel Core™ Ultra 9 Desktop Processor 285 24 cores (8 P-cores + 16 E-cores) up to 5.6 GHz,682.54,197.81,2026-10-03,4.4,63,https://www.amazon.com/Intel%C2%AE-CoreTM-Desktop-Processor-P-cores/dp/B0DT7JDLDH,0.0,197.81
20261003_050925,2026-10-03T05:25:04.834443+00:00,amazon_usa,CPU,B0DTRK5WK3,Intel Core™ Ultra 9 Desktop Processor 285 24 Cores (8 P-cores + 16 E-cores) up to 5.6 GHz,645.69,187.13,2026-10-03,4.6,26,https://www.amazon.com/Intel%C2%AE-CoreTM-Desktop-Processor-P-cores/dp/B0DTRK5WK3,0.0,187.13
20261003_050925,2026-10-03T05:25:04.834443+00:00,amazon_usa,CPU,B0DT7FY7P3,Intel Core™ Ultra 7 Desktop Processor 265 20 cores (8 P-cores + 12 E-cores) up to 5.3 GHz,378.11,109.58,2026-10-03,4.8,22,https://www.amazon.com/Intel%C2%AE-CoreTM-Desktop-Processor-P-cores/dp/B0DT7FY7P3,0.0,109.58
20261003_050925,2026-10-03T05:25:04.834443+00:00,amazon_usa,CPU,B0DFK2MH2D,Intel Core Ultra 7 Desktop Processor 265K - 20 cores (8 P-cores + 12 E-cores) up to 5.5 GHz,334.49,96.94,2026-10-03,4.8,1300,https://www.amazon.com/Intel-Core-Ultra-Processor-265K/dp/B0DFK2MH2D,0.0,96.94
20261003_050925,2026-10-03T05:25:04.834443+00:00,amazon_usa,CPU,B0DT7CW7VR,Intel Core™ Ultra 5 Desktop Processor 225F 10 cores (6 P-cores + 4 E-cores) up to 4.9 GHz,144.96,42.01,2026-10-03,4.5,98,https://www.amazon.com/Intel%C2%AE-CoreTM-Desktop-Processor-P-cores/dp/B0DT7CW7VR,0.0,42.01
20261003_050925,2026-10-03T05:25:04.834443+00:00,amazon_usa,CPU,B09FXDLX95,Intel Core i9-12900K Gaming Desktop Processor with Integrated Graphics and 16 (8P+8E) Cores up to 5.2 GHz Unlocked LGA1700 600 Series Chipset 125W,380.76,110.35,2026-10-03,4.6,2400,https://www.amazon.com/Intel-i9-12900K-Desktop-Processor-Unlocked/dp/B09FXDLX95,0.0,110.35
20261003_050925,2026-10-03T05:25:04.834443+00:00,amazon_usa,CPU,B09FXFJW2F,Intel Core i5-12600KF Desktop Processor 10 (6P+4E) Cores up to 4.9 GHz Unlocked LGA1700 600 Series Chipset 125W,202.72,58.75,2026-10-03,4.8,2000,https://www.amazon.com/Intel-i5-12600KF-Desktop-Processor-Unlocked/dp/B09FXFJW2F,0.0,58.75
20261003_050925,2026-10-03T05:25:04.834443+00:00,amazon_usa,CPU,B07HHLX1R8,"Intel Core i5-9600K Desktop Processor 6 Cores up to 4.6 GHz Turbo unlocked LGA1151 300 Series 95W, BX80684I59600K",161.17,46.71,2026-10-03,4.8,8100,https://www.amazon.com/Intel-i5-9600K-Desktop-Processor-Unlocked/dp/B07HHLX1R8,0.0,46.71
20261003_050925,2026-10-03T05:25:04.834443+00:00,amazon_usa,CPU,B09MDG1K15,"Intel Core™ i9-12900, Desktop Processor, 30MB Cache, up to 5.10GHz",632.51,183.31,2026-10-03,4.5,32,https://www.amazon.com/Intel-i9-12900-LGA1700-Processor-BBX8071512900/dp/B09MDG1K15,18.0,201.31
20261003_050925,2026-10-03T05:25:04.834443+00:00,amazon_usa,CPU,B0G1YP5FPS,Micro Center CPU Motherboard Combo - Ultra 9 285K 24-Cores LGA 1851 Desktop Processor Bundle with MAG Z890 Tomahawk WiFi Gaming Motherboard,871.73,252.64,2026-10-03,5.0,2,https://www.amazon.com/Micro-Center-CPU-Motherboard-Combo/dp/B0G1YP5FPS,0.0,252.64
20261003_050925,2026-10-03T05:25:04.834443+00:00,amazon_usa,CPU,B0CGJDKLB8,Intel Core™ i9-14900K Desktop Processor,476.41,138.07,2026-10-03,4.2,1600,https://www.amazon.com/i9-14900K-Desktop-Processor-Integrated-Graphics/dp/B0CGJDKLB8,0.0,138.07
20261003_050925,2026-10-03T05:25:04.834443+00:00,amazon_usa,CPU,B0DX7CY3GR,"Intel Ultra 9 Desktop Processor 285K - 24 cores (8P+16E) & ASUS ROG Maximus Z890 Hero ATX Motherboard, Advanced AI PC-Ready, DDR5, WiFi 7, 3X M.2, AI OC/Cooling/Networking Bundle",967.0,280.25,2026-10-03,5.0,1,https://www.amazon.com/Intel-Ultra-Desktop-Processor-285K/dp/B0DX7CY3GR,18.0,298.25
20261003_050925,2026-10-03T05:25:04.834443+00:00,amazon_usa,CPU,B09FWYK5M9,Intel Core i9-12900KF Gaming Desktop Processor 16 (8P+8E) Cores up to 5.2 GHz Unlocked LGA1700 600 Series Chipset 125W,338.56,98.12,2026-10-03,4.6,1100,https://www.amazon.com/Intel-i9-12900KF-Desktop-Processor-Unlocked/dp/B09FWYK5M9,0.0,98.12
20261003_050925,2026-10-03T05:25:04.834443+00:00,amazon_usa,CPU,B0H5KBXR26,Intel Core Ultra 9 285k - 3.7GHz - 24 Core,1482.54,429.66,2026-10-03,0.0,0,https://www.amazon.com/Intel-Core-Ultra-285k-3-7GHz/dp/B0H5KBXR26,18.0,447.66
20261003_050925,2026-10-03T05:25:04.834443+00:00,amazon_usa,CPU,B0DX7CW6N9,"Intel Ultra 9 Desktop Processor 285K - 24 cores (8P+16E) & ASUS ROG Maximus Z890 APEX ATX Motherboard, Advanced AI PC-Ready, DDR5, WiFi 7, 3X M.2, AI OC, Cooling & Networking Bundle",1146.43,332.25,2026-10-03,3.0,2,https://www.amazon.com/Intel-Ultra-Desktop-Processor-285K/dp/B0DX7CW6N9,18.0,350.25
20261003_050925,2026-10-03T05:25:04.834443+00:00,amazon_usa,CPU,B0H2Z9PLLL,"Intel Core Ultra 9 285K Desktop Processor, 24 Cores, 5.7 GHz Unlocked, 40MB Cache, Compatible with Intel 800 Series Motherboards",830.19,240.6,2026-10-03,0.0,0,https://www.amazon.com/285K-Processor-Unlocked-Compatible-Motherboards/dp/B0H2Z9PLLL,0.0,240.6
20261003_050925,2026-10-03T05:25:04.834443+00:00,amazon_usa,CPU,B0F2GW3H68,"Dell Tower Plus EBT2250 Desktop Computer - Series 2 Intel Core Ultra 9 285K 24-Core Processor up to 5.7 GHz, 64GB DDR5 RAM, 1TB NVMe SSD, Intel UHD Graphics 770, Windows 11 Pro, Graphite, Black",2491.57,722.09,2026-10-03,4.3,5,https://www.amazon.com/Dell-Tower-EBT2250-Desktop-Computer/dp/B0F2GW3H68,0.0,722.09
20261003_050925,2026-10-03T05:25:08.809514+00:00,amazon_usa,CPU,B0DFK8HHK4,Intel Core Ultra 5 Desktop Processor 245KF - 14 cores (6 P-cores + 8 E-cores) up to 5.2 GHz,180.43,52.29,2026-10-03,4.3,151,https://www.amazon.com/Intel-Core-Ultra-Processor-245KF/dp/B0DFK8HHK4,0.0,52.29
20261003_050925,2026-10-03T05:25:08.809514+00:00,amazon_usa,CPU,B0F2GVN3Y2,"Dell Tower Plus EBT2250 Desktop Computer - Series 2 Intel Core Ultra 9 285K 24-Core Processor up to 5.7 GHz, 64GB DDR5 RAM, 2TB NVMe SSD, Intel UHD Graphics, Windows 11 Pro, Graphite - EBT 2250",2633.49,763.22,2026-10-03,3.0,2,https://www.amazon.com/Dell-Tower-EBT2250-Desktop-Computer/dp/B0F2GVN3Y2,0.0,763.22
20261003_050925,2026-10-03T05:25:08.809514+00:00,amazon_usa,CPU,B0FJX9FNKN,"HP OMEN 45L GT22 Gaming Desktop PC- Intel Core Ultra 9 285K up to 5.7 GHz Processor, 64GB DDR5 RAM, 2TB NVMe SSD, NVIDIA GeForce RTX 5070, Liquid Cooling, RGB Lighting, AI Copilot, Windows 11 Pro",2807.84,813.75,2026-10-03,4.0,6,https://www.amazon.com/45L-GT22-Desktop-Processor-Lighting/dp/B0FJX9FNKN,0.0,813.75
20261003_050925,2026-10-03T05:25:08.809514+00:00,amazon_usa,CPU,B0CGJDBCTK,Intel Core™ i9-14900KF New Gaming Desktop Processor 24 cores (8 P-cores + 16 E-cores) - Unlocked,450.5,130.56,2026-10-03,4.1,545,https://www.amazon.com/Intel%C2%AE-i9-14900KF-Desktop-Processor-P-cores/dp/B0CGJDBCTK,0.0,130.56
20261003_050925,2026-10-03T05:25:08.809514+00:00,amazon_usa,CPU,B0FJXFD5MP,"HP OMEN 45L GT22 Gaming Desktop PC- Intel Core Ultra 9 285K up to 5.7 GHz Processor, 64GB DDR5 RAM, 1TB NVMe SSD, NVIDIA GeForce RTX 5070, Liquid Cooling, RGB Lighting, AI Copilot, Windows 11 Pro",2676.07,775.56,2026-10-03,5.0,2,https://www.amazon.com/45L-GT22-Desktop-Processor-Lighting/dp/B0FJXFD5MP,0.0,775.56
20261003_050925,2026-10-03T05:25:08.809514+00:00,amazon_usa,CPU,B0FCSSVM4N,"Dell Tower Plus EBT2250 Desktop Computer - Series 2 Intel Core Ultra 9 285K 24-Core CPU up to 5.7 GHz, 64GB DDR5 RAM, 2TB NVMe SSD, NVIDIA GeForce RTX 5070 12GB GDDR7, Windows 11 Pro, Graphite",3393.74,983.55,2026-10-03,0.0,0,https://www.amazon.com/Dell-Tower-EBT2250-Desktop-Computer/dp/B0FCSSVM4N,0.0,983.55
20261003_050925,2026-10-03T05:25:08.809514+00:00,amazon_usa,CPU,B0DYQJTBHL,"Thermaltake LCGS View u2880-380 Gaming Desktop (Intel® Core™ Ultra 9 285K, ToughRam 32GB DDR5 6400MT/s RGB Memory, NVIDIA® GeForce RTX™ 5080, 2TB NVMe M.2, WiFi, Windows 11) V38B-Z890-580-LCS",4257.36,1233.84,2026-10-03,5.0,1,https://www.amazon.com/Thermaltake-u2880-380-Desktop-ToughRam-V38B-Z890-580-LCS/dp/B0DYQJTBHL,0.0,1233.84
20261003_050925,2026-10-03T05:25:08.809514+00:00,amazon_usa,CPU,B0F2GR9R92,"Dell Tower Plus EBT2250 Desktop Computer - Series 2 Intel Core Ultra 9 285K 24-Core Processor up to 5.7 GHz, 32GB DDR5 RAM, 1TB NVMe SSD, Intel UHD Graphics, Windows 11 Pro, Graphite - EBT 2250",2126.65,616.33,2026-10-03,0.0,0,https://www.amazon.com/Dell-Tower-EBT2250-Desktop-Computer/dp/B0F2GR9R92,0.0,616.33
20261003_050925,2026-10-03T05:25:08.809514+00:00,amazon_usa,CPU,B0H82QLNPP,Micro Center Intel Core Ultra 9 285K CPU Bundle MSI MAG Z890 Tomahawk WF II,871.73,252.64,2026-10-03,0.0,0,https://www.amazon.com/Micro-Center-Intel-Bundle-Tomahawk/dp/B0H82QLNPP,0.0,252.64
20261003_050925,2026-10-03T05:25:08.809514+00:00,amazon_usa,CPU,B0G1MVHKLH,"ASUS ROG G700 Gaming Desktop PC - Intel Core Ultra 9 285K Processor, 2TB NVMe SSD, 32GB RAM, NVIDIA GeForce RTX 5060Ti 16GB, Liquid Cooling, RGB Lighting, Backlight Keyboard & Mouse, Windows 11 Home",2735.87,792.89,2026-10-03,0.0,0,https://www.amazon.com/ASUS-ROG-G700-Gaming-Desktop/dp/B0G1MVHKLH,0.0,792.89
20261003_050925,2026-10-03T05:25:08.809514+00:00,amazon_usa,CPU,B0F2GVXJB5,"Dell Tower Plus EBT2250 Desktop Computer - Series 2 Intel Core Ultra 9 285K 24-Core Processor up to 5.7 GHz, 64GB DDR5 RAM, 1TB NVMe SSD, Intel UHD Graphics 770, Windows 11 Home, Graphite, Black",2624.38,760.58,2026-10-03,5.0,1,https://www.amazon.com/Dell-Tower-EBT2250-Desktop-Computer/dp/B0F2GVXJB5,0.0,760.58
20261003_050925,2026-10-03T05:25:08.809514+00:00,amazon_usa,CPU,B0FVLVG6TF,"Dell Tower Plus EBT2250 Desktop PC - Intel Core Ultra 9 285K up to 5.7GHz, 128GB DDR5 RAM, 1TB NVMe SSD, NVIDIA GeForce RTX 5060 8GB GDDR7, Bluetooth, Keyboard & Mouse, Windows 11 Home",4154.99,1204.17,2026-10-03,5.0,2,https://www.amazon.com/Dell-Tower-Plus-EBT2250-Desktop/dp/B0FVLVG6TF,0.0,1204.17
20261003_050925,2026-10-03T05:25:08.809514+00:00,amazon_usa,CPU,B0FJXL575H,"HP OMEN 45L GT22 Gaming Desktop PC- Intel Core Ultra 9 285K up to 5.7 GHz Processor, 32GB DDR5 RAM, 1TB NVMe SSD, NVIDIA GeForce RTX 5070, Liquid Cooling, RGB Lighting, AI Copilot, Windows 11 Pro",2270.6,658.05,2026-10-03,5.0,1,https://www.amazon.com/45L-GT22-Desktop-Processor-Lighting/dp/B0FJXL575H,0.0,658.05
20261003_050925,2026-10-03T05:25:08.809514+00:00,amazon_usa,CPU,B0F4FHHBSY,"Dell Tower Plus EBT2250 Desktop Computer - Series 2 Intel Core Ultra 9 285K 24-Core Processor up to 5.7 GHz, 64GB DDR5 RAM, 4TB NVMe SSD, NVIDIA GeForce RTX 4060 8GB GDDR6, Windows 11 Pro, Graphite",3038.96,880.73,2026-10-03,5.0,1,https://www.amazon.com/Dell-Tower-EBT2250-Desktop-Computer/dp/B0F4FHHBSY,0.0,880.73
20261003_050925,2026-10-03T05:25:08.809514+00:00,amazon_usa,CPU,B0FJXCQ7VW,"HP OMEN 45L GT22 Gaming Desktop PC- Intel Core Ultra 9 285K up to 5.7 GHz Processor, 32GB DDR5 RAM, 2TB NVMe SSD, NVIDIA GeForce RTX 5070, Liquid Cooling, RGB Lighting, AI Copilot, Windows 11 Pro",2402.38,696.24,2026-10-03,5.0,2,https://www.amazon.com/45L-GT22-Desktop-Processor-Lighting/dp/B0FJXCQ7VW,0.0,696.24
20261003_050925,2026-10-03T05:25:08.809514+00:00,amazon_usa,CPU,B0GS9HY88F,"Lenovo ThinkStation P2 Tower Desktop Computer | Intel Core Ultra 9 285k (24 Cores, Up to 5.7GHz) | 32GB DDR5 RAM, 1TB SSD | AI NPU for CAD & Design | WiFi 7, Bluetooth 5.4 | Wired KB & Mouse",2331.4,675.67,2026-10-03,5.0,1,https://www.amazon.com/Lenovo-ThinkStation-Desktop-Computer-Bluetooth/dp/B0GS9HY88F,0.0,675.67
20261003_050925,2026-10-03T05:25:08.809514+00:00,amazon_usa,CPU,B0F8BC4FF2,Lenovo Legion T7 34IAS10 90Y6003JUS Gaming Desktop Computer - Intel Core Ultra 9 285K - 64 GB - 2 TB SSD - Tower - Storm Gray,5067.3,1468.57,2026-10-03,5.0,4,https://www.amazon.com/Lenovo-34IAS10-90Y6003JUS-Desktop-Computer/dp/B0F8BC4FF2,0.0,1468.57
20261003_050925,2026-10-03T05:25:08.809514+00:00,amazon_usa,CPU,B0FJX7GQ6V,"HP OMEN 45L GT22 Gaming Desktop PC- Intel Core Ultra 9 285K up to 5.7 GHz Processor, 192GB DDR5 RAM, 4TB NVMe SSD, NVIDIA GeForce RTX 5070, Liquid Cooling, RGB Lighting, AI Copilot, Windows 11 Pro",5037.87,1460.04,2026-10-03,0.0,0,https://www.amazon.com/45L-GT22-Desktop-Processor-Lighting/dp/B0FJX7GQ6V,0.0,1460.04
20261003_050925,2026-10-03T05:25:08.809514+00:00,amazon_usa,CPU,B0DT7BPC5Q,Intel Core™ Ultra 7 Desktop Processor 265F 20 cores (8 P-cores + 12 E-cores) up to 5.3 GHz,358.92,104.02,2026-10-03,4.2,17,https://www.amazon.com/Intel%C2%AE-CoreTM-Desktop-Processor-P-cores/dp/B0DT7BPC5Q,18.0,122.02
20261003_050925,2026-10-03T05:25:08.809514+00:00,amazon_usa,CPU,B08X6KQSZ1,Intel Core™ i9-11900KF Desktop Processor 8 Cores up to 5.3 GHz Unlocked LGA1200 (Intel® 500 Series & Select 400 Series Chipset) 125W,404.47,117.22,2026-10-03,4.5,396,https://www.amazon.com/Intel-i9-11900KF-Desktop-Processor-Unlocked/dp/B08X6KQSZ1,0.0,117.22
20261003_050925,2026-10-03T05:25:08.809514+00:00,amazon_usa,CPU,B0CQ24VW72,Intel Core i9-14900 Desktop Processor 24 cores (8 P-cores + 16 E-cores) up to 5.8 GHz,600.08,173.91,2026-10-03,4.5,40,https://www.amazon.com/Intel-i9-14900-Desktop-Processor-P-cores/dp/B0CQ24VW72,0.0,173.91
20261003_050925,2026-10-03T05:25:08.809514+00:00,amazon_usa,CPU,B005404P9I,Intel Core i9-9900K Desktop Processor 8 Cores up to 5.0 GHz Turbo Unlocked LGA1151 300 Series 95W,434.87,126.03,2026-10-03,4.8,6200,https://www.amazon.com/Intel-i9-9900K-Desktop-Processor-Unlocked/dp/B005404P9I,0.0,126.03
20261003_050925,2026-10-03T05:25:08.809514+00:00,amazon_usa,CPU,B0GWKHR5VS,Acer Predator Orion 6000 Gaming Desktop | Intel Core Ultra 9 Processor 285K | NVIDIA GeForce RTX 5080 (1801 AI Tops) | 32GB DDR5 | 1TB Gen 4 SSD | Wi-Fi 7 | Windows 11 Home | PO6-605-UR18W,3647.14,1056.99,2026-10-03,5.0,1,https://www.amazon.com/Acer-Predator-Desktop-Processor-PO6-605-UR18W/dp/B0GWKHR5VS,0.0,1056.99
20261003_050925,2026-10-03T05:25:12.952281+00:00,amazon_usa,CPU,B0GS9H9NYZ,"Lenovo ThinkStation P2 Tower Desktop Computer | Intel Core Ultra 9 285k (24 Cores, Up to 5.7GHz) | 64GB DDR5 RAM, 4TB SSD | AI NPU for CAD & Design | WiFi 7, Bluetooth 5.4 | Wired KB & Mouse",3546.8,1027.91,2026-10-03,0.0,0,https://www.amazon.com/Lenovo-ThinkStation-Desktop-Computer-Bluetooth/dp/B0GS9H9NYZ,0.0,1027.91
20261003_050925,2026-10-03T05:25:12.952281+00:00,amazon_usa,CPU,B0GXXJ1HFL,"Dell Tower Plus EBT2250 Desktop Computer - Series 2 Intel Core Ultra 9 285K 24-Core CPU up to 5.7 GHz, 96GB DDR5 RAM, 4TB SSD, NVIDIA GeForce RTX 5070 12GB GDDR7, Windows 11 Pro, Graphite",4357.74,1262.93,2026-10-03,0.0,0,https://www.amazon.com/Dell-Tower-Plus-EBT2250-Computer/dp/B0GXXJ1HFL,0.0,1262.93
20261003_050925,2026-10-03T05:25:12.952281+00:00,amazon_usa,CPU,B0GNCCZC26,"CLX Horus Gaming PC - Intel Core Ultra 9 285K 3.7GHz, GeForce RTX 5080, 2TB NVMe M.2 SSD, 48GB DDR5 RGB Memory, 360mm AIO, WiFi, Windows 11 Home, Black, AI-Accelerated",4368.85,1266.15,2026-10-03,0.0,0,https://www.amazon.com/CLX-Horus-Gaming-PC-AI-Accelerated/dp/B0GNCCZC26,0.0,1266.15
20261003_050925,2026-10-03T05:25:12.952281+00:00,amazon_usa,CPU,B0F4FGB1TM,"Dell Tower Plus EBT2250 Desktop Computer - Series 2 Intel Core Ultra 9 285K 24-Core Processor up to 5.7 GHz, 64GB DDR5 RAM, 2TB NVMe SSD, NVIDIA GeForce RTX 4060 8GB GDDR6, Windows 11 Pro, Graphite",2937.58,851.35,2026-10-03,3.0,2,https://www.amazon.com/Dell-Tower-EBT2250-Desktop-Computer/dp/B0F4FGB1TM,0.0,851.35
20261003_050925,2026-10-03T05:25:12.952281+00:00,amazon_usa,CPU,B0F4F57LZ4,"Dell Tower Plus EBT2250 Desktop Computer - Series 2 Intel Core Ultra 9 285K 24-Core Processor up to 5.7 GHz, 32GB DDR5 RAM, 2TB NVMe SSD, NVIDIA GeForce RTX 4060 8GB GDDR6, Windows 11 Pro, Graphite",2582.8,748.53,2026-10-03,5.0,1,https://www.amazon.com/Dell-Tower-EBT2250-Desktop-Computer/dp/B0F4F57LZ4,0.0,748.53
20261003_050925,2026-10-03T05:25:12.952281+00:00,amazon_usa,CPU,B0HFWHFW49,"Lenovo ThinkStation P2 Tower Desktop Computer | Intel Core Ultra 9 285k (24 Cores, Up to 5.7GHz) | 64GB DDR5 RAM, 1TB SSD | AI NPU for CAD & Design | WiFi 7, Bluetooth 5.4 | Win11, Wired KB & Mouse",2939.62,851.94,2026-10-03,0.0,0,https://www.amazon.com/Lenovo-ThinkStation-Desktop-Computer-Bluetooth/dp/B0HFWHFW49,0.0,851.94
20261003_050925,2026-10-03T05:25:12.952281+00:00,amazon_usa,CPU,B0F4F2NFT9,"Envision S12 SFF 24-Core CPU, 64GB DDR5 RAM, 2TB SSD Workstation Desktop PC",1925.93,558.16,2026-10-03,5.0,2,https://www.amazon.com/Envision-Intel-Ultra-270K-24-Core/dp/B0F4F2NFT9,0.0,558.16
20261003_050925,2026-10-03T05:25:12.952281+00:00,amazon_usa,CPU,B0FCT2ZX12,"Dell Tower Plus EBT2250 Desktop Computer - Series 2 Intel Core Ultra 9 285K 24-Core CPU up to 5.7 GHz, 64GB DDR5 RAM, 4TB NVMe SSD, NVIDIA GeForce RTX 5070 12GB GDDR7, Windows 11 Pro, Graphite",3444.43,998.24,2026-10-03,3.8,7,https://www.amazon.com/Dell-Tower-EBT2250-Desktop-Computer/dp/B0FCT2ZX12,0.0,998.24
20261003_050925,2026-10-03T05:25:12.952281+00:00,amazon_usa,CPU,B0BCF54SR1,"Intel Core i9-13900K Desktop Processor 24 cores (8 P-cores + 16 E-cores) 36M Cache, up to 5.8 GHz",636.58,184.49,2026-10-03,4.4,2000,https://www.amazon.com/Intel-i9-13900K-Desktop-Processor-P-cores/dp/B0BCF54SR1,0.0,184.49
20261003_050925,2026-10-03T05:25:12.952281+00:00,amazon_usa,CPU,B0FL2NVK1B,HP Z2 G1i Workstation - Tower - Intel Core Ultra 9 285K - 32 GB RAM - 1 TB SSD - NVIDIA 16 GB Graphics - Intel W880 Chip - Windows 11 Pro - English Keyboard - Ethernet - Black,4053.61,1174.79,2026-10-03,0.0,0,https://www.amazon.com/HP-Z2-G1i-Workstation-Generation/dp/B0FL2NVK1B,0.0,1174.79
20261003_050925,2026-10-03T05:25:12.952281+00:00,amazon_usa,CPU,B0DGYYP97M,ASUS ROG Strix G700 Desktop 24TB Storage + SSD 128GB DDR5 RAM Win 11 Pro NVIDIA GeForce 4060 Ti RTX 16GB GDDR6 (Intel 15th gen Core Ultra 9 285K Processor Turbo to 6.00GHz) Gaming PC Computer G700TF,4357.74,1262.93,2026-10-03,0.0,0,https://www.amazon.com/ASUS-ROG-G16CH-i9-13900KS-Processor/dp/B0DGYYP97M,0.0,1262.93
20261003_050925,2026-10-03T05:25:12.952281+00:00,amazon_usa,CPU,B0HFYDC6JT,Core Ultra 9 AI Workstation - Intel Core Ultra 9 285K - ARC PRO B70-32GB - 2TB SSD - Windows 11 Pro - 1000W PSU,3850.9,1116.04,2026-10-03,0.0,0,https://www.amazon.com/AVGPC-Core-Ultra-AI-Workstation/dp/B0HFYDC6JT,0.0,1116.04
20261003_050925,2026-10-03T05:25:12.952281+00:00,amazon_usa,CPU,B0GMK6T3Q4,"Dell Tower Plus EBT2250 Desktop Computer - Series 2 Intel Core Ultra 9 285K CPU, 32GB DDR5 RAM, 1TB NVMe SSD + 2TB HDD, NVIDIA GeForce RTX 5060 8GB GDDR7, Windows 11 Pro, Graphite",2582.8,748.53,2026-10-03,0.0,0,https://www.amazon.com/Dell-Tower-EBT2250-Desktop-Computer/dp/B0GMK6T3Q4,0.0,748.53
20261003_050925,2026-10-03T05:25:12.952281+00:00,amazon_usa,CPU,B0F4G2D55L,"Dell Tower Plus EBT2250 Desktop Computer - Series 2 Intel Core Ultra 9 285K 24-Core Processor up to 5.7 GHz, 32GB DDR5 RAM, 4TB NVMe SSD, NVIDIA GeForce RTX 4060 8GB GDDR6, Windows 11 Pro, Graphite",2684.18,777.91,2026-10-03,0.0,0,https://www.amazon.com/Dell-Tower-EBT2250-Desktop-Computer/dp/B0F4G2D55L,0.0,777.91
20261003_050925,2026-10-03T05:25:12.952281+00:00,amazon_usa,CPU,B0FCTKPGPZ,"Dell Tower Plus EBT2250 Desktop Computer - Series 2 Intel Core Ultra 9 285K 24-Core CPU up to 5.7 GHz, 64GB DDR5 RAM, 4TB NVMe SSD, NVIDIA GeForce RTX 5070 12GB GDDR7, Windows 11 Home, Graphite",3536.66,1024.97,2026-10-03,0.0,0,https://www.amazon.com/Dell-Tower-EBT2250-Desktop-Computer/dp/B0FCTKPGPZ,0.0,1024.97
20261003_050925,2026-10-03T05:25:12.952281+00:00,amazon_usa,CPU,B0FCTD76ZQ,"Dell Tower Plus EBT2250 Desktop Computer - Series 2 Intel Core Ultra 9 285K 24-Core CPU up to 5.7 GHz, 32GB DDR5 RAM, 4TB NVMe SSD, NVIDIA GeForce RTX 5070 12GB GDDR7, Windows 11 Pro, Graphite",3089.65,895.42,2026-10-03,0.0,0,https://www.amazon.com/Dell-Tower-EBT2250-Desktop-Computer/dp/B0FCTD76ZQ,0.0,895.42
20261003_050925,2026-10-03T05:25:12.952281+00:00,amazon_usa,CPU,B0FCSSQXSH,"Dell Tower Plus EBT2250 Desktop Computer - Series 2 Intel Core Ultra 9 285K 24-Core CPU up to 5.7 GHz, 32GB DDR5 RAM, 2TB NVMe SSD, NVIDIA GeForce RTX 5070 12GB GDDR7, Windows 11 Pro, Graphite",2937.58,851.35,2026-10-03,0.0,0,https://www.amazon.com/Dell-Tower-EBT2250-Desktop-Computer/dp/B0FCSSQXSH,0.0,851.35
20261003_050925,2026-10-03T05:25:12.952281+00:00,amazon_usa,CPU,B07HHN6KBZ,Intel Core i7-9700K Desktop Processor 8 Cores up to 4.9 GHz Turbo unlocked LGA1151 300 Series 95W,262.55,76.09,2026-10-03,4.8,10400,https://www.amazon.com/Intel-i7-9700K-Desktop-Processor-Unlocked/dp/B07HHN6KBZ,0.0,76.09
20261003_050925,2026-10-03T05:25:12.952281+00:00,amazon_usa,CPU,B0FGK5ZKJV,"HP Omen 45L RTX 5080 Gaming Desktop, Intel Ultra 9 285K, NVIDIA RTX 5080, 64GB DDR5 RAM, 4TB SSD, RGB Light Studio, DP, RJ-45, Bundle with Thunderobot KG3089R Gaming Keyboard",3882.3,1125.14,2026-10-03,0.0,0,https://www.amazon.com/HP-Desktop-Thunderobot-KG3089R-Keyboard/dp/B0FGK5ZKJV,0.0,1125.14
20261003_050925,2026-10-03T05:25:12.952281+00:00,amazon_usa,CPU,B0GS9H9NZ1,"Lenovo ThinkStation P2 Tower Desktop Computer | Intel Core Ultra 9 285k (24 Cores, Up to 5.7GHz) | 32GB DDR5 RAM, 2TB SSD | AI NPU for CAD & Design | WiFi 7, Bluetooth 5.4 | Wired KB & Mouse",2635.49,763.8,2026-10-03,0.0,0,https://www.amazon.com/Lenovo-ThinkStation-Desktop-Computer-Bluetooth/dp/B0GS9H9NZ1,0.0,763.8
20261003_050925,2026-10-03T05:25:12.952281+00:00,amazon_usa,CPU,B0HH8WV5ZJ,"Lenovo IdeaCentre Tower Desktop Computer, Intel Ultra 9 285K (24-core), 16GB DDR5, 512GB SSD, Office 365 for The Web, HDMI + VGA, Wi-Fi 6E, Wired Keyboard & Mouse, Windows 11",1723.21,499.41,2026-10-03,0.0,0,https://www.amazon.com/Lenovo-IdeaCentre-Tower-Computer-Keyboard/dp/B0HH8WV5ZJ,0.0,499.41
20261003_050925,2026-10-03T05:25:12.952281+00:00,amazon_usa,CPU,B0F2H5Z356,"Dell Tower Plus EBT2250 Desktop Computer - Series 2 Intel Core Ultra 9 285K 24-Core Processor up to 5.7 GHz, 64GB DDR5 RAM, 8TB NVMe SSD, Intel UHD Graphics, Windows 11 Pro, Graphite - EBT 2250",3445.43,998.53,2026-10-03,0.0,0,https://www.amazon.com/Dell-Tower-EBT2250-Desktop-Computer/dp/B0F2H5Z356,0.0,998.53
20261003_050925,2026-10-03T05:25:12.952281+00:00,amazon_usa,CPU,B0961GW1W4,Amazon Renewed Core i9-11900K Desktop Processor 8 Cores up to 5.3 GHz Unlocked LGA1200 (Intel 500 Series & Select 400 Series Chipset) 125W (Renewed),375.03,108.69,2026-10-03,4.1,21,https://www.amazon.com/Intel-i9-11900K-Desktop-Processor-Unlocked/dp/B0961GW1W4,0.0,108.69
20261003_050925,2026-10-03T05:25:17.406514+00:00,amazon_usa,CPU,B0FJX9L6QB,"HP OMEN 45L GT22 Gaming Desktop PC- Intel Core Ultra 9 285K up to 5.7 GHz Processor, 128GB DDR5 RAM, 1TB NVMe SSD, NVIDIA GeForce RTX 5070, Liquid Cooling, RGB Lighting, AI Copilot, Windows 11 Pro",3750.52,1086.95,2026-10-03,0.0,0,https://www.amazon.com/45L-GT22-Desktop-Processor-Lighting/dp/B0FJX9L6QB,0.0,1086.95
20261003_050925,2026-10-03T05:25:17.406514+00:00,amazon_usa,CPU,B09FX4D72T,Intel Core i5-12600K Desktop Processor with Integrated Graphics and 10 (6P+4E) Cores up to 4.9 GHz Unlocked LGA1700 600 Series Chipset 125W,303.06,87.83,2026-10-03,4.7,2900,https://www.amazon.com/Intel-i5-12600K-Desktop-Processor-Unlocked/dp/B09FX4D72T,0.0,87.83
20261003_050925,2026-10-03T05:25:17.406514+00:00,amazon_usa,CPU,B08X6PPTTH,Intel Core i9-11900K Desktop Processor 8 Cores up to 5.3 GHz Unlocked LGA1200 (Intel 500 Series & Select 400 Series Chipset) 125W,505.81,146.59,2026-10-03,4.6,1600,https://www.amazon.com/Intel-i9-11900K-Desktop-Processor-Unlocked/dp/B08X6PPTTH,0.0,146.59
20261003_050925,2026-10-03T05:25:17.406514+00:00,amazon_usa,CPU,B0F2GWJ2L3,"Dell Tower Plus EBT2250 Desktop Computer - Series 2 Intel Core Ultra 9 285K 24-Core Processor up to 5.7 GHz, 32GB DDR5 RAM, 2TB NVMe SSD, Intel UHD Graphics, Windows 11 Pro, Graphite - EBT 2250",2278.71,660.4,2026-10-03,0.0,0,https://www.amazon.com/Dell-Tower-EBT2250-Desktop-Computer/dp/B0F2GWJ2L3,0.0,660.4
20261003_050925,2026-10-03T05:25:17.406514+00:00,amazon_usa,CPU,B0HFWGRBMC,"Lenovo ThinkStation P2 Tower Desktop Computer | Intel Core Ultra 9 285k (24 Cores, Up to 5.7GHz) | 32GB DDR5 RAM, 1TB SSD | AI NPU for CAD & Design | WiFi 7, Bluetooth 5.4 | Win11, Wired KB & Mouse",2331.4,675.67,2026-10-03,0.0,0,https://www.amazon.com/Lenovo-ThinkStation-Desktop-Computer-Bluetooth/dp/B0HFWGRBMC,0.0,675.67
20261003_050925,2026-10-03T05:25:17.406514+00:00,amazon_usa,CPU,B086MHSTVD,Intel Core i9-10900K Desktop Processor 10 Cores up to 5.3 GHz Unlocked LGA1200 (Intel 400 Series Chipset) 125W,607.18,175.97,2026-10-03,4.7,1200,https://www.amazon.com/Intel-i9-10900K-Desktop-Processor-Unlocked/dp/B086MHSTVD,0.0,175.97
20261003_050925,2026-10-03T05:25:17.406514+00:00,amazon_usa,CPU,B089DJZV7F,Amazon Renewed Core i9-9900K Desktop Processor 8 Cores up to 5.0 GHz Turbo unlocked LGA1151 300 Series 95W (Renewed),288.88,83.72,2026-10-03,3.8,14,https://www.amazon.com/Intel-i9-9900K-Desktop-Processor-unlocked/dp/B089DJZV7F,0.0,83.72
20261003_050925,2026-10-03T05:25:17.406514+00:00,amazon_usa,CPU,B086MG1C7D,Intel Core i9-10900KF Desktop Processor 10 Cores up to 5.3 GHz Unlocked Without Processor Graphics LGA1200 (Intel 400 Series chipset) 125W,445.01,128.97,2026-10-03,4.8,480,https://www.amazon.com/Intel-i9-10900KF-Processor-Unlocked-Graphics/dp/B086MG1C7D,0.0,128.97
20261003_050925,2026-10-03T05:25:17.406514+00:00,amazon_usa,CPU,B0F22M26VY,"Skytech Gaming Legacy 4 Gaming PC, Intel Ultra 9 285K 5.5GHz, NVIDIA RTX 5080 16GB VRAM, Z890 Board, 2TB Gen4 NVMe SSD, 64GB DDR5 RAM 6000, 1000W Gold ATX 3 PSU, 420 ARGB AIO, WI-FI 7, Windows 11",4054.65,1175.09,2026-10-03,3.1,15,https://www.amazon.com/Skytech-Gaming-Legacy-Desktop-NVIDIA/dp/B0F22M26VY,0.0,1175.09
20261003_050925,2026-10-03T05:25:17.406514+00:00,amazon_usa,CPU,B0FH5SJG12,"CPU Solutions VidCore Core Ultra 9 Video Editing PC, HD 4K 8K 3D Modeling Computer, 285K to 5.7Ghz 24 Core, 64GB RAM, 2000GB NVMe SSD, Quadro RTX 2000 ADA",3446.43,998.82,2026-10-03,5.0,1,https://www.amazon.com/CPU-Solutions-VidCore-Modeling-Computer/dp/B0FH5SJG12,0.0,998.82
20261003_050925,2026-10-03T05:25:17.406514+00:00,amazon_usa,CPU,B0CQ1FC8WZ,Intel Core i9-14900F Desktop Processor 24 cores (8 P-cores + 16 E-cores) up to 5.8 GHz,572.71,165.98,2026-10-03,4.2,24,https://www.amazon.com/Intel-i9-14900F-Desktop-Processor-P-cores/dp/B0CQ1FC8WZ,0.0,165.98
20261003_050925,2026-10-03T05:25:17.406514+00:00,amazon_usa,CPU,B09ZPV5CFM,Intel Core i9-12900K 12th Gen Alder Lake 16-Core 3.2 GHz LGA 1700 Processor-BX8071512900K,334.49,96.94,2026-10-03,4.6,37,https://www.amazon.com/Intel-i9-12900K-Alder-16-Core-Processor-BX8071512900K/dp/B09ZPV5CFM,0.0,96.94
20261003_050925,2026-10-03T05:25:17.406514+00:00,amazon_usa,CPU,B0F8RKR1TS,"Thermaltake Reactor u2870T Gaming Desktop (Intel® Core™ Ultra 9 285K, ToughRam 32GB DDR5 6400MT/s RGB Memory, NVIDIA® GeForce RTX™ 5070 Ti, 2TB NVMe M.2, WiFi, Windows 11) T6BK-Z890-57T-LCS",3345.05,969.44,2026-10-03,5.0,3,https://www.amazon.com/Thermaltake-Reactor-Desktop-ToughRam-T6BK-Z890-57T-LCS/dp/B0F8RKR1TS,0.0,969.44
20261003_050925,2026-10-03T05:25:17.406514+00:00,amazon_usa,CPU,B0GHSMK11R,"HP 0MEN 45L RTX 5080, 24-Core 270K Plus, 32GB DDR5 RAM, 2TB Gen4 NVMe SSD Gaming PC Desktop w/Liquid Cooled Intel CPU (>Ultra 9 285K), 1200W Gold PSU, WiFi 6E, 40Gbps Thunderbolt, Windows 11 Pro",3203.17,928.32,2026-10-03,0.0,0,https://www.amazon.com/Desktop-24-Core-Liquid-Cooled-PC-Accessories/dp/B0GHSMK11R,0.0,928.32
20261003_050925,2026-10-03T05:25:17.406514+00:00,amazon_usa,CPU,B0F2GVLX8K,"Dell Tower Plus EBT2250 Desktop Computer - Series 2 Intel Core Ultra 9 285K 24-Core Processor up to 5.7 GHz, 64GB DDR5 RAM, 4TB NVMe SSD, Intel UHD Graphics 770, Windows 11 Pro, Platinum, Silver",2837.24,822.27,2026-10-03,1.0,1,https://www.amazon.com/Dell-Tower-EBT2250-Desktop-Computer/dp/B0F2GVLX8K,0.0,822.27
20261003_050925,2026-10-03T05:25:17.406514+00:00,amazon_usa,CPU,B0FG2VXY7M,"Skytech Gaming Aqua Gaming PC, Ultra 9 U9 285K, RX 9070 XT",2361.83,684.49,2026-10-03,4.0,9,https://www.amazon.com/Skytech-Gaming-Desktop-Intel-Ultra/dp/B0FG2VXY7M,0.0,684.49
20261003_050925,2026-10-03T05:25:17.406514+00:00,amazon_usa,CPU,B0H8FHS9XF,"Lenovo IdeaCentre Next Gen AI Tower Business Desktop Computer, 24-Core Intel Ultra 9 285K, 32GB DDR5, 1TB SSD, HDMI + VGA, Wi-Fi, RJ-45, USB-C, Wired Keyboard & Mouse, Windows 11",1520.5,440.66,2026-10-03,0.0,0,https://www.amazon.com/Lenovo-IdeaCentre-Tower-Business-Computer/dp/B0H8FHS9XF,0.0,440.66
20261003_050925,2026-10-03T05:25:17.406514+00:00,amazon_usa,CPU,B0FGK2138W,"HP Omen 45L RTX 5080 Gaming Desktop, Intel Ultra 9 285K, NVIDIA RTX 5080, 64GB DDR5 RAM, 2TB SSD, RGB Light Studio, DP, RJ-45, Bundle with Thunderobot KG3089R Gaming Keyboard",3679.58,1066.39,2026-10-03,0.0,0,https://www.amazon.com/HP-Desktop-Thunderobot-KG3089R-Keyboard/dp/B0FGK2138W,0.0,1066.39
20261003_050925,2026-10-03T05:25:17.406514+00:00,amazon_usa,CPU,B075VWFFJR,"Centaurus Warrior 2U Gaming Desktop, Intel Ultra 9 285K 24-Core, GeForce RTX 5070, 2TB NVMe SSD, 32GB DDR5 RAM, Windows 11 PRO, WiFi, Liquid Cooler. Fast VR Ready 4K Computer PC for Games, Video",2531.05,733.53,2026-10-03,3.8,4,https://www.amazon.com/Centaurus-Warrior-Gaming-Computer-Aftermarket/dp/B075VWFFJR,0.0,733.53
20261003_050925,2026-10-03T05:25:17.406514+00:00,amazon_usa,CPU,B0H4628D1M,"Lenovo Legion Tower 7i Gen 10 Gaming Desktop PC, RTX 5080 16GB GDDR7, Intel Core Ultra 9 285K, 64GB DDR5 5600MT/s, 2TB SSD, Legion Coldfront Cooling, Windows 11 Pro, KB & Mouse",4965.93,1439.19,2026-10-03,5.0,4,https://www.amazon.com/Lenovo-Legion-Tower-7i-5080/dp/B0H4628D1M,0.0,1439.19
20261003_050925,2026-10-03T05:25:17.406514+00:00,amazon_usa,CPU,B07MGBZWDZ,Intel BX80684I99900KF Intel Core i9-9900KF Desktop Processor 8 Cores up to 5.0 GHz Turbo Unlocked Without Processor Graphics LGA1151 300 Series 95W,414.58,120.15,2026-10-03,4.6,2400,https://www.amazon.com/Intel-BX80684I99900KF-i9-9900KF-Processor-Unlocked/dp/B07MGBZWDZ,0.0,120.15
20261003_050925,2026-10-03T05:25:17.406514+00:00,amazon_usa,CPU,B0HFWPTH61,"Lenovo ThinkStation P2 Tower Desktop Computer | Intel Core Ultra 9 285k (24 Cores, Up to 5.7GHz) | 32GB DDR5 RAM, 2TB SSD | AI NPU for CAD & Design | WiFi 7, Bluetooth 5.4 | Win11, Wired KB & Mouse",2534.15,734.43,2026-10-03,0.0,0,https://www.amazon.com/Lenovo-ThinkStation-Desktop-Computer-Bluetooth/dp/B0HFWPTH61,0.0,734.43
20261003_050925,2026-10-03T05:25:17.406514+00:00,amazon_usa,CPU,B0F2GV5C7K,"Dell Tower Plus EBT2250 Desktop Computer - Series 2 Intel Core Ultra 9 285K 24-Core Processor up to 5.7 GHz, 32GB DDR5 RAM, 2TB NVMe SSD, Intel UHD Graphics, Windows 11 Home, Graphite - EBT 2250",2227.02,645.42,2026-10-03,0.0,0,https://www.amazon.com/Dell-Tower-EBT2250-Desktop-Computer/dp/B0F2GV5C7K,0.0,645.42
20261003_050925,2026-10-03T05:25:17.406514+00:00,amazon_usa,CPU,B0HH3G8JNZ,"Dell Alienware Aurora Gaming Desktop, Intel Core Ultra 9 285K, NVIDIA GeForce RTX 5080 16GB GDDR7, 64GB DDR5, 3TB Storage (2TB SSD+1TB Docking Station), Keyboard & Mouse, Wi-Fi 7, Win 11 Pro, Black",5543.71,1606.64,2026-10-03,0.0,0,https://www.amazon.com/Dell-Alienware-Aurora-Desktop-Keyboard/dp/B0HH3G8JNZ,0.0,1606.64
20261003_050925,2026-10-03T05:25:22.513294+00:00,amazon_usa,CPU,B08DHRG2X9,Intel Core™ i9-10850K Desktop Processor 10 Cores up to 5.2 GHz Unlocked LGA1200 (Intel® 400 Series chipset) 125W,405.47,117.51,2026-10-03,4.8,1600,https://www.amazon.com/Intel-i9-10850K-Desktop-Processor-Unlocked/dp/B08DHRG2X9,18.0,135.51
20261003_050925,2026-10-03T05:25:22.513294+00:00,amazon_usa,CPU,B089J731BX,Intel Core i9-9900K Desktop Processor 8 Cores up to 5.0GHz Unlocked LGA1151 300 Series 95W (BX806849900K),396.05,114.78,2026-10-03,4.8,1800,https://www.amazon.com/Intel-i9-9900K-Processor-Unlocked-BX806849900K/dp/B089J731BX,0.0,114.78
20261003_050925,2026-10-03T05:25:22.513294+00:00,amazon_usa,CPU,B0HJLV5S9N,"Lenovo ThinkStation P2 Tower Desktop Computer, Intel Ultra9 285K (24-core), 64GB DDR5, 2TB SSD, Office 365 for The Web, HDMI + 2X DisplayPort, Wi-Fi 7, Wired KB & Mouse, Windows 11",3243.71,940.07,2026-10-03,0.0,0,https://www.amazon.com/Lenovo-ThinkStation-P2-Tower-DisplayPort/dp/B0HJLV5S9N,0.0,940.07
20261003_050925,2026-10-03T05:25:22.513294+00:00,amazon_usa,CPU,B0GTTWXLWZ,"STORMCRAFT Falcon U7 270K Plus PC Gaming,RTX 5060 Ti 16GB,32GB DDR5,1TB SSD",1976.62,572.85,2026-10-03,4.5,3,https://www.amazon.com/STORMCRAFT-Falcon-270K-Plus-Gaming/dp/B0GTTWXLWZ,0.0,572.85
20261003_050925,2026-10-03T05:25:22.513294+00:00,amazon_usa,CPU,B0DSY65XJ6,"Centaurus Apollo 2 Gaming PC Intel Core Ultra 9 285K, GeForce RTX 5070 GPU, 64GB DDR5 RAM, 2TB NVMe SSD, Windows 11 PRO. Panoramic Glass Window. Liquid Cooler. Custom Desktop Computer, Stress-Tested",2757.12,799.05,2026-10-03,0.0,0,https://www.amazon.com/Centaurus-Apollo-Panoramic-Computer-Stress-Tested/dp/B0DSY65XJ6,0.0,799.05
20261003_050925,2026-10-03T05:25:22.513294+00:00,amazon_usa,CPU,B0HFWXBGJ4,"Lenovo ThinkStation P2 Tower Desktop Computer | Intel Core Ultra 9 285k (24 Cores, Up to 5.7GHz) | 16GB DDR5 RAM, 1TB SSD | AI NPU for CAD & Design | WiFi 7, Bluetooth 5.4 | Win11, Wired KB & Mouse",2128.68,616.92,2026-10-03,0.0,0,https://www.amazon.com/Lenovo-ThinkStation-Desktop-Computer-Bluetooth/dp/B0HFWXBGJ4,0.0,616.92
20261003_050925,2026-10-03T05:25:22.513294+00:00,amazon_usa,CPU,B0FJHPWYC8,"Dell Tower Plus EBT2250 Desktop Computer - Series 2 Intel Core Ultra 9 285K 24-Core CPU up to 5.7 GHz, 64GB DDR5 RAM, 2TB NVMe SSD, NVIDIA GeForce RTX 5060 8GB GDDR7, Windows 11 Pro, Graphite",3037.92,880.43,2026-10-03,0.0,0,https://www.amazon.com/Dell-Tower-EBT2250-Desktop-Computer/dp/B0FJHPWYC8,0.0,880.43
20261003_050925,2026-10-03T05:25:22.513294+00:00,amazon_usa,CPU,B07RXX3Y2T,Intel Core i9-9900 Desktop Processor 8 Cores up to 5.0GHz LGA1151 300 Series 65W,337.56,97.83,2026-10-03,4.6,315,https://www.amazon.com/Intel-i9-9900-Desktop-Processor-LGA1151/dp/B07RXX3Y2T,18.0,115.83
20261003_050925,2026-10-03T05:25:22.513294+00:00,amazon_usa,CPU,B0DGWGG826,"ASUS ROG Strix G700 Desktop 4TB SSD 64GB DDR5 RAM Win 11 Pro (Intel 15th gen Core Ultra 9 285K Processor Turbo Boost to 6.00GHz, NVIDIA GeForce 4060Ti RTX 8GB GDDR6) Gaming PC Computer G700TF",3344.05,969.15,2026-10-03,2.0,1,https://www.amazon.com/ASUS-ROG-G16CH-i9-13900KS-Processor/dp/B0DGWGG826,0.0,969.15
20261003_050925,2026-10-03T05:25:22.513294+00:00,amazon_usa,CPU,B0CT6TN7G6,"Dell Tower Plus EBT2250 Desktop 4TB SSD 64GB DDR5 RAM Win 11 Pro (Intel Core Ultra 9 285K Processor with Turbo Boost to 5.7GHz, 64 GB RAM, 4 TB SSD) Business PC Computer (Formerly XPS 8960)",2684.18,777.91,2026-10-03,3.0,8,https://www.amazon.com/Dell-generation-i9-14900K-Processor-Business/dp/B0CT6TN7G6,0.0,777.91
20261003_050925,2026-10-03T05:25:22.513294+00:00,amazon_usa,CPU,B0DVMSZ4Z5,"Panorama RTX 5080 16GB, 24-Core 270K Plus (>Ultra 9 285K), 64GB DDR5 RAM, 2TB Gen4 NVMe SSD, Gaming Desktop PC w/Windows 11 Pro, 3-Year Warranty, Keyboard+Mouse, Internal Wi-Fi 6E",4257.36,1233.84,2026-10-03,5.0,2,https://www.amazon.com/Panorama-RTX-5090-Gaming-Desktop/dp/B0DVMSZ4Z5,0.0,1233.84
20261003_050925,2026-10-03T05:25:22.513294+00:00,amazon_usa,CPU,B0F4F5GGCL,"Dell Tower Plus EBT2250 Desktop Computer - Series 2 Intel Core Ultra 9 285K 24-Core Processor up to 5.7 GHz, 32GB DDR5 RAM, 1TB NVMe SSD, NVIDIA GeForce RTX 4060 8GB GDDR6, Windows 11 Home, Graphite",2429.74,704.17,2026-10-03,0.0,0,https://www.amazon.com/Dell-Tower-EBT2250-Desktop-Computer/dp/B0F4F5GGCL,0.0,704.17
20261003_050925,2026-10-03T05:25:22.513294+00:00,amazon_usa,CPU,B0H6YK45H4,"Dell Tower Plus EBT2250 Desktop Computer - Series 2 Intel Core Ultra 9 285K 24-Core CPU up to 5.7 GHz, 32GB DDR5 RAM, 4TB SSD + 1TB SSD, NVIDIA GeForce RTX 5070 12GB GDDR7, Windows 11 Pro, Graphite",3394.74,983.84,2026-10-03,0.0,0,https://www.amazon.com/Dell-Tower-Plus-EBT2250-Computer/dp/B0H6YK45H4,0.0,983.84
20261003_050925,2026-10-03T05:25:22.513294+00:00,amazon_usa,CPU,B0H6BJKVJG,"STORMCRAFT Gaming PC, Ultra 7 270K Plus, RTX 5070 Ti, 32GB DDR5 1TB SSD",2534.15,734.43,2026-10-03,0.0,0,https://www.amazon.com/STORMCRAFT-Gaming-Ultra-270K-Plus/dp/B0H6BJKVJG,0.0,734.43
20261003_050925,2026-10-03T05:25:22.513294+00:00,amazon_usa,CPU,B0HFYFPSSY,APC Helios GX601 White - Intel Core Ultra 9-285K 24 core 5.7GHz - Radeon RX 9070 XT - 2TB NVMe SSD - 32GB DDR5-850W - Windows 11 Liquid Cooled Gaming Desktop PC WiFi RGB,3567.06,1033.78,2026-10-03,0.0,0,https://www.amazon.com/APC-Helios-GX601-White-DDR5-850W/dp/B0HFYFPSSY,0.0,1033.78
20261003_050925,2026-10-03T05:25:22.513294+00:00,amazon_usa,CPU,B0DY7GQDN5,"YEYIAN Mirage S Gaming PC Desktop - Intel Core Ultra 9 285K 5.7GHz,RTX 5080 16GB GDDR7, 32GB DDR5 6000, 2TB NVMe Gen4 SSD,Intel Z890 MB,AIO 360mm Liquid Cooled",3770.81,1092.83,2026-10-03,2.7,3,https://www.amazon.com/YEYIAN-Mirage-Gaming-Desktop-5-7GHz/dp/B0DY7GQDN5,0.0,1092.83
20261003_050925,2026-10-03T05:25:22.513294+00:00,amazon_usa,CPU,B0HH3MX65B,"Dell Alienware Aurora Gaming Desktop, Intel Core Ultra 9 285K, NVIDIA GeForce RTX 5080 16GB GDDR7, 32GB DDR5, 2TB Storage (1TB SSD+1TB Docking Station Set), Keyboard & Mouse, Wi-Fi 7, Win 11, Black",4793.61,1389.25,2026-10-03,0.0,0,https://www.amazon.com/Dell-Alienware-Aurora-Desktop-Keyboard/dp/B0HH3MX65B,0.0,1389.25
20261003_050925,2026-10-03T05:25:22.513294+00:00,amazon_usa,CPU,B0FKBMG791,HP Z2 G1i Workstation - Tower - Intel Core Ultra 9 285K - 32 GB RAM - 1 TB SSD - NVIDIA 8 GB Graphics - Windows 11 Pro - Intel W880 Chip - English Keyboard - Ethernet - Black,4281.48,1240.83,2026-10-03,0.0,0,https://www.amazon.com/HP-Z2-G1i-Workstation-Graphics/dp/B0FKBMG791,0.0,1240.83
20261003_050925,2026-10-03T05:25:22.513294+00:00,amazon_usa,CPU,B0HF5DGHDZ,Adamant Custom 24-Core Media Workstation Desktop Computer PC Intel Core Ultra 9 285K 3.7GHz Z890 Prime 48GB DDR5 1TB NVMe GEN4 SSD 850W Integrated Graphics HDMI DP Thunderbolt4,2888.93,837.25,2026-10-03,0.0,0,https://www.amazon.com/Adamant-Custom-Workstation-Integrated-Thunderbolt4/dp/B0HF5DGHDZ,0.0,837.25
20261003_050925,2026-10-03T05:25:22.513294+00:00,amazon_usa,CPU,B0G257RRTG,Amazon Renewed Core i9-12900KF Gaming Desktop Processor 16 (8P+8E) Cores up to 5.2 GHz Unlocked LGA1700 600 Series Chipset 125W (Renewed),293.95,85.19,2026-10-03,0.0,0,https://www.amazon.com/Intel-i9-12900KF-Desktop-Processor-Unlocked/dp/B0G257RRTG,0.0,85.19
20261003_050925,2026-10-03T05:25:22.513294+00:00,amazon_usa,CPU,B0BCFM3CJ4,"Intel Core i9-13900KF Desktop Processor 24 cores (8 P-cores + 16 E-cores) 36M Cache, up to 5.8 GHz",628.47,182.14,2026-10-03,4.4,649,https://www.amazon.com/Intel-i9-13900KF-Desktop-Processor-P-cores/dp/B0BCFM3CJ4,0.0,182.14
20261003_050925,2026-10-03T05:25:30.363040+00:00,aliexpress,CPU,3256809976564341,15th generation CPU Intel Core Ultra 9 285K Z890 main board RTX40 series 4080S/4090D graphics card,24346.8,7056.02,2026-10-03,0.0,0,,0.0,7056.02
20261003_050925,2026-10-03T05:25:30.363040+00:00,aliexpress,CPU,3256812109462227,For 15th Gen Intel Core Ultra 9 285K CPU Z890 Motherboard Compatible with RTX 40 Series Graphics Cards Including RTX 4080S,23464.78,6800.4,2026-10-03,0.0,0,,0.0,6800.4
20261003_050925,2026-10-03T05:25:30.363040+00:00,aliexpress,CPU,3256810615537589,New AS-US ROG STRIX Z890-A GAMING WIFI DDR5 5G Lan WIFI7 PCIe5.0  LGA 1851 CPU for 15th CPU Ultra 9/7/5 285K 265K 245K Processor,1690.74,490.0,2026-10-03,0.0,0,,0.0,490.0
20261003_050925,2026-10-03T05:25:30.363040+00:00,aliexpress,CPU,3256809512387005,"Vision Elite(Tower) Gaming Desktop,Intel Ultra9 285K , RTX 5090, DDR5 6000",8512.18,2466.94,2026-10-03,0.0,0,,0.0,2466.94
20261003_050925,2026-10-03T05:25:30.363040+00:00,aliexpress,CPU,3256808193859180,"Intel Core i5 14600KF I5-14600KF New CPU processor LGA 1700 , but without cooler",931.29,269.9,2026-10-03,4.6,0,,0.0,269.9
20261003_050925,2026-10-03T05:25:30.363040+00:00,aliexpress,CPU,3256810108964213,Intel Xeon 2680 V4 E5-2680V4 CPU 2.4 GHz fourteen cores 35M 120W 14nm LGA 2011-3,60.76,17.61,2026-10-03,4.9,0,,0.0,17.61
20261003_050925,2026-10-03T05:25:30.363040+00:00,aliexpress,CPU,3256809597511982,AMD Ryzen 9 9950X3D 170W 4.3GHz Gaming Processor 4NM L3=128M 16-Core 32-Thread R9 9950X3D DDR5 Socket AM5 but without  fan,2404.48,696.85,2026-10-03,4.6,0,,0.0,696.85
20261003_050925,2026-10-03T05:25:30.363040+00:00,aliexpress,CPU,3256810558380932,MINISFORUM BD895i SE/BD775i SE Motherboard Mini-ITX AMD Ryzen 9 8945HX/Ryzen 7 7745HX 2*DDR5 PCIe5.0x16 2.5G Lan Gaming Computer,1328.17,384.92,2026-10-03,5.0,0,,0.0,384.92
20261003_050925,2026-10-03T05:25:30.363040+00:00,aliexpress,CPU,3256801212322036,"N6 Mini PC Intel Twin Lake N150 8GB/16GB 512GB/1TB Windows 11 Pro GK3 PLUS Gaming Computer, 4K 60Hz HDMI VGA Win11 Minipc",576.65,167.12,2026-10-03,4.8,0,,0.0,167.12
20261003_050925,2026-10-03T05:25:30.363040+00:00,aliexpress,CPU,3256807956888892,MOREFINE M9PRO Mini PC 12900H Intel Core i9 Gaming Mini PC i5 12500H i7 12800H RAM 16G 512G NVME Desktop Portable Windows 11Pro,2278.16,660.24,2026-10-03,5.0,0,,0.0,660.24
20261003_050925,2026-10-03T05:25:30.363040+00:00,aliexpress,CPU,3256805423809715,Core i5 650 Processor 3.2 GHz Dual-Core 4MB Cache Socket LGA 1156 32nm 73W Desktop CPU I5-650,31.43,9.11,2026-10-03,4.5,0,,0.0,9.11
20261003_050925,2026-10-03T05:25:37.507218+00:00,amazon_usa,CPU,B0HGMML713,Intel 20-Core Ultra 7 265K LGA1851 Desktop Tray Processor (up to 5.5GHz),304.09,88.13,2026-10-03,0.0,0,https://www.amazon.com/20-Core-Ultra-265K-LGA1851-Processor/dp/B0HGMML713,0.0,88.13
20261003_050925,2026-10-03T05:25:37.507218+00:00,amazon_usa,CPU,B0FDH5CYT6,"Intel Core Ultra 7 265 Desktop Processor: 20 Cores (8P+12E), up to 5.3GHz Max Turbo, 30MB Cache, DDR5 6400 Support for AI, Gaming, Content Creation, Office. OEM Bulk/Tray Packaging, 1 YR Warranty",283.8,82.25,2026-10-03,3.0,2,https://www.amazon.com/265-Desktop-Processor-Cooler-Included/dp/B0FDH5CYT6,0.0,82.25
20261003_050925,2026-10-03T05:25:37.507218+00:00,amazon_usa,CPU,B0GMKXVVJQ,Intel Core™ Ultra 5 Processor 250K Plus 18 cores (6 P-cores + 12 E-cores) up to 5.3 GHz,223.01,64.63,2026-10-03,4.8,69,https://www.amazon.com/Intel%C2%AE-CoreTM-Processor-250K-P-cores/dp/B0GMKXVVJQ,0.0,64.63
20261003_050925,2026-10-03T05:25:37.507218+00:00,amazon_usa,CPU,B0DTRYQ6B1,Intel Core™ Ultra 7 Desktop Processor 265 20 Cores (8 P-cores +12 E-cores) up to 5.3 GHz,418.68,121.34,2026-10-03,4.8,35,https://www.amazon.com/Intel%C2%AE-CoreTM-Desktop-Processor-P-cores/dp/B0DTRYQ6B1,0.0,121.34
20261003_050925,2026-10-03T05:25:37.507218+00:00,amazon_usa,CPU,B07666S76V,"(Amazon.co.jp Exclusive) Intel Core Ultra 7 Processor 270K Plus (Arrow Lake, LGA 1851), 24 Cores (8P + 16E), Up to 5.50 GHz, Equipped with 36 MB Cache, Box Version BX80768270K/AZ",405.47,117.51,2026-10-03,4.7,20,https://www.amazon.com/Intel-Core-Ultra-270K-Plus/dp/B07666S76V,0.0,117.51
20261003_050925,2026-10-03T05:25:37.507218+00:00,amazon_usa,CPU,B01FJLAITC,"Intel Boxed Core i7-6850K Processor (15M Cache, up to 3.80 GHz) FC-LGA14A 3.6 6 BX80671I76850K",86.16,24.97,2026-10-03,4.4,244,https://www.amazon.com/Intel-i7-6850K-Processor-FC-LGA14A-BX80671I76850K/dp/B01FJLAITC,0.0,24.97
20261003_050925,2026-10-03T05:25:37.507218+00:00,amazon_usa,CPU,B0F2TL5JT9,"Dell Tower Desktop, Intel Core Ultra 7-265, 16GB DDR5 RAM, Windows 11 Pro",1165.68,337.83,2026-10-03,4.5,110,https://www.amazon.com/Dell-Tower-Desktop-ECT1250-Processor/dp/B0F2TL5JT9,0.0,337.83
20261003_050925,2026-10-03T05:25:37.507218+00:00,amazon_usa,CPU,B0GS24Q5XW,"Lenovo IdeaCentre Tower Desktop Computer • 20-core Intel Ultra 7 265K Processor • 16GB DDR5 • 512GB SSD • Office 365 for The Web • HDMI + VGA, Wi-Fi 6E • Wired Keyboard & Mouse • Windows 11",1013.65,293.77,2026-10-03,0.0,0,https://www.amazon.com/Lenovo-IdeaCentre-Computer-Processor-Keyboard/dp/B0GS24Q5XW,0.0,293.77
20261003_050925,2026-10-03T05:25:37.507218+00:00,amazon_usa,CPU,B0GS1Q815D,"Lenovo IdeaCentre Tower Desktop Computer • 20-core Intel Ultra 7 265K Processor • 32GB DDR5 • 1TB SSD • Office 365 for The Web • HDMI + VGA, Wi-Fi 6E • Wired Keyboard & Mouse • Windows 11",1317.75,381.9,2026-10-03,0.0,0,https://www.amazon.com/Lenovo-IdeaCentre-Computer-Processor-Keyboard/dp/B0GS1Q815D,0.0,381.9
20261003_050925,2026-10-03T05:25:37.507218+00:00,amazon_usa,CPU,B0FDWC73L9,Micro Center Bundle Intel Core Ultra7 265K CPU Gigabyte Motherboard Combo,547.35,158.63,2026-10-03,5.0,8,https://www.amazon.com/MICRO-CENTER-CPU-Motherboard-Combo/dp/B0FDWC73L9,0.0,158.63
20261003_050925,2026-10-03T05:25:37.507218+00:00,amazon_usa,CPU,B0HKSQQWPF,"Intel Core Ultra 7 270K Plus CPU, 24 Cores 24 Threads, 5.5GHz Turbo",414.58,120.15,2026-10-03,0.0,0,https://www.amazon.com/Intel-Core-Ultra-270K-Plus/dp/B0HKSQQWPF,0.0,120.15
20261003_050925,2026-10-03T05:25:37.507218+00:00,amazon_usa,CPU,B0GS52PLZN,"Lenovo IdeaCentre Tower Desktop Computer • 20-core Intel Ultra 7 265K Processor • 16GB DDR5 • 1TB SSD • Office 365 for The Web • HDMI + VGA, Wi-Fi 6E • Wired Keyboard & Mouse • Windows 11",1115.03,323.15,2026-10-03,0.0,0,https://www.amazon.com/Lenovo-IdeaCentre-Computer-Processor-Keyboard/dp/B0GS52PLZN,0.0,323.15
20261003_050925,2026-10-03T05:25:37.507218+00:00,amazon_usa,CPU,B0GS1YDDQ4,"Lenovo IdeaCentre Tower Desktop Computer • 20-core Intel Ultra 7 265K Processor • 32GB DDR5 • 2TB SSD • Office 365 for The Web • HDMI + VGA, Wi-Fi 6E • Wired Keyboard & Mouse • Windows 11",1520.5,440.66,2026-10-03,0.0,0,https://www.amazon.com/Lenovo-IdeaCentre-Computer-Processor-Keyboard/dp/B0GS1YDDQ4,0.0,440.66
20261003_050925,2026-10-03T05:25:37.507218+00:00,amazon_usa,CPU,B0FM38DNK7,"Dell 2025 ECT1250 Business Desktop - Intel Ultra 7-265K, (20 Core Processor 20 Threads), 32GB DDR5 Memory, 1TB PCIe SSD, Ultra-Quiet Design, Dual 4K Monitor Support, Keyboard and Mouse, Windows 11",1569.15,454.76,2026-10-03,3.9,11,https://www.amazon.com/Dell-2025-ECT1250-Business-Desktop/dp/B0FM38DNK7,0.0,454.76
20261003_050925,2026-10-03T05:25:37.507218+00:00,amazon_usa,CPU,B0FQCL2BNG,Micro Center CPU AIO Combo Intel Core Ultra7 265K Processor+msi Mag A13 360,375.03,108.69,2026-10-03,5.0,2,https://www.amazon.com/MICRO-CENTER-CPU-AIO-Combo/dp/B0FQCL2BNG,0.0,108.69
20261003_050925,2026-10-03T05:25:41.420240+00:00,amazon_usa,CPU,B0F5DJJWN4,Micro Center Combo Intel Core Ultra 7 265KF+ msi Z890 Gaming Plus WiFi mobo,516.95,149.82,2026-10-03,3.6,9,https://www.amazon.com/MICRO-CENTER-CPU-Motherbard-Combo/dp/B0F5DJJWN4,0.0,149.82
20261003_050925,2026-10-03T05:25:41.420240+00:00,amazon_usa,CPU,B0GMFY7X64,Lenovo ThinkStation P2 Tower Desktop Computer • 20-core Intel Ultra 7 265K Processor • 64GB DDR5 • 2TB SSD • Office 365 for The Web • HDMI + 2X DisplayPort • Wi-Fi 7 • Wired KB & Mouse • Windows 11,2939.62,851.94,2026-10-03,5.0,4,https://www.amazon.com/Lenovo-ThinkStation-Computer-Processor-DisplayPort/dp/B0GMFY7X64,0.0,851.94
20261003_050925,2026-10-03T05:25:41.420240+00:00,amazon_usa,CPU,B0GS222N2F,"Lenovo IdeaCentre Tower Desktop Computer • 20-core Intel Ultra 7 265K Processor • 64GB DDR5 • 1TB SSD • Office 365 for The Web • HDMI + VGA, Wi-Fi 6E • Wired Keyboard & Mouse • Windows 11",1824.59,528.79,2026-10-03,0.0,0,https://www.amazon.com/Lenovo-IdeaCentre-Computer-Processor-Keyboard/dp/B0GS222N2F,0.0,528.79
20261003_050925,2026-10-03T05:25:41.420240+00:00,amazon_usa,CPU,B0GMBD9QM9,Lenovo ThinkStation P2 Gen 2 Workstation Desktop | Intel Core Ultra 7 265K Processor | Massive 128GB DDR5 RAM | Lightning Fast 5TB Space(4TB SSD+1TB HDD) | Ethernet & Wifi7 & Bluetooth 5| Win 11 Pro,4257.36,1233.84,2026-10-03,0.0,0,https://www.amazon.com/Lenovo-ThinkStation-Workstation-Processor-Lightning/dp/B0GMBD9QM9,0.0,1233.84
20261003_050925,2026-10-03T05:25:41.420240+00:00,amazon_usa,CPU,B0GMQ16KCF,Intel Core Ultra 7 265K,1162.78,336.99,2026-10-03,0.0,0,https://www.amazon.com/Intel-Core-Ultra-7-265K/dp/B0GMQ16KCF,0.0,336.99
20261003_050925,2026-10-03T05:25:41.420240+00:00,amazon_usa,CPU,B0GMFR8D2M,Lenovo ThinkStation P2 Tower Desktop Computer • 20-core Intel Ultra 7 265K Processor • 64GB DDR5 • 1TB SSD • Office 365 for The Web • HDMI + 2X DisplayPort • Wi-Fi 7 • Wired KB & Mouse • Windows 11,2534.15,734.43,2026-10-03,5.0,4,https://www.amazon.com/Lenovo-ThinkStation-Computer-Processor-DisplayPort/dp/B0GMFR8D2M,0.0,734.43
20261003_050925,2026-10-03T05:25:41.420240+00:00,amazon_usa,CPU,B0CGJ41C9W,Intel Core™ i7-14700K New Gaming Desktop Processor 20 cores (8 P-cores + 12 E-cores) with Integrated Graphics - Unlocked,385.18,111.63,2026-10-03,4.6,1200,https://www.amazon.com/i7-14700K-Desktop-Processor-Integrated-Graphics/dp/B0CGJ41C9W,0.0,111.63
20261003_050925,2026-10-03T05:25:41.420240+00:00,amazon_usa,CPU,B0GYNGG24M,Micro Center CPU Motherboard Combo -Intel Core Ultra 7 270K Plus 24 cores up to 5.5 GHz Desktop Processor with Msi MAG Z890 Tomahawk WiFi Gaming LGA 1851 ATX Motherboard,587.9,170.38,2026-10-03,5.0,8,https://www.amazon.com/CENTER-Motherboard-Desktop-Processor-Tomahawk/dp/B0GYNGG24M,0.0,170.38
20261003_050925,2026-10-03T05:25:41.420240+00:00,amazon_usa,CPU,B0GMG648X4,Lenovo ThinkStation P2 Tower Desktop Computer • 20-core Intel Ultra 7 265K Processor • 64GB DDR5 • 4TB SSD • Office 365 for The Web • HDMI + 2X DisplayPort • Wi-Fi 7 • Wired KB & Mouse • Windows 11,3243.71,940.07,2026-10-03,5.0,4,https://www.amazon.com/Lenovo-ThinkStation-Computer-Processor-DisplayPort/dp/B0GMG648X4,0.0,940.07
20261003_050925,2026-10-03T05:25:41.420240+00:00,amazon_usa,CPU,B0GMFVR48Y,Lenovo ThinkStation P2 Tower Desktop Computer • 20-core Intel Ultra 7 265K Processor • 32GB DDR5 • 2TB SSD • Office 365 for The Web • HDMI + 2X DisplayPort • Wi-Fi 7 • Wired KB & Mouse • Windows 11,2230.06,646.3,2026-10-03,5.0,4,https://www.amazon.com/Lenovo-ThinkStation-Computer-Processor-DisplayPort/dp/B0GMFVR48Y,0.0,646.3
20261003_050925,2026-10-03T05:25:41.420240+00:00,amazon_usa,CPU,B0GMFZHD4N,Lenovo ThinkStation P2 Tower Desktop Computer • 20-core Intel Ultra 7 265K Processor • 16GB DDR5 • 1TB SSD • Office 365 for The Web • HDMI + 2X DisplayPort • Wi-Fi 7 • Wired KB & Mouse • Windows 11,1824.59,528.79,2026-10-03,5.0,4,https://www.amazon.com/Lenovo-ThinkStation-Computer-Processor-DisplayPort/dp/B0GMFZHD4N,0.0,528.79
20261003_050925,2026-10-03T05:25:41.420240+00:00,amazon_usa,CPU,B0DX2BZFFB,"HP OMEN 45L Gaming Desktop, Intel Core Ultra 7 265K, 32 GB RAM, 1 TB SSD, NVIDIA GeForce RTX 5070 Ti, Windows 11 Pro, Microsoft Copilot, Tempered Glass, GT22-3060 (2025)",2584.84,749.12,2026-10-03,4.6,15,https://www.amazon.com/HP-Desktop-Microsoft-Tempered-GT22-3060/dp/B0DX2BZFFB,0.0,749.12
20261003_050925,2026-10-03T05:25:41.420240+00:00,amazon_usa,CPU,B0GMFY3K46,Lenovo ThinkStation P2 Tower Desktop Computer • 20-core Intel Ultra 7 265K Processor • 16GB DDR5 • 512GB SSD • Office 365 for The Web • HDMI + 2X DisplayPort • Wi-Fi 7 • Wired KB & Mouse • Windows 11,1723.21,499.41,2026-10-03,5.0,4,https://www.amazon.com/Lenovo-ThinkStation-Computer-Processor-DisplayPort/dp/B0GMFY3K46,0.0,499.41
20261003_050925,2026-10-03T05:25:41.420240+00:00,amazon_usa,CPU,B0G52J91KW,Micro Center CPU AIO Combo Intel Core Ultra7 265K Processor+msi Mag A13 240,344.64,99.88,2026-10-03,5.0,1,https://www.amazon.com/MICRO-CENTER-CPU-AIO-Combo/dp/B0G52J91KW,0.0,99.88
20261003_050925,2026-10-03T05:25:41.420240+00:00,amazon_usa,CPU,B0H3KVMDJZ,Micro Center CPU Motherboard Combo -Intel Core Ultra 7 270K Plus 24 cores up to 5.5 GHz Desktop Processor with Asus Z890 AYW Gaming WiFi W LGA 1851 ATX Motherboard,547.35,158.63,2026-10-03,5.0,2,https://www.amazon.com/Micro-Center-Motherboard-Desktop-Processor/dp/B0H3KVMDJZ,0.0,158.63
20261003_050925,2026-10-03T05:25:41.420240+00:00,amazon_usa,CPU,B0FX637NJ4,"msi Codex R2 AI A2NVL7-464US Desktop PC, Intel Core Ultra 7 265K, 32GB DDR5, 2TB M.2 NVMe Gen4 SSD, NVIDIA GeForce RTX 5060, Win11H (Renewed)",1469.81,425.97,2026-10-03,5.0,1,https://www.amazon.com/msi-Codex-Gaming-Desktop-A2NVL7-464US/dp/B0FX637NJ4,0.0,425.97
20261003_050925,2026-10-03T05:25:41.420240+00:00,amazon_usa,CPU,B09FXKHN7M,Intel Core™ i7-12700KF Desktop Processor 12 (8P+4E) Cores up to 5.0 GHz Unlocked LGA1700 600 Series Chipset 125W,273.73,79.33,2026-10-03,4.7,3300,https://www.amazon.com/Intel-i7-12700KF-Desktop-Processor-Unlocked/dp/B09FXKHN7M,0.0,79.33
20261003_050925,2026-10-03T05:25:45.790001+00:00,amazon_usa,CPU,B0FM398MVJ,"Dell 2025 ECT1250 Business Desktop - Intel Ultra 7-265K, (20 Core Processor 20 Threads), 16GB DDR5 Memory, 512GB PCIe SSD, Ultra-Quiet Design, Dual 4K Monitor Support, Keyboard and Mouse, Windows 11",1216.3,352.5,2026-10-03,0.0,0,https://www.amazon.com/Dell-2025-ECT1250-Business-Desktop/dp/B0FM398MVJ,0.0,352.5
20261003_050925,2026-10-03T05:25:45.790001+00:00,amazon_usa,CPU,B0GNPNL2ZR,"Dell Pro Slim QCS1250 Business Desktop Computer, Intel Core Ultra 7 265K, 32GB DDR5, 1TB PCIe SSD, Dual 4K Monitor Support, USB-C, HDMI, RJ-45, Wi-Fi, Wired KB & Mouse, Windows 11 Pro",1419.12,411.28,2026-10-03,0.0,0,https://www.amazon.com/Dell-QCS1250-Business-Desktop-Computer/dp/B0GNPNL2ZR,0.0,411.28
20261003_050925,2026-10-03T05:25:45.790001+00:00,amazon_usa,CPU,B0H2Z7VF4G,"Intel Core Ultra 7 265KF Desktop Processor, 20 Cores, up to 5.5 GHz, 36MB Cache, LGA1851 Socket, 125W, No Thermal Solution",333.49,96.65,2026-10-03,0.0,0,https://www.amazon.com/Core-Ultra-Desktop-Processor-Solution/dp/B0H2Z7VF4G,0.0,96.65
20261003_050925,2026-10-03T05:25:45.790001+00:00,amazon_usa,CPU,B0FM37XVQJ,"Dell 2025 ECT1250 Business Desktop - Intel Ultra 7-265K, (20 Core Processor 20 Threads), 64GB DDR5 Memory, 1TB PCIe SSD, Ultra-Quiet Design, Dual 4K Monitor Support, Keyboard and Mouse, Windows 11",2027.31,587.54,2026-10-03,3.4,3,https://www.amazon.com/Dell-2025-ECT1250-Business-Desktop/dp/B0FM37XVQJ,0.0,587.54
20261003_050925,2026-10-03T05:25:45.790001+00:00,amazon_usa,CPU,B0H46ZP585,"Customized Dell Pro Slim QCS1250 Business Desktop, Latest OptiPlex AI SFF Version, Core Ultra 7 265K, 32GB DDR5 1TB SSD, Up to 64GB RAM 4TB SSD, Dual 4K Display Support, USB-C, Wi-Fi, Win11 Pro",1419.12,411.28,2026-10-03,0.0,0,https://www.amazon.com/WOWPC-Customized-QCS1250-Business-OptiPlex/dp/B0H46ZP585,0.0,411.28
20261003_050925,2026-10-03T05:25:45.790001+00:00,amazon_usa,CPU,B0HH8VM67P,"Lenovo IdeaCentre Tower Desktop Computer, Intel Ultra 7 265K (20-core), 16GB DDR5, 1TB SSD, Office 365 for The Web, HDMI + VGA, Wi-Fi 6E, Wired Keyboard & Mouse, Windows 11",1115.03,323.15,2026-10-03,0.0,0,https://www.amazon.com/Lenovo-IdeaCentre-Tower-Computer-Keyboard/dp/B0HH8VM67P,0.0,323.15
20261003_050925,2026-10-03T05:25:45.790001+00:00,amazon_usa,CPU,B0F1QPLCGS,"HP OMEN 45L Gaming Desktop, Intel Core Ultra 7 265K, 32 GB RAM, 2TB SSD, NVIDIA GeForce RTX 5080, Windows 11 Pro, Microsoft Copilot, Tempered Glass, GT22-3080 (2025)",3039.96,881.02,2026-10-03,4.0,13,https://www.amazon.com/HP-Desktop-Microsoft-Tempered-GT22-3080/dp/B0F1QPLCGS,0.0,881.02
20261003_050925,2026-10-03T05:25:45.790001+00:00,amazon_usa,CPU,B0F9FR8M83,Micro Center Bundle Intel Core Ultra7 265KF CPU and ASUS Motherboard Combo,506.81,146.88,2026-10-03,4.3,12,https://www.amazon.com/Micro-Center-Bundle-Ultra7-Motherboard/dp/B0F9FR8M83,0.0,146.88
20261003_050925,2026-10-03T05:25:45.790001+00:00,amazon_usa,CPU,B0H8BJ2219,"Lenovo IdeaCentre Next Gen AI Tower Business Desktop Computer, 20-Core Intel Ultra 7 265K, 64GB DDR5, 2TB SSD, HDMI + VGA, Wi-Fi, RJ-45, USB-C, Wired Keyboard & Mouse, Win11",1824.59,528.79,2026-10-03,0.0,0,https://www.amazon.com/Lenovo-IdeaCentre-Tower-Business-Computer/dp/B0H8BJ2219,0.0,528.79
20261003_050925,2026-10-03T05:25:45.790001+00:00,amazon_usa,CPU,B0GWMHJLBR,"Lenovo ThinkStation P2 Tower Desktop Computer | Intel Core Ultra 7 265k (20 Cores, Up to 5.5GHz) | 32GB DDR5 RAM, 2TB SSD | AI NPU for CAD & Design | WiFi 7, Bluetooth 5.4 | Wired KB & Mouse",2230.06,646.3,2026-10-03,0.0,0,https://www.amazon.com/Lenovo-ThinkStation-Desktop-Computer-Bluetooth/dp/B0GWMHJLBR,0.0,646.3
20261003_050925,2026-10-03T05:25:45.790001+00:00,amazon_usa,CPU,B0GMLFFHS1,Intel Core™ Ultra 5 Processor 250KF Plus 18 cores (6 P-cores + 12 E-cores) up to 5.3 GHz,202.72,58.75,2026-10-03,4.6,27,https://www.amazon.com/Intel%C2%AE-CoreTM-Processor-P-cores-cores/dp/B0GMLFFHS1,0.0,58.75
20261003_050925,2026-10-03T05:25:45.790001+00:00,amazon_usa,CPU,B0HFYPDSCM,Core Ultra 7 AI Workstation - Intel Core Ultra 7 265K - ARC PRO B70-32GB DDR5-2TB SSD - Windows 11 Pro - 850W,3546.8,1027.91,2026-10-03,0.0,0,https://www.amazon.com/AVGPC-Core-Ultra-AI-Workstation/dp/B0HFYPDSCM,0.0,1027.91
20261003_050925,2026-10-03T05:25:45.790001+00:00,amazon_usa,CPU,B0F9FRX73M,Micro Center Bundle Intel Core Ultra 7 265KF and msi Pro Z890-P WiFi Combo,506.81,146.88,2026-10-03,3.5,5,https://www.amazon.com/Micro-Center-CPU-Motherboard-Combo/dp/B0F9FRX73M,0.0,146.88
20261003_050925,2026-10-03T05:25:45.790001+00:00,amazon_usa,CPU,B0DX28YCNG,"HP OMEN 45L Gaming Desktop, Intel Core Ultra 7 265K, 16 GB RAM, 1 TB SSD, NVIDIA GeForce RTX 5070, Windows 11 Pro, Microsoft Copilot, Tempered Glass, GT22-3050 (2025)",1970.86,571.18,2026-10-03,3.9,7,https://www.amazon.com/HP-Desktop-Microsoft-Tempered-GT22-3050/dp/B0DX28YCNG,0.0,571.18
20261003_050925,2026-10-03T05:25:45.790001+00:00,amazon_usa,CPU,B0CGJC178L,Intel Core™ i7-14700KF New Gaming Desktop Processor 20 cores (8 P-cores + 12 E-cores) - Unlocked,354.78,102.82,2026-10-03,4.7,793,https://www.amazon.com/Intel%C2%AE-i7-14700KF-Desktop-Processor-P-cores/dp/B0CGJC178L,0.0,102.82
20261003_050925,2026-10-03T05:25:45.790001+00:00,amazon_usa,CPU,B0HFW8Y9ZP,"Lenovo ThinkStation P2 Tower Desktop Computer | Intel Core Ultra 7 265k (20 Cores, Up to 5.5GHz) | 32GB DDR5 RAM, 1TB SSD | AI NPU for CAD & Design | WiFi 7, Bluetooth 5.4 | Wired KB & Mouse",2027.31,587.54,2026-10-03,0.0,0,https://www.amazon.com/Lenovo-ThinkStation-Desktop-Computer-Bluetooth/dp/B0HFW8Y9ZP,0.0,587.54
20261003_050925,2026-10-03T05:25:50.323105+00:00,amazon_usa,CPU,B0GNPWJJFP,"Dell Pro Slim QCS1250 Business Desktop Computer, Intel Core Ultra 7 265K, 16GB DDR5, 512GB PCIe SSD, Dual 4K Monitor Support, USB-C, HDMI, RJ-45, Wi-Fi, Wired KB & Mouse, Windows 11 Pro",1115.03,323.15,2026-10-03,0.0,0,https://www.amazon.com/Dell-QCS1250-Business-Desktop-Computer/dp/B0GNPWJJFP,0.0,323.15
20261003_050925,2026-10-03T05:25:50.323105+00:00,amazon_usa,CPU,B0H477MFPG,"Customized Dell Pro Slim QCS1250 Business Desktop, Latest OptiPlex AI SFF Version, Core Ultra 7 265K, 16GB DDR5 512GB SSD, Up to 64GB RAM 4TB SSD, Dual 4K Display Support, USB-C, Wi-Fi, Win11Pro",1115.03,323.15,2026-10-03,0.0,0,https://www.amazon.com/WOWPC-Customized-QCS1250-Business-OptiPlex/dp/B0H477MFPG,0.0,323.15
20261003_050925,2026-10-03T05:25:50.323105+00:00,amazon_usa,CPU,B01GW6AEHY,"Centaurus Virgo 4 PC - Intel Core Ultra 7 265K 20-Core, GeForce RTX 5060 Ti, 2TB NVMe SSD, 32GB DDR5 RAM, Liquid Cooler, Windows 11 PRO, WiFi. Custom Gaming Computer Workstation, ARGB, Glass",2225.95,645.11,2026-10-03,5.0,3,https://www.amazon.com/Centaurus-Virgo-Gaming-Computer-Six-Core/dp/B01GW6AEHY,0.0,645.11
20261003_050925,2026-10-03T05:25:50.323105+00:00,amazon_usa,CPU,B0H8B3CX1Z,"Lenovo IdeaCentre Next Gen AI Tower Business Desktop Computer, 20-Core Intel Ultra 7 265K, 32GB DDR5, 1TB SSD, HDMI + VGA, Wi-Fi, RJ-45, USB-C, Wired Keyboard & Mouse, Windows 11",1317.75,381.9,2026-10-03,1.0,1,https://www.amazon.com/Lenovo-IdeaCentre-Tower-Business-Computer/dp/B0H8B3CX1Z,0.0,381.9
20261003_050925,2026-10-03T05:25:50.323105+00:00,amazon_usa,CPU,B0GNQ41RNJ,"Dell Pro Slim QCS1250 Business Desktop Computer, Intel Core Ultra 7 265K, 32GB DDR5, 1TB PCIe SSD, Dual 4K Monitor Support, USB-C, HDMI, RJ-45, Wi-Fi, Wired KB & Mouse, Windows 11",1419.12,411.28,2026-10-03,1.0,1,https://www.amazon.com/Dell-QCS1250-Business-Desktop-Computer/dp/B0GNQ41RNJ,0.0,411.28
20261003_050925,2026-10-03T05:25:50.323105+00:00,amazon_usa,CPU,B0GS4Z9N71,"Lenovo IdeaCentre Tower Desktop Computer • 20-core Intel Ultra 7 265K Processor • 16GB DDR5 • 256GB SSD + 1TB HDD • Office 365 for The Web • HDMI + VGA, Wi-Fi 6E • Wired Keyboard & Mouse • Windows 11",1013.65,293.77,2026-10-03,0.0,0,https://www.amazon.com/Lenovo-IdeaCentre-Computer-Processor-Keyboard/dp/B0GS4Z9N71,0.0,293.77
20261003_050925,2026-10-03T05:25:50.323105+00:00,amazon_usa,CPU,B0HK3JQXKH,"Lenovo IdeaCentre Tower Desktop Computer, Intel Ultra 7 265K (20-core)",1013.65,293.77,2026-10-03,0.0,0,https://www.amazon.com/Lenovo-IdeaCentre-Tower-Desktop-Computer/dp/B0HK3JQXKH,0.0,293.77
20261003_050925,2026-10-03T05:25:50.323105+00:00,amazon_usa,CPU,B0H9S1HXTW,Ultra 7 270K Plus Cores Ultra 7 270K Plus CPU Processor,866.18,251.03,2026-10-03,0.0,0,https://www.amazon.com/Ultra-270K-Plus-Cores-Processor/dp/B0H9S1HXTW,18.0,269.03
20261003_050925,2026-10-03T05:25:50.323105+00:00,amazon_usa,CPU,B09FXNVDBJ,Intel Core i7-12700K Gaming Desktop Processor with Integrated Graphics and 12 (8P+4E) Cores up to 5.0 GHz Unlocked LGA1700 600 Series Chipset 125W,322.97,93.6,2026-10-03,4.8,3800,https://www.amazon.com/Intel-i7-12700K-Desktop-Processor-Unlocked/dp/B09FXNVDBJ,0.0,93.6
20261003_050925,2026-10-03T05:25:50.323105+00:00,amazon_usa,CPU,B0FHTNQNTR,"msi AEGIS RS2 AI C2NVP7-1443US Desktop PC, Intel Core Ultra 7 Processor 265K, 32GB DDR5, 2TB M.2 NVMe Gen4, NVIDIA GeForce RTX 5070, Win11H (Renewed)",2938.62,851.65,2026-10-03,0.0,0,https://www.amazon.com/Gaming-3-3GHz-Processor-GeForce-DDR5-6000/dp/B0FHTNQNTR,0.0,851.65
20261003_050925,2026-10-03T05:25:50.323105+00:00,amazon_usa,CPU,B0FJM28HRF,"HP OMEN 45L GT22 Gaming Desktop PC- Intel Core Ultra 7 265K up to 5.5 GHz Processor, 32GB DDR5 RAM, 1TB NVMe SSD, NVIDIA GeForce RTX 5070, Liquid Cooling, RGB Lighting, AI Copilot, Windows 11 Pro",3090.65,895.71,2026-10-03,0.0,0,https://www.amazon.com/45L-GT22-Desktop-Processor-Lighting/dp/B0FJM28HRF,0.0,895.71
20261003_050925,2026-10-03T05:25:50.323105+00:00,amazon_usa,CPU,B0F33W7TGC,"Centaurus Berserk GX2 Gaming PC, Intel Core Ultra 7 265K 20-Core, Radeon RX 9070 GRE 12GB, 32GB DDR5 6000MHz RAM, 1TB NVMe SSD, Win 11 PRO, Liquid Cooler. WiFi. Desktop Computer, Video Audio Editing",2025.24,586.94,2026-10-03,0.0,0,https://www.amazon.com/Centaurus-Berserk-20-Core-GeForce-Computer/dp/B0F33W7TGC,0.0,586.94
20261003_050925,2026-10-03T05:25:50.323105+00:00,amazon_usa,CPU,B07DX6XML9,"Centaurus Polaris 4T7 Gaming PC - Intel Core Ultra 7 265K 20-Core, GeForce RTX 5070, 32GB DDR5 RAM, 1TB NVMe SSD, Glass, RGB, WiFi, CPU Liquid Cooler AIO, Windows 11 PRO. Custom Professional Desktop",2289.82,663.62,2026-10-03,5.0,2,https://www.amazon.com/Centaurus-Polaris-4T7-Gaming-PC/dp/B07DX6XML9,0.0,663.62
20261003_050925,2026-10-03T05:25:50.323105+00:00,amazon_usa,CPU,B09139KNX2,"Amazon Renewed Core i7-10700 Desktop Processor 8 Cores up to 4.8 GHz LGA 1200 (Intel 400 Series Chipset) 65W, BX8070110700 (Renewed)",177.39,51.41,2026-10-03,4.7,24,https://www.amazon.com/Intel-i7-10700-Desktop-Processor-BX8070110700/dp/B09139KNX2,0.0,51.41
20261003_050925,2026-10-03T05:25:50.323105+00:00,amazon_usa,CPU,B0B5PX8QBD,Amazon Renewed Core i9-11900 8-Core Up to 5.2Ghz Processor SRKNJ,319.27,92.53,2026-10-03,0.0,0,https://www.amazon.com/i9-11900-Desktop-Processor-LGA1200-Chipset/dp/B0B5PX8QBD,0.0,92.53
20261003_050925,2026-10-03T05:25:50.323105+00:00,amazon_usa,CPU,B086ML4XSB,Intel Core i7-10700K Desktop Processor 8 Cores up to 5.1 GHz Unlocked LGA1200 (Intel 400 Series Chipset) 125W (BX8070110700K),375.03,108.69,2026-10-03,4.8,3800,https://www.amazon.com/Intel-i7-10700K-Processor-Unlocked-BX8070110700K/dp/B086ML4XSB,0.0,108.69
20261003_050925,2026-10-03T05:25:50.323105+00:00,amazon_usa,CPU,B01M9AYZNT,Intel Core i7 5820K / 3.3 GHz Processor,160.17,46.42,2026-10-03,0.0,0,https://www.amazon.com/Intel-Core-5820K-3-3-processor/dp/B01M9AYZNT,18.0,64.42
20261003_050925,2026-10-03T05:25:55.089701+00:00,amazon_usa,CPU,B0FG2XWDXG,"Skytech Gaming PC Aqua, Ultra 7, RX 9070 XT, 32GB RAM, 1TB SSD",2057.71,596.35,2026-10-03,0.0,0,https://www.amazon.com/Skytech-Gaming-Desktop-Intel-Ultra/dp/B0FG2XWDXG,0.0,596.35
20261003_050925,2026-10-03T05:25:55.089701+00:00,amazon_usa,CPU,B0DJTGPWDK,"Panorama XL RTX 5060 Ti, Intel 20-Core Ultra 7 265KF Processor, 32GB DDR5 RAM, 1TB Gen4 NVMe SSD, Liquid Cooled Gaming Desktop w/Windows 11 Pro, 3-Year Warranty, RGB Keyboard+Mouse, Internal Wi-Fi 6E",2432.78,705.05,2026-10-03,0.0,0,https://www.amazon.com/Panorama-PC-Processor-WaterCooled-PreBuilt/dp/B0DJTGPWDK,0.0,705.05
20261003_050925,2026-10-03T05:25:55.089701+00:00,amazon_usa,CPU,B0GNPJRJ8W,"Dell Pro Slim QCS1250 Business Desktop Computer, Intel Core Ultra 7 265K, 16GB DDR5, 512GB PCIe SSD, Dual 4K Monitor Support, USB-C, HDMI, RJ-45, Wi-Fi, Wired KB & Mouse, Windows 11",1115.03,323.15,2026-10-03,1.0,1,https://www.amazon.com/Dell-QCS1250-Business-Desktop-Computer/dp/B0GNPJRJ8W,0.0,323.15
20261003_050925,2026-10-03T05:25:55.089701+00:00,amazon_usa,CPU,B0CQ1P2TRN,Intel Core i7-14700F Desktop Processor 20 cores (8 P-cores + 12 E-cores) up to 5.4 GHz,334.49,96.94,2026-10-03,4.6,227,https://www.amazon.com/Intel-i7-14700F-Desktop-Processor-P-cores/dp/B0CQ1P2TRN,0.0,96.94
20261003_050925,2026-10-03T05:25:55.089701+00:00,amazon_usa,CPU,B0F5B4CWYZ,"Skytech Gaming PC Legacy 4, Ultra 7, RTX 5070 Ti, 32GB RAM, 4TB SSD",3243.71,940.07,2026-10-03,0.0,0,https://www.amazon.com/Skytech-Legacy-Gaming-Desktop-NVIDIA/dp/B0F5B4CWYZ,0.0,940.07
20261003_050925,2026-10-03T05:25:55.089701+00:00,amazon_usa,CPU,B0CWLRYRGQ,"Alienware Aurora ACT1250 Desktop 1TB SSD 96GB DDR5 RAM Win 11 Pro (Intel 15th Gen Core Ultra 7 265K Processor with Turbo Boost to 5.50GHz, NVIDIA GeForce RTX 8GB GDDR6) Gaming PC Business Computer",2533.15,734.14,2026-10-03,1.0,1,https://www.amazon.com/Alienware-Aurora-R16-Generation-i7-14700K/dp/B0CWLRYRGQ,0.0,734.14
20261003_050925,2026-10-03T05:25:55.089701+00:00,amazon_usa,CPU,B07MMD4DDJ,Amazon Renewed Core i7-7700 Desktop Processor 4 Cores up to 4.2 GHz LGA 1151 100/200 Series 65W (Renewed),65.9,19.1,2026-10-03,4.7,259,https://www.amazon.com/Intel-i7-7700-Desktop-Processor-Renewed/dp/B07MMD4DDJ,0.0,19.1
20261003_050925,2026-10-03T05:25:55.089701+00:00,amazon_usa,CPU,B0DJ3R9S8X,"msi Aegis RS2 AI Gaming Desktop: Intel Ultra 7 265K, Geforce RTX 4070 Super, 32GB DDR5, 2TB M.2 NVMe SSD, Liquid Cooling, USB Type C, VR-Ready, Window 11 Home: C2NUE7-1075US",2635.49,763.8,2026-10-03,5.0,1,https://www.amazon.com/MSI-Aegis-Gaming-Desktop-C2NUE7-1075US/dp/B0DJ3R9S8X,0.0,763.8
20261003_050925,2026-10-03T05:25:55.089701+00:00,amazon_usa,CPU,B08X6NXNX7,Intel Core™ i7-11700KF Desktop Processor 8 Cores up to 5.0 GHz Unlocked LGA1200 (Intel® 500 Series & Select 400 Series Chipset) 125W,385.18,111.63,2026-10-03,4.7,474,https://www.amazon.com/Intel-i7-11700KF-Desktop-Processor-Unlocked/dp/B08X6NXNX7,0.0,111.63
20261003_050925,2026-10-03T05:25:55.089701+00:00,amazon_usa,CPU,B0G62HHJLK,Shuttle XPC Slim DH810 Barebone PC Intel H810 Support 65W Arrow Lake-s LGA1851 CPU No Ram No HDD/SSD No CPU No OS (Vesa Mount Included),515.95,149.53,2026-10-03,0.0,0,https://www.amazon.com/Shuttle-DH810-Barebone-Support-Included/dp/B0G62HHJLK,0.0,149.53
20261003_050925,2026-10-03T05:25:55.089701+00:00,amazon_usa,CPU,B0F928KVJ6,"TWELF Moonlight Gaming PC – Ultra 7 265KF, RTX 5070 12GB, 32GB DDR5, 1TB NVMe SSD – 360mm AIO, Windows 11 Pro, VR Ready - Mystery Gift Included",2534.15,734.43,2026-10-03,5.0,1,https://www.amazon.com/TWELF-Moonlight-Gaming-PC-i9-12900KF/dp/B0F928KVJ6,0.0,734.43
20261003_050925,2026-10-03T05:25:55.089701+00:00,amazon_usa,CPU,B0BCF57FL5,Intel Core i7-13700K Gaming Desktop Processor 16 cores (8 P-cores + 8 E-cores) with Integrated Graphics - Unlocked,456.12,132.19,2026-10-03,4.7,2300,https://www.amazon.com/Intel-i7-13700K-Desktop-Processor-P-cores/dp/B0BCF57FL5,18.0,150.19
20261003_050925,2026-10-03T05:25:55.089701+00:00,amazon_usa,CPU,B07NZQJP8X,Amazon Renewed Core i7-3770K Quad-Core Processor 3.5 GHz 8 MB Cache LGA 1155 - BX80637I73770K (Renewed),75.01,21.74,2026-10-03,4.0,25,https://www.amazon.com/Intel-i7-3770K-Quad-Core-Processor-Cache/dp/B07NZQJP8X,0.0,21.74
20261003_050925,2026-10-03T05:25:55.089701+00:00,amazon_usa,CPU,B07NXF5MBR,Amazon Renewed Core i7-3770 Quad-Core Processor 3.4 GHz 4 Core LGA 1155 - BX80637I73770 (Renewed),55.73,16.15,2026-10-03,4.6,333,https://www.amazon.com/Intel-Core-i7-3770-Quad-Core-Processor/dp/B07NXF5MBR,0.0,16.15
20261003_050925,2026-10-03T05:25:55.089701+00:00,amazon_usa,CPU,B0FMM623TW,"Titan 7 Gaming PC Desktop Bundle - Core Ultra 7 265K, RTX 5060 TI, 32GB DDR5, 2TB SSD, RGB, Windows 11, Wi-Fi, Monitor",2469.28,715.63,2026-10-03,0.0,0,https://www.amazon.com/Gigatech-Gaming-Desktop-Monitor-Bundle/dp/B0FMM623TW,0.0,715.63
20261003_050925,2026-10-03T05:25:55.089701+00:00,amazon_usa,CPU,B0F9FPMNF2,"[2025] MSI Aegis RS2 AI A2NVP7-1480US (Intel Core Ultra 7 265K, 32GB DDR5 RAM, 2TB NVMe SSD, NVIDIA GeForce RTX 5070, Windows 11) Gaming Desktop PC",2837.24,822.27,2026-10-03,0.0,0,https://www.amazon.com/MSI-Aegis-RS2-AI-A2NVP7-1480US/dp/B0F9FPMNF2,0.0,822.27
20261003_050925,2026-10-03T05:25:55.089701+00:00,amazon_usa,CPU,B0DQLJRY8C,"GIGABYTE B860 Eagle WIFI6E Intel Core Ultra (Series 2) LGA 1851 Motherboard, ATX, DDR5, 3X M.2, PCIe 5.0, USB-C, WIFI6E, 2.5GbE LAN, EZ-Latch",182.46,52.88,2026-10-03,4.4,18,https://www.amazon.com/GIGABYTE-B860-WIFI6E-Motherboard-EZ-Latch/dp/B0DQLJRY8C,0.0,52.88
20261003_050925,2026-10-03T05:25:55.089701+00:00,amazon_usa,CPU,B07598VZR8,Intel Core i7-8700K Desktop Processor 6 Cores up to 4.7GHz Turbo Unlocked LGA1151 300 Series 95W,201.72,58.46,2026-10-03,4.8,4700,https://www.amazon.com/Intel-i7-8700K-Desktop-Processor-Unlocked/dp/B07598VZR8,0.0,58.46
20261003_050925,2026-10-03T05:26:02.956121+00:00,aliexpress,CPU,3256812194503849,CPU ULTRA 7 265K U7 265K CPU Processor in stock,2044.52,592.53,2026-10-03,0.0,0,,0.0,592.53
20261003_050925,2026-10-03T05:26:02.956121+00:00,aliexpress,CPU,3256808585753064,"i5 14400F Intel New Core I5-14400F CPU processor LGA 1700 , but without cooler",722.88,209.5,2026-10-03,5.0,0,,0.0,209.5
20261003_050925,2026-10-03T05:26:02.956121+00:00,aliexpress,CPU,3256807966946078,5PCS TOP264VG TOP266VG TOP267VG TOP264 TOP266 TOP267 EDIP-12 Power management chip New original,17.11,4.96,2026-10-03,5.0,0,,0.0,4.96
20261003_050925,2026-10-03T05:26:02.956121+00:00,aliexpress,CPU,3256810099217641,Bands For Garmin Venu 4 45mm 22mm Watch Strap for Venu 3 2 Forerunner 265 255 Music 570 47mm Vivoactive4 Silicone Sport Bracelet,9.52,2.76,2026-10-03,4.9,0,,0.0,2.76
20261003_050925,2026-10-03T05:26:02.956121+00:00,aliexpress,CPU,3256807474622531,Intel Xeon Gold 6138 2.0GHz 27.5MB Smart Cache 20-Cores 40-Thread 125W LGA3647 CPU Processor,6.07,1.76,2026-10-03,4.8,0,,0.0,1.76
20261003_050925,2026-10-03T05:26:02.956121+00:00,aliexpress,CPU,3256804494764544,Fully Tested 100%Working Mainboard For iPhone X/XR/XS/XS Max With Face ID 64g/256g Cleaned iCloud And Unlocked Phone Motherboard,147.34,42.7,2026-10-03,4.7,0,,0.0,42.7
20261003_050925,2026-10-03T05:26:02.956121+00:00,aliexpress,CPU,3256807428419499,"Radxa ZERO 3W RK3566 4-core CPU SBC, GPU, NPU, HDMI with 1080P Output,  and WiFi 6 & BT 5.4, Single Board Computer",183.88,53.29,2026-10-03,4.9,0,,0.0,53.29
20261003_050925,2026-10-03T05:26:02.956121+00:00,aliexpress,CPU,3256806952708898,Xmeye 4K 16Ch Digital Video Recorder Board Mstar Ssr621Q Cpu Nvr 16 Channels Two Ways Audio P2P Onvif Cctv Security Protection,91.75,26.59,2026-10-03,4.9,0,,0.0,26.59
20261003_050925,2026-10-03T05:26:02.956121+00:00,aliexpress,CPU,3256806050910856,3pcs TPU Protective Film For Garmin Venu 2 Plus 3 3S Vivoactive 4 4s MARQ2 Forerunner 265S 265 965 Screen Protector Not Glass,3.76,1.09,2026-10-03,4.2,0,,0.0,1.09
20261003_050925,2026-10-03T05:26:02.956121+00:00,aliexpress,CPU,3256807939905603,Intel Core i5 14600KF New (14th gen) 3.5GHz 14-Core 20-Thread CPU L3=24M 125W LGA 1700 but without Cooler,1123.93,325.73,2026-10-03,3.3,0,,0.0,325.73
20261003_050925,2026-10-03T05:26:02.956121+00:00,aliexpress,CPU,3256805926731840,AMD EPYC 7551 CPU 32 Core 2.0 GHz Server Processor 180W 64MB Socket SP3 64-Thread CPU EPYC7551 Processors PS7551BDVIHAF,119.28,34.57,2026-10-03,5.0,0,,0.0,34.57
20261003_050925,2026-10-03T05:26:02.956121+00:00,aliexpress,CPU,3256809104518145,TV Box Android 16 T95 8K Ultra 4K 8GB 128GB Smart TV Box Bluetooth 6.0 Dual Wifi 5G Allwinner H616 Media Player Google Assistant,126.98,36.8,2026-10-03,4.6,0,,0.0,36.8
20261003_050925,2026-10-03T05:26:02.956121+00:00,aliexpress,CPU,3256806816819929,"Radxa ROCK Pi E RK3328 4-core CPU, Dual Gigabit Ethernet,WiFi4 or WiFi5 Optional and eMMC Optional ,Single Board Computer",148.92,43.16,2026-10-03,4.7,0,,0.0,43.16
20261003_050925,2026-10-03T05:26:02.956121+00:00,aliexpress,CPU,3256809855065210,BolyGuard BG662-HQ Trail Camera 940nm Night Vision Invisible 4K Video 56MP Wildlife Hunting Game Camera Portable IP68 Waterproof,483.14,140.02,2026-10-03,5.0,0,,0.0,140.02
20261003_050925,2026-10-03T05:26:02.956121+00:00,aliexpress,CPU,3256812137868711,Sipeed MaixCAM2 4K AI Visual Camera Image RISC-V Rapid Deployment of AI Vision and Audio Applications Local LLMs OPENCV VLM YOLO,403.64,116.98,2026-10-03,0.0,0,,0.0,116.98
20261003_050925,2026-10-03T05:26:02.956121+00:00,aliexpress,CPU,3256810359841449,2026 New Upgraded Smart Watch TWS 2-in-1 Bluetooth Earphones 3ATM Waterproof Bluetooth Call For Men and Women Sports Smartwatch,113.21,32.81,2026-10-03,0.0,0,,0.0,32.81
20261003_050925,2026-10-03T05:26:02.956121+00:00,aliexpress,CPU,3256804224695944,AMD Ryzen Threadripper 1950X 16 Cores 32 Threads Base Clock 3.4GHz Max. Boost Up to 4.0GHz Socket sTR4 TDP180W,672.74,194.97,2026-10-03,3.0,0,,0.0,194.97
20261003_050925,2026-10-03T05:26:02.956121+00:00,aliexpress,CPU,3256807140735242,Gadinan 6MP Dual Lens PTZ POE IP Camera Outdoor Home Video Security Surveillance Motion Detection CCTV Support Onvif XMEye iCSee,104.52,30.29,2026-10-03,5.0,0,,0.0,30.29
20261003_050925,2026-10-03T05:26:02.956121+00:00,aliexpress,CPU,3256808301230259,Intel Core i5 14400F 2.5GHz 10-Core 16-Thread CPU Processor 65W LGA 1700 No cooler,786.78,228.02,2026-10-03,5.0,0,,0.0,228.02
20261003_050925,2026-10-03T05:26:02.956121+00:00,aliexpress,CPU,3256803949511843,Intel Core i3 12100F CPU  New i3-12100F 3.3 GHz 4-Core 8-Thread 65W LGA 1700,405.4,117.49,2026-10-03,4.0,0,,0.0,117.49
20261003_050925,2026-10-03T05:26:02.956121+00:00,aliexpress,CPU,3256809458377821,14400F but without cooler,537.24,155.7,2026-10-03,4.8,0,,0.0,155.7
20261003_050925,2026-10-03T05:26:15.257074+00:00,amazon_usa,GPU,B0DS2R6948,"GIGABYTE GeForce RTX 5080 Gaming OC 16G Graphics Card, WINDFORCE Cooling System, 16GB 256-bit GDDR7, GV-N5080GAMING OC-16GD Video Card",1676.6,485.9,2026-10-03,4.6,186,https://www.amazon.com/GIGABYTE-Graphics-WINDFORCE-GV-N5080GAMING-OC-16GD/dp/B0DS2R6948,0.0,485.9
20261003_050925,2026-10-03T05:26:15.257074+00:00,amazon_usa,GPU,B0DQSMMCSH,ASUS TUF Gaming GeForce RTX™ 5080 16GB GDDR7 OC Edition Graphics Card,1842.6,534.01,2026-10-03,4.6,282,https://www.amazon.com/ASUS-Certified-Cybenetics-Intelligent-Stabilizer/dp/B0DQSMMCSH,0.0,534.01
20261003_050925,2026-10-03T05:26:15.257074+00:00,amazon_usa,GPU,B0DSWQNGYF,"msi Gaming RTX 5080 16G Ventus 3X OC White Graphics Card (16GB GDDR7, 256-bit, Extreme Clock TBD MHz, DisplayPort x 3 2.1a, HDMI 2.1b, NVIDIA Blackwell Architecture)",1702.93,493.53,2026-10-03,4.6,36,https://www.amazon.com/MSI-Graphics-DisplayPort-Blackwell-Architecture/dp/B0DSWQNGYF,0.0,493.53
20261003_050925,2026-10-03T05:26:15.257074+00:00,amazon_usa,GPU,B0GVGP3JG3,"msi Gaming RTX 5080 16G Ventus 3X OC Black Graphics Card (16GB GDDR7, 256-bit, Extreme Clock 2640 MHz, DisplayPort x 3 2.1a, HDMI 2.1b, NVIDIA Blackwell Architecture)",1702.93,493.53,2026-10-03,4.7,8,https://www.amazon.com/msi-Graphics-DisplayPort-Blackwell-Architecture/dp/B0GVGP3JG3,0.0,493.53
20261003_050925,2026-10-03T05:26:15.257074+00:00,amazon_usa,GPU,B0GZR4P62R,ASUS Prime GeForce RTX 5080 EVO 16GB GDDR7 OC Edition Gaming Graphics Card,1687.81,489.15,2026-10-03,4.0,8,https://www.amazon.com/ASUS-Prime-GeForce-Gaming-Graphics/dp/B0GZR4P62R,0.0,489.15
20261003_050925,2026-10-03T05:26:15.257074+00:00,amazon_usa,GPU,B0FKX6LPR6,ASUS ROG Astral GeForce RTX 5080 16GB GDDR7 White OC Edition Graphics Card,2179.37,631.61,2026-10-03,4.6,91,https://www.amazon.com/ASUS-Astral-NVIDIA-GeForce-RTXTM/dp/B0FKX6LPR6,0.0,631.61
20261003_050925,2026-10-03T05:26:15.257074+00:00,amazon_usa,GPU,B0FSB9GY9Q,ASUS ProArt GeForce RTX 5080 16GB GDDR7 OC Edition Graphics Card,1895.01,549.2,2026-10-03,4.9,29,https://www.amazon.com/ASUS-Graphics-2-5-Slot-Axial-tech-Phase-Change/dp/B0FSB9GY9Q,0.0,549.2
20261003_050925,2026-10-03T05:26:15.257074+00:00,amazon_usa,GPU,B0DSXJ5QF4,"msi Gaming RTX 5080 16G SUPRIM SOC Graphics Card (16GB GDDR7, 256-bit, Extreme Performance: 2760 MHz, DisplayPort x 3 2.1a, HDMI 2.1b, NVIDIA Blackwell Architecture)",1829.01,530.07,2026-10-03,4.9,34,https://www.amazon.com/MSI-Graphics-256-bit-Extreme-Performance/dp/B0DSXJ5QF4,0.0,530.07
20261003_050925,2026-10-03T05:26:15.257074+00:00,amazon_usa,GPU,B0DTJDR3V9,PNY NVIDIA GeForce RTX™ 5080 Epic-X RGB™ OC Triple-Fan Graphics Card,1805.34,523.21,2026-10-03,4.4,284,https://www.amazon.com/PNY-Overclocked-Graphics-2-9-Slot-Epic-XTM/dp/B0DTJDR3V9,0.0,523.21
20261003_050925,2026-10-03T05:26:15.257074+00:00,amazon_usa,GPU,B0DSWR8WMB,"msi Gaming RTX 5080 16G SUPRIM Liquid SOC Graphics Card (16GB GDDR7, 256-bit, Extreme Performance: 2760 MHz, DisplayPort x 3 2.1a, HDMI 2.1b, NVIDIA Blackwell Architecture)",2027.31,587.54,2026-10-03,4.7,54,https://www.amazon.com/MSI-Graphics-256-bit-Extreme-Performance/dp/B0DSWR8WMB,0.0,587.54
20261003_050925,2026-10-03T05:26:15.257074+00:00,amazon_usa,GPU,B0DYVCGVK4,NVIDIA GeForce RTX 5080 Founders Edition,2027.31,587.54,2026-10-03,4.5,113,https://www.amazon.com/NVIDIA-GeForce-RTX-5080-Founders/dp/B0DYVCGVK4,0.0,587.54
20261003_050925,2026-10-03T05:26:15.257074+00:00,amazon_usa,GPU,B0DQSD7YQC,ASUS ROG Astral GeForce RTX 5080 16GB GDDR7 OC Edition Gaming Graphics Card,2128.68,616.92,2026-10-03,4.5,208,https://www.amazon.com/ASUS-Graphics-3-8-Slot-Axial-tech-Phase-Change/dp/B0DQSD7YQC,0.0,616.92
20261003_050925,2026-10-03T05:26:15.257074+00:00,amazon_usa,GPU,B0H6KS94JF,"ASUS TUF Gaming GeForce RTX ™ 5080 16GB GDDR7 BTF OC Edition Gaming Graphics Card (PCIe® 5.0, HDMI®/DP 2.1, 3.6-Slot, Military-Grade Components, Detachable GC-HPWR Adapter)",1925.93,558.16,2026-10-03,0.0,0,https://www.amazon.com/ASUS-GeForce-RTX-Gaming-Graphics-Military-Grade-Components/dp/B0H6KS94JF,0.0,558.16
20261003_050925,2026-10-03T05:26:15.257074+00:00,amazon_usa,GPU,B0DQSLHSP2,ASUS Prime GeForce RTX 5080 16GB GDDR7 OC Edition Gaming Graphics Card,1723.21,499.41,2026-10-03,4.4,103,https://www.amazon.com/ASUS-SFF-Ready-Graphics-2-5-Slot-Axial-tech/dp/B0DQSLHSP2,0.0,499.41
20261003_050925,2026-10-03T05:26:15.257074+00:00,amazon_usa,GPU,B0GK8N9DR7,"ZOTAC Gaming GeForce RTX 5080 Solid CORE OC DLSS 4 16GB GDDR7 256-bit 30 Gbps PCIE 5.0 Gaming Graphics Card, IceStorm 3.0 Advanced Cooling, Spectra RGB Lighting, ZT-B50800J2-10A",1804.51,522.97,2026-10-03,4.7,69,https://www.amazon.com/ZOTAC-Graphics-IceStorm-Advanced-ZT-B50800J2-10A/dp/B0GK8N9DR7,0.0,522.97
20261003_050925,2026-10-03T05:26:15.257074+00:00,amazon_usa,GPU,B0FJZJ8TDH,"Amazon Renewed TUF Gaming GeForce RTX ™ 5080 16GB GDDR7 OC Edition Gaming Graphics Card (PCIe® 5.0, HDMI®/DP 2.1, 3.6-Slot, Military-Grade Components, Protective PCB Coating, axial-tech Fans) (Renewed",1571.15,455.34,2026-10-03,0.0,0,https://www.amazon.com/ASUS-Military-Grade-Components-Protective-axial-tech/dp/B0FJZJ8TDH,0.0,455.34
20261003_050925,2026-10-03T05:26:15.257074+00:00,amazon_usa,GPU,B0DTJFZ4YS,PNY NVIDIA GeForce RTX™ 5080 OC Triple-Fan Graphics Card,1662.38,481.78,2026-10-03,4.4,205,https://www.amazon.com/PNY-GeForce-Overclocked-Graphics-2-9-Slot/dp/B0DTJFZ4YS,0.0,481.78
20261003_050925,2026-10-03T05:26:15.257074+00:00,amazon_usa,GPU,B0GPKCL34W,PNY NVIDIA GeForce RTX™ 5080 Slim Dual-Fan Dual-Slot OC Graphics Card,1824.59,528.79,2026-10-03,4.2,59,https://www.amazon.com/PNY-Dual-Fan-Dual-Slot-OC-Graphics/dp/B0GPKCL34W,0.0,528.79
20261003_050925,2026-10-03T05:26:15.257074+00:00,amazon_usa,GPU,B0DS2R7N4F,"GIGABYTE GeForce RTX 5080 WINDFORCE OC SFF 16G Graphics Card, WINDFORCE Cooling System, 16GB 256-bit GDDR7, GV-N5080WF3OC-16GD Video Card comatible with Desktop",1895.53,549.35,2026-10-03,4.6,57,https://www.amazon.com/GIGABYTE-GeForce-WINDFORCE-Graphics-GV-N5080WF3OC-16GD/dp/B0DS2R7N4F,38.0,587.35
20261003_050925,2026-10-03T05:26:15.257074+00:00,amazon_usa,GPU,B0DYRZZJZ1,PNY NVIDIA GeForce RTX™ 5080 Triple-Fan Graphics Card,1660.38,481.2,2026-10-03,4.3,81,https://www.amazon.com/PNY-GeForce-RTXTM-5080-Triple/dp/B0DYRZZJZ1,0.0,481.2
20261003_050925,2026-10-03T05:26:15.257074+00:00,amazon_usa,GPU,B0DSXGNFJL,"msi Gaming RTX 5080 16G Gaming Trio OC White Graphics Card (16GB GDDR7, 256-bit, Extreme Clock TBD MHz, DisplayPort x 3 2.1a, HDMI 2.1b, NVIDIA Blackwell Architecture)",1970.55,571.09,2026-10-03,4.9,18,https://www.amazon.com/MSI-Graphics-DisplayPort-Blackwell-Architecture/dp/B0DSXGNFJL,0.0,571.09
20261003_050925,2026-10-03T05:26:15.257074+00:00,amazon_usa,GPU,B0DS6WPTLL,ASUS Prime GeForce RTX 5070 12GB GDDR7 OC Edition Gaming Graphics Card,868.7,251.76,2026-10-03,4.7,311,https://www.amazon.com/ASUS-SFF-Ready-Graphics-2-5-Slot-Axial-tech/dp/B0DS6WPTLL,0.0,251.76
20261003_050925,2026-10-03T05:26:15.257074+00:00,amazon_usa,GPU,B0DT7H5JYL,"GIGABYTE AORUS GeForce RTX 5080 Master ICE 16G Graphics Card, WINDFORCE Cooling System, 16GB 256-bit GDDR7, GV-N5080AORUSM ICE-16GD Video Card",2523.01,731.2,2026-10-03,4.3,114,https://www.amazon.com/GIGABYTE-Graphics-WINDFORCE-GV-N5080AORUSM-ICE-16GD/dp/B0DT7H5JYL,0.0,731.2
20261003_050925,2026-10-03T05:26:19.048631+00:00,amazon_usa,GPU,B0DSQ1RCZV,"GIGABYTE GeForce RTX 5080 Gaming OC 16G Graphics Card - 16GB GDDR7, 256bit, PCI-E 5.0, 2730MHz Core Clock, 3 x DisplayPort, 1 x HDMI, GV-N5080GAMING OC-16GD",1702.93,493.53,2026-10-03,4.5,329,https://www.amazon.com/Gigabyte-GeForce-5080-Gaming-Graphics/dp/B0DSQ1RCZV,0.0,493.53
20261003_050925,2026-10-03T05:26:19.048631+00:00,amazon_usa,GPU,B0BX6LGM2X,"msi GeForce RTX 5080 16G Gaming Trio OC Graphics Card - RTX 5080 GPU, 16GB GDDR7 (30Gbps/256-bit), PCIe 5.0 - TRI FROZR 4 (3 x STORMFORCE Fan), Gaming & Silent Mode, RGB - HDMI 2.1b, DisplayPort 2.1b",2027.31,587.54,2026-10-03,4.5,212,https://www.amazon.com/MSI-GeForce-5080-Gaming-Graphics/dp/B0BX6LGM2X,0.0,587.54
20261003_050925,2026-10-03T05:26:19.048631+00:00,amazon_usa,GPU,B0DT7JVPVH,"GIGABYTE GeForce RTX 5080 AERO OC SFF 16G Graphics Card, WINDFORCE Cooling System, 16GB 256-bit GDDR7, GV-N5080AERO OC-16GD Video Card, Compatible with Desktop",1773.9,514.1,2026-10-03,4.6,102,https://www.amazon.com/GIGABYTE-Graphics-WINDFORCE-GV-N5080AERO-OC-16GD/dp/B0DT7JVPVH,0.0,514.1
20261003_050925,2026-10-03T05:26:19.048631+00:00,amazon_usa,GPU,B0G26XL6TW,"PNY NVIDIA GeForce RTX™ 5080 Epic-X™ ARGB OC Triple Fan, Graphics Card (16GB GDDR7, 256-bit, Boost Speed: 2775 MHz, PCIe® 5.0, HDMI®/DP 2.1, 2.99-Slot, NVIDIA Blackwell Architecture, DLSS 4)",1914.82,554.94,2026-10-03,4.6,15,https://www.amazon.com/PNY-GeForce-Epic-XTM-Graphics-256-bit/dp/B0G26XL6TW,0.0,554.94
20261003_050925,2026-10-03T05:26:19.048631+00:00,amazon_usa,GPU,B0DT9YQ2Q1,"GIGABYTE AORUS GeForce RTX 5080 Master ICE 16G Graphics Card - 16GB GDDR7, 256 Bit, PCI-E 5.0, 2805MHz Core Clock, 3 x DP 2.1a, 1 x HDMI 2.1b, NVIDIA DLSS 4, GV-N5080AORUSM ICE-16GD",2523.01,731.2,2026-10-03,4.4,84,https://www.amazon.com/Gigabyte-AORUS-GeForce-Master-Graphics/dp/B0DT9YQ2Q1,0.0,731.2
20261003_050925,2026-10-03T05:26:19.048631+00:00,amazon_usa,GPU,B0H9SZ6S5W,"GIGABYTE AORUS GeForce RTX 5080 Infinity 16G Graphics Card, 16GB 256-bit GDDR7, PCIe 5.0, WINDFORCE HYPERBURST Cooling System, GV-N5080AORUS IF-16GD Video Card",1976.62,572.85,2026-10-03,5.0,2,https://www.amazon.com/GIGABYTE-WINDFORCE-HYPERBURST-GV-N5080AORUS-IF-16GD/dp/B0H9SZ6S5W,0.0,572.85
20261003_050925,2026-10-03T05:26:19.048631+00:00,amazon_usa,GPU,B0BT9R5XNN,"msi GeForce RTX 5080 16G Shadow 3X OC Graphics Card - RTX 5080 GPU, 16GB GDDR7 (30Gbps/256-bit), PCIe 5.0 - Triple Fan Design (3 x TORX Fan 5.0) - HDMI 2.1b, DisplayPort 2.1b",1823.55,528.49,2026-10-03,4.5,195,https://www.amazon.com/GEFORCE-Shadow-RTX5080-GDRR7-1XHDMI/dp/B0BT9R5XNN,0.0,528.49
20261003_050925,2026-10-03T05:26:19.048631+00:00,amazon_usa,GPU,B0GP6Z5GNW,"msi Gaming RTX 5080 16G Inspire 3X OC Black Graphics Card, GPU (16GB GDDR7, 256-bit, Extreme Clock 2655 MHz, DisplayPort x 3 2.1a, HDMI 2.1b, NVIDIA Blackwell Architecture)",1925.93,558.16,2026-10-03,4.4,36,https://www.amazon.com/msi-Graphics-DisplayPort-Blackwell-Architecture/dp/B0GP6Z5GNW,0.0,558.16
20261003_050925,2026-10-03T05:26:19.048631+00:00,amazon_usa,GPU,B0DSXH2P3L,"msi Gaming RTX 5080 16G Ventus 3X OC Plus Graphics Card (16GB GDDR7, 256-bit, Extreme Performance: 2655 MHz, DisplayPort x 3 2.1a, HDMI 2.1b, NVIDIA Blackwell Architecture)",2027.31,587.54,2026-10-03,4.7,18,https://www.amazon.com/MSI-16G-3X-OC-Performance/dp/B0DSXH2P3L,38.0,625.54
20261003_050925,2026-10-03T05:26:19.048631+00:00,amazon_usa,GPU,B0BSN9VR7K,"msi NVIDIA GeForce RTX 5080 16G VENTUS 3X OC WHITE Carte Graphique - 16 Go GDDR7 (30 GB/s /256 Bits), PCIe 5.0 - Triple Ventilateur (3X Ventilateurs TORX 5.0), HDMI 2.1b, DisplayPort 2.1b",1772.9,513.81,2026-10-03,4.6,32,https://www.amazon.com/MSI-GeForce-VENTUS-WHITE-Graphics/dp/B0BSN9VR7K,0.0,513.81
20261003_050925,2026-10-03T05:26:19.048631+00:00,amazon_usa,GPU,B0DT9VM5DC,"GIGABYTE AORUS GeForce RTX 5080 Xtreme WATERFORCE 16G Graphics Card - 16GB GDDR7, 256bit, PCI-E 5.0, 2805MHz Core Clock, 3 x DP 2.1a, 1 x HDMI 2.1b, NVIDIA DLSS 4, GV-N5080AORUSX W-16GD",2541.33,736.51,2026-10-03,4.0,14,https://www.amazon.com/Gigabyte-GeForce-Xtreme-Waterforce-Graphics/dp/B0DT9VM5DC,0.0,736.51
20261003_050925,2026-10-03T05:26:19.048631+00:00,amazon_usa,GPU,B0C24443VV,"ASUS ROG Astral GeForce RTX 5080 16GB GDDR7 White OC Edition Gaming Quad Fan Graphics Card (NVIDIA DLSS 4, 3.8-Slot Design, PCIe 5.0, 3X DP 2.1b, 2X HDMI 2.1b, White, ROG-ASTRAL-RTX5080-O16G-WHITE)",2330.4,675.38,2026-10-03,4.6,72,https://www.amazon.com/ASUS-GeForce-Graphics-3-8-Slot-ROG-ASTRAL-RTX5080-O16G-WHITE/dp/B0C24443VV,0.0,675.38
20261003_050925,2026-10-03T05:26:19.048631+00:00,amazon_usa,GPU,B0DT9WRP5M,"GIGABYTE AORUS GeForce RTX 5080 Xtreme WATERFORCE WB 16G Graphics Card - 16GB GDDR7, 256bit, PCI-E 5.0, 2805MHz Core Clock, 3 x DP 2.1a, 1 x HDMI 2.1b, NVIDIA DLSS 4, GV-N5080AORUSX WB-16GD",2459.72,712.86,2026-10-03,4.6,3,https://www.amazon.com/Gigabyte-GeForce-Xtreme-WATERFORCE-Graphics/dp/B0DT9WRP5M,38.0,750.86
20261003_050925,2026-10-03T05:26:19.048631+00:00,amazon_usa,GPU,B0BSLJK16Z,"msi GeForce RTX 5080 16G INSPIRE 3X OC Graphics Card - RTX 5080 GPU, 16GB GDDR7 (30Gbps/256-bit), PCIe 5.0 - Triple Fan Thermal Design (3 x STORMFORCE Fan) - HDMI 2.1b, DisplayPort 2.1b",2330.3,675.35,2026-10-03,4.6,238,https://www.amazon.com/GeForce-5080-INSPIRE-Graphics-Card/dp/B0BSLJK16Z,0.0,675.35
20261003_050925,2026-10-03T05:26:19.048631+00:00,amazon_usa,GPU,B0FSSYM8XW,"PNY NVIDIA GeForce RTX™ 5080 OC Triple Fan, Graphics Card (16GB GDDR7, 256-bit, Boost Speed: 2730 MHz, PCIe® 5.0, HDMI®/DP 2.1, 2.99-Slot, Blackwell Architecture, DLSS 4)",1722.21,499.12,2026-10-03,4.5,31,https://www.amazon.com/PNY-NVIDIA-GeForce-Graphics-256-bit/dp/B0FSSYM8XW,0.0,499.12
20261003_050925,2026-10-03T05:26:19.048631+00:00,amazon_usa,GPU,B0DTHVLLY2,ASUS TUF Gaming GeForce RTX 5080 16GB GDDR7 Gaming Graphics Card (Nvidia,1853.99,537.31,2026-10-03,5.0,1,https://www.amazon.com/ASUS-GeForce-Graphics-DisplayPort-TUF-RTX5080-16G-GAMING/dp/B0DTHVLLY2,0.0,537.31
20261003_050925,2026-10-03T05:26:19.048631+00:00,amazon_usa,GPU,B0DS6V7L5M,"ASUS SFF-Ready Prime NVIDIA GeForce RTX 5070 Ti 16GB GDDR7 OC Edition 16GB GDDR7 Graphics Card (PCIe 5.0, HDMI/DP 2.1, 2.5-Slot, Axial-tech Fans, Dual BIOS), 3 Year Warranty",1246.8,361.34,2026-10-03,4.6,382,https://www.amazon.com/ASUS-SFF-Ready-Graphics-2-5-Slot-Axial-tech/dp/B0DS6V7L5M,0.0,361.34
20261003_050925,2026-10-03T05:26:19.048631+00:00,amazon_usa,GPU,B0BT9RDFRW,msi GeForce RTX 5080 16G SHADOW 3X GDDR7 DLSS 4 256-Bit Graphics Card,2006.02,581.37,2026-10-03,5.0,1,https://www.amazon.com/GeForce-SHADOW-GDDR7-256-Bit-Graphics/dp/B0BT9RDFRW,0.0,581.37
20261003_050925,2026-10-03T05:26:19.048631+00:00,amazon_usa,GPU,B0DS2X13PH,ASUS TUF Gaming GeForce RTX 5090 32GB GDDR7 OC Edition Gaming Graphics Card,7349.05,2129.85,2026-10-03,4.4,265,https://www.amazon.com/ASUS-Graphics-Military-Grade-Components-Protective/dp/B0DS2X13PH,0.0,2129.85
20261003_050925,2026-10-03T05:26:23.189172+00:00,amazon_usa,GPU,B0BMZ9TGH1,NVIDIA GeForce RTX 4080 16GB GDDR6X Graphics Card,2007.05,581.67,2026-10-03,4.6,86,https://www.amazon.com/NVIDIA-GeForce-4080-GDDR6X-Graphics/dp/B0BMZ9TGH1,0.0,581.67
20261003_050925,2026-10-03T05:26:23.189172+00:00,amazon_usa,GPU,B0DZZ8L5V9,"msi Gaming RTX 5080 16G Ventus 3X OC Graphics Card (16GB GDDR7, 256-bit, Extreme Performance: 2655 MHz, DisplayPort x3 2.1a, HDMI 2.1b, NVIDIA Blackwell Architecture)",2117.4,613.65,2026-10-03,5.0,6,https://www.amazon.com/Gaming-Graphics-256-bit-Extreme-Performance/dp/B0DZZ8L5V9,0.0,613.65
20261003_050925,2026-10-03T05:26:23.189172+00:00,amazon_usa,GPU,B0FFKWFMYM,ASUS Prime GeForce RTX 5070 12GB GDDR7 White OC Edition Gaming Graphics Card,907.21,262.92,2026-10-03,4.8,165,https://www.amazon.com/ASUS-SFF-Ready-Graphics-2-5-Slot-Axial-tech/dp/B0FFKWFMYM,0.0,262.92
20261003_050925,2026-10-03T05:26:23.189172+00:00,amazon_usa,GPU,B0DS6S98ZF,ASUS TUF Gaming GeForce RTX 5070 12GB GDDR7 OC EditionGaming Graphics Card,950.2,275.38,2026-10-03,4.7,531,https://www.amazon.com/ASUS-Gaming-GeForce-EditionGaming-Graphics/dp/B0DS6S98ZF,0.0,275.38
20261003_050925,2026-10-03T05:26:23.189172+00:00,amazon_usa,GPU,B0DT9Y2B49,"GIGABYTE GeForce RTX 5080 WINDFORCE OC SFF 16G Graphics Card - 16GB GDDR7, 256bit, PCI-E 5.0, 2670MHz Core Clock, 3 x DP 2.1a, 1 x HDMI 2.1b, GV-N5080WF3OC-16GD",2016.06,584.28,2026-10-03,4.5,160,https://www.amazon.com/Gigabyte-GeForce-WINDFORCE-Graphics-GV-N5080WF3OC-16GD/dp/B0DT9Y2B49,0.0,584.28
20261003_050925,2026-10-03T05:26:23.189172+00:00,amazon_usa,GPU,B0H86338KX,GIGABYTE AORUS GeForce RTX 5080 INFINITY WOOD 16G Graphics Card,2602.64,754.28,2026-10-03,5.0,1,https://www.amazon.com/Gigabyte-AORUS-GeForce-INFINITY-Graphics/dp/B0H86338KX,38.0,792.28
20261003_050925,2026-10-03T05:26:23.189172+00:00,amazon_usa,GPU,B0BSN91TGK,"msi NVIDIA GeForce RTX 5080 16G Ventus 3X OC Plus Graphics Card - 16GB GDDR7 (30 GB/s /256 Bits), PCIe 5.0 - Triple Fan (3 x TORX 5.0 Fans), HDMI 2.1b, DisplayPort 2.1b",1976.62,572.85,2026-10-03,4.5,51,https://www.amazon.com/MSI-NVIDIA-GeForce-Ventus-Graphics/dp/B0BSN91TGK,0.0,572.85
20261003_050925,2026-10-03T05:26:23.189172+00:00,amazon_usa,GPU,B0F7WB6LSH,ASUS Dual GeForce RTX 5060 Ti 16GB GDDR7 OC Edition Gaming Graphics Card,805.86,233.55,2026-10-03,4.7,416,https://www.amazon.com/ASUS-GeForce-GDDR7-Gaming-Graphics/dp/B0F7WB6LSH,0.0,233.55
20261003_050925,2026-10-03T05:26:23.189172+00:00,amazon_usa,GPU,B0DCJLJJQ7,NVIDIA RTX 2000 ADA 16GB Graphics Card,770.36,223.26,2026-10-03,4.4,14,https://www.amazon.com/Nvidia-2000-16GB-Graphics-Card/dp/B0DCJLJJQ7,0.0,223.26
20261003_050925,2026-10-03T05:26:23.189172+00:00,amazon_usa,GPU,B0DXVG3V54,PNY GeForce RTX 5080 ARGB Overclocked Triple Fan 16GB GDDR7 Reflex 2 RTX AI DLSS4,1723.21,499.41,2026-10-03,3.9,11,https://www.amazon.com/PNY-GeForce-Overclocked-Triple-Reflex/dp/B0DXVG3V54,0.0,499.41
20261003_050925,2026-10-03T05:26:23.189172+00:00,amazon_usa,GPU,B0GK8NJ4RW,"PNY GeForce RTX 5080 Triple Fan Graphics Card, 16GB GDDR7, 30 Gbps, 256-bit, 1801 AI TOPS, DLSS 4, AI Content Creation, Local LLM Inference, PCIe 5.0, DP 2.1b UHBR20 x3, HDMI 2.1b, with GPU Holder",1773.9,514.1,2026-10-03,0.0,0,https://www.amazon.com/GeForce-Graphics-256-bit-Creation-Inference/dp/B0GK8NJ4RW,0.0,514.1
20261003_050925,2026-10-03T05:26:23.189172+00:00,amazon_usa,GPU,B0DS65KD1C,"ASUS TUF Gaming GeForce RTX 5080 16GB GDDR7 OC Edition Gaming Graphics Card (PCIe 5.0, HDMI/DP 2.1, 3.6-Slot, Military-Grade Components, Protective PCB Coating, axial-tech Fans, Vapor Chamber",1853.99,537.31,2026-10-03,4.7,190,https://www.amazon.com/ASUS-Graphics-Military-Grade-Components-Patented/dp/B0DS65KD1C,0.0,537.31
20261003_050925,2026-10-03T05:26:23.189172+00:00,amazon_usa,GPU,B0GTQTWTY5,PNY NVIDIA GeForce RTX™ 5080 Slim Dual Fan Dual Slot Graphics Card,2221.67,643.87,2026-10-03,0.0,0,https://www.amazon.com/PNY-NVIDIA-GeForce-RTXTM-Graphics/dp/B0GTQTWTY5,38.0,681.87
20261003_050925,2026-10-03T05:26:23.189172+00:00,amazon_usa,GPU,B0F7XHBT13,NVIDIA GeForce RTX 5070 12GB GDDR7 Graphics Card - Graphite Grey,912.28,264.39,2026-10-03,4.4,37,https://www.amazon.com/NVIDIA-GeForce-GDDR7-Graphics-Graphite/dp/B0F7XHBT13,0.0,264.39
20261003_050925,2026-10-03T05:26:23.189172+00:00,amazon_usa,GPU,B0DXL7GSYC,PNY NVIDIA GeForce RTX™ 5070 Ti OC Triple-Fan Graphics Card,1206.26,349.59,2026-10-03,4.5,319,https://www.amazon.com/PNY-GeForce-Overclocked-Graphics-2-9-Slot/dp/B0DXL7GSYC,0.0,349.59
20261003_050925,2026-10-03T05:26:23.189172+00:00,amazon_usa,GPU,B0F4RRQ2WY,ASUS TUF Gaming GeForce RTX 5060 Ti 8GB GDDR7 OC Edition Graphics Card,689.27,199.76,2026-10-03,4.7,49,https://www.amazon.com/ASUS-Gaming-GeForce-GDDR7-Graphics/dp/B0F4RRQ2WY,0.0,199.76
20261003_050925,2026-10-03T05:26:23.189172+00:00,amazon_usa,GPU,B08HR6ZBYJ,NVIDIA GeForce RTX 3090 Founders Edition Graphics Card,2431.77,704.76,2026-10-03,4.2,210,https://www.amazon.com/NVIDIA-RTX-3090-Founders-Graphics/dp/B08HR6ZBYJ,0.0,704.76
20261003_050925,2026-10-03T05:26:23.189172+00:00,amazon_usa,GPU,B0F79S343Y,"ZOTAC Gaming GeForce RTX 5080 Solid Core DLSS 4 16GB GDDR7 256-bit 30Gbps PCIE 5.0 Gaming Graphics Card, IceStorm 3.0 Advanced Cooling, Spectra RGB Lighting, ZT-B50800D2-10P",2320.15,672.41,2026-10-03,4.5,42,https://www.amazon.com/ZOTAC-Graphics-IceStorm-Advanced-ZT-B50800D2-10P/dp/B0F79S343Y,0.0,672.41
20261003_050925,2026-10-03T05:26:23.189172+00:00,amazon_usa,GPU,B0H4X2M3NY,msi Gaming GeForce RTX 3060 Ventus 2X 12G OC V1 Graphics Card - 15 Gbps GDRR6 Boost Clock: 1807 MHz 192-Bit HDMI/DP PCIe 4 Torx Twin Fan Ampere,478.24,138.6,2026-10-03,4.6,24,https://www.amazon.com/msi-Gaming-GeForce-Ventus-Graphics/dp/B0H4X2M3NY,0.0,138.6
20261003_050925,2026-10-03T05:26:27.592537+00:00,amazon_usa,GPU,B07L8YGDL5,NVIDIA Titan RTX Graphics Card,1243.73,360.45,2026-10-03,4.4,107,https://www.amazon.com/NVIDIA-Titan-RTX-Graphics-Card/dp/B07L8YGDL5,0.0,360.45
20261003_050925,2026-10-03T05:26:27.592537+00:00,amazon_usa,GPU,B0H2BMLNVH,ASUS Bundle of TUF Gaming GeForce RTX 5080 16GB GDDR7 OC Edition Graphics Card + TUF Gaming 1000W 80+ Gold Fully Modular Power Supply,2011.85,583.06,2026-10-03,0.0,0,https://www.amazon.com/ASUS-Bundle-GeForce-Graphics-Modular/dp/B0H2BMLNVH,38.0,621.06
20261003_050925,2026-10-03T05:26:27.592537+00:00,amazon_usa,GPU,B0GK8D8DJH,"CyberGeek GeForce RTX 5090 Overclocked Triple Fan Graphics Card, 32GB GDDR7, 28 Gbps, 512-bit, 3352 AI Tops, DLSS 4, AI Content Creation, Local LLM Inference, DP 2.1b x3, HDMI 2.1b, with GPU Holder",7602.45,2203.29,2026-10-03,0.0,0,https://www.amazon.com/CyberGeek-Overclocked-Graphics-Creation-Inference/dp/B0GK8D8DJH,0.0,2203.29
20261003_050925,2026-10-03T05:26:27.592537+00:00,amazon_usa,GPU,B0BJFRT43X,VIPERA NVIDIA GeForce RTX 4090 Founders Edition Graphic Card,4763.17,1380.43,2026-10-03,4.6,207,https://www.amazon.com/NVIDIA-GeForce-Founders-Graphics-GDDR6X/dp/B0BJFRT43X,0.0,1380.43
20261003_050925,2026-10-03T05:26:27.592537+00:00,amazon_usa,GPU,B0G2Y8STJH,"Acer GPU Support Bracket, GPU Stand with Magnet Non-Slip Base,(L, 70-120mm)",9.11,2.64,2026-10-03,4.8,388,https://www.amazon.com/Support-Bracket-Graphics-Non-Slip-70-120mm/dp/B0G2Y8STJH,0.0,2.64
20261003_050925,2026-10-03T05:26:27.592537+00:00,amazon_usa,GPU,B0DV9GMDLR,"msi NVIDIA GeForce RTX 5070 Ti 16G Gaming Trio OC Plus Graphics Card - 16 GB GDDR7 (28 GB/s, 256-bit), PCIe 5.0 - TRI FROZR 4 (3 x STORMFORCE Fans) - RGB - HDMI 2.1b, DisplayPort 2.1b",1510.35,437.72,2026-10-03,4.3,75,https://www.amazon.com/MSI-NVIDIA-GeForce-Gaming-Graphics/dp/B0DV9GMDLR,0.0,437.72
20261003_050925,2026-10-03T05:26:27.592537+00:00,amazon_usa,GPU,B0H2VB6FXS,"PNY NVIDIA GeForce RTX™ 5080 Epic-X™ ARGB OC Triple Fan, Graphics Card (16GB GDDR7, 256-bit, Boost Speed: 2775 MHz, PCIe® 5.0, HDMI®/DP 2.1, 2.99-Slot, NVIDIA Blackwell Architecture, DLSS 4)",2522.87,731.16,2026-10-03,1.0,3,https://www.amazon.com/SamLng-GeForce-Epic-XTM-Graphics-256-bit/dp/B0H2VB6FXS,0.0,731.16
20261003_050925,2026-10-03T05:26:27.592537+00:00,amazon_usa,GPU,B0DSQ221G4,"GIGABYTE Aorus GeForce RTX 5080 Master 16G Graphics Card - 16GB GDDR7, 256 Bit, PCI-E 5.0, 2805MHz Core Clock, 3 x DisplayPort, 1 x HDMI, GV-N5080AORUS M-16GD",2544.19,737.34,2026-10-03,4.4,70,https://www.amazon.com/Gigabyte-Aorus-GeForce-Master-Graphics/dp/B0DSQ221G4,38.0,775.34
20261003_050925,2026-10-03T05:26:27.592537+00:00,amazon_usa,GPU,B09X4JVZB5,NVIDIA GeForce RTX 3090 Ti Founders Edition,2483.46,719.74,2026-10-03,4.4,78,https://www.amazon.com/Nvidia-RTX-3090-TI-Founders/dp/B09X4JVZB5,0.0,719.74
20261003_050925,2026-10-03T05:26:27.592537+00:00,amazon_usa,GPU,B0CVCG2VPK,ASUS Dual GeForce RTX 3050 6GB GDDR6 OC Edition Gaming Graphics Card,260.72,75.56,2026-10-03,4.7,1100,https://www.amazon.com/ASUS-NVIDIA-GeForce-Gaming-Graphics/dp/B0CVCG2VPK,0.0,75.56
20261003_050925,2026-10-03T05:26:27.592537+00:00,amazon_usa,GPU,B0F4YRNHSJ,PNY NVIDIA GeForce RTX™ 5060 Ti 8GB OC Dual-Fan Graphics Card,506.81,146.88,2026-10-03,4.6,105,https://www.amazon.com/PNY-NVIDIA-GeForce-Graphics-128-bit/dp/B0F4YRNHSJ,0.0,146.88
20261003_050925,2026-10-03T05:26:27.592537+00:00,amazon_usa,GPU,B0G44WJ2LX,"GIGABYTE GeForce RTX 5070 Ti WINDFORCE OC V2 16G Graphics Card - 16GB GDDR6, 256bit, PCI-E 5.0, 2497 MHz Core Clock, 3 x DisplayPort, 1 x HDMI, GV-N507TWF3OCV2-16GD",1520.5,440.66,2026-10-03,4.1,21,https://www.amazon.com/GIGABYTE-GeForce-WINDFORCE-Graphics-GV-N507TWF3OCV2-16GD/dp/B0G44WJ2LX,0.0,440.66
20261003_050925,2026-10-03T05:26:27.592537+00:00,amazon_usa,GPU,B0DVTFDHX7,INNO3D Nvidia GeForce RTX5080 x3 OC 16GB 256Bit GDDR7 Reflex 2 Graphics Card N50803-16D7X-17603930,2149.87,623.06,2026-10-03,4.9,14,https://www.amazon.com/Inno3D-GeForce-RTX5080-Graphics-N50803-16D7X-17603930/dp/B0DVTFDHX7,38.0,661.06
20261003_050925,2026-10-03T05:26:27.592537+00:00,amazon_usa,GPU,B0CT8LQZ47,NVIDIA GeForce RTX 4070 Super 12GB GDDR6X Graphics Card - Titanium/Black,1215.37,352.23,2026-10-03,4.2,26,https://www.amazon.com/NVIDIA-GeForce-GDDR6X-Graphics-Titanium/dp/B0CT8LQZ47,0.0,352.23
20261003_050925,2026-10-03T05:26:27.592537+00:00,amazon_usa,GPU,B09WDTY3ZK,"PNY NVIDIA RTX A5500 Professional Graphics Card 24GB GDDR6 PCI Express 4.0 x16, Dual Slot, 4X DisplayPort, 8K Support, Ultra Quiet Active Fan, 13659239000",3830.61,1110.16,2026-10-03,5.0,1,https://www.amazon.com/PNY-Professional-Graphics-DisplayPort-13659239000/dp/B09WDTY3ZK,0.0,1110.16
20261003_050925,2026-10-03T05:26:27.592537+00:00,amazon_usa,GPU,B0BZHCQ6PF,"GIGABYTE GeForce RTX 4070 WINDFORCE OC 12G Graphics Card, 3X WINDFORCE Fans, 12GB 192-bit GDDR6X, GV-N4070WF3OC-12GD Video Card",850.44,246.47,2026-10-03,4.8,589,https://www.amazon.com/Gigabyte-GeForce-WINDFORCE-Graphics-GV-N4070WF3OC-12GD/dp/B0BZHCQ6PF,0.0,246.47
20261003_050925,2026-10-03T05:26:27.592537+00:00,amazon_usa,GPU,B0H2BND48V,ASUS Bundle of ROG Astral GeForce RTX 5080 OC Edition Graphics Card + ROG Crosshair X870E Hero AMD AM5 ATX Motherboard,2696.39,781.45,2026-10-03,0.0,0,https://www.amazon.com/ASUS-GeForce-Graphics-Crosshair-Motherboard/dp/B0H2BND48V,38.0,819.45
20261003_050925,2026-10-03T05:26:27.592537+00:00,amazon_usa,GPU,B0GWK2K7PL,PNY NVIDIA GeForce RTX™ 5070 Ti Slim Dual-Fan Dual-Slot OC Graphics Card,1317.75,381.9,2026-10-03,4.5,8,https://www.amazon.com/PNY-GeForce-Dual-Fan-Dual-Slot-Graphics/dp/B0GWK2K7PL,0.0,381.9
20261003_050925,2026-10-03T05:26:27.592537+00:00,amazon_usa,GPU,B0H3NRRDLT,"NVIDIA GeForce RTX 3080 20GB GDDR6X Dual Width Server GPU AI Model Graphics Card 20GB VRAM for Local LLMs; Supports Qwen, GLM, MiniMax & More",728.81,211.22,2026-10-03,0.0,0,https://www.amazon.com/NVIDIA-GeForce-Graphics-Supports-MiniMax/dp/B0H3NRRDLT,0.0,211.22
20261003_050925,2026-10-03T05:26:27.592537+00:00,amazon_usa,GPU,B07HY86LMV,NVIDIA Quadro RTX 6000,1266.06,366.92,2026-10-03,4.4,7,https://www.amazon.com/PNY-VCQRTX6000-PB-Quadro-6000-Graphic/dp/B07HY86LMV,0.0,366.92
20261003_050925,2026-10-03T05:26:27.592537+00:00,amazon_usa,GPU,B0F8PR9L3X,"ASUS Dual NVIDIA GeForce RTX 5060 8GB GDDR7 OC Edition (PCIe 5.0, 8GB GDDR7, DLSS 4, HDMI 2.1b, DisplayPort 2.1b, 2.5-Slot Design, Axial-tech Fan Design, 0dB Technology), 3 Year Warranty",476.41,138.07,2026-10-03,4.7,564,https://www.amazon.com/ASUS-DisplayPort-2-5-Slot-Axial-tech-Technology/dp/B0F8PR9L3X,0.0,138.07
20261003_050925,2026-10-03T05:26:32.364591+00:00,amazon_usa,GPU,B0H7S2GB83,ASUS TUF Gaming GeForce RTX 5080 16GB GDDR7 BTF OC Ed. Gaming Graphics Card,2590.08,750.64,2026-10-03,0.0,0,https://www.amazon.com/ASUS-Gaming-GeForce-GDDR7-Graphics/dp/B0H7S2GB83,38.0,788.64
20261003_050925,2026-10-03T05:26:32.364591+00:00,amazon_usa,GPU,B0BSLJ52ZF,msi GeForce RTX 5080 16G Vanguard SOC Launch Edition Graphics Card VD8973,3032.89,878.97,2026-10-03,3.7,11,https://www.amazon.com/MSI-GeForce-RTX-5080-16G/dp/B0BSLJ52ZF,0.0,878.97
20261003_050925,2026-10-03T05:26:32.364591+00:00,amazon_usa,GPU,B0DYPGBX6J,PNY NVIDIA GeForce RTX™ 5070 Epic-X RGB™ OC Triple-Fan Graphics Card,870.73,252.35,2026-10-03,4.6,458,https://www.amazon.com/PNY-Overclocked-Graphics-2-4-Slot-Epic-XTM/dp/B0DYPGBX6J,0.0,252.35
20261003_050925,2026-10-03T05:26:32.364591+00:00,amazon_usa,GPU,B0CQTN1CQH,"GIGABYTE GeForce RTX 4080 Super WINDFORCE V2 Graphics Card - 2550MHz Core, 16GB GDDR6X 23000MHz 256-bit Memory, PCI-E 4.0, 3X DP 1.4, 1x HDMI 2.1a, NVIDIA DLSS 3.5, GV-N408SWF3V2-16GD",1671.53,484.43,2026-10-03,4.5,121,https://www.amazon.com/Gigabyte-GeForce-SUPER-WINDFORCE-Graphics/dp/B0CQTN1CQH,0.0,484.43
20261003_050925,2026-10-03T05:26:32.364591+00:00,amazon_usa,GPU,B0DWMJSGCM,"ASUS TUF Gaming GeForce RTX 5070 Ti 16GB GDDR7 White OC Edition Gaming Graphics Card (PCIe 5.0, HDMI/DP 2.1, 3.125 Slot, Military Grade Components, Protective PCB Coating, axial tech Fans)",1690.95,490.06,2026-10-03,4.6,82,https://www.amazon.com/ASUS-Graphics-military-components-protective/dp/B0DWMJSGCM,0.0,490.06
20261003_050925,2026-10-03T05:26:32.364591+00:00,amazon_usa,GPU,B0CS3V7ZKJ,"ASUS ProArt GeForce RTX 4080 Super OC Edition 16GB GDDR6X Gaming Graphics Card (NVIDIA GeForce RTX4080 DLSS 3, PCIe 4.0, 1x HDMI 2.1a, 3X DisplayPort 1.4a, PROART-RTX4080S-O16G)",2431.77,704.76,2026-10-03,4.8,139,https://www.amazon.com/ASUS-GeForce-Graphics-DisplayPort-PROART-RTX4080S-O16G/dp/B0CS3V7ZKJ,0.0,704.76
20261003_050925,2026-10-03T05:26:32.364591+00:00,amazon_usa,GPU,B09YCLG5PB,"msi GeForce RTX 4090 Gaming X Trio 24G Gaming Graphics Card - 24GB GDDR6X, 2595 MHz, PCI Express Gen 4, 384-bit, 3X DP v 1.4a, HDMI 2.1a (Supports 4K & 8K HDR)",4560.46,1321.68,2026-10-03,4.3,195,https://www.amazon.com/MSI-GeForce-Graphics-384-bit-DisplayPort/dp/B09YCLG5PB,0.0,1321.68
20261003_050925,2026-10-03T05:26:32.364591+00:00,amazon_usa,GPU,B0C3SPXZJ8,NVIDIA GeForce RTX 4070 Founder's Edition (FE) Graphics Card - Titanium and Black (900-1G141-2544-000),1013.65,293.77,2026-10-03,4.4,50,https://www.amazon.com/NVIDIA-GeForce-4070-Founders-Graphics/dp/B0C3SPXZJ8,0.0,293.77
20261003_050925,2026-10-03T05:26:32.364591+00:00,amazon_usa,GPU,B0FP7H2FFY,"msi Gaming RTX 5070 Ti 16G MLG Edition OC Graphics Card (16GB GDDR7, 256-bit, Extreme Clock 2580 MHz, DisplayPort x 3 2.1a, HDMI 2.1b, NVIDIA Blackwell Architecture)",1388.69,402.46,2026-10-03,4.7,72,https://www.amazon.com/msi-RTX-5070-16G-MLG/dp/B0FP7H2FFY,38.0,440.46
20261003_050925,2026-10-03T05:26:32.364591+00:00,amazon_usa,GPU,B0DSWKJLJP,Palit 5080 16GB GAMINGPRO,2193.45,635.69,2026-10-03,4.5,36,https://www.amazon.com/Palit-NE75080019T2-GB2031A-5080-16GB-GAMINGPRO/dp/B0DSWKJLJP,38.0,673.69
20261003_050925,2026-10-03T05:26:32.364591+00:00,amazon_usa,GPU,B0DQK4XSC7,"GIGABYTE GeForce RTX 3050 WINDFORCE OC V2 6G Graphics Card, 2X WINDFORCE Fans, 6GB GDDR6 96-bit GDDR6, GV-N3050WF2OCV2-6GD Graphics Card",253.4,73.44,2026-10-03,4.6,311,https://www.amazon.com/GIGABYTE-GeForce-WINDFORCE-Graphics-GV-N3050WF2OCV2-6GD/dp/B0DQK4XSC7,0.0,73.44
20261003_050925,2026-10-03T05:26:32.364591+00:00,amazon_usa,GPU,B0F59BDRGJ,INNO3D NVIDIA GeForce RTX 5080 X3 OC 16GB GDDR7 256-bit PCI Express Gen 5 Gaming Graphics Card -N50803-16D7X-17605211 (White),2332.33,675.94,2026-10-03,5.0,6,https://www.amazon.com/GeForce-256-bit-Express-Graphics-N50803-16D7X-17605211/dp/B0F59BDRGJ,38.0,713.94
20261003_050925,2026-10-03T05:26:32.364591+00:00,amazon_usa,GPU,B09BD59F4T,ASUS Prime GeForce RTX 5080 EVO 16GB GDDR7 OC Edition Gaming Graphics Card,2105.18,610.11,2026-10-03,3.4,5,https://www.amazon.com/ASUS-Graphics-SFF-Ready-DisplayPort-PRIME-RTX5080-O16G-EVO/dp/B09BD59F4T,38.0,648.11
20261003_050925,2026-10-03T05:26:32.364591+00:00,amazon_usa,GPU,B0DVTCWTDW,INNO3D Nvidia GeForce RTX5080 x3 16GB 256Bit GDDR7 Graphics Card N50803-16D7-176068N,2344.58,679.49,2026-10-03,4.1,6,https://www.amazon.com/Inno3D-GeForce-RTX5080-Graphics-N50803-16D7-176068N/dp/B0DVTCWTDW,38.0,717.49
20261003_050925,2026-10-03T05:26:32.364591+00:00,amazon_usa,GPU,B09WSC85GP,Amazon Renewed RTX 3080 Ti 12GB GDDR6X PCI Express 4.0 Graphics Card Titanium and Black (Renewed),709.56,205.64,2026-10-03,4.2,86,https://www.amazon.com/Geforce-Express-Graphics-Titanium-Renewed/dp/B09WSC85GP,0.0,205.64
20261003_050925,2026-10-03T05:26:32.364591+00:00,amazon_usa,GPU,B0DSWL1V89,Palit 5080 16GB GAMINGPRO OC,2272.53,658.61,2026-10-03,3.9,9,https://www.amazon.com/Palit-5080-16GB-GAMINGPRO-OC/dp/B0DSWL1V89,38.0,696.61
20261003_050925,2026-10-03T05:26:32.364591+00:00,amazon_usa,GPU,B0DTR54HZZ,"GIGABYTE GeForce RTX 5070 AERO OC 12G Graphics Card, 12GB 192-bit GDDR7, PCIe 5.0, WINDFORCE Cooling System, GV-N5070AERO OC-12GD Video Card, Compatible with Desktop",1113.89,322.82,2026-10-03,4.8,200,https://www.amazon.com/GIGABYTE-Graphics-WINDFORCE-GV-N5070AERO-OC-12GD/dp/B0DTR54HZZ,0.0,322.82
20261003_050925,2026-10-03T05:26:32.364591+00:00,amazon_usa,GPU,B0F5626L8J,ZOTAC GAMING GeForce RTX 5080 SOLID CORE,1975.62,572.56,2026-10-03,4.1,9,https://www.amazon.com/ZOTAC-GAMING-GeForce-5080-SOLID/dp/B0F5626L8J,0.0,572.56
20261003_050925,2026-10-03T05:26:32.364591+00:00,amazon_usa,GPU,B0BLGQHS53,"ASUS TUF Gaming GeForce RTX 4080 OC Edition Graphics Card (PCIe 4.0, 16GB GDDR6X, HDMI 2.1a, DisplayPort 1.4a), 3 Year Warranty",1879.31,544.65,2026-10-03,4.5,215,https://www.amazon.com/ASUS-Gaming-GeForce-Graphics-DisplayPort/dp/B0BLGQHS53,0.0,544.65
20261003_050925,2026-10-03T05:26:32.364591+00:00,amazon_usa,GPU,B0D9J1KZZX,NVIDIA Tesla L4 24GB PCIe Graphics ACELLERATOR HH/HL 75W GPU 900-2G193-0000-000,4003.96,1160.4,2026-10-03,0.0,0,https://www.amazon.com/NVIDIA-Tesla-Graphics-ACELLERATOR-900-2G193-0000-000/dp/B0D9J1KZZX,38.0,1198.4
20261003_050925,2026-10-03T05:26:40.310254+00:00,aliexpress,GPU,3256810153474573,GeForce RTX 5080 16G GAMING TRIO  OC WHITE G5090-32GTC 32GB GDDR7 512-bit PCIe 5.0 Desktop Graphics Card,7866.83,2279.91,2026-10-03,5.0,0,,0.0,2279.91
20261003_050925,2026-10-03T05:26:40.310254+00:00,aliexpress,GPU,3256812797473190,2025  TUF Gaming GeForce RTX 5080 16GB GDDR7 OC Edition PCIE 5.0 GPU 5090 Graphics Card Gaming,15699.77,4550.0,2026-10-03,0.0,0,,0.0,4550.0
20261003_050925,2026-10-03T05:26:40.310254+00:00,aliexpress,GPU,3256812970289803,2025 New PRIME GeForce RTX 5080 16GB GDDR7 OC Gaming Graphics Card GPU Triple Fans AI Computing Video Cards for Gaming PC,10895.64,3157.7,2026-10-03,0.0,0,,0.0,3157.7
20261003_050925,2026-10-03T05:26:40.310254+00:00,aliexpress,GPU,3256810134472916,New Computer Accessories Wholesale AX Gaming RTX5080 16 GB Graphics Card Gaming PC Etc White GPU 16GB Nvidia GeForce RTX 5080,10389.87,3011.12,2026-10-03,0.0,0,,0.0,3011.12
20261003_050925,2026-10-03T05:26:40.310254+00:00,aliexpress,GPU,3256811864451292,NEW Colorful Original iGame NVIDIA GeForce RTX 5080 Ultra W OC 16GB 256-bit GDDR7 GPU for Desktop Gaming Computer Components,9457.72,2740.97,2026-10-03,0.0,0,,0.0,2740.97
20261003_050925,2026-10-03T05:26:40.310254+00:00,aliexpress,GPU,3256812602359747,"RTX 5080 16GB graphics card, engraved ICE GeForce RTX 5080 AORUS MASTER",11293.94,3273.13,2026-10-03,0.0,0,,0.0,3273.13
20261003_050925,2026-10-03T05:26:40.310254+00:00,aliexpress,GPU,3256811353622160,New RTX508016G game Ai e-sports 5080 game graphics card,9845.9,2853.47,2026-10-03,0.0,0,,0.0,2853.47
20261003_050925,2026-10-03T05:26:40.310254+00:00,aliexpress,GPU,3256810620674225,2025 New ROG Astral RTX 5080 16GB GDDR7 WHITE OC Gaming Graphics Card GPU RTX 5080 AI Computing Video Cards for Gaming PC,12076.75,3500.0,2026-10-03,0.0,0,,0.0,3500.0
20261003_050925,2026-10-03T05:26:40.310254+00:00,aliexpress,GPU,3256810133674239,2025 New Release ROG Astral GeForce RTX 5080 16GB OC GDDR7 Gaming Graphics Card GPU AI Computing Video Cards for Gaming PC,13458.33,3900.4,2026-10-03,0.0,0,,0.0,3900.4
20261003_050925,2026-10-03T05:26:40.310254+00:00,aliexpress,GPU,3256812250452253,"High Performance OC RTX 5080 Gaming Graphics Card | 16GB GDDR7, PCIe 5.0, DLSS 4, Quad-Fan Efficient Cooling Desktop PC GPU",10424.24,3021.08,2026-10-03,0.0,0,,0.0,3021.08
20261003_050925,2026-10-03T05:26:40.310254+00:00,aliexpress,GPU,3256812006154263,White e-sports AI graphics card 5080,48456.17,14043.23,2026-10-03,0.0,0,,0.0,14043.23
20261003_050925,2026-10-03T05:26:40.310254+00:00,aliexpress,GPU,3256811905712306,AX Gaming RTX5080 16GB Graphics Card White Nvidia GeForce New Computer Accessories Wholesale for Gaming PC,11766.41,3410.06,2026-10-03,0.0,0,,0.0,3410.06
20261003_050925,2026-10-03T05:26:40.310254+00:00,aliexpress,GPU,3256812678947153,"RTX 5080 16G Graphics Card, AI Powered Triple Fan Cooling, PCIe 5.0 for Gaming PC",13241.16,3837.46,2026-10-03,0.0,0,,0.0,3837.46
20261003_050925,2026-10-03T05:26:40.310254+00:00,aliexpress,GPU,3256812666735787,5080 graphics card   all series,4038.78,1170.49,2026-10-03,0.0,0,,0.0,1170.49
20261003_050925,2026-10-03T05:26:40.310254+00:00,aliexpress,GPU,3256812802699024,"Acer Predator Helios Neo 16 AI - 16.0"" WQXGA 180 Hz - Intel Core Ultra 9 290HX Plus - GeForce RTX 5080 Laptop GPU - 16GB Memory DDR5 6400 - 1TB NVMe SSD - Windows 11 Home  (NH.U5TAA.001 )",12533.84,3632.47,2026-10-03,0.0,0,,0.0,3632.47
20261003_050925,2026-10-03T05:26:40.310254+00:00,aliexpress,GPU,3256812445039712,"Msi Vector - 16"" Qhd+ Lcd Geforce Rtx 5080 Laptop Gpu - Intel Core Ultra 9 275Hx - 16Gb Memory - 1 Tb Ssd - Windows 11 Home Gaming Laptop - 240 Hz (Vector 16 Hx Ai A2Xwig-050Us)",9376.91,2717.55,2026-10-03,0.0,0,,0.0,2717.55
20261003_050925,2026-10-03T05:26:40.310254+00:00,aliexpress,GPU,3256812142742921,"ZS2 Gaming Desktop: R9-7900X, GeForce RTX 5080, 32GB DDR5, 2TB M.2 NVMe SSD, Liquid Cooling, 850W USB Type C, VR-R",9814.74,2844.44,2026-10-03,0.0,0,,0.0,2844.44
20261003_050925,2026-10-03T05:26:40.310254+00:00,aliexpress,GPU,3256812849636429,5060TI graphics card 5060/5070/5080 full,2728.93,790.88,2026-10-03,0.0,0,,0.0,790.88
20261003_050925,2026-10-03T05:26:40.310254+00:00,aliexpress,GPU,3256812080554502,High-Performance Gaming Desktop PC with New  Boxed GPU 5060 Ti 5070 Ti 5080,5007.09,1451.12,2026-10-03,0.0,0,,0.0,1451.12
20261003_050925,2026-10-03T05:26:40.310254+00:00,aliexpress,GPU,3256808556309475,"Bykski Water Block For ASUS PRIME RTX 5080,5070Ti O16G Graphics Card Cooler With Backplate ,N-AS5080PM-X",1039.43,301.24,2026-10-03,5.0,0,,0.0,301.24
20261003_050925,2026-10-03T05:26:40.310254+00:00,aliexpress,GPU,3256808839218233,Barrow GPU Cooler Block For ASUS TUF RTX 5080 5070 Ti O16G GAMING Graphics Card PC Water Cooling Radiator BS-AST5080-PA,528.62,153.2,2026-10-03,3.4,0,,0.0,153.2
20261003_050925,2026-10-03T05:26:40.310254+00:00,aliexpress,GPU,3256804465707451,"Video Card Lighting Panel For RTX 5090 5080 4090,MOD GTX ROG 3060ti 4080 GPU Side ARGB Plate,Gamer Cabinet Faith Lamp AURA SYNC",15.22,4.41,2026-10-03,4.6,0,,0.0,4.41
20261003_050925,2026-10-03T05:26:40.310254+00:00,aliexpress,GPU,3256811741413493,White VGA ARGB Lighting Panel for AORUS GEFORCE GTX ROG TUF Gaming 5060 5070ti 5080 5090 RX9070/9060XT Faith Lamp AURA SYNC,38.2,11.07,2026-10-03,4.8,0,,0.0,11.07
20261003_050925,2026-10-03T05:26:40.310254+00:00,aliexpress,GPU,3256812399796399,NEW PLD10020B12H RTX5080 RTX5090 Video Card Cooling Fan For Gigabyte AORUS RTX 5080 5090 MASTER  Cooler Fan,123.94,35.92,2026-10-03,0.0,0,,0.0,35.92
20261003_050925,2026-10-03T05:26:40.310254+00:00,aliexpress,GPU,3256805558144751,"ARGB 5090 5080 GPU Lighting Panel,RTX4090 4070 VGA Backplate,MOD 3090 Video Card Side Plate,Gamer Cabinet Faith Lamp AURA SYNC",17.63,5.11,2026-10-03,4.9,0,,0.0,5.11
20261003_050925,2026-10-03T05:26:40.310254+00:00,aliexpress,GPU,3256809213953123,"Bykski GPU Block For GIGABYTE RTX 5080 Gaming OC 16G , Graphics Card Water Cooler With Backplate , PC Cooing Radiator",794.62,230.29,2026-10-03,5.0,0,,0.0,230.29
20261003_050925,2026-10-03T05:26:40.310254+00:00,aliexpress,GPU,3256808426568599,Redragon RGMS-1200W PRO 80+ Gold 1200 Watt Power Supply w/Upgraded ATX 3.1 & PCIe 5.1 Fully Modular,439.8,127.46,2026-10-03,5.0,0,,0.0,127.46
20261003_050925,2026-10-03T05:26:40.310254+00:00,aliexpress,GPU,3256807605330819,TEUCER Graphics Card GPU Holder Adjustable Telescopic Rotary Screw Magnetic Anti-Slip Support Vertical GPU Video Card Bracket,12.53,3.63,2026-10-03,4.9,0,,0.0,3.63
20261003_050925,2026-10-03T05:26:40.310254+00:00,aliexpress,GPU,3256808935125867,SOYO GT730 4GB Half-height Graphics Card GDDR3 GPU 128Bit HDMI compatible PCI-E 3.0 Placa De Video for Desktop Computer,125.25,36.3,2026-10-03,4.9,0,,0.0,36.3
20261003_050925,2026-10-03T05:26:40.310254+00:00,aliexpress,GPU,3256811531399181,NEW GPU RTX4090 RTX4080 Series 16AWG 2x8pin PCI-e to 16Pin (12+4) PCI-e 5.0 12VHPWR Connector 90-Degree Elbow,4.73,1.37,2026-10-03,4.9,0,,0.0,1.37
20261003_050925,2026-10-03T05:26:40.310254+00:00,aliexpress,GPU,3256809857587032,ATX PSU 24Pin Transfer Connector RGB Steering Wiring Adapter Belief Pattern 5V ARGB Logo Optional DIY Mounting MOD Parts,3.76,1.09,2026-10-03,4.9,0,,0.0,1.09
20261003_050925,2026-10-03T05:26:40.310254+00:00,aliexpress,GPU,3256813126846520,Premium Access with Simple Setup and Professional Service,7.97,2.31,2026-10-03,0.0,0,,0.0,2.31
20261003_050925,2026-10-03T05:26:40.310254+00:00,aliexpress,GPU,3256812577441911,For  MSI GeForce RTX 5070 Ti 16G MLG EDITION Graphics Card,5365.29,1554.93,2026-10-03,0.0,0,,0.0,1554.93
20261003_050925,2026-10-03T05:26:40.310254+00:00,aliexpress,GPU,3256806447399303,F​or ASUS GeForce RTX 4080 4090 TUF Video Card Fan Original RTX4080 RTX4090 Replacement Graphics Card GPU Heatsink,476.41,138.07,2026-10-03,0.0,0,,0.0,138.07
20261003_050925,2026-10-03T05:26:40.310254+00:00,aliexpress,GPU,3256812829432328,Chassis 12cm Fan Position Graphics Card Bracket 6-96mm Sliding Adjustable GPU Brace Stainless Steel Sagging for RTX 4090,17.77,5.15,2026-10-03,0.0,0,,0.0,5.15
20261003_050925,2026-10-03T05:26:40.310254+00:00,aliexpress,GPU,3256809574192893,AOTESIER PC Gaming With Core I7 Processor/256G SSD 8GB /16GB RAM 3200MB DDR3/Windows 11 HD Graphics 4600 Graphics/ White,2356.38,682.91,2026-10-03,3.0,0,,0.0,682.91
20261003_050925,2026-10-03T05:26:40.310254+00:00,aliexpress,GPU,3256810385997306,"Graphics Card 6GB GDDR5 192-bit Dual Fan PCIe 2.0 x16 Slot Supports DVI, VGA, HD Multimedia Interfaces Gaming Graphics Card",213.93,62.0,2026-10-03,3.0,0,,0.0,62.0
20261003_050925,2026-10-03T05:26:40.310254+00:00,aliexpress,GPU,3256812971656037,Chassis 12cm Fan Position GPU Support Frame 6-96mm Sliding Adjustable Video Card Support Bracket Stainless Steel for RTX 4090,17.84,5.17,2026-10-03,0.0,0,,0.0,5.17
20261003_050925,2026-10-03T05:26:40.310254+00:00,aliexpress,GPU,3256808053426863,MOUGOL AMD Radeon RX590 8G Graphics Card GDDR5 Video Memory 256Bit DVI+DP Interface DirectX12 for Desktop Gaming Computers,679.47,196.92,2026-10-03,4.6,0,,0.0,196.92
20261003_050925,2026-10-03T05:26:40.310254+00:00,aliexpress,GPU,3256811785292606,GTX1050Ti Graphics Card Graphics Card for Desktop Computer Network Accessories 780MHz GTX1050Ti 2G 128Bit DDR5,160.17,46.42,2026-10-03,3.0,0,,0.0,46.42
20261003_050925,2026-10-03T05:26:40.310254+00:00,aliexpress,GPU,3256807608984090,DIY Mirror VGA Holder ARGB Gamer Cabinet 5090 5080 Vertical GPU Bracket Support Jack AURA Sync PC Accessories 3090 4070 4090,66.87,19.38,2026-10-03,5.0,0,,0.0,19.38
20261003_050925,2026-10-03T05:26:40.310254+00:00,aliexpress,GPU,3256805780657275,MLLSE AMD RX5700 XT 8GB Graphics Card GDDR6 256Bit PCI-E 4.0×16 6+8Pin Radeon GPU Rx 5600XT Gaming Video Card Placa De Video,840.3,243.53,2026-10-03,4.6,0,,0.0,243.53
20261003_050925,2026-10-03T05:26:40.310254+00:00,aliexpress,GPU,3256809118121757,MSI GeForce RTX 2060 SUPER VENTUS OC GDDR6 256Bit 8Pin 8G Graphic Card,1314.64,381.0,2026-10-03,1.0,0,,0.0,381.0
20261003_050925,2026-10-03T05:26:40.310254+00:00,aliexpress,GPU,3256808612609162,MLLSE GT730 4GB GT740 4GB Graphics Card GDDR3 128Bit DVI VGA PCI-E 3.0 Geforce GPU Gt 730 Gaming Video Card Placa De Video,128.32,37.19,2026-10-03,4.6,0,,0.0,37.19
20261003_050925,2026-10-03T05:26:40.310254+00:00,aliexpress,GPU,3256805774419393,Computer Case GPU Side Panel RGB RTX AMD Graphics Card VGA Lightboard Backplate 5V 3Pin ARGB M/B AURA SYNC,18.39,5.33,2026-10-03,4.8,0,https://www.aliexpress.com/ssr/300000512/BundleDeals2?productIds=1005005960734145:12000035108256669&pha_manifest=ssr&_immersiveMode=true&disableNav=YES&sourceName=SEARCHProduct,0.0,5.33
20261003_050925,2026-10-03T05:26:40.310254+00:00,aliexpress,GPU,3256812967695463,2025 New PRIME GeForce RTX 5070 Ti 16GB OC GDDR7 RTX5070 Ti Graphics Card Gaming GPU Video Card Triple Fans Gaming Desktop,7197.74,2086.0,2026-10-03,0.0,0,,0.0,2086.0
20261003_050925,2026-10-03T05:26:40.310254+00:00,aliexpress,GPU,3256807408525380,Graphics Card Personalized Keycaps Right Shift 2.75U 3D Printed resin rotatable fan Mechanical Keyboard,49.69,14.4,2026-10-03,3.0,0,,0.0,14.4
20261003_050925,2026-10-03T05:26:40.310254+00:00,aliexpress,GPU,3256810429959685,"Graphics Card Holder ARGB Creative Aluminum GPU Bracket, 75-125mm Height Adjustable Support M/B AURA SYNC, Black/Silver GP-Z",51.38,14.89,2026-10-03,4.9,0,,0.0,14.89
20261003_050925,2026-10-03T05:26:40.310254+00:00,aliexpress,GPU,3256805638124708,Video Card Aluminum Horizontal Support GPU Bracket 5V3Pin VGA Holder RGB MSI ROG NVIDIA A-RGB Metal AURA 12V MOD Customize,97.58,28.28,2026-10-03,4.0,0,,0.0,28.28
20261003_050925,2026-10-03T05:26:40.310254+00:00,aliexpress,GPU,2255800992225698,RGB VGA Holder Customize ARGB Horizontal GPU Bracket Video Card Support Graphics Stand Customizable AURA DIY PC Water Cooler CPU,54.24,15.72,2026-10-03,4.8,0,,0.0,15.72
20261003_050925,2026-10-03T05:26:40.310254+00:00,aliexpress,GPU,3256806541407721,MLLSE GTX 750Ti 4GB Graphics Card GDDR5 128Bit DVI VGA PCI-E 3.0 Geforce GPU Gtx 750 8gb Gaming Video Card Placa De Video,242.57,70.3,2026-10-03,4.9,0,,0.0,70.3
20261003_050925,2026-10-03T05:26:40.310254+00:00,aliexpress,GPU,3256812257605928,TISHRIC GPU Holder with Pcie 5.0/4.0/3.0 16X 1X Riser Cable 20CM Supports Most Graphics Cards and Motherboard RTX 5080/5060/3060,53.86,15.61,2026-10-03,4.3,0,,0.0,15.61
20261003_050925,2026-10-03T05:26:40.310254+00:00,aliexpress,GPU,3256805823004047,Graphics Card GPU Backplate Cooling Radiator For RTX 3090 4090 Backplane Memory VRAM Heatsink 2X PWM Fan VGA Backboard Cooler,75.19,21.79,2026-10-03,4.6,0,https://www.aliexpress.com/ssr/300000512/BundleDeals2?productIds=1005006009318799:12000035320025039&pha_manifest=ssr&_immersiveMode=true&disableNav=YES&sourceName=SEARCHProduct,0.0,21.79
20261003_050925,2026-10-03T05:26:40.310254+00:00,aliexpress,GPU,3256811489289402,SOYO RX580 8G Graphics Cards AMD Radeon GDDR5 Memory Video Gaming Card RX 580 for Desktop Computer Components,540.52,156.65,2026-10-03,4.4,0,,0.0,156.65
20261003_050925,2026-10-03T05:26:40.310254+00:00,aliexpress,GPU,3256807493225805,GPU Support Bracket Graphics Card Video Card Sags Holder Bracket GPU Stand Adjustable GPU Stand Support GPU Bracket Brace,3.76,1.09,2026-10-03,5.0,0,,0.0,1.09
20261003_050925,2026-10-03T05:26:40.310254+00:00,aliexpress,GPU,3256810421491432,GPU GIGABYTE Graphics Card PCI-E 4.0 8-pin*3 HDMI 320bit DP Triple Fans for Desktop PC,2658.06,770.34,2026-10-03,3.8,0,,0.0,770.34
20261003_050925,2026-10-03T05:26:40.310254+00:00,aliexpress,GPU,3256810427546783,Newest 5090 ARGB GPU Holder DIY Computer Gamer Cabinet 5080 Vertical VGA Bracket Support 5V 3pin AURA Sync 4090,66.28,19.21,2026-10-03,4.7,0,,0.0,19.21
20261003_050925,2026-10-03T05:26:44.331616+00:00,aliexpress,GPU,3256807150864400,Chassis 12cm Fan Position Stainless Steel Computer Graphics Card Holder Prevent Sagging GPU Support Brace for RTX 4090 4080 4070,3.76,1.09,2026-10-03,4.7,0,,0.0,1.09
20261003_050925,2026-10-03T05:26:44.331616+00:00,aliexpress,GPU,3256804335075791,FormulaMod Fm-NP8P PCI-E 8Pin(6+2) Power Extension Cable For Motherboard/GPU 8 Pin 18AWG Solid Color Cables With Cable Comb,3.76,1.09,2026-10-03,4.9,0,,0.0,1.09
20261003_050925,2026-10-03T05:26:44.331616+00:00,aliexpress,GPU,3256804435756351,Video Card Fan For MSI GeForce RTX 3070 3060 3060Ti VENTUS 2X OC 95MM PLD10010S12HH RTX3060 RTX3070 RTX3060Ti GPU Cooling Fan,28.71,8.32,2026-10-03,4.9,0,,0.0,8.32
20261003_050925,2026-10-03T05:26:44.331616+00:00,aliexpress,GPU,3256808003427224,AOTESIER Gaming PC Core I7 CPU With 8G /16G RAM 256G SSD HD4600 ATX/ITX/M-ATX Full View Side Panel Temper Glass Front PC Gamer,2173.82,630.0,2026-10-03,4.2,0,,0.0,630.0
20261003_050925,2026-10-03T05:26:44.331616+00:00,aliexpress,GPU,3256805977248284,Full Copper Universal CPU GPU North Bridge Water Block 40*40 40*80 for Processor Intel & AMD & TEC Module Heatsink Cooler,37.02,10.73,2026-10-03,5.0,0,,0.0,10.73
20261003_050925,2026-10-03T05:26:44.331616+00:00,aliexpress,GPU,3256808455156605,For Lenovo Ideapad G50-80 G40-80 Notebook Mainboard NM-A362 Laptop Motherboard I3 I5 I7 CPU UMA ACLU3/ACLU4 100% Tested Ok,227.77,66.01,2026-10-03,5.0,0,,0.0,66.01
20261003_050925,2026-10-03T05:26:44.331616+00:00,aliexpress,GPU,3256805089151917,"Customize RGB VGA Holder 5V/12V,5090 5080 Graphic Card Bracket,Gaming Cabinet Decorate Colorful Animation VGA Support AURA SYNC",115.35,33.43,2026-10-03,5.0,0,,0.0,33.43
20261003_050925,2026-10-03T05:26:44.331616+00:00,aliexpress,GPU,3256804675258140,ZOTAC GTX 1080 Ti 1080Ti 11GB GPU Graphics Cards GeForce GTX1080 GTX1080Ti Video Card NVIDIA Computer Game Gaming Desktop PC DVI,895.34,259.48,2026-10-03,4.9,0,,0.0,259.48
20261003_050925,2026-10-03T05:26:44.331616+00:00,aliexpress,GPU,3256809145236192,PC RGB Light Strip Suitable for PSU Cable PC RGB GPU Cable 5V 3Pin ARGB Sync PC Extension Cable for 6Pin 8Pin 12Pin 16Pin 24Pin,12.87,3.73,2026-10-03,4.8,0,,0.0,3.73
20261003_050925,2026-10-03T05:26:44.331616+00:00,aliexpress,GPU,3256812426407526,"Custom RTX 2080 Ti Reference Turbo Cooler – Blower Fan + Heatsink, Fits Top-Mount Power PCB, Replacement Assembly Part",213.62,61.91,2026-10-03,0.0,0,,0.0,61.91
20261003_050925,2026-10-03T05:26:44.331616+00:00,aliexpress,GPU,3256810014345367,"IceManCooler GPU Water Block For ASUS ROG Astral Geforce RTX 5090,5090D Card Cooler With Backplate,Thermal Pad",1299.08,376.49,2026-10-03,5.0,0,,0.0,376.49
20261003_050925,2026-10-03T05:26:44.331616+00:00,aliexpress,GPU,3256812558984785,Fan for Brand New Mechanical Revolution Yaoshi Canglong 16 Ultra Compatible with RTX 5080 and RTX 5090 Heat Dissipation,94.99,27.53,2026-10-03,0.0,0,,0.0,27.53
20261003_050925,2026-10-03T05:26:44.331616+00:00,aliexpress,GPU,3256809322558890,"JEYI PCIe 5.0 X16 Riser Cable - 90° GPU Extension for RTX 5090/4090 & RX 7900 XTX, Mining Rig, WRX80/TRX40, 15cm/18cm/20cm/30cm",152.1,44.08,2026-10-03,4.9,0,,0.0,44.08
20261003_050925,2026-10-03T05:26:44.331616+00:00,aliexpress,GPU,3256812755813668,Graphics Card GPU Holder Rotating Telescopic Screw Aluminum Alloy Support Video Card Bracket Stand Magnetic Base,3.76,1.09,2026-10-03,0.0,0,,0.0,1.09
20261003_050925,2026-10-03T05:26:44.331616+00:00,aliexpress,GPU,3256812980089768,2025 New PRIME GeForce RTX 5070 Ti 16GB GDDR7 RTX5070 Ti Graphics Card Gaming GPU Video Card 5070TI Triple Fans Gaming Desktop,7197.74,2086.0,2026-10-03,0.0,0,,0.0,2086.0
20261003_050925,2026-10-03T05:26:44.331616+00:00,aliexpress,GPU,3256810161580346,"UPSIREN GPU16PIN Modular Cable,12VHPWR ARGB with 5V 3Pin,18AWG 90° Right-Angle Male to Male Design,5090 / 3070 is Not Applicable",122.87,35.61,2026-10-03,5.0,0,,0.0,35.61
20261003_050925,2026-10-03T05:26:44.331616+00:00,aliexpress,GPU,3256809056903714,ASUS GeForce GTX 960 4GB GDDR5 PCI Express 3.0 SLI Support Graphics Card,486.52,141.0,2026-10-03,4.9,0,,0.0,141.0
20261003_050925,2026-10-03T05:26:44.331616+00:00,aliexpress,GPU,3256808654421613,ASUS AREZ STRIX RXVEGA64 O8G GAMING & ROG STRIX RX570 04G GAMING & ROG STRIX RX5700 O8G GAMING & RX5700 8G graphics card,775.88,224.86,2026-10-03,4.3,0,,0.0,224.86
20261003_050925,2026-10-03T05:26:44.331616+00:00,aliexpress,GPU,3256808537056636,GPD WIN Max 2 2025 10.1 Inch AMD AI 9 HX 370/8840U Windows11 Gaming PC Laptop Notebook Portable Game Computer 64GB RAM 2TB Nvme,4899.71,1420.0,2026-10-03,4.5,0,,0.0,1420.0
20261003_050925,2026-10-03T05:26:44.331616+00:00,aliexpress,GPU,3256809039637779,NM-A361 Notebook Motherboard for Lenovo G40-80 G50-80 Mainboard  ACLU3 ACLU4 CPU I3 I5 I7 GPU R5 M330 2GB  216-0867030,236.39,68.51,2026-10-03,5.0,0,,0.0,68.51
20261003_050925,2026-10-03T05:26:44.331616+00:00,aliexpress,GPU,3256807166562929,Chassis 12cm Fan Position Graphics Card Bracket Computer Graphics Card Holder Video Card Support Bracket for RTX 4090 4080 4070,8.28,2.4,2026-10-03,4.9,0,,0.0,2.4
20261003_050925,2026-10-03T05:26:44.331616+00:00,aliexpress,GPU,3256812427196972,AMD Graphics Card MI50 32gb Dual 8pin New HBM2 Server GPU Vega20 Chip Game Graphics Card,1192.42,345.58,2026-10-03,5.0,0,,0.0,345.58
20261003_050925,2026-10-03T05:26:44.331616+00:00,aliexpress,GPU,3256812638846545,COOLMOON Graphics Card Support Bracket Telescopic Spiral Video Card Holder Magnetic Base Anti Scratch for ATX/M-ATX/ITX Chassis,18.46,5.35,2026-10-03,0.0,0,,0.0,5.35
20261003_050925,2026-10-03T05:26:44.331616+00:00,aliexpress,GPU,3256806816784648,GPD WIN Max 2 2026 10.1 Inch AMD AI 9 HX 370/8840U Windows11 Gaming PC Laptop Notebook Portable Game Computer 64GB RAM 2TB Nvme,5033.8,1458.86,2026-10-03,4.7,0,,0.0,1458.86
20261003_050925,2026-10-03T05:26:44.331616+00:00,aliexpress,GPU,3256806235112184,Aotesier Core I7 CPU Affordable Computer Full Set 8G/16G RAM 256GB SSD Home Office Gaming PC Desktop Computer Gamers PC Game,2356.38,682.91,2026-10-03,3.0,0,,0.0,682.91
20261003_050925,2026-10-03T05:26:44.331616+00:00,aliexpress,GPU,3256805993197884,XFX RX 6600 XT 6600XT RX6600 XT 8GB Graphics Card AMD GPU Radeon RX6600XT RX6600 XT GDDR6 Video Cards Desktop PC Computer Game,1195.46,346.46,2026-10-03,5.0,0,,0.0,346.46
20261003_050925,2026-10-03T05:26:44.331616+00:00,aliexpress,GPU,3256806898233248,5V 3Pin ARGB Graphics Card Brace GPU Support Bracket Universal Video Card VGA Graphics Card Holder Desktop PC Case Accessories,3.76,1.09,2026-10-03,4.8,0,,0.0,1.09
20261003_050925,2026-10-03T05:26:44.331616+00:00,aliexpress,GPU,3256807506496265,Coolcirc GC-16 Graphics Card GPU Support Bracket Video Card Sag Holder Bracket GPU Holder Anti Sag Stand,3.76,1.09,2026-10-03,5.0,0,,0.0,1.09
20261003_050925,2026-10-03T05:26:44.331616+00:00,aliexpress,GPU,3256808291448365,GPU Support Bracket Graphics Card Video Card Sags Holder Bracket GPU Stand Adjustable GPU Stand Support GPU Bracket Brace,13.91,4.03,2026-10-03,4.6,0,,0.0,4.03
20261003_050925,2026-10-03T05:26:44.331616+00:00,aliexpress,GPU,3256811980209443,MSI NVIDIA CMP 50HX MINER PCI Express 1.0 X4 14 Gbps 10GB GDDR6 268 X 114 X 36 mm,1116.24,323.5,2026-10-03,4.7,0,,0.0,323.5
20261003_050925,2026-10-03T05:26:44.331616+00:00,aliexpress,GPU,3256807669760214,SOYO New AMD Radeon RX590 8G Graphics Card GDDR5 Memory 256Bit PCIE3.0x16 HDMI+DP Gaming Card for Desktop Computers 14NM 6PIN,1021.35,296.0,2026-10-03,4.3,0,,0.0,296.0
20261003_050925,2026-10-03T05:26:44.331616+00:00,aliexpress,GPU,3256810055666573,CABLETIME USB3.0 Video Capture with 100W PD Card USB A/USB C 2 in 1 Capture Cable 1080P@60Hz 5Gbps l for Tablet Laptop Switch,62.42,18.09,2026-10-03,4.7,0,,0.0,18.09
20261003_050925,2026-10-03T05:26:44.331616+00:00,aliexpress,GPU,3256809858577749,AIJS 12VHPWR ARGB GPU16PIN Modular Cable 18AWG 90° Right-Angle Male to Male with 5V 3Pin Not for 5090/3070 Graphics Cards,160.28,46.45,2026-10-03,4.7,0,,0.0,46.45
20261003_050925,2026-10-03T05:26:44.331616+00:00,aliexpress,GPU,3256807730729480,90 Degree 4090ti 12vhpwr Extension Adapter Aluminum Alloy Shell With Heat Sink ATX3.0 Grahpic Card 5.0 600w 16Pin Turn Connector,10.56,3.06,2026-10-03,4.6,0,,0.0,3.06
20261003_050925,2026-10-03T05:26:44.331616+00:00,aliexpress,GPU,3256809893291173,"Alphacool Core Water Block Serve For Zotac GeForce RTX 5070 Ti,5080 SOLID CORE OC Graphics Card With Backplate Cooler",1304.25,377.99,2026-10-03,5.0,0,,0.0,377.99
20261003_050925,2026-10-03T05:26:44.331616+00:00,aliexpress,GPU,3256810429909550,GP-Z Graphics Card Golder 5V ARGB Aluminum Alloy Support Creative Desktop PC Case Magnetic Suction Vertical Mounted Fixed ADJ.,23.46,6.8,2026-10-03,4.8,0,,0.0,6.8
20261003_050925,2026-10-03T05:26:44.331616+00:00,aliexpress,GPU,3256806442551296,"GTX 1660 Ti 6GB GDDR6 Gaming Graphics Card 0KPNXF Model 1536 CUDA Cores PCIe 3.0, Dual/Triple Fans, HDMI/DP for PC Build",601.7,174.38,2026-10-03,5.0,0,,0.0,174.38
20261003_050925,2026-10-03T05:26:44.331616+00:00,aliexpress,GPU,3256808996269057,"Computer Power Supply PSU ATX 24Pin Cable Adapter 90° Angle Connector, Wiring Management 5V ARGB Personalize Logos 12 Designs",26.98,7.82,2026-10-03,4.6,0,,0.0,7.82
20261003_050925,2026-10-03T05:26:44.331616+00:00,aliexpress,GPU,3256808496339930,12+4pin 12VHPWR 90 Degree Angled Adapter 600W 16 Pin GPU Power Connector Pcie 5.0 Power Adapter for RTX 3090Ti 4070Ti 4080 4090,43.48,12.6,2026-10-03,4.9,0,,0.0,12.6
20261003_050925,2026-10-03T05:26:44.331616+00:00,aliexpress,GPU,3256801434842644,"Bykski Water Block For GIGABYTE Geforce RTX 3080/3090/3080Ti GAMING OC/EAGLE/Vision/ Turbo Graphics Card Cooler, N-GV3090GMOC-X",631.13,182.91,2026-10-03,5.0,0,,0.0,182.91
20261003_050925,2026-10-03T05:26:44.331616+00:00,aliexpress,GPU,3256811746577275,"5.0 X16 Riser Cable - Next-Gen GPU Extension Solution For RTX 5090/5080, Mining Rig 180 Degrees 30cm/40cm/50cm/60cm",111.8,32.4,2026-10-03,0.0,0,,0.0,32.4
20261003_050925,2026-10-03T05:26:44.331616+00:00,aliexpress,GPU,3256811970274332,Cooling Fan 97MM 4PIN 12V 0.6A RTX5070 5080 5090 D CPU FAN For ZOTAC RTX 5070 5080 5090 D SOLID CORE OC video card fans,86.23,24.99,2026-10-03,0.0,0,,0.0,24.99
20261003_050925,2026-10-03T05:26:44.331616+00:00,aliexpress,GPU,3256811819197554,16pin GPU Modular Cable 12+4Pin 12VHPWR for RTX 40/5070/5080 Series Computer Power Supply Copper Wire Motherboard 5V 3Pin 90°,125.84,36.47,2026-10-03,4.8,0,,0.0,36.47
20261003_050925,2026-10-03T05:26:44.331616+00:00,aliexpress,GPU,3256809732350971,ADT Double Reverse PCIe 5.0 X16 Graphics Card Riser Adapter 512Gbps High-Speed Lossless Ultra-Thin Silver-Plated Extension Cable,277.25,80.35,2026-10-03,5.0,0,,0.0,80.35
20261003_050925,2026-10-03T05:26:44.331616+00:00,aliexpress,GPU,3256805546862592,Fantasy GPU Bracket ARGB AURA SYNC Video Card Jack Bracket Vertical Installation For ASUS MSI AORUS Faith Black/White PC MOD,57.04,16.53,2026-10-03,5.0,0,,0.0,16.53
20261003_050925,2026-10-03T05:26:44.331616+00:00,aliexpress,GPU,3256807339934324,ATX3.0 12VHPWR Power Cable PCI-e 5.0 12VHPWR ATX3.0 600W 16AWG male to Male Graphic Card GPU 12+4pin for Nvidia 4000 series,73.63,21.34,2026-10-03,5.0,0,,0.0,21.34
20261003_050925,2026-10-03T05:26:44.331616+00:00,aliexpress,GPU,3256808085022681,90 Degree 12VHPWR 16Pin(12+4) Male to Male Cables 16AWG with Braided Pattern for ATX 3.0 PCIe 5.0 Fully Modular Power Supply,68.39,19.82,2026-10-03,4.6,0,,0.0,19.82
20261003_050925,2026-10-03T05:26:44.331616+00:00,aliexpress,GPU,3256811565887139,Classic Horror TV Series The Walking Dead 3D Printed T-shirt Summer Men's Clothing Short Sleeve Tops Fashion Oversized Tee Shirt,14.8,4.29,2026-10-03,0.0,0,,0.0,4.29
20261003_050925,2026-10-03T05:26:44.331616+00:00,aliexpress,GPU,3256812225121899,Japanese City Landscape Canvas Wall Art Japan Tokyo Teahouse Cartoon Canvas Painting Anime City Street Poster Print Home Decor,12.11,3.51,2026-10-03,5.0,0,,0.0,3.51
20261003_050925,2026-10-03T05:26:44.331616+00:00,aliexpress,GPU,3256808193806448,Bykski Water Block Use for XFX Radeon RX 7900 XTX Merc 310 OC GPU Card / Copper Cooling Radiator RGB AURA/ A-XF7900XTX-X,561.67,162.78,2026-10-03,5.0,0,,0.0,162.78
20261003_050925,2026-10-03T05:26:44.331616+00:00,aliexpress,GPU,3256809570837551,Bykski N-AS5070PM-X GPU Water Block Use for ASUS Prime GeForce RTX 5070 12GB GDDR7 Video Card / Full Cover Cooling Radiator,562.02,162.88,2026-10-03,5.0,0,,0.0,162.88
20261003_050925,2026-10-03T05:26:48.334196+00:00,aliexpress,GPU,3256805027584423,"Bykski GPU Block For Sapphire Radeon RX 7900 XTX Nitro+ / XT Pulse , Video Card Water Cooler Custom , PC Cooling Radiator",634.06,183.76,2026-10-03,5.0,0,,0.0,183.76
20261003_050925,2026-10-03T05:26:48.334196+00:00,aliexpress,GPU,3256809242207973,12VHPWR 180 Degree Angled Adapter 600W 16 Pin GPU Power Connector Pcie 5.0 Adapter for 12+4pin RTX 3090Ti 4070Ti 4080 4090,71.39,20.69,2026-10-03,4.2,0,,0.0,20.69
20261003_050925,2026-10-03T05:26:48.334196+00:00,aliexpress,GPU,3256809224303838,"Alphacool Core GPU Water Block Serve For Gigabyte GeForce RTX 5080,5070Ti GAMING/WINDFORCE 5080 Aorus,Card Cooler With Backplate",1304.25,377.99,2026-10-03,5.0,0,,0.0,377.99
20261003_050925,2026-10-03T05:26:48.334196+00:00,aliexpress,GPU,3256811649424474,"RTX4090/4080/4070 GPU Adapter AIJS RTX4090/4080/4070 GPU 16PIN Power Adapter, ARGB-SYNC 180 degree Steering Connector ATX3.1",154.48,44.77,2026-10-03,0.0,0,,0.0,44.77
20261003_050925,2026-10-03T05:26:48.334196+00:00,aliexpress,GPU,3256805261916246,"Customized Motherboard ATX 24Pin Steering Adapter,Computer PSU Right Angle Transfer Connector 5V ARGB AURA SYNC PC Modding",25.71,7.45,2026-10-03,4.8,0,,0.0,7.45
20261003_050925,2026-10-03T05:26:48.334196+00:00,aliexpress,GPU,3256810161580346,"UPSIREN GPU16PIN Modular Cable,12VHPWR ARGB with 5V 3Pin,18AWG 90° Right-Angle Male to Male Design,5090 / 3070 is Not Applicable",146.34,42.41,2026-10-03,5.0,0,,0.0,42.41
20261003_050925,2026-10-03T05:26:48.334196+00:00,aliexpress,GPU,3256804002948095,Used Zotac Graphics Cards GTX 1650 1660 1060 1050Ti 6GB 1050 Ti 3GB 4GB 1660S Super Video Card GPU Desktop PC Computer Mining,258.79,75.0,2026-10-03,4.7,0,,0.0,75.0
20261003_050925,2026-10-03T05:26:48.334196+00:00,aliexpress,GPU,3256812571966601,For MSI GeForce RTX 5070 Ti 16G GAMING TRIO OC GDDR7 4K GAME Graphics Card,5796.08,1679.78,2026-10-03,0.0,0,,0.0,1679.78
20261003_050925,2026-10-03T05:26:48.334196+00:00,aliexpress,GPU,3256810566729653,New 14.1 Inch Laptop Intel Core I9 10980HK Windows 11 Pro 16GB 2TB Gaming Notebook Computer PC Gamer Office Ultra Slim Laptops,1030.63,298.69,2026-10-03,4.8,0,,0.0,298.69
20261003_050925,2026-10-03T05:26:48.334196+00:00,aliexpress,GPU,3256810559044334,"Computer PSU 24Pin ATX 90°Angled Adapter RGB, Cable Management MOD Part,Multiple Logos Available",28.85,8.36,2026-10-03,4.4,0,,0.0,8.36
20261003_050925,2026-10-03T05:26:48.334196+00:00,aliexpress,GPU,3256805012101508,Logo Customized ATX PSU 24Pin Transfer Connector Belief Pattern 5V ARGB DIY Mounting MOD Parts,28.78,8.34,2026-10-03,4.6,0,,0.0,8.34
20261003_050925,2026-10-03T05:26:48.334196+00:00,aliexpress,GPU,3256811609018115,2026 Intel Core I9 10980HK Portable Laptop Computer 16GB DDR4 1TB 2TB SSD 14.1' Notebook Windows 11 4K Office Gaming PC,1030.32,298.6,2026-10-03,4.9,0,,0.0,298.6
20261003_050925,2026-10-03T05:26:48.334196+00:00,aliexpress,GPU,3256806440035385,Video Card GPU Holder Vertical Telescopic Rotating Aluminum Alloy Graphics Card Support Stand Desktop PC Case Video Card Bracket,11.63,3.37,2026-10-03,4.9,0,,0.0,3.37
20261003_050925,2026-10-03T05:26:48.334196+00:00,aliexpress,GPU,3256808285977941,"Alphacool Core Water Block Serve For Inno3D Geforce RTX 5080 Reference (AIC),MSI GeForce 5080/5070 Ti VENTUS 3X OC Card Cooler",1284.93,372.39,2026-10-03,5.0,0,,0.0,372.39
20261003_050925,2026-10-03T05:26:48.334196+00:00,aliexpress,GPU,3256812163689535,"16PIN GPU Module Power Cable For RTX 40/5070/80 Series Graphics Cards, 18AWG 90 ° Right Angle Design PC 8PIN Extension Cable Set",91.82,26.61,2026-10-03,0.0,0,,0.0,26.61
20261003_050925,2026-10-03T05:26:48.334196+00:00,aliexpress,GPU,3256806027005674,87MM FDC10U12S9-C FDC10H12S9-C For ASUS GTX 980 Ti R9 390X 390 GTX 1060 1070 1080 Ti RX 480 RX480 Graphics Card Cooling Fan,14.08,4.08,2026-10-03,3.0,0,,0.0,4.08
20261003_050925,2026-10-03T05:26:48.334196+00:00,aliexpress,GPU,3256805932292765,Bykski A-RX7900XTX-X Water Block for PowerColor AMD Radeon RX 7900 XTX Hellhound / Reference Edition GPU Card / Cooler Radiator,514.71,149.17,2026-10-03,5.0,0,,0.0,149.17
20261003_050925,2026-10-03T05:26:48.334196+00:00,aliexpress,GPU,3256801283872629,Bykski Water Block for NVIDIA Palit KFA2 DELL GAINWARD GALAX RTX 3080 3090 Reference Edition GPU Card /Copper Radiator /RGB AURA,562.02,162.88,2026-10-03,5.0,0,,0.0,162.88
20261003_050925,2026-10-03T05:26:48.334196+00:00,aliexpress,GPU,3256805617850122,COOLMOON 50-120mm Graphics Card Holder Video card holder Vertical bracket Aluminum Alloy Card GPU Holder Support Desktop PC Case,11.08,3.21,2026-10-03,5.0,0,,0.0,3.21
20261003_050925,2026-10-03T05:26:48.334196+00:00,aliexpress,GPU,3256809150472603,"Alphacool Core GPU Water Block Compatible Palit GeForce RTX 5070 Ti,5080 Gaming Pro OC Graphics Card With Backplate",1304.25,377.99,2026-10-03,4.8,0,,0.0,377.99
20261003_050925,2026-10-03T05:26:48.334196+00:00,aliexpress,GPU,3256805012025042,Computer ATX PSU 24Pin Adapter Right-Angle Connector Wiring Management 5V ARGB SYNC Customized Logo 18 Designs,28.81,8.35,2026-10-03,4.5,0,,0.0,8.35
20261003_050925,2026-10-03T05:26:48.334196+00:00,aliexpress,GPU,3256806680585808,ATX 24 Pin to 90 Degree Power Plug Adapter Desktop PC Motherboard Power Supply Cable Connectors Modular for Power Supply Cables,7.76,2.25,2026-10-03,5.0,0,,0.0,2.25
20261003_050925,2026-10-03T05:26:48.334196+00:00,aliexpress,GPU,3256810556552418,R5 2600X Desktop Computer PC R5 2600x 16G Ram 256T SSD RX580 Win10 Win11 Prebuilt Gaming Pc A320m Motherboard,158.69,45.99,2026-10-03,0.0,0,,0.0,45.99
20261003_050925,2026-10-03T05:26:48.334196+00:00,aliexpress,GPU,3256813131464475,Premium Access | Fast Setup | Secure Service,7.35,2.13,2026-10-03,0.0,0,,0.0,2.13
20261003_050925,2026-10-03T05:26:48.334196+00:00,aliexpress,GPU,3256809627594455,ACLU3/ACLU4 NM-A361 Laptop Motherboard for Lenovo G50-80 Notebook Mainboard CPU I3/I5  GPU R5 M330 2GB 216-0867030,229.46,66.5,2026-10-03,0.0,0,,0.0,66.5
20261003_050925,2026-10-03T05:26:48.334196+00:00,aliexpress,GPU,3256808286121290,"Alphacool Core GPU Water Block For MSI GeForce 5080,5070 Ti 16G VENTUS,Inno3D Geforce RTX 5080 Reference AIC Card Cooler,5V Argb",1284.93,372.39,2026-10-03,5.0,0,,0.0,372.39
20261003_050925,2026-10-03T05:26:48.334196+00:00,aliexpress,GPU,3256810100300812,"Bykski N-ML5080GR-X GPU Water Block for Manli RTX 5080 Gallardo, Zotac RTX5080 SOLID / AMP Extreme Card, Thickened Copper Plate",696.9,201.97,2026-10-03,5.0,0,,0.0,201.97
20261003_050925,2026-10-03T05:26:48.334196+00:00,aliexpress,GPU,3256809407097837,"AIJS 16PIN Modular Cable 12VHPWR ARGB with 5V 3Pin 18AWG 90° Right-Angle Male to Male Design, Not Compatible with 5090 / 3070",193.85,56.18,2026-10-03,5.0,0,,0.0,56.18
20261003_050925,2026-10-03T05:26:48.334196+00:00,aliexpress,GPU,3256808392642891,Bykski GPU Block for ASUS ROG ASTRAL RTX 5090 O32G GAMING Graphics Card PC Water Cooling Copper Radiator N-AS5090ASTRAL-X,802.59,232.6,2026-10-03,0.0,0,,0.0,232.6
20261003_050925,2026-10-03T05:26:48.334196+00:00,aliexpress,GPU,3256812536773546,"16Pin 12VHPWR GPU Modular Cable–Direct Connection Cable for RTX 40/5070/5080 Series Graphics Cards,18AWG 90°Right-Angle Design",95.72,27.74,2026-10-03,5.0,0,,0.0,27.74
20261003_050925,2026-10-03T05:26:48.334196+00:00,aliexpress,GPU,3256809858065695,"AIJS GPU16PIN Modular Cable,12VHPWR ARGB with 5V 3Pin,18AWG Right Side Male to Male Design, 5090 / 3070 Is Not Applicable",158.1,45.82,2026-10-03,5.0,0,,0.0,45.82
20261003_050925,2026-10-03T05:26:48.334196+00:00,aliexpress,GPU,3256808324688689,"Alphacool Core GPU Water Block For Gainward Geforce RTX 5080 Phantom(GS),Palit 5080,5070Ti Gamerock (OC) Cooler,5V Argb",1284.93,372.39,2026-10-03,5.0,0,,0.0,372.39
20261003_050925,2026-10-03T05:26:52.188970+00:00,aliexpress,GPU,3256809591399853,AMD Radeon PRO W6400 4GB GDDR6 Professional Graphics Card RDNA 2 Workstation GPU 50W Low Power PCIe 4.0 for Desktop PC Computer,791.23,229.31,2026-10-03,4.7,0,,0.0,229.31
20261003_050925,2026-10-03T05:26:52.188970+00:00,aliexpress,GPU,3256809943699009,AIBOMAN Video Card GTX1660Ti 6GB GDDR6 192Bit 1530MHz GPU PCI-E 3.0 HDMI DP DVI Output Gaming Graphics Cards,809.8,234.69,2026-10-03,5.0,0,,0.0,234.69
20261003_050925,2026-10-03T05:26:52.188970+00:00,aliexpress,GPU,3256811444842090,ASUS GTX 750Ti-OC-2GD5 5400MHz GDDR5 128bit 1×HDMI 2×DVI 1×VGA PCI Express 3.0,324.35,94.0,2026-10-03,0.0,0,,0.0,94.0
20261003_050925,2026-10-03T05:26:52.188970+00:00,aliexpress,GPU,3256805372702902,LS NVIDIA GeForce GT710 Heavy Hammer 1G/2G DDR3 HDMI/DVI /VGA Entry-level PCI-E Discrete Graphics Card For Desktop Computers,193.02,55.94,2026-10-03,4.6,0,,0.0,55.94
20261003_050925,2026-10-03T05:26:52.188970+00:00,aliexpress,GPU,3256812280575075,for Nvidia Tesla P40 24GB GPU GDDR5 PCIE Graphics Accelerator Card with Cooling Fan for AI Inference Deep Learning,1240.25,359.44,2026-10-03,5.0,0,,0.0,359.44
20261003_050925,2026-10-03T05:26:52.188970+00:00,aliexpress,GPU,3256811623742947,GIGABYTE RTX 2080 SUPER Waterforce WB  graphics card GV-N208SGAMINGOC WB-8GD 8GB GDDR6 256 bit 8+6pin HDMI 2.0b DP gaming GPU,1329.93,385.43,2026-10-03,0.0,0,,0.0,385.43
20261003_050925,2026-10-03T05:26:52.188970+00:00,aliexpress,GPU,3256809887972577,AIBOMAN RX6500XT 4G Fox Backboard Pattern GDDR6 64Bit Outputinterface HDMI*1+DP*1  gaming on computer graphics card,580.72,168.3,2026-10-03,5.0,0,,0.0,168.3
20261003_050925,2026-10-03T05:26:52.188970+00:00,aliexpress,GPU,3256809524417021,New Original For NVIDIA Tesla A2 16GB GPU Low Profile AI Inference Deep Learning Accelerator Graphics Card,784.61,227.39,2026-10-03,5.0,0,,0.0,227.39
20261003_050925,2026-10-03T05:26:52.188970+00:00,aliexpress,GPU,3256807772135001,VEINEDA Graphics Card GT610 2GB 64Bit DDR3PC Desktop Refurbished Cards PCI E 2.0 computer Graphics Cards for nVIDIA Geforce,180.91,52.43,2026-10-03,0.0,0,,0.0,52.43
20261003_050925,2026-10-03T05:26:52.188970+00:00,aliexpress,GPU,3256809065487952,Asus GTX1050TI GeForce GTX 1050 Ti 4GB Phoenix Fan Edition Graphics Card,652.14,189.0,2026-10-03,5.0,0,,0.0,189.0
20261003_050925,2026-10-03T05:26:52.188970+00:00,aliexpress,GPU,3256810428996093,NVIDIA GeForce GT710 Heavy Hammer 1G/2G DDR3 HDMI/DVI /VGA Entry-level PCI-E Discrete Graphics Card For Desktop Computers,171.52,49.71,2026-10-03,5.0,0,,0.0,49.71
20261003_050925,2026-10-03T05:26:52.188970+00:00,aliexpress,GPU,3256811726083347,GIGABYTE NVIDIA AORUS RTX 3080 10GB GDDR6X 320bit GV N3080AORUS X 10GD Graphics Card PCI-E4.0 DP HDMI 8pin For Desktop PC Gaming,2363.45,684.96,2026-10-03,2.0,0,,0.0,684.96
20261003_050925,2026-10-03T05:26:52.188970+00:00,aliexpress,GPU,3256811559950437,MSI Gaming AMD Radeon RX 6600XT 128-bit 8GB GDDR6 DP/HDMI Dual Torx Fans FreeSync DirectX 12 VR Ready OC Graphics Card,1357.77,393.5,2026-10-03,0.0,0,,0.0,393.5
20261003_050925,2026-10-03T05:26:52.188970+00:00,aliexpress,GPU,3256809953612628,SRhonyra GTX 1060 3GB 6GB Low Profile Graphics Card GDDR5 192-bit PCIe 3.0 x16 SFF Thin ITX HTPC Mini Desktop PC,566.64,164.22,2026-10-03,4.1,0,,0.0,164.22
20261003_050925,2026-10-03T05:26:52.188970+00:00,aliexpress,GPU,3256812119699249,SOYO AMD Radeon R9 370 4GB GDDR5 Graphics Card HDMI+DP+DVI PCIe3.0x16 28NM 256bit Video Card PC Game Desktop Computer Component,277.21,80.34,2026-10-03,5.0,0,,0.0,80.34
20261003_050925,2026-10-03T05:26:52.188970+00:00,aliexpress,GPU,3256809008488998,"SRhonyra GeForce GTX1660S 1050 1050Ti 750 750Ti Multi-monitors Graphics Card,2/4/6GB 4HDMI GDDR5 4K Video Card Screen Splicing",529.79,153.54,2026-10-03,0.0,0,,0.0,153.54
20261003_050925,2026-10-03T05:26:52.188970+00:00,aliexpress,GPU,3256808890421815,ASUS GTX760 192BIT 3GD5 DP Graphics Support DVI-D VGA DVI-I PCI 3.0 6+6Pin for Desktop PC Computer,248.57,72.04,2026-10-03,0.0,0,,0.0,72.04
20261003_050925,2026-10-03T05:26:52.188970+00:00,aliexpress,GPU,3256812503672326,For NVIDIA Quadro P400 P600 P620 2GB GDDR5 PCI Express 3.0 X16 Mini DP Professional Graphics 100% Tested NVIDIA Original Quadro,165.83,48.06,2026-10-03,0.0,0,,0.0,48.06
20261003_050925,2026-10-03T05:26:52.188970+00:00,aliexpress,GPU,3256812329544469,"Quadro P2000 5G graphics card modeling, rendering, and drawing professional graphics card 4K multi screen 100% testing perfect",776.22,224.96,2026-10-03,0.0,0,,0.0,224.96
20261003_050925,2026-10-03T05:26:52.188970+00:00,aliexpress,GPU,3256810421491432,GPU GIGABYTE Graphics Card PCI-E 4.0 8-pin*3 HDMI 320bit DP Triple Fans for Desktop PC,2645.57,766.72,2026-10-03,3.8,0,,0.0,766.72
20261003_050925,2026-10-03T05:26:52.188970+00:00,aliexpress,GPU,3256812426446929,SOYO GTX750 4G DDR5 Graphics Card 128bit Single Fan DVI+HDMI+VGA 640 Unified Desktop PC Gaming Video Card 28NM NVIDIA PCIE2.0*16,400.02,115.93,2026-10-03,0.0,0,,0.0,115.93
20261003_050925,2026-10-03T05:26:52.188970+00:00,aliexpress,GPU,3256805780657263,MLLSE GTX 750Ti 4GB Graphics Card GDDR5 128Bit HDMI DVI VGA PCI-E 3.0 Geforce GPU Gtx 750ti Gaming Video Card Placa De Video,267.34,77.48,2026-10-03,4.8,0,,0.0,77.48
20261003_050925,2026-10-03T05:26:52.188970+00:00,aliexpress,GPU,3256813073513645,NVIDIA RTX 3050 graphics card 6G desktop computer OPS computer esports game ITX small chassis half height knife card,2038.14,590.68,2026-10-03,0.0,0,,0.0,590.68
20261003_050925,2026-10-03T05:26:59.136247+00:00,amazon_usa,GPU,B0FTS11VTX,"Amazon Renewed TUF Gaming GeForce RTX ™ 5070 12GB GDDR7 OC Edition Gaming Graphics Card (PCIe® 5.0, HDMI®/DP 2.1, 3.125-slot, Military-Grade Components, Protective PCB Coating, axial-tech Fans) (Renew",841.34,243.83,2026-10-03,3.8,3,https://www.amazon.com/ASUS-3-125-slot-Military-Grade-Components-Protective/dp/B0FTS11VTX,0.0,243.83
20261003_050925,2026-10-03T05:26:59.136247+00:00,amazon_usa,GPU,B0DYGDT9YD,"msi Gaming RTX 5070 12G Ventus 2X OC Graphics Card (12GB GDDR7, 192-bit, Extreme Performance: 2557 MHz, DisplayPort x3 2.1a, HDMI 2.1b, NVIDIA Blackwell Architecture)",1024.73,296.98,2026-10-03,4.6,178,https://www.amazon.com/MSI-RTX-5070-12G-Performance/dp/B0DYGDT9YD,0.0,296.98
20261003_050925,2026-10-03T05:26:59.136247+00:00,amazon_usa,GPU,B0DYPGW2KB,"ASUS TUF Gaming GeForce RTX 5070 12GB GDDR7 OC Edition Gaming Graphics Card (PCIe 5.0, HDMI/DP 2.1, 3.125-slot, Military-Grade Components, Protective PCB Coating, axial-tech Fans)",1114.03,322.86,2026-10-03,4.7,223,https://www.amazon.com/ASUS-3-125-slot-Military-Grade-Components-Protective/dp/B0DYPGW2KB,0.0,322.86
20261003_050925,2026-10-03T05:26:59.136247+00:00,amazon_usa,GPU,B0F59N58GV,PNY GEFORCE RTX™ 5070 12GB Triple Fan DLSS 4 Graphics Card,860.59,249.41,2026-10-03,4.5,55,https://www.amazon.com/PNY-GEFORCE-RTXTM-Triple-Graphics/dp/B0F59N58GV,0.0,249.41
20261003_050925,2026-10-03T05:26:59.136247+00:00,amazon_usa,GPU,B0DXL8NFLF,PNY NVIDIA GeForce RTX™ 5070 Ti Epic-X RGB™ OC Triple-Fan Graphics Card,1267.06,367.21,2026-10-03,4.6,165,https://www.amazon.com/PNY-Overclocked-Graphics-2-9-Slot-Epic-XTM/dp/B0DXL8NFLF,0.0,367.21
20261003_050925,2026-10-03T05:26:59.136247+00:00,amazon_usa,GPU,B0GK8TKVDJ,"ZOTAC Gaming GeForce RTX 5070 Twin Edge OC DLSS 4 12GB GDDR7 192-bit 28 Gbps PCIE 5.0 Gaming Graphics Card, IceStorm 2.0 Cooling, SFF-Ready, ZT-B50700H-10A",985.29,285.55,2026-10-03,3.8,15,https://www.amazon.com/ZOTAC-Graphics-IceStorm-SFF-Ready-ZT-B50700H-10A/dp/B0GK8TKVDJ,0.0,285.55
20261003_050925,2026-10-03T05:26:59.136247+00:00,amazon_usa,GPU,B0DTGM4QSD,"GIGABYTE GeForce RTX 5070 Eagle OC Ice SFF 12G Graphics Card - 12GB GDDR7, 192 Bits, PCI-E 5.0, 2587 MHz Core Clock, 3 x DP 2.1a, 1 x HDMI 2.1b, NVIDIA DLSS 4, GV-N5070EAGLEOC ICE-12GD",962.97,279.08,2026-10-03,4.6,135,https://www.amazon.com/GIGABYTE-GeForce-5070-Eagle-Graphics/dp/B0DTGM4QSD,0.0,279.08
20261003_050925,2026-10-03T05:26:59.136247+00:00,amazon_usa,GPU,B0DTQTJQGZ,"GIGABYTE GeForce RTX 5070 Eagle OC ICE SFF 12G Graphics Card, 12GB 192-bit GDDR7, PCIe 5.0, WINDFORCE Cooling System, GV-N5070EAGLEOC ICE-12GD Video Card, Compatible with Desktop",1013.65,293.77,2026-10-03,4.5,75,https://www.amazon.com/GIGABYTE-Graphics-WINDFORCE-GV-N5070EAGLEOC-ICE-12GD/dp/B0DTQTJQGZ,0.0,293.77
20261003_050925,2026-10-03T05:26:59.136247+00:00,amazon_usa,GPU,B0DS2QG2KW,"GIGABYTE Radeon RX 9070 XT Gaming OC 16G Graphics Card, PCIe 5.0, 16GB GDDR6, GV-R9070XTGAMING OC-16GD Video Card",830.54,240.7,2026-10-03,4.7,552,https://www.amazon.com/GIGABYTE-Radeon-Graphics-GV-R9070XTGAMING-OC-16GD/dp/B0DS2QG2KW,0.0,240.7
20261003_050925,2026-10-03T05:27:03.025976+00:00,amazon_usa,GPU,B0DRRMZDH6,ASUS Prime Radeon RX 9070 XT 16GB GDDR6 OC Edition Gaming Graphics Card,840.33,243.54,2026-10-03,4.6,481,https://www.amazon.com/ASUS-Graphics-2-5-Slot-Axial-tech-Bearings/dp/B0DRRMZDH6,0.0,243.54
20261003_050925,2026-10-03T05:27:03.025976+00:00,amazon_usa,GPU,B0G2LZDP63,Yeston Sakura Nvidia GeForce RTX 5070 GDDR7 12G Gaming GPU Graphics Card,992.36,287.6,2026-10-03,5.0,3,https://www.amazon.com/Yeston-Graphics-Card%EF%BC%88PCI-Express-x16%EF%BC%8CHDMI-3%EF%BC%89%EF%BC%8COpenGL/dp/B0G2LZDP63,38.0,325.6
20261003_050925,2026-10-03T05:27:03.025976+00:00,amazon_usa,GPU,B0DYG3JLGY,"msi Gaming RTX 5070 12G Ventus 2X OC White Graphics Card (12GB GDDR7, 192-bit, Extreme Performance: 2557 MHz, DisplayPort x3 2.1a, HDMI 2.1b, NVIDIA Blackwell Architecture)",1003.51,290.83,2026-10-03,4.7,44,https://www.amazon.com/MSI-Graphics-192-bit-Extreme-Performance/dp/B0DYG3JLGY,0.0,290.83
20261003_050925,2026-10-03T05:27:03.025976+00:00,amazon_usa,GPU,B0GXFGKWQX,"ZOTAC Gaming GeForce RTX 5070 Ti Solid SFF OC DLSS 4 16GB GDDR7 256-bit 28 Gbps PCIE 5.0 Gaming Graphics Card, IceStorm 2.0 Advanced Cooling, ZT-B50710J3-10A",1317.75,381.9,2026-10-03,5.0,5,https://www.amazon.com/ZOTAC-Graphics-IceStorm-Advanced-ZT-B50710J3-10A/dp/B0GXFGKWQX,0.0,381.9
20261003_050925,2026-10-03T05:27:03.025976+00:00,amazon_usa,GPU,B0DTQVHQ6G,"GIGABYTE GeForce RTX 5070 Ti AERO OC 16G Graphics Card, 16GB 256-bit GDDR7, PCIe 5.0, WINDFORCE Cooling System, GV-N507TAERO OC-16GD Video Card",1277.2,370.15,2026-10-03,4.6,116,https://www.amazon.com/GIGABYTE-Graphics-WINDFORCE-GV-N507TAERO-OC-16GD/dp/B0DTQVHQ6G,0.0,370.15
20261003_050925,2026-10-03T05:27:03.025976+00:00,amazon_usa,GPU,B0GK8NKHKG,"ZOTAC Gaming GeForce RTX 5060 Twin Edge OC DLSS 4 8GB GDDR7 128-bit 28 Gbps PCIE 5.0 Gaming Graphics Card, SFF-Ready Compact Card, ZT-B50600H-10A",476.41,138.07,2026-10-03,5.0,5,https://www.amazon.com/ZOTAC-GeForce-Graphics-SFF-Ready-ZT-B50600H-10A/dp/B0GK8NKHKG,0.0,138.07
20261003_050925,2026-10-03T05:27:03.025976+00:00,amazon_usa,GPU,B0F68R4M2Y,PNY NVIDIA GeForce RTX™ 5060 Ti 8G Epic-X RGB™ OC Triple-Fan Graphics Card,529.13,153.35,2026-10-03,4.6,92,https://www.amazon.com/PNY-GeForce-Epic-XTM-Graphics-128-bit/dp/B0F68R4M2Y,0.0,153.35
20261003_050925,2026-10-03T05:27:03.025976+00:00,amazon_usa,GPU,B0GK8J4MGD,"ZOTAC Gaming GeForce RTX 5060 Ti 8GB Twin Edge OC DLSS 4 8GB GDDR7 128-bit 28 Gbps PCIE 5.0 Gaming Graphics Card, IceStorm 2.0 Cooling, SFF-Ready, ZT-B50610H-10A",501.77,145.42,2026-10-03,4.4,21,https://www.amazon.com/ZOTAC-Graphics-IceStorm-SFF-Ready-ZT-B50610H-10A/dp/B0GK8J4MGD,0.0,145.42
20261003_050925,2026-10-03T05:27:03.025976+00:00,amazon_usa,GPU,B0DV9GC9SR,"msi GeForce RTX 5070 Ti 16G Ventus 3X OC Graphics Card - RTX 5070 Ti GPU, 16GB GDDR7 (28Gbps/256-bit), PCIe 5.0 - Triple Fan Thermal Design (3 x TORX Fan 5.0) - HDMI 2.1b, DisplayPort 2.1b",1449.52,420.09,2026-10-03,4.6,215,https://www.amazon.com/MSI-GeForce-5070-Ventus-Graphics/dp/B0DV9GC9SR,0.0,420.09
20261003_050925,2026-10-03T05:27:03.025976+00:00,amazon_usa,GPU,B0FD8LY1G3,"Bundle of ASUS The SFF-Ready Prime GeForce RTX™ 5070 OC Edition 12GB GDDR7 Graphics Card + ASUS A31 Black ATX Mid-Tower Gaming Case, Dual-Sided Tempered Glass, Frameless Design, BTF Hidden Connectors",934.57,270.85,2026-10-03,0.0,0,https://www.amazon.com/ASUS-SFF-Ready-Mid-Tower-Dual-Sided-Connectors/dp/B0FD8LY1G3,38.0,308.85
20261003_050925,2026-10-03T05:27:03.025976+00:00,amazon_usa,GPU,B0F67GQBVT,PNY GEFORCE RTX™ 5070 Ti 16GB Triple Fan Graphics Card DLSS4,1357.29,393.36,2026-10-03,4.5,52,https://www.amazon.com/PNY-GEFORCE-RTXTM-Triple-Graphics/dp/B0F67GQBVT,0.0,393.36
20261003_050925,2026-10-03T05:27:07.194280+00:00,amazon_usa,GPU,B0F4485KVY,"ZOTAC Gaming GeForce RTX 5070 Ti Solid SFF OC DLSS 4 16GB GDDR7 256-bit 28 Gbps PCIE 5.0 Gaming Graphics Card, IceStorm 2.0 Advanced Cooling, ZT-B50710J3-10P",1343.11,389.25,2026-10-03,4.5,150,https://www.amazon.com/ZOTAC-Graphics-IceStorm-Advanced-ZT-B50710J3-10P/dp/B0F4485KVY,0.0,389.25
20261003_050925,2026-10-03T05:27:07.194280+00:00,amazon_usa,GPU,B08MYCN952,NVIDIA GeForce RTX 3070 8GB GDDR6 PCI Express 4.0 Graphics Card - Dark Platinum and Black,463.89,134.44,2026-10-03,4.5,175,https://www.amazon.com/NVIDIA-GeForce-RTX-3070-Graphics/dp/B08MYCN952,0.0,134.44
20261003_050925,2026-10-03T05:27:07.194280+00:00,amazon_usa,GPU,B0BZDYZ4V5,"GIGABYTE GeForce RTX 4070 WINDFORCE OC 12GB Graphics Card - 12GB DDRX6 21Gbps, PCI-E 4.0, DisplayPort 1.4, HDMI 2.1a, NVIDIA DLSS 3, Ada Lovelace Arch, GV-N4070WF3OC-12GD, Black, 930g",830.19,240.6,2026-10-03,4.7,365,https://www.amazon.com/Gigabyte-GeForce-WINDFORCE-Graphics-GV-N4070WF3OC-12GD/dp/B0BZDYZ4V5,0.0,240.6
20261003_050925,2026-10-03T05:27:07.194280+00:00,amazon_usa,GPU,B0G271LLFX,"PNY NVIDIA GeForce RTX™ 5070 Ti OC Triple Fan, Graphics Card (16GB GDDR7, 256-bit, Boost Speed: 2572 MHz, PCIe® 5.0, HDMI®/DP 2.1, 2.98-Slot, NVIDIA Blackwell Architecture, DLSS 4)",1419.09,411.27,2026-10-03,4.6,26,https://www.amazon.com/PNY-NVIDIA-GeForce-Graphics-256-bit/dp/B0G271LLFX,0.0,411.27
20261003_050925,2026-10-03T05:27:07.194280+00:00,amazon_usa,GPU,B0DTGMBHQ3,"GIGABYTE Aorus GeForce RTX 5070 Master 12G Graphics Card - 12GB GDDR7, 192 Bit, PCI-E 5.0, 2715 MHz Core Clock, 3 x DP 2.1a, 1 x HDMI 2.1b, NVIDIA DLSS 4, GV-N5070AORUS M-12GD",1444.38,418.6,2026-10-03,4.6,37,https://www.amazon.com/GIGABYTE-AORUS-GeForce-Master-Graphics/dp/B0DTGMBHQ3,38.0,456.6
20261003_050925,2026-10-03T05:27:07.194280+00:00,amazon_usa,GPU,B0DZZ6VGJW,"msi Gaming RTX 5070 TI 16G Shadow 3X Graphics Card (16GB GDDR7, 256-bit, Extreme Performance: 2467 MHz, DisplayPort x3 2.1a, HDMI 2.1b, NVIDIA Blackwell Architecture)",1449.52,420.09,2026-10-03,5.0,1,https://www.amazon.com/Gaming-Graphics-256-bit-Extreme-Performance/dp/B0DZZ6VGJW,0.0,420.09
20261003_050925,2026-10-03T05:27:07.194280+00:00,amazon_usa,GPU,B0F8KLKQM3,"ASUS Prime -Rtx5070-O12G-White Nvidia Geforce RTX 5070 12 Gb, W129160166 (Nvidia Geforce RTX 5070 12 Gb Gddr7)",1517.46,439.78,2026-10-03,4.6,126,https://www.amazon.com/ASUS-GeForce-Axial-Tech-DisplayPort-PRIME-RTX5070-O12G-WHITE/dp/B0F8KLKQM3,0.0,439.78
20261003_050925,2026-10-03T05:27:07.194280+00:00,amazon_usa,GPU,B0CSJV61BN,"GIGABYTE GeForce RTX 4070 Super WINDFORCE OC 12G Graphics Card, 3X WINDFORCE Fans, 12GB 192-bit GDDR6X, GV-N407SWF3OC-12GD Video Card",982.25,284.67,2026-10-03,4.6,218,https://www.amazon.com/GIGABYTE-GeForce-WINDFORCE-Graphics-GV-N407SWF3OC-12GD/dp/B0CSJV61BN,0.0,284.67
20261003_050925,2026-10-03T05:27:07.194280+00:00,amazon_usa,GPU,B0FD8KYCX4,"Bundle of ASUS The SFF-Ready Prime GeForce RTX™ 5070 OC Edition 12GB GDDR7 Graphics Card + ASUS Prime 750W Gold (ATX 3.0 Compatible, Fully Modular Power Supply, 80+ Gold Certified)",978.15,283.48,2026-10-03,0.0,0,https://www.amazon.com/ASUS-SFF-Ready-Graphics-Compatible-Certified/dp/B0FD8KYCX4,38.0,321.48
20261003_050925,2026-10-03T05:27:07.194280+00:00,amazon_usa,GPU,B0F4LYLZ1N,"msi Gaming RTX 5060 Ti 8G Shadow 2X OC Graphics Card (8GB GDDR7,TBA-bit, Extreme Performance: TBA MHz, DisplayPort x3 2.1a, HDMI 2.1b, NVIDIA Blackwell Architecture)",466.27,135.13,2026-10-03,4.5,34,https://www.amazon.com/Gaming-Graphics-TBA-bit-Extreme-Performance/dp/B0F4LYLZ1N,38.0,173.13
20261003_050925,2026-10-03T05:27:07.194280+00:00,amazon_usa,GPU,B0DTGPW43H,"GIGABYTE GeForce RTX 5070 Ti Eagle OC ICE SFF 16G Graphics Card - 16GB GDDR7, 256bit, PCI-E 5.0, 2542 MHz Core Clock, 3 x DP 2.1a, 1 x HDMI 2.1b, NVIDIA DLSS 4, GV-N507TEAGLEOC ICE-16GD",1645.78,476.97,2026-10-03,4.5,116,https://www.amazon.com/Gigabyte-GeForce-5070-Eagle-Graphics/dp/B0DTGPW43H,38.0,514.97
20261003_050925,2026-10-03T05:27:07.194280+00:00,amazon_usa,GPU,B0B52CGGLW,Amazon Renewed GeForce RTX 3070 Ti 8GB GDDR6X PCI Express 4.0 Graphics Card - Dark Platinum and Black (Renewed),372.52,107.96,2026-10-03,4.7,7,https://www.amazon.com/NVIDIA-GeForce-Express-Graphics-Platinum/dp/B0B52CGGLW,0.0,107.96
20261003_050925,2026-10-03T05:27:07.194280+00:00,amazon_usa,GPU,B0DWH7F8KX,"msi Gaming RTX 5070 Ti 16G,Trio OC Plus Graphics Card (16GB GDDR7, 256-bit, Extreme Performance: 2580 MHz, DisplayPort x 3 2.1a, HDMI 2.1b, NVIDIA Blackwell Architecture)",1484.99,430.37,2026-10-03,4.2,22,https://www.amazon.com/MSI-Graphics-256-bit-Extreme-Performance/dp/B0DWH7F8KX,0.0,430.37
20261003_050925,2026-10-03T05:27:07.194280+00:00,amazon_usa,GPU,B0DTGPC5KR,"GIGABYTE GeForce RTX 5070 Ti Gaming OC 16G Graphics Card - 16GB GDDR7, 256 Bit, PCI-E 5.0, 2588 MHz Core Clock, 3 x DP 2.1a, 1 x HDMI 2.1b, NVIDIA DLSS 4, GV-N507TGAMING OC-16GD",1267.06,367.21,2026-10-03,4.6,181,https://www.amazon.com/Gigabyte-GeForce-5070-Gaming-Graphics/dp/B0DTGPC5KR,0.0,367.21
20261003_050925,2026-10-03T05:27:07.194280+00:00,amazon_usa,GPU,B0FFVFD58L,"msi Gaming RTX 5050 8G Shadow 2X OC Graphics Card (8GB GDDR6,128-bit, Extreme Performance: 2617 MHz, DisplayPort x3 2.1a, HDMI 2.1b, NVIDIA Blackwell Architecture)",375.03,108.69,2026-10-03,4.7,175,https://www.amazon.com/msi-RTX-5050-8G-Performance/dp/B0FFVFD58L,0.0,108.69
20261003_050925,2026-10-03T05:27:11.536859+00:00,amazon_usa,GPU,B0GNCZ9HZ2,"msi Gaming RTX 5070 12G World of Warcraft Midnight Light Edition OC Graphics Card (12GB GDDR7, 192-bit, Extreme Performance: 2625 MHz, DisplayPort x 3 2.1a, HDMI 2.1b, NVIDIA Blackwell Architecture)",1064.34,308.46,2026-10-03,5.0,3,https://www.amazon.com/msi-Warcraft-Midnight-Graphics-Performance/dp/B0GNCZ9HZ2,0.0,308.46
20261003_050925,2026-10-03T05:27:11.536859+00:00,amazon_usa,GPU,B08M68HN9D,"Amazon Renewed Gaming GeForce RTX 3070 Twin Edge OC 8GB GDDR6 256-bit 14 Gbps PCIE 4.0 Gaming Graphics Card, IceStorm 2.0 Advanced Cooling, White LED Logo Lighting, ZT-A30700H-10P (Renewed)",339.53,98.4,2026-10-03,3.9,23,https://www.amazon.com/ZOTAC-Graphics-IceStorm-Advanced-ZT-A30700H-10P/dp/B08M68HN9D,0.0,98.4
20261003_050925,2026-10-03T05:27:11.536859+00:00,amazon_usa,GPU,B0DVGVZZYY,ASUS Prime GeForce RTX 5070 Ti 16GB GDDR7 OC Edition Gaming Graphics Card,1448.52,419.8,2026-10-03,4.7,356,https://www.amazon.com/ASUS-Prime-GeForce-GDDR7-Graphics/dp/B0DVGVZZYY,0.0,419.8
20261003_050925,2026-10-03T05:27:11.536859+00:00,amazon_usa,GPU,B0GLHVHP7X,PNY Technology VCG5071T16TFXPB1 GeForce RTX 5070 TI 16GB Triple Fan Plus Graphics Card,1469.81,425.97,2026-10-03,0.0,0,https://www.amazon.com/PNY-Technology-VCG5071T16TFXPB1-GeForce-Graphics/dp/B0GLHVHP7X,0.0,425.97
20261003_050925,2026-10-03T05:27:11.536859+00:00,amazon_usa,GPU,B0F8T73MZP,"ZOTAC Gaming GeForce RTX 5060 Twin Edge OC DLSS 4 8GB GDDR7 128-bit 28 Gbps PCIE 5.0 Gaming Graphics Card, SFF-Ready Compact Card, ZT-B50600H-10M",476.41,138.07,2026-10-03,4.7,80,https://www.amazon.com/ZOTAC-GeForce-Graphics-SFF-Ready-ZT-B50600H-10M/dp/B0F8T73MZP,0.0,138.07
20261003_050925,2026-10-03T05:27:11.536859+00:00,amazon_usa,GPU,B0FKSMSGMD,"ZOTAC Gaming GeForce RTX 5060 Ti 16GB Twin Edge OC White Edition DLSS 4 16GB GDDR7 128-bit 28 Gbps PCIE 5.0 Gaming Graphics Card, IceStorm 2.0 Cooling, SFF-Ready, ZT-B50620Q-10M",811.76,235.26,2026-10-03,4.7,144,https://www.amazon.com/ZOTAC-Graphics-IceStorm-SFF-Ready-ZT-B50620Q-10M/dp/B0FKSMSGMD,0.0,235.26
20261003_050925,2026-10-03T05:27:11.536859+00:00,amazon_usa,GPU,B0H8XFPCBW,ZOTAC Gaming GeForce RTX 5060 AMP CORE 8GB GDDR7 Gaming Graphics Card,476.41,138.07,2026-10-03,0.0,0,https://www.amazon.com/ZOTAC-Gaming-GeForce-GDDR7-Graphics/dp/B0H8XFPCBW,0.0,138.07
20261003_050925,2026-10-03T05:27:11.536859+00:00,amazon_usa,GPU,B09D7JX24S,"Amazon Renewed Gaming GeForce RTX 3070 Ti Gaming X Trio 8G 8GB GDDR6X Graphics Card - NVIDIA Video Card GPU for Gaming PC, 256-Bit HDMI/DP Nvlink, Ampere Architecture Computer Graphics Cards (Renewed)",425.72,123.38,2026-10-03,3.8,33,https://www.amazon.com/MSI-GeForce-256-Bit-Architecture-Graphics/dp/B09D7JX24S,0.0,123.38
20261003_050925,2026-10-03T05:27:11.536859+00:00,amazon_usa,GPU,B0F7ZFYM9N,"msi Gaming RTX 5060 8G Ventus 3X OC Graphics Card (8GB GDDR7,128-bit, Extreme Performance: 2550 MHz, DisplayPort x3 2.1a, HDMI 2.1b, NVIDIA Blackwell Architecture)",525.96,152.43,2026-10-03,4.6,33,https://www.amazon.com/Gaming-Graphics-128-bit-Extreme-Performance/dp/B0F7ZFYM9N,0.0,152.43
20261003_050925,2026-10-03T05:27:11.536859+00:00,amazon_usa,GPU,B0F45KGZPY,"msi Gaming RTX 5060 Ti 16G Shadow 2X OC Graphics Card (16GB GDDR7, 128-bit, Extreme Performance: TBA MHz, DisplayPort x 3 2.1a, HDMI 2.1b, NVIDIA Blackwell Architecture)",800.79,232.08,2026-10-03,4.8,47,https://www.amazon.com/Gaming-Graphics-128-bit-Extreme-Performance/dp/B0F45KGZPY,0.0,232.08
20261003_050925,2026-10-03T05:27:16.451918+00:00,amazon_usa,GPU,B0GKFDDKT3,"CyberGeek GeForce RTX 5070 Ti Overclocked Triple Fan Graphics Card, 16GB GDDR7, 1406 AI Tops, DLSS 4, AI Content Creation, LLM Inference, DP 2.1b UHBR20 x3, HDMI 2.1b, with GPU Holder",1520.5,440.66,2026-10-03,0.0,0,https://www.amazon.com/CyberGeek-Overclocked-Graphics-Creation-Inference/dp/B0GKFDDKT3,0.0,440.66
20261003_050925,2026-10-03T05:27:16.451918+00:00,amazon_usa,GPU,B0F99R5SZF,Bundle of ASUS TUF Gaming GeForce RTX ™ 5070 12GB GDDR7 OC Edition Gaming Graphics Card + ASUS TUF Gaming 1000W Gold ATX 3.0 Compatible Fully Modular Power Supply,1119.48,324.44,2026-10-03,5.0,2,https://www.amazon.com/ASUS-GeForce-Graphics-Compatible-Modular/dp/B0F99R5SZF,38.0,362.44
20261003_050925,2026-10-03T05:27:16.451918+00:00,amazon_usa,GPU,B0H33RX3JZ,Yeston Sakura GeForce RTX 5070Ti 16GB GDDR7 GPU Video Gaming Graphics Card,1418.12,410.99,2026-10-03,0.0,0,https://www.amazon.com/Yeston-Sakura-GeForce-5070Ti-Graphics/dp/B0H33RX3JZ,38.0,448.99
20261003_050925,2026-10-03T05:27:16.451918+00:00,amazon_usa,GPU,B0DVH1Y9VN,"ASUS TUF Gaming RTX5070 Ti OC, PCIe5, 16GB DDR7, 2 HDMI, 3 DP, 2610MHz Clock, RGB Lighting, Overclocked",1772.9,513.81,2026-10-03,4.7,240,https://www.amazon.com/ASUS-RTX5070-2610MHz-Lighting-Overclocked/dp/B0DVH1Y9VN,0.0,513.81
20261003_050925,2026-10-03T05:27:16.451918+00:00,amazon_usa,GPU,B0F2YDQ8RP,Gainward GeForce RTX 5070 Python III Graphics Card,1204.05,348.95,2026-10-03,4.8,9,https://www.amazon.com/Gainward-GeForce-Python-GDDR7-NE75070019K9-GB2050T/dp/B0F2YDQ8RP,0.0,348.95
20261003_050925,2026-10-03T05:27:16.451918+00:00,amazon_usa,GPU,B0F4M4KYLG,"msi Gaming RTX 5060 Ti 8G Ventus 2X OC White Graphics Card (8GB GDDR7,128-bit, Extreme Performance: 2617 MHz, DisplayPort x3 2.1a, HDMI 2.1b, NVIDIA Blackwell Architecture)",658.87,190.95,2026-10-03,5.0,5,https://www.amazon.com/msi-RTX-5060-Ti-Performance/dp/B0F4M4KYLG,0.0,190.95
20261003_050925,2026-10-03T05:27:16.451918+00:00,amazon_usa,GPU,B0F2J46135,"Palit RTX 5070 Infinity 3 12 GB GDDR7 12,288 MB",1218.3,353.08,2026-10-03,4.6,52,https://www.amazon.com/Palit-RTX-5070-Infinity-GDDR7/dp/B0F2J46135,38.0,391.08
20261003_050925,2026-10-03T05:27:16.451918+00:00,amazon_usa,GPU,B0F1Y26X4M,INNO3D GeForce RTX 5070 Twin X2 OC 12GB GDDR7 Reflex 2 RTX AI DLSS4,1276.1,369.83,2026-10-03,4.3,14,https://www.amazon.com/Inno3D-GeForce-GDDR7-Reflex-DLSS4/dp/B0F1Y26X4M,38.0,407.83
20261003_050925,2026-10-03T05:27:16.451918+00:00,amazon_usa,GPU,B0F4DVKSZ4,ASUS Dual GeForce RTX 5060 Ti 16GB GDDR7 OC Edition Gaming Graphics Card,1150.5,333.43,2026-10-03,4.7,360,https://www.amazon.com/ASUS-GeForce-GDDR7-Gaming-Graphics/dp/B0F4DVKSZ4,38.0,371.43
20261003_050925,2026-10-03T05:27:31.677424+00:00,amazon_usa,RAM,B0HC887B5X,CORSAIR Vengeance RS DDR5 32GB (2 x 16GB) Up to 6000MHz AMD Intel RAM,476.41,138.07,2026-10-03,4.7,4,https://www.amazon.com/CORSAIR-Vengeance-DDR5-6000MHz-Intel/dp/B0HC887B5X,0.0,138.07
20261003_050925,2026-10-03T05:27:31.677424+00:00,amazon_usa,RAM,B0D4NLSP87,Patriot Viper Venom DDR5 RAM 32GB (2X16GB) 6000MHz CL30 Desktop Memory,496.7,143.95,2026-10-03,4.5,668,https://www.amazon.com/Patriot-2X16GB-6000MT-Desktop-Memory/dp/B0D4NLSP87,0.0,143.95
20261003_050925,2026-10-03T05:27:31.677424+00:00,amazon_usa,RAM,B0BPTKD797,CORSAIR Vengeance RGB DDR5 RAM 32GB (2x16GB) Up to 6000MHz CL30-36-36-76 1.40V AMD EXPO Intel XMP Desktop Computer Memory - Gray (CMH32GX5M2B6000Z30K),557.5,161.57,2026-10-03,4.7,4200,https://www.amazon.com/CORSAIR-VENGEANCE-6000MHz-Compatible-Computer/dp/B0BPTKD797,0.0,161.57
20261003_050925,2026-10-03T05:27:31.677424+00:00,amazon_usa,RAM,B0CBRJ63RT,CORSAIR Vengeance DDR5 32GB (2 x 16GB) Up to 6000MHz AMD Intel RAM,567.64,164.51,2026-10-03,4.8,2500,https://www.amazon.com/CORSAIR-Vengeance-6000MHz-Compatible-Computer/dp/B0CBRJ63RT,0.0,164.51
20261003_050925,2026-10-03T05:27:31.677424+00:00,amazon_usa,RAM,B0HC4JGQJ8,CORSAIR Vengeance RGB RS DDR5 32GB (2 x 16GB) Up to 6000MHz AMD Intel RAM,501.74,145.41,2026-10-03,5.0,1,https://www.amazon.com/CORSAIR-Vengeance-DDR5-6000MHz-Intel/dp/B0HC4JGQJ8,0.0,145.41
20261003_050925,2026-10-03T05:27:31.677424+00:00,amazon_usa,RAM,B0GGJ79NR3,Corsair Vengeance RGB RS DDR5 32GB (2 x 16GB) Up to 6000MHz AMD Intel RAM,512.92,148.65,2026-10-03,4.3,202,https://www.amazon.com/CORSAIR-Vengeance-6000MHz-CL36-44-44-96-Computer/dp/B0GGJ79NR3,0.0,148.65
20261003_050925,2026-10-03T05:27:31.677424+00:00,amazon_usa,RAM,B0BFGB2D2Z,G.SKILL Flare X5 Series DDR5 RAM (AMD EXPO & Intel XMP 3.0) 32GB (2x16GB) Up to 6000MT/s* CL36-36-36-96 1.35V Desktop Computer Memory U-DIMM - Matte Black (F5-6000J3636F16GX2-FX5),505.81,146.59,2026-10-03,4.7,963,https://www.amazon.com/G-Skill-288-Pin-CL36-36-36-96-Channel-F5-6000J3636F16GX2-FX5/dp/B0BFGB2D2Z,0.0,146.59
20261003_050925,2026-10-03T05:27:31.677424+00:00,amazon_usa,RAM,B0GTZSPC71,Lexar OC DDR5 RAM 1x8GB 6000MHz CL38 288-Pin UDIMM Desktop Memory,121.63,35.25,2026-10-03,4.8,18,https://www.amazon.com/Lexar-6000MHz-288-Pin-Desktop-Memory/dp/B0GTZSPC71,0.0,35.25
20261003_050925,2026-10-03T05:27:31.677424+00:00,amazon_usa,RAM,B0GSR1M4ZJ,Lexar Thor Z RGB DDR5 RAM 32GB Kit (2x16GB) 6000MHz CL38 DRAM 288-Pin UDIMM,486.56,141.01,2026-10-03,4.4,117,https://www.amazon.com/Lexar-2x16GB-6000MHz-288-Pin-UDIMM/dp/B0GSR1M4ZJ,0.0,141.01
20261003_050925,2026-10-03T05:27:31.677424+00:00,amazon_usa,RAM,B0BNTRRLYP,TEAMGROUP T-Force Vulcan DDR5 32GB (2x16GB) 6000MHz (PC5-48000) CL38 Desktop Memory Module Ram (Black) for Chipset 600 700 Series XMP 3.0 Ready - FLBD532G6000HC38ADC01,496.7,143.95,2026-10-03,4.6,763,https://www.amazon.com/TEAMGROUP-T-Force-6000MHz-PC5-48000-Desktop/dp/B0BNTRRLYP,0.0,143.95
20261003_050925,2026-10-03T05:27:31.677424+00:00,amazon_usa,RAM,B0DGZJ3RTS,Patriot Viper Elite 5 RGB DDR5 RAM 32GB (2X16GB) 6000MT/s CL30 RGB Memory,501.74,145.41,2026-10-03,3.9,192,https://www.amazon.com/Patriot-Memory-2X16GB-Desktop-Compatible/dp/B0DGZJ3RTS,0.0,145.41
20261003_050925,2026-10-03T05:27:31.677424+00:00,amazon_usa,RAM,B0DPJ9DJ3D,CORSAIR Vengeance RGB DDR5 32GB (2 x 16GB) Up to 6000MHz AMD Intel RAM,648.73,188.01,2026-10-03,4.7,4200,https://www.amazon.com/CORSAIR-Vengeance-6000MHz-CL30-36-36-76-Computer/dp/B0DPJ9DJ3D,0.0,188.01
20261003_050925,2026-10-03T05:27:31.677424+00:00,amazon_usa,RAM,B0C4NKHXK7,TEAMGROUP T-Create Expert CL30 Overclocking 10L DDR5 32GB Kit (2 x 16GB) 6000MHz (PC5-48000) Intel XMP 3.0 & AMD EXPO Compatible Desktop Memory Module Ram White - CTCWD532G6000HC30DC01,547.35,158.63,2026-10-03,4.8,368,https://www.amazon.com/TEAMGROUP-T-Create-Overclocking-6000MHz-PC5-48000/dp/B0C4NKHXK7,0.0,158.63
20261003_050925,2026-10-03T05:27:31.677424+00:00,amazon_usa,RAM,B0CTHXMYL8,"Crucial Pro 32GB DDR5 RAM Kit (2x16GB),CL36 6000MHz, Overclocking Desktop Gaming Memory, Intel XMP 3.0 & AMD Expo Compatible, Black - CP2K16G60C36U5B Global Recycled Standard",577.79,167.45,2026-10-03,4.8,3800,https://www.amazon.com/Crucial-6000MHz-Overclocking-Desktop-Compatible/dp/B0CTHXMYL8,0.0,167.45
20261003_050925,2026-10-03T05:27:31.677424+00:00,amazon_usa,RAM,B0H4LSTG1N,"V-Color Manta XSky DDR5 32GB (2x16GB) 6000MHz CL30 SK Hynix IC RGB Gaming Desktop Memory Module Black, for AMD EXPO TMXSAL1660830KWK",486.56,141.01,2026-10-03,5.0,2,https://www.amazon.com/V-Color-2x16GB-6000MHz-Desktop-TMXSAL1660830KWK/dp/B0H4LSTG1N,0.0,141.01
20261003_050925,2026-10-03T05:27:31.677424+00:00,amazon_usa,RAM,B09LHQL3GF,TEAMGROUP T-Force Delta RGB DDR5 Ram 32GB (2x16GB) 6000MHz PC5-48000 CL38 Intel XMP 3.0 & AMD Expo Compatible Desktop Memory Module Ram Black FF3D532G6000HC38ADC01,506.81,146.88,2026-10-03,4.7,673,https://www.amazon.com/TEAMGROUP-T-Force-6000MHz-PC5-48000-Desktop/dp/B09LHQL3GF,0.0,146.88
20261003_050925,2026-10-03T05:27:31.677424+00:00,amazon_usa,RAM,B0D2JLWLWZ,"Crucial Pro 32GB DDR5 RAM Kit (2x16GB), CL36 6000MHz, Overclocking Desktop Gaming Memory, Intel XMP 3.0 & AMD Expo Compatible, White - CP2K16G60C36U5W Global Recycled Standard",511.88,148.35,2026-10-03,4.8,1000,https://www.amazon.com/Crucial-6000MHz-Overclocking-Desktop-Compatible/dp/B0D2JLWLWZ,0.0,148.35
20261003_050925,2026-10-03T05:27:31.677424+00:00,amazon_usa,RAM,B0B3HGJ4V7,TEAMGROUP T-Force Delta RGB DDR5 Ram 32GB (2x16GB) 6000MHz PC5-48000 CL30 Intel XMP 3.0 & AMD Expo Compatible Desktop Memory Module Ram White FF4D532G6000HC30DC01,608.19,176.26,2026-10-03,4.7,1400,https://www.amazon.com/TEAMGROUP-T-Force-6000MHz-PC5-48000-Desktop/dp/B0B3HGJ4V7,0.0,176.26
20261003_050925,2026-10-03T05:27:31.677424+00:00,amazon_usa,RAM,B0CQQTR1ZV,CORSAIR Vengeance DDR5 RAM 32GB (2x16GB) 6000MHz CL38 Intel XMP iCUE Compatible Computer Memory - Black (CMK32GX5M2B6000C38),469.82,136.16,2026-10-03,4.4,61,https://www.amazon.com/CORSAIR-VENGEANCE-6000MHz-Compatible-Computer/dp/B0CQQTR1ZV,0.0,136.16
20261003_050925,2026-10-03T05:27:31.677424+00:00,amazon_usa,RAM,B0DSVSS2ML,KLEVV Urbane V RGB DDR5 32GB (2x16GB) 6000MHz CL30 SK Hynix A-Die 1.35V Gaming Desktop Ram Memory XMP 3.0 / AMD Expo Ready (KD5AGUA80-60A300M),506.81,146.88,2026-10-03,4.6,39,https://www.amazon.com/KLEVV-Urbane-6000MHz-Desktop-KD5AGUA80-60A300M/dp/B0DSVSS2ML,0.0,146.88
20261003_050925,2026-10-03T05:27:31.677424+00:00,amazon_usa,RAM,B0G5QFNNV3,CORSAIR Vengeance RGB DDR5 32GB (2 x 16GB) Up to 6000MHz AMD Intel RAM,557.46,161.56,2026-10-03,4.3,80,https://www.amazon.com/CORSAIR-Vengeance-6000MHz-CL38-44-44-96-Computer/dp/B0G5QFNNV3,0.0,161.56
20261003_050925,2026-10-03T05:27:31.677424+00:00,amazon_usa,RAM,B09PTGZM6Y,G.SKILL Trident Z5 RGB Series DDR5 RAM (Intel XMP 3.0 & AMD EXPO) 32GB (2x16GB) Up to 6000MT/s* CL36-36-36-96 1.35V Desktop Computer Memory U-DIMM - Matte Black (F5-6000J3636F16GA2-TZ5RK),547.35,158.63,2026-10-03,4.7,1500,https://www.amazon.com/G-Skill-Trident-PC5-48000-CL36-36-36-96-F5-6000J3636F16GA2-TZ5RK/dp/B09PTGZM6Y,0.0,158.63
20261003_050925,2026-10-03T05:27:35.613737+00:00,amazon_usa,RAM,B0DX6P486P,TEAMGROUP T-Force Delta RGB DDR5 Ram 32GB (2x16GB) 6000MHz PC5-48000 CL38 Intel XMP 3.0 & AMD Expo Compatible Desktop Memory Module Ram White FF4D532G6000HC38JDC01,506.81,146.88,2026-10-03,4.6,32,https://www.amazon.com/TEAMGROUP-T-Force-PC5-48000-Compatible-FF4D532G6000HC38JDC01/dp/B0DX6P486P,0.0,146.88
20261003_050925,2026-10-03T05:27:35.613737+00:00,amazon_usa,RAM,B0BNTV8S98,TEAMGROUP T-Force Vulcan DDR5 32GB (2x16GB) 6000MHz (PC5-48000) CL38 Intel XMP 3.0 & AMD Expo Compatible Desktop Memory Module Ram Red FLRD532G6000HC38ADC01,496.7,143.95,2026-10-03,4.6,763,https://www.amazon.com/TEAMGROUP-T-Force-6000MHz-PC5-48000-Desktop/dp/B0BNTV8S98,0.0,143.95
20261003_050925,2026-10-03T05:27:35.613737+00:00,amazon_usa,RAM,B0D8PMPVRW,KLEVV FIT V DDR5 32GB (2x16GB) 6000MHz CL30 SK Hynix A-Die 1.35V Gaming Desktop Ram Memory XMP 3.0 / AMD Expo Ready (KD5AGU880-60A300F),498.7,144.53,2026-10-03,4.6,80,https://www.amazon.com/KLEVV-2x16GB-6000MHz-Desktop-KD5AGU880-60A320F/dp/B0D8PMPVRW,0.0,144.53
20261003_050925,2026-10-03T05:27:35.613737+00:00,amazon_usa,RAM,B0C4G6PN9G,G.SKILL Ripjaws S5 Series DDR5 RAM (Intel XMP 3.0 & AMD EXPO) 32GB (2x16GB) Up to 6000MT/s* CL36-36-36-96 1.35V Desktop Computer Memory U-DIMM - Matte Black (F5-6000J3636F16GX2-RS5K),442.98,128.38,2026-10-03,4.6,46,https://www.amazon.com/G-SKILL-Ripjaws-CL36-36-36-96-Desktop-Computer/dp/B0C4G6PN9G,0.0,128.38
20261003_050925,2026-10-03T05:27:35.613737+00:00,amazon_usa,RAM,B0C1TKSDKR,G.SKILL Flare X5 Series DDR5 RAM (AMD EXPO) 32GB (2x16GB) Up to 6000MT/s* CL30-38-38-96 1.35V Desktop Computer Memory U-DIMM - Matte Black (F5-6000J3038F16GX2-FX5),587.9,170.38,2026-10-03,4.7,801,https://www.amazon.com/G-SKILL-2x16GB-CL30-38-38-96-Desktop-Computer/dp/B0C1TKSDKR,0.0,170.38
20261003_050925,2026-10-03T05:27:35.613737+00:00,amazon_usa,RAM,B0BF8FVLSL,G.SKILL Trident Z5 Neo RGB Series DDR5 RAM (AMD EXPO) 32GB (2x16GB) Up to 6000MT/s* CL30-38-38-96 1.35V Desktop Computer Memory U-DIMM - Matte Black (F5-6000J3038F16GX2-TZ5NR),648.73,188.01,2026-10-03,4.8,1600,https://www.amazon.com/G-Skill-Trident-288-Pin-CL30-38-38-96-F5-6000J3038F16GX2-TZ5NR/dp/B0BF8FVLSL,0.0,188.01
20261003_050925,2026-10-03T05:27:35.613737+00:00,amazon_usa,RAM,B0DX798QSS,TEAMGROUP T-Force Delta RGB DDR5 Ram 32GB (2x16GB) 6000MHz PC5-48000 CL38 Intel XMP 3.0 & AMD Expo Compatible Desktop Memory Module Ram Black FF3D532G6000HC38JDC01,506.81,146.88,2026-10-03,4.6,32,https://www.amazon.com/TEAMGROUP-T-Force-PC5-48000-Compatible-FF3D532G6000HC38JDC01/dp/B0DX798QSS,0.0,146.88
20261003_050925,2026-10-03T05:27:35.613737+00:00,amazon_usa,RAM,B0C4NM8NMC,TEAMGROUP T-Create Expert CL30 Overclocking 10L DDR5 32GB Kit (2 x 16GB) 6000MHz (PC5-48000) Intel XMP 3.0 & AMD EXPO Compatible Desktop Memory Module Ram Black - CTCED532G6000HC30DC01,547.35,158.63,2026-10-03,4.7,804,https://www.amazon.com/TEAMGROUP-T-Create-Overclocking-6000MHz-PC5-48000/dp/B0C4NM8NMC,0.0,158.63
20261003_050925,2026-10-03T05:27:35.613737+00:00,amazon_usa,RAM,B09XZ6VVY9,Patriot Viper Venom RGB DDR5 RAM 32GB (2X16GB) 6000MHz CL36 RGB Memory,476.41,138.07,2026-10-03,4.5,131,https://www.amazon.com/Patriot-6000MHz-Desktop-Gaming-Memory/dp/B09XZ6VVY9,0.0,138.07
20261003_050925,2026-10-03T05:27:35.613737+00:00,amazon_usa,RAM,B0C3RYHZJQ,CORSAIR Vengeance DDR5 RAM 32GB (2x16GB) 6000MHz CL30-36-36-76 1.40V Intel XMP Desktop Computer Memory - Black (CMK32GX5M2B6000C30),584.65,169.44,2026-10-03,4.8,1400,https://www.amazon.com/CORSAIR-Vengeance-6000MHz-Compatible-Computer/dp/B0C3RYHZJQ,0.0,169.44
20261003_050925,2026-10-03T05:27:35.613737+00:00,amazon_usa,RAM,B0H6JB95D4,V-Color Manta XFinity RGB DDR5 32GB (16GBx2) 6000MHz XMP 3.0 & AMD EXPO CL30 1.35V RGB Gaming Desktop Upgrade RAM U-DIMM Memory Module SK Hynix IC - Black (TMXFL1660830KWK),502.77,145.71,2026-10-03,5.0,2,https://www.amazon.com/V-Color-XFinity-6000MHz-Desktop-Upgrade/dp/B0H6JB95D4,0.0,145.71
20261003_050925,2026-10-03T05:27:35.613737+00:00,amazon_usa,RAM,B0BJ181PX7,G.SKILL Ripjaws S5 Series DDR5 RAM (Intel XMP 3.0 & AMD EXPO) 32GB (2x16GB) Up to 6000MT/s* CL36-36-36-96 1.35V Desktop Computer Memory U-DIMM - Matte Black (F5-6000J3636F16GX2-RS5K),505.81,146.59,2026-10-03,4.6,391,https://www.amazon.com/G-Skill-RipJaws-288-Pin-CL36-36-36-96-F5-6000J3636F16GX2-RS5K/dp/B0BJ181PX7,0.0,146.59
20261003_050925,2026-10-03T05:27:35.613737+00:00,amazon_usa,RAM,B0BLTDRRLF,"Crucial 32GB DDR5 RAM Kit (2x16GB), 5600MHz (or 5200MHz or 4800MHz) Laptop Memory 262-Pin SODIMM, Compatible with Intel Core and AMD Ryzen 7000, Black - CT2K16G56C46S5",576.85,167.18,2026-10-03,4.8,2800,https://www.amazon.com/Crucial-5600MHz-5200MHz-4800MHz-CT2K16G56C46S5/dp/B0BLTDRRLF,0.0,167.18
20261003_050925,2026-10-03T05:27:35.613737+00:00,amazon_usa,RAM,B0D95ZYN8N,Silicon Power Value Gaming DDR5 32GB (2x16GB) 6000MT/s (PC5-48000) 288-pin CL30 1.35V UDIMM Desktop RAM Computer Memory SP032GXLWU60AFDJ,595.0,172.44,2026-10-03,4.8,30,https://www.amazon.com/Silicon-Power-PC5-48000-Computer-SP032GXLWU60AFDJ/dp/B0D95ZYN8N,0.0,172.44
20261003_050925,2026-10-03T05:27:35.613737+00:00,amazon_usa,RAM,B0FQMLKVLS,"Crucial Pro DDR5 RAM 32GB Kit (2x16GB), 6400MHz CL32, Overclocking Desktop Gaming Memory, Intel XMP 3.0 & AMD Expo Compatible, Black - CP2K16G64C32U5B",582.86,168.92,2026-10-03,4.6,576,https://www.amazon.com/Crucial-6400MHz-Overclocking-Desktop-Compatible/dp/B0FQMLKVLS,0.0,168.92
20261003_050925,2026-10-03T05:27:35.613737+00:00,amazon_usa,RAM,B0CBBDVTYD,TEAMGROUP T-Force Vulcan DDR5 32GB (2x16GB) 6000MHz (PC5-48000) CL30 Intel XMP 3.0 & AMD Expo Compatible Desktop Memory Ram Black FLBD532G6000HC30DC01,598.04,173.32,2026-10-03,4.7,220,https://www.amazon.com/TEAMGROUP-T-Force-PC5-48000-Compatible-FLBD532G6000HC30DC01/dp/B0CBBDVTYD,0.0,173.32
20261003_050925,2026-10-03T05:27:35.613737+00:00,amazon_usa,RAM,B0GS7MT7JD,PUSKILL 32GB DDR5 RAM (2x16GB) 6000MHz CL30 Desktop Memory | Ultra-Low Latency Gaming PC Upgrade | Intel XMP 3.0 & AMD EXPO Ready for 700/600 & Ryzen 7000 (AM5),486.56,141.01,2026-10-03,4.4,32,https://www.amazon.com/PUSKILL-6000MHz-Desktop-Ultra-Low-Latency/dp/B0GS7MT7JD,0.0,141.01
20261003_050925,2026-10-03T05:27:35.613737+00:00,amazon_usa,RAM,B0BPHRGLSH,TEAMGROUP T-Create Expert Overclocking 10L DDR5 32GB Kit (2 x 16GB) 6000MHz (PC5-48000) CL38 Intel XMP 3.0 & AMD EXPO Compatible Desktop Memory Module Ram - CTCED532G6000HC38ADC01,525.41,152.27,2026-10-03,4.6,122,https://www.amazon.com/TEAMGROUP-T-Create-Overclocking-6000MHz-PC5-48000/dp/B0BPHRGLSH,0.0,152.27
20261003_050925,2026-10-03T05:27:35.613737+00:00,amazon_usa,RAM,B0GGJ9YH2D,Corsair Vengeance RGB RS DDR5 64GB (2 x 32GB) Up to 6000MHz AMD Intel RAM,1054.2,305.52,2026-10-03,4.1,41,https://www.amazon.com/CORSAIR-Vengeance-6000MHz-CL40-50-50-96-Computer/dp/B0GGJ9YH2D,0.0,305.52
20261003_050925,2026-10-03T05:27:35.613737+00:00,amazon_usa,RAM,B0CRT28P29,"Acer Predator Pallas II DDR5 RAM 32GB (16GBx2) 6000MHz CL30 PC5-48000 Intel XMP 3.0 AMD EXPO Compatible Computer Memory, Black - BL.9BWWR.433",537.24,155.7,2026-10-03,4.6,55,https://www.amazon.com/Predator-6000MHz-PC5-48000-Compatible-Computer/dp/B0CRT28P29,0.0,155.7
20261003_050925,2026-10-03T05:27:35.613737+00:00,amazon_usa,RAM,B0D5XFTFG7,"Acer Predator Vesta II RGB DDR5 RAM 32GB (16GBx2) 6000MHz CL32 PC5-48000, Intel XMP 3.0 AMD EXPO Compatible Computer Memory, Black BL.9BWWR.378",537.24,155.7,2026-10-03,5.0,56,https://www.amazon.com/Predator-6000MHz-PC5-48000-Compatible-Computer/dp/B0D5XFTFG7,0.0,155.7
20261003_050925,2026-10-03T05:27:35.613737+00:00,amazon_usa,RAM,B0HDR6DWJB,"ITEMPOWERS 32GB (2x16GB) DDR5 6000MHz RGB Gaming Desktop RAM, 288-Pin UDIMM, CL38, 1.35V, White",434.87,126.03,2026-10-03,0.0,0,https://www.amazon.com/ITEMPOWERS-2x16GB-6000MHz-Desktop-288-Pin/dp/B0HDR6DWJB,0.0,126.03
20261003_050925,2026-10-03T05:27:35.613737+00:00,amazon_usa,RAM,B0DY7BW9GT,TEAMGROUP T-Force Delta Alpha RGB DDR5 Ram 32GB Kit (2x16GB) 6000MHz (PC5-48000) CL38 Intel XMP 3.0 & AMD Expo Compatible Desktop Memory Module Ram Black FF7D532G6000HC38JDC01,506.33,146.74,2026-10-03,4.8,8,https://www.amazon.com/TEAMGROUP-T-Force-PC5-48000-Compatible-FF7D532G6000HC38JDC01/dp/B0DY7BW9GT,0.0,146.74
20261003_050925,2026-10-03T05:27:35.613737+00:00,amazon_usa,RAM,B09XY6KX8P,Patriot Viper Venom DDR5 RAM 32GB (2X16GB) 6000MHz CL36 Desktop Memory,516.85,149.79,2026-10-03,4.4,335,https://www.amazon.com/Patriot-Viper-Venom-6000MHz-Memory/dp/B09XY6KX8P,0.0,149.79
20261003_050925,2026-10-03T05:27:39.820624+00:00,amazon_usa,RAM,B0DXQ1346X,TEAMGROUP T-Force Vulcan DDR5 32GB (2x16GB) 6000MHz (PC5-48000) CL38 Intel XMP 3.0 & AMD Expo Compatible Desktop Memory Module Ram Red FLRD532G6000HC38JDC01,496.7,143.95,2026-10-03,4.0,21,https://www.amazon.com/TEAMGROUP-T-Force-PC5-48000-Compatible-FLRD532G6000HC38JDC01/dp/B0DXQ1346X,0.0,143.95
20261003_050925,2026-10-03T05:27:39.820624+00:00,amazon_usa,RAM,B0DXV9Q6RS,TEAMGROUP T-Force Vulcan Alpha DDR5 Ram 32GB Kit (2x16GB) 6000MHz (PC5-48000) CL38 Desktop Memory Module Ram AMD Optimized Memory Black FLABD532G6000HC38JDC01,496.18,143.8,2026-10-03,3.4,3,https://www.amazon.com/TEAMGROUP-T-Force-PC5-48000-Optimized-FLABD532G6000HC38JDC01/dp/B0DXV9Q6RS,0.0,143.8
20261003_050925,2026-10-03T05:27:39.820624+00:00,amazon_usa,RAM,B0BLTDTD86,"Crucial 32GB DDR5 RAM, 5600MHz (or 5200MHz or 4800MHz) Laptop Memory, SODIMM 262-Pin, Compatible with 13th Gen Intel Core and AMD Ryzen 6000 - CT32G56C46S5",527.1,152.76,2026-10-03,4.8,694,https://www.amazon.com/Crucial-5600MHz-5200MHz-4800MHz-CT32G56C46S5/dp/B0BLTDTD86,0.0,152.76
20261003_050925,2026-10-03T05:27:39.820624+00:00,amazon_usa,RAM,B0FYPDDK1W,Silicon Power DDR5 32GB (2x16GB) Storm RGB 6000MT/s (PC5-48000) 288-pin CL36 1.35V UDIMM Desktop Memory Module RAM SU032GXLWU60FFDKAB Gray,506.81,146.88,2026-10-03,0.0,0,https://www.amazon.com/Silicon-Power-PC5-48000-288-pin-SU032GXLWU60FFDKAB/dp/B0FYPDDK1W,0.0,146.88
20261003_050925,2026-10-03T05:27:39.820624+00:00,amazon_usa,RAM,B0GXFJ2NB9,Silicon Power DDR5 32GB (2x16GB) Zenith RGB 6000MT/s (PC5-48000) 288-pin CL36 1.35V UDIMM Desktop Memory Module RAM SP032GXLWU60FFDFAI Black,557.5,161.57,2026-10-03,0.0,0,https://www.amazon.com/Silicon-Power-PC5-48000-288-pin-SP032GXLWU60FFDFAI/dp/B0GXFJ2NB9,0.0,161.57
20261003_050925,2026-10-03T05:27:39.820624+00:00,amazon_usa,RAM,B0DD2LKVMD,G.SKILL Trident Z5 Royal Neo Series DDR5 RAM (AMD EXPO) 32GB (2x16GB) Up to 6000MT/s* CL28-36-36-96 1.40V Desktop Computer Memory U-DIMM - Silver (F5-6000J2836G16GX2-TR5NS),810.9,235.01,2026-10-03,4.7,396,https://www.amazon.com/G-SKILL-Trident-CL28-36-36-96-Desktop-Computer/dp/B0DD2LKVMD,0.0,235.01
20261003_050925,2026-10-03T05:27:39.820624+00:00,amazon_usa,RAM,B0D33THVDL,CORSAIR Vengeance SODIMM DDR5 RAM 32GB (1x32GB) Up to 5600MHz CL48 Intel XMP 3.0 Desktop Computer Memory - Black (CMSX32GX5M1A5600C48),466.27,135.13,2026-10-03,4.5,69,https://www.amazon.com/CORSAIR-Vengeance-5600MHz-Compatible-Computer/dp/B0D33THVDL,0.0,135.13
20261003_050925,2026-10-03T05:27:39.820624+00:00,amazon_usa,RAM,B0C3HS9JVQ,Kingston FURY Impact 32GB (2x16GB) 6000MT/s CL38 DDR5 SODIMM | Intel XMP 3.0 | Plug N Play | Laptop Memory | Kit of 2 | KF560S38IBK2-32,638.58,185.07,2026-10-03,4.4,50,https://www.amazon.com/Kingston-Technology-Impact-2x16GB-KF560S38IBK2-32/dp/B0C3HS9JVQ,0.0,185.07
20261003_050925,2026-10-03T05:27:39.820624+00:00,amazon_usa,RAM,B0H6JLHZJX,V-Color Manta XFinity RGB DDR5 32GB (16GBx2) 6000MHz XMP 3.0 & AMD EXPO CL30 1.35V RGB Gaming Desktop Upgrade RAM U-DIMM Memory Module SK Hynix IC - White (TMXFL1660830WWK),502.77,145.71,2026-10-03,4.4,4,https://www.amazon.com/V-Color-XFinity-6000MHz-Desktop-Upgrade/dp/B0H6JLHZJX,0.0,145.71
20261003_050925,2026-10-03T05:27:39.820624+00:00,amazon_usa,RAM,B0CT9BMGLF,"Crucial Pro 32GB DDR5 RAM Kit (2x16GB), 6000MHz (or 5600MHz or 5200MHz or 4800MHz) Desktop Memory UDIMM 288-pin, Compatible with 13th Gen Intel Core and AMD Ryzen 7000 - CP2K16G60C48U5",618.33,179.2,2026-10-03,4.7,539,https://www.amazon.com/Crucial-6000MHz-5600MHz-5200MHz-CP2K16G60C48U5/dp/B0CT9BMGLF,0.0,179.2
20261003_050925,2026-10-03T05:27:39.820624+00:00,amazon_usa,RAM,B0FDPNJJWJ,KLEVV CRAS V RGB DDR5 32GB (2x16GB) 6000MHz CL28 SK Hynix A-Die 1.35V Gaming Desktop Ram Memory XMP 3.0 / AMD Expo Ready - White (KD5AGUA80-60B280J),562.57,163.04,2026-10-03,4.7,56,https://www.amazon.com/KLEVV-2x16GB-6000MHz-Gaming-Desktop/dp/B0FDPNJJWJ,0.0,163.04
20261003_050925,2026-10-03T05:27:39.820624+00:00,amazon_usa,RAM,B0CN92HXZL,TEAMGROUP Elite SODIMM DDR5 32GB (2x16GB) 5600Mhz (PC5-44800) CL46 Non-ECC Unbuffered 1.1V 262 Pin Laptop Memory Module Ram - TED532G5600C46ADC-S01,476.41,138.07,2026-10-03,4.6,269,https://www.amazon.com/TEAMGROUP-5600Mhz-PC5-44800-Non-ECC-Unbuffered/dp/B0CN92HXZL,0.0,138.07
20261003_050925,2026-10-03T05:27:39.820624+00:00,amazon_usa,RAM,B0H6NH4RP8,G.SKILL Trident Z5 NeoX RGB Series DDR5 RAM (AMD EXPO ULL & EXPO) 32GB (2x16GB) Up to 6000MT/s* CL36-36-36-76 1.35V Desktop Computer Memory U-DIMM - Matte White (F5-6000A3636F16GX2-TZ5NXRW),537.24,155.7,2026-10-03,5.0,4,https://www.amazon.com/G-SKILL-Trident-CL36-36-36-76-Desktop-Computer/dp/B0H6NH4RP8,0.0,155.7
20261003_050925,2026-10-03T05:27:39.820624+00:00,amazon_usa,RAM,B0FH173B3C,KLEVV Bolt V DDR5 32GB (2x16GB) 6000MHz CL28 SK Hynix A-Die 1.35V Gaming Desktop Ram Memory XMP 3.0 / AMD Expo Ready - White (KD5AGUA80-60B280I),540.28,156.58,2026-10-03,4.9,26,https://www.amazon.com/KLEVV-2x16GB-6000MHz-Gaming-Desktop/dp/B0FH173B3C,0.0,156.58
20261003_050925,2026-10-03T05:27:39.820624+00:00,amazon_usa,RAM,B0H9589GCS,PNY DDR5 32GB (2x16GB) 5600MHz CL46 Low Profile Desktop Memory Kit,496.7,143.95,2026-10-03,5.0,2,https://www.amazon.com/PNY-2x16GB-5600MHz-Profile-Desktop/dp/B0H9589GCS,0.0,143.95
20261003_050925,2026-10-03T05:27:39.820624+00:00,amazon_usa,RAM,B0FV3JQB3H,Corsair Vengeance DDR5 32GB (2 x 16GB) Up to 6000MHz AMD Intel RAM,575.75,166.86,2026-10-03,4.6,26,https://www.amazon.com/Corsair-Vengeance-2x16GB-6000MHz-Desktop/dp/B0FV3JQB3H,0.0,166.86
20261003_050925,2026-10-03T05:27:39.820624+00:00,amazon_usa,RAM,B0BJNTLJ5X,G.SKILL Trident Z5 Neo RGB Series DDR5 RAM (AMD EXPO) 64GB (2x32GB) Up to 6000MT/s* CL30-40-40-96 1.40V Desktop Computer Memory U-DIMM - Matte Black (F5-6000J3040G32GX2-TZ5NR),1135.28,329.02,2026-10-03,4.7,994,https://www.amazon.com/G-Skill-Trident-288-Pin-CL30-40-40-96-F5-6000J3040G32GX2-TZ5NR/dp/B0BJNTLJ5X,0.0,329.02
20261003_050925,2026-10-03T05:27:39.820624+00:00,amazon_usa,RAM,B0BRTHYGZF,Kingston FURY Beast 64GB (2x32GB) 6000MT/s DDR5 CL36 Desktop Memory | AMD EXPO | Kit of 2 | KF560C36BBEK2-64,1196.12,346.65,2026-10-03,4.8,100,https://www.amazon.com/Kingston-2x32GB-6000MT-Overclocking-KF560C36BWEK2-64/dp/B0BRTHYGZF,0.0,346.65
20261003_050925,2026-10-03T05:27:39.820624+00:00,amazon_usa,RAM,B0BN4PPQ16,G.Skill Flare X5 Series DDR5 RAM (AMD EXPO & Intel XMP 3.0) 32GB (2x16GB) Up to 6000MT/s* CL36-36-36-96 1.35V Desktop Computer Memory U-DIMM - Matte Black (F5-6000J3636F16GX2-FX5),479.45,138.95,2026-10-03,4.5,73,https://www.amazon.com/G-Skill-2x16GB-CL36-36-36-96-Desktop-Computer/dp/B0BN4PPQ16,0.0,138.95
20261003_050925,2026-10-03T05:27:39.820624+00:00,amazon_usa,RAM,B0HBRXXRJ2,"KlNGSTON FURY BEAST RGB 32GB (2 x 16GB), DDR5 6000 MT/s, CL40, UDIMM Ram",506.81,146.88,2026-10-03,0.0,0,https://www.amazon.com/KlNGSTON-FURY-BEAST-32GB-UDIMM/dp/B0HBRXXRJ2,0.0,146.88
20261003_050925,2026-10-03T05:27:39.820624+00:00,amazon_usa,RAM,B0H73BGRQY,Patriot Viper Venom DDR5 RAM 32GB (2x16GB) 6000MT/s Desktop Memory,476.41,138.07,2026-10-03,0.0,0,https://www.amazon.com/Patriot-2x16GB-6000MT-Desktop-Memory/dp/B0H73BGRQY,0.0,138.07
20261003_050925,2026-10-03T05:27:44.159022+00:00,amazon_usa,RAM,B0CCK6P1HR,XPG Lancer Blade RBG DDR5 6000MHz CL30 32GB (2x16GB) PC5-48000 RAM 288-Pins UDIMM Desktop Memory Kit Black Heatsink(AX5U6000C3016G-DTLABRBK),810.94,235.02,2026-10-03,4.8,106,https://www.amazon.com/6000MHz-PC5-48000-288-Pins-Desktop-Heatsink-AX5U6000C3016G-DTLABRBK/dp/B0CCK6P1HR,0.0,235.02
20261003_050925,2026-10-03T05:27:44.159022+00:00,amazon_usa,RAM,B09R4Z8G98,G.SKILL Trident Z5 RGB Series DDR5 RAM (Intel XMP 3.0 & AMD EXPO) 32GB (2x16GB) Up to 6000MT/s* CL36-36-36-96 1.35V Desktop Computer Memory U-DIMM - Metallic Silver (F5-6000J3636F16GX2-TZ5RS),506.81,146.88,2026-10-03,4.5,29,https://www.amazon.com/G-SKILL-Trident-288-Pin-Desktop-F5-6000J3636F16GX2-TZ5RS/dp/B09R4Z8G98,0.0,146.88
20261003_050925,2026-10-03T05:27:44.159022+00:00,amazon_usa,RAM,B0HCCQDQFC,CORSAIR Vengeance RGB DDR5 16GB (1x16GB) up to 6000MHz AMD Intel RAM,272.66,79.02,2026-10-03,0.0,0,https://www.amazon.com/CORSAIR-Vengeance-1x16GB-6000MHz-Intel/dp/B0HCCQDQFC,0.0,79.02
20261003_050925,2026-10-03T05:27:44.159022+00:00,amazon_usa,RAM,B0CQ32BF2D,A-Tech 32GB Kit (2x16GB) DDR5 5600MHz PC5-44800 CL46 UDIMM 1.1V Non-ECC Unbuffered DIMM 288-Pin Desktop PC/Computer RAM Memory Upgrade Modules,528.96,153.3,2026-10-03,5.0,2,https://www.amazon.com/Tech-5600MHz-PC5-44800-Non-ECC-Unbuffered/dp/B0CQ32BF2D,0.0,153.3
20261003_050925,2026-10-03T05:27:44.159022+00:00,amazon_usa,RAM,B0F8QCN2SZ,TEAMGROUP T-Force Delta RGB DDR5 Ram 32GB (2x16GB) 6000MHz PC5-48000 CL28 Intel XMP 3.0 AMD Expo Compatible Desktop Memory White FF4D532G6000HC28ADC01,679.13,196.82,2026-10-03,5.0,1,https://www.amazon.com/TEAMGROUP-T-Force-PC5-48000-Compatible-FF4D532G6000HC28ADC01/dp/B0F8QCN2SZ,0.0,196.82
20261003_050925,2026-10-03T05:27:44.159022+00:00,amazon_usa,RAM,B0B1718KB1,A-Tech 32GB DDR5 4800MHz PC5-38400 CL40 SODIMM 2Rx8 Dual Rank 1.1V Non-ECC Unbuffered SO-DIMM 262-Pin Laptop Computer RAM Memory Upgrade Module,486.56,141.01,2026-10-03,4.6,16,https://www.amazon.com/Tech-SODIMM-PC5-38400-262-Pin-Laptop/dp/B0B1718KB1,0.0,141.01
20261003_050925,2026-10-03T05:27:44.159022+00:00,amazon_usa,RAM,B0CYHC58P6,Kingston FURY Beast 32GB (2x16GB) 6000MT/s DDR5 CL30 Desktop Memory | AMD EXPO | Kit of 2 | KF560C30BBEK2-32,598.04,173.32,2026-10-03,4.8,319,https://www.amazon.com/Kingston-2x16GB-6000MT-Desktop-KF560C30BBEK2-32/dp/B0CYHC58P6,0.0,173.32
20261003_050925,2026-10-03T05:27:44.159022+00:00,amazon_usa,RAM,B0G344CRXS,Timetec Premium 32GB KIT(2x16GB) DDR5 5600MHz PC5-44800 Unbuffered Non-ECC 1.1V CL46 1Rx8 Single Rank 262 Pin SODIMM Laptop Memory RAM Upgrade,466.27,135.13,2026-10-03,5.0,5,https://www.amazon.com/Timetec-Premium-5600MHz-PC5-44800-Unbuffered/dp/B0G344CRXS,0.0,135.13
20261003_050925,2026-10-03T05:27:44.159022+00:00,amazon_usa,RAM,B0FNRJV6FS,Corsair Vengeance DDR5 RAM 64GB (2x32GB) 6000MHz CL40-50-50-96 1.35V Intel XMP 3.0 Computer Memory – Black (CMK64GX5M2D6000C40),1120.93,324.86,2026-10-03,3.7,12,https://www.amazon.com/Corsair-Vengeance-6000MHz-CL40-50-50-96-Computer/dp/B0FNRJV6FS,8.0,332.86
20261003_050925,2026-10-03T05:27:44.159022+00:00,amazon_usa,RAM,B0F6YG9ZL3,TEAMGROUP T-Create Expert Overclocking 10L CL28 DDR5 32GB Kit (2 x 16GB) 6000MHz (PC5-48000) Intel XMP 3.0 & AMD Expo Compatible Desktop Memory Module Ram White - CTCWD532G6000HC28ADC01,557.5,161.57,2026-10-03,5.0,3,https://www.amazon.com/TEAMGROUP-T-Create-Overclocking-PC5-48000-Compatible/dp/B0F6YG9ZL3,0.0,161.57
20261003_050925,2026-10-03T05:27:44.159022+00:00,amazon_usa,RAM,B0DM5JKSS3,"Lexar ARES Gen2 RGB DDR5 RAM 32GB Kit (2x16GB) 6000MHz CL28, 288-Pin UDIMM Desktop Memory, PC Gaming Computer Memory for Intel XMP 3.0/DRAM Empowered by SK hynix/CL28-36-36-68/1.4V(LD5U16G60C28BR-RGD)",658.87,190.95,2026-10-03,4.4,32,https://www.amazon.com/Lexar-Computer-Empowered-CL28-36-36-68-LD5U16G60C28BR-RGD/dp/B0DM5JKSS3,0.0,190.95
20261003_050925,2026-10-03T05:27:44.159022+00:00,amazon_usa,RAM,B0G434CJTY,Silicon Power DDR5 32GB (2x16GB) Zenith 6000MT/s (PC5-48000) 288-pin CL36 1.35V UDIMM Desktop Memory Module RAM SU032GXLWU60FFDEEC Black,456.12,132.19,2026-10-03,5.0,2,https://www.amazon.com/Silicon-Power-PC5-48000-288-pin-SU032GXLWU60FFDEEC/dp/B0G434CJTY,0.0,132.19
20261003_050925,2026-10-03T05:27:44.159022+00:00,amazon_usa,RAM,B0FV3JVZTJ,CORSAIR Vengeance RGB DDR5 64GB (2 x 32GB) Up to 6000MHz AMD Intel RAM,1224.62,354.91,2026-10-03,3.9,5,https://www.amazon.com/CORSAIR-Vengeance-2x32GB-6000MHz-Desktop/dp/B0FV3JVZTJ,8.0,362.91
20261003_050925,2026-10-03T05:27:44.159022+00:00,amazon_usa,RAM,B0C4Y3DCL4,CORSAIR Vengeance RGB DDR5 32GB (2 x 16GB) Up to 6400MHz Intel RAM,569.68,165.1,2026-10-03,4.6,553,https://www.amazon.com/CORSAIR-VENGEANCE-6400MHz-Compatible-Computer/dp/B0C4Y3DCL4,0.0,165.1
20261003_050925,2026-10-03T05:27:44.159022+00:00,amazon_usa,RAM,B0D5QPYDQ7,【RGB DDR5 RAM】 GIGASTONE Game Turbo 32GB Kit (2x16GB) DDR5 6000MHz PC5-48000 CL40-40-40-76 Intel XMP 3.0 AMD Expo 1.3V UDIMM 288 Pin Unbuffered Non ECC High Performance Gaming Desktop Memory - Black,505.81,146.59,2026-10-03,0.0,0,https://www.amazon.com/GIGASTONE-PC5-48000-CL40-40-40-76-Unbuffered-Performance/dp/B0D5QPYDQ7,0.0,146.59
20261003_050925,2026-10-03T05:27:44.159022+00:00,amazon_usa,RAM,B09QS2K59B,G.SKILL Trident Z5 RGB Series DDR5 RAM (Intel XMP 3.0) 32GB (2x16GB) Up to 6400MT/s* CL32-39-39-102 1.40V Desktop Computer Memory U-DIMM - Matte Black (F5-6400J3239G16GA2-TZ5RK),598.04,173.32,2026-10-03,4.7,1000,https://www.amazon.com/G-Skill-Trident-PC5-51200-CL32-39-39-102-F5-6400J3239G16GA2-TZ5RK/dp/B09QS2K59B,0.0,173.32
20261003_050925,2026-10-03T05:27:44.159022+00:00,amazon_usa,RAM,B0BJP3MRW1,G.SKILL Trident Z5 Neo Series DDR5 RAM (AMD EXPO) 64GB (2x32GB) Up to 6000MT/s* CL30-40-40-96 1.40V Desktop Computer Memory U-DIMM - Matte Black (F5-6000J3040G32GX2-TZ5N),1196.12,346.65,2026-10-03,4.6,340,https://www.amazon.com/G-Skill-Trident-288-Pin-CL30-40-40-96-F5-6000J3040G32GX2-TZ5N/dp/B0BJP3MRW1,0.0,346.65
20261003_050925,2026-10-03T05:27:44.159022+00:00,amazon_usa,RAM,B0HJ5VRF7D,CORSAIR Vengeance RGB RS DDR5 16GB (1 x 16GB) Up to 6000MHz AMD Intel RAM,314.24,91.07,2026-10-03,0.0,0,https://www.amazon.com/CORSAIR-Vengeance-DDR5-6000MHz-Intel/dp/B0HJ5VRF7D,0.0,91.07
20261003_050925,2026-10-03T05:27:44.159022+00:00,amazon_usa,RAM,B0DDMKC2P6,ADATA RAM Lancer Blade DDR5 16GB 6000 Black RGB AX5U6000C4816G-SLABRBK 11M Warranty,375.03,108.69,2026-10-03,4.8,43,https://www.amazon.com/ADATA-Lancer-Blade-AX5U6000C4816G-SLABRBK-Warranty/dp/B0DDMKC2P6,0.0,108.69
20261003_050925,2026-10-03T05:27:44.159022+00:00,amazon_usa,RAM,B0DN4LY1MQ,G.SKILL Flare X5 Series DDR5 RAM (AMD EXPO & Intel XMP 3.0) 64GB (2x32GB) Up to 6000MT/s* CL36-36-36-96 1.35V Desktop Computer Memory U-DIMM - Matte Black (F5-6000J3636F32GX2-FX5),1013.65,293.77,2026-10-03,4.6,137,https://www.amazon.com/G-SKILL-6000MT-CL36-36-36-96-Desktop-Computer/dp/B0DN4LY1MQ,0.0,293.77
20261003_050925,2026-10-03T05:27:44.159022+00:00,amazon_usa,RAM,B09NCPTVX5,CORSAIR VENGEANCE DDR5 RAM 32GB (2x16GB) 5200MHz CL40-40-40-77 1.25V Intel XMP Desktop Computer Memory - Black (CMK32GX5M2B5200C40),413.58,119.86,2026-10-03,4.7,1500,https://www.amazon.com/CORSAIR-VENGEANCE-5200MHz-Compatible-Computer/dp/B09NCPTVX5,0.0,119.86
20261003_050925,2026-10-03T05:27:48.904040+00:00,amazon_usa,RAM,B0G7Z86DFL,"Team Group T-Force Delta RGB DDR5 RAM, 6000MHz, 32GB (2x16GB), CL30, Desktop Memory with RGB Lighting, PMIC Cooling, One-Click Overclocking (Black)",664.22,192.5,2026-10-03,4.1,7,https://www.amazon.com/T-Force-6000MHz-Lighting-One-Click-Overclocking/dp/B0G7Z86DFL,0.0,192.5
20261003_050925,2026-10-03T05:27:48.904040+00:00,amazon_usa,RAM,B0GXF7NSD2,"V-Color Manta XSky DDR5 32GB (2x16GB) 6400MHz CL32 1.4V SK Hynix IC RGB Gaming Desktop Upgrade Memory Module Black, for AMD EXPO TMXSAL1664832KWK",516.95,149.82,2026-10-03,3.0,1,https://www.amazon.com/V-Color-6400MHz-Desktop-Upgrade-TMXSAL1664832KWK/dp/B0GXF7NSD2,0.0,149.82
20261003_050925,2026-10-03T05:27:48.904040+00:00,amazon_usa,RAM,B0DT8FQVXJ,"AGI UD858 TURBOJET RGB DDR5 6000MHz 32GB(2x16GB) CL30-40-40-96 1.35V, Intel XMP 3.0 and AMD EXPO Desktop Computer Memory - AGI6APC16UD858",648.73,188.01,2026-10-03,4.8,6,https://www.amazon.com/AGI-TURBOJET-6000MHz-288-Pin-Compatible/dp/B0DT8FQVXJ,0.0,188.01
20261003_050925,2026-10-03T05:27:48.904040+00:00,amazon_usa,RAM,B0GKQSR38M,G.SKILL Flare X5 Series DDR5 RAM (AMD Expo) 32GB (1x32GB) Up to 6000MT/s* CL38-48-48-96 1.25V Desktop Computer Memory U-DIMM - Matte Black (F5-6000J3848D32GX1-FX5),501.74,145.41,2026-10-03,0.0,0,https://www.amazon.com/G-SKILL-1x32GB-CL38-48-48-96-Desktop-Computer/dp/B0GKQSR38M,0.0,145.41
20261003_050925,2026-10-03T05:27:48.904040+00:00,amazon_usa,RAM,B0DV9PLPBL,GSKILL F5-6000J2836G16GX2-TR5NS 32GB DDR5 6000MHz CL36 EAN Brand 4713294236753,779.43,225.89,2026-10-03,4.4,20,https://www.amazon.com/GSKILL-F5-6000J2836G16GX2-TR5NS-6000MHz-Brand-4713294236753/dp/B0DV9PLPBL,0.0,225.89
20261003_050925,2026-10-03T05:27:48.904040+00:00,amazon_usa,RAM,B0BNLNB682,G.SKILL Ripjaws S5 Series DDR5 RAM (Intel XMP 3.0) 32GB (2x16GB) Up to 6000MT/s* CL30-40-40-96 1.35V Desktop Computer Memory U-DIMM - Matte Black (F5-6000J3040F16GX2-RS5K),577.79,167.45,2026-10-03,4.8,66,https://www.amazon.com/G-Skill-Ripjaws-6000MHz-Channel-Black/dp/B0BNLNB682,0.0,167.45
20261003_050925,2026-10-03T05:27:48.904040+00:00,amazon_usa,RAM,B0D5GJJBHC,G.SKILL Trident Z5 Royal Series DDR5 RAM (Intel XMP 3.0) 32GB (2x16GB) Up to 6400MT/s* CL32-39-39-102 1.40V Desktop Computer Memory U-DIMM - Silver (F5-6400J3239G16GX2-TR5S),694.34,201.23,2026-10-03,4.4,58,https://www.amazon.com/G-SKILL-Trident-CL32-39-39-102-Desktop-Computer/dp/B0D5GJJBHC,0.0,201.23
20261003_050925,2026-10-03T05:27:48.904040+00:00,amazon_usa,RAM,B0D2M3D13Q,"Samsung 32GB DDR5 4800MHz PC5-38400 CL40 SODIMM 2Rx8 Dual Rank 1.1V 262-Pin Laptop RAM Memory M425R4GA3BB0-CQK, 1 Module",491.63,142.48,2026-10-03,4.8,21,https://www.amazon.com/Samsung-4800MHz-PC5-38400-262-Pin-M425R4GA3BB0-CQK/dp/B0D2M3D13Q,0.0,142.48
20261003_050925,2026-10-03T05:27:48.904040+00:00,amazon_usa,RAM,B0GKQDWCJN,G.SKILL Trident Z5 Neo RGB Series DDR5 RAM (AMD EXPO) 32GB (1x32GB) Up to 6000MT/s* CL38-48-48-96 1.25V Desktop Computer Memory U-DIMM - Matte Black (F5-6000J3848D32GX1-TZ5NR),491.63,142.48,2026-10-03,0.0,0,https://www.amazon.com/G-SKILL-Trident-CL38-48-48-96-Desktop-Computer/dp/B0GKQDWCJN,0.0,142.48
20261003_050925,2026-10-03T05:27:48.904040+00:00,amazon_usa,RAM,B0CGR4NNPC,"Lexar 32GB (2x16GB) THOR OC DDR5 RAM 6000MT/s CL32 1.35V Desktop Memory with Heatsink, AMD Expo and Intel XMP 3.0, Black (LD5U16G60C32LG-RUD)",556.5,161.28,2026-10-03,4.6,208,https://www.amazon.com/Lexar-2x16GB-Desktop-Heatsink-LD5U16G60C32LG-RUD/dp/B0CGR4NNPC,0.0,161.28
20261003_050925,2026-10-03T05:27:48.904040+00:00,amazon_usa,RAM,B0H4RF9F6X,"Silicon Power DDR5 16GB (2x8GB) Storm RGB 6000MT/s (PC5-48000) 288-pin CL36 1.35V UDIMM Desktop Memory Module RAM, [AMD EXPO Exclusive] SP016GXLWU60FBDKAI Gray",279.73,81.07,2026-10-03,5.0,1,https://www.amazon.com/Silicon-Power-PC5-48000-Exclusive-SP016GXLWU60FBDKAI/dp/B0H4RF9F6X,0.0,81.07
20261003_050925,2026-10-03T05:27:48.904040+00:00,amazon_usa,RAM,B0F8SP6TQ2,XPG Lancer Blade RBG DDR5 6000MHz CL36 32GB (2x16GB) PC5-48000 RAM 288-Pins UDIMM Desktop Memory Kit Black Heatsink,669.02,193.89,2026-10-03,4.5,13,https://www.amazon.com/XPG-6000MHz-PC5-48000-288-Pins-Heatsink/dp/B0F8SP6TQ2,0.0,193.89
20261003_050925,2026-10-03T05:27:48.904040+00:00,amazon_usa,RAM,B0C4G6XQQL,G.SKILL Trident Z5 Neo RGB Series DDR5 RAM (AMD Expo & Intel XMP 3.0) 32GB (2x16GB) Up to 6000MT/s* CL30-38-38-96 1.35V Desktop Computer Memory U-DIMM - Matte Black (F5-6000J3038F16GX2-TZ5NR),608.19,176.26,2026-10-03,4.8,87,https://www.amazon.com/G-Skill-Trident-6000MHz-1-35V-Channel/dp/B0C4G6XQQL,0.0,176.26
20261003_050925,2026-10-03T05:27:59.086063+00:00,amazon_usa,RAM,B0C1RGLVZ8,CORSAIR VENGEANCE RGB DDR5 RAM 64GB (2x32GB) 6400MHz CL32-40-40-84 1.40V Intel XMP Desktop Computer Memory - Black (CMH64GX5M2B6400C32),1277.2,370.15,2026-10-03,4.7,817,https://www.amazon.com/CORSAIR-VENGEANCE-6400MHz-Compatible-Computer/dp/B0C1RGLVZ8,0.0,370.15
20261003_050925,2026-10-03T05:27:59.086063+00:00,amazon_usa,RAM,B0DSR14511,"Crucial Pro DDR5 RAM 64GB Kit (2x32GB) 6400MHz CL40, Overclocking Desktop Gaming Memory, Intel XMP 3.0 & AMD Expo Compatible – Black CP2K32G64C40U5B",1216.37,352.52,2026-10-03,4.5,331,https://www.amazon.com/Crucial-6400MHz-Overclocking-Desktop-Compatible/dp/B0DSR14511,0.0,352.52
20261003_050925,2026-10-03T05:27:59.086063+00:00,amazon_usa,RAM,B0BTNW9XFZ,CORSAIR Vengeance DDR5 RAM 64GB (2x32GB) 6400MHz CL32-40-40-84 1.40V Intel XMP Desktop Computer Memory - Black (CMK64GX5M2B6400C32),1284.21,372.18,2026-10-03,4.7,632,https://www.amazon.com/CORSAIR-VENGEANCE-6400MHz-Compatible-Computer/dp/B0BTNW9XFZ,0.0,372.18
20261003_050925,2026-10-03T05:27:59.086063+00:00,amazon_usa,RAM,B0DSQMCV8B,"Crucial Pro DDR5 RAM 64GB Kit (2x32GB) 6400MHz CL40, Overclocking Desktop Gaming Memory, Intel XMP 3.0 & AMD Expo Compatible – White CP2K32G64C40U5W",1115.03,323.15,2026-10-03,4.4,141,https://www.amazon.com/Crucial-6400MHz-Overclocking-Desktop-Compatible/dp/B0DSQMCV8B,0.0,323.15
20261003_050925,2026-10-03T05:27:59.086063+00:00,amazon_usa,RAM,B0CYH8MD2Y,Kingston FURY Beast 64GB (2x32GB) 6400MT/s DDR5 CL32 Desktop Memory | AMD EXPO | Kit of 2 | KF564C32BBEK2-64,1267.06,367.21,2026-10-03,4.2,35,https://www.amazon.com/Kingston-2x32GB-6400MT-Desktop-KF564C32BBEK2-64/dp/B0CYH8MD2Y,0.0,367.21
20261003_050925,2026-10-03T05:27:59.086063+00:00,amazon_usa,RAM,B0CX8MXZP2,KLEVV CRAS V RGB DDR5 64GB (2x32GB) 6400MHz CL32 SK Hynix A-Die 1.35V Gaming Desktop Ram Memory XMP 3.0 / AMD Expo Ready - Black (KD5BGUA80-64A320G),1115.03,323.15,2026-10-03,4.3,91,https://www.amazon.com/KLEVV-2x32GB-6400MHz-Gaming-Desktop/dp/B0CX8MXZP2,0.0,323.15
20261003_050925,2026-10-03T05:27:59.086063+00:00,amazon_usa,RAM,B0D6XPYW6Y,KLEVV CRAS V RGB DDR5 64GB (2x32GB) 6400MHz CL32 SK Hynix A-Die 1.35V Gaming Desktop Ram Memory XMP 3.0 / AMD Expo Ready - White (KD5BGUA80-64A320J),1115.03,323.15,2026-10-03,4.3,91,https://www.amazon.com/KLEVV-2x32GB-6400MHz-Gaming-Desktop/dp/B0D6XPYW6Y,0.0,323.15
20261003_050925,2026-10-03T05:27:59.086063+00:00,amazon_usa,RAM,B0C6MFF8F5,TEAMGROUP T-Create Expert Overclocking 10L DDR5 64GB Kit (2 x 32GB) 6400MHz (PC5-51200) CL34 Desktop Memory Module Ram White - CTCWD564G6400HC34BDC01,1115.03,323.15,2026-10-03,4.6,25,https://www.amazon.com/TEAMGROUP-T-Create-Overclocking-6400MHz-PC5-51200/dp/B0C6MFF8F5,0.0,323.15
20261003_050925,2026-10-03T05:27:59.086063+00:00,amazon_usa,RAM,B0BSP5F4CN,64GB G.Skill DDR5 Trident Z5 RGB 6400MHz CL32 1.40V Dual Channel Kit 2X 32GB Black,1317.75,381.9,2026-10-03,4.6,120,https://www.amazon.com/G-Skill-Trident-6400MHz-1-40V-Channel/dp/B0BSP5F4CN,0.0,381.9
20261003_050925,2026-10-03T05:27:59.086063+00:00,amazon_usa,RAM,B0F6T9TKVQ,TEAMGROUP T-Force Delta RGB DDR5 Ram 64GB (2x32GB) 6400MHz PC5-51200 CL30 M-DIE Desktop Memory Module Ram for 600 700 Series Chipset XMP 3.0 Ready Black FF3D564G6400HC30CDC01,1196.12,346.65,2026-10-03,5.0,1,https://www.amazon.com/TEAMGROUP-T-Force-6400MHz-PC5-51200-FF3D564G6400HC30CDC01/dp/B0F6T9TKVQ,0.0,346.65
20261003_050925,2026-10-03T05:27:59.086063+00:00,amazon_usa,RAM,B0DY79LV3C,TEAMGROUP T-Create Expert Overclocking 10L CL40 DDR5 64GB Kit (2 x 32GB) 6400MHz (PC5-51200) Intel XMP 3.0 & AMD Expo Compatible Desktop Memory Module Ram White - CTCWD564G6400HC40BDC01,1079.52,312.86,2026-10-03,5.0,6,https://www.amazon.com/TEAMGROUP-T-Create-Overclocking-PC5-51200-Compatible/dp/B0DY79LV3C,0.0,312.86
20261003_050925,2026-10-03T05:27:59.086063+00:00,amazon_usa,RAM,B0DY79L8PH,TEAMGROUP T-Create Expert Overclocking 10L CL40 DDR5 64GB Kit (2 x 32GB) 6400MHz (PC5-51200) Intel XMP 3.0 & AMD Expo Compatible Desktop Memory Module Ram Black - CTCED564G6400HC40BDC01,1079.52,312.86,2026-10-03,4.6,3,https://www.amazon.com/TEAMGROUP-T-Create-Overclocking-PC5-51200-Compatible/dp/B0DY79L8PH,0.0,312.86
20261003_050925,2026-10-03T05:27:59.086063+00:00,amazon_usa,RAM,B0CYM412PY,Kingston FURY Beast RGB 64GB (2x32GB) 6400MT/s DDR5 CL32 Desktop Memory | AMD EXPO | Kit of 2 | KF564C32BBEAK2-64,1317.75,381.9,2026-10-03,4.7,93,https://www.amazon.com/Kingston-2x32GB-6400MT-Desktop-KF564C32BBEAK2-64/dp/B0CYM412PY,0.0,381.9
20261003_050925,2026-10-03T05:27:59.086063+00:00,amazon_usa,RAM,B0DPHML4QZ,TEAMGROUP T-Force Vulcan DDR5 64GB (2x32GB) 6400MHz (PC5-51200) CL34 Desktop Memory Module Ram for 600 700 Series Chipset XMP 3.0 Black FLBD564G6400HC34EDC01,1145.43,331.96,2026-10-03,1.0,1,https://www.amazon.com/TEAMGROUP-T-Force-6400MHz-PC5-51200-FLBD564G6400HC34EDC01/dp/B0DPHML4QZ,0.0,331.96
20261003_050925,2026-10-03T05:27:59.086063+00:00,amazon_usa,RAM,B0DN3WFS52,G.SKILL Trident Z5 Neo RGB Series DDR5 RAM (AMD EXPO & Intel XMP 3.0) 64GB (2x32GB) Up to 6000MT/s* CL36-36-36-96 1.35V Desktop Computer Memory U-DIMM - Matte Black (F5-6000J3636F32GX2-TZ5NR),983.25,284.96,2026-10-03,4.6,219,https://www.amazon.com/G-SKILL-Trident-CL36-36-36-96-Desktop-Computer/dp/B0DN3WFS52,0.0,284.96
20261003_050925,2026-10-03T05:27:59.086063+00:00,amazon_usa,RAM,B0G4CGH4BS,64GB (4X16GB) DDR5 6400MHz PC5-51200 CL52 1Rx8 1.1V 288-PIN ECC Registered RDIMM NEMIX RAM Server Memory KIT,3015.63,873.97,2026-10-03,0.0,0,https://www.amazon.com/6400MHz-PC5-51200-Registered-NEMIX-RAM/dp/B0G4CGH4BS,0.0,873.97
20261003_050925,2026-10-03T05:27:59.086063+00:00,amazon_usa,RAM,B0CGQ3KS8X,G.SKILL Flare X5 Series DDR5 RAM (AMD EXPO) 64GB (2x32GB) Up to 6000MT/s* CL30-40-40-96 1.40V Desktop Computer Memory U-DIMM - Matte Black (F5-6000J3040G32GX2-FX5),1185.97,343.71,2026-10-03,4.7,322,https://www.amazon.com/G-SKILL-2x32GB-CL30-40-40-96-Desktop-Computer/dp/B0CGQ3KS8X,0.0,343.71
20261003_050925,2026-10-03T05:27:59.086063+00:00,amazon_usa,RAM,B0C4X758YM,G.SKILL Trident Z5 RGB Series DDR5 RAM (Intel XMP 3.0 & AMD EXPO) 64GB (2x32GB) Up to 6000MT/s* CL36-36-36-96 1.35V Desktop Computer Memory U-DIMM - Matte Black (F5-6000J3636F32GX2-TZ5RK),1084.6,314.33,2026-10-03,4.5,151,https://www.amazon.com/G-SKILL-Trident-CL36-36-36-96-Desktop-Computer/dp/B0C4X758YM,0.0,314.33
20261003_050925,2026-10-03T05:27:59.086063+00:00,amazon_usa,RAM,B0BPHSL93T,TEAMGROUP T-Create Expert CL34 Overclocking 10L DDR5 64GB Kit (2 x 32GB) 6000MHz (PC5-48000) Intel XMP 3.0 & AMD EXPO Compatible Desktop Memory Module Ram - CTCED564G6000HC34BDC01,1054.2,305.52,2026-10-03,4.5,106,https://www.amazon.com/TEAMGROUP-T-Create-Overclocking-6000MHz-PC5-48000/dp/B0BPHSL93T,0.0,305.52
20261003_050925,2026-10-03T05:27:59.086063+00:00,amazon_usa,RAM,B0F6T156PR,TEAMGROUP T-Force Delta RGB DDR5 Ram 64GB (2x32GB) 6400MHz PC5-51200 CL30 M-DIE Desktop Memory Module Ram for 600 700 Series Chipset XMP 3.0 Ready White FF4D564G6400HC30CDC01,1196.12,346.65,2026-10-03,0.0,0,https://www.amazon.com/TEAMGROUP-T-Force-6400MHz-PC5-51200-FF4D564G6400HC30CDC01/dp/B0F6T156PR,0.0,346.65
20261003_050925,2026-10-03T05:27:59.086063+00:00,amazon_usa,RAM,B0CBLBRY6Q,G.SKILL Trident Z5 RGB Series DDR5 RAM (Intel XMP 3.0 & AMD EXPO) 64GB (2x32GB) Up to 6000MT/s* CL36-36-36-96 1.35V Desktop Computer Memory U-DIMM - Matte White (F5-6000J3636F32GX2-TZ5RW),1013.65,293.77,2026-10-03,4.5,151,https://www.amazon.com/G-SKILL-Trident-2x32GB-CL36-36-36-96-Desktop-Computer/dp/B0CBLBRY6Q,0.0,293.77
20261003_050925,2026-10-03T05:28:03.080708+00:00,amazon_usa,RAM,B0DJR576SY,【RGB DDR5 RAM】 GIGASTONE Game Turbo 64GB Kit (4x16GB) DDR5 6400MHz PC5-51200 CL40-40-40-84 Intel XMP 3.0 AMD Expo 1.35V UDIMM 288 Pin Unbuffered Non ECC High Performance Gaming Desktop Memory - White,1012.65,293.48,2026-10-03,0.0,0,https://www.amazon.com/GIGASTONE-PC5-51200-CL40-40-40-84-Unbuffered-Performance/dp/B0DJR576SY,0.0,293.48
20261003_050925,2026-10-03T05:28:03.080708+00:00,amazon_usa,RAM,B0CKZ7CDKH,Kingston FURY Renegade White RGB XMP 64GB 6400MT/s DDR5 CL32 DIMM Desktop Gaming Memory (Kit of 2) - KF564C32RWAK2-64,1393.42,403.83,2026-10-03,5.0,7,https://www.amazon.com/Kingston-Renegade-6400MT-Desktop-Gaming/dp/B0CKZ7CDKH,0.0,403.83
20261003_050925,2026-10-03T05:28:03.080708+00:00,amazon_usa,RAM,B0DYR9JXRH,A-Tech 64GB DDR5 6400MHz PC5-51200 ECC RDIMM 2Rx4 (EC8 10x4) Dual Rank 1.1V ECC Registered DIMM 288-Pin Server RAM Memory Upgrade Module (A-Tech Enterprise Series),3016.29,874.16,2026-10-03,0.0,0,https://www.amazon.com/Tech-6400MHz-PC5-51200-Registered-Enterprise/dp/B0DYR9JXRH,0.0,874.16
20261003_050925,2026-10-03T05:28:03.080708+00:00,amazon_usa,RAM,B0B1LFX3VC,G.SKILL Ripjaws DDR5 SO-DIMM Series DDR5 RAM 64GB (2x32GB) Up to 4800MT/s CL40-39-39-76 1.10V Unbuffered Non-ECC Notebook/Laptop Memory SO-DIMM (F5-4800S4039A32GA2-RS),912.28,264.39,2026-10-03,4.6,31,https://www.amazon.com/G-Skill-RipJaws-SO-DIMM-CL40-39-39-76-F5-4800S4039A32GA2-RS/dp/B0B1LFX3VC,0.0,264.39
20261003_050925,2026-10-03T05:28:03.080708+00:00,amazon_usa,RAM,B0FGJB8BWF,TEAMGROUP T-Create Expert Overclocking 10L CL42 DDR5 128GB Kit (2 x 64GB) 6400MHz (PC5-51200) Intel XMP 3.0 & AMD Expo Compatible Desktop Memory Module Ram White - CTCWD5128G6400HC42CDC01,2432.78,705.05,2026-10-03,3.5,3,https://www.amazon.com/TEAMGROUP-T-Create-Overclocking-PC5-51200-Compatible/dp/B0FGJB8BWF,0.0,705.05
20261003_050925,2026-10-03T05:28:03.080708+00:00,amazon_usa,RAM,B0BJ814ZHK,G.SKILL Trident Z5 RGB Series DDR5 RAM (Intel XMP 3.0) 64GB (2x32GB) Up to 6400MT/s* CL32-39-39-102 1.40V Desktop Computer Memory U-DIMM - Metallic Silver (F5-6400J3239G32GX2-TZ5RS),1317.75,381.9,2026-10-03,4.5,94,https://www.amazon.com/G-Skill-Trident-CL32-39-39-102-F5-6400J3239G32GX2-TZ5RS-Metallic/dp/B0BJ814ZHK,0.0,381.9
20261003_050925,2026-10-03T05:28:03.080708+00:00,amazon_usa,RAM,B0H6J5QLXS,V-Color DDR5 TUF Gaming Alliance Manta XFinity 64GB (32GBx2) 6400MHz CL32 1.4V AMD EXPO SK Hynix Original IC RGB Gaming Desktop Upgrade RAM Memory Module Black (GTMXFAL3264832KWK),1165.68,337.83,2026-10-03,0.0,0,https://www.amazon.com/V-Color-Alliance-XFinity-Original-GTMXFAL3264832KWK/dp/B0H6J5QLXS,0.0,337.83
20261003_050925,2026-10-03T05:28:03.080708+00:00,amazon_usa,RAM,B0BJ7X9P1W,G.SKILL Trident Z5 RGB Series DDR5 RAM (Intel XMP 3.0) 64GB (2x32GB) Up to 6400MT/s* CL32-39-39-102 1.40V Desktop Computer Memory U-DIMM - Matte Black (F5-6400J3239G32GX2-TZ5RK),1267.09,367.22,2026-10-03,4.6,880,https://www.amazon.com/G-Skill-Trident-288-Pin-CL32-39-39-102-F5-6400J3239G32GX2-TZ5RK/dp/B0BJ7X9P1W,8.0,375.22
20261003_050925,2026-10-03T05:28:03.080708+00:00,amazon_usa,RAM,B0C79H54TQ,"Crucial Pro 64GB DDR5 RAM Kit (2x32GB), 5600MHz (or 5200MHz or 4800MHz) Desktop Memory UDIMM 288-pin, Compatible with 13th Gen Intel Core and AMD Ryzen 7000 - CP2K32G56C46U5 Global Recycled Standard",1071.55,310.55,2026-10-03,4.8,724,https://www.amazon.com/Crucial-2x32GB-5600MT-Desktop-CP2K32G56C46U5/dp/B0C79H54TQ,8.0,318.55
20261003_050925,2026-10-03T05:28:03.080708+00:00,amazon_usa,RAM,B09S2QLBWC,"Crucial 64GB DDR5 RAM Kit (2x32GB), 4800MHz CL40 Laptop Memory - SODIMM 262-Pin - Compatible with 12th Intel Core - CT2K32G48C40S5",1003.51,290.83,2026-10-03,4.8,1300,https://www.amazon.com/Crucial-2x32GB-4800MHz-Laptop-CT2K32G48C40S5/dp/B09S2QLBWC,0.0,290.83
20261003_050925,2026-10-03T05:28:03.080708+00:00,amazon_usa,RAM,B0BNTXVW8V,TEAMGROUP T-Force Delta RGB DDR5 Ram 64GB (2x32GB) 6000MHz CL38 Intel XMP 3.0 & AMD Expo Compatible Desktop Memory Module White FF4D564G6000HC38ADC01,1013.65,293.77,2026-10-03,4.4,339,https://www.amazon.com/TEAMGROUP-T-Force-6000MHz-Compatible-FF4D564G6000HC38ADC01/dp/B0BNTXVW8V,0.0,293.77
20261003_050925,2026-10-03T05:28:03.080708+00:00,amazon_usa,RAM,B0C3J1GC17,Kingston FURY Impact 32GB (2x16GB) 6400MT/s CL38 DDR5 SODIMM | Intel XMP 3.0 | Plug N Play | Laptop Memory | Kit of 2 | KF564S38IBK2-32,802.1,232.46,2026-10-03,4.3,90,https://www.amazon.com/Kingston-Technology-Impact-2x16GB-KF564S38IBK2-32/dp/B0C3J1GC17,0.0,232.46
20261003_050925,2026-10-03T05:28:03.080708+00:00,amazon_usa,RAM,B0CLDJKK25,TEAMGROUP T-Create Master Overclocking DDR5 R-DIMM 64GB Kit (4 x 16GB) 6400MHz (PC5-51200) CL32 Hynix A-DIE Workstation Memory Module Ram Black - CTCMD564G6400HC32AQC01,2584.84,749.12,2026-10-03,5.0,2,https://www.amazon.com/TEAMGROUP-T-Create-Overclocking-PC5-51200-Workstation/dp/B0CLDJKK25,0.0,749.12
20261003_050925,2026-10-03T05:28:03.080708+00:00,amazon_usa,RAM,B0DSR5P84D,"Crucial Pro 128GB Kit (2x64GB) DDR5 RAM, 5600MHz (or 5200MHz or 4800MHz) Desktop Gaming Memory UDIMM, Compatible with Latest Intel & AMD CPU CP2K64G56C46U5 Global Recycled Standard",2128.68,616.92,2026-10-03,4.5,171,https://www.amazon.com/Crucial-5600MHz-5200MHz-Compatible-CP2K64G56C46U5/dp/B0DSR5P84D,0.0,616.92
20261003_050925,2026-10-03T05:28:03.080708+00:00,amazon_usa,RAM,B0C6HWKGWV,G.SKILL Ripjaws S5 Series DDR5 RAM (Intel XMP 3.0 & AMD EXPO) 64GB (2x32GB) Up to 6000MT/s* CL36-36-36-96 1.35V Desktop Computer Memory U-DIMM - Matte Black (F5-6000J3636F32GX2-RS5K),1013.65,293.77,2026-10-03,4.7,111,https://www.amazon.com/G-SKILL-Ripjaws-CL36-36-36-96-Desktop-Computer/dp/B0C6HWKGWV,0.0,293.77
20261003_050925,2026-10-03T05:28:03.080708+00:00,amazon_usa,RAM,B0DSQTD4TN,"Crucial Pro DDR5 RAM 64GB Kit (2x32GB) 6000MHz CL40, Overclocking Desktop Gaming Memory, Intel XMP 3.0 & AMD Expo Compatible – White CP2K32G60C40U5W Global Recycled Standard",1124.48,325.89,2026-10-03,4.5,118,https://www.amazon.com/Crucial-6000MHz-Overclocking-Desktop-Compatible/dp/B0DSQTD4TN,8.0,333.89
20261003_050925,2026-10-03T05:28:03.080708+00:00,amazon_usa,RAM,B0CQ3PG5D4,A-Tech 64GB Kit (2x32GB) DDR5 5600MHz PC5-44800 CL46 SODIMM 2Rx8 Dual Rank 1.1V Non-ECC Unbuffered SO-DIMM 262-Pin Laptop Computer RAM Memory Upgrade Modules,1012.62,293.47,2026-10-03,4.2,12,https://www.amazon.com/Tech-5600MHz-PC5-44800-Non-ECC-Unbuffered/dp/B0CQ3PG5D4,0.0,293.47
20261003_050925,2026-10-03T05:28:03.080708+00:00,amazon_usa,RAM,B0FDGCXCY1,Crucial NTB 32GB 6400MHz Ddr5 Csodımm Ct32g64c52cs5 Laptop RAM Memory,780.02,226.06,2026-10-03,5.0,5,https://www.amazon.com/Crucial-6400MHz-Csod%C4%B1mm-Ct32g64c52cs5-Laptop/dp/B0FDGCXCY1,0.0,226.06
20261003_050925,2026-10-03T05:28:03.080708+00:00,amazon_usa,RAM,B0F4MD6FFQ,G.SKILL Trident Z5 Royal Neo Series DDR5 RAM (AMD EXPO) 64GB (2x32GB) Up to 6000MT/s* CL28-36-36-96 1.40V Desktop Computer Memory U-DIMM - Silver (F5-6000J2836G32GX2-TR5NS),1621.84,470.03,2026-10-03,4.7,40,https://www.amazon.com/G-SKILL-Trident-CL28-36-36-96-Desktop-Computer/dp/B0F4MD6FFQ,0.0,470.03
20261003_050925,2026-10-03T05:28:03.080708+00:00,amazon_usa,RAM,B0G4G2HFHG,32GB (2X16GB) DDR5 6400MHz PC5-51200 CL52 1Rx8 1.1V 288-PIN ECC Registered RDIMM NEMIX RAM Server Memory KIT,1509.32,437.42,2026-10-03,0.0,0,https://www.amazon.com/6400MHz-PC5-51200-Registered-NEMIX-RAM/dp/B0G4G2HFHG,0.0,437.42
20261003_050925,2026-10-03T05:28:03.080708+00:00,amazon_usa,RAM,B0DPHM8BKH,TEAMGROUP T-Force Vulcan DDR5 64GB (2x32GB) 6400MHz (PC5-51200) CL34 Desktop Memory Module Ram for 600 700 Series Chipset XMP 3.0 Red FLRD564G6400HC34EDC01,1145.43,331.96,2026-10-03,1.0,1,https://www.amazon.com/TEAMGROUP-T-Force-6400MHz-PC5-51200-FLRD564G6400HC34EDC01/dp/B0DPHM8BKH,0.0,331.96
20261003_050925,2026-10-03T05:28:03.080708+00:00,amazon_usa,RAM,B0DN43PTB9,G.SKILL Flare X5 Series DDR5 RAM (AMD EXPO & Intel XMP 3.0) 64GB (2x32GB) Up to 6000MT/s* CL36-36-36-96 1.35V Desktop Computer Memory U-DIMM - Matte White (F5-6000J3636F32GX2-FX5W),1013.65,293.77,2026-10-03,4.6,137,https://www.amazon.com/G-SKILL-6000MT-CL36-36-36-96-Desktop-Computer/dp/B0DN43PTB9,0.0,293.77
20261003_050925,2026-10-03T05:28:07.119267+00:00,amazon_usa,RAM,B0D5G6JS7P,G.SKILL Trident Z5 Royal Series DDR5 RAM (Intel XMP 3.0) 64GB (2x32GB) Up to 6400MT/s* CL32-39-39-102 1.40V Desktop Computer Memory U-DIMM - Silver (F5-6400J3239G32GX2-TR5S),1520.5,440.66,2026-10-03,4.7,99,https://www.amazon.com/G-SKILL-Trident-CL32-39-39-102-Desktop-Computer/dp/B0D5G6JS7P,0.0,440.66
20261003_050925,2026-10-03T05:28:07.119267+00:00,amazon_usa,RAM,B0CKZ7FL9F,Kingston FURY Renegade Black RGB XMP 64GB 6400MT/s DDR5 CL32 DIMM Desktop Gaming Memory (Kit of 2) - KF564C32RSAK2-64,1568.11,454.46,2026-10-03,4.3,16,https://www.amazon.com/Kingston-Renegade-6400MT-Desktop-Gaming/dp/B0CKZ7FL9F,0.0,454.46
20261003_050925,2026-10-03T05:28:07.119267+00:00,amazon_usa,RAM,B0B1QPLJT1,Kingston FURY Beast RGB 64GB 5600MT/s DDR5 CL40 DIMM Desktop Memory (Kit of 2) | Intel XMP 3.0 | Infrared Sync Technology | Overclocking Stability | KF556C40BBAK2-64,1185.97,343.71,2026-10-03,4.4,162,https://www.amazon.com/Kingston-Technology-Overclocking-Stability-KF556C40BBAK2-64/dp/B0B1QPLJT1,0.0,343.71
20261003_050925,2026-10-03T05:28:07.119267+00:00,amazon_usa,RAM,B0DY796QYN,TEAMGROUP T-Force Delta Alpha RGB DDR5 Ram 64GB Kit (2x32GB) 6000MHz (PC5-48000) CL38 Intel XMP 3.0 & AMD Expo Compatible Desktop Memory Module Ram White FF8D564G6000HC38JDC01,1013.14,293.62,2026-10-03,4.5,19,https://www.amazon.com/TEAMGROUP-T-Force-PC5-48000-Compatible-FF8D564G6000HC38JDC01/dp/B0DY796QYN,0.0,293.62
20261003_050925,2026-10-03T05:28:07.119267+00:00,amazon_usa,RAM,B0DHFD5625,"Crucial Pro DDR5 RAM 32GB Kit (2x16GB) 6400MHz CL38, Overclocking Desktop Gaming Memory, Intel XMP 3.0 & AMD Expo Compatible – Black CP2K16G64C38U5B",547.39,158.64,2026-10-03,4.7,966,https://www.amazon.com/Crucial-6400MHz-Overclocking-Desktop-Compatible/dp/B0DHFD5625,0.0,158.64
20261003_050925,2026-10-03T05:28:07.119267+00:00,amazon_usa,RAM,B0CQ33K7NZ,A-Tech 64GB Kit (2x32GB) DDR5 5600MHz PC5-44800 CL46 UDIMM 2Rx8 Dual Rank 1.1V Non-ECC Unbuffered DIMM 288-Pin Desktop PC/Computer RAM Memory Upgrade Modules,1083.15,313.91,2026-10-03,4.0,7,https://www.amazon.com/Tech-5600MHz-PC5-44800-Non-ECC-Unbuffered/dp/B0CQ33K7NZ,0.0,313.91
20261003_050925,2026-10-03T05:28:07.119267+00:00,amazon_usa,RAM,B09HW6ZJV5,"Crucial 64GB DDR5 RAM Kit (2x32GB), 4800MHz CL40 Desktop Memory, UDIMM 288-Pin, Compatible with 13th Gen Intel Core and AMD Ryzen 7000 - CT2K32G48C40U5",1062.31,307.87,2026-10-03,4.5,356,https://www.amazon.com/Crucial-2x32GB-4800MHz-Desktop-CT2K32G48C40U5/dp/B09HW6ZJV5,0.0,307.87
20261003_050925,2026-10-03T05:28:07.119267+00:00,amazon_usa,RAM,B09YJY2ZMX,G.SKILL Ripjaws S5 Series DDR5 RAM (Intel XMP 3.0) 64GB (2x32GB) Up to 5600MT/s* CL36-36-36-89 1.25V Desktop Computer Memory U-DIMM - Matte White (F5-5600J3636D32GA2-RS5W),1074.49,311.4,2026-10-03,4.7,10,https://www.amazon.com/G-Skill-RipJaws-288-Pin-CL36-36-36-89-F5-5600J3636D32GA2-RS5W/dp/B09YJY2ZMX,0.0,311.4
20261003_050925,2026-10-03T05:28:07.119267+00:00,amazon_usa,RAM,B0C5M6SJYW,CORSAIR Vengeance DDR5 RAM 64GB (2x32GB) 6000MHz CL30 Intel XMP iCUE Compatible Computer Memory - Black (CMK64GX5M2B6000C30),1294.63,375.2,2026-10-03,4.6,204,https://www.amazon.com/CORSAIR-VENGEANCE-6000MHz-Compatible-Computer/dp/B0C5M6SJYW,0.0,375.2
20261003_050925,2026-10-03T05:28:07.119267+00:00,amazon_usa,RAM,B0DYRV5YS4,A-Tech 128GB Kit (2x64GB) DDR5 6400MHz PC5-51200 ECC RDIMM 2Rx4 (EC8 10x4) Dual Rank 1.1V ECC Registered DIMM 288-Pin Server RAM Memory Upgrade Modules (A-Tech Enterprise Series),6032.61,1748.33,2026-10-03,0.0,0,https://www.amazon.com/Tech-6400MHz-PC5-51200-Registered-Enterprise/dp/B0DYRV5YS4,0.0,1748.33
20261003_050925,2026-10-03T05:28:07.119267+00:00,amazon_usa,RAM,B0D9JZKXYJ,"Acer HT200 DDR5 RAM 64GB (32GBx2) 6000MHz CL30 PC5-48000, Intel XMP 3.0 AMD EXPO Compatible Computer Memory - BL.9BWWA.457",1012.65,293.48,2026-10-03,4.8,11,https://www.amazon.com/32GBx2-6000MHz-PC5-48000-Compatible-Computer/dp/B0D9JZKXYJ,0.0,293.48
20261003_050925,2026-10-03T05:28:07.119267+00:00,amazon_usa,RAM,B0GTBMNWSD,32GB DDR5 6400MHz PC5-51200 2Rx8 1.1V CL52 288-PIN ECC Registered RDIMM NEMIX RAM Server Memory Compatible with Micron MTC20F2085S1RC64BR,1508.32,437.13,2026-10-03,0.0,0,https://www.amazon.com/Registered-NEMIX-RAM-Compatible-MTC20F2085S1RC64BR/dp/B0GTBMNWSD,0.0,437.13
20261003_050925,2026-10-03T05:28:07.119267+00:00,amazon_usa,RAM,B0DYR7JBHS,A-Tech 256GB Kit (4x64GB) DDR5 6400MHz PC5-51200 ECC RDIMM 2Rx4 (EC8 10x4) Dual Rank 1.1V ECC Registered DIMM 288-Pin Server RAM Memory Upgrade Modules (A-Tech Enterprise Series),12065.19,3496.65,2026-10-03,0.0,0,https://www.amazon.com/Tech-6400MHz-PC5-51200-Registered-Enterprise/dp/B0DYR7JBHS,0.0,3496.65
20261003_050925,2026-10-03T05:28:07.119267+00:00,amazon_usa,RAM,B0F2NTK2SW,NEMIX RAM 64GB (1X64GB) DDR5 6400MHZ PC5-51200 CL52 2Rx4 1.1V 288-PIN ECC RDIMM Registered Server Memory Compatible with Dell SNPN66RPC/64G AD089130,3256.89,943.89,2026-10-03,0.0,0,https://www.amazon.com/NEMIX-RAM-PC5-51200-Registered-Compatible/dp/B0F2NTK2SW,0.0,943.89
20261003_050925,2026-10-03T05:28:07.119267+00:00,amazon_usa,RAM,B0H5Z43KBZ,"A-Tech 64GB Kit (4x16GB) DDR5 6400MHz PC5-51200 (PC5-6400B) CL52 CSODIMM Non-ECC RAM Memory Upgrade Modules for Laptop, Notebook Computers",1132.25,328.14,2026-10-03,0.0,0,https://www.amazon.com/Tech-PC5-51200-PC5-6400B-Notebook-Computers/dp/B0H5Z43KBZ,0.0,328.14
20261003_050925,2026-10-03T05:28:07.119267+00:00,amazon_usa,RAM,B0BRTJT5P2,Kingston FURY Impact 64GB (2x32GB) 5600MT/s DDR5 CL40 Laptop Memory Kit of 2 | Lower Power Comsumption | Intel XMP 3.0 | Plug N Play | KF556S40IBK2-64,1173.38,340.06,2026-10-03,4.7,539,https://www.amazon.com/Kingston-Impact-2x32GB-Comsumption-KF556S40IBK2-64/dp/B0BRTJT5P2,0.0,340.06
20261003_050925,2026-10-03T05:28:07.119267+00:00,amazon_usa,RAM,B0CKZ7WRKD,Kingston FURY Renegade DDR5 Silver/Black XMP 64GB (2x32GB) 6400MT/s CL32 DIMM Memory for PC Gamer Kit of 2 - KF564C32RSK2-64,1902.12,551.26,2026-10-03,4.2,13,https://www.amazon.com/Kingston-Renegade-Silver-6400MT-Memory/dp/B0CKZ7WRKD,0.0,551.26
20261003_050925,2026-10-03T05:28:11.405253+00:00,amazon_usa,RAM,B0D1J3KPRJ,A-Tech Velocity RAM 64GB (2x32GB) DDR5 5600MHz (PC5-44800) XMP 3.0 UDIMM 1.1V Non-ECC DIMM 288-Pin Desktop Computer Gaming Memory - AV2K32G5D56X,1108.34,321.21,2026-10-03,4.7,4,https://www.amazon.com/Tech-Velocity-5600MHz-PC5-44800-Computer/dp/B0D1J3KPRJ,0.0,321.21
20261003_050925,2026-10-03T05:28:11.405253+00:00,amazon_usa,RAM,B0H8T4J3YL,Silicon Power Value Gaming DDR5 64GB (2x32GB) 6000MT/s (PC5-48000) 288-pin CL30 1.35V UDIMM Desktop RAM Computer Memory w/Heatsink SU064GXLWU60AFDJAB,1241.7,359.86,2026-10-03,0.0,0,https://www.amazon.com/Silicon-Power-PC5-48000-Computer-SU064GXLWU60AFDJAB/dp/B0H8T4J3YL,0.0,359.86
20261003_050925,2026-10-03T05:28:11.405253+00:00,amazon_usa,RAM,B0CBLC66NB,G.SKILL Trident Z5 RGB Series DDR5 RAM (Intel XMP 3.0) 64GB (2x32GB) Up to 6000MT/s* CL30-40-40-96 1.40V Desktop Computer Memory U-DIMM - Matte White (F5-6000J3040G32GX2-TZ5RW),1196.12,346.65,2026-10-03,4.8,56,https://www.amazon.com/G-SKILL-Trident-CL30-40-40-96-Desktop-Computer/dp/B0CBLC66NB,0.0,346.65
20261003_050925,2026-10-03T05:28:11.405253+00:00,amazon_usa,RAM,B0DX4WXDRZ,G.SKILL Flare X5 Series DDR5 RAM (AMD EXPO) 64GB (2x32GB) Up to 6000MT/s* CL28-36-36-96 1.40V Desktop Computer Memory U-DIMM - Matte Black (F5-6000J2836G32GX2-FX5),1621.84,470.03,2026-10-03,4.8,34,https://www.amazon.com/G-SKILL-2x32GB-CL28-36-36-96-Desktop-Computer/dp/B0DX4WXDRZ,0.0,470.03
20261003_050925,2026-10-03T05:28:11.405253+00:00,amazon_usa,RAM,B0D4T8NC15,G.SKILL Ripjaws M5 RGB Series DDR5 RAM (Intel XMP 3.0) 64GB (2x32GB) Up to 6000MT/s* CL30-40-40-96 1.40V Desktop Computer Memory U-DIMM - Matte Black (F5-6000J3040G32GX2-RM5RK),1115.03,323.15,2026-10-03,5.0,12,https://www.amazon.com/G-SKILL-Ripjaws-CL30-40-40-96-Desktop-Computer/dp/B0D4T8NC15,0.0,323.15
20261003_050925,2026-10-03T05:28:11.405253+00:00,amazon_usa,RAM,B0DXV9KHCC,TEAMGROUP T-Force Vulcan Alpha DDR5 Ram 64GB Kit (2x32GB) 6000MHz (PC5-48000) CL38 Desktop Memory Module Ram AMD Optimized Memory Red FLARD564G6000HC38JDC01,942.71,273.21,2026-10-03,4.7,5,https://www.amazon.com/TEAMGROUP-T-Force-PC5-48000-Optimized-FLARD564G6000HC38JDC01/dp/B0DXV9KHCC,0.0,273.21
20261003_050925,2026-10-03T05:28:11.405253+00:00,amazon_usa,RAM,B0DTPBTGMW,G.SKILL Trident Z5 Royal Neo Series DDR5 RAM (AMD EXPO) 64GB (2x32GB) Up to 6000MT/s* CL30-36-36-96 1.40V Desktop Computer Memory U-DIMM - Silver (F5-6000J3036G32GX2-TR5NS),1621.84,470.03,2026-10-03,4.7,101,https://www.amazon.com/G-SKILL-Trident-CL30-36-36-96-Desktop-Computer/dp/B0DTPBTGMW,0.0,470.03
20261003_050925,2026-10-03T05:28:11.405253+00:00,amazon_usa,RAM,B0FQNB9WBD,"Crucial Pro DDR5 RAM 32GB Kit (2x16GB), 6400MHz CL32, Overclocking Desktop Gaming Memory, Intel XMP 3.0 & AMD Expo Compatible, White - CP2K16G64C32U5W",489.59,141.89,2026-10-03,4.6,202,https://www.amazon.com/Crucial-6400MHz-Overclocking-Desktop-Compatible/dp/B0FQNB9WBD,0.0,141.89
20261003_050925,2026-10-03T05:28:11.405253+00:00,amazon_usa,RAM,B0CJXBCQ7P,G.SKILL Trident Z5 Neo RGB Series DDR5 RAM (AMD EXPO) 64GB (2x32GB) Up to 6000MT/s* CL30-36-36-96 1.40V Desktop Computer Memory U-DIMM - Matte White (F5-6000J3036G32GX2-TZ5NRW),1601.58,464.16,2026-10-03,4.8,250,https://www.amazon.com/G-SKILL-Trident-CL30-36-36-96-Desktop-Computer/dp/B0CJXBCQ7P,0.0,464.16
20261003_050925,2026-10-03T05:28:11.405253+00:00,amazon_usa,RAM,B0B2X25ZR6,G.SKILL Trident Z5 RGB Series DDR5 RAM (Intel XMP 3.0) 64GB (2x32GB) Up to 6000MT/s* CL30-40-40-96 1.40V Desktop Computer Memory U-DIMM - Matte Black (F5-6000J3040G32GX2-TZ5RK),1216.37,352.52,2026-10-03,4.3,50,https://www.amazon.com/G-Skill-Trident-CL30-40-40-96-Desktop-Computer/dp/B0B2X25ZR6,0.0,352.52
20261003_050925,2026-10-03T05:28:11.405253+00:00,amazon_usa,RAM,B0DY8THSQQ,NEMIX RAM 64GB (2X32GB) DDR5 6400MHz PC5-51200 CL52 2Rx8 1.1V 288-PIN ECC RDIMM Registered Server Memory KIT,3731.27,1081.37,2026-10-03,0.0,0,https://www.amazon.com/NEMIX-RAM-6400MHZ-PC5-51200-Registered/dp/B0DY8THSQQ,0.0,1081.37
20261003_050925,2026-10-03T05:28:11.405253+00:00,amazon_usa,RAM,B0H4QH584J,"Crucial 64GB (2x32GB) DDR5 RAM, 5600MHz Laptop Memory Kit, SODIMM 262-Pin, CT2K32G56C46S5",1165.72,337.84,2026-10-03,5.0,1,https://www.amazon.com/Crucial-2x32GB-5600MHz-262-Pin-CT2K32G56C46S5/dp/B0H4QH584J,0.0,337.84
20261003_050925,2026-10-03T05:28:11.405253+00:00,amazon_usa,RAM,B0HDBSBDH2,64GB 4X16GB DDR5 6400MHz PC5-51200 1Rx8 1.1V CL52 288-PIN ECC Registered RDIMM NEMIX RAM Server Memory KIT Compatible with Supermicro H14SSL-NT Motherboard,3015.63,873.97,2026-10-03,0.0,0,https://www.amazon.com/Registered-NEMIX-RAM-Compatible-Motherboard/dp/B0HDBSBDH2,0.0,873.97
20261003_050925,2026-10-03T05:28:11.405253+00:00,amazon_usa,RAM,B0DSJMWLMC,Kingston ValueRAM RAM Module,1216.37,352.52,2026-10-03,0.0,0,https://www.amazon.com/Kingston-ValueRAM-6400MT-Non-ECC-Desktop/dp/B0DSJMWLMC,0.0,352.52
20261003_050925,2026-10-03T05:28:11.405253+00:00,amazon_usa,RAM,B0DWK81NHT,"DATO DDR5 SODIMM 64GB Kit 32GBx2 Laptop RAM 5600MHz PC5-44800 CL46 1.1V 262-Pin Non-ECC unbuffered dimm, Notebook Memory Module",861.59,249.7,2026-10-03,3.7,14,https://www.amazon.com/DATO-5600MHz-PC5-44800-unbuffered-Notebook/dp/B0DWK81NHT,0.0,249.7
20261003_050925,2026-10-03T05:28:11.405253+00:00,amazon_usa,RAM,B0BRTJDWYD,Kingston FURY Beast 64GB (2x32GB) 6000MT/s DDR5 CL36 RGB Desktop Memory Kit of 2 | Infrared Syncing | AMD EXPO | KF560C36BBEAK2-64,1491.31,432.2,2026-10-03,4.5,141,https://www.amazon.com/Kingston-Desktop-Infrared-Syncing-KF560C36BBEAK2-64/dp/B0BRTJDWYD,0.0,432.2
20261003_050925,2026-10-03T05:28:11.405253+00:00,amazon_usa,RAM,B0CN9376FP,TEAMGROUP Elite SODIMM DDR5 64GB (2x32GB) 5600Mhz (PC5-44800) CL46 Non-ECC Unbuffered 1.1V 262 Pin Laptop Memory Module Ram - TED564G5600C46ADC-S01,1064.34,308.46,2026-10-03,4.5,98,https://www.amazon.com/TEAMGROUP-5600Mhz-PC5-44800-Non-ECC-Unbuffered/dp/B0CN9376FP,0.0,308.46
20261003_050925,2026-10-03T05:28:11.405253+00:00,amazon_usa,RAM,B0GTMTW29G,16GB DDR5 6400MHz PC5-51200 1Rx8 1.1V CL52 288-PIN ECC Registered RDIMM NEMIX RAM Server Memory Compatible Hynix HMCG78AHBRA,755.18,218.86,2026-10-03,0.0,0,https://www.amazon.com/Registered-NEMIX-RAM-Compatible-HMCG78AHBRA/dp/B0GTMTW29G,0.0,218.86
20261003_050925,2026-10-03T05:28:11.405253+00:00,amazon_usa,RAM,B0CBLCKQGV,G.SKILL Trident Z5 RGB Series DDR5 RAM (Intel XMP 3.0) 64GB (2x32GB) Up to 6400MT/s* CL32-39-39-102 1.40V Desktop Computer Memory U-DIMM - Matte White (F5-6400J3239G32GX2-TZ5RW),1621.84,470.03,2026-10-03,4.8,110,https://www.amazon.com/G-SKILL-Trident-CL32-39-39-102-Desktop-Computer/dp/B0CBLCKQGV,0.0,470.03
20261003_050925,2026-10-03T05:28:16.211792+00:00,amazon_usa,RAM,B0F7J2W49N,NEMIX RAM 128GB (2X64GB) DDR5 6400MHZ PC5-51200 CL52 2Rx4 1.1V 288-PIN ECC RDIMM Registered Server Memory KIT,6507.68,1886.01,2026-10-03,0.0,0,https://www.amazon.com/NEMIX-RAM-6400MHZ-PC5-51200-Registered/dp/B0F7J2W49N,0.0,1886.01
20261003_050925,2026-10-03T05:28:16.211792+00:00,amazon_usa,RAM,B0CYM3WCXM,Kingston FURY Beast RGB 64GB (2x32GB) 6000MT/s DDR5 CL30 Desktop Memory | AMD EXPO | Kit of 2 | KF560C30BBEAK2-64,1374.61,398.38,2026-10-03,4.8,144,https://www.amazon.com/Kingston-2x32GB-6000MT-Desktop-KF560C30BBEAK2-64/dp/B0CYM3WCXM,0.0,398.38
20261003_050925,2026-10-03T05:28:16.211792+00:00,amazon_usa,RAM,B0DTJGYKTL,"Samsung 64GB (2x32GB) DDR5 5600MHz PC5-44800 CL46 SODIMM 2Rx8 Dual Rank 1.1V 262-Pin Laptop, Notebook RAM Memory",1127.17,326.67,2026-10-03,5.0,2,https://www.amazon.com/Samsung-5600MHz-PC5-44800-262-Pin-Notebook/dp/B0DTJGYKTL,0.0,326.67
20261003_050925,2026-10-03T05:28:16.211792+00:00,amazon_usa,RAM,B0F3LHXHJM,NEMIX RAM 32GB (1X32GB) DDR5 6400MHZ PC5-51200 1Rx4 1.1V CL52 288-PIN ECC RDIMM Registered Server Memory Compatible with Micron MTC20F1045S1RC64BD2,1867.17,541.13,2026-10-03,0.0,0,https://www.amazon.com/NEMIX-RAM-Registered-Compatible-MTC20F1045S1RC64BD2/dp/B0F3LHXHJM,0.0,541.13
20261003_050925,2026-10-03T05:28:16.211792+00:00,amazon_usa,RAM,B0F1XGTX1F,G.SKILL Trident Z5 Neo RGB Series DDR5 RAM (AMD EXPO) 64GB (2x32GB) Up to 6000MT/s* CL26-36-36-96 1.45V Desktop Computer Memory U-DIMM - Matte White (F5-6000J2636H32GX2-TZ5NRW),1824.59,528.79,2026-10-03,4.6,39,https://www.amazon.com/G-SKILL-Trident-CL26-36-36-96-Desktop-Computer/dp/B0F1XGTX1F,0.0,528.79
20261003_050925,2026-10-03T05:28:16.211792+00:00,amazon_usa,RAM,B0CLDJ4NT6,TEAMGROUP T-Create Master Overclocking DDR5 R-DIMM 64GB Kit (4 x 16GB) 6000MHz (PC5-48000) CL32 Hynix A-DIE Workstation Memory Module Ram Black - CTCMD564G6000HC32AQC01,2544.26,737.36,2026-10-03,5.0,2,https://www.amazon.com/TEAMGROUP-T-Create-Overclocking-PC5-48000-Workstation/dp/B0CLDJ4NT6,0.0,737.36
20261003_050925,2026-10-03T05:28:16.211792+00:00,amazon_usa,RAM,B0BJNTRFMP,G.SKILL Trident Z5 Neo RGB Series DDR5 RAM (AMD EXPO) 64GB (2x32GB) Up to 6000MT/s* CL32-38-38-96 1.40V Desktop Computer Memory U-DIMM - Matte Black (F5-6000J3238G32GX2-TZ5NR),1215.37,352.23,2026-10-03,4.6,141,https://www.amazon.com/G-Skill-Trident-288-Pin-CL32-38-38-96-F5-6000J3238G32GX2-TZ5NR/dp/B0BJNTRFMP,0.0,352.23
20261003_050925,2026-10-03T05:28:16.211792+00:00,amazon_usa,RAM,B0GTBSBJX7,64GB DDR5 6400MHz PC5-51200 2Rx4 1.1V CL52 288-PIN ECC Registered RDIMM NEMIX RAM Server Memory Compatible with Micron MTC40F2046S1RC64BR,3256.89,943.89,2026-10-03,0.0,0,https://www.amazon.com/Registered-NEMIX-RAM-Compatible-MTC40F2046S1RC64BR/dp/B0GTBSBJX7,0.0,943.89
20261003_050925,2026-10-03T05:28:16.211792+00:00,amazon_usa,RAM,B0FH5RJ4F7,G.SKILL Flare X5 Series DDR5 RAM (AMD EXPO & Intel XMP 3.0) 128GB (2x64GB) Up to 6000MT/s* CL36-44-44-96 1.25V Desktop Computer Memory U-DIMM - Matte Black (F5-6000J3644D64GX2-FX5),3851.9,1116.33,2026-10-03,5.0,9,https://www.amazon.com/G-SKILL-2x64GB-CL36-44-44-96-Desktop-Computer/dp/B0FH5RJ4F7,0.0,1116.33
20261003_050925,2026-10-03T05:28:16.211792+00:00,amazon_usa,RAM,B0BSB94VC2,G.SKILL Trident Z5 Neo RGB 64GB [2 x 32GB] DDR5 SDRAM Memory Kit,1216.34,352.51,2026-10-03,4.6,47,https://www.amazon.com/G-SKILL-Trident-64GB-SDRAM-Memory/dp/B0BSB94VC2,0.0,352.51
20261003_050925,2026-10-03T05:28:16.211792+00:00,amazon_usa,RAM,B0BZJB3KSX,Kingston FURY Beast White RGB 64GB (2x32GB) 6000MT/s CL36 DDR5 EXPO DIMM | Infrared Syncing | FURY CTRL Software | Overclocking | AMD EXPO | Kit of 2 | KF560C36BWEAK2-64,1165.72,337.84,2026-10-03,4.6,47,https://www.amazon.com/Kingston-Technology-Infrared-Overclocking-KF560C36BWEAK2-64/dp/B0BZJB3KSX,0.0,337.84
20261003_050925,2026-10-03T05:28:16.211792+00:00,amazon_usa,RAM,B0HHKXQ4KN,64GB DDR5 6400MHz ECC RDIMM NEMIX RAM Compatible with Lenovo 4X77B09643,3256.89,943.89,2026-10-03,0.0,0,https://www.amazon.com/6400MHz-NEMIX-RAM-Compatible-4X77B09643/dp/B0HHKXQ4KN,0.0,943.89
20261003_050925,2026-10-03T05:28:16.211792+00:00,amazon_usa,RAM,B0HHL2S3KL,64GB DDR5 6400MHz ECC RDIMM NEMIX RAM Compatible with Lenovo 4X77B09788,3256.89,943.89,2026-10-03,0.0,0,https://www.amazon.com/6400MHz-NEMIX-RAM-Compatible-4X77B09788/dp/B0HHL2S3KL,0.0,943.89
20261003_050925,2026-10-03T05:28:16.211792+00:00,amazon_usa,RAM,B0F7Z3658J,"NEMIX RAM 32GB (1X32GB) DDR5 6400MHZ PC5-51200 CL52 2Rx8 1.1V 288-PIN ECC RDIMM Compatible with HPE P64985-B21, P69727-B21, P69727-H21, P69727-K21 Registered Smart Memory",1867.17,541.13,2026-10-03,0.0,0,https://www.amazon.com/NEMIX-RAM-Compatible-P64985-B21-P69727-B21/dp/B0F7Z3658J,0.0,541.13
20261003_050925,2026-10-03T05:28:16.211792+00:00,amazon_usa,RAM,B0HHLCBFW8,64GB DDR5 6400MHz ECC RDIMM NEMIX RAM Compatible with Lenovo 4X77B07420,3256.89,943.89,2026-10-03,0.0,0,https://www.amazon.com/6400MHz-NEMIX-RAM-Compatible-4X77B07420/dp/B0HHLCBFW8,0.0,943.89
20261003_050925,2026-10-03T05:28:16.211792+00:00,amazon_usa,RAM,B0D8BBRS42,TEAMGROUP T-Force XTREEM DDR5 Ram 32GB (2x16GB) 6400MHz PC5 51200 CL32 A-DIE Desktop Memory Module Ram for Intel XMP 3.0 & AMD Expo Compatible Black FFXD532G6400HC32ADC01,587.9,170.38,2026-10-03,5.0,1,https://www.amazon.com/TEAMGROUP-T-Force-6400MHz-Desktop-FFXD532G6400HC32ADC01/dp/B0D8BBRS42,0.0,170.38
20261003_050925,2026-10-03T05:28:16.211792+00:00,amazon_usa,RAM,B0F1RKXGXZ,G.SKILL Trident Z5 Neo RGB Series DDR5 RAM (AMD EXPO) 64GB (2x32GB) Up to 6000MT/s* CL28-36-36-96 1.40V Desktop Computer Memory U-DIMM - Matte Black (F5-6000J2836G32GX2-TZ5NR),1571.15,455.34,2026-10-03,4.9,64,https://www.amazon.com/G-SKILL-Trident-CL28-36-36-96-Desktop-Computer/dp/B0F1RKXGXZ,0.0,455.34
20261003_050925,2026-10-03T05:28:16.211792+00:00,amazon_usa,RAM,B0F9HKLBDW,NEMIX RAM 32GB (1X32GB) DDR5 6400MHz PC5-51200 CL52 2Rx8 1.1V 288-PIN ECC RDIMM Registered Server Memory Compatible with Supermicro MEM-DR532MD-ER64,1867.17,541.13,2026-10-03,0.0,0,https://www.amazon.com/NEMIX-RAM-Compatible-SUPERMICRO-MEM-DR532MD-ER64/dp/B0F9HKLBDW,0.0,541.13
20261003_050925,2026-10-03T05:28:31.561657+00:00,amazon_usa,SSD,B0DX2DPJZ5,"Samsung SSD 9100 PRO 2TB, PCIe 5.0x4 M.2 2280, Up to 14,700MB/s",405.47,117.51,2026-10-03,4.7,1800,https://www.amazon.com/Samsung-9100-PCIe-5-0x4-700MB/dp/B0DX2DPJZ5,0.0,117.51
20261003_050925,2026-10-03T05:28:31.561657+00:00,amazon_usa,SSD,B0GJSCVXHZ,"Sandisk Optimus 5100 2TB NVMe SSD, PCIe 4.0, M.2 2280",303.09,87.84,2026-10-03,4.7,159,https://www.amazon.com/Sandisk-Optimus-5100-NVMe-PCIe/dp/B0GJSCVXHZ,0.0,87.84
20261003_050925,2026-10-03T05:28:31.561657+00:00,amazon_usa,SSD,B0BHJJ9Y77,"Samsung SSD 990 PRO 2TB, PCIe 4.0 M.2 2280, Up to 7,450 MB/s",395.32,114.57,2026-10-03,4.7,13400,https://www.amazon.com/Samsung-SSD-990-PCIe-2280/dp/B0BHJJ9Y77,0.0,114.57
20261003_050925,2026-10-03T05:28:31.561657+00:00,amazon_usa,SSD,B0CTRVZKG7,"Crucial T705 PCIe Gen5 NVMe 2TB SSD, Up to 14,500MB/s, TLC NAND, Intel & Ryzen Compatible, for Hardcore Gaming & High-Speed Storage, Solid State Drive, Includes 1Mo Adobe CC – CT2000T705SSD3 Global Re",393.25,113.97,2026-10-03,4.7,1400,https://www.amazon.com/Crucial-Compatible-Hardcore-High-Speed-Storage/dp/B0CTRVZKG7,0.0,113.97
20261003_050925,2026-10-03T05:28:31.561657+00:00,amazon_usa,SSD,B0F3BD1W6R,"WD_Black SN8100 2TB NVMe SSD - PCIe 5.0x4, M.2 2280, Up to 14,900MB/s Read Speed, up to 11,000MB/s Write Speed, Best for AI Applications, Gaming, and Video Editing - WDS200T1X0M Global Recycled Standa",499.7,144.82,2026-10-03,4.7,1000,https://www.amazon.com/WD_BLACK-SN8100-Internal-Solid-State/dp/B0F3BD1W6R,0.0,144.82
20261003_050925,2026-10-03T05:28:31.561657+00:00,amazon_usa,SSD,B0DHLCRF91,"Samsung SSD 990 EVO Plus 2TB, PCIe Gen 4x4 | 5x2 M.2 2280, Up to 7,250 MB/s",375.03,108.69,2026-10-03,4.8,7000,https://www.amazon.com/Samsung-SSD-Plus-PCIe-2280/dp/B0DHLCRF91,0.0,108.69
20261003_050925,2026-10-03T05:28:31.561657+00:00,amazon_usa,SSD,B0H85XZRVP,2TB NVMe SSD M.2 2280 PCIe Gen4 for PS5 Expansion 7300MB/s,320.31,92.83,2026-10-03,0.0,0,https://www.amazon.com/Lufasnd-NVMe-2280-Expansion-7300MB/dp/B0H85XZRVP,0.0,92.83
20261003_050925,2026-10-03T05:28:31.561657+00:00,amazon_usa,SSD,B0B55SWRCY,"fanxiang S500 Pro 256GB NVMe SSD M.2 PCIe 3.0, Gen 3x4 2280 Internal Solid State Drive, SLC Cache 3D NAND TLC, Up to 3000MB/s, Compatible with Laptop and PC Desktops(Black)",57.76,16.74,2026-10-03,4.5,6300,https://www.amazon.com/fanxiang-S500-Pro-Internal-Compatible/dp/B0B55SWRCY,0.0,16.74
20261003_050925,2026-10-03T05:28:31.561657+00:00,amazon_usa,SSD,B0B996CJ64,"Silicon Power 2TB UD90 NVMe 4.0 Gen4 PCIe M.2 SSD R/W up to 5,000/4,800 MB/s (SP02KGBP44UD9005)",293.95,85.19,2026-10-03,4.4,3600,https://www.amazon.com/Silicon-Power-UD90-NVMe-SP02KGBP44UD9005/dp/B0B996CJ64,0.0,85.19
20261003_050925,2026-10-03T05:28:31.561657+00:00,amazon_usa,SSD,B0F9XMYR15,"Crucial T710 PCIe Gen5 NVMe 2TB SSD, Up to 14,900 MB/s, Laptop & Desktop Compatible (PC), for Creatives and Hardcore Gamers, Solid State Drive, Includes 1Mo Adobe CC – CT2000T710SSD8-01",438.9,127.2,2026-10-03,4.6,822,https://www.amazon.com/Internal-Compatible-Software-Mac-OS-X/dp/B0F9XMYR15,0.0,127.2
20261003_050925,2026-10-03T05:28:31.561657+00:00,amazon_usa,SSD,B0GBXSRT3D,"SUNEAST Black Series 2TB SSD Gen5, PCIe 5.0x4 NVMe M.2 2280",329.42,95.47,2026-10-03,4.5,17,https://www.amazon.com/SUNEAST-Black-Gen5-PCIe-5-0x4/dp/B0GBXSRT3D,0.0,95.47
20261003_050925,2026-10-03T05:28:31.561657+00:00,amazon_usa,SSD,B0FJXFR9RD,"Ediloca SSD 2TB NVMe PCIe 5.0x4, Up to 14,000MB/s Read, 10,000MB/s Write, 2TB SSD with 2GB LPDDR4 DRAM & Dynamic SLC Cache, M.2 2280 3D TLC for Gaming/Video Editing/PC/Laptop (EN1400 Pro)",314.24,91.07,2026-10-03,4.8,17,https://www.amazon.com/Ediloca-LPDDR4-Dynamic-Gaming-Editing/dp/B0FJXFR9RD,0.0,91.07
20261003_050925,2026-10-03T05:28:31.561657+00:00,amazon_usa,SSD,B0DC8RVRBZ,"Crucial P310 2TB SSD, PCIe Gen4 NVMe M.2 2280, Up to 7,100MB/s, for Laptop, Desktop (PC), & Handheld Gaming Consoles, Includes Acronis Data Recovery Software, Solid State Drive - CT2000P310SSD801 Glob",253.78,73.55,2026-10-03,4.7,11200,https://www.amazon.com/Crucial-P310-2280-PCIe-Gen4/dp/B0DC8RVRBZ,8.0,81.55
20261003_050925,2026-10-03T05:28:31.561657+00:00,amazon_usa,SSD,B0CXVGC466,SABRENT Rocket 5 2TB Advanced Performance Internal M.2 PCIe GEN 5 14GB/s X4 NVMe SSD (SB-RKT5-2TB),354.78,102.82,2026-10-03,4.7,127,https://www.amazon.com/SABRENT-Advanced-Performance-Internal-SB-RKT5-2TB/dp/B0CXVGC466,0.0,102.82
20261003_050925,2026-10-03T05:28:31.561657+00:00,amazon_usa,SSD,B0F25B9JJ3,"Lexar 2TB NM1090 PRO NVMe SSD, 14,000/13,000 MB/s, M.2 2280, PCIe Gen 5",608.19,176.26,2026-10-03,4.5,90,https://www.amazon.com/Lexar-NM1090-NVMe-2280-PCIe/dp/B0F25B9JJ3,0.0,176.26
20261003_050925,2026-10-03T05:28:31.561657+00:00,amazon_usa,SSD,B0DKNY3HRV,"Corsair MP700 Elite 2TB PCIe 5.0 x4 NVMe M.2 SSD – Up to 10,000MB/sec – High-Density 3D TLC NAND – M.2 2280 - DirectStorage Compatible – Black",466.27,135.13,2026-10-03,4.8,320,https://www.amazon.com/Corsair-MP700-Elite-PCIe-NVMe/dp/B0DKNY3HRV,0.0,135.13
20261003_050925,2026-10-03T05:28:31.561657+00:00,amazon_usa,SSD,B0FGQ19H9B,"SIX NVME M.2 SSD 2TB - PCIe gen 5.0x4 X15000 SSD M.2 2280, Seq. Speed Up to 14,300MB/s,AI Computering Gaming by Internal Solid State Hard Drive for Laptop/Desktop PC Nvme m2 PCIe 5 2TB with Heatsink",375.03,108.69,2026-10-03,4.6,800,https://www.amazon.com/SIX-NVME-M-2-SSD-2TB/dp/B0FGQ19H9B,0.0,108.69
20261003_050925,2026-10-03T05:28:31.561657+00:00,amazon_usa,SSD,B0DQSJZTZ5,"Crucial E100 2TB M.2 NVMe PCIe Gen4 Internal SSD, Up to 5,000MB/s, Laptop & Desktop Compatible - CT2000E100SSD8",263.03,76.23,2026-10-03,4.5,1000,https://www.amazon.com/Crucial-Internal-Laptop-Desktop-Compatible-PC/dp/B0DQSJZTZ5,0.0,76.23
20261003_050925,2026-10-03T05:28:31.561657+00:00,amazon_usa,SSD,B0FPPTX9W5,"2TB NVMe Gen 5.0 SSD, Up 14,000MB/s,DRAM Cache, Graphene Heatsink",405.47,117.51,2026-10-03,4.5,164,https://www.amazon.com/OSCOO-Graphene-Applications-Heavy-Duty-Workstations/dp/B0FPPTX9W5,0.0,117.51
20261003_050925,2026-10-03T05:28:31.561657+00:00,amazon_usa,SSD,B0FH26CFDB,"fanxiang 2TB PCIe 5.0 x4 NVMe M.2 SSD,Up to 14000 MB/s,DRAM Cache and SLC NAND,High Performance Solid State Drive for AI Applications, Gaming, PC, Laptop",324.35,94.0,2026-10-03,3.9,42,https://www.amazon.com/fanxiang-Performance-Applications-Gaming-Laptop/dp/B0FH26CFDB,0.0,94.0
20261003_050925,2026-10-03T05:28:31.561657+00:00,amazon_usa,SSD,B0DX2G349M,"Samsung SSD 9100 PRO 1TB, PCIe 5.0x4 M.2 2280, Up to 14,700MB/s",253.4,73.44,2026-10-03,4.7,1800,https://www.amazon.com/Samsung-9100-PCIe-5-0x4-700MB/dp/B0DX2G349M,0.0,73.44
20261003_050925,2026-10-03T05:28:31.561657+00:00,amazon_usa,SSD,B0DBR6TRZQ,Kingston NV3 2TB M.2 2280 NVMe SSD | PCIe 4.0 Gen 4x4 | Up to 6000 MB/s | SNV3S/2000G,282.8,81.96,2026-10-03,4.7,14000,https://www.amazon.com/Kingston-2280-NVMe-PCIe-SNV3S-2000G/dp/B0DBR6TRZQ,0.0,81.96
20261003_050925,2026-10-03T05:28:31.561657+00:00,amazon_usa,SSD,B0C9DPWRZ3,"Fikwot FN955 2TB NVMe SSD M.2 2280 PCIe Gen4x4, Up to 7300MB/s, 3D NAND TLC Flash Internal Solid State Drive, Configure SLC Cache, Storage and Memory Expansion for PS5 Laptop Desktop",304.09,88.13,2026-10-03,4.6,1200,https://www.amazon.com/Fikwot-FN955-Internal-Solid-State/dp/B0C9DPWRZ3,0.0,88.13
20261003_050925,2026-10-03T05:28:31.561657+00:00,amazon_usa,SSD,B0FJ1NNYTS,INLAND TN510 2TB NVMe SSD PCIe 5.0 Gen5x4 Internal Solid State Drive,334.49,96.94,2026-10-03,4.3,7,https://www.amazon.com/INLAND-TN510-Internal-Solid-State/dp/B0FJ1NNYTS,0.0,96.94
20261003_050925,2026-10-03T05:28:35.700187+00:00,amazon_usa,SSD,B07ZQ97H3W,Silicon Power 2TB NVMe M.2 PCIe Gen3x4 2280 SSD Solid State Drive (SP002TBP34A60M28),261.0,75.64,2026-10-03,4.4,1500,https://www.amazon.com/Silicon-Power-Gen3x4-Solid-SP002TBP34A60M28/dp/B07ZQ97H3W,0.0,75.64
20261003_050925,2026-10-03T05:28:35.700187+00:00,amazon_usa,SSD,B09F5W62N8,"Predator M.2 SSD 2TB GM7000 with DRAM cache NVMe 1.4 2280 PCIe Gen4×4 Ultra high speed (maximum read: 7400MB/s, max write: 6700MB/s) 3D NAND TLC Internal SSD Compatible with PS5 Pro - BL.9BWWR.106",375.03,108.69,2026-10-03,4.7,3400,https://www.amazon.com/Acer-Predator-GM7000-NVMe-Gaming/dp/B09F5W62N8,0.0,108.69
20261003_050925,2026-10-03T05:28:35.700187+00:00,amazon_usa,SSD,B0FGP7W3NJ,"SIX NVME M.2 SSD PCIe 4.0-1TB m.2 2280 ssd, Read UP to 7350MB/s 1TB for Gaming PS5 Memory Storage Expansion with Heatsink, Internal Solid State Hard Drive PCIe gen 4x4 Nvme for Laptop Desktop pc",177.39,51.41,2026-10-03,4.6,800,https://www.amazon.com/SIX-SSD-Expansion-Heatsink-Internal/dp/B0FGP7W3NJ,0.0,51.41
20261003_050925,2026-10-03T05:28:35.700187+00:00,amazon_usa,SSD,B0FLB43X3V,Patriot P410 2TB PCIe Gen 4x4 M.2 2280 SSD,273.66,79.31,2026-10-03,4.6,26,https://www.amazon.com/Patriot-P410-2TB-Internal-SSD/dp/B0FLB43X3V,0.0,79.31
20261003_050925,2026-10-03T05:28:35.700187+00:00,amazon_usa,SSD,B0BHJDY57J,"SAMSUNG 990 PRO w/ Heatsink SSD 2TB, PCIe Gen4 M.2 2280 Internal Solid State Hard Drive, Seq. Read Speeds Up To 7,450MB/s for High End Computing, Workstations, Compatible w/ PlayStation 5, MZ-V9P2T0CW",491.63,142.48,2026-10-03,4.7,5100,https://www.amazon.com/SAMSUNG-Expansion-Compatible-Playstation5-MZ-V9P2T0CW/dp/B0BHJDY57J,0.0,142.48
20261003_050925,2026-10-03T05:28:35.700187+00:00,amazon_usa,SSD,B0GVYD6CFN,SSK 2TB Internal M.2 NVMe SSD 2280 PCIe Gen5 up to 14000MB/s Internal SSD,334.49,96.94,2026-10-03,5.0,3,https://www.amazon.com/SSK-Internal-NVMe-2280-14000MB/dp/B0GVYD6CFN,0.0,96.94
20261003_050925,2026-10-03T05:28:35.700187+00:00,amazon_usa,SSD,B0CGKHGMW5,"Lexar 2TB NM790 NVMe SSD w/Heatsink, 7400/6500 MB/s, M.2 2280, PCIe Gen 4x4",375.55,108.84,2026-10-03,4.8,1300,https://www.amazon.com/Lexar-Heatsink-Internal-Compatible-LNM790X002T-RN9NU/dp/B0CGKHGMW5,0.0,108.84
20261003_050925,2026-10-03T05:28:35.700187+00:00,amazon_usa,SSD,B0DN6ZQ3PD,"WD_Black SN7100 2TB NVMe SSD - Gen4 PCIe, M.2 2280, Up to 7,250 MB/s Read Speed, Up to 6,900 MB/s Write Speed, Next Gen TLC 3D NAND, for Laptops, Handheld Gaming Devices - WDS200T4X0E",324.35,94.0,2026-10-03,4.8,6500,https://www.amazon.com/WD_BLACK-SN7100-Internal-Gaming-Solid/dp/B0DN6ZQ3PD,0.0,94.0
20261003_050925,2026-10-03T05:28:35.700187+00:00,amazon_usa,SSD,B0C91X5DZL,"Lexar 2TB NM790 Internal NVMe SSD, 7400/6500 MB/s, M.2 2280, PCIe Gen 4x4",341.6,99.0,2026-10-03,4.8,1200,https://www.amazon.com/Lexar-Internal-Compatible-Creators-LNM790X002T-RNNNU/dp/B0C91X5DZL,0.0,99.0
20261003_050925,2026-10-03T05:28:35.700187+00:00,amazon_usa,SSD,B0FPPVXVZK,"2TB PCIe 4.0 NVMe SSD, M.2 2280, Up to 7,400MB/s, Graphene Heatsink",304.09,88.13,2026-10-03,4.6,63,https://www.amazon.com/OSCOO-Graphene-Heatsink-Internal-Workstations/dp/B0FPPVXVZK,0.0,88.13
20261003_050925,2026-10-03T05:28:35.700187+00:00,amazon_usa,SSD,B09DVRBNWV,"Western Digital 2TB WD Green SN350 NVMe Internal SSD Solid State Drive - Gen3 PCIe, QLC, M.2 2280, Up to 3,200 MB/s - WDS200T3G0C",249.37,72.27,2026-10-03,4.7,12900,https://www.amazon.com/Western-Digital-Green-SN350-Internal/dp/B09DVRBNWV,0.0,72.27
20261003_050925,2026-10-03T05:28:35.700187+00:00,amazon_usa,SSD,B0C47ZX1WB,"WD_BLACK 2TB SN850P NVMe M.2 SSD Officially Licensed Storage Expansion for PS5 Consoles, up to 7,300MB/s, with heatsink - WDBBYV0020BNC-WRSN",430.79,124.85,2026-10-03,4.8,11100,https://www.amazon.com/Western-Digital-Officially-Licensed-Expansion/dp/B0C47ZX1WB,0.0,124.85
20261003_050925,2026-10-03T05:28:35.700187+00:00,amazon_usa,SSD,B0DSK5WLPC,"fanxiang 2TB NVMe Internal Gaming SSD for PS5 with Heatsink, Up to 7100MB/s M.2 SSD PCIe Gen 4 SSD Storage Expansion Compatible with PS5, Internal Solid State Drive for Gamers, Professionals, Creators",334.49,96.94,2026-10-03,4.7,652,https://www.amazon.com/fanxiang-Internal-Expansion-Compatible-Professionals/dp/B0DSK5WLPC,0.0,96.94
20261003_050925,2026-10-03T05:28:35.700187+00:00,amazon_usa,SSD,B0CT8VVDS8,fanxiang 2TB Gen5 NVMe M.2 SSD with Heatsink - Up to 12000 MB/s PCIe 5.0 SSD TLC Internal Gaming SSD Solid State Drive for DirectStorage/Video Editing/Design S900Pro,283.8,82.25,2026-10-03,3.8,23,https://www.amazon.com/fanxiang-Gen5-NVMe-Heatsink-DirectStorage/dp/B0CT8VVDS8,0.0,82.25
20261003_050925,2026-10-03T05:28:35.700187+00:00,amazon_usa,SSD,B0DX2FN49V,"Samsung SSD 9100 PRO w/Heatsink 2TB, PCIe 5.0x4 M.2 2280, Up to 14,700MB/s",562.54,163.03,2026-10-03,4.6,389,https://www.amazon.com/Samsung-Heatsink-Computing-Workstations-MZ-VAP2T0CW/dp/B0DX2FN49V,0.0,163.03
20261003_050925,2026-10-03T05:28:35.700187+00:00,amazon_usa,SSD,B0C69R19Y3,"MOVE SPEED HB7450 2TB SSD for PS5 with Heatsink TLC NAND, PCIe 4.0 NVMe M.2 Internal Solid State Drive - Up to 7450MB/s, 3D Storage Expansion Compatible with PS5, Desktops and Laptops",304.09,88.13,2026-10-03,4.6,848,https://www.amazon.com/MOVE-SPEED-HB7450-Heatsink-Internal/dp/B0C69R19Y3,0.0,88.13
20261003_050925,2026-10-03T05:28:35.700187+00:00,amazon_usa,SSD,B0GJS98B1Q,"Sandisk Optimus 5100 1TB NVMe SSD, PCIe 4.0, M.2 2280",191.57,55.52,2026-10-03,4.7,159,https://www.amazon.com/Sandisk-Optimus-5100-NVMe-PCIe/dp/B0GJS98B1Q,0.0,55.52
20261003_050925,2026-10-03T05:28:35.700187+00:00,amazon_usa,SSD,B0F5VFWQGH,"Acer Predator GM9 M.2 Gen5 SSD 2TB, up to 14500 MB/s, NVMe 2.0 PCIe 5.0 Internal Solid State Drive for AI Workloads, Gaming & Content Creation, Compatible with DirectStorage, Laptop and Desktop PC",431.8,125.14,2026-10-03,4.7,112,https://www.amazon.com/acer-Predator-Workloads-Compatible-DirectStorage/dp/B0F5VFWQGH,0.0,125.14
20261003_050925,2026-10-03T05:28:35.700187+00:00,amazon_usa,SSD,B0GWDVDX1V,"KingSpec 2TB M.2 SSD 2280 NVMe PCIe 4.0 x4, Read/Write Speed up to 4000/3500MB/s, Internal M2 PCIe SSD Compatible with Gaming Console/Desktop/Gaming Laptop",249.33,72.26,2026-10-03,4.5,121,https://www.amazon.com/KingSpec-2280-Internal-Compatible-Console/dp/B0GWDVDX1V,0.0,72.26
20261003_050925,2026-10-03T05:28:35.700187+00:00,amazon_usa,SSD,B08CDM2HSS,"TEAMGROUP MP33 2TB SLC Cache 3D NAND TLC NVMe 1.3 PCIe Gen3x4 M.2 2280 Internal Solid State Drive SSD (Read/Write Speed up to 1,800/1,500 MB/s) Compatible with Laptop & PC Desktop TM8FP6002T0C101",253.4,73.44,2026-10-03,4.7,4500,https://www.amazon.com/TEAMGROUP-Internal-Compatible-Desktop-TM8FP6002T0C101/dp/B08CDM2HSS,0.0,73.44
20261003_050925,2026-10-03T05:28:35.700187+00:00,amazon_usa,SSD,B0921RKRDH,TEAMGROUP T-FORCE A440 Aluminum Heatsink 2TB DRAM SLC Cache 3D NAND TLC NVMe PCIe Gen4x4 M.2 2280 Internal SSD R/W 7000/6900 MB/s TM8FPZ002T0C327,346.67,100.47,2026-10-03,4.7,413,https://www.amazon.com/TEAMGROUP-Aluminum-Heatsink-Internal-TM8FPZ002T0C327/dp/B0921RKRDH,0.0,100.47
20261003_050925,2026-10-03T05:28:35.700187+00:00,amazon_usa,SSD,B0DZ5XQNLM,"Crucial P510 PCIe Gen5 NVMe 2TB SSD, Up to 10,000MB/s, TLC NAND, Laptop & Desktop (PC) Compatible, for Gamers & Creatives, Solid State Drive – CT2000P510SSD8-01",373.03,108.11,2026-10-03,4.5,445,https://www.amazon.com/Crucial-Internal-Compatible-Desktop-Software/dp/B0DZ5XQNLM,0.0,108.11
20261003_050925,2026-10-03T05:28:35.700187+00:00,amazon_usa,SSD,B0CWQP2VGH,TEAMGROUP T-Force G50 2TB SLC Caching 3D TLC NAND NVMe InnoGrit PCIe Gen4x4 M.2 2280 Gaming SSD with Ultra-Thin Graphene Heat Spreader Works with PS5 Read/Write 5000/4500 MB/s TM8FFE002T0C129,329.42,95.47,2026-10-03,4.7,277,https://www.amazon.com/TEAMGROUP-InnoGrit-ultra-thin-graphene-TM8FFE002T0C129/dp/B0CWQP2VGH,0.0,95.47
20261003_050925,2026-10-03T05:28:40.143904+00:00,amazon_usa,SSD,B0FJ8QMW4H,"WD Blue SN5100 2TB NVMe SSD - M.2 2280, PCIe Gen 4.0, Internal Solid State Drive - Read Speeds Up to 7,100MB/s, Upgrade Storage for PC/Laptops - WDS200T5B0E",282.8,81.96,2026-10-03,4.8,920,https://www.amazon.com/Blue-SN5100-2TB-NVMe-SSD/dp/B0FJ8QMW4H,0.0,81.96
20261003_050925,2026-10-03T05:28:40.143904+00:00,amazon_usa,SSD,B0H8KXB8WJ,"SUNEAST 2TB M.2 2280 PCIe4.0 NVMe Gen4x4 Internal SSD,Up to 7450MB/s Read",263.55,76.38,2026-10-03,4.4,8,https://www.amazon.com/SUNEAST-PCIe4-0-Gen4x4-Internal-7450MB/dp/B0H8KXB8WJ,0.0,76.38
20261003_050925,2026-10-03T05:28:40.143904+00:00,amazon_usa,SSD,B0GHYN28WB,"Sandisk Optimus GX PRO 8100 1TB PCIe 5.0 NVMe SSD with Heatsink, M.2 2280",324.35,94.0,2026-10-03,5.0,1,https://www.amazon.com/SANDISK-Optimus-8100-PCIe-Heatsink/dp/B0GHYN28WB,0.0,94.0
20261003_050925,2026-10-03T05:28:40.143904+00:00,amazon_usa,SSD,B0F5WDRNX3,"Fikwot FX910 2TB M.2 NVMe SSD for PS5&PC, PCIe Gen4 2280 Gaming SSD with Heatsink, Up to 7300MB/s, Internal Solid State Drive",334.49,96.94,2026-10-03,4.7,382,https://www.amazon.com/Fikwot-FX910-Gaming-Heatsink-Internal/dp/B0F5WDRNX3,0.0,96.94
20261003_050925,2026-10-03T05:28:40.143904+00:00,amazon_usa,SSD,B0CRC7H66Z,"Samsung SSD 990 EVO 2TB, PCIe Gen 4x4 | 5x2 M.2 2280, Up to 5,000MB/s",403.43,116.92,2026-10-03,4.8,1300,https://www.amazon.com/Samsung-SSD-PCIe-2280-000MB/dp/B0CRC7H66Z,0.0,116.92
20261003_050925,2026-10-03T05:28:40.143904+00:00,amazon_usa,SSD,B0BHJF2VRN,"Samsung SSD 990 PRO 1TB, PCIe 4.0 M.2 2280, Up to 7,450 MB/s",243.26,70.5,2026-10-03,4.7,13400,https://www.amazon.com/Samsung-SSD-990-PCIe-2280/dp/B0BHJF2VRN,0.0,70.5
20261003_050925,2026-10-03T05:28:40.143904+00:00,amazon_usa,SSD,B0GJSFFLXZ,"Sandisk Optimus 5100 500GB NVMe SSD, PCIe 4.0, M.2 2280",111.49,32.31,2026-10-03,4.7,159,https://www.amazon.com/Sandisk-Optimus-5100-500GB-NVMe/dp/B0GJSFFLXZ,0.0,32.31
20261003_050925,2026-10-03T05:28:40.143904+00:00,amazon_usa,SSD,B0F9NS8VWT,"BIWIN Black Opal X570 Gen5 SSD 2TB, M.2 2280 PCIe 5.0 NVMe 2.0, Up to 14500 MB/s, Directstorage Compatible Internal PC Solid State Drive for Laptop, Desktop - BX570NN02TB-RGX",395.32,114.57,2026-10-03,4.4,100,https://www.amazon.com/BIWIN-Directstorage-Compatible-Internal-Desktop/dp/B0F9NS8VWT,0.0,114.57
20261003_050925,2026-10-03T05:28:40.143904+00:00,amazon_usa,SSD,B0D61SDZD2,"Crucial P310 2TB M.2 2230 SSD, PCIe Gen4 NVMe, Up to 7,100MB/s, Ideal for Steam Deck, ASUS ROG Ally, MSI Claw, Mini PCs & Ultrabooks, Solid State Drive - CT2000P310SSD2",366.96,106.35,2026-10-03,4.7,2200,https://www.amazon.com/Crucial-2024-P310-PCIe-Gen4/dp/B0D61SDZD2,0.0,106.35
20261003_050925,2026-10-03T05:28:40.143904+00:00,amazon_usa,SSD,B09H2YHXDB,Inland 2TB Gaming NVMe SSD Internal Solid State Drive Optimized for PS5,332.46,96.35,2026-10-03,4.5,253,https://www.amazon.com/INLAND-Performance-Internal-7000MB-6850MB/dp/B09H2YHXDB,0.0,96.35
20261003_050925,2026-10-03T05:28:40.143904+00:00,amazon_usa,SSD,B09QV5KJHV,"WD_BLACK 2TB SN770 NVMe Internal Gaming SSD Solid State Drive - Gen4 PCIe, M.2 2280, Up to 5,150 MB/s - WDS200T3X0E - [Previous Generation]",446.01,129.26,2026-10-03,4.8,26200,https://www.amazon.com/WD_BLACK-SN770-Internal-Gaming-Solid/dp/B09QV5KJHV,0.0,129.26
20261003_050925,2026-10-03T05:28:40.143904+00:00,amazon_usa,SSD,B0D7MKYNLX,"Western Digital 2TB WD Blue SN5000 NVMe Internal Solid State Drive SSD - PCIe Gen 4.0, M.2 2280, Up to 5,150 MB/s - WDS200T4B0E [New Generation]",304.09,88.13,2026-10-03,4.6,2900,https://www.amazon.com/Western-Digital-SN5000-Internal-Solid/dp/B0D7MKYNLX,0.0,88.13
20261003_050925,2026-10-03T05:28:40.143904+00:00,amazon_usa,SSD,B0CK2TC9XQ,"Crucial T500 PCIe Gen4 NVMe 2TB SSD, Up to 7,400MB/s, TLC NAND, Laptop & Desktop (PC) Compatible, for Creatives and Gamers, Solid State Drive, Includes 1Mo Adobe CC – CT2000T500SSD8",465.78,134.99,2026-10-03,4.8,5500,https://www.amazon.com/Crucial-Internal-Gaming-Desktop-Compatible/dp/B0CK2TC9XQ,0.0,134.99
20261003_050925,2026-10-03T05:28:40.143904+00:00,amazon_usa,SSD,B0F18WJSX8,"Vansuny 2TB NVMe M.2 SSD,M2 2280 PCIe 4.0 Internal Solid State Drive,Read Up to 7300MB/s with Heatsink and Screwdrivers for PS5 Consoles PC Gaming Design",293.95,85.19,2026-10-03,4.4,71,https://www.amazon.com/Vansuny-2TB-NVMe-M-2-SSD/dp/B0F18WJSX8,0.0,85.19
20261003_050925,2026-10-03T05:28:40.143904+00:00,amazon_usa,SSD,B0FL72QR63,"Fikwot FX995 Max M.2 NVMe SSD 2TB, PCIe 5.0, Up to 14000MB/s Internal Solid State Drive, Fast Heat Dissipation, Best for AI Applications, E-Sports Players, and Rendering Professionals, etc",283.8,82.25,2026-10-03,4.0,10,https://www.amazon.com/Fikwot-FX995-Max-Applications-Professionals/dp/B0FL72QR63,0.0,82.25
20261003_050925,2026-10-03T05:28:40.143904+00:00,amazon_usa,SSD,B0GK1M1N4V,"Sandisk Optimus GX 7100 1TB NVMe SSD, PCIe 4.0, M.2 2280",201.72,58.46,2026-10-03,4.5,98,https://www.amazon.com/Sandisk-Optimus-7100-NVMe-SDSP71100TAN/dp/B0GK1M1N4V,0.0,58.46
20261003_050925,2026-10-03T05:28:40.143904+00:00,amazon_usa,SSD,B0DBR3DZWG,Kingston NV3 1TB M.2 2280 NVMe SSD | PCIe 4.0 Gen 4x4 | Up to 6000 MB/s | SNV3S/1000G,159.14,46.12,2026-10-03,4.7,14000,https://www.amazon.com/Kingston-NV3-Solid-State-Drive/dp/B0DBR3DZWG,0.0,46.12
20261003_050925,2026-10-03T05:28:40.143904+00:00,amazon_usa,SSD,B0DQBQZ9LX,"Crucial P310 2280 2TB PCIe Gen4 NVMe Gaming PS5 SSD with Heatsink, Up to 7,100MB/s, PlayStation5, Laptop & Desktop (PC) Compatible, Solid State Drive - CT2000P310SSD5-01",333.94,96.78,2026-10-03,4.8,1700,https://www.amazon.com/Crucial-Heatsink-PlayStation5-Desktop-Compatible/dp/B0DQBQZ9LX,0.0,96.78
20261003_050925,2026-10-03T05:28:40.143904+00:00,amazon_usa,SSD,B0D3PHZF13,"TEAMGROUP T-Force GA PRO 2TB SSD Patented Graphene Heatsink DRAM SLC Cache 3D TLC NAND NVMe InnoGrit PCIe Gen5x4 M.2 2280 Internal SSD Read/Write 10,000/8,500 MB/s TM8FFJ002T0C129",336.53,97.53,2026-10-03,3.7,9,https://www.amazon.com/TEAMGROUP-Graphene-Heatsink-InnoGrit-TM8FFJ002T0C129/dp/B0D3PHZF13,0.0,97.53
20261003_050925,2026-10-03T05:28:40.143904+00:00,amazon_usa,SSD,B0FP5B6R9H,"Gigastone 2TB Game Turbo PCIe Gen4x4 SSD (2-Pack) Up to 7,300MB/s with SLC Caching Gaming/PC/Desktop/Laptop 5-Year Warranty M.2 NVMe PCIe 4.0 2280 Internal Solid State Drive",506.81,146.88,2026-10-03,4.7,47,https://www.amazon.com/Gigastone-Internal-Upgrade-Rendering-Creators/dp/B0FP5B6R9H,0.0,146.88
20261003_050925,2026-10-03T05:28:40.143904+00:00,amazon_usa,SSD,B0CGF9T5P2,"Seagate Game Drive PS5 NVMe SSD for PS5 2TB Internal Solid State Drive - PCIe Gen4 NVMe 1.4, Officially Licensed, Up to 7300MB/s with Heatsink (ZP2000GP3A1001)",841.34,243.83,2026-10-03,4.6,229,https://www.amazon.com/Seagate-Drive-Internal-Solid-State/dp/B0CGF9T5P2,0.0,243.83
20261003_050925,2026-10-03T05:28:40.143904+00:00,amazon_usa,SSD,B0CHGT1KFJ,"Samsung SSD 990 PRO 4TB, PCIe 4.0 M.2 2280, Up to 7,450 MB/s",1002.65,290.58,2026-10-03,4.7,13400,https://www.amazon.com/Samsung-SSD-990-PCIe-2280/dp/B0CHGT1KFJ,0.0,290.58
20261003_050925,2026-10-03T05:28:40.143904+00:00,amazon_usa,SSD,B0F5WHF6F2,"Crucial P510 2TB 3D NAND NVMe PCIe 5.0 M.2 SSD up to 10,000 MB/s CT2000P510SSD8-JP",370.0,107.23,2026-10-03,4.5,9,https://www.amazon.com/Crucial-P510-NAND-NVMe-CT2000P510SSD8-JP/dp/B0F5WHF6F2,0.0,107.23
20261003_050925,2026-10-03T05:28:40.143904+00:00,amazon_usa,SSD,B0B7CKZGN6,"WD_BLACK SN850X 2TB NVMe SSD with Heatsink - M.2 2280, Up to 7,300 MB/s Read speeds, Up to 6,300 MB/s write speeds, Gaming Expansion, High Performance Internal Solid State Drive - WDS200T2XHE",443.98,128.67,2026-10-03,4.8,8300,https://www.amazon.com/WD_BLACK-SN850X-Internal-Gaming-Heatsink/dp/B0B7CKZGN6,0.0,128.67
20261003_050925,2026-10-03T05:28:44.622359+00:00,amazon_usa,SSD,B0CM941D89,"fanxiang 2TB NVMe SSD PCIe Gen4 M.2 SSD for PS5, Up to 5000 MB/s, Internal Gaming 3D NAND SLC Cache Solid State Drive Upgrade Storage for PC/Laptops S690Q",302.06,87.54,2026-10-03,4.4,1400,https://www.amazon.com/fanxiang-Internal-Playstation-Upgrade-Storage/dp/B0CM941D89,0.0,87.54
20261003_050925,2026-10-03T05:28:44.622359+00:00,amazon_usa,SSD,B0FVV6JX8X,PNY CS2241 2TB PCIe Gen4 x4 NVMe M.2 2280 Internal SSD Complete Upgrade Kit,286.84,83.13,2026-10-03,5.0,2,https://www.amazon.com/PNY-CS2241-PCIe-Upgrade-M280CS2241-2TBKIT-RB/dp/B0FVV6JX8X,0.0,83.13
20261003_050925,2026-10-03T05:28:44.622359+00:00,amazon_usa,SSD,B0C7Z56JJ6,"Ediloca 2TB SSD NVMe M.2 2280 PCIe Gen4 x4 Internal Solid State Drive, 2TB NVME SSD Read Speed up to 7400MB/s, Dynamic SLC Cache, Compatible with PS5, Gaming PC, and Laptop(EN870)",304.09,88.13,2026-10-03,4.5,1100,https://www.amazon.com/Ediloca-EN870-Dynamic-Internal-Compatible/dp/B0C7Z56JJ6,0.0,88.13
20261003_050925,2026-10-03T05:28:44.622359+00:00,amazon_usa,SSD,B0DPNNDB78,PNY CS2150 2TB PCIe Gen5 x4 NVMe M.2 2280 Internal SSD,375.07,108.7,2026-10-03,4.8,173,https://www.amazon.com/PNY-CS2150-Gen5-PCIe-M280CS2150-2TB-TB/dp/B0DPNNDB78,0.0,108.7
20261003_050925,2026-10-03T05:28:44.622359+00:00,amazon_usa,SSD,B0CXXWB52R,"Fikwot FX660 2TB M.2 SSD, PCIe Gen 4x4 Dynamic SLC Cache - Speeds up to 5200MB/s M.2 2280 NVMe Internal SSD, Upgrade Storage for PC Computer, Laptop and PS5",304.09,88.13,2026-10-03,4.5,498,https://www.amazon.com/Fikwot-FX660-PCIe-Dynamic-Cache/dp/B0CXXWB52R,0.0,88.13
20261003_050925,2026-10-03T05:28:44.622359+00:00,amazon_usa,SSD,B0CM42DVBR,"Corsair MP700 PRO 2TB M.2 PCIe Gen5 x4 NVMe 2.0 SSD – M.2 2280 – Up to 12,400MB/sec Sequential Read – High-Density TLC NAND – Black",480.48,139.25,2026-10-03,4.6,411,https://www.amazon.com/Corsair-MP700-PCIe-Gen5-NVMe/dp/B0CM42DVBR,0.0,139.25
20261003_050925,2026-10-03T05:28:44.622359+00:00,amazon_usa,SSD,B09Q2NCFS7,"Corsair MP600 PRO LPX 2TB M.2 NVMe PCIe x4 Gen4 SSD - Optimized for PS5 (Up to 7,100MB/sec Sequential Read & 5,800MB/sec Sequential Write Speeds, High-Speed Interface, Compact Form Factor) Black",582.86,168.92,2026-10-03,4.8,10600,https://www.amazon.com/Corsair-MP600-NVMe-PCIe-Gen4/dp/B09Q2NCFS7,0.0,168.92
20261003_050925,2026-10-03T05:28:44.622359+00:00,amazon_usa,SSD,B0BPXRY7N2,"Samsung 990 PRO 2TB PCIe Gen 4.0 x4 (Maximum Transfer Rate 7,450MB/s) NVMe M.2 (2280) Internal SSD MZ-V9P2T0B-IT/EC",418.61,121.32,2026-10-03,4.7,553,https://www.amazon.com/Samsung-Transfer-Internal-MZ-V9P2T0B-EC/dp/B0BPXRY7N2,0.0,121.32
20261003_050925,2026-10-03T05:28:44.622359+00:00,amazon_usa,SSD,B0H2H1K6J5,"KingSpec 2TB M.2 NVMe Gen3 SSD 2280, 3500MB/s Read Speed, for Laptop PC",243.26,70.5,2026-10-03,4.7,36,https://www.amazon.com/KingSpec-NVMe-3500MB-Speed-Laptop/dp/B0H2H1K6J5,0.0,70.5
20261003_050925,2026-10-03T05:28:44.622359+00:00,amazon_usa,SSD,B0B3RQDGL7,WD_Black SN850X 2TB NVMe PCIe 4.0 x4 M.2 Internal Gaming SSD Without Heatsink,425.58,123.34,2026-10-03,4.9,25,https://www.amazon.com/WD_Black-SN850X-Internal-SSD-Heatsink/dp/B0B3RQDGL7,0.0,123.34
20261003_050925,2026-10-03T05:28:44.622359+00:00,amazon_usa,SSD,B0DHLFWBQ1,"Samsung SSD 990 EVO Plus 1TB, PCIe Gen 4x4 | 5x2 M.2 2280, Up to 7,150 MB/s",240.22,69.62,2026-10-03,4.8,7000,https://www.amazon.com/Samsung-SSD-Plus-PCIe-2280/dp/B0DHLFWBQ1,0.0,69.62
20261003_050925,2026-10-03T05:28:44.622359+00:00,amazon_usa,SSD,B0GRCH7ZKG,"SABRENT Rocket 2242 4TB NVMe SSD, PCIe 4.0 M.2, 7300MB/s (SB-2742-4TB)",695.34,201.52,2026-10-03,4.4,13,https://www.amazon.com/SABRENT-Rocket-2242-7300MB-SB-2742-4TB/dp/B0GRCH7ZKG,0.0,201.52
20261003_050925,2026-10-03T05:28:44.622359+00:00,amazon_usa,SSD,B0FYF1TDX6,"Fikwot FN960 2TB M.2 NVMe SSD PCIe Gen4 x4 2280 Internal Solid State Drive with Heatsink, Up to 4,800MB/s, Dynamic SLC Cache, Compatible with PS5 Internal SSD",293.95,85.19,2026-10-03,4.7,77,https://www.amazon.com/Fikwot-FN960-Internal-Heatsink-Compatible/dp/B0FYF1TDX6,0.0,85.19
20261003_050925,2026-10-03T05:28:44.622359+00:00,amazon_usa,SSD,B0D3HDJDNM,"KLEVV CRAS C910 2TB M.2 2280 NVMe PCIe Gen4x4 Laptop & Desktop Internal SSD Heatsink Included, up to 5200MB/s (K02TBM2SP0-C91)",280.77,81.37,2026-10-03,4.3,1000,https://www.amazon.com/KLEVV-Internal-Heatsink-Included-K02TBM2SP0-C91/dp/B0D3HDJDNM,0.0,81.37
20261003_050925,2026-10-03T05:28:44.622359+00:00,amazon_usa,SSD,B0DKF6MRHK,"ORICO 2TB NVMe SSD PCIe 4.0- Up to 7400MB/s, M.2 2280 PCIe 4.0X4 Internal Solid State Drive, Fast Heat Dissipation, Compatible with macOS Windows for Gamers and Creators-e7400",304.09,88.13,2026-10-03,4.7,747,https://www.amazon.com/ORICO-Internal-Dissipation-Compatible-Creators-e7400/dp/B0DKF6MRHK,0.0,88.13
20261003_050925,2026-10-03T05:28:44.622359+00:00,amazon_usa,SSD,B0FBBSZPFK,"msi SPATIUM M470 PRO PCIe 4.0 NVMe M.2 2TB Portable SSD, 2TB External Solid State Drive, Speeds Up to 6000MB/s, USB-C, Reliable Storage for Gaming, Students, Professionals, Black",343.64,99.59,2026-10-03,4.7,26,https://www.amazon.com/SPATIUM-Portable-External-Reliable-Students-Professionals/dp/B0FBBSZPFK,0.0,99.59
20261003_050925,2026-10-03T05:28:44.622359+00:00,amazon_usa,SSD,B0G2G7P5FC,"WD_Black 2TB SN7100X NVMe SSD - Built for ROG Xbox Ally (X) & PC, Read Speeds Up to 7,250MB/s, Internal Solid State Drive, Officially Licensed for ROG Xbox Ally (X) Gaming - WDBELH0020BBK-WRSN",334.49,96.94,2026-10-03,4.7,22,https://www.amazon.com/WD_Black-2TB-SN7100X-NVMe-WDBELH0020BBK-WRSN/dp/B0G2G7P5FC,0.0,96.94
20261003_050925,2026-10-03T05:28:44.622359+00:00,amazon_usa,SSD,B0H1CLMJL6,"BIWIN M560 NVMe Gen5 SSD 2TB, PCIe 5.0, M.2 2280, Read Speeds Up to 11000MB/s, Internal Solid State Drive for Laptop and Desktop PC - BM560NN02TB-RGX",385.18,111.63,2026-10-03,4.0,1,https://www.amazon.com/BIWIN-M560-11000MB-Internal-Desktop/dp/B0H1CLMJL6,0.0,111.63
20261003_050925,2026-10-03T05:28:44.622359+00:00,amazon_usa,SSD,B0FLXY32MT,"Ediloca EN880E M.2 SSD 2TB NVMe SSD M2 2280 PCIe Gen 4x4, Read Up to 7100MB/s, Internal Solid State Drive for Laptop Desktop",304.09,88.13,2026-10-03,4.4,161,https://www.amazon.com/Ediloca-EN880E-7100MB-Internal-Desktop/dp/B0FLXY32MT,0.0,88.13
20261003_050925,2026-10-03T05:28:44.622359+00:00,amazon_usa,SSD,B08RK2SR23,"Samsung 980 PRO SSD 2TB PCIe NVMe Gen 4 Gaming M.2 Internal Solid State Drive Memory Card, Maximum Speed, Thermal Control MZ-V8P2T0B/AM",435.87,126.32,2026-10-03,4.8,28100,https://www.amazon.com/SAMSUNG-Internal-Gaming-MZ-V8P2T0B-AM/dp/B08RK2SR23,0.0,126.32
20261003_050925,2026-10-03T05:28:49.570648+00:00,amazon_usa,SSD,B0HGZ1BF9P,"SAMSUN6 NVMe SSD 990 PRO 2TB, PCIe 4.0, M.2 2280, Up to 7,450 MB/s Read",385.18,111.63,2026-10-03,0.0,0,https://www.amazon.com/SAMSUN6-NVMe-PCIe-2280-Read/dp/B0HGZ1BF9P,0.0,111.63
20261003_050925,2026-10-03T05:28:49.570648+00:00,amazon_usa,SSD,B0GTZB9SFN,"2TB M.2 NVMe SSD 2280, PCIe Gen3 x4 Internal Solid State Drive, Up to 3200MB/s, 3D NAND Flash with SLC Cache, High-Speed Storage Upgrade for Laptop & Desktop PC",253.4,73.44,2026-10-03,4.5,2,https://www.amazon.com/Lufasnd-Internal-High-Speed-Storage-Upgrade/dp/B0GTZB9SFN,0.0,73.44
20261003_050925,2026-10-03T05:28:49.570648+00:00,amazon_usa,SSD,B0DVCCJQ4K,Corsair MP600 CORE XT 2TB M.2 PCIe Gen4 NVMe SSD – Up to 5900MB/s – QLC NAND – M.2 2280 – for PCIe 4.0 Notebooks and Desktops – Black,311.2,90.19,2026-10-03,4.6,368,https://www.amazon.com/Corsair-MP600-CORE-PCIe-Gen4/dp/B0DVCCJQ4K,0.0,90.19
20261003_050925,2026-10-03T05:28:49.570648+00:00,amazon_usa,SSD,B0DHGQCYCG,"Addlink G55 2TB PCIe 5.0 Gen5 NVMe M.2 SSD- Up to 10,300 MB/s - PC Gaming Upgrade, Photography, Video Editing & Design - Internal Solid State Drive (ad2TBG55M2P)",349.16,101.19,2026-10-03,4.7,31,https://www.amazon.com/Addlink-PCIe-Gen5-NVMe-SSD/dp/B0DHGQCYCG,0.0,101.19
20261003_050925,2026-10-03T05:28:49.570648+00:00,amazon_usa,SSD,B0DV32WGWM,Crucial P310 - SSD - 2 TB - Internal - M.2 2280 - PCIe 4.0 x4 (NVMe) - Integrated Heatsink,324.35,94.0,2026-10-03,4.8,10,https://www.amazon.com/Crucial-P310-Internal-Integrated-Heatsink/dp/B0DV32WGWM,0.0,94.0
20261003_050925,2026-10-03T05:28:49.570648+00:00,amazon_usa,SSD,B0G1SLQN8Y,"KingSpec 2TB M.2 Gen5 NVMe SSD 2280 Internal Solid State Drive | Up to 14,000MB/s Read Speed for Gaming PC, Video Editing, Content Creation, PS5 Compatible",320.28,92.82,2026-10-03,4.6,9,https://www.amazon.com/KingSpec-Internal-Editing-Creation-Compatible/dp/B0G1SLQN8Y,0.0,92.82
20261003_050925,2026-10-03T05:28:49.570648+00:00,amazon_usa,SSD,B0C3K2WRPV,"Crucial T700 PCIe Gen5 NVMe 2TB SSD with Heatsink, Up to 12,400MB/s, TLC NAND, Intel & Ryzen Compatible, for Hardcore Gaming & High-Speed Storage, Solid State Drive - CT2000T700SSD5",378.59,109.72,2026-10-03,4.6,587,https://www.amazon.com/Crucial-Heatsink-Compatible-Hardcore-High-Speed/dp/B0C3K2WRPV,0.0,109.72
20261003_050925,2026-10-03T05:28:49.570648+00:00,amazon_usa,SSD,B0B7CQ2CHH,"WD_BLACK SN850X 4TB NVMe SSD - M.2 2280, Up to 7,300 MB/s Read speeds, Up to 6,300 MB/s write speeds, Gaming Expansion, High Performance Internal Solid State Drive - WDS400T2X0E",658.87,190.95,2026-10-03,4.7,3700,https://www.amazon.com/WD_BLACK-SN850X-Internal-Gaming-Solid/dp/B0B7CQ2CHH,0.0,190.95
20261003_050925,2026-10-03T05:28:49.570648+00:00,amazon_usa,SSD,B0CJRTVLJ2,"Ediloca 2TB SSD NVMe M.2 2280 PCIe Gen4 x4 Internal Solid State Drive for PS5, Gaming PC and Laptop, Up to 4800MB/s, with Dynamic SLC Cache (EN705)",304.09,88.13,2026-10-03,4.5,712,https://www.amazon.com/Ediloca-EN705-Internal-Compatible-PS5%E3%80%81Laptops/dp/B0CJRTVLJ2,0.0,88.13
20261003_050925,2026-10-03T05:28:49.570648+00:00,amazon_usa,SSD,B0FV38JNJX,"Corsair MP700 Elite 4TB PCIe 5.0 NVMe M.2 SSD – Up to 9,400 MB/s Read, 8,100 MB/s Write, Gen5 Speed for PC & Laptop – Black",760.25,220.33,2026-10-03,4.2,3,https://www.amazon.com/Corsair-MP700-Elite-PCIe-NVMe/dp/B0FV38JNJX,0.0,220.33
20261003_050925,2026-10-03T05:28:49.570648+00:00,amazon_usa,SSD,B0GY4VZTHR,"WD Green SN3000 2TB NVMe SSD, M.2 2280 PCIe Gen4 x4, M-Key (OEM New)",273.69,79.32,2026-10-03,4.4,19,https://www.amazon.com/Green-SN3000-2TB-NVMe-SSD/dp/B0GY4VZTHR,0.0,79.32
20261003_050925,2026-10-03T05:28:49.570648+00:00,amazon_usa,SSD,B0GJ2YDBLX,"Bestoss 2TB PCIe4.0 NVMe M.2 2280 SSD with Heatsink, PS5 Storage, 7350MB/s",339.56,98.41,2026-10-03,4.7,93,https://www.amazon.com/Bestoss-PCIe4-0-Heatsink-Storage-7350MB/dp/B0GJ2YDBLX,0.0,98.41
20261003_050925,2026-10-03T05:28:49.570648+00:00,amazon_usa,SSD,B0DXK2M53G,"2TB NVMe M.2 Gaming SSD for PS5 with Heatsink PCIe 4.0 2280 Up to 7300MB/s,3D NAND TLC Flash with Dynamic SLC Cache, Internal SSD Suitable for PS5 Enthusiasts, Technology Enthusiasts, IT Professionals",334.49,96.94,2026-10-03,4.5,55,https://www.amazon.com/fanxiang-Heatsink-7300MB-Gen4x4-Internal/dp/B0DXK2M53G,0.0,96.94
20261003_050925,2026-10-03T05:28:49.570648+00:00,amazon_usa,SSD,B0DKH285B6,Crucial P310 M.2 2280 2TB PCI-Express 4.0 x4 NVMe 3D NAND Internal Solid State Drive (SSD) CT2000P310SSD8,318.79,92.39,2026-10-03,4.7,77,https://www.amazon.com/Crucial-PCI-Express-Internal-Solid-CT2000P310SSD8/dp/B0DKH285B6,0.0,92.39
20261003_050925,2026-10-03T05:28:49.570648+00:00,amazon_usa,SSD,B0FBM9B4LH,DATO Gen4 SSD with Heatsink 2TB NVMe PCIe 4.0 M.2 2280 Up to 7200/6850MB/s High Performance SSD for Gaming Creation – Ares Dark Sword Lite,263.55,76.38,2026-10-03,4.6,29,https://www.amazon.com/DATO-Heatsink-6850MB-Performance-Creation/dp/B0FBM9B4LH,0.0,76.38
20261003_050925,2026-10-03T05:28:49.570648+00:00,amazon_usa,SSD,B0F3XL1PVB,"Bestoss 2TB M.2 SSD NVMe PCIe4.0 2280 Internal Hard Drive, Up to 5000 MB/s",302.06,87.54,2026-10-03,4.3,115,https://www.amazon.com/Bestoss-NVMe-PCIe4-0-Internal-Drive/dp/B0F3XL1PVB,0.0,87.54
20261003_050925,2026-10-03T05:28:49.570648+00:00,amazon_usa,SSD,B0D9WT512W,"WD_Black SN850X 8TB NVMe SSD - M.2 2280, Up to 7,300 MB/s Read speeds, Up to 6,300 MB/s Write speeds, Gaming Expansion, High Performance Internal Solid State Drive - WDS800T2X0E",1773.9,514.1,2026-10-03,4.3,431,https://www.amazon.com/WD_BLACK-SN850X-Internal-Gaming-Solid/dp/B0D9WT512W,0.0,514.1
20261003_050925,2026-10-03T05:28:49.570648+00:00,amazon_usa,SSD,B0CZQN5K45,"Gigastone 【NAS Certified】 2TB High Endurance M.2 SSD (2-Pack) for Data Cache and Fast Boot, NVMe PCIe Gen3 Up to 2600MB/s, TLC Flash with SLC Caching, 24/7 Reliable for Gaming/PC/NAS, 5-Year Warranty",841.34,243.83,2026-10-03,3.9,13,https://www.amazon.com/Gigastone-Enterprise-Endurance-Attached-Business/dp/B0CZQN5K45,0.0,243.83
20261003_050925,2026-10-03T05:28:49.570648+00:00,amazon_usa,SSD,B0F6DBLKBH,INLAND QN460 2TB NVMe SSD PCIe 4.0 Gen4x4 Internal Solid State Drive,320.31,92.83,2026-10-03,4.8,17,https://www.amazon.com/INLAND-QN460-Internal-Storage-Desktop/dp/B0F6DBLKBH,0.0,92.83
20261003_050925,2026-10-03T05:28:49.570648+00:00,amazon_usa,SSD,B0DJ1D4GTY,"Corsair MP600 Micro 2TB M.2 NVMe PCIe x4 Gen4 SSD – M.2 2242 – Up to 7,000MB/sec Sequential Read – High-Density 3D TLC NAND – Compatible with Lenovo Legion Go and Thin PCIe 4.0 Laptops – Black",815.97,236.48,2026-10-03,4.8,328,https://www.amazon.com/Corsair-MP600-Micro-NVMe-PCIe/dp/B0DJ1D4GTY,0.0,236.48
20261003_050925,2026-10-03T05:28:49.570648+00:00,amazon_usa,SSD,B0G8R1Y2K9,KIOXIA EXCERIA G3 – 2TB PCIe 5.0 M.2 2280 NVMe SSD,434.87,126.03,2026-10-03,4.5,16,https://www.amazon.com/KIOXIA-Exceria-G3-2TB-NVMe/dp/B0G8R1Y2K9,8.0,134.03
20261003_050925,2026-10-03T05:28:49.570648+00:00,amazon_usa,SSD,B0C48B3RGL,"WD_BLACK 1TB SN850P NVMe M.2 SSD Officially Licensed Storage Expansion for PS5 Consoles, up to 7,300MB/s, with heatsink - WDBBYV0010BNC-WRSN",243.26,70.5,2026-10-03,4.8,11100,https://www.amazon.com/Western-Digital-Officially-Licensed-Expansion/dp/B0C48B3RGL,0.0,70.5
20261003_050925,2026-10-03T05:28:49.570648+00:00,amazon_usa,SSD,B0FJ8QFWBQ,"WD Blue SN5100 1TB NVMe SSD - M.2 2280, PCIe Gen 4.0, Internal Solid State Drive - Read Speeds Up to 7,100MB/s, Upgrade Storage for PC/Laptops - WDS100T5B0E",173.35,50.24,2026-10-03,4.8,920,https://www.amazon.com/Blue-SN5100-1TB-NVMe-SSD/dp/B0FJ8QFWBQ,0.0,50.24
20261003_050925,2026-10-03T05:28:59.862486+00:00,amazon_usa,SSD,B0C3ZJ8T6F,"Acer Predator GM7 1TB SSD: M.2 2280 PCIe Gen 4 x4 NVMe 2.0, Read Speed Up to 7400 MB/s, Internal PC Solid State Drive for Laptop, Desktop and PS5 - BL.9BWWR.118",182.46,52.88,2026-10-03,4.7,675,https://www.amazon.com/Predator-GM7-1TB-SSD-BL-9BWWR-118/dp/B0C3ZJ8T6F,0.0,52.88
20261003_050925,2026-10-03T05:28:59.862486+00:00,amazon_usa,SSD,B0BTDP6P7Y,Patriot P400 Lite 1TB PCIe Gen 4 x4 SSD,152.03,44.06,2026-10-03,4.6,214,https://www.amazon.com/Patriot-P400-Solid-State-Drive/dp/B0BTDP6P7Y,0.0,44.06
20261003_050925,2026-10-03T05:28:59.862486+00:00,amazon_usa,SSD,B0DC8VPSHV,"Crucial P310 1TB SSD, PCIe Gen4 NVMe M.2 2280, Up to 7,100MB/s, for Laptop, Desktop (PC), & Handheld Gaming Consoles, Includes Acronis Data Recovery Software, Solid State Drive - CT1000P310SSD801 Glob",172.66,50.04,2026-10-03,4.7,11200,https://www.amazon.com/Crucial-P310-2280-PCIe-Gen4/dp/B0DC8VPSHV,8.0,58.04
20261003_050925,2026-10-03T05:28:59.862486+00:00,amazon_usa,SSD,B0H3Q1YLJ9,"DIGIERA LNV480 1TB PCIe Gen 4.0x4 NVMe M.2 2280 Internal SSD, Up to 5100MB/s Read 4500MB/s Write, High-Speed Storage for Gaming & Professional Workloads Laptop Desktop PC",145.96,42.3,2026-10-03,5.0,2,https://www.amazon.com/DIGIERA-Internal-High-Speed-Professional-Workloads/dp/B0H3Q1YLJ9,0.0,42.3
20261003_050925,2026-10-03T05:28:59.862486+00:00,amazon_usa,SSD,B0DN7CYYSD,"WD_Black SN7100 1TB NVMe SSD - Gen4 PCIe, M.2 2280, Up to 7,250 MB/s Read Speed, Up to 6,900 MB/s Write Speed, Next Gen TLC 3D NAND, for Laptops, Handheld Gaming Devices - WDS100T4X0E",201.72,58.46,2026-10-03,4.8,6500,https://www.amazon.com/WD_BLACK-SN7100-Internal-Gaming-Solid/dp/B0DN7CYYSD,0.0,58.46
20261003_050925,2026-10-03T05:28:59.862486+00:00,amazon_usa,SSD,B0B217LZBG,"Silicon Power 1TB UD90 NVMe 4.0 Gen4 PCIe M.2 SSD R/W up to 5,000/4,800 MB/s (SP01KGBP44UD9005)",182.43,52.87,2026-10-03,4.4,3600,https://www.amazon.com/Silicon-Power-UD90-NVMe-SP01KGBP44UD9005/dp/B0B217LZBG,0.0,52.87
20261003_050925,2026-10-03T05:28:59.862486+00:00,amazon_usa,SSD,B07ZGJVTZK,Silicon Power 1TB - NVMe M.2 PCIe Gen3x4 2280 SSD (SP001TBP34A60M28),158.1,45.82,2026-10-03,4.6,4200,https://www.amazon.com/Silicon-Power-NVMe-Gen3x4-SP001TBP34A60M28/dp/B07ZGJVTZK,0.0,45.82
20261003_050925,2026-10-03T05:28:59.862486+00:00,amazon_usa,SSD,B0DWFPJSQB,"1TB NVMe SSD M.2 PCIe4.0 Gen 4×4, M.2 2280 Internal Gaming SSD, Seq. Read Speeds Up to 7,400 MB/s SLC Cache 3D NAND TLC Internal Solid State Drive Compatible with PS5 High End Computing Gaming",155.07,44.94,2026-10-03,4.7,36,https://www.amazon.com/RONGSHU-PCIe4-0-Internal-Computing-RP7000/dp/B0DWFPJSQB,0.0,44.94
20261003_050925,2026-10-03T05:28:59.862486+00:00,amazon_usa,SSD,B0D4YN1K8G,"Fikwot FX991 M.2 SSD 1TB NVMe SSD M2 2280 PCIe Gen 4x4, Read Up to 7000MB/s, Internal Solid State Drive for PS5 Laptop Desktop 3D QLC NAND",172.32,49.94,2026-10-03,4.6,2700,https://www.amazon.com/Fikwot-FX991-7100MB-Internal-Desktop/dp/B0D4YN1K8G,0.0,49.94
20261003_050925,2026-10-03T05:28:59.862486+00:00,amazon_usa,SSD,B0FGPTY5PJ,"SIX X4000 1TB M.2 SSD PCIe Gen3x4 NVME SSD Solid State Drive - Up to 3400MB/s Read, 2600MB/s Write",152.03,44.06,2026-10-03,4.4,65,https://www.amazon.com/SIX-SSD-Storage-Internal-Solid/dp/B0FGPTY5PJ,0.0,44.06
20261003_050925,2026-10-03T05:28:59.862486+00:00,amazon_usa,SSD,B082BX6999,Patriot P300 M.2 PCIe Gen 3 x4 1TB Low-Power Consumption SSD,146.96,42.59,2026-10-03,4.6,5400,https://www.amazon.com/Patriot-P300-PCIe-Power-Consumption/dp/B082BX6999,0.0,42.59
20261003_050925,2026-10-03T05:28:59.862486+00:00,amazon_usa,SSD,B0H67RTS5D,"SUNEAST 1TB M.2 2280 PCIe4.0 NVMe Gen4x4 Internal SSD,Up to 7000MB/s Read",155.07,44.94,2026-10-03,4.4,8,https://www.amazon.com/SUNEAST-PCIe4-0-Gen4x4-Internal-7000MB/dp/B0H67RTS5D,0.0,44.94
20261003_050925,2026-10-03T05:28:59.862486+00:00,amazon_usa,SSD,B0B9Y3DB2K,TEAMGROUP MP44L 1TB SLC Cache NVMe 1.4 PCIe Gen 4x4 M.2 2280 Laptop&Desktop SSD (R/W Speed up to 5000/4500MB/s) TM8FPK001T0C101,177.39,51.41,2026-10-03,4.7,614,https://www.amazon.com/TEAMGROUP-MP44L-Laptop-Desktop-TM8FPK001T0C101/dp/B0B9Y3DB2K,0.0,51.41
20261003_050925,2026-10-03T05:29:03.668753+00:00,amazon_usa,SSD,B0BNQ1NXC3,"fanxiang S660 PCIe 4.0 1TB NVMe M.2 SSD for PS5 with Heatsink, Up to 5000MB/s, Internal Gaming SSD NAND SLC Cache Suitable for PS5 Enthusiasts, Technology Enthusiasts, IT Professionals",172.32,49.94,2026-10-03,4.6,3700,https://www.amazon.com/fanxiang-S660-Internal-Solid-State/dp/B0BNQ1NXC3,0.0,49.94
20261003_050925,2026-10-03T05:29:03.668753+00:00,amazon_usa,SSD,B0DM1R7KHZ,"BIWIN Black Opal NV7400 1TB SSD Gen4x4, Read Speed up to 7450MB/s, NVMe M.2 2280 PCIe 4.0 Internal PC Solid State Drive for Laptop/Desktop/PS5",177.39,51.41,2026-10-03,4.7,917,https://www.amazon.com/BIWIN-NV7400-Gen4x4-Internal-Desktop/dp/B0DM1R7KHZ,0.0,51.41
20261003_050925,2026-10-03T05:29:03.668753+00:00,amazon_usa,SSD,B0D5M5D2XP,"fanxiang 1TB NVMe SSD PCIe Gen 4 Gaming SSD for PS5, Up to 7000MB/s M.2 2280 SSD Compatible with PS5 Storage Expansion, Internal Solid State Drive for Gamers, Professionals, Creators S880E",172.32,49.94,2026-10-03,4.6,1000,https://www.amazon.com/fanxiang-Compatible-Internal-Professionals-S880E/dp/B0D5M5D2XP,0.0,49.94
20261003_050925,2026-10-03T05:29:03.668753+00:00,amazon_usa,SSD,B0CM8RVVG1,"Fanxiang 1TB NVMe SSD PCIe Gen4 M.2 Internal Gaming SSD for PS5, Up to 4800 MB/s, 3D NAND SLC Cache Solid State Drive Upgrade Storage for PC/Laptops S690Q",170.28,49.35,2026-10-03,4.4,1400,https://www.amazon.com/fanxiang-Internal-Playstation-Upgrade-S690Q/dp/B0CM8RVVG1,0.0,49.35
20261003_050925,2026-10-03T05:29:03.668753+00:00,amazon_usa,SSD,B0GP8YND8T,"Sandisk Optimus GX 7100M 1TB NVMe SSD, PCIe 4.0, M.2 2230",233.12,67.56,2026-10-03,4.2,21,https://www.amazon.com/Sandisk-Optimus-7100M-NVMe-PCIe/dp/B0GP8YND8T,0.0,67.56
20261003_050925,2026-10-03T05:29:03.668753+00:00,amazon_usa,SSD,B0DQ9K7S1Q,"Crucial P310 2280 1TB PCIe Gen4 NVMe Gaming PS5 SSD with Heatsink, Up to 7,100MB/s, PlayStation5, Laptop & Desktop (PC) Compatible, Solid State Drive - CT1000P310SSD5-01",187.5,54.34,2026-10-03,4.8,1700,https://www.amazon.com/Crucial-Heatsink-PlayStation5-Desktop-Compatible/dp/B0DQ9K7S1Q,0.0,54.34
20261003_050925,2026-10-03T05:29:03.668753+00:00,amazon_usa,SSD,B08GJBTCF6,"Timetec 1TB SSD NVMe PCIe Gen3x4 8Gb/s M.2 2280 3D NAND High Performance SLC Cache Read/Write Speed Up to 2,000/1,600 MB/s Internal Solid State Drive for PC Laptop and Desktop (1TB)",141.92,41.13,2026-10-03,4.6,1400,https://www.amazon.com/Timetec-Gen3x4-Performance-Internal-Desktop/dp/B08GJBTCF6,0.0,41.13
20261003_050925,2026-10-03T05:29:03.668753+00:00,amazon_usa,SSD,B0CGKPPZY9,"Lexar 1TB NM790 NVMe SSD w/Heatsink, 7400/6500 MB/s, M.2 2280, PCIe Gen 4x4",212.14,61.48,2026-10-03,4.8,1300,https://www.amazon.com/Lexar-Heatsink-Internal-Compatible-LNM790X001T-RN9NU/dp/B0CGKPPZY9,0.0,61.48
20261003_050925,2026-10-03T05:29:03.668753+00:00,amazon_usa,SSD,B0FLXZV2CM,"Ediloca EN880E M.2 SSD 1TB NVMe SSD M2 2280 PCIe Gen 4x4, Read Up to 7100MB/s, Internal Solid State Drive for Laptop Desktop",157.1,45.53,2026-10-03,4.4,161,https://www.amazon.com/Ediloca-EN880E-7100MB-Internal-Desktop/dp/B0FLXZV2CM,0.0,45.53
20261003_050925,2026-10-03T05:29:03.668753+00:00,amazon_usa,SSD,B0DQSJYD12,"Crucial E100 1TB M.2 NVMe PCIe Gen4 Internal SSD, Up to 5,000MB/s, Laptop & Desktop Compatible - CT1000E100SSD8",160.24,46.44,2026-10-03,4.5,1000,https://www.amazon.com/Crucial-Internal-Laptop-Desktop-Compatible/dp/B0DQSJYD12,0.0,46.44
20261003_050925,2026-10-03T05:29:03.668753+00:00,amazon_usa,SSD,B0DMHKPC6J,"Western Digital 1TB WD Green SN3000 NVMe Internal SSD - Solid State Drive - Gen4 PCIe, M.2 2280, Up to 5,000 MB/s - WDS100T4G0E",152.03,44.06,2026-10-03,4.7,180,https://www.amazon.com/Western-Digital-Green-SN3000-Internal/dp/B0DMHKPC6J,0.0,44.06
20261003_050925,2026-10-03T05:29:03.668753+00:00,amazon_usa,SSD,B0D7MLHCQ7,"Western Digital 1TB WD Blue SN5000 NVMe Internal Solid State Drive SSD - PCIe Gen 4.0, M.2 2280, Up to 5,150 MB/s - WDS100T4B0E [New Generation]",197.64,57.28,2026-10-03,4.6,2900,https://www.amazon.com/Western-Digital-SN5000-Internal-Solid/dp/B0D7MLHCQ7,0.0,57.28
20261003_050925,2026-10-03T05:29:03.668753+00:00,amazon_usa,SSD,B0DBR9RZLV,Kingston NV3 500GB M.2 2280 NVMe SSD | PCIe 4.0 Gen 4x4 | Up to 5000 MB/s | SNV3S/500G,101.34,29.37,2026-10-03,4.7,14000,https://www.amazon.com/Kingston-500GB-2280-NVMe-PCIe-SNV3S/dp/B0DBR9RZLV,0.0,29.37
20261003_050925,2026-10-03T05:29:03.668753+00:00,amazon_usa,SSD,B0F9T2R6MQ,"KOOTION 1TB NVMe Internal SSD PCIe 3.0, M.2 2280 NVMe Gen 3 Internal Solid State Drive Up to 3500MB/s, Less Heat for PC/Laptop",152.03,44.06,2026-10-03,4.4,60,https://www.amazon.com/KOOTION-Internal-Solid-3500MB-Laptop/dp/B0F9T2R6MQ,0.0,44.06
20261003_050925,2026-10-03T05:29:03.668753+00:00,amazon_usa,SSD,B0CQMX7BMK,"ORICO 1TB NVMe SSD PCIe 4.0- Up to 7000MB/s, M.2 SSD 2280 PCIe 4.0X4 Internal Solid State Drive, Fast Heat Dissipation, Compatible with macOS Windows for Gamers and Creators-O7000 (1TB)",172.32,49.94,2026-10-03,4.6,1500,https://www.amazon.com/ORICO-1TB-Dissipation-Compatible-Creators-O7000/dp/B0CQMX7BMK,0.0,49.94
20261003_050925,2026-10-03T05:29:03.668753+00:00,amazon_usa,SSD,B0FLJDY4VM,"Ediloca 1TB NVMe M.2 SSD PCIe Gen 3x4, Up to 2150MB/s Read, M.2 2280 Internal Solid State Drive, Dynamic SLC Cache, Compatible with PC, Desktop and Laptops(EN680E)",143.92,41.71,2026-10-03,4.6,298,https://www.amazon.com/Ediloca-Internal-Dynamic-Compatible-Desktop/dp/B0FLJDY4VM,0.0,41.71
20261003_050925,2026-10-03T05:29:03.668753+00:00,amazon_usa,SSD,B0DJQB48JQ,"KingSpec 1TB M.2 SSD 2280 NVMe PCIe 4.0 x4, Incredible Read up to 5000MB/s, Internal M2 PCIe SSD Compatible with Gaming Console/Desktop/Gaming Laptop",168.25,48.76,2026-10-03,4.5,121,https://www.amazon.com/KingSpec-Incredible-Internal-Compatible-Console/dp/B0DJQB48JQ,0.0,48.76
20261003_050925,2026-10-03T05:29:03.668753+00:00,amazon_usa,SSD,B0C9D8FHHF,"Fikwot FN955 1TB NVMe SSD M.2 2280 PCIe Gen4x4, Up to 7300MB/s, 3D NAND TLC Flash Internal Solid State Drive, Configure SLC Cache, Storage and Memory Expansion for PS5 Laptop Desktop",178.39,51.7,2026-10-03,4.6,1200,https://www.amazon.com/Fikwot-FN955-Internal-Solid-State/dp/B0C9D8FHHF,0.0,51.7
20261003_050925,2026-10-03T05:29:03.668753+00:00,amazon_usa,SSD,B0C9213GBX,"Lexar 1TB NM790 Internal NVMe SSD, 7400/6500 MB/s, M.2 2280, PCIe Gen 4x4",193.61,56.11,2026-10-03,4.8,1200,https://www.amazon.com/Lexar-Internal-Compatible-Creators-LNM790X001T-RNNNU/dp/B0C9213GBX,0.0,56.11
20261003_050925,2026-10-03T05:29:03.668753+00:00,amazon_usa,SSD,B0FW3Y7ZVD,PNY CS2241 1TB PCIe Gen4 x4 NVMe M.2 2280 Internal SSD Complete Upgrade Kit,172.32,49.94,2026-10-03,4.6,9,https://www.amazon.com/PNY-CS2241-PCIe-Upgrade-M280CS2241-1TBKIT-RB/dp/B0FW3Y7ZVD,0.0,49.94
20261003_050925,2026-10-03T05:29:03.668753+00:00,amazon_usa,SSD,B0CBSSC21F,"KLEVV CRAS C910 1TB M.2 2280 NVMe PCIe Gen4x4 Laptop & Desktop Internal SSD Heatsink Included, up to 5000MB/s (K01TBM2SP0-C91)",166.25,48.18,2026-10-03,4.3,1000,https://www.amazon.com/KLEVV-Gen4x4-Internal-Heatsink-K01TBM2SP0-C91/dp/B0CBSSC21F,0.0,48.18
20261003_050925,2026-10-03T05:29:03.668753+00:00,amazon_usa,SSD,B0C58DL26N,"KingSpec XG7000 1TB NVMe SSD PCIe 4.0-7400MB/s Read Speed, 3D TLC NAND M.2 2280 Internal SSD, Compatible with Gaming PC, Laptop, PS5 Console",171.28,49.64,2026-10-03,4.5,1400,https://www.amazon.com/KingSpec-Gen4x4-Speed-Internal-PCIe4-0/dp/B0C58DL26N,0.0,49.64
20261003_050925,2026-10-03T05:29:03.668753+00:00,amazon_usa,SSD,B0B7CKVCCV,"WD_BLACK SN850X 1TB NVMe SSD - M.2 2280, Up to 7,300 MB/s Read speeds, Up to 6,300 MB/s write speeds, Gaming Expansion, High Performance Internal Solid State Drive - WDS100T2X0E",252.34,73.13,2026-10-03,4.8,6500,https://www.amazon.com/WD_BLACK-SN850X-Internal-Gaming-Solid/dp/B0B7CKVCCV,0.0,73.13
20261003_050925,2026-10-03T05:29:07.945053+00:00,amazon_usa,SSD,B0FBMB9374,DATO Gen4 SSD with Heatsink 1TB NVMe PCIe 4.0 M.2 2280 Up to 7200/6850MB/s High Performance SSD for Gaming Creation – Ares Dark Sword Lite,161.17,46.71,2026-10-03,4.6,29,https://www.amazon.com/DATO-Heatsink-6850MB-Performance-Creation/dp/B0FBMB9374,0.0,46.71
20261003_050925,2026-10-03T05:29:07.945053+00:00,amazon_usa,SSD,B0BHJGV9WR,"Samsung SSD 990 PRO with Heatsink 1TB, NVMe M.2, Up to 7,450MB/s",278.77,80.79,2026-10-03,4.7,5100,https://www.amazon.com/Samsung-SSD-Heatsink-NVMe-450MB/dp/B0BHJGV9WR,0.0,80.79
20261003_050925,2026-10-03T05:29:07.945053+00:00,amazon_usa,SSD,B0F43QH751,"Bestoss 1TB NVMe M.2 SSD PCIe 3.0 M.2 2280 SSD, Internal SSD,Up to 3500MB/s",157.1,45.53,2026-10-03,4.3,126,https://www.amazon.com/GM328-Internal-Students-Entertainment-Compatible/dp/B0F43QH751,0.0,45.53
20261003_050925,2026-10-03T05:29:07.945053+00:00,amazon_usa,SSD,B0C36YQCX8,"fanxiang S880 NVMe SSD 1TB, PCIe 4.0 M.2 2280 Gaming SSD, 3D NAND TLC, Seq. Read Speeds UP to 7300MB/s, Dynamic SLC Cache, Internal Solid State Drive for PS5 Enthusiasts, High End Computing, Gaming",182.46,52.88,2026-10-03,4.6,3700,https://www.amazon.com/fanxiang-S880-Internal-Solid-State/dp/B0C36YQCX8,0.0,52.88
20261003_050925,2026-10-03T05:29:07.945053+00:00,amazon_usa,SSD,B0DZ5ZK225,"Crucial P510 PCIe Gen5 NVMe 1TB SSD, Up to 11,000MB/s, TLC NAND, Laptop & Desktop (PC) Compatible, for Gamers & Creatives, Solid State Drive – CT1000P510SSD8-01",177.6,51.47,2026-10-03,4.7,1000,https://www.amazon.com/Crucial-Internal-Compatible-Desktop-Software/dp/B0DZ5ZK225,8.0,59.47
20261003_050925,2026-10-03T05:29:07.945053+00:00,amazon_usa,SSD,B0FYFGN783,"Fikwot FN960 1TB M.2 NVMe SSD PCIe Gen4 x4 2280 Internal Solid State Drive with Heatsink, Up to 5,000MB/s, Dynamic SLC Cache, Compatible with PS5 Internal SSD",172.32,49.94,2026-10-03,4.7,77,https://www.amazon.com/Fikwot-FN960-Internal-Heatsink-Compatible/dp/B0FYFGN783,0.0,49.94
20261003_050925,2026-10-03T05:29:07.945053+00:00,amazon_usa,SSD,B0GXKN6F68,"Bestoss 1TB NVMe M.2 SSD PCIe 3.0 2280 Internal SSD, Up to 2400MB/s",142.92,41.42,2026-10-03,4.4,55,https://www.amazon.com/Bestoss-NVMe-PCIe-Internal-2400MB/dp/B0GXKN6F68,0.0,41.42
20261003_050925,2026-10-03T05:29:07.945053+00:00,amazon_usa,SSD,B0CSFQ24W2,TEAMGROUP T-Force G50 512GB SLC Caching 3D TLC NAND NVMe InnoGrit PCIe Gen4x4 M.2 2280 Gaming SSD with Ultra-Thin Graphene Heat Spreader Works with PS5 Read/Write 5000/2500 MB/s TM8FFE512G0C129,98.3,28.49,2026-10-03,4.7,277,https://www.amazon.com/TEAMGROUP-TM8FFE512G0C129-SSD/dp/B0CSFQ24W2,0.0,28.49
20261003_050925,2026-10-03T05:29:07.945053+00:00,amazon_usa,SSD,B0F3BMBQ75,"WD_Black SN8100 1TB NVMe SSD - PCIe 5.0x4, M.2 2280, Up to 14,900MB/s Read Speed, up to 11,000MB/s Write Speed, Best for AI Applications, Gaming, and Video Editing - WDS100T1X0M Global Recycled Standa",253.4,73.44,2026-10-03,4.7,1000,https://www.amazon.com/WD_BLACK-SN8100-Internal-Solid-State/dp/B0F3BMBQ75,0.0,73.44
20261003_050925,2026-10-03T05:29:07.945053+00:00,amazon_usa,SSD,B0C4KVG7R6,TEAMGROUP MP44S SSD 1TB SLC Cache Gen 4x4 M.2 2230 PCIe 4.0 NVMe Steam Deck ASUS ROG Ally Mini PCs R/W Speed up to 5000/3500 MB/s TM5FF3001T0C101,193.61,56.11,2026-10-03,4.7,133,https://www.amazon.com/TEAMGROUP-MP44S-Performance-Compatible-TM5FF3001T0C101/dp/B0C4KVG7R6,0.0,56.11
20261003_050925,2026-10-03T05:29:07.945053+00:00,amazon_usa,SSD,B0CK2S298S,"Crucial T500 1TB PCIe Gen4 NVMe Gaming PS5 SSD with Heatsink, Up to 7,300MB/s, TLC NAND, PlayStation 5 Compatible, Laptop, & Desktop (PC), Solid State Drive, Includes 1Mo Adobe CC – CT1000T500SSD5",228.01,66.08,2026-10-03,4.8,2700,https://www.amazon.com/Crucial-Internal-Playstation-Compatible-CT1000T500SSD5/dp/B0CK2S298S,0.0,66.08
20261003_050925,2026-10-03T05:29:07.945053+00:00,amazon_usa,SSD,B09YRY5MDC,"ADATA SSD Legend 710 M.2 1TB PCIe Gen3 x4 M.2 2280 Solid State Drive, Design for Creator Gaming, Read Speed up to 2,400 MB/s, 3D NAND, LDPC, AES 256-bit Encryption",146.96,42.59,2026-10-03,4.8,97,https://www.amazon.com/ADATA-Legend-PCIe-Gen4x4-2280/dp/B09YRY5MDC,0.0,42.59
20261003_050925,2026-10-03T05:29:07.945053+00:00,amazon_usa,SSD,B0F43FF7PK,"Bestoss M.2 2280 NVMe Internal SSD 1TB Gen4,Up to 7350MB/s, SLC Cache & HMB",182.46,52.88,2026-10-03,4.6,152,https://www.amazon.com/Bestoss-Internal-Developers-Demanding-Blazing-Fast/dp/B0F43FF7PK,0.0,52.88
20261003_050925,2026-10-03T05:29:07.945053+00:00,amazon_usa,SSD,B0CK39YR9V,"Crucial T500 PCIe Gen4 NVMe 1TB SSD, Up to 7,300MB/s, TLC NAND, Laptop & Desktop (PC) Compatible, for Creatives and Gamers, Solid State Drive, Includes 1Mo Adobe CC – CT1000T500SSD8",282.84,81.97,2026-10-03,4.8,5500,https://www.amazon.com/Crucial-Internal-Gaming-Desktop-Compatible/dp/B0CK39YR9V,0.0,81.97
20261003_050925,2026-10-03T05:29:07.945053+00:00,amazon_usa,SSD,B0DZX2Y9BP,"Addlink S85 1TB NVMe SSD M.2 2280 PCIe 4.0 Gen4 Internal Solid State Drive, Up to 6000MB/s, HMB Technology, 3D TLC NAND, Storage Upgrade for Laptop, Desktop PC, Gaming, Creators (ad1TBS85M2P)",161.62,46.84,2026-10-03,5.0,9,https://www.amazon.com/Addlink-Expansion-Internal-Technology-Creators/dp/B0DZX2Y9BP,0.0,46.84
20261003_050925,2026-10-03T05:29:07.945053+00:00,amazon_usa,SSD,B0D16ZQC3P,"Acer MA200 M.2 2230 SSD NVMe 1TB, PCIe Gen 4, Read Speeds Up to 5200 MB/s, Great for Steam Deck, Asus ROG Ally, Microsoft Surface Handheld Gaming Devices Storage Expansion - BL.9BWWA.154",233.12,67.56,2026-10-03,4.5,115,https://www.amazon.com/acer-Microsoft-Surface-Handheld-Expansion/dp/B0D16ZQC3P,0.0,67.56
20261003_050925,2026-10-03T05:29:07.945053+00:00,amazon_usa,SSD,B0BZHBXTRY,Dell SSD 1TB Class 35 M.2 2230 NVMe PCIe 4.0 Gen 4x4 Solid State Drive SNP223G43/1TB AC280179,324.31,93.99,2026-10-03,4.7,16,https://www.amazon.com/Dell-Class-Solid-SNP223G43-AC280179/dp/B0BZHBXTRY,0.0,93.99
20261003_050925,2026-10-03T05:29:07.945053+00:00,amazon_usa,SSD,B0DM9341L3,Crucial P310 1TB 232L Micron QLC NAND PCIE GEN 4 X4 NVME M.2 Internal SSD,187.5,54.34,2026-10-03,4.6,104,https://www.amazon.com/Crucial-P310-NVMe-PCIe-Internal/dp/B0DM9341L3,8.0,62.34
20261003_050925,2026-10-03T05:29:07.945053+00:00,amazon_usa,SSD,B0FLB5YXLD,Patriot P410 1TB PCIe Gen 4x4 M.2 2280 SSD,167.25,48.47,2026-10-03,4.6,26,https://www.amazon.com/Patriot-P410-1TB-Internal-SSD/dp/B0FLB5YXLD,0.0,48.47
20261003_050925,2026-10-03T05:29:07.945053+00:00,amazon_usa,SSD,B0CP9CXCXG,"KingSpec NX Series 1TB Gen3x4 NVMe M.2 SSD, Up to 3500MB/s, 3D NAND Flash M2 2280 Internal Solid State Drive, for Desktop and Laptop",149.72,43.39,2026-10-03,4.5,1600,https://www.amazon.com/KingSpec-Gen3x4-2280-Internal-Desktop/dp/B0CP9CXCXG,0.0,43.39
20261003_050925,2026-10-03T05:29:07.945053+00:00,amazon_usa,SSD,B0F3XL469M,"Bestoss 1TB M.2 SSD NVMe PCIe4.0 2280 Internal Hard Drive, Up to 5000 MB/s",170.28,49.35,2026-10-03,4.3,115,https://www.amazon.com/Bestoss-NVMe-PCIe4-0-Internal-Drive/dp/B0F3XL469M,0.0,49.35
20261003_050925,2026-10-03T05:29:12.371708+00:00,amazon_usa,SSD,B0FCS69ZZJ,"TEAMGROUP NV5000 1TB SLC Cache NVMe PCIe Gen4x4 M.2 2280 Laptop, Desktop SSD Read/Write Speed up to 4500 / 1900MB/s TM8FGM001T0C101",164.21,47.59,2026-10-03,4.2,25,https://www.amazon.com/TEAMGROUP-NV5000-Gen4x4-Desktop-TM8FGM001T0C101/dp/B0FCS69ZZJ,0.0,47.59
20261003_050925,2026-10-03T05:29:12.371708+00:00,amazon_usa,SSD,B0DKF7N487,"ORICO 1TB NVMe SSD PCIe 4.0- Up to 7400MB/s, M.2 2280 PCIe 4.0X4 Internal Solid State Drive, Fast Heat Dissipation, Compatible with macOS Windows for Gamers and Creators-e7400",170.28,49.35,2026-10-03,4.7,747,https://www.amazon.com/ORICO-Internal-Dissipation-Compatible-Creators-e7400/dp/B0DKF7N487,0.0,49.35
20261003_050925,2026-10-03T05:29:12.371708+00:00,amazon_usa,SSD,B0CNSVG1QB,"fanxiang S501Q SSD 1TB PCle 3.0x4 Internal Solid State Drive, NVMe M.2 2280 Internal Solid State Drive, SLC Cache 3D NAND Up to 3200MB/s for Laptop and PC Desktops",152.03,44.06,2026-10-03,4.6,1000,https://www.amazon.com/fanxiang-S501Q-Internal-3600MB-Desktops/dp/B0CNSVG1QB,0.0,44.06
20261003_050925,2026-10-03T05:29:12.371708+00:00,amazon_usa,SSD,B0D1R7NBB6,"KingSpec SSD 1TB, M.2 NVMe Gen3x4 SSD 2280 - Up to 2400MB/s, Internal Solid State Drive with 3D NAND Flash, Compatible with Desktop and Laptop",144.92,42.0,2026-10-03,4.6,1700,https://www.amazon.com/KingSpec-SSD-NVMe-Gen3x4-2280/dp/B0D1R7NBB6,0.0,42.0
20261003_050925,2026-10-03T05:29:12.371708+00:00,amazon_usa,SSD,B0DDN9CJCK,"DATO M.2 2230 SSD 1TB, PCIe Gen 4x4 NVMe Internal Solid State Drive with Aluminum Heatsink, Compatible with Steam Deck, ROG Ally, Surface Pro, Mini PCs, Ultrabook, Up to 5000/3200 MB/s - ARES ARS430",206.79,59.93,2026-10-03,4.6,103,https://www.amazon.com/DATO-Internal-Aluminum-Compatible-Ultrabook/dp/B0DDN9CJCK,0.0,59.93
20261003_050925,2026-10-03T05:29:12.371708+00:00,amazon_usa,SSD,B09QV692XY,"WD_BLACK 1TB SN770 NVMe Internal Gaming SSD Solid State Drive - Gen4 PCIe, M.2 2280, Up to 5,150 MB/s - WDS100T3X0E - [Previous Generation]",273.28,79.2,2026-10-03,4.8,26200,https://www.amazon.com/WD_BLACK-SN770-Internal-Gaming-Solid/dp/B09QV692XY,8.0,87.2
20261003_050925,2026-10-03T05:29:12.371708+00:00,amazon_usa,SSD,B0CN1M7X89,"SANDISK 1TB Extreme M.2 NVMe SSD - PCIe Gen 4.0, Up to 5,150 MB/s - Internal Solid State Drive - SDSSDX3N-1T00-G26",182.46,52.88,2026-10-03,4.5,433,https://www.amazon.com/SanDisk-1TB-Extreme-M-2-NVMe-SDSSDX3N-1T00-G26/dp/B0CN1M7X89,0.0,52.88
20261003_050925,2026-10-03T05:29:12.371708+00:00,amazon_usa,SSD,B0BZJHXCCH,Dell SSD 1TB Class 40 M.2 2280 NVMe PCIe 3.0 Gen 3x4 Solid State Drive SNP112P/1TB AA615520,197.68,57.29,2026-10-03,4.6,37,https://www.amazon.com/Dell-1TB-Class-SNP112P-AA615520/dp/B0BZJHXCCH,0.0,57.29
20261003_050925,2026-10-03T05:29:12.371708+00:00,amazon_usa,SSD,B0DZX42SD7,"fanxiang 1TB M.2 2230 NVMe SSD, PCIe Gen 4x4 Speed up to 5000 MB/s, 2230 SSD Compatible with Steam Deck/ROG Ally/Microsoft Surface Pro/Mini PCs, S630",202.72,58.75,2026-10-03,4.7,263,https://www.amazon.com/fanxiang-Speed-Compatible-Microsoft-Surface/dp/B0DZX42SD7,0.0,58.75
20261003_050925,2026-10-03T05:29:12.371708+00:00,amazon_usa,SSD,B0D61Z8R1W,"Crucial P310 1TB M.2 2230 SSD, PCIe Gen4 NVMe, Up to 7,100MB/s, Internal Solid State Drive, Ideal for Steam Deck, ASUS ROG Ally, MSI Claw, Mini PCs & Ultrabooks - CT1000P310SSD2",298.26,86.44,2026-10-03,4.7,2200,https://www.amazon.com/Crucial-2024-P310-PCIe-Gen4/dp/B0D61Z8R1W,0.0,86.44
20261003_050925,2026-10-03T05:29:12.371708+00:00,amazon_usa,SSD,B0GBR9SHZB,"1TB PCIe Gen3.0x4 NVMe SSD, M.2 2280 3D TLC, Up to 3500MB/s",172.32,49.94,2026-10-03,4.6,63,https://www.amazon.com/OSCOO-PCIe-Gen3-0x4-NVMe-3500MB/dp/B0GBR9SHZB,0.0,49.94
20261003_050925,2026-10-03T05:29:12.371708+00:00,amazon_usa,SSD,B0CXXVF3N2,"Fikwot FX660 1TB M.2 SSD, PCIe Gen 4x4 Dynamic SLC Cache - Speeds up to 4800MB/s M.2 2280 NVMe Internal SSD, Upgrade Storage for PC Computer, Laptop and PS5",162.17,47.0,2026-10-03,4.5,498,https://www.amazon.com/Fikwot-FX660-PCIe-Dynamic-Cache/dp/B0CXXVF3N2,0.0,47.0
20261003_050925,2026-10-03T05:29:12.371708+00:00,amazon_usa,SSD,B0G56GMBW2,"JS890 SSD 1TB, PCIe Gen3 NVMe M.2 2280, Up to 3000MB/s",141.92,41.13,2026-10-03,4.3,38,https://www.amazon.com/ALYNCE-JS890-NVMe-Gen3x4-2280/dp/B0G56GMBW2,0.0,41.13
20261003_050925,2026-10-03T05:29:12.371708+00:00,amazon_usa,SSD,B0DBPTR3G3,"Fikwot FX953 M.2 2230 SSD 1TB NVMe SSD for Steam Deck PCIe Gen 4x4, Read Up to 5000MB/s, M2 2230 Internal Soild State Drive, Compatible with ASUS ROG Ally, Microsoft Surface Pro",182.46,52.88,2026-10-03,4.4,147,https://www.amazon.com/Fikwot-FX953-Internal-Compatible-Microsoft/dp/B0DBPTR3G3,0.0,52.88
20261003_050925,2026-10-03T05:29:12.371708+00:00,amazon_usa,SSD,B0GJ2T4RRD,"Bestoss 1TB PCIe Gen4 NVMe M.2 2280 SSD with Heatsink,PS5 Storage,7350MB/s",192.57,55.81,2026-10-03,4.7,93,https://www.amazon.com/Bestoss-PCIe-Heatsink-Storage-7350MB/dp/B0GJ2T4RRD,0.0,55.81
20261003_050925,2026-10-03T05:29:12.371708+00:00,amazon_usa,SSD,B0HDP2XNQL,"1TB M.2 2280 NVMe PCIe 3.0 SSD, Up to 2200MB/s for Laptop & Desktop",141.92,41.13,2026-10-03,0.0,0,https://www.amazon.com/GUDGA-2280-2200MB-Laptop-Desktop/dp/B0HDP2XNQL,0.0,41.13
20261003_050925,2026-10-03T05:29:12.371708+00:00,amazon_usa,SSD,B0H2H4B1GX,"KingSpec 1TB M.2 NVMe Gen3 SSD 2280, 3500MB/s Read Speed, for Laptop PC",147.96,42.88,2026-10-03,4.7,36,https://www.amazon.com/KingSpec-NVMe-3500MB-Speed-Laptop/dp/B0H2H4B1GX,0.0,42.88
20261003_050925,2026-10-03T05:29:12.371708+00:00,amazon_usa,SSD,B0FH6N7CCQ,"fanxiang S790R 1TB NVMe M.2 SSD PCIe 4.0 x4, Internal Solid State Drive with RGB Heatsink, Up to 7450MB/s, 3D NAND TLC, PS5 Compatible, Ideal for Gaming, Creators & Professionals",192.57,55.81,2026-10-03,4.9,14,https://www.amazon.com/fanxiang-Internal-Heatsink-Compatible-Professionals/dp/B0FH6N7CCQ,0.0,55.81
20261003_050925,2026-10-03T05:29:12.371708+00:00,amazon_usa,SSD,B0DZT6F4QZ,"Aiibe 1TB NVMe M.2 SSD Internal Solid State Drive PCIe 4.0 M.2 2280 1TB SSD Read Speeds Up to 7450MB/s for Laptop, PC, Gaming, Video Editing, PS5",182.46,52.88,2026-10-03,4.3,64,https://www.amazon.com/Aiibe-X16Plus-Internal-Upgrade-Storage/dp/B0DZT6F4QZ,0.0,52.88
20261003_050925,2026-10-03T05:29:17.228370+00:00,amazon_usa,SSD,B08LB5LQ65,"Seagate Barracuda Q5 1TB Internal SSD - M.2 NVMe PCIe Gen3 ×4, 3D QLC for Desktop or Laptop, 1-Year Rescue Services (ZP1000CV3A001)",182.46,52.88,2026-10-03,4.7,1600,https://www.amazon.com/Seagate-Barracuda-1TB-Internal-ZP1000CV3A001/dp/B08LB5LQ65,0.0,52.88
20261003_050925,2026-10-03T05:29:17.228370+00:00,amazon_usa,SSD,B0B9Y24ZM5,TEAMGROUP MP44L 500GB SLC Cache NVMe 1.4 PCIe Gen 4x4 M.2 2280 Laptop&Desktop SSD (R/W Speed up to 5000/2500MB/s) TM8FPK500G0C101,101.34,29.37,2026-10-03,4.7,614,https://www.amazon.com/TEAMGROUP-MP44L-Laptop-Desktop-TM8FPK500G0C101/dp/B0B9Y24ZM5,0.0,29.37
20261003_050925,2026-10-03T05:29:17.228370+00:00,amazon_usa,SSD,B0BRQRSM3K,INLAND TN320 1TB NVMe M.2 PCIe Gen3x4 2280 Internal Solid State Drive SSD,177.39,51.41,2026-10-03,4.5,81,https://www.amazon.com/INLAND-TN320-Gen3x4-Internal-Solid/dp/B0BRQRSM3K,0.0,51.41
20261003_050925,2026-10-03T05:29:17.228370+00:00,amazon_usa,SSD,B0F94211C5,"Fikwot FN990 1TB NVMe SSD M.2 2280 PCIe Gen4x4 with RGB Heatsink, Up to 7400MB/s, 3D NAND TLC, Internal Gaming Solid State Drive for PS5 & Desktop",192.57,55.81,2026-10-03,4.8,58,https://www.amazon.com/Fikwot-FN990-Heatsink-Internal-Desktop/dp/B0F94211C5,0.0,55.81
20261003_050925,2026-10-03T05:29:17.228370+00:00,amazon_usa,SSD,B0BR7PJGQY,Vansuny 1TB NVMe M.2 Internal Solid State Drive PCIe 3.0 TLC M.2 SSD 3D NAND 2280 Speed up to 3400/2900MB/s Internal Solid State Hard Drive PCIe SSD,153.06,44.36,2026-10-03,4.5,199,https://www.amazon.com/Vansuny-Internal-Solid-State-2100MB/dp/B0BR7PJGQY,0.0,44.36
20261003_050925,2026-10-03T05:29:17.228370+00:00,amazon_usa,SSD,B0CWQ7TK7Q,"ORICO NVMe SSD 1TB M.2 with Heatsink, Up to 3100MB/s PCIe Gen3x4 2280 Internal Solid State Drive, SLC Cache 3D NAND, Compatible with Laptop and PC Desktops -J10",152.03,44.06,2026-10-03,4.6,1500,https://www.amazon.com/ORICO-Heatsink-Internal-Compatible-Desktops/dp/B0CWQ7TK7Q,0.0,44.06
20261003_050925,2026-10-03T05:29:17.228370+00:00,amazon_usa,SSD,B0BJL61R71,Kingston Fury Renegade 1TB PCIe Gen 4.0 NVMe M.2 Internal Gaming SSD with Heat Sink | PS5 Ready | Up to 7300MB/s | SFYRSK/1000G,324.38,94.01,2026-10-03,4.8,1500,https://www.amazon.com/Kingston-Renegade-Internal-SFYRSK-1000G/dp/B0BJL61R71,0.0,94.01
20261003_050925,2026-10-03T05:29:17.228370+00:00,amazon_usa,SSD,B0DMHS9HQ4,"Western Digital 500GB WD Green SN3000 NVMe Internal SSD - Solid State Drive - Gen4 PCIe, M.2 2280, Up to 5,000 MB/s - WDS500G4G0E",97.3,28.2,2026-10-03,4.6,197,https://www.amazon.com/Western-Digital-500GB-SN3000-Internal/dp/B0DMHS9HQ4,0.0,28.2
20261003_050925,2026-10-03T05:29:17.228370+00:00,amazon_usa,SSD,B0DYMKRV1M,msi SPATIUM M450 PCIe 4.0 NVMe M.2 1TB V1 Internal Gaming SSD up to 3400MB/s 3D NAND,170.94,49.54,2026-10-03,4.5,13,https://www.amazon.com/SPATIUM-M450-PCIe-Internal-Gaming-3400MB/dp/B0DYMKRV1M,8.0,57.54
20261003_050925,2026-10-03T05:29:17.228370+00:00,amazon_usa,SSD,B0FD2LGBZF,Kingston NV3 1TB M.2 2230 NVMe SSD | Up to 6000MB/s | SNV3SM3/1T0,225.94,65.48,2026-10-03,4.7,393,https://www.amazon.com/Kingston-NV3-2230-NVMe-6000MB-SNV3SM3/dp/B0FD2LGBZF,0.0,65.48
20261003_050925,2026-10-03T05:29:17.228370+00:00,amazon_usa,SSD,B0FJ1GGGR7,INLAND TN510 1TB NVMe SSD PCIe 5.0 Gen5x4 Internal Solid State Drive,192.57,55.81,2026-10-03,4.3,7,https://www.amazon.com/INLAND-TN510-Internal-Solid-State/dp/B0FJ1GGGR7,0.0,55.81
20261003_050925,2026-10-03T05:29:17.228370+00:00,amazon_usa,SSD,B08M49JGKB,PNY CS1030 1TB PCIe Gen3 x4 NVMe M.2 2280 Internal SSD,187.53,54.35,2026-10-03,4.6,596,https://www.amazon.com/PNY-CS1030-Internal-Solid-State/dp/B08M49JGKB,0.0,54.35
20261003_050925,2026-10-03T05:29:17.228370+00:00,amazon_usa,SSD,B08BLQV2JS,Team Group TM8FP6001T0C101 MP33 M.2 2280 1TB PCIe 3.0 x 4 with NVMe 1.3 3D NAND Internal Solid State Drive,146.09,42.34,2026-10-03,4.5,88,https://www.amazon.com/TEAMGROUP-Solid-State-Drive-Gen3x4/dp/B08BLQV2JS,0.0,42.34
20261003_050925,2026-10-03T05:29:17.228370+00:00,amazon_usa,SSD,B0DV3C5HQH,Crucial P310 - SSD - 1TB - Internal - M.2 2280 - PCIe 4.0 x4 (NVMe) - Integrated Heatsink,191.54,55.51,2026-10-03,4.3,25,https://www.amazon.com/Crucial-P310-Internal-Integrated-Heatsink/dp/B0DV3C5HQH,0.0,55.51
20261003_050925,2026-10-03T05:29:17.228370+00:00,amazon_usa,SSD,B0BBZHGZ2W,"ADATA Legend 960 1TB PCIe Gen4 x4 NVMe 1.4 M.2 Internal Gaming SSD Up to 7,400 MB/s (ALEG-960-1TCS)",177.39,51.41,2026-10-03,4.7,46,https://www.amazon.com/ADATA-Legend-Internal-Gaming-ALEG-960-1TCS/dp/B0BBZHGZ2W,0.0,51.41
20261003_050925,2026-10-03T05:29:17.228370+00:00,amazon_usa,SSD,B0D9YBN4L5,"Fikwot FX550 NVMe SSD 1TB M.2 SSD PCIe 3.0×4, Read Up to 3,500 MB/s, M2 2280 Internal Soild State Drive, Compatible with Desktop, Laptop and Mini PC, QLC NAND Flash",152.03,44.06,2026-10-03,4.4,354,https://www.amazon.com/Fikwot-FX550-Internal-Compatible-Desktop/dp/B0D9YBN4L5,0.0,44.06
20261003_050925,2026-10-03T05:29:17.228370+00:00,amazon_usa,SSD,B0C7TMVM6L,"Netac 1TB PCIe Gen4x4 M.2 SSD Up to 7,300 MB/s NVMe Internal SSD with Aluminum Heatspreader High-Performance Storage for Desktop and Laptop PCs Works with PS5, NV7000-t",173.32,50.23,2026-10-03,4.4,81,https://www.amazon.com/Netac-Internal-Aluminum-Heatspreader-High-Performance/dp/B0C7TMVM6L,0.0,50.23
20261003_050925,2026-10-03T05:29:32.580512+00:00,amazon_usa,MOTHERBOARD,B0DGWNVCHL,"ASUS TUF Gaming Z890-PLUS WiFi Z890 LGA 1851 ATX Motherboard, Intel® Core™ Ultra Series 2 Ready, Advanced AI PC-Ready, 16+1+2+1 Stages, DDR5, PCIe® 5.0, Thunderbolt™ 4 Type-C®, 4X M.2, Wi-Fi 7, 2.5Gb",245.33,71.1,2026-10-03,4.2,120,https://www.amazon.com/ASUS-TUF-Z890-PLUS-Motherboard-ThunderboltTM/dp/B0DGWNVCHL,0.0,71.1
20261003_050925,2026-10-03T05:29:32.580512+00:00,amazon_usa,MOTHERBOARD,B0DGWHZKMC,"ASUS ROG STRIX Z890-A GAMING WIFI Z890 LGA 1851 ATX motherboard, Intel® Core™ Ultra Series 2 Ready, Advanced AI PC-ready, 16+2+1+2 stages, DDR5, WiFi 7, 2.5G, 5x M.2, Thunderbolt™ 4, USB Type-C, AI OC",286.22,82.95,2026-10-03,4.3,129,https://www.amazon.com/ASUS-ROG-STRIX-GAMING-WIFI/dp/B0DGWHZKMC,0.0,82.95
20261003_050925,2026-10-03T05:29:32.580512+00:00,amazon_usa,MOTHERBOARD,B0DTCR75Z3,"ASUS ROG Strix Z890-H Gaming WiFi Z890 LGA 1851 ATX Motherboard, Intel® Core™ Ultra Series 2 Ready, Advanced AI PC-Ready, 16+2+1+2 Stages, DDR5, 5Gb LAN, WiFi 7, 4X M.2, PCIe 5.0, USB Type-C®, AI OC",234.05,67.83,2026-10-03,4.4,58,https://www.amazon.com/ASUS-ROG-Z890-H-Motherboard-Advanced/dp/B0DTCR75Z3,0.0,67.83
20261003_050925,2026-10-03T05:29:32.580512+00:00,amazon_usa,MOTHERBOARD,B0DGW9S82G,"ASUS ProArt Z890-CREATOR WIFI Z890 LGA 1851 ATX Motherboard, Intel® Core™ Ultra Processor Series 2 Ready, 16+2+1+2 stages, PCIe® 5.0, DDR5, Thunderbolt™ 5 Type-C®, 10+2.5 Gb LAN, WiFi 7, 5x M.2, AI OC",455.12,131.9,2026-10-03,4.4,102,https://www.amazon.com/ASUS-Z890-CREATOR-WIFI-Motherboard-ThunderboltTM/dp/B0DGW9S82G,0.0,131.9
20261003_050925,2026-10-03T05:29:32.580512+00:00,amazon_usa,MOTHERBOARD,B0DGWRK1PN,"ASUS ROG Strix Z890-E Gaming WiFi Intel® Z890 LGA 1851 ATX Motherboard, Advanced AI PC-Ready, 18+2+1+2 Stages, DDR5, WiFi 7, 7X M.2, Thunderbolt™ 4, USB Type-C®, AI Overclocking, Cooling & Networking",379.11,109.87,2026-10-03,4.4,145,https://www.amazon.com/ASUS-ROG-Z890-ThunderboltTM-Overclocking/dp/B0DGWRK1PN,0.0,109.87
20261003_050925,2026-10-03T05:29:32.580512+00:00,amazon_usa,MOTHERBOARD,B0DGWWRTPV,"ASUS ROG Maximus Z890 Hero Intel® Z890 LGA 1851 ATX Motherboard, Advanced AI PC-Ready, 22+2+1+2 Stages, DDR5, WiFi 7, 3X PCIe® 5.0 M.2, Thunderbolt™ 4, USB Type-C®, AI Overclocking/Cooling/Networking",439.9,127.49,2026-10-03,4.3,145,https://www.amazon.com/ASUS-ROG-Z890-ThunderboltTM-Overclocking/dp/B0DGWWRTPV,0.0,127.49
20261003_050925,2026-10-03T05:29:32.580512+00:00,amazon_usa,MOTHERBOARD,B0DTCPWTG7,"ASUS Z890 AYW Gaming WiFi W ATX Z890 Motherboard, Intel Core Ultra Series 2 Ready, Advanced AI PC-Ready, 16+1+2+1 Levels, DDR5, PCIe 5.0, Thunderbolt 4, USB Type-C, 4X M.2, Wi-Fi 7, 2.5GB LAN",182.46,52.88,2026-10-03,4.1,27,https://www.amazon.com/ASUS-Z890-AYW-Motherboard-ThunderboltTM/dp/B0DTCPWTG7,0.0,52.88
20261003_050925,2026-10-03T05:29:32.580512+00:00,amazon_usa,MOTHERBOARD,B0H1JNLST2,"Z890 Gaming Plus WIFI6E Motherboard, ATX-Supports Intel Core Ultra Processors (Series 2), LGA 1851 - DDR5 Memory Boost (Up to 9200+MT/s OC), 1 x PCIe 5.0 x16, 1 x M.2 Gen5, Intel Killer 5G LAN, Wi-Fi",192.57,55.81,2026-10-03,4.1,9,https://www.amazon.com/Z890-WIFI6E-Motherboard-ATX-Supports-Processors/dp/B0H1JNLST2,0.0,55.81
20261003_050925,2026-10-03T05:29:32.580512+00:00,amazon_usa,MOTHERBOARD,B0H2B5NTL5,"MAG Z890 Tomahawk WiFi II Motherboard, ATX - Supports Intel Core Ultra Processors (Series 2), LGA 1851 - DDR5 Memory Boost 4 x DDR5 (9200+ MT/s OC), 1 x PCIe 5.0 x16, 1 x M.2 Gen5, 5G LAN, Wi-Fi 7",233.12,67.56,2026-10-03,4.1,24,https://www.amazon.com/MAG-Z890-Tomahawk-II-Motherboard/dp/B0H2B5NTL5,0.0,67.56
20261003_050925,2026-10-03T05:29:32.580512+00:00,amazon_usa,MOTHERBOARD,B0CRDMX2SV,"ASUS Prime Z890M-PLUS WiFi Z890 LGA 1851 mATX Motherboard, Intel® Core™ Ultra Series 2 Ready, Advanced AI PC-Ready, 10+1+2+1 80A Power Stages, DDR5, PCIe® 5.0, USB Type-C®, 3X M.2, Wi-Fi 7, 2.5Gb LAN",193.61,56.11,2026-10-03,4.0,27,https://www.amazon.com/ASUS-PRIME-Z890M-PLUS-WIFI-Prime/dp/B0CRDMX2SV,0.0,56.11
20261003_050925,2026-10-03T05:29:32.580512+00:00,amazon_usa,MOTHERBOARD,B0DPY5WKGF,"msi PRO Z890-S WiFi White Motherboard, ATX - Supports Intel Core Ultra Processors (Series 2), LGA 1851 - DDR5 Memory Boost (8600+ MT/s OC), PCIe 5.0 x16 & 4.0 x16, M.2 Gen5, Wi-Fi 7, 2.5G LAN",201.16,58.3,2026-10-03,4.3,45,https://www.amazon.com/MSI-Z890-S-WiFi-White-Motherboard/dp/B0DPY5WKGF,0.0,58.3
20261003_050925,2026-10-03T05:29:32.580512+00:00,amazon_usa,MOTHERBOARD,B0DJP9LCYC,"GIGABYTE Z890 AORUS Master Intel Core Ultra (Series 2) LGA 1851 Motherboard, ATX, DDR5, 5X M.2, PCIe 5.0, Thunderbolt 4, WIFI7, 10GbE LAN, EZ-Latch",336.91,97.64,2026-10-03,4.2,49,https://www.amazon.com/GIGABYTE-Z890-AORUS-Motherboard-Thunderbolt/dp/B0DJP9LCYC,0.0,97.64
20261003_050925,2026-10-03T05:29:32.580512+00:00,amazon_usa,MOTHERBOARD,B0DJP95MGB,"GIGABYTE Z890 AORUS Elite WIFI7 Intel Core Ultra (Series 2) LGA 1851 Motherboard, ATX, DDR5, 4X M.2, PCIe 5.0, Thunderbolt 4, 2.5GbE LAN, EZ-Latch",268.55,77.83,2026-10-03,4.5,119,https://www.amazon.com/GIGABYTE-Z890-AORUS-WIFI7-Motherboard/dp/B0DJP95MGB,0.0,77.83
20261003_050925,2026-10-03T05:29:32.580512+00:00,amazon_usa,MOTHERBOARD,B0DQVRTTQ4,"ASUS Pro WS Z890-ACE SE Z890 LGA 1851 ATX Motherboard, Intel® Core™ Ultra Series 2 Ready, Advanced AI PC-Ready, PCIe® 5.0, DDR5, 10G & 2.5G LAN, 4X M.2, USB 20Gbps, Thunderbolt™ 4, onboard BMC, AI OC",462.64,134.08,2026-10-03,3.3,4,https://www.amazon.com/ASUS-WS-Z890-ACE-Motherboard-ThunderboltTM/dp/B0DQVRTTQ4,0.0,134.08
20261003_050925,2026-10-03T05:29:32.580512+00:00,amazon_usa,MOTHERBOARD,B0GYFXTDT6,"msi Z890 Gaming Plus WiFi Motherboard,ATX-Supports Core Ultra Series 2 Intel,LGA 1851,DDR5,PCIe 5.0,M.2,SATA,5Gbps LAN,USB C,WiFi 7,Bluetooth 5.4,Thunderbolt 4+HIGH-Speed DDR5 RAM 16GB(1x16GB) Bundle",415.58,120.44,2026-10-03,4.2,12,https://www.amazon.com/Z890-Gaming-Plus-Motherboard-ATX-Supports/dp/B0GYFXTDT6,0.0,120.44
20261003_050925,2026-10-03T05:29:32.580512+00:00,amazon_usa,MOTHERBOARD,B0D66D6GW9,"ASUS TUF Gaming Z890-PRO WiFi Z890 LGA 1851 ATX Motherboard, Intel® Core™ Ultra Series 2 Ready, Advanced AI PC-Ready, 16+1+2+1 Stages, DDR5, PCIe® 5.0, Thunderbolt 4 Type-C, 4X M.2, Wi-Fi 7, 2.5Gb",293.95,85.19,2026-10-03,4.2,71,https://www.amazon.com/ASUS-TUF-Z890-PRO-Motherboard-Thunderbolt/dp/B0D66D6GW9,0.0,85.19
20261003_050925,2026-10-03T05:29:32.580512+00:00,amazon_usa,MOTHERBOARD,B0DJQ38QP1,ASRock Intel Core Ultra Z890 Pro RS ATX Motherboard LGA1851 RL-ILM DDR5 8666 MHz 256 GB M.2 PCIe 5.0 Thunderbolt,172.32,49.94,2026-10-03,4.6,12,https://www.amazon.com/ASRock-Z890-RS-Motherboard-Thunderbolt/dp/B0DJQ38QP1,0.0,49.94
20261003_050925,2026-10-03T05:29:32.580512+00:00,amazon_usa,MOTHERBOARD,B0DJQ2RXNX,ASRock Z890 Pro-A Motherboard Intel Core Ultra LGA1851 RL-ILM DDR5 8666 MHz 256 GB ATX Motherboard PCIe 5.0,192.57,55.81,2026-10-03,4.9,12,https://www.amazon.com/ASRock-Z890-Motherboard-LGA1851-RL-ILM/dp/B0DJQ2RXNX,0.0,55.81
20261003_050925,2026-10-03T05:29:32.580512+00:00,amazon_usa,MOTHERBOARD,B0GTZT12W1,"GIGABYTE Z890 AORUS Elite WIFI7 Plus Intel LGA 1851 ATX Motherboard, Support Core Ultra (Series 2), DDR5, 16+1+2 Power Phase, 4X M.2, PCIe 5.0, USB4, WiFi 7, 5GbE, EZ-Latch, D5 Bionic Corsa",266.59,77.26,2026-10-03,3.8,4,https://www.amazon.com/GIGABYTE-Z890-AORUS-WIFI7-Motherboard/dp/B0GTZT12W1,0.0,77.26
20261003_050925,2026-10-03T05:29:32.580512+00:00,amazon_usa,MOTHERBOARD,B0DJN5Q427,ASRock Intel Core Ultra Z890 Nova WiFi 7 Phantom Gaming ATX Motherboard Thunderbolt LGA1851 RL-ILM DDR5 9200 MHZ 256 GB,182.46,52.88,2026-10-03,3.7,13,https://www.amazon.com/ASRock-Z890-Phantom-Motherboard-Thunderbolt/dp/B0DJN5Q427,0.0,52.88
20261003_050925,2026-10-03T05:29:32.580512+00:00,amazon_usa,MOTHERBOARD,B0DJPTBCD6,ASRock Z890M Riptide WiFi 6E Phantom Gaming Intel Core Ultra Z890 LGA1851 RL-ILM DDR5 9066 MHz 256 GB M.2 Micro ATX Motherboard,182.46,52.88,2026-10-03,3.7,16,https://www.amazon.com/ASRock-Z890M-Riptide-Phantom-Motherboard/dp/B0DJPTBCD6,0.0,52.88
20261003_050925,2026-10-03T05:29:32.580512+00:00,amazon_usa,MOTHERBOARD,B0DJPY6CZX,ASRock Intel Core Ultra Phantom Gaming Z890 Riptide WiFi 7 ATX Motherboard DDR5 9066 MHz 256 GB LGA1851 RL-ILM M.2 PCIe 5.0,172.32,49.94,2026-10-03,2.5,7,https://www.amazon.com/ASRock-Phantom-Z890-Riptide-Motherboard/dp/B0DJPY6CZX,0.0,49.94
20261003_050925,2026-10-03T05:29:32.580512+00:00,amazon_usa,MOTHERBOARD,B0GV17GF1T,"GIGABYTE Z890 Eagle WIFI7 Plus Intel LGA 1851 ATX Motherboard, Support Core Ultra (Series 2), DDR5, 14+1+2 Power Phase, 4X M.2, PCIe 5.0, USB4, WiFi 7, 2.5GbE, EZ-Latch, D5 Bionic Corsa",222.01,64.34,2026-10-03,5.0,1,https://www.amazon.com/GIGABYTE-Z890-WIFI7-Motherboard-EZ-Latch/dp/B0GV17GF1T,0.0,64.34
20261003_050925,2026-10-03T05:29:32.580512+00:00,amazon_usa,MOTHERBOARD,B0DTCS854H,"ASUS ROG Strix Z890-F Gaming WiFi Intel® Z890 LGA 1851 ATX Motherboard, Advanced AI PC-Ready, 16+2+1+2 Stages, DDR5, WiFi 7, 5X M.2, Thunderbolt™ 4, USB Type-C®, AI Overclocking, Cooling & Networking",339.56,98.41,2026-10-03,4.4,30,https://www.amazon.com/ASUS-ROG-Z890-F-ThunderboltTM-Overclocking/dp/B0DTCS854H,0.0,98.41
20261003_050925,2026-10-03T05:29:36.515180+00:00,amazon_usa,MOTHERBOARD,B0FZTLYP3W,"High Gain WiFi 7 Antenna for GIGABYTE Motherboard New Interface Wi-Fi 6E Antennas B850 Eagle,B860 DS3H,X870 Eagle X870 Gaming,Z890 UD,Z890 Eagle,B550 Eagle Desktop Gaming PC Wireless Wi-Fi Black",60.8,17.62,2026-10-03,4.8,5,,0.0,17.62
20261003_050925,2026-10-03T05:29:36.515180+00:00,amazon_usa,MOTHERBOARD,B0DM4C1MM2,"msi MEG Z890 Unify-X Motherboard, ATX - Supports Intel Core Ultra Processors (Series 2), LGA 1851-110A SPS, DDR5 Memory (9600+ MT/s OC), PCIe 5.0 & 4.0 x16, M.2 Gen5, Thunderbolt 4, Wi-Fi 7, 5G LAN",395.32,114.57,2026-10-03,4.6,15,https://www.amazon.com/MSI-MEG-Z890-Unify-X-Motherboard/dp/B0DM4C1MM2,0.0,114.57
20261003_050925,2026-10-03T05:29:36.515180+00:00,amazon_usa,MOTHERBOARD,B0DJP8Q6JK,"GIGABYTE Z890M AORUS Elite WIFI7 ICE Ultra Core (Series 2) LGA 1851, ATX, DDR5, 3X M.2, PCIe 5.0, Thunderbolt 4, WIFI7, 2.5GbE LAN, EZ-Latch",212.86,61.69,2026-10-03,3.9,45,https://www.amazon.com/GIGABYTE-Z890M-AORUS-WIFI7-ICE/dp/B0DJP8Q6JK,0.0,61.69
20261003_050925,2026-10-03T05:29:36.515180+00:00,amazon_usa,MOTHERBOARD,B0DJP7NRXX,"GIGABYTE Z890 AORUS Elite WIFI7 ICE Intel Core Ultra (Series 2) LGA 1851 Motherboard, ATX, DDR5, 3X M.2, PCIe 5.0, Thunderbolt 4, WIFI7, 2.5GbE LAN, EZ-Latch",253.4,73.44,2026-10-03,4.0,47,https://www.amazon.com/GIGABYTE-Z890-AORUS-WIFI7-ICE/dp/B0DJP7NRXX,0.0,73.44
20261003_050925,2026-10-03T05:29:36.515180+00:00,amazon_usa,MOTHERBOARD,B0DJDFM619,"ASUS ROG Maximus Z890 Hero Intel Z890 LGA1851 DDR5 9200 HDMI 2xUSB4 6X M2 USB3.2 WiFi 7 + BT Aura RGB 5Gbit + 2.5Gbit LAN ATX 22+1+2+2 Power Phases, Motherboard",415.58,120.44,2026-10-03,4.1,93,https://www.amazon.com/ASUS-ROG-Maximus-Z890-Motherboard/dp/B0DJDFM619,0.0,120.44
20261003_050925,2026-10-03T05:29:36.515180+00:00,amazon_usa,MOTHERBOARD,B0DZF4DPSP,NZXT N7 Z890 - Intel Z890 LGA 1851 ATX Motherboard - White,354.78,102.82,2026-10-03,4.4,3,https://www.amazon.com/NZXT-N7-Z890-Motherboard-Thunderbolt/dp/B0DZF4DPSP,0.0,102.82
20261003_050925,2026-10-03T05:29:36.515180+00:00,amazon_usa,MOTHERBOARD,B0DJPTRFN6,"msi MPG Z890 Carbon WiFi Gaming Motherboard (Support Core Ultra Series 2 Intel Processors, LGA 1851, DDR5, PCIe 5.0, M.2, SATA, 5Gbps LAN, USB Type-C, Wi-Fi 7, Bluetooth 5.4, Thunderbolt 4, ATX)",354.78,102.82,2026-10-03,4.2,48,https://www.amazon.com/MSI-MPG-Z890-Motherboard-Thunderbolt/dp/B0DJPTRFN6,0.0,102.82
20261003_050925,2026-10-03T05:29:36.515180+00:00,amazon_usa,MOTHERBOARD,B0DH6R9WM9,"msi PRO Z890-P WiFi ProSeries Motherboard (Supports Core Ultra Series 2 Intel Processors, LGA 1851, DDR5, PCIe 5.0, M.2, SATA, 5Gbps LAN, USB Type-C, Wi-Fi 7, Bluetooth 5.4, Thunderbolt 4, ATX)",206.79,59.93,2026-10-03,4.1,33,https://www.amazon.com/MSI-ProSeries-Motherboard-Processors-Thunderbolt/dp/B0DH6R9WM9,0.0,59.93
20261003_050925,2026-10-03T05:29:36.515180+00:00,amazon_usa,MOTHERBOARD,B0DJP8MMMJ,"GIGABYTE Z890 Eagle WIFI7 Intel Core Ultra (Series 2) LGA 1851 Motherboard, ATX, DDR5, 4X M.2, PCIe 5.0, USB4, WIFI7, 2.5GbE LAN, EZ-Latch",217.9,63.15,2026-10-03,3.9,41,https://www.amazon.com/GIGABYTE-Z890-WIFI7-Motherboard-EZ-Latch/dp/B0DJP8MMMJ,0.0,63.15
20261003_050925,2026-10-03T05:29:36.515180+00:00,amazon_usa,MOTHERBOARD,B0DJPTRP57,"msi MEG Z890 ACE Gaming Motherboard (Support Core Ultra Series 2 Intel Processors, LGA 1851, DDR5, PCIe 5.0, M.2, SATA, 10Gbps LAN, USB Type-C, Wi-Fi 7, Bluetooth 5.4, Thunderbolt 4, ATX)",598.39,173.42,2026-10-03,4.3,63,https://www.amazon.com/MSI-Motherboard-Processors-Bluetooth-Thunderbolt/dp/B0DJPTRP57,0.0,173.42
20261003_050925,2026-10-03T05:29:36.515180+00:00,amazon_usa,MOTHERBOARD,B0DJP8NFWP,"GIGABYTE Z890 AORUS PRO ICE Intel Core Ultra (Series 2) LGA 1851 Motherboard, ATX, DDR5, 5X M.2, PCIe 5.0, Thunderbolt 4, WIFI7, 5GbE LAN, EZ-Latch",267.62,77.56,2026-10-03,3.8,27,https://www.amazon.com/GIGABYTE-Z890-AORUS-PRO-ICE/dp/B0DJP8NFWP,0.0,77.56
20261003_050925,2026-10-03T05:29:36.515180+00:00,amazon_usa,MOTHERBOARD,B0DM45SDVW,"msi MEG Z890 GODLIKE, E-ATX - Supports Intel Core Ultra Processors (Series 2), LGA 1851 - Dynamic Dashboard III, EZ Slide M.2, DDR5 (9200+ MT/s OC), M.2 & PCIe 5.0, Thunderbolt 5, Wi-Fi 7, 10G LAN",1068.38,309.63,2026-10-03,4.0,27,https://www.amazon.com/MSI-MEG-Z890-GODLIKE-ATX/dp/B0DM45SDVW,0.0,309.63
20261003_050925,2026-10-03T05:29:36.515180+00:00,amazon_usa,MOTHERBOARD,B0HBW2VWJ6,Micro Center Intel core Ultra 7 270k Plus Bundle w/Asrock Z890 PRO RS WiFi,537.24,155.7,2026-10-03,0.0,0,https://www.amazon.com/Micro-Center-Intel-Bundle-Asrock/dp/B0HBW2VWJ6,0.0,155.7
20261003_050925,2026-10-03T05:29:36.515180+00:00,amazon_usa,MOTHERBOARD,B0DN6W4MDT,NZXT N9 Z890 - Intel Z890 LGA 1851 ATX Motherboard - White,517.09,149.86,2026-10-03,4.3,40,https://www.amazon.com/NZXT-Z890-Motherboard-Thunderbolt-Full-Metal/dp/B0DN6W4MDT,0.0,149.86
20261003_050925,2026-10-03T05:29:36.515180+00:00,amazon_usa,MOTHERBOARD,B0DJP9DBVS,"GIGABYTE Z890 Gaming X WIFI7 Intel Core Ultra (Series 2) LGA 1851 Motherboard, ATX, DDR5, 4X M.2, PCIe 5.0, USB4, WIFI7, 2.5GbE LAN, EZ-Latch",253.4,73.44,2026-10-03,4.3,17,https://www.amazon.com/GIGABYTE-Z890-WIFI7-Motherboard-EZ-Latch/dp/B0DJP9DBVS,0.0,73.44
20261003_050925,2026-10-03T05:29:36.515180+00:00,amazon_usa,MOTHERBOARD,B0DQLKD2KK,"GIGABYTE Z890 AORUS Master AI TOP Intel Core Ultra (Series 2) LGA 1851 Motherboard, E-ATX, DDR5, 4X M.2, PCIe 5.0, Thunderbolt 4, WIFI7, 10GbE LAN, EZ-Latch",546.97,158.52,2026-10-03,4.2,10,https://www.amazon.com/GIGABYTE-Z890-AORUS-TOP-Motherboard/dp/B0DQLKD2KK,0.0,158.52
20261003_050925,2026-10-03T05:29:36.515180+00:00,amazon_usa,MOTHERBOARD,B0DH6SF5LB,"msi MAG Z890 Tomahawk WiFi Gaming Motherboard (Supports Core Ultra Series 2 Intel Processors, LGA 1851, DDR5, PCIe 5.0, M.2, SATA, 5Gbps LAN, USB Type-C, Wi-Fi 7, Bluetooth 5.4, Thunderbolt 4, ATX)",263.55,76.38,2026-10-03,4.3,124,https://www.amazon.com/MSI-MAG-Z890-Motherboard-Thunderbolt/dp/B0DH6SF5LB,0.0,76.38
20261003_050925,2026-10-03T05:29:36.515180+00:00,amazon_usa,MOTHERBOARD,B0DJN733P4,ASRock Z890 Pro RS WiFi 6E White Intel Core Ultra LGA1851 RL-ILM DDR5 8666 MHz 256 GB ATX Motherboard M.2,248.06,71.89,2026-10-03,5.0,4,https://www.amazon.com/ASRock-Z890-RS-LGA1851-Motherboard/dp/B0DJN733P4,0.0,71.89
20261003_050925,2026-10-03T05:29:36.515180+00:00,amazon_usa,MOTHERBOARD,B0H3KQ763N,Micro Center Bundle Intel Core Ultra7 270K Plus CPU Motherboard Combo,567.64,164.51,2026-10-03,0.0,0,https://www.amazon.com/Micro-Center-Bundle-Ultra7-Motherboard/dp/B0H3KQ763N,0.0,164.51
20261003_050925,2026-10-03T05:29:36.515180+00:00,amazon_usa,MOTHERBOARD,B0FBYXQY72,"SUS Prime Z890-P WiFi Z890 LGA 1851 ATX Motherboard, Intel® Core™ Ultra Series 2 Ready, Advanced AI PC-Ready, 14+1+1+2 Power Stage, DDR5, PCIe® 5.0, Thunderbolt™ 4 USB Type-C®, 4X M.2, Wi-Fi 7",162.07,46.97,2026-10-03,0.0,0,https://www.amazon.com/ASUS-motherboard-Advanced-PC-ready-ThunderboltTM/dp/B0FBYXQY72,0.0,46.97
20261003_050925,2026-10-03T05:29:36.515180+00:00,amazon_usa,MOTHERBOARD,B0DJDFX4M1,"ASUS Intel Prime Z890-P ATX Motherboard,14+1+2+1 (80A) Power Stages, DDR5 Slots, PCIe 5.0 w/Full Support for Next-gen GPUs, USB 20Gbps Type-C Port, 4 x M.2 Slots, PCIe Slot Q-Release",268.14,77.71,2026-10-03,3.8,34,https://www.amazon.com/ASUS-Motherboard-Support-Next-gen-Q-Release/dp/B0DJDFX4M1,25.0,102.71
20261003_050925,2026-10-03T05:29:36.515180+00:00,amazon_usa,MOTHERBOARD,B0DG16GVL2,"Z490 Gaming Plus Motherboard, LGA 1200 225x190mm ATX Motherboard for 10th, 11th Gen CPU, M.2 Interface, DP, HDMI, VGA, for DIY Computer",131.77,38.19,2026-10-03,3.1,10,,0.0,38.19
20261003_050925,2026-10-03T05:29:40.609353+00:00,amazon_usa,MOTHERBOARD,B0DJPWFRFF,"msi PRO Z890-S WiFi ProSeries Motherboard (Support Core Ultra Series 2 Intel Processors, LGA 1851, DDR5, PCIe 5.0, M.2, SATA, 2.5Gbps LAN, USB Type-C, Wi-Fi 7, Bluetooth 5.4, Thunderbolt 4, ATX)",201.72,58.46,2026-10-03,4.8,15,https://www.amazon.com/MSI-ProSeries-Motherboard-Processors-Thunderbolt/dp/B0DJPWFRFF,0.0,58.46
20261003_050925,2026-10-03T05:29:40.609353+00:00,amazon_usa,MOTHERBOARD,B0DPY43LJC,"msi MPG Z890I Edge TI WiFi Motherboard, Mini-ITX - Supports Intel Core Ultra Processors (Series 2), LGA 1851-110A SPS VRM, DDR5 Memory Boost (8600+ MT/s OC), PCIe 5.0 x16, M.2 Gen5, Wi-Fi 7, 5G LAN",304.09,88.13,2026-10-03,4.4,28,https://www.amazon.com/MSI-MPG-Z890I-Edge-Motherboard/dp/B0DPY43LJC,0.0,88.13
20261003_050925,2026-10-03T05:29:40.609353+00:00,amazon_usa,MOTHERBOARD,B0BRQSWSFQ,"msi PRO B760-P WiFi DDR4 ProSeries Motherboard - Supports 12th/13th/14th Gen Intel Processors, LGA 1700, DDR4, PCIe 4.0, M.2, 2.5Gbps LAN, USB 3.2 Gen2, HDMI/DP, Wi-Fi 6E, Bluetooth 5.3, ATX",140.88,40.83,2026-10-03,4.6,665,https://www.amazon.com/MSI-ProSeries-Motherboard-Supports-Processors/dp/B0BRQSWSFQ,0.0,40.83
20261003_050925,2026-10-03T05:29:40.609353+00:00,amazon_usa,MOTHERBOARD,B0H3KVMDJZ,Micro Center CPU Motherboard Combo -Intel Core Ultra 7 270K Plus 24 cores up to 5.5 GHz Desktop Processor with Asus Z890 AYW Gaming WiFi W LGA 1851 ATX Motherboard,547.35,158.63,2026-10-03,5.0,2,https://www.amazon.com/Micro-Center-Motherboard-Desktop-Processor/dp/B0H3KVMDJZ,0.0,158.63
20261003_050925,2026-10-03T05:29:40.609353+00:00,amazon_usa,MOTHERBOARD,B0BSMYVD88,"msi MPG Z890 EDGE TI WIFI Motherboard, ATX - Supports Intel Core Ultra Processors (Series 2), LGA 1851-90A SPS VRM, DDR5 Memory Boost (9066+ MT/s OC), PCIe 5.0 x16 & 4.0 x16, M.2 Gen5, Wi-Fi 7, 5G L",441.49,127.95,2026-10-03,4.6,40,https://www.amazon.com/MSI-MPG-Z890-EDGE-WIFI/dp/B0BSMYVD88,0.0,127.95
20261003_050925,2026-10-03T05:29:40.609353+00:00,amazon_usa,MOTHERBOARD,B0DK7M5X2R,"GIGABYTE Z890 AORUS Elite WIFI7 ICE Motherboard - Supports Intel Core Ultra (Series 2) CPUs, 16+1+2 Phases VRM, up to 8800MHz DDR5 (OC), 1xPCIe 5.0 + 3xPCIe 4.0, Wi-Fi 7, 2.5GbE LAN, Thunderbolt 4",273.38,79.23,2026-10-03,4.4,95,https://www.amazon.com/GIGABYTE-Z890-AORUS-WIFI7-Motherboard/dp/B0DK7M5X2R,0.0,79.23
20261003_050925,2026-10-03T05:29:40.609353+00:00,amazon_usa,MOTHERBOARD,B0DJDHCC9X,"ASUS Intel ROG Maximus Z890 Apex ATX Motherboard, 22+1+2+2 Power Stages, DDR5 Slots, PCIe 5.0 with Full Support for Next-gen GPUs, six M.2 Slots, WiFi 7, AI Overclocking, PCIe Slot Q-Release Slim",771.98,223.73,2026-10-03,4.2,24,https://www.amazon.com/ASUS-ROG-Z890-Motherboard-Overclocking/dp/B0DJDHCC9X,0.0,223.73
20261003_050925,2026-10-03T05:29:40.609353+00:00,amazon_usa,MOTHERBOARD,B0HBTTVY15,Micro Center Intel core Ultra 5 250k Plus Bundle w/Asrock Z890 PRO RS WiFi,425.72,123.38,2026-10-03,0.0,0,https://www.amazon.com/Micro-Center-Intel-Bundle-Asrock/dp/B0HBTTVY15,0.0,123.38
20261003_050925,2026-10-03T05:29:40.609353+00:00,amazon_usa,MOTHERBOARD,B0GYS86T2W,msi Z890 Gaming Plus WIFI6E - LGA 1851 ATX Motherboard,332.63,96.4,2026-10-03,0.0,0,https://www.amazon.com/MSI-Z890-Gaming-Plus-WIFI6E/dp/B0GYS86T2W,0.0,96.4
20261003_050925,2026-10-03T05:29:40.609353+00:00,amazon_usa,MOTHERBOARD,B0FP2ZFZ7L,"GIGABYTE Z890 AORUS Tachyon ICE Intel Core Ultra (Series 2) LGA 1851 Motherboard, E-ATX, DDR5, 4X M.2, PCIe 5.0, Thunderbolt 4, WIFI7, 5GbE LAN, D5 Bionic Corsa",608.19,176.26,2026-10-03,0.0,0,https://www.amazon.com/GIGABYTE-Z890-AORUS-ICE-Motherboard/dp/B0FP2ZFZ7L,0.0,176.26
20261003_050925,2026-10-03T05:29:40.609353+00:00,amazon_usa,MOTHERBOARD,B0GXX622ZM,"ASRock B860M Challenger WiFi White mATX Motherboard, Intel Core Ultra (Series 2), DDR5 8666+ (OC), PCIe 5.0, 2.5G LAN, WiFi 7, Dr.MOS",121.63,35.25,2026-10-03,5.0,7,https://www.amazon.com/ASRock-B860M-Challenger-Motherboard-Dr-MOS/dp/B0GXX622ZM,0.0,35.25
20261003_050925,2026-10-03T05:29:40.609353+00:00,amazon_usa,MOTHERBOARD,B0FP3MRTC1,"ASUS B760M-AYW WiFi D4 II Intel® B760 (LGA 1700) microATX mATX Motherboard, PCIe 5.0 x16 Support, Two M.2 Slots, DDR4, Realtek 2.5Gb Ethernet, Wi-Fi 6, HDMI, SATA 6 Gbps, Front USB 5Gbps, Aura Sync",101.34,29.37,2026-10-03,4.4,131,https://www.amazon.com/ASUS-B760M-AYW-D4-II-Motherboard/dp/B0FP3MRTC1,0.0,29.37
20261003_050925,2026-10-03T05:29:40.609353+00:00,amazon_usa,MOTHERBOARD,B0F9FRX73M,Micro Center Bundle Intel Core Ultra 7 265KF and msi Pro Z890-P WiFi Combo,506.81,146.88,2026-10-03,3.5,5,https://www.amazon.com/Micro-Center-CPU-Motherboard-Combo/dp/B0F9FRX73M,0.0,146.88
20261003_050925,2026-10-03T05:29:40.609353+00:00,amazon_usa,MOTHERBOARD,B0DJDCD8PV,"ASUS ROG Maximus Z890 Extreme Intel Z890 LGA1851 DDR5 9200 HDMI 2xThunderbolt 5 6X M2 USB3.2 WiFi 7 + BT Aura RGB 10Gbit + 2.5Gbit LAN ATX 24+1+2+2 Power Phases, Thunderbolt 5, 5, 5, 5, 5"" LCD",1105.57,320.41,2026-10-03,3.8,33,https://www.amazon.com/ASUS-MAXIMUS-EXTREME-2xThunderbolt-Thunderbolt/dp/B0DJDCD8PV,25.0,345.41
20261003_050925,2026-10-03T05:29:40.609353+00:00,amazon_usa,MOTHERBOARD,B0DL75T61Q,"ASUS PROART Z890-CREATOR WIFI Intel ATX Motherboard, DDR5 Card Slot, Black",532.03,154.19,2026-10-03,4.4,60,https://www.amazon.com/ASUS-Z890-CREATOR-Motherboard-Generation-Thunderbolt/dp/B0DL75T61Q,0.0,154.19
20261003_050925,2026-10-03T05:29:40.609353+00:00,amazon_usa,MOTHERBOARD,B0DJDF92JW,"ASUS Intel ROG Strix Z890-A Gaming WiFi ATX Motherboard, 16+1+2+2 Power Stage, DDR5 Slots, PCIe 5.0 w/Full Support for Next Generation GPUs, Five M.2 Slots, WiFi 7, AI Overclocking, AI",387.11,112.19,2026-10-03,4.4,61,https://www.amazon.com/ASUS-Motherboard-Support-Generation-Overclocking/dp/B0DJDF92JW,25.0,137.19
20261003_050925,2026-10-03T05:29:40.609353+00:00,amazon_usa,MOTHERBOARD,B0DGVGRVLQ,"GIGABYTE X870 AORUS Elite WIFI7 ICE AMD AM5 LGA 1718 Motherboard, ATX, DDR5, 4X M.2, PCIe 5.0, USB4, WIFI7, 2.5GbE LAN, EZ-Latch, 5-Year Warranty",243.26,70.5,2026-10-03,4.3,353,https://www.amazon.com/GIGABYTE-X870-AORUS-WIFI7-ICE/dp/B0DGVGRVLQ,0.0,70.5
20261003_050925,2026-10-03T05:29:40.609353+00:00,amazon_usa,MOTHERBOARD,B0CX1GPFW4,"ASRock B760M Pro-A/D4 WiFi Micro ATX Motherboard, Intel LGA1700, DDR4 5333+ (OC), PCIe 4.0, 2.5G LAN, Wi-Fi 6E, 7+1+1 Dr.MOS",121.63,35.25,2026-10-03,5.0,10,https://www.amazon.com/ASRock-B760M-D4-WiFi-Motherboard/dp/B0CX1GPFW4,0.0,35.25
20261003_050925,2026-10-03T05:29:40.609353+00:00,amazon_usa,MOTHERBOARD,B0DQLH4ZTR,"GIGABYTE B860 AORUS Elite WIFI7 ICE Intel Core Ultra (Series 2) LGA 1851 Motherboard, ATX, DDR5, 3X M.2, PCIe 5.0, USB-C, WIFI7, 2.5GbE LAN, EZ-Latch",182.46,52.88,2026-10-03,3.7,17,https://www.amazon.com/GIGABYTE-B860-AORUS-WIFI7-ICE/dp/B0DQLH4ZTR,0.0,52.88
20261003_050925,2026-10-03T05:29:40.609353+00:00,amazon_usa,MOTHERBOARD,B0DQLJGTRM,"GIGABYTE B850M AORUS Elite WIFI6E ICE AMD AM5 mATX Motherboard, Support AMD Ryzen 9000/8000/7000 Series, DDR5, 12+2+2 Power Phase, 2X M.2, PCIe 5.0, USB-C, WIFI6E, 2.5GbE, EZ-Latch, 5-Year Warranty",162.17,47.0,2026-10-03,4.5,297,https://www.amazon.com/GIGABYTE-B850M-AORUS-WIFI6E-ICE/dp/B0DQLJGTRM,0.0,47.0
20261003_050925,2026-10-03T05:29:45.077100+00:00,amazon_usa,MOTHERBOARD,B0DJDFTS7R,"ASUS PRIME Z890-P WIFI Motherboard: Intel Z890 LGA1851, DDR5 8400, DP HDMI USB4, 4x M2, WiFi 7 + BT, AURA RGB, 2.5Gbit LAN, ATX 14+1+2+1 Power Phases, Thunderbolt 4, AI Technology",310.75,90.06,2026-10-03,4.4,60,https://www.amazon.com/ASUS-PRIME-Z890-P-WIFI-Motherboard/dp/B0DJDFTS7R,0.0,90.06
20261003_050925,2026-10-03T05:29:45.077100+00:00,amazon_usa,MOTHERBOARD,B0D54QJ9CJ,"GIGABYTE B760M Gaming Plus WiFi DDR4 LGA 1700 Intel B760 M-ATX Motherboard, 2* M.2, PCIe 4.0, Front USB 3.2 Gen 1 Type-C, 6 GbE LAN, Q-Flash Plus, EZ-Latch",140.85,40.82,2026-10-03,4.3,336,https://www.amazon.com/GIGABYTE-B760M-DDR4-Motherboard-EZ-Latch/dp/B0D54QJ9CJ,0.0,40.82
20261003_050925,2026-10-03T05:29:45.077100+00:00,amazon_usa,MOTHERBOARD,B0BZ9T4KF6,"msi PRO B760M-P DDR4 ProSeries Motherboard (Supports 12th/13th/14th Gen Intel Processors, LGA 1700, DDR4, PCIe 4.0, M.2, USB 3.2 Gen2, HDMI/DP, mATX)",100.34,29.08,2026-10-03,4.5,778,https://www.amazon.com/MSI-PRO-B760M-P-DDR4-Motherboard/dp/B0BZ9T4KF6,0.0,29.08
20261003_050925,2026-10-03T05:29:45.077100+00:00,amazon_usa,MOTHERBOARD,B07HCT5GBD,"ASUS Prime Z390-P LGA1151 (Intel 8th and 9th Gen) ATX Motherboard for Cryptocurrency Mining(BTC) with Above 4G Decoding, 6xPCIe Slot and USB 3.1 Gen2",213.83,61.97,2026-10-03,4.4,1800,https://www.amazon.com/Prime-Z390-P-LGA1151-Intel-Motherboard/dp/B07HCT5GBD,0.0,61.97
20261003_050925,2026-10-03T05:29:45.077100+00:00,amazon_usa,MOTHERBOARD,B0CBNP35BD,ASRock B760 Pro RS WiFi 6E LGA1700 HDMI DisplayPort eDP Intel B760 ATX Motherboard DDR5 192GB 7200+ (OC) MHz SATA3 6.0 Gb/s USB3.2 Gen2 2.5G LAN PCIe5.0 M.2 64Bit,131.77,38.19,2026-10-03,4.7,35,https://www.amazon.com/ASRock-B760-WiFi-Intel-Motherboard/dp/B0CBNP35BD,0.0,38.19
20261003_050925,2026-10-03T05:29:45.077100+00:00,amazon_usa,MOTHERBOARD,B0C15THTK7,"msi B760 Gaming Plus WiFi Gaming Motherboard (DDR5 Memory ONLY) for 12th/13th/14th Gen Intel Processors, LGA 1700, PCIe 4.0, M.2, 2.5Gbps LAN, USB 3.2 Gen2, HDMI/DP, Wi-Fi 6E, Bluetooth 5.3, ATX",141.92,41.13,2026-10-03,4.5,874,https://www.amazon.com/MSI-B760-Motherboard-Supports-Processors/dp/B0C15THTK7,0.0,41.13
20261003_050925,2026-10-03T05:29:45.077100+00:00,amazon_usa,MOTHERBOARD,B0DQ5ZS8NG,"ASUS TUF Gaming B860M-PLUS WiFi B860 LGA 1851 mATX Motherboard, Intel® Core™ Ultra Series 2 Ready, AI PC, 12+1+2+1 80A Stages, DDR5,PCIe 5.0, 3X M.2, Wi-Fi 7, 2.5G LAN, HDMI™, USB 20Gbps Type-C®",212.86,61.69,2026-10-03,3.9,37,https://www.amazon.com/ASUS-TUF-B860M-PLUS-Motherboard-Type-C%C2%AE/dp/B0DQ5ZS8NG,0.0,61.69
20261003_050925,2026-10-03T05:29:45.077100+00:00,amazon_usa,MOTHERBOARD,B0CR5THXPC,INLAND Micro Center CPU Motherboard Combo - Intel Core i7-14700K 20 Cores up to 5.6 GHz Unlocked LGA 1700 Desktop Processor with MSI PRO Z790-P WiFi ProSeries Motherboard,564.09,163.48,2026-10-03,4.4,32,https://www.amazon.com/INLAND-Micro-Center-Motherboard-Combo/dp/B0CR5THXPC,0.0,163.48
20261003_050925,2026-10-03T05:29:45.077100+00:00,amazon_usa,MOTHERBOARD,B0BHBP8CS2,"msi PRO Z790-P WiFi ProSeries Motherboard (Supports 12th/13th/14th Gen Intel Processors, LGA 1700, DDR5, PCIe 5.0, M.2, 2.5Gbps LAN, USB 3.2 Gen2, HDMI/DP, Wi-Fi 6E, Bluetooth 5.3, ATX)",213.72,61.94,2026-10-03,4.4,347,https://www.amazon.com/MSI-Z790-P-ProSeries-Motherboard-Processors/dp/B0BHBP8CS2,0.0,61.94
20261003_050925,2026-10-03T05:29:45.077100+00:00,amazon_usa,MOTHERBOARD,B09322DLZS,"ASUS Pro Q570M-C/CSM LGA1200 (Intel 10th&11th Gen) mATX Commercial Motherboard (PCIe 4.0,1 LAN,Front Panel USB 3.2 Type-C, Intel vPro,2X DP,TPM 2.0 IC,COM debug Header,self-Recovering BIOS,ACCE)",165.83,48.06,2026-10-03,4.2,26,https://www.amazon.com/ASUS-Q570M-C-CSM-Motherboard-self-Recovering/dp/B09322DLZS,0.0,48.06
20261003_050925,2026-10-03T05:29:45.077100+00:00,amazon_usa,MOTHERBOARD,B0DJDFKV2J,"ASUS Sparepart Tuf Gaming Z890-Plus WiFi Intel Z890 Lga 1851 (Socket, W129021717 (Intel Z890 Lga 1851 (Socket V1) ATX)",327.59,94.94,2026-10-03,4.3,73,https://www.amazon.com/Sparepart-Gaming-Z890-Plus-Socket-W129021717/dp/B0DJDFKV2J,25.0,119.94
20261003_050925,2026-10-03T05:29:45.077100+00:00,amazon_usa,MOTHERBOARD,B0DQBJ64KH,"msi MAG B860 Tomahawk WiFi Motherboard, ATX - Supports Intel Core Ultra Processors (Series 2), LGA 1851 - DDR5 Memory Boost 9200+ MT/s OC, 1 x PCIe 5.0 x16, 1 x M.2 Gen5, 5G LAN, Wi-Fi 7",181.46,52.59,2026-10-03,4.5,34,https://www.amazon.com/MAG-B860-Tomahawk-WiFi-Motherboard/dp/B0DQBJ64KH,0.0,52.59
20261003_050925,2026-10-03T05:29:45.077100+00:00,amazon_usa,MOTHERBOARD,B0GYCQJN4S,"GIGABYTE H810M Gaming WIFI6 GEN5 Intel LGA 1851 mATX Motherboard, Support Core Ultra (Series 2), DDR5, 4+1+2 Power Phase, PCIe 5.0 x16, 1x M.2, USB 3.2 Gen 1, Front USB-C, WiFi 6, 2.5GbE, EZ-Latch",131.77,38.19,2026-10-03,5.0,2,https://www.amazon.com/GIGABYTE-H810M-WIFI6-Motherboard-EZ-Latch/dp/B0GYCQJN4S,0.0,38.19
20261003_050925,2026-10-03T05:29:45.077100+00:00,amazon_usa,MOTHERBOARD,B0G1L6TV4B,"Mavark Asus ROG Maximus Hero Z890 LGA 1851 ATX Motherboard with Advanced AI PC-Ready DDR5, WiFi 7 + Intel Core Ultra 9 285K 24 Cores 5.7 GHz",1620.84,469.74,2026-10-03,0.0,0,https://www.amazon.com/Mavark-ROG-Maximus-Hero-Z890/dp/B0G1L6TV4B,0.0,469.74
20261003_050925,2026-10-03T05:29:45.077100+00:00,amazon_usa,MOTHERBOARD,B0DK7JG668,"GIGABYTE Z890 Gaming X WIFI7 Motherboard - Supports Intel Core Ultra (Series 2) Processors, 16+1+2 Phases VRM, up to 8800MHz DDR5 (OC), 1xPCIe 5.0 + 3xPCIe 4.0, Wi-Fi 7, 2.5GbE LAN, Thunderbolt 4",320.07,92.76,2026-10-03,4.5,19,https://www.amazon.com/GIGABYTE-Z890-GAMING-WIFI7-Motherboard/dp/B0DK7JG668,0.0,92.76
20261003_050925,2026-10-03T05:29:45.077100+00:00,amazon_usa,MOTHERBOARD,B07HS59X7P,"GIGABYTE Z390 UD (LGA 1151 (300 Series) Intel Z390 SATA 6Gb/s ATX Intel Motherboard for Cryptocurrency Mining with Above 4G Decoding, 6 x PCIe Slots)",192.47,55.78,2026-10-03,4.4,1300,https://www.amazon.com/GIGABYTE-Z390-UD-LGA1151-Motherboard/dp/B07HS59X7P,0.0,55.78
20261003_050925,2026-10-03T05:29:45.077100+00:00,amazon_usa,MOTHERBOARD,B0CK582LX5,ASRock B760M PG Riptide WiFi Micro-ATX Motherboard | Supports 14th/13th/12th Gen Intel | DDR5 7200+ (OC) | WiFi 6E | 2.5G LAN | 14+1+1 Power Phase | Front & Rear USB-C,121.63,35.25,2026-10-03,4.6,122,https://www.amazon.com/ASRock-B760M-PG-Riptide-WiFi/dp/B0CK582LX5,0.0,35.25
20261003_050925,2026-10-03T05:29:45.077100+00:00,amazon_usa,MOTHERBOARD,B0DK7JMBBX,"GIGABYTE Z890 AORUS Master Motherboard - Supports Intel Core Ultra (Series 2) CPUs, 18+1+2 Phases VRM, up to 9500MHz DDR5 (OC), 2xPCIe 5.0 + 3xPCIe 4.0, Wi-Fi 7, 10GbE LAN, Thunderbolt 4",354.78,102.82,2026-10-03,4.1,21,https://www.amazon.com/GIGABYTE-Z890-AORUS-Master-Motherboard/dp/B0DK7JMBBX,0.0,102.82
20261003_050925,2026-10-03T05:29:45.077100+00:00,amazon_usa,MOTHERBOARD,B0DK7LQMMP,"GIGABYTE Z890 AORUS PRO ICE Motherboard - Supports Intel Core Ultra (Series 2) CPUs, 16+1+2 Phases VRM, up to 9500MHz DDR5 (OC), 1xPCIe 5.0 + 4xPCIe 4.0, Wi-Fi 7, 5GbE LAN, Thunderbolt 4",334.49,96.94,2026-10-03,4.0,21,https://www.amazon.com/GIGABYTE-Z890-AORUS-PRO-ICE/dp/B0DK7LQMMP,0.0,96.94
20261003_050925,2026-10-03T05:29:45.077100+00:00,amazon_usa,MOTHERBOARD,B07ZT3F95V,"ASUS Prime Z490-P LGA 1200 (Intel® 10th Gen) ATX Motherboard (Dual M.2, DDR4 4600, 1 Gb Ethernet, USB 3.2 Gen 2 USB Type-A®, Thunderbolt™ 3 Support, Aura Sync RGB)",314.13,91.04,2026-10-03,4.5,486,https://www.amazon.com/ASUS-Prime-Z490-P/dp/B07ZT3F95V,0.0,91.04
20261003_050925,2026-10-03T05:29:49.897438+00:00,amazon_usa,MOTHERBOARD,B0DGB8Q19Y,"ASUS TUF Gaming X870-PLUS WiFi AMD AM5 X870 ATX Motherboard, 16+2+1, 80A SPS Power Stages, DDR5, PCIe 5.0 Ready, Four M.2 Slots, Wi-Fi 7, 2.5Gb LAN, HDMI, USB4® 40Gbps, SATA 6 Gbps, USB 20Gbps Type-C",237.19,68.74,2026-10-03,4.5,623,https://www.amazon.com/ASUS-TUF-Gaming-X870-PLUS-Motherboard/dp/B0DGB8Q19Y,0.0,68.74
20261003_050925,2026-10-03T05:29:49.897438+00:00,amazon_usa,MOTHERBOARD,B0DRR2WKMM,"ASUS Prime H810M-A WiFi-CSM Intel® H810 LGA 1851 mATX Motherboard, 6+1+1+1 Discrete MOS, DDR5, PCIe 4.0, 2X M.2, Intel® 1Gb Ethernet, Wi-Fi 6, DisplayPort, HDMI™, USB 10Gbps, Front USB 5Gbps Type-C®",131.77,38.19,2026-10-03,3.9,9,https://www.amazon.com/ASUS-WiFi-CSM-Motherboard-Discrete-DisplayPort/dp/B0DRR2WKMM,0.0,38.19
20261003_050925,2026-10-03T05:29:49.897438+00:00,amazon_usa,MOTHERBOARD,B0CK774991,"ASRock H610M-HDV/M.2 R2.0 Micro-ATX Motherboard, Supports Intel 14th/13th/12th Gen Core Processors (LGA1700), DDR4 3200, PCIe 4.0, Ultra M.2, Triple Display",60.8,17.62,2026-10-03,4.0,23,https://www.amazon.com/ASRock-Intel-H610-Micro-Motherboard/dp/B0CK774991,0.0,17.62
20261003_050925,2026-10-03T05:29:49.897438+00:00,amazon_usa,MOTHERBOARD,B0DF5WNFJ2,"Amazon Renewed PRO Z790-P WiFi ProSeries Motherboard (Supports 12th/13th/14th Gen Intel Processors, LGA 1700, DDR5, PCIe 5.0, M.2, 2.5Gbps LAN, USB 3.2 Gen2, HDMI/DP, Wi-Fi 6E, Bluetooth 5.3, ATX) (Re",120.04,34.79,2026-10-03,4.3,74,https://www.amazon.com/MSI-PRO-Z790-P-WiFi-ProSeries/dp/B0DF5WNFJ2,0.0,34.79
20261003_050925,2026-10-03T05:29:49.897438+00:00,amazon_usa,MOTHERBOARD,B08W8PH5B9,GIGABYTE Z590 Vision G (LGA 1200/Intel Z590/ATX/3x M.2/PCIe 4.0/USB 3.2 Gen2X2 Type-C/2.5GbE LAN/Motherboard),425.96,123.45,2026-10-03,4.1,125,https://www.amazon.com/GIGABYTE-Z590-Vision-Gen2X2-Motherboard/dp/B08W8PH5B9,0.0,123.45
20261003_050925,2026-10-03T05:29:49.897438+00:00,amazon_usa,MOTHERBOARD,B0DQLJRY8C,"GIGABYTE B860 Eagle WIFI6E Intel Core Ultra (Series 2) LGA 1851 Motherboard, ATX, DDR5, 3X M.2, PCIe 5.0, USB-C, WIFI6E, 2.5GbE LAN, EZ-Latch",182.46,52.88,2026-10-03,4.4,18,https://www.amazon.com/GIGABYTE-B860-WIFI6E-Motherboard-EZ-Latch/dp/B0DQLJRY8C,0.0,52.88
20261003_050925,2026-10-03T05:29:49.897438+00:00,amazon_usa,MOTHERBOARD,B0C1NLN31J,"msi Sparepart Pro Z890-P WiFi Motherboard Intel Z890 Lga 1851 (Socket, W129021733 (Intel Z890 Lga 1851 (Socket V1) ATX)",389.25,112.81,2026-10-03,3.9,25,https://www.amazon.com/MSI-Sparepart-Z890-P-Motherboard-W129021733/dp/B0C1NLN31J,0.0,112.81
20261003_050925,2026-10-03T05:29:49.897438+00:00,amazon_usa,MOTHERBOARD,B0BL8K1YH1,"msi MAG Z790 Tomahawk WiFi Gaming Motherboard (Supports 12th/13th/14th Gen Intel Processors, LGA 1700, DDR5, PCIe 5.0, M.2, 2.5Gbps LAN, USB 3.2 Gen2, HDMI/DP, Wi-Fi 6E, Bluetooth 5.3, ATX)",233.12,67.56,2026-10-03,4.1,587,https://www.amazon.com/MSI-MAG-Z790-Motherboard-Processors/dp/B0BL8K1YH1,0.0,67.56
20261003_050925,2026-10-03T05:29:49.897438+00:00,amazon_usa,MOTHERBOARD,B0DY7D2ZWD,Micro Center CPU Motherboard Combo - Intel i9-14900K 14th Gen 24-Cores LGA 1700 Desktop Processor Bundle with TUF Gaming Z790-Plus WiFi Gaming Motherboard,709.56,205.64,2026-10-03,4.5,28,https://www.amazon.com/Micro-Center-CPU-Motherboard-Combo/dp/B0DY7D2ZWD,0.0,205.64
20261003_050925,2026-10-03T05:29:49.897438+00:00,amazon_usa,MOTHERBOARD,B0D2CZGTSY,"ASRock B760M Pro-A D4 Micro ATX Motherboard, Intel 14th/13th/12th Gen, 7+1+1 Dr.MOS, DDR4 5333+ (OC), PCIe 4.0, 2.5G LAN, Dual M.2",111.49,32.31,2026-10-03,4.8,7,https://www.amazon.com/ASRock-B760M-D4-Motherboard-Dr-MOS/dp/B0D2CZGTSY,0.0,32.31
20261003_050925,2026-10-03T05:29:49.897438+00:00,amazon_usa,MOTHERBOARD,B0DCZM8QK5,msi PRO Z890-A WiFi - LGA 1851 ATX Motherboard,382.21,110.77,2026-10-03,4.0,57,https://www.amazon.com/MSI-PRO-Z890-WiFi-Motherboard/dp/B0DCZM8QK5,25.0,135.77
20261003_050925,2026-10-03T05:29:49.897438+00:00,amazon_usa,MOTHERBOARD,B08VLNY3FG,"ASUS TUF Gaming Z590-Plus, LGA 1200 (Intel11th/10th Gen) ATX Gaming Motherboard (PCIe 4.0, 3xM.2/NVMe SSD, 14+2 Power Stages,USB 3.2 Front Panel Type-C, 2.5Gb LAN, Thunderbolt 4, Aura RGB Lighting)",506.81,146.88,2026-10-03,4.6,175,https://www.amazon.com/ASUS-TUF-Z590-Plus-Motherboard-Thunderbolt/dp/B08VLNY3FG,0.0,146.88
20261003_050925,2026-10-03T05:29:49.897438+00:00,amazon_usa,MOTHERBOARD,B09PX326Q8,"msi PRO H610M-G DDR4 Motherboard (12th/13th/14th Gen Intel Core, LGA 1700 Socket, DDR4, PCIe 4, SATA 6Gb/s, 1Gbps LAN, M.2 Slots, USB 3.2, mATX)",91.23,26.44,2026-10-03,4.6,552,https://www.amazon.com/MSI-H610M-G-Motherboard-Intel-Socket/dp/B09PX326Q8,0.0,26.44
20261003_050925,2026-10-03T05:29:49.897438+00:00,amazon_usa,MOTHERBOARD,B0DT7GVQFL,"ASUS Pro WS Z890-ACE SE Motherboard Intel ATX, 16+2+1+2 Current Phases, DDR5 Slot, PCIe 5.0 for New Generation Graphics Cards, 4 M.2 Slots, USB-C Thunderbolt, Black",590.86,171.24,2026-10-03,4.2,9,https://www.amazon.com/ASUS-Z890-ACE-Motherboard-Generation-Thunderbolt/dp/B0DT7GVQFL,0.0,171.24
20261003_050925,2026-10-03T05:29:49.897438+00:00,amazon_usa,MOTHERBOARD,B07HCY7K9L,ASUS Prime Z390-A Motherboard LGA1151 (Intel 8th and 9th Gen) ATX DDR4 DP HDMI M.2 USB 3.1 Gen2 Gigabit LAN,280.73,81.36,2026-10-03,4.7,4300,https://www.amazon.com/Prime-Z390-Motherboard-LGA1151-Gigabit/dp/B07HCY7K9L,0.0,81.36
20261003_050925,2026-10-03T05:29:49.897438+00:00,amazon_usa,MOTHERBOARD,B0DT55ZJM7,"msi MAG X870E Tomahawk WiFi Motherboard, ATX - Supports AMD Ryzen 9000/8000 / 7000 Processors, AM5-80A SPS VRM, DDR5 Memory Boost 8400+ MT/s (OC), PCIe 5.0 x16, M.2 Gen5, Wi-Fi 7, 5G LAN",293.95,85.19,2026-10-03,4.3,201,https://www.amazon.com/MSI-MAG-X870E-Tomahawk-WiFi/dp/B0DT55ZJM7,0.0,85.19
20261003_050925,2026-10-03T05:29:49.897438+00:00,amazon_usa,MOTHERBOARD,B0CFWL42ZG,"Amazon Renewed MPG Z790 Edge WiFi Gaming Motherboard (Supports 12th/13th Gen Intel Processors, LGA 1700, DDR5, PCIe 5.0, M.2, 2.5Gbps LAN, USB 3.2 Gen2, Wi-Fi 6E, ATX) (Renewed)",150.48,43.61,2026-10-03,4.2,64,https://www.amazon.com/MSI-Motherboard-Supports-Processors-2-5Gbps/dp/B0CFWL42ZG,0.0,43.61
20261003_050925,2026-10-03T05:29:49.897438+00:00,amazon_usa,MOTHERBOARD,B0GYCZSRWN,"GIGABYTE H810M S2H GEN5 Intel LGA 1851 mATX Motherboard, Support Core Ultra (Series 2), DDR5, 4+1+2 Power Phase, PCIe 5.0 x16, 1x M.2, USB 3.2 Gen 1, Front USB-C 5Gb/s, GbE LAN, PCIe EZ-Latch",116.56,33.78,2026-10-03,0.0,0,https://www.amazon.com/GIGABYTE-H810M-S2H-Motherboard-EZ-Latch/dp/B0GYCZSRWN,0.0,33.78
20261003_050925,2026-10-03T05:29:49.897438+00:00,amazon_usa,MOTHERBOARD,B07J6Z9KJ2,msi Z390-A PRO LGA1151 (Intel 8th and 9th Gen) M.2 USB 3.1 Gen 2 DDR4 HDMI DP CFX Dual Gigabit LAN ATX Z390 Gaming Motherboard,286.01,82.89,2026-10-03,4.6,3700,https://www.amazon.com/MSI-PRO-LGA1151-Gigabit-Motherboard/dp/B07J6Z9KJ2,0.0,82.89
20261003_050925,2026-10-03T05:29:49.897438+00:00,amazon_usa,MOTHERBOARD,B0DG3SSGLF,"msi PRO X870-P WiFi ProSeries Motherboard (AMD Ryzen 9000/8000/7000 Series Processors, AM5, DDR5, PCIe 5.0, M.2 Gen5, SATA 6Gb/s, USB 40Gbps, HDMI/DP, Wi-Fi 7, Bluetooth 5.4, 5Gbps LAN, ATX)",182.46,52.88,2026-10-03,4.4,179,https://www.amazon.com/MSI-PRO-X870-P-WiFi-ProSeries/dp/B0DG3SSGLF,0.0,52.88
20261003_050925,2026-10-03T05:29:49.897438+00:00,amazon_usa,MOTHERBOARD,B083R7SWF5,"GIGABYTE B760M DS3H AX DDR4 Intel LGA 1700 mATX Motherboard, Support Intel Core 14th/13th/12th Gen, DDR4, 6+2+1 Power Phase, 2X M.2, PCIe 4.0, USB-C, WIFI6E, 2.5GbE LAN, Q-Flash Plus, PCIe EZ-Latch",135.81,39.36,2026-10-03,4.2,125,https://www.amazon.com/B760M-DS3H-AX-DDR4-Motherboard/dp/B083R7SWF5,0.0,39.36
20261003_050925,2026-10-03T05:29:57.888767+00:00,aliexpress,MOTHERBOARD,3256812886243577,"For MSI PRO Z890-P WIFI Main Board ATX Large Board, Support Core Ultra Processor",1515.91,439.33,2026-10-03,0.0,0,,0.0,439.33
20261003_050925,2026-10-03T05:29:57.888767+00:00,aliexpress,MOTHERBOARD,3256812601659226,"ASUS TUF GAMING Z890-PLUS WIFI Z890 LGA 1851 ATX motherboard, Intel® Core™ Ultra Series 2 Ready, Advanced AI PC-ready, 16+1+2+1 stages, DDR5, PCIe® 5.0, Thunderbolt™ 4 Type-C®, 4x M.2, Wi-Fi 7, 2.5Gb",1073.45,311.1,2026-10-03,0.0,0,,0.0,311.1
20261003_050925,2026-10-03T05:29:57.888767+00:00,aliexpress,MOTHERBOARD,3256812499532515,"ASUS ROG STRIX Z890-H GAMING WIFI Z890 LGA 1851 ATX motherboard, Intel Core Ultra Series 2 Ready, Advanced AI PC-ready, 16+2+1+2 stages, DDR5, 5Gb LAN, WiFi 7, 4x M.2, PCIe 5.0, USB Type-C, AI OC",1148.84,332.95,2026-10-03,0.0,0,,0.0,332.95
20261003_050925,2026-10-03T05:29:57.888767+00:00,aliexpress,MOTHERBOARD,3256812849351858,Brand New Computer Motherboard ASRock Z890 Pro RS WiFi White Motherboard  ATX  LGA1851RL-ILM Socket All in One PC,2565.83,743.61,2026-10-03,0.0,0,,0.0,743.61
20261003_050925,2026-10-03T05:29:57.888767+00:00,aliexpress,MOTHERBOARD,3256812601866384,"MSI MPG Z890 CARBON WIFI Motherboard, ATX - Supports Intel Core Ultra Processors (Series 2), LGA 1851 - 110A SPS VRM, DDR5 Memory Boost 9200+ MT/s (OC), PCIe 5.0 x16 & 4.0 x16, M.2 Gen5, Wi-Fi 7, 5G L",1418.5,411.1,2026-10-03,0.0,0,,0.0,411.1
20261003_050925,2026-10-03T05:29:57.888767+00:00,aliexpress,MOTHERBOARD,3256812637724912,"MAG Z890 TOMAHAWK WIFI Motherboard, ATX - Supports Intel Core Ultra Processors (Series 2), LGA 1851 - DDR5 Memory Boost 4 x DDR5 (9200+ MT/s OC), 1 x PCIe 5.0 x16, 1 x M.2 Gen5, Wi-Fi 7, 5G LAN",1265.16,366.66,2026-10-03,0.0,0,,0.0,366.66
20261003_050925,2026-10-03T05:29:57.888767+00:00,aliexpress,MOTHERBOARD,3256812007758176,ProArt Z890-CREATOR Server New WIFI LGA 1851 ATX Motherboard Intel Core Ultra Processor Series 2 Ready 16+2+1+2 Stages PCIe SATA,2415.35,700.0,2026-10-03,0.0,0,,0.0,700.0
20261003_050925,2026-10-03T05:29:57.888767+00:00,aliexpress,MOTHERBOARD,3256812008041693,"ASUS Z890 AYW Gaming WiFi W ATX Z890 Motherboard, Intel Core Ultra Series 2 Ready 4 X DIMM Slots Max 192GB DDR5  PCIE 5.0 DDR5 S",1497.52,434.0,2026-10-03,0.0,0,,0.0,434.0
20261003_050925,2026-10-03T05:29:57.888767+00:00,aliexpress,MOTHERBOARD,3256812633634872,"MS-iCraft Z890 Pacific ATX Desktop Motherboard 3.4"" LED Screen DDR5 Double 8800MHz (OC) Wi-Fi 7 USB4 Intel 14th/15th New",2396.51,694.54,2026-10-03,0.0,0,,0.0,694.54
20261003_050925,2026-10-03T05:29:57.888767+00:00,aliexpress,MOTHERBOARD,3256813061057375,for MAXSUN Z890 Motherboard for Intel Core Ultra 15 Series LGA1851 DDR5 ATX Mainboard with PCIe 5.0 M.2 WiFi 7 Gaming PC DIY,1085.01,314.45,2026-10-03,0.0,0,,0.0,314.45
20261003_050925,2026-10-03T05:29:57.888767+00:00,aliexpress,MOTHERBOARD,3256812966730474,New PRIME Z890-P DDR5 PCIe5.0  LGA 1851 CPU for Desktop CPU Ultra 9/7/5 Processor ATX Motherboard,1086.91,315.0,2026-10-03,0.0,0,,0.0,315.0
20261003_050925,2026-10-03T05:29:57.888767+00:00,aliexpress,MOTHERBOARD,3256812475091225,ASUS PRIME Z890-P desktop ATX main board for CPU 285K/265K/265KF/245KF,1467.29,425.24,2026-10-03,0.0,0,,0.0,425.24
20261003_050925,2026-10-03T05:29:57.888767+00:00,aliexpress,MOTHERBOARD,3256811669543486,MEG Z890 ACE desktop ATX main board for CPU 285K/265K/265KF,4810.1,1394.03,2026-10-03,0.0,0,,0.0,1394.03
20261003_050925,2026-10-03T05:29:57.888767+00:00,aliexpress,MOTHERBOARD,3256810525843208,ROG Maximus Z890 Apex PC Motherboard WIFI 7 AI Cooling DDR5 ARGB Light PCIe5.0 ATX Form Factor for Computer Use 256GB,2173.82,630.0,2026-10-03,0.0,0,,0.0,630.0
20261003_050925,2026-10-03T05:29:57.888767+00:00,aliexpress,MOTHERBOARD,3256808502078424,New ROG MAXIMUS Z890 EXTREME LGA1851 Desktop Motherboard Wifi 7 AI Cooling Thunderbolt 5 PCIE 5.0 Intel CPU I3 Four EZ PC E-ATX,5866.26,1700.12,2026-10-03,0.0,0,,0.0,1700.12
20261003_050925,2026-10-03T05:29:57.888767+00:00,aliexpress,MOTHERBOARD,3256812970730645,New ROG MAXIMUS Z890 EXTREME LGA1851 Desktop Motherboard Wifi 7 AI Cooling Thunder 5 PCIE 5.0 Four EZ PC E-Atx,5027.03,1456.9,2026-10-03,0.0,0,,0.0,1456.9
20261003_050925,2026-10-03T05:29:57.888767+00:00,aliexpress,MOTHERBOARD,3256812608579388,"GIGABYTE Z890 AORUS ELITE WIFI7 ICE Ultra Core (Series 2) LGA 1851, ATX, DDR5, 4x M.2, PCIe 5.0, Thunderbolt 4, WIFI7, 2.5GbE LAN, EZ-Latch",838.44,242.99,2026-10-03,0.0,0,,0.0,242.99
20261003_050925,2026-10-03T05:29:57.888767+00:00,aliexpress,MOTHERBOARD,3256811857702893,"TUF GAMING Z890-PLUS WIFI Z890 LGA 1851 ATX Motherboard  Cor  Ultra Series 2 Ready, Advanced AI PC-ready  4x M.2, Wi-Fi 7, 2.5Gb",1388.41,402.38,2026-10-03,0.0,0,,0.0,402.38
20261003_050925,2026-10-03T05:29:57.888767+00:00,aliexpress,MOTHERBOARD,3256812829757437,PRO Z890 A WIFI ATX Motherboard LGA1851 Z890 4 DDR5 256GB 4 M.2 For Arrow Lake S U9 285T U5 245K U5 225 CPU,1337.66,387.67,2026-10-03,0.0,0,,0.0,387.67
20261003_050925,2026-10-03T05:29:57.888767+00:00,aliexpress,MOTHERBOARD,3256812256142822,New ROG MAXIMUS Z890 EXTREME LGA1851 Desktop Motherboard Wifi 7 AI Cooling Thunderbolt 5 PCIE 5.0 Intel CPU I3 Four EZ PC E-ATX,8097.25,2346.69,2026-10-03,0.0,0,,0.0,2346.69
20261003_050925,2026-10-03T05:29:57.888767+00:00,aliexpress,MOTHERBOARD,3256812265719949,JGINYUE H810M-D Z890 Snow Dream MAX AI Technology DDR5 LGA1851 M-ATX/ATX Motherboard Support for Core Ultra200 Series Processors,1170.72,339.29,2026-10-03,0.0,0,,0.0,339.29
20261003_050925,2026-10-03T05:29:57.888767+00:00,aliexpress,MOTHERBOARD,3256812841411597,New TUF GAMING Z890-PRO WIFI DDR5 5G Lan WIFI7 PCIe5.0  LGA 1851 CPU for Desktop CPU Ultra 9/7/5 Processor ATX Motherboard,1811.51,525.0,2026-10-03,0.0,0,,0.0,525.0
20261003_050925,2026-10-03T05:29:57.888767+00:00,aliexpress,MOTHERBOARD,3256810524944259,New AS-US ROG STRIX Z890-H GAMING WIFI S DDR5 5G Lan WIFI7 PCIe5.0  LGA 1851 Desktop CPU Ultra 9/7/5 Processor ATX Motherboard,2173.82,630.0,2026-10-03,0.0,0,,0.0,630.0
20261003_050925,2026-10-03T05:29:57.888767+00:00,aliexpress,MOTHERBOARD,3256813048507914,New PRIME Z890-P WIFI DDR5 WIFI7 PCIe5.0  LGA 1851 CPU for Desktop CPU Ultra 9/7/5 Processor ATX Motherboard,1086.91,315.0,2026-10-03,0.0,0,,0.0,315.0
20261003_050925,2026-10-03T05:29:57.888767+00:00,aliexpress,MOTHERBOARD,3256812748496562,ROG Maximus Z890 Apex PC Motherboard WIFI 7 AI Cooling DDR5 ARGB Light PCIe5.0 ATX Form Factor for Computer Use 256GB,2555.23,740.54,2026-10-03,0.0,0,,0.0,740.54
20261003_050925,2026-10-03T05:29:57.888767+00:00,aliexpress,MOTHERBOARD,3256812259250057,JGINYUE Z890 Snow Dream MAX Motherboard Support Ultra200 Series Processors Memory Capacity 192GB ATX Motherboard for  Desktop,1143.43,331.38,2026-10-03,0.0,0,,0.0,331.38
20261003_050925,2026-10-03T05:29:57.888767+00:00,aliexpress,MOTHERBOARD,3256812074444180,TUF Gaming Z890-PLUS WiFi Core Ultra Series 2 Ready Advanced AI PC-Ready DDR5 LGA 1851 ATX Motherboard for Desktop New,5229.96,1515.71,2026-10-03,0.0,0,,0.0,1515.71
20261003_050925,2026-10-03T05:29:57.888767+00:00,aliexpress,MOTHERBOARD,3256813121075531,Maximus Z890 Extreme Lga1851 Desktop Motherboard Wifi 7 Ai Cooling Thunderbolt 5 Pcie 5.0 Cpu I3 Four Ez Pc E-atx,11169.65,3237.11,2026-10-03,0.0,0,,0.0,3237.11
20261003_050925,2026-10-03T05:29:57.888767+00:00,aliexpress,MOTHERBOARD,3256809214103512,HISWISER Intel Z890 PRO Micro ATX Motherboard LGA 1851 slot Core Ultra 200 Series Ultra5 Ultra7 Ultra9 CPU M.2 SSD DDR5 Memory,1614.07,467.78,2026-10-03,4.0,0,,0.0,467.78
20261003_050925,2026-10-03T05:29:57.888767+00:00,aliexpress,MOTHERBOARD,3256812008222667,for ASUS x870 Z890 Motherboard WiFi 7 Antenna Quick Release Interface,158.38,45.9,2026-10-03,5.0,0,,0.0,45.9
20261003_050925,2026-10-03T05:29:57.888767+00:00,aliexpress,MOTHERBOARD,3256810053545875,MACHINIST X99 U9 Motherboard TPM2.0 With Intel Xeon E5 2696 V3/ E5 2699 V3 DDR4 Four Channels RAM NVME M.2*3 X99/C612 Chip,483.79,140.21,2026-10-03,4.6,0,,0.0,140.21
20261003_050925,2026-10-03T05:29:57.888767+00:00,aliexpress,MOTHERBOARD,3256807040703756,JGINYUE AMD B550 AM4 Mini ITX Motherboard Supports Ryzen R5 4000/5000 Series Processors DDR4 RAM PCI-E 4.0 B550i GAMING,300.81,87.18,2026-10-03,4.7,0,,0.0,87.18
20261003_050925,2026-10-03T05:29:57.888767+00:00,aliexpress,MOTHERBOARD,3256808858920835,JGINYUE B650M Snow Dream Motherboard AM5 DDR5 for  AMD Ryzen 7000/8000/9000 Series CPU 19-Phase Power WiFi 6 White Gaming,454.43,131.7,2026-10-03,4.9,0,,0.0,131.7
20261003_050925,2026-10-03T05:29:57.888767+00:00,aliexpress,MOTHERBOARD,3256809687650633,GIGABYTE B650M GAMING WIFI New Support for DDR5 M.2 AMD Ryzen 7000/8000/9000 series processors Socket AM5 Motherboard,508.43,147.35,2026-10-03,4.9,0,,0.0,147.35
20261003_050925,2026-10-03T05:29:57.888767+00:00,aliexpress,MOTHERBOARD,3256810188543032,GIGABYTE New B850M AORUS ELITE WIFI7 ICE-P Micro ATX AMD B850 Ryzen 9000 8000 7000 Series CPU Socket AM5 Motherboard,1066.45,309.07,2026-10-03,0.0,0,,0.0,309.07
20261003_050925,2026-10-03T05:29:57.888767+00:00,aliexpress,MOTHERBOARD,3256805762234693,MACHINIST X99 PR9 X99 Motherboard Support LGA 2011-3 Intel Xeon E5 V3&V4 CPU DDR4 RAM SATA/NVME M.2 Slot USB3.0,163.83,47.48,2026-10-03,4.7,0,,0.0,47.48
20261003_050925,2026-10-03T05:29:57.888767+00:00,aliexpress,MOTHERBOARD,3256812623549858,White WIFI 7 Gaming Motherboard Magnetic Base Antenna EZ-Plug Connector For ASUS ROG Strix TUF Prime ProArt  Z790 X890 Z890 B850,140.26,40.65,2026-10-03,0.0,0,,0.0,40.65
20261003_050925,2026-10-03T05:29:57.888767+00:00,aliexpress,MOTHERBOARD,3256806985146504,MACHINIST B760 GT4 DDR4 Motherboard LGA 1700 Support Intel Core I3/i5/i7/i9 12th 13th Processor CPU Dual Channel Memory,245.5,71.15,2026-10-03,4.9,0,,0.0,71.15
20261003_050925,2026-10-03T05:29:57.888767+00:00,aliexpress,MOTHERBOARD,3256812046446736,B85M-E B85 LGA 1150 i7 i5 i3 SATA3 USB3.0 100% Testing ok,229.39,66.48,2026-10-03,1.0,0,,0.0,66.48
20261003_050925,2026-10-03T05:29:57.888767+00:00,aliexpress,MOTHERBOARD,3256811824832691,MSI B650M GAMING PLUS WIFI AMD B650 Supports DDR5 7200+MHz (OC) 192GB AMD Ryzen ™ 7000 8000 Series Motherboard Socket AM5,662.29,191.94,2026-10-03,4.9,0,,0.0,191.94
20261003_050925,2026-10-03T05:29:57.888767+00:00,aliexpress,MOTHERBOARD,3256808934646664,ASROCK New B850M STEEL LEGEND WIFI AMD B850 Micro ATX AMD Ryzen 9000 8000 7000 Series Motherboard Socket AM5,871.8,252.66,2026-10-03,4.9,0,,0.0,252.66
20261003_050925,2026-10-03T05:29:57.888767+00:00,aliexpress,MOTHERBOARD,3256807958413167,PRO B650M MATX AMD B650 DDR5 6000+MHz M.2 SATA USB3.2 64G Double Channel DDR5 Ryzen 7000/8000/9000 Serie Socket AM5 Motherboard,346.57,100.44,2026-10-03,4.9,0,,0.0,100.44
20261003_050925,2026-10-03T05:29:57.888767+00:00,aliexpress,MOTHERBOARD,3256807212387374,ASUS PRIME Motherboard PRIME Z690-A With LGA 1700 Socket for Intel Core 14th 13th 12th Gen Core i3 i5 i7 i9 Processors DDR5 DIMM,767.87,222.54,2026-10-03,5.0,0,,0.0,222.54
20261003_050925,2026-10-03T05:29:57.888767+00:00,aliexpress,MOTHERBOARD,3256807933736019,EZ-Plug WIFI7 Antenna For GIGABYTE Z890 Z890M AORUS ELITE X870 X870E GAMING X EAGLE Motherboard Magnetic Wi-Fi7 Antenna,41.3,11.97,2026-10-03,5.0,0,,0.0,11.97
20261003_050925,2026-10-03T05:29:57.888767+00:00,aliexpress,MOTHERBOARD,3256802781031225,GIGABYTE  B365M AORUS ELITE Micro ATX Intel B365 M.2 SSD New 64G Double Channel Support 8 9 Gen LGA 1151 CPU Motherboard,351.95,102.0,2026-10-03,4.9,0,,0.0,102.0
20261003_050925,2026-10-03T05:29:57.888767+00:00,aliexpress,MOTHERBOARD,3256807128900510,B760 M-ATX Motherboard DDR5 LGA1700 for 14th/13th/12th gen Core DDR5 dual channel 96GB B760M SNOW DREAM D5 New,404.16,117.13,2026-10-03,4.5,0,,0.0,117.13
20261003_050925,2026-10-03T05:29:57.888767+00:00,aliexpress,MOTHERBOARD,3256809613414685,Ultra ES 0000 Series Motherboard Integrated CPU(Refer to U5 125H 225H 255H U7 155H 165H) DDR5 RAM AI ARGB LGA115X PCIe 3.0x8,833.71,241.62,2026-10-03,4.9,0,,0.0,241.62
20261003_050925,2026-10-03T05:29:57.888767+00:00,aliexpress,MOTHERBOARD,3256808988839969,ASUS TUF GAMING B560M-PLUS LGA1200 (Intel®11th/10th Gen) Micro ATX gaming motherboard,397.67,115.25,2026-10-03,4.9,0,,0.0,115.25
20261003_050925,2026-10-03T05:29:57.888767+00:00,aliexpress,MOTHERBOARD,3256802876651532,"ASUS TUF GAMING B460M PLUS MATX Intel B460 DDR4, SATA 6 Gbps, USB 3.2 Gen 1 128G LGA 1200 CPU Motherboard",287.7,83.38,2026-10-03,4.5,0,,0.0,83.38
20261003_050925,2026-10-03T05:29:57.888767+00:00,aliexpress,MOTHERBOARD,3256801860527021,Asus TUF B365M-PLUS Gaming LGA1151 DDR4 HDMI M.2 MATX Motherboard,360.58,104.5,2026-10-03,4.8,0,,0.0,104.5
20261003_050925,2026-10-03T05:29:57.888767+00:00,aliexpress,MOTHERBOARD,3256806781957121,ERYING Min itx B760 Motherboard B760i ARGB DDR5 RAM LGA1700 Support Core 12/13/14th i9/i7/i5/i3 12490F 12600KF 13400F 13490F CPU,543.07,157.39,2026-10-03,4.5,0,,0.0,157.39
20261003_050925,2026-10-03T05:29:57.888767+00:00,aliexpress,MOTHERBOARD,3256809223526272,ASUS ROG STRIX B650E-F GAMING WIFI AMD B650 AM5 Motherboard DDR5 192GB M.2 ATX support Ryzen 5 9600X Ryzen 5 8500G Ryzen 9 7900,1075.28,311.63,2026-10-03,5.0,0,,0.0,311.63
20261003_050925,2026-10-03T05:29:57.888767+00:00,aliexpress,MOTHERBOARD,3256810055525379,JINGYUE X99 TI D4 Placa Mãe Gaming Motherboard Support LGA 2011-3 E5 V3 V4 CPU DDR4 RAM NVME M.2 SATA USB3.0 ATX Motherboard X99,413.61,119.87,2026-10-03,0.0,0,,0.0,119.87
20261003_050925,2026-10-03T05:29:57.888767+00:00,aliexpress,MOTHERBOARD,3256810432026060,Original MSI WIFI7 Antenna White EZ-Plug for MSI ASUS GIGABYTE B840 B850 Z890 MAG B860-P B860M-A X870 GAMING PLUS Motherboard,78.15,22.65,2026-10-03,4.9,0,,0.0,22.65
20261003_050925,2026-10-03T05:29:57.888767+00:00,aliexpress,MOTHERBOARD,3256809246160320,FOR New Original GIGABYTE WIFI7 EZ-Plug Antenna Signal Receiver For B860 B860M Z890 X870 B550 EAGLE Motherboard WWAN Card Aerial,85.12,24.67,2026-10-03,5.0,0,,0.0,24.67
20261003_050925,2026-10-03T05:29:57.888767+00:00,aliexpress,MOTHERBOARD,3256805987066757,MACHINIST X99 MR9S ATX Motherboard LGA 2011-3 Supports TPM 2.0 Intel Xeon E5 V3/V4 CPU DDR4 RAM Memory NVME M.2 USB3.0,336.63,97.56,2026-10-03,4.8,0,,0.0,97.56
20261003_050925,2026-10-03T05:29:57.888767+00:00,aliexpress,MOTHERBOARD,3256805655972171,MACHINIST X99 MR9A PRO MAX Motherboard Support TPM2.0 LGA 2011-3 Intel Xeon E5 V3&V4 CPU DDR4 RAM Memory NVME/SATA USB3.0 ATX,327.97,95.05,2026-10-03,4.6,0,,0.0,95.05
20261003_050925,2026-10-03T05:29:57.888767+00:00,aliexpress,MOTHERBOARD,3256808181299073,ASROCK A620I Lightning WiFi Mini-ITX Motherboard Socket AM5 AMD A620 DDR5 128GB M.2 support Ryzen 5 7400F Ryzen 7 7700 cpu,609.74,176.71,2026-10-03,4.6,0,,0.0,176.71
20261003_050925,2026-10-03T05:29:57.888767+00:00,aliexpress,MOTHERBOARD,3256812140776614,Terminator B650M WIFI ICE AMD B650 Supports DDR5 4800/5200/OC+Mhz 192GB AMD Ryzen 7000 8000 Series Motherboard Socket AM5 MAXSUN,533.34,154.57,2026-10-03,4.1,0,,0.0,154.57
20261003_050925,2026-10-03T05:29:57.888767+00:00,aliexpress,MOTHERBOARD,3256808009613552,ASRock X299E-ITX/ac Mini ITX Motherboard DDR4 Intel X299 LGA 2066 Support I9-9940X 9800X 7800X 10900X CPU PCI-E 3.0 M.2,1337.1,387.51,2026-10-03,5.0,0,,0.0,387.51
20261003_050925,2026-10-03T05:30:01.858543+00:00,aliexpress,MOTHERBOARD,3256812687194207,GIGABYTE WIFI 7 Magnetic Antenna 2.4 5 6G Tri-band WIFI 6E For X870 X870E 870M X870I AORUS Gaming Motherboard New Interface,70.67,20.48,2026-10-03,5.0,0,,0.0,20.48
20261003_050925,2026-10-03T05:30:01.858543+00:00,aliexpress,MOTHERBOARD,3256808077164404,ERYING AM5 Motherboard Supports AMD Ryzen 7000 Series CPU Processors DDR5 Dual Channel Memory RAM ITX B650i 2*Pcie4.0x4 M.2 NVME,479.21,138.88,2026-10-03,4.9,0,,0.0,138.88
20261003_050925,2026-10-03T05:30:01.858543+00:00,aliexpress,MOTHERBOARD,3256803839951466,ASUS ROG Strix B450-F Gaming Motherboard (ATX) AMD Ryzen 2 AM4 DDR4 DP HDMI M.2 USB 3.1 Gen2 B450,514.12,149.0,2026-10-03,5.0,0,,0.0,149.0
20261003_050925,2026-10-03T05:30:01.858543+00:00,aliexpress,MOTHERBOARD,3256811960951112,For ROG STRIX X570-E GAMING Motherboard 128GB HDMI PCI-E4.0 M.2 Socket AM4 DDR4 ATX X570 Mainboard 100% Tested Fully Work,1348.83,390.91,2026-10-03,5.0,0,,0.0,390.91
20261003_050925,2026-10-03T05:30:01.858543+00:00,aliexpress,MOTHERBOARD,3256808350056502,DIY Gaming Computer Motherboard with Onboard CPU 13th Core Interpose Kit Q1J1 ES 0000 8C12T DDR4 RAM LGA115X Desktop PC,633.75,183.67,2026-10-03,4.4,0,,0.0,183.67
20261003_050925,2026-10-03T05:30:01.858543+00:00,aliexpress,MOTHERBOARD,3256811542230374,AA  New GC-TPM 2.0 (12pin) SPI SLB9670 Module For Gigabyte Z890 EAGLE WIFI7,112.0,32.46,2026-10-03,0.0,0,,0.0,32.46
20261003_050925,2026-10-03T05:30:01.858543+00:00,aliexpress,MOTHERBOARD,3256806141617147,N100/N150 6 Bays NAS Motherboard 4x 2.5GNetwork Card 6x SATA3.0 2x M.2 NVMe DDR5 17x17 Mini ITX Motherboard With PCIE DIY NAS,1306.53,378.65,2026-10-03,5.0,0,,0.0,378.65
20261003_050925,2026-10-03T05:30:01.858543+00:00,aliexpress,MOTHERBOARD,3256812455915979,A003 WIFI7 EZ-WI-FI Antenna Signal Receiver EZ-Plug for Mother Board Pro B840 B850 Z890 B860-P B860M-A GAMING PLUS,51.03,14.79,2026-10-03,0.0,0,,0.0,14.79
20261003_050925,2026-10-03T05:30:01.858543+00:00,aliexpress,MOTHERBOARD,3256808556932796,Intel Motherboard Bracket 775/115X（1200）/1366/1700 Heat Sink Fan CPU Base Motherboard Bracket 12/13/14th Generation CPU Base,3.76,1.09,2026-10-03,3.0,0,,0.0,1.09
20261003_050925,2026-10-03T05:30:01.858543+00:00,aliexpress,MOTHERBOARD,3256810268446096,MSI Original WIFI7 Antenna WiFi 7 Antennae EZ-Plug for Mother Board Pro B840  B850 Z890 MAG B860-P B860M-A X870 GAMING PLUS,72.39,20.98,2026-10-03,4.5,0,,0.0,20.98
20261003_050925,2026-10-03T05:30:01.858543+00:00,aliexpress,MOTHERBOARD,3256810432147621,Original MSI Large Shark Fin Antenna 2.4G 5G 6G Wireless Network Card WIFI7 Antenna EZ-plug for Z890 B860 B X870 Motherboard,101.41,29.39,2026-10-03,5.0,0,,0.0,29.39
20261003_050925,2026-10-03T05:30:01.858543+00:00,aliexpress,MOTHERBOARD,3256808622674792,Original GIGABYTE WiFi 7 Antenna WIFI 6E WIFI7 for X870 B850 Z890 Motherboard,93.13,26.99,2026-10-03,0.0,0,,0.0,26.99
20261003_050925,2026-10-03T05:30:01.858543+00:00,aliexpress,MOTHERBOARD,3256808596183079,DIY Gaming Computer Motherboard with Onboard 13th Core CPU ES 0000(Refer to I9 13900H) 14C20T DDR5 Desktops Mainboard G665,970.94,281.39,2026-10-03,4.3,0,,0.0,281.39
20261003_050925,2026-10-03T05:30:01.858543+00:00,aliexpress,MOTHERBOARD,3256807041565275,JGINYUE AMD AM4 ITX Motherboard Supports Ryzen R3 R5 R7 R9 1/2/3/4/5 Series CPU DDR4 RAM Desktop PC PCI-E 3.0 B350i PLUS ARGB,274.97,79.69,2026-10-03,4.5,0,,0.0,79.69
20261003_050925,2026-10-03T05:30:01.858543+00:00,aliexpress,MOTHERBOARD,3256809516025044,GIGABYTE B850M AORUS PRO WIFI7 Motherboard New Supports Ryzen 9000 12+2+2 power supplyMicro ATX AMD B850 Socket AM5,1237.35,358.6,2026-10-03,5.0,0,,0.0,358.6
20261003_050925,2026-10-03T05:30:01.858543+00:00,aliexpress,MOTHERBOARD,3256807670731003,JGINYUE B760i Motherboard LGA 1700 Support Intel Core 12th 13th DDR5 Memory RAM Latest mini ITX B760i-Snow Dream D5,467.03,135.35,2026-10-03,4.9,0,,0.0,135.35
20261003_050925,2026-10-03T05:30:01.858543+00:00,aliexpress,MOTHERBOARD,3256806929941730,JGINYUE AM5 Motherboard Supports AMD Ryzen 7000 Series CPU Processors DDR5 Dual Channel Memory RAM ITX B650i Night Devil,475.24,137.73,2026-10-03,4.3,0,,0.0,137.73
20261003_050925,2026-10-03T05:30:01.858543+00:00,aliexpress,MOTHERBOARD,3256810188388806,MSI New B850M GAMING WIFI6E Micro ATX AMD B850 Supports AMD Ryzen™ 9000/ 8000/ 7000 Series Motherboard Socket AM5,785.47,227.64,2026-10-03,3.0,0,,0.0,227.64
20261003_050925,2026-10-03T05:30:05.415997+00:00,aliexpress,MOTHERBOARD,3256809282948623,Replace For 2020-2021 MacBook Pro M1 A2337 A2338 A2442 A2485 Logic Board M1 cpu 8g 16g Ram with ssd Motherboard  MainBoard,1552.72,450.0,2026-10-03,0.0,0,,0.0,450.0
20261003_050925,2026-10-03T05:30:05.415997+00:00,aliexpress,MOTHERBOARD,3256811791408060,"2023 Replacement New For MacBook Pro14"" M3 Max A2992 Motherboard 18G 36G 500GB 1TB 2TB 4TB 8TB Logic Board With Touch ID Button",1897.77,550.0,2026-10-03,0.0,0,,0.0,550.0
20261003_050925,2026-10-03T05:30:05.415997+00:00,aliexpress,MOTHERBOARD,3256811909054536,"Year 2023 Replacement For MacBook Air 15"" M2 A2941 Motherboard 8G 16G 256G 500G 1TB Logic Board With Touch ID Button Original",1449.21,420.0,2026-10-03,0.0,0,,0.0,420.0
20261003_050925,2026-10-03T05:30:05.415997+00:00,aliexpress,MOTHERBOARD,3256808384946543,Topton Metal VPN Firewall Mini PC 2x 10G SFP+ 3x 2.5G NICs i226-V Intel i3 N305 N300 N150 DDR5 NVMe Proxmox OpenWrt Home Server,973.97,282.27,2026-10-03,4.8,0,,0.0,282.27
20261003_050925,2026-10-03T05:30:05.415997+00:00,aliexpress,MOTHERBOARD,3256811909214365,"Tested For MacBook Air 13"" M1 A2337 Motherboard With Touch Button 820-02016 EMC 3598 Ram 8GB 16GB SSD 256GB 500GB Logic Board",931.63,270.0,2026-10-03,0.0,0,,0.0,270.0
20261003_050925,2026-10-03T05:30:05.415997+00:00,aliexpress,MOTHERBOARD,3256811905351239,Original Brand New For MacBook Pro 13-inch A2338 m2 m1 Motherboard With Touch ID 8G 16G 512G 1TB 2TB Tested Good Replacement,1777.01,515.0,2026-10-03,0.0,0,,0.0,515.0
20261003_050925,2026-10-03T05:30:05.415997+00:00,aliexpress,MOTHERBOARD,3256809277311010,"2023 Year For MacBook Pro 14"" M3 A2918 EMC 8304 Motherboard 16G 32G 500G 1TB 2TB Logic Board With Touch ID Button Orginal New",2553.37,740.0,2026-10-03,0.0,0,,0.0,740.0
20261003_050925,2026-10-03T05:30:05.415997+00:00,aliexpress,MOTHERBOARD,3256811913075452,Replacement For Macbook Air A1466 Motherboard i5 4G 8G Logic Board  820-00165 820-3437 Emc 2632 2925 3178,138.02,40.0,2026-10-03,0.0,0,,0.0,40.0
20261003_050925,2026-10-03T05:30:05.415997+00:00,aliexpress,MOTHERBOARD,3256811908935029,"Tested For MacBook Air 13"" M1 A2337 Motherboard EMC 3598 Ram 8GB 16GB SSD 256GB 500GB Logic Board With Touch Button 820-02016",931.63,270.0,2026-10-03,0.0,0,,0.0,270.0
20261003_050925,2026-10-03T05:30:05.415997+00:00,aliexpress,MOTHERBOARD,3256808933677988,Tested A2779 Logic Board 16G 32G 500G 1TB Ssd for Macbook M2 Pro2023 Motherboard 820-02841-A EMC 8102 Replacement with Touch ID,2401.55,696.0,2026-10-03,0.0,0,,0.0,696.0
20261003_050925,2026-10-03T05:30:05.415997+00:00,aliexpress,MOTHERBOARD,3256808784145947,Intel N100 8505 7505 6305 6x i226-V 2.5G Firewall Server Fanless Mini PC DDR4 NVMe 1*COM Type-C pfSense OPNsense Mini Computer,618.95,179.38,2026-10-03,5.0,0,,0.0,179.38
20261003_050925,2026-10-03T05:30:05.415997+00:00,aliexpress,MOTHERBOARD,3256811792787383,"2013 2015 2014 Year For MacBook Pro 15"" A1398 Motherboard Ram 8GB 16GB SSD 256GB 500GB 1TB Logic Board Replacement High Quality",345.05,100.0,2026-10-03,0.0,0,,0.0,100.0
20261003_050925,2026-10-03T05:30:05.415997+00:00,aliexpress,MOTHERBOARD,3256811592250314,Laptop CPU Cooling Fan for Dell inspiron 15 5570 5575 3580 3593 for inspiron 17 3780 3793 for Latitude 3590 L3590 E3590,16.73,4.85,2026-10-03,5.0,0,,0.0,4.85
20261003_050925,2026-10-03T05:30:12.547013+00:00,amazon_usa,MOTHERBOARD,B0BQD58D96,"ASUS TUF Gaming Z790-Plus WiFi LGA 1700(Intel 14th,12th &13th Gen) ATX Gaming Motherboard(PCIe 5.0,DDR5,4xM.2 Slots,16+1 DrMOS,WiFi 6,2.5Gb LAN,Front USB 3.2 Gen 2 Type-C,Thunderbolt 4(USB4),Aura RGB)",239.74,69.48,2026-10-03,4.5,1300,https://www.amazon.com/ASUS-TUF-Intel%C2%AE12th-Motherboard-Thunderbolt/dp/B0BQD58D96,0.0,69.48
20261003_050925,2026-10-03T05:30:12.547013+00:00,amazon_usa,MOTHERBOARD,B0BH9DXY38,"GIGABYTE Z790 AORUS Elite AX LGA 1700 ATX Motherboard, Support Intel Core 14th/13th/12th Gen, DDR5, 16+1+2 Power Phase, 4X M.2, PCIe 5.0, USB-C 3.2, WIFI6E, 2.5GbE, Q-Flash, EZ-Latch, RGB Fusion",192.57,55.81,2026-10-03,4.4,1200,https://www.amazon.com/GIGABYTE-Z790-Q-Flash-EZ-Latch-Motherboard/dp/B0BH9DXY38,0.0,55.81
20261003_050925,2026-10-03T05:30:12.547013+00:00,amazon_usa,MOTHERBOARD,B0FBB9TQ5L,"ASUS Z790-AYW WiFi W II Intel Z790 (LGA 1700) ATX Motherboard with PCIe® 5.0, 3X M.2, 12+1 DrMOS, DDR5, WiFi 6, 2.5Gb LAN, HDMI, USB 10Gbps Type-C®, USB 10Gbps Type-C®, Thunderbolt™, USB4®, Aura Sync",202.72,58.75,2026-10-03,4.4,144,https://www.amazon.com/ASUS-Z790-AYW-II-Motherboard-ThunderboltTM/dp/B0FBB9TQ5L,0.0,58.75
20261003_050925,2026-10-03T05:30:12.547013+00:00,amazon_usa,MOTHERBOARD,B0CTNPZLNH,"GIGABYTE Z790 Eagle AX LGA 1700 ATX Motherboard, Support Intel Core 14th/13th/12th Gen, DDR5, 12+1+1 Power Phase, 3X M.2, PCIe 5.0, USB-C 3.2, WIFI6E, 2.5GbE, Q-Flash, EZ-Latch, RGB Fusion",172.32,49.94,2026-10-03,4.4,208,https://www.amazon.com/GIGABYTE-Z790-EAGLE-AX-Motherboard/dp/B0CTNPZLNH,0.0,49.94
20261003_050925,2026-10-03T05:30:12.547013+00:00,amazon_usa,MOTHERBOARD,B0DD5RJLZ8,"ASUS Z790 GAMING WIFI7 (LGA 1700) ATX motherboard with PCIe 5.0, three M.2 slots, 14+1 DrMOS, DDR5, Realtek 1Gb LAN, HDMI TM, USB 3.2 Gen 2x2 Type-C, front USB 3.2 Gen 1 Type-C, Thunderbolt, Aura Sync",167.25,48.47,2026-10-03,4.3,28,https://www.amazon.com/ASUS-Z790-GAMING-WIFI7-motherboard/dp/B0DD5RJLZ8,0.0,48.47
20261003_050925,2026-10-03T05:30:12.547013+00:00,amazon_usa,MOTHERBOARD,B0G3TWBHYC,"msi PRO Z790-A WiFi II Motherboard, ATX - Supports Intel Core 14th, 13th & 12th Gen Processors, LGA 1700-80A SPS VRM, DDR5 Memory Boost 7800+MT/s/OC, PCIe 5.0 x16, 4 x M.2 Gen4, Wi-Fi 6E, 2.5G LAN",223.01,64.63,2026-10-03,4.3,27,https://www.amazon.com/MSI-PRO-WiFi-II-Motherboard/dp/B0G3TWBHYC,0.0,64.63
20261003_050925,2026-10-03T05:30:12.547013+00:00,amazon_usa,MOTHERBOARD,B0F8PR49WV,"ASUS Z790 MAX Gaming WIFI7 Intel Z790 (LGA 1700) ATX Motherboard with PCIe 5.0, Three M.2 Slots, 14+1 DrMOS, DDR5, WiFi 7, Realtek 1Gb LAN, HDMI, USB 20Gbps Type-C®, Thunderbolt™ (USB4®), Aura Sync",202.72,58.75,2026-10-03,4.4,59,https://www.amazon.com/ASUS-Z790-MAX-WIFI7-ThunderboltTM/dp/B0F8PR49WV,0.0,58.75
20261003_050925,2026-10-03T05:30:12.547013+00:00,amazon_usa,MOTHERBOARD,B0D8STYFCN,"Amazon Renewed Z790 GAMING PLUS WIFI-AMZ Gaming Motherboard (Support 14th/13th/12th Gen Intel Processors, LGA 1700, DDR5, PCIe 5.0, M.2 Slots, 2.5Gbps LAN, USB 3.2 Gen2, Wi-Fi 6E, Bluetooth 5.3, ATX) ",128.29,37.18,2026-10-03,3.9,34,https://www.amazon.com/MSI-WIFI-AMZ-Motherboard-Processors-Bluetooth/dp/B0D8STYFCN,0.0,37.18
20261003_050925,2026-10-03T05:30:12.547013+00:00,amazon_usa,MOTHERBOARD,B0BL92SPJQ,"msi MPG Z790 Edge WiFi Gaming Motherboard (Supports 12th/13th/14th Gen Intel Processors, LGA 1700, DDR5, PCIe 5.0, M.2, 2.5Gbps LAN, USB 3.2 Gen2, Wi-Fi 6E, Bluetooth 5.3, ATX)",431.55,125.07,2026-10-03,4.5,313,https://www.amazon.com/MSI-MPG-Z790-Edge-Motherboard/dp/B0BL92SPJQ,0.0,125.07
20261003_050925,2026-10-03T05:30:12.547013+00:00,amazon_usa,MOTHERBOARD,B0CPB4CKW6,"Amazon Renewed TUF Gaming Z790-Plus WiFi LGA 1700(Intel 14th,12th &13th Gen) ATX Motherboard(PCIe 5.0,DDR5,4xM.2 Slots,16+1 DrMOS,WiFi 6,2.5Gb LAN,Front USB 3.2 Gen 2 Type-C,(USB4),Aura RGB) (Renewed)",101.34,29.37,2026-10-03,4.2,17,https://www.amazon.com/ASUS-Z790-Plus-Motherboard-Thunderbolt-Renewed/dp/B0CPB4CKW6,0.0,29.37
20261003_050925,2026-10-03T05:30:12.547013+00:00,amazon_usa,MOTHERBOARD,B0BHTMXMRQ,"GIGABYTE Z790 UD AC LGA 1700 ATX Motherboard, Support Intel Core 14th/13th/12th Gen, DDR5, 16+1+1 Power Phase, 3X M.2, PCIe 5.0, USB-C 3.2, Dual Band WiFi, 2.5GbE, EZ-Latch, Q-Flash, RGB Fusion",202.72,58.75,2026-10-03,4.2,431,https://www.amazon.com/GIGABYTE-Z790-EZ-Latch-Multi-Key-Motherboard/dp/B0BHTMXMRQ,0.0,58.75
20261003_050925,2026-10-03T05:30:12.547013+00:00,amazon_usa,MOTHERBOARD,B0BJDZ4YZR,ASRock Z790 Pro RS Intel Z790 Series CPU (LGA1700) DDR5 Memory Compatible Z790 ATX Motherboard,283.73,82.23,2026-10-03,3.8,71,https://www.amazon.com/ASRock-Z790-RS-Compatible-Motherboard/dp/B0BJDZ4YZR,0.0,82.23
20261003_050925,2026-10-03T05:30:12.547013+00:00,amazon_usa,MOTHERBOARD,B0CTKSFD2X,"msi MPG Z790 Carbon WiFi II Gaming Motherboard (Supports 12th/13th/14th Gen Intel Processors, LGA 1700, DDR5, PCIe 5.0, M.2, 2.5Gbps LAN, USB 3.2 Gen2, Wi-Fi 7, Bluetooth 5.4, ATX)",461.95,133.88,2026-10-03,4.1,116,https://www.amazon.com/MSI-MPG-Z790-CARBON-WIFI/dp/B0CTKSFD2X,0.0,133.88
20261003_050925,2026-10-03T05:30:16.371378+00:00,amazon_usa,MOTHERBOARD,B0D2JFH7NQ,"msi Z790 Gaming Plus WiFi-AMZ Gaming Motherboard (Support 14th/13th/12th Gen Intel Processors, LGA 1700, DDR5, PCIe 5.0, M.2 Slots, 2.5Gbps LAN, USB 3.2 Gen2, Wi-Fi 6E, Bluetooth 5.3, ATX)",180.53,52.32,2026-10-03,4.0,129,https://www.amazon.com/MSI-WiFi-AMZ-Motherboard-Processors-Bluetooth/dp/B0D2JFH7NQ,0.0,52.32
20261003_050925,2026-10-03T05:30:16.371378+00:00,amazon_usa,MOTHERBOARD,B0D2PK3CC1,"GIGABYTE Z790M AORUS Elite AX ICE LGA 1700 Intel Z790 M-ATX Motherboard with DDR5, Triple M.2, PCIe 5.0, USB 3.2 Gen2X2 Type-C, Intel Wi-Fi 6E, 2.5GbE LAN, Q-Flash Plus, EZ-Latch Plus",334.49,96.94,2026-10-03,4.2,91,https://www.amazon.com/GIGABYTE-Z790M-AORUS-ICE-Motherboard/dp/B0D2PK3CC1,25.0,121.94
20261003_050925,2026-10-03T05:30:16.371378+00:00,amazon_usa,MOTHERBOARD,B0C2ZWVHDF,"Amazon Renewed MAG Z790 Tomahawk WiFi Computer Gaming Motherboard (Supports 12th/13th Gen Intel Processors, LGA 1700, DDR5, PCIe 5.0, M.2, USB 3.2 Gen2, Wi-Fi 6E, ATX) Intel Gaming PC Motherboards (Re",141.78,41.09,2026-10-03,4.0,26,https://www.amazon.com/MSI-Tomahawk-Motherboard-Processors-Motherboards/dp/B0C2ZWVHDF,0.0,41.09
20261003_050925,2026-10-03T05:30:16.371378+00:00,amazon_usa,MOTHERBOARD,B0BH28M64J,"GIGABYTE Z790 AORUS Elite AX 1.0 Intel LGA 1700 ATX Motherboard, 4X DDR5~128GB, 3X PCI-E x16, 4X M.2, 6X SATA, 5X USB 3.2, 1x USB-C, 4X USB 2.0",192.57,55.81,2026-10-03,4.5,566,https://www.amazon.com/Z790-AORUS-ELITE-AX-Motherboard/dp/B0BH28M64J,0.0,55.81
20261003_050925,2026-10-03T05:30:16.371378+00:00,amazon_usa,MOTHERBOARD,B0BH97W2N4,ASUS ROG Strix Z790-A Gaming WiFi D4 Intel Z790 LGA 1700 ATX DDR4-SDRAM Motherboard,733.89,212.69,2026-10-03,4.2,188,https://www.amazon.com/Strix-Z790-Gaming-DDR4-SDRAM-Motherboard/dp/B0BH97W2N4,0.0,212.69
20261003_050925,2026-10-03T05:30:16.371378+00:00,amazon_usa,MOTHERBOARD,B0BJF1RS19,ASRock MB ASROCK | Z790 Steel Legend WiFi,373.03,108.11,2026-10-03,4.3,188,https://www.amazon.com/ASRock-ASROCK-Z790-Steel-Legend/dp/B0BJF1RS19,25.0,133.11
20261003_050925,2026-10-03T05:30:16.371378+00:00,amazon_usa,MOTHERBOARD,B0DBQ53C6B,INLAND by Micro Center CPU Motherboard Intel i7-14700K 14th Gen 20-Cores LGA 1700 Desktop Processor with ASUS TUF Gaming Z790-Plus WiFi DDR5 Motherboard,587.9,170.38,2026-10-03,4.7,22,https://www.amazon.com/INLAND-Motherboard-i7-14700K-Processor-Z790-Plus/dp/B0DBQ53C6B,0.0,170.38
20261003_050925,2026-10-03T05:30:16.371378+00:00,amazon_usa,MOTHERBOARD,B0CX2SW64Y,"Amazon Renewed PRO Z790-A MAX WiFi ProSeries Motherboard (Supports 12th/13th/14th Gen Intel Processors, LGA 1700, DDR5, PCIe 5.0, M.2, 2.5Gbps LAN, USB 3.2 Gen2, Wi-Fi 7, ATX) (Renewed)",111.49,32.31,2026-10-03,2.9,2,https://www.amazon.com/MSI-ProSeries-Motherboard-Supports-Processors/dp/B0CX2SW64Y,0.0,32.31
20261003_050925,2026-10-03T05:30:16.371378+00:00,amazon_usa,MOTHERBOARD,B0BSVYXM5C,GIGABYTE Z790 Gaming X AX (LGA 1700/ Intel/ Z790/ ATX/ DDR5/ M.2/ PCIe 5.0/ USB 3.2 Gen2X2 Type-C/Intel Wi-Fi 6E/ 2.5GbE LAN/Q-Flash Plus/EZ-Latch Plus/Gaming Motherboard),293.95,85.19,2026-10-03,4.4,177,https://www.amazon.com/GIGABYTE-Z790-AX-EZ-Latch-Motherboard/dp/B0BSVYXM5C,0.0,85.19
20261003_050925,2026-10-03T05:30:16.371378+00:00,amazon_usa,MOTHERBOARD,B0CR5P7WGN,INLAND by Micro Center CPU Motherboard Combo - Core i5-14600K 14 Cores up to 5.3 GHz Unlocked Desktop Processor with MSI PRO Z790-P WiFi DDR5 ProSeries Motherboard,456.12,132.19,2026-10-03,4.5,5,https://www.amazon.com/Inland-Micro-Center-Motherboard-Combo/dp/B0CR5P7WGN,0.0,132.19
20261003_050925,2026-10-03T05:30:16.371378+00:00,amazon_usa,MOTHERBOARD,B0CKM9NYCS,Amazon Renewed N7 Z790 Motherboard - N7-Z79XT-B1 - Intel Z790 chipset (Supports 12th &13th Gen CPUs) - ATX Gaming Motherboard - Integrated I/O Shield - WiFi 6E connectivity - Bluetooth - Black (Renewe,202.72,58.75,2026-10-03,2.0,2,https://www.amazon.com/NZXT-Z790-Motherboard-N7-Z79XT-B1-connectivity/dp/B0CKM9NYCS,0.0,58.75
20261003_050925,2026-10-03T05:30:16.371378+00:00,amazon_usa,MOTHERBOARD,B0D2ZB6362,"Amazon Renewed MAG Z790 Tomahawk MAX WiFi Gaming Motherboard (Supports 12th/13th/14th Gen Intel Processors, LGA 1700, DDR5, PCIe 5.0, M.2, 2.5Gbps LAN, USB 3.2 Gen2, Wi-Fi 7, ATX) (Renewed)",177.39,51.41,2026-10-03,3.7,14,https://www.amazon.com/MSI-Tomahawk-Motherboard-Supports-Processors/dp/B0D2ZB6362,0.0,51.41
20261003_050925,2026-10-03T05:30:16.371378+00:00,amazon_usa,MOTHERBOARD,B0BRBSMMFH,"Amazon Renewed Prime Z790-A WiFi 6E LGA 1700(Intel®13th&12th) ATX Motherboard (16+1 DrMOS, PCIe 5.0,DDR5,4X M.2 Slots,2.5 Gb LAN,USB 3.2 Gen 2 Front Panel Type-C, Thunderbolt™ 4/USB4, DP) (Renewed)",131.77,38.19,2026-10-03,3.1,5,https://www.amazon.com/ASUS-Intel%C2%AE13th-Motherboard-ThunderboltTM-Renewed/dp/B0BRBSMMFH,0.0,38.19
20261003_050925,2026-10-03T05:30:16.371378+00:00,amazon_usa,MOTHERBOARD,B0D1J3C4JC,"msi PRO Z790-VC WiFi ProSeries Motherboard (Support 14th/13th/12th Gen Intel Processors, LGA 1700, DDR5, PCIe 5.0, M.2 Slots, 2.5Gbps LAN, USB 3.2 Gen2, HDMI/DP, Wi-Fi 7, Bluetooth 5.4, ATX)",266.38,77.2,2026-10-03,4.3,31,https://www.amazon.com/MSI-PRO-Z790-VC-Motherboard-Processors/dp/B0D1J3C4JC,0.0,77.2
20261003_050925,2026-10-03T05:30:20.502602+00:00,amazon_usa,MOTHERBOARD,B0D3D3BKRN,"TUF Gaming Z790-BTF WiFi 7 Intel® Z790 (LGA 1700) ATX Motherboard,Hidden-Connector Design, PCIe 5.0, 4xM.2 Slots, 16+1+1 Power Stages, DDR5,2.5Gb Ethernet,USB Type-C, Front USB Type-C, Thunderbolt™ 4",634.55,183.9,2026-10-03,4.2,67,https://www.amazon.com/TUF-Z790-BTF-Motherboard-Hidden-Connector-ThunderboltTM/dp/B0D3D3BKRN,0.0,183.9
20261003_050925,2026-10-03T05:30:20.502602+00:00,amazon_usa,MOTHERBOARD,B0BH954689,ASUS Prime Z790-A WiFi Intel Z790 LGA 1700 ATX,428.21,124.1,2026-10-03,4.2,459,https://www.amazon.com/ASUS-PRIME-Z790-WIFI-Intel/dp/B0BH954689,0.0,124.1
20261003_050925,2026-10-03T05:30:20.502602+00:00,amazon_usa,MOTHERBOARD,B0BK8KRQ33,ASRock Z790 LiveMixer Motherboard DDR5 Dual Channel 7200+(OC) MHz ATX 2oz Copper PCB SATA3 6.0 Gb/s LGA1700 192GB 2.5G LAN M.2 Key-E for WiFi PCIe 5.0,338.39,98.07,2026-10-03,4.3,57,https://www.amazon.com/MB-ASRock-Z790-LiveMixer-R/dp/B0BK8KRQ33,0.0,98.07
20261003_050925,2026-10-03T05:30:20.502602+00:00,amazon_usa,MOTHERBOARD,B0BSYFV5NL,Amazon Renewed Z790 UD AC (LGA 1700/ Intel Z790/ ATX/ DDR5/ Triple M.2/ PCIe 5.0/ USB 3.2 Gen2X2 Type-C/Intel Wi-Fi/ 2.5GbE LAN/PCIe EZ-Latch/Multi-Key/Motherboard) (Renewed),145.92,42.29,2026-10-03,4.8,6,https://www.amazon.com/GIGABYTE-EZ-Latch-Multi-Key-Motherboard-Renewed/dp/B0BSYFV5NL,0.0,42.29
20261003_050925,2026-10-03T05:30:20.502602+00:00,amazon_usa,MOTHERBOARD,B0BJDZRGRW,"ASRock Z790 PG Lightning ATX Motherboard, Intel 14th/13th/12th Gen LGA1700, DDR5 7200+ (OC), PCIe 5.0, 2.5G LAN, 14+1+1 Phase Dr.MOS",309.89,89.81,2026-10-03,4.5,75,https://www.amazon.com/ASRock-Z790-PG-Lightning-Motherboard/dp/B0BJDZRGRW,25.0,114.81
20261003_050925,2026-10-03T05:30:20.502602+00:00,amazon_usa,MOTHERBOARD,B09Y1FJBHX,msi MAG MAG Z790 Tomahawk Gaming Desktop Motherboard - Intel Z790 Chipset - Socket LGA-1700 - ATX,266.34,77.19,2026-10-03,4.4,685,https://www.amazon.com/MSI-Z790-Tomahawk-WiFi-Motherboard/dp/B09Y1FJBHX,0.0,77.19
20261003_050925,2026-10-03T05:30:20.502602+00:00,amazon_usa,MOTHERBOARD,B0FH32VYVD,Amazon Renewed Z790-V Prime WiFi AX Intel LGA 1700 ATX Motherboard DDR5 (Renewed),111.49,32.31,2026-10-03,5.0,1,https://www.amazon.com/ASUS-Z790-V-Prime-Motherboard-Renewed/dp/B0FH32VYVD,0.0,32.31
20261003_050925,2026-10-03T05:30:20.502602+00:00,amazon_usa,MOTHERBOARD,B0BT23W5BP,GIGABYTE Z790M AORUS Elite AX (REV. 1.0) CHIPSET Intel Z790 LGA 1700 DDR5 13th & 12th Generation,334.49,96.94,2026-10-03,5.0,3,https://www.amazon.com/GIGABYTE-AORUS-ELITE-AX-Motherboard/dp/B0BT23W5BP,25.0,121.94
20261003_050925,2026-10-03T05:30:20.502602+00:00,amazon_usa,MOTHERBOARD,B09XWR42S5,Intel Z790 Ddr5 128Gb,182.46,52.88,2026-10-03,4.5,446,https://www.amazon.com/msi-7E06-001R-Intel-Z790-128Gb/dp/B09XWR42S5,0.0,52.88
20261003_050925,2026-10-03T05:30:20.502602+00:00,amazon_usa,MOTHERBOARD,B0FHBKQF8M,"Amazon Renewed Z790 Gaming WIFI7 LGA 1700 ATX Motherboard with PCIe 5.0, 3X M.2 Slots, 14+1 DrMOS, DDR5, Realtek 1Gb LAN, HDMI TM, USB 3.2 Gen 2x2 Type-C, Front USB 3.2 Gen 1 Type-C, Thunderbolt USB4 ",101.34,29.37,2026-10-03,5.0,2,https://www.amazon.com/ASUS-Z790-WIFI7-Motherboard-Thunderbolt/dp/B0FHBKQF8M,0.0,29.37
20261003_050925,2026-10-03T05:30:20.502602+00:00,amazon_usa,MOTHERBOARD,B0H471V6T3,"Amazon Renewed Prime Z790-A WiFi Motherboard, Intel LGA1700, DDR5 Memory Support, PCIe 5.0, WiFi 6E, 4X M.2 Slots, USB 3.2 Gen 2, Type-C, ATX Gaming & Productivity Motherboard (Renewed)",259.51,75.21,2026-10-03,0.0,0,https://www.amazon.com/ASUS-Motherboard-LGA1700-Support-Productivity/dp/B0H471V6T3,0.0,75.21
20261003_050925,2026-10-03T05:30:20.502602+00:00,amazon_usa,MOTHERBOARD,B0C326RQL7,"Amazon Renewed PRO Z790-P WiFi ProSeries Computer Gaming Motherboard (Supports 12th/13th Gen Intel Processors, LGA 1700, DDR5, PCIe 5.0, M.2, 2.5Gbps LAN, USB 3.2, Wi-Fi 6E, ATX) Intel PC Motherboards",121.63,35.25,2026-10-03,4.4,7,https://www.amazon.com/MSI-ProSeries-Motherboard-Processors-Motherboards/dp/B0C326RQL7,0.0,35.25
20261003_050925,2026-10-03T05:30:20.502602+00:00,amazon_usa,MOTHERBOARD,B0DN6RHB2H,"GIGABYTE Z790 Eagle Motherboard - Supports 14th Gen. Intel Core CPUs, 12+1+1 Phases VRM, up to 7600MHz DDR5 (OC), 3xPCIe 4.0 M.2, 2,5GbE LAN, USB 3.2 Gen 2",249.54,72.32,2026-10-03,4.4,9,https://www.amazon.com/GIGABYTE-Z790-Eagle-Motherboard-Supports/dp/B0DN6RHB2H,25.0,97.32
20261003_050925,2026-10-03T05:30:20.502602+00:00,amazon_usa,MOTHERBOARD,B0BH7GTY9C,"GIGABYTE B650 AORUS Elite AX AMD AM5 ATX Motherboard, Support Ryzen 9000/8000/7000 Series, DDR5, 14+2+1 Power Phase, PCIe 5.0 M.2, USB-C 3.2 Gen 2, WIFI6E, 2.5GbE, EZ-Latch, Q-Flash, RGB Fusion",152.03,44.06,2026-10-03,4.4,1500,https://www.amazon.com/GIGABYTE-B650-Warranty-EZ-Latch-Motherboard/dp/B0BH7GTY9C,0.0,44.06
20261003_050925,2026-10-03T05:30:20.502602+00:00,amazon_usa,MOTHERBOARD,B0BLF7QXJK,"GIGABYTE Z790 Gaming X AX Intel LGA 1700 ATX Motherboard, 4X DDR5~128GB, 3X PCI-E x16, 3X M.2, 6X SATA, 5X USB 3.2, 1x USB-C, 6X USB 2.0",456.16,132.2,2026-10-03,4.3,123,https://www.amazon.com/GIGABYTE-GAMING-Intel-Motherboard-128GB/dp/B0BLF7QXJK,0.0,132.2
20261003_050925,2026-10-03T05:30:25.097101+00:00,amazon_usa,MOTHERBOARD,B0D3S7Z3YG,ASRock Phantom Gaming Intel Z790I Lightning WiFi DDR5 DIMMs up to 8600+ (OC) MHz 128GB LGA1700 M.2 Mini-ITX Motherboard SATA3 6.0 Gb/s Z790 802.11axe Wi-Fi 6E PCIe 5.0 x16,449.05,130.14,2026-10-03,4.2,22,https://www.amazon.com/ASRock-Phantom-Lightning-Mini-ITX-Motherboard/dp/B0D3S7Z3YG,0.0,130.14
20261003_050925,2026-10-03T05:30:25.097101+00:00,amazon_usa,MOTHERBOARD,B083TZ68H1,"GIGABYTE B650 Eagle AX AM5 LGA 1718 ATX Motherboard, DDR5, Triple M.2 Slots (1x PCIe 5.0, 2X PCIe 4.0), USB 3.2 Gen2x2 Type-C, WiFi 6E, Realtek GbE LAN",141.92,41.13,2026-10-03,4.6,971,https://www.amazon.com/GIGABYTE-B650-AX-Triple-Realtek/dp/B083TZ68H1,0.0,41.13
20261003_050925,2026-10-03T05:30:25.097101+00:00,amazon_usa,MOTHERBOARD,B0BZD3BMZL,msi B760 Gaming Plus WiFi Motherboard Intel B760 LGA 1700 ATX,141.92,41.13,2026-10-03,4.6,745,https://www.amazon.com/MSI-B760-GAMING-motherboard-Intel/dp/B0BZD3BMZL,0.0,41.13
20261003_050925,2026-10-03T05:30:25.097101+00:00,amazon_usa,MOTHERBOARD,B0CX2WQXNX,"Amazon Renewed PRO Z790-S WiFi ProSeries Motherboard (Supports 12th/13th Gen Intel Processors, LGA 1700, DDR5, PCIe 5.0, M.2, 2.5Gbps LAN, USB 3.2 Gen2, Wi-Fi 6E, ATX) (Renewed)",131.77,38.19,2026-10-03,1.0,2,https://www.amazon.com/MSI-ProSeries-Motherboard-Supports-Processors/dp/B0CX2WQXNX,0.0,38.19
20261003_050925,2026-10-03T05:30:25.097101+00:00,amazon_usa,MOTHERBOARD,B0CFGGL5J1,"Amazon Renewed Prime Z790-P WiFi LGA 1700(Intel® 13th &12th Gen) ATX Motherboard (PCIe 5.0,DDR5,14+1 Power Stages,3X M.2,WiFi 6,Bluetooth v5.2,2.5Gb LAN, USB 3.2 Gen 2 Type-C®, Thunderbolt™ 4/USB4) (R",141.92,41.13,2026-10-03,3.2,9,https://www.amazon.com/ASUS-Motherboard-Bluetooth-Type-C%C2%AE-ThunderboltTM/dp/B0CFGGL5J1,0.0,41.13
20261003_050925,2026-10-03T05:30:25.097101+00:00,amazon_usa,MOTHERBOARD,B0CJ4KCS1Z,"Amazon Renewed ROG Strix Z790-F 6E LGA 1700(Intel® 13th&12th Gen) ATX Gaming Motherboard(16 + 1 Power Stages,DDR5,Four M.2 Slots, PCIe® 5.0,WiFi 6E,USB 3.2 Gen 2x2 Type-C® with PD 3.0 up to 30W) (Rene",304.09,88.13,2026-10-03,5.0,1,https://www.amazon.com/ASUS-Z790-F-Motherboard-Type-C%C2%AE-Renewed/dp/B0CJ4KCS1Z,0.0,88.13
20261003_050925,2026-10-03T05:30:25.097101+00:00,amazon_usa,MOTHERBOARD,B0CPY3N9SR,Micro Center Intel Core i5-13600K 14 (6P+8E) Cores up to 5.3 GHz Unlocked Desktop Processor with Integrated Intel UHD Graphics 770 Bundle with ASUS Prime Z790-P WiFi DDR5 ATX Gaming Motherboard,456.12,132.19,2026-10-03,5.0,1,https://www.amazon.com/i5-13600K-Unlocked-Processor-Integrated-Motherboard/dp/B0CPY3N9SR,0.0,132.19
20261003_050925,2026-10-03T05:30:25.097101+00:00,amazon_usa,MOTHERBOARD,B0DF12WKQY,"ASUS ROG Strix X870-A Gaming WiFi AMD AM5 X870 ATX Motherboard 16+2+2 Power Stages, Dynamic OC Switcher, Core Flex, DDR5 AEMP, WiFi 7, 4X M.2, PCIe® 5.0, Q-Release Slim, USB4®, AI OCing & Networking",276.9,80.25,2026-10-03,4.5,721,https://www.amazon.com/ASUS-ROG-Motherboard-Q-Release-Networking/dp/B0DF12WKQY,0.0,80.25
20261003_050925,2026-10-03T05:30:25.097101+00:00,amazon_usa,MOTHERBOARD,B0C2C96LDL,ASRock B760M Pro RS Motherboard DDR5 7200MHz HDMI DisplayPort eDP PCIe Gen5 (Graphics) 14th 13th 12th Gen Intel Core Processors LGA1700 192GB,111.49,32.31,2026-10-03,4.6,401,https://www.amazon.com/Motherboard-7200MHz-DisplayPort-Graphics-Processors-LGA1700/dp/B0C2C96LDL,0.0,32.31
20261003_050925,2026-10-03T05:30:25.097101+00:00,amazon_usa,MOTHERBOARD,B09JZFT4SN,GIGABYTE Z690 AORUS Ultra (LGA 1700/ Intel Z690/ ATX/ DDR5/ Quad M.2/ PCIe 5.0/ USB 3.2 Gen2X2/ Type-C/WiFi 6/2.5GbE LAN/Gaming Motherboard),344.84,99.94,2026-10-03,4.2,142,https://www.amazon.com/GIGABYTE-Z690-AORUS-Gen2X2-Motherboard/dp/B09JZFT4SN,0.0,99.94
20261003_050925,2026-10-03T05:30:25.097101+00:00,amazon_usa,MOTHERBOARD,B0BTZTSP2L,Intel Core i7-12700KF + GIGABYTE Z790 AORUS Elite AX Motherboard,481.48,139.54,2026-10-03,4.0,6,https://www.amazon.com/Intel-i7-12700KF-GIGABYTE-AORUS-Motherboard/dp/B0BTZTSP2L,25.0,164.54
20261003_050925,2026-10-03T05:30:29.858007+00:00,amazon_usa,MOTHERBOARD,B0G1Q32R7K,"Amazon Renewed Z790 D AC LGA 1700 Intel Z790 ATX Motherboard with DDR5, Triple M.2, PCIe 5.0, USB 3.2 Gen2X2 Type-C, 2.5GbE LAN, PCIe EZ-Latch, Multi-Key (Renewed)",152.03,44.06,2026-10-03,0.0,0,https://www.amazon.com/GIGABYTE-Motherboard-EZ-Latch-Multi-Key-Renewed/dp/B0G1Q32R7K,0.0,44.06
20261003_050925,2026-10-03T05:30:29.858007+00:00,amazon_usa,MOTHERBOARD,B0DBQ3H3KQ,INLAND by Micro Center CPU Motherboard Intel i9-12900K 12th Gen 16-Cores LGA 1700 Desktop Processor with ASUS Z790 Gaming WIFI7 ATX Motherboard,547.35,158.63,2026-10-03,3.8,17,https://www.amazon.com/INLAND-Motherboard-i9-12900K-16-Cores-Processor/dp/B0DBQ3H3KQ,0.0,158.63
20261003_050925,2026-10-03T05:30:29.858007+00:00,amazon_usa,MOTHERBOARD,B0FPG9XG1K,"Amazon Renewed Z790 AORUS Elite AX 1.0 Intel LGA 1700 ATX Motherboard, 4X DDR5~128GB, 3X PCI-E x16, 4X M.2, 6X SATA, 5X USB 3.2, 1x USB-C, 4X USB 2.0 (Renewed)",177.36,51.4,2026-10-03,0.0,0,https://www.amazon.com/GIGABYTE-AORUS-Motherboard-DDR5-128GB-Renewed/dp/B0FPG9XG1K,0.0,51.4
20261003_050925,2026-10-03T05:30:29.858007+00:00,amazon_usa,MOTHERBOARD,B0FM2HB88D,Supermicro C9Z790-CGW Intel Core Single Socket V (LGA-1700) DDR5 ATX Motherboard,624.4,180.96,2026-10-03,0.0,0,https://www.amazon.com/Supermicro-C9Z790-CGW-Single-LGA-1700-Motherboard/dp/B0FM2HB88D,0.0,180.96
20261003_050925,2026-10-03T05:30:29.858007+00:00,amazon_usa,MOTHERBOARD,B0DPBQ7N9J,"Amazon Renewed ROG Maximus Z790 Hero EVA-02 Edition LGA 1700(Intel® 13&12th Gen) ATX Gaming Motherboard(DDR5, 5X M.2 Slots,PCIe 5.0 x16 with Q-Release,Wi-Fi 6E, 2xThunderbolt 4, USB 20G Type-C) (Renew",1621.84,470.03,2026-10-03,0.0,0,https://www.amazon.com/ASUS-ROG-Z790-EVA-02-2xThunderbolt/dp/B0DPBQ7N9J,0.0,470.03
20261003_050925,2026-10-03T05:30:29.858007+00:00,amazon_usa,MOTHERBOARD,B0FDWQC5CC,"Intel Core i9-12900K 5.2GHz 16-Core Processor & ASUS Z790 MAX Gaming WIFI7 ATX Motherboard Bundle - LGA1700, PCIe 5.0, DDR5",608.19,176.26,2026-10-03,0.0,0,https://www.amazon.com/Intel-i9-12900K-16-Core-Processor-Motherboard/dp/B0FDWQC5CC,25.0,201.26
20261003_050925,2026-10-03T05:30:37.763108+00:00,aliexpress,MOTHERBOARD,3256812809149247,MSI Intel Z790 Motherboard PRO Z790-S WIFI Motherboard LGA 1700 DDR5 256GB support 13700KF 12900KF 14900F12600KF 13600KF CPU ATX,601.28,174.26,2026-10-03,0.0,0,,0.0,174.26
20261003_050925,2026-10-03T05:30:37.763108+00:00,aliexpress,MOTHERBOARD,3256812963092131,MSI Intel Z790 Motherboard PRO Z790-S WIFI Motherboard LGA 1700 DDR5 256GB support 13700KF 12900KF 14900F12600KF 13600KF CPU ATX,426.03,123.47,2026-10-03,0.0,0,,0.0,123.47
20261003_050925,2026-10-03T05:30:37.763108+00:00,aliexpress,MOTHERBOARD,3256810236225575,++FOR MSI PRO Z790-S WIFI  LGA 1700 ATX DDR5 LAN Intel Z790 Motherboard,1681.12,487.21,2026-10-03,0.0,0,,0.0,487.21
20261003_050925,2026-10-03T05:30:37.763108+00:00,aliexpress,MOTHERBOARD,3256812017543164,HUANANZHI X99-T8D+TPM 2.0 Motherboard LGA 2011-3 DDR3 E-ATX Dual-processor,484.97,140.55,2026-10-03,0.0,0,,0.0,140.55
20261003_050925,2026-10-03T05:30:37.763108+00:00,aliexpress,MOTHERBOARD,3256810597805281,ROG MAXIMUS Z790 EXTREME Motherboard E-ATX Form Factor Supports 13th 12th Gen Intel Core Processors Double for Desktop Use,4830.7,1400.0,2026-10-03,0.0,0,,0.0,1400.0
20261003_050925,2026-10-03T05:30:37.763108+00:00,aliexpress,MOTHERBOARD,3256812702635516,For GIGABYTE Z790 UD AX Motherboard LGA 1700  Intel Z790  DDR5 ATX M.2 Supports 13th and 12th Gen Intel Core Series Processors,527.1,152.76,2026-10-03,0.0,0,,0.0,152.76
20261003_050925,2026-10-03T05:30:37.763108+00:00,aliexpress,MOTHERBOARD,3256813049403692,ZZ FOR MSI Z790MPOWER LGA 1700 Intel Z790 DDR5 Micro ATX Motherboard Test OK,1317.3,381.77,2026-10-03,0.0,0,,0.0,381.77
20261003_050925,2026-10-03T05:30:37.763108+00:00,aliexpress,MOTHERBOARD,3256812188184403,HUANANZHI H12D-16D E-ATX Server Motherboard For AMD EPYC Rome Milan 16 DDR4 Slots 4TB RAM 7 PCIe 4.0 X16 IPMI 2.0,3011.94,872.9,2026-10-03,0.0,0,,0.0,872.9
20261003_050925,2026-10-03T05:30:37.763108+00:00,aliexpress,MOTHERBOARD,3256812919905623,ERYING Z790 DDR5 ATX Motherboard Support Intel 14/13/12th Gen CPU 14600KF 13600KF Overclock PCIE4.0x16 LGA1700 ARGB WiFi6E AX211,824.01,238.81,2026-10-03,0.0,0,,0.0,238.81
20261003_050925,2026-10-03T05:30:37.763108+00:00,aliexpress,MOTHERBOARD,3256812313958404,Virtue Preowned For ASUS ROG MAXIMUS Z790 DARK HERO Gaming Motherboard Socket for Intel LGA 1700 ATX Stable Operation,3988.12,1155.81,2026-10-03,0.0,0,,0.0,1155.81
20261003_050925,2026-10-03T05:30:37.763108+00:00,aliexpress,MOTHERBOARD,3256810072944739,ERYING Z790 Gaming M-ATX Motherboard LGA1700 Support i9-14900KF 13900K i7-14700K 13700 i5-14600KF 12700F CPU 4xDDR5 NVME M.2,704.42,204.15,2026-10-03,5.0,0,,0.0,204.15
20261003_050925,2026-10-03T05:30:37.763108+00:00,aliexpress,MOTHERBOARD,3256811939192337,128GB HDMI DP M.2 LGA 1700 DDR4 Micro ATX Z790 Mainboard For Colorful CVN Z790M FROZEN V20 Motherboard 100% Tested Fully Work,1223.17,354.49,2026-10-03,0.0,0,,0.0,354.49
20261003_050925,2026-10-03T05:30:37.763108+00:00,aliexpress,MOTHERBOARD,3256812224443116,ASUS ROG STRIX Z790-A GAMING Wi-Fi 6E D4 LGA1700 Intel 13Th&12Th Gen ATX Gaming Motherboard 16+1 Power Stages DDR4 4xM.2 Slots,3095.62,897.15,2026-10-03,0.0,0,,0.0,897.15
20261003_050925,2026-10-03T05:30:37.763108+00:00,aliexpress,MOTHERBOARD,3256810143605426,ASUS ROG STRIX Z790-A GAMING WiFi 6E D4 LGA1700 Intel 13Th&12Th Gen ATX Gaming Motherboard 16+1 Power Stages DDR4 4xM.2 Slots,3095.62,897.15,2026-10-03,0.0,0,,0.0,897.15
20261003_050925,2026-10-03T05:30:37.763108+00:00,aliexpress,MOTHERBOARD,3256812591726759,USED FOR ASUS/ROG/MAXIMUS Z790 for DARK HERO Gaming Motherboard Socket For Intel/LGA 1700 ATX,3190.61,924.68,2026-10-03,0.0,0,,0.0,924.68
20261003_050925,2026-10-03T05:30:37.763108+00:00,aliexpress,MOTHERBOARD,3256812192317975,Z790 WiFi Motherboard DDR5 for LGA1700 Socket ATX Gaming PC Build High Performance Desktop Motherboard for Intel 13th 12th,1649.2,477.96,2026-10-03,0.0,0,,0.0,477.96
20261003_050925,2026-10-03T05:30:37.763108+00:00,aliexpress,MOTHERBOARD,3256810618458742,Intel Z790 ATX Gaming Motherboard LGA 1700 Socket DDR5 Quad M.2 PCIe 5.0 USB 3.2 Gen2 Type-C WiFi 6E 2.5GbE LAN Q-Flash,520.99,150.99,2026-10-03,0.0,0,,0.0,150.99
20261003_050925,2026-10-03T05:30:37.763108+00:00,aliexpress,MOTHERBOARD,3256810419019766,H  FOR MSI MEG Z790 ACE MAX motherboard Intel Z790 LGA 1700 Extended ATX Test OK,7171.28,2078.33,2026-10-03,0.0,0,,0.0,2078.33
20261003_050925,2026-10-03T05:30:37.763108+00:00,aliexpress,MOTHERBOARD,3256812833557788,TUF GAMING Z790-PLUS WIFI LGA1700 WIFI6E Gaming Motherboard DDR5 PCIe5.0 ATX Form Factor for Desktop Gaming PC,2053.05,595.0,2026-10-03,0.0,0,,0.0,595.0
20261003_050925,2026-10-03T05:30:37.763108+00:00,aliexpress,MOTHERBOARD,3256810143693285,ASUS PRIME Z790-P WIFI LGA 1700 Intel 13Th&12Th Gen ATX Motherboard PCIe 5.0 DDR5 14+1 Power Stages 3X M.2 WiFi 6 Bluetooth V5.2,2755.47,798.57,2026-10-03,0.0,0,,0.0,798.57
20261003_050925,2026-10-03T05:30:37.763108+00:00,aliexpress,MOTHERBOARD,3256812373487727,Pro Z790-P WiFi ATX Motherboard LGA 1700 DDR5 PCIe 5.0 M.2 NVMe 2.5G LAN USB 3.2 Wi-Fi 6E Bluetooth 5.3 for Intel 12th 13th,512.81,148.62,2026-10-03,0.0,0,,0.0,148.62
20261003_050925,2026-10-03T05:30:37.763108+00:00,aliexpress,MOTHERBOARD,3256812022086516,For GA-Z790-AORUS ELITE X WIFI7 Motherboard ATX Intel LGA 1700 DDR5 DIMM Mainboard 100% Tested Fully Work be Fast Ship DH,2173.47,629.9,2026-10-03,0.0,0,,0.0,629.9
20261003_050925,2026-10-03T05:30:37.763108+00:00,aliexpress,MOTHERBOARD,3256813009596040,for Pro Z790-P WiFi ATX Motherboard LGA 1700 DDR5 PCIe 5.0 M.2 NVMe 2.5G LAN USB 3.2 Wi-Fi 6E Bluetooth 5.3 for Intel 12th,464.33,134.57,2026-10-03,0.0,0,,0.0,134.57
20261003_050925,2026-10-03T05:30:37.763108+00:00,aliexpress,MOTHERBOARD,3256811961186697,For ROG MAXIMUS Z790 HERO Motherboard 192GB HDMI PCI-E5.0 LGA 1700 DDR5 ATX Z790 Mainboard 100% Tested Fully Work,4432.86,1284.7,2026-10-03,0.0,0,,0.0,1284.7
20261003_050925,2026-10-03T05:30:37.763108+00:00,aliexpress,MOTHERBOARD,3256810448836444,ERYING Z790 WIFI DDR4 Motherboard Support LGA1700 14700K 14600KF 14900F 13700K 13600K 13900f 12600K 12900K CPU PCIe4.0x16 M-ATX,553.53,160.42,2026-10-03,0.0,0,,0.0,160.42
20261003_050925,2026-10-03T05:30:37.763108+00:00,aliexpress,MOTHERBOARD,3256811867502651,128GB HDMI DP M.2 LGA 1700 DDR5 ATX Z790 Mainboard For Asrock Z790 PG SONIC Motherboard 100% Tested Fully Work,2532.56,733.97,2026-10-03,0.0,0,,0.0,733.97
20261003_050925,2026-10-03T05:30:37.763108+00:00,aliexpress,MOTHERBOARD,3256811881395578,192GB M.2 HDMI PCI-E5.0 LGA 1700 DDR5 ATX Z790 NEW For ROG MAXIMUS Z790 HERO EVA-02 EDITION Motherboard 100% Tested Fully Work,9257.0,2682.8,2026-10-03,0.0,0,,0.0,2682.8
20261003_050925,2026-10-03T05:30:37.763108+00:00,aliexpress,MOTHERBOARD,3256808588757710,MSI MAG Z790 TOMAHAWK WIFI Motherboard i9-12900K i7-12700KF i5-12400F i3-12100 CPU INTEL Z790 DDR5 7200MHz  Wi-Fi 6E 256GB M.2,1087.46,315.16,2026-10-03,0.0,0,,0.0,315.16
20261003_050925,2026-10-03T05:30:37.763108+00:00,aliexpress,MOTHERBOARD,3256810072482875,ERYING Z790 WIFI DDR4 Motherboard Support LGA1700 14700K 14600KF 14900F 13700K 13600K 13900f 12600K 12900K CPU PCIe4.0x16 M-ATX,519.44,150.54,2026-10-03,5.0,0,,0.0,150.54
20261003_050925,2026-10-03T05:30:37.763108+00:00,aliexpress,MOTHERBOARD,3256809724801524,ASUS ROG STRIX Z790-E GAMING WIFI Motherboard Intel Z790 LGA 1700  DDR5 192GB Wi-Fi 6E support i9-14900T i7-14700T i5-13500 cpu,1841.26,533.62,2026-10-03,4.5,0,,0.0,533.62
20261003_050925,2026-10-03T05:30:37.763108+00:00,aliexpress,MOTHERBOARD,3256809232564311,ASUS PRIME Z790-P WIFI PRIME Z790-P WIFI D4 Intel Z790 LGA 1700 128GB M.2 ATX support I9-14900 i5-13500 i5-12400 I5-13400 cpu,813.97,235.9,2026-10-03,5.0,0,,0.0,235.9
20261003_050925,2026-10-03T05:30:37.763108+00:00,aliexpress,MOTHERBOARD,3256812656431242,"ASUS Z790-AYW OC WIFI Motherboard, Supports 12/13th/14th Generation Core, DDR5, PCIe5.0, Dual M.2, WiFi6, 2.5G Network Port",439.7,127.43,2026-10-03,5.0,0,,0.0,127.43
20261003_050925,2026-10-03T05:30:37.763108+00:00,aliexpress,MOTHERBOARD,3256809174296900,For ASUS TUF GAMING Z790-PLUS WIFI D4 support 12 13 14 generation CPU,1533.3,444.37,2026-10-03,0.0,0,,0.0,444.37
20261003_050925,2026-10-03T05:30:37.763108+00:00,aliexpress,MOTHERBOARD,3256813090272949,For ASUS ROG STRIX Z790-A GAMING WIFI D4 Motherboard Z790 LGA 1700 DDR4 Wi-Fi 6E support i7 13700,1505.18,436.22,2026-10-03,0.0,0,,0.0,436.22
20261003_050925,2026-10-03T05:30:37.763108+00:00,aliexpress,MOTHERBOARD,3256812919812152,ERYING Z790 Motherboard Support Intel 14/13/12th Gen 14700K 14600KF 14900F 13700K 13600K 13900 12600K 12900K CPU DDR4 PCIe4.0x16,631.65,183.06,2026-10-03,0.0,0,,0.0,183.06
20261003_050925,2026-10-03T05:30:37.763108+00:00,aliexpress,MOTHERBOARD,3256812631267801,MSI Z790 Motherboard MAG Z790 TOMAHAWK WIFI LGA1700 DDR5 M.2 support 14900F 14700 13600 12400 12300 12100 cpu NVME M.2,852.89,247.18,2026-10-03,0.0,0,,0.0,247.18
20261003_050925,2026-10-03T05:30:37.763108+00:00,aliexpress,MOTHERBOARD,3256808057024223,MSI Z790 Motherboard MAG Z790 TOMAHAWK WIFI LGA1700 DDR5 M.2 Support 14900F 14700 13600 12400 12300 12100 CPU NVME M.2,862.62,250.0,2026-10-03,4.5,0,,0.0,250.0
20261003_050925,2026-10-03T05:30:37.763108+00:00,aliexpress,MOTHERBOARD,3256812494799098,MSI M4 PCIe Thunderbolt 4 Expansion Card USB4 8K for Z590 Z690 Z790 Motherboard,727.92,210.96,2026-10-03,0.0,0,,0.0,210.96
20261003_050925,2026-10-03T05:30:37.763108+00:00,aliexpress,MOTHERBOARD,3256806674734609,QIYIDA X99 motherboard LGA2011 3 with M.2 slot Support DDR4 Memory SATA USB PCI16X,143.89,41.7,2026-10-03,4.9,0,,0.0,41.7
20261003_050925,2026-10-03T05:30:37.763108+00:00,aliexpress,MOTHERBOARD,3256807290626502,MACHINIST X99 MR9A PRO MAX Motherboard Support TPM2.0 LGA 2011-3 Intel Xeon E5 V3&V4 CPU DDR4 RAM Memory NVME/SATA USB3.0 ATX,252.4,73.15,2026-10-03,4.9,0,,0.0,73.15
20261003_050925,2026-10-03T05:30:37.763108+00:00,aliexpress,MOTHERBOARD,3256806718242754,QIYIDA X99 motherboard TPM 2.0Interface LGA 2011 3 with NVME NGFF M.2 Support 4 channels X99 C612chip DDR4 Memory SATA3.0 USB3.0,161.72,46.87,2026-10-03,4.9,0,,0.0,46.87
20261003_050925,2026-10-03T05:30:37.763108+00:00,aliexpress,MOTHERBOARD,3256810252978939,New X99 U9 MACHINIST X99 Motherboard Set Kit Optional LGA2011-3 Xeon E5 2630 V4 CPU Support TPM2.0 DDR4 Memory NVME M.2 usb3.0,227.08,65.81,2026-10-03,4.9,0,,0.0,65.81
20261003_050925,2026-10-03T05:30:37.763108+00:00,aliexpress,MOTHERBOARD,3256812004114443,ASROCK Z790 STEEL LEGEND WIFI Motherboard intel Z790 LGA 1700 DDR5 128GB M.2 Support i9-13900K i7-13700K i7-14700KFi5-14400,787.02,228.09,2026-10-03,0.0,0,,0.0,228.09
20261003_050925,2026-10-03T05:30:37.763108+00:00,aliexpress,MOTHERBOARD,3256807124145558,JGINYUE B760M M-ATX Motherboard LGA 1700 Support Intel i3/i5/i7/i9 12th 13th Processor Dual channel DDR5 Memory B760M-GAMING D5,406.78,117.89,2026-10-03,0.0,0,,0.0,117.89
20261003_050925,2026-10-03T05:30:37.763108+00:00,aliexpress,MOTHERBOARD,3256806913461639,C246 M-ATX Server Motherboard 4 LAN 8 SATA Dual NVMe DDR4 Pure ECC vPro 9 Phase Power,782.33,226.73,2026-10-03,5.0,0,,0.0,226.73
20261003_050925,2026-10-03T05:30:37.763108+00:00,aliexpress,MOTHERBOARD,3256807144356479,QIYIDA X79 motherboard LGA2011 DDR3 USB SATA3 PCI-E M.2 SSD support REG ECC DDR3 PC3 memory and Xeon E5 processor,215.07,62.33,2026-10-03,5.0,0,,0.0,62.33
20261003_050925,2026-10-03T05:30:37.763108+00:00,aliexpress,MOTHERBOARD,3256809278495803,M.2 WiFi Solution Providing Networking WiFi Module Wireless Connection Laptop Card Adapter for Z790 B760 B660 H610 Y3ND,3.76,1.09,2026-10-03,4.7,0,,0.0,1.09
20261003_050925,2026-10-03T05:30:37.763108+00:00,aliexpress,MOTHERBOARD,3256811505163633,Z690 Server Motherboards LGA 1700 Socket Supporting 12th to 14th Gen Processors Integrate 8-Port SATA 3.0 Quad NVMe SSD,828.12,240.0,2026-10-03,3.0,0,,0.0,240.0
20261003_050925,2026-10-03T05:30:37.763108+00:00,aliexpress,MOTHERBOARD,3256809516329840,GIGABYTE GA B850M AORUS ELITE WIFI6E ICE New Motherboard supports up to AMD Ryzen 9000 series 12+2+2 power supply / Socket AM5,1173.58,340.12,2026-10-03,5.0,0,,0.0,340.12
20261003_050925,2026-10-03T05:30:37.763108+00:00,aliexpress,MOTHERBOARD,3256812268886464,Intel Core i5 12400F New CPU i5-12400F 2.5 GHz 10NM L3=18M 65W LGA 1700 but no fan,442.6,128.27,2026-10-03,5.0,0,,0.0,128.27
20261003_050925,2026-10-03T05:30:37.763108+00:00,aliexpress,MOTHERBOARD,3256808934446241,GIGABYTE New B850M AORUS PRO WIFI7 Supports Ryzen 9000 12+2+2 power supply Micro ATX AMD B850 Socket AM5 Motherboard,1070.72,310.31,2026-10-03,5.0,0,,0.0,310.31
20261003_050925,2026-10-03T05:30:37.763108+00:00,aliexpress,MOTHERBOARD,3256809197977807,SOYO X99 Motherboard Set With LGA2011-3 Xeon E5 2630 V4 CPU DDR4 8GB (1*8GB)  2133MHz RAM NVME M.2 SATA Computer Accessories,147.37,42.71,2026-10-03,4.9,0,,0.0,42.71
20261003_050925,2026-10-03T05:30:37.763108+00:00,aliexpress,MOTHERBOARD,3256811649236596,ASUS TUF GAMING B550M PLUS WIFI II New AMD B550 micro ATX supports AMD Ryzen 5000 series motherboard socket AM4,689.62,199.86,2026-10-03,5.0,0,,0.0,199.86
20261003_050925,2026-10-03T05:30:37.763108+00:00,aliexpress,MOTHERBOARD,3256812784771643,TPM 2.0 Module LPC SPI 12Pin with SLB9670 For Gigabyte Motherboard GIGABYTE Z690 / Z790 / B650 / B650M Series B650M GAMING X AX,109.69,31.79,2026-10-03,0.0,0,,0.0,31.79
20261003_050925,2026-10-03T05:30:48.983463+00:00,amazon_usa,PSU,B0FBXX1D17,"be quiet! Pure Power 13 M 1000W Power Supply, 80+ Gold, Cybenetics Platinum",141.82,41.1,2026-10-03,4.7,310,https://www.amazon.com/quiet-Power-1000W-Fully-Modular/dp/B0FBXX1D17,0.0,41.1
20261003_050925,2026-10-03T05:30:48.983463+00:00,amazon_usa,PSU,B0FR3C76F3,Corsair SF1000 (2024) Fully Modular Low Noise 80 Plus (Black) (Renewed),131.77,38.19,2026-10-03,4.4,15,https://www.amazon.com/CORSAIR-SF1000-Modular-Platinum-Supply/dp/B0FR3C76F3,0.0,38.19
20261003_050925,2026-10-03T05:30:48.983463+00:00,amazon_usa,PSU,B0FQ6MH33Q,"NZXT C1000 Gold Core - 1000W ATX 3.1 Power Supply, 80+ Gold",116.56,33.78,2026-10-03,4.7,87,https://www.amazon.com/NZXT-C1000-Gold-Core-Cybenetics/dp/B0FQ6MH33Q,0.0,33.78
20261003_050925,2026-10-03T05:30:48.983463+00:00,amazon_usa,PSU,B0GY1RBQRH,"MSI PRO A1000PL PCIE5, Fully Modular Gaming 1000W Power Supply, 80+ Platinum, 12V-2x6 Cables, Server-Grade Capacitor, ATX 3.1 & PCIe 5.1 Ready, Low-Noise, Embossed Jacket Cables, 7 Year Warranty",149.3,43.27,2026-10-03,4.9,22,https://www.amazon.com/Platinum-Server-Grade-Capacitor-Low-Noise-Embossed/dp/B0GY1RBQRH,0.0,43.27
20261003_050925,2026-10-03T05:30:48.983463+00:00,amazon_usa,PSU,B0D45RN3KZ,CORSAIR SF1000 (2024) Fully Modular Low Noise ATX Power Supply – Black,243.26,70.5,2026-10-03,4.3,225,https://www.amazon.com/CORSAIR-SF1000-Modular-Platinum-Supply/dp/B0D45RN3KZ,0.0,70.5
20261003_050925,2026-10-03T05:30:48.983463+00:00,amazon_usa,PSU,B0DNL6G97H,ASRock Steel Legend SL-1000G 1000W 80 Plus Gold & Cybenetics Platinum Full Modular Power Supply ATX3.1 & PCIe5.1 Ready with Dual Color 12V-2x6 Cable 10 Years Warranty,102.38,29.67,2026-10-03,4.3,62,https://www.amazon.com/ASRock-SL-1000G-Cybenetics-Platinum-Warranty/dp/B0DNL6G97H,0.0,29.67
20261003_050925,2026-10-03T05:30:48.983463+00:00,amazon_usa,PSU,B0BZ2CRW8H,CORSAIR HX1000i ATX 3.1 PCIe 5.1 1000W Power Supply – Black,238.19,69.03,2026-10-03,4.7,333,https://www.amazon.com/Corsair-HX1000i-Modular-Ultra-Low-Supply/dp/B0BZ2CRW8H,0.0,69.03
20261003_050925,2026-10-03T05:30:48.983463+00:00,amazon_usa,PSU,B0FJLTSBBV,"PCCOOLER KN750 750W ATX 3.1 Fully Modular Power Supply, 80 Plus Gold",81.09,23.5,2026-10-03,4.2,79,https://www.amazon.com/PCCOOLER-Certified-Capacitors-Ultra-Flexible-KN750/dp/B0FJLTSBBV,0.0,23.5
20261003_050925,2026-10-03T05:30:48.983463+00:00,amazon_usa,PSU,B0GKFXSQXL,"1000W Fully Modular Power Supply, 80+ Gold Certified PSU | ATX 3.1 & PCIe 5.1 Ready | 12V-2x6 Connector | 140mm Low-Noise Fan | 105℃ Japanese Capacitors | Black PSU",91.23,26.44,2026-10-03,4.8,19,https://www.amazon.com/Certified-Connector-Low-Noise-Japanese-Capacitors/dp/B0GKFXSQXL,0.0,26.44
20261003_050925,2026-10-03T05:30:48.983463+00:00,amazon_usa,PSU,B0C7K22C3R,"Redragon PSU017 80+ Platinum 1000 Watt ATX 3.0 & PCIe 5.0 Fully Modular Gaming Power Supply, 80 Plus Certified, 100% Japanese Capacitors & Low Noise Smart-ECO Fan, Fully Modular w/12VHPWR Cable",80.67,23.38,2026-10-03,4.5,14,https://www.amazon.com/Redragon-PSU017-Certified-Capacitors-Smart-ECO/dp/B0C7K22C3R,0.0,23.38
20261003_050925,2026-10-03T05:30:48.983463+00:00,amazon_usa,PSU,B0DJ1T9VXB,"ASUS ROG Strix 1000W Platinum (Fully Modular Power Supply, 80 Plus Platinum Certified, ATX 3.1, Cybenetics Lambda A+, GaN MOSFET, GPU-First Intelligent Voltage Stabilizer, 10-Year Warranty)",217.9,63.15,2026-10-03,4.8,291,https://www.amazon.com/ASUS-Certified-Cybenetics-Intelligent-Stabilizer/dp/B0DJ1T9VXB,0.0,63.15
20261003_050925,2026-10-03T05:30:48.983463+00:00,amazon_usa,PSU,B0FDVKJBML,"1000W Fully Modular Power Supply, 80+ Gold PSU, ATX 3.1 & PCIe 5.1 Ready, Native Dual-Color 12V-2x6 Cable, RGB Low-Noise Smart Fan, 105°C-Rated Capacitors, Black",101.34,29.37,2026-10-03,4.5,725,https://www.amazon.com/Auotac-Dual-Color-Low-Noise-105%C2%B0C-Rated-Capacitors/dp/B0FDVKJBML,0.0,29.37
20261003_050925,2026-10-03T05:30:48.983463+00:00,amazon_usa,PSU,B0H85FHVRC,ASUS ROG Strix 1200W Platinum III White Edition Power Supply(ROG Equalizer),263.55,76.38,2026-10-03,5.0,5,https://www.amazon.com/ASUS-Strix-Platinum-Supply-Equalizer/dp/B0H85FHVRC,0.0,76.38
20261003_050925,2026-10-03T05:30:48.983463+00:00,amazon_usa,PSU,B0H8534JDQ,ASUS ROG Strix 1000W Platinum III Power Supply(ROG Equalizer 12V-2x6 Cable),263.55,76.38,2026-10-03,0.0,0,https://www.amazon.com/ASUS-Platinum-Supply-Equalizer-12V-2x6/dp/B0H8534JDQ,0.0,76.38
20261003_050925,2026-10-03T05:30:48.983463+00:00,amazon_usa,PSU,B0CYTJ7BWP,"Super Flower Leadex VII XP PRO 1000W Power Supply, ATX 3.1 PCIe 5.1, Black",146.96,42.59,2026-10-03,4.4,13,https://www.amazon.com/Super-Flower-Leadex-1000W-Supply/dp/B0CYTJ7BWP,0.0,42.59
20261003_050925,2026-10-03T05:30:48.983463+00:00,amazon_usa,PSU,B0FFQRCM37,"Rosewill VMG 1000W 80+ Gold, ATX 3.0 & 3.1 Compatible, Full Modular Low-Noise Power Supply, PCIe 5.1 12V-2x6 Connector, 100% Japanese Electrolytic Capacitor, 120mm FDB Silent Fan - 5 Year Warranty",111.49,32.31,2026-10-03,4.5,169,https://www.amazon.com/Rosewill-Compatible-Low-Noise-Connector-Electrolytic/dp/B0FFQRCM37,0.0,32.31
20261003_050925,2026-10-03T05:30:48.983463+00:00,amazon_usa,PSU,B0FPCF4H5W,Lian Li SX1000P Platinum Compact ATX PSU 1000W-ATX 3.1-Black-SX1000P.B,152.03,44.06,2026-10-03,3.7,32,https://www.amazon.com/Lian-Li-Platinum-Compact-12V-2x6/dp/B0FPCF4H5W,0.0,44.06
20261003_050925,2026-10-03T05:30:48.983463+00:00,amazon_usa,PSU,B0GHQ9HFG1,"ASRock Steel Legend SL-1000P 1000W ATX Power Supply, 80 Plus Platinum, ATX3.1 & PCIe 5.1 Ready, Fully Modular, 135mm FDB Fan, 10-Year Warranty Lambda A+",152.03,44.06,2026-10-03,5.0,6,https://www.amazon.com/ASRock-SL-1000P-Platinum-Modular-Warranty/dp/B0GHQ9HFG1,0.0,44.06
20261003_050925,2026-10-03T05:30:48.983463+00:00,amazon_usa,PSU,B0CYTJ5YLS,"Super Flower Leadex VII XG 1000W Power Supply, ATX 3.1 PCIe 5.1, Black",141.92,41.13,2026-10-03,4.9,9,https://www.amazon.com/Flower-Cybenetics-Platinum-Modular-12VHPWR/dp/B0CYTJ5YLS,0.0,41.13
20261003_050925,2026-10-03T05:30:48.983463+00:00,amazon_usa,PSU,B0BZWZYTWJ,ASUS TUF Gaming 1000W Gold Power Supply,169.28,49.06,2026-10-03,4.7,498,https://www.amazon.com/ASUS-Gaming-1000W-Power-Supply/dp/B0BZWZYTWJ,0.0,49.06
20261003_050925,2026-10-03T05:30:48.983463+00:00,amazon_usa,PSU,B0F9963V9X,SAMA P1000 80+ Platinum ATX 3.1 Fully Modular Gaming 1000W Power Supply,121.63,35.25,2026-10-03,5.0,18,https://www.amazon.com/SAMA-P1000-1000W-Platinum-Supply/dp/B0F9963V9X,0.0,35.25
20261003_050925,2026-10-03T05:30:48.983463+00:00,amazon_usa,PSU,B0FPCDJYBW,Lian Li SX1000P Platinum Compact ATX PSU 1000W-ATX 3.1-White-SX1000P.W,152.03,44.06,2026-10-03,3.7,32,https://www.amazon.com/Lian-Li-Platinum-Compact-12V-2x6/dp/B0FPCDJYBW,0.0,44.06
20261003_050925,2026-10-03T05:30:48.983463+00:00,amazon_usa,PSU,B0DPR5RZ1T,CORSAIR RM1000e (2025) ATX 3.1 PCIe 5.1 Ready 1000W Power Supply – Black,141.92,41.13,2026-10-03,4.7,1500,https://www.amazon.com/CORSAIR-RM1000e-Modular-Low-Noise-12V-2x6/dp/B0DPR5RZ1T,0.0,41.13
20261003_050925,2026-10-03T05:30:48.983463+00:00,amazon_usa,PSU,B0DTTFYZKH,"Super Flower Leadex VII XP 1000W Power Supply, ATX 3.1 PCIe 5.1, White",146.96,42.59,2026-10-03,4.8,7,https://www.amazon.com/Flower-Leadex-Platinum-Cybenetics-Modular/dp/B0DTTFYZKH,0.0,42.59
20261003_050925,2026-10-03T05:30:52.930257+00:00,amazon_usa,PSU,B0CCV79718,"Phanteks (PH-P1000PR_BK01C) Revolt 1000W 80PLUS Platinum, ATX 3.0, PCIe 5.0, Fully Modular, Cable-Less, Power Supply Unit Only (Cables Sold Separately), Black",87.23,25.28,2026-10-03,5.0,3,https://www.amazon.com/Phanteks-PH-P1000PR_BK01C-Revolt-Platinum-Modular/dp/B0CCV79718,0.0,25.28
20261003_050925,2026-10-03T05:30:52.930257+00:00,amazon_usa,PSU,B0BZJ5WNJS,ASUS ROG Loki SFX-L 1000W Platinum Power Supply,283.8,82.25,2026-10-03,4.4,67,https://www.amazon.com/ASUS-Platinum-Modular-Compatible-Warranty/dp/B0BZJ5WNJS,0.0,82.25
20261003_050925,2026-10-03T05:30:52.930257+00:00,amazon_usa,PSU,B0DNNNM1ZB,Corsair HX1000i Fully Modular Ultra-Low Noise ATX Power Supply - ATX 3.0 & PCIe 5.0 Compliant - Fluid Dynamic Bearing Fan- 80 Plus Platinum Efficiency - Black (Renewed),162.17,47.0,2026-10-03,4.0,13,https://www.amazon.com/Corsair-HX1000i-Modular-Ultra-Low-Supply/dp/B0DNNNM1ZB,0.0,47.0
20261003_050925,2026-10-03T05:30:52.930257+00:00,amazon_usa,PSU,B096KCD9LD,"1000W Power Supply 80+ Gold Full Modular PSU, ATX 3.0 & PCIE 5.0, ES1000",81.09,23.5,2026-10-03,4.0,712,https://www.amazon.com/Pystar-1000W-Supply-Modular-ES1000/dp/B096KCD9LD,0.0,23.5
20261003_050925,2026-10-03T05:30:52.930257+00:00,amazon_usa,PSU,B0GF9JXFKB,"be quiet! Power Zone 2 1200W Power Supply, 80 Plus and Cybenetics Platinum",202.65,58.73,2026-10-03,4.8,14,https://www.amazon.com/quiet-Power-1200W-Platinum-Supply/dp/B0GF9JXFKB,0.0,58.73
20261003_050925,2026-10-03T05:30:52.930257+00:00,amazon_usa,PSU,B0DNLPGGDT,ASRock Steel Legend SL-1000GW 1000W 80 Plus Gold & Cybenetics Platinum Full Modular Power Supply ATX3.1 PCIe5.1 Ready with Dual Color 12V-2x6 Cable 10 Years Warranty White Edition Japanese Capacitor,106.41,30.84,2026-10-03,4.8,38,https://www.amazon.com/ASRock-SL-1000GW-Cybenetics-Platinum-Capacitor/dp/B0DNLPGGDT,0.0,30.84
20261003_050925,2026-10-03T05:30:52.930257+00:00,amazon_usa,PSU,B0F2TQ57HY,"be quiet! Pure Power 12 1000W Gaming PSU, 80 Plus Gold, ATX 3.1, 12V-Rail",111.42,32.29,2026-10-03,4.6,22,https://www.amazon.com/quiet-Performance-12V-Rail-BP005US-Warranty/dp/B0F2TQ57HY,0.0,32.29
20261003_050925,2026-10-03T05:30:52.930257+00:00,amazon_usa,PSU,B0FN7G2BWB,"LIAN LI SP1000P 1000W SFX Power Supply, 80 Plus Platinum, White (SP1000P.W)",187.5,54.34,2026-10-03,4.2,22,https://www.amazon.com/SP1000P-1000W-Supply-Platinum-SP1000P-W/dp/B0FN7G2BWB,0.0,54.34
20261003_050925,2026-10-03T05:30:52.930257+00:00,amazon_usa,PSU,B0H2M7762P,"COUGAR GR1000W 1000W Power Supply - 80 Plus Gold, ATX 3.1 & PCIe 5.1 Ready",104.41,30.26,2026-10-03,4.7,16,https://www.amazon.com/COUGAR-GR1000W-1000W-Power-Supply/dp/B0H2M7762P,0.0,30.26
20261003_050925,2026-10-03T05:30:52.930257+00:00,amazon_usa,PSU,B0CB9MSJ5N,"MSI MAG A850GL PCIE5, Fully Modular Compact Gaming 850W Power Supply, 80+ Gold, ATX 3.1 & PCIe 5.1 Ready, Native Dual-Color 12V-2x6 Cable, 10 Year Warranty",111.49,32.31,2026-10-03,4.4,2000,https://www.amazon.com/A850GL-Modular-Compact-Dual-Color-Warranty/dp/B0CB9MSJ5N,0.0,32.31
20261003_050925,2026-10-03T05:30:52.930257+00:00,amazon_usa,PSU,B0FN7FJ2CM,"LIAN LI SP1000P 1000W SFX Power Supply, 80 Plus Platinum, Black (SP1000P.B)",187.5,54.34,2026-10-03,4.4,48,https://www.amazon.com/SP1000P-1000W-Supply-Platinum-SP1000P-B/dp/B0FN7FJ2CM,0.0,54.34
20261003_050925,2026-10-03T05:30:52.930257+00:00,amazon_usa,PSU,B0D5HT2L96,Corsair SF1000 (2024) Fully Modular Low Noise 80 Plus Platinum ATX Power Supply – ATX 3.1 Compliant – PCIe 5.1 Ready – SFX-to-ATX Bracket Included – Black,225.01,65.21,2026-10-03,4.8,45,https://www.amazon.com/CORSAIR-SF1000-Modular-Platinum-Supply/dp/B0D5HT2L96,32.0,97.21
20261003_050925,2026-10-03T05:30:52.930257+00:00,amazon_usa,PSU,B0CD8CQ4D2,"Apevia ATX-MT1000W Mystic 1000W Fully Modular 80+ Platinum Certified, PCIe 5.0 & ATX 3.0 Ready Active PFC ATX RGB Gaming Power Supply, Includes Gen 5 12VHPWR Connector & 366 RGB Light Modes",101.34,29.37,2026-10-03,4.6,13,https://www.amazon.com/Apevia-ATX-MT1000W-Platinum-Certified-Connector/dp/B0CD8CQ4D2,0.0,29.37
20261003_050925,2026-10-03T05:30:52.930257+00:00,amazon_usa,PSU,B0D28HRHSG,Thermaltake Toughpower SFX Form Factor 1000W 80+ Platinum Power Supply (PCI-E 5.1/ATX 3.1 Standard); 600W 12V-2x6 Connector Included; Full Modular; 90mm FDB Fan; 7 Year Warranty; PS-STP-1000FNFAPU-1,202.72,58.75,2026-10-03,4.1,245,https://www.amazon.com/Thermaltake-Toughpower-Platinum-Connector-PS-STP-1000FNFAPU-1/dp/B0D28HRHSG,0.0,58.75
20261003_050925,2026-10-03T05:30:52.930257+00:00,amazon_usa,PSU,B0FK3826VH,Thermaltake Toughpower GT 1000W; ATX 3.1; Native PCIe 5.1 12V-2x6; Full Modular; Flat Cables; Color Matched Connectors; Japanese Main Capacitors; 80 Plus Gold; 140mm; Black; PS-TPT-1000FNFAGU-3,139.88,40.54,2026-10-03,3.9,103,https://www.amazon.com/Thermaltake-Toughpower-Connectors-Capacitors-PS-TPT-1000FNFAGU-3/dp/B0FK3826VH,0.0,40.54
20261003_050925,2026-10-03T05:30:52.930257+00:00,amazon_usa,PSU,B09NTQ8TZJ,MSI MPG A1000G PCIE 5 & ATX 3.0 Gaming Power Supply - Full Modular - 80 Plus Gold Certified 1000W - 100% Japanese 105°C Capacitors - Compact Size - ATX PSU,202.72,58.75,2026-10-03,4.6,203,https://www.amazon.com/MSI-A1000G-Gaming-Power-Supply/dp/B09NTQ8TZJ,0.0,58.75
20261003_050925,2026-10-03T05:30:52.930257+00:00,amazon_usa,PSU,B0C7TRJGL5,SAMA XP850 850W Platinum ATX 3.0 PCIe 5.0 Fully Modular Power Supply Black,81.09,23.5,2026-10-03,4.7,16,https://www.amazon.com/SAMA-Platinum-PCIE5-0-Voltage-12VHPWR/dp/B0C7TRJGL5,0.0,23.5
20261003_050925,2026-10-03T05:30:52.930257+00:00,amazon_usa,PSU,B0GZYVGCFY,"SilverStone Technology HELA 1000Rz 80 Plus Platinum 1000W ATX 3.1 & PCIe 5 Fully Modular ATX Power Supply, SST-HA1000R-PM",218.93,63.45,2026-10-03,5.0,3,https://www.amazon.com/SilverStone-Technology-Platinum-Modular-SST-HA1000R-PM/dp/B0GZYVGCFY,0.0,63.45
20261003_050925,2026-10-03T05:30:52.930257+00:00,amazon_usa,PSU,B0DN15R9WR,"LIAN LI Edge Gold 1000W ATX 3.1 PSU, 80 Plus Gold, White (EG1000G.WH)",150.79,43.7,2026-10-03,4.7,196,https://www.amazon.com/Lian-Li-Edge-Serie-EG1000G-WH/dp/B0DN15R9WR,0.0,43.7
20261003_050925,2026-10-03T05:30:52.930257+00:00,amazon_usa,PSU,B0GY1ZXHW3,"MSI MAG A1000PLS PCIE5, Fully Modular Gaming 1000W Power Supply, 80+ Platinum, Native 12V-2x6 Cables, GPU Safeguard, 105°C Main Capacitor, Fan Safeguard, ATX 3.1 & PCIe 5.1 Ready, 10 Year Warranty",178.39,51.7,2026-10-03,5.0,14,https://www.amazon.com/A1000PLS-Platinum-Safeguard-Capacitor-Warranty/dp/B0GY1ZXHW3,0.0,51.7
20261003_050925,2026-10-03T05:30:52.930257+00:00,amazon_usa,PSU,B0H84ZZFM6,ASUS ROG Strix 1200W Platinum III Power Supply(ROG Equalizer 12V-2x6 Cable),309.16,89.6,2026-10-03,3.8,5,https://www.amazon.com/ASUS-Platinum-Supply-Equalizer-12V-2x6/dp/B0H84ZZFM6,0.0,89.6
20261003_050925,2026-10-03T05:30:52.930257+00:00,amazon_usa,PSU,B0DLFKRJDC,Seasonic Focus GX-1000 1000W Power Supply ATX 3.1 & PCIe 5.1 Ready,201.72,58.46,2026-10-03,4.8,209,https://www.amazon.com/Seasonic-Focus-ATX-3-1-Cybenetics/dp/B0DLFKRJDC,0.0,58.46
20261003_050925,2026-10-03T05:30:52.930257+00:00,amazon_usa,PSU,B0BTK87TBN,"Apevia ATX-PR1000W PCIe 5.0 & ATX 3.0 Ready Prestige 1000W 80+ Gold Certified, Gen 5 12VHPWR GPU Connector, Active PFC ATX Gaming Power Supply",81.09,23.5,2026-10-03,4.2,80,https://www.amazon.com/Apevia-ATX-PR1000W-Certified-Connector-Compliance/dp/B0BTK87TBN,0.0,23.5
20261003_050925,2026-10-03T05:30:57.004161+00:00,amazon_usa,PSU,B0DHYRB6C3,"ASUS TUF Gaming 1000W Gold White Edition (1000 Watt, Fully Modular Power Supply, 80+ Gold Certified, Military-Grade Components, Dual Ball Bearing, Axial-tech Fan, PCB Coating, 10 Year Warranty)",194.61,56.4,2026-10-03,4.7,114,https://www.amazon.com/ASUS-Certified-Military-Grade-Components-Axial-tech/dp/B0DHYRB6C3,0.0,56.4
20261003_050925,2026-10-03T05:30:57.004161+00:00,amazon_usa,PSU,B0FLGMTSRQ,"CORSAIR RM1000x ATX 3.1 PCIe 5.1 Ready Fully Modular 1000W Power Supply – Low-Noise, Cybenetics Gold Efficiency, Native 12V-2x6 Connector – Black",187.5,54.34,2026-10-03,4.7,282,https://www.amazon.com/CORSAIR-RM1000x-Ready-Modular-Supply/dp/B0FLGMTSRQ,0.0,54.34
20261003_050925,2026-10-03T05:30:57.004161+00:00,amazon_usa,PSU,B0DTY7T8GP,"Super Flower Leadex III 1000W Power Supply, ATX 3.1 PCIe 5.1, Black",152.03,44.06,2026-10-03,4.3,23,https://www.amazon.com/Super-Flower-Leadex-1000W-Supply/dp/B0DTY7T8GP,0.0,44.06
20261003_050925,2026-10-03T05:30:57.004161+00:00,amazon_usa,PSU,B0CYTLHS3V,"Super Flower Leadex VII XG 1000W Power Supply, ATX 3.1 PCIe 5.1, White",141.92,41.13,2026-10-03,3.7,8,https://www.amazon.com/Super-Flower-Leadex-1000W-Supply/dp/B0CYTLHS3V,0.0,41.13
20261003_050925,2026-10-03T05:30:57.004161+00:00,amazon_usa,PSU,B0GBVK5VCZ,Enermax Revolution III S 1000W | Fully-Modular ATX 3.1 Power Supply | 80 Plus Platinum | 120mm FDB Fan w/ECO Mode | 105°C Japanese Capacitors | Black,141.92,41.13,2026-10-03,0.0,0,https://www.amazon.com/Enermax-Revolution-Fully-Modular-Platinum-Capacitors/dp/B0GBVK5VCZ,0.0,41.13
20261003_050925,2026-10-03T05:30:57.004161+00:00,amazon_usa,PSU,B0CLN7CC36,"HIGH POWER PC Computer Power Supply Fully Modular 1000W 80 Plus Gold Certified ATX 3.0 & PCIE-5.0 Compliant, High-Performance, Efficiency, and Reliability. Active PFC, and All Protections",146.96,42.59,2026-10-03,3.7,7,https://www.amazon.com/Power-Supply-High-Performance-Reliability-Protections/dp/B0CLN7CC36,0.0,42.59
20261003_050925,2026-10-03T05:30:57.004161+00:00,amazon_usa,PSU,B0BRN2YG7F,"Vetroo 1000W White Power Supply, ATX 3.1 Ready & Dual PCIe 5.1",101.34,29.37,2026-10-03,4.1,392,https://www.amazon.com/Vetroo-Modular-Japanese-Capacitors-Warranty/dp/B0BRN2YG7F,0.0,29.37
20261003_050925,2026-10-03T05:30:57.004161+00:00,amazon_usa,PSU,B0FXNV6Y7H,"MSI MAG A1000GL PCIE5 White, Fully Modular Compact Gaming 1000W Power Supply, 80+ Gold, ATX 3.1 & PCIe 5.1 Ready, Native Dual-Color 12V-2x6 Cable, Low-Noise, Embossed Jacket Cables, 10 Year Warranty",146.96,42.59,2026-10-03,5.0,33,https://www.amazon.com/MAG-A1000GL-PCIE5-White-Dual-Color/dp/B0FXNV6Y7H,0.0,42.59
20261003_050925,2026-10-03T05:30:57.004161+00:00,amazon_usa,PSU,B0BTJYYTGM,GIGABYTE GP-UD1000GM PG5 Rev2.0 - PCIe5.0 Ready - ATX3.0-1000W 80 Plus Gold Certified - Fully Modular Power Supply,145.96,42.3,2026-10-03,3.9,131,https://www.amazon.com/GIGABYTE-GP-UD1000GM-PG5-Certified-Modular/dp/B0BTJYYTGM,0.0,42.3
20261003_050925,2026-10-03T05:30:57.004161+00:00,amazon_usa,PSU,B0FMCFQLXQ,"ASUS ROG Strix 1000W Platinum White Edition (Fully Modular Power Supply, 80 Plus Platinum Certified, ATX 3.1, GaN MOSFET, “GPU-First” Patented-Intelligent Voltage Stabilizer, 10-Year Warranty)",253.4,73.44,2026-10-03,4.5,76,https://www.amazon.com/ASUS-Certified-GPU-First-Patented-Intelligent-Stabilizer/dp/B0FMCFQLXQ,0.0,73.44
20261003_050925,2026-10-03T05:30:57.004161+00:00,amazon_usa,PSU,B0C571R3V8,Seasonic Vertex PX-1000 1000W Power Supply ATX 3.1 & PCIe 5.1 Ready,273.69,79.32,2026-10-03,4.6,80,https://www.amazon.com/Seasonic-Vertex-ATX-3-1-Cybenetics/dp/B0C571R3V8,0.0,79.32
20261003_050925,2026-10-03T05:30:57.004161+00:00,amazon_usa,PSU,B0HC4KNGGX,"Cooler Master Elite Platinum 1000W Power Supply, PCIe 5.1 Ready",152.03,44.06,2026-10-03,0.0,0,https://www.amazon.com/Cooler-Master-Elite-Platinum-Supply/dp/B0HC4KNGGX,0.0,44.06
20261003_050925,2026-10-03T05:30:57.004161+00:00,amazon_usa,PSU,B0CT3XNCZ9,"msi MAG A1000GL PCIE5, Fully Modular Compact Gaming 1000W Power Supply, 80+ Gold, ATX 3.1 & PCIe 5.1 Ready, Native Dual-Color 12V-2x6 Cable, 10 Year Warranty",131.77,38.19,2026-10-03,4.3,325,https://www.amazon.com/A1000GL-Modular-Compact-Dual-Color-Warranty/dp/B0CT3XNCZ9,0.0,38.19
20261003_050925,2026-10-03T05:30:57.004161+00:00,amazon_usa,PSU,B0CKM1JX4S,GIGABYTE GP-UD850GM PG5W - PCIe5.0 Ready - ATX3.0-850W 80 Plus Gold Certified - Fully Modular Power Supply - Japanese Capacitors,121.63,35.25,2026-10-03,4.1,18,https://www.amazon.com/GIGABYTE-GP-UD850GM-PG5W-Modular-Gaming/dp/B0CKM1JX4S,0.0,35.25
20261003_050925,2026-10-03T05:30:57.004161+00:00,amazon_usa,PSU,B0941WP4XB,Apevia ATX-GX1000W Galaxy 1000W (No PCIe 5.0 & No Gen 5 12VHPWR Connector) 80+ Gold Certified Active PFC ATX Semi-Modular Gaming Power Supply,77.02,22.32,2026-10-03,4.0,125,https://www.amazon.com/Apevia-ATX-GX1000W-Galaxy-Certified-Semi-Modular/dp/B0941WP4XB,0.0,22.32
20261003_050925,2026-10-03T05:30:57.004161+00:00,amazon_usa,PSU,B0HHKRKNMX,Corsair SF1000 SFX Power Supply CP-9020257-NA Black (Renewed),139.88,40.54,2026-10-03,0.0,0,https://www.amazon.com/Corsair-SF1000-Supply-CP-9020257-NA-Renewed/dp/B0HHKRKNMX,0.0,40.54
20261003_050925,2026-10-03T05:30:57.004161+00:00,amazon_usa,PSU,B0FLFGGDK3,CORSAIR RM750e ATX 3.1 PCIe 5.1 Ready 750W Power Supply – Black,91.23,26.44,2026-10-03,4.6,477,https://www.amazon.com/CORSAIR-RM750e-Ready-Modular-Supply/dp/B0FLFGGDK3,0.0,26.44
20261003_050925,2026-10-03T05:30:57.004161+00:00,amazon_usa,PSU,B0DKVBFVL6,"MONTECH Titan PLA 750W Power Supply, Fully Modular 80 Plus Platinum, White",201.72,58.46,2026-10-03,4.9,19,https://www.amazon.com/Montech-Titan-High-End-Gaming-Supply/dp/B0DKVBFVL6,0.0,58.46
20261003_050925,2026-10-03T05:30:57.004161+00:00,amazon_usa,PSU,B0C9553MFX,MSI MPG A1000G PCIE 5 & ATX 3.0 Gaming Power Supply - Full Modular - 80 Plus Gold Certified 1000W - 100% Japanese 105°C Capacitors - Compact Size - ATX PSU (Renewed),91.23,26.44,2026-10-03,4.5,44,https://www.amazon.com/MSI-A1000G-Gaming-Power-Supply/dp/B0C9553MFX,0.0,26.44
20261003_050925,2026-10-03T05:30:57.004161+00:00,amazon_usa,PSU,B0B434DB7Y,msi MPG 1000W 80+ Gold Power Supply - 1000W 80+ Gold - 100% Japanese Capacitors - Compatible with PCIe 5.0 Graphics Cards - 1 Fan(s),202.72,58.75,2026-10-03,4.6,1900,https://www.amazon.com/MSI-A1000G-Gaming-Power-Supply/dp/B0B434DB7Y,0.0,58.75
20261003_050925,2026-10-03T05:30:57.004161+00:00,amazon_usa,PSU,B0CC3QBGDL,"MSI MAG A750GL PCIE5, Fully Modular Compact Gaming 750W Power Supply, 80+ Gold, ATX 3.1 & PCIe 5.1 Ready, Native Dual-Color 12V-2x6 Cable, 10 Year Warranty",91.23,26.44,2026-10-03,4.6,1400,https://www.amazon.com/Modular-Compact-Dual-Color-12V-2x6-Warranty/dp/B0CC3QBGDL,0.0,26.44
20261003_050925,2026-10-03T05:30:57.004161+00:00,amazon_usa,PSU,B0DJ1M9C62,CORSAIR RM1000x ATX 3.1 PCIe 5.1 1000W Power Supply – Black,187.5,54.34,2026-10-03,4.5,783,https://www.amazon.com/CORSAIR-RM1000x-Modular-Low-Noise-Supply/dp/B0DJ1M9C62,0.0,54.34
20261003_050925,2026-10-03T05:30:57.004161+00:00,amazon_usa,PSU,B08H21FRHR,ASUS ROG Thor 1000W Platinum III Power Supply,463.13,134.22,2026-10-03,4.5,24,https://www.amazon.com/ASUS-1000W-Platinum-Power-Supply/dp/B08H21FRHR,32.0,166.22
20261003_050925,2026-10-03T05:31:01.406671+00:00,amazon_usa,PSU,B0BDKRZM62,"ARESGAME AGT Series 1000W Power Supply, 80+ Gold Certified, Fully Modular, FDB Fan, Compact 140mm Size, 10 Year Warranty, ATX Gaming Power Supply",91.23,26.44,2026-10-03,3.8,403,https://www.amazon.com/ARESGAME-Certified-Modular-Compact-Warranty/dp/B0BDKRZM62,0.0,26.44
20261003_050925,2026-10-03T05:31:01.406671+00:00,amazon_usa,PSU,B0DL78MJMY,GIGABYTE GP-AE1000PM PG5 ICE - PCIe5.1 Ready - ATX3.1-1000W 80 Plus Platinum Certified - Fully Modular Power Supply,295.88,85.75,2026-10-03,3.5,7,https://www.amazon.com/GIGABYTE-GP-AE1000PM-PG5-ICE-ATX3-1-1000W/dp/B0DL78MJMY,32.0,117.75
20261003_050925,2026-10-03T05:31:01.406671+00:00,amazon_usa,PSU,B0GJ8F8NVW,"1000W ATX 3.1 Fully Modular Power Supply, 80 Plus Gold Certified, PCIe 5.1 Ready with Native 12VHPWR Cable, High Efficiency Low-Noise PSU for Gaming & Workstations",101.34,29.37,2026-10-03,0.0,0,https://www.amazon.com/1000W-Certified-Efficiency-Low-Noise-Workstations/dp/B0GJ8F8NVW,0.0,29.37
20261003_050925,2026-10-03T05:31:01.406671+00:00,amazon_usa,PSU,B09SGQ9PPC,"ASUS ROG Thor 1000W Platinum II Fully Modular Power Supply with 1000W, 80+ Platinum, ROG Heatsinks, 135mm Fan, 0dB Mode, OLED Display, Aura Sync",364.89,105.75,2026-10-03,4.7,361,https://www.amazon.com/ASUS-Platinum-Modular-Certified-Heatsinks/dp/B09SGQ9PPC,0.0,105.75
20261003_050925,2026-10-03T05:31:01.406671+00:00,amazon_usa,PSU,B0C57132H5,Seasonic PRIME PX-1600 1600W Power Supply ATX 3.1 & PCIe 5.1 Ready,506.81,146.88,2026-10-03,4.4,105,https://www.amazon.com/Seasonic-PX-1600-Platinum-Warranty-SSR-1600PD2/dp/B0C57132H5,0.0,146.88
20261003_050925,2026-10-03T05:31:01.406671+00:00,amazon_usa,PSU,B0FF8F48PB,"MSI MAG A1000GLS PCIE5, Fully Modular Compact Gaming 1000W Power Supply, 80+ Gold, ATX 3.1 & PCIe 5.1 Ready, Native Dual-Color 12V-2x6 Embossed Jacket Cables, Low-Noise, 10 Year Warranty",141.92,41.13,2026-10-03,4.6,29,https://www.amazon.com/MAG-A1000GLS-PCIE5-Dual-Color-Low-Noise/dp/B0FF8F48PB,0.0,41.13
20261003_050925,2026-10-03T05:31:01.406671+00:00,amazon_usa,PSU,B0CC8JMDVH,be quiet! Straight Power 12 1500W ATX 3.1 PCIe 5.0 80+ Platinum PSU,258.37,74.88,2026-10-03,4.5,109,https://www.amazon.com/quiet-Straight-12-1500w-connectors-BN518/dp/B0CC8JMDVH,0.0,74.88
20261003_050925,2026-10-03T05:31:01.406671+00:00,amazon_usa,PSU,B0FRM2NPJ9,1000W Power Supply 80 Plus Gold ATX 3.1 & PCIe 5.1 Modular PSU 0-RPM Mode,81.09,23.5,2026-10-03,4.6,2,https://www.amazon.com/1000W-Power-Supply-PCIe-Ready/dp/B0FRM2NPJ9,0.0,23.5
20261003_050925,2026-10-03T05:31:01.406671+00:00,amazon_usa,PSU,B0C33H937C,"GAMEMAX Rampage Series, 1250W, Full Modular Power Supply, ATX 3.0 & PCIE 5.0 Ready, 80 Plus Platinum Certified, 105°C Japanese Caps, 135mm F.D.B Fan, 10 Year Warranty, GX1250, White",141.92,41.13,2026-10-03,4.4,69,https://www.amazon.com/GAMEMAX-Platinum-Certified-Japanese-Warranty/dp/B0C33H937C,0.0,41.13
20261003_050925,2026-10-03T05:31:01.406671+00:00,amazon_usa,PSU,B07N4RZRPY,Silverstone Technology 1000 Watt Fully Modular 80 Plus Platinum Power Supply in Ultra Compact 140mm in Depth ST1000-PTS,260.51,75.5,2026-10-03,4.3,43,https://www.amazon.com/SilverStone-Technology-Modular-Platinum-ST1000-PTS/dp/B07N4RZRPY,0.0,75.5
20261003_050925,2026-10-03T05:31:01.406671+00:00,amazon_usa,PSU,B0CDDMQ3NS,Apevia ATX-JP1000W PCIe 5.0 & ATX 3.0 80+ Bronze Power Supply with 12VHPWR,70.94,20.56,2026-10-03,4.0,28,https://www.amazon.com/Apevia-ATX-JP1000W-Certified-Connector-Compliance/dp/B0CDDMQ3NS,0.0,20.56
20261003_050925,2026-10-03T05:31:01.406671+00:00,amazon_usa,PSU,B0F1NF61BQ,CORSAIR HX1200i (2025) ATX 3.1 PCIe 5.1 Ready 1200W Power Supply – Black,280.91,81.41,2026-10-03,4.4,118,https://www.amazon.com/CORSAIR-HX1200i-Modular-Ultra-Low-12V-2x6/dp/B0F1NF61BQ,0.0,81.41
20261003_050925,2026-10-03T05:31:01.406671+00:00,amazon_usa,PSU,B0FST7CYPC,"ASRock PRO 750G Power Supply - 750W 80 Plus Gold Certified, ATX 3.1 & PCIe 5.1 Ready, Native 12V-2x6 Connector, 120mm Low-Noise Fan, 3-Year Warranty",55.73,16.15,2026-10-03,4.6,71,https://www.amazon.com/ASRock-PRO-750G-Power-Supply/dp/B0FST7CYPC,0.0,16.15
20261003_050925,2026-10-03T05:31:01.406671+00:00,amazon_usa,PSU,B0DNNZ9G46,ASRock PG 1600G ATX 3.1 1600W Power Supply PCle5.1 10 Years Warranty Fully Modular Japanese Capacitor Phantom Gaming PG-1600G 80 Plus Gold Cybenetics Platinum 12V-2x6 Cables,202.72,58.75,2026-10-03,4.5,78,https://www.amazon.com/ASRock-Warranty-Japanese-Capacitor-Cybenetics/dp/B0DNNZ9G46,0.0,58.75
20261003_050925,2026-10-03T05:31:01.406671+00:00,amazon_usa,PSU,B017ICWP82,"EVGA 210-GQ-1000-V1,1000 GQ, 80+ GOLD 1000W, Semi Modular, EVGA ECO Mode, 5 Year Warranty, Power Supply,Black",223.01,64.63,2026-10-03,4.7,1500,https://www.amazon.com/EVGA-Modular-Warranty-Supply-210-GQ-1000-V1/dp/B017ICWP82,0.0,64.63
20261003_050925,2026-10-03T05:31:01.406671+00:00,amazon_usa,PSU,B0BHJDQJNC,ASUS ROG Loki SFX-L 1000W Platinum Power Supply,269.59,78.13,2026-10-03,4.4,228,https://www.amazon.com/ASUS-SFX-L-1000W-Platinum-Supply/dp/B0BHJDQJNC,32.0,110.13
20261003_050925,2026-10-03T05:31:01.406671+00:00,amazon_usa,PSU,B0DZXKYWSH,CORSAIR RM1000e (2025) ATX 3.1 PCIe 5.1 Ready 1000W Power Supply – White,154.06,44.65,2026-10-03,4.7,95,https://www.amazon.com/CORSAIR-RM1000e-Modular-Low-Noise-12V-2x6/dp/B0DZXKYWSH,0.0,44.65
20261003_050925,2026-10-03T05:31:01.406671+00:00,amazon_usa,PSU,B0FJZ8TL82,GIGABYTE UD1000GM PG5 V2 ICE - 1000W 80 Plus Gold Certified - PCIe5.1 Ready - ATX3.1 - Fully Modular Power Supply (GP-UD1000GMPG5 ICE),152.03,44.06,2026-10-03,4.6,26,https://www.amazon.com/GIGABYTE-UD1000GM-PG5-ICE-GP-UD1000GMPG5/dp/B0FJZ8TL82,0.0,44.06
20261003_050925,2026-10-03T05:31:01.406671+00:00,amazon_usa,PSU,B08F1NFSG4,"Segotep GM850 850W Power Supply, 80 Plus Gold Certified, PCIe 5.1 & ATX 3.1",79.05,22.91,2026-10-03,4.5,796,https://www.amazon.com/Segotep-GM850-Power-Supply-PCIe/dp/B08F1NFSG4,0.0,22.91
20261003_050925,2026-10-03T05:31:01.406671+00:00,amazon_usa,PSU,B0D1HKSKSF,"Apevia ATX-PR1000W-WH PCIE 5.0 & ATX 3.0 Prestige 1000W 80+ Gold Rated, PCIE 5.0 / Gen 5 12VHPWR Connector, Active PFC ATX Gaming Power Supply White",81.09,23.5,2026-10-03,4.3,24,https://www.amazon.com/Apevia-ATX-PR1000W-WH-Prestige-12VHPWR-Connector/dp/B0D1HKSKSF,0.0,23.5
20261003_050925,2026-10-03T05:31:01.406671+00:00,amazon_usa,PSU,B0DJ6DGHCP,Thermaltake Toughpower GT 850W ATX 3.1 Standard Power Supply; 80 Plus Gold Efficiency; Smart Zero Fan; Native 450W PCIe 5.1 Connector; PS-TPT-0850FNFAGU-3; 5 Year Warranty,81.09,23.5,2026-10-03,4.5,561,https://www.amazon.com/Thermaltake-Toughpower-Efficiency-Connector-PS-TPT-0850FNFAGU-3/dp/B0DJ6DGHCP,0.0,23.5
20261003_050925,2026-10-03T05:31:01.406671+00:00,amazon_usa,PSU,B0DT2YZ775,ENERMAX Revolution III 1000 - Fully Modular PC Power Supply - 1000 Watts - 80 Plus Gold - 600W 12V-2x6 Connector - 100% Japanese Capacitors - Sleeved Cables - 10 Year Warranty,111.0,32.17,2026-10-03,3.8,7,https://www.amazon.com/ENERMAX-Revolution-III-1000-Capacitors/dp/B0DT2YZ775,0.0,32.17
20261003_050925,2026-10-03T05:31:01.406671+00:00,amazon_usa,PSU,B014W3EAX8,"Thermaltake Smart 700W 80+ White Certified PSU, Continuous Power with 120mm Ultra Quiet Fan, ATX 12V V2.3/EPS 12V Active PFC Power Supply PS-SPD-0700NPCWUS-W",55.73,16.15,2026-10-03,4.6,4400,https://www.amazon.com/Thermaltake-Certified-Continuous-Active-PS-SPD-0700NPCWUS-W/dp/B014W3EAX8,0.0,16.15
20261003_050925,2026-10-03T05:31:06.345836+00:00,amazon_usa,PSU,B0DBW2J5Q1,"1STPLAYER NGDP 1000W Fully Modular PSU, ATX 3.1 / PCI-E 5.1, 80 Plus Gold/PPLP Platinum, Low Noise FDB Fan with Zero RPM, Japanese Electrolyte Capacitor",151.03,43.77,2026-10-03,5.0,3,https://www.amazon.com/1STPLAYER-Platinum-Japanese-Electrolyte-Capacitor/dp/B0DBW2J5Q1,0.0,43.77
20261003_050925,2026-10-03T05:31:06.345836+00:00,amazon_usa,PSU,B01MZ8A8NW,"Corsair HX Series, HX1200, 1200 Watt, Fully Modular Power Supply, 80+ Platinum Certified, Model Number: CP-9020140-NA",319.31,92.54,2026-10-03,4.6,1100,https://www.amazon.com/CORSAIR-HX1200-Platinum-Certified-Modular/dp/B01MZ8A8NW,0.0,92.54
20261003_050925,2026-10-03T05:31:06.345836+00:00,amazon_usa,PSU,B0C9SBSMBJ,"Apevia ATX-PM1000W PCIe 5.0 & ATX 3.0 Ready Premier 1000W 80+ Gold Certified, Includes PCIe 5.0 / Gen 5 12VHPWR Connector, Active PFC ATX Semi-Modular Gaming Power Supply with 366 RGB Light Modes",78.05,22.62,2026-10-03,4.2,29,https://www.amazon.com/Apevia-ATX-PM1000W-Certified-Connector-Semi-Modular/dp/B0C9SBSMBJ,0.0,22.62
20261003_050925,2026-10-03T05:31:06.345836+00:00,amazon_usa,PSU,B0FNS5CG5Q,"Apevia ATX-SL1000W Soul 1000W Fully Modular Power Supply ATX 3.0 & 3.1 Compatible, PCIe 5.1 12V-2x6 Connector, ATX Active PFC, DC to DC Converter Design, 140mm Silent Fan, RoHS Compliance",70.94,20.56,2026-10-03,3.8,9,https://www.amazon.com/Apevia-ATX-SL1000W-Compatible-Connector-Compliance/dp/B0FNS5CG5Q,0.0,20.56
20261003_050925,2026-10-03T05:31:06.345836+00:00,amazon_usa,PSU,B0CQRMW82V,Superer-1000W Fully-Modular Power-Supply 80-Plus-Gold ATX-3.1,133.78,38.77,2026-10-03,5.0,1,https://www.amazon.com/Superer-1000W-Fully-Modular-Power-Supply-80-Plus-Gold-ATX-3-1/dp/B0CQRMW82V,0.0,38.77
20261003_050925,2026-10-03T05:31:06.345836+00:00,amazon_usa,PSU,B0G56BT8QR,"Phanteks AMP GH 1000W Platinum Power Supply, ATX 3.1 and PCIe 5.1 Platform, Fully Modular Individual Cables, Silent Fanless Mode (Black)",152.03,44.06,2026-10-03,1.0,2,https://www.amazon.com/Phanteks-Platinum-Platform-Modular-Individual/dp/B0G56BT8QR,0.0,44.06
20261003_050925,2026-10-03T05:31:06.345836+00:00,amazon_usa,PSU,B0G27P1X2Y,"Apevia Galaxy 1000W 80+ Gold ATX 3.1 Fully Modular Gaming PSU, PCIe 5.1 600W 12VHPWR, Japanese Caps, Silent 135mm FDB Fan, High-Wattage Power Supply for RTX 5070/5080/5090/40 Series & Dual GPU Builds",81.09,23.5,2026-10-03,3.9,16,https://www.amazon.com/Apevia-Modular-12VHPWR-Japanese-High-Wattage/dp/B0G27P1X2Y,0.0,23.5
20261003_050925,2026-10-03T05:31:06.345836+00:00,amazon_usa,PSU,B0HJ5DLXTH,"darkFlash UMT1000 1000W ATX 3.1 80 Plus Platinum Power Supply, Black",141.92,41.13,2026-10-03,0.0,0,https://www.amazon.com/darkFlash-UMT1000-1000W-Platinum-Supply/dp/B0HJ5DLXTH,0.0,41.13
20261003_050925,2026-10-03T05:31:06.345836+00:00,amazon_usa,PSU,B0CKHGR41P,AZZA PSAZ-1000P 80+ Platinum 1000W ATX 3.0 Power Supply,164.31,47.62,2026-10-03,0.0,0,https://www.amazon.com/AZZA-PSAZ-1000P-Platinum-1000W-Supply/dp/B0CKHGR41P,0.0,47.62
20261003_050925,2026-10-03T05:31:06.345836+00:00,amazon_usa,PSU,B0GTTZ5CZ4,Vetroo 1200W Power Supply 80 Plus Platinum & Cybenetics Platinum Certified,141.92,41.13,2026-10-03,5.0,9,https://www.amazon.com/Vetroo-Supply-Platinum-Cybenetics-Certified/dp/B0GTTZ5CZ4,0.0,41.13
20261003_050925,2026-10-03T05:31:06.345836+00:00,amazon_usa,PSU,B0D68VH8DR,"Cooler Master MWE Gold 850 V3 Power Supply, PCIe 5.1 Ready",146.96,42.59,2026-10-03,4.4,362,https://www.amazon.com/Cooler-Master-Efficiency-Zero-RPM-Hexagonal/dp/B0D68VH8DR,0.0,42.59
20261003_050925,2026-10-03T05:31:06.345836+00:00,amazon_usa,PSU,B0DLHG5K8B,be quiet! Power Zone 2 1000W,250.37,72.56,2026-10-03,4.8,171,https://www.amazon.com/quiet-Power-Zone-1000W/dp/B0DLHG5K8B,32.0,104.56
20261003_050925,2026-10-03T05:31:06.345836+00:00,amazon_usa,PSU,B0FBGRLZKT,GOLDEN FIELD 1050W Power Supply Platinum ATX 3.1 Full Modular 1000 Watt PSU,131.77,38.19,2026-10-03,4.4,12,https://www.amazon.com/GOLDEN-FIELD-Computer-Certified-Capacitors/dp/B0FBGRLZKT,0.0,38.19
20261003_050925,2026-10-03T05:31:06.345836+00:00,amazon_usa,PSU,B0CNJQ36H6,1000W Power Supply 80 Plus Gold Wide Voltage 100-240V Active PFC Gaming PSU,101.34,29.37,2026-10-03,3.8,39,https://www.amazon.com/Voltage-100-240V-Computer-Supplies-Non-Modular/dp/B0CNJQ36H6,0.0,29.37
20261003_050925,2026-10-03T05:31:06.345836+00:00,amazon_usa,PSU,B014W3EM2W,"Thermaltake Smart 500W 80+ White Certified PSU, Continuous Power with 120mm Ultra Quiet Cooling Fan, ATX 12V V2.3/EPS 12V Active PFC Power Supply PS-SPD-0500NPCWUS-W",40.54,11.75,2026-10-03,4.6,11000,https://www.amazon.com/Thermaltake-Certified-Continuous-cooling-PS-SPD-0500NPCWUS-W/dp/B014W3EM2W,0.0,11.75
20261003_050925,2026-10-03T05:31:06.345836+00:00,amazon_usa,PSU,B00EKJQM5E,"EVGA Supernova 1000 P2 80+ Platinum, 1000W ECO Mode Fully Modular NVIDIA SLI and Crossfire Ready 10 Year Warranty Power Supply 220-P2-1000-XR",395.32,114.57,2026-10-03,4.8,546,https://www.amazon.com/EVGA-Supernova-Platinum-Crossfire-220-P2-1000-XR/dp/B00EKJQM5E,0.0,114.57
20261003_050925,2026-10-03T05:31:06.345836+00:00,amazon_usa,PSU,B0CKY88GMT,"Thermaltake GF1 Fully Modular ATX 850W Power Supply - 80 Plus Gold - Ultra Quiet - Zero RPM, PS-TPD-0850FNFAGU-P",81.09,23.5,2026-10-03,4.4,771,https://www.amazon.com/Thermaltake-Fully-Modular-Power-Supply/dp/B0CKY88GMT,0.0,23.5
20261003_050925,2026-10-03T05:31:06.345836+00:00,amazon_usa,PSU,B087CDR14Z,Thermaltake Toughpower GX2 80+ Gold 600W SLI/Crossfire Ready Continuous Power ATX 12V V2.4/EPS V2.92 Non Modular Power Supply 5 Year Warranty PS-TPD-0600NNFAGU-2,60.8,17.62,2026-10-03,4.6,2100,https://www.amazon.com/Thermaltake-Toughpower-Crossfire-Continuous-PS-TPD-0600NNFAGU-2/dp/B087CDR14Z,0.0,17.62
20261003_050925,2026-10-03T05:31:06.345836+00:00,amazon_usa,PSU,B0B3S8HR8M,"Corsair HX1000i, HXi Series, 80 Plus Platinum Fully Modular Ultra-Low Noise ATX Digital Power Supply (Triple EPS12V Connectors, 140mm Fluid Dynamic Bearing Fan, Zero RPM Fan Mode) Black",253.4,73.44,2026-10-03,4.6,214,https://www.amazon.com/Corsair-HX1000i-Platinum-Ultra-Low-Connectors/dp/B0B3S8HR8M,0.0,73.44
20261003_050925,2026-10-03T05:31:06.345836+00:00,amazon_usa,PSU,B0CCG8S1VL,"ASUS ROG Strix 1000W Gold Aura Edition (Fully Modular Power Supply, 80+ Gold Certified, ATX 3.0, Cybenetics Lambda A+ Certification, PCIe Gen 5.0 Ready, Axial-tech Fan, Aura Sync, 10-Year Warranty)",217.93,63.16,2026-10-03,4.5,103,https://www.amazon.com/ASUS-Certified-Cybenetics-Certification-Axial-tech/dp/B0CCG8S1VL,0.0,63.16
20261003_050925,2026-10-03T05:31:06.345836+00:00,amazon_usa,PSU,B0BTTW2344,"FSP Hydro G PRO 1000W 80 Plus Gold Full Modular ATX 3.0 PCIe Gen 5,W/12VHPWR Cable, Power Supply 10 Years Warranty (HG2-1000M,Gen5)",228.84,66.32,2026-10-03,4.9,26,https://www.amazon.com/FSP-Modular-Warranty-HG2-1000-Gen5/dp/B0BTTW2344,0.0,66.32
20261003_050925,2026-10-03T05:31:06.345836+00:00,amazon_usa,PSU,B0FPG9K6ZD,CORSAIR RM1000x Shift ATX 3.1 PCIe 5.1 Ready 1000W Power Supply – Black,172.32,49.94,2026-10-03,4.8,35,https://www.amazon.com/CORSAIR-RM1000x-Shift-Modular-Supply/dp/B0FPG9K6ZD,0.0,49.94
20261003_050925,2026-10-03T05:31:06.345836+00:00,amazon_usa,PSU,B0832N5XF7,"Segotep 650W ATX Power Supply, 80 Plus Gold Certified",50.69,14.69,2026-10-03,4.6,862,https://www.amazon.com/Segotep-Supply-Certified-Gaming-Non-Modular/dp/B0832N5XF7,0.0,14.69
20261003_050925,2026-10-03T05:31:16.466586+00:00,amazon_usa,PSU,B0FSTHTLZT,"ASRock PRO 850G Power Supply - 850W 80 Plus Gold Certified, ATX 3.1 & PCIe 5.1 Ready, Native 12V-2x6 Connector, 120mm Low-Noise Fan, 3-Year Warranty",61.83,17.92,2026-10-03,4.8,74,https://www.amazon.com/ASRock-PRO-850G-Power-Supply/dp/B0FSTHTLZT,0.0,17.92
20261003_050925,2026-10-03T05:31:16.466586+00:00,amazon_usa,PSU,B0DPR86ZC8,CORSAIR RM850e (2025) ATX 3.1 PCIe 5.1 Ready 850W Power Supply – Black,117.56,34.07,2026-10-03,4.7,907,https://www.amazon.com/CORSAIR-RM850e-Modular-Low-Noise-12V-2x6/dp/B0DPR86ZC8,0.0,34.07
20261003_050925,2026-10-03T05:31:16.466586+00:00,amazon_usa,PSU,B0FBY3F1NT,"be quiet! Pure Power 13 M 850W Power Supply, 80+ Gold, Cybenetics Platinum",111.42,32.29,2026-10-03,4.6,190,https://www.amazon.com/quiet-Pure-Power-Fully-Modular/dp/B0FBY3F1NT,0.0,32.29
20261003_050925,2026-10-03T05:31:16.466586+00:00,amazon_usa,PSU,B0BBZSPJV5,"Redragon RGPS-850W 850 Watt 80+ Gold Fully Modular PSU, ATX 3.1 & PCIe 5.1",79.05,22.91,2026-10-03,4.5,590,https://www.amazon.com/Redragon-RGPS-850W-Watt-Fully-Modular/dp/B0BBZSPJV5,0.0,22.91
20261003_050925,2026-10-03T05:31:16.466586+00:00,amazon_usa,PSU,B09VXJG563,"Redragon RGPS-850W 850 Watt 80+ Gold Fully Modular PSU, ATX 3.1 & PCIe 5.1",81.09,23.5,2026-10-03,4.4,1000,https://www.amazon.com/Redragon-Modular-Certified-Japanese-Capacitors/dp/B09VXJG563,0.0,23.5
20261003_050925,2026-10-03T05:31:16.466586+00:00,amazon_usa,PSU,B0FDX2GDMQ,"850W Fully Modular Power Supply, 80+ Gold PSU, ATX 3.1 & PCIe 5.1 Ready, Native Dual-Color 12V-2x6 Cable, RGB Low-Noise Smart Fan, 105°C-Rated Capacitors, Black",81.09,23.5,2026-10-03,4.5,123,https://www.amazon.com/Auotac-Dual-Color-Low-Noise-105%C2%B0C-Rated-Capacitors/dp/B0FDX2GDMQ,0.0,23.5
20261003_050925,2026-10-03T05:31:16.466586+00:00,amazon_usa,PSU,B0F3XW1J16,MONTECH Century II 850W ATX 3.1 Fully Modular 80 Plus Gold Power Supply,91.13,26.41,2026-10-03,4.7,348,https://www.amazon.com/MONTECH-Century-II-High-End-Cybenetics/dp/B0F3XW1J16,0.0,26.41
20261003_050925,2026-10-03T05:31:16.466586+00:00,amazon_usa,PSU,B0GKFQJ1HL,"850W Fully Modular Power Supply, 80+ Gold Certified PSU | ATX 3.1 & PCIe 5.1 Ready | 12V-2x6 Connector | 140mm Low-Noise Fan | 105℃ Japanese Capacitors | Black PSU",70.94,20.56,2026-10-03,4.6,32,https://www.amazon.com/Certified-Connector-Low-Noise-Japanese-Capacitors/dp/B0GKFQJ1HL,0.0,20.56
20261003_050925,2026-10-03T05:31:16.466586+00:00,amazon_usa,PSU,B0BZX42XX2,ASUS TUF Gaming 850W Gold Power Supply,152.03,44.06,2026-10-03,4.7,279,https://www.amazon.com/ASUS-Gaming-850W-Power-Supply/dp/B0BZX42XX2,0.0,44.06
20261003_050925,2026-10-03T05:31:16.466586+00:00,amazon_usa,PSU,B0DGB1HF7C,ASRock Steel Legend White Edition SL-850GW 850W ATX 3.1 PCle 5.1 Full Modular 10 Years Warranty 135 mm FDB Fan iCOOL Intelligent Power Supply 80 Plus Gold Cybenetics Platinum 12V-2x6 Cable,86.16,24.97,2026-10-03,4.5,39,https://www.amazon.com/ASRock-SL-850GW-Warranty-Intelligent-Cybenetics/dp/B0DGB1HF7C,0.0,24.97
20261003_050925,2026-10-03T05:31:16.466586+00:00,amazon_usa,PSU,B0FFQN6344,"Rosewill VMG 850W 80+ Gold, ATX 3.0 & 3.1 Compatible, Full Modular Low-Noise Power Supply, PCIe 5.1 12V-2x6 Connector, 100% Japanese Electrolytic Capacitor, 120mm FDB Silent Fan - 5 Year Warranty",91.23,26.44,2026-10-03,4.4,169,https://www.amazon.com/Rosewill-Compatible-Low-Noise-Connector-Electrolytic/dp/B0FFQN6344,0.0,26.44
20261003_050925,2026-10-03T05:31:16.466586+00:00,amazon_usa,PSU,B0FQ69SSM9,"NZXT C850 Gold Core - 850W ATX 3.1 Power Supply, 80+ Gold",111.49,32.31,2026-10-03,4.8,122,https://www.amazon.com/NZXT-C850-Gold-Core-Cybenetics/dp/B0FQ69SSM9,0.0,32.31
20261003_050925,2026-10-03T05:31:16.466586+00:00,amazon_usa,PSU,B0CT41HW5J,"MSI MAG A850GL PCIE5 White, Fully Modular Compact Gaming 850W Power Supply, 80+ Gold, ATX 3.1 & PCIe 5.1 Ready, Native Dual-Color 12V-2x6 Cable, 10 Year Warranty",121.63,35.25,2026-10-03,4.6,301,https://www.amazon.com/Modular-Compact-Dual-Color-12V-2x6-Warranty/dp/B0CT41HW5J,0.0,35.25
20261003_050925,2026-10-03T05:31:16.466586+00:00,amazon_usa,PSU,B08M9M6DB9,"Cooler Master MWE Gold 850 V2 Power Supply, Fully Modular",101.34,29.37,2026-10-03,4.4,2100,https://www.amazon.com/Cooler-Master-Efficiency-Connectors-Semi-fanless/dp/B08M9M6DB9,0.0,29.37
20261003_050925,2026-10-03T05:31:16.466586+00:00,amazon_usa,PSU,B0CPR29L4K,ASUS Prime 850W Gold Power Supply,134.81,39.07,2026-10-03,4.7,186,https://www.amazon.com/ASUS-Compatible-Certified-Bearings-Warranty/dp/B0CPR29L4K,0.0,39.07
20261003_050925,2026-10-03T05:31:16.466586+00:00,amazon_usa,PSU,B0DMBBV4BD,Thermaltake Toughpower GT 850W Snow ATX 3.1 Power Supply; 80 Plus Gold Efficiency; Smart Zero Fan; Native 600W PCIe 5.1 Connector; PS-TPT-0850FNFAGU-W; 5 Year Warranty,101.34,29.37,2026-10-03,4.5,561,https://www.amazon.com/Thermaltake-Toughpower-Efficiency-Connector-PS-TPT-0850FNFAGU-W/dp/B0DMBBV4BD,0.0,29.37
20261003_050925,2026-10-03T05:31:16.466586+00:00,amazon_usa,PSU,B0FLFGG1CC,"CORSAIR RM850x ATX 3.1 PCIe 5.1 Ready Fully Modular 850W Power Supply – Low-Noise, Cybenetics Gold Efficiency, Native 12V-2x6 Connector – Black",141.92,41.13,2026-10-03,4.7,220,https://www.amazon.com/CORSAIR-RM850x-Ready-Modular-Supply/dp/B0FLFGG1CC,0.0,41.13
20261003_050925,2026-10-03T05:31:16.466586+00:00,amazon_usa,PSU,B0F2TP2XGY,"be quiet! Pure Power 12 850W Gaming PSU, 80 Plus Gold, ATX 3.1, 12V-Rail",91.13,26.41,2026-10-03,4.6,29,https://www.amazon.com/quiet-Performance-12V-Rail-BP004US-Warranty/dp/B0F2TP2XGY,0.0,26.41
20261003_050925,2026-10-03T05:31:20.271790+00:00,amazon_usa,PSU,B0BF5FCB5D,"ARESGAME AGT Series 850W Power Supply, 80+ Gold Certified, Fully Modular, FDB Fan, Compact 140mm Size, 10 Year Warranty, ATX Gaming Power Supply",78.05,22.62,2026-10-03,4.2,255,https://www.amazon.com/ARESGAME-Certified-Modular-Compact-Warranty/dp/B0BF5FCB5D,0.0,22.62
20261003_050925,2026-10-03T05:31:20.271790+00:00,amazon_usa,PSU,B0CVF91CH5,"MSI MAG A850GL PCIE5, Fully Modular Compact Gaming 850W Power Supply, 80+ Gold, ATX 3.1 & PCIe 5.1 Ready, Native Dual-Color 12V-2x6 Cable, 10 Year Warranty",76.01,22.03,2026-10-03,4.5,52,https://www.amazon.com/Modular-Compact-Dual-Color-12V-2x6-Warranty/dp/B0CVF91CH5,0.0,22.03
20261003_050925,2026-10-03T05:31:20.271790+00:00,amazon_usa,PSU,B0FJLNZDKJ,"PCCOOLER KN850 850W ATX 3.1 Fully Modular Power Supply, 80 Plus Gold",84.12,24.38,2026-10-03,4.1,127,https://www.amazon.com/PCCOOLER-KN850-Fully-Modular-Supply/dp/B0FJLNZDKJ,0.0,24.38
20261003_050925,2026-10-03T05:31:20.271790+00:00,amazon_usa,PSU,B08LP6WS35,"Cooler Master V850 SFX Gold ITX SFF Power Supply, PCIe 5.1 Ready",152.03,44.06,2026-10-03,4.4,1200,https://www.amazon.com/Cooler-Master-Efficiency-Included-Warranty/dp/B08LP6WS35,0.0,44.06
20261003_050925,2026-10-03T05:31:20.271790+00:00,amazon_usa,PSU,B0DNLDJJ96,ASRock Steel Legend SL-850G 850W 80 Plus Gold & Cybenetics Platinum Full Modular Power Supply ATX3.1 PCIe5.1 Ready with Dual Color 12V-2x6 Cable 10 Years Warranty 135 mm FDB Fan Japanese Capacitor,81.09,23.5,2026-10-03,4.5,42,https://www.amazon.com/ASRock-Cybenetics-Platinum-Warranty-Capacitor/dp/B0DNLDJJ96,0.0,23.5
20261003_050925,2026-10-03T05:31:20.271790+00:00,amazon_usa,PSU,B0DP2LBPPY,"Vetroo White 850W Power Supply, Dual PCIe 5.1 ATX 3.1 Ready",81.09,23.5,2026-10-03,4.2,177,https://www.amazon.com/Vetroo-White-Power-Supply-Ready/dp/B0DP2LBPPY,0.0,23.5
20261003_050925,2026-10-03T05:31:20.271790+00:00,amazon_usa,PSU,B0D1VDTX8B,NZXT C850 Gold ATX 3.1-850W Fully Modular Power Supply,121.63,35.25,2026-10-03,4.7,448,https://www.amazon.com/NZXT-C850-Gold-ATX-3-1/dp/B0D1VDTX8B,0.0,35.25
20261003_050925,2026-10-03T05:31:20.271790+00:00,amazon_usa,PSU,B0CBQZFPL2,Thermaltake Toughpower GX3 850W; ATX 3.1; Native PCIe 5.1 12V-2x6; Flat Cables; 120mm Fan; 80 Plus Gold Certified; 5 Year Warranty; Black; PS-TPD-0850NNFAGU-3,101.34,29.37,2026-10-03,4.3,178,https://www.amazon.com/Thermaltake-Toughpower-Crossfire-Connector-PS-TPD-0850NNFAGU-3/dp/B0CBQZFPL2,0.0,29.37
20261003_050925,2026-10-03T05:31:20.271790+00:00,amazon_usa,PSU,B0DPFBV6QV,Seasonic CORE GX-850 850W Power Supply ATX 3.1 & PCIe 5.1 Ready,131.77,38.19,2026-10-03,4.8,73,https://www.amazon.com/Seasonic-ATX-3-1-Warranty-Cybenetics/dp/B0DPFBV6QV,0.0,38.19
20261003_050925,2026-10-03T05:31:20.271790+00:00,amazon_usa,PSU,B0D1VCY51R,NZXT C850 Gold ATX 3.1-850W Fully Modular Power Supply,126.7,36.72,2026-10-03,4.7,448,https://www.amazon.com/NZXT-C850-Gold-ATX-3-1/dp/B0D1VCY51R,0.0,36.72
20261003_050925,2026-10-03T05:31:20.271790+00:00,amazon_usa,PSU,B0DP2LJV3Z,"Vetroo Pink 850W Power Supply, Dual PCIe 5.1 ATX 3.1 Ready",86.16,24.97,2026-10-03,4.7,28,https://www.amazon.com/Vetroo-Pink-Power-Supply-Ready/dp/B0DP2LJV3Z,0.0,24.97
20261003_050925,2026-10-03T05:31:20.271790+00:00,amazon_usa,PSU,B0BTK946JB,"Apevia ATX-PR850W PCIe 5.0 & ATX 3.0 Ready Prestige 850W 80+ Gold Certified, Gen 5 12VHPWR Connector, Active PFC ATX Gaming Power Supply",70.94,20.56,2026-10-03,4.5,43,https://www.amazon.com/Apevia-ATX-PR850W-Certified-Connector-Compliance/dp/B0BTK946JB,0.0,20.56
20261003_050925,2026-10-03T05:31:20.271790+00:00,amazon_usa,PSU,B0DNNKX2S8,ASRock Challenger 850W Power Supply Auto iCOOL Intelligent Fan Control 120mm Golf Blade 5 Years Warranty CL-850G 80 Plus Gold Certified Non-Modular ATX3.1 PCIe5.1 12V-2x6 Cable,65.87,19.09,2026-10-03,5.0,10,https://www.amazon.com/ASRock-Challenger-Intelligent-Certified-Non-Modular/dp/B0DNNKX2S8,0.0,19.09
20261003_050925,2026-10-03T05:31:20.271790+00:00,amazon_usa,PSU,B0GRV3GFZS,"darkFlash DG850 850W 80 Plus Gold ATX 3.1 PCIe 5.1 PC Power Supply, Black",70.94,20.56,2026-10-03,4.6,31,https://www.amazon.com/darkFlash-DG850-Power-Supply-Black/dp/B0GRV3GFZS,0.0,20.56
20261003_050925,2026-10-03T05:31:20.271790+00:00,amazon_usa,PSU,B0DLFMTX12,Seasonic Focus GX-850 850W Power Supply ATX 3.1 & PCIe 5.1 Ready,162.17,47.0,2026-10-03,4.6,300,https://www.amazon.com/Seasonic-Focus-ATX-3-1-Cybenetics/dp/B0DLFMTX12,0.0,47.0
20261003_050925,2026-10-03T05:31:20.271790+00:00,amazon_usa,PSU,B0D7ZD9MLV,"darkFlash PMT850 850W 80 Plus Gold Fully Modular Power Supply, White",91.61,26.55,2026-10-03,4.7,190,https://www.amazon.com/darkFlash-PMT850-Included-Japanese-Capacitors/dp/B0D7ZD9MLV,0.0,26.55
20261003_050925,2026-10-03T05:31:20.271790+00:00,amazon_usa,PSU,B094282KV4,Apevia ATX-GX850W Galaxy 850W (No PCIe 5.0 & Gen 5 12VHPWR Connector) 80+ Gold Certified Active PFC ATX Semi-Modular Gaming Power Supply,66.91,19.39,2026-10-03,4.2,332,https://www.amazon.com/Apevia-ATX-GX850W-Galaxy-Certified-Semi-Modular/dp/B094282KV4,0.0,19.39
20261003_050925,2026-10-03T05:31:20.271790+00:00,amazon_usa,PSU,B0B1B1QZKP,"GAMEMAX RGB-850-SE, 850W 80Plus Gold Fully Modular RGB ATX Power Supply",78.05,22.62,2026-10-03,4.4,591,https://www.amazon.com/GAMEMAX-Supply-Modular-Motherboard-RGB-850/dp/B0B1B1QZKP,0.0,22.62
20261003_050925,2026-10-03T05:31:20.271790+00:00,amazon_usa,PSU,B0DPW7JKXZ,"850W Fully Modular Power Supply, 80 Plus Gold, White PSU - White",70.94,20.56,2026-10-03,4.2,30,https://www.amazon.com/POINWER-850W-PSU-Capacitors-Workstations/dp/B0DPW7JKXZ,0.0,20.56
20261003_050925,2026-10-03T05:31:20.271790+00:00,amazon_usa,PSU,B0DKXCRVGP,"LIAN LI Edge Gold 850W ATX 3.1 PSU, 80 Plus Gold, Black (EG0850G.B)",112.52,32.61,2026-10-03,4.8,57,https://www.amazon.com/Lian-Li-Edge-Connector-EG0850G-B/dp/B0DKXCRVGP,0.0,32.61
20261003_050925,2026-10-03T05:31:20.271790+00:00,amazon_usa,PSU,B0B4345YV7,"MSI MPG A850G PCIE5, Fully Modular Compact Gaming 850W Power Supply, 80+ Gold, Native 12V-2x6 Cable, 100% Japanese Capacitor, ATX 3.1 & PCIe 5.1 Ready, Low-Noise, 10 Year Warranty",134.81,39.07,2026-10-03,4.6,2900,https://www.amazon.com/MPG-A850G-Japanese-Capacitor-Low-Noise/dp/B0B4345YV7,0.0,39.07
20261003_050925,2026-10-03T05:31:24.448807+00:00,amazon_usa,PSU,B0DMYCCRV1,Corsair RM850e (2023) Fully Modular Low-Noise Power Supply - ATX 3.0 & PCIe 5.0 Compliant - 105°C-Rated Capacitors - 80 Plus Gold Efficiency - Modern Standby Support - Black (Renewed),76.33,22.12,2026-10-03,4.3,83,https://www.amazon.com/Corsair-RM850e-Modular-Low-Noise-Supply/dp/B0DMYCCRV1,0.0,22.12
20261003_050925,2026-10-03T05:31:24.448807+00:00,amazon_usa,PSU,B0C9SC89QK,"Apevia ATX-PM850W PCIe 5.0 ATX 3.0 Ready Premier 850W 80+ Gold Certified, Active PFC ATX Semi-Modular Gaming Power Supply, 366 RGB Light Modes",67.91,19.68,2026-10-03,4.2,29,https://www.amazon.com/Apevia-ATX-PM850W-Certified-Connector-Semi-Modular/dp/B0C9SC89QK,0.0,19.68
20261003_050925,2026-10-03T05:31:24.448807+00:00,amazon_usa,PSU,B0DJ1JL3MK,CORSAIR RM850x ATX 3.1 PCIe 5.1 750W Power Supply – Black,141.92,41.13,2026-10-03,4.7,778,https://www.amazon.com/CORSAIR-RM850x-Modular-Low-Noise-Supply/dp/B0DJ1JL3MK,0.0,41.13
20261003_050925,2026-10-03T05:31:24.448807+00:00,amazon_usa,PSU,B0CLMJ9CR1,"HIGH POWER 750W 80 Plus Gold Certified PC Power Supply ATX 3.1 Compatible & PCIe 5.1 Compliant, Active PFC with Whisper 120mm Fan for Quiet Operation, and Reliable Performance",86.16,24.97,2026-10-03,3.8,34,https://www.amazon.com/Certified-Power-Supply-Compatible-Performance/dp/B0CLMJ9CR1,0.0,24.97
20261003_050925,2026-10-03T05:31:24.448807+00:00,amazon_usa,PSU,B0FF7TGMD2,"MSI MAG A850GLS PCIE5, Fully Modular Compact Gaming 850W Power Supply, 80+ Gold, ATX 3.1 & PCIe 5.1 Ready, Native Dual-Color 12V-2x6 Embossed Jacket Cables, Low-Noise, 10 Year Warranty",141.92,41.13,2026-10-03,4.7,106,https://www.amazon.com/MAG-A850GLS-PCIE5-Dual-Color-Low-Noise/dp/B0FF7TGMD2,0.0,41.13
20261003_050925,2026-10-03T05:31:24.448807+00:00,amazon_usa,PSU,B0BTK4H5VS,GIGABYTE GP-UD850GM PG5 Rev2.0 - PCIe5.0 Ready - ATX3.0-850W 80 Plus Gold Certified - Fully Modular Power Supply,65.87,19.09,2026-10-03,4.5,52,https://www.amazon.com/GIGABYTE-GP-UD850GM-Rev2-0-Certified-Modular/dp/B0BTK4H5VS,0.0,19.09
20261003_050925,2026-10-03T05:31:24.448807+00:00,amazon_usa,PSU,B0DT6ZXQSZ,"GAMDIAS ATX 3.1 & PCIe 5.1 850W Bronze PSU, 850W Gaming Power Supply, 80+ Bronze ATX Gold 12V Power Supplies for Gaming PC Desktop Computers and Active PFC",91.23,26.44,2026-10-03,4.6,16,https://www.amazon.com/GAMDIAS-Bronze-Supplies-Desktop-Computers/dp/B0DT6ZXQSZ,0.0,26.44
20261003_050925,2026-10-03T05:31:24.448807+00:00,amazon_usa,PSU,B0FDX1G9WN,"850W Fully Modular Power Supply, 80+ Gold PSU, ATX 3.1 & PCIe 5.1 Ready, Native Dual-Color 12V-2x6 Cable, RGB Low-Noise Smart Fan, 105°C-Rated Capacitors, White",91.23,26.44,2026-10-03,4.5,123,https://www.amazon.com/Auotac-Dual-Color-Low-Noise-105%C2%B0C-Rated-Capacitors/dp/B0FDX1G9WN,0.0,26.44
20261003_050925,2026-10-03T05:31:24.448807+00:00,amazon_usa,PSU,B0DQ9PDT22,"MSI MPG A850GS PCIE5 Power Supply, 850W, 80 Plus Gold, ATX 3.1, PCIe 5.1 50 Series GPU Support, 12V-2x6, Cable with Two Tone 12V-2x6 Connectors, ATX Power Supply, Embossed Cable Sheath",111.49,32.31,2026-10-03,4.6,150,https://www.amazon.com/MSI-MPG-A850GS-PCIE5-Connectors/dp/B0DQ9PDT22,0.0,32.31
20261003_050925,2026-10-03T05:31:24.448807+00:00,amazon_usa,PSU,B0CLGLYDHM,"GAMEMAX 850W 80 Plus Gold Power Supply, ATX 3.0 & PCIE 5.0 Ready, 100% Japanese Capacitors, Fully Modular, ARGB SYNC with Motherboard, RGB-850 Pro, White Version",91.23,26.44,2026-10-03,4.4,52,https://www.amazon.com/GAMEMAX-Japanese-Capacitors-Modular-Motherboard/dp/B0CLGLYDHM,0.0,26.44
20261003_050925,2026-10-03T05:31:24.448807+00:00,amazon_usa,PSU,B0F997VW66,SAMA G850 ATX 3.1 Standard Fully Modular Gaming 850W Power Supply White,81.09,23.5,2026-10-03,4.9,27,https://www.amazon.com/SAMA-G850-Modular-Power-Supply/dp/B0F997VW66,0.0,23.5
20261003_050925,2026-10-03T05:31:24.448807+00:00,amazon_usa,PSU,B0DT2DVGFR,ENERMAX Revolution III 850 - Fully Modular PC Power Supply - 850 Watts - 80 Plus Gold - 600W 12V-2x6 Connector - 100% Japanese Capacitors - Sleeved Cables - 10 Year Warranty,96.79,28.05,2026-10-03,3.8,4,https://www.amazon.com/ENERMAX-Revolution-III-850-Capacitors/dp/B0DT2DVGFR,0.0,28.05
20261003_050925,2026-10-03T05:31:24.448807+00:00,amazon_usa,PSU,B0DMR2FB12,"FSP VITA GM 850W Power Supply, 80 Plus Gold, ATX3.1 PCIe 5.1 Ready PSU",131.77,38.19,2026-10-03,5.0,27,https://www.amazon.com/FSP-Power-Supply-Modular-VITA-850GM/dp/B0DMR2FB12,0.0,38.19
20261003_050925,2026-10-03T05:31:24.448807+00:00,amazon_usa,PSU,B0FBGRW29R,GOLDEN FIELD 850W Power Supply 80+ Gold Full Modular 850 Watt PC PSU ATX3.1,101.34,29.37,2026-10-03,4.6,12,https://www.amazon.com/GOLDEN-FIELD-Computer-Certified-Capacitors/dp/B0FBGRW29R,0.0,29.37
20261003_050925,2026-10-03T05:31:24.448807+00:00,amazon_usa,PSU,B0FCZS86VN,CORSAIR RM850x Shift Fully Modular ATX Power Supply - 80 Plus Gold - ATX 3.1 - PCIe 5.1 - Zero RPM - Modular Side Interface - White (Renewed),90.71,26.29,2026-10-03,4.3,22,https://www.amazon.com/CORSAIR-RM850x-Shift-Modular-Supply/dp/B0FCZS86VN,0.0,26.29
20261003_050925,2026-10-03T05:31:24.448807+00:00,amazon_usa,PSU,B0FJCS3H1G,"LIAN LI SP850 V2 850W SFX Power Supply, 80 Plus Gold, Black (SP850G.B)",145.96,42.3,2026-10-03,4.6,7,https://www.amazon.com/SP850-Power-Supply-Black-SP850G-B/dp/B0FJCS3H1G,0.0,42.3
20261003_050925,2026-10-03T05:31:24.448807+00:00,amazon_usa,PSU,B0FTLWLRZS,"ORA PRO G1 850W Gold PSU ATX 3.1, Fully Modular, Quiet, Black",88.09,25.53,2026-10-03,5.0,13,https://www.amazon.com/MOAIPLAY-Modular-12V-2x6-Cybenetics-Certified/dp/B0FTLWLRZS,0.0,25.53
20261003_050925,2026-10-03T05:31:24.448807+00:00,amazon_usa,PSU,B0D1HV9CHR,"Apevia ATX-PR850W-WH PCIE 5.0 & ATX 3.0 Prestige 850W 80+ Gold Rated, PCIE 5.0 / Gen 5 12VHPWR Connector, Active PFC ATX Gaming Power Supply White",70.94,20.56,2026-10-03,4.4,31,https://www.amazon.com/Apevia-ATX-PR850W-WH-Prestige-12VHPWR-Connector/dp/B0D1HV9CHR,0.0,20.56
20261003_050925,2026-10-03T05:31:24.448807+00:00,amazon_usa,PSU,B0C1JKHPNH,"Thermaltake Toughpower GF A3 850W, True 450W 12V-2x6 Connectors on PSU & NVIDIA RTX 50 Series, ATX 3.1/PCI-E 5.1, 80+ Gold, SLI/Crossfire Ready Power Supply, PS-TPD-0850FNFAGU-L, 10 Year Warranty",131.77,38.19,2026-10-03,4.3,279,https://www.amazon.com/Thermaltake-Toughpower-Connectors-Crossfire-PS-TPD-0850FNFAGU-L/dp/B0C1JKHPNH,0.0,38.19
20261003_050925,2026-10-03T05:31:24.448807+00:00,amazon_usa,PSU,B0FPGD7XDK,"CORSAIR RM850x Shift (2025) Fully Modular ATX Power Supply – Modular Side Interface, Native 12V-2x6 Cable, ATX 3.1 & PCIe 5.1, Fan-Speed Control, 105°C-Rated Capacitors, Cybenetics Gold – Black",141.92,41.13,2026-10-03,4.8,32,https://www.amazon.com/CORSAIR-RM850x-Shift-Modular-Supply/dp/B0FPGD7XDK,0.0,41.13
20261003_050925,2026-10-03T05:31:24.448807+00:00,amazon_usa,PSU,B0DM2GP61S,SAMA GT850 ATX 3.1 Fully Modular Standard Gaming 850W Power Supply White,81.09,23.5,2026-10-03,4.6,67,https://www.amazon.com/SAMA-White-850W-Power-Supply/dp/B0DM2GP61S,0.0,23.5
20261003_050925,2026-10-03T05:31:28.855222+00:00,amazon_usa,PSU,B08R5JPTMZ,CORSAIR RM850x ATX 850W Power Supply – Black,223.01,64.63,2026-10-03,4.8,5500,https://www.amazon.com/Corsair-RM850x-Fully-Modular-Supply/dp/B08R5JPTMZ,0.0,64.63
20261003_050925,2026-10-03T05:31:28.855222+00:00,amazon_usa,PSU,B0GFD89FKG,ESGAMING 850W 80 Plus Gold ATX Gaming Power Supply Fully Modular ATX 3.1 & PCIe 5.1 Ready with 12V-2x6 Cable for High-End GPU - White,77.02,22.32,2026-10-03,5.0,4,https://www.amazon.com/ESGAMING-850W-Modular-12V-2x6-High-End/dp/B0GFD89FKG,0.0,22.32
20261003_050925,2026-10-03T05:31:28.855222+00:00,amazon_usa,PSU,B0DJ6BM9X8,Thermaltake Toughpower GT 750W ATX 3.1 Standard Power Supply; 80 Plus Gold Efficiency; Smart Zero Fan; Native 300W PCIe 5.1 Connector; PS-TPT-0750FNFAGU-3; 5 Year Warranty,81.09,23.5,2026-10-03,4.6,199,https://www.amazon.com/Thermaltake-Toughpower-Efficiency-Connector-PS-TPT-0750FNFAGU-3/dp/B0DJ6BM9X8,0.0,23.5
20261003_050925,2026-10-03T05:31:28.855222+00:00,amazon_usa,PSU,B0FXG3T32C,"RAIJINTEK CRATOS LITE 850W Black, 80 Plus Gold, ATX 3.1, Non-Modular Power Supply, PCIe 5.1 Ready, 120mm Smart Fan, DC-to-DC, 12V-2×6 Connector, 5-Year Warranty",81.09,23.5,2026-10-03,4.7,5,https://www.amazon.com/RAIJINTEK-CRATOS-LITE-Non-Modular-Connector/dp/B0FXG3T32C,0.0,23.5
20261003_050925,2026-10-03T05:31:28.855222+00:00,amazon_usa,PSU,B0HK9GNWLC,CORSAIR RM850x ATX 850W Power Supply – Black (RENEWED),77.02,22.32,2026-10-03,0.0,0,https://www.amazon.com/CORSAIR-RM850x-850W-Power-Supply/dp/B0HK9GNWLC,0.0,22.32
20261003_050925,2026-10-03T05:31:28.855222+00:00,amazon_usa,PSU,B0F43RWFL2,"Vetroo 850W Black SFX Power Supply, ATX 3.1 & PCIE 5.1 Ready",121.63,35.25,2026-10-03,4.6,97,https://www.amazon.com/Vetroo-Black-Power-Supply-Ready/dp/B0F43RWFL2,0.0,35.25
20261003_050925,2026-10-03T05:31:28.855222+00:00,amazon_usa,PSU,B0CKY716F9,"Thermaltake GF1 Fully Modular ATX 750W Power Supply - 80 Plus Gold - Ultra Quiet - Zero RPM, PS-TPD-0750FNFAGU-P",86.16,24.97,2026-10-03,4.6,339,https://www.amazon.com/Thermaltake-Fully-Modular-Power-Supply/dp/B0CKY716F9,0.0,24.97
20261003_050925,2026-10-03T05:31:28.855222+00:00,amazon_usa,PSU,B0DCHZXSW9,"GAMEMAX SFX Power Supply 850W, Full Modular, 80 Plus Gold PSU (GS-850G WT)",101.34,29.37,2026-10-03,4.2,10,https://www.amazon.com/GAMEMAX-Power-Supply-Modular-GS-850G/dp/B0DCHZXSW9,0.0,29.37
20261003_050925,2026-10-03T05:31:28.855222+00:00,amazon_usa,PSU,B0FFPHTC8V,"Rosewill VSB 850W 80+ Bronze, ATX 3.0 & 3.1 Compatible, Semi-Modular Power Supply, PCIe 5.1 12V-2x6 Connector, 105°C/221°F Japanese Capacitor, 120mm ICB Silent Fan - 5 Year Warranty",81.09,23.5,2026-10-03,4.5,41,https://www.amazon.com/Rosewill-Compatible-Semi-Modular-Connector-Capacitor/dp/B0FFPHTC8V,0.0,23.5
20261003_050925,2026-10-03T05:31:28.855222+00:00,amazon_usa,PSU,B0H854K73K,MSI MAG GN85A Gaming Power Supply - 80 Plus Gold - ATX 3.1 & PCIe 5.1 Ready - 850W - Non-Modular - Active PFC - Low Noise ATX PSU,81.09,23.5,2026-10-03,0.0,0,https://www.amazon.com/MSI-GN85A-Gaming-Power-Supply/dp/B0H854K73K,0.0,23.5
20261003_050925,2026-10-03T05:31:28.855222+00:00,amazon_usa,PSU,B0GGGVYW1Q,darkFlash PMT850 850W ATX 3.1 PCIe 5.1 80 Plus Gold Fully Modular PSU Black,76.01,22.03,2026-10-03,5.0,3,https://www.amazon.com/darkFlash-PMT850-Fully-Modular-Black/dp/B0GGGVYW1Q,0.0,22.03
20261003_050925,2026-10-03T05:31:28.855222+00:00,amazon_usa,PSU,B0GSXYJB5J,"darkFlash VMT850 850W ATX 3.1 Power Supply, 80 Plus Bronze Certified",70.94,20.56,2026-10-03,4.7,4,https://www.amazon.com/darkFlash-VMT850-Supply-Bronze-Certified/dp/B0GSXYJB5J,0.0,20.56
20261003_050925,2026-10-03T05:31:28.855222+00:00,amazon_usa,PSU,B0G27LMX21,"Apevia Galaxy 850W 80+ Gold ATX 3.1 Fully Modular Gaming PSU, PCIe 5.1 600W 12VHPWR, Japanese Caps, Silent 135mm FDB Fan, Stable +12V Rail, PSU for RTX 5060/5070/5080/40 Series",70.94,20.56,2026-10-03,4.4,9,https://www.amazon.com/Apevia-Galaxy-Modular-12VHPWR-Japanese/dp/B0G27LMX21,0.0,20.56
20261003_050925,2026-10-03T05:31:28.855222+00:00,amazon_usa,PSU,B0D5QVMGYX,"PCCOOLER PSU CPS YS850 Power Supply, 850W 80 Plus Gold Certified Fully Modular PCIe 5.1 & ATX 3.1, Wide Compatibility, 135mm FDB Fan, Full Japan Electrolytic Capacitors - 12 Year Warranty",191.74,55.57,2026-10-03,4.8,31,https://www.amazon.com/PCCOOLER-CPS-YS850-Power-Supply/dp/B0D5QVMGYX,32.0,87.57
20261003_050925,2026-10-03T05:31:28.855222+00:00,amazon_usa,PSU,B093RCJRNS,"CORSAIR RM Series (2021), RM650, Fully Modular Power Supply",141.92,41.13,2026-10-03,4.7,1700,https://www.amazon.com/CORSAIR-White-Certified-Modular-Supply/dp/B093RCJRNS,0.0,41.13
20261003_050925,2026-10-03T05:31:28.855222+00:00,amazon_usa,PSU,B07K5Z3W5W,Silverstone Technology 850W Computer Power Supply PSU Fully Modular with 80 Plus Gold & 140mm Design Power Supply (SST-ST85F-GS-V2),116.56,33.78,2026-10-03,4.6,68,https://www.amazon.com/SilverStone-Technology-Computer-Modular-SST-ST85F-GS-V2/dp/B07K5Z3W5W,0.0,33.78
20261003_050925,2026-10-03T05:31:28.855222+00:00,amazon_usa,PSU,B0D68TLYKR,"Cooler Master MWE Gold 750 V3 Power Supply, PCIe 5.1 Ready",97.99,28.4,2026-10-03,4.6,147,https://www.amazon.com/Cooler-Master-Efficiency-Zero-RPM-Hexagonal/dp/B0D68TLYKR,0.0,28.4
20261003_050925,2026-10-03T05:31:28.855222+00:00,amazon_usa,PSU,B0GFVSV779,NZXT C850 SFX Gold - 850W SFX ATX 3.1 Power Supply - 80 Plus Gold - Cybenetics Platinum - Fully Modular - PCIe 5.1 600W 12V-2x6 - Japanese Capacitors - Black,152.03,44.06,2026-10-03,4.3,45,https://www.amazon.com/NZXT-C850-SFX-Gold-Cybenetics/dp/B0GFVSV779,0.0,44.06
20261003_050925,2026-10-03T05:31:28.855222+00:00,amazon_usa,PSU,B0CKS5GYH2,Thermaltake Toughpower GF A3 Snow Edition 850W 80+ Gold Full Modular SLI/Crossfire Ready ATX 3.1 Power Supply; PCI-E 5.1 450W 12V-2x6 Connector Included; PS-TPD-0850FNFAGU-N; 10 Year Warranty,131.77,38.19,2026-10-03,4.4,114,https://www.amazon.com/Thermaltake-Toughpower-Crossfire-Connector-PS-TPD-0850FNFAGU-N/dp/B0CKS5GYH2,0.0,38.19
20261003_050925,2026-10-03T05:31:33.760588+00:00,amazon_usa,PSU,B0DKXGSK14,"RAIDMAX Cobra ATX 3.1 Power Supply 850W, Fully Modular 80+ Gold Certified Gaming PSU, PCIe Gen 5 Ready, High-Performance Power Supply for Gaming PCs, RoHS, Active PFC, Black Flat Cables",70.94,20.56,2026-10-03,4.0,3,https://www.amazon.com/RAIDMAX-Supply-Modular-Certified-High-Performance/dp/B0DKXGSK14,0.0,20.56
20261003_050925,2026-10-03T05:31:33.760588+00:00,amazon_usa,PSU,B0H6YBCYXN,"GIGABYTE Gaming 850GM PG5 ATX 3.1 & PCIe 5.1 Ready Fully Modular 850W Power Supply - 80 Plus Gold & Cybenetics Platinum Certified, Dual Color 12V-2x6 Cable, T-Guard, 10 Year Warranty - Black",141.92,41.13,2026-10-03,0.0,0,https://www.amazon.com/GIGABYTE-Gaming-PG5-Modular-Supply/dp/B0H6YBCYXN,0.0,41.13
20261003_050925,2026-10-03T05:31:33.760588+00:00,amazon_usa,PSU,B0FLPWH7DZ,750W Power Supply 80 Plus Gold Active PFC Non Modular Gaming PSU,46.62,13.51,2026-10-03,4.0,18,https://www.amazon.com/750W-Supply-Active-Modular-Gaming/dp/B0FLPWH7DZ,0.0,13.51
20261003_050925,2026-10-03T05:31:33.760588+00:00,amazon_usa,PSU,B0HFTMVHRT,Thermaltake Dockpower FI 850W ATX 3.1 Full Modular 80+ Gold Power Supply,131.77,38.19,2026-10-03,5.0,2,https://www.amazon.com/Thermaltake-Dockpower-Modular-Power-Supply/dp/B0HFTMVHRT,0.0,38.19
20261003_050925,2026-10-03T05:31:33.760588+00:00,amazon_usa,PSU,B0DVJNMCR1,"be quiet! Power Zone 2 850W Power Supply, 80 Plus and Cybenetics Platinum",124.56,36.1,2026-10-03,4.5,109,https://www.amazon.com/quiet-Power-Zone-Platinum-Supply/dp/B0DVJNMCR1,0.0,36.1
20261003_050925,2026-10-03T05:31:33.760588+00:00,amazon_usa,PSU,B0GQ1LVS3D,MONTECH BETA 2 850W ATX 3.1 80 Plus Bronze Non-Modular Power Supply,70.84,20.53,2026-10-03,5.0,3,https://www.amazon.com/MONTECH-Bronze-Non-Modular-Power-Supply/dp/B0GQ1LVS3D,0.0,20.53
20261003_050925,2026-10-03T05:31:33.760588+00:00,amazon_usa,PSU,B0FNHFXH5K,"Antec GSK850 V2 ATX 3.1 850W Full Modular Power Supply, Black",111.49,32.31,2026-10-03,4.3,5,https://www.amazon.com/GSK850-V2-Certified-PhaseWave-Warranty/dp/B0FNHFXH5K,0.0,32.31
20261003_050925,2026-10-03T05:31:33.760588+00:00,amazon_usa,PSU,B0B4N4T8VW,"ARESGAME AGV Series 750W Power Supply, 80 Plus Bronze Certified, Semi Modular Power Supply, 5 Year Warranty",50.65,14.68,2026-10-03,4.4,1100,https://www.amazon.com/ARESGAME-Supply-Certified-Modular-Warranty/dp/B0B4N4T8VW,0.0,14.68
20261003_050925,2026-10-03T05:31:33.760588+00:00,amazon_usa,PSU,B0DD5XS97B,Corsair RM850x Shift Fully Modular ATX Power Supply - 80 Plus Gold - ATX 3.0 - PCIe 5.0 - Zero RPM - Modular Side Interface - Black (Renewed),117.49,34.05,2026-10-03,4.4,14,https://www.amazon.com/Corsair-RM850x-Shift-Modular-Supply/dp/B0DD5XS97B,0.0,34.05
20261003_050925,2026-10-03T05:31:33.760588+00:00,amazon_usa,PSU,B0DCJJRVB3,800W Power Supply 80 Plus Gold PSU ATX Non Modular with 115/230V Switch,60.8,17.62,2026-10-03,4.4,35,https://www.amazon.com/Power-Supply-ATX-Modular-Switch/dp/B0DCJJRVB3,0.0,17.62
20261003_050925,2026-10-03T05:31:33.760588+00:00,amazon_usa,PSU,B0DZXLK5BY,CORSAIR RM850e (2025) ATX 3.1 PCIe 5.1 Ready 850W Power Supply – White,125.67,36.42,2026-10-03,4.6,114,https://www.amazon.com/CORSAIR-RM850e-Modular-Low-Noise-12V-2x6/dp/B0DZXLK5BY,0.0,36.42
20261003_050925,2026-10-03T05:31:33.760588+00:00,amazon_usa,PSU,B0CPR1FR7H,ASUS Prime 750W Gold Power Supply,109.45,31.72,2026-10-03,4.8,195,https://www.amazon.com/ASUS-Compatible-Certified-Bearings-Warranty/dp/B0CPR1FR7H,0.0,31.72
20261003_050925,2026-10-03T05:31:33.760588+00:00,amazon_usa,PSU,B0DSLRMXPJ,ENERMAX Revolution III 850 Watt | fully modular ATX 3.1 power supply | PCIe 5.1 | 80 Plus Gold | whisper-quiet 120mm FDB fan | 105°C jap. capacitors | ERV850G-AHG-MAC,95.79,27.76,2026-10-03,4.3,73,https://www.amazon.com/ENERMAX-Revolution-whisper-quiet-capacitors-ERV850G-AHG-MAC/dp/B0DSLRMXPJ,0.0,27.76
20261003_050925,2026-10-03T05:31:33.760588+00:00,amazon_usa,PSU,B0FNS3N3CM,"Apevia ATX-SL850W Soul 850W Fully Modular Power Supply ATX 3.0 & 3.1 Compatible, PCIe 5.1 12V-2x6 Connector ATX Active PFC, DC to DC Converter Design, 140mm Silent Fan, RoHS Compliance",63.83,18.5,2026-10-03,4.6,11,https://www.amazon.com/Apevia-ATX-SL850W-Compatible-Connector-Compliance/dp/B0FNS3N3CM,0.0,18.5
20261003_050925,2026-10-03T05:31:33.760588+00:00,amazon_usa,PSU,B0DTYK3QZR,"Super Flower Leadex III 850W Power Supply, ATX 3.1 PCIe 5.1, Black",121.63,35.25,2026-10-03,3.9,16,https://www.amazon.com/Super-Flower-Leadex-Power-Supply/dp/B0DTYK3QZR,0.0,35.25
20261003_050925,2026-10-03T05:31:33.760588+00:00,amazon_usa,PSU,B07XK85BRF,"Corsair RMX White Series (2018), RM850x, 850 Watt, 80+ Gold Certified, Fully Modular Power Supply - White (Renewed)",111.45,32.3,2026-10-03,4.5,66,https://www.amazon.com/CORSAIR-RM850x-Certified-Modular-Supply/dp/B07XK85BRF,0.0,32.3
20261003_050925,2026-10-03T05:31:33.760588+00:00,amazon_usa,PSU,B0CYTVTW83,"Super Flower Leadex VII XG 850W Power Supply, ATX 3.1 PCIe 5.1, Black",121.63,35.25,2026-10-03,4.4,8,https://www.amazon.com/Flower-Cybenetics-Platinum-Modular-12VHPWR/dp/B0CYTVTW83,0.0,35.25
20261003_050925,2026-10-03T05:31:48.999929+00:00,amazon_usa,COOLER,B0DLWGG85P,"ARCTIC Liquid Freezer III Pro 360 - AIO CPU Cooler,3 x 120 mm Water Cooling",70.84,20.53,2026-10-03,4.3,2400,https://www.amazon.com/ARCTIC-Liquid-Freezer-III-Pro/dp/B0DLWGG85P,0.0,20.53
20261003_050925,2026-10-03T05:31:48.999929+00:00,amazon_usa,COOLER,B0DLWFCVSD,"ARCTIC Liquid Freezer III Pro 360 A-RGB - AIO CPU Cooler, Water Cooling",78.05,22.62,2026-10-03,4.5,2000,https://www.amazon.com/ARCTIC-Liquid-Freezer-III-RGB/dp/B0DLWFCVSD,0.0,22.62
20261003_050925,2026-10-03T05:31:48.999929+00:00,amazon_usa,COOLER,B0DF7C4YPQ,"CORSAIR Nautilus 360 RS ARGB Liquid CPU Cooler – 360mm AIO – Low-Noise – Direct Motherboard Connection – Daisy-Chain – Intel LGA 1851/1700, AMD AM5/AM4 – 3X RS120 ARGB Fans Included – Black",101.34,29.37,2026-10-03,4.7,2400,https://www.amazon.com/CORSAIR-Nautilus-ARGB-Liquid-Cooler/dp/B0DF7C4YPQ,0.0,29.37
20261003_050925,2026-10-03T05:31:48.999929+00:00,amazon_usa,COOLER,B0DWZJNH28,"be quiet! Silent Loop 3 360mm AiO ARGB Liquid CPU Cooler, for Overclocking",141.82,41.1,2026-10-03,4.6,203,https://www.amazon.com/quiet-Silent-Lighting-Liquid-Cooler/dp/B0DWZJNH28,0.0,41.1
20261003_050925,2026-10-03T05:31:48.999929+00:00,amazon_usa,COOLER,B0CCNVFXWH,"Thermalright Aqua Elite 360 V3 Water Cooling CPU Cooler, 3 PWM ARGB Fans with S-FDB Bearings,Efficient PWM Controlled Pump,for AMD/AM4/AM5, Intel LGA1150/1151/1200/1700/1851, (AE360 V3)",55.66,16.13,2026-10-03,4.6,396,https://www.amazon.com/Thermalright-Cooling-Bearings-Efficient-Controlled/dp/B0CCNVFXWH,0.0,16.13
20261003_050925,2026-10-03T05:31:48.999929+00:00,amazon_usa,COOLER,B0DLWDJS8S,"ARCTIC Liquid Freezer III Pro 360 A-RGB - AIO CPU Cooler, Water Cooling",81.29,23.56,2026-10-03,4.5,994,https://www.amazon.com/ARCTIC-Liquid-Freezer-RGB-White/dp/B0DLWDJS8S,0.0,23.56
20261003_050925,2026-10-03T05:31:48.999929+00:00,amazon_usa,COOLER,B0DF7G8JFP,"CORSAIR Nautilus 360 RS ARGB Liquid CPU Cooler – 360mm AIO – Low-Noise – Direct Motherboard Connection – Daisy-Chain – Intel LGA 1851/1700, AMD AM5/AM4 – 3X RS120 ARGB Fans Included – White",131.77,38.19,2026-10-03,4.7,2400,https://www.amazon.com/CORSAIR-Nautilus-ARGB-Liquid-Cooler/dp/B0DF7G8JFP,0.0,38.19
20261003_050925,2026-10-03T05:31:48.999929+00:00,amazon_usa,COOLER,B0DFK77QNS,"Thermaltake TH360 V2 Ultra EX ARGB AIO Cooler/Snow/Water Block 2.1"" LCD/Fan 120 * 3/Magnetic Quick Connection/MB ARGB Sync Control/LCD Software Control/CL-W426-PL12SW-A",162.17,47.0,2026-10-03,4.1,36,https://www.amazon.com/Thermaltake-Magnetic-Connection-Software-CL-W426-PL12SW/dp/B0DFK77QNS,0.0,47.0
20261003_050925,2026-10-03T05:31:48.999929+00:00,amazon_usa,COOLER,B0FVFJZZV6,"Thermalright Peerless Vision 360 ARGB Black CPU Aio Cooler,PC 360 Specification Water Cooler System,3.95’’IPS LCD Screen with 480x480 Resolution,for AM4/AM5;Intel 1700/1851,3 Wireless Splicing Fans",103.31,29.94,2026-10-03,4.6,90,https://www.amazon.com/Thermalright-Peerless-ARGB-Specification-Resolution/dp/B0FVFJZZV6,0.0,29.94
20261003_050925,2026-10-03T05:31:48.999929+00:00,amazon_usa,COOLER,B0FLTZ2SHM,NZXT Kraken Core 360 RGB - 360mm AIO CPU Cooler - Black,81.09,23.5,2026-10-03,4.7,221,https://www.amazon.com/NZXT-Kraken-Core-360-RGB/dp/B0FLTZ2SHM,0.0,23.5
20261003_050925,2026-10-03T05:31:48.999929+00:00,amazon_usa,COOLER,B0FPCT1SV4,Lian Li HydroShift II LCD-S-360 CL-Liquid CPU Cooler-Black-HS2LCDS36CB,182.46,52.88,2026-10-03,4.3,179,https://www.amazon.com/Lian-Hydroshift-360-ARGB-Liquid-Cooler/dp/B0FPCT1SV4,0.0,52.88
20261003_050925,2026-10-03T05:31:48.999929+00:00,amazon_usa,COOLER,B0BDDZGLXL,"Thermalright Frozen Notte 360 Black ARGB V2 Water Cooling CPU Cooler, 360 Black CPU Cooler Specifications, 3×120mm PWM Fans, S-FDB Bearings, Suitable for AMD/AM4, Intel LGA 1700/1150/1151/1200/2011",56.14,16.27,2026-10-03,4.5,956,https://www.amazon.com/Thermalright-Cooling-Specifications-Bearings-Suitable/dp/B0BDDZGLXL,0.0,16.27
20261003_050925,2026-10-03T05:31:48.999929+00:00,amazon_usa,COOLER,B0F9WV43J1,TRYX Panorama SE 360mm AIO Curved Screen GIPHY Built-in Asetek 280w TDP,253.4,73.44,2026-10-03,4.6,222,https://www.amazon.com/TRYX-SE-360-ARGB-Customizable/dp/B0F9WV43J1,0.0,73.44
20261003_050925,2026-10-03T05:31:48.999929+00:00,amazon_usa,COOLER,B0F5SZK3WX,"NZXT Kraken Plus 360-360mm AIO CPU Cooler, LCD - Black",178.39,51.7,2026-10-03,4.2,413,https://www.amazon.com/NZXT-Kraken-Plus-360-Customizable/dp/B0F5SZK3WX,0.0,51.7
20261003_050925,2026-10-03T05:31:48.999929+00:00,amazon_usa,COOLER,B0FLWMYX2F,be quiet! Pure Loop 3 360mm AiO Water Cooling for Slightly Overclocking,99.34,28.79,2026-10-03,4.4,84,https://www.amazon.com/quiet-360mm-Cooling-Slightly-Overclocking/dp/B0FLWMYX2F,0.0,28.79
20261003_050925,2026-10-03T05:31:48.999929+00:00,amazon_usa,COOLER,B0CCXHZBSV,"Thermaltake TH360 ARGB Sync V2 CPU Liquid Cooler/AlO Liquid Cooling/Fan 120mm*3/PWM 500~2000 RPM/Mirror Waterblock/MB ARGB Sync Control, CL-W362-PL12SW-A,Black",91.23,26.44,2026-10-03,4.6,326,https://www.amazon.com/Thermaltake-Cooling-500-2000-Waterblock-CL-W362-PL12SW/dp/B0CCXHZBSV,0.0,26.44
20261003_050925,2026-10-03T05:31:48.999929+00:00,amazon_usa,COOLER,B0GT94L8KJ,"Chill Arc 360mm AIO CPU Cooler, 6.67"" 2K AMOLED Screen-BK",172.32,49.94,2026-10-03,4.1,65,https://www.amazon.com/Jungle-Leopard-Cooler-AMOLED-Screen-BK/dp/B0GT94L8KJ,0.0,49.94
20261003_050925,2026-10-03T05:31:48.999929+00:00,amazon_usa,COOLER,B0H2XNVH3C,"Minorsonic CPU Cooler 360mm Aio, Liquid Cooler CPU Low-Noise AMD AM5/AM4, Refrigeracion Liquida Water Cooling Systems, Intel LGA 1851/1700 PC Water Cooler 3 x 120 mm PWM ARGB Fans White",39.51,11.45,2026-10-03,4.4,284,https://www.amazon.com/Minorsonic-Low-Noise-Refrigeracion-Liquida-Cooling/dp/B0H2XNVH3C,0.0,11.45
20261003_050925,2026-10-03T05:31:48.999929+00:00,amazon_usa,COOLER,B0DM4BRSV5,"MSI MAG Coreliquid A13 360 - AIO ARGB CPU Liquid Cooler - 360mm Radiator - LGA 1700/1851 / AM5/AM4 Compatible - Triple 120mm ARGB PWM Fans, Black",91.23,26.44,2026-10-03,4.7,348,https://www.amazon.com/MSI-MAG-Coreliquid-A13-360/dp/B0DM4BRSV5,0.0,26.44
20261003_050925,2026-10-03T05:31:48.999929+00:00,amazon_usa,COOLER,B0FM1V3Q3F,ASUS TUF Gaming LC III ARGB 360mm AMD/Intel Gaming Liquid CPU Cooler,136.85,39.66,2026-10-03,4.6,28,https://www.amazon.com/ASUS-TUF-III-pre-Installed-temperatures/dp/B0FM1V3Q3F,0.0,39.66
20261003_050925,2026-10-03T05:31:48.999929+00:00,amazon_usa,COOLER,B0F66J3QPC,"Thermalright FW360 SE ARGB V2 360mm AIO Liquid CPU Cooler, 2"" LCD Screen",96.2,27.88,2026-10-03,4.6,332,https://www.amazon.com/Thermalright-FW360-Liquid-Cooler-Screen/dp/B0F66J3QPC,0.0,27.88
20261003_050925,2026-10-03T05:31:48.999929+00:00,amazon_usa,COOLER,B0D9GV78D8,"NZXT Kraken Elite 360 RGB - 360mm AIO CPU Cooler, LCD - Black",283.8,82.25,2026-10-03,4.3,570,https://www.amazon.com/NZXT-Kraken-Elite-360-2024/dp/B0D9GV78D8,0.0,82.25
20261003_050925,2026-10-03T05:31:48.999929+00:00,amazon_usa,COOLER,B0F8HTLRND,"Thermalright Aqua Elite 360 V6 ARGB Black CPU Liquid Cooler, 360 Cooling Row Size,3x120mm Water Radiator,AMD: AM4/AM5,Intel LGA115X/1200/1700/1851, AIO CPU Cooler",54.62,15.83,2026-10-03,4.7,111,https://www.amazon.com/Thermalright-Liquid-Cooling-3x120mm-Radiator/dp/B0F8HTLRND,0.0,15.83
20261003_050925,2026-10-03T05:31:48.999929+00:00,amazon_usa,COOLER,B0H7TLY7H8,"Antec Ultra 360 ARGB Liquid CPU Cooler, 3x120mm PWM Fans, High-Performance Pump, Intel LGA 1200/1851/20XX & AMD AM4/AM5",40.54,11.75,2026-10-03,4.9,16,https://www.amazon.com/Antec-Ultra-360-ARGB-High-Performance/dp/B0H7TLY7H8,0.0,11.75
20261003_050925,2026-10-03T05:31:52.860935+00:00,amazon_usa,COOLER,B0G33Z9WTS,"Thermalright Mjolnir Vision 360 UB PRO ARGB Black CPU Aio Cooler,PC 360 Specification Water Cooler System with Inline Fan,3.5’’ LCD Screen with 640x480 Resolution,for AM4/AM5;Intel 1700/1851/115X/2011",82.02,23.77,2026-10-03,4.7,21,https://www.amazon.com/Thermalright-Mjolnir-Specification-640x480-Resolution/dp/B0G33Z9WTS,0.0,23.77
20261003_050925,2026-10-03T05:31:52.860935+00:00,amazon_usa,COOLER,B0H8CPP69N,Thermalright Dynamic Vision Pro 360 ARGB Black-360mm AIO CPU Liquid Cooler,120.53,34.93,2026-10-03,4.1,7,https://www.amazon.com/Thermalright-Dynamic-Vision-Black-360mm-Liquid/dp/B0H8CPP69N,0.0,34.93
20261003_050925,2026-10-03T05:31:52.860935+00:00,amazon_usa,COOLER,B0GLFKYWHM,LIAN LI HydroShift II OLED Curved 360 TL Flex AIO Cooler-White-HS2OLDC36TW,344.64,99.88,2026-10-03,4.7,64,https://www.amazon.com/Lian-Li-Hydroshift-360TL-Liquid-Cooler-White-HS2OLDC36TW/dp/B0GLFKYWHM,0.0,99.88
20261003_050925,2026-10-03T05:31:52.860935+00:00,amazon_usa,COOLER,B0D1K859GT,"Thermalright FW 360 White ARGB-360mm AIO CPU Liquid Cooler,IPS LCD Screen with 320 * 240 Resolution,for AM4/AM5/Intel LGA1700,‘2.4 inch’Magnet-Absorbent LCD Screen for Images -White",84.74,24.56,2026-10-03,4.5,201,https://www.amazon.com/Thermalright-ARGB-360mm-Resolution-LGA1700-inchMagnet-Absorbent/dp/B0D1K859GT,0.0,24.56
20261003_050925,2026-10-03T05:31:52.860935+00:00,amazon_usa,COOLER,B0DC1WB2RM,"ASUS ROG Strix LC III 360 ARGB LCD All-in-one CPU Liquid Cooler - Intel LGA 1700, 1200, 115X - AMD Socket AM4, AM5 – with 2.1"" IPS LCD, Asetek Gen7 v2 Pump, and Premium ROG ARGB Fans, 6 Year Warranty",233.12,67.56,2026-10-03,4.5,86,https://www.amazon.com/ASUS-ROG-III-360-ARGB/dp/B0DC1WB2RM,0.0,67.56
20261003_050925,2026-10-03T05:31:52.860935+00:00,amazon_usa,COOLER,B0H2B8C4X4,"Noctua NL-LC1-36, High-Performance 360mm AIO CPU Cooler",253.37,73.43,2026-10-03,4.8,121,https://www.amazon.com/Noctua-NL-LC1-36-High-Performance-360mm-Cooler/dp/B0H2B8C4X4,0.0,73.43
20261003_050925,2026-10-03T05:31:52.860935+00:00,amazon_usa,COOLER,B0FHW6Z4TG,"Minorsonic CPU Cooler 360mm Aio, Liquid Cooler CPU Low-Noise AMD AM5/AM4, Refrigeracion Liquida Water Cooling Systems, Intel LGA 1851/1700 PC Water Cooler 3 x 120 mm PWM Fans Black",39.51,11.45,2026-10-03,4.4,284,https://www.amazon.com/Minorsonic-Low-Noise-Refrigeracion-Liquida-Cooling/dp/B0FHW6Z4TG,0.0,11.45
20261003_050925,2026-10-03T05:31:52.860935+00:00,amazon_usa,COOLER,B0DQV2CBX1,TRYX Panorama SE 360mm AIO White Curved Screen GIPHY Built-in Asetek 280w,253.4,73.44,2026-10-03,4.6,326,https://www.amazon.com/TRYX-SE-360-ARGB-Customizable/dp/B0DQV2CBX1,0.0,73.44
20261003_050925,2026-10-03T05:31:52.860935+00:00,amazon_usa,COOLER,B0FPCSSZPY,"Lian Li HydroShift II LCD-S 360 Fanless Liquid CPU Cooler, Square LCD,Black",162.17,47.0,2026-10-03,4.5,160,https://www.amazon.com/Lian-Li-Hydroshift-Liquid-Cooler/dp/B0FPCSSZPY,0.0,47.0
20261003_050925,2026-10-03T05:31:52.860935+00:00,amazon_usa,COOLER,B0GLNXQ71Z,ProFlow SE 360mm ARGB Black AIO CPU Cooler-Water Liquid Cooling System|4-Inch LCD Screen|320W TDP|ARGB 1850RPM PWM Cooler Fans|for Intel LGA1851/1700/1200/115X AMD AM4/AM5（Black）,121.63,35.25,2026-10-03,4.3,25,https://www.amazon.com/Jungle-Leopard-ProFlow-Cooler-Water-AM5%EF%BC%88Black%EF%BC%89/dp/B0GLNXQ71Z,0.0,35.25
20261003_050925,2026-10-03T05:31:52.860935+00:00,amazon_usa,COOLER,B0D3CYW7SQ,"Thermalright Aqua Elite 360 White V3 CPU Liquid Cooler, AIO Pump Head Speed Up to 2800RPM, TL-C12W-S V2×3 PWM Fans, for AMD/AM4/AM5, Intel LGA1150/1151/1200/1700/1851, Computer CPU Aio Cooler",51.58,14.95,2026-10-03,4.8,114,https://www.amazon.com/Thermalright-2800RPM-TL-C12W-S-LGA1150-Computer/dp/B0D3CYW7SQ,0.0,14.95
20261003_050925,2026-10-03T05:31:52.860935+00:00,amazon_usa,COOLER,B0BDF5514F,"Thermalright Frozen Notte 360 White ARGB V2 Water Cooling CPU Cooler, 360 Specification CPU Liquid Cooler,3 PWM Fans, for AM4/AM5,Intel lga1700/1851/115x/2011",54.31,15.74,2026-10-03,4.5,956,https://www.amazon.com/Thermalright-Cooling-Specifications-Bearings-Suitable/dp/B0BDF5514F,0.0,15.74
20261003_050925,2026-10-03T05:31:52.860935+00:00,amazon_usa,COOLER,B0FD71T7V4,"Thermalright Wonder Vision 360 UB ARGB White AIO CPU Liquid Cooler,for AM5/Intel LGA1851/1700,6.67-inch 3D Curved Screen with 2400x1080 Resolutions,Magnetic Panel Screen,3D/2D Video Support",208.72,60.49,2026-10-03,4.6,24,https://www.amazon.com/Thermalright-Wonder-Vision-ARGB-White/dp/B0FD71T7V4,0.0,60.49
20261003_050925,2026-10-03T05:31:52.860935+00:00,amazon_usa,COOLER,B0FL7BXMRR,PF 360 CPU Water AIO Cooler Liquid Cooling|5.5-inch LCD Magnetic Screen|360mm ARGB Infinity Mirror 2000RPM PWM Fan|Lower Noise ≤30DBA|for Intel LGA1851/1700/1200/115X AMD AM4/AM5-Black,152.03,44.06,2026-10-03,4.1,202,https://www.amazon.com/Jungle-Leopard-5-5-inch-Magnetic-AM5-Black/dp/B0FL7BXMRR,0.0,44.06
20261003_050925,2026-10-03T05:31:52.860935+00:00,amazon_usa,COOLER,B0CZMPHCPG,"ID-COOLING FX360 PRO 360mm AIO CPU Cooler, High-Efficiency Fans",65.87,19.09,2026-10-03,4.6,266,https://www.amazon.com/ID-COOLING-FX360-Liquid-Cooler-Desktop/dp/B0CZMPHCPG,0.0,19.09
20261003_050925,2026-10-03T05:31:52.860935+00:00,amazon_usa,COOLER,B0DDR3VT16,be quiet! Light Loop 360mm Black CPU Liquid Cooler for Overclocked Systems,111.42,32.29,2026-10-03,4.8,396,https://www.amazon.com/quiet-Overclocked-high-Speed-Extremely-Performance/dp/B0DDR3VT16,0.0,32.29
20261003_050925,2026-10-03T05:31:52.860935+00:00,amazon_usa,COOLER,B0DPPBVSNC,ASUS ROG Ryujin III ARGB Extreme 360mm AMD/Intel Gaming Liquid CPU Cooler,396.84,115.01,2026-10-03,4.6,248,https://www.amazon.com/ASUS-ROG-III-360-ARGB/dp/B0DPPBVSNC,0.0,115.01
20261003_050925,2026-10-03T05:31:52.860935+00:00,amazon_usa,COOLER,B0FD6WBGD9,"Thermalright Trofeo Vision 360 ARGB Black CPU AIO Cooler,6.86-inch LCD Long Screen High-Performance 360mm Water-Cooled Radiator,IPS LCD Screen with 1280x480 Resolution,for AM4/AM5,Intel LGA1851/1700",143.85,41.69,2026-10-03,3.8,154,https://www.amazon.com/Thermalright-ARGB-High-Performance-Water-Cooled-Resolution/dp/B0FD6WBGD9,0.0,41.69
20261003_050925,2026-10-03T05:31:52.860935+00:00,amazon_usa,COOLER,B0CDPKSTWP,"Thermalright Aqua Elite 360 White V3 Aio CPU Cooler, 360 Liquid Cooling Row, ARGB PWM Cooler Fans, for Intel LGA1150/1151/1155/1156/1200/1851/1700,AMD:AM4/AM5, PC Cooler Aio",51.9,15.04,2026-10-03,4.8,111,https://www.amazon.com/Thermalright-V3-Cooler-Cooling-LGA1150/dp/B0CDPKSTWP,0.0,15.04
20261003_050925,2026-10-03T05:31:52.860935+00:00,amazon_usa,COOLER,B0C4C421RZ,"Cooler Master 360L Core AIO CPU Liquid Cooler – 360mm Radiator, 3X ARGB PWM Fans, Patented Gen S Dual-Chamber Pump, Quiet Cooling & Easy Installation, AMD AM5/AM4 & Intel LGA 1851/1700, Black",68.91,19.97,2026-10-03,4.6,885,https://www.amazon.com/Cooler-Master-MasterLiquid-Close-Loop-MLW-D36M-A18PZ-R1/dp/B0C4C421RZ,0.0,19.97
20261003_050925,2026-10-03T05:31:52.860935+00:00,amazon_usa,COOLER,B0D735BZR4,"Thermalright Frozen Infinity 360 White Liquid CPU Cooler,Triple PWM Fans with 2000RPM,Desktop CPU Aio Cooler,for AM4/AM5&Intel LGA1150/1151/1200/1700/1851,Infinity Mirror PC CPU Water Cooler",53.31,15.45,2026-10-03,4.5,138,https://www.amazon.com/Thermalright-Infinity-2000RPM-Desktop-LGA1150/dp/B0D735BZR4,0.0,15.45
20261003_050925,2026-10-03T05:31:52.860935+00:00,amazon_usa,COOLER,B0G4VQ1X5X,"Thermalright Magic Qube 360 ARGB Black Liquid CPU Cooler,Building Block Fan with 2000RPM,for AM4/AM5,Intel LGA1150/1151/1200/1700/1851,Temperature Controlled Color Changing Digital Screen",61.73,17.89,2026-10-03,4.2,25,https://www.amazon.com/Thermalright-Building-Temperature-Controlled-Changing/dp/B0G4VQ1X5X,0.0,17.89
20261003_050925,2026-10-03T05:31:52.860935+00:00,amazon_usa,COOLER,B0G81B9VQS,"Thermalright Aqua Elite 360 V5 ARGB Black-CPU Liquid Cooler,Pump Speed-2800RPM,for AM4/AM5,Intel LGA1150/1151/1200 /1851/1700,High-Performance Radiator",54.62,15.83,2026-10-03,4.9,11,https://www.amazon.com/Thermalright-Black-CPU-Speed-2800RPM-High-Performance-Radiator/dp/B0G81B9VQS,0.0,15.83
20261003_050925,2026-10-03T05:31:57.007783+00:00,amazon_usa,COOLER,B0DKD2GR3D,"Thermalrlght CORE Vision 360 Black ARGB CPU Water Cooler,3 PWM Fans Water Cooling System with 2000PRM,for AM4/AM5&Intel LGA1851/1700, Magnetic Detachable LCD Screen with 480 * 480 Resolution",78.95,22.88,2026-10-03,4.7,30,https://www.amazon.com/Thermalrlght-Cooling-Magnetic-Detachable-Resolution/dp/B0DKD2GR3D,0.0,22.88
20261003_050925,2026-10-03T05:31:57.007783+00:00,amazon_usa,COOLER,B0FND8XGV1,"Antec Skeleton 360 ARGB AIO Liquid CPU Cooler, 360mm, Black",50.69,14.69,2026-10-03,4.5,72,https://www.amazon.com/Skeleton-Liquid-Cooler-Radiator-High-Performance-Copper/dp/B0FND8XGV1,0.0,14.69
20261003_050925,2026-10-03T05:31:57.007783+00:00,amazon_usa,COOLER,B0FSQMXNMF,"Ocypus Sigma L36 BK ARGB 360mm AIO Liquid CPU Cooler with 2.4"" LCD Display",87.16,25.26,2026-10-03,4.4,12,https://www.amazon.com/Sigma-L36-BK-ARGB-high-performence/dp/B0FSQMXNMF,0.0,25.26
20261003_050925,2026-10-03T05:31:57.007783+00:00,amazon_usa,COOLER,B0GKRBSYZG,ASUS ROG Ryuo IV ARGB 360mm AMD/Intel Gaming Liquid CPU Cooler,417.61,121.03,2026-10-03,4.4,92,https://www.amazon.com/ASUS-ROG-RYUO-360-ARGB/dp/B0GKRBSYZG,0.0,121.03
20261003_050925,2026-10-03T05:31:57.007783+00:00,amazon_usa,COOLER,B0GW5XSBJD,"Antec Luna 360 ARGB AIO Liquid CPU Cooler, 3x120mm PWM ARGB Fans, Infinity Mirror Pump Head Design, High-Performance Cooling, Intel LGA 1700/1851 & AMD AM4/AM5",45.62,13.22,2026-10-03,4.6,46,https://www.amazon.com/Antec-Luna-360-ARGB-High-Performance/dp/B0GW5XSBJD,0.0,13.22
20261003_050925,2026-10-03T05:31:57.007783+00:00,amazon_usa,COOLER,B0DK4P13H5,"Thermalright CORE Vision 360 White ARGB CPU AIO Cooler,IPS LCD Screen with 480 * 480 Resolution,for AM5&Intel 1700/1851,High-Performance 360 Specs Water-Cooled Radiator with 2.1in Removable Display",79.67,23.09,2026-10-03,4.5,100,https://www.amazon.com/Thermalright-ARGB-Resolution-High-Performance-Water-Cooled/dp/B0DK4P13H5,0.0,23.09
20261003_050925,2026-10-03T05:31:57.007783+00:00,amazon_usa,COOLER,B0BKK78R71,"Thermalright Frozen Notte 360 Black ARGB Water Cooling CPU Cooler, 360 Black CPU Cooler Specifications, 3×120mm PWM Fans, S-FDB V2 Bearings, Suitable for AMD/AM4, Intel LGA 1700/1150/1200/2011/2066",55.14,15.98,2026-10-03,4.5,178,https://www.amazon.com/Thermalright-Frozen-Notte-360-ARGB/dp/B0BKK78R71,0.0,15.98
20261003_050925,2026-10-03T05:31:57.007783+00:00,amazon_usa,COOLER,B0DHX795DV,"Thermalright Aqua Elite 360 ARGB Liquid CPU Cooler,Black",54.62,15.83,2026-10-03,4.6,150,https://www.amazon.com/Thermalright-360-ARGB-V4-Computer/dp/B0DHX795DV,0.0,15.83
20261003_050925,2026-10-03T05:31:57.007783+00:00,amazon_usa,COOLER,B0DHXGNJM9,"Thermalright Aqua Elite 360 ARGB CPU Water Cooler, with 3 PWM Fans, 1550RPM Speed,for AMD/AM4/AM5, Intel LGA1851/1150/1151/1155/1156/1200/1700",49.58,14.37,2026-10-03,4.6,80,https://www.amazon.com/Thermalright-Elite-Cooler-1550RPM-LGA1851/dp/B0DHXGNJM9,0.0,14.37
20261003_050925,2026-10-03T05:31:57.007783+00:00,amazon_usa,COOLER,B0D97Q33GW,"ID-COOLING FX360 INF 360mm AIO CPU Cooler, Infinity Mirror, Quiet",81.09,23.5,2026-10-03,4.4,221,https://www.amazon.com/ID-COOLING-Infinity-Daisy-Chained-Low-Noise-Operating/dp/B0D97Q33GW,0.0,23.5
20261003_050925,2026-10-03T05:31:57.007783+00:00,amazon_usa,COOLER,B0D9GWQPDM,"NZXT Kraken Elite 360 RGB - 360mm AIO CPU Cooler, LCD - White",304.09,88.13,2026-10-03,4.1,595,https://www.amazon.com/NZXT-Kraken-Elite-360-2024/dp/B0D9GWQPDM,0.0,88.13
20261003_050925,2026-10-03T05:31:57.007783+00:00,amazon_usa,COOLER,B0FM2SFG53,ASUS TUF Gaming LC III ARGB LCD 360mm AMD/Intel Gaming Liquid CPU Cooler,167.25,48.47,2026-10-03,4.6,39,https://www.amazon.com/ASUS-TUF-III-360-ARGB/dp/B0FM2SFG53,0.0,48.47
20261003_050925,2026-10-03T05:31:57.007783+00:00,amazon_usa,COOLER,B0GJ5JQ2XZ,"TR Thermalright Mjolnir Vision 360 UB PRO ARGB Black CPU Water Cooler,360 Aio Cooler, IPS LCD Screen with 640x480 Resolution,for Intel LGA1851/1700,AM4/AM5,CPU Liquid Cooler,3.5-inch Display-Magnetic",82.71,23.97,2026-10-03,4.7,8,https://www.amazon.com/Thermalright-Mjolnir-Resolution-3-5-inch-Display-Magnetic/dp/B0GJ5JQ2XZ,0.0,23.97
20261003_050925,2026-10-03T05:31:57.007783+00:00,amazon_usa,COOLER,B0F6NBL6C6,"PCCOOLER DC360 Pro 360mm AIO CPU Cooler, 2.4"" IPS LCD, 310W, ARGB, Black",99.34,28.79,2026-10-03,4.4,303,https://www.amazon.com/PCCOOLER-Freezer-Cooling-High-Performance-DC360/dp/B0F6NBL6C6,0.0,28.79
20261003_050925,2026-10-03T05:31:57.007783+00:00,amazon_usa,COOLER,B0H4M26R4P,CORSAIR iCUE Link Titan II 360 RX LCD AIO Liquid CPU Cooler – Black,242.26,70.21,2026-10-03,3.1,4,https://www.amazon.com/CORSAIR-iCUE-Titan-Liquid-Cooler/dp/B0H4M26R4P,0.0,70.21
20261003_050925,2026-10-03T05:31:57.007783+00:00,amazon_usa,COOLER,B0H421RM64,CORSAIR iCUE Link Titan II 360 RX RGB AIO Liquid CPU Cooler – Black,181.46,52.59,2026-10-03,3.6,4,https://www.amazon.com/CORSAIR-iCUE-Titan-Liquid-Cooler/dp/B0H421RM64,0.0,52.59
20261003_050925,2026-10-03T05:31:57.007783+00:00,amazon_usa,COOLER,B0FD7HZSSY,"Thermalright Wonder Vision 360 UB ARGB Black CPU Water Cooler, 6.67-inch Magnetic Curved Screen with 2400x1080 Resolution, AMOLED Display Screen, Liquid Cooler for AM4/AM5, Intel LGA1700/1851",211.76,61.37,2026-10-03,4.3,22,https://www.amazon.com/Thermalright-6-67-inch-Magnetic-2400x1080-Resolution/dp/B0FD7HZSSY,0.0,61.37
20261003_050925,2026-10-03T05:31:57.007783+00:00,amazon_usa,COOLER,B0DYDF5F4Y,"darkFlash DG360 All-in-one Liquid CPU Cooler, High-Performance Pump, ARGB Sync, PWM Daisy Chain Connection Fans, AIO Cooler Compatible with Intel 1851/1700, AMD AM4/AM5 (Black, 360mm AIO)",65.87,19.09,2026-10-03,5.0,57,https://www.amazon.com/darkFlash-Liquid-Cooler-High-Performance-Connection-Compatible/dp/B0DYDF5F4Y,0.0,19.09
20261003_050925,2026-10-03T05:31:57.007783+00:00,amazon_usa,COOLER,B07DV29GYN,"Cooler Master Elite Liquid 360 AIO Liquid CPU Cooler, ARGB",70.94,20.56,2026-10-03,4.5,1800,https://www.amazon.com/Cooler-Master-MLX-D36M-A20PC-R1-MasterLiquid-Independently-Controlled/dp/B07DV29GYN,0.0,20.56
20261003_050925,2026-10-03T05:31:57.007783+00:00,amazon_usa,COOLER,B0GLNXTTFK,ProFlow SE 360mm ARGB Black AIO CPU Cooler-Water Liquid Cooling System|4-Inch LCD Screen|320W TDP|ARGB 1850RPM PWM Cooler Fans|for Intel LGA1851/1700/1200/115X AMD AM4/AM5（White）,121.63,35.25,2026-10-03,4.3,25,https://www.amazon.com/Jungle-Leopard-ProFlow-Cooler-Water-AM5%EF%BC%88White%EF%BC%89/dp/B0GLNXTTFK,0.0,35.25
20261003_050925,2026-10-03T05:31:57.007783+00:00,amazon_usa,COOLER,B0D6BFBLTK,"CORSAIR iCUE Link Titan 360 RX RGB Liquid CPU Cooler – 360mm AIO – Low-Noise – FlowDrive Cooling Engine – Intel LGA 1851/1700, AMD AM5/AM4 – 3X RX120 RGB Fans – iCUE Link System Hub Included – Black",202.72,58.75,2026-10-03,4.6,1500,https://www.amazon.com/CORSAIR-iCUE-Titan-Liquid-Cooler/dp/B0D6BFBLTK,0.0,58.75
20261003_050925,2026-10-03T05:31:57.007783+00:00,amazon_usa,COOLER,B0D731NGTQ,"Thermalright Frozen Infinity 360 Black Liquid CPU Cooler,Triple PWM Fans with 2000RPM,Desktop CPU Aio Cooler,for AM4/AM5&Intel LGA1150/1151/1200/1700/1851,Infinity Mirror PC CPU Water Cooler",56.66,16.42,2026-10-03,4.7,36,https://www.amazon.com/Thermalright-Infinity-2000RPM-Desktop-LGA1150/dp/B0D731NGTQ,0.0,16.42
20261003_050925,2026-10-03T05:31:57.007783+00:00,amazon_usa,COOLER,B0FL7CQX3D,PF 360 CPU Water AIO Cooler Liquid Cooling|5.5-inch LCD Magnetic Screen|360mm ARGB Infinity Mirror 2000RPM PWM Fan|Lower Noise ≤30DBA|for Intel LGA1851/1700/1200/115X AMD AM4/AM5-White,125.18,36.28,2026-10-03,4.1,202,https://www.amazon.com/Jungle-Leopard-5-5-inch-Magnetic-AM5-White/dp/B0FL7CQX3D,0.0,36.28
20261003_050925,2026-10-03T05:32:01.423894+00:00,amazon_usa,COOLER,B0DQ2LJ9VH,"Cooler Master 360 Core II AIO Liquid CPU Cooler, Infinity Mirror ARGB",106.14,30.76,2026-10-03,4.5,106,https://www.amazon.com/Cooler-Master-Infinity-Radiator-Platform/dp/B0DQ2LJ9VH,0.0,30.76
20261003_050925,2026-10-03T05:32:01.423894+00:00,amazon_usa,COOLER,B0D72X5YB2,"Thermalright Frozen Infinity 360 BLACK CPU Water Cooler, with Triple 124mm Infinity Mirror PWM Fans,for Intel 1150/1151/1200/2011/ 1700/1851&AMD/AM4/AM5,360 Size Infinity Mirror Water Cooling Radiator",60.9,17.65,2026-10-03,4.6,60,https://www.amazon.com/Thermalright-Infinity-BLACK-Cooling-Radiator/dp/B0D72X5YB2,0.0,17.65
20261003_050925,2026-10-03T05:32:01.423894+00:00,amazon_usa,COOLER,B0FP48R8QG,ASUS ROG Ryuo IV SLC ARGB 360mm AMD/Intel Gaming Liquid CPU Cooler,411.54,119.27,2026-10-03,4.4,92,https://www.amazon.com/ASUS-ROG-RYUO-SLC-ARGB/dp/B0FP48R8QG,0.0,119.27
20261003_050925,2026-10-03T05:32:01.423894+00:00,amazon_usa,COOLER,B0H8494H32,CORSAIR Nautilus 360 RS AIO Liquid CPU Cooler – Black,111.49,32.31,2026-10-03,0.0,0,https://www.amazon.com/CORSAIR-Nautilus-360-Liquid-Cooler/dp/B0H8494H32,0.0,32.31
20261003_050925,2026-10-03T05:32:01.423894+00:00,amazon_usa,COOLER,B0946GJ4GX,"Cooler Master Elite Liquid 360 AIO Liquid CPU Cooler, ARGB White",81.09,23.5,2026-10-03,4.4,297,https://www.amazon.com/Cooler-Master-MasterLiquid-Close-Loop-Translucent/dp/B0946GJ4GX,0.0,23.5
20261003_050925,2026-10-03T05:32:01.423894+00:00,amazon_usa,COOLER,B0D73CDLK5,"Thermalright Frozen Infinity 360 Black CPU Water Cooler,360 Aio CPU Cooler,Triple TL-M12 PWM Fans,Infinity Mirror CPU Cooling,for AM4/AM5,Intel LGA1851/1700/1150/1151",54.62,15.83,2026-10-03,4.7,175,https://www.amazon.com/Thermalright-Frozen-Infinity-360-LGA1851/dp/B0D73CDLK5,0.0,15.83
20261003_050925,2026-10-03T05:32:01.423894+00:00,amazon_usa,COOLER,B0FHDDJHN4,"Thermalrlght Trofeo Vision 360 ARGB White CPU Aio Cooler,CPU Water Cooling System,6.86inch IPS Long Screen with 1280x480 Resolution,for AM4/AM5,LGA1851/1700,Magnetic Screen is not Limited",150.61,43.65,2026-10-03,4.4,23,https://www.amazon.com/Thermalrlght-6-86inch-1280x480-Resolution-Magnetic/dp/B0FHDDJHN4,0.0,43.65
20261003_050925,2026-10-03T05:32:01.423894+00:00,amazon_usa,COOLER,B0H5QH8BSM,TRYX Holo 360mm AIO White Holographic Visual GIPHY Built-in Asetek 280w TDP,182.46,52.88,2026-10-03,4.5,20,https://www.amazon.com/TRYX-Holographic-Visual-Built-Asetek/dp/B0H5QH8BSM,0.0,52.88
20261003_050925,2026-10-03T05:32:01.423894+00:00,amazon_usa,COOLER,B0FX3Q7JLQ,"darkFlash DE360 All-in-one Liquid CPU Cooler, 2.88” LCD Screen with 480 * 480 Resolution, ARGB Sync, PWM Fans 360mm Radiator, CPU PC Aio Cooler Compatible with Intel 1851/1700, AMD AM4/AM5 (Black)",107.45,31.14,2026-10-03,3.7,18,https://www.amazon.com/darkFlash-Liquid-Cooler-Resolution-Radiator-Compatible/dp/B0FX3Q7JLQ,0.0,31.14
20261003_050925,2026-10-03T05:32:01.423894+00:00,amazon_usa,COOLER,B0DW2T19HJ,"GAMDIAS 360mm AIO Liquid Cooler, 360mm Water Cooling CPU Cooler with 3.4'' LCD, Rotatable Pump, Clean Daisy-Chain Cable Management, 3x120mm PWM Fan, Intel LGA 20XX/18XX/1700, AMD AM5/AM4 CHIONE P5-360",86.57,25.09,2026-10-03,4.4,44,https://www.amazon.com/GAMDIAS-CHIONE-Customizable-Performance-Management/dp/B0DW2T19HJ,0.0,25.09
20261003_050925,2026-10-03T05:32:01.423894+00:00,amazon_usa,COOLER,B0D1K7WRLV,"Thermalright FW360 Black CPU AIO Cooler,PC 360 Specification Water Cooler System,IPS LCD Screen with 320 * 240 Resolution,for AM5&Intel LGA1851,High Performance Pump,Comes with 2.4-inch LCD Display",67.49,19.56,2026-10-03,4.9,23,https://www.amazon.com/Thermalright-Cooling-Resolution-LGA1700-Computer/dp/B0D1K7WRLV,0.0,19.56
20261003_050925,2026-10-03T05:32:01.423894+00:00,amazon_usa,COOLER,B0FD75H1D6,"Thermalright Trofeo Vision 360 ARGB White CPU Liqud Cooler,6.86-inch Magnetic IPS LCD Screen with 1280x480 Resolution,Free to DIY a Variety of Themes,Liquid CPU Cooler for AM4/AM5,Intel lga1700/1851",119.94,34.76,2026-10-03,4.2,47,https://www.amazon.com/Thermalright-ARGB-6-86-inch-2400x1080-Resolution/dp/B0FD75H1D6,0.0,34.76
20261003_050925,2026-10-03T05:32:01.423894+00:00,amazon_usa,COOLER,B0DF7CZ9D8,"CORSAIR Titan 360 RX LCD Liquid CPU Cooler, 360mm AIO, Low-Noise FlowDrive Cooling Engine, Intel LGA 1851/1700 & AMD AM5/AM4, 3X RX120 RGB Fans, System Hub Included, Black",223.01,64.63,2026-10-03,4.6,1300,https://www.amazon.com/CORSAIR-Low-Noise-FlowDrive-Cooling-Included/dp/B0DF7CZ9D8,0.0,64.63
20261003_050925,2026-10-03T05:32:01.423894+00:00,amazon_usa,COOLER,B0DPY1CVK4,MSI MAG Coreliquid A15 360 - AIO ARGB Liquid Cooling - 360mm Radiator - Triple 120mm ARGB PWM Fans - EZ Connect - Uni Bracket - LGA 1700/1851/AM5/AM4 Compatible - Black,91.23,26.44,2026-10-03,4.5,84,https://www.amazon.com/MSI-MAG-CORELIQUID-A15-360/dp/B0DPY1CVK4,0.0,26.44
20261003_050925,2026-10-03T05:32:01.423894+00:00,amazon_usa,COOLER,B0G6K8XFC8,TRYX Stage AIO Cooler 360mm 4'' Dual-Screen GIPHY Built-in Asetek 280w TDP,202.72,58.75,2026-10-03,4.3,64,https://www.amazon.com/TRYX-Dual-Screen-Customizable-Cooler-Display/dp/B0G6K8XFC8,0.0,58.75
20261003_050925,2026-10-03T05:32:01.423894+00:00,amazon_usa,COOLER,B0CK57N22Q,"Cooler Master 360 Atmos Performance-Driven Close-Loop AIO Liquid Cooler, R9|Ultra 9, Dual Chamber aRGB Pump, 360 Radiator, Sickleflow Edge PWM Fans, AM5|4, Intel LGA 1851|1700 Platform",101.34,29.37,2026-10-03,4.7,139,https://www.amazon.com/CoolerMaster-MasterLiquid-Close-Loop-Cooler-MLX-D36M-A25PZ-R1/dp/B0CK57N22Q,0.0,29.37
20261003_050925,2026-10-03T05:32:01.423894+00:00,amazon_usa,COOLER,B0FWTK88NB,MSI CORELIQUID A17 MLG Edition - AIO ARGB CPU Liquid Cooler - 360mm Radiator - LGA 1851 and AM5 Ready - Triple 120mm ARGB PWM Fans - Uni Bracket - Exclusive MLG Figure,151.03,43.77,2026-10-03,4.9,23,https://www.amazon.com/MSI-CORELIQUID-A17-MLG-Exclusive/dp/B0FWTK88NB,0.0,43.77
20261003_050925,2026-10-03T05:32:01.423894+00:00,amazon_usa,COOLER,B0DC8553XN,msi MAG CoreLiquid I360 Black - AIO ARGB CPU Liquid Cooler - Infinity Mirror Design - UNI Bracket - 360mm Radiator - Triple 120mm ARGB PWM Fans - LGA 1700/1851 / AM5/AM4 Compatible,111.49,32.31,2026-10-03,4.6,127,https://www.amazon.com/MSI-MAG-CoreLiquid-I360-Black/dp/B0DC8553XN,0.0,32.31
20261003_050925,2026-10-03T05:32:01.423894+00:00,amazon_usa,COOLER,B0FMK2WJLR,"KINGCOOL Pure Flow 360mm AIO CPU Liquid Cooler for AMD Intel CPU, White",63.83,18.5,2026-10-03,5.0,8,https://www.amazon.com/KINGCOOL-Enhanced-Transparent-Aluminum-Compatible/dp/B0FMK2WJLR,0.0,18.5
20261003_050925,2026-10-03T05:32:01.423894+00:00,amazon_usa,COOLER,B0H7TDSHJ5,"Antec Skeleton Matrix 360 ARGB Liquid CPU Cooler, 360mm Radiator, Single-Frame Fan, Hydraulic Bearing, Copper Base, Intel LGA 115X/1200/1700/1851/20XX, AMD AM3/AM4/AM5, Black",60.8,17.62,2026-10-03,4.9,17,https://www.amazon.com/Antec-Skeleton-Matrix-360-ARGB/dp/B0H7TDSHJ5,0.0,17.62
20261003_050925,2026-10-03T05:32:01.423894+00:00,amazon_usa,COOLER,B0DF7RD6PT,Ocypus Iota L36 BK 360mm AIO Liquid CPU Cooler with Digital Temp Display,70.94,20.56,2026-10-03,4.7,62,https://www.amazon.com/Ocypus-Iota-L36-Liquid-Efficient/dp/B0DF7RD6PT,0.0,20.56
20261003_050925,2026-10-03T05:32:01.423894+00:00,amazon_usa,COOLER,B0FHGSM9NK,"Thermalright Stream Vision 360 Black-360mm AIO CPU Liquid Cooler,3.5’’Square LCD Display for Images,Magnetic Suction High-Performance Pump for 640x480 Resolution with Embedded Fan,for AM5/lga1851/1700",120.53,34.93,2026-10-03,4.8,20,https://www.amazon.com/Thermalright-Black-360mm-3-5Square-High-Performance-Resolution/dp/B0FHGSM9NK,0.0,34.93
20261003_050925,2026-10-03T05:32:01.423894+00:00,amazon_usa,COOLER,B0BDJYXM2Y,"Thermalright Frozen Notte 360 Black ARGB V2 Water Cooling CPU Cooler, 360 Specification CPU Liquid Cooler,3 PWM Fans, S-FDB Bearings, Suitable for AMD:AM4/AM5, Intel LGA 1851/1700/115X/1200/2011",55.66,16.13,2026-10-03,4.4,497,https://www.amazon.com/Thermalright-Frozen-Notte-360-Specifications/dp/B0BDJYXM2Y,0.0,16.13
20261003_050925,2026-10-03T05:32:01.423894+00:00,amazon_usa,COOLER,B0DSJ2RDKV,"darkFlash DV360S All-in-one Liquid CPU Cooler, 3.2” LCD Screen with 320 * 320 Resolution, ARGB Sync, PWM Fans 360mm Radiator, CPU PC Aio Cooler Compatible with Intel 1851/1700, AMD AM4/AM5 (Black)",97.3,28.2,2026-10-03,4.2,113,https://www.amazon.com/darkFlash-DV360S-Liquid-Resolution-Radiator-Compatible/dp/B0DSJ2RDKV,0.0,28.2
20261003_050925,2026-10-03T05:32:06.275658+00:00,amazon_usa,COOLER,B0BWJTHKK1,"Thermalright Frozen Prism 360 White ARGB CPU Liquid Cooler,Efficient PWM Controlled Pump 3300RPM,3×TL-E12 Series PWM Fan,Water Cooling Computer Parts,for AMD AM4/AM5,Intel 1150/1156/1200/1700/2011",56.76,16.45,2026-10-03,4.5,59,https://www.amazon.com/Thermalright-Efficient-Controlled-3%C3%97TL-E12-Computer/dp/B0BWJTHKK1,0.0,16.45
20261003_050925,2026-10-03T05:32:06.275658+00:00,amazon_usa,COOLER,B0DT5R7DPG,TRYX Panorama 360mm AIO Curved Screen GIPHY Built-in Asetek 320w TDP,299.02,86.66,2026-10-03,4.4,80,https://www.amazon.com/TRYX-360-Anamorphic-Customizable-Performance/dp/B0DT5R7DPG,0.0,86.66
20261003_050925,2026-10-03T05:32:06.275658+00:00,amazon_usa,COOLER,B0BWJS56BF,"Thermalright Frozen Prism360 Black ARGB CPU Liquid Cooler,Efficient PWM Controlled Pump 2800RPM,3×TL-E12 Series PWM Fan,Water Cooling Computer Parts,for AMD AM4/AM5,Intel 1150/1151/1200/1700/1851",54.62,15.83,2026-10-03,4.4,173,https://www.amazon.com/Thermalright-Frozen-Black-ARGB-Controlled/dp/B0BWJS56BF,0.0,15.83
20261003_050925,2026-10-03T05:32:06.275658+00:00,amazon_usa,COOLER,B0FD3MRM1B,"Thermalright Wonder Vision 360 UB ARGB CPU AIO Cooler,360mm Radiator, 2K 60HZ Curved Screen with 2400x1080 Resolution,for AM4/AM5,Intel LGA1851/1700,6.67in 3D Screen High Performance Pump",214.28,62.1,2026-10-03,4.5,61,https://www.amazon.com/Thermalright-Radiator-2400x1080-Resolution-Performance/dp/B0FD3MRM1B,0.0,62.1
20261003_050925,2026-10-03T05:32:06.275658+00:00,amazon_usa,COOLER,B0FPCVCTS5,Lian Li Hydroshift II LCD-S-360 CL-Liquid CPU Cooler-White-HS2LCDS36CW,204.51,59.27,2026-10-03,4.3,179,https://www.amazon.com/Lian-Hydroshift-360-ARGB-Liquid-Cooler/dp/B0FPCVCTS5,0.0,59.27
20261003_050925,2026-10-03T05:32:06.275658+00:00,amazon_usa,COOLER,B0DPNQS3Q5,ASUS ROG Ryujin III ARGB Extreme White 360mm AMD/Intel Liquid CPU Cooler,385.18,111.63,2026-10-03,4.4,52,https://www.amazon.com/ASUS-ROG-III-360-ARGB/dp/B0DPNQS3Q5,0.0,111.63
20261003_050925,2026-10-03T05:32:06.275658+00:00,amazon_usa,COOLER,B0FX2XJKX3,"PCCOOLER GT360M 360mm AIO CPU Cooler with 2.8"" IPS LCD, ARGB, 300W TDP",100.34,29.08,2026-10-03,4.0,95,https://www.amazon.com/PCCOOLER-2-8-Inch-Aluminum-Compatible-GT360M/dp/B0FX2XJKX3,0.0,29.08
20261003_050925,2026-10-03T05:32:06.275658+00:00,amazon_usa,COOLER,B0D86H1VW2,"Frozen Infinity 360 Black CPU Aio Cooler,TL-M12*3 PWM Fans,Computer CPU Water Cooler,ARGB Infinity Mirror,360 CPU Liquid Cooling:LGA1851/1700/1150/1151/1200/2011,PC Water Cooling",56.66,16.42,2026-10-03,4.9,35,https://www.amazon.com/Thermalrlght-Frozen-Infinity-Computer-Cooling/dp/B0D86H1VW2,0.0,16.42
20261003_050925,2026-10-03T05:32:06.275658+00:00,amazon_usa,COOLER,B0D1JHNKSW,"Thermalright FW360 Black ARGB CPU Water Cooler with 3 PWM Fans with 2000RPM,IPS LCD Screen with 320x240 Resolution,Liquid CPU Cooler with 2.4in LCD Display,CPU PC Aio Cooler for AM5/Intel LGA1851",82.19,23.82,2026-10-03,4.6,139,https://www.amazon.com/Thermalright-Black-ARGB-V2-Resolution/dp/B0D1JHNKSW,0.0,23.82
20261003_050925,2026-10-03T05:32:06.275658+00:00,amazon_usa,COOLER,B0CDPMBV9K,"Thermalright Aqua Elite 360 White V3 Water Cooling CPU Cooler 3 PWM ARGB Fans with S-FDB Bearings,Efficient PWM Controlled Pump,for AMD/AM4/AM5, Intel LGA1150/1151/1200/2011/1700/1851(AE360 White V3)",56.66,16.42,2026-10-03,4.6,194,https://www.amazon.com/Thermalright-Cooling-Bearings-Efficient-Controlled/dp/B0CDPMBV9K,0.0,16.42
20261003_050925,2026-10-03T05:32:06.275658+00:00,amazon_usa,COOLER,B0FG7T8F9W,"Thermalrlght Wonder Vision 360 UB ARGB Black CPU Water Cooler,CPU Water Cooling System,6.67inch Curved Screen with 2400x1080 Resolution,for AM4/AM5,LGA1851/1700,7:3 Visual Scale Screen Ratio for 3D",209.72,60.78,2026-10-03,4.4,14,https://www.amazon.com/Thermalrlght-Cooling-6-67inch-2400x1080-Resolution/dp/B0FG7T8F9W,0.0,60.78
20261003_050925,2026-10-03T05:32:06.275658+00:00,amazon_usa,COOLER,B0D7KYN5PP,"Silverstone Technology XE360-TR5 360mm All-in-One Liquid Cooler for AMD TR5 / SP6, SST-XE360-TR5",397.6,115.23,2026-10-03,4.6,50,https://www.amazon.com/SilverStone-Technology-XE360-TR5-Liquid-SST-XE360-TR5/dp/B0D7KYN5PP,0.0,115.23
20261003_050925,2026-10-03T05:32:06.275658+00:00,amazon_usa,COOLER,B0CXXTMBG7,"AsiaHorse WK-A360 ARGB All-in-One AIO CPU Liquid Cooler, Wandering Knight 360mm Water Cooling System with Dual High-Performance Pump and 3×120mm PWM Fans, Compatible with Intel & AMD CPUs (White)",101.24,29.34,2026-10-03,4.5,167,https://www.amazon.com/AsiaHorse-WK-A360-Wandering-High-Performance-Compatible/dp/B0CXXTMBG7,0.0,29.34
20261003_050925,2026-10-03T05:32:06.275658+00:00,amazon_usa,COOLER,B0DK3K2NXZ,"Thermalright CORE Vision 360 Black ARGB-360mm AIO CPU Liquid Cooler,IPS LCD Screen with 480 * 480 Resolution,for AM4/AM5/Intel LGA1700/1851,‘2.1 inch’Magnet-Absorbent LCD Screen for Images",96.2,27.88,2026-10-03,4.8,26,https://www.amazon.com/Thermalright-CORE-360-Black-inchMagnet-Absorbent/dp/B0DK3K2NXZ,0.0,27.88
20261003_050925,2026-10-03T05:32:06.275658+00:00,amazon_usa,COOLER,B0GJ685D5B,"TR Thermalright Mjolnir Vision 360 UB PRO ARGB White CPU Water Cooler,360 Aio Cooler, IPS LCD Screen with 640x480 Resolution,for Intel LGA1851/1700,AM4/AM5,CPU Liquid Cooler,3.5-inch Display-Magnetic",84.02,24.35,2026-10-03,3.8,6,https://www.amazon.com/Thermalright-Mjolnir-Resolution-3-5-inch-Display-Magnetic/dp/B0GJ685D5B,0.0,24.35
20261003_050925,2026-10-03T05:32:06.275658+00:00,amazon_usa,COOLER,B0FF46SVSX,"Ocypus Sigma PRO L36 BK 360MM AIO Liquid CPU Cooler with 3.5"" LCD Display",101.34,29.37,2026-10-03,4.4,71,https://www.amazon.com/Sigma-PRO-L36-BK-Ultra-Narrow/dp/B0FF46SVSX,0.0,29.37
20261003_050925,2026-10-03T05:32:06.275658+00:00,amazon_usa,COOLER,B0C7R2RDRL,"Thermalright Frozen Edge 360 Black Liquid CPU Water Cooler with 120mm PWM Fan,360 Black Cold Row Specification,Integrated Water-Cooler Heatsink for AM4/AM5,Intel LGA1700/1150/1151/1200/1851",55.66,16.13,2026-10-03,4.6,66,https://www.amazon.com/Thermalright-Specification-Integrated-Water-Cooler-Heatsink/dp/B0C7R2RDRL,0.0,16.13
20261003_050925,2026-10-03T05:32:06.275658+00:00,amazon_usa,COOLER,B0H84D3NWL,CORSAIR Nautilus 360 RS ARGB AIO Liquid CPU Cooler – Black,131.77,38.19,2026-10-03,0.0,0,https://www.amazon.com/CORSAIR-Nautilus-ARGB-Liquid-Cooler/dp/B0H84D3NWL,0.0,38.19
20261003_050925,2026-10-03T05:32:06.275658+00:00,amazon_usa,COOLER,B0D4PTC4RH,"MONTECH HyperFlow ARGB 360mm AIO CPU Liquid Cooler, 3 ARGB Fans, White",97.2,28.17,2026-10-03,4.7,217,https://www.amazon.com/MONTECH-HyperFlow-ARGB-360-Chart-Topping-Performance/dp/B0D4PTC4RH,0.0,28.17
20261003_050925,2026-10-03T05:32:06.275658+00:00,amazon_usa,COOLER,B0H1VXYBGW,"Thermalright TR Levita Vision 360 ARGB Black CPU Water Cooler,6.67-in Magnetic Curved Screen with 2400x1080 Resolution,Building Block Splicing Fan-2000RPM,CPU Cooler for AM4/AM5, Intel lga1700/1851",202.65,58.73,2026-10-03,5.0,1,https://www.amazon.com/Thermalright-Magnetic-2400x1080-Resolution-Fan-2000RPM/dp/B0H1VXYBGW,0.0,58.73
20261003_050925,2026-10-03T05:32:06.275658+00:00,amazon_usa,COOLER,B0FD6CRPS4,"Thermalright Trofeo Vision 360 ARGB Black CPU Liquid Cooler,for AM4/AM5,Intel LGA1851/1700,6.86-inch Full Colour LCD Display with 1280x480 Resolutions,Magnetic Panel Screen,DIY Dynamic/Static Images",146.89,42.57,2026-10-03,3.9,54,https://www.amazon.com/Thermalright-Trofeo-Vision-ARGB-Black/dp/B0FD6CRPS4,0.0,42.57
20261003_050925,2026-10-03T05:32:06.275658+00:00,amazon_usa,COOLER,B0GY94P73J,"GIGABYTE Eagle 360 - AIO Liquid CPU Cooler - 360mm Radiator, 3X 120mm High-Volume PWM Fans, Compatible with Intel LGA 1851/1700/115X/1200, AMD AM5/AM4 - Black (GP-GIGABYTE Eagle 360)",73.32,21.25,2026-10-03,5.0,2,https://www.amazon.com/GIGABYTE-Eagle-360-High-GP-GIGABYTE/dp/B0GY94P73J,0.0,21.25
20261003_050925,2026-10-03T05:32:06.275658+00:00,amazon_usa,COOLER,B0G814QTSL,"Thermalright Levita Vision 360 UB ARGB Black CPU Liquid Cooler,360mm Aio, 2K 60HZ Curved Screen with 2400x1080 Resolution,for AM4/AM5,Intel LGA1851/1700,6.67in 3D Screen High Performance Pump",219.04,63.48,2026-10-03,0.0,0,https://www.amazon.com/Thermalright-2400x1080-Resolution-LGA1851-Performance/dp/B0G814QTSL,0.0,63.48
20261003_050925,2026-10-03T05:32:16.602478+00:00,amazon_usa,COOLER,B0DF7DH5Z5,"CORSAIR Nautilus 240 RS Liquid CPU Cooler – 240mm AIO – Low-Noise – Direct Motherboard Connection – Daisy-Chain – Intel LGA 1851/1700, AMD AM5/AM4 – 2X RS120 Fans Included – Black",81.09,23.5,2026-10-03,4.6,1000,https://www.amazon.com/CORSAIR-Nautilus-240-Liquid-Cooler/dp/B0DF7DH5Z5,0.0,23.5
20261003_050925,2026-10-03T05:32:16.602478+00:00,amazon_usa,COOLER,B0CCNS5NZ9,"Thermalright Aqua Elite 240 V3 Water Cooling CPU Cooler, Double PWM ARGB Fans with S-FDB Bearings,Efficient PWM Controlled Pump,for AMD/AM4/AM5, Intel LGA1150/1151/1200/1700/1851, (AE240 V3)",45.51,13.19,2026-10-03,4.7,488,https://www.amazon.com/Thermalright-Cooling-Bearings-Efficient-Controlled/dp/B0CCNS5NZ9,0.0,13.19
20261003_050925,2026-10-03T05:32:16.602478+00:00,amazon_usa,COOLER,B0DLWGL38S,"ARCTIC Liquid Freezer III Pro 240 A-RGB - AIO CPU Cooler, Water Cooling",65.08,18.86,2026-10-03,4.4,492,https://www.amazon.com/ARCTIC-Liquid-Freezer-III-RGB/dp/B0DLWGL38S,0.0,18.86
20261003_050925,2026-10-03T05:32:16.602478+00:00,amazon_usa,COOLER,B0DLWFBHSL,"ARCTIC Liquid Freezer III Pro 240 - AIO CPU Cooler,2 x 120 mm Water Cooling",74.91,21.71,2026-10-03,4.2,850,https://www.amazon.com/ARCTIC-Freezer-240-240-Cooling-Radiator/dp/B0DLWFBHSL,0.0,21.71
20261003_050925,2026-10-03T05:32:16.602478+00:00,amazon_usa,COOLER,B0BLJGW838,"Thermalright Frozen Notte 240 WHITE ARGB Water Cooling CPU Cooler, 240 White CPU Cooler Specifications, Double PWM Fans, S-FDB V2 Bearings, Suitable for AMD/AM4 AM5, Intel LGA 1700/1150/1151/1200/2011",33.99,9.85,2026-10-03,4.6,118,https://www.amazon.com/Thermalright-Frozen-Notte-WHITE-ARGB/dp/B0BLJGW838,0.0,9.85
20261003_050925,2026-10-03T05:32:16.602478+00:00,amazon_usa,COOLER,B0DS256KQP,Thermalright FW 240 SE ARGB Black-360mm AIO CPU Liquid Cooler,59.38,17.21,2026-10-03,4.5,153,https://www.amazon.com/Thermalright-SE-ARGB-Magnet-Absorbent-Images-Black/dp/B0DS256KQP,0.0,17.21
20261003_050925,2026-10-03T05:32:16.602478+00:00,amazon_usa,COOLER,B0DF2K9VQY,"ID-COOLING FX240 PRO 240mm AIO CPU Cooler, High-Efficiency Fans",50.69,14.69,2026-10-03,4.1,199,https://www.amazon.com/ID-COOLING-FX240-Liquid-Cooler-Desktop/dp/B0DF2K9VQY,0.0,14.69
20261003_050925,2026-10-03T05:32:16.602478+00:00,amazon_usa,COOLER,B0F5SNTBNC,"NZXT Kraken Plus 240 RGB - 240mm AIO CPU Cooler, LCD - White",91.23,26.44,2026-10-03,4.5,338,https://www.amazon.com/NZXT-Kraken-Plus-240-RGB/dp/B0F5SNTBNC,0.0,26.44
20261003_050925,2026-10-03T05:32:16.602478+00:00,amazon_usa,COOLER,B086BYYFG5,"CoolerMaster MasterLiquid ML240L RGB V2, Close-Loop AIO CPU Liquid Cooler, Gen3 Dual Chamber Pump, 240mm Radiator, SickleFlow 120 PWM ARGB, AMD Ryzen AM5/AM4, Intel LGA1700/1200 (MLW-D24M-A18PC-R2)",91.23,26.44,2026-10-03,4.6,9600,https://www.amazon.com/CoolerMaster-MasterLiquid-Close-Loop-Cooler-SickleFlow/dp/B086BYYFG5,0.0,26.44
20261003_050925,2026-10-03T05:32:16.602478+00:00,amazon_usa,COOLER,B09463GC4H,"Cooler Master Elite Liquid 240 AIO Liquid CPU Cooler, ARGB",39.51,11.45,2026-10-03,4.2,207,https://www.amazon.com/Cooler-Master-MasterLiquid-Close-Loop-Translucent/dp/B09463GC4H,0.0,11.45
20261003_050925,2026-10-03T05:32:16.602478+00:00,amazon_usa,COOLER,B0FLTCSL45,NZXT Kraken Core 240 RGB - 240mm AIO CPU Cooler - Black,91.23,26.44,2026-10-03,4.7,221,https://www.amazon.com/NZXT-Kraken-Core-240-RGB/dp/B0FLTCSL45,0.0,26.44
20261003_050925,2026-10-03T05:32:16.602478+00:00,amazon_usa,COOLER,B0F5SGK5Q7,"NZXT Kraken Plus 240-240mm AIO CPU Cooler, LCD - Black",121.63,35.25,2026-10-03,4.2,413,https://www.amazon.com/NZXT-Kraken-Plus-240-Customizable/dp/B0F5SGK5Q7,0.0,35.25
20261003_050925,2026-10-03T05:32:16.602478+00:00,amazon_usa,COOLER,B0DLWGB566,"ARCTIC Liquid Freezer III Pro 240 A-RGB - AIO CPU Cooler, Water Cooling",68.22,19.77,2026-10-03,4.6,78,https://www.amazon.com/ARCTIC-Liquid-Freezer-RGB-White/dp/B0DLWGB566,0.0,19.77
20261003_050925,2026-10-03T05:32:16.602478+00:00,amazon_usa,COOLER,B0BLS3372N,"ID-COOLING FROSTFLOW X 240 240mm AIO CPU Cooler, White LED, Intel & AMD",55.73,16.15,2026-10-03,4.5,1300,https://www.amazon.com/ID-COOLING-FROSTFLOW-Cooler-Liquid-2x120mm/dp/B0BLS3372N,0.0,16.15
20261003_050925,2026-10-03T05:32:16.602478+00:00,amazon_usa,COOLER,B0DPLZH6VP,"ID-COOLING FX240 PRO White 240mm AIO CPU Cooler, High-Efficiency Fans",55.73,16.15,2026-10-03,4.5,37,https://www.amazon.com/ID-COOLING-FX240-PRO-Liquid-Desktop/dp/B0DPLZH6VP,0.0,16.15
20261003_050925,2026-10-03T05:32:16.602478+00:00,amazon_usa,COOLER,B0D6BF3RXL,"CORSAIR iCUE Link Titan 240 RX RGB Liquid CPU Cooler – 240mm AIO – Low-Noise – FlowDrive Cooling Engine – Intel LGA 1851/1700, AMD AM5/AM4 – 2X RX120 RGB Fans – iCUE Link System Hub Included – Black",160.14,46.41,2026-10-03,4.6,1500,https://www.amazon.com/CORSAIR-iCUE-Titan-Liquid-Cooler/dp/B0D6BF3RXL,0.0,46.41
20261003_050925,2026-10-03T05:32:16.602478+00:00,amazon_usa,COOLER,B0FLWQ7D4D,be quiet! Pure Loop 3 240mm AiO Water Cooling for Slightly Overclocking,86.16,24.97,2026-10-03,4.4,84,https://www.amazon.com/quiet-Slightly-Overclocked-High-Speed-Whisper-Quiet/dp/B0FLWQ7D4D,0.0,24.97
20261003_050925,2026-10-03T05:32:16.602478+00:00,amazon_usa,COOLER,B0FL7DLD7X,PF 240 CPU Water AIO Cooler Liquid Cooling|5.5-inch LCD Magnetic Screen|360mm ARGB Infinity Mirror 2000RPM PWM Fan|Lower Noise ≤30DBA|for LGA1851/1700/1200/115X/AM4/AM5(White),131.77,38.19,2026-10-03,4.0,21,https://www.amazon.com/Jungle-Leopard-5-5-inch-Magnetic-Infinity/dp/B0FL7DLD7X,0.0,38.19
20261003_050925,2026-10-03T05:32:16.602478+00:00,amazon_usa,COOLER,B0DM4CBKFY,"MSI MAG Coreliquid A13 240 - AIO ARGB CPU Liquid Cooler - 240mm Radiator - LGA 1700/1851 / AM5/AM4 Compatible - Dual 120mm ARGB PWM Fans, Black",67.91,19.68,2026-10-03,4.6,166,https://www.amazon.com/MSI-MAG-Coreliquid-A13-240/dp/B0DM4CBKFY,0.0,19.68
20261003_050925,2026-10-03T05:32:16.602478+00:00,amazon_usa,COOLER,B0CCXG57HT,"Thermaltake TH240 ARGB Sync V2 CPU Liquid Cooler/AlO Liquid Cooling/Fan 120mm*2/PWM 500~2000 RPM/Mirror Waterblock/MB ARGB Sync Control, CL-W361-PL12SW-A , Black",55.73,16.15,2026-10-03,4.6,326,https://www.amazon.com/Thermaltake-Cooling-500-2000-Waterblock-CL-W361-PL12SW/dp/B0CCXG57HT,0.0,16.15
20261003_050925,2026-10-03T05:32:16.602478+00:00,amazon_usa,COOLER,B09464Z8G9,"Cooler Master Elite Liquid 240 AIO Liquid CPU Cooler, ARGB White",74.15,21.49,2026-10-03,4.5,241,https://www.amazon.com/Cooler-Master-MasterLiquid-Close-Loop-Translucent/dp/B09464Z8G9,0.0,21.49
20261003_050925,2026-10-03T05:32:16.602478+00:00,amazon_usa,COOLER,B0D8VFCCK5,"Thermalrlght FW240 White ARGB V2 CPU Water Cooler with 2 PWM Fans with 2000RPM,IPS LCD Screen with 320 * 240 Resolution,Liquid CPU Cooler,CPU PC Aio Cooler for AMD:AM4/AM5/Intel LGA1700",59.69,17.3,2026-10-03,4.6,66,https://www.amazon.com/Thermalrlght-Cooler-2000RPM-Screen-Resolution/dp/B0D8VFCCK5,0.0,17.3
20261003_050925,2026-10-03T05:32:16.602478+00:00,amazon_usa,COOLER,B0D97QNVP5,"ID-COOLING FX240 INF 240mm AIO CPU Cooler, ARGB, Low Noise",35.47,10.28,2026-10-03,4.4,53,https://www.amazon.com/ID-COOLING-Infinity-Daisy-Chained-Low-Noise-Operating/dp/B0D97QNVP5,0.0,10.28
20261003_050925,2026-10-03T05:32:20.435315+00:00,amazon_usa,COOLER,B0DHXD1QHY,"Thermalright Aqua Elite 240 White ARGB Liquid CPU Cooler, 240 Cooling Row Size, Double PWM Fans,1550RPM Speed,for AMD/AM4/AM5,Intel LGA1150/1151/1155/1156/1200/1700/1851(White)",44.51,12.9,2026-10-03,4.6,28,https://www.amazon.com/Thermalright-240-ARGB-V4-Cooling/dp/B0DHXD1QHY,0.0,12.9
20261003_050925,2026-10-03T05:32:20.435315+00:00,amazon_usa,COOLER,B0F5S84X8P,"NZXT Kraken Plus 240 RGB - 240mm AIO CPU Cooler, LCD - Black",91.23,26.44,2026-10-03,4.5,338,https://www.amazon.com/NZXT-Kraken-Plus-240-RGB/dp/B0F5S84X8P,0.0,26.44
20261003_050925,2026-10-03T05:32:20.435315+00:00,amazon_usa,COOLER,B0CCP7F5Z8,"Thermalright Aqua Elite 240 V3 Aio CPU Cooler,240 Liquid Cooling Row,ARGB PWM Cooler Fans,for Intel LGA1150/1151/1155/1156/1200/1851/1700,AMD:AM4/AM5,PC Cooler Aio",45.51,13.19,2026-10-03,4.7,204,https://www.amazon.com/Thermalright-240-V3-Cooling-LGA1150/dp/B0CCP7F5Z8,0.0,13.19
20261003_050925,2026-10-03T05:32:20.435315+00:00,amazon_usa,COOLER,B0BLJHRVF5,"Thermalright Frozen Notte 240 Black ARGB V2 Water Cooling CPU Cooler,240Black CPU Cooler Specifications, Double PWM Fans, S-FDB Bearings, Suitable for AMD/AM4 AM5,Intel LGA 1700/1150/1151/1200/2011",47.82,13.86,2026-10-03,4.6,459,https://www.amazon.com/Thermalright-240Black-Specifications-Bearings-Suitable/dp/B0BLJHRVF5,0.0,13.86
20261003_050925,2026-10-03T05:32:20.435315+00:00,amazon_usa,COOLER,B0DCFMG8PB,"NZXT Kraken Elite 240-240mm AIO CPU Cooler, LCD - Black",193.23,56.0,2026-10-03,4.0,288,https://www.amazon.com/NZXT-Kraken-Elite-240-2024/dp/B0DCFMG8PB,0.0,56.0
20261003_050925,2026-10-03T05:32:20.435315+00:00,amazon_usa,COOLER,B0F8CRYJ3P,"MSI MAG Coreliquid A12 240 - AIO ARGB CPU Liquid Cooler - 240mm Radiator - LGA 1700 Ready - Double Ball Bearring120mm ARGB PWM Fans x2, Rotatable Blockhead, LGA 1700/1851, AM5 / AM4, Black",67.91,19.68,2026-10-03,4.2,29,https://www.amazon.com/MAG-Coreliquid-A12-240-Bearring120mm/dp/B0F8CRYJ3P,0.0,19.68
20261003_050925,2026-10-03T05:32:20.435315+00:00,amazon_usa,COOLER,B0DWZQ7LKT,"be quiet! Silent Loop 3 240mm AiO ARGB Liquid CPU Cooler, for Overclocking",121.53,35.22,2026-10-03,4.6,71,https://www.amazon.com/quiet-Silent-Lighting-Liquid-Cooler/dp/B0DWZQ7LKT,0.0,35.22
20261003_050925,2026-10-03T05:32:20.435315+00:00,amazon_usa,COOLER,B0D6BGFVX8,"CORSAIR iCUE Link Titan 240 RX RGB Liquid CPU Cooler – 240mm AIO – Low-Noise – FlowDrive Cooling Engine – Intel LGA 1851/1700, AMD AM5/AM4 – 2X RX120 RGB Fans – iCUE Link System Hub Included – White",156.89,45.47,2026-10-03,4.6,1500,https://www.amazon.com/CORSAIR-iCUE-Titan-Liquid-Cooler/dp/B0D6BGFVX8,0.0,45.47
20261003_050925,2026-10-03T05:32:20.435315+00:00,amazon_usa,COOLER,B0FGDHFMDN,"CORSAIR Nautilus 240 RS LCD Liquid CPU Cooler – 2.1"" IPS LCD Screen, 240mm AIO, Low-Noise, Daisy-Chain, Intel LGA 1851/1700, AMD AM5/AM4 – 2X RS120 Fans Included – Black",140.88,40.83,2026-10-03,4.6,785,https://www.amazon.com/CORSAIR-Nautilus-240-Liquid-Cooler/dp/B0FGDHFMDN,0.0,40.83
20261003_050925,2026-10-03T05:32:20.435315+00:00,amazon_usa,COOLER,B0H29S6SR8,"Noctua NL-LC1-24, High-Performance 240mm AIO CPU Cooler",222.97,64.62,2026-10-03,4.9,39,https://www.amazon.com/Noctua-NL-LC1-24-High-Performance-240mm-Cooler/dp/B0H29S6SR8,0.0,64.62
20261003_050925,2026-10-03T05:32:20.435315+00:00,amazon_usa,COOLER,B0F8VXG14L,"Thermalright Aqua Elite 240 V6 ARGB Black-CPU Liquid Cooler, Efficient PWM Controlled Pump,for AM4/AM5,Intel LGA1150/1151/1200/1851/1700,Integrated Water-Cooled Radiator-Black",47.03,13.63,2026-10-03,4.7,111,https://www.amazon.com/Thermalright-Controlled-Integrated-Water-Cooled-Radiator-Black/dp/B0F8VXG14L,0.0,13.63
20261003_050925,2026-10-03T05:32:20.435315+00:00,amazon_usa,COOLER,B0DF79QWJW,"CORSAIR iCUE Link Titan 240 RX LCD Liquid CPU Cooler – 240mm AIO – Low-Noise – FlowDrive Cooling Engine – Intel LGA 1851/1700, AMD AM5/AM4 – 2X RX120 RGB Fans – iCUE Link System Hub Included – White",201.72,58.46,2026-10-03,4.6,1300,https://www.amazon.com/CORSAIR-iCUE-Titan-Liquid-Cooler/dp/B0DF79QWJW,0.0,58.46
20261003_050925,2026-10-03T05:32:20.435315+00:00,amazon_usa,COOLER,B0FGQBFFXX,TRYX Panorama SE 240mm AIO White Curved Screen GIPHY Built-in Asetek 260w,235.15,68.15,2026-10-03,4.2,8,https://www.amazon.com/TRYX-PANORAMA-Rotatable-Anamorphic-Customizable/dp/B0FGQBFFXX,0.0,68.15
20261003_050925,2026-10-03T05:32:20.435315+00:00,amazon_usa,COOLER,B0FGDKZVVM,"CORSAIR Nautilus 240 RS LCD Liquid CPU Cooler – 2.1"" IPS LCD Screen, 240mm AIO, Low-Noise, Daisy-Chain, Intel LGA 1851/1700, AMD AM5/AM4 – 2X RS120 Fans Included – White",141.92,41.13,2026-10-03,4.6,783,https://www.amazon.com/CORSAIR-Nautilus-240-Liquid-Cooler/dp/B0FGDKZVVM,0.0,41.13
20261003_050925,2026-10-03T05:32:20.435315+00:00,amazon_usa,COOLER,B08PTXFDP6,"ID-COOLING FROSTFLOW X 240 Snow 240mm AIO CPU Cooler, Intel & AMD",55.73,16.15,2026-10-03,4.6,1700,https://www.amazon.com/ID-COOLING-FROSTFLOW-Cooler-Liquid-2x120mm/dp/B08PTXFDP6,0.0,16.15
20261003_050925,2026-10-03T05:32:20.435315+00:00,amazon_usa,COOLER,B0D1K9H3H6,"Thermalright FW 240 White ARGB-240mm AIO CPU Liquid Cooler,IPS LCD Screen",65.8,19.07,2026-10-03,4.5,32,https://www.amazon.com/Thermalright-Warframe-ARGB-240mm-Resolution-Fans-White/dp/B0D1K9H3H6,0.0,19.07
20261003_050925,2026-10-03T05:32:20.435315+00:00,amazon_usa,COOLER,B0DQ2NBJ99,"Cooler Master 240 Core II AIO Liquid CPU Cooler, Infinity Mirror ARGB",60.8,17.62,2026-10-03,4.6,131,https://www.amazon.com/Cooler-Master-Infinity-Radiator-Platform/dp/B0DQ2NBJ99,0.0,17.62
20261003_050925,2026-10-03T05:32:20.435315+00:00,amazon_usa,COOLER,B0FND794DL,"Antec Skeleton 240 ARGB AIO Liquid CPU Cooler, 240mm, Black",40.54,11.75,2026-10-03,5.0,14,https://www.amazon.com/Antec-Skeleton-240-ARGB-High-Performance/dp/B0FND794DL,0.0,11.75
20261003_050925,2026-10-03T05:32:20.435315+00:00,amazon_usa,COOLER,B0D1K6BJJP,"Thermalright FW240 Black ARGB CPU AIO Cooler,PC 240 Specification Water Cooler System,IPS LCD Screen with 320 * 240 Resolution,for AM5&Intel LGA1700/1851,CPU Cooler Comes with 2.4-inch LCD Display",63.77,18.48,2026-10-03,4.2,88,https://www.amazon.com/Thermalright-Specification-Cooling-Resolution-Performance/dp/B0D1K6BJJP,0.0,18.48
20261003_050925,2026-10-03T05:32:20.435315+00:00,amazon_usa,COOLER,B0FHW5DZ29,"Minorsonic CPU Cooler 240mm Aio, Liquid Cooler CPU Low-Noise AMD AM5/AM4, Refrigeracion Liquida Water Cooling Systems, Intel LGA 1851/1700 PC Water Cooler 2 x 120 mm PWM Fans Black",39.51,11.45,2026-10-03,4.4,284,https://www.amazon.com/Minorsonic-Low-Noise-Refrigeracion-Liquida-Cooling/dp/B0FHW5DZ29,0.0,11.45
20261003_050925,2026-10-03T05:32:20.435315+00:00,amazon_usa,COOLER,B0CBRFXRFZ,"ID-COOLING SL240 240mm AIO CPU Cooler for Desktop PC 2.1"" Customizable LCD",81.09,23.5,2026-10-03,4.1,103,https://www.amazon.com/ID-COOLING-Display-Customizable-Performance-Metrics/dp/B0CBRFXRFZ,0.0,23.5
20261003_050925,2026-10-03T05:32:20.435315+00:00,amazon_usa,COOLER,B0D83LB8PB,"Thermalrlght Frozen Infinity 240 Black CPU Aio Cooler,TL-M12*2 PWM Fans,Computer CPU Water Cooler,ARGB Infinity Mirror,240 CPU Liquid Cooling:LGA1851/1700/1150/1151/1200/,PC Water Cooling",48.55,14.07,2026-10-03,4.7,56,https://www.amazon.com/Thermalrlght-Frozen-Infinity-Computer-Cooling/dp/B0D83LB8PB,0.0,14.07
20261003_050925,2026-10-03T05:32:20.435315+00:00,amazon_usa,COOLER,B0C4BW38R4,"Cooler Master 240L Core AIO CPU Liquid Cooler – 240mm Radiator, 2X ARGB PWM Fans, Patented Gen S Dual-Chamber Pump, Quiet Cooling & Easy Installation, AMD AM5/AM4 & Intel LGA 1851/1700, White",40.54,11.75,2026-10-03,4.2,170,https://www.amazon.com/Cooler-Master-MasterLiquid-Close-Loop-MLW-D24M-A18PZ-RW/dp/B0C4BW38R4,0.0,11.75
20261003_050925,2026-10-03T05:32:20.435315+00:00,amazon_usa,COOLER,B0FVJX3FZV,"Corsair iCUE Link Titan 240 RX RGB Liquid CPU Cooler – 240mm AIO – 2X RX120 RGB Fans Included – Fits Intel LGA 1851/1700, AMD AM5/AM4 – iCUE Link System Hub Included – White (Renewed)",81.09,23.5,2026-10-03,5.0,3,https://www.amazon.com/Corsair-iCUE-Titan-Liquid-Cooler/dp/B0FVJX3FZV,0.0,23.5
20261003_050925,2026-10-03T05:32:24.571919+00:00,amazon_usa,COOLER,B0D1JW9MVB,"Thermalright FW 240 Black ARGB V2 CPU Water Cooler with 2 PWM Fans with 2000RPM,IPS LCD Screen with 320 * 240 Resolution,Liquid CPU Cooler,CPU PC Aio Cooler for AMD:AM4/AM5/Intel LGA1700",68.84,19.95,2026-10-03,4.6,124,https://www.amazon.com/Thermalright-FW-240-Black-ARGB/dp/B0D1JW9MVB,0.0,19.95
20261003_050925,2026-10-03T05:32:24.571919+00:00,amazon_usa,COOLER,B0DKHPHBGV,"Thermalright Grand Vision 240 ARGB White AIO CPU Liquid Cooler,IPS LCD Screen with 480x480 Resolution,for AM4/AM5/LGA1851/1700,‘3.4 inch’Magnet-Absorbent LCD Screen for Images,Water-Cooled Radiator",87.09,25.24,2026-10-03,4.4,85,https://www.amazon.com/Thermalright-480x480-Resolution-LGA1851-inchMagnet-Absorbent/dp/B0DKHPHBGV,0.0,25.24
20261003_050925,2026-10-03T05:32:24.571919+00:00,amazon_usa,COOLER,B0H843VVKM,CORSAIR Nautilus II 240 RS ARGB AIO Liquid CPU Cooler – White,100.34,29.08,2026-10-03,0.0,0,https://www.amazon.com/CORSAIR-Nautilus-ARGB-Liquid-Cooler/dp/B0H843VVKM,0.0,29.08
20261003_050925,2026-10-03T05:32:24.571919+00:00,amazon_usa,COOLER,B0DHXCNXFF,"Thermalright Aqua Elite 240 ARGB V4 Liquid CPU Cooler, 240 Cooling Row Size, 2 x 120mm PWM Fans, Computer CPU Cooler,for AMD: AM4/AM5, Intel LGA1851/1700/1150/1151/1155/1156/1200(Black)",42.48,12.31,2026-10-03,4.6,40,https://www.amazon.com/Thermalright-Liquid-Cooler-Cooling-Computer/dp/B0DHXCNXFF,0.0,12.31
20261003_050925,2026-10-03T05:32:24.571919+00:00,amazon_usa,COOLER,B0D72XFLYD,"Thermalright Frozen Infinity 240 White CPU Aio Cooler,TL-M12W*2 PWM Fans,Computer CPU Water Cooler,ARGB Infinity Mirror,240 CPU Liquid Cooling:LGA1851/1700/1150/1151/1200/2011,PC Water Cooling",35.2,10.2,2026-10-03,4.8,40,https://www.amazon.com/Thermalright-Infinity-TL-M12W-Computer-Cooling/dp/B0D72XFLYD,0.0,10.2
20261003_050925,2026-10-03T05:32:24.571919+00:00,amazon_usa,COOLER,B0FX3P41R6,"PCCOOLER DA240 ARGB AIO CPU Liquid Cooler, 260W TDP, 3000RPM Quiet Pump",60.8,17.62,2026-10-03,4.9,42,https://www.amazon.com/PCCOOLER-DA240-240mm-Cooler-White/dp/B0FX3P41R6,0.0,17.62
20261003_050925,2026-10-03T05:32:24.571919+00:00,amazon_usa,COOLER,B0D1K3YP96,"Thermalright FW240 White ARGB V2 CPU Water Cooler with 2 PWM Fans with 2000RPM,IPS LCD Screen with 320 * 240 Resolution,Liquid CPU Cooler,CPU PC Aio Cooler for AMD:AM4/AM5/Intel LGA1700",48.96,14.19,2026-10-03,4.3,69,https://www.amazon.com/Thermalright-White-ARGB-V2-240/dp/B0D1K3YP96,0.0,14.19
20261003_050925,2026-10-03T05:32:24.571919+00:00,amazon_usa,COOLER,B0H845JJM3,CORSAIR Nautilus II 240 RS LCD AIO Liquid CPU Cooler – Black,130.77,37.9,2026-10-03,0.0,0,https://www.amazon.com/CORSAIR-Nautilus-240-Liquid-Cooler/dp/B0H845JJM3,0.0,37.9
20261003_050925,2026-10-03T05:32:24.571919+00:00,amazon_usa,COOLER,B0BTRXVCRV,"ASUS ROG RYUO III 240 ARGB All-in-one AIO Liquid CPU Cooler 240mm Radiator, Asetek 8th gen Pump Solution, Anime Matrix™ LED Display and ROG AF 12S ARGB Fan., 6 Year Warranty",152.03,44.06,2026-10-03,4.5,468,https://www.amazon.com/ASUS-ROG-RYUO-III-ARGB/dp/B0BTRXVCRV,0.0,44.06
20261003_050925,2026-10-03T05:32:24.571919+00:00,amazon_usa,COOLER,B0CBJQ4R9X,"ASUS ROG Ryujin III 240 ARGB WHT All-in-one Liquid CPU Cooler with 240mm Radiator. Asetek 8th gen Pump, 2X Magnetic 120mm ARGB Fans (Daisy Chain Design), 3.5” LCD Display.,White, 6 Year Warranty",202.72,58.75,2026-10-03,4.3,47,https://www.amazon.com/ASUS-ROG-III-240-ARGB/dp/B0CBJQ4R9X,0.0,58.75
20261003_050925,2026-10-03T05:32:24.571919+00:00,amazon_usa,COOLER,B0DQ2KYVT4,"Cooler Master 240 Core II AIO Liquid CPU Cooler, Infinity Mirror ARGB White",48.55,14.07,2026-10-03,4.6,54,https://www.amazon.com/Cooler-Master-Infinity-Radiator-Platform/dp/B0DQ2KYVT4,0.0,14.07
20261003_050925,2026-10-03T05:32:24.571919+00:00,amazon_usa,COOLER,B0FM7PZBP6,"ID-COOLING FX240 LCD 240mm AIO CPU Cooler, 1.48"" Customizable LCD Display",76.01,22.03,2026-10-03,4.3,28,https://www.amazon.com/ID-COOLING-FX240-LCD-Premium-Full-Color/dp/B0FM7PZBP6,0.0,22.03
20261003_050925,2026-10-03T05:32:24.571919+00:00,amazon_usa,COOLER,B0C4BZQG8P,"Cooler Master 240L Core AIO CPU Liquid Cooler – 240mm Radiator, 2X ARGB PWM Fans, Patented Gen S Dual-Chamber Pump, Quiet Cooling & Easy Installation, AMD AM5/AM4 & Intel LGA 1851/1700, Black",91.23,26.44,2026-10-03,4.5,220,https://www.amazon.com/Cooler-Master-MasterLiquid-Close-Loop-MLW-D24M-A18PZ-R1/dp/B0C4BZQG8P,0.0,26.44
20261003_050925,2026-10-03T05:32:24.571919+00:00,amazon_usa,COOLER,B0C7Q1VX4L,"Thermalright Frozen Edge 240 Black CPU Water Cooler with PWM Fans, Pump Speed is 2800RPM,S-FDB Bearing, for AMD AM4/AM5,Intel LGA1150/1155/1200/1700/1851(FE240 Black)",46.51,13.48,2026-10-03,4.5,125,https://www.amazon.com/Thermalright-3300RPM-Bearing-LGA1150-FE240/dp/B0C7Q1VX4L,0.0,13.48
20261003_050925,2026-10-03T05:32:24.571919+00:00,amazon_usa,COOLER,B0D3C7D72R,"Thermalrlght Aqua Elite 240 V3 Liquid CPU Cooler, AIO Pump Head Speed up to 3300RPM, TL-C12B-S V2×2 PWM Fans,for AMD/AM4/AM5, Intel LGA1150/1151/1200/1851/1700, Computer CPU Aio Cooler",46.51,13.48,2026-10-03,4.2,92,https://www.amazon.com/Thermalrlght-3300RPM-TL-C12B-S-LGA1150-Computer/dp/B0D3C7D72R,0.0,13.48
20261003_050925,2026-10-03T05:32:24.571919+00:00,amazon_usa,COOLER,B0BLHGG9RF,"Thermalright Frozen Notte 240 Black ARGB V2 Water Cooling CPU Cooler, 240 Specification CPU Liquid Cooler,Double PWM Fans, S-FDB Bearings, Suitable for AMD:AM4/AM5, Intel LGA 1851/1700/115X/1200/2011",47.93,13.89,2026-10-03,4.4,497,https://www.amazon.com/Thermalright-Frozen-Notte-240-ARGB/dp/B0BLHGG9RF,0.0,13.89
20261003_050925,2026-10-03T05:32:24.571919+00:00,amazon_usa,COOLER,B0G7MHKSH4,"LIAN LI Galahad AIO Cooler 240mm Radiator Liquid CPU Cooler RGB All-in-One Water Cooling System, LGA1700 Bracket, AMD AM5/AM4 Intel LGA1200/115X/2011/2066 Compatible (240mm White) (Renewed)",81.09,23.5,2026-10-03,0.0,0,https://www.amazon.com/Galahad-Radiator-Cooling-LGA1700-Compatible/dp/B0G7MHKSH4,0.0,23.5
20261003_050925,2026-10-03T05:32:24.571919+00:00,amazon_usa,COOLER,B0DPWXPJQ7,"ID-COOLING FX240 INF Pink 240mm AIO CPU Cooler, Infinity Mirror, Quiet",60.8,17.62,2026-10-03,4.8,38,https://www.amazon.com/ID-COOLING-FX240-INF-Daisy-Chained-Compatible/dp/B0DPWXPJQ7,0.0,17.62
20261003_050925,2026-10-03T05:32:24.571919+00:00,amazon_usa,COOLER,B0DYDD9257,"darkFlash DG240 All-in-one Liquid CPU Cooler, High-Performance Pump, ARGB Sync, PWM Daisy Chain Connection Fans, AIO Cooler Compatible with Intel 1851/1700, AMD AM4/AM5 (Black, 240mm AIO)",60.8,17.62,2026-10-03,5.0,57,https://www.amazon.com/darkFlash-Liquid-Cooler-High-Performance-Connection-Compatible/dp/B0DYDD9257,0.0,17.62
20261003_050925,2026-10-03T05:32:24.571919+00:00,amazon_usa,COOLER,B0DKCQSNHQ,"Thermalright Grand Vision 240 ARGB White CPU AIO Cooler,PC 240 Specification Water Cooler System,IPS LCD Screen with 480x480 Resolution and 3.4inch,for AM4/AM5&LGA1700/1851,High Performance Pump",76.95,22.3,2026-10-03,4.4,40,https://www.amazon.com/Thermalright-ARGB-White-Specification-Performance/dp/B0DKCQSNHQ,0.0,22.3
20261003_050925,2026-10-03T05:32:24.571919+00:00,amazon_usa,COOLER,B0DNPNQKK5,"ASUS Prime LC 240 ARGB All-in-one AIO CPU Liquid Cooler AMD: AM5 & AM4 Intel: LGA 1851, 1700, 1200, 115x Specially Designed CPU Contact Area, Infinity Mirror, pre-Installed ARGB Fans, 6 Year Warranty",91.23,26.44,2026-10-03,4.6,37,https://www.amazon.com/ASUS-Prime-LC-Liquid-Cooler/dp/B0DNPNQKK5,0.0,26.44
20261003_050925,2026-10-03T05:32:24.571919+00:00,amazon_usa,COOLER,B0F7QTHKM6,"Thermalrlght Grand Vision 240 ARGB White CPU Water Cooler,Double PWM Fans Water Cooling System,IPS LCD Screen with 480x480 Resolution,for AM4/AM5; LGA1700/1851,CPU Liquid Cooler,3.4-inch Display",79.98,23.18,2026-10-03,4.4,37,https://www.amazon.com/Thermalrlght-Cooling-480x480-Resolution-3-4-inch/dp/B0F7QTHKM6,0.0,23.18
20261003_050925,2026-10-03T05:32:24.571919+00:00,amazon_usa,COOLER,B0H84D65KB,CORSAIR Nautilus II 240 RS AIO Liquid CPU Cooler – Black,90.23,26.15,2026-10-03,0.0,0,https://www.amazon.com/CORSAIR-Nautilus-240-Liquid-Cooler/dp/B0H84D65KB,0.0,26.15
20261003_050925,2026-10-03T05:32:28.925375+00:00,amazon_usa,COOLER,B0H9JHL3MS,be quiet! Light Loop IO LCD 240mm White CPU Liquid Cooler,224.97,65.2,2026-10-03,0.0,0,https://www.amazon.com/quiet-Light-240mm-Liquid-Cooler/dp/B0H9JHL3MS,0.0,65.2
20261003_050925,2026-10-03T05:32:28.925375+00:00,amazon_usa,COOLER,B0BLJHWVS3,"Thermalright Frozen Notte 240 White ARGB V2 Water Cooling CPU Cooler,240 White CPU Cooler Specifications, Double PWM Fans,S-FDB Bearings, Suitable for AMD/AM4 AM5, Intel LGA 1700/1150/1151/1200/2011",48.03,13.92,2026-10-03,4.5,956,https://www.amazon.com/Thermalright-Cooling-Specifications-Bearings-Suitable/dp/B0BLJHWVS3,0.0,13.92
20261003_050925,2026-10-03T05:32:28.925375+00:00,amazon_usa,COOLER,B0DF7P4WTL,Ocypus Iota L24 BK 240mm AIO Liquid CPU Cooler with Temp Digital Display,59.9,17.36,2026-10-03,4.4,55,https://www.amazon.com/Ocypus-Iota-L24-Liquid-Efficient/dp/B0DF7P4WTL,0.0,17.36
20261003_050925,2026-10-03T05:32:28.925375+00:00,amazon_usa,COOLER,B0D97VSMHQ,"Gamepower Skadi Infinity 240 AIO CPU Liquid Cooler, Pump with Real Time Temp, 240mm Radiator with 2X PWM ARGB HDB Fans, 13.5 W/mK Thermal Paste, Compatible with Intel 1851, 1700, AMD AM4/AM5",30.4,8.81,2026-10-03,2.8,16,https://www.amazon.com/Gamepower-Infinity-240-Radiator-Compatible/dp/B0D97VSMHQ,0.0,8.81
20261003_050925,2026-10-03T05:32:28.925375+00:00,amazon_usa,COOLER,B0DW2Y6KXR,"GAMDIAS CHIONE P5-240 Liquid CPU Cooler, 240mm AIO w/Customizable 3.4'' IPS LCD, Rotatable Magnetic Pump, Hidden Cable Fan (Daisy-Chained), Support PWM & ARGB MB Sync, Intel LGA 1851；AMD AM5, Black",91.23,26.44,2026-10-03,4.2,13,https://www.amazon.com/GAMDIAS-CHIONE-Customizable-Performance-Management/dp/B0DW2Y6KXR,0.0,26.44
20261003_050925,2026-10-03T05:32:28.925375+00:00,amazon_usa,COOLER,B0GGVDZXGX,Thermaltake TH240 V3 ARGB CPU Liquid Cooler; Intel/AMD; 1x240mm 500~2500rpm Single Frame ARGB Fan; 240mm Radiator; ARGB Infinity Mirror; Rotatable Pump Head; Snow; CL-W467-PL12SW-A,52.1,15.1,2026-10-03,5.0,2,https://www.amazon.com/Thermaltake-TH240-ARGB-Snow-CL-W467-PL12SW/dp/B0GGVDZXGX,0.0,15.1
20261003_050925,2026-10-03T05:32:28.925375+00:00,amazon_usa,COOLER,B0FMJYX5W1,"KINGCOOL Pure Flow 240mm AIO CPU Liquid Cooler for AMD Intel CPU, Black",54.72,15.86,2026-10-03,4.3,20,https://www.amazon.com/KINGCOOL-Enhanced-Transparent-Aluminum-Compatible/dp/B0FMJYX5W1,0.0,15.86
20261003_050925,2026-10-03T05:32:28.925375+00:00,amazon_usa,COOLER,B0H5QJ4KS3,"darkFlash CB240 240mm AIO Liquid CPU Cooler, 280W TDP, ARGB PWM Fans, Black",50.69,14.69,2026-10-03,5.0,2,https://www.amazon.com/darkFlash-CB240-240mm-Liquid-Cooler/dp/B0H5QJ4KS3,0.0,14.69
20261003_050925,2026-10-03T05:32:28.925375+00:00,amazon_usa,COOLER,B0G7C89TCY,MICRO CENTER CPU AIO Combo - AMD Ryzen 5 7600X Desktop Processor with MSI MAG Coreliquid A13 240 AIO ARGB CPU Liquid Cooler 240mm Radiator LGA 1700/1851 / AM5/AM4 Compatible Black,202.72,58.75,2026-10-03,4.0,1,https://www.amazon.com/MICRO-CENTER-CPU-AIO-Combo/dp/B0G7C89TCY,0.0,58.75
20261003_050925,2026-10-03T05:32:28.925375+00:00,amazon_usa,COOLER,B0D3HN119T,"Thermalrlght Frozen Prism 240 White ARGB AIO Water Cooler,Liquid CPU Cooler, 2×120mm PWM Fans Water Cooling System,1850RPM High Speed,Compatible with AMD/AM4/AM5 & Intel LGA115X/1200/1851/1700",44.51,12.9,2026-10-03,4.6,83,https://www.amazon.com/Thermalrlght-2%C3%97120mm-Cooling-1850RPM-Compatible/dp/B0D3HN119T,0.0,12.9
20261003_050925,2026-10-03T05:32:28.925375+00:00,amazon_usa,COOLER,B0F2ML3XH7,ENERGLO 240 Liquid Cooler: 240mm AIO CPU Cooler with Data Display & PWM Pump - 2 x 120mm Black Water Cooling for Intel LGA 1851/1700/1200/115X & AMD AM5/AM4,97.3,28.2,2026-10-03,4.7,4,https://www.amazon.com/Sudokoo-ENERGLO240-CPU-Liquid-Cooler/dp/B0F2ML3XH7,0.0,28.2
20261003_050925,2026-10-03T05:32:28.925375+00:00,amazon_usa,COOLER,B0C7NKP53L,"Thermalright Frozen Edge 240 Black AIO Water Cooler,Liquid CPU Cooler, 2×120mm PWM Fans Water Cooling System,2150RPM High Speed Fan,Compatible with AMD/AM4/AM5&Intel LGA1700/1150/1151/1200/2011/17XX",46.62,13.51,2026-10-03,4.7,56,https://www.amazon.com/Thermalright-2%C3%97120mm-Cooling-2150RPM-Compatible/dp/B0C7NKP53L,0.0,13.51
20261003_050925,2026-10-03T05:32:28.925375+00:00,amazon_usa,COOLER,B0FMK29TGJ,"KINGCOOL Pure Flow 240mm AIO CPU Liquid Cooler for AMD Intel CPU, White",54.72,15.86,2026-10-03,5.0,3,https://www.amazon.com/KINGCOOL-Enhanced-Transparent-Aluminum-Compatible/dp/B0FMK29TGJ,0.0,15.86
20261003_050925,2026-10-03T05:32:28.925375+00:00,amazon_usa,COOLER,B0DYZN5CGZ,NEXAURA 240 White Liquid CPU Cooler: 240mm AIO CPU Cooler with PWM Pump & ARGB Pump Head - Water Cooling with FDB Fans for Intel LGA 1851/1700/1200/115X AMD AM5/AM4,50.69,14.69,2026-10-03,4.7,21,https://www.amazon.com/Sudokoo-NEXAURA-240-Liquid-Cooler/dp/B0DYZN5CGZ,0.0,14.69
20261003_050925,2026-10-03T05:32:28.925375+00:00,amazon_usa,COOLER,B0FGXB8RVV,"Ocypus Sigma PRO L24 WH 240MM AIO Liquid CPU Cooler with 3.5"" LCD Display",86.16,24.97,2026-10-03,4.4,71,https://www.amazon.com/Sigma-PRO-L24-WH-Ultra-Narrow/dp/B0FGXB8RVV,0.0,24.97
20261003_050925,2026-10-03T05:32:33.747114+00:00,amazon_usa,COOLER,B0C1NB8YYG,"EKWB EK-Nucleus AIO CPU Cooler CR360 Lux, Digital RGB, White (Dark, 240 mm)",101.38,29.38,2026-10-03,4.5,89,https://www.amazon.com/EKWB-EK-Nucleus-CPU-CR240-Dark/dp/B0C1NB8YYG,0.0,29.38
20261003_050925,2026-10-03T05:32:33.747114+00:00,amazon_usa,COOLER,B0F1MH44QZ,Lian Li Hydroshift II-C 360 LCD-Liquid CPU Cooler-Black-HS2LCD36B,152.03,44.06,2026-10-03,4.5,160,https://www.amazon.com/Lian-Li-Hydroshift-Liquid-Cooler/dp/B0F1MH44QZ,0.0,44.06
20261003_050925,2026-10-03T05:32:33.747114+00:00,amazon_usa,COOLER,B0HG9J96Z4,"MasterLiquid Core LCD 6"" 240 AIO Liquid CPU Cooler, 6"" LCD Display, ARGB",141.92,41.13,2026-10-03,0.0,0,https://www.amazon.com/MasterLiquid-Core-Liquid-Cooler-Display/dp/B0HG9J96Z4,0.0,41.13
20261003_050925,2026-10-03T05:32:33.747114+00:00,amazon_usa,COOLER,B0GL9VQNKC,"ASRock Pro White 240 ARGB All-in-One Liquid CPU Cooler, 240mm White Radiator, Dynamic ARGB Lighting, 3-Phase Pump, 0dB Silent Mode, 6-Year Warranty",50.69,14.69,2026-10-03,2.3,3,https://www.amazon.com/ASRock-Radiator-Dynamic-Lighting-Warranty/dp/B0GL9VQNKC,0.0,14.69
20261003_050925,2026-10-03T05:32:33.747114+00:00,amazon_usa,COOLER,B0DFK6PMQS,"Thermaltake TH240 V2 Ultra EX ARGB AIO Cooler/Snow/Water Block 2.1"" LCD/Fan 120 * 2/Magnetic Quick Connection/MB ARGB Sync Control/LCD Software Control/CL-W425-PL12SW-A",131.77,38.19,2026-10-03,4.1,36,https://www.amazon.com/Thermaltake-Magnetic-Connection-Software-CL-W425-PL12SW/dp/B0DFK6PMQS,0.0,38.19
20261003_050925,2026-10-03T05:32:33.747114+00:00,amazon_usa,COOLER,B0D73BKGXL,"Thermalright Frozen Infinity 240 Black CPU Water Cooler,240mm Aio CPU Cooler, Double TL-M12 PWM Fans,Infinity Mirror CPU Cooling,for AM4/AM5,Intel LGA1851/1700/1150/1151",48.03,13.92,2026-10-03,4.7,175,https://www.amazon.com/Thermalright-Frozen-Infinity-240-LGA1851/dp/B0D73BKGXL,0.0,13.92
20261003_050925,2026-10-03T05:32:33.747114+00:00,amazon_usa,COOLER,B0CS6DPJ6J,"T-240MM Black ARGB Liquid CPU Water Cooling with 240mm ARGB PWM Fan,Temperature Display, Computer Water Cooling",65.87,19.09,2026-10-03,4.3,52,https://www.amazon.com/T-240MM-Cooling-Temperature-Display-Computer/dp/B0CS6DPJ6J,0.0,19.09
20261003_050925,2026-10-03T05:32:33.747114+00:00,amazon_usa,COOLER,B0D3DQXMSB,"Thermalrlght Frozen Notte 240 Black ARGB V2 Water Cooling CPU Cooler,240 Black CPU Cooler Specifications, Double PWM Fans,S-FDB V2 Bearings,Suitable for Intel LGA 1700/1851/1151/1200/2011,AMD/AM4 AM5",49.58,14.37,2026-10-03,3.9,23,https://www.amazon.com/Thermalrlght-Cooling-Specifications-Bearings-Suitable/dp/B0D3DQXMSB,0.0,14.37
20261003_050925,2026-10-03T05:32:33.747114+00:00,amazon_usa,COOLER,B0CDPRX9XT,"Thermalright Aqua Elite 240 White V3 Water Cooling CPU Cooler, Double PWM ARGB Fans with S-FDB Bearings,Efficient PWM Controlled Pump,for AMD/AM4/AM5, Intel LGA1150/1151/1200/1700/1851",46.93,13.6,2026-10-03,4.6,186,https://www.amazon.com/Thermalright-Cooling-Bearings-Efficient-Controlled/dp/B0CDPRX9XT,0.0,13.6
20261003_050925,2026-10-03T05:32:33.747114+00:00,amazon_usa,COOLER,B0FVK3LVD9,"CORSAIR Nautilus 240 RS ARGB Liquid CPU Cooler – 240mm AIO – Low-Noise – Direct Motherboard Connection – Daisy-Chain – Intel LGA 1851/1700, AMD AM5/AM4 – 2X RS120 ARGB Fans Included – White (Renewed)",81.09,23.5,2026-10-03,5.0,20,https://www.amazon.com/CORSAIR-Nautilus-ARGB-Liquid-Cooler/dp/B0FVK3LVD9,0.0,23.5
20261003_050925,2026-10-03T05:32:33.747114+00:00,amazon_usa,COOLER,B07H2LGDBT,"Asus ROG RYUO 240 RGB AIO Liquid CPU Cooler 240mm Radiator Dual 120mm 4-Pin PWM Fan with OLED Panel & Fan Setting 1.77"", 6 Year Warranty",199.68,57.87,2026-10-03,4.2,306,https://www.amazon.com/ROG-RYUO-240-Radiator-Warranty/dp/B07H2LGDBT,0.0,57.87
20261003_050925,2026-10-03T05:32:33.747114+00:00,amazon_usa,COOLER,B0FRWS2G49,"MONTECH LightFlow ARGB 240mm AIO CPU Liquid Cooler, Infinity Mirror, White",60.56,17.55,2026-10-03,4.7,27,https://www.amazon.com/LightFlow-ARGB-240-Infinity-White/dp/B0FRWS2G49,0.0,17.55
20261003_050925,2026-10-03T05:32:33.747114+00:00,amazon_usa,COOLER,B0F8Z7SW9N,"Thermalrlght Aqua Elite 240 V6 ARGB Black Liquid CPU Cooler-240mm AIO,PWM Pump,for AM4/AM5, Intel LGA1851/1700,Direct Motherboard Connection",46.93,13.6,2026-10-03,4.8,42,https://www.amazon.com/Thermalrlght-Cooler-240mm-LGA1851-Motherboard-Connection/dp/B0F8Z7SW9N,0.0,13.6
20261003_050925,2026-10-03T05:32:33.747114+00:00,amazon_usa,COOLER,B0FKWTNKQS,"MSI MPG CORELIQUID P13 360 White - AIO ARGB CPU Liquid Cooler - 360mm Radiator - LGA 1851 / AM5 Ready - IPS 2.1"" LCD Screen - Triple 120mm ARGB PWM Fans - Uni Bracket - White",131.77,38.19,2026-10-03,4.4,31,https://www.amazon.com/MPG-CORELIQUID-P13-360-White/dp/B0FKWTNKQS,0.0,38.19
20261003_050925,2026-10-03T05:32:33.747114+00:00,amazon_usa,COOLER,B0FRPMHJGX,"CORSAIR Nautilus 240 RS ARGB Liquid CPU Cooler – 240mm AIO – Low-Noise – Direct Motherboard Connection – Daisy-Chain – Intel LGA 1851/1700, AMD AM5/AM4 – 2X RS120 ARGB Fans Included – Black (Renewed)",81.05,23.49,2026-10-03,4.0,8,https://www.amazon.com/CORSAIR-Nautilus-ARGB-Liquid-Cooler/dp/B0FRPMHJGX,0.0,23.49
20261003_050925,2026-10-03T05:32:48.890716+00:00,amazon_usa,CASE,B0D5PHHCK5,"MONTECH XR Panoramic ATX Gaming PC Case, Mid Tower, 3 ARGB PWM Fans, Black",70.84,20.53,2026-10-03,4.7,780,https://www.amazon.com/MONTECH-Panoramic-High-Airflow-Black/dp/B0D5PHHCK5,0.0,20.53
20261003_050925,2026-10-03T05:32:48.890716+00:00,amazon_usa,CASE,B0F2T66QC9,Lian Li V100-ATX Mid-Tower PC Case-Black-V100RX,76.01,22.03,2026-10-03,4.8,607,https://www.amazon.com/Lian-Li-Mid-Tower-Pre-Installed-Optimized/dp/B0F2T66QC9,0.0,22.03
20261003_050925,2026-10-03T05:32:48.890716+00:00,amazon_usa,CASE,B0D4QVMBTP,"DARKROCK EC2 ATX Mid Tower Gaming Computer PC Case, Type-C Ready",55.73,16.15,2026-10-03,4.4,596,https://www.amazon.com/DARKROCK-Black-Tower-Type-C-Ready/dp/B0D4QVMBTP,0.0,16.15
20261003_050925,2026-10-03T05:32:48.890716+00:00,amazon_usa,CASE,B0FJ2ZBK8J,CORSAIR 3500X RS ARGB Panoramic Mid-Tower PC Case – Black,81.09,23.5,2026-10-03,4.6,600,https://www.amazon.com/CORSAIR-3500X-RS-R-ARGB-Mid-Tower/dp/B0FJ2ZBK8J,0.0,23.5
20261003_050925,2026-10-03T05:32:48.890716+00:00,amazon_usa,CASE,B09MKNW18F,"MUSETEX ATX PC Case Pre-Install 6 PWM ARGB Fans, Polygonal Mesh Computer Gaming Case, Opening Tempered Glass Side Panel Mid-Tower Case, USB 3.0 x 2, Black, NN8",63.83,18.5,2026-10-03,4.6,1400,https://www.amazon.com/MUSETEX-Mid-Tower-Polygonal-Computer-Tempered/dp/B09MKNW18F,0.0,18.5
20261003_050925,2026-10-03T05:32:48.890716+00:00,amazon_usa,CASE,B0D1MM3961,Thermaltake View 270 Plus TG ARGB Black Mid Tower E-ATX Case; 3x120mm ARGB Fans Included; Support Up to 360mm Radiator; Front & Side Dual Tempered Glass Panel; CA-1Y7-00M1WN-01; 3 Year Warranty,70.94,20.56,2026-10-03,4.6,365,https://www.amazon.com/Included-Radiator-Tempered-CA-1Y7-00M1WN-01-Warranty/dp/B0D1MM3961,0.0,20.56
20261003_050925,2026-10-03T05:32:48.890716+00:00,amazon_usa,CASE,B0D2MK6NML,NZXT H5 Flow - Compact ATX Mid-Tower PC Case - Black,70.94,20.56,2026-10-03,4.7,1200,https://www.amazon.com/NZXT-Flow-2024-Mid-Tower-Management/dp/B0D2MK6NML,0.0,20.56
20261003_050925,2026-10-03T05:32:48.890716+00:00,amazon_usa,CASE,B09V8HNWW9,Fractal Design North Charcoal Black Tempered Glass Dark - Genuine Walnut Wood Front - Glass Side Panel - Two 140mm Aspect PWM Fans Included - Type C USB - ATX Airflow Mid Tower PC Gaming Case,125.67,36.42,2026-10-03,4.7,3500,https://www.amazon.com/Fractal-Design-North-Slate-Light/dp/B09V8HNWW9,0.0,36.42
20261003_050925,2026-10-03T05:32:48.890716+00:00,amazon_usa,CASE,B0DMPFLHJZ,ASUS A31 ATX Mid-Tower PC Case,65.87,19.09,2026-10-03,4.7,67,https://www.amazon.com/ASUS-A31-Black-Dual-Sided-Connectors/dp/B0DMPFLHJZ,0.0,19.09
20261003_050925,2026-10-03T05:32:48.890716+00:00,amazon_usa,CASE,B0F2T9777V,Lian Li V100-ATX Mid-Tower PC Case-White-V100RW,81.09,23.5,2026-10-03,4.8,607,https://www.amazon.com/Lian-Li-Mid-Tower-Pre-Installed-Optimized/dp/B0F2T9777V,0.0,23.5
20261003_050925,2026-10-03T05:32:48.890716+00:00,amazon_usa,CASE,B0C3H3QR8Q,"MOROVOL PC Case Pre-Install 4 RGB Fans, ATX Gaming Computer Case with Diamond-Shaped Mesh Front & Tempered Glass Side Panel, USB 3.0 Airflow Mid Tower case,621",50.69,14.69,2026-10-03,4.2,427,https://www.amazon.com/MOROVOL-Pre-Install-Computer-Diamond-Shaped-Tempered/dp/B0C3H3QR8Q,0.0,14.69
20261003_050925,2026-10-03T05:32:48.890716+00:00,amazon_usa,CASE,B0DJPV8XG3,"Lian Li O11 Vision Compact ATX PC Case, Back-Connect, Black (O11VPX)",126.7,36.72,2026-10-03,4.8,490,https://www.amazon.com/Lian-Li-Black-Steel-Tempered-Case-Back-Support-O11VPX/dp/B0DJPV8XG3,0.0,36.72
20261003_050925,2026-10-03T05:32:48.890716+00:00,amazon_usa,CASE,B0FKZ5FVG1,"MUSETEX ATX PC Case 7 PWM ARGB Fans Pre-Installed, Type-C Mid Tower Computer Case with Full-View Dual Tempered Glass, Gaming PC Case, Black(K2)",91.23,26.44,2026-10-03,4.6,1200,https://www.amazon.com/MUSETEX-Pre-Installed-Computer-Full-View-K2/dp/B0FKZ5FVG1,0.0,26.44
20261003_050925,2026-10-03T05:32:48.890716+00:00,amazon_usa,CASE,B0H5F8GYQF,"MONTECH TG3 Panoramic ATX PC Case, Back-Connect Ready & 4 ARGB Fans, Black",67.8,19.65,2026-10-03,4.7,52,https://www.amazon.com/MONTECH-Panoramic-Back-Connect-Ready-Black/dp/B0H5F8GYQF,0.0,19.65
20261003_050925,2026-10-03T05:32:48.890716+00:00,amazon_usa,CASE,B0G8YXGFF2,"MUSETEX Y6 PC Case, Pre-Installed 4 Non-LED Fans, ATX Mid Tower Case, Computer Case with Type-C, 270° Full View Tempered Glass, Black",58.8,17.04,2026-10-03,4.7,724,https://www.amazon.com/MUSETEX-Y6-Pre-Installed-Computer-Tempered/dp/B0G8YXGFF2,0.0,17.04
20261003_050925,2026-10-03T05:32:48.890716+00:00,amazon_usa,CASE,B0G8Z1CM77,"MUSETEX Y6 PC Case, Pre-Installed 7 Infinity Mirror PWM ARGB Fans, ATX Mid Tower Computer Case, Gaming PC Case with Type-C, 270° Full View Tempered Glass, Black",91.23,26.44,2026-10-03,4.4,292,https://www.amazon.com/MUSETEX-Y6-Pre-Installed-Infinity-Computer/dp/B0G8Z1CM77,0.0,26.44
20261003_050925,2026-10-03T05:32:52.626692+00:00,amazon_usa,CASE,B0G65G7GNB,"PC CASE 6 PWM ARGB Fans Pre-Installed, Mid-Tower Gaming PC Case, Panoramic Tempered Glass Computer Case with Type-C,360mm Radiator Support,Black,G8",76.01,22.03,2026-10-03,4.1,43,https://www.amazon.com/ANSAITE-Pre-Installed-Mid-Tower-Panoramic-Tempered/dp/B0G65G7GNB,0.0,22.03
20261003_050925,2026-10-03T05:32:52.626692+00:00,amazon_usa,CASE,B0H82BXTNY,"Rosewill ATX Mid Tower Gaming Computer PC Case, Tempered Glass, Built-in 4 x 120mm PWM Fans, Front Airflow Mesh, Up to 6 x120mm Fans, 340mm GPU/VGA, 360mm AIO/Radiator, 160mm CPU Cooler - RWGC1",60.8,17.62,2026-10-03,4.6,29,https://www.amazon.com/Rosewill-Computer-Tempered-Airflow-Radiator/dp/B0H82BXTNY,0.0,17.62
20261003_050925,2026-10-03T05:32:52.626692+00:00,amazon_usa,CASE,B0CKX7V2ST,Vetroo Black AL800 Mid Tower ATX Gaming PC Computer Case,55.73,16.15,2026-10-03,4.4,243,https://www.amazon.com/VETROO-AL800-Full-Tower-Computer/dp/B0CKX7V2ST,0.0,16.15
20261003_050925,2026-10-03T05:32:52.626692+00:00,amazon_usa,CASE,B0GZYB9ZVB,"Zalman S6 High Airflow ATX Mid-Tower Gaming PC Case, 4 RGB Fans, Black",60.8,17.62,2026-10-03,0.0,0,https://www.amazon.com/Zalman-S6-Airflow-Mid-Tower-Black/dp/B0GZYB9ZVB,0.0,17.62
20261003_050925,2026-10-03T05:32:52.626692+00:00,amazon_usa,CASE,B08T1VC921,Fractal Design Pop XL Air RGB Black Tempered Glass Clear Tint,97.3,28.2,2026-10-03,4.7,607,https://www.amazon.com/Fractal-Design-Black-Tempered-Glass/dp/B08T1VC921,0.0,28.2
20261003_050925,2026-10-03T05:32:52.626692+00:00,amazon_usa,CASE,B0FMDKDKFS,"Lian Li LANCOOL 217 INF Mid-Tower ATX PC Case, Black (LANCOOL 217INFX)",126.7,36.72,2026-10-03,4.7,89,https://www.amazon.com/Lian-Li-Mid-Tower-Pre-Installed-Optimized/dp/B0FMDKDKFS,0.0,36.72
20261003_050925,2026-10-03T05:32:52.626692+00:00,amazon_usa,CASE,B0F6QH92NG,"Zalman RAVN Compact ATX Mid-Tower Gaming PC Case, RGB Lighting Strip, Black",44.58,12.92,2026-10-03,4.5,110,https://www.amazon.com/Zalman-Raven-Mid-Tower-Gaming-Case/dp/B0F6QH92NG,0.0,12.92
20261003_050925,2026-10-03T05:32:52.626692+00:00,amazon_usa,CASE,B0C9H87GPK,"MUSETEX PC CASE ATX 6 PWM ARGB Fans Pre-Installed, Type-C Mid Tower Computer Case with Full-View Dual Tempered Glass, Gaming PC Case,Black(K2)",76.01,22.03,2026-10-03,4.6,1200,https://www.amazon.com/MUSETEX-Pre-Installed-Type-C-Computer-Tempered/dp/B0C9H87GPK,0.0,22.03
20261003_050925,2026-10-03T05:32:52.626692+00:00,amazon_usa,CASE,B0F8HK5C8J,"Lian Li O11D Mini V2 Flow ATX PC Case with 5 Non-RGB Reverse Fans, Black",101.34,29.37,2026-10-03,4.6,276,https://www.amazon.com/Lian-Li-Non-RGB-Reverse-Black/dp/B0F8HK5C8J,0.0,29.37
20261003_050925,2026-10-03T05:32:52.626692+00:00,amazon_usa,CASE,B0DF6RXQTX,Thermaltake Tower 600 Black Mid-Tower ATX Case; 3 Tempered Glass Panels; Hidden-Connector Motherboard Support; Rotational PCI-e Slots; CA-1Z1-00M1WN-00; 3 Year Warranty,172.32,49.94,2026-10-03,4.5,403,https://www.amazon.com/Thermaltake-Hidden-Connector-Motherboard-Rotational-CA-1Z1-00M1WN-00/dp/B0DF6RXQTX,0.0,49.94
20261003_050925,2026-10-03T05:32:52.626692+00:00,amazon_usa,CASE,B0CQJGG4JT,"darkFlash ATX Mid-Tower PC Case, Pre-Install 4 PWM ARGB Fans Computer Case, Full View Dual Tempered Glass Gaming PC Case, Type C Port, Supports up to 360mm Water Cooling Radiator, Black(DS900)",101.34,29.37,2026-10-03,4.5,333,https://www.amazon.com/darkFlash-Mid-Tower-Pre-Install-Computer-DS900/dp/B0CQJGG4JT,0.0,29.37
20261003_050925,2026-10-03T05:32:52.626692+00:00,amazon_usa,CASE,B0F8HKCZ99,"Lian Li O11D Mini V2 Flow ATX PC Case with 5 Non-RGB Reverse Fans, White",101.34,29.37,2026-10-03,4.6,276,https://www.amazon.com/Lian-Li-O11D-Mini-Case-White-O11DMIV2FW/dp/B0F8HKCZ99,0.0,29.37
20261003_050925,2026-10-03T05:32:52.626692+00:00,amazon_usa,CASE,B0DGFW4N61,"Geometric Future M5 Tempered Glass Mid Tower, E-ATX/ATX Gaming Case, 1.2mm Steel, Type C, Toolless Panels, Support 420/360 Radiator, ARGB PWM 140m Fan x 5 Pre-Installed, Black/Yellow, GEO-M5F-BY",144.37,41.84,2026-10-03,4.6,336,https://www.amazon.com/Geometric-Future-Tempered-Toolless-Pre-Installed/dp/B0DGFW4N61,0.0,41.84
20261003_050925,2026-10-03T05:32:52.626692+00:00,amazon_usa,CASE,B0GDTNTW84,"H1 HYXN PC Case, Pre-Installed 7 Infinity Mirror PWM ARGB Fans, ATX Mid Tower Computer Case, Gaming PC Case with Type-C, 270° Full View Tempered Glass, 3X 360mm Radiator Support, Black",91.23,26.44,2026-10-03,4.4,288,https://www.amazon.com/HYXN-Pre-Installed-Infinity-Computer-Tempered/dp/B0GDTNTW84,0.0,26.44
20261003_050925,2026-10-03T05:32:52.626692+00:00,amazon_usa,CASE,B0DJPY63XL,"Lian Li O11 Vision Compact ATX PC Case, Back-Connect, White (O11VPW)",126.7,36.72,2026-10-03,4.5,368,https://www.amazon.com/Lian-Li-O11Vision-White-Steel-Tempered-Support-O11VPW/dp/B0DJPY63XL,0.0,36.72
20261003_050925,2026-10-03T05:32:56.629255+00:00,amazon_usa,CASE,B0DJ1VD4JX,ASUS ProArt PA401 Wood Edition - Tempered Glass Panel ATX Mid-Tower PC Case,121.63,35.25,2026-10-03,4.6,46,https://www.amazon.com/ASUS-PA401-Tempered-Certified-Detachable/dp/B0DJ1VD4JX,0.0,35.25
20261003_050925,2026-10-03T05:32:56.629255+00:00,amazon_usa,CASE,B0D3KTT6KJ,"GAMDIAS ATX Mid Tower Gaming Computer PC Case Tempered Glass, Built-in 4X 120mm ARGB Case Fans, Front Airflow Mesh, Up to 6x120mm Fans, 340mm GPU/VGA, 360mm AIO/Radiator, 160mm CPU Cooler",60.8,17.62,2026-10-03,4.3,353,https://www.amazon.com/GAMDIAS-Computer-Tempered-ARGB-Radiator/dp/B0D3KTT6KJ,0.0,17.62
20261003_050925,2026-10-03T05:32:56.629255+00:00,amazon_usa,CASE,B0F2T74ZBX,Lian Li Vector V100 ATX Mid-Tower PC Case-Tempered Glass-Black-V100X,60.8,17.62,2026-10-03,4.6,131,https://www.amazon.com/Lian-Li-Mid-Tower-Platform-Optimized/dp/B0F2T74ZBX,0.0,17.62
20261003_050925,2026-10-03T05:32:56.629255+00:00,amazon_usa,CASE,B0C89G9QDK,NZXT H6 Flow | CC-H61FW-01 | Compact Dual-Chamber Mid-Tower Airflow Case | Panoramic Glass Panels | High-Performance Airflow Panels | Includes 3 x 120mm Fans | Cable Management | White,81.09,23.5,2026-10-03,4.8,3100,https://www.amazon.com/NZXT-CC-H61FW-01-Dual-Chamber-High-Performance-Management/dp/B0C89G9QDK,0.0,23.5
20261003_050925,2026-10-03T05:32:56.629255+00:00,amazon_usa,CASE,B0CKX8WXRG,Vetroo Pink AL800 Mid Tower ATX Gaming PC Computer Case,60.8,17.62,2026-10-03,4.4,243,https://www.amazon.com/VETROO-AL800-Full-Tower-Computer/dp/B0CKX8WXRG,0.0,17.62
20261003_050925,2026-10-03T05:32:56.629255+00:00,amazon_usa,CASE,B0D7N3J22H,Thermaltake View 380 TG ARGB Black ATX Case; 4x120mm ARGB Fans Included; Supports Hidden-Connector Motherboard; Front & Side Dual Tempered Glass Panel; CA-1Z2-00M1WN-00; 3 Year Warranty,81.09,23.5,2026-10-03,4.6,317,https://www.amazon.com/Included-Supports-Hidden-Connector-Motherboard-CA-1Z2-00M1WN-00/dp/B0D7N3J22H,0.0,23.5
20261003_050925,2026-10-03T05:32:56.629255+00:00,amazon_usa,CASE,B0BN3SY5XW,"LIAN LI LANCOOL 216 RGB Black ATX Mid-Tower Case, 2x160mm ARGB Fans",101.34,29.37,2026-10-03,4.7,988,https://www.amazon.com/Lian-Li-LANCOOL-216-Case-Black/dp/B0BN3SY5XW,0.0,29.37
20261003_050925,2026-10-03T05:32:56.629255+00:00,amazon_usa,CASE,B0CKX938XS,Vetroo White AL800 Mid Tower ATX Gaming PC Computer Case,55.73,16.15,2026-10-03,4.4,243,https://www.amazon.com/VETROO-AL800-Full-Tower-Computer/dp/B0CKX938XS,0.0,16.15
20261003_050925,2026-10-03T05:32:56.629255+00:00,amazon_usa,CASE,B0DGXSPJ5K,be quiet! Pure Base 501 Airflow Window Black ATX Midi Tower Gaming PC Case,101.27,29.35,2026-10-03,4.6,135,https://www.amazon.com/quiet-Black-Preinstalled-Airflow-BGW74/dp/B0DGXSPJ5K,0.0,29.35
20261003_050925,2026-10-03T05:32:56.629255+00:00,amazon_usa,CASE,B0CWTPC32W,"Antec C5 ARGB Mid-Tower ATX PC Case, 7 ARGB PWM Fans, White",111.49,32.31,2026-10-03,4.5,278,https://www.amazon.com/Antec-C5-ARGB-Simultaneously-Mid-Tower/dp/B0CWTPC32W,0.0,32.31
20261003_050925,2026-10-03T05:32:56.629255+00:00,amazon_usa,CASE,B0DFHNV7TK,"CORSAIR 4000D RS ARGB Frame Modular Mid-Tower ATX PC Case, High Airflow, 3X Pre-Installed RS Fans, InfiniRail™ Mounting System, ASUS BTF, MSI Zero, Gigabyte Stealth, Black",101.34,29.37,2026-10-03,4.7,1900,https://www.amazon.com/CORSAIR-Frame-4000D-Modular-Mid-Tower/dp/B0DFHNV7TK,0.0,29.37
20261003_050925,2026-10-03T05:32:56.629255+00:00,amazon_usa,CASE,B0G8YG55VP,"MUSETEX Y6 PC Case, Pre-Installed 7 Infinity Mirror PWM ARGB Fans, ATX Mid Tower Computer Case, Gaming PC Case with Type-C, 270° Full View Tempered Glass, White",91.23,26.44,2026-10-03,4.6,1000,https://www.amazon.com/MUSETEX-Y6-Pre-Installed-Infinity-Computer/dp/B0G8YG55VP,0.0,26.44
20261003_050925,2026-10-03T05:32:56.629255+00:00,amazon_usa,CASE,B0FGGNR82S,ASUS Prime AP202 ARGB Micro-ATX Mid-Tower PC Case,138.85,40.24,2026-10-03,4.7,37,https://www.amazon.com/ASUS-AP202-ARGB-radiators-Easy-Detach/dp/B0FGGNR82S,0.0,40.24
20261003_050925,2026-10-03T05:32:56.629255+00:00,amazon_usa,CASE,B09246FCTZ,"MONTECH X3 Mesh High Airflow ATX Mid-Tower PC Case, 6 Fixed RGB Fans, Black",70.94,20.56,2026-10-03,4.4,1000,https://www.amazon.com/Montech-X3-Lighting-Mid-Tower-Tempered/dp/B09246FCTZ,0.0,20.56
20261003_050925,2026-10-03T05:32:56.629255+00:00,amazon_usa,CASE,B0CWSV3JQR,"Antec C5 ARGB Mid-Tower ATX PC Case, 7 ARGB PWM Fans, Black",101.34,29.37,2026-10-03,4.6,524,https://www.amazon.com/Antec-Included-Simultaneously-Seamless-Mid-Tower/dp/B0CWSV3JQR,0.0,29.37
20261003_050925,2026-10-03T05:32:56.629255+00:00,amazon_usa,CASE,B07T4W3BMH,"Bgears b-Voguish Gaming PC Case with Tempered Glass panels, USB3.0, Support E-ATX, ATX, mATX, ITX. (Fans are sold separately)",30.74,8.91,2026-10-03,4.3,1500,https://www.amazon.com/Bgears-b-Voguish-Tempered-Support-Motherboard/dp/B07T4W3BMH,50.0,58.91
20261003_050925,2026-10-03T05:33:00.911138+00:00,amazon_usa,CASE,B0GT4NQ49R,Cougar CFV235 ES ATX Computer Gaming PC Case Black,60.8,17.62,2026-10-03,4.3,22,https://www.amazon.com/Cougar-CFV235-Computer-Gaming-Black/dp/B0GT4NQ49R,0.0,17.62
20261003_050925,2026-10-03T05:33:00.911138+00:00,amazon_usa,CASE,B0CZV112KZ,CORSAIR iCUE Link 3500X RGB Mid-Tower ATX PC Case – Panoramic Tempered Glass – Reverse Connection Motherboard Compatible – 3X CORSAIR iCUE Link RX120 RGB Fans Included – Black,162.17,47.0,2026-10-03,4.8,1300,https://www.amazon.com/CORSAIR-iCUE-Link-3500X-Mid-Tower/dp/B0CZV112KZ,0.0,47.0
20261003_050925,2026-10-03T05:33:00.911138+00:00,amazon_usa,CASE,B0DHWRKXS6,"darkFlash DY470 Full-Tower ATX Gaming PC Case with 4 PWM ARGB Fans, Black",167.25,48.47,2026-10-03,4.6,143,https://www.amazon.com/darkFlash-Full-Tower-Motherboard-Dual-Chamber-DY470/dp/B0DHWRKXS6,0.0,48.47
20261003_050925,2026-10-03T05:33:00.911138+00:00,amazon_usa,CASE,B0H72GN1Y4,"Montech X2 Plus Gaming PC Case - ATX Mid-Tower Computer Case - Tempered Glass Side Panel - Desktop Chassis, Black",91.23,26.44,2026-10-03,0.0,0,https://www.amazon.com/Montech-Plus-Gaming-Case-Mid-Tower/dp/B0H72GN1Y4,0.0,26.44
20261003_050925,2026-10-03T05:33:00.911138+00:00,amazon_usa,CASE,B0CB26ZFKV,"MONTECH AIR 903 MAX High-Airflow E-ATX Mid-Tower PC Case, 4 Fans, Black",81.09,23.5,2026-10-03,4.8,456,https://www.amazon.com/Montech-AIR-903-MAX-Pre-Installed/dp/B0CB26ZFKV,0.0,23.5
20261003_050925,2026-10-03T05:33:00.911138+00:00,amazon_usa,CASE,B0DRRLLK1G,"darkFlash ATX Mid-Tower PC Case with Screen, Three Side Glass, Curved Full View Dual Gaming PC Case, 4 PWM ARGB Fans Computer Case Pre-Installed, Type C, RTX 40 Compatible, Black(L280)",111.49,32.31,2026-10-03,4.3,52,https://www.amazon.com/darkFlash-Mid-Tower-Pre-Installed-Compatible-L280/dp/B0DRRLLK1G,0.0,32.31
20261003_050925,2026-10-03T05:33:00.911138+00:00,amazon_usa,CASE,B0DFWVJ8B2,"FOIFKIN F300 (2025) PC Case - Pre-Installed 4 No RGB Fan, ATX Mid-Tower Computer case, Gaming PC Case, 270° Panoramic Glass with Type-C, FOIFKIN (Black+)",59.28,17.18,2026-10-03,4.6,784,https://www.amazon.com/FOIFKIN-F300-Case-Pre-Installed-Mid-Tower/dp/B0DFWVJ8B2,0.0,17.18
20261003_050925,2026-10-03T05:33:00.911138+00:00,amazon_usa,CASE,B0D92C2F6K,"GAMDIAS White ATX Mid Tower Gaming Computer PC Case with Side Tempered Glass, Preinstalled 4X 120mm ARGB Fans, Support Up to 6X 120mm Fans, 360mm AIO/Radiator, 340mm GPU/VGA, 160mm CPU Air Cooler",60.8,17.62,2026-10-03,4.3,216,https://www.amazon.com/GAMDIAS-Computer-Tempered-Preinstalled-Radiator/dp/B0D92C2F6K,0.0,17.62
20261003_050925,2026-10-03T05:33:00.911138+00:00,amazon_usa,CASE,B0G1ML5B99,"H2 (2026) HYXN ATX PC Case, Pre-Installed 8 No ARGB Fans (6X140mm,2X120mm), Large Dual-Chamber ATX Mid-Tower Airflow Computer Case, Gaming PC Case, 420mm Radiator Support, Type-C 3.2, Black",70.94,20.56,2026-10-03,4.4,54,https://www.amazon.com/HYXN-Pre-Installed-Dual-Chamber-Mid-Tower-Computer/dp/B0G1ML5B99,0.0,20.56
20261003_050925,2026-10-03T05:33:00.911138+00:00,amazon_usa,CASE,B0GMHHMCPH,"RAIDMAX Vector ARGB ATX Mid Tower Mesh Gaming PC Case, High Airflow Front Panel Design, 4X 120mm ARGB Fans Pre-Installed, Tempered Glass Side Panel, Supports 305mm GPU / 240mm Radiator (V219 Black)",60.8,17.62,2026-10-03,4.8,6,https://www.amazon.com/RAIDMAX-Pre-Installed-Tempered-Supports-Radiator/dp/B0GMHHMCPH,0.0,17.62
20261003_050925,2026-10-03T05:33:00.911138+00:00,amazon_usa,CASE,B0F2T724LP,Lian Li Vector V100 ATX Mid-Tower PC Case-Tempered Glass-White-V100W,63.83,18.5,2026-10-03,4.6,131,https://www.amazon.com/Lian-Li-Mid-Tower-Platform-Optimized/dp/B0F2T724LP,0.0,18.5
20261003_050925,2026-10-03T05:33:00.911138+00:00,amazon_usa,CASE,B0DDNS2SY3,"Antec Flux Pro Full-Tower E-ATX PC Case, 6 PWM Fans Included, Black",152.03,44.06,2026-10-03,4.7,430,https://www.amazon.com/Antec-Included-High-Airflow-Radiator-Full-Tower/dp/B0DDNS2SY3,0.0,44.06
20261003_050925,2026-10-03T05:33:00.911138+00:00,amazon_usa,CASE,B0CZ77DFD1,"SZSKYING Mid-Tower Gaming ATX PC Case, 9 ARGB Fans with Remote, Tempered Glass, 360mm Radiator, Type-C, Black.",117.56,34.07,2026-10-03,4.3,123,https://www.amazon.com/Mid-Tower-Control-Radiator-Tempered-Computer/dp/B0CZ77DFD1,0.0,34.07
20261003_050925,2026-10-03T05:33:00.911138+00:00,amazon_usa,CASE,B0G2TCY2JD,"Cooler Master QUBE 540 ATX Mid-Tower PC Case, High Airflow, Tempered Glass",80.26,23.26,2026-10-03,4.4,43,https://www.amazon.com/Cooler-Master-QUBE-Mid-Tower-Case/dp/B0G2TCY2JD,0.0,23.26
20261003_050925,2026-10-03T05:33:00.911138+00:00,amazon_usa,CASE,B0CX9DF2P2,"RAIJINTEK ARCADIA III - MS4 Tempered Glass Mid Tower ATX PC Case with Mesh front panel, High airflow, Pre-Installed 4x120mm Fans, black (0R20B00247)",62.73,18.18,2026-10-03,5.0,3,https://www.amazon.com/RAIJINTEK-ARCADIA-III-Pre-Installed-0R20B00247/dp/B0CX9DF2P2,0.0,18.18
20261003_050925,2026-10-03T05:33:00.911138+00:00,amazon_usa,CASE,B0FK4H7DX6,"Gamdias Atlas M4 Mid-Tower Gaming PC Case, Mini-ITX, Micro-ATX, and ATX, 4x120mm PWM ARGB Fans, Adjustable Angle Lower Fan Mount, Front-Mounted PSU Design, Modular Tool Free",101.34,29.37,2026-10-03,4.7,18,https://www.amazon.com/M4-Mid-Tower-Micro-ATX-Adjustable-Front-Mounted/dp/B0FK4H7DX6,0.0,29.37
20261003_050925,2026-10-03T05:33:05.430734+00:00,amazon_usa,CASE,B0CWJC35KR,MSI MAG Forge 321R Airflow - Premium Mid-Tower Gaming PC Case - Tempered Glass Side Panel - ARGB 120mm Fans - Liquid Cooling Support up to 360mm Radiator - Vented Front Panel,70.94,20.56,2026-10-03,4.6,170,https://www.amazon.com/MSI-MAG-Forge-321R-Airflow/dp/B0CWJC35KR,0.0,20.56
20261003_050925,2026-10-03T05:33:05.430734+00:00,amazon_usa,CASE,B0G3H9CB4Y,"MUSETEX PC Case, Vertical GPU Mounting Design, Pre-Installed 5 PWM ARGB Fans, 360MM RAD Support, ATX Mid-Tower Gaming PC Case with Type-C, 270° Full View Tempered Glass, Black(GR3)",76.01,22.03,2026-10-03,3.9,27,https://www.amazon.com/MUSETEX-Vertical-Mounting-Pre-Installed-Mid-Tower/dp/B0G3H9CB4Y,0.0,22.03
20261003_050925,2026-10-03T05:33:05.430734+00:00,amazon_usa,CASE,B0B9WF5FW1,"LIAN LI LANCOOL III E-ATX PC Case, Spacious RGB Gaming Computer Case with Hinged Tempered Glass Doors, Fine Mesh Panels, 4x140mm PWM Fans Pre-Installed High Airflow Chassis (Black)",202.72,58.75,2026-10-03,4.4,144,https://www.amazon.com/LANCOOL-Enhanced-Performance-Computer-Pre-Installed/dp/B0B9WF5FW1,0.0,58.75
20261003_050925,2026-10-03T05:33:05.430734+00:00,amazon_usa,CASE,B0CRKVN35N,"LIAN LI O11D EVO RGB Black E-ATX Case, 420mm Radiator (O11DERGBX.US)",207.79,60.22,2026-10-03,4.7,440,https://www.amazon.com/LIAN-Black-420mm-Radiator-O11DERGBX-US/dp/B0CRKVN35N,0.0,60.22
20261003_050925,2026-10-03T05:33:05.430734+00:00,amazon_usa,CASE,B0DQPRPW38,NZXT H9 Flow RGB - Dual-Chamber ATX PC Case - Black,141.92,41.13,2026-10-03,4.6,230,https://www.amazon.com/NZXT-Flow-RGB-Dual-Chamber-Back-Connect/dp/B0DQPRPW38,0.0,41.13
20261003_050925,2026-10-03T05:33:05.430734+00:00,amazon_usa,CASE,B0822WTQW9,Fractal Design Meshify 2 Compact Black ATX Flexible High-Airflow Light Tinted Tempered Glass Window Mid Tower Computer Case,136.85,39.66,2026-10-03,4.7,178,https://www.amazon.com/Fractal-Design-Flexible-High-Airflow-Tempered/dp/B0822WTQW9,0.0,39.66
20261003_050925,2026-10-03T05:33:05.430734+00:00,amazon_usa,CASE,B0DK2ZF23K,"Okinos Oak Wood ATX PC Case, 4 x 120mm 3 Pin Non-PWM Case Fans Pre-Installed, Type-C Port, Tempered Glass Side Panel, Black Mid-Tower Computer Case, Cypress 5 AIR",60.8,17.62,2026-10-03,4.6,131,https://www.amazon.com/Okinos-Pre-Installed-Tempered-Mid-Tower-Computer/dp/B0DK2ZF23K,0.0,17.62
20261003_050925,2026-10-03T05:33:05.430734+00:00,amazon_usa,CASE,B0DFWQQFK4,"FOIFKIN F600 PC Case - Pre-Installed 7 PWM ARGB Fan, ATX Mid-Tower Gaming PC Case, 270° Panoramic Glass with Type-C, FOIFKIN (White, F600)",86.16,24.97,2026-10-03,4.6,777,https://www.amazon.com/FOIFKIN-F600-Case-Pre-Installed-Mid-Tower/dp/B0DFWQQFK4,0.0,24.97
20261003_050925,2026-10-03T05:33:05.430734+00:00,amazon_usa,CASE,B0H4R57T4N,"Asiahorse Scutum ATX PC Case, Premium Ash Wood Trim, 270° Tempered Glass",111.38,32.28,2026-10-03,4.5,2,https://www.amazon.com/Asiahorse-Scutum-Premium-Tempered-Glass/dp/B0H4R57T4N,0.0,32.28
20261003_050925,2026-10-03T05:33:05.430734+00:00,amazon_usa,CASE,B0CZV22HDF,CORSAIR 3500X Mid-Tower ATX PC Case – Panoramic Tempered Glass – Reverse Connection Motherboard Compatible – No Fans Included – White,101.34,29.37,2026-10-03,4.7,791,https://www.amazon.com/CORSAIR-3500X-Mid-Tower-ATX-Case/dp/B0CZV22HDF,0.0,29.37
20261003_050925,2026-10-03T05:33:05.430734+00:00,amazon_usa,CASE,B0CPL7HZX1,"Lian Li O11 Vision ATX Mid-Tower PC Case, 3-Sided Glass, White",162.17,47.0,2026-10-03,4.8,203,https://www.amazon.com/Lian-Li-O11-Vision-Tempered/dp/B0CPL7HZX1,0.0,47.0
20261003_050925,2026-10-03T05:33:05.430734+00:00,amazon_usa,CASE,B0FLSD4W6F,"Cooler Master Elite 502 Lite ATX High Airflow Minimalist PC Case, 410mm GPU Max, Compatible RTX 5090|RX 7090 XT, 360mm AIO Max, Type C, Tempered Glass, 120mm Fan, Intakes Grill",85.68,24.83,2026-10-03,4.5,6,https://www.amazon.com/Cooler-Master-Minimalist-Compatible-Tempered/dp/B0FLSD4W6F,0.0,24.83
20261003_050925,2026-10-03T05:33:05.430734+00:00,amazon_usa,CASE,B0F9B5QG9M,"MONTECH X5 ATX PC Case, Mid Tower, High-Airflow Mesh, 4 ARGB Fans, Black",65.8,19.07,2026-10-03,4.2,107,https://www.amazon.com/MONTECH-Mid-Tower-Airflow-Pre-Installed-Included/dp/B0F9B5QG9M,0.0,19.07
20261003_050925,2026-10-03T05:33:05.430734+00:00,amazon_usa,CASE,B0GVSN3WW4,"CORSAIR Frame 5000D Wood RS Mid-Tower ATX PC Case – Solid Wood Airflow Panel, 3X Pre-Installed Fans, Modular Customization, Spacious Interior, GPU Anti-Sag – Black/Walnut",186.5,54.05,2026-10-03,4.0,4,https://www.amazon.com/CORSAIR-Frame-5000D-Wood-Mid-Tower/dp/B0GVSN3WW4,0.0,54.05
20261003_050925,2026-10-03T05:33:05.430734+00:00,amazon_usa,CASE,B0GF1FYF9F,"SAMA V52 Full View Glass ATX Gaming PC Case, 7 ARGB PWM Fans, USB-C Black",91.23,26.44,2026-10-03,4.8,7,https://www.amazon.com/SAMA-V52-Tempered-Supports-Micro-ATX/dp/B0GF1FYF9F,0.0,26.44
20261003_050925,2026-10-03T05:33:05.430734+00:00,amazon_usa,CASE,B0CXTJTJ62,"SAMA 2851A ATX Mid Tower Gaming PC Case, 4 ARGB PWM Fans, USB-C White",70.94,20.56,2026-10-03,4.8,15,https://www.amazon.com/SAMA-2851A-Case-Mid-Tower-Computer/dp/B0CXTJTJ62,0.0,20.56
20261003_050925,2026-10-03T05:33:13.269408+00:00,aliexpress,CASE,3256811424002971,"Curved Cube Gaming PC Case, Tempered Glass Mid Tower with High Airflow, Supports Micro-ATX & ITX Motherboards",229.6,66.54,2026-10-03,0.0,0,,0.0,66.54
20261003_050925,2026-10-03T05:33:13.269408+00:00,aliexpress,CASE,3256812819326971,"New US Shipping ATX Mid Tower PC Case,6 PWM ARGB Fans,Type-C, Dual Tempered Glass Gaming Computer,Black",200.92,58.23,2026-10-03,0.0,0,,0.0,58.23
20261003_050925,2026-10-03T05:33:13.269408+00:00,aliexpress,CASE,3256812707273460,DEEPCOOL CH170/CH260/CH270 Desktop Computer Case Supports M-ATX Back-Plug Motherboard 360MM Water Cooling/ATX Power Supply White,638.96,185.18,2026-10-03,0.0,0,,0.0,185.18
20261003_050925,2026-10-03T05:33:13.269408+00:00,aliexpress,CASE,3256808298402035,PC Case Coloured Glaze Power Train Coloured Glaze PC Case Sea View Room 270° Full View Without Column Desktop Chassis Support 240 Water Cooler,168.49,48.83,2026-10-03,4.6,0,,0.0,48.83
20261003_050925,2026-10-03T05:33:13.269408+00:00,aliexpress,CASE,3256810366310894,WJCOOLMAN AITO Plus ATX PC Case 9.16-Inch Software Screen RGB Light Strip 360 Water Cooler Curved Glass Computer Case,416.82,120.8,2026-10-03,4.5,0,,0.0,120.8
20261003_050925,2026-10-03T05:33:13.269408+00:00,aliexpress,CASE,3256810570748379,Golden Field Xiaoyu Nano Column-less Sea-view Room Computer Case Supports 240 Water Cooling / M-ATX / ITX Motherboards,239.12,69.3,2026-10-03,0.0,0,,0.0,69.3
20261003_050925,2026-10-03T05:33:13.269408+00:00,aliexpress,CASE,3256812252682387,OEM Mid Tower ATX PC Computer Case Gamer Cabinet Gaming PC Case With Tempered Glass Side Panel,250.16,72.5,2026-10-03,0.0,0,,0.0,72.5
20261003_050925,2026-10-03T05:33:13.269408+00:00,aliexpress,CASE,3256809375375005,ATX PC Case Glass Double-Sided Power Train Dreamland PRO PC Gaming Case ATX MATX ITX Motherboard 360 Water-Cooled Sea View Room Double-Sided Glass Computer Cas,266.59,77.26,2026-10-03,4.4,0,,0.0,77.26
20261003_050925,2026-10-03T05:33:13.269408+00:00,aliexpress,CASE,3256812049522525,DIY Panoramic Tempered Glass PC Case ATX Mid Tower Gaming Chassis with 360mm Liquid Cooling Support RGB Lighting Self-Assembly,1411.29,409.01,2026-10-03,0.0,0,,0.0,409.01
20261003_050925,2026-10-03T05:33:13.269408+00:00,aliexpress,CASE,3256811966961495,White PC Case Mid Tower Tempered ATX Computer Cases Towers PC Gaming Computer Cases,462.44,134.02,2026-10-03,0.0,0,,0.0,134.02
20261003_050925,2026-10-03T05:33:13.269408+00:00,aliexpress,CASE,3256812850716485,Open Style PC Computer Cabinet Tempered Glass Cooler CPU Case Mid Tower Micro-ATX Mini-ITX Gaming PC Case with Fans,855.97,248.07,2026-10-03,0.0,0,,0.0,248.07
20261003_050925,2026-10-03T05:33:13.269408+00:00,aliexpress,CASE,3256807982710105,Glass Side MINI Chassis Power Train P40 M-ATX Side Noodle Glass ITX Motherboard ATX/SFX Power Supply Support Type-C Desktop Portable MINI Small Chassis,176.77,51.23,2026-10-03,4.7,0,,0.0,51.23
20261003_050925,2026-10-03T05:33:13.269408+00:00,aliexpress,CASE,3256811691296775,"Micro-ATX Gaming PC Case with 270° View Tempered Glass, Pre-Installed 3 PWM ARGB Fans & Magnetic Filter, Supports Standard ATX",209.41,60.69,2026-10-03,5.0,0,,0.0,60.69
20261003_050925,2026-10-03T05:33:13.269408+00:00,aliexpress,CASE,3256810060237170,Without Fan Tempered Glass Mesh Panel Computer Mid Tower ATX PC Case with Hinged Opening Door,298.26,86.44,2026-10-03,0.0,0,,0.0,86.44
20261003_050925,2026-10-03T05:33:13.269408+00:00,aliexpress,CASE,3256812817266729,Mid Tower PC Case ATX Support 360mm Liquid Cooling Tempered Glass Side Panel Gaming Computer Chassis Airflow Mesh,716.32,207.6,2026-10-03,0.0,0,,0.0,207.6
20261003_050925,2026-10-03T05:33:13.269408+00:00,aliexpress,CASE,3256809419342156,ATX PC Case Portable Power Train X-Gamerx X100 Pro M-ATX PC Case Transparent Side 240 Water-Cooled TYPE-C ATX SFX Power Supply MINI Portable Case,146.51,42.46,2026-10-03,4.5,0,,0.0,42.46
20261003_050925,2026-10-03T05:33:13.269408+00:00,aliexpress,CASE,3256812003620715,"ATX Gaming Computer Case, High Definition USB3.0 Tempered Glass PC Case, Mid Tower Server Computer Chassis",362.75,105.13,2026-10-03,0.0,0,,0.0,105.13
20261003_050925,2026-10-03T05:33:13.269408+00:00,aliexpress,CASE,3256810432579853,Thermalright A70 Panoramic Pillarless Mid-Tower Gaming Desktop Case - Three-Sided Glass Panels / Supports 360mm Liquid Cooling,525.65,152.34,2026-10-03,4.6,0,,0.0,152.34
20261003_050925,2026-10-03T05:33:13.269408+00:00,aliexpress,CASE,3256812135907452,Power Train Star Realm M-ATX Desktop Case Three Sided Glass Panoramic Sea View Room Without Pillars 240 Water Cooler PC Case,155.65,45.11,2026-10-03,5.0,0,,0.0,45.11
20261003_050925,2026-10-03T05:33:13.269408+00:00,aliexpress,CASE,3256811962333471,"Tower ATX PC Case Full Tower Server Case ATX Form Factor, Metal Iron Panel USB 3.0 Front, Expandable Workstation Chassis for Desktop PC",1244.63,360.71,2026-10-03,0.0,0,,0.0,360.71
20261003_050925,2026-10-03T05:33:13.269408+00:00,aliexpress,CASE,3256812289352979,"Montech X3 Mesh, 3 x 140mm& 3 x 120mm Fixed RGB Lighting Fans (Pre-Installed) ATX Mid-Tower PC Gaming Case, USB3.0, Door Open Tempered Glass Side Panel, High Airflow, Black",268.03,77.68,2026-10-03,0.0,0,,0.0,77.68
20261003_050925,2026-10-03T05:33:13.269408+00:00,aliexpress,CASE,3256812004696503,"ATX Mid Tower Gaming Computer Case, Tempered Glass Side Panel, RGB Cooling System, High Airflow Desktop PC Chassis",266.65,77.28,2026-10-03,0.0,0,,0.0,77.28
20261003_050925,2026-10-03T05:33:13.269408+00:00,aliexpress,CASE,3256812417113980,2025 Mid Tower PC Case Tempered Glass M-ATX ITX Gaming Computer Chassis Aluminum Alloy Fan Server Direct Stock,971.87,281.66,2026-10-03,0.0,0,,0.0,281.66
20261003_050925,2026-10-03T05:33:13.269408+00:00,aliexpress,CASE,3256811916026435,Panoramic Tempered Glass ATX Mid Tower Gaming PC Case Support 360mm AIO Liquid Cooler RGB Lighting,2688.66,779.21,2026-10-03,0.0,0,,0.0,779.21
20261003_050925,2026-10-03T05:33:13.269408+00:00,aliexpress,CASE,3256812791950094,Tempered Glass PC Case ATX MATX Desktop Gaming 120/240 Liquid Cooling Support Mid Tower Computer Chassis with RGB Fans,301.5,87.38,2026-10-03,0.0,0,,0.0,87.38
20261003_050925,2026-10-03T05:33:13.269408+00:00,aliexpress,CASE,3256811982381411,Panoramic Tempered Glass Gaming PC Case Full Side View Desktop Computer Chassis for Water Cooling ATX Mid Tower E Sports Build,126.36,36.62,2026-10-03,0.0,0,,0.0,36.62
20261003_050925,2026-10-03T05:33:13.269408+00:00,aliexpress,CASE,3256809367216068,Power Train G1 G2 G3 PC Case ATX ITX M-ATX Side Transparent 360 Water Cooled Desktop Computer Case,115.59,33.5,2026-10-03,4.5,0,,0.0,33.5
20261003_050925,2026-10-03T05:33:13.269408+00:00,aliexpress,CASE,3256812751059741,"ASUS ROG Strix Helios GX601 White Edition RGB Mid-Tower Computer Case for ATX/ EATX Motherboards with Tempered Glass, Aluminum Frame, GPU Braces, 420mm Radiator Support and Aura Sync",1111.79,322.21,2026-10-03,0.0,0,,0.0,322.21
20261003_050925,2026-10-03T05:33:13.269408+00:00,aliexpress,CASE,3256811828593753,Panoramic View Pixel Style Desktop Water Cooling PC Case Aquarium Showcase Mid Tower ATX Gaming Computer Chassis Tempered Glass,1457.39,422.37,2026-10-03,0.0,0,,0.0,422.37
20261003_050925,2026-10-03T05:33:13.269408+00:00,aliexpress,CASE,3256813027175754,Power Train W30 PRO ATX  Desktop Case Pillarless Sea View Room Glass Side Transparency Computer Chassis Support 360 Water Cooler,360.92,104.6,2026-10-03,0.0,0,,0.0,104.6
20261003_050925,2026-10-03T05:33:13.269408+00:00,aliexpress,CASE,3256808023179606,Jonsbo BO400 ATX Case Aluminum Seaview Room Chassis 10 Fan Slots Computer Game Main Case MINI-ITX/M-ATX Backboard Perspective PC,1366.47,396.02,2026-10-03,5.0,0,,0.0,396.02
20261003_050925,2026-10-03T05:33:13.269408+00:00,aliexpress,CASE,3256807862782645,"JONSBO TK-2 Separated Cabinet Case ATX Computer Chassis,Bi-Bent Surround View Glass Aluminum Alloy Support ITX/M-ATX/ATX 360 AIO",730.92,211.83,2026-10-03,0.0,0,,0.0,211.83
20261003_050925,2026-10-03T05:33:13.269408+00:00,aliexpress,CASE,3256812742916291,"The ASUS ROG Strix Helios II White Edition is an EATX mid-tower gaming PC case featuring dual tempered glass panels and an aluminum diamond-grille design, four pre-installed fans for advanced cooling,",1416.91,410.64,2026-10-03,0.0,0,,0.0,410.64
20261003_050925,2026-10-03T05:33:13.269408+00:00,aliexpress,CASE,3256811651335777,Phanteks Evolv X2 Mid Tower Support EATX ATX Three-sided Glass Argb Design Gaming Rich Interface Pc case,863.63,250.29,2026-10-03,0.0,0,,0.0,250.29
20261003_050925,2026-10-03T05:33:13.269408+00:00,aliexpress,CASE,3256811670319886,PHANTEKS XT325 MATX Seaview Tempered Glass Desktop Computer Case 360 water cooling position Type-C 20Gb 32.7L Capacity,283.67,82.21,2026-10-03,4.0,0,,0.0,82.21
20261003_050925,2026-10-03T05:33:13.269408+00:00,aliexpress,CASE,3256812535892158,Antec C8 Curve Wood ATX Vertical Gaming Case Aluminum Computer Case with Tempered Glass for PC/Desktop Gamer,759.01,219.97,2026-10-03,0.0,0,,0.0,219.97
20261003_050925,2026-10-03T05:33:13.269408+00:00,aliexpress,CASE,3256812996104517,"Panoramic Tempered Glass Side Panel PC Case, ATX Gaming Desktop Chassis, Water Cooling Compatible for Internet Cafe",798.65,231.46,2026-10-03,0.0,0,,0.0,231.46
20261003_050925,2026-10-03T05:33:13.269408+00:00,aliexpress,CASE,3256812507617419,Computer Case Tempered Glass Aluminum Alloy Mid Tower ATX/Micro-ATX Chassis with Power Supply RGB,609.46,176.63,2026-10-03,0.0,0,,0.0,176.63
20261003_050925,2026-10-03T05:33:13.269408+00:00,aliexpress,CASE,3256812743512974,Dual Tempered Glass Side Panel Window Mid Tower Desktop Gaming PC Case Computer Case with RGB Fans,1564.28,453.35,2026-10-03,0.0,0,,0.0,453.35
20261003_050925,2026-10-03T05:33:13.269408+00:00,aliexpress,CASE,3256811902168070,Curved Tempered Glass Aquarium PC Case Sea View Panorama Desktop Gaming Computer Chassis ATX Mid Tower Water Cooling Side,655.28,189.91,2026-10-03,0.0,0,,0.0,189.91
20261003_050925,2026-10-03T05:33:13.269408+00:00,aliexpress,CASE,3256812279533391,JONSBO D34 Portable Sea View Case ATX Motherboard Front Hardware Monitoring Screen Bracket BTF Motherboard 240 Water Cooling,468.16,135.68,2026-10-03,0.0,0,,0.0,135.68
20261003_050925,2026-10-03T05:33:13.269408+00:00,aliexpress,CASE,3256809608940541,JONSBO D200 MATX Computer Case Sea View Room Without Pillars Desktop Game Chassis 240 Water Cooling Digital Display Screen,281.01,81.44,2026-10-03,4.5,0,,0.0,81.44
20261003_050925,2026-10-03T05:33:13.269408+00:00,aliexpress,CASE,3256812830433257,"The ASUS ROG Strix Helios II is an EATX mid-tower gaming PC case featuring dual tempered glass panels and an aluminum diamond-grille design, four pre-installed fans for advanced cooling, and support f",1416.91,410.64,2026-10-03,0.0,0,,0.0,410.64
20261003_050925,2026-10-03T05:33:13.269408+00:00,aliexpress,CASE,3256812583083033,for NZ XT H9 Flow Black White Mid Tower ATX Gaming PC Case with Tempered Glass View and 4 Pre installed Fans for DIY Desktop,1198.57,347.36,2026-10-03,0.0,0,,0.0,347.36
20261003_050925,2026-10-03T05:33:13.269408+00:00,aliexpress,CASE,3256810609979999,Power Train P80 Computer Chassis MATX ITX Desktop Handheld PC Case Support 240 Water Cooled Host Shell White Open Frame Case,229.42,66.49,2026-10-03,5.0,0,,0.0,66.49
20261003_050925,2026-10-03T05:33:13.269408+00:00,aliexpress,CASE,3256810439288279,Deepcool CH260 Black Desktop Computer Case M-ATX Back Plug Motherboard Supports 360 Water Cooling Compatible 388MM Graphics Card,495.04,143.47,2026-10-03,5.0,0,,0.0,143.47
20261003_050925,2026-10-03T05:33:13.269408+00:00,aliexpress,CASE,3256812903806364,"In‑Stock ATX Mid‑Tower Gaming PC Case, Full‑Transparent Panel, Water‑Cooling Supported, Empty Desktop Chassis",430.79,124.85,2026-10-03,0.0,0,,0.0,124.85
20261003_050925,2026-10-03T05:33:13.269408+00:00,aliexpress,CASE,3256812074994119,US Shipping Compact ATX Mid-Tower PC Gaming Case High Airflow Tempered Glass 2x120mm Fans 360mm Front 240mm Top Radiator,187.78,54.42,2026-10-03,0.0,0,,0.0,54.42
20261003_050925,2026-10-03T05:33:13.269408+00:00,aliexpress,CASE,3256812536637560,New Phanteks Evolv X2 Mid Tower Support EATX ATX Three-sided Glass Argb Design Gaming Rich Interface Pc case,1448.11,419.68,2026-10-03,5.0,0,,0.0,419.68
20261003_050925,2026-10-03T05:33:13.269408+00:00,aliexpress,CASE,3256809840652941,Art Ultra Suspension Case Hm2 M-Atx Supports 5090 Atx Power Supply Esports Gaming Computer Accessories Mid Tower Host Case,1303.12,377.66,2026-10-03,5.0,0,,0.0,377.66
20261003_050925,2026-10-03T05:33:13.269408+00:00,aliexpress,CASE,3256810099055962,"Curved Sea View Room ATX Case, 360° Water-cooled Tempered Glass, E-sports Internet Cafe Hosts, Gaming Desktop Case",130.81,37.91,2026-10-03,5.0,0,,0.0,37.91
20261003_050925,2026-10-03T05:33:13.269408+00:00,aliexpress,CASE,3256811700347159,Hot Sale Computer PC Case Gaming USB3.0 ATX Cases & Towers Tempered Glass Cabinet With RGB Fan for Desktop Case,514.09,148.99,2026-10-03,0.0,0,,0.0,148.99
20261003_050925,2026-10-03T05:33:13.269408+00:00,aliexpress,CASE,3256812607950652,Gaming PC Case ATX mATX EATX Mid Tower Computer Chassis RGB Tempered Glass Desktop Housing DIY Gaming Box with Fans,911.07,264.04,2026-10-03,0.0,0,,0.0,264.04
20261003_050925,2026-10-03T05:33:13.269408+00:00,aliexpress,CASE,3256810454274723,WJCOOLMAN Sky Curtain Plus ATX PC Gaming Case Curved Glass Sea View Room Desktop Computer Case 360 Water Cooler Gabinete Gamer,304.09,88.13,2026-10-03,4.0,0,,0.0,88.13
20261003_050925,2026-10-03T05:33:13.269408+00:00,aliexpress,CASE,3256809852957266,Ch270 Itx Case Digital Display Screen Compatible With 360 Water-Cooled 388 Graphics Card Matx Back Plug Atx Game Console Chassis,763.18,221.18,2026-10-03,0.0,0,,0.0,221.18
20261003_050925,2026-10-03T05:33:13.269408+00:00,aliexpress,CASE,3256812129868529,Jonsbo X400 Pro ATX PC Case Aluminum Frame Tempered Glass Back-connect Motherboard 360mm Water Cooling Gaming Chassis,485.49,140.7,2026-10-03,5.0,0,,0.0,140.7
20261003_050925,2026-10-03T05:33:13.269408+00:00,aliexpress,CASE,3256812265739684,MANMU Micro-ATX Mini-ITX Pc Case Cpu Case Gaming Case Pc Gaming Computer Tempered Glass For Pc With 7 Fan,241.85,70.09,2026-10-03,0.0,0,,0.0,70.09
20261003_050925,2026-10-03T05:33:13.269408+00:00,aliexpress,CASE,3256811982966063,Curved Tempered Glass Gaming ATX PC Case Wide Body Desktop Computer Tower for Esports Internet Cafe Setup High Airflow Chassis,197.16,57.14,2026-10-03,0.0,0,,0.0,57.14
20261003_050925,2026-10-03T05:33:13.269408+00:00,aliexpress,CASE,3256812449881759,Gaming Full Tower E-ATX PC Case with Tempered Glass Thermometer & 12 RGB Cooling Fans,1110.3,321.78,2026-10-03,0.0,0,,0.0,321.78
20261003_050925,2026-10-03T05:33:13.269408+00:00,aliexpress,CASE,3256810061108154,Without Fan Curved Sea View Room ATX Chassis 360 Water-cooled Tempered Glass Suitable for E-sports Internet Host Computer Deskto,228.25,66.15,2026-10-03,5.0,0,,0.0,66.15
20261003_050925,2026-10-03T05:33:17.436062+00:00,aliexpress,CASE,3256812608440749,ATX Mid Tower PC Case Tempered Glass Aquarium Design Support 240mm AIO Liquid Cooling Gaming Computer Chassis High Airflow,61.49,17.82,2026-10-03,0.0,0,,0.0,17.82
20261003_050925,2026-10-03T05:33:17.436062+00:00,aliexpress,CASE,3256812607210818,ATX Gaming Computer Case Mid Tower PC Chassis Desktop Cabinet Shell with Tempered Glass Side Panel for DIY Gaming Build,11.59,3.36,2026-10-03,0.0,0,,0.0,3.36
20261003_050925,2026-10-03T05:33:17.436062+00:00,aliexpress,CASE,3256812614683636,ATX Gaming PC Case Tower with LCD Screen Mid Tower Computer Chassis Tempered Glass RGB Gamer Cabinet DIY Desktop Housing,445.87,129.22,2026-10-03,0.0,0,,0.0,129.22
20261003_050925,2026-10-03T05:33:17.436062+00:00,aliexpress,CASE,3256812614313821,ATX Mid Tower PC Case Tempered Glass Gaming Computer Chassis Shell Support GPU Server Desktop Housing DIY Build Black,161.66,46.85,2026-10-03,0.0,0,,0.0,46.85
20261003_050925,2026-10-03T05:33:17.436062+00:00,aliexpress,CASE,3256812608380372,Purple Gaming PC Case Aluminum Panel SGCC Steel Computer Chassis ATX Mid Tower RGB Support Tempered Glass Desktop Housing,552.94,160.25,2026-10-03,0.0,0,,0.0,160.25
20261003_050925,2026-10-03T05:33:17.436062+00:00,aliexpress,CASE,3256812607902494,Gaming PC Case ATX Mid Tower Computer Chassis Desktop Cabinet with Tempered Glass RGB Support High Airflow Gaming Housing,113.66,32.94,2026-10-03,0.0,0,,0.0,32.94
20261003_050925,2026-10-03T05:33:17.436062+00:00,aliexpress,CASE,3256812614289578,ATX Mid Tower Gaming PC Case Tempered Glass Full Metal Computer Chassis Water Cooling Support E Sports Desktop Cabinet Black,99.51,28.84,2026-10-03,0.0,0,,0.0,28.84
20261003_050925,2026-10-03T05:33:17.436062+00:00,aliexpress,CASE,3256812607473028,ATX Mid Tower Gaming PC Case Dual Chamber Aquarium Design Tempered Glass Side Panel RGB Light Bar Support Water Cooling Black,184.29,53.41,2026-10-03,0.0,0,,0.0,53.41
20261003_050925,2026-10-03T05:33:17.436062+00:00,aliexpress,CASE,3256812614397986,Mid Tower PC Case Full View Tempered Glass Gaming Computer Chassis ATX Micro USB 3.0 Desktop Cabinet DIY Build Black White,168.87,48.94,2026-10-03,0.0,0,,0.0,48.94
20261003_050925,2026-10-03T05:33:17.436062+00:00,aliexpress,CASE,3256812614653809,Gaming PC Case Full Side Tempered Glass Transparent ATX Mid Tower Computer Chassis with RGB Fan Desktop Gaming Cabinet,248.3,71.96,2026-10-03,0.0,0,,0.0,71.96
20261003_050925,2026-10-03T05:33:17.436062+00:00,aliexpress,CASE,3256812607834843,Gaming PC Case Micro ATX ITX Mid Tower Computer Chassis Tempered Glass Side Panel USB 3.0 Type C Front I/O Black Desktop,169.9,49.24,2026-10-03,0.0,0,,0.0,49.24
20261003_050925,2026-10-03T05:33:17.436062+00:00,aliexpress,CASE,3256812614685378,Gaming PC Case EATX ATX mATX ITX Mid Tower Computer Chassis Custom RGB Tempered Glass Airflow Desktop Housing Shell DIY,235.53,68.26,2026-10-03,0.0,0,,0.0,68.26
20261003_050925,2026-10-03T05:33:17.436062+00:00,aliexpress,CASE,3256812614635766,RGB Gaming PC Case Mid Tower Steel Chassis 360 Water Cooling Support Tempered Glass Side Panel Aquarium Style Computer,196.02,56.81,2026-10-03,0.0,0,,0.0,56.81
20261003_050925,2026-10-03T05:33:17.436062+00:00,aliexpress,CASE,3256812614470048,White Mid Tower ATX Gaming PC Case Tempered Glass Side Panel Aluminum Alloy Computer Chassis Custom Mod DIY Desktop Cabinet,467.54,135.5,2026-10-03,0.0,0,,0.0,135.5
20261003_050925,2026-10-03T05:33:17.436062+00:00,aliexpress,CASE,3256812614243497,Gaming PC Case ATX Mid Tower Computer Chassis with Tempered Glass Side Panel RGB Fans High Airflow Desktop Housing Shell,198.09,57.41,2026-10-03,0.0,0,,0.0,57.41
20261003_050925,2026-10-03T05:33:17.436062+00:00,aliexpress,CASE,3256812614734225,New O11 Dynamic Mini V2 PC Case Mid Tower Chassis Support ATX M-ATX ITX Gaming Computer Case Tempered Glass Airflow,509.81,147.75,2026-10-03,0.0,0,,0.0,147.75
20261003_050925,2026-10-03T05:33:17.436062+00:00,aliexpress,CASE,3256812615197577,Gaming PC Case ATX Mid Tower Computer Chassis with Tempered Glass RGB Support Custom Logo Desktop CPU Cabinet Box,283.46,82.15,2026-10-03,0.0,0,,0.0,82.15
20261003_050925,2026-10-03T05:33:17.436062+00:00,aliexpress,CASE,3256812608077068,Gaming PC Case ATX Mid Tower Computer Chassis with Tempered Glass RGB Support Custom Logo Desktop Gaming Cabinet Housing,187.57,54.36,2026-10-03,0.0,0,,0.0,54.36
20261003_050925,2026-10-03T05:33:17.436062+00:00,aliexpress,CASE,3256812615131914,Custom Black Full Tower Gaming PC Case Tempered Glass RGB Fan Computer Chassis DIY Desktop Housing ATX Mid Tower Case,127.67,37.0,2026-10-03,0.0,0,,0.0,37.0
20261003_050925,2026-10-03T05:33:17.436062+00:00,aliexpress,CASE,3256812615067509,White Full View Gaming PC Case ATX Mid Tower Computer Chassis Tempered Glass Desktop Housing RGB Support Airflow Cooling,114.14,33.08,2026-10-03,0.0,0,,0.0,33.08
20261003_050925,2026-10-03T05:33:17.436062+00:00,aliexpress,CASE,3256812615233883,New ATX Gaming PC Case Tempered Glass Tower Computer Chassis Desktop CPU Cabinet Mid Tower Gaming PC Box Hardware,152.06,44.07,2026-10-03,0.0,0,,0.0,44.07
20261003_050925,2026-10-03T05:33:17.436062+00:00,aliexpress,CASE,3256812607938789,Gaming PC Case ATX Mid Tower Computer Chassis with Tempered Glass Side Panel RGB Fans High Airflow Desktop Gaming Case Black,198.09,57.41,2026-10-03,0.0,0,,0.0,57.41
20261003_050925,2026-10-03T05:33:17.436062+00:00,aliexpress,CASE,3256809355405409,Power Train G1 G2 G3 Desktop ATX Case Glass Side Transparent Mesh Gaming Computer Case Support 360 Water Cooling,233.94,67.8,2026-10-03,5.0,0,,0.0,67.8
20261003_050925,2026-10-03T05:33:17.436062+00:00,aliexpress,CASE,3256812344569271,JONSBO D34 ATX Motherboard Case with Front Hardware Monitoring Screen Sea View Design Includes BTF Motherboard And 240 Water Coo,491.32,142.39,2026-10-03,0.0,0,,0.0,142.39
20261003_050925,2026-10-03T05:33:17.436062+00:00,aliexpress,CASE,3256810308418031,WJCOOLMAN WENJIE ATX Integrated Curved Glass Sea View Computer Case with Three-Sided Side Glazing / ARGB Light Strip,308.06,89.28,2026-10-03,5.0,0,,0.0,89.28
20261003_050925,2026-10-03T05:33:17.436062+00:00,aliexpress,CASE,3256810061268559,"4 RGB Fans Included Gaming PC Case with LCD Screen, ATX MATX Tempered Glass, Supports 400mm GPU 360 Liquid Cooler",514.3,149.05,2026-10-03,4.8,0,,0.0,149.05
20261003_050925,2026-10-03T05:33:17.436062+00:00,aliexpress,CASE,3256812905259371,"In‑Stock Coffee‑Style Mid‑Tower PC Shell, Clear Tempered‑Glass Side Window, Gaming Desktop Empty Chassis",245.4,71.12,2026-10-03,0.0,0,,0.0,71.12
20261003_050925,2026-10-03T05:33:17.436062+00:00,aliexpress,CASE,3256811903423435,Hyperboloid Glass Micro ATX PC Case Walnut Wood Panel MATX Mid Tower Chassis Support ATX PSU GPU 260mm Front Dual 120mm,362.82,105.15,2026-10-03,0.0,0,,0.0,105.15
20261003_050925,2026-10-03T05:33:17.436062+00:00,aliexpress,CASE,3256811789608976,ATX Gaming PC Case Tempered Glass Desktop Computer Chassis MATX Case USB3.0 Cooling System 360 Panoramic Display Computer Case,139.12,40.32,2026-10-03,0.0,0,,0.0,40.32
20261003_050925,2026-10-03T05:33:17.436062+00:00,aliexpress,CASE,3256812868007786,"TK-3 Black One-piece Curved Glass ATX Mid Tower PC Case, SP BTF MB Dual 360 AIO ATX PSU 40Series GPU, 10 Fans, 270 Degree",303.89,88.07,2026-10-03,0.0,0,,0.0,88.07
20261003_050925,2026-10-03T05:33:17.436062+00:00,aliexpress,CASE,3256813123898565,"Highly Rated Compact ATX Mid-Tower PC Case Black, 2x120mm Fans, 360mm Radiator Support, Tempered Glass",353.5,102.45,2026-10-03,0.0,0,,0.0,102.45
20261003_050925,2026-10-03T05:33:17.436062+00:00,aliexpress,CASE,3256812685052434,USA Stock PC Case ATX 6 PWM ARGB Fans Pre-Installed Type-C Mid Tower Dual Glass Gaming Hot Sale,223.25,64.7,2026-10-03,0.0,0,,0.0,64.7
20261003_050925,2026-10-03T05:33:17.436062+00:00,aliexpress,CASE,3256811832642573,Panoramic Curved Glass Desktop PC Case ATX Mid Tower Gaming Computer Chassis Full View Side Window Support 360mm Liquid Cooler,267.38,77.49,2026-10-03,0.0,0,,0.0,77.49
20261003_050925,2026-10-03T05:33:17.436062+00:00,aliexpress,CASE,3256812661582778,"No Column Sea View M-ATX Computer Case, Curved Full View Tempered Glass Gaming Cabinet, Micro ATX Desktop PC Chassis, 2 Colors",374.31,108.48,2026-10-03,0.0,0,,0.0,108.48
20261003_050925,2026-10-03T05:33:17.436062+00:00,aliexpress,CASE,3256811343355918,WJCOOLMAN Craftsman Plus ATX MATX PC Case Glass Transparent Wooden Strips Panel Gabinetes Gamers 360 Water Cooler Computer Case,242.88,70.39,2026-10-03,5.0,0,,0.0,70.39
20261003_050925,2026-10-03T05:33:17.436062+00:00,aliexpress,CASE,3256813046557335,Power Train G3 ATX Desktop Case Glass Side Transparent Panel Mesh Gaming Office PC Case Support 360 Water Cooling,193.37,56.04,2026-10-03,0.0,0,,0.0,56.04
20261003_050925,2026-10-03T05:33:21.480229+00:00,aliexpress,CASE,3256811984815232,Tablet Screen Protector for Samsung Galaxy Tab S11 S10 S9 S8 Ultra Plus FE A11 A9 Anti Spy Tempered Glass Privacy Film Cover,5.93,1.72,2026-10-03,4.5,0,,0.0,1.72
20261003_050925,2026-10-03T05:33:21.480229+00:00,aliexpress,CASE,3256812355200460,For Cubot Tab 70 Tablet Tempered Glass Clear Screen Protectors for Cubot Tab70 Protective Film Cover,6.38,1.85,2026-10-03,5.0,0,,0.0,1.85
20261003_050925,2026-10-03T05:33:21.480229+00:00,aliexpress,CASE,3256805258680696,HD Tempered Glass for Anbernic RG35XX Ultra Clear Screen Protector for RG 35XX Full Coverage Protective Front Film,3.76,1.09,2026-10-03,1.0,0,,0.0,1.09
20261003_050925,2026-10-03T05:33:21.480229+00:00,aliexpress,CASE,3256810358385169,"X99 Dual System Gaming Case, E-ATX Tower with Tempered Glass Side Panel & High Airflow Design",283.08,82.04,2026-10-03,4.0,0,,0.0,82.04
20261003_050925,2026-10-03T05:33:21.480229+00:00,aliexpress,CASE,3256804912219988,JONSBO Pinecone D41 Computer Case ATX Mainboard Mesh Side Transparent Glass Wite Screen Games Chassis 360 Water Cooling,224.46,65.05,2026-10-03,5.0,0,,0.0,65.05
20261003_050925,2026-10-03T05:33:21.480229+00:00,aliexpress,CASE,3256812887606966,For Garmin Fenix 9 Pro 51/47/43MM HD Tempered Glass Screen Protector for GARMIN Fenix9 Fenix9Pro Smartwatch Protective Glass,4.83,1.4,2026-10-03,4.6,0,,0.0,1.4
20261003_050925,2026-10-03T05:33:21.480229+00:00,aliexpress,CASE,3256810231182286,Jonsbo X400 Seaview Room PC Case MINI-ITX M-ATX Game Chassis Back Plug ATX Motherboard Support 360 Water Cooled 13 Fan Positions,723.19,209.59,2026-10-03,0.0,0,,0.0,209.59
20261003_050925,2026-10-03T05:33:21.480229+00:00,aliexpress,CASE,3256812914824236,"In‑Stock Desktop Gaming Shell, Mid‑Tower, Clear Glass Side Window, Multicolor RGB LED, USB 3.0 Port, Cable‑Routing Support",296.98,86.07,2026-10-03,0.0,0,,0.0,86.07
20261003_050925,2026-10-03T05:33:21.480229+00:00,aliexpress,CASE,3256812954265310,For Fiio M21 Tempered Glass Full screen 9H Screen protector,3.76,1.09,2026-10-03,0.0,0,,0.0,1.09
20261003_050925,2026-10-03T05:33:21.480229+00:00,aliexpress,CASE,3256810290974517,Tempered Glass Computer Case HD USB 3.0 ATX Desktop Computer Case,810.73,234.96,2026-10-03,0.0,0,,0.0,234.96
20261003_050925,2026-10-03T05:33:21.480229+00:00,aliexpress,CASE,3256810166012740,"Suitable for Water-cooled ATX Large,Medium and Small Board Computer Desktop Tempered Glass Full-side Transparent Game ConsoleBox",97.2,28.17,2026-10-03,4.8,0,,0.0,28.17
20261003_050925,2026-10-03T05:33:21.480229+00:00,aliexpress,CASE,3256810431191624,Thermalright TR-A70 ATX PC Case/3-Sided Transparent Side Panel/Supports Graphics Cards ≤420mm/Power Supply ≤200mm/ATX，M-ATX，ITX,560.84,162.54,2026-10-03,5.0,0,,0.0,162.54
20261003_050925,2026-10-03T05:33:21.480229+00:00,aliexpress,CASE,3256813038773905,For Garmin Fenix 9 Pro 51/47/43MM HD Tempered Glass Screen Protector for GARMIN Fenix9 Fenix9Pro Smartwatch Protective Glass,16.94,4.91,2026-10-03,0.0,0,,0.0,4.91
20261003_050925,2026-10-03T05:33:21.480229+00:00,aliexpress,CASE,3256812718373047,JONSBO D34 M-ATX PC Case Tempered Glass Sea View Chassis With Front Monitoring Screen Support 280mm Water Cooler BTF Motherboard,407.16,118.0,2026-10-03,0.0,0,,0.0,118.0
20261003_050925,2026-10-03T05:33:21.480229+00:00,aliexpress,CASE,3256808543321112,JONSBO X400 Computer Case Tempered Glass 360 Water Cooling ATX Back Plug ABS Plastic Frame PC Case Gaming Computer Case,1723.08,499.37,2026-10-03,5.0,0,,0.0,499.37
20261003_050925,2026-10-03T05:33:21.480229+00:00,aliexpress,CASE,3256812929697200,Screen protector 9H Full screen Tempered Glass for Bambu Lab H2D H2S X1C P2S H2C 3D Printer,3.76,1.09,2026-10-03,5.0,0,,0.0,1.09
20261003_050925,2026-10-03T05:33:21.480229+00:00,aliexpress,CASE,3256810456664155,WJCOOLMAN AITO Plus ATX PC Gamer Case 9.16-Inch Screen RGB Light Strip 360 Water Cooler Curved Glass Sea View Room Computer Case,582.48,168.81,2026-10-03,0.0,0,,0.0,168.81
20261003_050925,2026-10-03T05:33:21.480229+00:00,aliexpress,CASE,3256812519442423,Phanteks Evolv X2 Mid Tower Support EATX ATX Three-sided Glass Argb Design Gaming Rich Interface Pc case,917.59,265.93,2026-10-03,0.0,0,,0.0,265.93
20261003_050925,2026-10-03T05:33:21.480229+00:00,aliexpress,CASE,3256812067223577,"Tablet Screen Protector for Lenovo Legion Y700 Gen 5 2026 8.8"" Matte Frosted Tempered Glass For Lenovo Legion Y700 Gen5 Film",3.76,1.09,2026-10-03,4.2,0,,0.0,1.09
20261003_050925,2026-10-03T05:33:21.480229+00:00,aliexpress,CASE,3256810231181173,Jonsbo X400 Deep Space Gray ATX Sea View Room Gaming Computer Case Support 360 Water-cooled 5V ARGB Lighting Effect MATX Chassis,505.77,146.58,2026-10-03,5.0,0,,0.0,146.58
20261003_050925,2026-10-03T05:33:21.480229+00:00,aliexpress,CASE,3256809371992893,Power Train G1 G2 G3 Desktop Computer Case ATX Glass Side Transparent Chassis Mesh Gaming PC Case Support 360 Water Cooling,206.51,59.85,2026-10-03,3.0,0,,0.0,59.85
20261003_050925,2026-10-03T05:33:21.480229+00:00,aliexpress,CASE,3256812162840706,WJCOOLMAN AITO Plus ATX Mental PC Case 9.16-Inch Screen RGB Light Strip 360 Water Cooler Integrated Curved Glass Computer Case,369.03,106.95,2026-10-03,0.0,0,,0.0,106.95
20261003_050925,2026-10-03T05:33:21.480229+00:00,aliexpress,CASE,3256812409093464,"MONTECH X5M - Micro ATX Gaming PC Case, High Airflow, 4x120mm ARGB Fans Pre-installed, Glass Side Panel, Carbon Fiber Print Accents, Black",225.94,65.48,2026-10-03,5.0,0,,0.0,65.48
20261003_050925,2026-10-03T05:33:21.480229+00:00,aliexpress,CASE,3256807819718989,3 Pack Screen Protector for Samsung Galaxy Tab S11 S10 Plus Ultra Tempered Glass Film Anti-Scratch for Galaxy Tab S10 FE+ Flims,12.56,3.64,2026-10-03,3.9,0,,0.0,3.64
20261003_050925,2026-10-03T05:33:21.480229+00:00,aliexpress,CASE,3256812821061076,"MONTECH TG3 Panoramic ATX Mid-Tower PC Case, Pre-Installed 360mm ARGB Unibody Fans & 1x120mm ARGB Fan, ARGB Strip, Supports 360mm Radiator, RTX 5090 GPUs & Back-Connect Motherboards, White",306.23,88.75,2026-10-03,0.0,0,,0.0,88.75
20261003_050925,2026-10-03T05:33:21.480229+00:00,aliexpress,CASE,3256812390586954,Power Train Star Realm M-ATX Desktop PC Case Three Sided Glass Panoramic Seaview Room Without Pillars 240 Water Cooler Game Case,168.42,48.81,2026-10-03,0.0,0,,0.0,48.81
20261003_050925,2026-10-03T05:33:21.480229+00:00,aliexpress,CASE,3256809338332087,HESTART ATX Black Office Business Gaming Computer Case With Glass Side Panel Supports 360 Liquid Cooling and Multiple Fan Slots,305.54,88.55,2026-10-03,0.0,0,,0.0,88.55
20261003_050925,2026-10-03T05:33:21.480229+00:00,aliexpress,CASE,3256812944959389,Tempered Glass For Redmagic Astra 2 Screen Protector for Redmagic ASTRA 2 Cover Film,16.7,4.84,2026-10-03,5.0,0,,0.0,4.84
20261003_050925,2026-10-03T05:33:21.480229+00:00,aliexpress,CASE,3256813053613796,MANMU Tempered Glass Game Case M-ATX/Mini-ITX Desktop Pc Case Cpu Case Gaming Case Pc Gaming Computer For Pc With 7 Fan,210.0,60.86,2026-10-03,0.0,0,,0.0,60.86
20261003_050925,2026-10-03T05:33:21.480229+00:00,aliexpress,CASE,3256811822119964,MANTISMAN Star Core RGB PC Gaming Case Light Strip MATX/ATX Three Sided Glass 360 Water Cooler Computer Case Gabinete Gamer,311.72,90.34,2026-10-03,0.0,0,,0.0,90.34
20261003_050925,2026-10-03T05:33:21.480229+00:00,aliexpress,CASE,3256810542689832,WJCOOLMAN Dust-Free Players Game Office Computer Case - Supports M-ATX Motherboard / 240 Water Cooling / Glass Side Lighting,200.65,58.15,2026-10-03,5.0,0,,0.0,58.15
20261003_050925,2026-10-03T05:33:21.480229+00:00,aliexpress,CASE,3256810508430079,WJCOOLMAN Soul Battleship  Alien form Computer case Compatible with ATX/M-ATX/MINI-ITX motherboards 240 water cooling system,777.71,225.39,2026-10-03,0.0,0,,0.0,225.39
20261003_050925,2026-10-03T05:33:21.480229+00:00,aliexpress,CASE,3256808790639918,Jonsbo D32 STD/PRO Desktop Case  MINI-ITX MATX Computer Office Chassis Side Transparent PC Case Support 240mm Water Cooling,272.18,78.88,2026-10-03,4.8,0,,0.0,78.88
20261003_050925,2026-10-03T05:33:21.480229+00:00,aliexpress,CASE,3256810359420361,WJCOOLMAN Millennium ATX PC Case Screen/Digital Display Supports 360 Water Cooled Sea View Room Customize Screen Computer Case,261.86,75.89,2026-10-03,5.0,0,,0.0,75.89
20261003_050925,2026-10-03T05:33:21.480229+00:00,aliexpress,CASE,3256812960978173,ATX Full‑Tower PC Case Acrylic Panel Front USB Ports Two 5.25‑inch Drive Bays For Desktop DIY,1662.8,481.9,2026-10-03,0.0,0,,0.0,481.9
20261003_050925,2026-10-03T05:33:21.480229+00:00,aliexpress,CASE,3256811440753531,Golden Field Cang Yue Sea View Room Figurine ATX Case / C Port / Graphics Card Stand / Desktop Computer DIY Black and White,312.3,90.51,2026-10-03,5.0,0,,0.0,90.51
20261003_050925,2026-10-03T05:33:21.480229+00:00,aliexpress,CASE,3256809375375005,Power Train Dreamland PRO PC Gaming Case ATX MATX ITX Motherboard 360 Water-Cooled Sea View Room Double-Sided Glass Computer Cas,266.59,77.26,2026-10-03,4.4,0,,0.0,77.26
20261003_050925,2026-10-03T05:33:21.480229+00:00,aliexpress,CASE,3256811746669508,Jonsbo D33 Desktop Case MATX Desktop Computer Chassis Back Insertion Breathable Grille 360 Water Cooled Host Shell DIY PC Case,356.09,103.2,2026-10-03,5.0,0,,0.0,103.2
20261003_050925,2026-10-03T05:33:21.480229+00:00,aliexpress,CASE,3256812950220829,Full‑Tower Gaming PC Case Panoramic Tempered Glass Panel 9PWM ARGB Fans 360mm Radiator Support Front Audio Port,1662.8,481.9,2026-10-03,0.0,0,,0.0,481.9
20261003_050925,2026-10-03T05:33:21.480229+00:00,aliexpress,CASE,3256808811472437,Jonsbo V12 MATX Desktop Computer Case Hyperbolic Glass Seaview Room ATX Power Supply Type-c Interface PC Mini Side View Case,534.48,154.9,2026-10-03,4.0,0,,0.0,154.9
20261003_050925,2026-10-03T05:33:21.480229+00:00,aliexpress,CASE,3256808298402035,Power Train Coloured Glaze PC Case Sea View Room 270° Full View Without Column Desktop Chassis Support 240 Water Cooler,168.49,48.83,2026-10-03,4.6,0,,0.0,48.83
20261003_050925,2026-10-03T05:33:21.480229+00:00,aliexpress,CASE,3256805036329980,JONSBO MOD-3 Special-shaped Case All Aluminum Tempered Glass E-sports Mecha Theme Chassis E-ATX Motherboard 360 Water-cooled,1246.7,361.31,2026-10-03,3.0,0,,0.0,361.31
20261003_050925,2026-10-03T05:33:21.480229+00:00,aliexpress,CASE,3256810358136355,WJCOOLMAN Dreamer Mini PC Case M-ATX Three Sided Glass Sea View Room 240 Water Cooler Desktop Computer Case Gabinetes Gamer,227.39,65.9,2026-10-03,0.0,0,,0.0,65.9
20261003_050925,2026-10-03T05:33:21.480229+00:00,aliexpress,CASE,3256810504083113,JONSBO V12 Hyperboloid Glass Sea View Room Chassis MATX Desktop Gaming Esports Mesh Compact Chassis Type-C Interface White,591.97,171.56,2026-10-03,0.0,0,,0.0,171.56
20261003_050925,2026-10-03T05:33:25.486362+00:00,aliexpress,CASE,3256811746471902,10Pcs/lot DDR Memory Module Case Box Holder Lodimm Packing Desktop,3.76,1.09,2026-10-03,0.0,0,,0.0,1.09
20261003_050925,2026-10-03T05:33:25.486362+00:00,aliexpress,CASE,3256807353674977,6 CF Card Slots Professional Water-Resistant Compact Flash Card Holder Case Storage Compact Flash Memory Card Protector Wallet,29.85,8.65,2026-10-03,4.9,0,,0.0,8.65
20261003_050925,2026-10-03T05:33:25.486362+00:00,aliexpress,CASE,3256810572676326,10pcs Clear Plastic Memory Card Case Stick SD TF Card Storage Box Protection Holder Transparent Memory Card Storage Boxes,3.76,1.09,2026-10-03,0.0,0,,0.0,1.09
20261003_050925,2026-10-03T05:33:25.486362+00:00,aliexpress,CASE,3256808368432412,TEUCER B12025 120mm PC Case Fan 4PIN PWM 12CM Fan 1800RPM Computer Cooling Silent Fan,8.04,2.33,2026-10-03,4.9,0,https://www.aliexpress.com/ssr/300000512/BundleDeals2?productIds=1005008554747164:12000045689979449&pha_manifest=ssr&_immersiveMode=true&disableNav=YES&sourceName=SEARCHProduct,0.0,2.33
20261003_050925,2026-10-03T05:33:25.486362+00:00,aliexpress,CASE,3256810447580961,"Desktop Sea-view Room-style Computer Case, with Small Rack-style Design That Supports ITX Motherboards and SFX Power Supplies",61.76,17.9,2026-10-03,5.0,0,,0.0,17.9
20261003_050925,2026-10-03T05:33:25.486362+00:00,aliexpress,CASE,3256812797777520,M21M31 Mini ITX Chassis Supports 120mm Water Cooling Low‑Profile GPU Small 1U Flex ATX PSU Compact SFF Desktop PC Shell for DIY,368.89,106.91,2026-10-03,0.0,0,,0.0,106.91
20261003_050925,2026-10-03T05:33:25.486362+00:00,aliexpress,CASE,3256808688470473,Power Train Flying PC Gaming Case E-Sports Case MATX USB3.0 Support SFX/ATX Power Supply Iron Net Heat Dissipation Computer Case,146.47,42.45,2026-10-03,4.7,0,,0.0,42.45
20261003_050925,2026-10-03T05:33:25.486362+00:00,aliexpress,CASE,3256812156714673,"Mini ITX Aluminum Alloy CNC Case, 4.9L Flex ATX Compatible for Half-Height GPU & 1U Power Supply",522.23,151.35,2026-10-03,0.0,0,,0.0,151.35
20261003_050925,2026-10-03T05:33:25.486362+00:00,aliexpress,CASE,3256806502187147,Acrylic open matx assembly desktop computer transparent plexiglass atx small main chassis diy,77.67,22.51,2026-10-03,0.0,0,,0.0,22.51
20261003_050925,2026-10-03T05:33:25.486362+00:00,aliexpress,CASE,3256812852977834,A40I Mini ITX Computer Case HTPC Chassis with 4XUSB Support 1U PSU Compatible with MINI-ITX Motherboard,163.52,47.39,2026-10-03,0.0,0,,0.0,47.39
20261003_050925,2026-10-03T05:33:25.486362+00:00,aliexpress,CASE,3256811378998372,10Pcs Memory Module Case Box Holder DDR DDR2 DDR3 DDR4 Lodimm Desktop Packing,3.76,1.09,2026-10-03,5.0,0,,0.0,1.09
20261003_050925,2026-10-03T05:33:25.486362+00:00,aliexpress,CASE,3256812054921185,Metal Mini ITX Chassis Portable A4 Small Form Factor 1U SFX Power Supply Desktop Computer Case for Home Office,137.74,39.92,2026-10-03,0.0,0,,0.0,39.92
20261003_050925,2026-10-03T05:33:25.486362+00:00,aliexpress,CASE,3256812420798003,"Portable ITX MATX Small Desktop Case with Handle, FLEX Power Supply Support, High Graphics Card Compatible",124.05,35.95,2026-10-03,0.0,0,,0.0,35.95
20261003_050925,2026-10-03T05:33:25.486362+00:00,aliexpress,CASE,3256812194117470,ZeroMaster m-atx Chassis Columnless Pure White Sea View Room Computer Chassis 360 Water Cooled LCD Screen Host Chassis,660.18,191.33,2026-10-03,0.0,0,,0.0,191.33
20261003_050925,2026-10-03T05:33:25.486362+00:00,aliexpress,CASE,3256811747203157,Computer Accessories ATX MATX ITX Gaming Computer Case with RGB Light Bar and Side Panel Window(1pcs),77.57,22.48,2026-10-03,0.0,0,,0.0,22.48
20261003_050925,2026-10-03T05:33:25.486362+00:00,aliexpress,CASE,3256812895144101,New 4U Chassis Industrial Control Server 360 Water Cooling EATX Main Board ATX Power Supply USB3.0 Metal Switch,554.81,160.79,2026-10-03,0.0,0,,0.0,160.79
20261003_050925,2026-10-03T05:33:25.486362+00:00,aliexpress,CASE,3256812885618147,MicroSD Card Storage Case Memory Card Holder Small Card Organizer Portable Storage Box For Digital Accessories,26.4,7.65,2026-10-03,0.0,0,,0.0,7.65
20261003_050925,2026-10-03T05:33:25.486362+00:00,aliexpress,CASE,3256812078788172,22 Slots Memory Card Collect Bag Camera Memory Card Case Holder Bag for CF/SD Card Collection Box,3.76,1.09,2026-10-03,0.0,0,,0.0,1.09
20261003_050925,2026-10-03T05:33:25.486362+00:00,aliexpress,CASE,3256810604909136,"computer Dust Cover - Black Desktop Protector for Mid-Tower Computers, Durable & Stylish Computer Case Cover, Waterproof Cover",3.76,1.09,2026-10-03,4.9,0,,0.0,1.09
20261003_050925,2026-10-03T05:33:25.486362+00:00,aliexpress,CASE,3256806574689980,1pcs USB Flash Drive Case Storage Box Portable USB Protection Dustproof Hard Drive Carrying Bag Outdoor Accessories Storage Box,20.77,6.02,2026-10-03,0.0,0,,0.0,6.02
20261003_050925,2026-10-03T05:33:25.486362+00:00,aliexpress,CASE,3256807194752365,Screen Protector Cover for Apple Watch 44mm 45mm 40mm 41mm Hard PC Front Rear Bumper Case for iwatch 9 8 7 6 5 4 Change To Ultra,3.76,1.09,2026-10-03,4.7,0,,0.0,1.09
20261003_050925,2026-10-03T05:33:25.486362+00:00,aliexpress,CASE,3256812120039515,"Desktop pc atx case, white with transparent side panel, ""seaview room"" design, 240mm water cooling support",163.24,47.31,2026-10-03,0.0,0,,0.0,47.31
20261003_050925,2026-10-03T05:33:25.486362+00:00,aliexpress,CASE,3256812906150866,JONSBO D34 Compact Sea View Case Micro ATX PC Chassis Front Hardware Monitor Screen Support BTF Mainboard 240 Water Cooling,352.02,102.02,2026-10-03,0.0,0,,0.0,102.02
20261003_050925,2026-10-03T05:33:25.486362+00:00,aliexpress,CASE,3256811706259750,ITX Chassis MATX Small Case Mini Desktop Computer Case,121.29,35.15,2026-10-03,0.0,0,,0.0,35.15
20261003_050925,2026-10-03T05:33:25.486362+00:00,aliexpress,CASE,3256812886328469,"Open Frame Computer Case, 3D Printer Chassis, MATX ATX ITX DIY Test Bench, Gaming PC Support Water & Air Cooling System",131.64,38.15,2026-10-03,0.0,0,,0.0,38.15
20261003_050925,2026-10-03T05:33:25.486362+00:00,aliexpress,CASE,3256812686137378,22 Slots Memory Card Storage Holder Portable CF SD Card Organizer Pouch Camera Storage Case for Digital Photography Accessories,49.14,14.24,2026-10-03,0.0,0,,0.0,14.24
20261003_050925,2026-10-03T05:33:25.486362+00:00,aliexpress,CASE,3256812321266788,NEW 2026 Graphics Card Holder Adjustable Jack GPU Video Card Bracket Prevent Sagging for ITX/ATX Desktop PC Case Accessory,37.54,10.88,2026-10-03,0.0,0,,0.0,10.88
20261003_050925,2026-10-03T05:33:25.486362+00:00,aliexpress,CASE,3256812841109058,CH260 Small Case Side Through-mesh Handle Case Long Graphics Card ATX Power Supply Type-C,307.72,89.18,2026-10-03,0.0,0,,0.0,89.18
20261003_050925,2026-10-03T05:33:25.486362+00:00,aliexpress,CASE,3256812556034474,10pcs Protection Holder Transparent Memory Card Storage Boxes Clear Plastic Memory Card Case Stick Micro  TF Card Storage Box,7.76,2.25,2026-10-03,0.0,0,,0.0,2.25
20261003_050925,2026-10-03T05:33:25.486362+00:00,aliexpress,CASE,3256810137262048,10pcs For SD SDHC Memory Card Case Holder Protector Transparent Plastic Box Storage,3.76,1.09,2026-10-03,0.0,0,,0.0,1.09
20261003_050925,2026-10-03T05:33:25.486362+00:00,aliexpress,CASE,3256812880952409,Fabric Lace Design European Style Computer Desktop Dustproof Computer Cover Cloth Keyboard Computer Host Cover Cloth 3PCS ZG266,224.73,65.13,2026-10-03,0.0,0,,0.0,65.13
20261003_050925,2026-10-03T05:33:25.486362+00:00,aliexpress,CASE,3256812252265019,1Pc 8 in 1 TWaterproof Transparent Protector Holder Micro Box ForSD/SDHC/TF/MS Memory Card Storage Case Box Bag Plastic Boxes,3.76,1.09,2026-10-03,0.0,0,,0.0,1.09
20261003_050925,2026-10-03T05:33:25.486362+00:00,aliexpress,CASE,3256809607540438,"Shiny Snake G600 MATX Chassis - 360 AIO Compatible, Optional Auxiliary Screen, 400mm GPU, 170mm Radiator, Max 7 Fans",529.93,153.58,2026-10-03,4.9,0,,0.0,153.58
20261003_050925,2026-10-03T05:33:25.486362+00:00,aliexpress,CASE,3256812174721313,"12-Bay Multi-HDD Tower NAS Chassis, Supports 5/7/8/10/16-Bay Expansion Storage Server Desktop PC Case",59.42,17.22,2026-10-03,0.0,0,,0.0,17.22
20261003_050925,2026-10-03T05:33:25.486362+00:00,aliexpress,CASE,3256812797619513,C1+ Desktop Computer Case M-ATX Small Form Factor Motherboard Desktop Mini Portable Small Case TFX,334.66,96.99,2026-10-03,0.0,0,,0.0,96.99
20261003_050925,2026-10-03T05:33:25.486362+00:00,aliexpress,CASE,3256813061084067,Beta V2.0 Open Air PC Case Aluminum Frame ATX E-ATX MATX ITX Computer Chassis Support 360mm Radiator Vertical GPU,849.93,246.32,2026-10-03,0.0,0,,0.0,246.32
20261003_050925,2026-10-03T05:33:25.486362+00:00,aliexpress,CASE,3256812229112428,"Desktop 3D Printed ITX Small Computer Case for Sea View Room, Supports ITX Motherboard & SFX Power Supply",297.16,86.12,2026-10-03,0.0,0,,0.0,86.12
20261003_050925,2026-10-03T05:33:25.486362+00:00,aliexpress,CASE,3256812479188039,Replacement Mouse Shell Case And Side Buttons For 2S Mouse Enhances Performances,14.73,4.27,2026-10-03,0.0,0,,0.0,4.27
20261003_050925,2026-10-03T05:33:25.486362+00:00,aliexpress,CASE,3256810611468922,10Pcs Memory Module Case Box Holder for DDR DDR2 DDR3 DDR4 Lodimm Packing Desktop Compatible Computer Memory Stick Packaging,3.76,1.09,2026-10-03,5.0,0,,0.0,1.09
20261003_050925,2026-10-03T05:33:25.486362+00:00,aliexpress,CASE,3256813035742826,Compact ITX PC Case All-Aluminum CNC Mini Chassis for 4060LP 5060LP 1U Power Supply,877.5,254.31,2026-10-03,0.0,0,,0.0,254.31
20261003_050925,2026-10-03T05:33:25.486362+00:00,aliexpress,CASE,3256811967298428,Column-mounted sea-view room computer case desktop matx full side transparent diy shell itx Gaming PC Host DIY Assembly Cabinet,105.14,30.47,2026-10-03,0.0,0,,0.0,30.47
20261003_050925,2026-10-03T05:33:25.486362+00:00,aliexpress,CASE,3256807958591638,JONSBO N3 Mini NAS Case ITX Mini Aluminum with Steel Plate Support 130mm CPU Cooler Two 100×25mm fan are standard,496.8,143.98,2026-10-03,4.9,0,,0.0,143.98
20261003_050925,2026-10-03T05:33:25.486362+00:00,aliexpress,CASE,3256812615297550,ATX Gaming PC Case Mid Tower Computer Chassis with Tempered Glass Side Panel USB 3.0 High Airflow Desktop CPU Housing Box,117.52,34.06,2026-10-03,0.0,0,,0.0,34.06
20261003_050925,2026-10-03T05:33:25.486362+00:00,aliexpress,CASE,3256813002234505,"Open Computer Chassis Open Computer Test Platform 3D Printed Chassis ATX, MATX, ITX Chassis",177.32,51.39,2026-10-03,0.0,0,,0.0,51.39
20261003_050925,2026-10-03T05:33:25.486362+00:00,aliexpress,CASE,2251832757813472,Nworld SD SDHC MMC CF Micro SD Memory Card Storage Carrying Pouch Case For Holder Wallet Memory Card Case Card Sleeves,3.76,1.09,2026-10-03,0.0,0,,0.0,1.09
20261003_050925,2026-10-03T05:33:25.486362+00:00,aliexpress,CASE,3256812711180708,CH270 Vertical Desktop Computer Case M‑ATX Structure Mesh Panel Type‑C Interface Support Air Cooling Water Cooling,414.03,119.99,2026-10-03,0.0,0,,0.0,119.99
20261003_050925,2026-10-03T05:33:25.486362+00:00,aliexpress,CASE,3256812980055138,Mini MATX Empty Desktop Computer Case Business Office Small PC Host Chassis For Micro ATX Motherboard,80.4,23.3,2026-10-03,0.0,0,,0.0,23.3
20261003_050925,2026-10-03T05:33:29.358359+00:00,aliexpress,CASE,3256812144723815,Ventilated Mid-Tower ATX Case Compatible with Various Coolers for Desktop Computers,765.8,221.94,2026-10-03,0.0,0,,0.0,221.94
20261003_050925,2026-10-03T05:33:29.358359+00:00,aliexpress,CASE,3256806675583392,"Aluminum Fully Open Case Frame Support ITX / MATX /ATX Motherboard,Vertical Computer Housing PC Water Cooling Gamer DIY Cabinet",157.38,45.61,2026-10-03,4.9,0,,0.0,45.61
20261003_050925,2026-10-03T05:33:29.358359+00:00,aliexpress,CASE,3256812821662501,B2Pro All‑Aluminum MATX Mini PC Case Portable Handle Simple No‑RGB Chassis Support ATX SFX PSU 240 Water Cooling,658.36,190.8,2026-10-03,0.0,0,,0.0,190.8
20261003_050925,2026-10-03T05:33:29.358359+00:00,aliexpress,CASE,3256810578361467,Jonsbo NV10 Small ITX Mini Desktop Gaming Chassis Cool VERTICAL Design with USB Front Ports for Business Gaming PC,284.11,82.34,2026-10-03,0.0,0,,0.0,82.34
20261003_050925,2026-10-03T05:33:29.358359+00:00,aliexpress,CASE,3256809461519001,Mesh white SFX desktop plug-in chassis [Rider R2] ITX aluminum alloy CNC tower air-cooled portable,840.27,243.52,2026-10-03,5.0,0,,0.0,243.52
20261003_050925,2026-10-03T05:33:29.358359+00:00,aliexpress,CASE,3256812189034115,ARGB Infinite Mirror Display Stand for Case Handmade Figure Double Layer Design Fits 12cm PC Case Fan Base,64.73,18.76,2026-10-03,5.0,0,,0.0,18.76
20261003_050925,2026-10-03T05:33:29.358359+00:00,aliexpress,CASE,3256810061172542,Without Fan CS090 High Quality New Design Mid-Tower Desktop Gaming PC Case with MATX Three Sided Glass Panels in Stock,200.2,58.02,2026-10-03,0.0,0,,0.0,58.02
20261003_050925,2026-10-03T05:33:29.358359+00:00,aliexpress,CASE,3256808373266277,ICE Whale Prism 4RS Infinity Mirror Design ARGB 120mm Chassis Cooling Fan 5V 3PIN Lighting Sync 4PIN PWM PC Case Fan,3.76,1.09,2026-10-03,4.9,0,,0.0,1.09
20261003_050925,2026-10-03T05:33:29.358359+00:00,aliexpress,CASE,3256809465704325,"ROG GR701 HYPERION Chassis ARGB Lighting Panels KIT,Computer Case Cooler Refit Plate 5V AURA SYNC",170.18,49.32,2026-10-03,5.0,0,,0.0,49.32
20261003_050925,2026-10-03T05:33:29.358359+00:00,aliexpress,CASE,3256808989016558,2U Chassis Aluminum Panel Ultra Short Industrial Control Server Chassis Data Storage Motherboard Server Case,218.31,63.27,2026-10-03,4.5,0,,0.0,63.27
20261003_050925,2026-10-03T05:33:29.358359+00:00,aliexpress,CASE,3256805774383511,Desktop PC MB Backplate RGB Decorative Lightboard ATX/MATX/ITX Motherboard Back Light Light-emitting 5V ARGB SYNC,25.98,7.53,2026-10-03,4.3,0,,0.0,7.53
20261003_050925,2026-10-03T05:33:29.358359+00:00,aliexpress,CASE,3256810061167625,Without Fan New Design Mid-tower MATX Gamer PC Case with USB3.0 & Tempered Glass New LCD Screen Computer Case,430.21,124.68,2026-10-03,0.0,0,,0.0,124.68
20261003_050925,2026-10-03T05:33:29.358359+00:00,aliexpress,CASE,3256810412332521,JONSBO D401 ATX Computer Case Panoramic Sea View M-ATX / MINI-ITX Esports Gaming Chassis Support Dual 360 water cooler,366.17,106.12,2026-10-03,5.0,0,,0.0,106.12
20261003_050925,2026-10-03T05:33:29.358359+00:00,aliexpress,CASE,3256807449504347,Teucer ATX 24Pin 90 Degree Motherboard Power Supply ARGB Cable Connector Plug Adapter DIY Mounting Accessessory for Desktops PC,3.76,1.09,2026-10-03,4.7,0,,0.0,1.09
20261003_050925,2026-10-03T05:33:29.358359+00:00,aliexpress,CASE,3256809076278941,"S400 V2 Pro ITX Computer Case 10.8L MESH ITX Chassis 37mm GPU, Support 67mm Radiator",579.93,168.07,2026-10-03,0.0,0,,0.0,168.07
20261003_050925,2026-10-03T05:33:29.358359+00:00,aliexpress,CASE,3256811982341304,WJCOOLMAN Craftsman Series Small Chassis Home-Type Desktop Computer Supports M-ATX Motherboard - Compact Gaming PC Build,146.09,42.34,2026-10-03,5.0,0,,0.0,42.34
20261003_050925,2026-10-03T05:33:29.358359+00:00,aliexpress,CASE,3256812913887813,"In‑Stock ATX Ocean‑View Gaming PC Case, With GPU Bracket, Black & White DIY Desktop Empty Chassis",567.09,164.35,2026-10-03,0.0,0,,0.0,164.35
20261003_050925,2026-10-03T05:33:29.358359+00:00,aliexpress,CASE,3256806426866284,A09m 3.8L ITX Chassis Knife Card A4 HTPC Portable Computer PC Support PCIe 2.5' SSD Drive Mini IPC Flex PSU Case,88.23,25.57,2026-10-03,4.8,0,,0.0,25.57
20261003_050925,2026-10-03T05:33:29.358359+00:00,aliexpress,CASE,3256812843879405,JONSBO D34 Compact Sea View Case Micro ATX PC Chassis Front Hardware Monitor Screen Support BTF Mainboard 240 Water Cooling,487.42,141.26,2026-10-03,0.0,0,,0.0,141.26
20261003_050925,2026-10-03T05:33:29.358359+00:00,aliexpress,CASE,3256810601454877,"8-drive NAS Chassis ATX Black Synology Flying Bull Storage Hard Drive Case, ATX Power Supply, Mid-Tower Cooler",415.34,120.37,2026-10-03,0.0,0,,0.0,120.37
20261003_050925,2026-10-03T05:33:29.358359+00:00,aliexpress,CASE,3256807434789648,SGCC Portable Desktop Computer Mini Case SFF Small Form Factor Mini-ITX Computer Case,328.07,95.08,2026-10-03,4.7,0,,0.0,95.08
20261003_050925,2026-10-03T05:33:29.358359+00:00,aliexpress,CASE,3256808492650744,Jonsbo N1 N2 N3 N4 N5 Computer Case Mini NAS Case  Aluminum ITX N Series Chassis Heat dissipation High Airflow Perforated Panel,510.92,148.07,2026-10-03,4.0,0,,0.0,148.07
20261003_050925,2026-10-03T05:33:29.358359+00:00,aliexpress,CASE,3256809424368765,ZZZEW B2Pro Aluminum MATX Case Mid Tower Computer Case Support ATX PSU 240 Water Cooling with Handle and Mesh Style for Option,557.29,161.51,2026-10-03,4.0,0,,0.0,161.51
20261003_050925,2026-10-03T05:33:29.358359+00:00,aliexpress,CASE,3256805587512707,4Pcs Kit Asus GR701 Chassis ROG Player Country Luminous Lamp Board 5V ARGB 3PIN AURA SYNC,358.44,103.88,2026-10-03,0.0,0,,0.0,103.88
20261003_050925,2026-10-03T05:33:29.358359+00:00,aliexpress,CASE,3256811979309601,M-ATX ITX Mini PC Case Compact Desktop Computer Chassis Support ATX PSU 375mm GPU 240mm Radiator Type-C USB3.0,244.43,70.84,2026-10-03,0.0,0,,0.0,70.84
20261003_050925,2026-10-03T05:33:29.358359+00:00,aliexpress,CASE,3256809180433746,HX100 Handle All Aluminum MATX Gaming Glass Desktop Computer Case SFXATX Power Supply,234.39,67.93,2026-10-03,0.0,0,,0.0,67.93
20261003_050925,2026-10-03T05:33:29.358359+00:00,aliexpress,CASE,3256812318593347,JONSBO D34 Computer case with 280 Radiator Support ATX PS2 Power Supply Type-C Gen2 10Gbps+ Digital Monitor Screen PC Chassis,470.03,136.22,2026-10-03,0.0,0,,0.0,136.22
20261003_050925,2026-10-03T05:33:29.358359+00:00,aliexpress,CASE,3256810009932881,Master Mechanic C34Pro Side Through 360 Water Cooled EATX Portable Laptop Desktop Ocean View Room Small Aluminum Chassis,1137.18,329.57,2026-10-03,5.0,0,,0.0,329.57
20261003_050925,2026-10-03T05:33:29.358359+00:00,aliexpress,CASE,3256812608438422,Full Tower Gaming PC Case E-ATX ITX Computer Chassis Tempered Glass Side Panel ATX Mid Tower Desktop Cabinet DIY Build Black,3642.59,1055.67,2026-10-03,0.0,0,,0.0,1055.67
20261003_050925,2026-10-03T05:33:29.358359+00:00,aliexpress,CASE,3256812962467565,Phanteks XT V5-LCD ATX Computer Case 7 Inch IPS Glass Window with DRAM 360 Water Cooling Support And 7 Fan Slots for Gaming PC,561.53,162.74,2026-10-03,0.0,0,,0.0,162.74
20261003_050925,2026-10-03T05:33:29.358359+00:00,aliexpress,CASE,3256809548657611,Power Train Dreamland PRO PC Gaming Case ATX MATX ITX Sea View Room Double-Sided Glass Computer Case 360 Water-Cooled Gabinete,374.17,108.44,2026-10-03,0.0,0,,0.0,108.44
20261003_050925,2026-10-03T05:33:29.358359+00:00,aliexpress,CASE,3256812513702814,True 6 NAS Case 6 Bay Hot Swap Mini ITX Aluminum Chassis SATA Backplane 3.5 2.5 HDD SSD Storage Server Case,930.39,269.64,2026-10-03,0.0,0,,0.0,269.64
20261003_050925,2026-10-03T05:33:29.358359+00:00,aliexpress,CASE,2255800992242215,RGB Figure Bottom PC Case Lighting Circle Toy Base A-RGB Chassis Panel 5V3Pin SYNC AURA Gamers MOD ARGB Plate Customizable DIY,39.54,11.46,2026-10-03,4.8,0,,0.0,11.46
20261003_050925,2026-10-03T05:33:29.358359+00:00,aliexpress,CASE,3256803293271618,LCD GPU Bracket RGB VGA Support 2.2 Inch Display Temperature Detection ROG Graphics Cards Stand Video Card Holder AURA SYNC MOD,177.91,51.56,2026-10-03,5.0,0,,0.0,51.56
20261003_050925,2026-10-03T05:33:29.358359+00:00,aliexpress,CASE,3256810480798961,WJCOOLMAN Skyline S3 Three-sided Glass Panoramic Sea View Room Computer Case Supports 360 Degree Water Cooling,309.79,89.78,2026-10-03,5.0,0,,0.0,89.78
20261003_050925,2026-10-03T05:33:29.358359+00:00,aliexpress,CASE,3256808043799813,ARGB 5V 3pin MOBO Flexible Light Strip Synchronous for ASUS Chassis Motherboard Decorative LED Lighting Bar AURA SYNC,17.46,5.06,2026-10-03,4.5,0,,0.0,5.06
20261003_050925,2026-10-03T05:33:29.358359+00:00,aliexpress,CASE,3256812660979455,NieR: Automata  ATX Game Case Sticker Mid-tower Computer Decorative Anime Style Removable Waterproof Mobile Phone Decoration,66.28,19.21,2026-10-03,0.0,0,,0.0,19.21
20261003_050925,2026-10-03T05:33:29.358359+00:00,aliexpress,CASE,3256812668149556,"Portable Mesh PC Case Model K101, Micro ATX Small Gaming Desktop Chassis, Steel Structure, Available in Black and White",736.34,213.4,2026-10-03,0.0,0,,0.0,213.4
20261003_050925,2026-10-03T05:33:29.358359+00:00,aliexpress,CASE,3256810531325096,WJCOOLMAN Jin Gang Full Tempered Glass Computer Case Supports 120 Water Cooling / ATX Motherboard Equipped with Two 20CM Fans,384.18,111.34,2026-10-03,2.0,0,,0.0,111.34
20261003_050925,2026-10-03T05:33:29.358359+00:00,aliexpress,CASE,3256810390388207,"Phanteks Evolv X2 Mid-Tower Gaming PC Case, 3-Sided Glass EATX/ATX Chassis with ARGB, Free Shipping",2388.3,692.16,2026-10-03,0.0,0,,0.0,692.16
20261003_050925,2026-10-03T05:33:29.358359+00:00,aliexpress,CASE,3256805275490537,New Arrival RGEEK M09 ITX Computer Case HTPC Chassis Mini ITX Case DC Power Supply Case With Stand,69.67,20.19,2026-10-03,4.8,0,,0.0,20.19
20261003_050925,2026-10-03T05:33:29.358359+00:00,aliexpress,CASE,3256808619430389,Chassis built-in 6F mechanical hard disk bracket metal 6x3.5 hard disk superimposed expansion fan cooling For PC case,31.3,9.07,2026-10-03,4.6,0,,0.0,9.07
20261003_050925,2026-10-03T05:33:29.358359+00:00,aliexpress,CASE,3256807196380869,Aluminum HTPC Mini ITX Chassis A07 Game Computer Case Support Graphics Card RTX2070 I5 with PCIE 4.0 Cable Case Samll 1u PSU,153.17,44.39,2026-10-03,4.7,0,,0.0,44.39
20261003_050925,2026-10-03T05:33:29.358359+00:00,aliexpress,CASE,3256812472074607,G-PARTNERS Xinrui X4 MATX/Mini ITX PC Gaming Case Sea View Room 360 Water Cooler Desktop Computer Chassis Gabinetes gamer,251.89,73.0,2026-10-03,0.0,0,,0.0,73.0
20261003_050925,2026-10-03T05:33:29.358359+00:00,aliexpress,CASE,3256810566850651,JONSBO N6 Chassis NAS Main Chassis MATX Computer Desktop 9 Hard Drive Home Network Storage 240 Water-Cooled DIY Computer Chassis,682.13,197.69,2026-10-03,4.5,0,,0.0,197.69
20261003_050925,2026-10-03T05:33:29.358359+00:00,aliexpress,CASE,3256811395006618,JONSBO D32 Chassis Mesh Side Panel Perforated for D32STD/PRO Customization Computer Case Side Panel,134.71,39.04,2026-10-03,0.0,0,,0.0,39.04
20261003_050925,2026-10-03T05:33:29.358359+00:00,aliexpress,CASE,3256803002657217,（NEW）ZZAW C1 MATX Case for PC  Desktop Computer DIY Installation Aluminum Alloy Chassis ATX Power Supply 240 280 Water Cooled,489.56,141.88,2026-10-03,5.0,0,,0.0,141.88
20261003_050925,2026-10-03T05:33:29.358359+00:00,aliexpress,CASE,3256809607175419,"Shiny Snake G500 MATX Chassis - 240 AIO Compatible, Optional Auxiliary Screen, 400mm GPU, 170mm Radiator, 16cm ATX PSU",363.96,105.48,2026-10-03,5.0,0,,0.0,105.48
20261003_050925,2026-10-03T05:33:29.358359+00:00,aliexpress,CASE,3256812752089732,"Desktop Computer Case Dust Cover, Main Unit Protective Sleeve, Waterproof, With Zipper Fits Mid-Tower And Full-Tower Case Sizes",3.76,1.09,2026-10-03,0.0,0,,0.0,1.09
20261003_050925,2026-10-03T05:33:29.358359+00:00,aliexpress,CASE,3256809248651782,JONSBO Pinecone D31 MESH Edition White MATX Chassis Dual 360 Cooling Row ATX Power Supply Type-c Gen2 10Gbps+ Long Video Card,386.63,112.05,2026-10-03,0.0,0,,0.0,112.05
20261003_050925,2026-10-03T05:33:29.358359+00:00,aliexpress,CASE,3256810437630207,JONSBO X400 ATX Sea View Room Computer Case 360​​Water-Cooled Glass Side Transparent Game Case Supports Back-Plugged Motherboard,717.08,207.82,2026-10-03,0.0,0,,0.0,207.82
20261003_050925,2026-10-03T05:33:29.358359+00:00,aliexpress,CASE,3256810505207853,PowerTrain X-GAMERX P80 PC Case ITX MATX Transparent Side 240 Water-Cooled TYPE-C Desktop Folding Handle Portable Computer Case,260.17,75.4,2026-10-03,4.0,0,,0.0,75.4
20261003_050925,2026-10-03T05:33:29.358359+00:00,aliexpress,CASE,3256806455796116,Orange Pi Zero 3 Metal Case Enclosure Fan Optional Antenna Active Cooling for Orange Pi Zero 3 Compatible Expansion Board,3.76,1.09,2026-10-03,4.9,0,,0.0,1.09
20261003_050925,2026-10-03T05:33:29.358359+00:00,aliexpress,CASE,3256812726273621,Jonsbo N6 NAS Computer Case MATX ITX Desktop Chassis 9 Hard Disk Slots With 120mm Dual Fans Support 240 Water-cooled,639.24,185.26,2026-10-03,0.0,0,,0.0,185.26
20261003_050925,2026-10-03T05:33:29.358359+00:00,aliexpress,CASE,3256809847079370,Wentian Mini Itx Case Matx Aluminum Case With Lcd Screen Support 240 Water Cooling 350 Graphics Card Esports Gaming Host Case,590.04,171.0,2026-10-03,0.0,0,,0.0,171.0
20261003_050925,2026-10-03T05:33:29.358359+00:00,aliexpress,CASE,3256807943502007,Jonsbo C6 Max Handle Case ITX M-ATX Side transparent Chassis ATX Power Supply Desktop Game Office Small Computer C6 Chassis,369.51,107.09,2026-10-03,5.0,0,,0.0,107.09
20261003_050925,2026-10-03T05:33:29.358359+00:00,aliexpress,CASE,3256809624379934,ZZAW D3 Desktop Mini ITX PC Case Full Aluminum Computer Case Chassis Supports MATX/ATX/SFX Power Supply &280 Water Cooling,284.29,82.39,2026-10-03,5.0,0,,0.0,82.39
20261003_050925,2026-10-03T05:33:35.400987+00:00,amazon_usa,CASE,B0BN3SY5XW,"Lian Li LANCOOL 216 RGB Black ATX Mid-Tower Case, 2x160mm ARGB Fans",101.34,29.37,2026-10-03,4.7,988,https://www.amazon.com/Lian-Li-LANCOOL-216-Case-Black/dp/B0BN3SY5XW,0.0,29.37
20261003_050925,2026-10-03T05:33:35.400987+00:00,amazon_usa,CASE,B0BRP58KHT,Lian Li Lancool 216 Mid-Tower Airflow Case-3 PWM Fans-Black-LANCOOL 216-X,118.59,34.37,2026-10-03,4.6,239,https://www.amazon.com/Lian-Lancool-Mid-tower-cooling-performance/dp/B0BRP58KHT,0.0,34.37
20261003_050925,2026-10-03T05:33:35.400987+00:00,amazon_usa,CASE,B0BN3TTBKM,Lian Li Lancool 216 Mid-Tower Airflow Case-3 PWM Fans-White-LANCOOL 216R-W,114.52,33.19,2026-10-03,4.7,371,https://www.amazon.com/Lian-Lancool-Mid-tower-cooling-performance/dp/B0BN3TTBKM,0.0,33.19
20261003_050925,2026-10-03T05:33:35.400987+00:00,amazon_usa,CASE,B0DWF95QP7,"Lian Li LANCOOL 217 ATX Mid-Tower PC Case, 5 PWM Fans, Black Walnut Wood",121.63,35.25,2026-10-03,4.8,327,https://www.amazon.com/Lian-Li-Mid-Tower-Pre-Installed-Installation/dp/B0DWF95QP7,0.0,35.25
20261003_050925,2026-10-03T05:33:35.400987+00:00,amazon_usa,CASE,B0BWMC665R,Lian-Li Lian-Li Case LANCOOL 216X Mid Tower 4.0mm TG 2x160 PWM Fans Black,97.3,28.2,2026-10-03,4.8,35,https://www.amazon.com/Lian-Li-Tempered-Mid-Tower-Computer/dp/B0BWMC665R,0.0,28.2
20261003_050925,2026-10-03T05:33:35.400987+00:00,amazon_usa,CASE,B0FMDSL7DV,"Lian Li LANCOOL 217 INF Mid-Tower ATX PC Case, White (LANCOOL 217INFW)",131.77,38.19,2026-10-03,4.7,34,https://www.amazon.com/Lian-Li-Mid-Tower-Pre-Installed-Optimized/dp/B0FMDSL7DV,0.0,38.19
20261003_050925,2026-10-03T05:33:35.400987+00:00,amazon_usa,CASE,B0DHXWYK4J,"Lian Li LANCOOL 207 Black Compact ATX Case, 4 Pre-Installed Fans",84.12,24.38,2026-10-03,4.7,357,https://www.amazon.com/LANCOOL-Computer-Optimized-Pre-Installed-Tempered/dp/B0DHXWYK4J,0.0,24.38
20261003_050925,2026-10-03T05:33:35.400987+00:00,amazon_usa,CASE,B0B9WF5FW1,"Lian Li LANCOOL III E-ATX PC Case, Spacious RGB Gaming Computer Case with Hinged Tempered Glass Doors, Fine Mesh Panels, 4x140mm PWM Fans Pre-Installed High Airflow Chassis (Black)",202.72,58.75,2026-10-03,4.4,144,https://www.amazon.com/LANCOOL-Enhanced-Performance-Computer-Pre-Installed/dp/B0B9WF5FW1,0.0,58.75
20261003_050925,2026-10-03T05:33:35.400987+00:00,amazon_usa,CASE,B0BP2XQRWN,"Lian Li LANCOOL 216 E-ATX PC Case, Airflow Focus RGB Gaming Computer Case with All-Around Mesh Panels, 2x160mm & 1x140mm PWM Fans Pre-Installed and Innovative Rear PCIe Fan Bracket Chassis (White)",159.59,46.25,2026-10-03,4.6,36,https://www.amazon.com/LANCOOL-Computer-All-Around-Pre-Installed-Innovative/dp/B0BP2XQRWN,0.0,46.25
20261003_050925,2026-10-03T05:33:35.400987+00:00,amazon_usa,CASE,B0DHXW28RX,"Lian Li LANCOOL 207 White Compact ATX Case, 4 Pre-Installed Fans",91.23,26.44,2026-10-03,4.6,97,https://www.amazon.com/LANCOOL-Computer-Optimized-Pre-Installed-Tempered/dp/B0DHXW28RX,0.0,26.44
20261003_050925,2026-10-03T05:33:35.400987+00:00,amazon_usa,CASE,B0B9WT5DKS,"Lian Li LANCOOL III E-ATX PC Case, Spacious RGB Gaming Computer Case with Hinged Tempered Glass Doors, Fine Mesh Panels, 4x140mm PWM Fans Pre-Installed High Airflow Chassis (White)",217.93,63.16,2026-10-03,4.4,144,https://www.amazon.com/LANCOOL-Enhanced-Performance-Computer-Pre-Installed/dp/B0B9WT5DKS,0.0,63.16
20261003_050925,2026-10-03T05:33:35.400987+00:00,amazon_usa,CASE,B09MJMMXPM,Lian Li LANCOOL II MESH C Performance E-ATX Mid Tower Case with 4mm Tempered Glass and 2 x 140mm Front PWM Fans & 1 x 120 Rear Fan - Black (LAN2MPX),172.32,49.94,2026-10-03,4.0,17,https://www.amazon.com/Lian-Li-LANCOOL-Performance-Mid-Tower/dp/B09MJMMXPM,0.0,49.94
20261003_050925,2026-10-03T05:33:35.400987+00:00,amazon_usa,CASE,B0D73R2CGN,"be quiet! Light Base 600 LX Black PC Case, Fully Windowed Front and Side",169.97,49.26,2026-10-03,4.5,326,,0.0,49.26
20261003_050925,2026-10-03T05:33:35.400987+00:00,amazon_usa,CASE,B0CQJXM4V6,"Lian Li LANCOOL 206 ATX PC Case, RGB Gaming Computer Case, Airflow Optimized Mesh Panels Mid-Tower Chassis w/ 2x160mm ARGB PWM Fans Pre-Installed, USB Type-C Port, Tempered Glass Side Panel (White)",149.17,43.23,2026-10-03,3.6,5,https://www.amazon.com/Computer-Optimized-Mid-Tower-Pre-Installed-Tempered/dp/B0CQJXM4V6,0.0,43.23
20261003_050925,2026-10-03T05:33:35.400987+00:00,amazon_usa,CASE,B01N7PGIPS,"be quiet! Pure Base 600 Black ATX Midi Tower PC Case, 2 Pre-Installed Fans",106.34,30.82,2026-10-03,4.6,777,,0.0,30.82
20261003_050925,2026-10-03T05:33:39.109277+00:00,amazon_usa,CASE,B0GGZ3PMMY,"Lian Li Vector V150 INF Black Micro-ATX Case, 3 ARGB PWM Fans (V150INFX)",86.16,24.97,2026-10-03,4.8,28,https://www.amazon.com/Lian-Li-Vector-V150-Micro/dp/B0GGZ3PMMY,0.0,24.97
20261003_050925,2026-10-03T05:33:39.109277+00:00,amazon_usa,CASE,B0DWF8HY4T,"Lian Li LANCOOL 217 ATX Mid-Tower PC Case, 5 PWM Fans, White Walnut Wood",126.7,36.72,2026-10-03,4.6,89,https://www.amazon.com/Lian-Li-Mid-Tower-Pre-Installed-Installation/dp/B0DWF8HY4T,0.0,36.72
20261003_050925,2026-10-03T05:33:39.109277+00:00,amazon_usa,CASE,B0B5TG9BP1,"Lian Li High Airflow Micro ATX PC Case, RGB Gaming Computer Case, Mesh Front Panel Mid-Tower Chassis with 2x140mm ARGB PWM Fans Pre-Installed, Tempered Glass Side Panel (LANCOOL 205M MESH, Black)",106.41,30.84,2026-10-03,4.6,123,https://www.amazon.com/Airflow-Computer-Mid-Tower-Pre-Installed-Tempered/dp/B0B5TG9BP1,0.0,30.84
20261003_050925,2026-10-03T05:33:39.109277+00:00,amazon_usa,CASE,B0C4VSN3DX,Lian-li Lan216-2x Lancool 216 Dust Filter Kit Black Retail,16.98,4.92,2026-10-03,4.7,47,https://www.amazon.com/Lian-li-Lan216-2x-Lancool-Filter-Retail/dp/B0C4VSN3DX,0.0,4.92
20261003_050925,2026-10-03T05:33:39.109277+00:00,amazon_usa,CASE,B0B5THCD6R,"Lian Li High Airflow ATX PC Case, RGB Gaming Computer Case, Mesh Front Panel Mid-Tower Chassis w/ 3 ARGB PWM Fans Pre-Installed, USB Type-C Port, Tempered Glass Side Panel (LANCOOL 205 MESH C, Black)",124.67,36.13,2026-10-03,4.5,167,https://www.amazon.com/Airflow-Computer-Mid-Tower-Pre-Installed-Tempered/dp/B0B5THCD6R,0.0,36.13
20261003_050925,2026-10-03T05:33:39.109277+00:00,amazon_usa,CASE,B0G1XPDWD9,"Vetroo CT3 Black ATX Gaming Computer PC Case, Panoramic Tempered Glass",107.45,31.14,2026-10-03,4.3,47,https://www.amazon.com/Vetroo-Mid-Tower-Computer-Panoramic-High-Airflow/dp/B0G1XPDWD9,0.0,31.14
20261003_050925,2026-10-03T05:33:39.109277+00:00,amazon_usa,CASE,B0CRKVN35N,"Lian Li O11D EVO RGB Black E-ATX Case, 420mm Radiator (O11DERGBX.US)",207.79,60.22,2026-10-03,4.7,440,https://www.amazon.com/LIAN-Black-420mm-Radiator-O11DERGBX-US/dp/B0CRKVN35N,0.0,60.22
20261003_050925,2026-10-03T05:33:39.109277+00:00,amazon_usa,CASE,B0DFS88R2L,"Lian Li A3-mATX PC Case, 415mm GPU, 360 AIO, Wood Black Mesh (A3X-WD)",91.23,26.44,2026-10-03,4.8,490,https://www.amazon.com/Lian-A3-mATX-WD-26-3L-Included-Supports-Motherboard-DAN-Collaboration-Wood/dp/B0DFS88R2L,0.0,26.44
20261003_050925,2026-10-03T05:33:39.109277+00:00,amazon_usa,CASE,B0FW4NK23S,"Raidmax V217 ATX Mid Tower Mesh Gaming PC Case, High Airflow Front Panel Design, 4X 120mm ARGB Fans Pre-Installed, Tempered Glass Side Panel, Supports 305mm GPU / 240mm Radiator (Black)",60.8,17.62,2026-10-03,4.8,14,https://www.amazon.com/RAIDMAX-Pre-Installed-Tempered-Supports-Radiator/dp/B0FW4NK23S,0.0,17.62
20261003_050925,2026-10-03T05:33:39.109277+00:00,amazon_usa,CASE,B0DJDM7V1R,Lian Li Lancool 207 Black Cabinet with 4 Fans,127.25,36.88,2026-10-03,4.7,188,https://www.amazon.com/Lian-Li-Lancool-207-Cabinet/dp/B0DJDM7V1R,0.0,36.88
20261003_050925,2026-10-03T05:33:39.109277+00:00,amazon_usa,CASE,B0BNGMFN9R,Lian Li Lancool 216 RGB Controller Black,22.29,6.46,2026-10-03,4.2,122,https://www.amazon.com/Lian-Li-Lancool-Controller-Black/dp/B0BNGMFN9R,0.0,6.46
20261003_050925,2026-10-03T05:33:39.109277+00:00,amazon_usa,CASE,B08DX68X9W,Lian Li LANCOOL II MESH RGB Black LAN2MRX Tempered Glass ATX Case -Black Color - LANCOOL II MESH RGB - LAN2MRX,177.36,51.4,2026-10-03,4.8,998,https://www.amazon.com/LANCOOL-Black-LAN2MRX-Tempered-Black/dp/B08DX68X9W,0.0,51.4
20261003_050925,2026-10-03T05:33:43.054484+00:00,amazon_usa,CASE,B0GLPFNN1J,"Lian Li O11 Vision-M mATX PC Case, 1 x 140mm Fan, High-Airflow, White",79.05,22.91,2026-10-03,4.8,43,https://www.amazon.com/Lian-Li-Vision-M-140mm-High-Airflow/dp/B0GLPFNN1J,0.0,22.91
20261003_050925,2026-10-03T05:33:43.054484+00:00,amazon_usa,CASE,B0BPJPPVNX,Lian Li LANCOOL 216 Additional IO KIT - Black - ARGB Control/USB Module,7.59,2.2,2026-10-03,0.0,0,https://www.amazon.com/Lian-Li-LANCOOL-216-Additional/dp/B0BPJPPVNX,50.0,52.2
20261003_050925,2026-10-03T05:33:43.054484+00:00,amazon_usa,CASE,B0C19193YD,"LIANLI LANCOOL 216 Series Dedicated Dust Filter Kit, LAN216-2W, White, Japanese Authorized Dealer",13.66,3.96,2026-10-03,4.7,32,https://www.amazon.com/Li-LIANLI-LAN216-2W-LANCOOL-Authorized/dp/B0C19193YD,50.0,53.96
20261003_050925,2026-10-03T05:33:43.054484+00:00,amazon_usa,CASE,B0D7PQ8TFK,Lian Li Lancool 206 White with Two 160mm Fans,161.41,46.78,2026-10-03,0.0,0,https://www.amazon.com/Lian-Li-Lancool-White-160mm/dp/B0D7PQ8TFK,0.0,46.78
20261003_050925,2026-10-03T05:33:43.054484+00:00,amazon_usa,CASE,B0B467H81C,Lian Li Lancool III RGB White Aluminum/SECC/Tempered Glass Gaming Case with 4 × 140 PWM Fans (ARGB)- LANCOOL 3R-W,2444.75,708.52,2026-10-03,4.6,101,https://www.amazon.com/White-Aluminum-Tempered-LANCOOL-3R-W/dp/B0B467H81C,50.0,758.52
20261003_050925,2026-10-03T05:33:43.054484+00:00,amazon_usa,CASE,B0BK1VR4R3,"LIANLI LANCOOL III-RX Dust Filter Kit, Black, Magnetic, LAN3-1X",19.18,5.56,2026-10-03,4.7,50,https://www.amazon.com/LIAN-LAN3-1X-Filter-BLACK-LANCOOL/dp/B0BK1VR4R3,50.0,55.56
20261003_050925,2026-10-03T05:33:43.054484+00:00,amazon_usa,CASE,B0CKJ11LFD,Lian Li O11 Dynamic EVO XL RGB Tempered Glass EATX Full Tower Computer CASE - Whit,263.51,76.37,2026-10-03,4.6,26,https://www.amazon.com/Lian-Li-Dynamic-Tower-Gaming-Computer/dp/B0CKJ11LFD,0.0,76.37
20261003_050925,2026-10-03T05:33:43.054484+00:00,amazon_usa,CASE,B0HJGFZN6M,Front Fan Compatible with Lian-Li LANCOOL 216,37.16,10.77,2026-10-03,0.0,0,https://www.amazon.com/Front-Fan-Compatible-Lian-Li-LANCOOL/dp/B0HJGFZN6M,0.0,10.77
20261003_050925,2026-10-03T05:33:43.054484+00:00,amazon_usa,CASE,B0HF3M3ZF1,Lian-Li LANCOOL 216 RGB Front Fan(White),35.85,10.39,2026-10-03,0.0,0,https://www.amazon.com/Lian-Li-LANCOOL-216-Front-White/dp/B0HF3M3ZF1,0.0,10.39
20261003_050925,2026-10-03T05:33:43.054484+00:00,amazon_usa,CASE,B0HDJPGYT6,RGB Front Fan Compatible with Lian-Li LANCOOL 216(White),40.23,11.66,2026-10-03,0.0,0,https://www.amazon.com/Front-Compatible-Lian-Li-LANCOOL-White/dp/B0HDJPGYT6,0.0,11.66
20261003_050925,2026-10-03T05:33:43.054484+00:00,amazon_usa,CASE,B0HFKRND8C,Lian-Li LANCOOL 216 RGB Front Fan(Black),39.61,11.48,2026-10-03,0.0,0,https://www.amazon.com/Lian-Li-LANCOOL-216-Front-Black/dp/B0HFKRND8C,0.0,11.48
20261003_050925,2026-10-03T05:33:43.054484+00:00,amazon_usa,CASE,B0HF3QW4ZS,Lian-Li LANCOOL 216 RGB Front Fan(Black),38.3,11.1,2026-10-03,0.0,0,https://www.amazon.com/Lian-Li-LANCOOL-216-Front-Black/dp/B0HF3QW4ZS,0.0,11.1
20261003_050925,2026-10-03T05:33:43.054484+00:00,amazon_usa,CASE,B0HDJKS74X,RGB Front Fan Compatible with Lian-Li LANCOOL 216(Black),40.16,11.64,2026-10-03,0.0,0,https://www.amazon.com/Front-Compatible-Lian-Li-LANCOOL-Black/dp/B0HDJKS74X,0.0,11.64
20261003_050925,2026-10-03T05:33:43.054484+00:00,amazon_usa,CASE,B0HJGLKB7Y,Front Fan Compatible with Lian-Li LANCOOL 216,39.23,11.37,2026-10-03,0.0,0,https://www.amazon.com/Front-Fan-Compatible-Lian-Li-LANCOOL/dp/B0HJGLKB7Y,0.0,11.37
20261003_050925,2026-10-03T05:33:43.054484+00:00,amazon_usa,CASE,B0HDRNFDXW,RGB Front Fan Compatible with Lian-Li LANCOOL 216(Black),39.61,11.48,2026-10-03,0.0,0,https://www.amazon.com/Front-Compatible-Lian-Li-LANCOOL-Black/dp/B0HDRNFDXW,0.0,11.48
20261003_050925,2026-10-03T05:33:47.291707+00:00,amazon_usa,CASE,B0H7R316NV,Front Fan for Lian-Li LANCOOL 216 RGB(Black),37.4,10.84,2026-10-03,0.0,0,https://www.amazon.com/Front-Fan-Lian-Li-LANCOOL-Black/dp/B0H7R316NV,0.0,10.84
