batch_id,timestamp,source,category,sku,title,price_pen,price_usd,price_date,rating,reviews,url,shipping_usd,total_usd
20260805_055550,2026-08-05T06:12:57.373819+00:00,amazon_usa,CPU,B0DFKC99VL,Intel Core™ Ultra 9 Processor 285K 24 cores (8 P-cores + 16 E-cores) up to 5.7 GHz,1670.93,492.9,2026-08-05,4.6,768,https://www.amazon.com/Intel-Core-Ultra-Processor-285K/dp/B0DFKC99VL,0.0,492.9
20260805_055550,2026-08-05T06:12:57.373819+00:00,amazon_usa,CPU,B0DT7JDLDH,"Intel Core™ Ultra 9 Desktop Processor 285 24 cores (8 P-cores + 16 E-cores) up to 5.6 GHz | 24 Cores and 24 Threads, Up to 5.6 Ghz Turbo, 36 MB Intel Smart Cache, FCLGA1851 Socket, Ddr5-6400, 65W Base",2239.87,660.73,2026-08-05,4.5,61,https://www.amazon.com/Intel%C2%AE-CoreTM-Desktop-Processor-P-cores/dp/B0DT7JDLDH,0.0,660.73
20260805_055550,2026-08-05T06:12:57.373819+00:00,amazon_usa,CPU,B0DTRK5WK3,Intel Core™ Ultra 9 Desktop Processor 285 24 Cores (8 P-cores + 16 E-cores) up to 5.6 GHz,2186.38,644.95,2026-08-05,4.5,20,https://www.amazon.com/Intel%C2%AE-CoreTM-Desktop-Processor-P-cores/dp/B0DTRK5WK3,18.0,662.95
20260805_055550,2026-08-05T06:12:57.373819+00:00,amazon_usa,CPU,B0DT7FY7P3,"Intel Core™ Ultra 7 Desktop Processor 265 20 cores (8 P-cores + 12 E-cores) up to 5.3 GHz | 20 Threads, 30 MB L3, LGA1851, Ddr5-6400 Support, 65W Base Power",1212.74,357.74,2026-08-05,4.7,18,https://www.amazon.com/Intel%C2%AE-CoreTM-Desktop-Processor-P-cores/dp/B0DT7FY7P3,0.0,357.74
20260805_055550,2026-08-05T06:12:57.373819+00:00,amazon_usa,CPU,B0CGJDKLB8,Intel Core™ i9-14900K Desktop Processor,1556.42,459.12,2026-08-05,4.2,1400,https://www.amazon.com/i9-14900K-Desktop-Processor-Integrated-Graphics/dp/B0CGJDKLB8,0.0,459.12
20260805_055550,2026-08-05T06:12:57.373819+00:00,amazon_usa,CPU,B0DFK2WHF8,Intel Core Ultra 7 Desktop Processor 265KF - 20 cores (8 P-cores + 12 E-cores) up to 5.5 GHz,980.32,289.18,2026-08-05,4.7,530,https://www.amazon.com/Intel-Core-Ultra-Processor-265KF/dp/B0DFK2WHF8,0.0,289.18
20260805_055550,2026-08-05T06:12:57.373819+00:00,amazon_usa,CPU,B01DTYPZQC,Intel XEON 10 CORE PROCESSOR E5-2640V4 2.4GHZ 25MB SMART CACHE 8 GT/S QPI TDP 90W,202.11,59.62,2026-08-05,5.0,3,,18.0,77.62
20260805_055550,2026-08-05T06:12:57.373819+00:00,amazon_usa,CPU,B0CHBJGFBC,Intel Core™ i9-14900K Desktop Processor 24 cores (8 P-cores + 16 E-cores) up to 6.0 GHz,1617.0,476.99,2026-08-05,4.3,971,https://www.amazon.com/Intel-i9-14900K-Raptor-LGA1700-Processor/dp/B0CHBJGFBC,0.0,476.99
20260805_055550,2026-08-05T06:12:57.373819+00:00,amazon_usa,CPU,B0DT7CW7VR,Intel Core™ Ultra 5 Desktop Processor 225F 10 cores (6 P-cores + 4 E-cores) up to 4.9 GHz,569.32,167.94,2026-08-05,4.5,85,https://www.amazon.com/Intel%C2%AE-CoreTM-Desktop-Processor-P-cores/dp/B0DT7CW7VR,18.0,185.94
20260805_055550,2026-08-05T06:12:57.373819+00:00,amazon_usa,CPU,B0DT7BPC5Q,Intel Core™ Ultra 7 Desktop Processor 265F 20 cores (8 P-cores + 12 E-cores) up to 5.3 GHz,1212.74,357.74,2026-08-05,4.2,16,https://www.amazon.com/Intel%C2%AE-CoreTM-Desktop-Processor-P-cores/dp/B0DT7BPC5Q,0.0,357.74
20260805_055550,2026-08-05T06:12:57.373819+00:00,amazon_usa,CPU,B0759FTRZL,Intel BX80684I38100 8th Gen Core i3-8100 Processor (BX80684I38100),319.98,94.39,2026-08-05,4.6,2100,,0.0,94.39
20260805_055550,2026-08-05T06:12:57.373819+00:00,amazon_usa,CPU,B0CHBJXG7G,Intel Core™ i9-14900KF Desktop Processor 24 cores (8 P-cores + 16 E-cores) up to 6.0 GHz,1540.79,454.51,2026-08-05,4.3,561,https://www.amazon.com/Intel-i9-14900KF-Raptor-LGA1700-Processor/dp/B0CHBJXG7G,0.0,454.51
20260805_055550,2026-08-05T06:12:57.373819+00:00,amazon_usa,CPU,B08X6KQSZ1,Intel Core™ i9-11900KF Desktop Processor 8 Cores up to 5.3 GHz Unlocked LGA1200 (Intel® 500 Series & Select 400 Series Chipset) 125W,1512.58,446.19,2026-08-05,4.5,394,https://www.amazon.com/Intel-i9-11900KF-Desktop-Processor-Unlocked/dp/B08X6KQSZ1,0.0,446.19
20260805_055550,2026-08-05T06:12:57.373819+00:00,amazon_usa,CPU,B0CQ2ZKDKB,Intel Core™ i9 Desktop Processor 14900 24 Cores (8 P-cores and 16 E-cores) up to 5.8 GHz,2132.41,629.03,2026-08-05,4.9,28,https://www.amazon.com/Intel%C2%AE-CoreTM-Desktop-Processor-P-cores/dp/B0CQ2ZKDKB,18.0,647.03
20260805_055550,2026-08-05T06:12:57.373819+00:00,amazon_usa,CPU,B086MG1C7D,Intel Core i9-10900KF Desktop Processor 10 Cores up to 5.3 GHz Unlocked Without Processor Graphics LGA1200 (Intel 400 Series chipset) 125W,1478.89,436.25,2026-08-05,4.8,483,https://www.amazon.com/Intel-i9-10900KF-Processor-Unlocked-Graphics/dp/B086MG1C7D,0.0,436.25
20260805_055550,2026-08-05T06:12:57.373819+00:00,amazon_usa,CPU,B09MDG1K15,"Intel Core™ i9-12900, Desktop Processor, 30MB Cache, up to 5.10GHz",1712.05,505.03,2026-08-05,4.5,33,https://www.amazon.com/Intel-i9-12900-LGA1700-Processor-BBX8071512900/dp/B09MDG1K15,0.0,505.03
20260805_055550,2026-08-05T06:12:57.373819+00:00,amazon_usa,CPU,B0CGJDBCTK,"Intel Core™ i9-14900KF New Gaming Desktop Processor 24 cores (8 P-cores + 16 E-cores) - Unlocked | 24 Cores, 32 Threads, Up to 6.0 Ghz Boost, 36MB L3, LGA1700, 125W Base Power, No Integrated Graphics",1529.06,451.05,2026-08-05,4.2,535,https://www.amazon.com/Intel%C2%AE-i9-14900KF-Desktop-Processor-P-cores/dp/B0CGJDBCTK,0.0,451.05
20260805_055550,2026-08-05T06:12:57.373819+00:00,amazon_usa,CPU,B0FG2VXY7M,"Skytech Gaming Aqua Gaming PC, Ultra 9 U9 285K, RX 9070 XT | 32GB DDR5 RAM 6000, 1TB NVMe M.2 SSD, Windows 11, Z890 Board, 850W GOLD ATX 3 PSU, 360 ARGB AIO , Wi-Fi 7, Desktop",7849.24,2315.41,2026-08-05,4.5,7,https://www.amazon.com/Skytech-Gaming-Desktop-Intel-Ultra/dp/B0FG2VXY7M,0.0,2315.41
20260805_055550,2026-08-05T06:13:01.392614+00:00,amazon_usa,CPU,B09FXDLX95,Intel Core i9-12900K Gaming Desktop Processor with Integrated Graphics and 16 (8P+8E) Cores up to 5.2 GHz Unlocked LGA1700 600 Series Chipset 125W,1448.48,427.28,2026-08-05,4.6,2300,https://www.amazon.com/Intel-i9-12900K-Desktop-Processor-Unlocked/dp/B09FXDLX95,0.0,427.28
20260805_055550,2026-08-05T06:13:01.392614+00:00,amazon_usa,CPU,B0DXVG8G7K,"CyberpowerPC Gaming PC Intel Core Ultra 9 285K, GeForce RTX 5080 16GB | Gamer Xtreme, 32GB DDR5, 2TB PCIe 4.0 SSD, WiFi Ready & Windows 11 Home (GXiVR8620A9)",11622.28,3428.4,2026-08-05,5.0,1,https://www.amazon.com/CyberPowerPC-Xtreme-GeForce-Windows-GXiVR8620A9/dp/B0DXVG8G7K,0.0,3428.4
20260805_055550,2026-08-05T06:13:01.392614+00:00,amazon_usa,CPU,B0DFK8HHK4,Intel Core Ultra 5 Desktop Processor 245KF - 14 cores (6 P-cores + 8 E-cores) up to 5.2 GHz,613.12,180.86,2026-08-05,4.4,140,https://www.amazon.com/Intel-Core-Ultra-Processor-245KF/dp/B0DFK8HHK4,18.0,198.86
20260805_055550,2026-08-05T06:13:01.392614+00:00,amazon_usa,CPU,B08X6PPTTH,Intel Core i9-11900K Desktop Processor 8 Cores up to 5.3 GHz Unlocked LGA1200 (Intel 500 Series & Select 400 Series Chipset) 125W,1681.03,495.88,2026-08-05,4.6,1600,https://www.amazon.com/Intel-i9-11900K-Desktop-Processor-Unlocked/dp/B08X6PPTTH,0.0,495.88
20260805_055550,2026-08-05T06:13:01.392614+00:00,amazon_usa,CPU,B0DM45SDVW,"msi MEG Z890 GODLIKE, E-ATX - Supports Intel Core Ultra Processors (Series 2), LGA 1851 - Dynamic Dashboard III, EZ Slide M.2, DDR5 (9200+ MT/s OC), M.2 & PCIe 5.0, Thunderbolt 5, Wi-Fi 7, 10G LAN",3550.65,1047.39,2026-08-05,4.1,23,https://www.amazon.com/MSI-MEG-Z890-GODLIKE-ATX/dp/B0DM45SDVW,18.0,1065.39
20260805_055550,2026-08-05T06:13:01.392614+00:00,amazon_usa,CPU,B0DYQ8MNZP,"Thermaltake LCGS View u2870TS-380 Gaming Desktop (Intel® Core™ Ultra 9 285K, ToughRam 32GB DDR5 6400MT/s RGB Memory, NVIDIA® GeForce RTX™ 5070 Ti, 2TB NVMe M.2, WiFi, Windows 11) V38S-Z890-57T-LCS",10210.75,3012.02,2026-08-05,3.7,5,https://www.amazon.com/Thermaltake-u2870TS-380-Desktop-ToughRam-V38S-Z890-57T-LCS/dp/B0DYQ8MNZP,0.0,3012.02
20260805_055550,2026-08-05T06:13:01.392614+00:00,amazon_usa,CPU,B0H3LY97DB,"ZOTAC MEK Gaming PC Desktop, GeForce RTX 5090 Extreme, Intel Ultra 9 285K",19875.81,5863.07,2026-08-05,0.0,0,https://www.amazon.com/ZOTAC-Gaming-Desktop-GeForce-Extreme/dp/B0H3LY97DB,0.0,5863.07
20260805_055550,2026-08-05T06:13:01.392614+00:00,amazon_usa,CPU,B0F8RKR1TS,"Thermaltake Reactor u2870T Gaming Desktop (Intel® Core™ Ultra 9 285K, ToughRam 32GB DDR5 6400MT/s RGB Memory, NVIDIA® GeForce RTX™ 5070 Ti, 2TB NVMe M.2, WiFi, Windows 11) T6BK-Z890-57T-LCS",11116.96,3279.34,2026-08-05,5.0,3,https://www.amazon.com/Thermaltake-Reactor-Desktop-ToughRam-T6BK-Z890-57T-LCS/dp/B0F8RKR1TS,0.0,3279.34
20260805_055550,2026-08-05T06:13:01.392614+00:00,amazon_usa,CPU,B0FG2XXT11,"Skytech Gaming Aqua Gaming PC, Intel Ultra 9 285K 5.5GHz, NVIDIA RTX 5070 Ti 16GB VRAM, Z890 Board, 2TB Gen4 NVMe SSD, 32GB DDR5 RAM 6000, 850W Gold ATX 3 PSU, 360 ARGB AIO, Wi-Fi 7, Windows 11",9769.44,2881.84,2026-08-05,5.0,3,https://www.amazon.com/Skytech-Gaming-Desktop-Intel-NVIDIA/dp/B0FG2XXT11,0.0,2881.84
20260805_055550,2026-08-05T06:13:01.392614+00:00,amazon_usa,CPU,B0FGH8ZF28,"Skytech Gaming PC Prism 4, Ultra 9, RX 9070 XT, 32GB RAM, 1TB SSD | Windows 11, Intel U9 285K, AMD 9070XT, Z890 Board, Gen4 NVMe SSD, DDR5 6000, 850W GOLD ATX 3 PSU, 360 ARGB AIO , Wi-Fi 7",7411.32,2186.23,2026-08-05,3.0,2,https://www.amazon.com/Skytech-Gaming-Prism-Desktop-Intel/dp/B0FGH8ZF28,0.0,2186.23
20260805_055550,2026-08-05T06:13:01.392614+00:00,amazon_usa,CPU,B0BCF54SR1,"Intel Core i9-13900K Desktop Processor 24 cores (8 P-cores + 16 E-cores) 36M Cache, up to 5.8 GHz",1987.56,586.3,2026-08-05,4.4,2000,https://www.amazon.com/Intel-i9-13900K-Desktop-Processor-P-cores/dp/B0BCF54SR1,0.0,586.3
20260805_055550,2026-08-05T06:13:01.392614+00:00,amazon_usa,CPU,B0CQ24VW72,Intel Core i9-14900 Desktop Processor 24 cores (8 P-cores + 16 E-cores) up to 5.8 GHz,2074.75,612.02,2026-08-05,4.5,41,https://www.amazon.com/Intel-i9-14900-Desktop-Processor-P-cores/dp/B0CQ24VW72,0.0,612.02
20260805_055550,2026-08-05T06:13:01.392614+00:00,amazon_usa,CPU,B005404P9I,Intel Core i9-9900K Desktop Processor 8 Cores up to 5.0 GHz Turbo Unlocked LGA1151 300 Series 95W,1445.22,426.32,2026-08-05,4.8,6200,https://www.amazon.com/Intel-i9-9900K-Desktop-Processor-Unlocked/dp/B005404P9I,0.0,426.32
20260805_055550,2026-08-05T06:13:01.392614+00:00,amazon_usa,CPU,B0F8BC4FF2,Lenovo Legion T7 34IAS10 90Y6003JUS Gaming Desktop Computer - Intel Core Ultra 9 285K - 64 GB - 2 TB SSD - Tower - Storm Gray | 90Y6003JUS,16840.57,4967.72,2026-08-05,5.0,4,https://www.amazon.com/Lenovo-34IAS10-90Y6003JUS-Desktop-Computer/dp/B0F8BC4FF2,18.0,4985.72
20260805_055550,2026-08-05T06:13:05.545499+00:00,amazon_usa,CPU,B01MS98TM4,Intel Celeron G3930 Dual-core (2 Core) 2.90 GHz Processor - Socket H4 LGA-1151OEM Pack - 512 KB,94.28,27.81,2026-08-05,3.4,16,,0.0,27.81
20260805_055550,2026-08-05T06:13:05.545499+00:00,amazon_usa,CPU,B0FG2SPM4M,"Skytech Gaming Aqua Gaming PC, Intel Ultra 9 285K 5.5GHz, NVIDIA RTX 5070 12GB VRAM, Z890 Board, 1TB NVMe SSD, 32GB DDR5 RAM 6000, 850W Gold ATX 3 PSU, 360 ARGB AIO, Wi-Fi 7, Windows 11, Desktop",7748.18,2285.6,2026-08-05,5.0,2,https://www.amazon.com/Skytech-Gaming-Desktop-Intel-NVIDIA/dp/B0FG2SPM4M,0.0,2285.6
20260805_055550,2026-08-05T06:13:05.545499+00:00,amazon_usa,CPU,B089J731BX,Intel Core i9-9900K Desktop Processor 8 Cores up to 5.0GHz Unlocked LGA1151 300 Series 95W (BX806849900K),1478.89,436.25,2026-08-05,4.8,1800,https://www.amazon.com/Intel-i9-9900K-Processor-Unlocked-BX806849900K/dp/B089J731BX,0.0,436.25
20260805_055550,2026-08-05T06:13:05.545499+00:00,amazon_usa,CPU,B0F8S6229N,"Thermaltake Reactor u2880S Gaming Desktop (Intel® Core™ Ultra 9 285K, ToughRam 32GB DDR5 6400MT/s RGB Memory, NVIDIA® GeForce RTX™ 5080, 2TB NVMe M.2, WiFi, Windows 11) T6WT-Z890-580-LCS",11453.86,3378.72,2026-08-05,0.0,0,https://www.amazon.com/Thermaltake-Reactor-Desktop-ToughRam-T6WT-Z890-580-LCS/dp/B0F8S6229N,0.0,3378.72
20260805_055550,2026-08-05T06:13:05.545499+00:00,amazon_usa,CPU,B0BPXCRWB2,"Intel Core i9-13900KS Desktop Processor 24 cores (8 P-cores + 16 E-cores) 36MB Cache, up to 6.0 GHz",2413.51,711.95,2026-08-05,4.4,142,https://www.amazon.com/Intel-i9-13900KS-Desktop-Processor-P-cores/dp/B0BPXCRWB2,0.0,711.95
20260805_055550,2026-08-05T06:13:05.545499+00:00,amazon_usa,CPU,B0FJX9L6QB,"HP OMEN 45L GT22 Gaming Desktop PC- Intel Core Ultra 9 285K up to 5.7 GHz Processor, 128GB DDR5 RAM, 1TB NVMe SSD, NVIDIA GeForce RTX 5070, Liquid Cooling, RGB Lighting, AI Copilot, Windows 11 Pro",16840.57,4967.72,2026-08-05,0.0,0,https://www.amazon.com/45L-GT22-Desktop-Processor-Lighting/dp/B0FJX9L6QB,18.0,4985.72
20260805_055550,2026-08-05T06:13:05.545499+00:00,amazon_usa,CPU,B07HHN6KBZ,Intel Core i7-9700K Desktop Processor 8 Cores up to 4.9 GHz Turbo unlocked LGA1151 300 Series 95W,872.52,257.38,2026-08-05,4.8,10400,https://www.amazon.com/Intel-i7-9700K-Desktop-Processor-Unlocked/dp/B07HHN6KBZ,0.0,257.38
20260805_055550,2026-08-05T06:13:05.545499+00:00,amazon_usa,CPU,B0DM4C1MM2,"msi MEG Z890 Unify-X Motherboard, ATX - Supports Intel Core Ultra Processors (Series 2), LGA 1851-110A SPS, DDR5 Memory (9600+ MT/s OC), PCIe 5.0 & 4.0 x16, M.2 Gen5, Thunderbolt 4, Wi-Fi 7, 5G LAN",1347.49,397.49,2026-08-05,4.5,10,https://www.amazon.com/MSI-MEG-Z890-Unify-X-Motherboard/dp/B0DM4C1MM2,0.0,397.49
20260805_055550,2026-08-05T06:13:05.545499+00:00,amazon_usa,CPU,B07HHLX1R8,"Intel Core i5-9600K Desktop Processor 6 Cores up to 4.6 GHz Turbo unlocked LGA1151 300 Series 95W, BX80684I59600K",535.65,158.01,2026-08-05,4.8,8100,https://www.amazon.com/Intel-i5-9600K-Desktop-Processor-Unlocked/dp/B07HHLX1R8,0.0,158.01
20260805_055550,2026-08-05T06:13:05.545499+00:00,amazon_usa,CPU,B07MGBZWDZ,Intel BX80684I99900KF Intel Core i9-9900KF Desktop Processor 8 Cores up to 5.0 GHz Turbo Unlocked Without Processor Graphics LGA1151 300 Series 95W,1344.13,396.5,2026-08-05,4.6,2400,https://www.amazon.com/Intel-BX80684I99900KF-i9-9900KF-Processor-Unlocked/dp/B07MGBZWDZ,0.0,396.5
20260805_055550,2026-08-05T06:13:05.545499+00:00,amazon_usa,CPU,B0FT9GJSJK,"Thermaltake LCGS Traveler u2880S Mini-ITX Gaming PC (Intel® Core™ Ultra 9 285K, ToughRam 32GB DDR5 6400MT/s RGB Memory, NVIDIA® GeForce RTX™ 5080, 2TB NVMe M.2, WiFi, Windows 11) TR1S-B860-580-LCS",12255.56,3615.21,2026-08-05,0.0,0,https://www.amazon.com/Thermaltake-Traveler-Mini-ITX-ToughRam-TR1S-B860-580-LCS/dp/B0FT9GJSJK,0.0,3615.21
20260805_055550,2026-08-05T06:13:05.545499+00:00,amazon_usa,CPU,B0FL2NNVPR,HP Z2 G1i Workstation - Tower - Intel Core Ultra 9 285K - 32 GB RAM - 1 TB SSD - NVIDIA 20 GB Graphics - Windows 11 Pro - Intel W880 Chip - English Keyboard - Ethernet - Black,15156.18,4470.85,2026-08-05,0.0,0,https://www.amazon.com/HP-Z2-G1i-Workstation-Generation/dp/B0FL2NNVPR,18.0,4488.85
20260805_055550,2026-08-05T06:13:05.545499+00:00,amazon_usa,CPU,B07YP69HTM,Intel Core i9-10900X Desktop Processor 10 Cores up to 4.7GHz Unlocked LGA2066 X299 Series 165W (BX8069510900X),1677.64,494.88,2026-08-05,4.6,243,https://www.amazon.com/Intel-i9-10900X-Processor-Unlocked-BX8069510900X/dp/B07YP69HTM,0.0,494.88
20260805_055550,2026-08-05T06:13:05.545499+00:00,amazon_usa,CPU,B0FVPJR296,HP Z2 Mini G1i Workstation - Intel Core Ultra 9 285K - 32 GB - 1 TB SSD - Mini PC - Black - Intel W880 Chip - Windows 11 Pro - NVIDIA 20 GB Graphics - English Keyboard - Ethernet - Wireless LAN,14280.24,4212.46,2026-08-05,0.0,0,https://www.amazon.com/HP-Z2-Mini-G1i-Workstation/dp/B0FVPJR296,0.0,4212.46
20260805_055550,2026-08-05T06:13:09.970041+00:00,amazon_usa,CPU,B07S4MSXJL,Intel Core i5-9500 Desktop Processor 6 Cores up to 4.GHz LGA1151 300 Series 65W (BX80684I59500),501.96,148.07,2026-08-05,4.6,126,https://www.amazon.com/Intel-i5-9500-Desktop-Processor-LGA1151/dp/B07S4MSXJL,0.0,148.07
20260805_055550,2026-08-05T06:13:09.970041+00:00,amazon_usa,CPU,B07S6CRLVD,Intel Core i7-9700 Desktop Processor 8 Cores up to 4.7 GHz LGA1151 300 Series 65W (BX80684I79700),943.27,278.25,2026-08-05,4.7,1100,https://www.amazon.com/Intel-i7-9700-Desktop-Processor-LGA1151/dp/B07S6CRLVD,0.0,278.25
20260805_055550,2026-08-05T06:13:09.970041+00:00,amazon_usa,CPU,B0FKBMG791,HP Z2 G1i Workstation - Tower - Intel Core Ultra 9 285K - 32 GB RAM - 1 TB SSD - NVIDIA 8 GB Graphics - Windows 11 Pro - Intel W880 Chip - English Keyboard - Ethernet - Black,13181.0,3888.2,2026-08-05,0.0,0,https://www.amazon.com/HP-Z2-G1i-Workstation-Graphics/dp/B0FKBMG791,18.0,3906.2
20260805_055550,2026-08-05T06:13:09.970041+00:00,amazon_usa,CPU,B0FL2NVK1B,HP Z2 G1i Workstation - Tower - Intel Core Ultra 9 285K - 32 GB RAM - 1 TB SSD - NVIDIA 16 GB Graphics - Intel W880 Chip - Windows 11 Pro - English Keyboard - Ethernet - Black,13471.79,3973.98,2026-08-05,0.0,0,https://www.amazon.com/HP-Z2-G1i-Workstation-Generation/dp/B0FL2NVK1B,18.0,3991.98
20260805_055550,2026-08-05T06:13:09.970041+00:00,amazon_usa,CPU,B07S8DWXT3,Intel Core i7-9700F Desktop Processor 8 Core Up to 4.7 GHz Without Processor Graphics LGA1151 300 Series 65W (BX80684I79700F),833.09,245.75,2026-08-05,4.7,1100,https://www.amazon.com/Intel-i7-9700F-Desktop-Processor-Graphics/dp/B07S8DWXT3,0.0,245.75
20260805_055550,2026-08-05T06:13:09.970041+00:00,amazon_usa,CPU,B0CV38NQWF,"SCYTHE Mugen 6 Dual Fan Black Edition CPU Air Cooler, Intel LGA1700, LGA1151, AMD AM5, AM4 Support,120mm, Single Tower, Aluminium Top Cover (Mugen 6 Dual Fan Black Edition) (SCMG-6000DBE)",185.3,54.66,2026-08-05,4.6,128,https://www.amazon.com/Scythe-LGA1700-LGA1151-Support-Aluminium/dp/B0CV38NQWF,18.0,72.66
20260805_055550,2026-08-05T06:13:19.070639+00:00,aliexpress,CPU,1005010162879093,CPU de 15.a generación Intel Core Ultra 9 285K Z890 Tablero Principal RTX40 serie 4080S/4090D tarjeta gráfica,82873.4,24446.43,2026-08-05,0.0,0,,0.0,24446.43
20260805_055550,2026-08-05T06:13:19.070639+00:00,aliexpress,CPU,1005012295776979,"Placa Base Z890 Compatible con CPU Intel Core Ultra 9 285K de 15.ª Generación, Compatible con Tarjetas Gráficas de la Serie RTX 40, Incluida la RTX 4080S",77348.92,22816.79,2026-08-05,0.0,0,,0.0,22816.79
20260805_055550,2026-08-05T06:13:19.070639+00:00,aliexpress,CPU,1005009698701757,"Escritorio para juegos Vision Elite (Tower), Intel Ultra9 285K, RTX 5090, DDR5 6000",29769.49,8781.56,2026-08-05,0.0,0,,0.0,8781.56
20260805_055550,2026-08-05T06:13:19.070639+00:00,aliexpress,CPU,1005012030844499,"Mini PC para Juegos Topton F12 con IA, Intel Core Ultra 9 285H/7 255H de 15.ª Generación, Thunderbolt 4, 2xDDR5, 2xPCIe, 2x2.5G LAN, Windows 11, RGB, WiFi6",4311.64,1271.87,2026-08-05,0.0,0,,0.0,1271.87
20260805_055550,2026-08-05T06:13:19.070639+00:00,aliexpress,CPU,1005012831723797,"Tarjeta Madre MSI PRO Z890-A WIFI LGA 1851, Compatible con CPU INTEL Z890 Ultra 9 285K, 9 285, 7 265K, 5 245K, 5 225F, RAM DDR5, M.2, ATX, PC",2091.39,616.93,2026-08-05,0.0,0,,0.0,616.93
20260805_055550,2026-08-05T06:13:19.070639+00:00,aliexpress,CPU,1005009137952936,Nuevo AS-US TUF GAMING Z890-PLUS WIFI DDR5 5G Lan WIFI7 PCIe5.0 LGA 1851 CPU para 15th CPU Ultra 9/7/5 285K 265K 245K procesador,8787.42,2592.16,2026-08-05,0.0,0,,0.0,2592.16
20260805_055550,2026-08-05T06:13:19.070639+00:00,aliexpress,CPU,1005009069088181,"Mini PC TexHoo, Computadora para Juegos, Intel Core I5 13500H 12450H N5095 I7 7700HQ, Procesador, Windows 11 Pro, WIFI6, HDMI, VGA",2019.8,595.81,2026-08-05,5.0,0,,0.0,595.81
20260805_055550,2026-08-05T06:13:19.070639+00:00,aliexpress,CPU,1005010502916321,"Nuevo Mini PC para juegos Topton Intel Ultra 9 285H 7 255H 165H 5 125H USB4 2x2,5G LAN 2xNVMe Windows 11 WiFi6E Mini ordenador de escritorio",4039.76,1191.67,2026-08-05,0.0,0,,0.0,1191.67
20260805_055550,2026-08-05T06:13:19.070639+00:00,aliexpress,CPU,1005006117883263,M1 Mini PC Intel Twin Lake N150 8GB/16GB DDR4 256/512/1TB SSD HDMI + DP Dual 5G WiFi juegos de escritorio ordenador más pequeño MiniPC,4180.34,1233.14,2026-08-05,4.9,0,,0.0,1233.14
20260805_055550,2026-08-05T06:13:19.070639+00:00,aliexpress,CPU,1005005610124467,"Procesador Core i5 650 3,2 GHz Dual-Core 4MB Cache Socket LGA 1156 32nm 73W CPU de escritorio I5-650",72.04,21.25,2026-08-05,4.8,0,,0.0,21.25
20260805_055550,2026-08-05T06:13:19.070639+00:00,aliexpress,CPU,1005008143203644,"Mini PC MOREFINE M9PRO 12900H Intel Core i9 para juegos, Mini PC i5 12500H i7 12800H, RAM 16G, 512G NVME, computadora de escritorio portátil con Windows 11Pro",5446.58,1606.66,2026-08-05,5.0,0,,0.0,1606.66
20260805_055550,2026-08-05T06:13:19.070639+00:00,aliexpress,CPU,1005010334523215,"Topton Mini PC Gamer Intel Ultra 9 285H ES 7 255H ES 5 235H ES OCuLink USB4 2x2,5G LAN 2xNVMe computadora de escritorio Windows 11 WiFi6E",3075.85,907.33,2026-08-05,4.5,0,,0.0,907.33
20260805_055550,2026-08-05T06:13:19.070639+00:00,aliexpress,CPU,1005010366806621,"TOPC OCuLink Mini PC para juegos Intel Core (Ultra 9 285H ES/7 255H ES/5 235H ES) USB4, LAN dual de 2,5G, WiFi 6E, escritorio Windows 11",2908.52,857.97,2026-08-05,4.5,0,,0.0,857.97
20260805_055550,2026-08-05T06:13:19.070639+00:00,aliexpress,CPU,1005010494279523,Nueva Mini PC para Juegos OCuLink Intel Ultra 9 285H ES 7 255H ES 5 235H ES USB4 2x2.5G LAN 2xNVMe Computadora de Escritorio Windows 11 WiFi6E,3447.09,1016.84,2026-08-05,0.0,0,,0.0,1016.84
20260805_055550,2026-08-05T06:13:19.070639+00:00,aliexpress,CPU,1005010383332883,Mini Computadora Gamer Topton Intel Ultra 9 285H ES 7 255H ES 5 235H ES OCuLink USB4 2x2.5G LAN 2xNVMe PC de Escritorio Windows 11 WiFi6E,3075.85,907.33,2026-08-05,5.0,0,,0.0,907.33
20260805_055550,2026-08-05T06:13:19.070639+00:00,aliexpress,CPU,1005012369061565,"Placa Base Topton 2x10G LANs NAS de 14 Bahías, Intel Ultra 9 285H 7 255H, 64G/32G LPDDR5, Máx. 12*SATA, 2*NVMe, 2*USB4, para PC Gaming",8255.8,2435.34,2026-08-05,0.0,0,,0.0,2435.34
20260805_055550,2026-08-05T06:13:19.070639+00:00,aliexpress,CPU,1005010637791549,"Mini ordenador para juegos Topton Intel Ultra 9 285H 185H 7 255H 165H OCuLink USB4 2x2,5G LAN 2xNVMe Windows 11 WiFi6E Mini PC de escritorio",4039.76,1191.67,2026-08-05,5.0,0,,0.0,1191.67
20260805_055550,2026-08-05T06:13:19.070639+00:00,aliexpress,CPU,1005012572095948,"Mini PC para Juegos Topton, Intel Ultra 9 285H, 7 255H, 165H, 5 125H, OCuLink, USB4, 2x2.5G LAN, 2xNVMe, Computadora de Escritorio, Windows 11, WiFi6E",4212.89,1242.74,2026-08-05,0.0,0,,0.0,1242.74
20260805_055550,2026-08-05T06:13:19.070639+00:00,aliexpress,CPU,1005012470432976,"TV Box R69 Plus Android 14 Ultra con Control por Voz, HDR10, 8K, Allwinner H728 Octa Core, LAN 1000M, WIFI 6, BT5.0, Reproductor Multimedia",719.49,212.24,2026-08-05,4.5,0,,0.0,212.24
20260805_055550,2026-08-05T06:13:25.517671+00:00,amazon_usa,CPU,B0FDH5CYT6,"Intel Core Ultra 7 265 Desktop Processor w/ 225W TDP CPU Cooler Included: 20 Cores (8P+12E), up to 5.3GHz Max Turbo, 30MB Cache, DDR5 6400 Support. AI, Gaming, Creation. OEM Bulk/Tray Packaging.",1010.59,298.11,2026-08-05,5.0,1,https://www.amazon.com/265-Desktop-Processor-Cooler-Included/dp/B0FDH5CYT6,0.0,298.11
20260805_055550,2026-08-05T06:13:25.517671+00:00,amazon_usa,CPU,B0GMKXVVJQ,Intel Core™ Ultra 5 Processor 250K Plus 18 cores (6 P-cores + 12 E-cores) up to 5.3 GHz,741.09,218.61,2026-08-05,5.0,27,https://www.amazon.com/Intel%C2%AE-CoreTM-Processor-250K-P-cores/dp/B0GMKXVVJQ,0.0,218.61
20260805_055550,2026-08-05T06:13:25.517671+00:00,amazon_usa,CPU,B0DTRYQ6B1,Intel Core™ Ultra 7 Desktop Processor 265 20 Cores (8 P-cores +12 E-cores) up to 5.3 GHz,1252.4,369.44,2026-08-05,4.8,32,https://www.amazon.com/Intel%C2%AE-CoreTM-Desktop-Processor-P-cores/dp/B0DTRYQ6B1,0.0,369.44
20260805_055550,2026-08-05T06:13:25.517671+00:00,amazon_usa,CPU,B0CGJ41C9W,Intel Core™ i7-14700K New Gaming Desktop Processor 20 cores (8 P-cores + 12 E-cores) with Integrated Graphics - Unlocked,1249.79,368.67,2026-08-05,4.6,1200,https://www.amazon.com/i7-14700K-Desktop-Processor-Integrated-Graphics/dp/B0CGJ41C9W,0.0,368.67
20260805_055550,2026-08-05T06:13:25.517671+00:00,amazon_usa,CPU,B01MSTDS3N,Intel BX80677I57400 7th Gen Core Desktop Processors,461.51,136.14,2026-08-05,4.5,1000,,0.0,136.14
20260805_055550,2026-08-05T06:13:25.517671+00:00,amazon_usa,CPU,B0DTZ5Y56R,"Intel Core™ Ultra 5 Desktop Processor 235, 14 Cores (6 P-cores + 8 E-cores) up to 5.0 GHz",1155.01,340.71,2026-08-05,4.3,10,https://www.amazon.com/Intel%C2%AE-CoreTM-Desktop-Processor-P-cores/dp/B0DTZ5Y56R,18.0,358.71
20260805_055550,2026-08-05T06:13:25.517671+00:00,amazon_usa,CPU,B0GMQ16KCF,Intel Core Ultra 7 265K,2972.59,876.87,2026-08-05,0.0,0,https://www.amazon.com/Intel-Core-Ultra-7-265K/dp/B0GMQ16KCF,18.0,894.87
20260805_055550,2026-08-05T06:13:25.517671+00:00,amazon_usa,CPU,B09FXKHN7M,Intel Core™ i7-12700KF Desktop Processor 12 (8P+4E) Cores up to 5.0 GHz Unlocked LGA1700 600 Series Chipset 125W,962.05,283.79,2026-08-05,4.7,3100,https://www.amazon.com/Intel-i7-12700KF-Desktop-Processor-Unlocked/dp/B09FXKHN7M,0.0,283.79
20260805_055550,2026-08-05T06:13:30.057200+00:00,amazon_usa,CPU,B0CGJC178L,Intel Core™ i7-14700KF New Gaming Desktop Processor 20 cores (8 P-cores + 12 E-cores) - Unlocked,1194.4,352.33,2026-08-05,4.6,786,https://www.amazon.com/Intel%C2%AE-i7-14700KF-Desktop-Processor-P-cores/dp/B0CGJC178L,0.0,352.33
20260805_055550,2026-08-05T06:13:30.057200+00:00,amazon_usa,CPU,B0DFK2P311,Intel Core™ Ultra 5 Desktop Processor 245K 14 cores (6 P-cores + 8 E-cores) up to 5.2 GHz,656.34,193.61,2026-08-05,4.7,210,https://www.amazon.com/Intel-Core-Ultra-Processor-245K/dp/B0DFK2P311,18.0,211.61
20260805_055550,2026-08-05T06:13:30.057200+00:00,amazon_usa,CPU,B0DQB38722,"msi PRO B860M-A WiFi Motherboard, mATX - Supports Intel Core Ultra Processors (Series 2), LGA 1851-12 DRPS, DDR5 Memory Boost (8600+ MT/s OC), PCIe 5.0 x16 & 4.0 x16, M.2 Gen5, Wi-Fi 7, 5G LAN",588.06,173.47,2026-08-05,4.6,36,https://www.amazon.com/MSI-B860M-WiFi-Motherboard-mATX/dp/B0DQB38722,0.0,173.47
20260805_055550,2026-08-05T06:13:30.057200+00:00,amazon_usa,CPU,B0DZP5GHRZ,ORIGIN PC Neuron Gaming PC – Liquid Cooled Intel® Core™ Ultra 7 265K CPU – NVIDIA® GeForce RTX™ 5070 GPU – 32GB Corsair Vengeance RGB DDR5 Memory – 2TB M.2 SSD – Black,9769.44,2881.84,2026-08-05,4.6,3,https://www.amazon.com/Origin-PC-Neuron-Gaming-Vengeance/dp/B0DZP5GHRZ,0.0,2881.84
20260805_055550,2026-08-05T06:13:34.905200+00:00,amazon_usa,CPU,B01N30X8NM,"Intel Core i7-7700K Unlocked Processor 8M Cache, up to 4.50 GHz, Quad-Core Kaby Lake",603.01,177.88,2026-08-05,4.7,26,https://www.amazon.com/Intel-i7-7700K-Unlocked-Processor-Quad-Core/dp/B01N30X8NM,0.0,177.88
20260805_055550,2026-08-05T06:13:34.905200+00:00,amazon_usa,CPU,B08X6ND3WP,Intel Core™ i7-11700K Desktop Processor 8 Cores up to 5.0 GHz Unlocked LGA1200 (Intel 500 Series & Select 400 Series Chipset) 125W,1512.58,446.19,2026-08-05,4.8,1700,https://www.amazon.com/Intel-i7-11700K-Desktop-Processor-Unlocked/dp/B08X6ND3WP,0.0,446.19
20260805_055550,2026-08-05T06:13:34.905200+00:00,amazon_usa,CPU,B07598VZR8,Intel Core i7-8700K Desktop Processor 6 Cores up to 4.7GHz Turbo Unlocked LGA1151 300 Series 95W,639.9,188.76,2026-08-05,4.8,4700,https://www.amazon.com/Intel-i7-8700K-Desktop-Processor-Unlocked/dp/B07598VZR8,0.0,188.76
20260805_055550,2026-08-05T06:13:34.905200+00:00,amazon_usa,CPU,B0FG2XWDXG,"Skytech Gaming PC Aqua, Ultra 7, RX 9070 XT, 32GB RAM, 1TB SSD | | Windows 11, Intel U7 265K, AMD 9070XT, NVMe SSD, DDR5 6000, 850W GOLD ATX 3 PSU, 360 ARGB AIO , Wi-Fi 6",6838.61,2017.29,2026-08-05,0.0,0,https://www.amazon.com/Skytech-Gaming-Desktop-Intel-Ultra/dp/B0FG2XWDXG,0.0,2017.29
20260805_055550,2026-08-05T06:13:34.905200+00:00,amazon_usa,CPU,B08X6NXNX7,Intel Core™ i7-11700KF Desktop Processor 8 Cores up to 5.0 GHz Unlocked LGA1200 (Intel® 500 Series & Select 400 Series Chipset) 125W,1431.7,422.33,2026-08-05,4.7,472,https://www.amazon.com/Intel-i7-11700KF-Desktop-Processor-Unlocked/dp/B08X6NXNX7,0.0,422.33
20260805_055550,2026-08-05T06:13:34.905200+00:00,amazon_usa,CPU,B0FG2X129M,"Skytech Gaming Aqua Desktop PC, Intel Ultra 7 265K 3.9 GHz(5.4 GHz Turbo), NVIDIA RTX 5070 Ti 16GB, 2TB Gen4 NVMe SSD, 32GB DDR5 RAM 6000 RGB, 850W Gold ATX 3 PSU, 360mm ARGB AIO, Wi-Fi, Win 11",8523.0,2514.16,2026-08-05,5.0,2,https://www.amazon.com/Skytech-Gaming-Desktop-Intel-NVIDIA/dp/B0FG2X129M,0.0,2514.16
20260805_055550,2026-08-05T06:13:34.905200+00:00,amazon_usa,CPU,B0FJM28HRF,"HP OMEN 45L GT22 Gaming Desktop PC- Intel Core Ultra 7 265K up to 5.5 GHz Processor, 32GB DDR5 RAM, 1TB NVMe SSD, NVIDIA GeForce RTX 5070, Liquid Cooling, RGB Lighting, AI Copilot, Windows 11 Pro",10271.43,3029.92,2026-08-05,0.0,0,https://www.amazon.com/45L-GT22-Desktop-Processor-Lighting/dp/B0FJM28HRF,18.0,3047.92
20260805_055550,2026-08-05T06:13:34.905200+00:00,amazon_usa,CPU,B09GYJJ1PT,"Intel Core™ i7-12700KF, 12-Core Desktop Processor (8P+4E) up to 5.0GHz, LGA1700 125W 600 Series Chipset",1078.02,318.0,2026-08-05,4.7,1300,https://www.amazon.com/Corei7-Processor-12700KF-3-6GHz-BX8071512700KF/dp/B09GYJJ1PT,0.0,318.0
20260805_055550,2026-08-05T06:13:34.905200+00:00,amazon_usa,CPU,B08X6JPK4K,Intel Core™ i5-11400 Desktop Processor 6 Cores up to 4.4 GHz LGA1200 (Intel® 500 Series & Select 400 Series chipset) 65W,628.27,185.33,2026-08-05,4.8,1300,https://www.amazon.com/Intel-i5-11400-Desktop-Processor-LGA1200/dp/B08X6JPK4K,0.0,185.33
20260805_055550,2026-08-05T06:13:34.905200+00:00,amazon_usa,CPU,B08X67YZBL,Intel Core™ i5-11600K Desktop Processor 6 Cores up to 4.9 GHz Unlocked LGA1200 (Intel® 500 Series & Select 400 Series Chipset) 125W,670.41,197.76,2026-08-05,4.8,1100,https://www.amazon.com/Intel-i5-11600K-Desktop-Processor-Unlocked/dp/B08X67YZBL,0.0,197.76
20260805_055550,2026-08-05T06:13:34.905200+00:00,amazon_usa,CPU,B0F1QPLCGS,"HP OMEN 45L Gaming Desktop, Intel Core Ultra 7 265K, 32 GB RAM, 2TB SSD, NVIDIA GeForce RTX 5080, Windows 11 Pro, Microsoft Copilot, Tempered Glass, GT22-3080 (2025)",11787.4,3477.11,2026-08-05,4.0,13,https://www.amazon.com/HP-Desktop-Microsoft-Tempered-GT22-3080/dp/B0F1QPLCGS,18.0,3495.11
20260805_055550,2026-08-05T06:13:34.905200+00:00,amazon_usa,CPU,B0FG2VLFDK,"Skytech Gaming Aqua Gaming PC, Ultra 7 U7 265K, RTX 5070 | 32GB DDR5 RAM 6000, 1TB NVMe M.2 SSD, Windows 11, 850W GOLD ATX 3 PSU, 360 ARGB AIO , Wi-Fi 6, Desktop",6569.11,1937.79,2026-08-05,3.0,1,https://www.amazon.com/Skytech-Gaming-Desktop-Intel-NVIDIA/dp/B0FG2VLFDK,0.0,1937.79
20260805_055550,2026-08-05T06:13:39.429225+00:00,amazon_usa,CPU,B01MXSI216,Intel BX80677I77700K 7th Gen Pentium Desktop Processor,603.01,177.88,2026-08-05,4.7,3000,https://www.amazon.com/Intel-i7-7700K-Desktop-Processor-unlocked/dp/B01MXSI216,0.0,177.88
20260805_055550,2026-08-05T06:13:39.429225+00:00,amazon_usa,CPU,B0BG6843GX,Intel Core i7-13700KF 3.4 GHz (5.4 Turbo) 16 Core LGA 1700 Desktop Processor - Raptor Lake,1627.47,480.08,2026-08-05,4.7,1100,https://www.amazon.com/Intel-i7-13700KF-Turbo-Desktop-Processor/dp/B0BG6843GX,0.0,480.08
20260805_055550,2026-08-05T06:13:39.429225+00:00,amazon_usa,CPU,B086MN2XYL,Intel Core™ i7-10700F Desktop Processor 8 Cores up to 4.8 GHz Without Processor Graphics LGA1200 (Intel® 400 Series chipset) 65W,1074.63,317.0,2026-08-05,4.6,735,https://www.amazon.com/Intel-i7-10700F-Desktop-Processor-Graphics/dp/B086MN2XYL,0.0,317.0
20260805_055550,2026-08-05T06:13:39.429225+00:00,amazon_usa,CPU,B07Y87YHRH,"Noctua NH-D15 chromax.Black, Quiet High-Performance Dual Tower CPU Cooler | 168mm Height, Enthusiast-Grade Low-Noise Cooling, 6 Heatpipes, For Intel & AMD, Dual 140mm Fans, Rich Accessory Kit",404.09,119.2,2026-08-05,4.8,13500,https://www.amazon.com/Noctua-NH-D15-chromax-Black-Dual-Tower-Cooler/dp/B07Y87YHRH,18.0,137.2
20260805_055550,2026-08-05T06:13:39.429225+00:00,amazon_usa,CPU,B0D5B6MXJF,"Noctua NH-D15 G2, Quiet High-Performance Dual Tower CPU Cooler | 168mm Height, Ultimate Low-Noise Cooling, 8 Heatpipes, For Intel & AMD, Dual Enthusiast-Grade 140mm Fans, Rich Accessory Kit",538.84,158.95,2026-08-05,4.6,525,https://www.amazon.com/Noctua-NH-D15-Quiet-High-Performance-Cooler/dp/B0D5B6MXJF,0.0,158.95
20260805_055550,2026-08-05T06:13:39.429225+00:00,amazon_usa,CPU,B0DT56XZYK,"msi MAG B860M Mortar WiFi Motherboard, mATX - Supports Intel Core Ultra Processors (Series 2), LGA 1851 - DDR5 Memory Boost 9200+ MT/s OC, 1 x PCIe 5.0 x16, 1 x M.2 Gen5, 5G LAN, Wi-Fi 7",741.09,218.61,2026-08-05,4.6,15,https://www.amazon.com/MAG-B860M-Mortar-WiFi-Motherboard/dp/B0DT56XZYK,0.0,218.61
20260805_055550,2026-08-05T06:13:39.429225+00:00,amazon_usa,CPU,B01FJLAIG0,"Intel Boxed Core i7-6900K Processor (20M Cache, up to 3.70 GHz) FC-LGA14A 3.2 8 BX80671I76900K",842.04,248.39,2026-08-05,4.3,94,https://www.amazon.com/Intel-i7-6900K-Processor-2011-v3-BX80671I76900K/dp/B01FJLAIG0,0.0,248.39
20260805_055550,2026-08-05T06:13:39.429225+00:00,amazon_usa,CPU,B01MRRPPQS,Intel BX80677I57600K 7th Gen Core Desktop Processors,373.92,110.3,2026-08-05,4.7,1500,https://www.amazon.com/Intel-i5-7600K-Desktop-Processors-BX80677I57600K/dp/B01MRRPPQS,0.0,110.3
20260805_055550,2026-08-05T06:13:39.429225+00:00,amazon_usa,CPU,B09139KNX2,"Intel Core i7-10700 Desktop Processor 8 Cores up to 4.8 GHz LGA 1200 (Intel 400 Series Chipset) 65W, BX8070110700 (Renewed)",673.63,198.71,2026-08-05,4.8,20,https://www.amazon.com/Intel-i7-10700-Desktop-Processor-BX8070110700/dp/B09139KNX2,0.0,198.71
20260805_055550,2026-08-05T06:13:39.429225+00:00,amazon_usa,CPU,B0DF7CZ9D8,"Corsair Titan 360 RX LCD Liquid CPU Cooler, 360mm AIO, Low-Noise FlowDrive Cooling Engine, Intel LGA 1851/1700 & AMD AM5/AM4, 3X RX120 RGB Fans, System Hub Included, Black",737.77,217.63,2026-08-05,4.6,1200,https://www.amazon.com/CORSAIR-Low-Noise-FlowDrive-Cooling-Included/dp/B0DF7CZ9D8,0.0,217.63
20260805_055550,2026-08-05T06:13:44.266404+00:00,amazon_usa,CPU,B0D6BFBLTK,"Corsair iCUE Link Titan 360 RX RGB Liquid CPU Cooler – 360mm AIO – Low-Noise – FlowDrive Cooling Engine – Intel LGA 1851/1700, AMD AM5/AM4 – 3X RX120 RGB Fans – iCUE Link System Hub Included – Black",505.28,149.05,2026-08-05,4.7,1400,https://www.amazon.com/CORSAIR-iCUE-Titan-Liquid-Cooler/dp/B0D6BFBLTK,18.0,167.05
20260805_055550,2026-08-05T06:13:44.266404+00:00,amazon_usa,CPU,B07MMD4DDJ,Intel Core i7-7700 Desktop Processor 4 Cores up to 4.2 GHz LGA 1151 100/200 Series 65W (Renewed),235.77,69.55,2026-08-05,4.7,251,https://www.amazon.com/Intel-i7-7700-Desktop-Processor-Renewed/dp/B07MMD4DDJ,18.0,87.55
20260805_055550,2026-08-05T06:13:44.266404+00:00,amazon_usa,CPU,B08WPDD6GD,"Noctua NH-U12S Redux, Quiet High-Performance Single Tower CPU Cooler | 158mm Height, Low-Noise Cooling, 5 Heatpipes, For Intel & AMD, 120mm Fan, 100% RAM Compatibility",201.94,59.57,2026-08-05,4.8,4400,https://www.amazon.com/Noctua-NH-U12S-Performance-Cooler-redux-1700/dp/B08WPDD6GD,18.0,77.57
20260805_055550,2026-08-05T06:13:44.266404+00:00,amazon_usa,CPU,B08HM1T6RL,"Noctua NH-D15S chromax.Black, Quiet High-Performance CPU Cooler | 160mm Height, Low-Noise Cooling, 6 Heatpipes, For Intel & AMD, Dual 140mm Fans, High RAM Compatibility, Rich Accessory Kit",370.39,109.26,2026-08-05,4.8,2100,https://www.amazon.com/Noctua-NH-D15S-chromax-Black-Premium-Dual-Tower/dp/B08HM1T6RL,0.0,109.26
20260805_055550,2026-08-05T06:13:44.266404+00:00,amazon_usa,CPU,B07PN4RDW3,"Noctua NH-U12A, Quiet High-Performance Single Tower CPU Cooler | 158mm Height, High-End Low-Noise Cooling, For Intel & AMD, Dual 120mm Fans, 100% RAM Compatibility, Rich Accessory Kit",370.39,109.26,2026-08-05,4.8,3600,https://www.amazon.com/NOCTUA-NH-U12A-Ventilateurs-NF-A12x25-performants/dp/B07PN4RDW3,18.0,127.26
20260805_055550,2026-08-05T06:13:44.266404+00:00,amazon_usa,CPU,B0CWH97GKV,"Noctua NH-L12Sx77, Quiet High-Performance Low-Profile CPU Cooler | 77mm Height, ITX SFF Low-Noise Cooling, 6 Heatpipes, For Intel & AMD, 120mm Slim Fan, Rich Accessory Kit",269.34,79.45,2026-08-05,4.6,196,https://www.amazon.com/Noctua-NH-L12Sx77-Low-Profile-Cooler-120mm/dp/B0CWH97GKV,18.0,97.45
20260805_055550,2026-08-05T06:13:44.266404+00:00,amazon_usa,CPU,B086MLQHZY,Intel Core i7-8700K Desktop Processor 6 Cores up to 4.7GHz Turbo Unlocked LGA1151 300 Series 95W (Renewed),470.6,138.82,2026-08-05,4.0,29,https://www.amazon.com/Intel-i7-8700K-Desktop-Processor-Unlocked/dp/B086MLQHZY,18.0,156.82
20260805_055550,2026-08-05T06:13:44.266404+00:00,amazon_usa,CPU,B00XUVGLEU,"Noctua NH-D15S, Quiet High-Performance Dual Tower CPU Cooler | 160mm Height, Low-Noise Cooling, 6 Heatpipes, For Intel & AMD, Dual 140mm Fans, High RAM Compatibility, Rich Accessory Kit",336.69,99.32,2026-08-05,4.8,1800,https://www.amazon.com/Noctua-NH-D15S-Premium-Dual-Tower-Cooler/dp/B00XUVGLEU,0.0,99.32
20260805_055550,2026-08-05T06:13:44.266404+00:00,amazon_usa,CPU,B07Y88BNYZ,"Noctua NH-U12S chromax.Black, Quiet High-Performance Tower CPU Cooler | 158mm Height, Low-Noise Cooling, 5 Heatpipes, For Intel & AMD, 120mm Fan, 100% RAM Compatibility, Rich Accessory Kit",336.69,99.32,2026-08-05,4.9,5700,https://www.amazon.com/Noctua-NH-U12S-chromax-Black-Single-Tower-Cooler/dp/B07Y88BNYZ,0.0,99.32
20260805_055550,2026-08-05T06:13:44.266404+00:00,amazon_usa,CPU,B00C9FLSLY,"Noctua NH-U14S, Quiet High-Performance Tower CPU Cooler 140mm Brown | 165mm Height, HighEnd Low-Noise Cooling, 6 Heatpipes, For Intel & AMD, 140mm Fan, Good RAM Compatibility, Rich Accessory Kit",303.03,89.39,2026-08-05,4.8,2700,https://www.amazon.com/Noctua-NH-U14S-Premium-Cooler-NF-A15/dp/B00C9FLSLY,18.0,107.39
20260805_055550,2026-08-05T06:13:59.542900+00:00,amazon_usa,GPU,B0DQSMMCSH,ASUS TUF Gaming GeForce RTX™ 5080 16GB GDDR7 OC Edition Graphics Card,5376.54,1586.0,2026-08-05,4.7,235,https://www.amazon.com/ASUS-Certified-Cybenetics-Intelligent-Stabilizer/dp/B0DQSMMCSH,0.0,1586.0
20260805_055550,2026-08-05T06:13:59.542900+00:00,amazon_usa,GPU,B0DQSD7YQC,"ASUS ROG Astral NVIDIA GeForce RTX™ 5080 16GB GDDR7 OC Edition Gaming Graphics Card (PCIe® 5.0, HDMI®/DP 2.1, 3.8-Slot, 4-Fan Design, Axial-tech Fans, Patented Vapor Chamber), 3 Year Warranty",6087.52,1795.73,2026-08-05,4.5,183,https://www.amazon.com/ASUS-Graphics-3-8-Slot-Axial-tech-Phase-Change/dp/B0DQSD7YQC,0.0,1795.73
20260805_055550,2026-08-05T06:13:59.542900+00:00,amazon_usa,GPU,B0DS2R7N4F,"GIGABYTE GeForce RTX 5080 WINDFORCE OC SFF 16G Graphics Card, WINDFORCE Cooling System, 16GB 256-bit GDDR7, GV-N5080WF3OC-16GD Video Card comatible with Desktop",4581.52,1351.48,2026-08-05,4.4,48,https://www.amazon.com/GIGABYTE-GeForce-WINDFORCE-Graphics-GV-N5080WF3OC-16GD/dp/B0DS2R7N4F,0.0,1351.48
20260805_055550,2026-08-05T06:13:59.542900+00:00,amazon_usa,GPU,B0DS2R6948,"GIGABYTE GeForce RTX 5080 Gaming OC 16G Graphics Card, WINDFORCE Cooling System, 16GB 256-bit GDDR7, GV-N5080GAMING OC-16GD Video Card",5053.17,1490.61,2026-08-05,4.4,152,https://www.amazon.com/GIGABYTE-Graphics-WINDFORCE-GV-N5080GAMING-OC-16GD/dp/B0DS2R6948,0.0,1490.61
20260805_055550,2026-08-05T06:13:59.542900+00:00,amazon_usa,GPU,B0DT7JVPVH,"GIGABYTE GeForce RTX 5080 AERO OC SFF 16G Graphics Card, WINDFORCE Cooling System, 16GB 256-bit GDDR7, GV-N5080AERO OC-16GD Video Card, Compatible with Desktop",5221.58,1540.29,2026-08-05,4.6,95,https://www.amazon.com/GIGABYTE-Graphics-WINDFORCE-GV-N5080AERO-OC-16GD/dp/B0DT7JVPVH,0.0,1540.29
20260805_055550,2026-08-05T06:13:59.542900+00:00,amazon_usa,GPU,B0DSWQNGYF,"msi Gaming RTX 5080 16G Ventus 3X OC White Graphics Card (16GB GDDR7, 256-bit, Extreme Clock TBD MHz, DisplayPort x 3 2.1a, HDMI 2.1b, NVIDIA Blackwell Architecture)",4952.08,1460.79,2026-08-05,4.6,33,https://www.amazon.com/MSI-Graphics-DisplayPort-Blackwell-Architecture/dp/B0DSWQNGYF,0.0,1460.79
20260805_055550,2026-08-05T06:13:59.542900+00:00,amazon_usa,GPU,B0GK8N9DR7,"ZOTAC Gaming GeForce RTX 5080 Solid CORE OC DLSS 4 16GB GDDR7 256-bit 30 Gbps PCIE 5.0 Gaming Graphics Card, IceStorm 3.0 Advanced Cooling, Spectra RGB Lighting, ZT-B50800J2-10A",5214.8,1538.29,2026-08-05,4.8,48,https://www.amazon.com/ZOTAC-Graphics-IceStorm-Advanced-ZT-B50800J2-10A/dp/B0GK8N9DR7,0.0,1538.29
20260805_055550,2026-08-05T06:13:59.542900+00:00,amazon_usa,GPU,B0DYVCGVK4,NVIDIA GeForce RTX 5080 Founders Edition,5709.95,1684.35,2026-08-05,4.7,109,https://www.amazon.com/NVIDIA-GeForce-RTX-5080-Founders/dp/B0DYVCGVK4,38.0,1722.35
20260805_055550,2026-08-05T06:13:59.542900+00:00,amazon_usa,GPU,B0DQSLHSP2,"ASUS The SFF-Ready Prime GeForce RTX 5080 OC Edition 16GB GDDR7 Graphics Card, NVIDIA, (PCIe 5.0, HDMI/DP 2.1, 2.5-Slot, Axial-tech Fans, Vapor Chamber, Dual BIOS)",4982.42,1469.74,2026-08-05,4.3,79,https://www.amazon.com/ASUS-SFF-Ready-Graphics-2-5-Slot-Axial-tech/dp/B0DQSLHSP2,0.0,1469.74
20260805_055550,2026-08-05T06:13:59.542900+00:00,amazon_usa,GPU,B0DSXJ5QF4,"msi Gaming RTX 5080 16G SUPRIM SOC Graphics Card (16GB GDDR7, 256-bit, Extreme Performance: 2760 MHz, DisplayPort x 3 2.1a, HDMI 2.1b, NVIDIA Blackwell Architecture)",6063.79,1788.73,2026-08-05,5.0,23,https://www.amazon.com/MSI-Graphics-256-bit-Extreme-Performance/dp/B0DSXJ5QF4,0.0,1788.73
20260805_055550,2026-08-05T06:13:59.542900+00:00,amazon_usa,GPU,B0H9SXW9S3,"GIGABYTE AORUS GeForce RTX 5080 Infinity Wood 16G Graphics Card, 16GB 256-bit GDDR7, PCIe 5.0, WINDFORCE HYPERBURST Cooling System, GV-N5080AORUSIF WD-16GD Video Card",6346.49,1872.12,2026-08-05,0.0,0,https://www.amazon.com/GIGABYTE-WINDFORCE-HYPERBURST-GV-N5080AORUSIF-WD-16GD/dp/B0H9SXW9S3,0.0,1872.12
20260805_055550,2026-08-05T06:13:59.542900+00:00,amazon_usa,GPU,B0DSWR8WMB,"msi Gaming RTX 5080 16G SUPRIM Liquid SOC Graphics Card (16GB GDDR7, 256-bit, Extreme Performance: 2760 MHz, DisplayPort x 3 2.1a, HDMI 2.1b, NVIDIA Blackwell Architecture)",6737.56,1987.48,2026-08-05,4.7,53,https://www.amazon.com/MSI-Graphics-256-bit-Extreme-Performance/dp/B0DSWR8WMB,0.0,1987.48
20260805_055550,2026-08-05T06:13:59.542900+00:00,amazon_usa,GPU,B0H9SZ6S5W,"GIGABYTE AORUS GeForce RTX 5080 Infinity 16G Graphics Card, 16GB 256-bit GDDR7, PCIe 5.0, WINDFORCE HYPERBURST Cooling System, GV-N5080AORUS IF-16GD Video Card",6171.94,1820.63,2026-08-05,0.0,0,https://www.amazon.com/GIGABYTE-WINDFORCE-HYPERBURST-GV-N5080AORUS-IF-16GD/dp/B0H9SZ6S5W,0.0,1820.63
20260805_055550,2026-08-05T06:13:59.542900+00:00,amazon_usa,GPU,B0DT9YQ2Q1,"GIGABYTE AORUS GeForce RTX 5080 Master ICE 16G Graphics Card - 16GB GDDR7, 256 Bit, PCI-E 5.0, 2805MHz Core Clock, 3 x DP 2.1a, 1 x HDMI 2.1b, NVIDIA DLSS 4, GV-N5080AORUSM ICE-16GD",7019.27,2070.58,2026-08-05,4.4,72,https://www.amazon.com/Gigabyte-AORUS-GeForce-Master-Graphics/dp/B0DT9YQ2Q1,38.0,2108.58
20260805_055550,2026-08-05T06:13:59.542900+00:00,amazon_usa,GPU,B0DYRZZJZ1,PNY NVIDIA GeForce RTX™ 5080 Triple-Fan Graphics Card,4753.22,1402.13,2026-08-05,4.3,71,https://www.amazon.com/PNY-GeForce-RTXTM-5080-Triple/dp/B0DYRZZJZ1,38.0,1440.13
20260805_055550,2026-08-05T06:13:59.542900+00:00,amazon_usa,GPU,B0H6KS94JF,"ASUS TUF Gaming GeForce RTX ™ 5080 16GB GDDR7 BTF OC Edition Gaming Graphics Card (PCIe® 5.0, HDMI®/DP 2.1, 3.6-Slot, Military-Grade Components, Detachable GC-HPWR Adapter)",6400.66,1888.1,2026-08-05,0.0,0,https://www.amazon.com/ASUS-GeForce-RTX-Gaming-Graphics-Military-Grade-Components/dp/B0H6KS94JF,0.0,1888.1
20260805_055550,2026-08-05T06:13:59.542900+00:00,amazon_usa,GPU,B0DTQMLX4F,"GIGABYTE GeForce RTX 5070 WINDFORCE OC SFF 12G Graphics Card, 12GB 192-bit GDDR7, PCIe 5.0, WINDFORCE Cooling System, GV-N5070WF3OC-12GD Video Card",2556.87,754.24,2026-08-05,4.7,292,https://www.amazon.com/GIGABYTE-GeForce-WINDFORCE-Graphics-GV-N5070WF3OC-12GD/dp/B0DTQMLX4F,0.0,754.24
20260805_055550,2026-08-05T06:13:59.542900+00:00,amazon_usa,GPU,B0DTRC7782,"GIGABYTE GeForce RTX 5070 Ti Gaming OC 16G Graphics Card, 16GB 256-bit GDDR7, PCIe 5.0, WINDFORCE Cooling System, GV-N507TGAMING OC-16GD Video Card",3698.86,1091.11,2026-08-05,4.6,676,https://www.amazon.com/GIGABYTE-Graphics-WINDFORCE-GV-N507TGAMING-OC-16GD/dp/B0DTRC7782,0.0,1091.11
20260805_055550,2026-08-05T06:13:59.542900+00:00,amazon_usa,GPU,B0DS2WQZ2M,"ASUS ROG Astral NVIDIA GeForce RTX 5090 32GB GDDR7 OC Edition Gaming Graphics Card (PCIe 5.0, HDMI/DP 2.1, 3.8-Slot, 4-Fan Design, Axial-tech Fans, Patented Vapor Chamber), 3 Year Warranty",16271.22,4799.77,2026-08-05,4.5,247,https://www.amazon.com/ASUS-Graphics-3-8-Slot-Axial-tech-Phase-Change/dp/B0DS2WQZ2M,0.0,4799.77
20260805_055550,2026-08-05T06:13:59.542900+00:00,amazon_usa,GPU,B0DTQVHQ6G,"GIGABYTE GeForce RTX 5070 Ti AERO OC 16G Graphics Card, 16GB 256-bit GDDR7, PCIe 5.0, WINDFORCE Cooling System, GV-N507TAERO OC-16GD Video Card",3892.8,1148.32,2026-08-05,4.7,108,https://www.amazon.com/GIGABYTE-Graphics-WINDFORCE-GV-N507TAERO-OC-16GD/dp/B0DTQVHQ6G,0.0,1148.32
20260805_055550,2026-08-05T06:13:59.542900+00:00,amazon_usa,GPU,B0F7WB6LSH,"ASUS Dual NVIDIA GeForce RTX 5060 Ti 16GB GDDR7 OC Edition Graphics Card, (PCIe 5.0, DLSS 4, HDMI 2.1b, DisplayPort 2.1b, 2.5-Slot, Axial-tech Fan, 0dB Technology), 3 Year Warranty",1953.86,576.36,2026-08-05,4.7,348,https://www.amazon.com/ASUS-DisplayPort-2-5-Slot-Axial-tech-Technology/dp/B0F7WB6LSH,0.0,576.36
20260805_055550,2026-08-05T06:14:03.616405+00:00,amazon_usa,GPU,B0FST71VP9,"msi Gaming RTX 5070 Ti 16G Ventus 3X PZ OC Graphics Card (16GB GDDR7, 256-bit, Extreme Performance: 2482 MHz, DisplayPort x 3 2.1a, HDMI 2.1b, NVIDIA Blackwell Architecture)",3368.74,993.73,2026-08-05,4.6,97,https://www.amazon.com/msi-Graphics-256-bit-Extreme-Performance/dp/B0FST71VP9,0.0,993.73
20260805_055550,2026-08-05T06:14:03.616405+00:00,amazon_usa,GPU,B0BMZ9TGH1,NVIDIA GeForce RTX 4080 16GB GDDR6X Graphics Card,5177.78,1527.37,2026-08-05,4.6,87,https://www.amazon.com/NVIDIA-GeForce-4080-GDDR6X-Graphics/dp/B0BMZ9TGH1,38.0,1565.37
20260805_055550,2026-08-05T06:14:03.616405+00:00,amazon_usa,GPU,B0GQ5YKQ9M,"PNY NVIDIA GeForce RTX™ 5070 Ti Epic-X RGB™ Triple-Fan Graphics Card | 16GB GDDR7, 256-bit, Boost Speed: 2452 MHz, PCIe® 5.0, HDMI®/DP 2.1, 2.98-Slot, NVIDIA Blackwell Architecture, DLSS 4.5",3638.25,1073.23,2026-08-05,3.6,6,https://www.amazon.com/PNY-GeForce-Epic-XTM-Graphics-256-bit/dp/B0GQ5YKQ9M,0.0,1073.23
20260805_055550,2026-08-05T06:14:03.616405+00:00,amazon_usa,GPU,B0BT9R5XNN,msi VGA GEFORCE RTX 5080 16G Shadow 3X OC RTX5080 16GB GDRR7 256 B DX12 PCIE 5.0 X16 (3XDP 1XHDMI),5634.76,1662.17,2026-08-05,4.5,191,https://www.amazon.com/GEFORCE-Shadow-RTX5080-GDRR7-1XHDMI/dp/B0BT9R5XNN,0.0,1662.17
20260805_055550,2026-08-05T06:14:03.616405+00:00,amazon_usa,GPU,B0DS6S98ZF,"ASUS TUF Gaming NVIDIA GeForce RTX 5070 12GB GDDR7 OC Edition Graphics Card, (PCIe 5.0, HDMI/DP 2.1, 3.125-Slot, Military-Grade Components, Protective PCB Coating, Axial-tech Fans), 3 Year Warranty",2695.02,794.99,2026-08-05,4.6,499,https://www.amazon.com/ASUS-3-125-Slot-Military-Grade-Components-Protective/dp/B0DS6S98ZF,0.0,794.99
20260805_055550,2026-08-05T06:14:03.616405+00:00,amazon_usa,GPU,B0F7XHBT13,NVIDIA GeForce RTX 5070 12GB GDDR7 Graphics Card - Graphite Grey,2516.36,742.29,2026-08-05,4.4,33,https://www.amazon.com/NVIDIA-GeForce-GDDR7-Graphics-Graphite/dp/B0F7XHBT13,38.0,780.29
20260805_055550,2026-08-05T06:14:03.616405+00:00,amazon_usa,GPU,B0GWP25W6Y,Dell NVIDIA GeForce RTX 5080 OEM Graphics Card (Renewed),4312.01,1271.98,2026-08-05,0.0,0,https://www.amazon.com/Dell-NVIDIA-GeForce-Graphics-Renewed/dp/B0GWP25W6Y,0.0,1271.98
20260805_055550,2026-08-05T06:14:03.616405+00:00,amazon_usa,GPU,B0F8PR9L3X,"ASUS Dual NVIDIA GeForce RTX 5060 8GB GDDR7 OC Edition (PCIe 5.0, 8GB GDDR7, DLSS 4, HDMI 2.1b, DisplayPort 2.1b, 2.5-Slot Design, Axial-tech Fan Design, 0dB Technology), 3 Year Warranty",1246.44,367.68,2026-08-05,4.7,504,https://www.amazon.com/ASUS-DisplayPort-2-5-Slot-Axial-tech-Technology/dp/B0F8PR9L3X,0.0,367.68
20260805_055550,2026-08-05T06:14:03.616405+00:00,amazon_usa,GPU,B0DCJLJJQ7,NVIDIA RTX 2000 ADA 16GB Graphics Card,2526.57,745.3,2026-08-05,5.0,10,https://www.amazon.com/Nvidia-2000-16GB-Graphics-Card/dp/B0DCJLJJQ7,0.0,745.3
20260805_055550,2026-08-05T06:14:03.616405+00:00,amazon_usa,GPU,B0BJFRT43X,VIPERA NVIDIA GeForce RTX 4090 Founders Edition Graphic Card,11959.07,3527.75,2026-08-05,4.6,208,https://www.amazon.com/NVIDIA-GeForce-Founders-Graphics-GDDR6X/dp/B0BJFRT43X,38.0,3565.75
20260805_055550,2026-08-05T06:14:03.616405+00:00,amazon_usa,GPU,B0DTR54HZZ,"GIGABYTE GeForce RTX 5070 AERO OC 12G Graphics Card, 12GB 192-bit GDDR7, PCIe 5.0, WINDFORCE Cooling System, GV-N5070AERO OC-12GD Video Card, Compatible with Desktop",2863.3,844.63,2026-08-05,4.8,180,https://www.amazon.com/GIGABYTE-Graphics-WINDFORCE-GV-N5070AERO-OC-12GD/dp/B0DTR54HZZ,0.0,844.63
20260805_055550,2026-08-05T06:14:03.616405+00:00,amazon_usa,GPU,B09GWB753L,NVIDIA GeForce RTX 3090 Founders Edition Graphics Card (Renewed),5390.03,1589.98,2026-08-05,4.2,35,https://www.amazon.com/NVIDIA-GeForce-Founders-Graphics-Renewed/dp/B09GWB753L,0.0,1589.98
20260805_055550,2026-08-05T06:14:03.616405+00:00,amazon_usa,GPU,B08HR6ZBYJ,NVIDIA GeForce RTX 3090 Founders Edition Graphics Card,7377.52,2176.26,2026-08-05,4.2,209,https://www.amazon.com/NVIDIA-RTX-3090-Founders-Graphics/dp/B08HR6ZBYJ,38.0,2214.26
20260805_055550,2026-08-05T06:14:07.758687+00:00,amazon_usa,GPU,B0DWHHSZH1,"msi Gaming RTX 5070 Ti 16G Ventus 3X OC Graphics Card (16GB GDDR7, 256-bit, Extreme Performance: 2497 MHz, DisplayPort x 3 2.1a, HDMI 2.1b, NVIDIA Blackwell Architecture)",3705.78,1093.15,2026-08-05,4.5,244,https://www.amazon.com/MSI-Graphics-256-bit-Extreme-Performance/dp/B0DWHHSZH1,0.0,1093.15
20260805_055550,2026-08-05T06:14:07.758687+00:00,amazon_usa,GPU,B0GW975Z8D,"msi Gaming RTX 5070 Ti 16G Ventus 3X OC Black Graphics Card (16GB GDDR7, 256-bit, Extreme Performance: 2482 MHz, DisplayPort x 3 2.1a, HDMI 2.1b, NVIDIA Blackwell Architecture)",3469.83,1023.55,2026-08-05,4.5,31,https://www.amazon.com/msi-RTX-5070-16G-Performance/dp/B0GW975Z8D,0.0,1023.55
20260805_055550,2026-08-05T06:14:07.758687+00:00,amazon_usa,GPU,B0GSXJPTLN,"PNY NVIDIA GeForce RTX™ 5070 Slim Dual-Fan, Dual-Slot OC Graphics Card | 12GB GDDR7, SFF-Ready, 192-bit, Boost Speed: 2587 MHz, PCIe® 5.0, HDMI®/DP 2.1, NVIDIA Blackwell Architecture, DLSS 4.5",2358.12,695.61,2026-08-05,3.6,4,https://www.amazon.com/PNY-5070-Slim-Dual-Slot-OC/dp/B0GSXJPTLN,0.0,695.61
20260805_055550,2026-08-05T06:14:07.758687+00:00,amazon_usa,GPU,B0CT8LQZ47,NVIDIA GeForce RTX 4070 Super 12GB GDDR6X Graphics Card - Titanium/Black,3941.35,1162.64,2026-08-05,4.2,26,https://www.amazon.com/NVIDIA-GeForce-GDDR6X-Graphics-Titanium/dp/B0CT8LQZ47,38.0,1200.64
20260805_055550,2026-08-05T06:14:07.758687+00:00,amazon_usa,GPU,B07L8YGDL5,NVIDIA Titan RTX Graphics Card,4143.46,1222.26,2026-08-05,4.4,107,https://www.amazon.com/NVIDIA-Titan-RTX-Graphics-Card/dp/B07L8YGDL5,38.0,1260.26
20260805_055550,2026-08-05T06:14:07.758687+00:00,amazon_usa,GPU,B0FSNPHV7M,"ASUS ProArt NVIDIA GeForce RTX™ 5070 Ti 16GB GDDR7 OC Edition Graphics Card (PCIe® 5.0, USB Type-C®, HDMI®/DP 2.1, 2.5-Slot, SFF Ready, Vapor Chamber, Phase-Change GPU Thermal pad), 3 Year Warranty",4097.56,1208.72,2026-08-05,4.7,23,https://www.amazon.com/ASUS-Graphics-2-5-Slot-Axial-tech-Phase-Change/dp/B0FSNPHV7M,0.0,1208.72
20260805_055550,2026-08-05T06:14:07.758687+00:00,amazon_usa,GPU,B0DS6WTXGP,"ASUS TUF Gaming NVIDIA GeForce RTX 5070 Ti 16GB GDDR7 OC Edition Graphics Card, (PCIe 5.0, HDMI/DP 2.1, 3.125-Slot, Military-Grade Components, Protective PCB Coating), 3 Year Warranty",4097.12,1208.59,2026-08-05,4.7,514,https://www.amazon.com/ASUS-3-125-Slot-Military-Grade-Components-Protective/dp/B0DS6WTXGP,0.0,1208.59
20260805_055550,2026-08-05T06:14:07.758687+00:00,amazon_usa,GPU,B0F8P9RD4S,"PNY NVIDIA GeForce RTX™ 5060 Epic-X RGB™ OC Triple-Fan Graphics Card | 8GB G7, 128-bit, SFF-Ready, PCIe® 5.0, HDMI®/DP 2.1, 2-Slot, NVIDIA Blackwell Architecture, DLSS 4.5",1280.1,377.61,2026-08-05,4.6,174,https://www.amazon.com/PNY-Epic-XTM-SFF-Ready-Blackwell-Architecture/dp/B0F8P9RD4S,0.0,377.61
20260805_055550,2026-08-05T06:14:07.758687+00:00,amazon_usa,GPU,B0DYFXGDJF,"msi RTX 5070 12G Gaming Trio OC Graphics Card (12GB GDDR7, 192-bit, Extreme Performance: 2625 MHz, DisplayPort x3 2.1a, HDMI 2.1b, NVIDIA Blackwell Architecture)",2474.33,729.89,2026-08-05,4.8,213,https://www.amazon.com/msi-RTX-5070-12G-Performance/dp/B0DYFXGDJF,0.0,729.89
20260805_055550,2026-08-05T06:14:07.758687+00:00,amazon_usa,GPU,B0CS6Y6Y7M,"PNY GeForce RTX™ 4080 Super 16GB XLR8 Gaming Verto™ Epic-X RGB™ OC Triple Fan Graphics Card DLSS 3 (ARGB, 256-bit,PCIe 4.0, GDDR6X, HDMI/DisplayPort, incl. Adapter & Support Bracket, 3.5 Slot)",5285.62,1559.18,2026-08-05,4.7,214,https://www.amazon.com/PNY-GeForce-VERTOTM-Graphics-DisplayPort/dp/B0CS6Y6Y7M,0.0,1559.18
20260805_055550,2026-08-05T06:14:12.294273+00:00,amazon_usa,GPU,B0FG8KGGVM,"GIGABYTE GeForce RTX 5050 Gaming OC 8G Graphics Card, 8GB 128-bit GDDR6, PCIe 5.0, WINDFORCE Cooling System, GV-N5050GAMING OC-8GD Video Card",1044.29,308.05,2026-08-05,4.4,40,https://www.amazon.com/GIGABYTE-Graphics-WINDFORCE-GV-N5050GAMING-OC-8GD/dp/B0FG8KGGVM,0.0,308.05
20260805_055550,2026-08-05T06:14:12.294273+00:00,amazon_usa,GPU,B0DX7GZK1K,msi GeForce RTX 5070 12G Gaming Trio OC White Graphics Board VD9067,3519.74,1038.27,2026-08-05,4.5,79,https://www.amazon.com/GeForce-Gaming-White-Graphics-VD9067/dp/B0DX7GZK1K,38.0,1076.27
20260805_055550,2026-08-05T06:14:12.294273+00:00,amazon_usa,GPU,B08MYCN952,NVIDIA GeForce RTX 3070 8GB GDDR6 PCI Express 4.0 Graphics Card - Dark Platinum and Black,2179.6,642.95,2026-08-05,4.5,174,https://www.amazon.com/NVIDIA-GeForce-RTX-3070-Graphics/dp/B08MYCN952,38.0,680.95
20260805_055550,2026-08-05T06:14:12.294273+00:00,amazon_usa,GPU,B0FKSMSGMD,"ZOTAC Gaming GeForce RTX 5060 Ti 16GB Twin Edge OC White Edition DLSS 4 16GB GDDR7 128-bit 28 Gbps PCIE 5.0 Gaming Graphics Card, IceStorm 2.0 Cooling, SFF-Ready, ZT-B50620Q-10M",2189.67,645.92,2026-08-05,4.7,136,https://www.amazon.com/ZOTAC-Graphics-IceStorm-SFF-Ready-ZT-B50620Q-10M/dp/B0FKSMSGMD,0.0,645.92
20260805_055550,2026-08-05T06:14:12.294273+00:00,amazon_usa,GPU,B09WSC85GP,Geforce RTX 3080 Ti 12GB GDDR6X PCI Express 4.0 Graphics Card Titanium and Black (Renewed),2459.17,725.42,2026-08-05,4.2,84,https://www.amazon.com/Geforce-Express-Graphics-Titanium-Renewed/dp/B09WSC85GP,0.0,725.42
20260805_055550,2026-08-05T06:14:12.294273+00:00,amazon_usa,GPU,B0DTGPW43H,"GIGABYTE GeForce RTX 5070 Ti Eagle OC ICE SFF 16G Graphics Card - 16GB GDDR7, 256bit, PCI-E 5.0, 2542 MHz Core Clock, 3 x DP 2.1a, 1 x HDMI 2.1b, NVIDIA DLSS 4, GV-N507TEAGLEOC ICE-16GD",4239.84,1250.69,2026-08-05,4.5,115,https://www.amazon.com/Gigabyte-GeForce-5070-Eagle-Graphics/dp/B0DTGPW43H,0.0,1250.69
20260805_055550,2026-08-05T06:14:12.294273+00:00,amazon_usa,GPU,B0CVCG2VPK,"ASUS Dual NVIDIA GeForce RTX 3050 6GB GDDR6 OC Edition Gaming Graphics Card - PCIe 4.0, HDMI 2.1, DisplayPort 1.4a, 2-Slot Design, Axial-tech Fan Design, Steel Bracket, 3 Year Warranty",866.52,255.61,2026-08-05,4.7,1000,https://www.amazon.com/ASUS-NVIDIA-GeForce-Gaming-Graphics/dp/B0CVCG2VPK,0.0,255.61
20260805_055550,2026-08-05T06:14:12.294273+00:00,amazon_usa,GPU,B0F8MH9LG2,"GIGABYTE GeForce RTX 5060 AERO OC 8G Graphics Card, 8GB 128-bit GDDR7, PCIe 5.0, WINDFORCE Cooling System, Made by NVIDIA, DisplayPort & HDMI - Video Output Interface, GV-N5060AERO OC-8GD Video Card",1433.02,422.72,2026-08-05,4.7,101,https://www.amazon.com/GIGABYTE-Graphics-WINDFORCE-GV-N5060AERO-OC-8GD/dp/B0F8MH9LG2,0.0,422.72
20260805_055550,2026-08-05T06:14:12.294273+00:00,amazon_usa,GPU,B0F5B89RF5,"GIGABYTE GeForce RTX 5060 Ti Gaming OC 8G Graphics Card, 8GB 128-bit GDDR7, PCIe 5.0, WINDFORCE Cooling System, GV-N506TGAMING OC-8GD Video Card",1482.24,437.24,2026-08-05,4.5,32,https://www.amazon.com/GIGABYTE-Graphics-WINDFORCE-GV-N506TGAMING-OC-8GD/dp/B0F5B89RF5,0.0,437.24
20260805_055550,2026-08-05T06:14:12.294273+00:00,amazon_usa,GPU,B0GK8TKVDJ,"ZOTAC Gaming GeForce RTX 5070 Twin Edge OC DLSS 4 12GB GDDR7 192-bit 28 Gbps PCIE 5.0 Gaming Graphics Card, IceStorm 2.0 Cooling, SFF-Ready, ZT-B50700H-10A",2541.31,749.65,2026-08-05,3.9,10,https://www.amazon.com/ZOTAC-Graphics-IceStorm-SFF-Ready-ZT-B50700H-10A/dp/B0GK8TKVDJ,0.0,749.65
20260805_055550,2026-08-05T06:14:12.294273+00:00,amazon_usa,GPU,B0BT222JZN,KUJOBUY 8MB Graphics Card VGA PCI 32Bit for Server Industrial Computer Multi-Display for ATI Rage XL 32 Bit PCI VGA Video Card PCI-X Interface Universal Video Card for Desktop Computers,60.61,17.88,2026-08-05,4.0,59,https://www.amazon.com/VGA-PCI-ATI-Rage-Bit/dp/B0BT222JZN,38.0,55.88
20260805_055550,2026-08-05T06:14:12.294273+00:00,amazon_usa,GPU,B0CTK1SFVD,"msi Gaming RTX 3050 Ventus 2X 6G OC Graphics Card (NVIDIA RTX 3050, 96-Bit, Boost Clock: 1492 MHz, 6GB GDDR6 14 Gbps, HDMI/DP, Ampere Architecture)",707.43,208.68,2026-08-05,4.7,272,https://www.amazon.com/MSI-RTX-3050-VENTUS-2X/dp/B0CTK1SFVD,0.0,208.68
20260805_055550,2026-08-05T06:14:12.294273+00:00,amazon_usa,GPU,B0CS197RJM,"PNY GeForce RTX™ 4070 Super 12GB Verto™ OC Dual Fan Graphics Card DLSS 3 (NVIDIA GeForce SFF-Ready, 192-bit, GDDR6X, PCIe 4.0, HDMI/DisplayPort, Supports 4k, incl. Adapter, 2 Slot)",2961.16,873.5,2026-08-05,4.6,283,https://www.amazon.com/PNY-Graphics-SFF-Ready-DisplayPort-supports/dp/B0CS197RJM,0.0,873.5
20260805_055550,2026-08-05T06:14:12.294273+00:00,amazon_usa,GPU,B0DQK4XSC7,"GIGABYTE GeForce RTX 3050 WINDFORCE OC V2 6G Graphics Card, 2X WINDFORCE Fans, 6GB GDDR6 96-bit GDDR6, GV-N3050WF2OCV2-6GD Graphics Card",707.43,208.68,2026-08-05,4.7,283,https://www.amazon.com/GIGABYTE-GeForce-WINDFORCE-Graphics-GV-N3050WF2OCV2-6GD/dp/B0DQK4XSC7,0.0,208.68
20260805_055550,2026-08-05T06:14:17.188863+00:00,amazon_usa,GPU,B0F8LGTHJD,"ASUS ROG Strix NVIDIA GeForce RTX 5070 Ti 16GB GDDR7 OC Edition Gaming Graphics Card, (PCIe 5.0, HDMI/DP 2.1, 3.2-Slot, MaxContact Design, Phase-Change GPU Thermal Pad), 3 Year Warranty",4615.21,1361.42,2026-08-05,4.6,186,https://www.amazon.com/ASUS-Graphics-Axial-tech-MaxContact-phase-change/dp/B0F8LGTHJD,0.0,1361.42
20260805_055550,2026-08-05T06:14:17.188863+00:00,amazon_usa,GPU,B0DYG7KB27,"msi Gaming RTX 5070 12G Ventus 3X OC Graphics Card (12GB GDDR7, 192-bit, Extreme Performance: 2557 MHz, DisplayPort x3 2.1a, HDMI 2.1b, NVIDIA Blackwell Architecture)",2258.76,666.3,2026-08-05,4.4,181,https://www.amazon.com/MSI-Graphics-192-bit-Extreme-Performance/dp/B0DYG7KB27,0.0,666.3
20260805_055550,2026-08-05T06:14:17.188863+00:00,amazon_usa,GPU,B095XZMSPB,2021 Newst GeForce RTX 3080 Founders Edition / AllyFlex HDMI,2324.42,685.67,2026-08-05,4.4,145,https://www.amazon.com/2021-Newst-GeForce-Founders-AllyFlex/dp/B095XZMSPB,38.0,723.67
20260805_055550,2026-08-05T06:14:17.188863+00:00,amazon_usa,GPU,B099ZC8H3G,"ASUS TUF Gaming NVIDIA GeForce RTX 3080 V2 OC Edition Graphics Card (PCIe 4.0, 10GB GDDR6X, LHR, HDMI 2.1, DisplayPort 1.4a, Dual Ball Fan Bearings, Military-Grade Certification, GPU Tweak II)",2358.12,695.61,2026-08-05,4.6,168,https://www.amazon.com/ASUS-Graphics-DisplayPort-Military-Grade-Certification/dp/B099ZC8H3G,0.0,695.61
20260805_055550,2026-08-05T06:14:17.188863+00:00,amazon_usa,GPU,B0G2B2VTG3,"msi Gaming RTX 5060 Ti 8G Ventus 3X OC Graphics Card (8GB GDDR7,128-bit, Extreme Performance: 2602 MHz, DisplayPort x3 2.1a, HDMI 2.1b, NVIDIA Blackwell Architecture)",1482.24,437.24,2026-08-05,4.6,60,https://www.amazon.com/msi-RTX-5060-8G-Performance/dp/B0G2B2VTG3,0.0,437.24
20260805_055550,2026-08-05T06:14:17.188863+00:00,amazon_usa,GPU,B0DTGM4QSD,"GIGABYTE GeForce RTX 5070 Eagle OC Ice SFF 12G Graphics Card - 12GB GDDR7, 192 Bits, PCI-E 5.0, 2587 MHz Core Clock, 3 x DP 2.1a, 1 x HDMI 2.1b, NVIDIA DLSS 4, GV-N5070EAGLEOC ICE-12GD",2926.79,863.36,2026-08-05,4.7,125,https://www.amazon.com/GIGABYTE-GeForce-5070-Eagle-Graphics/dp/B0DTGM4QSD,0.0,863.36
20260805_055550,2026-08-05T06:14:17.188863+00:00,amazon_usa,GPU,B0GK8N1SND,"ZOTAC Gaming GeForce RTX 5060 Low Profile DLSS 4 8GB GDDR7 128-bit 28 Gbps PCIE 5.0 Gaming Graphics Card, SFF-Ready Low-Profile Compact Card, ZT-B50600L-10A",1347.49,397.49,2026-08-05,0.0,0,https://www.amazon.com/ZOTAC-Graphics-SFF-Ready-Low-Profile-ZT-B50600L-10A/dp/B0GK8N1SND,0.0,397.49
20260805_055550,2026-08-05T06:14:17.188863+00:00,amazon_usa,GPU,B0GK8J4MGD,"ZOTAC Gaming GeForce RTX 5060 Ti 8GB Twin Edge OC DLSS 4 8GB GDDR7 128-bit 28 Gbps PCIE 5.0 Gaming Graphics Card, IceStorm 2.0 Cooling, SFF-Ready, ZT-B50610H-10A",1515.91,447.17,2026-08-05,4.6,14,https://www.amazon.com/ZOTAC-Graphics-IceStorm-SFF-Ready-ZT-B50610H-10A/dp/B0GK8J4MGD,0.0,447.17
20260805_055550,2026-08-05T06:14:17.188863+00:00,amazon_usa,GPU,B0F9P1BBLD,"maxsun GeForce RTX 3050 6GB Graphics Cards GDDR6 Video Graphics Card GPU for Gaming PC Mini Small Form Factor SSF Slim Low Profile Design PCI Express 4.0, HDMI 2.1, DisplayPort 1.4a",1010.59,298.11,2026-08-05,4.4,138,https://www.amazon.com/maxsun-RTX-3050-Graphics-DisplayPort/dp/B0F9P1BBLD,0.0,298.11
20260805_055550,2026-08-05T06:14:27.523804+00:00,amazon_usa,GPU,B0DTR3JK3Y,"GIGABYTE GeForce RTX 5070 Gaming OC 12G Graphics Card, 12GB 192-bit GDDR7, PCIe 5.0, WINDFORCE Cooling System, GV-N5070GAMING OC-12GD Video Card",2290.72,675.73,2026-08-05,4.8,150,https://www.amazon.com/GIGABYTE-Graphics-WINDFORCE-GV-N5070GAMING-OC-12GD/dp/B0DTR3JK3Y,0.0,675.73
20260805_055550,2026-08-05T06:14:27.523804+00:00,amazon_usa,GPU,B0DYPGBX6J,"PNY NVIDIA GeForce RTX™ 5070 Epic-X RGB™ OC Triple-Fan Graphics Card | 12GB GDDR7, 192-bit, Boost Speed: 2685 MHz, SFF-Ready, PCIe® 5.0, 2.4-Slot, NVIDIA Blackwell Architecture, DLSS 4.5",2358.12,695.61,2026-08-05,4.6,422,https://www.amazon.com/PNY-Overclocked-Graphics-2-4-Slot-Epic-XTM/dp/B0DYPGBX6J,0.0,695.61
20260805_055550,2026-08-05T06:14:27.523804+00:00,amazon_usa,GPU,B0FFKWFMYM,"ASUS SFF-Ready Prime NVIDIA GeForce RTX 5070 White OC Edition Graphics Card (PCIe 5.0, 12GB GDDR7, HDMI/DP 2.1, 2.5-Slot, Axial-tech Fans, Dual BIOS), 3 Year Warranty",2540.53,749.42,2026-08-05,4.8,153,https://www.amazon.com/ASUS-SFF-Ready-Graphics-2-5-Slot-Axial-tech/dp/B0FFKWFMYM,0.0,749.42
20260805_055550,2026-08-05T06:14:27.523804+00:00,amazon_usa,GPU,B0DX7JJ87N,"msi NVIDIA GeForce RTX 5070 12G Ventus 2X OC Graphics Card | 12GB GDDR7 (28GB/s, 192-bit), PCIe 5.0, Dual Fan (2 x TORX 5.0 fans), HDMI 2.1b, DP 2.1b, SFF Ready",2501.99,738.05,2026-08-05,4.6,244,https://www.amazon.com/MSI-GeForce-RTX-5070-Ventus/dp/B0DX7JJ87N,0.0,738.05
20260805_055550,2026-08-05T06:14:27.523804+00:00,amazon_usa,GPU,B0DS6V7L5M,"ASUS SFF-Ready Prime NVIDIA GeForce RTX 5070 Ti 16GB GDDR7 OC Edition 16GB GDDR7 Graphics Card (PCIe 5.0, HDMI/DP 2.1, 2.5-Slot, Axial-tech Fans, Dual BIOS), 3 Year Warranty",3956.27,1167.04,2026-08-05,4.5,187,https://www.amazon.com/ASUS-SFF-Ready-Graphics-2-5-Slot-Axial-tech/dp/B0DS6V7L5M,0.0,1167.04
20260805_055550,2026-08-05T06:14:27.523804+00:00,amazon_usa,GPU,B0DXL7GSYC,"PNY NVIDIA GeForce RTX™ 5070 Ti OC Triple-Fan Graphics Card | 16GB GDDR7, 256-bit, Boost Speed: 2572 MHz, PCIe® 5.0, HDMI®/DP 2.1, 2.98-Slot, NVIDIA Blackwell Architecture, DLSS 4.5",3231.92,953.37,2026-08-05,4.4,289,https://www.amazon.com/PNY-GeForce-Overclocked-Graphics-2-9-Slot/dp/B0DXL7GSYC,0.0,953.37
20260805_055550,2026-08-05T06:14:27.523804+00:00,amazon_usa,GPU,B0DTQT98M3,"GIGABYTE GeForce RTX 5070 Ti Eagle OC ICE SFF 16G Graphics Card, 16GB 256-bit GDDR7, PCIe 5.0, WINDFORCE Cooling System, GV-N507TEAGLEOC ICE-16GD Video Card",3570.89,1053.36,2026-08-05,4.8,83,https://www.amazon.com/GIGABYTE-Graphics-WINDFORCE-GV-N507TEAGLEOC-ICE-16GD/dp/B0DTQT98M3,0.0,1053.36
20260805_055550,2026-08-05T06:14:27.523804+00:00,amazon_usa,GPU,B0FFKYJBDT,"ASUS TUF Gaming NVIDIA GeForce RTX 5070 Ti 16GB GDDR7 White OC Edition Graphics Card, (PCIe 5.0, HDMI/DP 2.1, 3.125-Slot, Military-Grade Components, Protective PCB Coating), 3 Year Warranty",3941.45,1162.67,2026-08-05,4.7,208,https://www.amazon.com/ASUS-3-125-Slot-Military-Grade-Components-Protective/dp/B0FFKYJBDT,0.0,1162.67
20260805_055550,2026-08-05T06:14:27.523804+00:00,amazon_usa,GPU,B0GZ54RNDD,"msi Gaming RTX 5070 TI 16G FRIEREN Edition OC Graphics Card (16GB GDDR7, 256-bit, Extreme Clock 2572 MHz, DisplayPort x 3 2.1a, HDMI 2.1b, NVIDIA Blackwell Architecture)",3874.06,1142.79,2026-08-05,5.0,6,https://www.amazon.com/msi-Graphics-DisplayPort-Blackwell-Architecture/dp/B0GZ54RNDD,0.0,1142.79
20260805_055550,2026-08-05T06:14:27.523804+00:00,amazon_usa,GPU,B0DTGNWLXJ,"GIGABYTE GeForce RTX 5070 AERO OC 12G Graphics Card - 12GB GDDR7, 192bit, PCI-E 5.0, 2625 MHz Core Clock, 3 x DP 2.1a, 1 x HDMI 2.1b, NVIDIA DLSS 4, GV-N5070AERO OC-12GD",2904.21,856.7,2026-08-05,4.6,77,https://www.amazon.com/Gigabyte-GeForce-5070-AERO-Graphics/dp/B0DTGNWLXJ,0.0,856.7
20260805_055550,2026-08-05T06:14:31.442325+00:00,amazon_usa,GPU,B0GWK2K7PL,"PNY NVIDIA GeForce RTX™ 5070 Ti Slim Dual-Fan Dual-Slot OC Graphics Card | 16GB GDDR7, 256-bit, Boost Speed: 2572 MHz, PCIe® 5.0, HDMI®/DP 2.1, NVIDIA Blackwell Architecture, DLSS 4.5",3537.19,1043.42,2026-08-05,5.0,3,https://www.amazon.com/PNY-GeForce-Dual-Fan-Dual-Slot-Graphics/dp/B0GWK2K7PL,0.0,1043.42
20260805_055550,2026-08-05T06:14:31.442325+00:00,amazon_usa,GPU,B0DX7JNWMZ,"msi GeForce RTX 5070 12G Inspire 3X OC Graphics Card - RTX 5070 GPU, 12GB GDDR7 (28Gbps/192-bit), PCIe 5.0 - Triple Fan Thermal Design (3 x STORMFORCE Fan) - HDMI 2.1b, DisplayPort 2.1b",2478.36,731.08,2026-08-05,4.6,92,https://www.amazon.com/GeForce-5070-Inspire-Graphics-Card/dp/B0DX7JNWMZ,38.0,769.08
20260805_055550,2026-08-05T06:14:31.442325+00:00,amazon_usa,GPU,B0H9SQTNV7,"GIGABYTE AORUS GeForce RTX 5070 Ti Infinity 16G Graphics Card, 16GB 256-bit GDDR7, PCIe 5.0, WINDFORCE HYPERBURST Cooling System, GV-N507TAORUS IF-16GD Video Card",4379.41,1291.86,2026-08-05,0.0,0,https://www.amazon.com/GIGABYTE-WINDFORCE-HYPERBURST-GV-N507TAORUS-IF-16GD/dp/B0H9SQTNV7,0.0,1291.86
20260805_055550,2026-08-05T06:14:31.442325+00:00,amazon_usa,GPU,B0GPKCL34W,"PNY NVIDIA GeForce RTX™ 5080 Slim Dual-Fan Dual-Slot OC Graphics Card | 16GB GDDR7, SFF-Ready, 256-bit, Boost Speed: 2730 MHz, PCIe® 5.0, HDMI®/DP 2.1, NVIDIA Blackwell Architecture, DLSS 4.5",4716.27,1391.23,2026-08-05,4.4,36,https://www.amazon.com/PNY-Dual-Fan-Dual-Slot-Graphics-SFF-Ready/dp/B0GPKCL34W,0.0,1391.23
20260805_055550,2026-08-05T06:14:35.816097+00:00,amazon_usa,GPU,B0DRRMZDH6,"ASUS Prime AMD Radeon RX 9070 XT 16GB GDDR6 OC Edition Graphics Card, AMD (PCIe 5.0, HDMI/DP 2.1, 2.5-Slot Design, Axial-tech Fans, Ball Bearings, Dual BIOS, GPU Guard), 3 Year Warranty",2616.84,771.93,2026-08-05,4.5,407,https://www.amazon.com/ASUS-Graphics-2-5-Slot-Axial-tech-Bearings/dp/B0DRRMZDH6,0.0,771.93
20260805_055550,2026-08-05T06:14:35.816097+00:00,amazon_usa,GPU,B0DZCYPFVT,msi GeForce RTX 5070 12G Shadow 2X OC,2526.57,745.3,2026-08-05,4.6,237,https://www.amazon.com/MSI-GeForce-RTX-5070-Shadow/dp/B0DZCYPFVT,38.0,783.3
20260805_055550,2026-08-05T06:14:35.816097+00:00,amazon_usa,GPU,B0F4485KVY,"ZOTAC Gaming GeForce RTX 5070 Ti Solid SFF OC DLSS 4 16GB GDDR7 256-bit 28 Gbps PCIE 5.0 Gaming Graphics Card, IceStorm 2.0 Advanced Cooling, ZT-B50710J3-10P",3721.41,1097.76,2026-08-05,4.5,142,https://www.amazon.com/ZOTAC-Graphics-IceStorm-Advanced-ZT-B50710J3-10P/dp/B0F4485KVY,0.0,1097.76
20260805_055550,2026-08-05T06:14:35.816097+00:00,amazon_usa,GPU,B0DS2QG2KW,"GIGABYTE Radeon RX 9070 XT Gaming OC 16G Graphics Card, PCIe 5.0, 16GB GDDR6, GV-R9070XTGAMING OC-16GD Video Card",2492.87,735.36,2026-08-05,4.6,462,https://www.amazon.com/GIGABYTE-Radeon-Graphics-GV-R9070XTGAMING-OC-16GD/dp/B0DS2QG2KW,0.0,735.36
20260805_055550,2026-08-05T06:14:40.396223+00:00,amazon_usa,GPU,B0F4LZ5YG7,"msi Gaming RTX 5060 8G Gaming OC Graphics Card (8GB GDDR7,128-bit, Extreme Performance: 2640 MHz, DisplayPort x3 2.1a, HDMI 2.1b, NVIDIA Blackwell Architecture)",1347.36,397.45,2026-08-05,5.0,25,https://www.amazon.com/Gaming-Graphics-128-bit-Extreme-Performance/dp/B0F4LZ5YG7,0.0,397.45
20260805_055550,2026-08-05T06:14:40.396223+00:00,amazon_usa,GPU,B0B52CGGLW,NVIDIA - GeForce RTX 3070 Ti 8GB GDDR6X PCI Express 4.0 Graphics Card - Dark Platinum and Black (Renewed),1280.1,377.61,2026-08-05,4.7,7,https://www.amazon.com/NVIDIA-GeForce-Express-Graphics-Platinum/dp/B0B52CGGLW,0.0,377.61
20260805_055550,2026-08-05T06:14:40.396223+00:00,amazon_usa,GPU,B07RX4DBGH,NVIDIA Titan RTX Graphics Card (Renewed),3705.64,1093.11,2026-08-05,4.5,4,https://www.amazon.com/NVIDIA-Titan-Graphics-Card-Renewed/dp/B07RX4DBGH,0.0,1093.11
20260805_055550,2026-08-05T06:14:40.396223+00:00,amazon_usa,GPU,B0DTGNTQ3C,"GIGABYTE GeForce RTX 5070 Gaming OC 12G Graphics Card - 12GB GDDR7, 192 Bits, PCI-E 5.0, 2625 MHz Core Clock, 3 x DP 2.1a, 1 x HDMI 2.1b, NVIDIA DLSS 4, GV-N5070GAMING OC-12GD",2358.12,695.61,2026-08-05,4.6,198,https://www.amazon.com/GIGABYTE-GeForce-5070-Gaming-Graphics/dp/B0DTGNTQ3C,38.0,733.61
20260805_055550,2026-08-05T06:14:40.396223+00:00,amazon_usa,GPU,B0F4M4KYLG,"msi Gaming RTX 5060 Ti 8G Ventus 2X OC White Graphics Card (8GB GDDR7,128-bit, Extreme Performance: 2617 MHz, DisplayPort x3 2.1a, HDMI 2.1b, NVIDIA Blackwell Architecture)",1560.96,460.46,2026-08-05,5.0,4,https://www.amazon.com/Gaming-Graphics-TBA-bit-Extreme-Performance/dp/B0F4M4KYLG,0.0,460.46
20260805_055550,2026-08-05T06:14:45.201981+00:00,amazon_usa,GPU,B07V2V59LF,NVIDIA Geforce RTX 2060 Super Founders Edition Graphics Card,1936.91,571.36,2026-08-05,4.6,226,https://www.amazon.com/Nvidia-Geforce-Super-Founders-Graphics/dp/B07V2V59LF,38.0,609.36
20260805_055550,2026-08-05T06:14:45.201981+00:00,amazon_usa,GPU,B0GP6Z5GNW,"msi Gaming RTX 5080 16G Inspire 3X OC Black Graphics Card (16GB GDDR7, 256-bit, Extreme Clock 2655 MHz, DisplayPort x 3 2.1a, HDMI 2.1b, NVIDIA Blackwell Architecture)",4723.86,1393.47,2026-08-05,4.3,31,https://www.amazon.com/msi-Graphics-DisplayPort-Blackwell-Architecture/dp/B0GP6Z5GNW,0.0,1393.47
20260805_055550,2026-08-05T06:14:45.201981+00:00,amazon_usa,GPU,B0FRPFG6NW,"PNY NVIDIA GeForce RTX™ 5050 Dual-Fan Graphics Card | 8GB GDDR6, 128-bit, PCIe 5.0, HDMI/DP 2.1",1010.59,298.11,2026-08-05,4.5,70,https://www.amazon.com/PNY-Graphics-SFF-Ready-Blackwell-Architecture/dp/B0FRPFG6NW,0.0,298.11
20260805_055550,2026-08-05T06:14:45.201981+00:00,amazon_usa,GPU,B0FFV7V2GW,"msi Gaming RTX 5050 8G Gaming OC Graphics Card (8GB GDDR6,128-bit, Extreme Performance: 2647 MHz, DisplayPort x3 2.1a, HDMI 2.1b, NVIDIA Blackwell Architecture)",1111.68,327.93,2026-08-05,4.8,15,https://www.amazon.com/msi-RTX-5050-8G-Performance/dp/B0FFV7V2GW,0.0,327.93
20260805_055550,2026-08-05T06:14:45.201981+00:00,amazon_usa,GPU,B09SD9RWT5,PNY NVIDIA RTX A4500 20GB GDDR6 Ampere Ray Tracing Workstation OEM Graphic Card,4207.43,1241.13,2026-08-05,4.6,3,https://www.amazon.com/PNY-VCNRTXA4500-NVIDIA-A4500-GDDR6/dp/B09SD9RWT5,0.0,1241.13
20260805_055550,2026-08-05T06:14:45.201981+00:00,amazon_usa,GPU,B09BJQNJ9Y,"ASUS TUF Gaming GeForce RTX 5070 Ti 16GB GDDR7 BTF White OC Ed. Graphics Card | NVIDIA DLSS 4, 3,125 slot, PCIe 5.0, 3X DisplayPort 2.1b, 2X HDMI 2.1b, GC-HPWR, White, TUF-RTX5070TI-O16G-BTF-WHITE",9210.26,2716.89,2026-08-05,4.6,31,https://www.amazon.com/ASUS-Graphics-125-Slot-DisplayPort-TUF-RTX5070TI-O16G-BTF-WHITE/dp/B09BJQNJ9Y,38.0,2754.89
20260805_055550,2026-08-05T06:15:00.606001+00:00,amazon_usa,RAM,B0G5Q1XTKM,"CORSAIR Vengeance DDR5 32GB (2 x 16GB) Up to 6000MHz AMD Intel RAM | Desktop Gaming Memory, AMD EXPO & Intel XMP 3.0 Compatible, CL38, Grey, CMK32GX5M2B6000Z38",1448.55,427.3,2026-08-05,4.1,36,https://www.amazon.com/CORSAIR-Vengeance-6000MHz-CL38-44-44-96-Computer/dp/B0G5Q1XTKM,0.0,427.3
20260805_055550,2026-08-05T06:15:00.606001+00:00,amazon_usa,RAM,B0CDY46PFK,CORSAIR Vengeance RGB DDR5 RAM 32GB (2x16GB) Up to 6000MHz CL36-44-44-96 1.35V Intel XMP 3.0 Desktop Computer Memory - White (CMH32GX5M2E6000C36W),1583.3,467.05,2026-08-05,4.8,4100,https://www.amazon.com/CORSAIR-VENGEANCE-6000MHz-Compatible-Computer/dp/B0CDY46PFK,0.0,467.05
20260805_055550,2026-08-05T06:15:00.606001+00:00,amazon_usa,RAM,B0CBRJ63RT,"CORSAIR Vengeance DDR5 32GB (2 x 16GB) Up to 6000MHz AMD Intel RAM | Desktop Gaming Memory, AMD EXPO & Intel XMP 3.0 Compatible, CL30, Grey, CMK32GX5M2B6000Z30",1718.05,506.8,2026-08-05,4.8,2500,https://www.amazon.com/CORSAIR-Vengeance-6000MHz-Compatible-Computer/dp/B0CBRJ63RT,0.0,506.8
20260805_055550,2026-08-05T06:15:00.606001+00:00,amazon_usa,RAM,B0BZHTVHN5,CORSAIR Vengeance RGB DDR5 RAM 32GB (2x16GB) Up to 6000MHz CL36-44-44-96 1.35V Intel XMP 3.0 Computer Memory – Black (CMH32GX5M2E6000C36),1650.66,486.92,2026-08-05,4.8,4100,https://www.amazon.com/CORSAIR-VENGEANCE-6000MHz-Compatible-Computer/dp/B0BZHTVHN5,0.0,486.92
20260805_055550,2026-08-05T06:15:00.606001+00:00,amazon_usa,RAM,B0H6G4V5PC,"CORSAIR Vengeance RGB RS DDR5 32GB (2 x 16GB) Up to 6000MHz AMD Intel RAM | Desktop Gaming Memory, AMD EXPO & Intel XMP 3.0 Compatible, CL36, White, CMG32GX5M2E6000Z36W",1540.08,454.3,2026-08-05,0.0,0,https://www.amazon.com/CORSAIR-Vengeance-DDR5-6000MHz-Intel/dp/B0H6G4V5PC,0.0,454.3
20260805_055550,2026-08-05T06:15:00.606001+00:00,amazon_usa,RAM,B0BNTRRLYP,TEAMGROUP T-Force Vulcan DDR5 32GB (2x16GB) 6000MHz (PC5-48000) CL38 Desktop Memory Module Ram (Black) for Chipset 600 700 Series XMP 3.0 Ready - FLBD532G6000HC38ADC01,1515.91,447.17,2026-08-05,4.6,767,https://www.amazon.com/TEAMGROUP-T-Force-6000MHz-PC5-48000-Desktop/dp/B0BNTRRLYP,0.0,447.17
20260805_055550,2026-08-05T06:15:00.606001+00:00,amazon_usa,RAM,B0GGJ79NR3,"CORSAIR Vengeance RGB RS DDR5 32GB (2 x 16GB) Up to 6000MHz AMD Intel RAM | Desktop Gaming Memory, AMD EXPO & Intel XMP 3.0 Compatible, CL36, Grey, CMG32GX5M2E6000Z36",1583.3,467.05,2026-08-05,4.3,99,https://www.amazon.com/CORSAIR-Vengeance-6000MHz-CL36-44-44-96-Computer/dp/B0GGJ79NR3,0.0,467.05
20260805_055550,2026-08-05T06:15:00.606001+00:00,amazon_usa,RAM,B0G5QFNNV3,"CORSAIR Vengeance RGB DDR5 32GB (2 x 16GB) Up to 6000MHz AMD Intel RAM | Desktop Gaming Memory, AMD EXPO & Intel XMP 3.0 Compatible, CL38, Grey, CMH32GX5M2B6000Z38",1515.91,447.17,2026-08-05,4.3,66,https://www.amazon.com/CORSAIR-Vengeance-6000MHz-CL38-44-44-96-Computer/dp/B0G5QFNNV3,0.0,447.17
20260805_055550,2026-08-05T06:15:00.606001+00:00,amazon_usa,RAM,B0DJW4PKY3,"CORSAIR Vengeance DDR5 32GB (2 x 16GB) Up to 6400MHz AMD Intel RAM | Desktop Gaming Memory, AMD EXPO & Intel XMP 3.0 Compatible, CL36, Grey, CMK32GX5M2B6400Z36",1482.24,437.24,2026-08-05,4.8,250,https://www.amazon.com/CORSAIR-Vengeance-6400MHz-CL36-48-48-104-Computer/dp/B0DJW4PKY3,0.0,437.24
20260805_055550,2026-08-05T06:15:00.606001+00:00,amazon_usa,RAM,B0DGZJ3RTS,Patriot Viper Elite 5 RGB DDR5 RAM 32GB (2X16GB) 6000MT/s CL30 RGB Memory | Voltage: 1.35v; Supports Intel XMP and AMD EXPO; Module type: UDIMM.,1482.24,437.24,2026-08-05,4.0,163,https://www.amazon.com/Patriot-Memory-2X16GB-Desktop-Compatible/dp/B0DGZJ3RTS,0.0,437.24
20260805_055550,2026-08-05T06:15:00.606001+00:00,amazon_usa,RAM,B0D7LY1NC5,TEAMGROUP T-Create Expert Overclocking 10L DDR5 32GB Kit (2 x 16GB) 6000MHz (PC5-48000) CL38-46-46-76 Intel XMP 3.0 & AMD Expo Compatible Desktop Memory Module Ram Black - CTCED532G6000HC38GDC01,1492.21,440.18,2026-08-05,4.6,17,https://www.amazon.com/TEAMGROUP-Overclocking-PC5-48000-CL38-46-46-76-Compatible/dp/B0D7LY1NC5,0.0,440.18
20260805_055550,2026-08-05T06:15:00.606001+00:00,amazon_usa,RAM,B0DM594XBJ,Biwin Black Opal DW100 DDR5 RGB RAM 32GB (16GBx2) 6000MHz CL30 Computer Memory Intel XMP 3.0 AMD Expo Compatible- Black - DW100-32GB-6000-1R8,1549.6,457.11,2026-08-05,4.5,64,https://www.amazon.com/16GBx2-6000MHz-Computer-Memory-Compatible-Black/dp/B0DM594XBJ,0.0,457.11
20260805_055550,2026-08-05T06:15:00.606001+00:00,amazon_usa,RAM,B0DPJ9DJ3D,"CORSAIR Vengeance RGB DDR5 32GB (2 x 16GB) Up to 6000MHz AMD Intel RAM | Desktop Gaming Memory, AMD EXPO & Intel XMP 3.0 Compatible, CL30, White, CMH32GX5M2B6000Z30W",2021.25,596.24,2026-08-05,4.8,4300,https://www.amazon.com/CORSAIR-Vengeance-6000MHz-CL30-36-36-76-Computer/dp/B0DPJ9DJ3D,0.0,596.24
20260805_055550,2026-08-05T06:15:00.606001+00:00,amazon_usa,RAM,B0DZ935RX9,Corsair Vengeance RGB 32GB (2 x 16GB) DDR5-6000 PC5-48000 CL36 Dual Channel Desktop Memory Kit CMH32GX5M2M6000Z36 36-44-44-96,1617.0,476.99,2026-08-05,4.8,10,https://www.amazon.com/Corsair-Vengeance-DDR5-6000-CMH32GX5M2M6000Z36-36-44-44-96/dp/B0DZ935RX9,8.0,484.99
20260805_055550,2026-08-05T06:15:00.606001+00:00,amazon_usa,RAM,B0BLTDRRLF,"Crucial 32GB DDR5 RAM Kit (2x16GB), 5600MHz (or 5200MHz or 4800MHz) Laptop Memory 262-Pin SODIMM, Compatible with Intel Core and AMD Ryzen 7000, Black - CT2K16G56C46S5",1414.85,417.36,2026-08-05,4.8,2700,https://www.amazon.com/Crucial-5600MHz-5200MHz-4800MHz-CT2K16G56C46S5/dp/B0BLTDRRLF,0.0,417.36
20260805_055550,2026-08-05T06:15:00.606001+00:00,amazon_usa,RAM,B0GS7MT7JD,PUSKILL 32GB DDR5 RAM (2x16GB) 6000MHz CL30 Desktop Memory | Ultra-Low Latency Gaming PC Upgrade | Intel XMP 3.0 & AMD EXPO Ready for 700/600 & Ryzen 7000 (AM5),1549.6,457.11,2026-08-05,4.4,29,https://www.amazon.com/PUSKILL-6000MHz-Desktop-Ultra-Low-Latency/dp/B0GS7MT7JD,0.0,457.11
20260805_055550,2026-08-05T06:15:00.606001+00:00,amazon_usa,RAM,B0D2JLWLWZ,"Crucial Pro 32GB DDR5 RAM Kit (2x16GB), CL36 6000MHz, Overclocking Desktop Gaming Memory, Intel XMP 3.0 & AMD Expo Compatible, White - CP2K16G60C36U5W Global Recycled Standard",1684.36,496.86,2026-08-05,4.7,1000,https://www.amazon.com/Crucial-6000MHz-Overclocking-Desktop-Compatible/dp/B0D2JLWLWZ,0.0,496.86
20260805_055550,2026-08-05T06:15:00.606001+00:00,amazon_usa,RAM,B09PTGZM6Y,G.SKILL Trident Z5 RGB Series DDR5 RAM (Intel XMP 3.0 & AMD EXPO) 32GB (2x16GB) 6000MT/s CL36-36-36-96 1.35V Desktop Computer Memory U-DIMM - Matte Black (F5-6000J3636F16GA2-TZ5RK),1650.66,486.92,2026-08-05,4.7,1500,https://www.amazon.com/G-Skill-Trident-PC5-48000-CL36-36-36-96-F5-6000J3636F16GA2-TZ5RK/dp/B09PTGZM6Y,0.0,486.92
20260805_055550,2026-08-05T06:15:00.606001+00:00,amazon_usa,RAM,B0D4NLTM6R,Patriot Viper Venom RGB DDR5 RAM 32GB (2X16GB) 6000MHz CL30 RGB Memory | Voltage: 1.35v; Supports Intel XMP and AMD EXPO; Module type: UDIMM.,1515.91,447.17,2026-08-05,4.5,161,https://www.amazon.com/Patriot-2X16GB-6000MT-Desktop-Memory/dp/B0D4NLTM6R,0.0,447.17
20260805_055550,2026-08-05T06:15:00.606001+00:00,amazon_usa,RAM,B0CQQTR1ZV,CORSAIR Vengeance DDR5 RAM 32GB (2x16GB) 6000MHz CL38 Intel XMP iCUE Compatible Computer Memory - Black (CMK32GX5M2B6000C38),1549.6,457.11,2026-08-05,4.4,34,https://www.amazon.com/CORSAIR-VENGEANCE-6000MHz-Compatible-Computer/dp/B0CQQTR1ZV,0.0,457.11
20260805_055550,2026-08-05T06:15:00.606001+00:00,amazon_usa,RAM,B0GGJ9YH2D,"CORSAIR Vengeance RGB RS DDR5 64GB (2 x 32GB) Up to 6000MHz AMD Intel RAM | Desktop Gaming Memory, AMD EXPO & Intel XMP 3.0 Compatible, CL40, Grey, CMG64GX5M2D6000Z40",2964.49,874.48,2026-08-05,4.2,28,https://www.amazon.com/CORSAIR-Vengeance-6000MHz-CL40-50-50-96-Computer/dp/B0GGJ9YH2D,0.0,874.48
20260805_055550,2026-08-05T06:15:00.606001+00:00,amazon_usa,RAM,B0BJ181PX7,G.SKILL Ripjaws S5 Series DDR5 RAM (Intel XMP 3.0 & AMD EXPO) 32GB (2x16GB) 6000MT/s CL36-36-36-96 1.35V Desktop Computer Memory U-DIMM - Matte Black (F5-6000J3636F16GX2-RS5K),1567.2,462.3,2026-08-05,4.6,390,https://www.amazon.com/G-Skill-RipJaws-288-Pin-CL36-36-36-96-F5-6000J3636F16GX2-RS5K/dp/B0BJ181PX7,8.0,470.3
20260805_055550,2026-08-05T06:15:04.727035+00:00,amazon_usa,RAM,B09LHQL3GF,TEAMGROUP T-Force Delta RGB DDR5 Ram 32GB (2x16GB) 6000MHz PC5-48000 CL38 Intel XMP 3.0 & AMD Expo Compatible Desktop Memory Module Ram Black FF3D532G6000HC38ADC01,1718.05,506.8,2026-08-05,4.7,670,https://www.amazon.com/TEAMGROUP-T-Force-6000MHz-PC5-48000-Desktop/dp/B09LHQL3GF,0.0,506.8
20260805_055550,2026-08-05T06:15:04.727035+00:00,amazon_usa,RAM,B0CRT28P29,"Acer Predator Pallas II DDR5 RAM 32GB (16GBx2) 6000MHz CL30 PC5-48000 Intel XMP 3.0 AMD EXPO Compatible Computer Memory, Black - BL.9BWWR.433",1768.56,521.7,2026-08-05,4.6,50,https://www.amazon.com/Predator-6000MHz-PC5-48000-Compatible-Computer/dp/B0CRT28P29,0.0,521.7
20260805_055550,2026-08-05T06:15:04.727035+00:00,amazon_usa,RAM,B0BF8FVLSL,G.SKILL Trident Z5 Neo RGB Series DDR5 RAM (AMD EXPO) 32GB (2x16GB) 6000MT/s CL30-38-38-96 1.35V Desktop Computer Memory U-DIMM - Matte Black (F5-6000J3038F16GX2-TZ5NR),1984.2,585.31,2026-08-05,4.8,1600,https://www.amazon.com/G-Skill-Trident-288-Pin-CL30-38-38-96-F5-6000J3038F16GX2-TZ5NR/dp/B0BF8FVLSL,0.0,585.31
20260805_055550,2026-08-05T06:15:04.727035+00:00,amazon_usa,RAM,B0D5XFTFG7,"Acer Predator Vesta II RGB DDR5 RAM 32GB (16GBx2) 6000MHz CL32 PC5-48000, Intel XMP 3.0 AMD EXPO Compatible Computer Memory, Black BL.9BWWR.378",1768.56,521.7,2026-08-05,5.0,57,https://www.amazon.com/Predator-6000MHz-PC5-48000-Compatible-Computer/dp/B0D5XFTFG7,0.0,521.7
20260805_055550,2026-08-05T06:15:04.727035+00:00,amazon_usa,RAM,B0GGJ2GN9K,"CORSAIR Vengeance RGB RS DDR5 32GB (2 x 16GB) Up to 5600MHz AMD Intel RAM | Desktop Gaming Memory, AMD EXPO & Intel XMP 3.0 Compatible, CL40, Grey, CMG32GX5M2B5600Z40",1448.55,427.3,2026-08-05,0.0,0,https://www.amazon.com/CORSAIR-Vengeance-5600MHz-CL40-40-40-77-Computer/dp/B0GGJ2GN9K,0.0,427.3
20260805_055550,2026-08-05T06:15:04.727035+00:00,amazon_usa,RAM,B0GZ8LBG7C,"PNY DDR5 32GB (2x16GB) 5600MHz CL46 Performance Desktop Memory Kit | Not Intel 15th Gen Compatible - PC5-44800, CL46, 1.1V, 288-Pin, RAM, Compatible: 5200MHz, 4800MHz - MD32GK2D5560046-TB",1280.1,377.61,2026-08-05,3.0,2,https://www.amazon.com/PNY-2x16GB-5600MHz-Performance-Desktop/dp/B0GZ8LBG7C,0.0,377.61
20260805_055550,2026-08-05T06:15:04.727035+00:00,amazon_usa,RAM,B0BRQ21XK1,TEAMGROUP T-Force Delta Alpha RGB DDR5 Ram 32GB Kit (2x16GB) 6000MHz (PC5-48000) CL38 Intel XMP 3.0 & AMD Expo Compatible Desktop Memory Module Ram Black FF7D532G6000HC38ADC01,1716.36,506.3,2026-08-05,4.8,495,https://www.amazon.com/TEAMGROUP-T-Force-6000MHz-PC5-48000-Optimized/dp/B0BRQ21XK1,0.0,506.3
20260805_055550,2026-08-05T06:15:04.727035+00:00,amazon_usa,RAM,B0H6G3X783,"CORSAIR Vengeance RGB RS DDR5 16GB (2 x 8GB) Up to 6000MHz AMD Intel RAM | Desktop Gaming Memory, AMD EXPO & Intel XMP 3.0 Compatible, CL36, White, CMG16GX5M2E6000Z36W",876.38,258.52,2026-08-05,5.0,4,https://www.amazon.com/CORSAIR-Vengeance-DDR5-6000MHz-Intel/dp/B0H6G3X783,0.0,258.52
20260805_055550,2026-08-05T06:15:04.727035+00:00,amazon_usa,RAM,B0C4Y3DCL4,"CORSAIR Vengeance RGB DDR5 32GB (2 x 16GB) Up to 6400MHz Intel RAM | Desktop Gaming Memory, Intel XMP 3.0 Compatible, CL36, White, CMH32GX5M2B6400C36W",1532.75,452.14,2026-08-05,4.6,557,https://www.amazon.com/CORSAIR-VENGEANCE-6400MHz-Compatible-Computer/dp/B0C4Y3DCL4,0.0,452.14
20260805_055550,2026-08-05T06:15:04.727035+00:00,amazon_usa,RAM,B0D33THVDL,CORSAIR Vengeance SODIMM DDR5 RAM 32GB (1x32GB) Up to 5600MHz CL48 Intel XMP 3.0 Desktop Computer Memory - Black (CMSX32GX5M1A5600C48),1317.93,388.77,2026-08-05,4.6,56,https://www.amazon.com/CORSAIR-Vengeance-5600MHz-Compatible-Computer/dp/B0D33THVDL,0.0,388.77
20260805_055550,2026-08-05T06:15:04.727035+00:00,amazon_usa,RAM,B0GDQVQGTN,"ANACOMDA ANA Kingsnake DDR5 RAM 32GB (2x16GB) 6000MHz CL38 Desktop Memory, Intel XMP 3.0 Ready, AMD EXPO Support (BIOS Dependent), High-Performance Overclocking UDIMM, 288-Pin, Made in Taiwan",1334.0,393.51,2026-08-05,2.0,1,https://www.amazon.com/MINPO-Kingsnake-Dependent-High-Performance-Overclocking/dp/B0GDQVQGTN,0.0,393.51
20260805_055550,2026-08-05T06:15:04.727035+00:00,amazon_usa,RAM,B0GGJMH7Z8,"CORSAIR Vengeance RGB RS DDR5 32GB (2 x 16GB) Up to 5200MHz AMD Intel RAM | Desktop Gaming Memory, AMD EXPO & Intel XMP 3.0 Compatible, CL40, Grey, CMG32GX5M2B5200Z40",1414.85,417.36,2026-08-05,2.0,1,https://www.amazon.com/CORSAIR-Vengeance-5200MHz-CL40-40-40-77-Computer/dp/B0GGJMH7Z8,0.0,417.36
20260805_055550,2026-08-05T06:15:04.727035+00:00,amazon_usa,RAM,B0GJFTS22V,"CORSAIR Vengeance DDR5 16GB (2 x 8GB) Up to 6000MHz AMD Intel RAM | Desktop Gaming Memory, AMD EXPO & Intel XMP 3.0 Compatible, CL36, Grey, CMK16GX5M2E6000Z36",842.18,248.43,2026-08-05,4.0,37,https://www.amazon.com/CORSAIR-Vengeance-DDR5-6000MHz-Intel/dp/B0GJFTS22V,0.0,248.43
20260805_055550,2026-08-05T06:15:04.727035+00:00,amazon_usa,RAM,B0DHFD5625,"Crucial Pro DDR5 RAM 32GB Kit (2x16GB) 6400MHz CL38, Overclocking Desktop Gaming Memory, Intel XMP 3.0 & AMD Expo Compatible – Black CP2K16G64C38U5B",1684.36,496.86,2026-08-05,4.7,941,https://www.amazon.com/Crucial-6400MHz-Overclocking-Desktop-Compatible/dp/B0DHFD5625,0.0,496.86
20260805_055550,2026-08-05T06:15:04.727035+00:00,amazon_usa,RAM,B0DCJNB51B,Patriot Viper Xtreme 5 DDR5 RAM 32GB (2X16GB) 6400MT/s CL32 Desktop Memory | Voltage: 1.4v; Supports Intel XMP; Module type: UDIMM.,1398.0,412.39,2026-08-05,4.4,23,https://www.amazon.com/Patriot-Xtreme-Desktop-Memory-Compatible/dp/B0DCJNB51B,0.0,412.39
20260805_055550,2026-08-05T06:15:04.727035+00:00,amazon_usa,RAM,B09KCLP63B,Kingston FURY Beast 32GB (2x16GB) 5200MT/s DDR5 CL40 Desktop Memory | Intel XMP 3.0 | Kit of 2 | KF552C40BBK2-32,1959.76,578.1,2026-08-05,4.8,730,https://www.amazon.com/Kingston-Technology-5200MHz-Desktop-KF552C40BBK2-32/dp/B09KCLP63B,0.0,578.1
20260805_055550,2026-08-05T06:15:04.727035+00:00,amazon_usa,RAM,B0DHKNZNFP,"Acer Predator Hera DDR5 RGB RAM 32GB (16GBx2) 6800MHz CL32 Comptuer Memory (PC5-54400) AMD EXPO Intel XMP Compatible, Black - BL.9BWWR.484",1627.1,479.97,2026-08-05,4.6,6,https://www.amazon.com/Predator-6800MHz-Comptuer-PC5-54400-Compatible/dp/B0DHKNZNFP,0.0,479.97
20260805_055550,2026-08-05T06:15:04.727035+00:00,amazon_usa,RAM,B0F6YG9ZL3,TEAMGROUP T-Create Expert Overclocking 10L CL28 DDR5 32GB Kit (2 x 16GB) 6000MHz (PC5-48000) Intel XMP 3.0 & AMD Expo Compatible Desktop Memory Module Ram White - CTCWD532G6000HC28ADC01,1852.8,546.55,2026-08-05,5.0,2,https://www.amazon.com/TEAMGROUP-T-Create-Overclocking-PC5-48000-Compatible/dp/B0F6YG9ZL3,0.0,546.55
20260805_055550,2026-08-05T06:15:04.727035+00:00,amazon_usa,RAM,B0D1JST6PB,Timetec 32GB KIT(2x16GB) DDR5 5600MHz PC5-44800 Unbuffered Non-ECC 1.1V CL46 1Rx8 Sinlge Rank 288 Pin UDIMM Desktop Memory RAM Module Upgrade,1246.44,367.68,2026-08-05,5.0,2,https://www.amazon.com/Timetec-Unbuffered-Non-ECC-Desktop-Upgrade/dp/B0D1JST6PB,0.0,367.68
20260805_055550,2026-08-05T06:15:04.727035+00:00,amazon_usa,RAM,B0B1718KB1,A-Tech 32GB DDR5 4800MHz PC5-38400 CL40 SODIMM 2Rx8 Dual Rank 1.1V Non-ECC Unbuffered SO-DIMM 262-Pin Laptop Computer RAM Memory Upgrade Module,1334.41,393.63,2026-08-05,4.6,356,https://www.amazon.com/Tech-SODIMM-PC5-38400-262-Pin-Laptop/dp/B0B1718KB1,0.0,393.63
20260805_055550,2026-08-05T06:15:08.942571+00:00,amazon_usa,RAM,B0BLTFFBL9,"Crucial 32GB DDR5 RAM, 5600MHz (or 5200MHz or 4800MHz) Desktop Memory, UDIMM 288-Pin, Compatible with 13th Gen Intel Core and AMD Ryzen 7000 - CT32G56C46U5",1617.0,476.99,2026-08-05,4.6,65,https://www.amazon.com/Crucial-5600MHz-5200MHz-4800MHz-CT32G56C46U5/dp/B0BLTFFBL9,0.0,476.99
20260805_055550,2026-08-05T06:15:08.942571+00:00,amazon_usa,RAM,B0BZJF3K7V,Kingston FURY Beast White RGB 32GB 6000MT/s CL36 DDR5 EXPO DIMM | Infrared Syncing | FURY CTRL Software | Overclocking | AMD EXPO | Single Module | KF560C36BWEA-32,1957.66,577.48,2026-08-05,4.4,19,https://www.amazon.com/Kingston-Technology-Infrared-Overclocking-KF560C36BWEA-32/dp/B0BZJF3K7V,0.0,577.48
20260805_055550,2026-08-05T06:15:08.942571+00:00,amazon_usa,RAM,B0G13S4X96,"【DDR5 RAM】 GIGASTONE Game PRO 32GB (2x16GB) DDR5 6000MHz Desktop RAM – PC5-48000 Intel XMP 3.0 & AMD EXPO Compatible, 1.4V UDIMM 288-Pin Unbuffered Non-ECC High-Performance Gaming Memory (White)",1512.55,446.18,2026-08-05,0.0,0,https://www.amazon.com/%E3%80%90DDR5-GIGASTONE-2x16GB-6000MHz-Desktop/dp/B0G13S4X96,0.0,446.18
20260805_055550,2026-08-05T06:15:08.942571+00:00,amazon_usa,RAM,B0B17FSPTJ,A-Tech 32GB Kit (2x16GB) DDR5 4800MHz PC5-38400 CL40 UDIMM 1.1V Non-ECC Unbuffered DIMM 288-Pin Desktop PC/Computer RAM Memory Upgrade Modules,1455.87,429.46,2026-08-05,5.0,10,https://www.amazon.com/Tech-PC5-38400-288-Pin-Desktop-Modules/dp/B0B17FSPTJ,8.0,437.46
20260805_055550,2026-08-05T06:15:08.942571+00:00,amazon_usa,RAM,B0DXVDXYCB,TEAMGROUP T-Force Vulcan Alpha DDR5 Ram 32GB Kit (2x16GB) 6000MHz (PC5-48000) CL38 Desktop Memory Module Ram AMD Optimized Memory Red FLARD532G6000HC38JDC01,1682.66,496.36,2026-08-05,3.4,3,https://www.amazon.com/TEAMGROUP-T-Force-PC5-48000-Optimized-FLARD532G6000HC38JDC01/dp/B0DXVDXYCB,0.0,496.36
20260805_055550,2026-08-05T06:15:08.942571+00:00,amazon_usa,RAM,B0H6FZMZXV,"CORSAIR Vengeance RGB RS DDR5 32GB (2 x 16GB) Up to 5200MHz AMD Intel RAM | Desktop Gaming Memory, AMD EXPO & Intel XMP 3.0 Compatible, CL40, White, CMG32GX5M2B5200Z40W",1606.86,474.0,2026-08-05,0.0,0,https://www.amazon.com/CORSAIR-Vengeance-DDR5-5200MHz-Intel/dp/B0H6FZMZXV,0.0,474.0
20260805_055550,2026-08-05T06:15:08.942571+00:00,amazon_usa,RAM,B0G7PFF5N6,G.SKILL Flare X5 Series DDR5 RAM (AMD Expo) 16GB (2x8GB) 6000MT/s CL30-38-38-96 1.35V Desktop Computer Memory U-DIMM - Matte Black (F5-6000J3038F8GH2-FX5),889.37,262.35,2026-08-05,4.8,28,https://www.amazon.com/G-SKILL-6000MT-CL30-38-38-96-Desktop-Computer/dp/B0G7PFF5N6,0.0,262.35
20260805_055550,2026-08-05T06:15:08.942571+00:00,amazon_usa,RAM,B0CYM58GFS,Kingston FURY Beast RGB 32GB (2x16GB) 6000MT/s DDR5 CL30 Desktop Memory | AMD EXPO | Kit of 2 | KF560C30BBEAK2-32,2088.61,616.11,2026-08-05,4.7,296,https://www.amazon.com/Kingston-2x16GB-6000MT-Desktop-KF560C30BBEAK2-32/dp/B0CYM58GFS,0.0,616.11
20260805_055550,2026-08-05T06:15:08.942571+00:00,amazon_usa,RAM,B0DT8FQVXJ,"AGI UD858 TURBOJET RGB DDR5 6000MHz 32GB(2x16GB) CL30-40-40-96 1.35V, Intel XMP 3.0 and AMD EXPO Desktop Computer Memory - AGI6APC16UD858 | CL30 Latency, High Performance Gaming Desktop Memory. Compat",2155.97,635.98,2026-08-05,4.8,5,https://www.amazon.com/AGI-TURBOJET-6000MHz-288-Pin-Compatible/dp/B0DT8FQVXJ,0.0,635.98
20260805_055550,2026-08-05T06:15:08.942571+00:00,amazon_usa,RAM,B0DPJ8DNB3,CORSAIR Vengeance RGB DDR5 RAM 32GB (2x16GB) 6000MHz CL36-44-44-96 1.4V AMD Expo & Intel XMP Desktop Computer Memory - White (CMH32GX5M2E6000Z36W),1999.15,589.72,2026-08-05,4.8,190,https://www.amazon.com/CORSAIR-Vengeance-6000MHz-CL36-44-44-96-Computer/dp/B0DPJ8DNB3,8.0,597.72
20260805_055550,2026-08-05T06:15:08.942571+00:00,amazon_usa,RAM,B0BRTJ4Q94,Kingston FURY Impact 32GB (2x16GB) 5600MT/s DDR5 CL40 Laptop Memory Kit of 2 | Lower Power Consumption | Intel XMP 3.0 | Plug N Play | KF556S40IBK2-32,1578.99,465.78,2026-08-05,4.7,596,https://www.amazon.com/Kingston-Impact-2x16GB-Comsumption-KF556S40IBK2-32/dp/B0BRTJ4Q94,0.0,465.78
20260805_055550,2026-08-05T06:15:08.942571+00:00,amazon_usa,RAM,B09QS2K59B,G.SKILL Trident Z5 RGB Series DDR5 RAM (Intel XMP 3.0) 32GB (2x16GB) 6400MT/s CL32-39-39-102 1.40V Desktop Computer Memory U-DIMM - Matte Black (F5-6400J3239G16GA2-TZ5RK),1953.56,576.27,2026-08-05,4.7,1000,https://www.amazon.com/G-Skill-Trident-PC5-51200-CL32-39-39-102-F5-6400J3239G16GA2-TZ5RK/dp/B09QS2K59B,0.0,576.27
20260805_055550,2026-08-05T06:15:08.942571+00:00,amazon_usa,RAM,B0CTHXMYL8,"Crucial Pro 32GB DDR5 RAM Kit (2x16GB),CL36 6000MHz, Overclocking Desktop Gaming Memory, Intel XMP 3.0 & AMD Expo Compatible, Black - CP2K16G60C36U5B Global Recycled Standard",1819.11,536.61,2026-08-05,4.8,3700,https://www.amazon.com/Crucial-6000MHz-Overclocking-Desktop-Compatible/dp/B0CTHXMYL8,0.0,536.61
20260805_055550,2026-08-05T06:15:08.942571+00:00,amazon_usa,RAM,B0DTBW51XX,"PNY DDR5 32GB (2x16GB) 5600MHz CL46 Performance Notebook Memory Kit | PC5-44800, CL46, 1.1V, Notebook/Laptop RAM, Compatible: 5200MHz, 4800MHz - MN32GK2D55600-TB",1347.49,397.49,2026-08-05,4.8,31,https://www.amazon.com/PNY-Performance-2x16GB-5600MHz-PC5-44800/dp/B0DTBW51XX,0.0,397.49
20260805_055550,2026-08-05T06:15:08.942571+00:00,amazon_usa,RAM,B0CYHC58P6,Kingston FURY Beast 32GB (2x16GB) 6000MT/s DDR5 CL30 Desktop Memory | AMD EXPO | Kit of 2 | KF560C30BBEK2-32,2185.3,644.63,2026-08-05,4.8,309,https://www.amazon.com/Kingston-2x16GB-6000MT-Desktop-KF560C30BBEK2-32/dp/B0CYHC58P6,0.0,644.63
20260805_055550,2026-08-05T06:15:08.942571+00:00,amazon_usa,RAM,B0BRTJGQML,Kingston FURY Beast 32GB 6000MT/s DDR5 CL36 RGB Desktop Memory Single Module | Infrared Syncing | AMD EXPO | KF560C36BBEA-32,1957.08,577.31,2026-08-05,4.5,19,https://www.amazon.com/Kingston-Desktop-Infrared-Syncing-KF560C36BBEA-32/dp/B0BRTJGQML,0.0,577.31
20260805_055550,2026-08-05T06:15:08.942571+00:00,amazon_usa,RAM,B0BD5VH64R,Kingston FURY Beast RGB 32GB (2x16GB) 5600MT/s DDR5 CL36 Desktop Memory Kit of 2 | Infrared Sync Technology | AMD EXPO | KF556C36BBEAK2-32,1583.27,467.04,2026-08-05,4.6,232,https://www.amazon.com/Kingston-Technology-Desktop-Infrared-KF556C36BBEAK2-32/dp/B0BD5VH64R,8.0,475.04
20260805_055550,2026-08-05T06:15:08.942571+00:00,amazon_usa,RAM,B0DWK7WBSM,"DATO DDR5 SODIMM 32GB Kit 16GBx2 Laptop RAM 5600MHz PC5-44800 CL46 1.1V 262-Pin Non-ECC unbuffered dimm, Notebook Memory Module",1283.45,378.6,2026-08-05,4.8,12,https://www.amazon.com/DATO-5600MHz-PC5-44800-unbuffered-Notebook/dp/B0DWK7WBSM,0.0,378.6
20260805_055550,2026-08-05T06:15:08.942571+00:00,amazon_usa,RAM,B09YN1WDFF,Timetec 32GB KIT(2x16GB) DDR5 4800MHz PC5-38400 Unbuffered Non-ECC 1.1V CL40 1Rx8 Single Rank 262 Pin SODIMM Laptop Memory RAM Module Upgrade (32GB KIT(2x16GB)),1158.84,341.84,2026-08-05,4.0,38,https://www.amazon.com/Timetec-4800MHz-PC5-38400-Unbuffered-Non-ECC/dp/B09YN1WDFF,0.0,341.84
20260805_055550,2026-08-05T06:15:08.942571+00:00,amazon_usa,RAM,B0DF7DNVW7,"KingBank RGB Computer Desktop Memory Ram DDR5 32GB(2x16GB) 6000MT/s CL36 1.35V Overclocking XMP 3.0 & AMD Expo with Heatsink for PC Gaming/Office/PS,White",1785.41,526.67,2026-08-05,4.8,20,https://www.amazon.com/KingBank-Computer-Desktop-Memory-Heatsink/dp/B0DF7DNVW7,0.0,526.67
20260805_055550,2026-08-05T06:15:13.293465+00:00,amazon_usa,RAM,B0CF12W29G,Timetec 32GB KIT(2x16GB) DDR5 4800MHz PC5-38400 Unbuffered Non-ECC 1.1V CL40 1Rx8 Single Rank 262 Pin SODIMM Laptop Memory RAM Module Upgrade (32GB KIT(2x16GB)),1165.55,343.82,2026-08-05,4.5,28,https://www.amazon.com/Timetec-4800MHz-PC5-38400-Unbuffered-Non-ECC/dp/B0CF12W29G,0.0,343.82
20260805_055550,2026-08-05T06:15:13.293465+00:00,amazon_usa,RAM,B0DCGFZ97J,Kingston FURY Beast RGB 32GB (2x16GB) 6000MT/s DDR5 CL36 Desktop Memory | AMD EXPO | Kit of 2 | KF560C36BBE2AK2-32,1852.8,546.55,2026-08-05,4.6,67,https://www.amazon.com/Kingston-2x16GB-6000MT-Desktop-KF560C36BBE2AK2-32/dp/B0DCGFZ97J,0.0,546.55
20260805_055550,2026-08-05T06:15:13.293465+00:00,amazon_usa,RAM,B0B72827G5,Kingston FURY Renegade Silver 32GB (2x16GB) 6400MT/s DDR5 CL32 DIMM Desktop Memory (Kit of 2) | Intel XMP 3.0 | Overclocking Stability | KF564C32RSK2-32,1650.66,486.92,2026-08-05,4.6,154,https://www.amazon.com/Kingston-Renegade-Overclocking-Stability-KF564C32RSK2-32/dp/B0B72827G5,0.0,486.92
20260805_055550,2026-08-05T06:15:13.293465+00:00,amazon_usa,RAM,B0F8Q9KNKQ,TEAMGROUP T-Force Delta RGB DDR5 Ram 32GB (2x16GB) 6000MHz PC5-48000 CL28 Intel XMP 3.0 AMD Expo Compatible Desktop Memory Black FF3D532G6000HC28ADC01,2257.06,665.8,2026-08-05,4.3,3,https://www.amazon.com/TEAMGROUP-T-Force-PC5-48000-Compatible-FF3D532G6000HC28ADC01/dp/B0F8Q9KNKQ,0.0,665.8
20260805_055550,2026-08-05T06:15:13.293465+00:00,amazon_usa,RAM,B0DDBF9JFW,【DDR5 RAM】 GIGASTONE Game PRO 64GB Kit (4x16GB) DDR5 6000MHz PC5-48000 CL40-40-40-76 Intel XMP 3.0 AMD Expo 1.3v UDIMM 288 Pin Unbuffered Non ECC High Performance Gaming Desktop Memory – Black,2792.68,823.8,2026-08-05,0.0,0,https://www.amazon.com/GIGASTONE-PC5-48000-CL40-40-40-76-Unbuffered-Performance/dp/B0DDBF9JFW,0.0,823.8
20260805_055550,2026-08-05T06:15:13.293465+00:00,amazon_usa,RAM,B0B1GMD6SB,G.SKILL Ripjaws DDR5 SO-DIMM Series DDR5 RAM 32GB (2x16GB) 4800MT/s CL34-34-34-76 1.10V Unbuffered Non-ECC Notebook/Laptop Memory SO-DIMM (F5-4800S3434A16GA2-RS),1627.06,479.96,2026-08-05,4.7,199,https://www.amazon.com/G-Skill-RipJaws-SO-DIMM-CL34-34-34-76-F5-4800S3434A16GA2-RS/dp/B0B1GMD6SB,0.0,479.96
20260805_055550,2026-08-05T06:15:13.293465+00:00,amazon_usa,RAM,B0D5QPYDQ7,【RGB DDR5 RAM】 GIGASTONE Game Turbo 32GB Kit (2x16GB) DDR5 6000MHz PC5-48000 CL40-40-40-76 Intel XMP 3.0 AMD Expo 1.3V UDIMM 288 Pin Unbuffered Non ECC High Performance Gaming Desktop Memory - Black,1681.0,495.87,2026-08-05,0.0,0,https://www.amazon.com/GIGASTONE-PC5-48000-CL40-40-40-76-Unbuffered-Performance/dp/B0D5QPYDQ7,0.0,495.87
20260805_055550,2026-08-05T06:15:13.293465+00:00,amazon_usa,RAM,B09S2QLBWC,"Crucial 64GB DDR5 RAM Kit (2x32GB), 4800MHz CL40 Laptop Memory - SODIMM 262-Pin - Compatible with 12th Intel Core - CT2K32G48C40S5",2695.02,794.99,2026-08-05,4.7,7300,https://www.amazon.com/Crucial-2x32GB-4800MHz-Laptop-CT2K32G48C40S5/dp/B09S2QLBWC,0.0,794.99
20260805_055550,2026-08-05T06:15:13.293465+00:00,amazon_usa,RAM,B0D5QGVS8J,【DDR5 RAM】 GIGASTONE Game PRO 32GB Kit (2x16GB) DDR5 6000MHz PC5-48000 CL40-40-40-76 Intel XMP 3.0 AMD Expo 1.3V UDIMM 288 Pin Unbuffered Non ECC High Performance Gaming Desktop Memory - White,1647.3,485.93,2026-08-05,0.0,0,https://www.amazon.com/GIGASTONE-PC5-48000-CL40-40-40-76-Unbuffered-Performance/dp/B0D5QGVS8J,0.0,485.93
20260805_055550,2026-08-05T06:15:13.293465+00:00,amazon_usa,RAM,B0DPR9VBWN,Patriot Viper Elite 5 DDR5 RAM 16GB (1X16GB) 6000MT/s CL30 Desktop Memory | Voltage: 1.35v; Supports Intel XMP and AMD EXPO; Module type: UDIMM.,734.34,216.62,2026-08-05,4.2,57,https://www.amazon.com/Patriot-1X16GB-Desktop-Memory-Compatible/dp/B0DPR9VBWN,8.0,224.62
20260805_055550,2026-08-05T06:15:13.293465+00:00,amazon_usa,RAM,B0FDGCXCY1,Crucial NTB 32GB 6400MHz Ddr5 Csodımm Ct32g64c52cs5 Laptop RAM Memory,1617.0,476.99,2026-08-05,5.0,3,https://www.amazon.com/Crucial-6400MHz-Csod%C4%B1mm-Ct32g64c52cs5-Laptop/dp/B0FDGCXCY1,0.0,476.99
20260805_055550,2026-08-05T06:15:13.293465+00:00,amazon_usa,RAM,B0B1QQHL42,Kingston FURY Beast RGB 32GB 5600MT/s DDR5 CL40 DIMM Desktop Memory (Kit of 2) | Intel XMP 3.0 | Infrared Sync Technology | Overclocking Stability | KF556C40BBAK2-32,1931.62,569.8,2026-08-05,4.5,138,https://www.amazon.com/Kingston-Technology-Overclocking-Stability-KF556C40BBAK2-32/dp/B0B1QQHL42,0.0,569.8
20260805_055550,2026-08-05T06:15:13.293465+00:00,amazon_usa,RAM,B0D2P1CVQD,"CORSAIR Vengeance DDR5 16GB (2 x 8GB) Up to 5200MHz AMD Intel RAM | Desktop Gaming Memory, AMD EXPO & Intel XMP 3.0 Compatible, CL40, Grey, CMK16GX5M2B5200Z40",825.33,243.46,2026-08-05,4.4,127,https://www.amazon.com/CORSAIR-Vengeance-5200MHz-Compatible-Computer/dp/B0D2P1CVQD,0.0,243.46
20260805_055550,2026-08-05T06:15:13.293465+00:00,amazon_usa,RAM,B0B72BM63Q,Kingston FURY Renegade RGB 32GB (2x16GB) 6400MT/s DDR5 CL32 DIMM Desktop Memory (Kit of 2) | Intel XMP 3.0 | Overclocking Stability | KF564C32RSAK2-32,1946.44,574.17,2026-08-05,4.6,246,https://www.amazon.com/Kingston-Technology-Overclocking-Stability-KF564C32RSAK2-32/dp/B0B72BM63Q,0.0,574.17
20260805_055550,2026-08-05T06:15:18.171383+00:00,amazon_usa,RAM,B0BLW12GZ3,MEM 2 * 16G|GSK F5-6000J3238F16GX2-FX5,2580.13,761.1,2026-08-05,5.0,17,https://www.amazon.com/MEM-2-16G-GSK-F5-6000J3238F16GX2-FX5/dp/B0BLW12GZ3,8.0,769.1
20260805_055550,2026-08-05T06:15:18.171383+00:00,amazon_usa,RAM,B0B1QP3FKQ,Kingston Fury Beast RGB 32GB 5200MT/s DDR5 CL40 DIMM Desktop Memory (Kit of 2) | Intel XMP 3.0 | Infrared Sync Technology | Overclocking Stability | KF552C40BBAK2-32,1548.76,456.86,2026-08-05,4.5,239,https://www.amazon.com/Kingston-Technology-Overclocking-Stability-KF552C40BBAK2-32/dp/B0B1QP3FKQ,0.0,456.86
20260805_055550,2026-08-05T06:15:18.171383+00:00,amazon_usa,RAM,B0G2N2FDHY,Samsung 32GB DDR5 5600MHz PC5-44800 SODIMM 2Rx8 Dual Rank CL46 1.1v 262pin Non-ECC M425R4GA3BB0-CWM Laptop Notebook RAM Memory Upgrade,1649.03,486.44,2026-08-05,5.0,1,https://www.amazon.com/Samsung-5600MHz-PC5-44800-M425R4GA3BB0-CWM-Notebook/dp/B0G2N2FDHY,0.0,486.44
20260805_055550,2026-08-05T06:15:18.171383+00:00,amazon_usa,RAM,B0D7VPQTJR,24GB DDR5 RAM 5600MHz PC5-44800 CL46 UDIMM 1.1V 288 Pin Compatible Desktop Computer Upgrade Memory Module RAM,1121.82,330.92,2026-08-05,0.0,0,https://www.amazon.com/ByteFest-5600MHz-PC5-44800-Compatible-Computer/dp/B0D7VPQTJR,0.0,330.92
20260805_055550,2026-08-05T06:15:18.171383+00:00,amazon_usa,RAM,B0GWDLDNZZ,"ANACOMDA DDR5 RGB Gaming DRAM 32GB (2x16GB) 6000MHz CL36, Intel XMP 3.0 & AMD EXPO Ready, Overclocking Desktop Memory with Heatsink, 288-Pin UDIMM, G5 Series, Made in Taiwan",1445.16,426.3,2026-08-05,0.0,0,https://www.amazon.com/ANACOMDA-6000MHz-Overclocking-Desktop-Heatsink/dp/B0GWDLDNZZ,0.0,426.3
20260805_055550,2026-08-05T06:15:18.171383+00:00,amazon_usa,RAM,B0G485RVXZ,"【DDR5 RAM】 GIGASTONE Game PRO 32GB (2x16GB) DDR5 6000MHz Desktop RAM – PC5-48000 Intel XMP 3.0 & AMD Expo Compatible, 1.4V UDIMM 288-Pin Unbuffered Non-ECC High-Performance Gaming Memory (Black)",1782.06,525.68,2026-08-05,0.0,0,https://www.amazon.com/%E3%80%90DDR5-GIGASTONE-2x16GB-6000MHz-Desktop/dp/B0G485RVXZ,0.0,525.68
20260805_055550,2026-08-05T06:15:18.171383+00:00,amazon_usa,RAM,B0D5QRLDHK,【RGB DDR5 RAM】 GIGASTONE Game Turbo 32GB Kit (2x16GB) DDR5 6000MHz PC5-48000 CL40-40-40-76 Intel XMP 3.0 AMD Expo 1.3V UDIMM 288 Pin Unbuffered Non ECC High Performance Gaming Desktop Memory - White,1775.31,523.69,2026-08-05,0.0,0,https://www.amazon.com/GIGASTONE-PC5-48000-CL40-40-40-76-Unbuffered-Performance/dp/B0D5QRLDHK,0.0,523.69
20260805_055550,2026-08-05T06:15:18.171383+00:00,amazon_usa,RAM,B0D5QK4P3Z,【DDR5 RAM】 GIGASTONE Game PRO 32GB Kit (2x16GB) DDR5 6000MHz PC5-48000 CL40-40-40-76 Intel XMP 3.0 AMD Expo 1.3V UDIMM 288 Pin Unbuffered Non ECC High Performance Gaming Desktop Memory - Black,1681.0,495.87,2026-08-05,0.0,0,https://www.amazon.com/GIGASTONE-PC5-48000-CL40-40-40-76-Unbuffered-Performance/dp/B0D5QK4P3Z,0.0,495.87
20260805_055550,2026-08-05T06:15:18.171383+00:00,amazon_usa,RAM,B0GFDSPVWG,"KingBank RGB Computer Desktop Memory Ram Hynix M-die DDR5 32GB(2x16GB) 6400MT/s CL32 1.4V with Heatsink for Desktop Computer Gaming/Office/PS,Black",1852.8,546.55,2026-08-05,4.7,34,https://www.amazon.com/KingBank-Computer-Desktop-Memory-Heatsink/dp/B0GFDSPVWG,0.0,546.55
20260805_055550,2026-08-05T06:15:18.171383+00:00,amazon_usa,RAM,B0DN6VK4KJ,KLEVV FIT V 32GB (2X 16GB) DDR5 Gaming RAM 6000MT/s PC5-48000 Unbuffered Non-ECC 1.35V CL32 Memory Module Kit,1347.49,397.49,2026-08-05,4.6,11,https://www.amazon.com/KLEVV-Gaming-PC5-48000-Unbuffered-Non-ECC/dp/B0DN6VK4KJ,0.0,397.49
20260805_055550,2026-08-05T06:15:18.171383+00:00,amazon_usa,RAM,B0GZLX5Z2G,"Lexar RGB DDR5 RAM 32GB Set (2x16GB) 6000MHz CL38, 288-Pin UDIMM Desktop Memory for Intel XMP 3.0 / AMD EXPO, PC Computer DRAM for Gaming, AI, 1.35V, Black",2506.13,739.27,2026-08-05,0.0,0,https://www.amazon.com/Lexar-6000MHz-288-Pin-Desktop-Computer/dp/B0GZLX5Z2G,8.0,747.27
20260805_055550,2026-08-05T06:15:18.171383+00:00,amazon_usa,RAM,B0BZJKC2NJ,Kingston FURY Renegade White RGB 32GB (2x16GB) 6400MT/s CL32 DDR5 DIMM | Infrared Syncing | FURY CTRL Software | Overclocking | Intel XMP 3.0 | Kit of 2 | KF564C32RWAK2-32,1952.81,576.05,2026-08-05,4.4,16,https://www.amazon.com/Kingston-Technology-Renegade-Overclocking-KF564C32RWAK2-32/dp/B0BZJKC2NJ,0.0,576.05
20260805_055550,2026-08-05T06:15:18.171383+00:00,amazon_usa,RAM,B0FDL768Q6,Patriot Viper Elite 5 Ultra RGB DDR5 RAM 32GB (2X16GB) 6400MT/s CL32 Memory | Voltage: 1.4v; Supports Intel XMP and AMD EXPO; Module type: UDIMM.,2122.31,626.05,2026-08-05,4.5,2,https://www.amazon.com/Patriot-Gaming-Desktop-Memory-Compatible/dp/B0FDL768Q6,0.0,626.05
20260805_055550,2026-08-05T06:15:18.171383+00:00,amazon_usa,RAM,B0CYHBTSHF,Kingston Fury Beast White 32GB 6000MT/s DDR5 CL30 DIMM (Kit of 2) Desktop Gaming Memory - KF560C30BWEK2-32,2573.28,759.08,2026-08-05,3.9,4,https://www.amazon.com/Kingston-6000MT-Desktop-Gaming-Memory/dp/B0CYHBTSHF,8.0,767.08
20260805_055550,2026-08-05T06:15:18.171383+00:00,amazon_usa,RAM,B0GZLYLZB3,"Lexar OC DDR5 RAM 32GB Kit (2x16GB) 6000 MHz CL38, 288-Pin UDIMM Desktop Memory for Intel XMP 3.0/AMD EXPO, PC Computer DRAM for Gaming, AI, 1.35V, Black",2479.99,731.56,2026-08-05,0.0,0,https://www.amazon.com/Lexar-2x16GB-288-Pin-Desktop-Computer/dp/B0GZLYLZB3,8.0,739.56
20260805_055550,2026-08-05T06:15:28.546111+00:00,amazon_usa,RAM,B0CYM412PY,Kingston FURY Beast RGB 64GB (2x32GB) 6400MT/s DDR5 CL32 Desktop Memory | AMD EXPO | Kit of 2 | KF564C32BBEAK2-64,4093.59,1207.55,2026-08-05,4.7,97,https://www.amazon.com/Kingston-2x32GB-6400MT-Desktop-KF564C32BBEAK2-64/dp/B0CYM412PY,0.0,1207.55
20260805_055550,2026-08-05T06:15:28.546111+00:00,amazon_usa,RAM,B0F945WT8N,"CORSAIR Vengeance DDR5 64GB (2 x 32GB) Up to 6400MHz Intel RAM | Desktop Gaming Memory, Intel XMP 3.0 Compatible, CL42, Black, CMK64GX5M2B6400C42",3390.51,1000.15,2026-08-05,4.8,16,https://www.amazon.com/CORSAIR-Vengeance-6400MHz-CL42-52-52-104-Computer/dp/B0F945WT8N,8.0,1008.15
20260805_055550,2026-08-05T06:15:28.546111+00:00,amazon_usa,RAM,B0CRSZCQNH,"Acer Predator Pallas II DDR5 RAM 64GB (32GBx2) 6000MHz CL30 PC5-51200 Intel XMP 3.0 AMD EXPO Compatible Computer Memory, Black - BL.9BWWR.437",2930.82,864.55,2026-08-05,4.3,54,https://www.amazon.com/Predator-6000MHz-PC5-48000-Compatible-Computer/dp/B0CRSZCQNH,0.0,864.55
20260805_055550,2026-08-05T06:15:28.546111+00:00,amazon_usa,RAM,B0H5YG3FHG,"A-Tech 64GB Kit (2x32GB) DDR5 6400MHz PC5-51200 (PC5-6400B) CL52 CSODIMM Non-ECC RAM Memory Upgrade Modules for Laptop, Notebook Computers",3399.09,1002.68,2026-08-05,0.0,0,https://www.amazon.com/Tech-PC5-51200-PC5-6400B-Notebook-Computers/dp/B0H5YG3FHG,8.0,1010.68
20260805_055550,2026-08-05T06:15:28.546111+00:00,amazon_usa,RAM,B0DDC5LKQC,【DDR5 RAM】 GIGASTONE Game PRO 64GB Kit (2x32GB) DDR5 6400MHz PC5-51200 CL40-40-40-84 Intel XMP 3.0 AMD Expo 1.35v UDIMM 288 Pin Unbuffered Non ECC High Performance Gaming Desktop Memory – White,2994.83,883.43,2026-08-05,5.0,2,https://www.amazon.com/GIGASTONE-PC5-51200-CL40-40-40-84-Unbuffered-Performance/dp/B0DDC5LKQC,0.0,883.43
20260805_055550,2026-08-05T06:15:28.546111+00:00,amazon_usa,RAM,B0C6MFF8F5,TEAMGROUP T-Create Expert Overclocking 10L DDR5 64GB Kit (2 x 32GB) 6400MHz (PC5-51200) CL34 Desktop Memory Module Ram White - CTCWD564G6400HC34BDC01,3705.64,1093.11,2026-08-05,4.6,25,https://www.amazon.com/TEAMGROUP-T-Create-Overclocking-6400MHz-PC5-51200/dp/B0C6MFF8F5,0.0,1093.11
20260805_055550,2026-08-05T06:15:28.546111+00:00,amazon_usa,RAM,B0DY79LV3C,TEAMGROUP T-Create Expert Overclocking 10L CL40 DDR5 64GB Kit (2 x 32GB) 6400MHz (PC5-51200) Intel XMP 3.0 & AMD Expo Compatible Desktop Memory Module Ram White - CTCWD564G6400HC40BDC01,3587.74,1058.33,2026-08-05,5.0,6,https://www.amazon.com/TEAMGROUP-T-Create-Overclocking-PC5-51200-Compatible/dp/B0DY79LV3C,0.0,1058.33
20260805_055550,2026-08-05T06:15:28.546111+00:00,amazon_usa,RAM,B0CQ3PG5D4,A-Tech 64GB Kit (2x32GB) DDR5 5600MHz PC5-44800 CL46 SODIMM 2Rx8 Dual Rank 1.1V Non-ECC Unbuffered SO-DIMM 262-Pin Laptop Computer RAM Memory Upgrade Modules,3031.85,894.35,2026-08-05,4.6,356,https://www.amazon.com/Tech-5600MHz-PC5-44800-Non-ECC-Unbuffered/dp/B0CQ3PG5D4,0.0,894.35
20260805_055550,2026-08-05T06:15:28.546111+00:00,amazon_usa,RAM,B0FGJCBL79,TEAMGROUP T-Create Expert Overclocking 10L CL42 DDR5 128GB Kit (2 x 64GB) 6400MHz (PC5-51200) Intel XMP 3.0 & AMD Expo Compatible Desktop Memory Module Ram Black - CTCED5128G6400HC42CDC01,6804.92,2007.35,2026-08-05,3.3,3,https://www.amazon.com/TEAMGROUP-T-Create-Overclocking-PC5-51200-Compatible/dp/B0FGJCBL79,0.0,2007.35
20260805_055550,2026-08-05T06:15:28.546111+00:00,amazon_usa,RAM,B0BNTXVW8V,TEAMGROUP T-Force Delta RGB DDR5 Ram 64GB (2x32GB) 6000MHz CL38 Intel XMP 3.0 & AMD Expo Compatible Desktop Memory Module White FF4D564G6000HC38ADC01,3335.08,983.8,2026-08-05,4.5,349,https://www.amazon.com/TEAMGROUP-T-Force-6000MHz-Compatible-FF4D564G6000HC38ADC01/dp/B0BNTXVW8V,0.0,983.8
20260805_055550,2026-08-05T06:15:28.546111+00:00,amazon_usa,RAM,B0BRTJT5P2,Kingston FURY Impact 64GB (2x32GB) 5600MT/s DDR5 CL40 Laptop Memory Kit of 2 | Lower Power Comsumption | Intel XMP 3.0 | Plug N Play | KF556S40IBK2-64,3874.06,1142.79,2026-08-05,4.7,538,https://www.amazon.com/Kingston-Impact-2x32GB-Comsumption-KF556S40IBK2-64/dp/B0BRTJT5P2,0.0,1142.79
20260805_055550,2026-08-05T06:15:28.546111+00:00,amazon_usa,RAM,B0DY79L8PH,TEAMGROUP T-Create Expert Overclocking 10L CL40 DDR5 64GB Kit (2 x 32GB) 6400MHz (PC5-51200) Intel XMP 3.0 & AMD Expo Compatible Desktop Memory Module Ram Black - CTCED564G6400HC40BDC01,3587.74,1058.33,2026-08-05,4.6,3,https://www.amazon.com/TEAMGROUP-T-Create-Overclocking-PC5-51200-Compatible/dp/B0DY79L8PH,0.0,1058.33
20260805_055550,2026-08-05T06:15:28.546111+00:00,amazon_usa,RAM,B0DDBVQ8DY,【DDR5 RAM】 GIGASTONE Game PRO 64GB Kit (4x16GB) DDR5 6400MHz PC5-51200 CL40-40-40-84 Intel XMP 3.0 AMD Expo 1.35v UDIMM 288 Pin Unbuffered Non ECC High Performance Gaming Desktop Memory – Black,3129.58,923.18,2026-08-05,0.0,0,https://www.amazon.com/GIGASTONE-PC5-51200-CL40-40-40-84-Unbuffered-Performance/dp/B0DDBVQ8DY,0.0,923.18
20260805_055550,2026-08-05T06:15:28.546111+00:00,amazon_usa,RAM,B0DY796QYN,TEAMGROUP T-Force Delta Alpha RGB DDR5 Ram 64GB Kit (2x32GB) 6000MHz (PC5-48000) CL38 Intel XMP 3.0 & AMD Expo Compatible Desktop Memory Module Ram White FF8D564G6000HC38JDC01,3333.39,983.3,2026-08-05,4.5,18,https://www.amazon.com/TEAMGROUP-T-Force-PC5-48000-Compatible-FF8D564G6000HC38JDC01/dp/B0DY796QYN,0.0,983.3
20260805_055550,2026-08-05T06:15:28.546111+00:00,amazon_usa,RAM,B0DPHM8BKH,TEAMGROUP T-Force Vulcan DDR5 64GB (2x32GB) 6400MHz (PC5-51200) CL34 Desktop Memory Module Ram for 600 700 Series Chipset XMP 3.0 Red FLRD564G6400HC34EDC01,3537.19,1043.42,2026-08-05,1.0,1,https://www.amazon.com/TEAMGROUP-T-Force-6400MHz-PC5-51200-FLRD564G6400HC34EDC01/dp/B0DPHM8BKH,0.0,1043.42
20260805_055550,2026-08-05T06:15:28.546111+00:00,amazon_usa,RAM,B0B17FVXQQ,A-Tech 64GB Kit (2x32GB) DDR5 4800MHz PC5-38400 CL40 UDIMM 2Rx8 Dual Rank 1.1V Non-ECC Unbuffered DIMM 288-Pin Desktop PC/Computer RAM Memory Upgrade Modules,2911.77,858.93,2026-08-05,4.9,10,https://www.amazon.com/Tech-PC5-38400-288-Pin-Desktop-Modules/dp/B0B17FVXQQ,8.0,866.93
20260805_055550,2026-08-05T06:15:28.546111+00:00,amazon_usa,RAM,B0DJR576SY,【RGB DDR5 RAM】 GIGASTONE Game Turbo 64GB Kit (4x16GB) DDR5 6400MHz PC5-51200 CL40-40-40-84 Intel XMP 3.0 AMD Expo 1.35V UDIMM 288 Pin Unbuffered Non ECC High Performance Gaming Desktop Memory - White,3365.39,992.74,2026-08-05,0.0,0,https://www.amazon.com/GIGASTONE-PC5-51200-CL40-40-40-84-Unbuffered-Performance/dp/B0DJR576SY,8.0,1000.74
20260805_055550,2026-08-05T06:15:28.546111+00:00,amazon_usa,RAM,B0DYR9JXRH,A-Tech 64GB DDR5 6400MHz PC5-51200 ECC RDIMM 2Rx4 (EC8 10x4) Dual Rank 1.1V ECC Registered DIMM 288-Pin Server RAM Memory Upgrade Module (A-Tech Enterprise Series),8489.88,2504.39,2026-08-05,0.0,0,https://www.amazon.com/Tech-6400MHz-PC5-51200-Registered-Enterprise/dp/B0DYR9JXRH,8.0,2512.39
20260805_055550,2026-08-05T06:15:28.546111+00:00,amazon_usa,RAM,B0DN43PTB9,G.SKILL Flare X5 Series DDR5 RAM (AMD EXPO & Intel XMP 3.0) 64GB (2x32GB) 6000MT/s CL36-36-36-96 1.35V Desktop Computer Memory U-DIMM - Matte White (F5-6000J3636F32GX2-FX5W),3200.33,944.05,2026-08-05,4.5,133,https://www.amazon.com/G-SKILL-6000MT-CL36-36-36-96-Desktop-Computer/dp/B0DN43PTB9,0.0,944.05
20260805_055550,2026-08-05T06:15:32.598455+00:00,amazon_usa,RAM,B0FCLJKBBN,"EZDIY-FAB PCIE 5.0 Riser Cable, Ultra-Flexible 128GB/s Bandwidth GPU Extension, Vertical GPU Mount for RTX 5090 4090 & RX 9000, Backwards Compatible PCIE 4.0/3.0,Right Angle-20cm,White",202.11,59.62,2026-08-05,4.6,22,,0.0,59.62
20260805_055550,2026-08-05T06:15:32.598455+00:00,amazon_usa,RAM,B0GV45PNR8,"upHere 10-Port ARGB PWM Fan Hub Controller - Magnetic Installation PC Case Fan Splitter with SATA Power, 5V 3-Pin RGB LED Support for PC Case Cooling & Lighting Customization Black P13PARGB BK",47.12,13.9,2026-08-05,4.8,13,,8.0,21.9
20260805_055550,2026-08-05T06:15:32.598455+00:00,amazon_usa,RAM,B0DJM8VS4X,【RGB DDR5 RAM】 GIGASTONE Game Turbo 64GB Kit (4x16GB) DDR5 6400MHz PC5-51200 CL40-40-40-84 Intel XMP 3.0 AMD Expo 1.35V UDIMM 288 Pin Unbuffered Non ECC High Performance Gaming Desktop Memory - Black,3533.84,1042.43,2026-08-05,0.0,0,https://www.amazon.com/GIGASTONE-PC5-51200-CL40-40-40-84-Unbuffered-Performance/dp/B0DJM8VS4X,0.0,1042.43
20260805_055550,2026-08-05T06:15:32.598455+00:00,amazon_usa,RAM,B0B39C6GV3,CORSAIR DOMINATOR PLATINUM RGB DDR5 RAM 64GB (2x32GB) 5600MHz CL40 Intel XMP iCUE Compatible Computer Memory - White (CMT64GX5M2B5600C40W),2829.73,834.73,2026-08-05,4.7,177,https://www.amazon.com/CORSAIR-DOMINATOR-PLATINUM-Compatible-Computer/dp/B0B39C6GV3,0.0,834.73
20260805_055550,2026-08-05T06:15:32.598455+00:00,amazon_usa,RAM,B0DSR14511,"Crucial Pro DDR5 RAM 64GB Kit (2x32GB) 6400MHz CL40, Overclocking Desktop Gaming Memory, Intel XMP 3.0 & AMD Expo Compatible – Black CP2K32G64C40U5B",3298.03,972.87,2026-08-05,4.5,308,https://www.amazon.com/Crucial-6400MHz-Overclocking-Desktop-Compatible/dp/B0DSR14511,8.0,980.87
20260805_055550,2026-08-05T06:15:32.598455+00:00,amazon_usa,RAM,B0BTD32168,CORSAIR VENGEANCE RGB DDR5 RAM 64GB (2x32GB) 5200MHz CL40 Intel XMP iCUE Compatible Computer Memory - White (CMH64GX5M2B5200C40W),3192.23,941.66,2026-08-05,4.6,147,https://www.amazon.com/CORSAIR-VENGEANCE-5200MHz-Compatible-Computer/dp/B0BTD32168,0.0,941.66
20260805_055550,2026-08-05T06:15:32.598455+00:00,amazon_usa,RAM,B0C3J1GC17,Kingston FURY Impact 32GB (2x16GB) 6400MT/s CL38 DDR5 SODIMM | Intel XMP 3.0 | Plug N Play | Laptop Memory | Kit of 2 | KF564S38IBK2-32,2223.37,655.86,2026-08-05,4.3,95,https://www.amazon.com/Kingston-Technology-Impact-2x16GB-KF564S38IBK2-32/dp/B0C3J1GC17,0.0,655.86
20260805_055550,2026-08-05T06:15:32.598455+00:00,amazon_usa,RAM,B0DJR41GB2,【RGB DDR5 RAM】 GIGASTONE Game Turbo 32GB Kit (2x16GB) DDR5 6400MHz PC5-51200 CL40-40-40-84 Intel XMP 3.0 AMD Expo 1.35V UDIMM 288 Pin Unbuffered Non ECC High Performance Gaming Desktop Memory - Black,1681.0,495.87,2026-08-05,0.0,0,https://www.amazon.com/GIGASTONE-PC5-51200-CL40-40-40-84-Unbuffered-Performance/dp/B0DJR41GB2,0.0,495.87
20260805_055550,2026-08-05T06:15:32.598455+00:00,amazon_usa,RAM,B0F2NTK2SW,NEMIX RAM 64GB (1X64GB) DDR5 6400MHZ PC5-51200 CL52 2Rx4 1.1V 288-PIN ECC RDIMM Registered Server Memory Compatible with Dell SNPN66RPC/64G AD089130,8758.81,2583.72,2026-08-05,0.0,0,https://www.amazon.com/NEMIX-RAM-PC5-51200-Registered-Compatible/dp/B0F2NTK2SW,8.0,2591.72
20260805_055550,2026-08-05T06:15:32.598455+00:00,amazon_usa,RAM,B0DWK81NHT,"DATO DDR5 SODIMM 64GB Kit 32GBx2 Laptop RAM 5600MHz PC5-44800 CL46 1.1V 262-Pin Non-ECC unbuffered dimm, Notebook Memory Module",2728.68,804.92,2026-08-05,3.7,14,https://www.amazon.com/DATO-5600MHz-PC5-44800-unbuffered-Notebook/dp/B0DWK81NHT,0.0,804.92
20260805_055550,2026-08-05T06:15:32.598455+00:00,amazon_usa,RAM,B0CLDJ4NT6,TEAMGROUP T-Create Master Overclocking DDR5 R-DIMM 64GB Kit (4 x 16GB) 6000MHz (PC5-48000) CL32 Hynix A-DIE Workstation Memory Module Ram Black - CTCMD564G6000HC32AQC01,6771.22,1997.41,2026-08-05,5.0,2,https://www.amazon.com/TEAMGROUP-T-Create-Overclocking-PC5-48000-Workstation/dp/B0CLDJ4NT6,0.0,1997.41
20260805_055550,2026-08-05T06:15:32.598455+00:00,amazon_usa,RAM,B0DY8THSQQ,NEMIX RAM 64GB (2X32GB) DDR5 6400MHz PC5-51200 CL52 2Rx8 1.1V 288-PIN ECC RDIMM Registered Server Memory KIT,10015.38,2954.39,2026-08-05,0.0,0,https://www.amazon.com/NEMIX-RAM-6400MHZ-PC5-51200-Registered/dp/B0DY8THSQQ,8.0,2962.39
20260805_055550,2026-08-05T06:15:32.598455+00:00,amazon_usa,RAM,B0BJNKNX6M,G.Skill Flare X5 F5-5600J3636D32GX2-FX5 Module de mémoire 64 Go 2 x 32 Go DDR5 5600 MHz,3597.84,1061.31,2026-08-05,4.7,51,https://www.amazon.com/G-Skill-288-Pin-CL36-36-36-89-Channel-F5-5600J3636D32GX2-FX5/dp/B0BJNKNX6M,8.0,1069.31
20260805_055550,2026-08-05T06:15:32.598455+00:00,amazon_usa,RAM,B0B1QPLJT1,Kingston FURY Beast RGB 64GB 5600MT/s DDR5 CL40 DIMM Desktop Memory (Kit of 2) | Intel XMP 3.0 | Infrared Sync Technology | Overclocking Stability | KF556C40BBAK2-64,3907.75,1152.73,2026-08-05,4.4,166,https://www.amazon.com/Kingston-Technology-Overclocking-Stability-KF556C40BBAK2-64/dp/B0B1QPLJT1,0.0,1152.73
20260805_055550,2026-08-05T06:15:32.598455+00:00,amazon_usa,RAM,B0F9GTYWY2,NEMIX RAM 16GB (1X16GB) DDR5 6400MHz PC5-51200 CL52 1Rx8 1.1V 288-PIN ECC RDIMM Compatible with Lenovo 4X77A93525 Registered Server Memory,2021.25,596.24,2026-08-05,0.0,0,https://www.amazon.com/NEMIX-RAM-Compatible-4X77A93525-Registered/dp/B0F9GTYWY2,8.0,604.24
20260805_055550,2026-08-05T06:15:32.598455+00:00,amazon_usa,RAM,B0DFPMS4FD,"MXZ Gaming PC Computer R5 3600, RTX 4060, 16G DDR4, NVME 500G, A520,6RGB Fans,Win 11 Pro Ready to use, Gamer Desktop Computer(R5 3600| RTX 4060)",3028.56,893.38,2026-08-05,4.1,47,,8.0,901.38
20260805_055550,2026-08-05T06:15:32.598455+00:00,amazon_usa,RAM,B0F9NMXNFN,"BIWIN Black Opal X570 Gen5 SSD 4TB, M.2 2280 PCIe 5.0 NVMe 2.0, Up to 14500 MB/s, Directstorage Compatible Internal PC Solid State Drive for Laptop, Desktop - BX570NN04TB-RGX",2189.67,645.92,2026-08-05,4.4,85,,0.0,645.92
20260805_055550,2026-08-05T06:15:36.817778+00:00,amazon_usa,RAM,B0DXV9KHCC,TEAMGROUP T-Force Vulcan Alpha DDR5 Ram 64GB Kit (2x32GB) 6000MHz (PC5-48000) CL38 Desktop Memory Module Ram AMD Optimized Memory Red FLARD564G6000HC38JDC01,3232.33,953.49,2026-08-05,4.7,5,https://www.amazon.com/TEAMGROUP-T-Force-PC5-48000-Optimized-FLARD564G6000HC38JDC01/dp/B0DXV9KHCC,0.0,953.49
20260805_055550,2026-08-05T06:15:36.817778+00:00,amazon_usa,RAM,B0FNRJV6FS,Corsair Vengeance DDR5 RAM 64GB (2x32GB) 6000MHz CL40-50-50-96 1.35V Intel XMP 3.0 Computer Memory – Black (CMK64GX5M2D6000C40),3757.2,1108.32,2026-08-05,3.5,10,https://www.amazon.com/Corsair-Vengeance-6000MHz-CL40-50-50-96-Computer/dp/B0FNRJV6FS,8.0,1116.32
20260805_055550,2026-08-05T06:15:36.817778+00:00,amazon_usa,RAM,B0G2TMTNJK,Biwin Black Opal DW100 DDR5 RGB RAM 48GB (24GBx2) 6000MHz CL28 Computer Memory Intel XMP 3.0 AMD Expo Compatible- Black - DW100-48GB-6000-1R8-D28FB,2054.92,606.17,2026-08-05,4.6,20,https://www.amazon.com/24GBx2-6000MHz-Computer-Compatible-DW100-48GB-6000-1R8-D28FB/dp/B0G2TMTNJK,0.0,606.17
20260805_055550,2026-08-05T06:15:36.817778+00:00,amazon_usa,RAM,B0C29W4G29,"Crucial Pro 64GB DDR4 RAM Kit (2x32GB), 3200MHz (or 3000MHz or 2666MHz) Desktop Memory, Compatible with Intel and AMD Ryzen - CP2K32G4DFRA32A",1835.96,541.58,2026-08-05,4.7,1800,https://www.amazon.com/Crucial-3200MT-3000MT-Desktop-CP2K32G4DFRA32A/dp/B0C29W4G29,0.0,541.58
20260805_055550,2026-08-05T06:15:36.817778+00:00,amazon_usa,RAM,B0DDC1QMHC,【DDR5 RAM】 GIGASTONE Game PRO 64GB Kit (2x32GB) DDR5 6400MHz PC5-51200 CL40-40-40-84 Intel XMP 3.0 AMD Expo 1.35v UDIMM 288 Pin Unbuffered Non ECC High Performance Gaming Desktop Memory – Black,3331.69,982.8,2026-08-05,1.0,1,https://www.amazon.com/GIGASTONE-PC5-51200-CL40-40-40-84-Unbuffered-Performance/dp/B0DDC1QMHC,0.0,982.8
20260805_055550,2026-08-05T06:15:36.817778+00:00,amazon_usa,RAM,B0DYRV5YS4,A-Tech 128GB Kit (2x64GB) DDR5 6400MHz PC5-51200 ECC RDIMM 2Rx4 (EC8 10x4) Dual Rank 1.1V ECC Registered DIMM 288-Pin Server RAM Memory Upgrade Modules (A-Tech Enterprise Series),14785.55,4361.52,2026-08-05,0.0,0,https://www.amazon.com/Tech-6400MHz-PC5-51200-Registered-Enterprise/dp/B0DYRV5YS4,8.0,4369.52
20260805_055550,2026-08-05T06:15:36.817778+00:00,amazon_usa,RAM,B0F24Z43Z7,NEMIX RAM 256GB (4X64GB) DDR5 6400MHZ PC5-51200 CL52 4Rx4 1.1V 288-PIN ECC RDIMM Registered Server Memory KIT Compatible with Dell PowerEdge R470 Rack Server,35025.24,10331.93,2026-08-05,0.0,0,https://www.amazon.com/NEMIX-RAM-PC5-51200-Registered-Compatible/dp/B0F24Z43Z7,8.0,10339.93
20260805_055550,2026-08-05T06:15:36.817778+00:00,amazon_usa,RAM,B0F9HKLBDW,NEMIX RAM 32GB (1X32GB) DDR5 6400MHz PC5-51200 CL52 2Rx8 1.1V 288-PIN ECC RDIMM Registered Server Memory Compatible with Supermicro MEM-DR532MD-ER64,5012.76,1478.69,2026-08-05,0.0,0,https://www.amazon.com/NEMIX-RAM-Compatible-SUPERMICRO-MEM-DR532MD-ER64/dp/B0F9HKLBDW,8.0,1486.69
20260805_055550,2026-08-05T06:15:36.817778+00:00,amazon_usa,RAM,B0BZJB3KSX,Kingston FURY Beast White RGB 64GB (2x32GB) 6000MT/s CL36 DDR5 EXPO DIMM | Infrared Syncing | FURY CTRL Software | Overclocking | AMD EXPO | Kit of 2 | KF560C36BWEAK2-64,3922.87,1157.19,2026-08-05,4.6,47,https://www.amazon.com/Kingston-Technology-Infrared-Overclocking-KF560C36BWEAK2-64/dp/B0BZJB3KSX,0.0,1157.19
20260805_055550,2026-08-05T06:15:41.302348+00:00,amazon_usa,RAM,B0F8HMCSX9,"Thermalrlght Aqua Elite 360 V6 ARGB White AIO CPU Cooler, ARGB PWM Cooler Fans with 2000RPM, for Intel Lga1150/1151/1155/1156/1200/2011/1700/1851, AMD: AM4/AM5, Case 360mm AIO Radiator",170.42,50.27,2026-08-05,4.8,35,,8.0,58.27
20260805_055550,2026-08-05T06:15:41.302348+00:00,amazon_usa,RAM,B0F43HC711,"Bestoss 1TB PCIe 4.0 NVMe M.2 2280 SSD with Heatsink,PS5 Storage,7350MB/s | PS5 Memory Storage Expansion SSD, SLC Cache&HMB, Tailored for Gamers, Editors&AI Creators Demanding Blazing-Fast Speed",592.03,174.64,2026-08-05,4.7,62,,0.0,174.64
20260805_055550,2026-08-05T06:15:41.302348+00:00,amazon_usa,RAM,B0C79H54TQ,"Crucial Pro 64GB DDR5 RAM Kit (2x32GB), 5600MHz (or 5200MHz or 4800MHz) Desktop Memory UDIMM 288-pin, Compatible with 13th Gen Intel Core and AMD Ryzen 7000 - CP2K32G56C46U5",3318.23,978.83,2026-08-05,4.8,725,https://www.amazon.com/Crucial-2x32GB-5600MT-Desktop-CP2K32G56C46U5/dp/B0C79H54TQ,8.0,986.83
20260805_055550,2026-08-05T06:15:41.302348+00:00,amazon_usa,RAM,B0GTMHQZ9B,64GB DDR5 6400MHz PC5-51200 2Rx4 1.1V CL52 288-PIN ECC Registered RDIMM NEMIX RAM Server Memory Compatible with Samsung M321R8GA0EB2‐CCP,8758.81,2583.72,2026-08-05,0.0,0,https://www.amazon.com/Registered-NEMIX-RAM-Compatible-M321R8GA0EB2-CCP/dp/B0GTMHQZ9B,8.0,2591.72
20260805_055550,2026-08-05T06:15:41.302348+00:00,amazon_usa,RAM,B0FGX5SKJH,"SIX DDR5 RAM 2x16GB 6400MHz UDIMM Desktop Memory - 1.1V Low Voltage, On-Die ECC, 288-Pin Memory Module",1920.16,566.42,2026-08-05,0.0,0,https://www.amazon.com/SIX-DDR5-RAM-Computer-Memory/dp/B0FGX5SKJH,0.0,566.42
20260805_055550,2026-08-05T06:15:41.302348+00:00,amazon_usa,RAM,B0G4CGH4BS,64GB (4X16GB) DDR5 6400MHz PC5-51200 CL52 1Rx8 1.1V 288-PIN ECC Registered RDIMM NEMIX RAM Server Memory KIT,8074.95,2381.99,2026-08-05,0.0,0,https://www.amazon.com/6400MHz-PC5-51200-Registered-NEMIX-RAM/dp/B0G4CGH4BS,8.0,2389.99
20260805_055550,2026-08-05T06:15:41.302348+00:00,amazon_usa,RAM,B0D1J3KPRJ,A-Tech Velocity RAM 64GB (2x32GB) DDR5 5600MHz (PC5-44800) XMP 3.0 UDIMM 1.1V Non-ECC DIMM 288-Pin Desktop Computer Gaming Memory - AV2K32G5D56X,3202.97,944.83,2026-08-05,5.0,3,https://www.amazon.com/Tech-Velocity-5600MHz-PC5-44800-Computer/dp/B0D1J3KPRJ,0.0,944.83
20260805_055550,2026-08-05T06:15:41.302348+00:00,amazon_usa,RAM,B0C64NGBXF,G.SKILL Ripjaws DDR5 SO-DIMM Series DDR5 RAM 64GB (2x32GB) 5600MT/s CL46-45-45-89 1.10V Unbuffered Non-ECC Notebook/Laptop Memory SO-DIMM (F5-5600S4645A32GX2-RS),3469.77,1023.53,2026-08-05,4.5,51,https://www.amazon.com/G-SKILL-CL46-45-45-89-Unbuffered-Notebook-F5-5600S4645A32GX2-RS/dp/B0C64NGBXF,0.0,1023.53
20260805_055550,2026-08-05T06:15:41.302348+00:00,amazon_usa,RAM,B09T8TH7PG,Kingston FURY Beast 64GB (2x32GB) 5600MT/s DDR5 CL40 Desktop Memory | Intel XMP 3.0 | Kit of 2| KF556C40BBK2-64,3854.4,1136.99,2026-08-05,4.5,193,https://www.amazon.com/Kingston-Technology-5600MT-Computer-KF556C40BBK2-64/dp/B09T8TH7PG,0.0,1136.99
20260805_055550,2026-08-05T06:15:41.302348+00:00,amazon_usa,RAM,B0F7J2W49N,NEMIX RAM 128GB (2X64GB) DDR5 6400MHZ PC5-51200 CL52 2Rx4 1.1V 288-PIN ECC RDIMM Registered Server Memory KIT,17514.3,5166.46,2026-08-05,0.0,0,https://www.amazon.com/NEMIX-RAM-6400MHZ-PC5-51200-Registered/dp/B0F7J2W49N,8.0,5174.46
20260805_055550,2026-08-05T06:15:41.302348+00:00,amazon_usa,RAM,B0F7Z3658J,"NEMIX RAM 32GB (1X32GB) DDR5 6400MHZ PC5-51200 CL52 2Rx8 1.1V 288-PIN ECC RDIMM Compatible with HPE P64985-B21, P69727-B21, P69727-H21, P69727-K21 Registered Smart Memory",5012.76,1478.69,2026-08-05,0.0,0,https://www.amazon.com/NEMIX-RAM-Compatible-P64985-B21-P69727-B21/dp/B0F7Z3658J,8.0,1486.69
20260805_055550,2026-08-05T06:15:41.302348+00:00,amazon_usa,RAM,B0GTMTFLN3,64GB DDR5 6400MHz PC5-51200 2Rx4 1.1V CL52 288-PIN ECC Registered RDIMM NEMIX RAM Server Memory Compatible Hynix HMCG94AHBRA,8758.81,2583.72,2026-08-05,0.0,0,https://www.amazon.com/Registered-NEMIX-RAM-Compatible-HMCG94AHBRA/dp/B0GTMTFLN3,8.0,2591.72
20260805_055550,2026-08-05T06:15:41.302348+00:00,amazon_usa,RAM,B0GTBSBJX7,64GB DDR5 6400MHz PC5-51200 2Rx4 1.1V CL52 288-PIN ECC Registered RDIMM NEMIX RAM Server Memory Compatible with Micron MTC40F2046S1RC64BR,8758.81,2583.72,2026-08-05,0.0,0,https://www.amazon.com/Registered-NEMIX-RAM-Compatible-MTC40F2046S1RC64BR/dp/B0GTBSBJX7,8.0,2591.72
20260805_055550,2026-08-05T06:15:41.302348+00:00,amazon_usa,RAM,B0DQLVKC8R,NEMIX RAM 64GB (1X64GB) DDR5 6400MHZ PC5-51200 CL52 4Rx4 1.1V 288-PIN ECC RDIMM Registered Server Memory Compatible with Supermicro X14SBI-F,8758.81,2583.72,2026-08-05,0.0,0,https://www.amazon.com/NEMIX-RAM-Registered-Compatible-Supermicro/dp/B0DQLVKC8R,8.0,2591.72
20260805_055550,2026-08-05T06:15:41.302348+00:00,amazon_usa,RAM,B0BRTJDWYD,Kingston FURY Beast 64GB (2x32GB) 6000MT/s DDR5 CL36 RGB Desktop Memory Kit of 2 | Infrared Syncing | AMD EXPO | KF560C36BBEAK2-64,3921.79,1156.87,2026-08-05,4.5,143,https://www.amazon.com/Kingston-Desktop-Infrared-Syncing-KF560C36BBEAK2-64/dp/B0BRTJDWYD,0.0,1156.87
20260805_055550,2026-08-05T06:15:41.302348+00:00,amazon_usa,RAM,B0DQLVCBJQ,NEMIX RAM 64GB (2X32GB) DDR5 6400MHZ PC5-51200 CL52 2Rx8 1.1V 288-PIN ECC RDIMM Registered Server Memory KIT Compatible with Supermicro X14SBM-TF,10015.38,2954.39,2026-08-05,0.0,0,https://www.amazon.com/NEMIX-RAM-Registered-Compatible-Supermicro/dp/B0DQLVCBJQ,8.0,2962.39
20260805_055550,2026-08-05T06:15:41.302348+00:00,amazon_usa,RAM,B0DHXRWDRG,"Sirlyr RGB 12VHPWR Cable Set,ARGB PSU Cable Extension of Soft LED Strip Include 24Pin Motherboard,16 Pin to 3×8 Pin GPU Power Supply Cables for PC Custom",168.42,49.68,2026-08-05,4.2,18,,0.0,49.68
20260805_055550,2026-08-05T06:15:46.147685+00:00,amazon_usa,RAM,B0DY7CS8DD,TEAMGROUP T-Create Expert Overclocking 10L DDR5 64GB Kit (2 x 32GB) 6000MHz (PC5-48000) CL38-46-46-84 Intel XMP 3.0 & AMD Expo Compatible Desktop Memory Module Ram White - CTCWD564G6000HC38JDC01,3840.4,1132.86,2026-08-05,5.0,7,https://www.amazon.com/TEAMGROUP-Overclocking-PC5-48000-CL38-46-46-76-Compatible/dp/B0DY7CS8DD,0.0,1132.86
20260805_055550,2026-08-05T06:15:46.147685+00:00,amazon_usa,RAM,B0G3C7YZYT,NEMIX RAM 64GB (1X64GB) DDR5 6400MHZ PC5-51200 CL52 2Rx4 1.1V 288-PIN ECC RDIMM Registered Server Memory Compatible with SuperMicro GrandTwin A+ Server AS-2116GT-HNTF,8758.81,2583.72,2026-08-05,0.0,0,https://www.amazon.com/NEMIX-RAM-Registered-Compatible-AS-2116GT-HNTF/dp/B0G3C7YZYT,8.0,2591.72
20260805_055550,2026-08-05T06:15:46.147685+00:00,amazon_usa,RAM,B09GX8JRM5,TEAMGROUP T-Create Expert overclocking 10L DDR4 64GB Kit (2 x 32GB) 3200MHz (PC4 25600) CL16 Desktop Memory Module Ram - TTCED464G3200HC16FDC01,2071.76,611.14,2026-08-05,4.4,30,https://www.amazon.com/TEAMGROUP-T-Create-overclocking-3200MHz-Desktop/dp/B09GX8JRM5,0.0,611.14
20260805_055550,2026-08-05T06:15:46.147685+00:00,amazon_usa,RAM,B0BGXLV874,TEAMGROUP Elite SODIMM DDR5 64GB (2x32GB) 4800MHz (PC5-38400) CL40 Non-ECC Unbuffered 1.1V 262 Pin Laptop Memory Module Ram - TED564G4800C40DDC-S01,3965.01,1169.62,2026-08-05,4.6,364,https://www.amazon.com/TEAMGROUP-4800MHz-PC5-38400-Non-ECC-Unbuffered/dp/B0BGXLV874,0.0,1169.62
20260805_055550,2026-08-05T06:15:46.147685+00:00,amazon_usa,RAM,B09VMFYWLJ,"G.Skill DDR5 RAM DDR5-6400 32GB Memory C32 Trident Z5 RGB K2, Black, F5-6400J3239G16GX2-TZ5RS",2379.1,701.8,2026-08-05,4.6,76,https://www.amazon.com/G-SKILL-Gskill-6400-32GB-TridentZ/dp/B09VMFYWLJ,8.0,709.8
20260805_055550,2026-08-05T06:15:46.147685+00:00,amazon_usa,RAM,B0BD4SRW3H,CORSAIR VENGEANCE DDR5 64GB (2x32GB) DDR5 5600MHz CL40 AMD EXPO Intel XMP iCUE Compatible Computer Memory – Gray (CMK64GX5M2B5600Z40),3798.09,1120.38,2026-08-05,4.5,275,https://www.amazon.com/CORSAIR-VENGEANCE-5600MHz-Compatible-Computer/dp/B0BD4SRW3H,8.0,1128.38
20260805_055550,2026-08-05T06:15:46.147685+00:00,amazon_usa,RAM,B0F34GSTNW,"NEMIX RAM 64GB (1X64GB) DDR5 6400MHZ PC5-51200 CL52 2Rx4 1.1V 288-PIN ECC RDIMM Registered Server Memory Compatible with Supermicro MEM-DR564MC-ER64, MEM-DR564L-SL03-ER64",8758.81,2583.72,2026-08-05,0.0,0,https://www.amazon.com/NEMIX-RAM-Registered-MEM-DR564MC-ER64-MEM-DR564L-SL03-ER64/dp/B0F34GSTNW,8.0,2591.72
20260805_055550,2026-08-05T06:15:46.147685+00:00,amazon_usa,RAM,B0DQLVHLB2,NEMIX RAM 64GB (2X32GB) DDR5 6400MHz PC5-51200 CL52 2Rx8 1.1V 288-PIN ECC RDIMM Registered Server Memory KIT Compatible with Supermicro X14SBI-TF,10015.38,2954.39,2026-08-05,0.0,0,https://www.amazon.com/NEMIX-RAM-Registered-Compatible-Supermicro/dp/B0DQLVHLB2,8.0,2962.39
20260805_055550,2026-08-05T06:15:46.147685+00:00,amazon_usa,RAM,B0G369P6LP,NEMIX RAM 64GB (1X64GB) DDR5 6400MHZ PC5-51200 CL52 2Rx4 1.1V 288-PIN ECC RDIMM Registered Server Memory Compatible with SuperMicro Hyper SuperServer SYS-222HA-TN,8758.81,2583.72,2026-08-05,0.0,0,https://www.amazon.com/NEMIX-RAM-Registered-SuperServer-SYS-222HA-TN/dp/B0G369P6LP,8.0,2591.72
20260805_055550,2026-08-05T06:15:46.147685+00:00,amazon_usa,RAM,B0G3BJR4DG,NEMIX RAM 64GB (1X64GB) DDR5 6400MHZ PC5-51200 CL52 2Rx4 1.1V 288-PIN ECC RDIMM Registered Server Memory Compatible with SuperMicro MP SuperServer SYS-242B-NR,8758.81,2583.72,2026-08-05,0.0,0,https://www.amazon.com/NEMIX-RAM-Registered-SuperServer-SYS-242B-NR/dp/B0G3BJR4DG,8.0,2591.72
20260805_055550,2026-08-05T06:15:46.147685+00:00,amazon_usa,RAM,B0GTMQ8LTV,64GB DDR5 6400MHz PC5-51200 2Rx4 1.1V CL52 288-PIN ECC Registered RDIMM NEMIX RAM Server Memory Compatible with Samsung M321R8GA0PB2‐CCP,8758.81,2583.72,2026-08-05,0.0,0,https://www.amazon.com/Registered-NEMIX-RAM-Compatible-M321R8GA0PB2-CCP/dp/B0GTMQ8LTV,8.0,2591.72
20260805_055550,2026-08-05T06:15:46.147685+00:00,amazon_usa,RAM,B0G368HX2T,NEMIX RAM 64GB (1X64GB) DDR5 6400MHZ PC5-51200 CL52 2Rx4 1.1V 288-PIN ECC RDIMM Registered Server Memory Compatible with SuperMicro Hyper SuperServer SYS-122HA-TN-LCC,8758.81,2583.72,2026-08-05,0.0,0,https://www.amazon.com/NEMIX-RAM-Registered-SuperServer-SYS-122HA-TN-LCC/dp/B0G368HX2T,8.0,2591.72
20260805_055550,2026-08-05T06:15:46.147685+00:00,amazon_usa,RAM,B0G3CPZP4J,NEMIX RAM 64GB (1X64GB) DDR5 6400MHZ PC5-51200 CL52 2Rx4 1.1V 288-PIN ECC RDIMM Registered Server Memory Compatible with SuperMicro SuperServer SYS-822GS-NB3RT,8758.81,2583.72,2026-08-05,0.0,0,https://www.amazon.com/NEMIX-RAM-Registered-SuperServer-SYS-822GS-NB3RT/dp/B0G3CPZP4J,8.0,2591.72
20260805_055550,2026-08-05T06:15:46.147685+00:00,amazon_usa,RAM,B0BRTHYGZF,Kingston FURY Beast 64GB (2x32GB) 6000MT/s DDR5 CL36 Desktop Memory | AMD EXPO | Kit of 2 | KF560C36BBEK2-64,3975.15,1172.61,2026-08-05,4.8,103,https://www.amazon.com/Kingston-2x32GB-6000MT-Overclocking-KF560C36BWEK2-64/dp/B0BRTHYGZF,0.0,1172.61
20260805_055550,2026-08-05T06:15:46.147685+00:00,amazon_usa,RAM,B0F1ZBQXPY,NEMIX RAM 64GB (2X32GB) DDR5 6400MHZ PC5-51200 CL52 2Rx4 1.1V 288-PIN ECC RDIMM Registered Server Memory KIT Compatible with ASRock Rack TURIND8HM3 Motherboard,10015.38,2954.39,2026-08-05,0.0,0,https://www.amazon.com/NEMIX-RAM-Registered-Compatible-Motherboard/dp/B0F1ZBQXPY,8.0,2962.39
20260805_055550,2026-08-05T06:15:46.147685+00:00,amazon_usa,RAM,B0F1ZD5B1N,NEMIX RAM 64GB (2X32GB) DDR5 6400MHZ PC5-51200 CL52 2Rx4 1.1V 288-PIN ECC RDIMM Registered Server Memory KIT Compatible with ASRock Rack TURIND8-2L2T Motherboard,10015.38,2954.39,2026-08-05,0.0,0,https://www.amazon.com/NEMIX-RAM-Registered-TURIND8-2L2T-Motherboard/dp/B0F1ZD5B1N,8.0,2962.39
20260805_055550,2026-08-05T06:16:01.969214+00:00,amazon_usa,SSD,B0DX2DPJZ5,"Samsung SSD 9100 PRO 2TB, PCIe 5.0x4 M.2 2280, Up to 14,700MB/s | NVMe Internal Solid State Hard Drive best for AI Computing, Gaming, and Heavy Duty Workstations (MZ VAP2T0B/AM)",1343.56,396.33,2026-08-05,4.7,1600,https://www.amazon.com/Samsung-9100-PCIe-5-0x4-700MB/dp/B0DX2DPJZ5,0.0,396.33
20260805_055550,2026-08-05T06:16:01.969214+00:00,amazon_usa,SSD,B0F3BD1W6R,"WD_Black SN8100 2TB NVMe SSD - PCIe 5.0x4, M.2 2280, Up to 14,900MB/s Read Speed, up to 11,000MB/s Write Speed, Best for AI Applications, Gaming, and Video Editing - WDS200T1X0M Global Recycled Standa",1347.49,397.49,2026-08-05,4.8,1000,https://www.amazon.com/WD_BLACK-SN8100-Internal-Solid-State/dp/B0F3BD1W6R,0.0,397.49
20260805_055550,2026-08-05T06:16:01.969214+00:00,amazon_usa,SSD,B0GBXSRT3D,"SUNEAST Black Series 2TB SSD Gen5, PCIe 5.0x4 NVMe M.2 2280 | Up to 14,800 MB/s Read, 12,800 MB/s Write, Solid State Drive for High-Performance Computing, Gaming and AI Workstations",1077.99,317.99,2026-08-05,5.0,11,https://www.amazon.com/SUNEAST-Black-Gen5-PCIe-5-0x4/dp/B0GBXSRT3D,0.0,317.99
20260805_055550,2026-08-05T06:16:01.969214+00:00,amazon_usa,SSD,B0DN6ZQ3PD,"WD_Black SN7100 2TB NVMe SSD - Gen4 PCIe, M.2 2280, Up to 7,250 MB/s Read Speed, Up to 6,900 MB/s Write Speed, Next Gen TLC 3D NAND, for Laptops, Handheld Gaming Devices - WDS200T4X0E",976.93,288.18,2026-08-05,4.8,6200,https://www.amazon.com/WD_BLACK-SN7100-Internal-Gaming-Solid/dp/B0DN6ZQ3PD,0.0,288.18
20260805_055550,2026-08-05T06:16:01.969214+00:00,amazon_usa,SSD,B0F25B9JJ3,"Lexar 2TB NM1090 PRO NVMe SSD, 14,000/13,000 MB/s, M.2 2280, PCIe Gen 5 | Ideal for AI Computing, Gaming, Content Creation, Thermal Control, DirectStorage Enabled, DRAM & SLC Cache, LNM109P002T-RNNNU",1179.04,347.8,2026-08-05,4.4,74,https://www.amazon.com/Lexar-NM1090-NVMe-2280-PCIe/dp/B0F25B9JJ3,0.0,347.8
20260805_055550,2026-08-05T06:16:01.969214+00:00,amazon_usa,SSD,B0BHJJ9Y77,"Samsung SSD 990 PRO 2TB, PCIe 4.0 M.2 2280, Up to 7,450 MB/s | NVMe Internal Solid State Hard Drive for High End Computing, Gaming, and Heavy Duty Workstations, (MZ-V9P2T0B/AM)",1313.79,387.55,2026-08-05,4.8,13200,https://www.amazon.com/Samsung-SSD-990-PCIe-2280/dp/B0BHJJ9Y77,0.0,387.55
20260805_055550,2026-08-05T06:16:01.969214+00:00,amazon_usa,SSD,B0DZ5XQNLM,"Crucial P510 PCIe Gen5 NVMe 2TB SSD, Up to 10,000MB/s, TLC NAND, Laptop & Desktop (PC) Compatible, for Gamers & Creatives, Solid State Drive – CT2000P510SSD8-01",1243.08,366.69,2026-08-05,4.7,399,https://www.amazon.com/Crucial-Internal-Compatible-Desktop-Software/dp/B0DZ5XQNLM,0.0,366.69
20260805_055550,2026-08-05T06:16:01.969214+00:00,amazon_usa,SSD,B0FJXFR9RD,"Ediloca SSD 2TB NVMe PCIe 5.0x4, Up to 14,000MB/s Read, 10,000MB/s Write, 2TB SSD with 2GB LPDDR4 DRAM & Dynamic SLC Cache, M.2 2280 3D TLC for Gaming/Video Editing/PC/Laptop (EN1400 Pro)",976.93,288.18,2026-08-05,4.6,8,https://www.amazon.com/Ediloca-LPDDR4-Dynamic-Gaming-Editing/dp/B0FJXFR9RD,0.0,288.18
20260805_055550,2026-08-05T06:16:01.969214+00:00,amazon_usa,SSD,B0CXVGC466,SABRENT Rocket 5 2TB Advanced Performance Internal M.2 PCIe GEN 5 14GB/s X4 NVMe SSD (SB-RKT5-2TB),1179.04,347.8,2026-08-05,4.6,129,https://www.amazon.com/SABRENT-Advanced-Performance-Internal-SB-RKT5-2TB/dp/B0CXVGC466,0.0,347.8
20260805_055550,2026-08-05T06:16:01.969214+00:00,amazon_usa,SSD,B0DHLCRF91,"Samsung SSD 990 EVO Plus 2TB, PCIe Gen 4x4 | 5x2 M.2 2280, Up to 7,250 MB/s | NVMe Internal Solid State Drive, Upgrade Storage for PC/Laptops, HMB Technology & Intelligent Turbowrite 2.0 (MZ-V9S2T0B/A",1263.28,372.65,2026-08-05,4.8,6800,https://www.amazon.com/Samsung-SSD-Plus-PCIe-2280/dp/B0DHLCRF91,0.0,372.65
20260805_055550,2026-08-05T06:16:01.969214+00:00,amazon_usa,SSD,B0CB8JJR7F,"Acer Predator GM7 2TB SSD: M.2 2280 PCIe Gen 4 x4 NVMe 2.0, Read Speed Up to 7400 MB/s, Internal PC Solid State Drive for Laptop, Desktop and PS5 - BL.9BWWR.119",1044.29,308.05,2026-08-05,4.8,1500,https://www.amazon.com/Predator-GM7-2TB-SSD-BL-9BWWR-119/dp/B0CB8JJR7F,0.0,308.05
20260805_055550,2026-08-05T06:16:01.969214+00:00,amazon_usa,SSD,B0DKH285B6,"Crucial P310 M.2 2280 2TB PCI-Express 4.0 x4 NVMe 3D NAND Internal Solid State Drive (SSD) CT2000P310SSD8 | PCIe Gen4 x4 M.2 2280 SSD with 7,100MB/s read speeds for gaming, productivity and multitaski",942.93,278.15,2026-08-05,4.6,67,https://www.amazon.com/Crucial-PCI-Express-Internal-Solid-CT2000P310SSD8/dp/B0DKH285B6,0.0,278.15
20260805_055550,2026-08-05T06:16:01.969214+00:00,amazon_usa,SSD,B0DX2G349M,"Samsung SSD 9100 PRO 1TB, PCIe 5.0x4 M.2 2280, Up to 14,700MB/s | NVMe Internal Solid State Hard Drive best for AI Computing, Gaming, and Heavy Duty Workstations (MZ VAP1T0B/AM)",842.18,248.43,2026-08-05,4.7,1600,https://www.amazon.com/Samsung-9100-PCIe-5-0x4-700MB/dp/B0DX2G349M,0.0,248.43
20260805_055550,2026-08-05T06:16:01.969214+00:00,amazon_usa,SSD,B0CRC7H66Z,"Samsung SSD 990 EVO 2TB, PCIe Gen 4x4 | 5x2 M.2 2280, Up to 5,000MB/s | NVMe Internal Solid State Drive, Upgrade Storage for PC Computer, Laptop (MZ-V9E2T0B/AM)",1347.19,397.4,2026-08-05,4.8,1400,https://www.amazon.com/Samsung-SSD-PCIe-2280-000MB/dp/B0CRC7H66Z,0.0,397.4
20260805_055550,2026-08-05T06:16:01.969214+00:00,amazon_usa,SSD,B0DKNY3HRV,"Corsair MP700 Elite 2TB PCIe 5.0 x4 NVMe M.2 SSD – Up to 10,000MB/sec – High-Density 3D TLC NAND – M.2 2280 - DirectStorage Compatible – Black",1549.6,457.11,2026-08-05,4.8,303,https://www.amazon.com/Corsair-MP700-Elite-PCIe-NVMe/dp/B0DKNY3HRV,0.0,457.11
20260805_055550,2026-08-05T06:16:01.969214+00:00,amazon_usa,SSD,B0FH26CFDB,"fanxiang 2TB PCIe 5.0 x4 NVMe M.2 SSD,Up to 14000 MB/s,DRAM Cache and SLC NAND,High Performance Solid State Drive for AI Applications, Gaming, PC, Laptop",1077.99,317.99,2026-08-05,4.1,34,https://www.amazon.com/fanxiang-Performance-Applications-Gaming-Laptop/dp/B0FH26CFDB,0.0,317.99
20260805_055550,2026-08-05T06:16:01.969214+00:00,amazon_usa,SSD,B0FGP7W3NJ,"SIX NVME M.2 SSD PCIe 4.0-1TB m.2 2280 ssd, Read UP to 7350MB/s 1TB for Gaming PS5 Memory Storage Expansion with Heatsink, Internal Solid State Hard Drive PCIe gen 4x4 Nvme for Laptop Desktop pc",572.67,168.93,2026-08-05,4.5,638,https://www.amazon.com/SIX-SSD-Expansion-Heatsink-Internal/dp/B0FGP7W3NJ,0.0,168.93
20260805_055550,2026-08-05T06:16:01.969214+00:00,amazon_usa,SSD,B0DX2FN49V,"Samsung SSD 9100 PRO w/Heatsink 2TB, PCIe 5.0x4 M.2 2280, Up to 14,700MB/s | NVMe Internal Solid State Hard Drive best for AI Computing, Gaming, and Heavy Duty Workstations (MZ-VAP2T0CW)",1347.49,397.49,2026-08-05,4.6,360,https://www.amazon.com/Samsung-Heatsink-Computing-Workstations-MZ-VAP2T0CW/dp/B0DX2FN49V,8.0,405.49
20260805_055550,2026-08-05T06:16:01.969214+00:00,amazon_usa,SSD,B0CGKHGMW5,"Lexar 2TB NM790 NVMe SSD w/Heatsink, 7400/6500 MB/s, M.2 2280, PCIe Gen 4x4 | Compatible w/ PS5, Gamers & Content Creators, PC & Laptops, SLC Cache, Single-Sided Design, LNM790X002T-RN9NU",1044.29,308.05,2026-08-05,4.8,1300,https://www.amazon.com/Lexar-Heatsink-Internal-Compatible-LNM790X002T-RN9NU/dp/B0CGKHGMW5,0.0,308.05
20260805_055550,2026-08-05T06:16:01.969214+00:00,amazon_usa,SSD,B0DQSJZTZ5,"Crucial E100 2TB M.2 NVMe PCIe Gen4 Internal SSD, Up to 5,000MB/s, Laptop & Desktop Compatible - CT2000E100SSD8",892.69,263.33,2026-08-05,4.5,932,https://www.amazon.com/Crucial-Internal-Laptop-Desktop-Compatible-PC/dp/B0DQSJZTZ5,0.0,263.33
20260805_055550,2026-08-05T06:16:01.969214+00:00,amazon_usa,SSD,B0F43VP4XF,"Bestoss 2TB NVMe M.2 SSD PCIe 3.0 M.2 2280 SSD,Internal SSD,Up to 3500MB/s | Internal Hard drive SSD,Dynamic SLC Cache, For Students, Home Entertainment, Office Work, Compatible with PC Desktops&Lapto",811.84,239.48,2026-08-05,4.4,101,https://www.amazon.com/Internal-Students-Entertainment-Compatible-GM328/dp/B0F43VP4XF,0.0,239.48
20260805_055550,2026-08-05T06:16:01.969214+00:00,amazon_usa,SSD,B0DHLBDSP7,"Samsung SSD 990 EVO Plus 4TB, PCIe Gen 4x4 | 5x2 M.2 2280, Up to 7,250 MB/s | NVMe Internal Solid State Drive, Upgrade Storage for PC/Laptops, HMB Technology & Intelligent Turbowrite 2.0 (MZ-V9S4T0B/A",2014.54,594.26,2026-08-05,4.8,6800,https://www.amazon.com/Samsung-SSD-Plus-PCIe-2280/dp/B0DHLBDSP7,0.0,594.26
20260805_055550,2026-08-05T06:16:01.969214+00:00,amazon_usa,SSD,B0B25ML2FH,"Crucial P3 Plus PCIe Gen4 NVMe 2TB SSD, Up to 5,000MB/s Read, Laptop & Desktop (PC) Compatible, Solid State Drive – CT2000P3SSD8",1108.16,326.89,2026-08-05,4.8,24800,https://www.amazon.com/Crucial-Plus-PCIe-NAND-5000MB/dp/B0B25ML2FH,0.0,326.89
20260805_055550,2026-08-05T06:16:06.054151+00:00,amazon_usa,SSD,B0F43F9ZKP,"Bestoss M.2 2280 NVMe SSD 2TB PCIe 4.0, Up to 7350MB/s, SLC Cache & HMB | For PS5/PC/Laptop, Tailored for Gamers, Video Editors, High-End Creators, and AI Developers Demanding Blazing-Fast Speed",973.54,287.18,2026-08-05,4.6,134,https://www.amazon.com/Bestoss-2280-NVMe-7350MB-Cache/dp/B0F43F9ZKP,0.0,287.18
20260805_055550,2026-08-05T06:16:06.054151+00:00,amazon_usa,SSD,B0CM941D89,"fanxiang 2TB NVMe SSD PCIe Gen4 M.2 SSD for PS5, Up to 5000 MB/s, Internal Gaming 3D NAND SLC Cache Solid State Drive Upgrade Storage for PC/Laptops S690Q",929.67,274.24,2026-08-05,4.4,1400,https://www.amazon.com/fanxiang-Internal-Playstation-Upgrade-Storage/dp/B0CM941D89,0.0,274.24
20260805_055550,2026-08-05T06:16:06.054151+00:00,amazon_usa,SSD,B0H2F2GMT6,"KingSpec 2TB M.2 NVMe PCIe Gen4 SSD - Up to 7400MB/s Read, Championship Edition, 3D NAND Flash, Ideal for PS5, Gaming PC & Laptop Upgrade",896.01,264.31,2026-08-05,4.9,28,https://www.amazon.com/KingSpec-2TB-NVMe-PCIe-Gen4/dp/B0H2F2GMT6,0.0,264.31
20260805_055550,2026-08-05T06:16:06.054151+00:00,amazon_usa,SSD,B0F3XL1PVB,"Bestoss 2TB M.2 SSD NVMe PCIe4.0 2280 Internal Hard Drive, Up to 5000 MB/s | PCIe4.0 2280 SSD, 3D NAND SLC Cache, SSD for Gaming PC Storage, Business Laptop, Home Entertainment, Creative Workflow",899.23,265.26,2026-08-05,4.6,100,https://www.amazon.com/Bestoss-NVMe-PCIe4-0-Internal-Drive/dp/B0F3XL1PVB,0.0,265.26
20260805_055550,2026-08-05T06:16:06.054151+00:00,amazon_usa,SSD,B0CJRTVLJ2,"Ediloca 2TB SSD NVMe M.2 2280 PCIe Gen4 x4 Internal Solid State Drive - Up to 4800MB/s, 2TB SSD PS5 Dynamic SLC Cache, PS5 Compatible for Gaming PC Laptop(EN705)",825.33,243.46,2026-08-05,4.5,688,https://www.amazon.com/Ediloca-EN705-Internal-Compatible-PS5%E3%80%81Laptops/dp/B0CJRTVLJ2,0.0,243.46
20260805_055550,2026-08-05T06:16:06.054151+00:00,amazon_usa,SSD,B0D61SDZD2,"Crucial P310 2TB M.2 2230 SSD, PCIe Gen4 NVMe, Up to 7,100MB/s, Ideal for Steam Deck, ASUS ROG Ally, MSI Claw, Mini PCs & Ultrabooks, Solid State Drive - CT2000P310SSD2",1104.7,325.87,2026-08-05,4.8,2200,https://www.amazon.com/Crucial-2024-P310-PCIe-Gen4/dp/B0D61SDZD2,0.0,325.87
20260805_055550,2026-08-05T06:16:06.054151+00:00,amazon_usa,SSD,B0CTRVZKG7,"Crucial T705 PCIe Gen5 NVMe 2TB SSD, Up to 14,500MB/s, TLC NAND, Intel & Ryzen Compatible, for Hardcore Gaming & High-Speed Storage, Solid State Drive, Includes 1Mo Adobe CC – CT2000T705SSD3",1360.07,401.2,2026-08-05,4.7,1400,https://www.amazon.com/Crucial-Compatible-Hardcore-High-Speed-Storage/dp/B0CTRVZKG7,0.0,401.2
20260805_055550,2026-08-05T06:16:06.054151+00:00,amazon_usa,SSD,B0GVYD6CFN,"SSK 2TB Internal M.2 NVMe SSD 2280 PCIe Gen5 up to 14000MB/s Internal SSD | SMART & TRIM,TLC NAND,PCIe 5.0X4,Internal Solid State Drive for Gaming/Video Editing/AI Computing",1111.68,327.93,2026-08-05,5.0,2,https://www.amazon.com/SSK-Internal-NVMe-2280-14000MB/dp/B0GVYD6CFN,0.0,327.93
20260805_055550,2026-08-05T06:16:06.054151+00:00,amazon_usa,SSD,B0GHYRZ1JW,"SANDISK 2TB Optimus GX PRO 8100 PCIe 5.0 NVMe SSD - M.2 2280, Up to 14,900 MB/s Read Speed, Lightning-Fast Performance - SDSP82200TAN | High capacity enterprise storage with 2TB capacity and SAS 6Gb/s",1852.8,546.55,2026-08-05,4.2,31,https://www.amazon.com/SANDISK-Optimus-8100-PCIe-NVMe/dp/B0GHYRZ1JW,0.0,546.55
20260805_055550,2026-08-05T06:16:06.054151+00:00,amazon_usa,SSD,B0C7Z56JJ6,"Ediloca 2TB SSD NVMe M.2 2280 PCIe Gen4 x4 Internal Solid State Drive - Up to 7400MB/s, 2TB SSD PS5 Dynamic SLC Cache, PS5 Compatible for Gaming PC Laptop(EN870)",875.84,258.36,2026-08-05,4.6,1100,https://www.amazon.com/Ediloca-EN870-Dynamic-Internal-Compatible/dp/B0C7Z56JJ6,0.0,258.36
20260805_055550,2026-08-05T06:16:06.054151+00:00,amazon_usa,SSD,B0C3K2WRPV,"Crucial T700 PCIe Gen5 NVMe 2TB SSD with Heatsink, Up to 12,400MB/s, TLC NAND, Intel & Ryzen Compatible, for Hardcore Gaming & High-Speed Storage, Solid State Drive - CT2000T700SSD5 | PCIe Gen5 interf",1229.45,362.67,2026-08-05,4.6,576,https://www.amazon.com/Crucial-Heatsink-Compatible-Hardcore-High-Speed/dp/B0C3K2WRPV,0.0,362.67
20260805_055550,2026-08-05T06:16:06.054151+00:00,amazon_usa,SSD,B0DXK2M53G,"2TB NVMe M.2 Gaming SSD for PS5 with Heatsink PCIe 4.0 2280 Up to 7300MB/s,3D NAND TLC Flash with Dynamic SLC Cache, Internal SSD Suitable for PS5 Enthusiasts, Technology Enthusiasts, IT Professionals",1010.59,298.11,2026-08-05,4.4,33,https://www.amazon.com/fanxiang-Heatsink-7300MB-Gen4x4-Internal/dp/B0DXK2M53G,0.0,298.11
20260805_055550,2026-08-05T06:16:06.054151+00:00,amazon_usa,SSD,B0C9DPWRZ3,"Fikwot FN955 2TB NVMe SSD M.2 2280 PCIe Gen4x4, Up to 7300MB/s, 3D NAND TLC Flash Internal Solid State Drive, Configure SLC Cache, Storage and Memory Expansion for PS5 Laptop Desktop",943.23,278.24,2026-08-05,4.6,1200,https://www.amazon.com/Fikwot-FN955-Internal-Solid-State/dp/B0C9DPWRZ3,0.0,278.24
20260805_055550,2026-08-05T06:16:06.054151+00:00,amazon_usa,SSD,B0CXXWB52R,"Fikwot FX660 2TB M.2 SSD, PCIe Gen 4x4 Dynamic SLC Cache - Speeds up to 5200MB/s M.2 2280 NVMe Internal SSD, Upgrade Storage for PC Computer, Laptop and PS5",896.04,264.32,2026-08-05,4.5,491,https://www.amazon.com/Fikwot-FX660-PCIe-Dynamic-Cache/dp/B0CXXWB52R,0.0,264.32
20260805_055550,2026-08-05T06:16:06.054151+00:00,amazon_usa,SSD,B0C69R19Y3,"MOVE SPEED HB7450 2TB SSD for PS5 with Heatsink TLC NAND, PCIe 4.0 NVMe M.2 Internal Solid State Drive - Up to 7450MB/s, 3D Storage Expansion Compatible with PS5, Desktops and Laptops",976.93,288.18,2026-08-05,4.5,546,https://www.amazon.com/MOVE-SPEED-HB7450-Heatsink-Internal/dp/B0C69R19Y3,0.0,288.18
20260805_055550,2026-08-05T06:16:06.054151+00:00,amazon_usa,SSD,B0FJ8QMW4H,"WD Blue SN5100 2TB NVMe SSD - M.2 2280, PCIe Gen 4.0, Internal Solid State Drive - Read Speeds Up to 7,100MB/s, Upgrade Storage for PC/Laptops - WDS200T5B0E",943.17,278.22,2026-08-05,4.8,776,https://www.amazon.com/Blue-SN5100-2TB-NVMe-SSD/dp/B0FJ8QMW4H,0.0,278.22
20260805_055550,2026-08-05T06:16:06.054151+00:00,amazon_usa,SSD,B0CT8VVDS8,fanxiang 2TB Gen5 NVMe M.2 SSD with Heatsink - Up to 12000 MB/s PCIe 5.0 SSD TLC Internal Gaming SSD Solid State Drive for DirectStorage/Video Editing/Design S900Pro,943.23,278.24,2026-08-05,3.7,22,https://www.amazon.com/fanxiang-Gen5-NVMe-Heatsink-DirectStorage/dp/B0CT8VVDS8,0.0,278.24
20260805_055550,2026-08-05T06:16:06.054151+00:00,amazon_usa,SSD,B0FYF1TDX6,"Fikwot FN960 2TB M.2 NVMe SSD PCIe Gen4 x4 2280 Internal Solid State Drive with Heatsink, Up to 4,800MB/s, Dynamic SLC Cache, Compatible with PS5 Internal SSD",943.23,278.24,2026-08-05,4.6,57,https://www.amazon.com/Fikwot-FN960-Internal-Heatsink-Compatible/dp/B0FYF1TDX6,0.0,278.24
20260805_055550,2026-08-05T06:16:06.054151+00:00,amazon_usa,SSD,B0DM23JKXC,"BIWIN Black Opal NV7400 2TB SSD Gen4x4, Read Speed up to 7450MB/s, NVMe M.2 2280 PCIe 4.0 Internal PC Solid State Drive for Laptop/Desktop/PS5",976.93,288.18,2026-08-05,4.7,820,https://www.amazon.com/BIWIN-NV7400-Gen4x4-Internal-Desktop/dp/B0DM23JKXC,0.0,288.18
20260805_055550,2026-08-05T06:16:06.054151+00:00,amazon_usa,SSD,B0GYF48J98,"fanxiang 1TB PCIe 5.0 NVMe M.2 SSD,Up to 14000 MB/s,High Performance Solid State Drive for 8K Video Editing, AI Training,Gaming, PC, Laptop",673.73,198.74,2026-08-05,5.0,27,https://www.amazon.com/fanxiang-Performance-Editing-Training-Gaming/dp/B0GYF48J98,0.0,198.74
20260805_055550,2026-08-05T06:16:06.054151+00:00,amazon_usa,SSD,B0B7CMZ3QH,"WD_BLACK SN850X 2TB NVMe SSD - M.2 2280, Up to 7,300 MB/s Read speeds, Up to 6,300 MB/s write speeds, Gaming Expansion, High Performance Internal Solid State Drive - WDS200T2X0E",1246.44,367.68,2026-08-05,4.8,17600,https://www.amazon.com/WD_BLACK-SN850X-Internal-Gaming-Solid/dp/B0B7CMZ3QH,0.0,367.68
20260805_055550,2026-08-05T06:16:10.429995+00:00,amazon_usa,SSD,B0FJFX9MXY,"KingSpec OneBoom 2TB PCIe 5.0 NVMe M.2 2280 SSD - up to 14000MB/s Read, 13000MB/s Write, TLC 3D NAND with DRAM Cache, PS5 Ready, for Gamers, Video Editors, 3D Designers & Heavy-Duty Workstations",1044.22,308.03,2026-08-05,4.8,7,https://www.amazon.com/KingSpec-OneBoom-X500-PCIe-Cache/dp/B0FJFX9MXY,0.0,308.03
20260805_055550,2026-08-05T06:16:10.429995+00:00,amazon_usa,SSD,B0BNQ2JZQJ,"fanxiang S660 PCIe 4.0 2TB SSD for PS5 with Heatsink, Up to 5000MB/s, NVMe M.2 SSD Internal Gaming SSD NAND SLC Cache Suitable for PS5 Enthusiasts, Technology Enthusiasts, IT Professionals",1010.59,298.11,2026-08-05,4.7,3700,https://www.amazon.com/fanxiang-S660-Internal-Solid-State/dp/B0BNQ2JZQJ,0.0,298.11
20260805_055550,2026-08-05T06:16:10.429995+00:00,amazon_usa,SSD,B0D4YJVCK1,"Fikwot FX991 M.2 SSD 2TB NVMe SSD M2 2280 PCIe Gen 4x4, Read Up to 7100MB/s, Internal Solid State Drive for PS5 Laptop Desktop 3D QLC NAND",1010.59,298.11,2026-08-05,4.6,2700,https://www.amazon.com/Fikwot-FX991-7300MB-Internal-Desktop/dp/B0D4YJVCK1,0.0,298.11
20260805_055550,2026-08-05T06:16:10.429995+00:00,amazon_usa,SSD,B0FBW5P9TZ,"Fikwot FX550 NVMe SSD 2TB M.2 SSD PCIe 3.0×4, Read Up to 3,500 MB/s, M2 2280 Internal Soild State Drive, Compatible with Desktop, Laptop and Mini PC, QLC NAND Flash",832.04,245.44,2026-08-05,4.4,340,https://www.amazon.com/Fikwot-FX550-Internal-Compatible-Desktop/dp/B0FBW5P9TZ,0.0,245.44
20260805_055550,2026-08-05T06:16:10.429995+00:00,amazon_usa,SSD,B0DHGQCYCG,"Addlink G55 2TB PCIe 5.0 Gen5 NVMe M.2 SSD- Up to 10,300 MB/s - PC Gaming Upgrade, Photography, Video Editing & Design - Internal Solid State Drive (ad2TBG55M2P)",1160.36,342.29,2026-08-05,4.7,31,https://www.amazon.com/Addlink-PCIe-Gen5-NVMe-SSD/dp/B0DHGQCYCG,0.0,342.29
20260805_055550,2026-08-05T06:16:10.429995+00:00,amazon_usa,SSD,B0CM42DVBR,"Corsair MP700 PRO 2TB M.2 PCIe Gen5 x4 NVMe 2.0 SSD – M.2 2280 – Up to 12,400MB/sec Sequential Read – High-Density TLC NAND – Black",1347.49,397.49,2026-08-05,4.6,413,https://www.amazon.com/Corsair-MP700-PCIe-Gen5-NVMe/dp/B0CM42DVBR,0.0,397.49
20260805_055550,2026-08-05T06:16:10.429995+00:00,amazon_usa,SSD,B0FBBSZPFK,"msi SPATIUM M470 PRO PCIe 4.0 NVMe M.2 2TB Portable SSD, 2TB External Solid State Drive, Speeds Up to 6000MB/s, USB-C, Reliable Storage for Gaming, Students, Professionals, Black",1061.14,313.02,2026-08-05,4.7,24,https://www.amazon.com/SPATIUM-Portable-External-Reliable-Students-Professionals/dp/B0FBBSZPFK,0.0,313.02
20260805_055550,2026-08-05T06:16:10.429995+00:00,amazon_usa,SSD,B09DVRBNWV,"Western Digital 2TB WD Green SN350 NVMe Internal SSD Solid State Drive - Gen3 PCIe, QLC, M.2 2280, Up to 3,200 MB/s - WDS200T3G0C",842.18,248.43,2026-08-05,4.7,12900,https://www.amazon.com/Western-Digital-Green-SN350-Internal/dp/B09DVRBNWV,0.0,248.43
20260805_055550,2026-08-05T06:16:10.429995+00:00,amazon_usa,SSD,B0DPNLRP6W,"PNY CS2150 1TB PCIe Gen5 x4 NVMe M.2 2280 Internal SSD | Up to 10,200MB/s - AI Application Ready, Ideal for Gaming, Photo/Video Editing, Demanding Workstations - M280CS2150-1TB-TB",640.03,188.8,2026-08-05,4.7,169,https://www.amazon.com/PNY-CS2150-Gen5-PCIe-M280CS2150-1TB-TB/dp/B0DPNLRP6W,0.0,188.8
20260805_055550,2026-08-05T06:16:10.429995+00:00,amazon_usa,SSD,B0F18WJSX8,"Vansuny 2TB NVMe M.2 SSD,M2 2280 PCIe 4.0 Internal Solid State Drive,Read Up to 7300MB/s with Heatsink and Screwdrivers for PS5 Consoles PC Gaming Design",929.74,274.26,2026-08-05,4.4,58,https://www.amazon.com/Vansuny-2TB-NVMe-M-2-SSD/dp/B0F18WJSX8,0.0,274.26
20260805_055550,2026-08-05T06:16:10.429995+00:00,amazon_usa,SSD,B0GJ2YDBLX,"Bestoss 2TB PCIe4.0 NVMe M.2 2280 SSD with Heatsink, PS5 Storage, 7350MB/s | PS5 Memory Storage Expansion SSD, SLC Cache&HMB, Tailored for Gamers, Editors&AI Creators Demanding Blazing-Fast Speed",970.15,286.18,2026-08-05,4.7,62,,0.0,286.18
20260805_055550,2026-08-05T06:16:10.429995+00:00,amazon_usa,SSD,B09F5W62N8,"Predator M.2 SSD 2TB GM7000 with DRAM cache NVMe 1.4 2280 PCIe Gen4×4 Ultra high speed (maximum read: 7400MB/s, max write: 6700MB/s) 3D NAND TLC Internal SSD Compatible with PS5 Pro - BL.9BWWR.106",1179.04,347.8,2026-08-05,4.7,3400,https://www.amazon.com/Acer-Predator-GM7000-NVMe-Gaming/dp/B09F5W62N8,0.0,347.8
20260805_055550,2026-08-05T06:16:10.429995+00:00,amazon_usa,SSD,B0F32GFKW4,"BIWIN M350 NVMe Gen4 SSD 2TB, PCIe 4.0, M.2 2280, Read Speeds Up to 6000MB/s, Internal Solid State Drive for Laptop and Desktop PC - BM350NN02TB-RGX",875.84,258.36,2026-08-05,4.6,202,https://www.amazon.com/BIWIN-M350-Internal-Laptop-Desktop/dp/B0F32GFKW4,0.0,258.36
20260805_055550,2026-08-05T06:16:10.429995+00:00,amazon_usa,SSD,B0FPPGZYSJ,"4TB NVMe Gen 5.0 SSD, Up 14,000MB/s,3D TLC NAND, DRAM Cache, Graphene Heatsink, M.2 NVMe PCIe 2280 Gen5x4 SSD for AI Applications, Gaming, PS5, Laptop, PC, Heavy-Duty Workstations",2358.12,695.61,2026-08-05,4.4,285,https://www.amazon.com/OSCOO-Graphene-Applications-Heavy-Duty-Workstations/dp/B0FPPGZYSJ,0.0,695.61
20260805_055550,2026-08-05T06:16:10.429995+00:00,amazon_usa,SSD,B0FP5B6R9H,"Gigastone 2TB Game Turbo PCIe Gen4x4 SSD (2-Pack) Up to 7,300MB/s with SLC Caching Gaming/PC/Desktop/Laptop 5-Year Warranty M.2 NVMe PCIe 4.0 2280 Internal Solid State Drive",2021.25,596.24,2026-08-05,4.8,42,https://www.amazon.com/Gigastone-Internal-Upgrade-Rendering-Creators/dp/B0FP5B6R9H,0.0,596.24
20260805_055550,2026-08-05T06:16:10.429995+00:00,amazon_usa,SSD,B0C69GQ6WG,"Ediloca EN600 PRO SSD 2TB PCIe 3.0 Gen 3x4, NVMe M.2 2280, Up to 3200MB/s, Internal Solid State Drive, SLC Cache 3D NAND TLC, Graphene Cooling Sticker, Storage for PC, Desktop and Laptops",825.33,243.46,2026-08-05,4.6,968,https://www.amazon.com/Ediloca-EN600-PRO-Internal-Graphene/dp/B0C69GQ6WG,0.0,243.46
20260805_055550,2026-08-05T06:16:10.429995+00:00,amazon_usa,SSD,B0C58FVB9V,"KingSpec XG7000 2TB NVMe SSD PCIe 4.0-7400MB/s Read Speed, 3D TLC NAND M.2 2280 Internal SSD, Compatible with Gaming PC, Laptop, PS5 Console",943.23,278.24,2026-08-05,4.4,1400,https://www.amazon.com/KingSpec-Gen4x4-Speed-Internal-PCIe4-0/dp/B0C58FVB9V,0.0,278.24
20260805_055550,2026-08-05T06:16:10.429995+00:00,amazon_usa,SSD,B0GJSFFLXZ,"SANDISK 500GB Optimus 5100 NVMe SSD - PCIe 4.0 x4, M.2 2280, Up to 6,600 MB/s Read Speed - SDSP51500GAN",336.86,99.37,2026-08-05,4.7,14,https://www.amazon.com/SANDISK-500GB-Optimus-5100-NVMe/dp/B0GJSFFLXZ,0.0,99.37
20260805_055550,2026-08-05T06:16:10.429995+00:00,amazon_usa,SSD,B0GN41CK71,MSI SPATIUM M571 DLP PCIe 5.0 NVMe M.2 2TB,1242.37,366.48,2026-08-05,5.0,1,https://www.amazon.com/MSI-SPATIUM-M571-PCIe-NVMe/dp/B0GN41CK71,8.0,374.48
20260805_055550,2026-08-05T06:16:10.429995+00:00,amazon_usa,SSD,B0C3ZJ8T6F,"Acer Predator GM7 1TB SSD: M.2 2280 PCIe Gen 4 x4 NVMe 2.0, Read Speed Up to 7400 MB/s, Internal PC Solid State Drive for Laptop, Desktop and PS5 - BL.9BWWR.118",640.03,188.8,2026-08-05,4.7,549,,0.0,188.8
20260805_055550,2026-08-05T06:16:15.045860+00:00,amazon_usa,SSD,B0FLJ7SSC2,"Ediloca 2TB NVMe M.2 SSD PCIe Gen 3x4, Up to 2150MB/s Read, M.2 2280 Internal Solid State Drive, Dynamic SLC Cache, Compatible with PC, Desktop and Laptops(EN680E)",808.48,238.49,2026-08-05,4.6,246,https://www.amazon.com/Ediloca-Internal-Dynamic-Compatible-Desktop/dp/B0FLJ7SSC2,0.0,238.49
20260805_055550,2026-08-05T06:16:15.045860+00:00,amazon_usa,SSD,B0FL6X9TJQ,"Fikwot FX995 Pro M.2 NVMe SSD 2TB, PCIe 5.0, Up to 14000MB/s Internal Solid State Drive, Fast Heat Dissipation, Best for AI Applications, E-Sports Players, and Rendering Professionals, etc",1084.73,319.98,2026-08-05,4.0,5,https://www.amazon.com/Fikwot-Dissipation-Applications-Rendering-Professionals/dp/B0FL6X9TJQ,0.0,319.98
20260805_055550,2026-08-05T06:16:15.045860+00:00,amazon_usa,SSD,B0FLXY32MT,"Ediloca EN880E M.2 SSD 2TB NVMe SSD M2 2280 PCIe Gen 4x4, Read Up to 7100MB/s, Internal Solid State Drive for Laptop Desktop",858.99,253.39,2026-08-05,4.3,131,https://www.amazon.com/Ediloca-EN880E-7100MB-Internal-Desktop/dp/B0FLXY32MT,0.0,253.39
20260805_055550,2026-08-05T06:16:15.045860+00:00,amazon_usa,SSD,B08RK2SR23,"Samsung 980 PRO SSD 2TB PCIe NVMe Gen 4 Gaming M.2 Internal Solid State Drive Memory Card, Maximum Speed, Thermal Control MZ-V8P2T0B/AM",1684.93,497.03,2026-08-05,4.8,28100,https://www.amazon.com/SAMSUNG-Internal-Gaming-MZ-V8P2T0B-AM/dp/B08RK2SR23,0.0,497.03
20260805_055550,2026-08-05T06:16:15.045860+00:00,amazon_usa,SSD,B0GK1M1N4V,"SANDISK 1TB Optimus GX 7100 NVMe SSD - PCIe Gen 4, M.2 2280, Up to 7,250 MB/s Read Speed - SDSP71100TAN | PCIe 4.0 NVMe SSD with 7,000MB/s read speeds and 4TB capacity for gaming, laptops and creative",771.46,227.57,2026-08-05,4.5,47,https://www.amazon.com/SANDISK-1TB-Optimus-7100-NVMe/dp/B0GK1M1N4V,0.0,227.57
20260805_055550,2026-08-05T06:16:15.045860+00:00,amazon_usa,SSD,B0F4455L4R,"Kingston FURY Renegade G5 2048GB NVMe SSD | PCIe 5.0 M.2 2280 | Up to 14,8000MB/s | SFYR2S/2T0",2042.1,602.39,2026-08-05,4.7,128,https://www.amazon.com/Kingston-Fury-Renegade-2048GB-NVMe-SFYR2S/dp/B0F4455L4R,8.0,610.39
20260805_055550,2026-08-05T06:16:15.045860+00:00,amazon_usa,SSD,B0GTZB9SFN,"2TB M.2 NVMe SSD 2280, PCIe Gen3 x4 Internal Solid State Drive, Up to 3200MB/s, 3D NAND TLC with SLC Cache, High-Speed Storage Upgrade for Laptop & Desktop PC",842.18,248.43,2026-08-05,4.5,2,https://www.amazon.com/Lufasnd-Internal-High-Speed-Storage-Upgrade/dp/B0GTZB9SFN,0.0,248.43
20260805_055550,2026-08-05T06:16:15.045860+00:00,amazon_usa,SSD,B0F93ZM7PZ,"Fikwot FN990 2TB NVMe SSD M.2 2280 PCIe Gen4x4 with RGB Heatsink, Up to 7450MB/s, 3D NAND TLC, Internal Gaming Solid State Drive for PS5 & Desktop",1111.68,327.93,2026-08-05,4.7,53,https://www.amazon.com/Fikwot-FN990-Heatsink-Internal-Desktop/dp/B0F93ZM7PZ,0.0,327.93
20260805_055550,2026-08-05T06:16:15.045860+00:00,amazon_usa,SSD,B0GJDN5Z3T,"Sandisk Optimus GX PRO 2TB 850X NVMe Internal Gaming Solid State Drive with Heatsink - Works with PlayStation 5, Gen4 PCIe, M.2 2280, Up to 7,300 MB/s Read Speed - SDSP81200TAH",1852.8,546.55,2026-08-05,5.0,1,https://www.amazon.com/Sandisk-Optimus-Internal-Gaming-Heatsink/dp/B0GJDN5Z3T,0.0,546.55
20260805_055550,2026-08-05T06:16:15.045860+00:00,amazon_usa,SSD,B0BWYWN6NG,"Corsair MP600 PRO LPX 2TB M.2 NVMe PCIe x4 Gen4 SSD - Optimised for PS5 (Up to 7,100MB/sec Sequential Read & 6,800MB/sec Sequential Write Speeds, High-Speed Interface, Compact Form Factor) White",1431.7,422.33,2026-08-05,4.8,10600,https://www.amazon.com/Corsair-MP600-NVMe-PCIe-Gen4/dp/B0BWYWN6NG,0.0,422.33
20260805_055550,2026-08-05T06:16:15.045860+00:00,amazon_usa,SSD,B0F9T7SHKP,"KOOTION 2TB NVMe Internal SSD PCIe 4.0, M.2 2280 NVMe Gen 4 Internal Solid State Drive Up to 5000MB/s, Storage Memory for PC",827.67,244.15,2026-08-05,4.8,8,https://www.amazon.com/KOOTION-Internal-5000MB-Storage-Memory/dp/B0F9T7SHKP,0.0,244.15
20260805_055550,2026-08-05T06:16:15.045860+00:00,amazon_usa,SSD,B0H85XZRVP,"2TB NVMe SSD M.2 2280 PCIe Gen4 for PS5 Expansion 7300MB/s | Internal Gaming SSD with 3D TLC NAND for PlayStation 5 Expansion,PC, Laptop",1064.49,314.01,2026-08-05,0.0,0,https://www.amazon.com/Lufasnd-NVMe-2280-Expansion-7300MB/dp/B0H85XZRVP,0.0,314.01
20260805_055550,2026-08-05T06:16:15.045860+00:00,amazon_usa,SSD,B0C5YS3QY4,"SABRENT Rocket Q4 2230 NVMe SSD 2TB – PCIe Gen4 M.2 Internal SSD for Steam Deck, ROG Ally, Surface Pro, Mini PCs – DRAM-Less QLC, Up to 5GB/s, Single-Sided, Compact Form Factor [SB-213Q-2TB]",1482.24,437.24,2026-08-05,4.8,908,https://www.amazon.com/SABRENT-Rocket-Performance-Compatible-SB-213Q-2TB/dp/B0C5YS3QY4,0.0,437.24
20260805_055550,2026-08-05T06:16:15.045860+00:00,amazon_usa,SSD,B0G1SLQN8Y,"KingSpec 2TB M.2 Gen5 NVMe SSD 2280 Internal Solid State Drive | Up to 14,000MB/s Read Speed for Gaming PC, Video Editing, Content Creation, PS5 Compatible",1064.43,313.99,2026-08-05,4.6,7,https://www.amazon.com/KingSpec-Internal-Editing-Creation-Compatible/dp/B0G1SLQN8Y,0.0,313.99
20260805_055550,2026-08-05T06:16:15.045860+00:00,amazon_usa,SSD,B0BJL7MMNF,Kingston FURY Renegade 2TB PCIe Gen 4.0 NVMe M.2 Internal Gaming SSD with Heat Sink | PS5 Ready | Up to 7300MB/s | SFYRDK/2000G,1627.37,480.05,2026-08-05,4.8,1500,https://www.amazon.com/Kingston-Renegade-Internal-SFYRDK-2000G/dp/B0BJL7MMNF,8.0,488.05
20260805_055550,2026-08-05T06:16:15.045860+00:00,amazon_usa,SSD,B0DJQRM92S,"KingSpec 2TB M.2 SSD 2280 NVMe PCIe 4.0 x4, Incredible Read up to 5000MB/s, Internal M2 PCIe SSD Compatible with Gaming Console/Desktop/Gaming Laptop",875.77,258.34,2026-08-05,4.5,104,https://www.amazon.com/KingSpec-Incredible-Internal-Compatible-Console/dp/B0DJQRM92S,0.0,258.34
20260805_055550,2026-08-05T06:16:15.045860+00:00,amazon_usa,SSD,B0H2H1K6J5,"KingSpec 2TB M.2 NVMe Gen3 SSD 2280, 3500MB/s Read Speed, for Laptop PC | PCIe 3.0 Internal Solid State Drives, 3D NAND Flash, Ideal for Soccer Season Gaming, video editing, fast boot & upgrades",808.41,238.47,2026-08-05,4.6,19,https://www.amazon.com/KingSpec-NVMe-3500MB-Speed-Laptop/dp/B0H2H1K6J5,0.0,238.47
20260805_055550,2026-08-05T06:16:15.045860+00:00,amazon_usa,SSD,B0FFYY49SS,"Lexar Nm990 2 Tb M.2 Pci Express 5.0 Nvme, W129162111 (5.0 Nvme)",1807.18,533.09,2026-08-05,0.0,0,https://www.amazon.com/Lexar-Nm990-Express-Nvme-W129162111/dp/B0FFYY49SS,8.0,541.09
20260805_055550,2026-08-05T06:16:15.045860+00:00,amazon_usa,SSD,B0D7MLB76V,"Western Digital 4TB WD Blue SN5000 NVMe Internal Solid State Drive SSD - PCIe Gen 4.0, M.2 2280, Up to 5,500 MB/s - WDS400T4B0E [New Generation]",1515.91,447.17,2026-08-05,4.7,2700,https://www.amazon.com/Western-Digital-SN5000-Internal-Solid/dp/B0D7MLB76V,0.0,447.17
20260805_055550,2026-08-05T06:16:15.045860+00:00,amazon_usa,SSD,B0DTJNY6Q6,"KingSpec 2TB M.2 2230 SSD PCIe 4.0, 5000MB/s Read Copper Heatsink, 3D NAND Flash, Compatible with Steam Deck/ASUS ROG Ally/Surface Pro",943.17,278.22,2026-08-05,4.6,170,https://www.amazon.com/KingSpec-5000MB-Heatsink-Compatible-Surface/dp/B0DTJNY6Q6,0.0,278.22
20260805_055550,2026-08-05T06:16:19.954501+00:00,amazon_usa,SSD,B07GCLLKDC,"Intel 660p Series M.2 2280 2TB PCIe NVMe 3.0 x4 3D2, QLC Internal Solid State Drive (SSD) SSDPEKNW020T8X1",943.23,278.24,2026-08-05,4.8,2700,https://www.amazon.com/Intel-Internal-Solid-State-SSDPEKNW020T8X1/dp/B07GCLLKDC,0.0,278.24
20260805_055550,2026-08-05T06:16:19.954501+00:00,amazon_usa,SSD,B0B9C4DKKG,"Samsung 990 PRO NVMe M.2 SSD, 2 TB, PCIe 4.0, 7,450 MB/s Read, 6,900 MB/s Write, Internal SSD, for Gaming and Video Editing, MZ-V9P2T0BW",1313.79,387.55,2026-08-05,4.8,15600,https://www.amazon.com/Samsung-Internal-Gaming-Editing-MZ-V9P2T0BW/dp/B0B9C4DKKG,0.0,387.55
20260805_055550,2026-08-05T06:16:19.954501+00:00,amazon_usa,SSD,B0FVV6JX8X,"PNY CS2241 2TB PCIe Gen4 x4 NVMe M.2 2280 Internal SSD Complete Upgrade Kit | Up to 5,000MB/s, Includes Transfer Adapter/Acronis Software, PC/Laptop Upgrade for Gaming, Workstations, M280CS2241-2TBKIT",976.52,288.06,2026-08-05,5.0,1,https://www.amazon.com/PNY-CS2241-PCIe-Upgrade-M280CS2241-2TBKIT-RB/dp/B0FVV6JX8X,0.0,288.06
20260805_055550,2026-08-05T06:16:19.954501+00:00,amazon_usa,SSD,B0D3PHZF13,"TEAMGROUP T-Force GA PRO 2TB SSD Patented Graphene Heatsink DRAM SLC Cache 3D TLC NAND NVMe InnoGrit PCIe Gen5x4 M.2 2280 Internal SSD Read/Write 10,000/8,500 MB/s TM8FFJ002T0C129",1118.39,329.91,2026-08-05,4.0,8,https://www.amazon.com/TEAMGROUP-Graphene-Heatsink-InnoGrit-TM8FFJ002T0C129/dp/B0D3PHZF13,0.0,329.91
20260805_055550,2026-08-05T06:16:19.954501+00:00,amazon_usa,SSD,B0D5M5D2XP,"fanxiang 1TB NVMe SSD PCIe Gen 4 Gaming SSD for PS5, Up to 7000MB/s M.2 2280 SSD Compatible with PS5 Storage Expansion, Internal Solid State Drive for Gamers, Professionals, Creators S880E",572.67,168.93,2026-08-05,4.6,1000,https://www.amazon.com/fanxiang-Compatible-Internal-Professionals-S880E/dp/B0D5M5D2XP,0.0,168.93
20260805_055550,2026-08-05T06:16:19.954501+00:00,amazon_usa,SSD,B0GP839YVJ,"SANDISK 2TB Optimus GX 7100M NVMe SSD - PCIe Gen 4, M.2 2230, Up to 7,250MB/s Read Speed, Up to 6,900MB/s Write Speed - SDSP71200TAT",1515.91,447.17,2026-08-05,3.4,3,https://www.amazon.com/SANDISK-2TB-Optimus-7100M-NVMe/dp/B0GP839YVJ,0.0,447.17
20260805_055550,2026-08-05T06:16:19.954501+00:00,amazon_usa,SSD,B0DT7SLKM6,Ridata A801 2TB SLC Cache NVMe 1.4 PCIe Gen 4x4 M.2 2280 SSD Internal Solid State Drive 3D NAND R/W Speed Upto 5000/4800 MB/s Storage for Gaming and Laptop & Desktop Upgrades,842.18,248.43,2026-08-05,4.8,14,https://www.amazon.com/Ridata-A801-Internal-Storage-Upgrades/dp/B0DT7SLKM6,0.0,248.43
20260805_055550,2026-08-05T06:16:19.954501+00:00,amazon_usa,SSD,B0BWTHRTX6,2TB AData Legend 710 PCIe Gen3 x4 M.2 2280 SSD Solid State Disk,798.41,235.52,2026-08-05,4.7,9,https://www.amazon.com/AData-Legend-PCIe-Solid-State/dp/B0BWTHRTX6,0.0,235.52
20260805_055550,2026-08-05T06:16:19.954501+00:00,amazon_usa,SSD,B0B4SWQ39Y,"Western Digital 2TB SN850 NVMe SSD for PS5 Consoles Solid State Drive with Heatsink - Gen4 PCIe, M.2 2280, Up to 7,000 MB/s - WDBBKW0020BBK-WRSN",1684.36,496.86,2026-08-05,4.8,4300,https://www.amazon.com/WD_BLACK-SN850-Consoles-Solid-Heatsink/dp/B0B4SWQ39Y,0.0,496.86
20260805_055550,2026-08-05T06:16:19.954501+00:00,amazon_usa,SSD,B0C27HY1QM,"Addlink New S91 2TB 2230 NVMe High Performance PCIe Gen4x4 2230 3D NAND SSD - Read Speed up to 5000 MB/s Compatible with Steam Deck, ROG Ally, Laptop, Internal Solid State Drive - (ad2TBS91M2P)",938.01,276.7,2026-08-05,4.7,281,https://www.amazon.com/Addlink-2230-NVMe-Performance-Gen4x4/dp/B0C27HY1QM,0.0,276.7
20260805_055550,2026-08-05T06:16:19.954501+00:00,amazon_usa,SSD,B0C7TR7H27,"Netac 2TB PCIe Gen4x4 M.2 SSD Up to 7,300 MB/s NVMe Internal SSD with Aluminum Heatspreader High-Performance Storage for Desktop and Laptop PCs Works with PS5, NV7000-t",943.27,278.25,2026-08-05,4.4,76,https://www.amazon.com/Netac-Internal-Aluminum-Heatspreader-High-Performance/dp/B0C7TR7H27,0.0,278.25
20260805_055550,2026-08-05T06:16:19.954501+00:00,amazon_usa,SSD,B0CZJX3XFP,SABRENT Rocket 4 2TB NVMe SSD PCIe Gen4 M.2 2280 Internal Solid State Drive Up to 7450MB/s Read 6400MB/s Write for PS5 Desktop Laptop Gaming High-Speed Storage Low Heat (SB-RKT4L-2TB),1010.59,298.11,2026-08-05,4.6,108,https://www.amazon.com/SABRENT-Rocket-DRAM-Less-PCIe-SB-RKT4L-2TB/dp/B0CZJX3XFP,0.0,298.11
20260805_055550,2026-08-05T06:16:19.954501+00:00,amazon_usa,SSD,B0C48B3RGL,"WD_BLACK 1TB SN850P NVMe M.2 SSD Officially Licensed Storage Expansion for PS5 Consoles, up to 7,300MB/s, with heatsink - WDBBYV0010BNC-WRSN",741.09,218.61,2026-08-05,4.8,11300,https://www.amazon.com/Western-Digital-Officially-Licensed-Expansion/dp/B0C48B3RGL,0.0,218.61
20260805_055550,2026-08-05T06:16:19.954501+00:00,amazon_usa,SSD,B0CZQN5K45,"Gigastone 【NAS Certified】 2TB High Endurance M.2 SSD (2-Pack) for Data Cache and Fast Boot, NVMe PCIe Gen3 Up to 2600MB/s, TLC Flash with SLC Caching, 24/7 Reliable for Gaming/PC/NAS, 5-Year Warranty",2796.07,824.8,2026-08-05,3.8,10,https://www.amazon.com/Gigastone-Enterprise-Endurance-Attached-Business/dp/B0CZQN5K45,0.0,824.8
20260805_055550,2026-08-05T06:16:19.954501+00:00,amazon_usa,SSD,B0FZJ74L7S,TEAMGROUP NV10000 2TB SLC Cache NVMe PCIe 5.0 Gen5x4 M.2 2280 Laptop Desktop SSD Read/Write Speed up to 10000 / 8500MB/s TM8FGP002T0C101,1347.49,397.49,2026-08-05,0.0,0,https://www.amazon.com/TEAMGROUP-NV10000-Gen5x4-Desktop-TM8FGP002T0C101/dp/B0FZJ74L7S,0.0,397.49
20260805_055550,2026-08-05T06:16:19.954501+00:00,amazon_usa,SSD,B0G2G7P5FC,"WD_Black 2TB SN7100X NVMe SSD - Built for ROG Xbox Ally (X) & PC, Read Speeds Up to 7,250MB/s, Internal Solid State Drive, Officially Licensed for ROG Xbox Ally (X) Gaming - WDBELH0020BBK-WRSN",1179.04,347.8,2026-08-05,4.7,22,https://www.amazon.com/WD_Black-2TB-SN7100X-NVMe-WDBELH0020BBK-WRSN/dp/B0G2G7P5FC,0.0,347.8
20260805_055550,2026-08-05T06:16:19.954501+00:00,amazon_usa,SSD,B0CB86YNPD,"Gigastone M.2 SSD 2TB PCIe 4.0 NVMe SSD PS5, Turbo Speed 5,000MB/s, Internal Gaming Storage for PC/Laptop, Ideal Gamers, Video Editing and Creators",1414.85,417.36,2026-08-05,4.5,23,https://www.amazon.com/Gigastone-Internal-Expansion-Graphics-Creators/dp/B0CB86YNPD,0.0,417.36
20260805_055550,2026-08-05T06:16:19.954501+00:00,amazon_usa,SSD,B0CSG68HF4,"Corsair MP600 Elite 2TB M.2 PCIe Gen4 x4 NVMe SSD – M.2 2280 – Up to 7,000MB/sec Sequential Read – High-Density 3D TLC NAND – Black",1347.53,397.5,2026-08-05,4.9,405,https://www.amazon.com/Corsair-MP600-Elite-PCIe-Gen4/dp/B0CSG68HF4,0.0,397.5
20260805_055550,2026-08-05T06:16:19.954501+00:00,amazon_usa,SSD,B0CHW5RBP2,"KingSpec 2TB M.2 2242 PCIe 4.0 SSD - Read Speed up to 7200MB/s, Internal M2 NVMe Gen4 SSD with 3D NAND Flash, Compatible with Laptop and Desktop",1333.93,393.49,2026-08-05,4.4,83,https://www.amazon.com/KingSpec-2TB-M-2-2242-PCIe/dp/B0CHW5RBP2,0.0,393.49
20260805_055550,2026-08-05T06:16:19.954501+00:00,amazon_usa,SSD,B0BPXRY7N2,"Samsung 990 PRO 2TB PCIe Gen 4.0 x4 (Maximum Transfer Rate 7,450MB/s) NVMe M.2 (2280) Internal SSD MZ-V9P2T0B-IT/EC",1391.29,410.41,2026-08-05,4.7,551,https://www.amazon.com/Samsung-Transfer-Internal-MZ-V9P2T0B-EC/dp/B0BPXRY7N2,0.0,410.41
20260805_055550,2026-08-05T06:16:19.954501+00:00,amazon_usa,SSD,B08KFRFL8F,"WD_BLACK 2TB SN850 NVMe Internal Gaming SSD Solid State Drive - Gen4 PCIe, M.2 2280, 3D NAND, Up to 7,000 MB/s - WDS200T1X0E",1590.99,469.32,2026-08-05,4.8,12900,https://www.amazon.com/WD_Black-SN850-Internal-Gaming-Solid/dp/B08KFRFL8F,0.0,469.32
20260805_055550,2026-08-05T06:16:19.954501+00:00,amazon_usa,SSD,B0FGCD7PYD,"KingSpec 2TB M.2 2242 NVMe SSD - Up to 3500 MB/s Read Speed, PCIe 3.0 SSD with 3D NAND Flash, Compatible with PC, Laptop and Desktop",1044.22,308.03,2026-08-05,4.5,79,https://www.amazon.com/KingSpec-2TB-M-2-2242-NVMe/dp/B0FGCD7PYD,0.0,308.03
20260805_055550,2026-08-05T06:16:30.369500+00:00,amazon_usa,SSD,B0DBR3DZWG,"Kingston NV3 1TB M.2 2280 NVMe SSD | PCIe 4.0 Gen 4x4 | Up to 6000 MB/s | SNV3S/1000G | Gen 4x4 NVMe SSD with 6,000MB/s read speeds and 4TB capacity for laptops, consoles and PCs",528.87,156.01,2026-08-05,4.7,13400,https://www.amazon.com/Kingston-NV3-Solid-State-Drive/dp/B0DBR3DZWG,0.0,156.01
20260805_055550,2026-08-05T06:16:30.369500+00:00,amazon_usa,SSD,B0DC8VPSHV,"Crucial P310 1TB SSD, PCIe Gen4 NVMe M.2 2280, Up to 7,100MB/s, for Laptop, Desktop (PC), & Handheld Gaming Consoles, Includes Acronis Data Recovery Software, Solid State Drive - CT1000P310SSD801",551.21,162.6,2026-08-05,4.8,10600,https://www.amazon.com/Crucial-P310-2280-PCIe-Gen4/dp/B0DC8VPSHV,8.0,170.6
20260805_055550,2026-08-05T06:16:30.369500+00:00,amazon_usa,SSD,B0BHJF2VRN,"Samsung SSD 990 PRO 1TB, PCIe 4.0 M.2 2280, Up to 7,450 MB/s | PCIe 4.0 NVMe SSD with 7450 MB/s read speed and 1TB capacity for gaming, video editing and data analysis",808.48,238.49,2026-08-05,4.8,13200,https://www.amazon.com/Samsung-SSD-990-PCIe-2280/dp/B0BHJF2VRN,0.0,238.49
20260805_055550,2026-08-05T06:16:30.369500+00:00,amazon_usa,SSD,B0DN7CYYSD,"WD_Black SN7100 1TB NVMe SSD - Gen4 PCIe, M.2 2280, Up to 7,250 MB/s Read Speed, Up to 6,900 MB/s Write Speed, Next Gen TLC 3D NAND, for Laptops, Handheld Gaming Devices - WDS100T4X0E",639.9,188.76,2026-08-05,4.8,6200,https://www.amazon.com/WD_BLACK-SN7100-Internal-Gaming-Solid/dp/B0DN7CYYSD,0.0,188.76
20260805_055550,2026-08-05T06:16:30.369500+00:00,amazon_usa,SSD,B0GJS98B1Q,"SANDISK 1TB Optimus 5100 NVMe SSD - PCIe 4.0 x4, M.2 2280, Up to 7,100 MB/s Read Speed - SDSP51100TAN",597.59,176.28,2026-08-05,4.7,14,https://www.amazon.com/SANDISK-1TB-Optimus-5100-NVMe/dp/B0GJS98B1Q,0.0,176.28
20260805_055550,2026-08-05T06:16:30.369500+00:00,amazon_usa,SSD,B0BTDP6P7Y,Patriot P400 Lite 1TB PCIe Gen 4 x4 SSD | Interface: PCIe Gen 4 x4.,505.28,149.05,2026-08-05,4.6,196,https://www.amazon.com/Patriot-P400-Solid-State-Drive/dp/B0BTDP6P7Y,0.0,149.05
20260805_055550,2026-08-05T06:16:30.369500+00:00,amazon_usa,SSD,B0F9T2R6MQ,"KOOTION 1TB NVMe Internal SSD PCIe 3.0, M.2 2280 NVMe Gen 3 Internal Solid State Drive Up to 3500MB/s, Less Heat for PC/Laptop",454.77,134.15,2026-08-05,4.4,48,https://www.amazon.com/KOOTION-Internal-Solid-3500MB-Laptop/dp/B0F9T2R6MQ,0.0,134.15
20260805_055550,2026-08-05T06:16:30.369500+00:00,amazon_usa,SSD,B0FJ8QFWBQ,"WD Blue SN5100 1TB NVMe SSD - M.2 2280, PCIe Gen 4.0, Internal Solid State Drive - Read Speeds Up to 7,100MB/s, Upgrade Storage for PC/Laptops - WDS100T5B0E",616.3,181.8,2026-08-05,4.8,776,https://www.amazon.com/Blue-SN5100-1TB-NVMe-SSD/dp/B0FJ8QFWBQ,0.0,181.8
20260805_055550,2026-08-05T06:16:30.369500+00:00,amazon_usa,SSD,B0DHLFWBQ1,"Samsung SSD 990 EVO Plus 1TB, PCIe Gen 4x4 | 5x2 M.2 2280, Up to 7,150 MB/s | NVMe Internal Solid State Drive, Upgrade Storage for PC/Laptops, HMB Technology & Intelligent Turbowrite 2.0 (MZ-V9S1T0B/A",800.48,236.13,2026-08-05,4.8,6800,https://www.amazon.com/Samsung-SSD-Plus-PCIe-2280/dp/B0DHLFWBQ1,0.0,236.13
20260805_055550,2026-08-05T06:16:30.369500+00:00,amazon_usa,SSD,B0FGQJ2C32,"SIX NVME X7400 M.2 SSD PCIe 4.0-512GB m.2 2280 ssd, Read UP to 5000MB/s for Gaming PS5 Memory Storage Expansion with Heatsink, Internal Solid State Hard Drive PCIe gen 4x4 Nvme for Laptop Desktop pc",326.73,96.38,2026-08-05,4.5,638,https://www.amazon.com/SIX-SSD-Storage-Internal-Solid/dp/B0FGQJ2C32,0.0,96.38
20260805_055550,2026-08-05T06:16:30.369500+00:00,amazon_usa,SSD,B0DBX6BKJP,Patriot P320 1TB PCIe Gen 3x4 M.2 2280 SSD | Form factor: M.2 2280; Interface: PCIe Gen 3x4.,488.43,144.08,2026-08-05,4.6,1500,https://www.amazon.com/Patriot-P320-1TB-Internal-SSD/dp/B0DBX6BKJP,0.0,144.08
20260805_055550,2026-08-05T06:16:30.369500+00:00,amazon_usa,SSD,B0FLJDY4VM,"Ediloca 1TB NVMe M.2 SSD PCIe Gen 3x4, Up to 2150MB/s Read, M.2 2280 Internal Solid State Drive, Dynamic SLC Cache, Compatible with PC, Desktop and Laptops(EN680E)",471.58,139.11,2026-08-05,4.6,246,https://www.amazon.com/Ediloca-Internal-Dynamic-Compatible-Desktop/dp/B0FLJDY4VM,0.0,139.11
20260805_055550,2026-08-05T06:16:30.369500+00:00,amazon_usa,SSD,B0CM8RVVG1,"Fanxiang 1TB NVMe SSD PCIe Gen4 M.2 Internal Gaming SSD for PS5, Up to 4800 MB/s, 3D NAND SLC Cache Solid State Drive Upgrade Storage for PC/Laptops S690Q",538.98,158.99,2026-08-05,4.4,1400,https://www.amazon.com/fanxiang-Internal-Playstation-Upgrade-S690Q/dp/B0CM8RVVG1,0.0,158.99
20260805_055550,2026-08-05T06:16:30.369500+00:00,amazon_usa,SSD,B0DM1R7KHZ,"BIWIN Black Opal NV7400 1TB SSD Gen4x4, Read Speed up to 7450MB/s, NVMe M.2 2280 PCIe 4.0 Internal PC Solid State Drive for Laptop/Desktop/PS5",589.52,173.9,2026-08-05,4.7,820,https://www.amazon.com/BIWIN-NV7400-Gen4x4-Internal-Desktop/dp/B0DM1R7KHZ,0.0,173.9
20260805_055550,2026-08-05T06:16:30.369500+00:00,amazon_usa,SSD,B0DMHKPC6J,"Western Digital 1TB WD Green SN3000 NVMe Internal SSD - Solid State Drive - Gen4 PCIe, M.2 2280, Up to 5,000 MB/s - WDS100T4G0E",522.13,154.02,2026-08-05,4.6,139,https://www.amazon.com/Western-Digital-Green-SN3000-Internal/dp/B0DMHKPC6J,8.0,162.02
20260805_055550,2026-08-05T06:16:30.369500+00:00,amazon_usa,SSD,B0H2DXH6HR,"KingSpec 1TB M.2 NVMe PCIe Gen4 SSD - Up to 7400MB/s Read, Championship Edition, 3D NAND Flash, Ideal for PS5, Gaming PC & Laptop Upgrade",518.7,153.01,2026-08-05,4.9,28,https://www.amazon.com/KingSpec-1TB-NVMe-PCIe-Gen4/dp/B0H2DXH6HR,0.0,153.01
20260805_055550,2026-08-05T06:16:34.503589+00:00,amazon_usa,SSD,B0GXKN6F68,"Bestoss 1TB NVMe M.2 SSD PCIe 3.0 2280 Internal SSD, Up to 2400MB/s | PCIe3.0 SSD, 3D NAND Dynamic SLC Cache, For Students, Home Entertainment, Office Work, Compatible with PC Desktops or Laptops",498.5,147.05,2026-08-05,4.5,28,https://www.amazon.com/Bestoss-NVMe-PCIe-Internal-2400MB/dp/B0GXKN6F68,0.0,147.05
20260805_055550,2026-08-05T06:16:34.503589+00:00,amazon_usa,SSD,B0BNQ1NXC3,"fanxiang S660 PCIe 4.0 1TB NVMe M.2 SSD for PS5 with Heatsink, Up to 5000MB/s, Internal Gaming SSD NAND SLC Cache Suitable for PS5 Enthusiasts, Technology Enthusiasts, IT Professionals",542.67,160.08,2026-08-05,4.7,3700,https://www.amazon.com/fanxiang-S660-Internal-Solid-State/dp/B0BNQ1NXC3,0.0,160.08
20260805_055550,2026-08-05T06:16:34.503589+00:00,amazon_usa,SSD,B07GCL6BR4,"Intel 660p Series M.2 2280 1TB PCIe NVMe 3.0 x4 3D2, QLC Internal Solid State Drive (SSD) SSDPEKNW010T8X1",512.06,151.05,2026-08-05,4.8,2700,https://www.amazon.com/Intel-Internal-Solid-State-SSDPEKNW010T8X1/dp/B07GCL6BR4,0.0,151.05
20260805_055550,2026-08-05T06:16:34.503589+00:00,amazon_usa,SSD,B0C9213GBX,"Lexar 1TB NM790 Internal NVMe SSD, 7400/6500 MB/s, M.2 2280, PCIe Gen 4x4 | Compatible w/ PS5, Gamers & Content Creators, PC & Laptops, SLC Cache, Single-Sided Design, LNM790X001T-RNNNU",673.73,198.74,2026-08-05,4.8,1200,https://www.amazon.com/Lexar-Internal-Compatible-Creators-LNM790X001T-RNNNU/dp/B0C9213GBX,0.0,198.74
20260805_055550,2026-08-05T06:16:34.503589+00:00,amazon_usa,SSD,B0D61Z8R1W,"Crucial P310 1TB M.2 2230 SSD, PCIe Gen4 NVMe, Up to 7,100MB/s, Internal Solid State Drive, Ideal for Steam Deck, ASUS ROG Ally, MSI Claw, Mini PCs & Ultrabooks - CT1000P310SSD2 | High speed gaming st",774.78,228.55,2026-08-05,4.8,2200,https://www.amazon.com/Crucial-2024-P310-PCIe-Gen4/dp/B0D61Z8R1W,0.0,228.55
20260805_055550,2026-08-05T06:16:34.503589+00:00,amazon_usa,SSD,B0CHJXHVZM,"WD_Black SN770M 1TB M.2 2230 NVMeSSD - PCIe Gen 4.0, Speeds up to 5150 MB/s, for Handheld Gaming Devices and Compatible laptops, TLC 3D NAND, Great for Asus ROG Ally, Steam Deck, Microsoft Surface",673.73,198.74,2026-08-05,4.7,784,https://www.amazon.com/WD_BLACK-SN770M-2230-NVMeSSD-WDBDNH0010BBK-WRSN/dp/B0CHJXHVZM,0.0,198.74
20260805_055550,2026-08-05T06:16:34.503589+00:00,amazon_usa,SSD,B0G52JN9TP,"JS990 1TB SSD PCIe Gen4 x4 NVMe M.2 2280, Up to 6000MB/s | Internal Solid State Drive for Gaming & Heavy Workloads, Compatible with PS5, Laptop & PC, 3-Year limited warranty",505.28,149.05,2026-08-05,4.8,18,https://www.amazon.com/ALYNCE-JS990-NVMe-Gen4x4-2280/dp/B0G52JN9TP,0.0,149.05
20260805_055550,2026-08-05T06:16:34.503589+00:00,amazon_usa,SSD,B0DQSJYD12,"Crucial E100 1TB M.2 NVMe PCIe Gen4 Internal SSD, Up to 5,000MB/s, Laptop & Desktop Compatible - CT1000E100SSD8",538.94,158.98,2026-08-05,4.5,932,https://www.amazon.com/Crucial-Internal-Laptop-Desktop-Compatible/dp/B0DQSJYD12,0.0,158.98
20260805_055550,2026-08-05T06:16:34.503589+00:00,amazon_usa,SSD,B0F3XL469M,"Bestoss 1TB M.2 SSD NVMe PCIe4.0 2280 Internal Hard Drive, Up to 5000 MB/s | PCIe4.0 M.2 2280 SSD, 3D NAND SLC Cache, SSD for Gaming PC Storage, Business Laptop, Home Entertainment, Creative Workflow",532.23,157.0,2026-08-05,4.6,100,https://www.amazon.com/Bestoss-NVMe-PCIe4-0-Internal-Drive/dp/B0F3XL469M,0.0,157.0
20260805_055550,2026-08-05T06:16:34.503589+00:00,amazon_usa,SSD,B0DWFPJSQB,"1TB NVMe SSD M.2 PCIe4.0 Gen 4×4, M.2 2280 Internal Gaming SSD, Seq. Read Speeds Up to 7,400 MB/s SLC Cache 3D NAND TLC Internal Solid State Drive Compatible with PS5 High End Computing Gaming",515.38,152.03,2026-08-05,4.6,143,https://www.amazon.com/RONGSHU-PCIe4-0-Internal-Computing-RP7000/dp/B0DWFPJSQB,0.0,152.03
20260805_055550,2026-08-05T06:16:34.503589+00:00,amazon_usa,SSD,B0FLXZV2CM,"Ediloca EN880E M.2 SSD 1TB NVMe SSD M2 2280 PCIe Gen 4x4, Read Up to 7100MB/s, Internal Solid State Drive for Laptop Desktop",532.23,157.0,2026-08-05,4.3,131,https://www.amazon.com/Ediloca-EN880E-7100MB-Internal-Desktop/dp/B0FLXZV2CM,0.0,157.0
20260805_055550,2026-08-05T06:16:34.503589+00:00,amazon_usa,SSD,B08GJBTCF6,"Timetec 1TB SSD NVMe PCIe Gen3x4 8Gb/s M.2 2280 3D NAND High Performance SLC Cache Read/Write Speed Up to 2,000/1,600 MB/s Internal Solid State Drive for PC Laptop and Desktop (1TB)",471.58,139.11,2026-08-05,4.6,1300,https://www.amazon.com/Timetec-Gen3x4-Performance-Internal-Desktop/dp/B08GJBTCF6,0.0,139.11
20260805_055550,2026-08-05T06:16:34.503589+00:00,amazon_usa,SSD,B0DQ9K7S1Q,"Crucial P310 2280 1TB PCIe Gen4 NVMe Gaming PS5 SSD with Heatsink, Up to 7,100MB/s, PlayStation5, Laptop & Desktop (PC) Compatible, Solid State Drive - CT1000P310SSD5-01",589.52,173.9,2026-08-05,4.7,1500,https://www.amazon.com/Crucial-Heatsink-PlayStation5-Desktop-Compatible/dp/B0DQ9K7S1Q,0.0,173.9
20260805_055550,2026-08-05T06:16:34.503589+00:00,amazon_usa,SSD,B0C9D8FHHF,"Fikwot FN955 1TB NVMe SSD M.2 2280 PCIe Gen4x4, Up to 7300MB/s, 3D NAND TLC Flash Internal Solid State Drive, Configure SLC Cache, Storage and Memory Expansion for PS5 Laptop Desktop",606.34,178.86,2026-08-05,4.6,1200,https://www.amazon.com/Fikwot-FN955-Internal-Solid-State/dp/B0C9D8FHHF,0.0,178.86
20260805_055550,2026-08-05T06:16:34.503589+00:00,amazon_usa,SSD,B0F43FF7PK,"Bestoss M.2 2280 NVMe Internal SSD 1TB Gen4,Up to 7350MB/s, SLC Cache & HMB | For PS5/PC/Laptop, Tailored for Gamers, Video Editors, High-End Creators, and AI Developers Demanding Blazing-Fast Speed",589.52,173.9,2026-08-05,4.6,134,https://www.amazon.com/Bestoss-Internal-Developers-Demanding-Blazing-Fast/dp/B0F43FF7PK,0.0,173.9
20260805_055550,2026-08-05T06:16:34.503589+00:00,amazon_usa,SSD,B0FW3Y7ZVD,"PNY CS2241 1TB PCIe Gen4 x4 NVMe M.2 2280 Internal SSD Complete Upgrade Kit | Up to 5,100MB/s, Includes Transfer Adapter/Acronis Software, PC/Laptop Upgrade for Gaming, Workstations, M280CS2241-1TBKIT",538.98,158.99,2026-08-05,4.4,6,https://www.amazon.com/PNY-CS2241-PCIe-Upgrade-M280CS2241-1TBKIT-RB/dp/B0FW3Y7ZVD,0.0,158.99
20260805_055550,2026-08-05T06:16:34.503589+00:00,amazon_usa,SSD,B0DZ5ZK225,"Crucial P510 PCIe Gen5 NVMe 1TB SSD, Up to 11,000MB/s, TLC NAND, Laptop & Desktop (PC) Compatible, for Gamers & Creatives, Solid State Drive – CT1000P510SSD8-01",704.04,207.68,2026-08-05,4.7,912,https://www.amazon.com/Crucial-Internal-Compatible-Desktop-Software/dp/B0DZ5ZK225,0.0,207.68
20260805_055550,2026-08-05T06:16:34.503589+00:00,amazon_usa,SSD,B0H5NQSCXK,"GIGABYTE AORUS Gen4 7000E SSD 1TB PCIe 4.0 NVMe M.2 Internal Solid State Hard Drive with Read Speed Up to 7100MB/s, Write Speed Up to 6100MB/s, AG470E1TB",640.03,188.8,2026-08-05,0.0,0,https://www.amazon.com/GIGABYTE-Internal-7100MB-6100MB-AG470E1TB/dp/B0H5NQSCXK,0.0,188.8
20260805_055550,2026-08-05T06:16:34.503589+00:00,amazon_usa,SSD,B0FYFGN783,"Fikwot FN960 1TB M.2 NVMe SSD PCIe Gen4 x4 2280 Internal Solid State Drive with Heatsink, Up to 5,000MB/s, Dynamic SLC Cache, Compatible with PS5 Internal SSD",559.18,164.95,2026-08-05,4.6,57,https://www.amazon.com/Fikwot-FN960-Internal-Heatsink-Compatible/dp/B0FYFGN783,0.0,164.95
20260805_055550,2026-08-05T06:16:34.503589+00:00,amazon_usa,SSD,B0FCS69ZZJ,"TEAMGROUP NV5000 1TB SLC Cache NVMe PCIe Gen4x4 M.2 2280 Laptop, Desktop SSD Read/Write Speed up to 4500 / 1900MB/s TM8FGM001T0C101",525.31,154.96,2026-08-05,4.3,14,https://www.amazon.com/TEAMGROUP-NV5000-Gen4x4-Desktop-TM8FGM001T0C101/dp/B0FCS69ZZJ,0.0,154.96
20260805_055550,2026-08-05T06:16:34.503589+00:00,amazon_usa,SSD,B0B7CKVCCV,"WD_BLACK SN850X 1TB NVMe SSD - M.2 2280, Up to 7,300 MB/s Read speeds, Up to 6,300 MB/s write speeds, Gaming Expansion, High Performance Internal Solid State Drive - WDS100T2X0E",754.61,222.6,2026-08-05,4.8,17600,https://www.amazon.com/WD_BLACK-SN850X-Internal-Gaming-Solid/dp/B0B7CKVCCV,0.0,222.6
20260805_055550,2026-08-05T06:16:34.503589+00:00,amazon_usa,SSD,B0F3BMBQ75,"WD_Black SN8100 1TB NVMe SSD - PCIe 5.0x4, M.2 2280, Up to 14,900MB/s Read Speed, up to 11,000MB/s Write Speed, Best for AI Applications, Gaming, and Video Editing - WDS100T1X0M Global Recycled Standa",909.54,268.3,2026-08-05,4.8,1000,https://www.amazon.com/WD_BLACK-SN8100-Internal-Solid-State/dp/B0F3BMBQ75,0.0,268.3
20260805_055550,2026-08-05T06:16:34.503589+00:00,amazon_usa,SSD,B0C7ZBJYQ5,"Ediloca 1TB SSD NVMe M.2 2280 PCIe Gen4 x4 Internal Solid State Drive - Up to 7400MB/s, 1TB SSD PS5 Dynamic SLC Cache, PS5 Compatible for Gaming PC Laptop(EN870)",606.34,178.86,2026-08-05,4.6,1100,https://www.amazon.com/Ediloca-EN870-Dynamic-Internal-Compatible/dp/B0C7ZBJYQ5,0.0,178.86
20260805_055550,2026-08-05T06:16:39.093607+00:00,amazon_usa,SSD,B0FLTZTGYF,"Bestoss M.2 2280 NVMe SSD 512GB PCIe 4.0, Up to 7350MB/s, SLC Cache & HMB | For PS5/PC/Laptop, Tailored for Gamers, Video Editors, High-End Creators, and AI Developers Demanding Blazing-Fast Speed",319.98,94.39,2026-08-05,4.6,134,,0.0,94.39
20260805_055550,2026-08-05T06:16:39.093607+00:00,amazon_usa,SSD,B0GXKPKNZR,"Bestoss 512GB NVMe M.2 SSD PCIe 3.0 2280 Internal SSD, Up to 2400MB/s | PCIe3.0 SSD, 3D NAND Dynamic SLC Cache, For Students, Home Entertainment, Office Work, Compatible with PC Desktops or Laptops",246.72,72.78,2026-08-05,4.5,28,,0.0,72.78
20260805_055550,2026-08-05T06:16:39.093607+00:00,amazon_usa,SSD,B0CXXVF3N2,"Fikwot FX660 1TB M.2 SSD, PCIe Gen 4x4 Dynamic SLC Cache - Speeds up to 4800MB/s M.2 2280 NVMe Internal SSD, Upgrade Storage for PC Computer, Laptop and PS5",525.48,155.01,2026-08-05,4.5,491,https://www.amazon.com/Fikwot-FX660-PCIe-Dynamic-Cache/dp/B0CXXVF3N2,0.0,155.01
20260805_055550,2026-08-05T06:16:39.093607+00:00,amazon_usa,SSD,B082BX6999,Patriot P300 M.2 PCIe Gen 3 x4 1TB Low-Power Consumption SSD | Interface: PCIe Gen 3 x4; Low-power design.,488.43,144.08,2026-08-05,4.6,5400,https://www.amazon.com/Patriot-P300-PCIe-Power-Consumption/dp/B082BX6999,0.0,144.08
20260805_055550,2026-08-05T06:16:39.093607+00:00,amazon_usa,SSD,B0DTY976K3,"1TB NVMe SSD M.2 SSD PCIe 3.0×4, Read Up to 3,500 MB/s, M.2 2280 Internal Soild State Drive, SLC Cache 3D NAND TLC, Compatible with Laptop and PC Desktops (RP3500)",491.82,145.08,2026-08-05,4.6,82,https://www.amazon.com/RONGSHU-Internal-Compatible-Laptop-Desktops/dp/B0DTY976K3,0.0,145.08
20260805_055550,2026-08-05T06:16:39.093607+00:00,amazon_usa,SSD,B0DDKNZV18,"SSK M.2 NVMe SSD 1TB PCIe Gen 4.0 x4 M.2 2280 Internal SSD Up to 7400MB/s | NVMe 2.0, PCIe Gen 4.0x4, DRAM-Less Low Power, Graphene Heatsink, S.M.A.R.T Trim Supported, Gaming Performance",572.67,168.93,2026-08-05,4.6,47,https://www.amazon.com/SSK-Internal-DRAM-Less-Consumption-Graphene/dp/B0DDKNZV18,0.0,168.93
20260805_055550,2026-08-05T06:16:39.093607+00:00,amazon_usa,SSD,B0D16ZQC3P,"Acer MA200 M.2 2230 SSD NVMe 1TB, PCIe Gen 4, Read Speeds Up to 5200 MB/s, Great for Steam Deck, Asus ROG Ally, Microsoft Surface Handheld Gaming Devices Storage Expansion - BL.9BWWA.154",673.73,198.74,2026-08-05,4.5,108,https://www.amazon.com/acer-Microsoft-Surface-Handheld-Expansion/dp/B0D16ZQC3P,0.0,198.74
20260805_055550,2026-08-05T06:16:39.093607+00:00,amazon_usa,SSD,B0F43QH751,"Bestoss 1TB NVMe M.2 SSD PCIe 3.0 M.2 2280 SSD, Internal SSD,Up to 3500MB/s | Internal Hard drive SSD,Dynamic SLC Cache, For Students, Home Entertainment, Office Work, Compatible with PC Desktops&Lapt",491.82,145.08,2026-08-05,4.4,101,https://www.amazon.com/GM328-Internal-Students-Entertainment-Compatible/dp/B0F43QH751,0.0,145.08
20260805_055550,2026-08-05T06:16:39.093607+00:00,amazon_usa,SSD,B0C58DL26N,"KingSpec XG7000 1TB NVMe SSD PCIe 4.0-7400MB/s Read Speed, 3D TLC NAND M.2 2280 Internal SSD, Compatible with Gaming PC, Laptop, PS5 Console",569.28,167.93,2026-08-05,4.4,1400,https://www.amazon.com/KingSpec-Gen4x4-Speed-Internal-PCIe4-0/dp/B0C58DL26N,0.0,167.93
20260805_055550,2026-08-05T06:16:39.093607+00:00,amazon_usa,SSD,B0DZX2Y9BP,"Addlink S85 1TB NVMe SSD M.2 2280 PCIe 4.0 Gen4 Internal Solid State Drive, Up to 6000MB/s, HMB Technology, 3D TLC NAND, Storage Upgrade for Laptop, Desktop PC, Gaming, Creators (ad1TBS85M2P)",537.11,158.44,2026-08-05,5.0,7,https://www.amazon.com/Addlink-Expansion-Internal-Technology-Creators/dp/B0DZX2Y9BP,0.0,158.44
20260805_055550,2026-08-05T06:16:39.093607+00:00,amazon_usa,SSD,B08PBFP4NV,Samsung 980 PRO 1TB PCIe 4.0 NVME M.2 SSD (MZ-V8P1T0BW),737.6,217.58,2026-08-05,4.8,373,https://www.amazon.com/Samsung-980-PCIe-NVME-MZ-V8P1T0BW/dp/B08PBFP4NV,0.0,217.58
20260805_055550,2026-08-05T06:16:39.093607+00:00,amazon_usa,SSD,B0CP9CXCXG,"KingSpec NX Series 1TB Gen3x4 NVMe M.2 SSD, Up to 3500MB/s, 3D NAND Flash M2 2280 Internal Solid State Drive, for Desktop and Laptop",497.55,146.77,2026-08-05,4.5,1600,https://www.amazon.com/KingSpec-Gen3x4-2280-Internal-Desktop/dp/B0CP9CXCXG,0.0,146.77
20260805_055550,2026-08-05T06:16:39.093607+00:00,amazon_usa,SSD,B0DYMKRV1M,msi SPATIUM M450 PCIe 4.0 NVMe M.2 1TB V1 Internal Gaming SSD up to 3400MB/s 3D NAND,590.64,174.23,2026-08-05,4.4,11,https://www.amazon.com/SPATIUM-M450-PCIe-Internal-Gaming-3400MB/dp/B0DYMKRV1M,8.0,182.23
20260805_055550,2026-08-05T06:16:39.093607+00:00,amazon_usa,SSD,B0CJRVN9HD,"Ediloca 1TB SSD NVMe M.2 2280 PCIe Gen4 x4 Internal Solid State Drive - Up to 5000MB/s, 1TB SSD PS5 Dynamic SLC Cache, PS5 Compatible for Gaming PC Laptop(EN705)",518.77,153.03,2026-08-05,4.5,688,https://www.amazon.com/Ediloca-EN705-Internal-Compatible-PS5%E3%80%81Laptops/dp/B0CJRVN9HD,0.0,153.03
20260805_055550,2026-08-05T06:16:39.093607+00:00,amazon_usa,SSD,B0F9XN4DCC,"Crucial T710 PCIe Gen5 NVMe 1TB SSD, Up to 14,900 MB/s, Laptop & Desktop Compatible (PC), for Creatives and Hardcore Gamers, Solid State Drive, Includes 1Mo Adobe CC – CT1000T710SSD8-01",929.74,274.26,2026-08-05,4.6,725,https://www.amazon.com/Internal-Compatible-Software-Mac-OS-X/dp/B0F9XN4DCC,0.0,274.26
20260805_055550,2026-08-05T06:16:39.093607+00:00,amazon_usa,SSD,B0D9YBN4L5,"Fikwot FX550 NVMe SSD 1TB M.2 SSD PCIe 3.0×4, Read Up to 3,500 MB/s, M2 2280 Internal Soild State Drive, Compatible with Desktop, Laptop and Mini PC, QLC NAND Flash",488.43,144.08,2026-08-05,4.4,340,https://www.amazon.com/Fikwot-FX550-Internal-Compatible-Desktop/dp/B0D9YBN4L5,0.0,144.08
20260805_055550,2026-08-05T06:16:39.093607+00:00,amazon_usa,SSD,B0BPXQ9BDV,"Samsung 990 PRO 1TB PCIe Gen 4.0 x4 (Maximum Transfer Rate 7,450MB/s) NVMe M.2 (2280) Internal SSD MZ-V9P1T0B-IT/EC",742.99,219.17,2026-08-05,4.6,141,https://www.amazon.com/Samsung-Transfer-Internal-MZ-V9P1T0B-EC/dp/B0BPXQ9BDV,8.0,227.17
20260805_055550,2026-08-05T06:16:39.093607+00:00,amazon_usa,SSD,B0FFGYM6T7,"M.2 NVMe SSD, Gen3x4 Internal Solid State Drive, Up to 1900MB/s, M.2 2280 1TB NVMe PCIe 3.0X4 SSD with Heatsink，3D NAND Flash，Compatible with PC, Desktop and Laptop",471.58,139.11,2026-08-05,0.0,0,https://www.amazon.com/HUADISK-Internal-Heatsink%EF%BC%8C3D-Flash%EF%BC%8CCompatible-Desktop/dp/B0FFGYM6T7,0.0,139.11
20260805_055550,2026-08-05T06:16:39.093607+00:00,amazon_usa,SSD,B0GRCGJSJT,"SABRENT Rocket 2242 1TB NVMe SSD, PCIe 4.0 M.2, 7300MB/s (SB-2742-1TB) | M.2 2242 internal SSD; TLC NAND; up to 7300/6400MB/s; for laptops, mini PCs, handhelds",869.54,256.5,2026-08-05,4.1,10,https://www.amazon.com/SABRENT-Rocket-2242-7300MB-SB-2742-1TB/dp/B0GRCGJSJT,0.0,256.5
20260805_055550,2026-08-05T06:16:39.093607+00:00,amazon_usa,SSD,B0FBMB9374,DATO Gen4 SSD with Heatsink 1TB NVMe PCIe 4.0 M.2 2280 Up to 7200/6850MB/s High Performance SSD for Gaming Creation – Ares Dark Sword Lite,542.33,159.98,2026-08-05,4.5,27,https://www.amazon.com/DATO-Heatsink-6850MB-Performance-Creation/dp/B0FBMB9374,0.0,159.98
20260805_055550,2026-08-05T06:16:39.093607+00:00,amazon_usa,SSD,B07XHMBQK3,TEAMGROUP MP33 1TB SLC Cache 3D NAND TLC NVMe 1.3 PCIe Gen3x4 M.2 2280 Internal SSD R/W Speed up to 1800/1500 MB/s Laptop & PC Desktop TM8FP6001T0C101,518.77,153.03,2026-08-05,4.7,4400,https://www.amazon.com/TEAMGROUP-Gen3x4-Internal-Desktop-TM8FP6001T0C101/dp/B07XHMBQK3,0.0,153.03
20260805_055550,2026-08-05T06:16:39.093607+00:00,amazon_usa,SSD,B0FH6N7CCQ,"fanxiang S790R 1TB NVMe M.2 SSD PCIe 4.0 x4, Internal Solid State Drive with RGB Heatsink, Up to 7450MB/s, 3D NAND TLC, PS5 Compatible, Ideal for Gaming, Creators & Professionals",640.03,188.8,2026-08-05,4.8,8,https://www.amazon.com/fanxiang-Internal-Heatsink-Compatible-Professionals/dp/B0FH6N7CCQ,0.0,188.8
20260805_055550,2026-08-05T06:16:43.740152+00:00,amazon_usa,SSD,B0GWDVDX1V,"KingSpec 2TB M.2 SSD 2280 NVMe PCIe 4.0 x4, Read/Write Speed up to 4000/3500MB/s, Internal M2 PCIe SSD Compatible with Gaming Console/Desktop/Gaming Laptop",828.69,244.45,2026-08-05,4.5,104,https://www.amazon.com/KingSpec-2280-Internal-Compatible-Console/dp/B0GWDVDX1V,0.0,244.45
20260805_055550,2026-08-05T06:16:43.740152+00:00,amazon_usa,SSD,B0BBLXYPLT,"Western Digital WDS100T2X0E-EC Western Digital SN850X 1TB M.2-2280 PCIe Gen4 x 4 NVMe (Read Up to 7,300MB/sec) Internal SSD",784.07,231.29,2026-08-05,4.7,187,https://www.amazon.com/Western-Digital-WDS100T2X0E-EC-M-2-2280-Internal/dp/B0BBLXYPLT,8.0,239.29
20260805_055550,2026-08-05T06:16:43.740152+00:00,amazon_usa,SSD,B0FPPP2RRB,"1TB NVMe PCIe 4.0 SSD, Up to 7,400MB/s Read & 6,500MB/s Write, 3D NAND, Graphene Heatsink, M.2 2280 Gen4x4 Internal SSD for PS5, Gaming Laptop, PC, Desktop Workstations",673.73,198.74,2026-08-05,4.7,48,https://www.amazon.com/OSCOO-Graphene-Heatsink-Internal-Workstations/dp/B0FPPP2RRB,0.0,198.74
20260805_055550,2026-08-05T06:16:43.740152+00:00,amazon_usa,SSD,B0D1R7NBB6,"KingSpec SSD 1TB, M.2 NVMe Gen3x4 SSD 2280 - Up to 2400MB/s, Internal Solid State Drive with 3D NAND Flash, Compatible with Desktop and Laptop",481.62,142.07,2026-08-05,4.6,1600,https://www.amazon.com/KingSpec-SSD-NVMe-Gen3x4-2280/dp/B0D1R7NBB6,0.0,142.07
20260805_055550,2026-08-05T06:16:43.740152+00:00,amazon_usa,SSD,B0DPG1DM38,"fanxiang S880R 1TB PCIe 4.0 NVMe SSD with Heatsink for PS5, M.2 2280 Gen4x4 Internal Solid State Drive, Up to 7300MB/s, 3D NAND TLC, Compatible with Desktop, Laptop, PS5",626.57,184.83,2026-08-05,4.4,33,https://www.amazon.com/fanxiang-Heatsink-7300MB-Internal-S880R/dp/B0DPG1DM38,0.0,184.83
20260805_055550,2026-08-05T06:16:43.740152+00:00,amazon_usa,SSD,B0F43HC711,"Bestoss 1TB PCIe 4.0 NVMe M.2 2280 SSD with Heatsink,PS5 Storage,7350MB/s | PS5 Memory Storage Expansion SSD, SLC Cache&HMB, Tailored for Gamers, Editors&AI Creators Demanding Blazing-Fast Speed",592.03,174.64,2026-08-05,4.7,62,https://www.amazon.com/Bestoss-PCIe-Heatsink-Storage-7350MB/dp/B0F43HC711,0.0,174.64
20260805_055550,2026-08-05T06:16:43.740152+00:00,amazon_usa,SSD,B0F3776YTK,"RAOYI 1TB NVMe Internal Solid State Drive M.2 2280 PCIe Gen4x4 SSD, Up to 5000MB/s, Configure SLC Cache, Storage and Memory Expansion for PS5 Laptop Desktop",479.01,141.3,2026-08-05,4.4,33,https://www.amazon.com/RAOYI-Internal-Configure-Storage-Expansion/dp/B0F3776YTK,0.0,141.3
20260805_055550,2026-08-05T06:16:43.740152+00:00,amazon_usa,SSD,B0F4425DTW,"Kingston FURY Renegade G5 1024GB NVMe SSD | PCIe 5.0 M.2 2280 | Up to 14,8000MB/s | SFYR2S/1T0",821.8,242.42,2026-08-05,4.7,128,https://www.amazon.com/Kingston-Fury-Renegade-1024GB-SFYR2S-standard/dp/B0F4425DTW,0.0,242.42
20260805_055550,2026-08-05T06:16:43.740152+00:00,amazon_usa,SSD,B0GTZ4HX1P,"1TB M.2 NVMe SSD 2280, PCIe Gen3 x4 Internal Solid State Drive, Up to 3200MB/s, 3D NAND TLC with SLC Cache, High-Speed Storage Upgrade for Laptop & Desktop PC",505.28,149.05,2026-08-05,4.2,3,https://www.amazon.com/Lufasnd-Internal-High-Speed-Storage-Upgrade/dp/B0GTZ4HX1P,0.0,149.05
20260805_055550,2026-08-05T06:16:43.740152+00:00,amazon_usa,SSD,B0DZT6F4QZ,"Aiibe 1TB NVMe M.2 SSD Internal Solid State Drive PCIe 4.0 M.2 2280 1TB SSD Read Speeds Up to 7450MB/s for Laptop, PC, Gaming, Video Editing, PS5",606.34,178.86,2026-08-05,4.4,57,https://www.amazon.com/Aiibe-X16Plus-Internal-Upgrade-Storage/dp/B0DZT6F4QZ,0.0,178.86
20260805_055550,2026-08-05T06:16:43.740152+00:00,amazon_usa,SSD,B0DZX42SD7,"fanxiang 1TB M.2 2230 NVMe SSD, PCIe Gen 4x4 Speed up to 5000 MB/s, 2230 SSD Compatible with Steam Deck/ROG Ally/Microsoft Surface Pro/Mini PCs, S630",673.73,198.74,2026-08-05,4.6,249,https://www.amazon.com/fanxiang-Speed-Compatible-Microsoft-Surface/dp/B0DZX42SD7,0.0,198.74
20260805_055550,2026-08-05T06:16:43.740152+00:00,amazon_usa,SSD,B0CK39YR9V,"Crucial T500 PCIe Gen4 NVMe 1TB SSD, Up to 7,300MB/s, TLC NAND, Laptop & Desktop (PC) Compatible, for Creatives and Gamers, Solid State Drive, Includes 1Mo Adobe CC – CT1000T500SSD8",936.18,276.16,2026-08-05,4.8,5500,https://www.amazon.com/Crucial-Internal-Gaming-Desktop-Compatible/dp/B0CK39YR9V,0.0,276.16
20260805_055550,2026-08-05T06:16:43.740152+00:00,amazon_usa,SSD,B0F94211C5,"Fikwot FN990 1TB NVMe SSD M.2 2280 PCIe Gen4x4 with RGB Heatsink, Up to 7400MB/s, 3D NAND TLC, Internal Gaming Solid State Drive for PS5 & Desktop",606.34,178.86,2026-08-05,4.7,53,https://www.amazon.com/Fikwot-FN990-Heatsink-Internal-Desktop/dp/B0F94211C5,0.0,178.86
20260805_055550,2026-08-05T06:16:43.740152+00:00,amazon_usa,SSD,B0BBQNZPXW,"SUNEAST 1TB M.2 2280 PCIe 3.0 NVMe Gen3x4 SSD | Up to 3520MB/s Read, 2900MB/s Write, 3D NAND Flash Internal Solid State Drive for Laptop & Desktop",474.97,140.11,2026-08-05,4.4,238,https://www.amazon.com/SUNEAST-2280-PCIe-NVMe-Gen3x4/dp/B0BBQNZPXW,0.0,140.11
20260805_055550,2026-08-05T06:16:43.740152+00:00,amazon_usa,SSD,B0H2H4B1GX,"KingSpec 1TB M.2 NVMe Gen3 SSD 2280, 3500MB/s Read Speed, for Laptop PC | PCIe 3.0 Internal Solid State Drives, 3D NAND Flash, Ideal for Soccer Season Gaming, video editing, fast boot & upgrades",491.75,145.06,2026-08-05,4.6,19,https://www.amazon.com/KingSpec-NVMe-3500MB-Speed-Laptop/dp/B0H2H4B1GX,0.0,145.06
20260805_055550,2026-08-05T06:16:43.740152+00:00,amazon_usa,SSD,B0CNSVG1QB,"fanxiang S501Q SSD 1TB PCle 3.0x4 Internal Solid State Drive, NVMe M.2 2280 Internal Solid State Drive, SLC Cache 3D NAND Up to 3200MB/s for Laptop and PC Desktops",505.28,149.05,2026-08-05,4.6,999,https://www.amazon.com/fanxiang-S501Q-Internal-3600MB-Desktops/dp/B0CNSVG1QB,0.0,149.05
20260805_055550,2026-08-05T06:16:43.740152+00:00,amazon_usa,SSD,B0CK2S298S,"Crucial T500 1TB PCIe Gen4 NVMe Gaming PS5 SSD with Heatsink, Up to 7,300MB/s, TLC NAND, PlayStation 5 Compatible, Laptop, & Desktop (PC), Solid State Drive, Includes 1Mo Adobe CC – CT1000T500SSD5 | P",796.75,235.03,2026-08-05,4.8,2700,https://www.amazon.com/Crucial-Internal-Playstation-Compatible-CT1000T500SSD5/dp/B0CK2S298S,0.0,235.03
20260805_055550,2026-08-05T06:16:43.740152+00:00,amazon_usa,SSD,B0FH26Q8NH,"fanxiang 1TB PCIe 5.0 x4 NVMe M.2 SSD,Up to 14000 MB/s,DRAM Cache and SLC NAND,High Performance Solid State Drive for AI Applications, Gaming, PC, Laptop",673.73,198.74,2026-08-05,4.1,34,https://www.amazon.com/fanxiang-Performance-Applications-Gaming-Laptop/dp/B0FH26Q8NH,0.0,198.74
20260805_055550,2026-08-05T06:16:43.740152+00:00,amazon_usa,SSD,B0D2K6PJJW,"Transcend MTE410 1TB M.2 2242 SSD, Up to 5000MB/s, PCIe Gen4x4 NVMe 3D TLC, for Ultra-Thin Laptops/Lenovo ThinkPad/Yoga Gen 6/ASUS ExpertBook/ZenBook/Mini PC/DRAM-Less Design for Low Power Consumption",909.54,268.3,2026-08-05,4.6,395,https://www.amazon.com/Transcend-Ultra-Thin-ThinkPad-ExpertBook-DRAM-Less-Consumption/dp/B0D2K6PJJW,0.0,268.3
20260805_055550,2026-08-05T06:16:43.740152+00:00,amazon_usa,SSD,B09DVQQL9G,"Western Digital 1TB WD Green SN350 NVMe Internal SSD Solid State Drive - Gen3 PCIe, QLC, M.2 2280, Up to 3,200 MB/s - WDS100T3G0C",505.28,149.05,2026-08-05,4.7,12900,https://www.amazon.com/Western-Digital-Green-SN350-Internal/dp/B09DVQQL9G,8.0,157.05
20260805_055550,2026-08-05T06:16:48.801383+00:00,amazon_usa,SSD,B0GDWMGZFN,"fanxiang S501 128GB NVMe SSD 3D NAND1.3 PCIe Gen3x4 M.2 2280 Internal Solid State Drive (Read Speed up to 1,100 MB/s) Compatible with Laptop & PC Desktop",121.23,35.76,2026-08-05,4.4,1000,,0.0,35.76
20260805_055550,2026-08-05T06:16:48.801383+00:00,amazon_usa,SSD,B08LB5LQ65,"Seagate Barracuda Q5 1TB Internal SSD - M.2 NVMe PCIe Gen3 ×4, 3D QLC for Desktop or Laptop, 1-Year Rescue Services (ZP1000CV3A001)",670.34,197.74,2026-08-05,4.7,1600,https://www.amazon.com/Seagate-Barracuda-1TB-Internal-ZP1000CV3A001/dp/B08LB5LQ65,0.0,197.74
20260805_055550,2026-08-05T06:16:48.801383+00:00,amazon_usa,SSD,B0G56GMBW2,"JS890 SSD 1TB, PCIe Gen3 NVMe M.2 2280, Up to 3000MB/s | Internal Solid State Drive for Gaming & Daliy Work, Compatible with Laptop & PC, 3-Year Limited Warranty",449.72,132.66,2026-08-05,0.0,0,https://www.amazon.com/ALYNCE-JS890-NVMe-Gen3x4-2280/dp/B0G56GMBW2,0.0,132.66
20260805_055550,2026-08-05T06:16:48.801383+00:00,amazon_usa,SSD,B0DBPTR3G3,"Fikwot FX953 M.2 2230 SSD 1TB NVMe SSD for Steam Deck PCIe Gen 4x4, Read Up to 5000MB/s, M2 2230 Internal Soild State Drive, Compatible with ASUS ROG Ally, Microsoft Surface Pro",606.34,178.86,2026-08-05,4.4,137,https://www.amazon.com/Fikwot-FX953-Internal-Compatible-Microsoft/dp/B0DBPTR3G3,0.0,178.86
20260805_055550,2026-08-05T06:16:48.801383+00:00,amazon_usa,SSD,B0GFCDWP2X,"MMOMENT MX44 PRO 1TB PCIe 4.0 NVMe M.2 2230 SSD, 5000MB/s Read | Up to 4700MB/s write; 1TB expands storage for games, apps, and files on compatible handhelds and M.2 2230 devices",741.09,218.61,2026-08-05,5.0,4,https://www.amazon.com/MMOMENT-MX44-PRO-Internal-Compatible/dp/B0GFCDWP2X,0.0,218.61
20260805_055550,2026-08-05T06:16:48.801383+00:00,amazon_usa,SSD,B0CM41J7F9,"Corsair MP700 PRO 1TB M.2 PCIe Gen5 x4 NVMe 2.0 SSD – M.2 2280 – Up to 11,700MB/sec Sequential Read – High-Density TLC NAND – Black",842.18,248.43,2026-08-05,4.6,413,https://www.amazon.com/Corsair-MP700-PCIe-Gen5-NVMe/dp/B0CM41J7F9,0.0,248.43
20260805_055550,2026-08-05T06:16:48.801383+00:00,amazon_usa,SSD,B0DMHS9HQ4,"Western Digital 500GB WD Green SN3000 NVMe Internal SSD - Solid State Drive - Gen4 PCIe, M.2 2280, Up to 5,000 MB/s - WDS500G4G0E",384.05,113.29,2026-08-05,4.7,149,https://www.amazon.com/Western-Digital-500GB-SN3000-Internal/dp/B0DMHS9HQ4,0.0,113.29
20260805_055550,2026-08-05T06:16:48.801383+00:00,amazon_usa,SSD,B0DCLJ6KPX,Ridata E801 1TB NVMe M.2 PCIe Gen3x4 2280 SSD Internal Solid State Drive 3D NAND Read Upto 2200MB/s Write Upto 1800MB/s,468.23,138.12,2026-08-05,4.4,27,https://www.amazon.com/Ridata-Gen3x4-Internal-2200MB-1800MB/dp/B0DCLJ6KPX,0.0,138.12
20260805_055550,2026-08-05T06:16:48.801383+00:00,amazon_usa,SSD,B0BR7PJGQY,Vansuny 1TB NVMe M.2 Internal Solid State Drive PCIe 3.0 TLC M.2 SSD 3D NAND 2280 Speed up to 3400/2900MB/s Internal Solid State Hard Drive PCIe SSD,483.21,142.54,2026-08-05,4.4,187,https://www.amazon.com/Vansuny-Internal-Solid-State-2100MB/dp/B0BR7PJGQY,0.0,142.54
20260805_055550,2026-08-05T06:16:48.801383+00:00,amazon_usa,SSD,B0CN1M7X89,"SANDISK 1TB Extreme M.2 NVMe SSD - PCIe Gen 4.0, Up to 5,150 MB/s - Internal Solid State Drive - SDSSDX3N-1T00-G26",788.28,232.53,2026-08-05,4.5,405,https://www.amazon.com/SanDisk-1TB-Extreme-M-2-NVMe-SDSSDX3N-1T00-G26/dp/B0CN1M7X89,0.0,232.53
20260805_055550,2026-08-05T06:16:48.801383+00:00,amazon_usa,SSD,B0CSG3V9GJ,"Corsair MP600 Elite 1TB M.2 PCIe Gen4 x4 NVMe SSD – M.2 2280 – Up to 7,000MB/sec Sequential Read – High-Density 3D TLC NAND – Black",842.18,248.43,2026-08-05,4.9,405,https://www.amazon.com/Corsair-MP600-Elite-PCIe-Gen4/dp/B0CSG3V9GJ,0.0,248.43
20260805_055550,2026-08-05T06:16:48.801383+00:00,amazon_usa,SSD,B0BNQ2DFX6,"fanxiang S770 1TB NVMe M.2 SSD for PS5 - with Heatsink and DRAM, Up to 7300MB/s, PCIe 4.0, Suitable for PS5 Memory Expansion, Game Enthusiasts, IT Professionals",640.03,188.8,2026-08-05,4.4,3000,https://www.amazon.com/S770-1TB-NVMe-M-2-Professionals/dp/B0BNQ2DFX6,0.0,188.8
20260805_055550,2026-08-05T06:16:48.801383+00:00,amazon_usa,SSD,B08FQVNY5K,"KingSpec 1TB M.2 2242 NVMe SSD, PCIe 3.0 x 2, for Laptop/Mini PC Upgrade | 1200/1000MB/s R/W, 3D NAND, Fast Boot, Quick File Transfers, Ideal 2242 Second Drive for Ultrabooks, Mini PCs, OS & Storage",505.21,149.03,2026-08-05,4.6,177,https://www.amazon.com/KingSpec-Performance-Internal-Solid-Ultrabook/dp/B08FQVNY5K,0.0,149.03
20260805_055550,2026-08-05T06:16:48.801383+00:00,amazon_usa,SSD,B07K7LRB2T,"Addlink S70 Lite 1TB NVMe SSD – M.2 2280 PCIe Gen3x4, Up to 3,200/2,600 MB/s Read/Write, Internal Solid State Drive for Laptop & Desktop, 3D NAND, 5-Year Warranty (ad1TBS70M2P)",493.31,145.52,2026-08-05,4.6,1300,https://www.amazon.com/Addlink-S70-Lite-1TB-NVMe/dp/B07K7LRB2T,0.0,145.52
20260805_055550,2026-08-05T06:16:48.801383+00:00,amazon_usa,SSD,B0GHYGLNTT,"SANDISK 1TB Optimus GX PRO 8100 PCIe 5.0 NVMe SSD - M.2 2280, Up to 14,900 MB/s Read Speed, Lightning-Fast Performance - SDSP82100TAN | PCIe 5.0 NVMe SSD with 14,900MB/s read speed and M.2 2280 form f",1010.59,298.11,2026-08-05,4.2,31,https://www.amazon.com/SANDISK-Optimus-8100-PCIe-NVMe/dp/B0GHYGLNTT,0.0,298.11
20260805_055550,2026-08-05T06:16:48.801383+00:00,amazon_usa,SSD,B0BFVWF96P,"Netac 1TB NVMe PCIe Gen3x4 M.2 Internal Solid State Drive Up to 3,100 MB/s with Aluminum Heatspreader 300TBW, Built for Gaming",495.18,146.07,2026-08-05,4.3,28,https://www.amazon.com/Netac-NV3000-Internal-Storage-Devices/dp/B0BFVWF96P,0.0,146.07
20260805_055550,2026-08-05T06:16:48.801383+00:00,amazon_usa,SSD,B0FP58X7TP,"Gigastone 1TB Game Turbo PCIe Gen4x4 SSD (2-Pack) Up to 7,300MB/s with SLC Caching Gaming/PC/Desktop/Laptop 5-Year Warranty M.2 NVMe PCIe 4.0 2280 Internal Solid State Drive",1347.49,397.49,2026-08-05,5.0,9,https://www.amazon.com/Gigastone-Internal-Upgrade-Rendering-Creators/dp/B0FP58X7TP,0.0,397.49
20260805_055550,2026-08-05T06:16:48.801383+00:00,amazon_usa,SSD,B0DDN9CJCK,"DATO M.2 2230 SSD 1TB, PCIe Gen 4x4 NVMe Internal Solid State Drive with Aluminum Heatsink, Compatible with Steam Deck, ROG Ally, Surface Pro, Mini PCs, Ultrabook, Up to 5000/3200 MB/s - ARES ARS430",683.83,201.72,2026-08-05,4.5,101,https://www.amazon.com/DATO-Internal-Aluminum-Compatible-Ultrabook/dp/B0DDN9CJCK,0.0,201.72
20260805_055550,2026-08-05T06:16:48.801383+00:00,amazon_usa,SSD,B0C48P4RRJ,"Fikwot FN501 Pro 256GB NVMe SSD - M.2 2280 PCIe Gen3 x4 Internal Solid State Drive with Graphene Cooling Sticker, Up to 3,000MB/s, SLC Cache 3D NAND TLC, Compatible with Laptop & PC Desktop",198.72,58.62,2026-08-05,4.6,1600,,0.0,58.62
20260805_055550,2026-08-05T06:17:04.567633+00:00,amazon_usa,MOTHERBOARD,B0DGWRK1PN,"ASUS ROG Strix Z890-E Gaming WiFi Intel® Z890 LGA 1851 ATX Motherboard, Advanced AI PC-Ready, 18+2+1+2 Stages, DDR5, WiFi 7, 7X M.2, Thunderbolt™ 4, USB Type-C®, AI Overclocking, Cooling & Networking",1249.01,368.44,2026-08-05,4.4,136,https://www.amazon.com/ASUS-ROG-Z890-ThunderboltTM-Overclocking/dp/B0DGWRK1PN,0.0,368.44
20260805_055550,2026-08-05T06:17:04.567633+00:00,amazon_usa,MOTHERBOARD,B0DGWHZKMC,"ASUS ROG STRIX Z890-A GAMING WIFI Z890 LGA 1851 ATX motherboard, Intel® Core™ Ultra Series 2 Ready, Advanced AI PC-ready, 16+2+1+2 stages, DDR5, WiFi 7, 2.5G, 5x M.2, Thunderbolt™ 4, USB Type-C, AI OC",943.23,278.24,2026-08-05,4.3,122,https://www.amazon.com/ASUS-ROG-STRIX-GAMING-WIFI/dp/B0DGWHZKMC,0.0,278.24
20260805_055550,2026-08-05T06:17:04.567633+00:00,amazon_usa,MOTHERBOARD,B0DGW9S82G,"ASUS ProArt Z890-CREATOR WIFI Z890 LGA 1851 ATX Motherboard, Intel® Core™ Ultra Processor Series 2 Ready, 16+2+1+2 stages, PCIe® 5.0, DDR5, Thunderbolt™ 5 Type-C®, 10+2.5 Gb LAN, WiFi 7, 5x M.2, AI OC",1491.36,439.93,2026-08-05,4.4,94,https://www.amazon.com/ASUS-Z890-CREATOR-WIFI-Motherboard-ThunderboltTM/dp/B0DGW9S82G,0.0,439.93
20260805_055550,2026-08-05T06:17:04.567633+00:00,amazon_usa,MOTHERBOARD,B0DGWWRTPV,"ASUS ROG Maximus Z890 Hero Intel® Z890 LGA 1851 ATX Motherboard, Advanced AI PC-Ready, 22+2+1+2 Stages, DDR5, WiFi 7, 3X PCIe® 5.0 M.2, Thunderbolt™ 4, USB Type-C®, AI Overclocking/Cooling/Networking",1462.01,431.27,2026-08-05,4.2,136,https://www.amazon.com/ASUS-ROG-Z890-ThunderboltTM-Overclocking/dp/B0DGWWRTPV,0.0,431.27
20260805_055550,2026-08-05T06:17:04.567633+00:00,amazon_usa,MOTHERBOARD,B0DJP95MGB,"GIGABYTE Z890 AORUS Elite WIFI7 Intel Core Ultra (Series 2) LGA 1851 Motherboard, ATX, DDR5, 4X M.2, PCIe 5.0, Thunderbolt 4, 2.5GbE LAN, EZ-Latch",842.18,248.43,2026-08-05,4.6,110,https://www.amazon.com/GIGABYTE-Z890-AORUS-WIFI7-Motherboard/dp/B0DJP95MGB,25.0,273.43
20260805_055550,2026-08-05T06:17:04.567633+00:00,amazon_usa,MOTHERBOARD,B0H2B5NTL5,"MAG Z890 Tomahawk WiFi II Motherboard, ATX - Supports Intel Core Ultra Processors (Series 2), LGA 1851 - DDR5 Memory Boost 4 x DDR5 (9200+ MT/s OC), 1 x PCIe 5.0 x16, 1 x M.2 Gen5, 5G LAN, Wi-Fi 7",802.31,236.67,2026-08-05,4.0,17,https://www.amazon.com/MAG-Z890-Tomahawk-WiFi-Motherboard/dp/B0H2B5NTL5,0.0,236.67
20260805_055550,2026-08-05T06:17:04.567633+00:00,amazon_usa,MOTHERBOARD,B0D66D6GW9,"ASUS TUF Gaming Z890-PRO WiFi Z890 LGA 1851 ATX Motherboard, Intel® Core™ Ultra Series 2 Ready, Advanced AI PC-Ready, 16+1+2+1 Stages, DDR5, PCIe® 5.0, Thunderbolt 4 Type-C, 4X M.2, Wi-Fi 7, 2.5Gb",862.72,254.49,2026-08-05,4.1,66,https://www.amazon.com/ASUS-TUF-Z890-PRO-Motherboard-Thunderbolt/dp/B0D66D6GW9,0.0,254.49
20260805_055550,2026-08-05T06:17:04.567633+00:00,amazon_usa,MOTHERBOARD,B0DJQ31RNB,ASRock Z890 Pro RS WiFi 6E Intel Core Ultra LGA1851 RL-ILM ATX Motherboard DDR5 8666 MHz 256 GB Thunderbolt M.2,606.34,178.86,2026-08-05,4.1,9,https://www.amazon.com/ASRock-Z890-RS-Motherboard-Thunderbolt/dp/B0DJQ31RNB,25.0,203.86
20260805_055550,2026-08-05T06:17:04.567633+00:00,amazon_usa,MOTHERBOARD,B0DPY5WKGF,"msi PRO Z890-S WiFi White Motherboard, ATX - Supports Intel Core Ultra Processors (Series 2), LGA 1851 - DDR5 Memory Boost (8600+ MT/s OC), PCIe 5.0 x16 & 4.0 x16, M.2 Gen5, Wi-Fi 7, 2.5G LAN",673.73,198.74,2026-08-05,4.4,41,https://www.amazon.com/MSI-Z890-S-WiFi-White-Motherboard/dp/B0DPY5WKGF,0.0,198.74
20260805_055550,2026-08-05T06:17:04.567633+00:00,amazon_usa,MOTHERBOARD,B0DJPTRFN6,"msi MPG Z890 Carbon WiFi Gaming Motherboard (Support Core Ultra Series 2 Intel Processors, LGA 1851, DDR5, PCIe 5.0, M.2, SATA, 5Gbps LAN, USB Type-C, Wi-Fi 7, Bluetooth 5.4, Thunderbolt 4, ATX)",1145.21,337.82,2026-08-05,4.2,44,https://www.amazon.com/MSI-MPG-Z890-Motherboard-Thunderbolt/dp/B0DJPTRFN6,0.0,337.82
20260805_055550,2026-08-05T06:17:04.567633+00:00,amazon_usa,MOTHERBOARD,B0FBB9TQ5L,"ASUS Z790-AYW WiFi W II Intel Z790 (LGA 1700) ATX Motherboard with PCIe® 5.0, 3X M.2, 12+1 DrMOS, DDR5, WiFi 6, 2.5Gb LAN, HDMI, USB 10Gbps Type-C®, USB 10Gbps Type-C®, Thunderbolt™, USB4®, Aura Sync",674.68,199.02,2026-08-05,4.4,136,https://www.amazon.com/ASUS-Z790-AYW-II-Motherboard-ThunderboltTM/dp/B0FBB9TQ5L,0.0,199.02
20260805_055550,2026-08-05T06:17:04.567633+00:00,amazon_usa,MOTHERBOARD,B0DJHNV6BR,ASRock Intel Core Ultra Z890 Lightning WiFi 7 Phantom Gaming 9066 MHz DDR5 256 GB ATX Motherboard M.2 LGA1851RL-ILM,606.34,178.86,2026-08-05,3.1,8,https://www.amazon.com/ASRock-Z890-Lightning-Motherboard-LGA1851RL-ILM/dp/B0DJHNV6BR,25.0,203.86
20260805_055550,2026-08-05T06:17:04.567633+00:00,amazon_usa,MOTHERBOARD,B0FZFYHJW6,"MSI MAG Z890 Tomahawk WiFi Gaming Motherboard (LGA 1851, Intel Z890 Chipset, DDR5, PCIe 5.0, Wi-Fi 7, Bluetooth 5.4, USB Type-C, ATX) (Renewed)",567.45,167.39,2026-08-05,3.2,3,https://www.amazon.com/MAG-Z890-Tomahawk-Motherboard-Bluetooth/dp/B0FZFYHJW6,25.0,192.39
20260805_055550,2026-08-05T06:17:04.567633+00:00,amazon_usa,MOTHERBOARD,B0DM4C1MM2,"msi MEG Z890 Unify-X Motherboard, ATX - Supports Intel Core Ultra Processors (Series 2), LGA 1851-110A SPS, DDR5 Memory (9600+ MT/s OC), PCIe 5.0 & 4.0 x16, M.2 Gen5, Thunderbolt 4, Wi-Fi 7, 5G LAN",1347.49,397.49,2026-08-05,4.5,10,https://www.amazon.com/MSI-MEG-Z890-Unify-X-Motherboard/dp/B0DM4C1MM2,0.0,397.49
20260805_055550,2026-08-05T06:17:04.567633+00:00,amazon_usa,MOTHERBOARD,B0DY9HDDRQ,"msi PRO Z890-S WiFi PZ Motherboard, Back-Connect ATX - Supports Intel Core Ultra Processors (Series 2), LGA 1851 - DDR5 Memory Boost (8600+ MT/s OC), PCIe 5.0 x16, M.2 Gen5, Wi-Fi 7, 2.5G LAN",774.78,228.55,2026-08-05,4.5,27,https://www.amazon.com/MSI-PRO-Z890-S-WiFi-Back-Connect/dp/B0DY9HDDRQ,0.0,228.55
20260805_055550,2026-08-05T06:17:04.567633+00:00,amazon_usa,MOTHERBOARD,B0DJPTRP57,"msi MEG Z890 ACE Gaming Motherboard (Support Core Ultra Series 2 Intel Processors, LGA 1851, DDR5, PCIe 5.0, M.2, SATA, 10Gbps LAN, USB Type-C, Wi-Fi 7, Bluetooth 5.4, Thunderbolt 4, ATX)",2176.92,642.16,2026-08-05,4.3,62,https://www.amazon.com/MSI-Motherboard-Processors-Bluetooth-Thunderbolt/dp/B0DJPTRP57,0.0,642.16
20260805_055550,2026-08-05T06:17:04.567633+00:00,amazon_usa,MOTHERBOARD,B0DJDFM619,"ASUS ROG Maximus Z890 Hero Intel Z890 LGA1851 DDR5 9200 HDMI 2xUSB4 6X M2 USB3.2 WiFi 7 + BT Aura RGB 5Gbit + 2.5Gbit LAN ATX 22+1+2+2 Power Phases, Motherboard",1381.15,407.42,2026-08-05,4.0,78,https://www.amazon.com/ASUS-ROG-Maximus-Z890-Motherboard/dp/B0DJDFM619,0.0,407.42
20260805_055550,2026-08-05T06:17:04.567633+00:00,amazon_usa,MOTHERBOARD,B0GYFXTDT6,"msi Z890 Gaming Plus WiFi Motherboard,ATX-Supports Core Ultra Series 2 Intel,LGA 1851,DDR5,PCIe 5.0,M.2,SATA,5Gbps LAN,USB C,WiFi 7,Bluetooth 5.4,Thunderbolt 4+HIGH-Speed DDR5 RAM 16GB(1x16GB) Bundle",1381.15,407.42,2026-08-05,4.5,9,https://www.amazon.com/Z890-Gaming-Plus-Motherboard-ATX-Supports/dp/B0GYFXTDT6,0.0,407.42
20260805_055550,2026-08-05T06:17:04.567633+00:00,amazon_usa,MOTHERBOARD,B0DQLKD2KK,"GIGABYTE Z890 AORUS Master AI TOP Intel Core Ultra (Series 2) LGA 1851 Motherboard, E-ATX, DDR5, 4X M.2, PCIe 5.0, Thunderbolt 4, WIFI7, 10GbE LAN, EZ-Latch",1852.8,546.55,2026-08-05,4.6,7,https://www.amazon.com/GIGABYTE-Z890-AORUS-TOP-Motherboard/dp/B0DQLKD2KK,0.0,546.55
20260805_055550,2026-08-05T06:17:04.567633+00:00,amazon_usa,MOTHERBOARD,B0DJP8NFWP,"GIGABYTE Z890 AORUS PRO ICE Intel Core Ultra (Series 2) LGA 1851 Motherboard, ATX, DDR5, 5X M.2, PCIe 5.0, Thunderbolt 4, WIFI7, 5GbE LAN, EZ-Latch",1320.54,389.54,2026-08-05,4.2,26,https://www.amazon.com/GIGABYTE-Z890-AORUS-PRO-ICE/dp/B0DJP8NFWP,0.0,389.54
20260805_055550,2026-08-05T06:17:04.567633+00:00,amazon_usa,MOTHERBOARD,B0DM45SDVW,"msi MEG Z890 GODLIKE, E-ATX - Supports Intel Core Ultra Processors (Series 2), LGA 1851 - Dynamic Dashboard III, EZ Slide M.2, DDR5 (9200+ MT/s OC), M.2 & PCIe 5.0, Thunderbolt 5, Wi-Fi 7, 10G LAN",3550.65,1047.39,2026-08-05,4.1,23,https://www.amazon.com/MSI-MEG-Z890-GODLIKE-ATX/dp/B0DM45SDVW,25.0,1072.39
20260805_055550,2026-08-05T06:17:04.567633+00:00,amazon_usa,MOTHERBOARD,B0FN3PXF9J,"1Pcs LGA 1851 CPU Socket Replacement for Core Ultra Processors | 1851-pin LGA socket, direct replacement for Z890 motherboards, supports Intel Core Ultra 200S CPU",46.99,13.86,2026-08-05,0.0,0,,25.0,38.86
20260805_055550,2026-08-05T06:17:04.567633+00:00,amazon_usa,MOTHERBOARD,B0DK7L53KD,"GIGABYTE Z890 Eagle WIFI7 Motherboard - Supports Intel Core Ultra (Series 2) CPUs, 14+1+2 Phases VRM, up to 8800MHz DDR5 (OC), 1xPCIe 5.0 + 3xPCIe 4.0, Wi-Fi 7, 2.5GbE LAN, Thunderbolt 4",772.11,227.76,2026-08-05,4.5,49,https://www.amazon.com/GIGABYTE-Z890-Eagle-WIFI7-Motherboard/dp/B0DK7L53KD,25.0,252.76
20260805_055550,2026-08-05T06:17:08.567141+00:00,amazon_usa,MOTHERBOARD,B08ML8J37K,Intel Gold 6130 2.1Ghz 16 Core 22Mb 125W LGA3647 Processor SR3B9 (Renewed),53.97,15.92,2026-08-05,5.0,3,,0.0,15.92
20260805_055550,2026-08-05T06:17:08.567141+00:00,amazon_usa,MOTHERBOARD,B0742J9M22,Intel Corp. Bx806736148 Xeon Gold 6148 Processor,636.71,187.82,2026-08-05,4.7,5,,0.0,187.82
20260805_055550,2026-08-05T06:17:08.567141+00:00,amazon_usa,MOTHERBOARD,B0BSMYVD88,"msi MPG Z890 EDGE TI WIFI Motherboard, ATX - Supports Intel Core Ultra Processors (Series 2), LGA 1851-90A SPS VRM, DDR5 Memory Boost (9066+ MT/s OC), PCIe 5.0 x16 & 4.0 x16, M.2 Gen5, Wi-Fi 7, 5G L",1980.23,584.14,2026-08-05,4.8,39,https://www.amazon.com/MSI-MPG-Z890-EDGE-WIFI/dp/B0BSMYVD88,25.0,609.14
20260805_055550,2026-08-05T06:17:08.567141+00:00,amazon_usa,MOTHERBOARD,B0DPY43LJC,"msi MPG Z890I Edge TI WiFi Motherboard, Mini-ITX - Supports Intel Core Ultra Processors (Series 2), LGA 1851-110A SPS VRM, DDR5 Memory Boost (8600+ MT/s OC), PCIe 5.0 x16, M.2 Gen5, Wi-Fi 7, 5G LAN",1010.46,298.07,2026-08-05,4.4,27,https://www.amazon.com/MSI-MPG-Z890I-Edge-Motherboard/dp/B0DPY43LJC,0.0,298.07
20260805_055550,2026-08-05T06:17:08.567141+00:00,amazon_usa,MOTHERBOARD,B0G3TWBHYC,"msi PRO Z790-A WiFi II Motherboard, ATX - Supports Intel Core 14th, 13th & 12th Gen Processors, LGA 1700-80A SPS VRM, DDR5 Memory Boost 7800+MT/s/OC, PCIe 5.0 x16, 4 x M.2 Gen4, Wi-Fi 6E, 2.5G LAN",606.34,178.86,2026-08-05,4.0,22,https://www.amazon.com/MSI-PRO-WiFi-II-Motherboard/dp/B0G3TWBHYC,25.0,203.86
20260805_055550,2026-08-05T06:17:08.567141+00:00,amazon_usa,MOTHERBOARD,B0DJDHCC9X,"ASUS Intel ROG Maximus Z890 Apex ATX Motherboard, 22+1+2+2 Power Stages, DDR5 Slots, PCIe 5.0 with Full Support for Next-gen GPUs, six M.2 Slots, WiFi 7, AI Overclocking, PCIe Slot Q-Release Slim | AT",2235.67,659.49,2026-08-05,4.1,23,https://www.amazon.com/ASUS-ROG-Z890-Motherboard-Overclocking/dp/B0DJDHCC9X,25.0,684.49
20260805_055550,2026-08-05T06:17:08.567141+00:00,amazon_usa,MOTHERBOARD,B0DG16GVL2,"Z490 Gaming Plus Motherboard, LGA 1200 225x190mm ATX Motherboard for 10th, 11th Gen CPU, M.2 Interface, DP, HDMI, VGA, for DIY Computer",452.36,133.44,2026-08-05,3.0,9,,0.0,133.44
20260805_055550,2026-08-05T06:17:08.567141+00:00,amazon_usa,MOTHERBOARD,B0DL75T61Q,"ASUS ProArt Z890-CREATOR WIFI, Intel ATX Motherboard, 16+2 + 1 + 2 Stage, DDR5, PCIe 5.0 Card Slot, Next Generation GPU, 5 M.2 Slots, Two Thunderbolt 5 Type-C Ports, WiFi 7, Black",1768.19,521.59,2026-08-05,4.3,54,https://www.amazon.com/ASUS-Z890-CREATOR-Motherboard-Generation-Thunderbolt/dp/B0DL75T61Q,0.0,521.59
20260805_055550,2026-08-05T06:17:08.567141+00:00,amazon_usa,MOTHERBOARD,B0DJDFX4M1,"ASUS Intel Prime Z890-P ATX Motherboard,14+1+2+1 (80A) Power Stages, DDR5 Slots, PCIe 5.0 w/Full Support for Next-gen GPUs, USB 20Gbps Type-C Port, 4 x M.2 Slots, PCIe Slot Q-Release",1069.55,315.5,2026-08-05,4.0,26,https://www.amazon.com/ASUS-Motherboard-Support-Next-gen-Q-Release/dp/B0DJDFX4M1,25.0,340.5
20260805_055550,2026-08-05T06:17:08.567141+00:00,amazon_usa,MOTHERBOARD,B0BRQSWSFQ,"msi PRO B760-P WiFi DDR4 ProSeries Motherboard - Supports 12th/13th/14th Gen Intel Processors, LGA 1700, DDR4, PCIe 4.0, M.2, 2.5Gbps LAN, USB 3.2 Gen2, HDMI/DP, Wi-Fi 6E, Bluetooth 5.3, ATX",471.58,139.11,2026-08-05,4.6,632,https://www.amazon.com/MSI-ProSeries-Motherboard-Supports-Processors/dp/B0BRQSWSFQ,25.0,164.11
20260805_055550,2026-08-05T06:17:08.567141+00:00,amazon_usa,MOTHERBOARD,B0HBWZC7MJ,MSI Pro Z890-VC WIFI6E Gaming Desktop Motherboard - Intel Z890 Chipset - Socket LGA-1851 - ATX,640.03,188.8,2026-08-05,0.0,0,https://www.amazon.com/MSI-Z890-VC-WIFI6E-Desktop-Motherboard/dp/B0HBWZC7MJ,25.0,213.8
20260805_055550,2026-08-05T06:17:08.567141+00:00,amazon_usa,MOTHERBOARD,B0FP3MRTC1,"ASUS B760M-AYW WiFi D4 II Intel® B760 (LGA 1700) microATX mATX Motherboard, PCIe 5.0 x16 Support, Two M.2 Slots, DDR4, Realtek 2.5Gb Ethernet, Wi-Fi 6, HDMI, SATA 6 Gbps, Front USB 5Gbps, Aura Sync",336.86,99.37,2026-08-05,4.6,92,https://www.amazon.com/ASUS-B760M-AYW-D4-II-Motherboard/dp/B0FP3MRTC1,25.0,124.37
20260805_055550,2026-08-05T06:17:08.567141+00:00,amazon_usa,MOTHERBOARD,B0DJDF92JW,"ASUS Intel ROG Strix Z890-A Gaming WiFi ATX Motherboard, 16+1+2+2 Power Stage, DDR5 Slots, PCIe 5.0 w/Full Support for Next Generation GPUs, Five M.2 Slots, WiFi 7, AI Overclocking, AI",1308.27,385.92,2026-08-05,4.3,53,https://www.amazon.com/ASUS-Motherboard-Support-Generation-Overclocking/dp/B0DJDF92JW,25.0,410.92
20260805_055550,2026-08-05T06:17:08.567141+00:00,amazon_usa,MOTHERBOARD,B0DJDFY3FL,"ASUS ROG Strix Z890-E Gaming WiFi - Intel Z890, LGA1851, DDR5 8800, DP, HDMI, 2xUSB4, 7xM.2, USB3.2, WiFi 7+BT, Aura RGB, 5Gb LAN, ATX, 18+1+2+2 Power, TB4, NitroPath DRAM, NPU Boost Motherboard",1280.1,377.61,2026-08-05,4.4,69,https://www.amazon.com/ASUS-STRIX-Z890-GAMING-WIFI/dp/B0DJDFY3FL,0.0,377.61
20260805_055550,2026-08-05T06:17:08.567141+00:00,amazon_usa,MOTHERBOARD,B0FP2ZFZ7L,"GIGABYTE Z890 AORUS Tachyon ICE Intel Core Ultra (Series 2) LGA 1851 Motherboard, E-ATX, DDR5, 4X M.2, PCIe 5.0, Thunderbolt 4, WIFI7, 5GbE LAN, D5 Bionic Corsa",2021.25,596.24,2026-08-05,0.0,0,https://www.amazon.com/GIGABYTE-Z890-AORUS-ICE-Motherboard/dp/B0FP2ZFZ7L,0.0,596.24
20260805_055550,2026-08-05T06:17:08.567141+00:00,amazon_usa,MOTHERBOARD,B0DQB38722,"msi PRO B860M-A WiFi Motherboard, mATX - Supports Intel Core Ultra Processors (Series 2), LGA 1851-12 DRPS, DDR5 Memory Boost (8600+ MT/s OC), PCIe 5.0 x16 & 4.0 x16, M.2 Gen5, Wi-Fi 7, 5G LAN",588.06,173.47,2026-08-05,4.6,36,https://www.amazon.com/MSI-B860M-WiFi-Motherboard-mATX/dp/B0DQB38722,0.0,173.47
20260805_055550,2026-08-05T06:17:08.567141+00:00,amazon_usa,MOTHERBOARD,B0BSLJY9R6,"msi PRO Z890-S WiFi PZ Motherboard, Back-Connect ATX - Supports Intel Core Ultra Processors (Series 2), LGA 1851 - DDR5 Memory Boost (8600+ MT/s OC), PCIe 5.0 x16, M.2 Gen5, Wi-Fi 7, 2.5G LAN",1315.86,388.16,2026-08-05,4.3,13,https://www.amazon.com/MSI-Z890-S-WiFi-Motherboard-Back-Connect/dp/B0BSLJY9R6,25.0,413.16
20260805_055550,2026-08-05T06:17:13.414217+00:00,amazon_usa,MOTHERBOARD,B0D54QJ9CJ,"GIGABYTE B760M Gaming Plus WiFi DDR4 LGA 1700 Intel B760 M-ATX Motherboard, 2* M.2, PCIe 4.0, Front USB 3.2 Gen 1 Type-C, 6 GbE LAN, Q-Flash Plus, EZ-Latch",471.58,139.11,2026-08-05,4.3,315,https://www.amazon.com/GIGABYTE-B760M-DDR4-Motherboard-EZ-Latch/dp/B0D54QJ9CJ,0.0,139.11
20260805_055550,2026-08-05T06:17:13.414217+00:00,amazon_usa,MOTHERBOARD,B08VLNY3FG,"ASUS TUF Gaming Z590-Plus, LGA 1200 (Intel11th/10th Gen) ATX Gaming Motherboard (PCIe 4.0, 3xM.2/NVMe SSD, 14+2 Power Stages,USB 3.2 Front Panel Type-C, 2.5Gb LAN, Thunderbolt 4, Aura RGB Lighting)",1684.32,496.85,2026-08-05,4.6,176,https://www.amazon.com/ASUS-TUF-Z590-Plus-Motherboard-Thunderbolt/dp/B08VLNY3FG,0.0,496.85
20260805_055550,2026-08-05T06:17:13.414217+00:00,amazon_usa,MOTHERBOARD,B0GYS86T2W,"Z890 Gaming Plus WIFI6E Motherboard, ATX - Supports Intel Core Ultra Processors (Series 2), LGA 1851 - DDR5 Memory Boost (up to 9200+ MT/s in Overclocking), 1 x PCIe 5.0 x16, 1 x M.2 Gen5, Intel Ki",1214.16,358.16,2026-08-05,0.0,0,https://www.amazon.com/Z890-Gaming-Plus-WIFI6E-Motherboard/dp/B0GYS86T2W,25.0,383.16
20260805_055550,2026-08-05T06:17:13.414217+00:00,amazon_usa,MOTHERBOARD,B0FBLPDFBC,"ASUS Intel Core Ultra Processor Z890 LGA1851 ATX Motherboard PCIe 5.0, DDR5 Support PRO WS Z890-ACE SE",2871.23,846.97,2026-08-05,0.0,0,https://www.amazon.com/ASUS-Processor-LGA1851-Motherboard-Z890-ACE/dp/B0FBLPDFBC,25.0,871.97
20260805_055550,2026-08-05T06:17:13.414217+00:00,amazon_usa,MOTHERBOARD,B0DQLGMGVP,"GIGABYTE B860M AORUS Elite WIFI6E ICE Intel Core Ultra (Series 2) LGA 1851 Motherboard, mATX, DDR5, 3X M.2, PCIe 5.0, USB-C, WIFI6E, 2.5GbE LAN, EZ-Latch",538.98,158.99,2026-08-05,4.5,46,https://www.amazon.com/GIGABYTE-B860M-AORUS-WIFI6E-ICE/dp/B0DQLGMGVP,0.0,158.99
20260805_055550,2026-08-05T06:17:13.414217+00:00,amazon_usa,MOTHERBOARD,B0DJDG5GGN,"ASUS TUF Gaming Z890-PRO WiFi Intel Z890 LGA1851 DDR5 9066 DP HDMI 2xUSB4 4X M2 USB3.2 WiFi 7 + BT Aura RGB 2.5Gbit LAN ATX 16+1+2+1 Power Phases, Thunderbolt 4, Easy PC DIY, Motherboard",1521.7,448.88,2026-08-05,4.4,76,https://www.amazon.com/ASUS-Z890-PRO-LGA1851-Thunderbolt-Motherboard/dp/B0DJDG5GGN,25.0,473.88
20260805_055550,2026-08-05T06:17:13.414217+00:00,amazon_usa,MOTHERBOARD,B0BH7GTY9C,"GIGABYTE B650 AORUS Elite AX AMD AM5 ATX Motherboard, Support Ryzen 9000/8000/7000 Series, DDR5, 14+2+1 Power Phase, PCIe 5.0 M.2, USB-C 3.2 Gen 2, WIFI6E, 2.5GbE, EZ-Latch, Q-Flash, RGB Fusion",505.28,149.05,2026-08-05,4.3,1500,https://www.amazon.com/GIGABYTE-B650-Warranty-EZ-Latch-Motherboard/dp/B0BH7GTY9C,0.0,149.05
20260805_055550,2026-08-05T06:17:13.414217+00:00,amazon_usa,MOTHERBOARD,B07HS59X7P,"GIGABYTE Z390 UD (LGA 1151 (300 Series) Intel Z390 SATA 6Gb/s ATX Intel Motherboard for Cryptocurrency Mining with Above 4G Decoding, 6 x PCIe Slots)",673.76,198.75,2026-08-05,4.5,1300,https://www.amazon.com/GIGABYTE-Z390-UD-LGA1151-Motherboard/dp/B07HS59X7P,0.0,198.75
20260805_055550,2026-08-05T06:17:13.414217+00:00,amazon_usa,MOTHERBOARD,B0DSQX832M,ASRock B860 Pro RS Intel Core Ultra DDR5 8666 MHz 256GB M.2 LGA1851 ATX Motherboard SATA3 6.0 Gb/s PCIe 5.0 BIOS Flashback,437.92,129.18,2026-08-05,4.6,19,https://www.amazon.com/ASRock-Intel-LGA1851-Motherboard-Flashback/dp/B0DSQX832M,25.0,154.18
20260805_055550,2026-08-05T06:17:13.414217+00:00,amazon_usa,MOTHERBOARD,B0CX1GPFW4,"ASRock B760M Pro-A/D4 WiFi Micro ATX Motherboard, Intel LGA1700, DDR4 5333+ (OC), PCIe 4.0, 2.5G LAN, Wi-Fi 6E, 7+1+1 Dr.MOS",404.22,119.24,2026-08-05,5.0,9,https://www.amazon.com/ASRock-B760M-D4-WiFi-Motherboard/dp/B0CX1GPFW4,0.0,119.24
20260805_055550,2026-08-05T06:17:13.414217+00:00,amazon_usa,MOTHERBOARD,B0DK7JMBBX,"GIGABYTE Z890 AORUS Master Motherboard - Supports Intel Core Ultra (Series 2) CPUs, 18+1+2 Phases VRM, up to 9500MHz DDR5 (OC), 2xPCIe 5.0 + 3xPCIe 4.0, Wi-Fi 7, 10GbE LAN, Thunderbolt 4",1152.09,339.85,2026-08-05,4.0,19,https://www.amazon.com/GIGABYTE-Z890-AORUS-Master-Motherboard/dp/B0DK7JMBBX,25.0,364.85
20260805_055550,2026-08-05T06:17:13.414217+00:00,amazon_usa,MOTHERBOARD,B0DPLP33YR,"ASUS ROG Strix B850-A Gaming WiFi AMD AM5 B850 ATX Motherboard 14+2+2 Power Stages, DDR5 AEMP, 2.5G LAN, WiFi 7 with Q-Antenna, 4X M.2, PCIe® 5.0, USB 20Gbps Type-C, AI Networking II, ASUS AI Advisor",772.99,228.02,2026-08-05,4.6,410,https://www.amazon.com/ASUS-ROG-Motherboard-Q-Antenna-Networking/dp/B0DPLP33YR,0.0,228.02
20260805_055550,2026-08-05T06:17:13.414217+00:00,amazon_usa,MOTHERBOARD,B0BHBP8CS2,"msi PRO Z790-P WiFi ProSeries Motherboard (Supports 12th/13th/14th Gen Intel Processors, LGA 1700, DDR5, PCIe 5.0, M.2, 2.5Gbps LAN, USB 3.2 Gen2, HDMI/DP, Wi-Fi 6E, Bluetooth 5.3, ATX)",601.32,177.38,2026-08-05,4.5,350,https://www.amazon.com/MSI-Z790-P-ProSeries-Motherboard-Processors/dp/B0BHBP8CS2,25.0,202.38
20260805_055550,2026-08-05T06:17:13.414217+00:00,amazon_usa,MOTHERBOARD,B0GYCQJN4S,"GIGABYTE H810M Gaming WIFI6 GEN5 Intel LGA 1851 mATX Motherboard, Support Core Ultra (Series 2), DDR5, 4+1+2 Power Phase, PCIe 5.0 x16, 1x M.2, USB 3.2 Gen 1, Front USB-C, WiFi 6, 2.5GbE, EZ-Latch",404.22,119.24,2026-08-05,0.0,0,https://www.amazon.com/GIGABYTE-H810M-WIFI6-Motherboard-EZ-Latch/dp/B0GYCQJN4S,0.0,119.24
20260805_055550,2026-08-05T06:17:13.414217+00:00,amazon_usa,MOTHERBOARD,B0DF5WNFJ2,"MSI PRO Z790-P WiFi ProSeries Motherboard (Supports 12th/13th/14th Gen Intel Processors, LGA 1700, DDR5, PCIe 5.0, M.2, 2.5Gbps LAN, USB 3.2 Gen2, HDMI/DP, Wi-Fi 6E, Bluetooth 5.3, ATX) (Renewed)",412.46,121.67,2026-08-05,4.3,74,https://www.amazon.com/MSI-PRO-Z790-P-WiFi-ProSeries/dp/B0DF5WNFJ2,25.0,146.67
20260805_055550,2026-08-05T06:17:13.414217+00:00,amazon_usa,MOTHERBOARD,B0BZ9T4KF6,"msi PRO B760M-P DDR4 ProSeries Motherboard (Supports 12th/13th/14th Gen Intel Processors, LGA 1700, DDR4, PCIe 4.0, M.2, USB 3.2 Gen2, HDMI/DP, mATX)",324.66,95.77,2026-08-05,4.5,762,https://www.amazon.com/MSI-PRO-B760M-P-DDR4-Motherboard/dp/B0BZ9T4KF6,0.0,95.77
20260805_055550,2026-08-05T06:17:13.414217+00:00,amazon_usa,MOTHERBOARD,B0H2FVHBM9,"ASRock B560M-C Micro-ATX Motherboard, Supports 10th & 11th Gen Intel Core Processors (LGA1200), DDR4 4800MHz (OC), PCIe 4.0, Dual M.2, 8 SATA3, Intel Gigabit LAN, WiFi + BT 5.1",269.47,79.49,2026-08-05,3.6,7,https://www.amazon.com/ASRock-Micro-ATX-Motherboard-Supports-Processors/dp/B0H2FVHBM9,25.0,104.49
20260805_055550,2026-08-05T06:17:13.414217+00:00,amazon_usa,MOTHERBOARD,B0DQLK9S2V,"GIGABYTE B860M Eagle Plus WIFI6E Intel Core Ultra (Series 2) LGA 1851 Motherboard, mATX, DDR5, 2X M.2, PCIe 5.0, USB-C, WIFI6E, 2.5GbE LAN, EZ-Latch",505.28,149.05,2026-08-05,4.1,16,https://www.amazon.com/GIGABYTE-B860M-WIFI6E-Motherboard-EZ-Latch/dp/B0DQLK9S2V,0.0,149.05
20260805_055550,2026-08-05T06:17:13.414217+00:00,amazon_usa,MOTHERBOARD,B0DNG5L4QQ,GIGABYTE Z890 Motherboard - Supports Intel Core Ultra,5918.33,1745.82,2026-08-05,3.6,2,https://www.amazon.com/GIGABYTE-Z890-Motherboard-Supports-Intel/dp/B0DNG5L4QQ,25.0,1770.82
20260805_055550,2026-08-05T06:17:18.018816+00:00,amazon_usa,MOTHERBOARD,B0BH28M64J,"GIGABYTE Z790 AORUS Elite AX 1.0 Intel LGA 1700 ATX Motherboard, 4X DDR5~128GB, 3X PCI-E x16, 4X M.2, 6X SATA, 5X USB 3.2, 1x USB-C, 4X USB 2.0",640.03,188.8,2026-08-05,4.5,563,https://www.amazon.com/Z790-AORUS-ELITE-AX-Motherboard/dp/B0BH28M64J,25.0,213.8
20260805_055550,2026-08-05T06:17:18.018816+00:00,amazon_usa,MOTHERBOARD,B0DQ68TV3W,"ASUS ROG STRIX B860-I GAMING WIFI B860 LGA 1851 mITX Mini-ITX motherboard, Intel® Core™ Ultra Series 2 Ready, Advanced AI ready, 10+1+2+1 stage, DDR5, 2.5G LAN, WiFi7, M.2, Thunderbolt™ 4, USB Type-C®",660.24,194.76,2026-08-05,4.5,81,https://www.amazon.com/ASUS-STRIX-B860-I-GAMING-WIFI/dp/B0DQ68TV3W,25.0,219.76
20260805_055550,2026-08-05T06:17:18.018816+00:00,amazon_usa,MOTHERBOARD,B0DJDCD8PV,"ASUS ROG Maximus Z890 Extreme Intel Z890 LGA1851 DDR5 9200 HDMI 2xThunderbolt 5 6X M2 USB3.2 WiFi 7 + BT Aura RGB 10Gbit + 2.5Gbit LAN ATX 24+1+2+2 Power Phases, Thunderbolt 5, 5, 5, 5, 5"" LCD",3836.7,1131.77,2026-08-05,3.9,28,https://www.amazon.com/ASUS-MAXIMUS-EXTREME-2xThunderbolt-Thunderbolt/dp/B0DJDCD8PV,25.0,1156.77
20260805_055550,2026-08-05T06:17:18.018816+00:00,amazon_usa,MOTHERBOARD,B0DDZNZF76,"ASUS ROG Strix X870E-E Gaming WiFi AMD AM5 X870 ATX Motherboard 18+2+2 Power Stages, Dynamic OC Switcher, Core Flex, DDR5 AEMP, WiFi 7, 5X M.2, PCIe® 5.0, Q-Release Slim, USB4®, AI OCing & Networking ",1343.86,396.42,2026-08-05,4.4,593,https://www.amazon.com/ASUS-ROG-Motherboard-Q-Release-Networking/dp/B0DDZNZF76,0.0,396.42
20260805_055550,2026-08-05T06:17:18.018816+00:00,amazon_usa,MOTHERBOARD,B0DKFPPGPR,"GIGABYTE Z890M AORUS Elite WIFI7 ICE Motherboard - Supports Intel Core Ultra (Series 2) CPUs, 12+1+2 Phases VRM, up to 8800MHz DDR5 (OC), 1xPCIe 5.0 + 2xPCIe 4.0, Wi-Fi 7, 2.5GbE LAN",640.03,188.8,2026-08-05,4.3,10,https://www.amazon.com/GIGABYTE-Z890M-AORUS-ICE-Motherboard/dp/B0DKFPPGPR,25.0,213.8
20260805_055550,2026-08-05T06:17:18.018816+00:00,amazon_usa,MOTHERBOARD,B0DK7JG668,"GIGABYTE Z890 Gaming X WIFI7 Motherboard - Supports Intel Core Ultra (Series 2) Processors, 16+1+2 Phases VRM, up to 8800MHz DDR5 (OC), 1xPCIe 5.0 + 3xPCIe 4.0, Wi-Fi 7, 2.5GbE LAN, Thunderbolt 4",1070.9,315.9,2026-08-05,4.5,17,https://www.amazon.com/GIGABYTE-Z890-GAMING-WIFI7-Motherboard/dp/B0DK7JG668,25.0,340.9
20260805_055550,2026-08-05T06:17:18.018816+00:00,amazon_usa,MOTHERBOARD,B0C15THTK7,"msi B760 Gaming Plus WiFi Gaming Motherboard (DDR5 Memory ONLY) for 12th/13th/14th Gen Intel Processors, LGA 1700, PCIe 4.0, M.2, 2.5Gbps LAN, USB 3.2 Gen2, HDMI/DP, Wi-Fi 6E, Bluetooth 5.3, ATX",458.12,135.14,2026-08-05,4.5,879,https://www.amazon.com/MSI-B760-Motherboard-Supports-Processors/dp/B0C15THTK7,25.0,160.14
20260805_055550,2026-08-05T06:17:18.018816+00:00,amazon_usa,MOTHERBOARD,B0CBNP35BD,ASRock B760 Pro RS WiFi 6E LGA1700 HDMI DisplayPort eDP Intel B760 ATX Motherboard DDR5 192GB 7200+ (OC) MHz SATA3 6.0 Gb/s USB3.2 Gen2 2.5G LAN PCIe5.0 M.2 64Bit,437.92,129.18,2026-08-05,4.5,30,https://www.amazon.com/ASRock-B760-WiFi-Intel-Motherboard/dp/B0CBNP35BD,25.0,154.18
20260805_055550,2026-08-05T06:17:18.018816+00:00,amazon_usa,MOTHERBOARD,B0DGVC3DDW,"GIGABYTE X870 AORUS Elite WIFI7 AMD AM5 LGA 1718 Motherboard, ATX, DDR5, 4X M.2, PCIe 5.0, USB4, WIFI7, 2.5GbE LAN, EZ-Latch, 5-Year Warranty",737.73,217.62,2026-08-05,4.6,454,https://www.amazon.com/GIGABYTE-X870-AORUS-WIFI7-Motherboard/dp/B0DGVC3DDW,0.0,217.62
20260805_055550,2026-08-05T06:17:18.018816+00:00,amazon_usa,MOTHERBOARD,B0DQBJ64KH,"msi MAG B860 Tomahawk WiFi Motherboard, ATX - Supports Intel Core Ultra Processors (Series 2), LGA 1851 - DDR5 Memory Boost 9200+ MT/s OC, 1 x PCIe 5.0 x16, 1 x M.2 Gen5, 5G LAN, Wi-Fi 7",569.32,167.94,2026-08-05,4.5,34,https://www.amazon.com/MAG-B860-Tomahawk-WiFi-Motherboard/dp/B0DQBJ64KH,25.0,192.94
20260805_055550,2026-08-05T06:17:18.018816+00:00,amazon_usa,MOTHERBOARD,B09GP7P1XS,"ASUS ROG Strix B550-F Gaming WiFi II AMD AM4 (3rd Gen Ryzen) ATX Gaming Motherboard (PCIe 4.0,WiFi 6E, 2.5Gb LAN, BIOS Flashback, HDMI 2.1, Addressable Gen 2 RGB Header and Aura Sync)",555.82,163.96,2026-08-05,4.6,3000,https://www.amazon.com/ROG-B550-F-II-Motherboard-Addressable/dp/B09GP7P1XS,0.0,163.96
20260805_055550,2026-08-05T06:17:18.018816+00:00,amazon_usa,MOTHERBOARD,B0CFWL42ZG,"MSI MPG Z790 Edge WiFi Gaming Motherboard (Supports 12th/13th Gen Intel Processors, LGA 1700, DDR5, PCIe 5.0, M.2, 2.5Gbps LAN, USB 3.2 Gen2, Wi-Fi 6E, ATX) (Renewed)",500.06,147.51,2026-08-05,4.2,64,https://www.amazon.com/MSI-Motherboard-Supports-Processors-2-5Gbps/dp/B0CFWL42ZG,25.0,172.51
20260805_055550,2026-08-05T06:17:18.018816+00:00,amazon_usa,MOTHERBOARD,B0DT7QYG6W,"ASUS Sparepart Rog Strix Z890-H Gaming WiFi Intel Z890 Lga 1851 (Socket, W129160080 (Intel Z890 Lga 1851 (Socket V1) ATX)",1437.67,424.09,2026-08-05,3.9,8,https://www.amazon.com/ASUS-Sparepart-Z890-H-Gaming-W129160080/dp/B0DT7QYG6W,25.0,449.09
20260805_055550,2026-08-05T06:17:18.018816+00:00,amazon_usa,MOTHERBOARD,B0DQLLLHYY,"GIGABYTE B860 Gaming X WIFI6E Intel Core Ultra (Series 2) LGA 1851 Motherboard, ATX, DDR5, 3X M.2, PCIe 5.0, USB-C, WIFI6E, 2.5GbE LAN, EZ-Latch",505.28,149.05,2026-08-05,4.7,14,https://www.amazon.com/GIGABYTE-B860-WIFI6E-Motherboard-EZ-Latch/dp/B0DQLLLHYY,0.0,149.05
20260805_055550,2026-08-05T06:17:18.018816+00:00,amazon_usa,MOTHERBOARD,B09322DLZS,"ASUS Pro Q570M-C/CSM LGA1200 (Intel 10th&11th Gen) mATX Commercial Motherboard (PCIe 4.0,1 LAN,Front Panel USB 3.2 Type-C, Intel vPro,2X DP,TPM 2.0 IC,COM debug Header,self-Recovering BIOS,ACCE)",538.98,158.99,2026-08-05,4.3,28,https://www.amazon.com/ASUS-Q570M-C-CSM-Motherboard-self-Recovering/dp/B09322DLZS,0.0,158.99
20260805_055550,2026-08-05T06:17:18.018816+00:00,amazon_usa,MOTHERBOARD,B0CTKSFD2X,"msi MPG Z790 Carbon WiFi II Gaming Motherboard (Supports 12th/13th/14th Gen Intel Processors, LGA 1700, DDR5, PCIe 5.0, M.2, 2.5Gbps LAN, USB 3.2 Gen2, Wi-Fi 7, Bluetooth 5.4, ATX)",1407.63,415.23,2026-08-05,4.2,124,https://www.amazon.com/MSI-MPG-Z790-CARBON-WIFI/dp/B0CTKSFD2X,0.0,415.23
20260805_055550,2026-08-05T06:17:23.032214+00:00,amazon_usa,MOTHERBOARD,B0CMCZR945,Zahara 2T2R Dual Band for Asus ROG Strix B550-F Gaming | II AMD AM4 (3rd Gen Ryzen) ATX 2.4G/5G/6G,53.49,15.78,2026-08-05,5.0,2,,25.0,40.78
20260805_055550,2026-08-05T06:17:23.032214+00:00,amazon_usa,MOTHERBOARD,B07HRZKPXM,GIGABYTE Z390 AORUS PRO Wi-Fi (Intel LGA1151/Z390/ATX/2xM.2 Thermal Guard/Onboard AC Wi-Fi/RGB Fusion/Gaming Motherboard),1010.59,298.11,2026-08-05,4.5,2100,https://www.amazon.com/GIGABYTE-Z390-AORUS-PRO-Motherboard/dp/B07HRZKPXM,25.0,323.11
20260805_055550,2026-08-05T06:17:23.032214+00:00,amazon_usa,MOTHERBOARD,B07W5YGCYW,GIGABYTE D Intel Z390 LGA 1151 ATX DDR4-SDRAM Motherboard,639.66,188.69,2026-08-05,4.5,179,https://www.amazon.com/GIGABYTE-Intel-Z390-DDR4-SDRAM-Motherboard/dp/B07W5YGCYW,0.0,188.69
20260805_055550,2026-08-05T06:17:23.032214+00:00,amazon_usa,MOTHERBOARD,B0DQLL6Z51,"GIGABYTE B860 DS3H WIFI6E Intel Core Ultra (Series 2) LGA 1851 Motherboard, ATX, DDR5, 3X M.2, PCIe 5.0, USB-C, WIFI6E, 2.5GbE LAN, EZ-Latch",437.92,129.18,2026-08-05,4.4,25,https://www.amazon.com/GIGABYTE-B860-DS3H-WIFI6E-Motherboard/dp/B0DQLL6Z51,25.0,154.18
20260805_055550,2026-08-05T06:17:23.032214+00:00,amazon_usa,MOTHERBOARD,B083R7SWF5,"GIGABYTE B760M DS3H AX DDR4 Intel LGA 1700 mATX Motherboard, Support Intel Core 14th/13th/12th Gen, DDR4, 6+2+1 Power Phase, 2X M.2, PCIe 4.0, USB-C, WIFI6E, 2.5GbE LAN, Q-Flash Plus, PCIe EZ-Latch",437.92,129.18,2026-08-05,4.2,120,https://www.amazon.com/B760M-DS3H-AX-DDR4-Motherboard/dp/B083R7SWF5,0.0,129.18
20260805_055550,2026-08-05T06:17:23.032214+00:00,amazon_usa,MOTHERBOARD,B086QSH67R,"ASUS ROG Strix Z490-E Gaming Z490- WiFi 6, LGA 1200 (Intel 10th Gen) ATX Gaming Motherboard, 14+2 Power Stages, DDR4 4600, Intel 2.5 Gb Ethernet",1521.26,448.75,2026-08-05,4.6,1200,https://www.amazon.com/ASUS-ROG-Strix-Gaming-Motherboard/dp/B086QSH67R,0.0,448.75
20260805_055550,2026-08-05T06:17:23.032214+00:00,amazon_usa,MOTHERBOARD,B0DKG26MK6,"GIGABYTE Z890 EAGLE Motherboard - Supports Intel Core Ultra (Series 2) CPUs, 14+1+2 phases VRM, up to 8800MHz DDR5 (OC), 1xPCIe 5.0 M.2 + 3xPCIe 4.0 M.2, 2.5GbE LAN, USB4",1371.39,404.54,2026-08-05,4.4,10,https://www.amazon.com/GIGABYTE-Z890-EAGLE-Motherboard-Supports/dp/B0DKG26MK6,25.0,429.54
20260805_055550,2026-08-05T06:17:23.032214+00:00,amazon_usa,MOTHERBOARD,B09K8Z4XNR,"ASUS ROG Maximus Z690 Formula ATX Motherboard with Water Cooling, WiFi 6E, PCIe 5.0, DDR5, Thunderbolt 4 - For Intel 12th Gen CPU",2566.2,756.99,2026-08-05,4.0,154,https://www.amazon.com/ASUS-ROG-Z690-motherboard-2xThunderbolt/dp/B09K8Z4XNR,0.0,756.99
20260805_055550,2026-08-05T06:17:23.032214+00:00,amazon_usa,MOTHERBOARD,B07HRWJ555,GIGABYTE Z390 AORUS Elite (Intel LGA1151/Z390/ATX/2xM.2/Realtek ALC1220/RGB Fusion/Gaming Motherboard),960.08,283.21,2026-08-05,4.4,586,https://www.amazon.com/GIGABYTE-Z390-AORUS-LGA1151-Motherboard/dp/B07HRWJ555,25.0,308.21
20260805_055550,2026-08-05T06:17:23.032214+00:00,amazon_usa,MOTHERBOARD,B0BHMW8R6S,"ASUS ROG Strix B650-A Gaming WiFi AMD B650 AM5 Ryzen™ Desktop 9000 8000 & 7000 ATX motherboard, 12 + 2 power stages, DDR5, 3x M.2 slot, PCIe® 4.0, 2.5G LAN, WiFi 6E, USB 3.2 Gen 2x2 Type-C®, Aura Sync",488.43,144.08,2026-08-05,4.5,1100,https://www.amazon.com/ASUS-ROG-LGA1718-Motherboard-Type-C%C2%AE/dp/B0BHMW8R6S,25.0,169.08
20260805_055550,2026-08-05T06:17:23.032214+00:00,amazon_usa,MOTHERBOARD,B0FRV8ZR2T,"GIGABYTE X870E AORUS Elite X3D ICE AMD AM5 LGA 1718 ATX Motherboard, Ryzen 9000/8000/7000, DDR5, 16+2+2 Power Phase, 4X M.2, PCIe 5.0, WiFi, 5 GbE",1145.35,337.86,2026-08-05,4.4,12,https://www.amazon.com/GIGABYTE-X870E-AORUS-ELITE-X3D/dp/B0FRV8ZR2T,0.0,337.86
20260805_055550,2026-08-05T06:17:23.032214+00:00,amazon_usa,MOTHERBOARD,B0BY8231NL,ASRock Rack Server Motherboard Z890D4U Micro-ATX Single Socket LGA 1851 Intel® Core™ Ultra Desktop Processors (Series 2),1330.68,392.53,2026-08-05,0.0,0,https://www.amazon.com/ASRock-Rack-Motherboard-Z890D4U-Processors/dp/B0BY8231NL,25.0,417.53
20260805_055550,2026-08-05T06:17:23.032214+00:00,amazon_usa,MOTHERBOARD,B0GYCZSRWN,"GIGABYTE H810M S2H GEN5 Intel LGA 1851 mATX Motherboard, Support Core Ultra (Series 2), DDR5, 4+1+2 Power Phase, PCIe 5.0 x16, 1x M.2, USB 3.2 Gen 1, Front USB-C 5Gb/s, GbE LAN, PCIe EZ-Latch",370.53,109.3,2026-08-05,0.0,0,https://www.amazon.com/GIGABYTE-H810M-S2H-Motherboard-EZ-Latch/dp/B0GYCZSRWN,0.0,109.3
20260805_055550,2026-08-05T06:17:23.032214+00:00,amazon_usa,MOTHERBOARD,B07HRZHJ6Z,GIGABYTE Z390 Gaming X (Intel LGA1151/Z390/ATX/2xM.2/Realtek ALC892/Intel LAN/HDMI/Gaming Motherboard),926.42,273.28,2026-08-05,4.5,650,https://www.amazon.com/GIGABYTE-Z390-LGA1151-Realtek-Motherboard/dp/B07HRZHJ6Z,0.0,273.28
20260805_055550,2026-08-05T06:17:23.032214+00:00,amazon_usa,MOTHERBOARD,B0CRK43T2Y,"msi PRO B760M-P Motherboard, Micro-ATX - Supports Intel 14th, 13th & 12th Gen Core Processors, LGA 1700 - DDR5 Memory Boost 6800+MHz/OC, PCIe 4.0 x16 Slot, M.2 Gen4 Slots",303.17,89.43,2026-08-05,4.1,31,https://www.amazon.com/MSI-PRO-B760M-P-Motherboard-Micro-ATX/dp/B0CRK43T2Y,25.0,114.43
20260805_055550,2026-08-05T06:17:23.032214+00:00,amazon_usa,MOTHERBOARD,B09PX326Q8,"msi PRO H610M-G DDR4 Motherboard (12th/13th/14th Gen Intel Core, LGA 1700 Socket, DDR4, PCIe 4, SATA 6Gb/s, 1Gbps LAN, M.2 Slots, USB 3.2, mATX)",297.47,87.75,2026-08-05,4.5,544,https://www.amazon.com/MSI-H610M-G-Motherboard-Intel-Socket/dp/B09PX326Q8,25.0,112.75
20260805_055550,2026-08-05T06:17:33.507028+00:00,amazon_usa,MOTHERBOARD,B0CTNPZLNH,"GIGABYTE Z790 Eagle AX LGA 1700 ATX Motherboard, Support Intel Core 14th/13th/12th Gen, DDR5, 12+1+1 Power Phase, 3X M.2, PCIe 5.0, USB-C 3.2, WIFI6E, 2.5GbE, Q-Flash, EZ-Latch, RGB Fusion",572.67,168.93,2026-08-05,4.5,209,https://www.amazon.com/GIGABYTE-Z790-EAGLE-AX-Motherboard/dp/B0CTNPZLNH,0.0,168.93
20260805_055550,2026-08-05T06:17:33.507028+00:00,amazon_usa,MOTHERBOARD,B0BQD58D96,"ASUS TUF Gaming Z790-Plus WiFi LGA 1700(Intel 14th,12th &13th Gen) ATX Gaming Motherboard(PCIe 5.0,DDR5,4xM.2 Slots,16+1 DrMOS,WiFi 6,2.5Gb LAN,Front USB 3.2 Gen 2 Type-C,Thunderbolt 4(USB4),Aura RGB)",774.78,228.55,2026-08-05,4.6,1300,https://www.amazon.com/ASUS-TUF-Intel%C2%AE12th-Motherboard-Thunderbolt/dp/B0BQD58D96,25.0,253.55
20260805_055550,2026-08-05T06:17:33.507028+00:00,amazon_usa,MOTHERBOARD,B0BH97W2N4,ASUS ROG Strix Z790-A Gaming WiFi D4 Intel Z790 LGA 1700 ATX DDR4-SDRAM Motherboard,2391.85,705.56,2026-08-05,4.3,178,,0.0,705.56
20260805_055550,2026-08-05T06:17:33.507028+00:00,amazon_usa,MOTHERBOARD,B0F8PR49WV,"ASUS Z790 MAX Gaming WIFI7 Intel Z790 (LGA 1700) ATX Motherboard with PCIe 5.0, Three M.2 Slots, 14+1 DrMOS, DDR5, WiFi 7, Realtek 1Gb LAN, HDMI, USB 20Gbps Type-C®, Thunderbolt™ (USB4®), Aura Sync",643.79,189.91,2026-08-05,4.4,53,https://www.amazon.com/ASUS-Z790-MAX-WIFI7-ThunderboltTM/dp/B0F8PR49WV,0.0,189.91
20260805_055550,2026-08-05T06:17:33.507028+00:00,amazon_usa,MOTHERBOARD,B0D8STYFCN,"MSI Z790 GAMING PLUS WIFI-AMZ Gaming Motherboard (Support 14th/13th/12th Gen Intel Processors, LGA 1700, DDR5, PCIe 5.0, M.2 Slots, 2.5Gbps LAN, USB 3.2 Gen2, Wi-Fi 6E, Bluetooth 5.3, ATX) (Renewed)",426.36,125.77,2026-08-05,4.0,33,https://www.amazon.com/MSI-WIFI-AMZ-Motherboard-Processors-Bluetooth/dp/B0D8STYFCN,25.0,150.77
20260805_055550,2026-08-05T06:17:33.507028+00:00,amazon_usa,MOTHERBOARD,B0CPB4CKW6,"ASUS TUF Gaming Z790-Plus WiFi LGA 1700(Intel 14th,12th &13th Gen) ATX Motherboard(PCIe 5.0,DDR5,4xM.2 Slots,16+1 DrMOS,WiFi 6,2.5Gb LAN,Front USB 3.2 Gen 2 Type-C,(USB4),Aura RGB) (Renewed)",353.68,104.33,2026-08-05,4.0,11,https://www.amazon.com/ASUS-Z790-Plus-Motherboard-Thunderbolt-Renewed/dp/B0CPB4CKW6,25.0,129.33
20260805_055550,2026-08-05T06:17:33.507028+00:00,amazon_usa,MOTHERBOARD,B0BG6NVPVG,"ASUS Prime Z790-A WiFi 6E LGA 1700(Intel 14th,13th&12th) ATX Motherboard (16+1 DrMOS, PCIe 5.0,DDR5,4X M.2 Slots,2.5 Gb LAN,USB 3.2 Gen 2 Front Panel Type-C, Thunderbolt 4/USB4, DP)",1482.28,437.25,2026-08-05,4.4,523,https://www.amazon.com/ASUS-Intel%C2%AE13th-Motherboard-Type-C-ThunderboltTM/dp/B0BG6NVPVG,0.0,437.25
20260805_055550,2026-08-05T06:17:33.507028+00:00,amazon_usa,MOTHERBOARD,B0BHTMXMRQ,"GIGABYTE Z790 UD AC LGA 1700 ATX Motherboard, Support Intel Core 14th/13th/12th Gen, DDR5, 16+1+1 Power Phase, 3X M.2, PCIe 5.0, USB-C 3.2, Dual Band WiFi, 2.5GbE, EZ-Latch, Q-Flash, RGB Fusion",673.73,198.74,2026-08-05,4.2,440,https://www.amazon.com/GIGABYTE-Z790-EZ-Latch-Multi-Key-Motherboard/dp/B0BHTMXMRQ,0.0,198.74
20260805_055550,2026-08-05T06:17:33.507028+00:00,amazon_usa,MOTHERBOARD,B0C2ZWVHDF,"MSI MAG Z790 Tomahawk WiFi Computer Gaming Motherboard (Supports 12th/13th Gen Intel Processors, LGA 1700, DDR5, PCIe 5.0, M.2, USB 3.2 Gen2, Wi-Fi 6E, ATX) Intel Gaming PC Motherboards (Renewed)",479.85,141.55,2026-08-05,3.9,25,https://www.amazon.com/MSI-Tomahawk-Motherboard-Processors-Motherboards/dp/B0C2ZWVHDF,25.0,166.55
20260805_055550,2026-08-05T06:17:37.314440+00:00,amazon_usa,MOTHERBOARD,B0BJDZ4YZR,ASRock Z790 Pro RS Intel Z790 Series CPU (LGA1700) DDR5 Memory Compatible Z790 ATX Motherboard,916.52,270.36,2026-08-05,3.8,69,https://www.amazon.com/ASRock-Z790-RS-Compatible-Motherboard/dp/B0BJDZ4YZR,0.0,270.36
20260805_055550,2026-08-05T06:17:37.314440+00:00,amazon_usa,MOTHERBOARD,B0BPHCPSCM,"ASUS TUF GAMING Z790-PLUS WIFI 6E Motherboard Intel Z790 LGA 1700 ATX (PCIe 5.0, Four M.2, 16+1 DrMOS, DDR5, 2.5 Gb Ethernet, USB 3.1 Gen 2 x 2 Type C, Thunderbolt (USB4), Aura Sync, AEMP II)",983.17,290.02,2026-08-05,4.5,350,https://www.amazon.com/ASUS-Z790-PLUS-Motherboard-Ethernet-Thunderbolt/dp/B0BPHCPSCM,25.0,315.02
20260805_055550,2026-08-05T06:17:37.314440+00:00,amazon_usa,MOTHERBOARD,B0BJYYFP3X,"ASRock Z790 PG Sonic LGA1700 Motherboard, Intel 14th/13th/12th Gen Support, DDR5 7200+ OC, PCIe 5.0, Killer 2.5G LAN, Sonic Themed Design, 14+1+1 Power Phase",1209.48,356.78,2026-08-05,4.6,32,https://www.amazon.com/MB-ASRock-Z790-PG-SONIC/dp/B0BJYYFP3X,25.0,381.78
20260805_055550,2026-08-05T06:17:37.314440+00:00,amazon_usa,MOTHERBOARD,B0BHC3VHHG,"msi PRO Z790-A WiFi ProSeries Motherboard (Supports 12th/13th Gen Intel Processors, LGA 1700, DDR5, PCIe 5.0, M.2, 2.5Gbps LAN, USB 3.2 Gen2, Wi-Fi 6E, ATX)",1179.08,347.81,2026-08-05,4.5,378,https://www.amazon.com/MSI-ProSeries-Motherboard-Supports-Processors/dp/B0BHC3VHHG,0.0,347.81
20260805_055550,2026-08-05T06:17:37.314440+00:00,amazon_usa,MOTHERBOARD,B09XWR42S5,Intel Z790 Ddr5 128Gb,606.34,178.86,2026-08-05,4.5,449,https://www.amazon.com/msi-7E06-001R-Intel-Z790-128Gb/dp/B09XWR42S5,25.0,203.86
20260805_055550,2026-08-05T06:17:37.314440+00:00,amazon_usa,MOTHERBOARD,B0DN6RHB2H,"GIGABYTE Z790 Eagle Motherboard - Supports 14th Gen. Intel Core CPUs, 12+1+1 Phases VRM, up to 7600MHz DDR5 (OC), 3xPCIe 4.0 M.2, 2,5GbE LAN, USB 3.2 Gen 2",880.28,259.67,2026-08-05,4.4,9,https://www.amazon.com/GIGABYTE-Z790-Eagle-Motherboard-Supports/dp/B0DN6RHB2H,25.0,284.67
20260805_055550,2026-08-05T06:17:41.757701+00:00,amazon_usa,MOTHERBOARD,B083TZ68H1,"GIGABYTE B650 Eagle AX AM5 LGA 1718 ATX Motherboard, DDR5, Triple M.2 Slots (1x PCIe 5.0, 2X PCIe 4.0), USB 3.2 Gen2x2 Type-C, WiFi 6E, Realtek GbE LAN",471.58,139.11,2026-08-05,4.6,967,https://www.amazon.com/GIGABYTE-B650-AX-Triple-Realtek/dp/B083TZ68H1,0.0,139.11
20260805_055550,2026-08-05T06:17:41.757701+00:00,amazon_usa,MOTHERBOARD,B0BZD3BMZL,msi B760 Gaming Plus WiFi Motherboard Intel B760 LGA 1700 ATX,471.58,139.11,2026-08-05,4.6,743,https://www.amazon.com/MSI-B760-GAMING-motherboard-Intel/dp/B0BZD3BMZL,25.0,164.11
20260805_055550,2026-08-05T06:17:41.757701+00:00,amazon_usa,MOTHERBOARD,B0D2ZB6362,"MSI MAG Z790 Tomahawk MAX WiFi Gaming Motherboard (Supports 12th/13th/14th Gen Intel Processors, LGA 1700, DDR5, PCIe 5.0, M.2, 2.5Gbps LAN, USB 3.2 Gen2, Wi-Fi 7, ATX) (Renewed)",621.35,183.29,2026-08-05,3.8,15,https://www.amazon.com/MSI-Tomahawk-Motherboard-Supports-Processors/dp/B0D2ZB6362,25.0,208.29
20260805_055550,2026-08-05T06:17:41.757701+00:00,amazon_usa,MOTHERBOARD,B0C2C96LDL,ASRock B760M Pro RS Motherboard DDR5 7200MHz HDMI DisplayPort eDP PCIe Gen5 (Graphics) 14th 13th 12th Gen Intel Core Processors LGA1700 192GB,441.31,130.18,2026-08-05,4.6,395,https://www.amazon.com/Motherboard-7200MHz-DisplayPort-Graphics-Processors-LGA1700/dp/B0C2C96LDL,0.0,130.18
20260805_055550,2026-08-05T06:17:41.757701+00:00,amazon_usa,MOTHERBOARD,B0BLF7QXJK,"GIGABYTE Z790 Gaming X AX Intel LGA 1700 ATX Motherboard, 4X DDR5~128GB, 3X PCI-E x16, 3X M.2, 6X SATA, 5X USB 3.2, 1x USB-C, 6X USB 2.0",1515.97,447.19,2026-08-05,4.2,121,https://www.amazon.com/GIGABYTE-GAMING-Intel-Motherboard-128GB/dp/B0BLF7QXJK,0.0,447.19
20260805_055550,2026-08-05T06:17:41.757701+00:00,amazon_usa,MOTHERBOARD,B0DGVGRVLQ,"GIGABYTE X870 AORUS Elite WIFI7 ICE AMD AM5 LGA 1718 Motherboard, ATX, DDR5, 4X M.2, PCIe 5.0, USB4, WIFI7, 2.5GbE LAN, EZ-Latch, 5-Year Warranty",741.12,218.62,2026-08-05,4.4,345,https://www.amazon.com/GIGABYTE-X870-AORUS-WIFI7-ICE/dp/B0DGVGRVLQ,0.0,218.62
20260805_055550,2026-08-05T06:17:46.351846+00:00,amazon_usa,MOTHERBOARD,B0DFPNHCMX,"ASUS TUF Gaming B860-PLUS WiFi B860 LGA 1851 ATX Motherboard, Intel® Core™ Ultra Series 2 Ready, Advanced AI PC-Ready, 12+1+2+1 Stages, DDR5,PCIe 5.0, 3X M.2, Wi-Fi 7, 2.5Gb LAN, USB 20Gbps Type-C® | ",741.09,218.61,2026-08-05,4.7,29,https://www.amazon.com/ASUS-TUF-B860-PLUS-Motherboard-Advanced/dp/B0DFPNHCMX,0.0,218.61
20260805_055550,2026-08-05T06:17:46.351846+00:00,amazon_usa,MOTHERBOARD,B0DF12WKQY,"ASUS ROG Strix X870-A Gaming WiFi AMD AM5 X870 ATX Motherboard 16+2+2 Power Stages, Dynamic OC Switcher, Core Flex, DDR5 AEMP, WiFi 7, 4X M.2, PCIe® 5.0, Q-Release Slim, USB4®, AI OCing & Networking",976.93,288.18,2026-08-05,4.5,703,https://www.amazon.com/ASUS-ROG-Motherboard-Q-Release-Networking/dp/B0DF12WKQY,0.0,288.18
20260805_055550,2026-08-05T06:17:46.351846+00:00,amazon_usa,MOTHERBOARD,B09J1PD7P6,ASUS ROG Maximus Z690 Hero Desktop Motherboard - Intel Z690 Chipset - Socket LGA-1700 - Intel Optane Memory Ready - ATX,2459.17,725.42,2026-08-05,3.8,104,https://www.amazon.com/ASUS-ROG-Z690-Motherboard-2xThunderbolt/dp/B09J1PD7P6,0.0,725.42
20260805_055550,2026-08-05T06:17:46.351846+00:00,amazon_usa,MOTHERBOARD,B0F9YJK6HT,"B85M PRO LGA 1150 Motherboard for Intel 4th Gen Core i7 i5 i3/Pentium/Celeron Series Processors (Micro-ATX, DDR3, PCIe 3.0, NVME M.2, SATA 3.0, VGA/DVI/HDMI-Compatible, Gigabit LAN)",272.83,80.48,2026-08-05,4.3,28,https://www.amazon.com/SHANGZHAOYUAN-B85M-PRO-Motherboard-HDMI-Compatible/dp/B0F9YJK6HT,0.0,80.48
20260805_055550,2026-08-05T06:17:51.394141+00:00,amazon_usa,MOTHERBOARD,B0DSW6RGD8,"ASTARON M.2 SSD Screws Kit, PCIe NVMe M.2 SSD Mounting Screw Kit for Asus, Gigabyte, ASRock, or MSI motherboards",20.17,5.95,2026-08-05,4.7,796,,25.0,30.95
20260805_055550,2026-08-05T06:17:51.394141+00:00,amazon_usa,MOTHERBOARD,B0GRL3PGDP,"msi MAG X870E Gaming MAX WiFi Motherboard, ATX - Supports AMD Ryzen 9000/8000 / 7000 Processors, AM5 - DDR5 Memory Boost (up to 8200+ MT/s OC), PCIe 5.0 x16, M.2 Gen5, Wi-Fi 7, 5G LAN",707.43,208.68,2026-08-05,5.0,2,https://www.amazon.com/MAG-X870E-Gaming-MAX-WiFi/dp/B0GRL3PGDP,0.0,208.68
20260805_055550,2026-08-05T06:17:51.394141+00:00,amazon_usa,MOTHERBOARD,B0BR8TRM93,"ASUS Prime B760-PLUS D4 Intel (13th and 12th Gen)LGA 1700 ATX motherboard PCIe 5.0,3xPCIe 4.0 M.2 slots,DDR4,2.5Gb LAN,DisplayPort,USB 3.2 Gen 2x2 Type-C,front USB 3.2 Gen 1 Type-C,Thunderbolt (USB4®)",639.9,188.76,2026-08-05,4.1,145,https://www.amazon.com/ASUS-B760-PLUS-motherboard-DisplayPort-Thunderbolt/dp/B0BR8TRM93,0.0,188.76
20260805_055550,2026-08-05T06:17:51.394141+00:00,amazon_usa,MOTHERBOARD,B0DZDYTT87,"NZXT N7 Z890 - Intel Z890 LGA 1851 ATX Motherboard - Black | Intel Z890 ATX board for Core Ultra Series 2. Wi-Fi, PCIe 5.0, DDR5, and RGB full-metal cover. A clean, capable base.",1105.0,325.96,2026-08-05,4.5,2,https://www.amazon.com/NZXT-N7-Z890-Motherboard-Thunderbolt/dp/B0DZDYTT87,0.0,325.96
20260805_055550,2026-08-05T06:17:51.394141+00:00,amazon_usa,MOTHERBOARD,B0CK774991,"ASRock H610M-HDV/M.2 R2.0 Micro-ATX Motherboard, Supports Intel 14th/13th/12th Gen Core Processors (LGA1700), DDR4 3200, PCIe 4.0, Ultra M.2, Triple Display",202.11,59.62,2026-08-05,4.2,14,https://www.amazon.com/ASRock-Intel-H610-Micro-Motherboard/dp/B0CK774991,25.0,84.62
20260805_055550,2026-08-05T06:17:51.394141+00:00,amazon_usa,MOTHERBOARD,B0FPRQ3SPD,"GIGABYTE B760M DS3H WIFI6E GEN5 Intel LGA 1700 mATX Motherboard, Supports Intel Core 14th/13th/12th Gen, DDR5, 6+2+1 Power Phase, 2X M.2, PCIe 5.0, USB-C, WIFI6E, 2.5GbE LAN, PCIe EZ-Latch",400.87,118.25,2026-08-05,3.9,5,https://www.amazon.com/GIGABYTE-B760M-DS3H-WIFI6E-GEN5/dp/B0FPRQ3SPD,25.0,143.25
20260805_055550,2026-08-05T06:17:51.394141+00:00,amazon_usa,MOTHERBOARD,B0CMQFDSHV,"H97M PRO LGA 1150 Motherboard for Intel 4th 5th gen Core i3 i5 i7/Pentium/Xeon Processor (Micro ATX, 4*DDR3 Slots, SATA 3.0, USB 3.0, NVME M.2, PCIe 3.0)",326.73,96.38,2026-08-05,3.2,16,https://www.amazon.com/SHANGZHAOYUAN-Motherboard-Intel-Pentium-Processor/dp/B0CMQFDSHV,0.0,96.38
20260805_055550,2026-08-05T06:17:51.394141+00:00,amazon_usa,MOTHERBOARD,B09JZFT4SN,GIGABYTE Z690 AORUS Ultra (LGA 1700/ Intel Z690/ ATX/ DDR5/ Quad M.2/ PCIe 5.0/ USB 3.2 Gen2X2/ Type-C/WiFi 6/2.5GbE LAN/Gaming Motherboard),1012.29,298.61,2026-08-05,4.3,143,https://www.amazon.com/GIGABYTE-Z690-AORUS-Gen2X2-Motherboard/dp/B09JZFT4SN,0.0,298.61
20260805_055550,2026-08-05T06:18:06.876618+00:00,amazon_usa,PSU,B0DJ1T9VXB,"ASUS ROG Strix 1000W Platinum (Fully Modular Power Supply, 80 Plus Platinum Certified, ATX 3.1, Cybenetics Lambda A+, GaN MOSFET, GPU-First Intelligent Voltage Stabilizer, 10-Year Warranty)",734.34,216.62,2026-08-05,4.8,240,https://www.amazon.com/ASUS-Certified-Cybenetics-Intelligent-Stabilizer/dp/B0DJ1T9VXB,0.0,216.62
20260805_055550,2026-08-05T06:18:06.876618+00:00,amazon_usa,PSU,B0FQ6MH33Q,"NZXT C1000 Gold Core - 1000W ATX 3.1 Power Supply, 80+ Gold | 1000W ATX 3.1 PSU, 80 PLUS Gold and Cybenetics Platinum, fully modular. Quiet, efficient power for gaming builds.",387.38,114.27,2026-08-05,4.7,63,https://www.amazon.com/NZXT-C1000-Gold-Core-Cybenetics/dp/B0FQ6MH33Q,0.0,114.27
20260805_055550,2026-08-05T06:18:06.876618+00:00,amazon_usa,PSU,B0GY1RBQRH,"MSI PRO A1000PL PCIE5, Fully Modular Gaming 1000W Power Supply, 80+ Platinum, 12V-2x6 Cables, Server-Grade Capacitor, ATX 3.1 & PCIe 5.1 Ready, Low-Noise, Embossed Jacket Cables, 7 Year Warranty",496.94,146.59,2026-08-05,4.8,8,https://www.amazon.com/Platinum-Server-Grade-Capacitor-Low-Noise-Embossed/dp/B0GY1RBQRH,0.0,146.59
20260805_055550,2026-08-05T06:18:06.876618+00:00,amazon_usa,PSU,B0D45RN3KZ,"CORSAIR SF1000 (2024) Fully Modular SFX Low Noise 80 Plus Platinum Power Supply – ATX 3.1 Compliant, PCIe 5.1 Ready, Small Form Factor, Bracket Included – Black",808.48,238.49,2026-08-05,4.4,202,https://www.amazon.com/CORSAIR-SF1000-Modular-Platinum-Supply/dp/B0D45RN3KZ,0.0,238.49
20260805_055550,2026-08-05T06:18:06.876618+00:00,amazon_usa,PSU,B0DNLPGGDT,ASRock Steel Legend SL-1000GW 1000W 80 Plus Gold & Cybenetics Platinum Full Modular Power Supply ATX3.1 PCIe5.1 Ready with Dual Color 12V-2x6 Cable 10 Years Warranty White Edition Japanese Capacitor,350.36,103.35,2026-08-05,4.7,29,https://www.amazon.com/ASRock-SL-1000GW-Cybenetics-Platinum-Capacitor/dp/B0DNLPGGDT,0.0,103.35
20260805_055550,2026-08-05T06:18:06.876618+00:00,amazon_usa,PSU,B0DTY7T8GP,"Super Flower Leadex III 1000W Power Supply, ATX 3.1 PCIe 5.1, Black | 80 Plus Gold, Full Modular, PCIe 5.1 Native 12V-2x6 Cable, Cybenetics Platinum, FDB Fan with Copper Shaft, 10-Year Warranty",505.28,149.05,2026-08-05,4.2,22,https://www.amazon.com/Super-Flower-Leadex-1000W-Supply/dp/B0DTY7T8GP,0.0,149.05
20260805_055550,2026-08-05T06:18:06.876618+00:00,amazon_usa,PSU,B0DP4JRTST,Seasonic Focus GX-1000 1000W Power Supply ATX 3.1 & PCIe 5.1 Ready White | 80 Plus & Cybenetics Gold Fully Modular 12V-2x6 RTX 5090 AMD RX 9000 Ready Premium Japanese Capacitors 10 Years Warranty,589.52,173.9,2026-08-05,4.8,189,https://www.amazon.com/Seasonic-GX-1000-White-ATX3-SRP-FGX102-A5A32SF/dp/B0DP4JRTST,0.0,173.9
20260805_055550,2026-08-05T06:18:06.876618+00:00,amazon_usa,PSU,B0D28HRHSG,Thermaltake Toughpower SFX Form Factor 1000W 80+ Platinum Power Supply (PCI-E 5.1/ATX 3.1 Standard); 600W 12V-2x6 Connector Included; Full Modular; 90mm FDB Fan; 7 Year Warranty; PS-STP-1000FNFAPU-1,606.34,178.86,2026-08-05,4.0,141,https://www.amazon.com/Thermaltake-Toughpower-Platinum-Connector-PS-STP-1000FNFAPU-1/dp/B0D28HRHSG,0.0,178.86
20260805_055550,2026-08-05T06:18:06.876618+00:00,amazon_usa,PSU,B0H85FHVRC,"ASUS ROG Strix 1000W Platinum White Edition (80 Plus & Cybenetics Platinum, Fully Modular ATX, ATX 3.1, PCIe 5.1, GaN MOSFET, GPU-First IVS, ROG Equalizer 12V-2x6 Power Cable, 10-Year Warranty)",875.84,258.36,2026-08-05,0.0,0,https://www.amazon.com/ASUS-Platinum-Cybenetics-GPU-First-Equalizer/dp/B0H85FHVRC,0.0,258.36
20260805_055550,2026-08-05T06:18:06.876618+00:00,amazon_usa,PSU,B0GKFXSQXL,"1000W Fully Modular Power Supply, 80+ Gold Certified PSU | ATX 3.1 & PCIe 5.1 Ready | 12V-2x6 Connector | 140mm Low-Noise Fan | 105℃ Japanese Capacitors | Black PSU",269.47,79.49,2026-08-05,4.2,3,https://www.amazon.com/Certified-Connector-Low-Noise-Japanese-Capacitors/dp/B0GKFXSQXL,0.0,79.49
20260805_055550,2026-08-05T06:18:06.876618+00:00,amazon_usa,PSU,B0DJ1SW3S1,"ASUS ROG Strix 1200W Platinum (Fully Modular Power Supply, 80 Plus Platinum Certified, ATX 3.1, GaN MOSFET, GPU-First Intelligent Voltage Stabilizer, 10-Year Warranty)",858.99,253.39,2026-08-05,4.6,171,https://www.amazon.com/ASUS-Certified-GPU-First-Intelligent-Stabilizer/dp/B0DJ1SW3S1,0.0,253.39
20260805_055550,2026-08-05T06:18:06.876618+00:00,amazon_usa,PSU,B0BTK87TBN,"Apevia ATX-PR1000W PCIe 5.0 & ATX 3.0 Ready Prestige 1000W 80+ Gold Certified, Gen 5 12VHPWR GPU Connector, Active PFC ATX Gaming Power Supply",269.47,79.49,2026-08-05,4.3,78,https://www.amazon.com/Apevia-ATX-PR1000W-Certified-Connector-Compliance/dp/B0BTK87TBN,0.0,79.49
20260805_055550,2026-08-05T06:18:06.876618+00:00,amazon_usa,PSU,B0FFYF6H6J,"ASUS ROG Thor 1000W Platinum III PSU (80 Plus Platinum Certified, ATX 3.1, GaN MOSFET, GPU-First Intelligent Voltage Stabilizer, Magnetic OLED Display, Turbo Mode, 10-Year Warranty)",1293.59,381.59,2026-08-05,4.4,14,https://www.amazon.com/ASUS-Certified-GPU-First-Intelligent-Stabilizer/dp/B0FFYF6H6J,0.0,381.59
20260805_055550,2026-08-05T06:18:06.876618+00:00,amazon_usa,PSU,B0FK3826VH,Thermaltake Toughpower GT 1000W; ATX 3.1; Native PCIe 5.1 12V-2x6; Full Modular; Flat Cables; Color Matched Connectors; Japanese Main Capacitors; 80 Plus Gold; 140mm; Black; PS-TPT-1000FNFAGU-3,336.86,99.37,2026-08-05,3.9,79,https://www.amazon.com/Thermaltake-Toughpower-Connectors-Capacitors-PS-TPT-1000FNFAGU-3/dp/B0FK3826VH,32.0,131.37
20260805_055550,2026-08-05T06:18:06.876618+00:00,amazon_usa,PSU,B0FFQRCM37,"Rosewill VMG 1000W 80+ Gold, ATX 3.0 & 3.1 Compatible, Full Modular Low-Noise Power Supply, PCIe 5.1 12V-2x6 Connector, 100% Japanese Electrolytic Capacitor, 120mm FDB Silent Fan - 5 Year Warranty",370.53,109.3,2026-08-05,4.5,154,https://www.amazon.com/Rosewill-Compatible-Low-Noise-Connector-Electrolytic/dp/B0FFQRCM37,0.0,109.3
20260805_055550,2026-08-05T06:18:06.876618+00:00,amazon_usa,PSU,B0GY1ZXHW3,"MSI MAG A1000PLS PCIE5, Fully Modular Gaming 1000W Power Supply, 80+ Platinum, Native 12V-2x6 Cables, GPU Safeguard, 105°C Main Capacitor, Fan Safeguard, ATX 3.1 & PCIe 5.1 Ready, 10 Year Warranty",538.98,158.99,2026-08-05,5.0,9,https://www.amazon.com/A1000PLS-Platinum-Safeguard-Capacitor-Warranty/dp/B0GY1ZXHW3,0.0,158.99
20260805_055550,2026-08-05T06:18:06.876618+00:00,amazon_usa,PSU,B0FMCFQLXQ,"ASUS ROG Strix 1000W Platinum White Edition (Fully Modular Power Supply, 80 Plus Platinum Certified, ATX 3.1, GaN MOSFET, “GPU-First” Patented-Intelligent Voltage Stabilizer, 10-Year Warranty)",842.18,248.43,2026-08-05,4.5,66,https://www.amazon.com/ASUS-Certified-GPU-First-Patented-Intelligent-Stabilizer/dp/B0FMCFQLXQ,0.0,248.43
20260805_055550,2026-08-05T06:18:06.876618+00:00,amazon_usa,PSU,B0CYTJ5YLS,"Super Flower Leadex VII XG 1000W Power Supply, ATX 3.1 PCIe 5.1, Black | 80 Plus Gold, Cybenetics Platinum, Full Modular, PCIe 5.1 Ready, 12V-2x6 Cable for RTX 40/50 GPUs, FDB Fan, 10-Year Warranty",538.98,158.99,2026-08-05,4.8,8,https://www.amazon.com/Flower-Cybenetics-Platinum-Modular-12VHPWR/dp/B0CYTJ5YLS,0.0,158.99
20260805_055550,2026-08-05T06:18:06.876618+00:00,amazon_usa,PSU,B0BRN2YG7F,"Vetroo 1000W White Power Supply, ATX 3.1 Ready & Dual PCIe 5.1 | 80 Plus Gold Certified, Full Modular, Eco Mode with 120mm FDB Fan, Compact Size, 10 Year Warranty for Gaming PC",336.86,99.37,2026-08-05,4.2,374,https://www.amazon.com/Vetroo-Modular-Japanese-Capacitors-Warranty/dp/B0BRN2YG7F,0.0,99.37
20260805_055550,2026-08-05T06:18:06.876618+00:00,amazon_usa,PSU,B0DNNNM1ZB,Corsair HX1000i Fully Modular Ultra-Low Noise ATX Power Supply - ATX 3.0 & PCIe 5.0 Compliant - Fluid Dynamic Bearing Fan- 80 Plus Platinum Efficiency - Black (Renewed),606.34,178.86,2026-08-05,4.3,12,https://www.amazon.com/Corsair-HX1000i-Modular-Ultra-Low-Supply/dp/B0DNNNM1ZB,0.0,178.86
20260805_055550,2026-08-05T06:18:06.876618+00:00,amazon_usa,PSU,B0DN15R9WR,Lian Li EDGE1000W Fully Modular Low-Noise ATX Power Supply - ATX 3.1 & PCIE 5.1 Compliant - Cybenetics Gold Efficiency - 12V-2x6 Cable - L-Shape Design - with USB/Fan Hub - White (EG1000G.WH),512.06,151.05,2026-08-05,4.8,171,https://www.amazon.com/Lian-Li-Edge-Serie-EG1000G-WH/dp/B0DN15R9WR,0.0,151.05
20260805_055550,2026-08-05T06:18:06.876618+00:00,amazon_usa,PSU,B0BZJ5WNJS,"ASUS ROG Loki SFX-L 1000W Platinum (Fully Modular Power Supply, 80+ Platinum, 120mm PWM ARGB Fan, Aura Sync, ATX 3.0 Compatible, PCIe 5.0 Ready, 10 Year Warranty)",943.23,278.24,2026-08-05,4.5,63,https://www.amazon.com/ASUS-Platinum-Modular-Compatible-Warranty/dp/B0BZJ5WNJS,0.0,278.24
20260805_055550,2026-08-05T06:18:11.032356+00:00,amazon_usa,PSU,B0FMDT8LF7,90W 4.74A AC Adapter Fit for HP L40098-001 All-in-One Desk 22 24 27 G1 ProDesk 400 600 G1 G2 G3 G4 G5 G6 Desktop Mini PC EliteDesk 800 G2 G3 G4 G6 G8 Power Supply,76.11,22.45,2026-08-05,4.3,25,,0.0,22.45
20260805_055550,2026-08-05T06:18:11.032356+00:00,amazon_usa,PSU,B0D2NZ14DJ,"350W Power Supply L350AM-00 Compatible with Dell XPS 8930 8920 8910 8940 | 8000 8010 8500 8700 9010MT, 5675 5676 5680, D350PM-01 L350PD-00 AC350AM-00 PCF001 PS-6351-6DF",202.11,59.62,2026-08-05,2.6,8,,0.0,59.62
20260805_055550,2026-08-05T06:18:11.032356+00:00,amazon_usa,PSU,B0FN7FJ2CM,"Lian Li 1000W Platinum Power Supply-SFX Form Factor-Black-SP1000P.B | 12V-2x6 Connectors, ATX 3.1 & PCIE 5.1 Compliant, Low-Noise - Fully Modular, 105°C Capacitors, 10 Year Warranty",623.18,183.83,2026-08-05,4.4,39,https://www.amazon.com/Lian-Li-Platinum-12V-2x6-Connectors/dp/B0FN7FJ2CM,0.0,183.83
20260805_055550,2026-08-05T06:18:11.032356+00:00,amazon_usa,PSU,B0D467S15T,"FSP Hydro Ti Pro 1000W Power Supply, 80 Plus Cybenetics Titanium PSU | ATX3.1 PCIe 5.1, Native 12V-2x6 Connector, Lambda A++, Quiet 135mm FDB Fan, Fully Modular, 10-Year Warranty, HTI-1000M-GEN5",875.84,258.36,2026-08-05,4.6,84,https://www.amazon.com/FSP-Computer-Titanium-Eco-Friendly-HTI-1000M-GEN5/dp/B0D467S15T,0.0,258.36
20260805_055550,2026-08-05T06:18:11.032356+00:00,amazon_usa,PSU,B0CD8CQ4D2,"Apevia ATX-MT1000W Mystic 1000W Fully Modular 80+ Platinum Certified, PCIe 5.0 & ATX 3.0 Ready Active PFC ATX RGB Gaming Power Supply, Includes Gen 5 12VHPWR Connector & 366 RGB Light Modes",336.86,99.37,2026-08-05,4.5,12,https://www.amazon.com/Apevia-ATX-MT1000W-Platinum-Certified-Connector/dp/B0CD8CQ4D2,0.0,99.37
20260805_055550,2026-08-05T06:18:11.032356+00:00,amazon_usa,PSU,B0BF3R83W8,Thermaltake Toughpower GF3 1000W; ATX 3.1; Native PCIe 5.1 12V-2x6; Flat Cables; Color Matched Connectors; Japanese Main Capacitors; 135mm Fan; 80 Plus Gold Certified; Black; PS-TPD-1000FNFAGU-4,572.67,168.93,2026-08-05,4.2,786,https://www.amazon.com/Thermaltake-Toughpower-Crossfire-Connector-PS-TPD-1000FNFAGU-4/dp/B0BF3R83W8,0.0,168.93
20260805_055550,2026-08-05T06:18:11.032356+00:00,amazon_usa,PSU,B0FJLPYJH5,"PCCOOLER KN1000 1000W ATX 3.1 Fully Modular Power Supply, 80 Plus Gold",357.07,105.33,2026-08-05,3.4,20,https://www.amazon.com/PCCOOLER-Certified-Capacitors-Ultra-Flexible-KN1000/dp/B0FJLPYJH5,0.0,105.33
20260805_055550,2026-08-05T06:18:11.032356+00:00,amazon_usa,PSU,B0GZYVGCFY,"SilverStone Technology HELA 1000Rz 80 Plus Platinum 1000W ATX 3.1 & PCIe 5 Fully Modular ATX Power Supply, SST-HA1000R-PM",739.05,218.01,2026-08-05,5.0,3,https://www.amazon.com/SilverStone-Technology-Platinum-Modular-SST-HA1000R-PM/dp/B0GZYVGCFY,0.0,218.01
20260805_055550,2026-08-05T06:18:11.032356+00:00,amazon_usa,PSU,B07Q5K58GZ,Dell 750W EPP 80+ Platinum PSU (W8R3C) (Renewed),101.02,29.8,2026-08-05,0.0,0,,32.0,61.8
20260805_055550,2026-08-05T06:18:11.032356+00:00,amazon_usa,PSU,B0H2M7762P,"COUGAR GR1000W 1000W Power Supply - 80 Plus Gold, ATX 3.1 & PCIe 5.1 Ready | 100% Japanese Capacitors, Cybernetics Platinum Efficiency, Native 12V-2x6 Cable, Full Modular, 10 Year Warranty",346.93,102.34,2026-08-05,4.5,8,,0.0,102.34
20260805_055550,2026-08-05T06:18:11.032356+00:00,amazon_usa,PSU,B0DHYRB6C3,"ASUS TUF Gaming 1000W Gold White Edition (1000 Watt, Fully Modular Power Supply, 80+ Gold Certified, Military-Grade Components, Dual Ball Bearing, Axial-tech Fan, PCB Coating, 10 Year Warranty)",567.86,167.51,2026-08-05,4.6,108,https://www.amazon.com/ASUS-Certified-Military-Grade-Components-Axial-tech/dp/B0DHYRB6C3,0.0,167.51
20260805_055550,2026-08-05T06:18:11.032356+00:00,amazon_usa,PSU,B09NTQ8TZJ,MSI MPG A1000G PCIE 5 & ATX 3.0 Gaming Power Supply - Full Modular - 80 Plus Gold Certified 1000W - 100% Japanese 105°C Capacitors - Compact Size - ATX PSU,572.67,168.93,2026-08-05,4.6,200,https://www.amazon.com/MSI-A1000G-Gaming-Power-Supply/dp/B09NTQ8TZJ,0.0,168.93
20260805_055550,2026-08-05T06:18:11.032356+00:00,amazon_usa,PSU,B0CC8JMDVH,"be quiet! Straight Power 12 1500W ATX 3.0 PCIe 5.0 80+ Platinum PSU | Native 12V-2x6 Cable, Silent 135mm Fan, Fully Modular Design, LLC Topology, Japanese 105°C Capacitors, 10-Year Warranty",865.43,255.29,2026-08-05,4.5,101,https://www.amazon.com/quiet-Straight-12-1500w-connectors-BN518/dp/B0CC8JMDVH,0.0,255.29
20260805_055550,2026-08-05T06:18:11.032356+00:00,amazon_usa,PSU,B0FPCG8CJM,Lian Li SX0850P Platinum Compact ATX Form Factor 850W Power Supply | 12V-2x6 Cable | ATX 3.1 PSU & PCIE 5.1 Ready - 140mm Fan - Full Modular - 10 Year Warranty - White (SX0850P.W),416.56,122.88,2026-08-05,4.3,23,https://www.amazon.com/Lian-Li-Platinum-Compact-12V-2x6/dp/B0FPCG8CJM,0.0,122.88
20260805_055550,2026-08-05T06:18:11.032356+00:00,amazon_usa,PSU,B0BDKRZM62,"ARESGAME AGT Series 1000W Power Supply, 80+ Gold Certified, Fully Modular, FDB Fan, Compact 140mm Size, 10 Year Warranty, ATX Gaming Power Supply",303.17,89.43,2026-08-05,3.7,397,https://www.amazon.com/ARESGAME-Certified-Modular-Compact-Warranty/dp/B0BDKRZM62,32.0,121.43
20260805_055550,2026-08-05T06:18:11.032356+00:00,amazon_usa,PSU,B0DNNZ9G46,ASRock PG 1600G ATX 3.1 1600W Power Supply PCle5.1 10 Years Warranty Fully Modular Japanese Capacitor Phantom Gaming PG-1600G 80 Plus Gold Cybenetics Platinum 12V-2x6 Cables,673.73,198.74,2026-08-05,4.3,59,https://www.amazon.com/ASRock-Warranty-Japanese-Capacitor-Cybenetics/dp/B0DNNZ9G46,32.0,230.74
20260805_055550,2026-08-05T06:18:11.032356+00:00,amazon_usa,PSU,B0DKVCTZBJ,"MONTECH Titan PLA 850W Power Supply, Fully Modular 80 Plus Platinum, White | ATX 3.1, PCIe 5.1 GPU Support, Native 12V-2x6 Cable, Zero RPM Mode, 100% Japanese Capacitors, 10-Year Warranty",773.12,228.06,2026-08-05,4.4,37,https://www.amazon.com/Montech-Titan-High-End-Gaming-Supply/dp/B0DKVCTZBJ,0.0,228.06
20260805_055550,2026-08-05T06:18:11.032356+00:00,amazon_usa,PSU,B0F1NF61BQ,"CORSAIR HX1200i (2025) Fully Modular Ultra-Low Noise ATX Power Supply with 12V-2x6 Cable – ATX 3.1 & PCIe 5.1 Compliant, Cybenetics Platinum Efficiency, Fluid Dynamic Bearing Fan – Black",1010.59,298.11,2026-08-05,4.5,107,https://www.amazon.com/CORSAIR-HX1200i-Modular-Ultra-Low-12V-2x6/dp/B0F1NF61BQ,0.0,298.11
20260805_055550,2026-08-05T06:18:11.032356+00:00,amazon_usa,PSU,B0DNSV9NWG,S-Union Upgraded L08261-004 PCH023 180W Power Supply PSU Compatible with HP ProDesk G5 Pavilion 590-p0XXX 590-P0097CB PCG003 HK280-85PP L70042-004 L08261-006 Entl18 SFF L08261-004 Power Supply,134.72,39.74,2026-08-05,4.4,19,,32.0,71.74
20260805_055550,2026-08-05T06:18:11.032356+00:00,amazon_usa,PSU,B0DP8NWVFD,S-Union Upgraded 503377-001 320W Power Supply D10-320P2A PSU Compatible with HP MT 6000 6200 6300 8000 8200 Z200 DPS-320NB CFH-0320EWWA 611484-001 613764-001 613765-001 503377-001 Power Supply,111.12,32.78,2026-08-05,3.9,5,,0.0,32.78
20260805_055550,2026-08-05T06:18:15.503472+00:00,amazon_usa,PSU,B0CHDYG9XH,"ARESGAME 1300W ATX 3.0 PCIE 5.0 Power Supply, 80 Plus Gold Certified, Fully Modular, 10 Year Warranty",410.97,121.23,2026-08-05,4.3,40,,32.0,153.23
20260805_055550,2026-08-05T06:18:15.503472+00:00,amazon_usa,PSU,B0GJ8F8NVW,"1000W ATX 3.1 Fully Modular Power Supply, 80 Plus Gold Certified, PCIe 5.1 Ready with Native 12VHPWR Cable, High Efficiency Low-Noise PSU for Gaming & Workstations",336.8,99.35,2026-08-05,0.0,0,https://www.amazon.com/1000W-Certified-Efficiency-Low-Noise-Workstations/dp/B0GJ8F8NVW,0.0,99.35
20260805_055550,2026-08-05T06:18:15.503472+00:00,amazon_usa,PSU,B0FBGRLZKT,GOLDEN FIELD 1050W Power Supply Platinum ATX 3.1 Full Modular 1000 Watt PSU,336.53,99.27,2026-08-05,4.5,9,https://www.amazon.com/GOLDEN-FIELD-Computer-Certified-Capacitors/dp/B0FBGRLZKT,0.0,99.27
20260805_055550,2026-08-05T06:18:15.503472+00:00,amazon_usa,PSU,B07N4RZRPY,Silverstone Technology 1000 Watt Fully Modular 80 Plus Platinum Power Supply in Ultra Compact 140mm in Depth ST1000-PTS,865.74,255.38,2026-08-05,4.3,123,https://www.amazon.com/SilverStone-Technology-Modular-Platinum-ST1000-PTS/dp/B07N4RZRPY,0.0,255.38
20260805_055550,2026-08-05T06:18:15.503472+00:00,amazon_usa,PSU,B0FTLY8KHJ,"ORA PRO G1 1000W Gold PSU ATX 3.1, Fully Modular, Quiet, Black | ATX 3.1, PCIe 5.1 12V-2x6 Cable, Cybenetics Gold Certified, 148mm Quiet Fan, Gaming PC Desktop",370.22,109.21,2026-08-05,4.8,16,https://www.amazon.com/MOAIPLAY-Modular-12V-2x6-Cybenetics-Certified/dp/B0FTLY8KHJ,0.0,109.21
20260805_055550,2026-08-05T06:18:15.503472+00:00,amazon_usa,PSU,B0H8534JDQ,"ASUS ROG Strix 1000W Platinum (80 Plus and Cybenetics Platinum, Fully Modular ATX, ATX 3.1, PCIe 5.1, GaN MOSFET, GPU-First IVS, ROG Equalizer 12V-2x6 GPU Power Cable, 10-Year Warranty)",875.84,258.36,2026-08-05,0.0,0,https://www.amazon.com/ASUS-Platinum-Cybenetics-GPU-First-Equalizer/dp/B0H8534JDQ,0.0,258.36
20260805_055550,2026-08-05T06:18:15.503472+00:00,amazon_usa,PSU,B0FJZ8TL82,GIGABYTE UD1000GM PG5 V2 ICE - 1000W 80 Plus Gold Certified - PCIe5.1 Ready - ATX3.1 - Fully Modular Power Supply (GP-UD1000GMPG5 ICE),471.58,139.11,2026-08-05,4.5,25,https://www.amazon.com/GIGABYTE-UD1000GM-PG5-ICE-GP-UD1000GMPG5/dp/B0FJZ8TL82,0.0,139.11
20260805_055550,2026-08-05T06:18:15.503472+00:00,amazon_usa,PSU,B0B433ZCRP,"MSI MEG Ai1300P PCIE5, Fully Modular Gaming 1300W Power Supply, 80+ Platinum, Native 12V-2x6 Cable, 100% Japanese Capacitor, ATX 3.1 & PCIe 5.1 Ready, Low-Noise, Sleeve Cables, 10 Year Warranty",1179.04,347.8,2026-08-05,4.1,571,https://www.amazon.com/Ai1300GS-Platinum-Japanese-Capacitor-Low-Noise/dp/B0B433ZCRP,0.0,347.8
20260805_055550,2026-08-05T06:18:15.503472+00:00,amazon_usa,PSU,B0CSVRR74D,"PCCOOLER PSU CPS YN1000 Power Supply, 1000W 80 Plus Gold Certified Fully Modular PCIe 5.1 & ATX 3.1, Wide Compatibility, 135mm FDB Fan, Full Japan Electrolytic Capacitors - 10 Year Warranty",529.21,156.11,2026-08-05,4.6,62,https://www.amazon.com/PCCOOLER-Certified-Compatibility-Electrolytic-Capacitors/dp/B0CSVRR74D,0.0,156.11
20260805_055550,2026-08-05T06:18:15.503472+00:00,amazon_usa,PSU,B0941WP4XB,Apevia ATX-GX1000W Galaxy 1000W (No PCIe 5.0 & No Gen 5 12VHPWR Connector) 80+ Gold Certified Active PFC ATX Semi-Modular Gaming Power Supply,255.98,75.51,2026-08-05,4.0,126,https://www.amazon.com/Apevia-ATX-GX1000W-Galaxy-Certified-Semi-Modular/dp/B0941WP4XB,0.0,75.51
20260805_055550,2026-08-05T06:18:15.503472+00:00,amazon_usa,PSU,B0CKHGR41P,AZZA PSAZ-1000P 80+ Platinum 1000W ATX 3.0 Power Supply,711.59,209.91,2026-08-05,0.0,0,https://www.amazon.com/AZZA-PSAZ-1000P-Platinum-1000W-Supply/dp/B0CKHGR41P,0.0,209.91
20260805_055550,2026-08-05T06:18:15.503472+00:00,amazon_usa,PSU,B0C33H937C,"GAMEMAX Rampage Series, 1250W, Full Modular Power Supply, ATX 3.1 & PCIE 5.1 Ready, 80 Plus Platinum Certified, 105°C Japanese Caps, 135mm F.D.B Fan, 10 Year Warranty, GX1250, White",404.22,119.24,2026-08-05,4.4,65,,0.0,119.24
20260805_055550,2026-08-05T06:18:15.503472+00:00,amazon_usa,PSU,B0GWZGJD2T,ARESGAME Power Supply 1000W 80+ Gold Fully Modular PSU,286.32,84.46,2026-08-05,0.0,0,,0.0,84.46
20260805_055550,2026-08-05T06:18:15.503472+00:00,amazon_usa,PSU,B0FLFGGDK3,"CORSAIR RM750e ATX 3.1 PCIe 5.1 Ready Fully Modular 750W Power Supply – 12V-2x6 Cable Included, Cybenetics Gold Efficiency, 105°C-Rated Capacitors, Modern Standby Mode – Black",303.17,89.43,2026-08-05,4.7,333,https://www.amazon.com/CORSAIR-RM750e-Ready-Modular-Supply/dp/B0FLFGGDK3,0.0,89.43
20260805_055550,2026-08-05T06:18:15.503472+00:00,amazon_usa,PSU,B0DPR5RZ1T,"CORSAIR RM1000e (2025) Fully Modular Low-Noise ATX Power Supply with 12V-2x6 Cable – ATX 3.1 & PCIe 5.1 Compliant, Cybenetics Gold Efficiency, 105°C-Rated Capacitors, Modern Standby Mode – Black",504.16,148.72,2026-08-05,4.7,476,https://www.amazon.com/CORSAIR-RM1000e-Modular-Low-Noise-12V-2x6/dp/B0DPR5RZ1T,0.0,148.72
20260805_055550,2026-08-05T06:18:15.503472+00:00,amazon_usa,PSU,B0C57132H5,Seasonic PRIME PX-1600 1600W Power Supply ATX 3.1 & PCIe 5.1 Ready | 80 Plus Platinum & Cybenetics Titanium Fully Modular Dual 12V-2x6 RTX 5090 AMD RX 9000 Ready AI Workstation 12 Yrs Warranty,1667.51,491.89,2026-08-05,4.4,103,https://www.amazon.com/Seasonic-PX-1600-Platinum-Warranty-SSR-1600PD2/dp/B0C57132H5,32.0,523.89
20260805_055550,2026-08-05T06:18:15.503472+00:00,amazon_usa,PSU,B0FNS5CG5Q,"Apevia ATX-SL1000W Soul 1000W Fully Modular Power Supply ATX 3.0 & 3.1 Compatible, PCIe 5.1 12V-2x6 Connector, ATX Active PFC, DC to DC Converter Design, 140mm Silent Fan, RoHS Compliance | Fully Modu",235.77,69.55,2026-08-05,3.7,8,https://www.amazon.com/Apevia-ATX-SL1000W-Compatible-Connector-Compliance/dp/B0FNS5CG5Q,0.0,69.55
20260805_055550,2026-08-05T06:18:15.503472+00:00,amazon_usa,PSU,B0DBW2J5Q1,"1STPLAYER NGDP 1000W Fully Modular PSU, ATX 3.1 / PCI-E 5.1, 80 Plus Gold/PPLP Platinum, Low Noise FDB Fan with Zero RPM, Japanese Electrolyte Capacitor",501.96,148.07,2026-08-05,5.0,3,https://www.amazon.com/1STPLAYER-Platinum-Japanese-Electrolyte-Capacitor/dp/B0DBW2J5Q1,32.0,180.07
20260805_055550,2026-08-05T06:18:15.503472+00:00,amazon_usa,PSU,B0CDDMQ3NS,"Apevia ATX-JP1000W PCIe 5.0 & ATX 3.0 80+ Bronze Power Supply with 12VHPWR | 80+ Bronze PSU, Auto Thermal Controlled 135mm Fan, 12VHPWR Cable Included, Heavy Duty Protections, Active PFC, Low Noise",235.77,69.55,2026-08-05,4.0,29,https://www.amazon.com/Apevia-ATX-JP1000W-Certified-Connector-Compliance/dp/B0CDDMQ3NS,32.0,101.55
20260805_055550,2026-08-05T06:18:15.503472+00:00,amazon_usa,PSU,B0D68VH8DR,"Cooler Master MWE Gold 850 V3 Power Supply, PCIe 5.1 Ready | Certification Cybenetics Platinum & Noise A, 80 PLUS Gold, 850W, ATX 3.1, 12V-2x6 Cable, Zero-RPM Silent Mode, Fully Modular",469.92,138.62,2026-08-05,4.4,356,https://www.amazon.com/Cooler-Master-Efficiency-Zero-RPM-Hexagonal/dp/B0D68VH8DR,0.0,138.62
20260805_055550,2026-08-05T06:18:15.503472+00:00,amazon_usa,PSU,B0BTJYYTGM,GIGABYTE GP-UD1000GM PG5 Rev2.0 - PCIe5.0 Ready - ATX3.0-1000W 80 Plus Gold Certified - Fully Modular Power Supply,489.04,144.26,2026-08-05,3.9,132,https://www.amazon.com/GIGABYTE-GP-UD1000GM-PG5-Certified-Modular/dp/B0BTJYYTGM,0.0,144.26
20260805_055550,2026-08-05T06:18:15.503472+00:00,amazon_usa,PSU,B0CGGPBQYD,"FSP Hydro G PRO 1000W ATX 3.1 PCIe 5.1 Power Supply | 80 Plus Cybenetics Gold Efficiency, Native 12V-2x6 Connector, Fully Modular, 10-Year Warranty, HG2-1000-G5T",538.98,158.99,2026-08-05,4.5,26,https://www.amazon.com/FSP-Hydro-1000W-Power-Supply/dp/B0CGGPBQYD,0.0,158.99
20260805_055550,2026-08-05T06:18:15.503472+00:00,amazon_usa,PSU,B0BTTW2344,"FSP Hydro G PRO 1000W 80 Plus Gold Full Modular ATX 3.0 PCIe Gen 5,W/12VHPWR Cable, Power Supply 10 Years Warranty (HG2-1000M,Gen5)",757.97,223.59,2026-08-05,4.9,26,https://www.amazon.com/FSP-Modular-Warranty-HG2-1000-Gen5/dp/B0BTTW2344,0.0,223.59
20260805_055550,2026-08-05T06:18:20.098998+00:00,amazon_usa,PSU,B0D68TLYKR,"Cooler Master MWE Gold 750 V3 Power Supply, PCIe 5.1 Ready | Certification Cybenetics Platinum & Noise A, 80 PLUS Gold, 750W, ATX 3.1, 12V-2x6 Cable, Zero-RPM Silent Mode, Fully Modular",286.29,84.45,2026-08-05,4.5,124,https://www.amazon.com/Cooler-Master-Efficiency-Zero-RPM-Hexagonal/dp/B0D68TLYKR,0.0,84.45
20260805_055550,2026-08-05T06:18:20.098998+00:00,amazon_usa,PSU,B0H6Y2YYTM,"GIGABYTE Gaming 1000GM PG5 ATX 3.1 & PCIe 5.1 Ready Fully Modular 1000W Power Supply - 80 Plus Gold & Cybenetics Platinum Certified, Dual Color 12V-2x6 Cable, T-Guard, 10 Year Warranty - Black",572.67,168.93,2026-08-05,0.0,0,https://www.amazon.com/GIGABYTE-Gaming-1000GM-PG5-Modular/dp/B0H6Y2YYTM,32.0,200.93
20260805_055550,2026-08-05T06:18:20.098998+00:00,amazon_usa,PSU,B0GTTZ5CZ4,"Vetroo 1200W Power Supply 80 Plus Platinum & Cybenetics Platinum Certified | ATX 3.1 & Dual PCIe 5.1 Ready, 100% Japanese Capacitors, Fully Modular with Eco Mode, 10 Years Warranty (White)",471.58,139.11,2026-08-05,5.0,4,https://www.amazon.com/Vetroo-Supply-Platinum-Cybenetics-Certified/dp/B0GTTZ5CZ4,0.0,139.11
20260805_055550,2026-08-05T06:18:20.098998+00:00,amazon_usa,PSU,B0D1HKSKSF,"Apevia ATX-PR1000W-WH PCIE 5.0 & ATX 3.0 Prestige 1000W 80+ Gold Rated, PCIE 5.0 / Gen 5 12VHPWR Connector, Active PFC ATX Gaming Power Supply White",286.32,84.46,2026-08-05,4.3,25,https://www.amazon.com/Apevia-ATX-PR1000W-WH-Prestige-12VHPWR-Connector/dp/B0D1HKSKSF,0.0,84.46
20260805_055550,2026-08-05T06:18:20.098998+00:00,amazon_usa,PSU,B0DMQ48XKK,"FSP VITA GM 1000W Power Supply, 80 Plus Gold, ATX3.1 PCIe 5.1 Ready PSU | 12V-2x6 Connector, 105°C-Rated Japanese Capacitors, LLC Topology, Fully Modular, 10-Year Warranty, VITA-1000GM",471.58,139.11,2026-08-05,4.2,27,https://www.amazon.com/FSP-1000W-Power-Supply-ATX3-1/dp/B0DMQ48XKK,0.0,139.11
20260805_055550,2026-08-05T06:18:20.098998+00:00,amazon_usa,PSU,B0CCG8S1VL,"ASUS ROG Strix 1000W Gold Aura Edition (Fully Modular Power Supply, 80+ Gold Certified, ATX 3.0, Cybenetics Lambda A+ Certification, PCIe Gen 5.0 Ready, Axial-tech Fan, Aura Sync, 10-Year Warranty)",890.59,262.71,2026-08-05,4.5,106,https://www.amazon.com/ASUS-Certified-Cybenetics-Certification-Axial-tech/dp/B0CCG8S1VL,0.0,262.71
20260805_055550,2026-08-05T06:18:20.098998+00:00,amazon_usa,PSU,B0FST7CYPC,"ASRock PRO 750G Power Supply - 750W 80 Plus Gold Certified, ATX 3.1 & PCIe 5.1 Ready, Native 12V-2x6 Connector, 120mm Low-Noise Fan, 3-Year Warranty",185.23,54.64,2026-08-05,4.7,31,https://www.amazon.com/ASRock-PRO-750G-Power-Supply/dp/B0FST7CYPC,32.0,86.64
20260805_055550,2026-08-05T06:18:20.098998+00:00,amazon_usa,PSU,B0CLMXSXC7,"HIGH POWER 600W Power Supply, 80 Plus Gold Certified PSU, Continuous Power with 120mm Whisper Quiet Fan, ATX 12V V2.3/EPS 12V Active PFC Reliable Performance, Energy-Efficient",225.67,66.57,2026-08-05,4.4,173,https://www.amazon.com/Power-Supply-Continuous-Performance-Energy-Efficient/dp/B0CLMXSXC7,0.0,66.57
20260805_055550,2026-08-05T06:18:20.098998+00:00,amazon_usa,PSU,B014W3EAX8,"Thermaltake Smart 700W 80+ White Certified PSU, Continuous Power with 120mm Ultra Quiet Fan, ATX 12V V2.3/EPS 12V Active PFC Power Supply PS-SPD-0700NPCWUS-W",185.23,54.64,2026-08-05,4.6,4300,https://www.amazon.com/Thermaltake-Certified-Continuous-Active-PS-SPD-0700NPCWUS-W/dp/B014W3EAX8,0.0,54.64
20260805_055550,2026-08-05T06:18:20.098998+00:00,amazon_usa,PSU,B0F29GM84N,Fractal Design Ion 3 Gold 1000W White 80 Plus Gold Certified Fully Modular ATX12V 3.1 Power Supply Unit PSU,538.98,158.99,2026-08-05,5.0,3,https://www.amazon.com/Fractal-Design-Certified-Modular-ATX12V/dp/B0F29GM84N,0.0,158.99
20260805_055550,2026-08-05T06:18:20.098998+00:00,amazon_usa,PSU,B016XMO12G,"SilverStone Technology 750W 80 Plus Platinum Certified Single +12V Rail ATX Power Supply, PS-ST75F-PT",450.29,132.83,2026-08-05,4.4,30,https://www.amazon.com/SilverStone-Technology-Platinum-Certified-PS-ST75F-PT/dp/B016XMO12G,0.0,132.83
20260805_055550,2026-08-05T06:18:20.098998+00:00,amazon_usa,PSU,B0GRK6FY3P,"Cooler Master X Silent MAX 1300 Platinum Power Supply, PCIe 5.1 Ready | Certification Cybenetics Platinum & Noise A++, 80 PLUS Gold, 1300W, Workstation PC, ATX 3.1, 12V-2x6 Cable, Fully Modular",842.18,248.43,2026-08-05,5.0,2,https://www.amazon.com/Cooler-Master-Silent-Platinum-Supply/dp/B0GRK6FY3P,0.0,248.43
20260805_055550,2026-08-05T06:18:20.098998+00:00,amazon_usa,PSU,B0846P6HDD,"RAIDMAX Vortex 700watts 80+ Certified Bronze ATX Power Supply, Continuous Power with 120mm Quiet Fan, ATX 12V V2.3/EPS 12V Active PFC Power Supply (700, Watts)",134.72,39.74,2026-08-05,4.5,132,https://www.amazon.com/RAIDMAX-800watts-Certified-Standard-Continuous/dp/B0846P6HDD,0.0,39.74
20260805_055550,2026-08-05T06:18:20.098998+00:00,amazon_usa,PSU,B0CX1J6C5D,FSP Vita GM 1000W 80 Plus Gold ATX 3.1 Modular Power Supply,609.39,179.76,2026-08-05,4.5,34,https://www.amazon.com/FSP-1000W-Modular-Power-Supply/dp/B0CX1J6C5D,32.0,211.76
20260805_055550,2026-08-05T06:18:20.098998+00:00,amazon_usa,PSU,B0DT2Q53TH,"MSI MPG A1250GS PCIE5, Fully Modular Gaming 1250W Power Supply, 80+ Gold, Dual 12V-2x6 Cables, Server-Grade Capacitor, ATX 3.1 & PCIe 5.1 Ready, Low-Noise, Semi Digital, 10 Year Warranty",724.27,213.65,2026-08-05,4.5,71,https://www.amazon.com/MPG-A1250GS-PCIE5-Server-Grade-Capacitor/dp/B0DT2Q53TH,0.0,213.65
20260805_055550,2026-08-05T06:18:20.098998+00:00,amazon_usa,PSU,B0G2LRCJGD,"RAIJINTEK Ampere II 1000W Power Supply, 80 Plus Platinum, Cybenetics Certified, ATX 3.1, Full Modular, PCIe 5.1 Ready 12V-2x6 Cable, Compact Design, 10-Year Warranty – White",484.77,143.0,2026-08-05,0.0,0,https://www.amazon.com/RAIJINTEK-Platinum-Cybenetics-Certified-Warranty/dp/B0G2LRCJGD,0.0,143.0
20260805_055550,2026-08-05T06:18:20.098998+00:00,amazon_usa,PSU,B087CDR14Z,Thermaltake Toughpower GX2 80+ Gold 600W SLI/Crossfire Ready Continuous Power ATX 12V V2.4/EPS V2.92 Non Modular Power Supply 5 Year Warranty PS-TPD-0600NNFAGU-2,223.06,65.8,2026-08-05,4.6,2100,https://www.amazon.com/Thermaltake-Toughpower-Crossfire-Continuous-PS-TPD-0600NNFAGU-2/dp/B087CDR14Z,0.0,65.8
20260805_055550,2026-08-05T06:18:20.098998+00:00,amazon_usa,PSU,B0BX22RZHX,"GAMEMAX Rampage Series 1050W PCIe 5.0 80 Plus Platinum Certified Fully Modular Power Supply, 135mm F.D.B Fan, 105°C Japanese Caps, 10 Year Warranty, GX1050, White",370.53,109.3,2026-08-05,4.1,116,https://www.amazon.com/GAMEMAX-Platinum-Certified-Japanese-Warranty/dp/B0BX22RZHX,0.0,109.3
20260805_055550,2026-08-05T06:18:20.098998+00:00,amazon_usa,PSU,B0B1B1QZKP,"GAMEMAX RGB-850-SE, 850W 80Plus Gold Fully Modular RGB ATX Power Supply",259.37,76.51,2026-08-05,4.4,579,https://www.amazon.com/GAMEMAX-Supply-Modular-Motherboard-RGB-850/dp/B0B1B1QZKP,0.0,76.51
20260805_055550,2026-08-05T06:18:20.098998+00:00,amazon_usa,PSU,B0DNNH1Q1K,ASRock Challenger 750W Power Supply ATX 3.1 Auto iCOOL Intelligent Fan Control 120mm Golf Blade 5 Years Warranty CL-750G 80 Plus Gold Certified Non-Modular ATX3.1 PCIe5.1 12V-2x6 Cable,171.77,50.67,2026-08-05,4.8,40,https://www.amazon.com/ASRock-Challenger-Intelligent-Certified-Non-Modular/dp/B0DNNH1Q1K,32.0,82.67
20260805_055550,2026-08-05T06:18:25.081630+00:00,amazon_usa,PSU,B0832N5XF7,"Segotep 650W ATX Power Supply, 80 Plus Gold Certified | Non-Modular with 6+2 Pin Connectors PFC Protection and RoHS Compliance, 120mm Silent Fan Gaming PSU GN-650 Black",168.42,49.68,2026-08-05,4.6,834,https://www.amazon.com/Segotep-Supply-Certified-Gaming-Non-Modular/dp/B0832N5XF7,32.0,81.68
20260805_055550,2026-08-05T06:18:25.081630+00:00,amazon_usa,PSU,B0BDCKFJJT,"ARESGAME AGV Series 500W Power Supply, 80 Plus Bronze Certified, Non Modular Power Supply, 5 Year Warranty",127.97,37.75,2026-08-05,4.4,1500,https://www.amazon.com/ARESGAME-Supply-Certified-Modular-Warranty/dp/B0BDCKFJJT,32.0,69.75
20260805_055550,2026-08-05T06:18:25.081630+00:00,amazon_usa,PSU,B0D7YR14TQ,"darkFlash PMT Fully Modular Power Supply ATX 3.1& PCIe 5.1 Ready, 2 x 12VHPWR Cable Included, 100% Japanese 105°C Capacitors, 80 Plus Gold Gaming PSU (80+ Gold (ATX 3.1) BK, 750 Watts)",289.68,85.45,2026-08-05,4.3,133,https://www.amazon.com/darkFlash-PMT750-Included-Japanese-Capacitors/dp/B0D7YR14TQ,0.0,85.45
20260805_055550,2026-08-05T06:18:25.081630+00:00,amazon_usa,PSU,B0BHHMV8KH,F 80 PLUS GOLD Certified ATX3.0 PCIe Gen.5 Compatible Full Modular ATX Power Supply Hydro G PRO ATX3.0 (PCIe5.0) 1000W [HG2-1000.GEN5],681.32,200.98,2026-08-05,4.7,84,https://www.amazon.com/Certified-Compatible-Modular-PCIe5-0-HG2-1000-GEN5/dp/B0BHHMV8KH,32.0,232.98
20260805_055550,2026-08-05T06:18:25.081630+00:00,amazon_usa,PSU,B0B4N4T8VW,"ARESGAME AGV750 750W Power Supply, 80 Plus Bronze Certified, Semi Modular Power Supply, 5 Year Warranty",168.42,49.68,2026-08-05,4.4,1100,https://www.amazon.com/ARESGAME-Supply-Certified-Modular-Warranty/dp/B0B4N4T8VW,32.0,81.68
20260805_055550,2026-08-05T06:18:25.081630+00:00,amazon_usa,PSU,B0FWGJPCFZ,"Silverstone Technology Extreme 1000Rz Platinum 1000W SFX 4.1 Power Supply, SST-EX1000R-PM",971.74,286.65,2026-08-05,5.0,3,https://www.amazon.com/Silverstone-Technology-Extreme-Platinum-SST-EX1000R-PM/dp/B0FWGJPCFZ,0.0,286.65
20260805_055550,2026-08-05T06:18:25.081630+00:00,amazon_usa,PSU,B091SW6G5B,"SilverStone Technology 1000 Watt Fully Modular 80 Plus Platinum Power Supply Ultra Compact 140mm in Depth, ST1000-PTS-x",907.94,267.83,2026-08-05,5.0,1,https://www.amazon.com/SilverStone-Technology-Modular-Platinum-ST1000-PTS-x/dp/B091SW6G5B,0.0,267.83
20260805_055550,2026-08-05T06:18:25.081630+00:00,amazon_usa,PSU,B08HPS7NRZ,"Apevia ATX-SN900W Signature 900W 80+ Bronze Semi Modular Power Supply | 80+ Bronze PSU, Semi Modular, Auto Thermal Controlled 135mm Blue LED Fan, Heavy Duty Protections, Active PFC, Low Noise",202.11,59.62,2026-08-05,4.3,165,https://www.amazon.com/Apevia-ATX-SN900-Signature-Certified-Semi-Modular/dp/B08HPS7NRZ,0.0,59.62
20260805_055550,2026-08-05T06:18:25.081630+00:00,amazon_usa,PSU,B0GJ8617JK,"ESGAMING 1200W 80+ Gold Fully Modular Compact Gaming Power Supply, ATX 3.1 & PCIe 5.1 Ready, Native 12V-2x6 Cable，5 Year Warrranty",370.53,109.3,2026-08-05,0.0,0,https://www.amazon.com/ESGAMING-1200W-Modular-Compact-Warrranty/dp/B0GJ8617JK,0.0,109.3
20260805_055550,2026-08-05T06:18:25.081630+00:00,amazon_usa,PSU,B0DW1FW8XW,"Apevia ATX-PR700W Prestige 700W 80+ Gold Certified, ATX Active PFC, DC to DC Converter Design 135mm Silent Fan, RoHS Compliance, ATX Gaming Power Supply",191.98,56.63,2026-08-05,4.3,11,https://www.amazon.com/Apevia-ATX-PR700W-Certified-Converter-Compliance/dp/B0DW1FW8XW,0.0,56.63
20260805_055550,2026-08-05T06:18:25.081630+00:00,amazon_usa,PSU,B0CXQ96GG5,MSI mag A1000GL PCIe5 | 1000 W PC-Power Supply,454.77,134.15,2026-08-05,4.8,93,https://www.amazon.com/MSI-A1000GL-PCIe5-1000W-PC-Netzteil/dp/B0CXQ96GG5,0.0,134.15
20260805_055550,2026-08-05T06:18:25.081630+00:00,amazon_usa,PSU,B0CFWQBDXQ,Thermaltake Smart BM3 650W 80Plus Bronze ATX 3.1 & PCIE 5 Ready Semi-Modular Power Supply; 105°C/221°F Japanese Capacitor; 5 Year Warranty; PS-SPD-0650MNFABU-3,202.11,59.62,2026-08-05,4.6,356,https://www.amazon.com/Thermaltake-Semi-Modular-Japanese-Capacitor-PS-SPD-0650MNFABU-3/dp/B0CFWQBDXQ,32.0,91.62
20260805_055550,2026-08-05T06:18:25.081630+00:00,amazon_usa,PSU,B0BHJDQJNC,"ASUS ROG Loki SFX L 1000W Platinum (Fully Modular Power Supply, 80+ Platinum, 120mm PWM ARGB Fan, Aura Sync, ATX 3.0 Compatible, PCIe 5.0 Ready)",1606.93,474.02,2026-08-05,4.5,226,https://www.amazon.com/Platinum-Factor-Modular-Bracket-Warranty/dp/B0BHJDQJNC,32.0,506.02
20260805_055550,2026-08-05T06:18:25.081630+00:00,amazon_usa,PSU,B0CKS5GYH2,Thermaltake Toughpower GF A3 Snow Edition 850W 80+ Gold Full Modular SLI/Crossfire Ready ATX 3.1 Power Supply; PCI-E 5.1 450W 12V-2x6 Connector Included; PS-TPD-0850FNFAGU-N; 10 Year Warranty,437.92,129.18,2026-08-05,4.4,112,https://www.amazon.com/Thermaltake-Toughpower-Crossfire-Connector-PS-TPD-0850FNFAGU-N/dp/B0CKS5GYH2,0.0,129.18
20260805_055550,2026-08-05T06:18:25.081630+00:00,amazon_usa,PSU,B08HPJS6KJ,"Apevia Signature900W 80+ Bronze Semi Modular ATX Gaming Power Supply | 80+ Bronze PSU, Semi Modular, Auto Thermal Controlled 135mm Blue LED Fan, Heavy Duty Protections, Active PFC, Low Noise",202.11,59.62,2026-08-05,4.4,61,https://www.amazon.com/Apevia-SIGNATURE900W-Signature-Certified-Semi-Modular/dp/B08HPJS6KJ,0.0,59.62
20260805_055550,2026-08-05T06:18:25.081630+00:00,amazon_usa,PSU,B09KCMPQTG,PSU for Super Flower Full Modular 80plus Titanium Silent Fan 1000W Power Supply Leadex T 1000W,1062.77,313.5,2026-08-05,0.0,0,https://www.amazon.com/Flower-Modular-80plus-Titanium-Silent/dp/B09KCMPQTG,0.0,313.5
20260805_055550,2026-08-05T06:18:25.081630+00:00,amazon_usa,PSU,B0C1JKB652,"Thermaltake Toughpower GF A3 750W, True 300W 12VHPWR Connectors on PSU & NVIDIA RTX 40 Series, ATX 3.0/PCI-E 5.0, 80+ Gold, SLI/Crossfire Ready Power Supply, PS-TPD-0750FNFAGU-L, 10 Year Warranty",437.95,129.19,2026-08-05,4.1,377,https://www.amazon.com/Thermaltake-Toughpower-Connectors-Crossfire-PS-TPD-0750FNFAGU-L/dp/B0C1JKB652,32.0,161.19
20260805_055550,2026-08-05T06:18:35.602203+00:00,amazon_usa,PSU,B0DJ6DGHCP,Thermaltake Toughpower GT 850W ATX 3.1 Standard Power Supply; 80 Plus Gold Efficiency; Smart Zero Fan; Native 450W PCIe 5.1 Connector; PS-TPT-0850FNFAGU-3; 5 Year Warranty,269.47,79.49,2026-08-05,4.6,440,https://www.amazon.com/Thermaltake-Toughpower-Efficiency-Connector-PS-TPT-0850FNFAGU-3/dp/B0DJ6DGHCP,32.0,111.49
20260805_055550,2026-08-05T06:18:35.602203+00:00,amazon_usa,PSU,B0CKY88GMT,"Thermaltake GF1 Fully Modular ATX 850W Power Supply - 80 Plus Gold - Ultra Quiet - Zero RPM, PS-TPD-0850FNFAGU-P",293.07,86.45,2026-08-05,4.5,739,https://www.amazon.com/Thermaltake-Fully-Modular-Power-Supply/dp/B0CKY88GMT,32.0,118.45
20260805_055550,2026-08-05T06:18:35.602203+00:00,amazon_usa,PSU,B08F1NFSG4,"Segotep GM850 850W Power Supply, 80 Plus Gold Certified, PCIe 5.1 & ATX 3.1 | Full Modular Gaming PSU for NVIDIA RTX 20/30/40/50 Series and AMD Graphics Cards",262.73,77.5,2026-08-05,4.5,788,https://www.amazon.com/Segotep-GM850-Power-Supply-PCIe/dp/B08F1NFSG4,32.0,109.5
20260805_055550,2026-08-05T06:18:35.602203+00:00,amazon_usa,PSU,B0DT2V39K4,"MSI MPG A850GS PCIE5, Fully Modular Gaming 850W Power Supply, 80+ Gold, Dual 12V-2x6 Cables, Server-Grade Capacitor, ATX 3.1 & PCIe 5.1 Ready, Low-Noise, Semi Digital, 10 Year Warranty",370.53,109.3,2026-08-05,4.6,195,https://www.amazon.com/MPG-A850GS-PCIE5-Server-Grade-Capacitor/dp/B0DT2V39K4,0.0,109.3
20260805_055550,2026-08-05T06:18:35.602203+00:00,amazon_usa,PSU,B0GKFQJ1HL,"850W Fully Modular Power Supply, 80+ Gold Certified PSU | ATX 3.1 & PCIe 5.1 Ready | 12V-2x6 Connector | 140mm Low-Noise Fan | 105℃ Japanese Capacitors | Black PSU",235.77,69.55,2026-08-05,4.6,16,https://www.amazon.com/Certified-Connector-Low-Noise-Japanese-Capacitors/dp/B0GKFQJ1HL,0.0,69.55
20260805_055550,2026-08-05T06:18:35.602203+00:00,amazon_usa,PSU,B08M9M6DB9,"Cooler Master MWE Gold 850 V2 Power Supply, Fully Modular | Certification Cybenetics Gold & Noise Standard +, 80 PLUS Gold, 850W, Semi-Fanless Low Noise, Fully Modular",328.42,96.88,2026-08-05,4.5,2100,https://www.amazon.com/Cooler-Master-Efficiency-Connectors-Semi-fanless/dp/B08M9M6DB9,0.0,96.88
20260805_055550,2026-08-05T06:18:35.602203+00:00,amazon_usa,PSU,B0FQ69SSM9,"NZXT C850 Gold Core - 850W ATX 3.1 Power Supply, 80+ Gold | 850W ATX 3.1 PSU, 80 PLUS Gold and Cybenetics Platinum, fully modular. Quiet, efficient power for gaming builds.",370.53,109.3,2026-08-05,4.8,111,https://www.amazon.com/NZXT-C850-Gold-Core-Cybenetics/dp/B0FQ69SSM9,0.0,109.3
20260805_055550,2026-08-05T06:18:35.602203+00:00,amazon_usa,PSU,B0FFQN6344,"Rosewill VMG 850W 80+ Gold, ATX 3.0 & 3.1 Compatible, Full Modular Low-Noise Power Supply, PCIe 5.1 12V-2x6 Connector, 100% Japanese Electrolytic Capacitor, 120mm FDB Silent Fan - 5 Year Warranty",303.17,89.43,2026-08-05,4.6,142,https://www.amazon.com/Rosewill-Compatible-Low-Noise-Connector-Electrolytic/dp/B0FFQN6344,0.0,89.43
20260805_055550,2026-08-05T06:18:35.602203+00:00,amazon_usa,PSU,B0GRV3GFZS,"darkFlash DG850 850W 80 Plus Gold ATX 3.1 PCIe 5.1 PC Power Supply, Black | Fully modular PSU, native 12V-2x6 up to 600W cable, RTX 50/40 ready, compact 140mm ATX body, quiet HDB fan, 5-year warranty",235.77,69.55,2026-08-05,4.9,22,https://www.amazon.com/darkFlash-DG850-Power-Supply-Black/dp/B0GRV3GFZS,32.0,101.55
20260805_055550,2026-08-05T06:18:35.602203+00:00,amazon_usa,PSU,B0BZX42XX2,"ASUS TUF Gaming 850W Gold (850 Watt, ATX 3.1 Compatible, Fully Modular Power Supply, 80+ Gold, Military-Grade Components, Dual Ball Bearing, Axial-tech Fan, PCB Coating, 10 Year Warranty)",505.28,149.05,2026-08-05,4.7,275,https://www.amazon.com/ASUS-Compatible-Military-Grade-Components-Axial-tech/dp/B0BZX42XX2,0.0,149.05
20260805_055550,2026-08-05T06:18:35.602203+00:00,amazon_usa,PSU,B0BF5FCB5D,"ARESGAME AGT Series 850W Power Supply, 80+ Gold Certified, Fully Modular, FDB Fan, Compact 140mm Size, 10 Year Warranty, ATX Gaming Power Supply",242.52,71.54,2026-08-05,4.1,244,https://www.amazon.com/ARESGAME-Certified-Modular-Compact-Warranty/dp/B0BF5FCB5D,32.0,103.54
20260805_055550,2026-08-05T06:18:35.602203+00:00,amazon_usa,PSU,B0D1VDTX8B,"NZXT C850 Gold ATX 3.1-850W Fully Modular Power Supply | 850W 80 PLUS Gold ATX 3.1 PSU, fully modular and quiet. PCIe 5 ready for modern GPUs, backed by a 10-year warranty.",404.22,119.24,2026-08-05,4.7,429,https://www.amazon.com/NZXT-C850-Gold-ATX-3-1/dp/B0D1VDTX8B,0.0,119.24
20260805_055550,2026-08-05T06:18:35.602203+00:00,amazon_usa,PSU,B0DNNKX2S8,ASRock Challenger 850W Power Supply Auto iCOOL Intelligent Fan Control 120mm Golf Blade 5 Years Warranty CL-850G 80 Plus Gold Certified Non-Modular ATX3.1 PCIe5.1 12V-2x6 Cable,205.47,60.61,2026-08-05,5.0,5,https://www.amazon.com/ASRock-Challenger-Intelligent-Certified-Non-Modular/dp/B0DNNKX2S8,0.0,60.61
20260805_055550,2026-08-05T06:18:35.602203+00:00,amazon_usa,PSU,B0FBGRW29R,GOLDEN FIELD 850W Power Supply 80+ Gold Full Modular 850 Watt PC PSU ATX3.1,269.47,79.49,2026-08-05,4.7,9,https://www.amazon.com/GOLDEN-FIELD-Computer-Certified-Capacitors/dp/B0FBGRW29R,0.0,79.49
20260805_055550,2026-08-05T06:18:35.602203+00:00,amazon_usa,PSU,B0D7ZD9MLV,"darkFlash PMT Fully Modular Power Supply ATX 3.1& PCIe 5.1 Ready, 2 x 12VHPWR Cable Included, 100% Japanese 105°C Capacitors, 80 Plus Gold Gaming PSU (80+ Gold (ATX 3.1) WT, 850 Watts)",304.56,89.84,2026-08-05,4.6,183,https://www.amazon.com/darkFlash-PMT850-Included-Japanese-Capacitors/dp/B0D7ZD9MLV,0.0,89.84
20260805_055550,2026-08-05T06:18:35.602203+00:00,amazon_usa,PSU,B0FJLNZDKJ,"PCCOOLER KN850 850W ATX 3.1 Fully Modular Power Supply, 80 Plus Gold | Native 12V-2x6 cable, Japanese 105°C capacitors, flexible embossed cables and seven circuit protections, 5-year warranty",303.17,89.43,2026-08-05,4.2,115,https://www.amazon.com/PCCOOLER-KN850-Fully-Modular-Supply/dp/B0FJLNZDKJ,0.0,89.43
20260805_055550,2026-08-05T06:18:35.602203+00:00,amazon_usa,PSU,B0DP2LBPPY,"Vetroo White 850W Power Supply, Dual PCIe 5.1 ATX 3.1 Ready | 80 Plus Gold Certified, Full Modular, Quiet Operation with 120mm FDB Fan, 10-Year Warranty",269.47,79.49,2026-08-05,4.1,167,https://www.amazon.com/Vetroo-White-Power-Supply-Ready/dp/B0DP2LBPPY,0.0,79.49
20260805_055550,2026-08-05T06:18:35.602203+00:00,amazon_usa,PSU,B094243LNN,Apevia ATX-PM850W Premier 850W (No PCIe 5.0 & Gen 5 12VHPWR Connector) 80+ Gold Certified Active PFC ATX Semi-Modular Gaming Power Supply with 366 RGB Light Modes,222.32,65.58,2026-08-05,4.4,187,https://www.amazon.com/Apevia-ATX-PM850W-Premier-Certified-Semi-Modular/dp/B094243LNN,0.0,65.58
20260805_055550,2026-08-05T06:18:35.602203+00:00,amazon_usa,PSU,B09VXJG563,"Redragon RGPS-850W 850 Watt 80+ Gold Fully Modular PSU, ATX 3.1 & PCIe 5.1 | 12V-2x6 Cable for RTX 40/50 Series, 100% Japanese Capacitors, Zero-RPM Silent Fan, 160mm Compact, 12VHPWR Cable Included",323.37,95.39,2026-08-05,4.4,1000,https://www.amazon.com/Redragon-Modular-Certified-Japanese-Capacitors/dp/B09VXJG563,0.0,95.39
20260805_055550,2026-08-05T06:18:35.602203+00:00,amazon_usa,PSU,B0FCZS86VN,CORSAIR RM850x Shift Fully Modular ATX Power Supply - 80 Plus Gold - ATX 3.1 - PCIe 5.1 - Zero RPM - Modular Side Interface - White (Renewed),288.01,84.96,2026-08-05,4.3,20,https://www.amazon.com/CORSAIR-RM850x-Shift-Modular-Supply/dp/B0FCZS86VN,32.0,116.96
20260805_055550,2026-08-05T06:18:39.612143+00:00,amazon_usa,PSU,B0FSTHTLZT,"ASRock PRO 850G Power Supply - 850W 80 Plus Gold Certified, ATX 3.1 & PCIe 5.1 Ready, Native 12V-2x6 Connector, 120mm Low-Noise Fan, 3-Year Warranty",205.47,60.61,2026-08-05,4.7,46,https://www.amazon.com/ASRock-PRO-850G-Power-Supply/dp/B0FSTHTLZT,32.0,92.61
20260805_055550,2026-08-05T06:18:39.612143+00:00,amazon_usa,PSU,B08LP6WS35,"Cooler Master V850 SFX Gold ITX SFF Power Supply, PCIe 5.1 Ready | Certification Cybenetics Gold & Noise A-, 80 PLUS Gold, 850W, Mini-ITX & SFF Systems, ATX 3.1, 12V-2x6 Cable, Fully Modular",471.55,139.1,2026-08-05,4.3,1200,https://www.amazon.com/Cooler-Master-Efficiency-Included-Warranty/dp/B08LP6WS35,0.0,139.1
20260805_055550,2026-08-05T06:18:39.612143+00:00,amazon_usa,PSU,B0CVF91CH5,"MSI MAG A850GL PCIE5, Fully Modular Compact Gaming 850W Power Supply, 80+ Gold, ATX 3.1 & PCIe 5.1 Ready, Native Dual-Color 12V-2x6 Cable, 10 Year Warranty",269.47,79.49,2026-08-05,4.5,44,https://www.amazon.com/Modular-Compact-Dual-Color-12V-2x6-Warranty/dp/B0CVF91CH5,32.0,111.49
20260805_055550,2026-08-05T06:18:39.612143+00:00,amazon_usa,PSU,B0B4345YV7,"MSI MPG A850G PCIE5, Fully Modular Compact Gaming 850W Power Supply, 80+ Gold, Native 12V-2x6 Cable, 100% Japanese Capacitor, ATX 3.1 & PCIe 5.1 Ready, Low-Noise, 10 Year Warranty",303.17,89.43,2026-08-05,4.6,2900,https://www.amazon.com/MPG-A850G-Japanese-Capacitor-Low-Noise/dp/B0B4345YV7,32.0,121.43
20260805_055550,2026-08-05T06:18:39.612143+00:00,amazon_usa,PSU,B0DPFBV6QV,Seasonic CORE GX-850 850W Power Supply ATX 3.1 & PCIe 5.1 Ready | 80 Plus Gold & Cybenetics Platinum Fully Modular 12V-2x6 RTX 5080 AMD RX 9000 Ready OptiSink Design 7 Years Warranty,404.22,119.24,2026-08-05,4.7,55,https://www.amazon.com/Seasonic-ATX-3-1-Warranty-Cybenetics/dp/B0DPFBV6QV,32.0,151.24
20260805_055550,2026-08-05T06:18:39.612143+00:00,amazon_usa,PSU,B0C1JKHPNH,"Thermaltake Toughpower GF A3 850W, True 450W 12V-2x6 Connectors on PSU & NVIDIA RTX 50 Series, ATX 3.1/PCI-E 5.1, 80+ Gold, SLI/Crossfire Ready Power Supply, PS-TPD-0850FNFAGU-L, 10 Year Warranty",437.92,129.18,2026-08-05,4.4,611,https://www.amazon.com/Thermaltake-Toughpower-Connectors-Crossfire-PS-TPD-0850FNFAGU-L/dp/B0C1JKHPNH,0.0,129.18
20260805_055550,2026-08-05T06:18:39.612143+00:00,amazon_usa,PSU,B0FF7TGMD2,"MSI MAG A850GLS PCIE5, Fully Modular Compact Gaming 850W Power Supply, 80+ Gold, ATX 3.1 & PCIe 5.1 Ready, Native Dual-Color 12V-2x6 Embossed Jacket Cables, Low-Noise, 10 Year Warranty",370.53,109.3,2026-08-05,4.9,88,https://www.amazon.com/MAG-A850GLS-PCIE5-Dual-Color-Low-Noise/dp/B0FF7TGMD2,32.0,141.3
20260805_055550,2026-08-05T06:18:39.612143+00:00,amazon_usa,PSU,B0DVBLSV7F,GIGABYTE 850W PSU - 80 Plus Gold Certified - Fully Modular Power Supply (GP-UD850GM-A),303.17,89.43,2026-08-05,3.9,10,https://www.amazon.com/GIGABYTE-850W-PSU-Certified-GP-UD850GM/dp/B0DVBLSV7F,0.0,89.43
20260805_055550,2026-08-05T06:18:39.612143+00:00,amazon_usa,PSU,B0CBQZFPL2,Thermaltake Toughpower GX3 850W; ATX 3.1; Native PCIe 5.1 12V-2x6; Flat Cables; 120mm Fan; 80 Plus Gold Certified; 5 Year Warranty; Black; PS-TPD-0850NNFAGU-3,336.86,99.37,2026-08-05,4.2,173,https://www.amazon.com/Thermaltake-Toughpower-Crossfire-Connector-PS-TPD-0850NNFAGU-3/dp/B0CBQZFPL2,0.0,99.37
20260805_055550,2026-08-05T06:18:39.612143+00:00,amazon_usa,PSU,B0DPW7JKXZ,"850W Fully Modular Power Supply, 80 Plus Gold, White PSU - White | Silent RGB fan, 105°C capacitors, all-white modular cables, OVP OCP OPP OTP UVP SCP protection for gaming PCs",269.47,79.49,2026-08-05,4.2,28,https://www.amazon.com/POINWER-850W-PSU-Capacitors-Workstations/dp/B0DPW7JKXZ,0.0,79.49
20260805_055550,2026-08-05T06:18:39.612143+00:00,amazon_usa,PSU,B0DMYCCRV1,Corsair RM850e (2023) Fully Modular Low-Noise Power Supply - ATX 3.0 & PCIe 5.0 Compliant - 105°C-Rated Capacitors - 80 Plus Gold Efficiency - Modern Standby Support - Black (Renewed),253.67,74.83,2026-08-05,4.4,80,https://www.amazon.com/Corsair-RM850e-Modular-Low-Noise-Supply/dp/B0DMYCCRV1,32.0,106.83
20260805_055550,2026-08-05T06:18:39.612143+00:00,amazon_usa,PSU,B0GFD89FKG,ESGAMING 850W 80 Plus Gold ATX Gaming Power Supply Fully Modular ATX 3.1 & PCIe 5.1 Ready with 12V-2x6 Cable for High-End GPU - White,255.98,75.51,2026-08-05,5.0,3,https://www.amazon.com/ESGAMING-850W-Modular-12V-2x6-High-End/dp/B0GFD89FKG,0.0,75.51
20260805_055550,2026-08-05T06:18:39.612143+00:00,amazon_usa,PSU,B0DP66HG7W,Seasonic Focus GX-850 850W Power Supply ATX 3.1 & PCIe 5.1 Ready White | 80 Plus Gold & Cybenetics Platinum Fully Modular 12V-2x6 RTX 5080 AMD RX 9000 Ready Japanese Capacitors 10 Years Warranty,584.23,172.34,2026-08-05,4.7,282,https://www.amazon.com/Seasonic-GX-850-White-ATX3-SRP-FGX851-A5A32SF/dp/B0DP66HG7W,0.0,172.34
20260805_055550,2026-08-05T06:18:39.612143+00:00,amazon_usa,PSU,B0G2VD7JH4,"PCCOOLER 850W Power Supply, 80 Plus Bronze Certified, Non-Modular PSU, 135mm Smart Fan, Active PFC, ATX 3.1, Black (YK850)",202.11,59.62,2026-08-05,4.4,41,https://www.amazon.com/PCCOOLER-Supply-Certified-Non-Modular-YK850/dp/B0G2VD7JH4,0.0,59.62
20260805_055550,2026-08-05T06:18:39.612143+00:00,amazon_usa,PSU,B0CLMYL845,"HIGH POWER 850W Power Supply 80 Plus Gold Certified ATX 3.0 & PCIe 5.0 Compliant. High-Performance, Efficiency, Reliability, 120mm Silent Fan, Active PFC, and All Protections",303.17,89.43,2026-08-05,4.4,173,https://www.amazon.com/Power-Supply-High-Performance-Reliability-Protections/dp/B0CLMYL845,0.0,89.43
20260805_055550,2026-08-05T06:18:39.612143+00:00,amazon_usa,PSU,B0GGGVYW1Q,"darkFlash PMT850 850W ATX 3.1 PCIe 5.1 80 Plus Gold Fully Modular PSU Black | Cybenetics Certified With Native 600W 12V-2x6, Braided Modular Cables, Storage Bag, And Installation Gloves Included",252.62,74.52,2026-08-05,5.0,1,https://www.amazon.com/darkFlash-PMT850-Fully-Modular-Black/dp/B0GGGVYW1Q,0.0,74.52
20260805_055550,2026-08-05T06:18:39.612143+00:00,amazon_usa,PSU,B0BF3YF9KY,Thermaltake Toughpower GF3 850W; ATX 3.1; Native PCIe 5.1 12V-2x6; Flat Cables; Color Matched Connectors; Japanese Main Capacitors; 135mm Fan; 80 Plus Gold Certified; Black; PS-TPD-0850FNFAGU-4,370.53,109.3,2026-08-05,4.2,786,https://www.amazon.com/Thermaltake-Toughpower-Crossfire-Connector-PS-TPD-0850FNFAGU-4/dp/B0BF3YF9KY,0.0,109.3
20260805_055550,2026-08-05T06:18:43.740641+00:00,amazon_usa,PSU,B0G27LMX21,"Apevia Galaxy 850W 80+ Gold ATX 3.1 Fully Modular Gaming PSU, PCIe 5.1 600W 12VHPWR, Japanese Caps, Silent 135mm FDB Fan, Stable +12V Rail, PSU for RTX 5060/5070/5080/40 Series",235.77,69.55,2026-08-05,4.5,6,https://www.amazon.com/Apevia-Galaxy-Modular-12VHPWR-Japanese/dp/B0G27LMX21,32.0,101.55
20260805_055550,2026-08-05T06:18:43.740641+00:00,amazon_usa,PSU,B0DQ9PDT22,"MSI MPG A850GS PCIE5 Power Supply, 850W, 80 Plus Gold, ATX 3.1, PCIe 5.1 50 Series GPU Support, 12V-2x6, Cable with Two Tone 12V-2x6 Connectors, ATX Power Supply, Embossed Cable Sheath",370.53,109.3,2026-08-05,4.7,231,https://www.amazon.com/MSI-MPG-A850GS-PCIE5-Connectors/dp/B0DQ9PDT22,32.0,141.3
20260805_055550,2026-08-05T06:18:43.740641+00:00,amazon_usa,PSU,B0DMR2FB12,"FSP VITA GM 850W Power Supply, 80 Plus Gold, ATX3.1 PCIe 5.1 Ready PSU | Native 12V-2x6 Connector, 105°C-Rated Japanese Capacitors, LLC Topology, Fully Modular, 10-Year Warranty, VITA-850GM",437.92,129.18,2026-08-05,5.0,26,https://www.amazon.com/FSP-Power-Supply-Modular-VITA-850GM/dp/B0DMR2FB12,0.0,129.18
20260805_055550,2026-08-05T06:18:43.740641+00:00,amazon_usa,PSU,B0GFVSV779,NZXT C850 SFX Gold - 850W SFX ATX 3.1 Power Supply - 80 Plus Gold - Cybenetics Platinum - Fully Modular - PCIe 5.1 600W 12V-2x6 - Japanese Capacitors - Black,505.28,149.05,2026-08-05,4.5,37,https://www.amazon.com/NZXT-C850-SFX-Gold-Cybenetics/dp/B0GFVSV779,0.0,149.05
20260805_055550,2026-08-05T06:18:43.740641+00:00,amazon_usa,PSU,B094282KV4,Apevia ATX-GX850W Galaxy 850W (No PCIe 5.0 & Gen 5 12VHPWR Connector) 80+ Gold Certified Active PFC ATX Semi-Modular Gaming Power Supply,222.32,65.58,2026-08-05,4.2,327,https://www.amazon.com/Apevia-ATX-GX850W-Galaxy-Certified-Semi-Modular/dp/B094282KV4,0.0,65.58
20260805_055550,2026-08-05T06:18:43.740641+00:00,amazon_usa,PSU,B0FFPHTC8V,"Rosewill VSB 850W 80+ Bronze, ATX 3.0 & 3.1 Compatible, Semi-Modular Power Supply, PCIe 5.1 12V-2x6 Connector, 105°C/221°F Japanese Capacitor, 120mm ICB Silent Fan - 5 Year Warranty",269.47,79.49,2026-08-05,4.6,36,https://www.amazon.com/Rosewill-Compatible-Semi-Modular-Connector-Capacitor/dp/B0FFPHTC8V,0.0,79.49
20260805_055550,2026-08-05T06:18:43.740641+00:00,amazon_usa,PSU,B0FTLWLRZS,"ORA PRO G1 850W Gold PSU ATX 3.1, Fully Modular, Quiet, Black | ATX 3.1, PCIe 5.1 12V-2x6 Cable, Cybenetics Gold Certified, 148mm Quiet Fan, Gaming PC Desktop",319.71,94.31,2026-08-05,5.0,10,https://www.amazon.com/MOAIPLAY-Modular-12V-2x6-Cybenetics-Certified/dp/B0FTLWLRZS,0.0,94.31
20260805_055550,2026-08-05T06:18:43.740641+00:00,amazon_usa,PSU,B0GWQYM3QQ,"GAMEMAX 850W 80 Plus Gold Power Supply, ATX 3.0 & PCIE 5.0 Ready, 100% Japanese Capacitors, Fully Modular, ARGB SYNC with Motherboard, RGB-850-PRO-BLACK",336.86,99.37,2026-08-05,0.0,0,https://www.amazon.com/GAMEMAX-Japanese-Capacitors-Motherboard-RGB-850-PRO-BLACK/dp/B0GWQYM3QQ,32.0,131.37
20260805_055550,2026-08-05T06:18:43.740641+00:00,amazon_usa,PSU,B09D39JD1G,"Corsair RMX Series (2021), RM850x, 850 Watt, Gold, Fully Modular Power Supply (Renewed)",267.81,79.0,2026-08-05,4.5,56,https://www.amazon.com/Corsair-RM850x-Modular-Supply-Renewed/dp/B09D39JD1G,0.0,79.0
20260805_055550,2026-08-05T06:18:43.740641+00:00,amazon_usa,PSU,B0FXG3T32C,"RAIJINTEK CRATOS LITE 850W Black, 80 Plus Gold, ATX 3.1, Non-Modular Power Supply, PCIe 5.1 Ready, 120mm Smart Fan, DC-to-DC, 12V-2×6 Connector, 5-Year Warranty",269.47,79.49,2026-08-05,4.8,8,https://www.amazon.com/RAIJINTEK-CRATOS-LITE-Non-Modular-Connector/dp/B0FXG3T32C,0.0,79.49
20260805_055550,2026-08-05T06:18:43.740641+00:00,amazon_usa,PSU,B0FNS3N3CM,"Apevia ATX-SL850W Soul 850W Fully Modular Power Supply ATX 3.0 & 3.1 Compatible, PCIe 5.1 12V-2x6 Connector ATX Active PFC, DC to DC Converter Design, 140mm Silent Fan, RoHS Compliance | Fully Modular",212.21,62.6,2026-08-05,4.6,11,https://www.amazon.com/Apevia-ATX-SL850W-Compatible-Connector-Compliance/dp/B0FNS3N3CM,32.0,94.6
20260805_055550,2026-08-05T06:18:43.740641+00:00,amazon_usa,PSU,B0FJCS3H1G,Lian Li SP850 V2 Gold 850 Watt SFX Form Factor Power Supply | Native 12V-2x6 Cable - Low Noise - 80+ Gold Efficiency - ATX 3.1 & PCIe 5.0 Compliant - 92mm FDB Fan - 10-Year Warranty - Black (SP850G.B),485.11,143.1,2026-08-05,3.0,2,https://www.amazon.com/Lian-Li-Factor-Supply-12V-2x6/dp/B0FJCS3H1G,0.0,143.1
20260805_055550,2026-08-05T06:18:43.740641+00:00,amazon_usa,PSU,B07NWZZXHQ,"Apevia ATX-PR800W Prestige 800W 80+ Gold Certified, RoHS Compliance, Active PFC ATX Gaming Power Supply",225.67,66.57,2026-08-05,4.4,2000,https://www.amazon.com/Apevia-ATX-PR800W-Prestige-Certified-Compliance/dp/B07NWZZXHQ,0.0,66.57
20260805_055550,2026-08-05T06:18:43.740641+00:00,amazon_usa,PSU,B0CQMJN49P,CORSAIR CX750 80 Plus Bronze Non Modular Low-Noise ATX 750 Watt Power Supply - NA - Black,235.77,69.55,2026-08-05,4.6,439,https://www.amazon.com/CORSAIR-Bronze-Modular-Low-Noise-Supply/dp/B0CQMJN49P,32.0,101.55
20260805_055550,2026-08-05T06:18:43.740641+00:00,amazon_usa,PSU,B0F43RWFL2,"Vetroo 850W Black SFX Power Supply, ATX 3.1 & PCIE 5.1 Ready | 80 Plus Gold Certificate Fully Modular, 90mm FDB Fan for Low-Noise Operation, SFX-to-ATX Bracket, 10-Year Warranty",404.22,119.24,2026-08-05,4.5,92,https://www.amazon.com/Vetroo-Black-Power-Supply-Ready/dp/B0F43RWFL2,0.0,119.24
20260805_055550,2026-08-05T06:18:48.214421+00:00,amazon_usa,PSU,B07K5Z3W5W,Silverstone Technology 850W Computer Power Supply PSU Fully Modular with 80 Plus Gold & 140mm Design Power Supply (SST-ST85F-GS-V2),384.02,113.28,2026-08-05,4.6,68,https://www.amazon.com/SilverStone-Technology-Computer-Modular-SST-ST85F-GS-V2/dp/B07K5Z3W5W,32.0,145.28
20260805_055550,2026-08-05T06:18:48.214421+00:00,amazon_usa,PSU,B0GFD7BM87,"ESGAMING 80+ Gold Fully Modular Compact Gaming 850W Power Supply, ATX 3.1 & PCIe 5.1 Ready, Native 12V-2x6 Cable-White",255.98,75.51,2026-08-05,4.0,1,https://www.amazon.com/ESGAMING-Modular-Compact-12V-2x6-Cable-White/dp/B0GFD7BM87,32.0,107.51
20260805_055550,2026-08-05T06:18:48.214421+00:00,amazon_usa,PSU,B081WQY4VS,"Superer 850W Fully Modular Power Supply, 80+ Gold Certified PSU, 105℃ Japanese Capacitors, 850 watt",336.86,99.37,2026-08-05,4.2,16,https://www.amazon.com/Superer-BX-19511800-A/dp/B081WQY4VS,0.0,99.37
20260805_055550,2026-08-05T06:18:48.214421+00:00,amazon_usa,PSU,B0D1HV9CHR,"Apevia ATX-PR850W-WH PCIE 5.0 & ATX 3.0 Prestige 850W 80+ Gold Rated, PCIE 5.0 / Gen 5 12VHPWR Connector, Active PFC ATX Gaming Power Supply White",259.37,76.51,2026-08-05,4.4,30,https://www.amazon.com/Apevia-ATX-PR850W-WH-Prestige-12VHPWR-Connector/dp/B0D1HV9CHR,0.0,76.51
20260805_055550,2026-08-05T06:18:48.214421+00:00,amazon_usa,PSU,B0F29GVKM2,Fractal Design Ion 3 Gold 850W Black 80 Plus Gold Certified Fully Modular ATX12V 3.1 Power Supply Unit PSU,437.92,129.18,2026-08-05,5.0,7,https://www.amazon.com/Fractal-Design-Certified-Modular-ATX12V/dp/B0F29GVKM2,0.0,129.18
20260805_055550,2026-08-05T06:18:48.214421+00:00,amazon_usa,PSU,B07YXKMGX7,ASUS ROG Strix 750 Fully Modular 80 Plus Gold 750W ATX Power Supply with 0dB Axial Tech Fan and 10 Year Warranty,505.28,149.05,2026-08-05,4.7,1200,https://www.amazon.com/ASUS-Strix-Modular-Supply-Warranty/dp/B07YXKMGX7,0.0,149.05
20260805_055550,2026-08-05T06:18:48.214421+00:00,amazon_usa,PSU,B0D84WNKT4,"XPG CORE Reactor II VE, Black, 80 Plus Gold PSU, 850W, FDB 120mm Fan, 140x150x86mm, ATX 3.1 / EPS v2.92 (COREREACTORIIVE850G-BKCUS) | 80 Plus Gold PSU, FDB 120mm Fan, ATX 3.1 / EPS v2.92, COREREACTORI",336.86,99.37,2026-08-05,4.3,14,https://www.amazon.com/XPG-Reactor-Black-140x150x86mm-COREREACTORIIVE850G-BKCUS/dp/B0D84WNKT4,32.0,131.37
20260805_055550,2026-08-05T06:18:48.214421+00:00,amazon_usa,PSU,B0CYTVTW83,"Super Flower Leadex VII XG 850W Power Supply, ATX 3.1 PCIe 5.1, Black | 80 Plus Gold, Cybenetics Platinum, Full Modular, PCIe 5.1 Ready, 12V-2x6 Cable for RTX 40/50 GPUs, FDB Fan, 10-Year Warranty",414.6,122.3,2026-08-05,4.3,7,https://www.amazon.com/Flower-Cybenetics-Platinum-Modular-12VHPWR/dp/B0CYTVTW83,0.0,122.3
20260805_055550,2026-08-05T06:18:48.214421+00:00,amazon_usa,PSU,B0FLPWH7DZ,750W Power Supply 80 Plus Gold Active PFC Non Modular Gaming PSU,181.87,53.65,2026-08-05,3.9,15,https://www.amazon.com/750W-Supply-Active-Modular-Gaming/dp/B0FLPWH7DZ,0.0,53.65
20260805_055550,2026-08-05T06:18:48.214421+00:00,amazon_usa,PSU,B0H37T57WZ,"850W Gaming Power Supply,Fully Modular ATX 3.1 PSU, Support for PCIe 5.1 GPUs, semi-Passive 120mm Fan, LLC Technology, Single Rail, for Overclocked GPUs",269.47,79.49,2026-08-05,4.8,6,https://www.amazon.com/Evounic-Modular-semi-Passive-Technology-Overclocked/dp/B0H37T57WZ,0.0,79.49
20260805_055550,2026-08-05T06:18:48.214421+00:00,amazon_usa,PSU,B0D45PQ8C4,CORSAIR SF850 (2024) Fully Modular SFX Low Noise 80 Plus Platinum Power Supply â€“ ATX 3.1 Compliant â€“ PCIe 5.1 Ready â€“ Small Form Factor â€“ Bracket Included â€“ Black,606.34,178.86,2026-08-05,4.4,143,https://www.amazon.com/CORSAIR-SF850-Modular-Platinum-Supply/dp/B0D45PQ8C4,0.0,178.86
20260805_055550,2026-08-05T06:18:48.214421+00:00,amazon_usa,PSU,B0G4CG1TQ6,"1ST PLAYER NGDP-GLD-850W PSU Fully Modular PC ATX Power Supply-Computer Power Supplies,80 Plus Gold/Cybenetics Platinum/PPLP Gold, ATX 3.1 / PCI-E 5.1/Silent FDB Fan with Zero RPM (White)",404.22,119.24,2026-08-05,0.0,0,https://www.amazon.com/1ST-PLAYER-NGDP-GLD-850W-Supply-Computer-Cybenetics/dp/B0G4CG1TQ6,32.0,151.24
20260805_055550,2026-08-05T06:18:48.214421+00:00,amazon_usa,PSU,B0CL5K362Z,"SilverStone Technology DA850R Gold 80 Plus Gold 850W ATX 3.0 & PCIe 5.0 Power Supply, SST-DA850R-GMA (SST-AX0850MCGD-C)",456.46,134.65,2026-08-05,4.1,6,https://www.amazon.com/SilverStone-Technology-DA850R-SST-DA850R-GMA-SST-AX0850MCGD-C/dp/B0CL5K362Z,0.0,134.65
20260805_055550,2026-08-05T06:18:48.214421+00:00,amazon_usa,PSU,B0H6YBCYXN,"GIGABYTE Gaming 850GM PG5 ATX 3.1 & PCIe 5.1 Ready Fully Modular 850W Power Supply - 80 Plus Gold & Cybenetics Platinum Certified, Dual Color 12V-2x6 Cable, T-Guard, 10 Year Warranty - Black",505.28,149.05,2026-08-05,0.0,0,https://www.amazon.com/GIGABYTE-Gaming-PG5-Modular-Supply/dp/B0H6YBCYXN,32.0,181.05
20260805_055550,2026-08-05T06:18:48.214421+00:00,amazon_usa,PSU,B0CHDS4J33,"ARESGAME SFX Power Supply, 850W, ATX 3.0 & PCIE 5.0 Ready, 80 Plus Gold Certified, Fully Modular Power Supply with Durable Hydraulic Bearing Fan, SFX Form Factor, 10 Year Warranty",370.53,109.3,2026-08-05,3.8,60,https://www.amazon.com/ARESGAME-Certified-Modular-Hydraulic-Warranty/dp/B0CHDS4J33,0.0,109.3
20260805_055550,2026-08-05T06:18:48.214421+00:00,amazon_usa,PSU,B0CWLTQD5K,CORSAIR RM750x Shift Fully Modular ATX Power Supply - 80 Plus Gold - ATX 3.1 - PCIe 5.1 - Zero RPM - Side Interface - White,518.81,153.04,2026-08-05,4.6,90,https://www.amazon.com/CORSAIR-RM750x-SHIFT-Modular-Supply/dp/B0CWLTQD5K,0.0,153.04
20260805_055550,2026-08-05T06:18:53.362672+00:00,amazon_usa,PSU,B0DGH34RPV,"AC/DC 48V3A Power Adapter, 48V 3A Power Supply Adapter 144W, DC 48V 3A Switching Power Transformers Interface 5.5 x 2.5mm for PoE Switch/PoE Injector Security Equipmentem",80.82,23.84,2026-08-05,3.4,11,,0.0,23.84
20260805_055550,2026-08-05T06:18:53.362672+00:00,amazon_usa,PSU,B0FY21G9X7,Upgraded 942332-001 L04618-800 400W Power Supply PA-3401-1HA L04618-400 PSU Compatible with HP 280 288 285 480 600 680 800 G3 G4 400W 942332-001 L76557-001 PA-3401-2HA Power Supply,165.03,48.68,2026-08-05,3.5,3,,0.0,48.68
20260805_055550,2026-08-05T06:18:53.362672+00:00,amazon_usa,PSU,B0FJ29SBQM,"UGREEN External Graphics Dock 850W Power Supply, 80 Plus Gold Certified | ATX 3.1 PSU, OCuLink&USB4 | 64Gbps/40Gbps, Compatible with GPUs like NVIDIA/AMD/Intel for Laptops/Handhelds/Mini PCs",1515.91,447.17,2026-08-05,4.8,6,https://www.amazon.com/UGREEN-External-Certification-Compatible-Handhelds/dp/B0FJ29SBQM,32.0,479.17
20260805_055550,2026-08-05T06:18:53.362672+00:00,amazon_usa,PSU,B0FLPYK7XH,"750W Power Supply, 80 Plus Gold Certified Non-Modular PSU with Active PFC, Quiet 120mm Cooling Fan for Gaming PC",181.84,53.64,2026-08-05,4.1,21,https://www.amazon.com/750W-Supply-Certified-Non-Modular-Cooling/dp/B0FLPYK7XH,32.0,85.64
20260805_055550,2026-08-05T06:18:53.362672+00:00,amazon_usa,PSU,B0GV58FRW1,"Silverstone Technology 2U 850Rx Gold 80 Plus Gold 850W 2U Single Fixed Cable Power Supply, SST-2U850R-GF",959.54,283.05,2026-08-05,0.0,0,https://www.amazon.com/Silverstone-Technology-Single-Supply-SST-2U850R-GF/dp/B0GV58FRW1,0.0,283.05
20260805_055550,2026-08-05T06:18:53.362672+00:00,amazon_usa,PSU,B0C3WQ47CD,"FSP Dagger Pro 850W SFX Form Factor Power Supply, ATX 3.1 & PCIe 5.1 | 80+ Gold Efficiency, Native 12V-2x6 Cable, Fits SFF/ATX Cases, Full Modular, Japanese Capacitors, 10-Year Warranty, SDA2-850",522.6,154.16,2026-08-05,4.4,14,https://www.amazon.com/FSP-Compliance-Supply-W-SDA2-850-GEN5/dp/B0C3WQ47CD,0.0,154.16
20260805_055550,2026-08-05T06:18:53.362672+00:00,amazon_usa,PSU,B0CSN7KNF6,SEASONIC FOCUS V4 GX-850-850W - 80+ Gold - Full-Modular - ATX Form Factor - Premium Japanese Capacitor - 10 Year Warranty - Nvidia RTX 30/40 Super & AMD GPU Compatible (Ref. SRP-FGX851-A5A32SF),582.77,171.91,2026-08-05,4.6,15,https://www.amazon.com/Seasonic-FOCUS-V4-GX-850-850W-SRP-FGX851-A5A32SF/dp/B0CSN7KNF6,0.0,171.91
20260805_055550,2026-08-05T06:18:53.362672+00:00,amazon_usa,PSU,B00EB7UIXM,Corsair RM Series™ RM850 - 850 Watt 80 PLUS® Gold Certified Fully Modular PSU (Renewed),441.07,130.11,2026-08-05,4.5,291,https://www.amazon.com/Corsair-RM-RM850-Certified-Modular/dp/B00EB7UIXM,0.0,130.11
20260805_055550,2026-08-05T06:18:53.362672+00:00,amazon_usa,PSU,B0CKHKF61T,AZZA PSAZ-850G 80+ Gold 850W ATX 3.0 Power Supply,472.43,139.36,2026-08-05,5.0,2,https://www.amazon.com/AZZA-PSAZ-850G-Gold-Power-Supply/dp/B0CKHKF61T,0.0,139.36
20260805_055550,2026-08-05T06:18:53.362672+00:00,amazon_usa,PSU,B091B2SBBL,"Silverstone Strider ST85F-GS V2.0, 80 Plus Gold 850W Fully Modular ATX / PS2 Power Supply, SST-ST85F-GS V2",452.4,133.45,2026-08-05,5.0,2,https://www.amazon.com/SilverStone-Technology-Strider-ST85F-GS-ST85F-GS-X/dp/B091B2SBBL,0.0,133.45
20260805_055550,2026-08-05T06:18:53.362672+00:00,amazon_usa,PSU,B0BVD7QWGD,"FSP Hydro G PRO 850W 80 Plus Gold Full Modular ATX 3.0 PCIe Gen 5,W/12VHPWR Cable, Power Supply 10 Years Warranty (HG2-850M,Gen5)",712.04,210.04,2026-08-05,5.0,9,https://www.amazon.com/FSP-Modular-12VHPWR-Warranty-Gen5/dp/B0BVD7QWGD,32.0,242.04
20260805_055550,2026-08-05T06:18:53.362672+00:00,amazon_usa,PSU,B0DP2LJV3Z,"Vetroo Pink 850W Power Supply, Dual PCIe 5.1 ATX 3.1 Ready | 80 Plus Gold Certified, Full Modular, Quiet Operation with 120mm FDB Fan, 10-Year Warranty",286.32,84.46,2026-08-05,4.7,24,,0.0,84.46
20260805_055550,2026-08-05T06:18:53.362672+00:00,amazon_usa,PSU,B0BF5KGTXX,"GamePower Gp-750 PC Power Supply Unit: 750W, 80 Plus Bronze Certified, 85% Efficiency, Single +12V Rail, Low Noise 14 CM Fan, Ideal for Gaming PCs, Desktops, ATX, Micro ATX Desktop Computer - Black",165.03,48.68,2026-08-05,4.3,71,https://www.amazon.com/GAMEPOWER-Gp-750-Bronze-Certified-Supply/dp/B0BF5KGTXX,32.0,80.68
20260805_055550,2026-08-05T06:18:53.362672+00:00,amazon_usa,PSU,B0BDXR34FT,LIAN LI SP850 850 WATT 80 Plus Gold SFX Fully Modular Power Supply - White,670.41,197.76,2026-08-05,4.2,25,https://www.amazon.com/Lian-SP850-Plus-Netzteil-White/dp/B0BDXR34FT,0.0,197.76
20260805_055550,2026-08-05T06:18:53.362672+00:00,amazon_usa,PSU,B0B2Q85BR4,"Redragon PSU010 80+ Gold 850 Watt ATX Fully Modular Power Supply w/ 80 Plus Gold Certified, Compact 160mm Size and Low Noise Fan 0 RPM, 100% Japanese Capacitors, Full Mod Cables",421.11,124.22,2026-08-05,0.0,0,https://www.amazon.com/Redragon-GC-PS010-Alimentaci%C3%B3n-Modular-Ventilador/dp/B0B2Q85BR4,0.0,124.22
20260805_055550,2026-08-05T06:18:53.362672+00:00,amazon_usa,PSU,B01IE09DXM,"Apevia ATX-JP800W Jupiter 800W 80 Plus Bronze Certified Active PFC ATX Gaming Power Supply, Supports Dual/Quad Core CPUs, SLI/Crossfire/Haswell, 3 Year Warranty | 80+ Bronze PSU, Auto Thermal Controll",202.11,59.62,2026-08-05,4.4,259,https://www.amazon.com/Apevia-ATX-JP800W-Certified-Supports-Crossfire/dp/B01IE09DXM,32.0,91.62
20260805_055550,2026-08-05T06:18:53.362672+00:00,amazon_usa,PSU,B0DHVG3LRV,"Asus Prime 850W Gold Gaming PSU, Double Ball Bearing Fan, Fully Modular, 80+ Gold, ATX 3.0, PCIe 5.0",541.93,159.86,2026-08-05,4.6,217,https://www.amazon.com/Prime-Gaming-Double-Bearing-Modular/dp/B0DHVG3LRV,32.0,191.86
20260805_055550,2026-08-05T06:18:53.362672+00:00,amazon_usa,PSU,B0GX3MT1Z8,"ASRock PRO-M850G 850W PSU, 80+ Gold, Cybenetics Gold, ATX 3.1 & PCIe 5.1, Native 12V-2x6, 100% Japanese Caps, 135mm FDB Fan, 10Y Warranty",421.07,124.21,2026-08-05,0.0,0,https://www.amazon.com/ASRock-PRO-M850G-Cybenetics-Japanese-Warranty/dp/B0GX3MT1Z8,32.0,156.21
20260805_055550,2026-08-05T06:18:53.362672+00:00,amazon_usa,PSU,B0H6Y6MXJP,"GIGABYTE Gaming 850GM PG5 ICE ATX 3.1 & PCIe 5.1 Ready Fully Modular 850W Power Supply - 80 Plus Gold & Cybenetics Platinum Certified, Dual Color 12V-2x6 Cable, T-Guard, 10 Year Warranty - White",505.28,149.05,2026-08-05,0.0,0,https://www.amazon.com/GIGABYTE-Gaming-PG5-ICE-Modular/dp/B0H6Y6MXJP,32.0,181.05
20260805_055550,2026-08-05T06:18:53.362672+00:00,amazon_usa,PSU,B0FS76R3YD,"GAMEMAX 1050W 80+ Gold Fully Modular White Power Supply, ATX 3.1 Version with LLC+DC‑DC Circuit, Full‑Range 110–240V, Ultra Silent 135mm HDB Fan, 105°C Mainstream Japanese Capacitors (GX PRO 1050G WH)",505.28,149.05,2026-08-05,0.0,0,https://www.amazon.com/GAMEMAX-Full%E2%80%91Range-110-240V-Mainstream-PRO-1050G/dp/B0FS76R3YD,0.0,149.05
20260805_055550,2026-08-05T06:18:53.362672+00:00,amazon_usa,PSU,B07HB84XY2,HP 660185-001 1200W Platinum Power Supply (Renewed),131.4,38.76,2026-08-05,4.8,36,,0.0,38.76
20260805_055550,2026-08-05T06:19:08.900793+00:00,amazon_usa,COOLER,B0DLWFCVSD,"ARCTIC Liquid Freezer III Pro 360 A-RGB - AIO CPU Cooler, Water Cooling",259.37,76.51,2026-08-05,4.5,1700,https://www.amazon.com/ARCTIC-Liquid-Freezer-III-RGB/dp/B0DLWFCVSD,22.0,98.51
20260805_055550,2026-08-05T06:19:08.900793+00:00,amazon_usa,COOLER,B0DLWGG85P,"ARCTIC Liquid Freezer III Pro 360 - AIO CPU Cooler,3 x 120 mm Water Cooling",235.44,69.45,2026-08-05,4.3,2100,https://www.amazon.com/ARCTIC-Liquid-Freezer-III-Pro/dp/B0DLWGG85P,22.0,91.45
20260805_055550,2026-08-05T06:19:08.900793+00:00,amazon_usa,COOLER,B0DLWDJS8S,"ARCTIC Liquid Freezer III Pro 360 A-RGB - AIO CPU Cooler, Water Cooling",270.15,79.69,2026-08-05,4.6,856,https://www.amazon.com/ARCTIC-Liquid-Freezer-RGB-White/dp/B0DLWDJS8S,22.0,101.69
20260805_055550,2026-08-05T06:19:08.900793+00:00,amazon_usa,COOLER,B0GW5XSBJD,"Antec Luna 360 ARGB AIO Liquid CPU Cooler, 3x120mm PWM ARGB Fans, Infinity Mirror Pump Head Design, High-Performance Cooling, Intel LGA 1700/1851 & AMD AM4/AM5",151.57,44.71,2026-08-05,4.9,10,https://www.amazon.com/Antec-Luna-360-ARGB-High-Performance/dp/B0GW5XSBJD,22.0,66.71
20260805_055550,2026-08-05T06:19:08.900793+00:00,amazon_usa,COOLER,B0FVFJZZV6,"Thermalright Peerless Vision 360 ARGB Black CPU Aio Cooler,PC 360 Specification Water Cooler System,3.95’’IPS LCD Screen with 480x480 Resolution,for AM4/AM5;Intel 1700/1851,3 Wireless Splicing Fans",343.27,101.26,2026-08-05,4.6,66,https://www.amazon.com/Thermalright-Peerless-ARGB-Specification-Resolution/dp/B0FVFJZZV6,22.0,123.26
20260805_055550,2026-08-05T06:19:08.900793+00:00,amazon_usa,COOLER,B0FL7BXMRR,PF 360 CPU Water AIO Cooler Liquid Cooling|5.5-inch LCD Magnetic Screen|360mm ARGB Infinity Mirror 2000RPM PWM Fan|Lower Noise ≤30DBA|for Intel LGA1851/1700/1200/115X AMD AM4/AM5-Black | 5.5 Magnetic ,416.02,122.72,2026-08-05,4.3,119,https://www.amazon.com/Jungle-Leopard-5-5-inch-Magnetic-AM5-Black/dp/B0FL7BXMRR,0.0,122.72
20260805_055550,2026-08-05T06:19:08.900793+00:00,amazon_usa,COOLER,B0F9WV43J1,"TRYX Panorama SE 360mm AIO Curved Screen GIPHY Built-in Asetek 280w TDP | 6.67'' AMOLED, 2K 60Hz, Rotatable, KANALI Highly Customizable, ROTA ARGB Fans, Whisper Quiet, Intel LGA 1851/1700 AMD AM5/AM4",842.18,248.43,2026-08-05,4.5,199,https://www.amazon.com/TRYX-SE-360-ARGB-Customizable/dp/B0F9WV43J1,0.0,248.43
20260805_055550,2026-08-05T06:19:08.900793+00:00,amazon_usa,COOLER,B0BDDZGLXL,"Thermalright Frozen Notte 360 Black ARGB V2 Water Cooling CPU Cooler, 360 Black CPU Cooler Specifications, 3×120mm PWM Fans, S-FDB Bearings, Suitable for AMD/AM4, Intel LGA 1700/1150/1151/1200/2011",186.59,55.04,2026-08-05,4.4,950,https://www.amazon.com/Thermalright-Cooling-Specifications-Bearings-Suitable/dp/B0BDDZGLXL,22.0,77.04
20260805_055550,2026-08-05T06:19:08.900793+00:00,amazon_usa,COOLER,B0CDPKSTWP,"Thermalright Aqua Elite 360 White V3 Aio CPU Cooler, 360 Liquid Cooling Row, ARGB PWM Cooler Fans, for Intel LGA1150/1151/1155/1156/1200/1851/1700,AMD:AM4/AM5, PC Cooler Aio",172.45,50.87,2026-08-05,4.8,100,https://www.amazon.com/Thermalright-V3-Cooler-Cooling-LGA1150/dp/B0CDPKSTWP,22.0,72.87
20260805_055550,2026-08-05T06:19:08.900793+00:00,amazon_usa,COOLER,B0D6BFBLTK,"CORSAIR iCUE Link Titan 360 RX RGB Liquid CPU Cooler – 360mm AIO – Low-Noise – FlowDrive Cooling Engine – Intel LGA 1851/1700, AMD AM5/AM4 – 3X RX120 RGB Fans – iCUE Link System Hub Included – Black",505.28,149.05,2026-08-05,4.7,1400,https://www.amazon.com/CORSAIR-iCUE-Titan-Liquid-Cooler/dp/B0D6BFBLTK,22.0,171.05
20260805_055550,2026-08-05T06:19:08.900793+00:00,amazon_usa,COOLER,B0DF7CZ9D8,"CORSAIR Titan 360 RX LCD Liquid CPU Cooler, 360mm AIO, Low-Noise FlowDrive Cooling Engine, Intel LGA 1851/1700 & AMD AM5/AM4, 3X RX120 RGB Fans, System Hub Included, Black",737.77,217.63,2026-08-05,4.6,1200,https://www.amazon.com/CORSAIR-Low-Noise-FlowDrive-Cooling-Included/dp/B0DF7CZ9D8,0.0,217.63
20260805_055550,2026-08-05T06:19:08.900793+00:00,amazon_usa,COOLER,B0F5SZK3WX,"NZXT Kraken Plus 360-360mm AIO CPU Cooler, LCD - Black | 360mm AIO with customizable LCD and Turbine pump for improved thermals. F120P fans, simple install, CAM control.",437.92,129.18,2026-08-05,4.3,349,https://www.amazon.com/NZXT-Kraken-Plus-360-Customizable/dp/B0F5SZK3WX,0.0,129.18
20260805_055550,2026-08-05T06:19:08.900793+00:00,amazon_usa,COOLER,B0FGDJ3QP1,"CORSAIR Nautilus 360 RS LCD Liquid CPU Cooler – 2.1"" IPS LCD Screen, 360mm AIO, Low-Noise, Daisy-Chain, Intel LGA 1851/1700, AMD AM5/AM4 – 3X RS120 Fans Included – Black",535.65,158.01,2026-08-05,4.6,548,https://www.amazon.com/CORSAIR-Nautilus-360-Liquid-Cooler/dp/B0FGDJ3QP1,0.0,158.01
20260805_055550,2026-08-05T06:19:08.900793+00:00,amazon_usa,COOLER,B0F66J3QPC,"Thermalright FW360 SE ARGB V2 360mm AIO Liquid CPU Cooler, 2"" LCD Screen | 3000RPM Pump, 3×TL-M12Q 120mm PWM Daisy-Chain Fans, for AMD AM5/AM4 and Intel LGA1851/1700, Black",286.08,84.39,2026-08-05,4.6,304,https://www.amazon.com/Thermalright-FW360-Liquid-Cooler-Screen/dp/B0F66J3QPC,22.0,106.39
20260805_055550,2026-08-05T06:19:08.900793+00:00,amazon_usa,COOLER,B0C4C421RZ,"Cooler Master 360L Core AIO CPU Liquid Cooler – 360mm Radiator, 3X ARGB PWM Fans, Patented Gen S Dual-Chamber Pump, Quiet Cooling & Easy Installation, AMD AM5/AM4 & Intel LGA 1851/1700, Black | 360mm ",229.03,67.56,2026-08-05,4.6,848,https://www.amazon.com/Cooler-Master-MasterLiquid-Close-Loop-MLW-D36M-A18PZ-R1/dp/B0C4C421RZ,22.0,89.56
20260805_055550,2026-08-05T06:19:08.900793+00:00,amazon_usa,COOLER,B0FM1V3Q3F,ASUS TUF Gaming LC III 360 ARGB AIO Cooler with pre-Installed & Integrated Triple Fans Designed for high Airflow and Static Pressure; efficient Pump; 6 Year Warranty,454.77,134.15,2026-08-05,4.5,18,https://www.amazon.com/ASUS-TUF-III-pre-Installed-temperatures/dp/B0FM1V3Q3F,0.0,134.15
20260805_055550,2026-08-05T06:19:08.900793+00:00,amazon_usa,COOLER,B0GLFKYWHM,"Lian Li Hydroshift II OLED Curved 360TL-Liquid CPU Cooler-White-HS2OLDC36TW | 360mm AIO , 3x120mm TL Flex Fans, 6.67"" Screen, 3D Animation Effects, Low Noise, LGA 1851/1700, AMD AM5/4",1147.62,338.53,2026-08-05,4.7,25,https://www.amazon.com/Lian-Li-Hydroshift-360TL-Liquid-Cooler-White-HS2OLDC36TW/dp/B0GLFKYWHM,0.0,338.53
20260805_055550,2026-08-05T06:19:08.900793+00:00,amazon_usa,COOLER,B0DHXGNJM9,"Thermalright Aqua Elite 360 ARGB CPU Water Cooler, with 3 PWM Fans, 1550RPM Speed,for AMD/AM4/AM5, Intel LGA1851/1150/1151/1155/1156/1200/1700",148.24,43.73,2026-08-05,4.6,69,https://www.amazon.com/Thermalright-Elite-Cooler-1550RPM-LGA1851/dp/B0DHXGNJM9,22.0,65.73
20260805_055550,2026-08-05T06:19:08.900793+00:00,amazon_usa,COOLER,B0DHX795DV,"Thermalright Aqua Elite 360 ARGB Liquid CPU Cooler, 360 AIO Cooling Row Size, 3 x 120mm PWM Fans, Computer CPU Cooler,for AMD:AM4/AM5, Intel LGA1851/1150/1151/1200/1700",181.57,53.56,2026-08-05,4.6,139,https://www.amazon.com/Thermalright-360-ARGB-V4-Computer/dp/B0DHX795DV,22.0,75.56
20260805_055550,2026-08-05T06:19:08.900793+00:00,amazon_usa,COOLER,B0D1K859GT,"Thermalright FW 360 White ARGB-360mm AIO CPU Liquid Cooler,IPS LCD Screen with 320 * 240 Resolution,for AM4/AM5/Intel LGA1700,‘2.4 inch’Magnet-Absorbent LCD Screen for Images -White",281.61,83.07,2026-08-05,4.6,190,https://www.amazon.com/Thermalright-ARGB-360mm-Resolution-LGA1700-inchMagnet-Absorbent/dp/B0D1K859GT,22.0,105.07
20260805_055550,2026-08-05T06:19:08.900793+00:00,amazon_usa,COOLER,B0CCNVFXWH,"Thermalright Aqua Elite 360 V3 Water Cooling CPU Cooler, 3 PWM ARGB Fans with S-FDB Bearings,Efficient PWM Controlled Pump,for AMD/AM4/AM5, Intel LGA1150/1151/1200/1700/1851, (AE360 V3)",184.96,54.56,2026-08-05,4.6,386,https://www.amazon.com/Thermalright-Cooling-Bearings-Efficient-Controlled/dp/B0CCNVFXWH,22.0,76.56
20260805_055550,2026-08-05T06:19:08.900793+00:00,amazon_usa,COOLER,B0GT94L8KJ,"Chill Arc 360mm AIO CPU Cooler, 6.67"" 2K AMOLED Screen-BL | Black 320W TDP Water Liquid Cooling | ARGB Fans | Intel LGA1851/1700/115X & AMD AM5/AM4 Compatible| Low noise",707.43,208.68,2026-08-05,4.3,45,https://www.amazon.com/Jungle-Leopard-Cooler-AMOLED-Screen-BL/dp/B0GT94L8KJ,0.0,208.68
20260805_055550,2026-08-05T06:19:08.900793+00:00,amazon_usa,COOLER,B0D9GV78D8,"NZXT Kraken Elite 360 RGB 2024 - AIO CPU Liquid Cooler - 360mm Radiator - F360 RGB Core Fan - Customizable 2.72"" IPS LCD - NZXT Turbine Pump - AMD® AM5, AM4 - Intel® LGA 1851/1700, 1200/115X - Black",875.84,258.36,2026-08-05,4.5,543,https://www.amazon.com/NZXT-Kraken-Elite-360-2024/dp/B0D9GV78D8,0.0,258.36
20260805_055550,2026-08-05T06:19:12.980474+00:00,amazon_usa,COOLER,B0FND8XGV1,"Antec Skeleton 360 ARGB AIO Liquid CPU Cooler, 360mm, Black | High-Performance Pump, Skeleton-Frame ARGB Pump Design, PWM ARGB Fans, Copper Base, Intel LGA 1851/1700 & AMD AM5 Compatible",168.42,49.68,2026-08-05,4.5,64,https://www.amazon.com/Skeleton-Liquid-Cooler-Radiator-High-Performance-Copper/dp/B0FND8XGV1,22.0,71.68
20260805_055550,2026-08-05T06:19:12.980474+00:00,amazon_usa,COOLER,B0DVNKR4L9,"Cooler Master Atmos Stealth 360 AIO Liquid CPU Cooler, Mobius Fans | AMD AM5/AM4 & Intel LGA1851/1700 Support Cooler, 360mm, Dual-Chamber Pump, 3x Low-Noise PWM Fans, Easy Installation",370.49,109.29,2026-08-05,4.8,188,https://www.amazon.com/Cooler-Master-Performance-Close-Loop-Customize/dp/B0DVNKR4L9,0.0,109.29
20260805_055550,2026-08-05T06:19:12.980474+00:00,amazon_usa,COOLER,B0FHGSM9NK,"Thermalright Stream Vision 360 Black-360mm AIO CPU Liquid Cooler,3.5’’Square LCD Display for Images,Magnetic Suction High-Performance Pump for 640x480 Resolution with Embedded Fan,for AM5/lga1851/1700",400.56,118.16,2026-08-05,4.8,18,https://www.amazon.com/Thermalright-Black-360mm-3-5Square-High-Performance-Resolution/dp/B0FHGSM9NK,22.0,140.16
20260805_055550,2026-08-05T06:19:12.980474+00:00,amazon_usa,COOLER,B0DPPBVSNC,"ASUS ROG RYUJIN III 360 ARGB Extreme All-in-one AIO CPU Liquid Cooler, AMD Ryzen 9000 & Intel Core Ultra Ready, Asetek Gen8 V2 Pump high Airflow Magnetic Fans; Customizable 3.5"" LCD, 6 Year Warranty",1280.1,377.61,2026-08-05,4.6,236,https://www.amazon.com/ASUS-ROG-III-360-ARGB/dp/B0DPPBVSNC,0.0,377.61
20260805_055550,2026-08-05T06:19:12.980474+00:00,amazon_usa,COOLER,B0FD3MRM1B,"Thermalright Wonder Vision 360 UB ARGB CPU AIO Cooler,360mm Radiator, 2K 60HZ Curved Screen with 2400x1080 Resolution,for AM4/AM5,Intel LGA1851/1700,6.67in 3D Screen High Performance Pump",569.69,168.05,2026-08-05,4.4,41,https://www.amazon.com/Thermalright-Radiator-2400x1080-Resolution-Performance/dp/B0FD3MRM1B,0.0,168.05
20260805_055550,2026-08-05T06:19:12.980474+00:00,amazon_usa,COOLER,B0F6N94SMS,"PCCOOLER DC360 360mm AIO CPU Cooler, 2.4-inch IPS LCD, ARGB Fans, White | Customizable LCD for gaming and creator PCs; supports AM5/AM4 and LGA1851/1700; requires a case with 360mm radiator support.",313.27,92.41,2026-08-05,4.4,286,https://www.amazon.com/PCCOOLER-Freezer-Cooling-High-Performance-DC360/dp/B0F6N94SMS,0.0,92.41
20260805_055550,2026-08-05T06:19:12.980474+00:00,amazon_usa,COOLER,B0CCXHZBSV,"Thermaltake TH360 ARGB Sync V2 CPU Liquid Cooler/AlO Liquid Cooling/Fan 120mm*3/PWM 500~2000 RPM/Mirror Waterblock/MB ARGB Sync Control, CL-W362-PL12SW-A,Black | 360mm liquid cooler with ARGB infinity",437.92,129.18,2026-08-05,4.5,324,https://www.amazon.com/Thermaltake-Cooling-500-2000-Waterblock-CL-W362-PL12SW/dp/B0CCXHZBSV,0.0,129.18
20260805_055550,2026-08-05T06:19:12.980474+00:00,amazon_usa,COOLER,B0D731NGTQ,"Thermalright Frozen Infinity 360 Black Liquid CPU Cooler,Triple PWM Fans with 2000RPM,Desktop CPU Aio Cooler,for AM4/AM5&Intel LGA1150/1151/1200/1700/1851,Infinity Mirror PC CPU Water Cooler",188.31,55.55,2026-08-05,4.7,33,https://www.amazon.com/Thermalright-Infinity-2000RPM-Desktop-LGA1150/dp/B0D731NGTQ,22.0,77.55
20260805_055550,2026-08-05T06:19:12.980474+00:00,amazon_usa,COOLER,B0F62XKRTY,"FW360 SE ARGB V2 White 360mm AIO Cooler, 2-Inch LCD Screen, 3000RPM Pump",235.77,69.55,2026-08-05,4.7,47,https://www.amazon.com/SE-ARGB-V2-White-Connection/dp/B0F62XKRTY,22.0,91.55
20260805_055550,2026-08-05T06:19:12.980474+00:00,amazon_usa,COOLER,B0946GJ4GX,"Cooler Master Elite Liquid 360 AIO Liquid CPU Cooler, ARGB White | AMD AM5/AM4 & Intel LGA1851/1700 Support Cooler, 360mm, Dual-Chamber Pump, 3x Low-Noise ARGB PWM Fans, Easy Installation",303.17,89.43,2026-08-05,4.4,293,https://www.amazon.com/Cooler-Master-MasterLiquid-Close-Loop-Translucent/dp/B0946GJ4GX,0.0,89.43
20260805_055550,2026-08-05T06:19:12.980474+00:00,amazon_usa,COOLER,B0FLTZ2SHM,"NZXT Kraken Core 360 RGB - 360mm AIO CPU Cooler - Black | Entry 360mm RGB AIO with Turbine pump and single-frame fan. Quiet, high-performance cooling, easy install, CAM-ready.",348.02,102.66,2026-08-05,4.6,156,https://www.amazon.com/NZXT-Kraken-Core-360-RGB/dp/B0FLTZ2SHM,0.0,102.66
20260805_055550,2026-08-05T06:19:12.980474+00:00,amazon_usa,COOLER,B0FVKXSRHM,"PCCOOLER GT360M 360mm AIO CPU Cooler with 2.8-Inch LCD, Black | Customizable 2.8-inch LCD shows system info and personal visuals; 3 ARGB PWM fans; supports LGA1851/1700 and AM5/AM4.",333.47,98.37,2026-08-05,4.1,87,https://www.amazon.com/PCCOOLER-2-8-Inch-Aluminum-Compatible-GT360M/dp/B0FVKXSRHM,0.0,98.37
20260805_055550,2026-08-05T06:19:12.980474+00:00,amazon_usa,COOLER,B0GLNXQ71Z,ProFlow SE 360mm ARGB Black AIO CPU Cooler-Water Liquid Cooling System|4-Inch LCD Screen|320W TDP|ARGB 1850RPM PWM Cooler Fans|for Intel LGA1851/1700/1200/115X AMD AM4/AM5（Black）,370.53,109.3,2026-08-05,3.9,14,https://www.amazon.com/Jungle-Leopard-ProFlow-Cooler-Water-AM5%EF%BC%88Black%EF%BC%89/dp/B0GLNXQ71Z,0.0,109.3
20260805_055550,2026-08-05T06:19:12.980474+00:00,amazon_usa,COOLER,B0DT5RDKZT,"TRYX Panorama 360mm AIO White Curved Screen GIPHY Built-in Asetek 320w TDP | Asetek 8th Gen V2, ROTA SL ARGB Pogo-Pin Fan, 6.67'' AMOLED, 2K 60Hz, KANALI Customizability, Intel LGA 1851/1700 AMD AM5/A",1010.59,298.11,2026-08-05,4.4,106,https://www.amazon.com/TRYX-Panorama-Anamorphic-Customizable-Magnetic/dp/B0DT5RDKZT,0.0,298.11
20260805_055550,2026-08-05T06:19:12.980474+00:00,amazon_usa,COOLER,B0D72X5YB2,"Thermalright Frozen Infinity 360 BLACK CPU Water Cooler, with Triple 124mm Infinity Mirror PWM Fans,for Intel 1150/1151/1200/2011/ 1700/1851&AMD/AM4/AM5,360 Size Infinity Mirror Water Cooling Radiator",202.45,59.72,2026-08-05,4.6,58,https://www.amazon.com/Thermalright-Infinity-BLACK-Cooling-Radiator/dp/B0D72X5YB2,22.0,81.72
20260805_055550,2026-08-05T06:19:12.980474+00:00,amazon_usa,COOLER,B0F7KFWMM6,"RUIX NC360 ARGB AIO CPU Liquid Cooler, 360mm High-Performance Water Cooling with High-Speed Ceramic Bearing Pump, 3X PWM ARGB Fans, Intel LGA 1851/1700/1200/115X/2011, AMD AM5/AM4 - Black",202.11,59.62,2026-08-05,4.8,47,https://www.amazon.com/RUIX-NC360-High-Performance-Cooling-High-Speed/dp/B0F7KFWMM6,22.0,81.62
20260805_055550,2026-08-05T06:19:12.980474+00:00,amazon_usa,COOLER,B0D9GWQPDM,"NZXT Kraken Elite 360 RGB - 360mm AIO CPU Cooler, LCD - White | 360mm RGB AIO with 2.36-inch LCD and F360 RGB Core fan. Flagship display cooling with synced RGB via CAM.",875.84,258.36,2026-08-05,4.3,552,https://www.amazon.com/NZXT-Kraken-Elite-360-2024/dp/B0D9GWQPDM,0.0,258.36
20260805_055550,2026-08-05T06:19:12.980474+00:00,amazon_usa,COOLER,B0DF7RD6PT,"Ocypus Iota L36 BK 360mm AIO Liquid CPU Cooler with Digital Temp Display | Floating Visual ARGB Pump,FDB Silent Fans,All-Metal Bracket,300W TDP Water Cooling System for Intel LGA 1851/1700&AMD AM5/AM4",234.76,69.25,2026-08-05,4.8,55,https://www.amazon.com/Ocypus-Iota-L36-Liquid-Efficient/dp/B0DF7RD6PT,0.0,69.25
20260805_055550,2026-08-05T06:19:12.980474+00:00,amazon_usa,COOLER,B0FHW333V3,"Minorsonic AIO CPU Cooler, 360mm AIO with High-Speed Ceramic Bearing Pump, 3X PWM ARGB Fans, 3-Phase Motor for Better Cooling Performance, Heat Transfer, Low Noise, Intel LGA 1851/1700, AMD AM5/AM4",178.52,52.66,2026-08-05,4.4,247,https://www.amazon.com/Minorsonic-High-Speed-Ceramic-Performance-Transfer/dp/B0FHW333V3,0.0,52.66
20260805_055550,2026-08-05T06:19:12.980474+00:00,amazon_usa,COOLER,B0FHDDJHN4,"Thermalrlght Trofeo Vision 360 ARGB White CPU Aio Cooler,CPU Water Cooling System,6.86inch IPS Long Screen with 1280x480 Resolution,for AM4/AM5,LGA1851/1700,Magnetic Screen is not Limited",500.57,147.66,2026-08-05,4.4,16,https://www.amazon.com/Thermalrlght-6-86inch-1280x480-Resolution-Magnetic/dp/B0FHDDJHN4,22.0,169.66
20260805_055550,2026-08-05T06:19:17.520866+00:00,amazon_usa,COOLER,B0FL7CQX3D,PF 360 CPU Water AIO Cooler Liquid Cooling|5.5-inch LCD Magnetic Screen|360mm ARGB Infinity Mirror 2000RPM PWM Fan|Lower Noise ≤30DBA|for Intel LGA1851/1700/1200/115X AMD AM4/AM5-White,416.02,122.72,2026-08-05,3.9,65,https://www.amazon.com/Jungle-Leopard-5-5-inch-Magnetic-AM5-White/dp/B0FL7CQX3D,22.0,144.72
20260805_055550,2026-08-05T06:19:17.520866+00:00,amazon_usa,COOLER,B0DK3GD6N1,"Thermalright FW 360 Ultra ARGB White 360mm AIO CPU Liquid Cooler | IPS LCD Screen with 480x480 Resolution,for AM5/Intel LGA1851/1700,2.88 inch Magnet-Absorbent LCD Screen for Images-White",223.74,66.0,2026-08-05,4.4,18,https://www.amazon.com/Thermalright-Ultra-ARGB-White-inchMagnet-Absorbent/dp/B0DK3GD6N1,22.0,88.0
20260805_055550,2026-08-05T06:19:17.520866+00:00,amazon_usa,COOLER,B0G6K8XFC8,"TRYX Stage AIO Cooler 360mm 4'' Dual-Screen GIPHY Built-in Asetek 280w TDP | Waifu/Figure Friendly, 254PPI 60Hz, Three Display Modes, Asetek 7th Gen V2, Pogo-Pin Fan, Intel LGA 1851/1700 AM5/AM4",673.73,198.74,2026-08-05,4.4,53,https://www.amazon.com/TRYX-Dual-Screen-Customizable-Cooler-Display/dp/B0G6K8XFC8,0.0,198.74
20260805_055550,2026-08-05T06:19:17.520866+00:00,amazon_usa,COOLER,B0BTS2FFWK,"ASUS ROG RYUO III 360 ARGB White Edition All-in-one AIO Liquid CPU Cooler 360mm Radiator, Asetek 8th gen Pump Solution, Anime Matrix LED Display and ROG AF 12S ARGB Fan., 6 Year Warranty",485.08,143.09,2026-08-05,4.5,479,https://www.amazon.com/ASUS-ROG-RYUO-III-ARGB/dp/B0BTS2FFWK,0.0,143.09
20260805_055550,2026-08-05T06:19:17.520866+00:00,amazon_usa,COOLER,B0DC1WB2RM,"ASUS ROG Strix LC III 360 ARGB LCD All-in-one CPU Liquid Cooler - Intel LGA 1700, 1200, 115X - AMD Socket AM4, AM5 – with 2.1"" IPS LCD, Asetek Gen7 v2 Pump, and Premium ROG ARGB Fans, 6 Year Warranty",965.54,284.82,2026-08-05,4.6,85,https://www.amazon.com/ASUS-ROG-III-360-ARGB/dp/B0DC1WB2RM,0.0,284.82
20260805_055550,2026-08-05T06:19:17.520866+00:00,amazon_usa,COOLER,B0GXXNZ2G6,"ASRock WS TR 360D Workstation Liquid CPU Cooler, Dual-Pump Redundancy, 38mm Radiator, AMD Threadripper TR5/sTR5, Aerospace LCP Fans, 0dB Silent, 6-Year Warranty",1448.55,427.3,2026-08-05,0.0,0,https://www.amazon.com/ASRock-Workstation-Dual-Pump-Redundancy-Threadripper/dp/B0GXXNZ2G6,0.0,427.3
20260805_055550,2026-08-05T06:19:17.520866+00:00,amazon_usa,COOLER,B0FD6WBGD9,"Thermalright Trofeo Vision 360 ARGB Black CPU AIO Cooler,6.86-inch LCD Long Screen High-Performance 360mm Water-Cooled Radiator,IPS LCD Screen with 1280x480 Resolution,for AM4/AM5,Intel LGA1851/1700",478.02,141.01,2026-08-05,3.8,146,https://www.amazon.com/Thermalright-ARGB-High-Performance-Water-Cooled-Resolution/dp/B0FD6WBGD9,22.0,163.01
20260805_055550,2026-08-05T06:19:17.520866+00:00,amazon_usa,COOLER,B0GGVDX2R2,"Thermaltake TH360 V3 Ultra ARGB CPU Liquid Cooler; Intel/AMD; 1x360mm 500~2500rpm Single Frame ARGB Fan; 3.95"" TFT 720x720p LCD; Rotatable Pump Head; TT LCD Screen Control; Black; CL-W474-PL12SW-A",471.58,139.11,2026-08-05,4.8,10,https://www.amazon.com/Thermaltake-TH360-Ultra-ARGB-CL-W474-PL12SW/dp/B0GGVDX2R2,0.0,139.11
20260805_055550,2026-08-05T06:19:17.520866+00:00,amazon_usa,COOLER,B0F8HTLRND,"Thermalright Aqua Elite 360 V6 ARGB Black CPU Liquid Cooler, 360 Cooling Row Size,3x120mm Water Radiator,AMD: AM4/AM5,Intel LGA115X/1200/1700/1851, AIO CPU Cooler",181.57,53.56,2026-08-05,4.7,97,https://www.amazon.com/Thermalright-Liquid-Cooling-3x120mm-Radiator/dp/B0F8HTLRND,22.0,75.56
20260805_055550,2026-08-05T06:19:17.520866+00:00,amazon_usa,COOLER,B0FVXP5JPK,"ARCTIC Liquid Freezer WS360-SP6: Workstation AIO Liquid Cooler,AMD SP6/sTR5",326.05,96.18,2026-08-05,4.7,14,https://www.amazon.com/ARCTIC-Liquid-Freezer-WS360-SP6-Workstation/dp/B0FVXP5JPK,22.0,118.18
20260805_055550,2026-08-05T06:19:17.520866+00:00,amazon_usa,COOLER,B0GJ5JQ2XZ,"TR Thermalright Mjolnir Vision 360 UB PRO ARGB Black CPU Water Cooler,360 Aio Cooler, IPS LCD Screen with 640x480 Resolution,for Intel LGA1851/1700,AM4/AM5,CPU Liquid Cooler,3.5-inch Display-Magnetic",274.86,81.08,2026-08-05,5.0,1,https://www.amazon.com/Thermalright-Mjolnir-Resolution-3-5-inch-Display-Magnetic/dp/B0GJ5JQ2XZ,22.0,103.08
20260805_055550,2026-08-05T06:19:17.520866+00:00,amazon_usa,COOLER,B0GXZPSTBS,"360mm AIO Liquid Cooler, Compatible with Intel LGA1200 1700 AMD AM5 AM4 | CPU Water Cooling with 3x120mm ARGB Fans 1800 RPM, 2700RPM Pump, Infinity RGB Head, High-Performance PC Cooling, White",235.77,69.55,2026-08-05,4.5,2,,0.0,69.55
20260805_055550,2026-08-05T06:19:17.520866+00:00,amazon_usa,COOLER,B0DK72VN9X,"Thermalright Frozen Magic 360 White ARGB V2 CPU AIO Cooler, Double High-Performance PWM Fans with 1600RPM, for Intel LGA1150/1151/1200/1851/1700 & AMD: AM4/AM5, 360mm Liquid Cooling",154.89,45.69,2026-08-05,4.6,6,https://www.amazon.com/Thermalright-Frozen-High-Performance-1600RPM-LGA1150/dp/B0DK72VN9X,22.0,67.69
20260805_055550,2026-08-05T06:19:17.520866+00:00,amazon_usa,COOLER,B0G4VQ1X5X,"Thermalright Magic Qube 360 ARGB Black Liquid CPU Cooler,Building Block Fan with 2000RPM,for AM4/AM5,Intel LGA1150/1151/1200/1700/1851,Temperature Controlled Color Changing Digital Screen",205.16,60.52,2026-08-05,4.6,10,https://www.amazon.com/Thermalright-Building-Temperature-Controlled-Changing/dp/B0G4VQ1X5X,0.0,60.52
20260805_055550,2026-08-05T06:19:17.520866+00:00,amazon_usa,COOLER,B0D735BZR4,"Thermalright Frozen Infinity 360 White Liquid CPU Cooler,Triple PWM Fans with 2000RPM,Desktop CPU Aio Cooler,for AM4/AM5&Intel LGA1150/1151/1200/1700/1851,Infinity Mirror PC CPU Water Cooler",177.16,52.26,2026-08-05,4.5,131,https://www.amazon.com/Thermalright-Infinity-2000RPM-Desktop-LGA1150/dp/B0D735BZR4,22.0,74.26
20260805_055550,2026-08-05T06:19:17.520866+00:00,amazon_usa,COOLER,B0G81B9VQS,"Thermalright Aqua Elite 360 V5 ARGB Black-CPU Liquid Cooler,Pump Speed-2800RPM,for AM4/AM5,Intel LGA1150/1151/1200 /1851/1700,High-Performance Radiator",181.57,53.56,2026-08-05,4.8,9,https://www.amazon.com/Thermalright-Black-CPU-Speed-2800RPM-High-Performance-Radiator/dp/B0G81B9VQS,22.0,75.56
20260805_055550,2026-08-05T06:19:17.520866+00:00,amazon_usa,COOLER,B0FKWKLCLR,"MSI MPG CORELIQUID P13 360 - AIO ARGB CPU Liquid Cooler - 360mm Radiator - LGA 1851 / AM5 Ready - IPS 2.1"" LCD Screen - Triple 120mm ARGB PWM Fans - Uni Bracket - Black",511.25,150.81,2026-08-05,4.4,53,https://www.amazon.com/MSI-MPG-CORELIQUID-P13-360/dp/B0FKWKLCLR,0.0,150.81
20260805_055550,2026-08-05T06:19:17.520866+00:00,amazon_usa,COOLER,B0DC8553XN,msi MAG CoreLiquid I360 Black - AIO ARGB CPU Liquid Cooler - Infinity Mirror Design - UNI Bracket - 360mm Radiator - Triple 120mm ARGB PWM Fans - LGA 1700/1851 / AM5/AM4 Compatible,421.07,124.21,2026-08-05,4.6,129,https://www.amazon.com/MSI-MAG-CoreLiquid-I360-Black/dp/B0DC8553XN,0.0,124.21
20260805_055550,2026-08-05T06:19:17.520866+00:00,amazon_usa,COOLER,B0FVMB38RZ,"Thermalrlght Peerless Vision 360 ARGB Black CPU Water Cooler,3 PWM Fans-Wireless Splicing,IPS LCD Screen with 480x480 Resolution,for Intel LGA1851/1700,AM4/AM5,CPU Liquid Cooler,3.95-inch Display",339.92,100.27,2026-08-05,4.8,8,https://www.amazon.com/Thermalrlght-Peerless-Fans-Wireless-Resolution-3-95-inch/dp/B0FVMB38RZ,22.0,122.27
20260805_055550,2026-08-05T06:19:17.520866+00:00,amazon_usa,COOLER,B0CXXTMBG7,"AsiaHorse WK-A360 ARGB All-in-One AIO CPU Liquid Cooler, Wandering Knight 360mm Water Cooling System with Dual High-Performance Pump and 3×120mm PWM Fans, Compatible with Intel & AMD CPUs (White)",296.08,87.34,2026-08-05,4.6,159,https://www.amazon.com/AsiaHorse-WK-A360-Wandering-High-Performance-Compatible/dp/B0CXXTMBG7,0.0,87.34
20260805_055550,2026-08-05T06:19:17.520866+00:00,amazon_usa,COOLER,B0FRX2CFYN,"MONTECH LightFlow ARGB 360mm AIO CPU Liquid Cooler, Infinity Mirror, Black | Intel LGA1851/1700, AMD AM5/AM4, 3100RPM Pump, 3x Pre-Installed 120mm ARGB PWM Fans, ARGB Sync, 6-Year Warranty",198.42,58.53,2026-08-05,4.5,21,https://www.amazon.com/LightFlow-ARGB-360-Infinity-Black/dp/B0FRX2CFYN,22.0,80.53
20260805_055550,2026-08-05T06:19:17.520866+00:00,amazon_usa,COOLER,B0DS55KT1H,"upHere 240mm AIO Liquid CPU Cooler - Intel LGA 1851/1700/2011 & AMD AM5/AM4, Magnetic Pump Cover, 5V ARGB SYNC, All-in-One Cable Mangement, 280W TDP Cooling (White)",235.77,69.55,2026-08-05,4.0,1,,22.0,91.55
20260805_055550,2026-08-05T06:19:22.129444+00:00,amazon_usa,COOLER,B0DK37XJWG,"Thermalrlght Grand Vision 360 ARGB White CPU AIO Cooler,PC 360 Specification Water Cooler System,IPS LCD Screen with 480x480 Resolution and 3.4inch,for AM4/AM5&Intel LGA1700/1851",343.31,101.27,2026-08-05,4.3,34,,0.0,101.27
20260805_055550,2026-08-05T06:19:22.129444+00:00,amazon_usa,COOLER,B0DSJ2RDKV,"darkFlash DV360S All-in-one Liquid CPU Cooler, 3.2” LCD Screen with 320 * 320 Resolution, ARGB Sync, PWM Fans 360mm Radiator, CPU PC Aio Cooler Compatible with Intel 1851/1700, AMD AM4/AM5 (Black)",364.56,107.54,2026-08-05,4.2,104,https://www.amazon.com/darkFlash-DV360S-Liquid-Resolution-Radiator-Compatible/dp/B0DSJ2RDKV,0.0,107.54
20260805_055550,2026-08-05T06:19:22.129444+00:00,amazon_usa,COOLER,B0BDJYXM2Y,"Thermalright Frozen Notte 360 Black ARGB V2 Water Cooling CPU Cooler, 360 Specification CPU Liquid Cooler,3 PWM Fans, S-FDB Bearings, Suitable for AMD:AM4/AM5, Intel LGA 1851/1700/115X/1200/2011",184.96,54.56,2026-08-05,4.4,493,https://www.amazon.com/Thermalright-Frozen-Notte-360-Specifications/dp/B0BDJYXM2Y,22.0,76.56
20260805_055550,2026-08-05T06:19:22.129444+00:00,amazon_usa,COOLER,B0D3D2V6M9,"Thermalright Aqua Elite 360 V3 AIO CPU Cooler, 360 Liquid Cooling, ARGB PWM Fans, Intel LGA1150-1200/2011/1700/1851, AMD AM4/AM5",178.52,52.66,2026-08-05,4.7,106,https://www.amazon.com/Thermalrlght-Cooler-Liquid-Cooling-LGA1150/dp/B0D3D2V6M9,22.0,74.66
20260805_055550,2026-08-05T06:19:22.129444+00:00,amazon_usa,COOLER,B0BSLK8VYH,"MSI MAG CORELIQUID A13 360 AIO CPU Liquid Cooler - Full CPU Coverage, Improved Water Channel Design, Minimalism Meets Illumination, CycloBlade 7, Split-Flow Radiator, Rifle Bearing Fans",303.17,89.43,2026-08-05,4.7,372,https://www.amazon.com/MSI-MAG-CORELIQUID-Liquid-Cooler/dp/B0BSLK8VYH,22.0,111.43
20260805_055550,2026-08-05T06:19:22.129444+00:00,amazon_usa,COOLER,B0F8H7B4VM,"Thermalrlght Aqua Elite 360 V6 ARGB Black AIO CPU Cooler, ARGB PWM Cooler Fans with 2000RPM, for Intel Lga1150/1151/1155/1156/1200/2011/1700/1851, AMD: AM4/AM5, Case 360mm AIO Radiator",180.52,53.25,2026-08-05,4.8,35,https://www.amazon.com/Thermalrlght-Elite-Cooler-2000RPM-Lga1150/dp/B0F8H7B4VM,22.0,75.25
20260805_055550,2026-08-05T06:19:22.129444+00:00,amazon_usa,COOLER,B0F6L8D8KB,"PCCOOLER DS360 360mm AIO CPU Cooler with 2.4-Inch Display, White | 315W TDP, 3 FDB PWM fans up to 2500 RPM and 90.56 CFM; for Intel LGA1851/1700/1200/115X and AMD AM5/AM4.",333.47,98.37,2026-08-05,4.6,36,https://www.amazon.com/PCCOOLER-AIO-Cooler-Liquid-Freezer/dp/B0F6L8D8KB,22.0,120.37
20260805_055550,2026-08-05T06:19:22.129444+00:00,amazon_usa,COOLER,B0D86H1VW2,"Thermalrlght Frozen Infinity 360 Black CPU Aio Cooler,TL-M12*3 PWM Fans,Computer CPU Water Cooler,ARGB Infinity Mirror,360 CPU Liquid Cooling:LGA1851/1700/1150/1151/1200/2011,PC Water Cooling",188.31,55.55,2026-08-05,4.7,85,https://www.amazon.com/Thermalrlght-Frozen-Infinity-Computer-Cooling/dp/B0D86H1VW2,22.0,77.55
20260805_055550,2026-08-05T06:19:22.129444+00:00,amazon_usa,COOLER,B0DYD6DFLD,"darkFlash DG360 All-in-one Liquid CPU Cooler, High-Performance Pump, ARGB Sync, PWM Daisy Chain Connection Fans, AIO Cooler Compatible with Intel 1851/1700, AMD AM4/AM5 (White, 360mm AIO)",234.42,69.15,2026-08-05,5.0,52,https://www.amazon.com/darkFlash-Liquid-Cooler-High-Performance-Connection-Compatible/dp/B0DYD6DFLD,0.0,69.15
20260805_055550,2026-08-05T06:19:22.129444+00:00,amazon_usa,COOLER,B0CDPMBV9K,"Thermalright Aqua Elite 360 White V3 Water Cooling CPU Cooler 3 PWM ARGB Fans with S-FDB Bearings,Efficient PWM Controlled Pump,for AMD/AM4/AM5, Intel LGA1150/1151/1200/2011/1700/1851(AE360 White V3)",188.31,55.55,2026-08-05,4.6,192,https://www.amazon.com/Thermalright-Cooling-Bearings-Efficient-Controlled/dp/B0CDPMBV9K,22.0,77.55
20260805_055550,2026-08-05T06:19:22.129444+00:00,amazon_usa,COOLER,B0CFB956LP,"Cooler Master MasterLiquid Atmos 360 Black CPU Liquid Cooler - AIO Water Cooling System, Dual Chamber Pump, Pre-Installed Sickleflow 120 Edge Fans, Addressable Gen 2 RGB, LGA1700 & AM5 Brackets",336.86,99.37,2026-08-05,4.6,184,https://www.amazon.com/Cooler-Master-MasterLiquid-Atmos-Black/dp/B0CFB956LP,22.0,121.37
20260805_055550,2026-08-05T06:19:22.129444+00:00,amazon_usa,COOLER,B0GL55ZFGQ,"ASRock Pro 360 ARGB All-in-One Liquid CPU Cooler, 360mm Radiator, Addressable RGB, Compatible with AMD AM5/AM4 & Intel LGA1851/1700",235.77,69.55,2026-08-05,5.0,3,https://www.amazon.com/ASRock-Radiator-Addressable-Compatible-LGA1851/dp/B0GL55ZFGQ,22.0,91.55
20260805_055550,2026-08-05T06:19:22.129444+00:00,amazon_usa,COOLER,B0DS54QXR5,"upHere 360mm AIO Liquid CPU Cooler - Intel LGA 1851/1700/2011 & AMD AM5/AM4, Magnetic Pump Cover, 5V ARGB SYNC, All-in-One Cable Mangement, 300W TDP Cooling （Black）",269.47,79.49,2026-08-05,5.0,4,,22.0,101.49
20260805_055550,2026-08-05T06:19:22.129444+00:00,amazon_usa,COOLER,B0D7KYN5PP,"Silverstone Technology XE360-TR5 360mm All-in-One Liquid Cooler for AMD TR5 / SP6, SST-XE360-TR5",1373.53,405.17,2026-08-05,4.6,47,https://www.amazon.com/SilverStone-Technology-XE360-TR5-Liquid-SST-XE360-TR5/dp/B0D7KYN5PP,22.0,427.17
20260805_055550,2026-08-05T06:19:22.129444+00:00,amazon_usa,COOLER,B0FG7SQRG9,"Thermalrlght Wonder Vision 360 UB ARGB White CPU Water Cooler,CPU Water Cooling System,6.67inch Curved Screen with 2400x1080 Resolution,for AM4/AM5,LGA1851/1700,7:3 Visual Scale Screen Ratio for 3D",697.02,205.61,2026-08-05,4.9,11,https://www.amazon.com/Thermalrlght-Cooling-6-67inch-2400x1080-Resolution/dp/B0FG7SQRG9,0.0,205.61
20260805_055550,2026-08-05T06:19:22.129444+00:00,amazon_usa,COOLER,B0CKMTJ2J9,Lian Li GA II LCD 360MM AIO - Asetek 8th Gen - 2.88” IPS LCD Screen Liquid Cooler - Screen Recording for Videos and Photos - Pre-Installed UNI Fan SL-INF Fans (GA2ALCD36INB),752.48,221.97,2026-08-05,3.9,182,https://www.amazon.com/Lian-Li-360MM-Pre-installed-daisy-chained/dp/B0CKMTJ2J9,0.0,221.97
20260805_055550,2026-08-05T06:19:22.129444+00:00,amazon_usa,COOLER,B0G33Z9WTS,"Thermalright Mjolnir Vision 360 UB PRO ARGB Black CPU Aio Cooler,PC 360 Specification Water Cooler System with Inline Fan,3.5’’ LCD Screen with 640x480 Resolution,for AM4/AM5;Intel 1700/1851/115X/2011",272.52,80.39,2026-08-05,4.8,22,https://www.amazon.com/Thermalright-Mjolnir-Specification-640x480-Resolution/dp/B0G33Z9WTS,22.0,102.39
20260805_055550,2026-08-05T06:19:22.129444+00:00,amazon_usa,COOLER,B0DK3GG3TY,"Thermalright Mjolnir Vision 360 ARGB White AIO CPU Liquid Cooler,IPS LCD Screen with 320 * 240 Resolution,for AM4/AM5 and LGA1700/1851,’3.5 inch’Magnet-Absorbent LCD Screen for Images",333.17,98.28,2026-08-05,4.9,24,https://www.amazon.com/Thermalright-Mjolnir-Vision-ARGB-White/dp/B0DK3GG3TY,22.0,120.28
20260805_055550,2026-08-05T06:19:22.129444+00:00,amazon_usa,COOLER,B0FD7HZSSY,"Thermalright Wonder Vision 360 UB ARGB Black CPU Water Cooler, 6.67-inch Magnetic Curved Screen with 2400x1080 Resolution, AMOLED Display Screen, Liquid Cooler for AM4/AM5, Intel LGA1700/1851",703.73,207.59,2026-08-05,4.7,17,https://www.amazon.com/Thermalright-6-67-inch-Magnetic-2400x1080-Resolution/dp/B0FD7HZSSY,0.0,207.59
20260805_055550,2026-08-05T06:19:22.129444+00:00,amazon_usa,COOLER,B0D73CDLK5,"Thermalright Frozen Infinity 360 Black CPU Water Cooler,360 Aio CPU Cooler,Triple TL-M12 PWM Fans,Infinity Mirror CPU Cooling,for AM4/AM5,Intel LGA1851/1700/1150/1151",181.57,53.56,2026-08-05,4.7,166,https://www.amazon.com/Thermalright-Frozen-Infinity-360-LGA1851/dp/B0D73CDLK5,22.0,75.56
20260805_055550,2026-08-05T06:19:22.129444+00:00,amazon_usa,COOLER,B0D1JZXJHH,"Thermalright FW 360 White ARGB V2 CPU Water Cooler with 3 PWM Fans with 2000RPM,IPS LCD Screen with 320 * 240 Resolution,Liquid CPU Cooler,CPU PC Aio Cooler for AMD:AM4/AM5/Intel LGA1700",245.84,72.52,2026-08-05,4.6,117,https://www.amazon.com/Thermalright-FW-360-White-ARGB/dp/B0D1JZXJHH,22.0,94.52
20260805_055550,2026-08-05T06:19:22.129444+00:00,amazon_usa,COOLER,B0FD6CRPS4,"Thermalright Trofeo Vision 360 ARGB Black CPU Liquid Cooler,for AM4/AM5,Intel LGA1851/1700,6.86-inch Full Colour LCD Display with 1280x480 Resolutions,Magnetic Panel Screen,DIY Dynamic/Static Images",488.13,143.99,2026-08-05,4.1,48,https://www.amazon.com/Thermalright-Trofeo-Vision-ARGB-Black/dp/B0FD6CRPS4,22.0,165.99
20260805_055550,2026-08-05T06:19:22.129444+00:00,amazon_usa,COOLER,B0FF46SVSX,"Ocypus Sigma PRO L36 BK 360MM AIO Liquid CPU Cooler with 3.5"" LCD Display | 640*480px,Floating ARGB Lighting,Magnetic Mounting Pump 310W TDP,FDB Silent PWM PC Fan,All-Metal Tool Cooling for Intel & AM",336.86,99.37,2026-08-05,4.6,65,https://www.amazon.com/Sigma-PRO-L36-BK-Ultra-Narrow/dp/B0FF46SVSX,0.0,99.37
20260805_055550,2026-08-05T06:19:22.129444+00:00,amazon_usa,COOLER,B0FRPWY3C8,"CORSAIR iCUE Link Titan 360 RX RGB Liquid CPU Cooler – 360mm AIO – Low-Noise – Intel LGA 1851/1700, AMD AM5/AM4-3X RX120 RGB Fans -iCUE Link System Hub Included – Black (Renewed)",400.56,118.16,2026-08-05,3.5,9,https://www.amazon.com/CORSAIR-iCUE-Titan-Liquid-Cooler/dp/B0FRPWY3C8,0.0,118.16
20260805_055550,2026-08-05T06:19:27.152140+00:00,amazon_usa,COOLER,B0FGJ73VRL,"Osprey 360mm AIO CPU Cooler, Intel LGA1700, AM5/AM4, ARGB, Black",336.86,99.37,2026-08-05,5.0,2,https://www.amazon.com/Osprey-360mm-Cooler-Intel-LGA1700/dp/B0FGJ73VRL,0.0,99.37
20260805_055550,2026-08-05T06:19:27.152140+00:00,amazon_usa,COOLER,B0DLWGL38S,"ARCTIC Liquid Freezer III Pro 240 A-RGB - AIO CPU Cooler, Water Cooling",216.25,63.79,2026-08-05,4.6,451,https://www.amazon.com/ARCTIC-Liquid-Freezer-III-RGB/dp/B0DLWGL38S,22.0,85.79
20260805_055550,2026-08-05T06:19:27.152140+00:00,amazon_usa,COOLER,B0D7Q8NMQV,"Thermalrlght Frozen Edge 360 White CPU Liquid Cooler,Efficient PWM Controlled Pump 3300RPM,120mm PWM Fan,Water Cooling Computer Parts,for AMD AM4/AM5,Intel 1150/1151/1200/1851/1700,Computer AIO Cooler",174.82,51.57,2026-08-05,5.0,5,https://www.amazon.com/Thermalrlght-Efficient-Controlled-3300RPM-Computer/dp/B0D7Q8NMQV,22.0,73.57
20260805_055550,2026-08-05T06:19:27.152140+00:00,amazon_usa,COOLER,B0BKK78R71,"Thermalright Frozen Notte 360 Black ARGB Water Cooling CPU Cooler, 360 Black CPU Cooler Specifications, 3×120mm PWM Fans, S-FDB V2 Bearings, Suitable for AMD/AM4, Intel LGA 1700/1150/1200/2011/2066",183.23,54.05,2026-08-05,4.5,182,https://www.amazon.com/Thermalright-Frozen-Notte-360-ARGB/dp/B0BKK78R71,22.0,76.05
20260805_055550,2026-08-05T06:19:27.152140+00:00,amazon_usa,COOLER,B0CJ636ZTH,MSI MAG CoreLiquid E360 Black - AIO ARGB CPU Liquid Cooler - Rotating Cap Design - 360mm Radiator - Triple 120mm ARGB PWM Fans - LGA 1700/1851 / AM5/AM4 Compatible,336.86,99.37,2026-08-05,4.6,96,https://www.amazon.com/MSI-MAG-CORELIQUID-E360-Radiator/dp/B0CJ636ZTH,22.0,121.37
20260805_055550,2026-08-05T06:19:27.152140+00:00,amazon_usa,COOLER,B0BN8XYP6W,"EKWB EK-Nucleus AIO CPU Cooler CR360 Lux, Digital RGB, Black",488.47,144.09,2026-08-05,4.6,292,https://www.amazon.com/EK-Nucleus-Cooling-Computer-Compatible/dp/B0BN8XYP6W,22.0,166.09
20260805_055550,2026-08-05T06:19:27.152140+00:00,amazon_usa,COOLER,B0C7R2RDRL,"Thermalright Frozen Edge 360 Black Liquid CPU Water Cooler with 120mm PWM Fan,360 Black Cold Row Specification,Integrated Water-Cooler Heatsink for AM4/AM5,Intel LGA1700/1150/1151/1200/1851",184.96,54.56,2026-08-05,4.6,65,https://www.amazon.com/Thermalright-Specification-Integrated-Water-Cooler-Heatsink/dp/B0C7R2RDRL,22.0,76.56
20260805_055550,2026-08-05T06:19:27.152140+00:00,amazon_usa,COOLER,B0FKWTNKQS,"MSI MPG CORELIQUID P13 360 White - AIO ARGB CPU Liquid Cooler - 360mm Radiator - LGA 1851 / AM5 Ready - IPS 2.1"" LCD Screen - Triple 120mm ARGB PWM Fans - Uni Bracket - White",505.28,149.05,2026-08-05,4.3,28,https://www.amazon.com/MPG-CORELIQUID-P13-360-White/dp/B0FKWTNKQS,0.0,149.05
20260805_055550,2026-08-05T06:19:27.152140+00:00,amazon_usa,COOLER,B0D1K7WRLV,"Thermalright FW360 Black CPU AIO Cooler,PC 360 Specification Water Cooler System,IPS LCD Screen with 320 * 240 Resolution,for AM5&Intel LGA1851,High Performance Pump,Comes with 2.4-inch LCD Display",224.32,66.17,2026-08-05,4.9,21,https://www.amazon.com/Thermalright-Cooling-Resolution-LGA1700-Computer/dp/B0D1K7WRLV,22.0,88.17
20260805_055550,2026-08-05T06:19:27.152140+00:00,amazon_usa,COOLER,B0DQ2LJ9VH,"Cooler Master 360 Core II AIO Liquid CPU Cooler, Infinity Mirror ARGB | AMD AM5/AM4 & Intel LGA1851/1700 Support Cooler, 360mm, Dual-Chamber Pump, 3x Low-Noise ARGB PWM Fans",438.73,129.42,2026-08-05,4.4,101,https://www.amazon.com/Cooler-Master-Infinity-Radiator-Platform/dp/B0DQ2LJ9VH,0.0,129.42
20260805_055550,2026-08-05T06:19:27.152140+00:00,amazon_usa,COOLER,B0DK4N411N,"Thermalright CORE Vision 360 Black CPU AIO Cooler,IPS LCD Screen with 480 * 480 Resolution,for AM5&Intel 1700/1851,High-Performance 360 Specs Water-Cooled Radiator with 2.1in Removable Display",237.81,70.15,2026-08-05,4.6,94,https://www.amazon.com/Thermalright-Resolution-High-Performance-Water-Cooled-Removable/dp/B0DK4N411N,22.0,92.15
20260805_055550,2026-08-05T06:19:27.152140+00:00,amazon_usa,COOLER,B0DPNQS3Q5,"ASUS ROG RYUJIN III 360 ARGB Extreme White Edition All-in-one AIO CPU Liquid Cooler, AMD Ryzen 9000 & Intel Core Ultra, Asetek Gen8 V2 Pump high Airflow Magnetic Fans; 3.5"" LCD, 6 Year Warranty",1280.1,377.61,2026-08-05,4.4,52,https://www.amazon.com/ASUS-ROG-III-360-ARGB/dp/B0DPNQS3Q5,0.0,377.61
20260805_055550,2026-08-05T06:19:27.152140+00:00,amazon_usa,COOLER,B0G493FR5T,"1ST PLAYER TS4 360mm AIO CPU Cooler，Liquid Cooling System,Digital Display Screen|ARGB Light|300W TDP|PWM 3000RPM for AMD AM4/AM5,Intel LGA 115X/1200/1700/1851 (360mm Black)",303.17,89.43,2026-08-05,3.0,2,https://www.amazon.com/1ST-PLAYER-TS4-Cooler-Water-Cooling/dp/B0G493FR5T,0.0,89.43
20260805_055550,2026-08-05T06:19:27.152140+00:00,amazon_usa,COOLER,B0FX3Q7JLQ,"darkFlash DE360 All-in-one Liquid CPU Cooler, 2.88” LCD Screen with 480 * 480 Resolution, ARGB Sync, PWM Fans 360mm Radiator, CPU PC Aio Cooler Compatible with Intel 1851/1700, AMD AM4/AM5 (Black)",432.36,127.54,2026-08-05,4.0,15,https://www.amazon.com/darkFlash-Liquid-Cooler-Resolution-Radiator-Compatible/dp/B0FX3Q7JLQ,0.0,127.54
20260805_055550,2026-08-05T06:19:27.152140+00:00,amazon_usa,COOLER,B0GCDR1Y43,"TR Thermalright Aqua Elite 360 V5 ARGB White Liquid CPU Cooler-360mm AIO,3 PWM Fans-Thin Ring ARGB Lighting Effect,for AM4/AM5,Intel LGA1851/1700/115x,White CPU Water Cooler",181.57,53.56,2026-08-05,5.0,2,https://www.amazon.com/Thermalright-Cooler-360mm-Fans-Thin-Lighting-LGA1851/dp/B0GCDR1Y43,0.0,53.56
20260805_055550,2026-08-05T06:19:27.152140+00:00,amazon_usa,COOLER,B09B2GRNPT,"ASUS ROG Strix SLC IV 360 ARGB LCD All-in-One Liquid CPU Water Cooling | 3 x ROG ARGB fans, ASUS AIO Q-Connector, high-performance pump 3-phase, 6-slot, 4-pin motor, LCD display",790.65,233.23,2026-08-05,5.0,1,https://www.amazon.com/ASUS-Strix-Liquid-Water-Cooling/dp/B09B2GRNPT,22.0,255.23
20260805_055550,2026-08-05T06:19:27.152140+00:00,amazon_usa,COOLER,B0DJRPLCPR,"JEYI 360mm AIO CPU Water Cooler,Refrigeracion Liquida 360mm Water Cooling,Infinity Mirror Efficient PWM-Controlled Pump,for AMD AM5/AM4,Intel LGA1851/1700,iArcticStorm 360 mm White,4.72""x15.47""x2.01""",161.36,47.6,2026-08-05,4.4,73,https://www.amazon.com/JEYI-Refrigeracion-Liquida-Enfriamiento-Compatible/dp/B0DJRPLCPR,22.0,69.6
20260805_055550,2026-08-05T06:19:27.152140+00:00,amazon_usa,COOLER,B0FBBVNVRL,Thermaltake AW360 Liquid Cooler; Intel LGA 4677 - AMD sTR5/SP6; 360mm Radiator; 3x120mm 500~2000rpm PWM Toughfan Pro; Nickel-Plated Copper Block; Black; CL-W450-PL12BL-A,1414.85,417.36,2026-08-05,4.7,5,https://www.amazon.com/Thermaltake-AW360-Liquid-Cooler-CL-W450-PL12BL/dp/B0FBBVNVRL,0.0,417.36
20260805_055550,2026-08-05T06:19:27.152140+00:00,amazon_usa,COOLER,B0G7ZNTNZR,"Thermalright Levita Vision 360 UB ARGB White CPU Liquid Cooler,360mm Aio, 2K 60HZ Curved Screen with 2400x1080 Resolution,for AM4/AM5,Intel LGA1851/1700,6.67in 3D Screen High Performance Pump",727.97,214.74,2026-08-05,5.0,1,https://www.amazon.com/Thermalright-2400x1080-Resolution-LGA1851-Performance/dp/B0G7ZNTNZR,22.0,236.74
20260805_055550,2026-08-05T06:19:27.152140+00:00,amazon_usa,COOLER,B0FWTK88NB,MSI CORELIQUID A17 MLG Edition - AIO ARGB CPU Liquid Cooler - 360mm Radiator - LGA 1851 and AM5 Ready - Triple 120mm ARGB PWM Fans - Uni Bracket - Exclusive MLG Figure,606.34,178.86,2026-08-05,4.9,21,https://www.amazon.com/MSI-CORELIQUID-A17-MLG-Exclusive/dp/B0FWTK88NB,0.0,178.86
20260805_055550,2026-08-05T06:19:27.152140+00:00,amazon_usa,COOLER,B0GL8278J8,"PCCOOLER DS360 ARGB 360mm AIO CPU Cooler with 2.4-Inch Display, Black | 315W TDP, 3 ARGB PWM fans up to 2500 RPM and 90.56 CFM; for Intel LGA1851/1700/1200/115X and AMD AM5/AM4.",357.07,105.33,2026-08-05,4.4,19,https://www.amazon.com/PCCOOLER-DS360-ARGB-2-4-Inch-Display/dp/B0GL8278J8,0.0,105.33
20260805_055550,2026-08-05T06:19:27.152140+00:00,amazon_usa,COOLER,B0DRRXSSVP,"darkFlash DH360D V1.2 All-in-one Liquid CPU Cooler with Display, CPU Monitoring, ARGB Sync, PWM Fans 360mm AIO, High-Efficient CPU PC Cooler Radiator for Intel 1851/1700, AMD AM4/AM5 (Black)",279.37,82.41,2026-08-05,3.6,45,https://www.amazon.com/darkFlash-DH360D-Display-Monitoring-High-Efficient-Radiator/dp/B0DRRXSSVP,0.0,82.41
20260805_055550,2026-08-05T06:19:27.152140+00:00,amazon_usa,COOLER,B0GLPHH6JD,"darkFlash UV360 360mm AIO CPU Cooler, 6.67"" Curved 2K OLED Screen, 320W TDP | 360mm AIO with a 6.67 Inch Curved 2K OLED Screen for Live Monitoring, Custom Media, and Immersive 3D Visuals.",673.73,198.74,2026-08-05,5.0,5,https://www.amazon.com/darkFlash-UV360-Cooler-Curved-Screen/dp/B0GLPHH6JD,0.0,198.74
20260805_055550,2026-08-05T06:19:37.603026+00:00,amazon_usa,COOLER,B0D6BF3RXL,"CORSAIR iCUE Link Titan 240 RX RGB Liquid CPU Cooler – 240mm AIO – Low-Noise – FlowDrive Cooling Engine – Intel LGA 1851/1700, AMD AM5/AM4 – 2X RX120 RGB Fans – iCUE Link System Hub Included – Black",269.47,79.49,2026-08-05,4.7,1400,https://www.amazon.com/CORSAIR-iCUE-Titan-Liquid-Cooler/dp/B0D6BF3RXL,0.0,79.49
20260805_055550,2026-08-05T06:19:37.603026+00:00,amazon_usa,COOLER,B0CCNS5NZ9,"Thermalright Aqua Elite 240 V3 Water Cooling CPU Cooler, Double PWM ARGB Fans with S-FDB Bearings,Efficient PWM Controlled Pump,for AMD/AM4/AM5, Intel LGA1150/1151/1200/1700/1851, (AE240 V3)",151.26,44.62,2026-08-05,4.7,469,https://www.amazon.com/Thermalright-Cooling-Bearings-Efficient-Controlled/dp/B0CCNS5NZ9,22.0,66.62
20260805_055550,2026-08-05T06:19:37.603026+00:00,amazon_usa,COOLER,B0DLWFBHSL,"ARCTIC Liquid Freezer III Pro 240 - AIO CPU Cooler,2 x 120 mm Water Cooling",198.04,58.42,2026-08-05,4.3,741,https://www.amazon.com/ARCTIC-Freezer-240-240-Cooling-Radiator/dp/B0DLWFBHSL,22.0,80.42
20260805_055550,2026-08-05T06:19:37.603026+00:00,amazon_usa,COOLER,B0DS256KQP,"Thermalright FW 240 SE ARGB Black-360mm AIO CPU Liquid Cooler | IPS LCD Screen with 320x240 Resolution,for AM4/AM5,Intel LGA1700/1851,2inch Magnet-Absorbent LCD Screen for Images-Black",177.64,52.4,2026-08-05,4.4,134,https://www.amazon.com/Thermalright-SE-ARGB-Magnet-Absorbent-Images-Black/dp/B0DS256KQP,22.0,74.4
20260805_055550,2026-08-05T06:19:37.603026+00:00,amazon_usa,COOLER,B0FL7DLD7X,PF 240 CPU Water AIO Cooler Liquid Cooling|5.5-inch LCD Magnetic Screen|360mm ARGB Infinity Mirror 2000RPM PWM Fan|Lower Noise ≤30DBA|for LGA1851/1700/1200/115X/AM4/AM5(White),437.92,129.18,2026-08-05,3.7,10,https://www.amazon.com/Jungle-Leopard-5-5-inch-Magnetic-Infinity/dp/B0FL7DLD7X,22.0,151.18
20260805_055550,2026-08-05T06:19:37.603026+00:00,amazon_usa,COOLER,B0FLTCSL45,"NZXT Kraken Core 240 RGB - 240mm AIO CPU Cooler - Black | Entry 240mm RGB AIO with Turbine pump and single-frame fan. Quiet, high-performance cooling, easy install, CAM-ready.",303.17,89.43,2026-08-05,4.6,156,https://www.amazon.com/NZXT-Kraken-Core-240-RGB/dp/B0FLTCSL45,0.0,89.43
20260805_055550,2026-08-05T06:19:37.603026+00:00,amazon_usa,COOLER,B0FGDHFMDN,"CORSAIR Nautilus 240 RS LCD Liquid CPU Cooler – 2.1"" IPS LCD Screen, 240mm AIO, Low-Noise, Daisy-Chain, Intel LGA 1851/1700, AMD AM5/AM4 – 2X RS120 Fans Included – Black",336.86,99.37,2026-08-05,4.6,548,https://www.amazon.com/CORSAIR-Nautilus-240-Liquid-Cooler/dp/B0FGDHFMDN,0.0,99.37
20260805_055550,2026-08-05T06:19:37.603026+00:00,amazon_usa,COOLER,B086BYYFG5,"CoolerMaster MasterLiquid ML240L RGB V2, Close-Loop AIO CPU Liquid Cooler, Gen3 Dual Chamber Pump, 240mm Radiator, SickleFlow 120 PWM ARGB, AMD Ryzen AM5/AM4, Intel LGA1700/1200 (MLW-D24M-A18PC-R2)",303.17,89.43,2026-08-05,4.6,9600,https://www.amazon.com/CoolerMaster-MasterLiquid-Close-Loop-Cooler-SickleFlow/dp/B086BYYFG5,22.0,111.43
20260805_055550,2026-08-05T06:19:37.603026+00:00,amazon_usa,COOLER,B0DLWGB566,"ARCTIC Liquid Freezer III Pro 240 A-RGB - AIO CPU Cooler, Water Cooling",226.69,66.87,2026-08-05,4.5,60,https://www.amazon.com/ARCTIC-Liquid-Freezer-RGB-White/dp/B0DLWGB566,0.0,66.87
20260805_055550,2026-08-05T06:19:37.603026+00:00,amazon_usa,COOLER,B0F5SGK5Q7,"NZXT Kraken Plus 240-240mm AIO CPU Cooler, LCD - Black | 240mm AIO with customizable LCD and Turbine pump for improved thermals. F120P fans, simple install, CAM control.",336.86,99.37,2026-08-05,4.3,349,https://www.amazon.com/NZXT-Kraken-Plus-240-Customizable/dp/B0F5SGK5Q7,0.0,99.37
20260805_055550,2026-08-05T06:19:37.603026+00:00,amazon_usa,COOLER,B09463GC4H,"Cooler Master Elite Liquid 240 AIO Liquid CPU Cooler, ARGB | AMD AM5/AM4 & Intel LGA1851/1700 Support Cooler, 240mm, Dual-Chamber Pump, 2x Low-Noise ARGB PWM Fans, Easy Installation",134.58,39.7,2026-08-05,4.2,200,https://www.amazon.com/Cooler-Master-MasterLiquid-Close-Loop-Translucent/dp/B09463GC4H,22.0,61.7
20260805_055550,2026-08-05T06:19:37.603026+00:00,amazon_usa,COOLER,B0D6BGFVX8,"CORSAIR iCUE Link Titan 240 RX RGB Liquid CPU Cooler – 240mm AIO – Low-Noise – FlowDrive Cooling Engine – Intel LGA 1851/1700, AMD AM5/AM4 – 2X RX120 RGB Fans – iCUE Link System Hub Included – White",404.22,119.24,2026-08-05,4.7,1400,https://www.amazon.com/CORSAIR-iCUE-Titan-Liquid-Cooler/dp/B0D6BGFVX8,0.0,119.24
20260805_055550,2026-08-05T06:19:37.603026+00:00,amazon_usa,COOLER,B0D1K9H3H6,"Thermalright FW 240 White ARGB-240mm AIO CPU Liquid Cooler,IPS LCD Screen | 320x240 Resolution,for AM4/AM5,Intel LGA1700/1851,2.4in Screen for Images and Double Fans-Black ARGB",196.76,58.04,2026-08-05,4.5,31,https://www.amazon.com/Thermalright-Warframe-ARGB-240mm-Resolution-Fans-White/dp/B0D1K9H3H6,22.0,80.04
20260805_055550,2026-08-05T06:19:37.603026+00:00,amazon_usa,COOLER,B0D8VFCCK5,"Thermalrlght FW240 White ARGB V2 CPU Water Cooler with 2 PWM Fans with 2000RPM,IPS LCD Screen with 320 * 240 Resolution,Liquid CPU Cooler,CPU PC Aio Cooler for AMD:AM4/AM5/Intel LGA1700",198.42,58.53,2026-08-05,4.6,55,https://www.amazon.com/Thermalrlght-Cooler-2000RPM-Screen-Resolution/dp/B0D8VFCCK5,22.0,80.53
20260805_055550,2026-08-05T06:19:37.603026+00:00,amazon_usa,COOLER,B0DF7CGGCW,"CORSAIR iCUE Link Titan 240 RX LCD Liquid CPU Cooler – 240mm AIO – Low-Noise – FlowDrive Cooling Engine – Intel LGA 1851/1700, AMD AM5/AM4 – 2X RX120 RGB Fans – iCUE Link System Hub Included – Black",471.58,139.11,2026-08-05,4.6,1200,https://www.amazon.com/CORSAIR-iCUE-Titan-Liquid-Cooler/dp/B0DF7CGGCW,0.0,139.11
20260805_055550,2026-08-05T06:19:37.603026+00:00,amazon_usa,COOLER,B0DQ2KYVT4,"Cooler Master 240 Core II AIO Liquid CPU Cooler, Infinity Mirror ARGB White | AMD AM5/AM4 & Intel LGA1851/1700 Support Cooler, 240mm, Dual-Chamber Pump, 2x Low-Noise ARGB PWM Fans",185.23,54.64,2026-08-05,4.6,174,https://www.amazon.com/Cooler-Master-Infinity-Radiator-Platform/dp/B0DQ2KYVT4,22.0,76.64
20260805_055550,2026-08-05T06:19:37.603026+00:00,amazon_usa,COOLER,B0FND794DL,"Antec Skeleton 240 ARGB AIO Liquid CPU Cooler, 240mm, Black | High-Performance Pump, Skeleton-Frame ARGB Pump Design, PWM ARGB Fans, Copper Base, Intel LGA 1851/1700 & AMD AM5 Compatible",134.72,39.74,2026-08-05,4.5,64,https://www.amazon.com/Antec-Skeleton-240-ARGB-High-Performance/dp/B0FND794DL,22.0,61.74
20260805_055550,2026-08-05T06:19:37.603026+00:00,amazon_usa,COOLER,B0FX3P41R6,"PCCOOLER DA240 240mm AIO CPU Cooler with ARGB Fans, White | 2600 RPM full-ceramic pump, 2 PWM fans; Intel LGA1851/1700/1200/115X and AMD AM5/AM4",202.11,59.62,2026-08-05,4.9,39,https://www.amazon.com/PCCOOLER-DA240-240mm-Cooler-White/dp/B0FX3P41R6,0.0,59.62
20260805_055550,2026-08-05T06:19:37.603026+00:00,amazon_usa,COOLER,B0F8CRYJ3P,"MSI MAG Coreliquid A12 240 - AIO ARGB CPU Liquid Cooler - 240mm Radiator - LGA 1700 Ready - Double Ball Bearring120mm ARGB PWM Fans x2, Rotatable Blockhead, LGA 1700/1851, AM5 / AM4, Black",202.11,59.62,2026-08-05,4.3,23,https://www.amazon.com/MAG-Coreliquid-A12-240-Bearring120mm/dp/B0F8CRYJ3P,22.0,81.62
20260805_055550,2026-08-05T06:19:37.603026+00:00,amazon_usa,COOLER,B0FHW1BXXD,"Minorsonic CPU Cooler 240mm Aio, Liquid Cooler CPU Low-Noise AMD AM5/AM4, Refrigeracion Liquida Water Cooling Systems, Intel LGA 1851/1700 PC Water Cooler 2 x 120 mm PWM ARGB Fans Black",181.87,53.65,2026-08-05,4.4,247,https://www.amazon.com/Minorsonic-Low-Noise-Refrigeracion-Liquida-Cooling/dp/B0FHW1BXXD,0.0,53.65
20260805_055550,2026-08-05T06:19:37.603026+00:00,amazon_usa,COOLER,B0FGQ8KTC6,"TRYX Panorama SE 240mm AIO Curved Screen GIPHY Built-in Asetek 260w TDP | 6.67'' AMOLED, 2K 60Hz, Rotatable, KANALI Highly Customizable, ROTA ARGB Fans, Whisper Quiet, Intel LGA 1851/1700 AMD AM5/AM4",781.53,230.54,2026-08-05,4.7,9,https://www.amazon.com/TRYX-Panorama-Rotatable-Anamorphic-Customizable/dp/B0FGQ8KTC6,22.0,252.54
20260805_055550,2026-08-05T06:19:37.603026+00:00,amazon_usa,COOLER,B0DCFMG8PB,"NZXT Kraken Elite 240-240mm AIO CPU Cooler, LCD - Black | 240mm AIO with 2.36-inch customizable LCD and F120P fans. Monitor temps or display custom art, controlled via CAM.",505.28,149.05,2026-08-05,4.1,265,https://www.amazon.com/NZXT-Kraken-Elite-240-2024/dp/B0DCFMG8PB,0.0,149.05
20260805_055550,2026-08-05T06:19:41.561654+00:00,amazon_usa,COOLER,B0CCP7F5Z8,"Thermalright Aqua Elite 240 V3 Aio CPU Cooler,240 Liquid Cooling Row,ARGB PWM Cooler Fans,for Intel LGA1150/1151/1155/1156/1200/1851/1700,AMD:AM4/AM5,PC Cooler Aio",151.26,44.62,2026-08-05,4.6,197,https://www.amazon.com/Thermalright-240-V3-Cooling-LGA1150/dp/B0CCP7F5Z8,22.0,66.62
20260805_055550,2026-08-05T06:19:41.561654+00:00,amazon_usa,COOLER,B09464Z8G9,"Cooler Master Elite Liquid 240 AIO Liquid CPU Cooler, ARGB White",269.47,79.49,2026-08-05,4.5,238,https://www.amazon.com/Cooler-Master-MasterLiquid-Close-Loop-Translucent/dp/B09464Z8G9,22.0,101.49
20260805_055550,2026-08-05T06:19:41.561654+00:00,amazon_usa,COOLER,B0D83LB8PB,"Thermalrlght Frozen Infinity 240 Black CPU Aio Cooler,TL-M12*2 PWM Fans,Computer CPU Water Cooler,ARGB Infinity Mirror,240 CPU Liquid Cooling:LGA1851/1700/1150/1151/1200/,PC Water Cooling",161.36,47.6,2026-08-05,4.7,85,https://www.amazon.com/Thermalrlght-Frozen-Infinity-Computer-Cooling/dp/B0D83LB8PB,22.0,69.6
20260805_055550,2026-08-05T06:19:41.561654+00:00,amazon_usa,COOLER,B0DHXCNXFF,"Thermalright Aqua Elite 240 ARGB V4 Liquid CPU Cooler, 240 Cooling Row Size, 2 x 120mm PWM Fans, Computer CPU Cooler,for AMD: AM4/AM5, Intel LGA1851/1700/1150/1151/1155/1156/1200(Black)",141.16,41.64,2026-08-05,4.6,27,https://www.amazon.com/Thermalright-Liquid-Cooler-Cooling-Computer/dp/B0DHXCNXFF,22.0,63.64
20260805_055550,2026-08-05T06:19:41.561654+00:00,amazon_usa,COOLER,B0C4BW38R4,"Cooler Master 240L Core AIO CPU Liquid Cooler – 240mm Radiator, 2X ARGB PWM Fans, Patented Gen S Dual-Chamber Pump, Quiet Cooling & Easy Installation, AMD AM5/AM4 & Intel LGA 1851/1700, White | 240mm ",134.72,39.74,2026-08-05,4.3,161,https://www.amazon.com/Cooler-Master-MasterLiquid-Close-Loop-MLW-D24M-A18PZ-RW/dp/B0C4BW38R4,22.0,61.74
20260805_055550,2026-08-05T06:19:41.561654+00:00,amazon_usa,COOLER,B0DF7P4WTL,"Ocypus Iota L24 BK 240mm AIO Liquid CPU Cooler with Temp Digital Display | Floating Visual ARGB Pump,TDP 280W,Fluid Dynamic Bearing Silent Fans,All-Metal Bracket,Water Cooling System for Intel & AMD",200.42,59.12,2026-08-05,4.4,55,https://www.amazon.com/Ocypus-Iota-L24-Liquid-Efficient/dp/B0DF7P4WTL,0.0,59.12
20260805_055550,2026-08-05T06:19:41.561654+00:00,amazon_usa,COOLER,B0FQKN6B23,"Corsair iCUE Link Titan 240 RX RGB Liquid CPU Cooler – 240mm AIO – 2X RX120 RGB Fans Included – Fits Intel LGA 1851/1700, AMD AM5/AM4 – iCUE Link System Hub Included – Black (Renewed)",209.87,61.91,2026-08-05,5.0,6,https://www.amazon.com/Corsair-iCUE-Titan-Liquid-Cooler/dp/B0FQKN6B23,22.0,83.91
20260805_055550,2026-08-05T06:19:41.561654+00:00,amazon_usa,COOLER,B0DHXD1QHY,"Thermalright Aqua Elite 240 White ARGB Liquid CPU Cooler, 240 Cooling Row Size, Double PWM Fans,1550RPM Speed,for AMD/AM4/AM5,Intel LGA1150/1151/1155/1156/1200/1700/1851(White)",133.09,39.26,2026-08-05,4.7,26,https://www.amazon.com/Thermalright-240-ARGB-V4-Cooling/dp/B0DHXD1QHY,22.0,61.26
20260805_055550,2026-08-05T06:19:41.561654+00:00,amazon_usa,COOLER,B0DHZ5LSNP,"Thermalright Aqua Elite 240 ARGB CPU AIO Cooler, 240mm CPU Liquid Cooling, Pump Head Speed up to 2600RPM, for AM4/AM5, Intel LGA1851/1150/1151/1200/1700, High Performance Radiator",153.26,45.21,2026-08-05,4.4,42,https://www.amazon.com/Thermalright-Cooling-6400RPM-Performance-Radiator/dp/B0DHZ5LSNP,22.0,67.21
20260805_055550,2026-08-05T06:19:41.561654+00:00,amazon_usa,COOLER,B0DKCQSNHQ,"Thermalright Grand Vision 240 ARGB White CPU AIO Cooler,PC 240 Specification Water Cooler System,IPS LCD Screen with 480x480 Resolution and 3.4inch,for AM4/AM5&LGA1700/1851,High Performance Pump",255.71,75.43,2026-08-05,4.4,38,https://www.amazon.com/Thermalright-ARGB-White-Specification-Performance/dp/B0DKCQSNHQ,22.0,97.43
20260805_055550,2026-08-05T06:19:41.561654+00:00,amazon_usa,COOLER,B0BLJHRVF5,"Thermalright Frozen Notte 240 Black ARGB V2 Water Cooling CPU Cooler,240Black CPU Cooler Specifications, Double PWM Fans, S-FDB Bearings, Suitable for AMD/AM4 AM5,Intel LGA 1700/1150/1151/1200/2011",158.96,46.89,2026-08-05,4.7,458,https://www.amazon.com/Thermalright-240Black-Specifications-Bearings-Suitable/dp/B0BLJHRVF5,22.0,68.89
20260805_055550,2026-08-05T06:19:41.561654+00:00,amazon_usa,COOLER,B0DCFNKXKY,"NZXT Kraken Elite 240 RGB - 240mm AIO CPU Cooler, LCD - White | 240mm RGB AIO with 2.36-inch LCD and F240 RGB Core fan. Customizable display, synced RGB, full CAM control.",673.73,198.74,2026-08-05,4.3,552,https://www.amazon.com/NZXT-Kraken-Elite-240-2024/dp/B0DCFNKXKY,0.0,198.74
20260805_055550,2026-08-05T06:19:41.561654+00:00,amazon_usa,COOLER,B0CCXG57HT,"Thermaltake TH240 ARGB Sync V2 CPU Liquid Cooler/AlO Liquid Cooling/Fan 120mm*2/PWM 500~2000 RPM/Mirror Waterblock/MB ARGB Sync Control, CL-W361-PL12SW-A , Black",269.47,79.49,2026-08-05,4.5,324,https://www.amazon.com/Thermaltake-Cooling-500-2000-Waterblock-CL-W361-PL12SW/dp/B0CCXG57HT,22.0,101.49
20260805_055550,2026-08-05T06:19:41.561654+00:00,amazon_usa,COOLER,B0DYD5JG87,"darkFlash DG240 All-in-one Liquid CPU Cooler, High-Performance Pump, ARGB Sync, PWM Daisy Chain Connection Fans, AIO Cooler Compatible with Intel 1851/1700, AMD AM4/AM5 (White, 240mm AIO)",209.33,61.75,2026-08-05,5.0,52,https://www.amazon.com/darkFlash-Liquid-Cooler-High-Performance-Connection-Compatible/dp/B0DYD5JG87,0.0,61.75
20260805_055550,2026-08-05T06:19:41.561654+00:00,amazon_usa,COOLER,B0F8Z7SW9N,"Thermalrlght Aqua Elite 240 V6 ARGB Black Liquid CPU Cooler-240mm AIO,PWM Pump,for AM4/AM5, Intel LGA1851/1700,Direct Motherboard Connection",155.94,46.0,2026-08-05,4.8,35,https://www.amazon.com/Thermalrlght-Cooler-240mm-LGA1851-Motherboard-Connection/dp/B0F8Z7SW9N,22.0,68.0
20260805_055550,2026-08-05T06:19:41.561654+00:00,amazon_usa,COOLER,B0D1K6BJJP,"Thermalright FW240 Black ARGB CPU AIO Cooler,PC 240 Specification Water Cooler System,IPS LCD Screen with 320 * 240 Resolution,for AM5&Intel LGA1700/1851,CPU Cooler Comes with 2.4-inch LCD Display",211.91,62.51,2026-08-05,4.2,84,https://www.amazon.com/Thermalright-Specification-Cooling-Resolution-Performance/dp/B0D1K6BJJP,22.0,84.51
20260805_055550,2026-08-05T06:19:41.561654+00:00,amazon_usa,COOLER,B0BTRXVCRV,"ASUS ROG RYUO III 240 ARGB All-in-one AIO Liquid CPU Cooler 240mm Radiator, Asetek 8th gen Pump Solution, Anime Matrix™ LED Display and ROG AF 12S ARGB Fan., 6 Year Warranty",505.28,149.05,2026-08-05,4.5,479,https://www.amazon.com/ASUS-ROG-RYUO-III-ARGB/dp/B0BTRXVCRV,0.0,149.05
20260805_055550,2026-08-05T06:19:41.561654+00:00,amazon_usa,COOLER,B0DKHPHBGV,"Thermalright Grand Vision 240 ARGB White AIO CPU Liquid Cooler,IPS LCD Screen with 480x480 Resolution,for AM4/AM5/LGA1851/1700,‘3.4 inch’Magnet-Absorbent LCD Screen for Images,Water-Cooled Radiator",289.37,85.36,2026-08-05,4.5,86,https://www.amazon.com/Thermalright-480x480-Resolution-LGA1851-inchMagnet-Absorbent/dp/B0DKHPHBGV,22.0,107.36
20260805_055550,2026-08-05T06:19:45.772543+00:00,amazon_usa,COOLER,B0D1KN79NN,"Thermalright Frozen Vision 240 White-Liquid CPU Water Cooler, with 2 PWM Fans,2.88-inch Square Image IPS LCD Display for 480x480 Pixels,Computer CPU Water Cooler for AM4/AM5,Intel lga1700/115X/1851",272.52,80.39,2026-08-05,4.5,23,https://www.amazon.com/Thermalright-Frozen-Vision-240-White-Liquid/dp/B0D1KN79NN,22.0,102.39
20260805_055550,2026-08-05T06:19:45.772543+00:00,amazon_usa,COOLER,B0GL9VPC12,"ASRock Challenger 240 Digital All-in-One Liquid CPU Cooler, 240mm Radiator, 3"" Smart Digital Display, ARGB Lighting, 0dB Mode, 6-Year Warranty",252.62,74.52,2026-08-05,4.6,3,https://www.amazon.com/ASRock-Challenger-Radiator-Lighting-Warranty/dp/B0GL9VPC12,22.0,96.52
20260805_055550,2026-08-05T06:19:45.772543+00:00,amazon_usa,COOLER,B0FGX87JFQ,"Ocypus Sigma PRO L24 BK 240MM AIO Liquid CPU Cooler with 3.5"" LCD Display | 640*480px,Floating ARGB Lighting,Magnetic Mounting Pump 290W TDP,FDB Silent PWM PC Fan,All-Metal Tool Cooling for Intel & AM",336.86,99.37,2026-08-05,4.6,65,https://www.amazon.com/Sigma-PRO-L24-BK-Ultra-Narrow/dp/B0FGX87JFQ,22.0,121.37
20260805_055550,2026-08-05T06:19:45.772543+00:00,amazon_usa,COOLER,B0C6LXCD1S,"EKWB EK-Nucleus AIO CPU Cooler CR240 Lux, Digital RGB, White",370.56,109.31,2026-08-05,4.5,41,https://www.amazon.com/EK-Nucleus-Cooler-CR240-Digital-White/dp/B0C6LXCD1S,22.0,131.31
20260805_055550,2026-08-05T06:19:45.772543+00:00,amazon_usa,COOLER,B0D3C7D72R,"Thermalrlght Aqua Elite 240 V3 Liquid CPU Cooler, AIO Pump Head Speed up to 3300RPM, TL-C12B-S V2×2 PWM Fans,for AMD/AM4/AM5, Intel LGA1150/1151/1200/1851/1700, Computer CPU Aio Cooler",154.62,45.61,2026-08-05,4.3,97,https://www.amazon.com/Thermalrlght-3300RPM-TL-C12B-S-LGA1150-Computer/dp/B0D3C7D72R,22.0,67.61
20260805_055550,2026-08-05T06:19:45.772543+00:00,amazon_usa,COOLER,B0D1K3YP96,"Thermalright FW240 White ARGB V2 CPU Water Cooler with 2 PWM Fans with 2000RPM,IPS LCD Screen with 320 * 240 Resolution,Liquid CPU Cooler,CPU PC Aio Cooler for AMD:AM4/AM5/Intel LGA1700",209.16,61.7,2026-08-05,4.3,69,https://www.amazon.com/Thermalright-White-ARGB-V2-240/dp/B0D1K3YP96,22.0,83.7
20260805_055550,2026-08-05T06:19:45.772543+00:00,amazon_usa,COOLER,B09JG4TTP2,"Dracaena 240mm AIO CPU Cooler, 240mm Radiator, 2x120mm ARGB PWM Fans,Color Change Remote,Leakproof Technology,High Flow Pump,ARGB Liquid Cooling System,AMD AM5/AM4-Intel LGA 1700/1200/115X",202.11,59.62,2026-08-05,4.4,509,https://www.amazon.com/Dracaena-Radiator-Leakproof-Technology-AM4-Intel/dp/B09JG4TTP2,0.0,59.62
20260805_055550,2026-08-05T06:19:45.772543+00:00,amazon_usa,COOLER,B0D3HN119T,"Thermalrlght Frozen Prism 240 White ARGB AIO Water Cooler,Liquid CPU Cooler, 2×120mm PWM Fans Water Cooling System,1850RPM High Speed,Compatible with AMD/AM4/AM5 & Intel LGA115X/1200/1851/1700",147.91,43.63,2026-08-05,4.7,88,https://www.amazon.com/Thermalrlght-2%C3%97120mm-Cooling-1850RPM-Compatible/dp/B0D3HN119T,22.0,65.63
20260805_055550,2026-08-05T06:19:45.772543+00:00,amazon_usa,COOLER,B0D72QDDVP,"Thermalright Frozen Infinity 240 Black CPU Aio Cooler,TL-M12*2 PWM Fans,Computer CPU Water Cooler,ARGB Infinity Mirror,240 CPU Liquid Cooling:LGA1851/1700/1150/1151/1200/2011,PC Water Cooling",166.38,49.08,2026-08-05,4.7,44,https://www.amazon.com/Thermalright-Frozen-Infinity-Computer-Cooling/dp/B0D72QDDVP,22.0,71.08
20260805_055550,2026-08-05T06:19:45.772543+00:00,amazon_usa,COOLER,B0F2ML3XH7,ENERGLO 240 Liquid Cooler: 240mm AIO CPU Cooler with Data Display & PWM Pump - 2 x 120mm Black Water Cooling for Intel LGA 1851/1700/1200/115X & AMD AM5/AM4,404.22,119.24,2026-08-05,4.7,4,https://www.amazon.com/Sudokoo-ENERGLO240-CPU-Liquid-Cooler/dp/B0F2ML3XH7,0.0,119.24
20260805_055550,2026-08-05T06:19:45.772543+00:00,amazon_usa,COOLER,B0F8VXG14L,"Thermalright Aqua Elite 240 V6 ARGB Black-CPU Liquid Cooler, Efficient PWM Controlled Pump,for AM4/AM5,Intel LGA1150/1151/1200/1851/1700,Integrated Water-Cooled Radiator-Black",156.28,46.1,2026-08-05,4.7,97,https://www.amazon.com/Thermalright-Controlled-Integrated-Water-Cooled-Radiator-Black/dp/B0F8VXG14L,22.0,68.1
20260805_055550,2026-08-05T06:19:45.772543+00:00,amazon_usa,COOLER,B0BWMYRS1W,"Thermalright Frozen Prism 240 Black ARGB AIO Water Cooler,Liquid CPU Cooler, 2×120mm PWM Fans Water Cooling System,1850RPM High Speed,Compatible with AM4/AM5,Intel LGA1150/1151/1200/1700/1851",154.62,45.61,2026-08-05,4.4,78,https://www.amazon.com/Thermalright-2%C3%97120mm-Cooling-1850RPM-Compatible/dp/B0BWMYRS1W,22.0,67.61
20260805_055550,2026-08-05T06:19:45.772543+00:00,amazon_usa,COOLER,B0C7NKP53L,"Thermalright Frozen Edge 240 Black AIO Water Cooler,Liquid CPU Cooler, 2×120mm PWM Fans Water Cooling System,2150RPM High Speed Fan,Compatible with AMD/AM4/AM5&Intel LGA1700/1150/1151/1200/2011/17XX",154.92,45.7,2026-08-05,4.7,57,https://www.amazon.com/Thermalright-2%C3%97120mm-Cooling-2150RPM-Compatible/dp/B0C7NKP53L,22.0,67.7
20260805_055550,2026-08-05T06:19:45.772543+00:00,amazon_usa,COOLER,B0DYZN5CGZ,NEXAURA 240 White Liquid CPU Cooler: 240mm AIO CPU Cooler with PWM Pump & ARGB Pump Head - Water Cooling with FDB Fans for Intel LGA 1851/1700/1200/115X AMD AM5/AM4,370.53,109.3,2026-08-05,4.6,17,https://www.amazon.com/Sudokoo-NEXAURA-240-Liquid-Cooler/dp/B0DYZN5CGZ,0.0,109.3
20260805_055550,2026-08-05T06:19:45.772543+00:00,amazon_usa,COOLER,B0BLHGG9RF,"Thermalright Frozen Notte 240 Black ARGB V2 Water Cooling CPU Cooler, 240 Specification CPU Liquid Cooler,Double PWM Fans, S-FDB Bearings, Suitable for AMD:AM4/AM5, Intel LGA 1851/1700/115X/1200/2011",159.3,46.99,2026-08-05,4.4,493,https://www.amazon.com/Thermalright-Frozen-Notte-240-ARGB/dp/B0BLHGG9RF,22.0,68.99
20260805_055550,2026-08-05T06:19:45.772543+00:00,amazon_usa,COOLER,B0DC7SJVBM,msi MAG CoreLiquid I240 Black - AIO ARGB CPU Liquid Cooler - Infinity Mirror Design - UNI Bracket - 240mm Radiator - Dual 120mm ARGB PWM Fans - LGA 1700/1851 / AM5/AM4 Compatible,336.86,99.37,2026-08-05,4.5,30,https://www.amazon.com/MSI-MAG-CoreLiquid-I240-Black/dp/B0DC7SJVBM,0.0,99.37
20260805_055550,2026-08-05T06:19:45.772543+00:00,amazon_usa,COOLER,B0GLFFJSYS,"Lian Li Hydroshift II OLED Curved 360TL-Liquid CPU Cooler-Black-HS2OLDC36TB | 360mm AIO, 3x120mm TL Fans , Adjustable 6.67"" Screen, 3D Animation Effects, Low Noise, LGA 1851/1700, AMD AM5/4",1145.35,337.86,2026-08-05,4.7,25,https://www.amazon.com/Lian-Li-Hydroshift-360TL-Liquid-Cooler-Black-HS2OLDC36TB/dp/B0GLFFJSYS,0.0,337.86
20260805_055550,2026-08-05T06:19:50.126213+00:00,amazon_usa,COOLER,B0BWJWDCR3,"Thermalright Frozen Prism 240 Black ARGB CPU Liquid Cooler,Efficient PWM Controlled Pump 3300RPM,2×TL-E12 Series PWM Fan,Water Cooling Computer Parts,for AMD AM4/AM5,Intel 1150/1156/1200/1700/2011",144.58,42.65,2026-08-05,4.5,143,https://www.amazon.com/Thermalright-Efficient-Controlled-2%C3%97TL-E12-Computer/dp/B0BWJWDCR3,22.0,64.65
20260805_055550,2026-08-05T06:19:50.126213+00:00,amazon_usa,COOLER,B0BLJHWVS3,"Thermalright Frozen Notte 240 White ARGB V2 Water Cooling CPU Cooler,240 White CPU Cooler Specifications, Double PWM Fans,S-FDB Bearings, Suitable for AMD/AM4 AM5, Intel LGA 1700/1150/1151/1200/2011",159.64,47.09,2026-08-05,4.4,950,https://www.amazon.com/Thermalright-Cooling-Specifications-Bearings-Suitable/dp/B0BLJHWVS3,22.0,69.09
20260805_055550,2026-08-05T06:19:50.126213+00:00,amazon_usa,COOLER,B0FKDBBS3Y,"Corsair H60x RGB Elite Liquid CPU Cooler - 16 Dynamic RGBLEDs - SP120 Elite Series PWM Fan with AirGuide Technology - Intel® LGA 1700, 1200, 115X, 2066, AMD® AM5/AM4 Sockets - Black (Renewed)",181.87,53.65,2026-08-05,4.2,29,https://www.amazon.com/Corsair-H60x-Elite-Liquid-Cooler/dp/B0FKDBBS3Y,22.0,75.65
20260805_055550,2026-08-05T06:19:50.126213+00:00,amazon_usa,COOLER,B0C1NB8YYG,EKWB EK-Nucleus CPU AIO CR240 Dark,336.86,99.37,2026-08-05,4.6,86,https://www.amazon.com/EKWB-EK-Nucleus-CPU-CR240-Dark/dp/B0C1NB8YYG,22.0,121.37
20260805_055550,2026-08-05T06:19:50.126213+00:00,amazon_usa,COOLER,B0C8CTGYJX,"Thermalright Frozen Edge 240 White Liquid CPU Water Cooler with 120mm PWM Fan,240 White Cold Row Specification,Integrated Water-Cooler Heatsink for AM4/AM5,Intel LGA1700/1851/1150/1151/1200",154.62,45.61,2026-08-05,4.6,65,https://www.amazon.com/Thermalright-White-Specification-Integrated-Water-Cooler/dp/B0C8CTGYJX,22.0,67.61
20260805_055550,2026-08-05T06:19:50.126213+00:00,amazon_usa,COOLER,B0D73CW862,"Thermalright Frozen Infinity 240 White Liquid CPU Cooler,Double PWM Fans with 2000RPM,Desktop CPU Aio Cooler,for AM4/AM5&Intel LGA1150/1151/1200/1700/1851,Infinity Mirror PC CPU Water Cooler",158.01,46.61,2026-08-05,4.8,9,https://www.amazon.com/Thermalright-Infinity-2000RPM-Desktop-LGA1150/dp/B0D73CW862,22.0,68.61
20260805_055550,2026-08-05T06:19:50.126213+00:00,amazon_usa,COOLER,B0CS6DPJ6J,"T-240MM Black ARGB Liquid CPU Water Cooling with 240mm ARGB PWM Fan,Temperature Display, Computer Water Cooling",218.93,64.58,2026-08-05,4.3,123,https://www.amazon.com/T-240MM-Cooling-Temperature-Display-Computer/dp/B0CS6DPJ6J,22.0,86.58
20260805_055550,2026-08-05T06:19:50.126213+00:00,amazon_usa,COOLER,B0F7QYSWXC,"Thermalrlght Grand Vision 240 ARGB Black CPU Water Cooler,Double PWM Fans Water Cooling System,IPS LCD Screen with 480x480 Resolution,for AM4/AM5,Intel LGA1700/1851,CPU Liquid Cooler,3.4-inch Display",296.12,87.35,2026-08-05,4.3,34,https://www.amazon.com/Thermalrlght-Cooling-480x480-Resolution-3-4-inch/dp/B0F7QYSWXC,22.0,109.35
20260805_055550,2026-08-05T06:19:50.126213+00:00,amazon_usa,COOLER,B0GL9VQNKC,"ASRock Pro White 240 ARGB All-in-One Liquid CPU Cooler, 240mm White Radiator, Dynamic ARGB Lighting, 3-Phase Pump, 0dB Silent Mode, 6-Year Warranty",168.42,49.68,2026-08-05,2.0,2,https://www.amazon.com/ASRock-Radiator-Dynamic-Lighting-Warranty/dp/B0GL9VQNKC,22.0,71.68
20260805_055550,2026-08-05T06:19:50.126213+00:00,amazon_usa,COOLER,B0D73BNJ2N,"Thermalright Frozen Infinity 240 White CPU Water Cooler,240 Aio CPU Cooler, Double TL-M12W PWM Fans,Infinity Mirror CPU Cooling,for AMD/AM4/AM5,Intel LGA1851/1700/1150/1151",151.26,44.62,2026-08-05,4.7,166,https://www.amazon.com/Thermalright-Frozen-Infinity-TL-M12W-LGA1851/dp/B0D73BNJ2N,22.0,66.62
20260805_055550,2026-08-05T06:19:50.126213+00:00,amazon_usa,COOLER,B0FG7LGDDL,Lian Li Galahad II LCD 280mm AIO Asetek 8th Gen Liquid Cooler - 2 X 140mm RGB Fans - 2.4 GHz Wireless Control - 2.88” IPS LCD Screen - Pre-Installed Daisy-Chained TL Fans - Black (GA2ALCD28TLB),527.62,155.64,2026-08-05,4.1,10,https://www.amazon.com/Lian-Li-Galahad-Asetek-Liquid/dp/B0FG7LGDDL,0.0,155.64
20260805_055550,2026-08-05T06:19:50.126213+00:00,amazon_usa,COOLER,B0FLY18T2C,"Cooler Master ML 240 Atmos II LCD ARGB CPU Liquid Cooler Black | Support Latest LGA1851, LGA1700, AM5, AM4 Socket | New Ultra-Low Profile Pump | 240mm AIO | Sickle Flow Edge Fans | LCD Screen",512.09,151.06,2026-08-05,0.0,0,https://www.amazon.com/Cooler-Master-Support-LGA1851-Ultra-Low/dp/B0FLY18T2C,22.0,173.06
20260805_055550,2026-08-05T06:19:50.126213+00:00,amazon_usa,COOLER,B0DSKNN8TG,"darkFlash DV360S All-in-one Liquid CPU Cooler, 3.2” LCD Screen with 320 * 320 Resolution, ARGB Sync, PWM Fans 360mm Radiator, CPU PC Aio Cooler Compatible with Intel 1851/1700, AMD AM4/AM5 (White)",351.41,103.66,2026-08-05,4.2,104,https://www.amazon.com/darkFlash-DV360S-Liquid-Resolution-Radiator-Compatible/dp/B0DSKNN8TG,0.0,103.66
20260805_055550,2026-08-05T06:19:50.126213+00:00,amazon_usa,COOLER,B0FVM4BXFD,"Thermalrlght Peerless Vision 360 ARGB White CPU Water Cooler,3 PWM Fans-Wireless Splicing,IPS LCD Screen with 480x480 Resolution,for Intel LGA1851/1700,AM4/AM5,CPU Liquid Cooler,3.95-inch Display",339.92,100.27,2026-08-05,4.8,8,https://www.amazon.com/Thermalrlght-Peerless-Fans-Wireless-Resolution-3-95-inch/dp/B0FVM4BXFD,0.0,100.27
20260805_055550,2026-08-05T06:19:54.961587+00:00,amazon_usa,COOLER,B0CDPRX9XT,"Thermalright Aqua Elite 240 White V3 Water Cooling CPU Cooler, Double PWM ARGB Fans with S-FDB Bearings,Efficient PWM Controlled Pump,for AMD/AM4/AM5, Intel LGA1150/1151/1200/1700/1851",155.94,46.0,2026-08-05,4.6,174,https://www.amazon.com/Thermalright-Cooling-Bearings-Efficient-Controlled/dp/B0CDPRX9XT,22.0,68.0
20260805_055550,2026-08-05T06:19:54.961587+00:00,amazon_usa,COOLER,B0FX2XJKX3,"PCCOOLER GT360M 360mm AIO CPU Cooler with 2.8-Inch LCD, White | Customizable 2.8-inch LCD shows system info and personal visuals; 3 ARGB PWM fans; supports LGA1851/1700 and AM5/AM4.",333.47,98.37,2026-08-05,4.1,87,https://www.amazon.com/PCCOOLER-2-8-Inch-Aluminum-Compatible-GT360M/dp/B0FX2XJKX3,0.0,98.37
20260805_055550,2026-08-05T06:19:54.961587+00:00,amazon_usa,COOLER,B0CSXKSV5N,"GIGABYTE AORUS WATERFORCE II 240 AIO Liquid CPU Cooler- 2x120mm ARGB Fans, Slide-in Interlocking Mechanism, Daisy-Chain, Intel LGA 1851 and AMD AM5 Compatible",321.85,94.94,2026-08-05,4.6,87,https://www.amazon.com/GIGABYTE-WATERFORCE-240-interlocking-DAISY-CHAIN/dp/B0CSXKSV5N,22.0,116.94
20260805_055550,2026-08-05T06:19:54.961587+00:00,amazon_usa,COOLER,B0GGVD376N,"Thermaltake TH240-S V3 ARGB CPU Liquid Cooler; Intel/AMD; 1x240mm 500~2500rpm Single Frame ARGB Fan; 3.95"" Segment Code LCD; Rotatable Pump Head; TT Segment LCD Software; Snow; CL-W471-PL12SW-A",258.39,76.22,2026-08-05,3.0,1,https://www.amazon.com/Thermaltake-TH240-S-ARGB-Snow-CL-W471-PL12SW/dp/B0GGVD376N,22.0,98.22
20260805_055550,2026-08-05T06:19:54.961587+00:00,amazon_usa,COOLER,B0DPHRVNGL,"ARCTIC Liquid Freezer III Pro 280 - AIO CPU Cooler,2 x 140 mm Water Cooling",214.55,63.29,2026-08-05,4.2,251,https://www.amazon.com/ARCTIC-Liquid-Freezer-III-Pro/dp/B0DPHRVNGL,22.0,85.29
20260805_055550,2026-08-05T06:19:54.961587+00:00,amazon_usa,COOLER,B0FRPMHJGX,"CORSAIR Nautilus 240 RS ARGB Liquid CPU Cooler – 240mm AIO – Low-Noise – Direct Motherboard Connection – Daisy-Chain – Intel LGA 1851/1700, AMD AM5/AM4 – 2X RS120 ARGB Fans Included – Black (Renewed)",269.34,79.45,2026-08-05,4.0,6,https://www.amazon.com/CORSAIR-Nautilus-ARGB-Liquid-Cooler/dp/B0FRPMHJGX,22.0,101.45
20260805_055550,2026-08-05T06:19:54.961587+00:00,amazon_usa,COOLER,B0DBKSRL72,"darkFlash DN240A AIO CPU Liquid Cooler, High-Performance Pump, ARGB Sync, PWM Fans, with Customizable darkFlash Logo Display, Compatible with Intel 1851/1700, AMD AM4/AM5 (Black)",180.86,53.35,2026-08-05,4.6,64,https://www.amazon.com/darkFlash-DNA240A-High-Performance-Customizable-Display-Compatible/dp/B0DBKSRL72,22.0,75.35
20260805_055550,2026-08-05T06:19:54.961587+00:00,amazon_usa,COOLER,B0FMXP6SX9,Cooler Master ML 240 Atmos II VRM Fan ARGB,550.16,162.29,2026-08-05,4.8,7,https://www.amazon.com/Cooler-Master-Simple-Cooling-MLX-D24M-A25SZ-V1/dp/B0FMXP6SX9,22.0,184.29
20260805_055550,2026-08-05T06:19:54.961587+00:00,amazon_usa,COOLER,B0DPHS13XW,"ARCTIC Liquid Freezer III Pro 420 A-RGB - AIO CPU Cooler, Water Cooling",316.63,93.4,2026-08-05,4.3,137,https://www.amazon.com/ARCTIC-Liquid-Freezer-RGB-White/dp/B0DPHS13XW,22.0,115.4
20260805_055550,2026-08-05T06:19:54.961587+00:00,amazon_usa,COOLER,B0D83M25X5,"Lian Li Hydroshift 360 AIO - Pre-Installed 3 x 28MM Fans, Side-Mounted Coolant Pathway, 2.88” LCD Screen 480 x 480 Res. Captured Images & Recorded Videos -LGA 1851,1700, 1200, AM5,4 -White(HSLCD36SW)",653.12,192.66,2026-08-05,4.3,79,https://www.amazon.com/Lian-Hydroshift-360-AIO-Pre-Installed-Side-Mounted/dp/B0D83M25X5,0.0,192.66
20260805_055550,2026-08-05T06:19:54.961587+00:00,amazon_usa,COOLER,B0C6LV8SR1,"EKWB EK-Nucleus AIO CPU Cooler CR360 Lux, Digital RGB, White",488.47,144.09,2026-08-05,4.8,62,https://www.amazon.com/EK-Water-Blocks-EK-Nucleus-Komplett-Wasserk%C3%BChlung/dp/B0C6LV8SR1,22.0,166.09
20260805_055550,2026-08-05T06:19:54.961587+00:00,amazon_usa,COOLER,B0FRX2174K,"MONTECH LightFlow ARGB 240mm AIO CPU Liquid Cooler, Infinity Mirror, Black | Intel LGA1851/1700, AMD AM5/AM4, 3100RPM Pump, 2x Pre-Installed 120mm ARGB PWM Fans, ARGB Sync, 6-Year Warranty",215.27,63.5,2026-08-05,4.5,21,https://www.amazon.com/LightFlow-ARGB-240-2x120mmARGB-Black/dp/B0FRX2174K,0.0,63.5
20260805_055550,2026-08-05T06:19:54.961587+00:00,amazon_usa,COOLER,B07CRGC899,"Cooler Master MasterLiquid LC240E RGB Close-Loop AIO CPU Liquid Cooler, 240mm Radiator, Dual Chamber RGB Pump, Dual MF120R RGB Fans, RGB Lighting for AMD Ryzen/Intel LGA1151",235.77,69.55,2026-08-05,4.4,2700,https://www.amazon.com/Cooler-Master-MasterLiquid-Chamber-MLA-D24M-A18PC-R1/dp/B07CRGC899,22.0,91.55
20260805_055550,2026-08-05T06:19:54.961587+00:00,amazon_usa,COOLER,B0GC7HM44G,"Thermalright Levita Vision 360 ARGB White Aio CPU Liquid Cooler,for AM5/Intel LGA1851/1700,6.67-in 3D Curved Screen with 2400x1080 Resolutions,Magnetic Screen,3D/2D Video Support",687.86,202.91,2026-08-05,5.0,5,https://www.amazon.com/Thermalright-Levita-Vision-ARGB-White/dp/B0GC7HM44G,22.0,224.91
20260805_055550,2026-08-05T06:19:54.961587+00:00,amazon_usa,COOLER,B0CM3PHL1L,"AsiaHorse WK-A360 ARGB All-in-One AIO CPU Liquid Cooler, Wandering Knight 360mm Water Cooling System with Dual High-Performance Pump and 3×120mm PWM Fans, Compatible with Intel & AMD CPUs (Black)",302.49,89.23,2026-08-05,4.6,159,https://www.amazon.com/AsiaHorse-WK-A360-Wandering-High-Performance-Compatible/dp/B0CM3PHL1L,0.0,89.23
20260805_055550,2026-08-05T06:19:54.961587+00:00,amazon_usa,COOLER,B0GGVDZXGX,Thermaltake TH240 V3 ARGB CPU Liquid Cooler; Intel/AMD; 1x240mm 500~2500rpm Single Frame ARGB Fan; 240mm Radiator; ARGB Infinity Mirror; Rotatable Pump Head; Snow; CL-W467-PL12SW-A,172.31,50.83,2026-08-05,0.0,0,https://www.amazon.com/Thermaltake-TH240-ARGB-Snow-CL-W467-PL12SW/dp/B0GGVDZXGX,22.0,72.83
20260805_055550,2026-08-05T06:20:10.173633+00:00,amazon_usa,CASE,B0D4QVMBTP,"DARKROCK EC2 ATX Mid Tower Gaming Computer PC Case, Type-C Ready | Supports 50 Series Graphics Cards, Tempered Glass Side Panel, up to 8 x 120mm Fans & 360mm Radiator, 1 x Pre-Installed Fan",185.23,54.64,2026-08-05,4.4,549,https://www.amazon.com/DARKROCK-Black-Tower-Type-C-Ready/dp/B0D4QVMBTP,50.0,104.64
20260805_055550,2026-08-05T06:20:10.173633+00:00,amazon_usa,CASE,B0D2MK6NML,"NZXT H5 Flow - Compact ATX Mid-Tower PC Case - Black | Compact mid-tower with 2 included 120mm fans, 360mm front radiator support, and tempered glass. A great first airflow build.",252.62,74.52,2026-08-05,4.7,1100,https://www.amazon.com/NZXT-Flow-2024-Mid-Tower-Management/dp/B0D2MK6NML,50.0,124.52
20260805_055550,2026-08-05T06:20:10.173633+00:00,amazon_usa,CASE,B0C3H3QR8Q,"MOROVOL PC Case Pre-Install 4 RGB Fans, ATX Gaming Computer Case with Diamond-Shaped Mesh Front & Tempered Glass Side Panel, USB 3.0 Airflow Mid Tower case,621",168.42,49.68,2026-08-05,4.2,406,https://www.amazon.com/MOROVOL-Pre-Install-Computer-Diamond-Shaped-Tempered/dp/B0C3H3QR8Q,50.0,99.68
20260805_055550,2026-08-05T06:20:10.173633+00:00,amazon_usa,CASE,B0DFHNV7TK,"CORSAIR 4000D RS ARGB Frame Modular Mid-Tower ATX PC Case, High Airflow, 3X Pre-Installed RS Fans, InfiniRail™ Mounting System, ASUS BTF, MSI Zero, Gigabyte Stealth, Black",336.86,99.37,2026-08-05,4.7,1700,https://www.amazon.com/CORSAIR-Frame-4000D-Modular-Mid-Tower/dp/B0DFHNV7TK,50.0,149.37
20260805_055550,2026-08-05T06:20:10.173633+00:00,amazon_usa,CASE,B0CZVN6KY5,CORSAIR 3500X Mid-Tower ATX PC Case – Panoramic Tempered Glass – Reverse Connection Motherboard Compatible – No Fans Included – Black,259.17,76.45,2026-08-05,4.7,767,https://www.amazon.com/CORSAIR-3500X-Mid-Tower-ATX-Case/dp/B0CZVN6KY5,50.0,126.45
20260805_055550,2026-08-05T06:20:10.173633+00:00,amazon_usa,CASE,B09V8HNWW9,Fractal Design North Charcoal Black Tempered Glass Dark - Genuine Walnut Wood Front - Glass Side Panel - Two 140mm Aspect PWM Fans Included - Type C USB - ATX Airflow Mid Tower PC Gaming Case,522.13,154.02,2026-08-05,4.7,3400,https://www.amazon.com/Fractal-Design-North-Slate-Light/dp/B09V8HNWW9,50.0,204.02
20260805_055550,2026-08-05T06:20:10.173633+00:00,amazon_usa,CASE,B0FWJRT8G8,"KEDIERS ATX Mid-Tower PC Case, 7x120mm Infinity Mirror ARGB PWM Fans Pre-Installed,Tempered Glass Panel,High-Performance Airflow,Black Desktop Gaming Computer Case",255.98,75.51,2026-08-05,4.5,367,https://www.amazon.com/KEDIERS-ARGB-Pre-Installed-Full-View-P4/dp/B0FWJRT8G8,50.0,125.51
20260805_055550,2026-08-05T06:20:10.173633+00:00,amazon_usa,CASE,B0CQJGG4JT,"darkFlash ATX Mid-Tower PC Case, Pre-Install 4 PWM ARGB Fans Computer Case, Full View Dual Tempered Glass Gaming PC Case, Type C Port, Supports up to 360mm Water Cooling Radiator, Black(DS900)",311.47,91.88,2026-08-05,4.5,326,https://www.amazon.com/darkFlash-Mid-Tower-Pre-Install-Computer-DS900/dp/B0CQJGG4JT,50.0,141.88
20260805_055550,2026-08-05T06:20:10.173633+00:00,amazon_usa,CASE,B0CKX7V2ST,"Vetroo Black AL800 Mid Tower ATX Gaming PC Computer Case | Door Opening Design Tempered Glass Side Panel, ARGB LED Strip, Pre-Installed ARGB & PWM FDB Fan, Support for 50 Series GPUs",185.23,54.64,2026-08-05,4.5,220,https://www.amazon.com/VETROO-AL800-Full-Tower-Computer/dp/B0CKX7V2ST,50.0,104.64
20260805_055550,2026-08-05T06:20:10.173633+00:00,amazon_usa,CASE,B0FWJSZ85V,"ATX PC Case 7 PWM ARGB Fans Pre-Installed, Mid Tower Computer Case with Full-View Dual Tempered Glass, Type-C Gaming PC Case,White,C9",255.98,75.51,2026-08-05,4.4,44,https://www.amazon.com/ANSAITE-Pre-Installed-Computer-Full-View-C9/dp/B0FWJSZ85V,50.0,125.51
20260805_055550,2026-08-05T06:20:10.173633+00:00,amazon_usa,CASE,B0G1ML5B99,"H2 (2026) HYXN ATX PC Case, Pre-Installed 8 No ARGB Fans (6X140mm,2X120mm), Large Dual-Chamber ATX Mid-Tower Airflow Computer Case, Gaming PC Case, 420mm Radiator Support, Type-C 3.2 (Black)",303.17,89.43,2026-08-05,4.3,31,https://www.amazon.com/HYXN-Pre-Installed-Dual-Chamber-Mid-Tower-Computer/dp/B0G1ML5B99,50.0,139.43
20260805_055550,2026-08-05T06:20:10.173633+00:00,amazon_usa,CASE,B0CZV112KZ,CORSAIR iCUE Link 3500X RGB Mid-Tower ATX PC Case – Panoramic Tempered Glass – Reverse Connection Motherboard Compatible – 3X CORSAIR iCUE Link RX120 RGB Fans Included – Black,437.92,129.18,2026-08-05,4.8,1300,https://www.amazon.com/CORSAIR-iCUE-Link-3500X-Mid-Tower/dp/B0CZV112KZ,50.0,179.18
20260805_055550,2026-08-05T06:20:10.173633+00:00,amazon_usa,CASE,B0F6QH92NG,"Zalman Ravn ATX Mid-Tower Desktop Computer Gaming PC Case | RGB Lighting Strip with Control Button, Full Tempered Glass Side Panel, 1 x 120mm Fan, USB 3.0",151.57,44.71,2026-08-05,4.5,104,https://www.amazon.com/Zalman-Raven-Mid-Tower-Gaming-Case/dp/B0F6QH92NG,50.0,94.71
20260805_055550,2026-08-05T06:20:14.587323+00:00,amazon_usa,CASE,B0H81W94MK,"Rosewill ATX Mid Tower Gaming Computer PC Case with Side Tempered Glass, Preinstalled 4 x 120mm PWM Fans, Support Up to 6 x 120mm Fans, 360mm AIO/Radiator, 340mm GPU/VGA, 160mm CPU Air Cooler - RWGC2",202.11,59.62,2026-08-05,4.5,8,https://www.amazon.com/Rosewill-Computer-Tempered-Preinstalled-Radiator/dp/B0H81W94MK,50.0,109.62
20260805_055550,2026-08-05T06:20:14.587323+00:00,amazon_usa,CASE,B0DFWVJ8B2,"FOIFKIN F300 (2025) PC Case - Pre-Installed 4 No RGB Fan, ATX Mid-Tower Computer case, Gaming PC Case, 270° Panoramic Glass with Type-C, FOIFKIN (Black+)",218.93,64.58,2026-08-05,4.5,760,https://www.amazon.com/FOIFKIN-F300-Case-Pre-Installed-Mid-Tower/dp/B0DFWVJ8B2,50.0,114.58
20260805_055550,2026-08-05T06:20:14.587323+00:00,amazon_usa,CASE,B0GX7T5LP1,"Zalman FIT Basic ATX Mid-Tower Desktop Computer Gaming PC Case | 1 x 120mm PWM Fan, High Airflow Mesh Front Panel, 360mm AIO Radiator Support",165.03,48.68,2026-08-05,4.2,71,https://www.amazon.com/Zalman-Mid-Tower-Desktop-Computer-Gaming/dp/B0GX7T5LP1,50.0,98.68
20260805_055550,2026-08-05T06:20:14.587323+00:00,amazon_usa,CASE,B0G64L4FH7,"MOROVOL PC Case Pre-Install 4 RGB Fans, ATX Gaming Computer Case with Diamond-Shaped Mesh Front & Tempered Glass Side Panel, USB 3.0 Airflow Mid Tower case,621-B",168.42,49.68,2026-08-05,3.4,14,https://www.amazon.com/MOROVOL-Pre-Install-Computer-Diamond-Shaped-621-B/dp/B0G64L4FH7,50.0,99.68
20260805_055550,2026-08-05T06:20:14.587323+00:00,amazon_usa,CASE,B0F8HLTV22,"LIAN LI O11D MINI V2-ATX Mid-Tower PC Case- Black-O11DMIV2X | Panoramic View, Fully Ventilated Airflow, Adjustable I/O, Pillar-Less, Cable Management",303.17,89.43,2026-08-05,4.8,218,https://www.amazon.com/LIAN-V2-ATX-Mid-Tower-Case-Black-O11DMIV2X/dp/B0F8HLTV22,50.0,139.43
20260805_055550,2026-08-05T06:20:14.587323+00:00,amazon_usa,CASE,B0CB26ZFKV,"MONTECH AIR 903 MAX High Airflow E-ATX PC Case, 4x140mm PWM Fans, Black | 400mm GPU Support, 360mm Radiator Support, Tempered Glass, USB-C, 3 ARGB Intake Fans, Vertical GPU Mount Support",269.47,79.49,2026-08-05,4.8,446,https://www.amazon.com/Montech-AIR-903-MAX-Pre-Installed/dp/B0CB26ZFKV,50.0,129.49
20260805_055550,2026-08-05T06:20:14.587323+00:00,amazon_usa,CASE,B0FW4NK23S,"RAIDMAX V217 ATX Mid Tower Mesh Gaming PC Case, High Airflow Front Panel Design, 4X 120mm ARGB Fans Pre-Installed, Tempered Glass Side Panel, Supports 305mm GPU / 240mm Radiator (Black)",202.11,59.62,2026-08-05,4.7,10,https://www.amazon.com/RAIDMAX-Pre-Installed-Tempered-Supports-Radiator/dp/B0FW4NK23S,50.0,109.62
20260805_055550,2026-08-05T06:20:14.587323+00:00,amazon_usa,CASE,B0DFWQDRW1,"FOIFKIN F600 PC Case - Pre-Installed 7 PWM ARGB Fan, ATX Mid-Tower Gaming PC Case, 270° Panoramic Glass with Type-C, FOIFKIN (Black, F600)",303.17,89.43,2026-08-05,4.6,755,https://www.amazon.com/FOIFKIN-F600-Case-Pre-Installed-Mid-Tower/dp/B0DFWQDRW1,50.0,139.43
20260805_055550,2026-08-05T06:20:14.587323+00:00,amazon_usa,CASE,B0CZ77DFD1,"SZSKYING Mid-Tower Gaming ATX PC Case, 9 ARGB Fans with Remote, Tempered Glass, 360mm Radiator, Type-C, Black.",390.73,115.26,2026-08-05,4.4,116,https://www.amazon.com/Mid-Tower-Control-Radiator-Tempered-Computer/dp/B0CZ77DFD1,50.0,165.26
20260805_055550,2026-08-05T06:20:14.587323+00:00,amazon_usa,CASE,B0GLGPQVCR,"H1 HYXN PC Case, Pre-Installed 7 Infinity Mirror PWM ARGB Fans, ATX Mid Tower Computer Case, Gaming PC Case with Type-C, 270° Full View Tempered Glass, 3X 360mm Radiator Support, White",303.17,89.43,2026-08-05,4.5,263,https://www.amazon.com/HYXN-Pre-Installed-Infinity-Computer-Tempered/dp/B0GLGPQVCR,50.0,139.43
20260805_055550,2026-08-05T06:20:14.587323+00:00,amazon_usa,CASE,B095VYKSQZ,Antec VSK4000E-U3 US Black SGCC Steel ATX Mid Tower Computer Case,222.32,65.58,2026-08-05,4.1,137,https://www.amazon.com/Antec-VSK4000E-U3_US-Black-Steel-Computer/dp/B095VYKSQZ,50.0,115.58
20260805_055550,2026-08-05T06:20:14.587323+00:00,amazon_usa,CASE,B0CKX938XS,"Vetroo White AL800 Mid Tower ATX Gaming PC Computer Case | Door Opening Design Tempered Glass Side Panel, ARGB LED Strip, Pre-Installed ARGB & PWM FDB Fan, Support for 50 Series GPUs",185.23,54.64,2026-08-05,4.5,220,https://www.amazon.com/VETROO-AL800-Full-Tower-Computer/dp/B0CKX938XS,50.0,104.64
20260805_055550,2026-08-05T06:20:14.587323+00:00,amazon_usa,CASE,B0DKWNJ7QB,HYTE Y70 Modern Aesthetic Gaming PC Case - Panoramic Glass | High-Airflow Design | Cable Management | Dual Chamber ATX Mid-Tower Chassis | 10 Fan Capacity | Luxury PCIe 4.0 Riser Cable - Taro (Purple),673.73,198.74,2026-08-05,4.8,506,https://www.amazon.com/HYTE-Mid-Tower-Gaming-Desktop-Case/dp/B0DKWNJ7QB,50.0,248.74
20260805_055550,2026-08-05T06:20:14.587323+00:00,amazon_usa,CASE,B09Y9FJDG9,Fractal Design North Chalk White Tempered Glass Clear - Genuine Oak Wood Front - Glass Side Panel - Two 140mm Aspect PWM Fans Included - Type C USB - ATX Airflow Mid Tower PC Gaming Case,522.13,154.02,2026-08-05,4.7,3400,https://www.amazon.com/Fractal-Design-North-Chalk-White/dp/B09Y9FJDG9,50.0,204.02
20260805_055550,2026-08-05T06:20:14.587323+00:00,amazon_usa,CASE,B0DK2ZF23K,"Okinos Oak Wood ATX PC Case, 4 x 120mm 3 Pin Non-PWM Case Fans Pre-Installed, Type-C Port, Tempered Glass Side Panel, Black Mid-Tower Computer Case, Cypress 5 AIR",202.11,59.62,2026-08-05,4.5,130,https://www.amazon.com/Okinos-Pre-Installed-Tempered-Mid-Tower-Computer/dp/B0DK2ZF23K,50.0,109.62
20260805_055550,2026-08-05T06:20:18.876852+00:00,amazon_usa,CASE,B0F214Z4HZ,"Skytech Gaming King 95 Gaming PC, Ryzen 9 9900X3D, RTX 5070 Ti | 32GB DDR5 RAM 6000, 2TB Gen4 NVMe M.2 SSD, Windows 11, 850W GOLD ATX 3 PSU, 360 ARGB AIO , Wi-Fi 5, Desktop",8927.26,2633.41,2026-08-05,4.3,8,,0.0,2633.41
20260805_055550,2026-08-05T06:20:18.876852+00:00,amazon_usa,CASE,B0DP9ZHX9M,"JONSBO ZB-360B PC Case Fan, Silent Computer Fan with Axis & 4-Sides Infinity Mirror, All-in-One, Single Frame Unit with3x120mm ARGB Fans, 4 Pin PWM,3Pin ARGB, Fan 2400RPM, 28mm Thick,Black",134.72,39.74,2026-08-05,4.6,133,,50.0,89.74
20260805_055550,2026-08-05T06:20:18.876852+00:00,amazon_usa,CASE,B0FMQDZD6Z,"Okinos Air Cross, Genuine Walnut Wood ATX Case, 3×140mm PWM Fan & 2x120mm Reverse PWM Fan Pre-Installed, Airflow Optimized Mesh Panels, Back-Connect Motherboard Compatible, Mid Tower PC Case, Type C",293.07,86.45,2026-08-05,4.5,73,https://www.amazon.com/Okinos-Air-Cross-Pre-Installed-Back-Connect/dp/B0FMQDZD6Z,50.0,136.45
20260805_055550,2026-08-05T06:20:18.876852+00:00,amazon_usa,CASE,B0D5HKTHY8,"JONSBO TK-3 Black One-piece Curved Glass ATX Mid Tower Pc Case, One-piece Curved Glass, SP BTF MB/Dual 360 AIO/ATX PSU/40Series GPU, with 10 Fan Positions, 270 Degree Side View Display,Black Chassis",404.22,119.24,2026-08-05,4.5,36,https://www.amazon.com/TK-3-One-Piece-40Series-Positions-Display/dp/B0D5HKTHY8,50.0,169.24
20260805_055550,2026-08-05T06:20:18.876852+00:00,amazon_usa,CASE,B0F2BDQK9B,MSI MAG PANO 110R PZ - Mid-Tower Gaming PC Case - Tempered Glass Side Panel - 3 x 120mm ARGB Fans - Liquid Cooling Support up to 360mm Radiator - Mesh Panel for Optimized Airflow,269.47,79.49,2026-08-05,4.5,25,https://www.amazon.com/MSI-MAG-PANO-110R-Mid-Tower/dp/B0F2BDQK9B,50.0,129.49
20260805_055550,2026-08-05T06:20:18.876852+00:00,amazon_usa,CASE,B00J0NZ3Q4,"Thermaltake Versa H21 SPCC ATX Mid Tower Computer Chassis CA-1B2-00M1NN-00,Black",218.93,64.58,2026-08-05,4.2,787,https://www.amazon.com/Thermaltake-Versa-Computer-Chassis-CA-1B2-00M1NN-00/dp/B00J0NZ3Q4,50.0,114.58
20260805_055550,2026-08-05T06:20:18.876852+00:00,amazon_usa,CASE,B0BZT79SML,"Zalman i3 Neo ATX Mid-Tower RGB Gaming PC Desktop Computer Case, White | 4x Fixed RGB Fans, High Airflow Mesh Panel, Swing Door Tempered Glass Side Panel, 360mm AIO Radiator & 355mm GPU Support",202.04,59.6,2026-08-05,4.6,603,https://www.amazon.com/Zalman-Mid-Tower-Tempered-Glass-Pre-Installed/dp/B0BZT79SML,50.0,109.6
20260805_055550,2026-08-05T06:20:18.876852+00:00,amazon_usa,CASE,B0GGJ73NT6,"H3 HYXN ATX PC Case - Pre-Installed with 3 ARGB Fans - Compact Dual Cavity Mid-Tower PC Gaming Case - with Type-C 3.2-360mm Radiator Support, Black",202.04,59.6,2026-08-05,4.0,31,https://www.amazon.com/HYXN-ATX-Case-Pre-Installed-Mid-Tower/dp/B0GGJ73NT6,50.0,109.6
20260805_055550,2026-08-05T06:20:18.876852+00:00,amazon_usa,CASE,B0F87PGY6N,"darkFlash DS900WS(2025) ATX PC Case, Genuine Walnut Wood, High Airflow, Pre-Install 4x120mm PWM ARGB Fans Computer Case, Mid-Tower Gaming PC Case, Type C Port, up to 360mm AIO(Black)",286.35,84.47,2026-08-05,3.9,34,https://www.amazon.com/darkFlash-DS900WS-Pre-Install-Computer-Mid-Tower/dp/B0F87PGY6N,50.0,134.47
20260805_055550,2026-08-05T06:20:18.876852+00:00,amazon_usa,CASE,B0GVW2RM18,"STRUXVEX S8 ATX PC Case, Panoramic Dual-Chamber Design with Back-Connect, 3x120mm Reverse ARGB Fans, Black",269.47,79.49,2026-08-05,5.0,1,,50.0,129.49
20260805_055550,2026-08-05T06:20:18.876852+00:00,amazon_usa,CASE,B0DQPPKNSS,"NZXT H9 Flow - Dual-Chamber ATX PC Case - Black | Dual-chamber ATX flagship with 4 included fans, 420mm top and front radiator support, and wraparound tempered glass.",471.58,139.11,2026-08-05,4.7,445,https://www.amazon.com/NZXT-Flow-Dual-Chamber-Mid-Tower-Back-Connect/dp/B0DQPPKNSS,50.0,189.11
20260805_055550,2026-08-05T06:20:18.876852+00:00,amazon_usa,CASE,B0C2TW31WN,"RAIJINTEK Arcadia III Tempered Glass Mid Tower ATX PC Case with Tempered Glass, High Airflow, Pre-Installed 1x120mm Fan, Black (0R20B00224)",168.42,49.68,2026-08-05,4.2,43,https://www.amazon.com/RAIJINTEK-Arcadia-Tempered-Pre-Installed-0R20B00224/dp/B0C2TW31WN,50.0,99.68
20260805_055550,2026-08-05T06:20:18.876852+00:00,amazon_usa,CASE,B0C89G9QDK,NZXT H6 Flow | CC-H61FW-01 | Compact Dual-Chamber Mid-Tower Airflow Case | Panoramic Glass Panels | High-Performance Airflow Panels | Includes 3 x 120mm Fans | Cable Management | White | Compact dual-,269.47,79.49,2026-08-05,4.8,3000,https://www.amazon.com/NZXT-CC-H61FW-01-Dual-Chamber-High-Performance-Management/dp/B0C89G9QDK,50.0,129.49
20260805_055550,2026-08-05T06:20:18.876852+00:00,amazon_usa,CASE,B0F1F4CMF9,"RUIX OV603 ATX Mid-Tower PC Case, Spacious High-Airflow Gaming Case with 4 x 120mm PWM ARGB Fans, USB 3.0 & Type-C Ports, Tempered Glass, Large Capacity Computer Case - Black",235.77,69.55,2026-08-05,4.7,48,https://www.amazon.com/RUIX-Mid-Tower-Spacious-High-Airflow-Tempered/dp/B0F1F4CMF9,50.0,119.55
20260805_055550,2026-08-05T06:20:18.876852+00:00,amazon_usa,CASE,B0GF9NW38F,"CORSAIR Frame 4000D Wood RS Modular Mid-Tower ATX PC Case – Black/Walnut | Wood Front Panel, 4x RS120 PWM Fans Included, InfiniRail Fan Mount System, Reverse GPU Anti-Sag and Motherboard Support",437.92,129.18,2026-08-05,4.7,47,https://www.amazon.com/CORSAIR-Frame-4000D-Modular-Mid-Tower/dp/B0GF9NW38F,50.0,179.18
20260805_055550,2026-08-05T06:20:18.876852+00:00,amazon_usa,CASE,B0FJ2V6VVP,"CORSAIR 3500X LX RGB Link Panoramic Mid-Tower PC Case – 3X Pre-Installed Fans, High Airflow, Spacious Interior, GPU Anti-Sag, Reverse Connection Motherboard Compatible – Black",437.92,129.18,2026-08-05,4.8,86,https://www.amazon.com/CORSAIR-3500X-LX-R-iCUE-Mid-Tower/dp/B0FJ2V6VVP,50.0,179.18
20260805_055550,2026-08-05T06:20:18.876852+00:00,amazon_usa,CASE,B0D7BNK6CB,"Okinos Genuine Walnut Wood PC Case, Support 360mm Radiator on Top, Pre-Installed 4 x 120mm PWM Fans ATX Case, Type-C Port, Magnetic Tempered Glass Side Panel, Black Computer Case, Cypress 7",303.17,89.43,2026-08-05,4.8,251,https://www.amazon.com/Okinos-Radiator-Pre-Installed-Magnetic-Tempered/dp/B0D7BNK6CB,50.0,139.43
20260805_055550,2026-08-05T06:20:18.876852+00:00,amazon_usa,CASE,B0FF3L65TT,"Gaming PC Case, ATX Cpmputer CASE with 7 PWM ARGB Fans Pre-Installed,Type-C Full-View Dual Tempered Glass, Mid Tower Computer CASE Black, (H4)",269.47,79.49,2026-08-05,4.4,139,https://www.amazon.com/Cpmputer-Pre-Installed-Full-View-Tempered-Computer/dp/B0FF3L65TT,50.0,129.49
20260805_055550,2026-08-05T06:20:18.876852+00:00,amazon_usa,CASE,B0GSW6RHR3,"JONSBO TK-5 Black ATX PC Case, Hyperbolic Ultra Wide Scene Back-Connect Desktop Case,10 Fan Positions,High Compatibility,Supports BTF MB,460mm GPU/360AIO/180mm Air Cooler,ATX PSU,Mid Tower Case Black",535.65,158.01,2026-08-05,0.0,0,,50.0,208.01
20260805_055550,2026-08-05T06:20:18.876852+00:00,amazon_usa,CASE,B0FD382Y92,"KEDIERS PC CASE ATX 5 Fans Pre-Installed, Type-C Mid Tower Computer Case with Full-View Dual Tempered Glass, Gaming PC Case,420mm Radiator Support,Black,K4(MAX)",289.68,85.45,2026-08-05,4.5,367,,50.0,135.45
20260805_055550,2026-08-05T06:20:23.419172+00:00,amazon_usa,CASE,B0BQP93GYX,"Hyte Y40 Modern Aesthetic Panoramic Tempered Glass Mid-Tower ATX Computer Gaming Case with PCIE 4.0 Riser Cable Included, White (CS-HYTE-Y40-BW)",437.92,129.18,2026-08-05,4.6,320,https://www.amazon.com/HYTE-Aesthetic-Panoramic-Mid-Tower-CS-HYTE-Y40-BW/dp/B0BQP93GYX,50.0,179.18
20260805_055550,2026-08-05T06:20:23.419172+00:00,amazon_usa,CASE,B0FW4RRVTX,"RAIDMAX i803 Premium ATX Gaming PC Case, Panoramic Tempered Glass, Built-in LCD Display Panel, Pre-Installed ARGB Fans, Dual Chamber Mid Tower, Supports 400mm GPU / 360mm Radiator (Case Only)",269.47,79.49,2026-08-05,4.2,21,https://www.amazon.com/RAIDMAX-Panoramic-Digital-Display-Supports/dp/B0FW4RRVTX,50.0,129.49
20260805_055550,2026-08-05T06:20:23.419172+00:00,amazon_usa,CASE,B0DGFW4N61,"Geometric Future M5 Tempered Glass Mid Tower, E-ATX/ATX Gaming Case, 1.2mm Steel, Type C, Toolless Panels, Support 420/360 Radiator, ARGB PWM 140m Fan x 5 Pre-Installed, Black/Yellow, GEO-M5F-BY",479.75,141.52,2026-08-05,4.6,326,https://www.amazon.com/Geometric-Future-Tempered-Toolless-Pre-Installed/dp/B0DGFW4N61,50.0,191.52
20260805_055550,2026-08-05T06:20:23.419172+00:00,amazon_usa,CASE,B0GV14KXZQ,"Okinos Aqua UNO Micro ATX Case, No Radiator Support, Max GPU Length 309mm, Quick-Release Panoramic Tempered Glass Front & Side, 3x120mm ARGB Fans Pre-Installed, Type-C 5Gbps, Black",154.11,45.46,2026-08-05,4.7,37,https://www.amazon.com/Okinos-Aqua-UNO-Quick-Release-Black/dp/B0GV14KXZQ,50.0,95.46
20260805_055550,2026-08-05T06:20:23.419172+00:00,amazon_usa,CASE,B0FND2CGR5,KEDIERS PC Case C570 ATX Mid Tower Tempered Glass Gaming Computer Open Frame Case with 5 PWM ARGB Fans (White C570),336.86,99.37,2026-08-05,3.6,14,https://www.amazon.com/KEDIERS-C570-Tempered-Gaming-Computer/dp/B0FND2CGR5,50.0,149.37
20260805_055550,2026-08-05T06:20:23.419172+00:00,amazon_usa,CASE,B0D7Z7TJFD,"Antec C8 Wood Full-Tower E-ATX PC Case, Wooden Front Panel, No Fans | Wooden Front Panel, Seamless Tempered Glass Front & Side Panels, RTX 40 Series GPU Support, 360mm Radiator Support, Type-C",404.22,119.24,2026-08-05,4.8,178,https://www.amazon.com/Antec-C8-Wood-Dual-Chamber-Compatible/dp/B0D7Z7TJFD,50.0,169.24
20260805_055550,2026-08-05T06:20:23.419172+00:00,amazon_usa,CASE,B08FNXCPJL,"Zalman S3 TG ATX Mid-Tower Desktop PC Case, 3 x Pre-Installed 120mm Zalman Quiet Fans (Support up to 8 Fans), Support GPUs up to 330mm, Full Tempered Glass Side Panel, USB 3.0",185.23,54.64,2026-08-05,4.4,926,https://www.amazon.com/Zalman-Tempered-Pre-Installed-Zalman120mm-Finish/dp/B08FNXCPJL,50.0,104.64
20260805_055550,2026-08-05T06:20:23.419172+00:00,amazon_usa,CASE,B0DSBQTM92,"FOIFKIN M1 PC Case - Walnut Front pane Pre-Installed 4 PWM ARGB Fan, ATX Mid-Tower Computer case, Gaming PC Case, 240MM RAD Support, Type-C, FOIFKIN (Black Walnut)",269.47,79.49,2026-08-05,4.3,271,https://www.amazon.com/FOIFKIN-Walnut-Pre-Installed-Mid-Tower-Gaming/dp/B0DSBQTM92,50.0,129.49
20260805_055550,2026-08-05T06:20:23.419172+00:00,amazon_usa,CASE,B0BHHCJQMB,"Thermaltake View 200 TG ARGB Motherboard Sync ATX Tempered Glass Mid Tower Computer Case with 3x120mm Front ARGB Fan, CA-1X3-00M1WN-00",279.57,82.47,2026-08-05,4.4,100,https://www.amazon.com/Thermaltake-Motherboard-Tempered-Computer-CA-1X3-00M1WN-00/dp/B0BHHCJQMB,50.0,132.47
20260805_055550,2026-08-05T06:20:23.419172+00:00,amazon_usa,CASE,B0GZYB9ZVB,"Zalman S6 ATX Mid-Tower Desktop Computer RGB Gaming PC Case, 4 Fans | High Airflow with 3x 140mm + 1x 120mm Fixed RGB LED Fans, USB Type-C 3.2, 360mm AIO Radiator & 345mm GPU Support",202.11,59.62,2026-08-05,0.0,0,https://www.amazon.com/Zalman-Mid-Tower-Desktop-Computer-Gaming/dp/B0GZYB9ZVB,50.0,109.62
20260805_055550,2026-08-05T06:20:23.419172+00:00,amazon_usa,CASE,B0B7S341T8,"MSI MPG GUNGNIR 111R Mid Tower Gaming PC Case - Black, 4 x 120mm ARGB Fans, USB 3.2 Gen2x2 Type-C, Tempered Glass Panel, Magnetic Dust Filter, Mystic Light RGB, ATX, m-ATX, Mini-ITX",336.86,99.37,2026-08-05,4.6,122,https://www.amazon.com/MSI-MPG-GUNGNIR-111R-Back-Connect/dp/B0B7S341T8,50.0,149.37
20260805_055550,2026-08-05T06:20:23.419172+00:00,amazon_usa,CASE,B0DF6SY3XH,Thermaltake Tower 600 Hydrangea Blue Mid-Tower ATX Case; 3 Tempered Glass Panels; Hidden-Connector Motherboard Support; Rotational PCI-e Slots; CA-1Z1-00MFWN-00; 3 Year Warranty,606.34,178.86,2026-08-05,4.6,341,https://www.amazon.com/Thermaltake-Hidden-Connector-Motherboard-Rotational-CA-1Z1-00MFWN-00/dp/B0DF6SY3XH,50.0,228.86
20260805_055550,2026-08-05T06:20:23.419172+00:00,amazon_usa,CASE,B0916R7DPN,"Zalman T8 ATX Mid-Tower Desktop Computer Gaming PC Case | 5.25” ODD Support, RGB Lighting Strip with Control Button, 1x 120mm Rear Fan, USB 3.0",134.72,39.74,2026-08-05,4.5,192,https://www.amazon.com/Zalman-T8-Spectrum-Lighting-Detachable/dp/B0916R7DPN,50.0,89.74
20260805_055550,2026-08-05T06:20:23.419172+00:00,amazon_usa,CASE,B0GBY5RGHM,"CORSAIR 3200D RS Mid-Tower PC Case – White | 3x RS120 PWM Fans Included, GPU Anti-sag Stabilization Arm, ASUS BTF, MSI Project Zero, Gigabyte Project Stealth",232.45,68.57,2026-08-05,4.5,24,https://www.amazon.com/CORSAIR-3200D-Mid-Tower-Case-Stabilization/dp/B0GBY5RGHM,50.0,118.57
20260805_055550,2026-08-05T06:20:23.419172+00:00,amazon_usa,CASE,B0DCK1PW5N,"Gamdias E-ATX Mid Tower Gaming Computer Case, Tempered Glass PC Case, USB Type-C, Built-in 2x140mm & 1x120mm PWM ARGB Fans, Up to Dual Radiator/AIO 360mm, 390mm GPU/VGA RTX 40 Series, 180mm CPU Cooler",331.78,97.87,2026-08-05,4.1,30,https://www.amazon.com/Gamdias-Computer-Tempered-2x140mm-Radiator/dp/B0DCK1PW5N,50.0,147.87
20260805_055550,2026-08-05T06:20:28.148150+00:00,amazon_usa,CASE,B0CXQCCZW1,"STGAubron Gaming PC Desktop,R3 3200G,RX 590 8G,16G DDR4,512G SSD | Gaming Computer Tower for Streaming,Video Editing,Home,School,R3 up to 3.6GHz,ARGB Fan,WiFi,BT 5.0,4K DP,HDMI,Win11 Home",1530.75,451.55,2026-08-05,3.8,419,,50.0,501.55
20260805_055550,2026-08-05T06:20:28.148150+00:00,amazon_usa,CASE,B0G58H2DJT,"Prism4 MAX 120mm PC Reverse Blade ARGB case Fan,Infinity Mirror RGB Light Effect 5V 3PIN Motherboard Light Sync 800~1600RPM PWM PC Fan(Black Reverse-1Pack)",20.75,6.12,2026-08-05,0.0,0,,0.0,6.12
20260805_055550,2026-08-05T06:20:28.148150+00:00,amazon_usa,CASE,B0BQ29N7CX,"RAIDMAX X921 Mesh Airflow ATX Mid Tower Gaming PC Case, 6X 120mm Static RGB Color Fans Pre-Installed, Tempered Glass Side Panel, High Airflow Design, Supports 320mm GPU & 240mm Radiator (case only)",202.11,59.62,2026-08-05,4.1,73,https://www.amazon.com/Raidmax-Airflow-Tempered-Pre-Installed-Support/dp/B0BQ29N7CX,50.0,109.62
20260805_055550,2026-08-05T06:20:28.148150+00:00,amazon_usa,CASE,B0DDNS2SY3,"Antec Flux Pro Full-Tower E-ATX PC Case, 6 PWM Fans Included, Black | 6 PWM Fans, Walnut Wood Front Panel, High-Airflow, 90° Rotated PSU Mount, 420mm Radiator Support, CPU & GPU Temp Display",505.28,149.05,2026-08-05,4.7,407,https://www.amazon.com/Antec-Included-High-Airflow-Radiator-Full-Tower/dp/B0DDNS2SY3,50.0,199.05
20260805_055550,2026-08-05T06:20:28.148150+00:00,amazon_usa,CASE,B0FVQZHCLY,"Rosewill FBM-X6 Micro ATX Mid Tower Case - Tempered Glass Side Panel, High Airflow, 4X PWM ARGB Fans, Dedicated Cable Routing Clips, Pre-Installed 650W 80+ Gold Power Supply - Black",336.86,99.37,2026-08-05,4.8,6,https://www.amazon.com/Rosewill-FBM-X6-Micro-Tower-Case/dp/B0FVQZHCLY,50.0,149.37
20260805_055550,2026-08-05T06:20:28.148150+00:00,amazon_usa,CASE,B0FJ2PYLFB,"CORSAIR Frame 4500X RS ARGB Panoramic Mid-Tower PC Case – 3X Pre-Installed Fans, High Airflow, Modular Design, GPU Anti-Sag, Reverse Connection Motherboard Compatible – White",404.22,119.24,2026-08-05,4.7,220,https://www.amazon.com/CORSAIR-Frame-4500X-Panoramic-Mid-Tower/dp/B0FJ2PYLFB,50.0,169.24
20260805_055550,2026-08-05T06:20:28.148150+00:00,amazon_usa,CASE,B0DCK1GVKX,"GAMDIAS White ATX Mid Tower Computer Case Tempered Glass, Gaming PC Case Support Dual 360mm AIO/Radiator, 7x120mm Case Fans (4X 120mm Built-in), 420mm GPU/VGA, USB3.0X 2, Type C x1, 170mm CPU Cooler",259.37,76.51,2026-08-05,4.4,65,https://www.amazon.com/GAMDIAS-Computer-Tempered-Support-Radiator/dp/B0DCK1GVKX,50.0,126.51
20260805_055550,2026-08-05T06:20:28.148150+00:00,amazon_usa,CASE,B0GF9K188H,"CORSAIR Frame 4000X RS Modular Mid-Tower ATX PC Case – Black | RGB Front Panel, 4x RS120 PWM Fans Included, InfiniRail Fan Mount System, Reverse GPU Anti-Sag and Motherboard Support",471.58,139.11,2026-08-05,5.0,1,https://www.amazon.com/CORSAIR-Frame-4000X-Modular-Mid-Tower/dp/B0GF9K188H,50.0,189.11
20260805_055550,2026-08-05T06:20:28.148150+00:00,amazon_usa,CASE,B0G2TCY2JD,"Cooler Master QUBE 540 ATX Mid-Tower PC Case, High Airflow, Tempered Glass | 415mm Graphics Cards Support, 360mm AIO Support, ATX Motherboards, Highly Customizable Movable, I/O Panel, PSU Multi-Mount",269.47,79.49,2026-08-05,4.4,72,https://www.amazon.com/Cooler-Master-QUBE-Mid-Tower-Case/dp/B0G2TCY2JD,50.0,129.49
20260805_055550,2026-08-05T06:20:28.148150+00:00,amazon_usa,CASE,B0DLVZ1BLR,"Raidmax I802 Mesh Air Flow Compact Panoramic ATX Mid Tower Case – 270° View Tempered Glass, 5X Pre-Installed 120mm Static RGB Color Fans, Supports ATX/Micro ATX Motherboards, Max 340mm GPU (Black)",202.11,59.62,2026-08-05,4.5,51,https://www.amazon.com/Raidmax-I802-Compact-Panoramic-Tower/dp/B0DLVZ1BLR,50.0,109.62
20260805_055550,2026-08-05T06:20:28.148150+00:00,amazon_usa,CASE,B0DJBCG3RS,"SSUPD Xhuttle Black ATX Mid Tower Gaming Case, with a Dual - Chamber Design, Panoramic Tempered Glass,Vertical GPU Airflow, Includes 3 x 120mm ARGB Reverse Fan, RGB Strip",471.58,139.11,2026-08-05,4.7,51,https://www.amazon.com/SSUPD-Xhuttle-Black-Tower-Gaming/dp/B0DJBCG3RS,50.0,189.11
20260805_055550,2026-08-05T06:20:28.148150+00:00,amazon_usa,CASE,B0FW4WLJRQ,"Raidmax i802 Vibe Series ATX Mid Tower Gaming Case Bundle – Tempered Glass Side Panel, Includes 700W 80+ Power Supply, AM1204 Digital Display Air Cooler, and 5 Pre-Installed FRGB Fans (White)",336.86,99.37,2026-08-05,4.2,15,https://www.amazon.com/Raidmax-i802-Tower-Gaming-Bundle/dp/B0FW4WLJRQ,50.0,149.37
20260805_055550,2026-08-05T06:20:28.148150+00:00,amazon_usa,CASE,B0FHMMMPHW,Thermaltake View 390 Air; Mid Tower; 2x120mm CT Fans Included; 360mm Radiator Support; 420mm GPU Clearance; Hidden Connector Support; Rotatable PCIe Slots; 200mm PSU Clearance; Snow; CA-11F-00M6WN-00,319.98,94.39,2026-08-05,5.0,14,https://www.amazon.com/Thermaltake-Clearance-Connector-Rotatable-CA-11F-00M6WN-00/dp/B0FHMMMPHW,50.0,144.39
20260805_055550,2026-08-05T06:20:28.148150+00:00,amazon_usa,CASE,B0FPMQL3P6,"Okinos Aqua 6 Infinity, ATX PC Case, 3 × 120mm Infinity ARGB PWM Fans Pre-Installed, 360mm Radiator Support, Floating Design, 10Gbps Type-C Port, Computer case with Panoramic View Tempered Glass",252.62,74.52,2026-08-05,4.4,46,https://www.amazon.com/Okinos-Aqua-Infinity-Pre-Installed-Panoramic/dp/B0FPMQL3P6,50.0,124.52
20260805_055550,2026-08-05T06:20:28.148150+00:00,amazon_usa,CASE,B0GJ54YVY7,"ESGAMING ATX Mid Tower PC Case 360MM RAD Support, 8° Slanted Base, 270° Full View Tempered Glass Gaming PC Case with Type-C - ZeroMax Black Without Fan",235.74,69.54,2026-08-05,5.0,6,https://www.amazon.com/ESGAMING-Support-Slanted-Tempered-Gaming/dp/B0GJ54YVY7,50.0,119.54
20260805_055550,2026-08-05T06:20:28.148150+00:00,amazon_usa,CASE,B0DHWRKXS6,"darkFlash Full-Tower ATX Gaming PC Case, Back Plug-in Motherboard, Vertical GPU Mounting, Dual-Chamber, Panoramic Glass, Up to 2 x 360mm Radiators, RTX 40 Compatible(DY470) (4 PWM ARGB Fans, Black)",522.13,154.02,2026-08-05,4.6,128,https://www.amazon.com/darkFlash-Full-Tower-Motherboard-Dual-Chamber-DY470/dp/B0DHWRKXS6,50.0,204.02
20260805_055550,2026-08-05T06:20:28.148150+00:00,amazon_usa,CASE,B0F7R8QH44,"JONSBO V12 Black Micro ATX Mid Tower PC Case, Hyperboloid Glass Desktop Design, Separated Cabinet Structure,Walnut Wood,MATX Desktop Computer Chassis, GPU<260mm,ATX PSU,Front 120mm*2(Built-in) Black",421.07,124.21,2026-08-05,4.6,58,https://www.amazon.com/Hyperboloid-Desktop-Separated-Structure-Computer/dp/B0F7R8QH44,50.0,174.21
20260805_055550,2026-08-05T06:20:28.148150+00:00,amazon_usa,CASE,B0D4764WSF,"4u Server Chassis,Rack Mount ATX Pc case,3.5″ Bays,1xFan,2xUSB3.0 | 4U Server Chassis Rackmount Case,7 x 3.5in Bays, Supports ATX/MATX/ITX,With1 x 120mm Fan,Front Panel Lock and Key",303.17,89.43,2026-08-05,4.0,68,,50.0,139.43
20260805_055550,2026-08-05T06:20:38.391754+00:00,amazon_usa,CASE,B0BRP58KHT,Lian Li Lancool 216 Mid-tower case with high cooling performance - Includes dual front 160MM PWM fans and 1 rear 140MM PWM fan - Airflow focused - Up to 10 fans (LANCOOL 216-X),333.47,98.37,2026-08-05,4.6,238,https://www.amazon.com/Lian-Lancool-Mid-tower-cooling-performance/dp/B0BRP58KHT,50.0,148.37
20260805_055550,2026-08-05T06:20:38.391754+00:00,amazon_usa,CASE,B0G6LBR2ZB,"TRYX FLOVA Pink ATX Mid-Tower PC Case, Modern Fabric Lifestyle Design | Breathable fabric design with tempered glass, 3-speed cross-flow cooling, 360mm radiator support, USB-C 3.2 Gen 2x2 I/O",437.92,129.18,2026-08-05,4.8,35,,50.0,179.18
20260805_055550,2026-08-05T06:20:38.391754+00:00,amazon_usa,CASE,B0BWMC665R,Lian-Li Lian-Li Case LANCOOL 216X Mid Tower 4.0mm TG 2x160 PWM Fans Black,397.21,117.17,2026-08-05,4.8,33,https://www.amazon.com/Lian-Li-Tempered-Mid-Tower-Computer/dp/B0BWMC665R,50.0,167.17
20260805_055550,2026-08-05T06:20:38.391754+00:00,amazon_usa,CASE,B0C4VSN3DX,Lian-li Lan216-2x Lancool 216 Dust Filter Kit Black Retail,50.51,14.9,2026-08-05,4.7,47,https://www.amazon.com/Lian-li-Lan216-2x-Lancool-Filter-Retail/dp/B0C4VSN3DX,50.0,64.9
20260805_055550,2026-08-05T06:20:38.391754+00:00,amazon_usa,CASE,B0GGZ3PMMY,"Lian Li Vector V150 INF Micro ATX PC Case - Black (V150INFX) | 2 x 140mm & 1 x 120 mm ARGB PWM Fans, Supports Backconnect mATX & 360mm Radiator, Infinity Mirror Front Panel",304.83,89.92,2026-08-05,4.7,21,https://www.amazon.com/Lian-Li-Vector-V150-Micro/dp/B0GGZ3PMMY,50.0,139.92
20260805_055550,2026-08-05T06:20:38.391754+00:00,amazon_usa,CASE,B0F8H71D5R,Lian Li O11D MINI V2 | Compact ATX Mid-Tower Airflow Computer Case | Panoramic View | Fully Ventilated Airflow | Adjustable I/O | Pillar-Less | Cable Management | White (O11DMIV2W),303.17,89.43,2026-08-05,4.8,218,https://www.amazon.com/Ventilated-Adjustable-Pillar-Less-Management-O11DMIV2W/dp/B0F8H71D5R,50.0,139.43
20260805_055550,2026-08-05T06:20:38.391754+00:00,amazon_usa,CASE,B0DJDM7V1R,Lian Li Lancool 207 Black Cabinet with 4 Fans,485.99,143.36,2026-08-05,4.7,171,https://www.amazon.com/Lian-Li-Lancool-207-Cabinet/dp/B0DJDM7V1R,50.0,193.36
20260805_055550,2026-08-05T06:20:42.078916+00:00,amazon_usa,CASE,B0G1XPDWD9,"Vetroo CT3 Black ATX Gaming Computer PC Case, Panoramic Tempered Glass | Dual Chamber, Supports 360mm Radiator & 11 Fans, Up to 410mm GPU, Type-C Ready, High-Airflow for 50 Series GPUs",357.07,105.33,2026-08-05,4.2,43,https://www.amazon.com/Vetroo-Mid-Tower-Computer-Panoramic-High-Airflow/dp/B0G1XPDWD9,50.0,155.33
20260805_055550,2026-08-05T06:20:42.078916+00:00,amazon_usa,CASE,B0FW4NK23S,"Raidmax V217 ATX Mid Tower Mesh Gaming PC Case, High Airflow Front Panel Design, 4X 120mm ARGB Fans Pre-Installed, Tempered Glass Side Panel, Supports 305mm GPU / 240mm Radiator (Black)",202.11,59.62,2026-08-05,4.7,10,https://www.amazon.com/RAIDMAX-Pre-Installed-Tempered-Supports-Radiator/dp/B0FW4NK23S,50.0,109.62
20260805_055550,2026-08-05T06:20:42.078916+00:00,amazon_usa,CASE,B0C19193YD,"LIANLI LANCOOL 216 Series Dedicated Dust Filter Kit, LAN216-2W, White, Japanese Authorized Dealer",126.07,37.19,2026-08-05,4.8,31,https://www.amazon.com/Li-LIANLI-LAN216-2W-LANCOOL-Authorized/dp/B0C19193YD,50.0,87.19
20260805_055550,2026-08-05T06:20:42.078916+00:00,amazon_usa,CASE,B0DJT8SRD6,Lian Li O11 Vision Compact ATX Mid-Tower Gaming PC Case - Aluminium & Tempered Glass Black PC Case,612.06,180.55,2026-08-05,4.8,444,https://www.amazon.com/Lian-Li-O11-Compact-Mid-Tower/dp/B0DJT8SRD6,50.0,230.55
20260805_055550,2026-08-05T06:20:42.078916+00:00,amazon_usa,CASE,B0D3L1XY5G,"GAMDIAS ATX Mid Tower Computer PC Case with Tempered Glass, 4X 120mm ARGB PWM Fans Gaming Case, Support Up to 6X 120mm Fans, 360mm AIO/Radiator, 260mm GPU/VGA, 160mm CPU Air Cooler",202.11,59.62,2026-08-05,4.1,253,https://www.amazon.com/GAMDIAS-Computer-Tempered-ARGB-Radiator/dp/B0D3L1XY5G,50.0,109.62
