batch_id,timestamp,source,category,sku,title,price_pen,price_usd,price_date,rating,reviews,url,shipping_usd,total_usd
20261006_050540,2026-10-06T05:19:45.772371+00:00,amazon_usa,CPU,B0DFKC99VL,Intel Core™ Ultra 9 Processor 285K 24 cores (8 P-cores + 16 E-cores) up to 5.7 GHz,518.77,151.29,2026-10-06,4.6,804,https://www.amazon.com/Intel-Core-Ultra-Processor-285K/dp/B0DFKC99VL,0.0,151.29
20261006_050540,2026-10-06T05:19:45.772371+00:00,amazon_usa,CPU,B0DT7JDLDH,Intel Core™ Ultra 9 Desktop Processor 285 24 cores (8 P-cores + 16 E-cores) up to 5.6 GHz,669.79,195.33,2026-10-06,4.4,63,https://www.amazon.com/Intel%C2%AE-CoreTM-Desktop-Processor-P-cores/dp/B0DT7JDLDH,0.0,195.33
20261006_050540,2026-10-06T05:19:45.772371+00:00,amazon_usa,CPU,B0DMXB5DVP,"Intel Core Ultra 9 285K Arrow Lake 24-Core (8P+16E), LGA 1851, 125W Unlocked Desktop Processor for Z890 Motherboard BX80768285K Plus Mavark Pen Light (Intel Core Ultra 9)",774.65,225.91,2026-10-06,4.7,10,https://www.amazon.com/285K-Processor-Motherboard-BX80768285K-Mavark/dp/B0DMXB5DVP,0.0,225.91
20261006_050540,2026-10-06T05:19:45.772371+00:00,amazon_usa,CPU,B0G1YLJ3S7,Micro Center CPU Motherboard Combo - Ultra 9 285K 24-Cores LGA 1851 Desktop Processor Bundle with Tuf Gaming Z890-Plus WiFi Motherboard,936.84,273.21,2026-10-06,5.0,1,https://www.amazon.com/Micro-Center-CPU-Motherboard-Combo/dp/B0G1YLJ3S7,0.0,273.21
20261006_050540,2026-10-06T05:19:45.772371+00:00,amazon_usa,CPU,B0GMLJCBBM,Intel Core™ Ultra 7 Processor 270K Plus 24 cores (8 P-cores + 16 E-cores) up to 5.5 GHz,321.33,93.71,2026-10-06,4.7,304,https://www.amazon.com/Intel%C2%AE-CoreTM-Processor-270K-P-cores/dp/B0GMLJCBBM,0.0,93.71
20261006_050540,2026-10-06T05:19:45.772371+00:00,amazon_usa,CPU,B0DT7FY7P3,Intel Core™ Ultra 7 Desktop Processor 265 20 cores (8 P-cores + 12 E-cores) up to 5.3 GHz,371.77,108.42,2026-10-06,4.8,22,https://www.amazon.com/Intel%C2%AE-CoreTM-Desktop-Processor-P-cores/dp/B0DT7FY7P3,0.0,108.42
20261006_050540,2026-10-06T05:19:45.772371+00:00,amazon_usa,CPU,B0DFK2MH2D,Intel Core Ultra 7 Desktop Processor 265K - 20 cores (8 P-cores + 12 E-cores) up to 5.5 GHz,317.32,92.54,2026-10-06,4.7,1300,https://www.amazon.com/Intel-Core-Ultra-Processor-265K/dp/B0DFK2MH2D,0.0,92.54
20261006_050540,2026-10-06T05:19:45.772371+00:00,amazon_usa,CPU,B09FWYK5M9,Intel Core i9-12900KF Gaming Desktop Processor 16 (8P+8E) Cores up to 5.2 GHz Unlocked LGA1700 600 Series Chipset 125W,328.4,95.77,2026-10-06,4.6,1100,https://www.amazon.com/Intel-i9-12900KF-Desktop-Processor-Unlocked/dp/B09FWYK5M9,0.0,95.77
20261006_050540,2026-10-06T05:19:45.772371+00:00,amazon_usa,CPU,B0DT7CW7VR,Intel Core™ Ultra 5 Desktop Processor 225F 10 cores (6 P-cores + 4 E-cores) up to 4.9 GHz,144.05,42.01,2026-10-06,4.5,98,https://www.amazon.com/Intel%C2%AE-CoreTM-Desktop-Processor-P-cores/dp/B0DT7CW7VR,0.0,42.01
20261006_050540,2026-10-06T05:19:45.772371+00:00,amazon_usa,CPU,B09FXDLX95,Intel Core i9-12900K Gaming Desktop Processor with Integrated Graphics and 16 (8P+8E) Cores up to 5.2 GHz Unlocked LGA1700 600 Series Chipset 125W,362.62,105.75,2026-10-06,4.6,2400,https://www.amazon.com/Intel-i9-12900K-Desktop-Processor-Unlocked/dp/B09FXDLX95,0.0,105.75
20261006_050540,2026-10-06T05:19:45.772371+00:00,amazon_usa,CPU,B08X6PPTTH,Intel Core i9-11900K Desktop Processor 8 Cores up to 5.3 GHz Unlocked LGA1200 (Intel 500 Series & Select 400 Series Chipset) 125W,502.66,146.59,2026-10-06,4.6,1600,https://www.amazon.com/Intel-i9-11900K-Desktop-Processor-Unlocked/dp/B08X6PPTTH,0.0,146.59
20261006_050540,2026-10-06T05:19:45.772371+00:00,amazon_usa,CPU,B0BCF54SR1,"Intel Core i9-13900K Desktop Processor 24 cores (8 P-cores + 16 E-cores) 36M Cache, up to 5.8 GHz",634.57,185.06,2026-10-06,4.4,2000,https://www.amazon.com/Intel-i9-13900K-Desktop-Processor-P-cores/dp/B0BCF54SR1,18.0,203.06
20261006_050540,2026-10-06T05:19:45.772371+00:00,amazon_usa,CPU,B086MG1C7D,Intel Core i9-10900KF Desktop Processor 10 Cores up to 5.3 GHz Unlocked Without Processor Graphics LGA1200 (Intel 400 Series chipset) 125W,442.24,128.97,2026-10-06,4.8,480,https://www.amazon.com/Intel-i9-10900KF-Processor-Unlocked-Graphics/dp/B086MG1C7D,0.0,128.97
20261006_050540,2026-10-06T05:19:45.772371+00:00,amazon_usa,CPU,B07HHN6KBZ,Intel Core i7-9700K Desktop Processor 8 Cores up to 4.9 GHz Turbo unlocked LGA1151 300 Series 95W,231.39,67.48,2026-10-06,4.8,10400,https://www.amazon.com/Intel-i7-9700K-Desktop-Processor-Unlocked/dp/B07HHN6KBZ,0.0,67.48
20261006_050540,2026-10-06T05:19:45.772371+00:00,amazon_usa,CPU,B09MDG1K15,"Intel Core™ i9-12900, Desktop Processor, 30MB Cache, up to 5.10GHz",627.58,183.02,2026-10-06,4.5,32,https://www.amazon.com/Intel-i9-12900-LGA1700-Processor-BBX8071512900/dp/B09MDG1K15,18.0,201.02
20261006_050540,2026-10-06T05:19:45.772371+00:00,amazon_usa,CPU,B0FSKRYSXZ,Amazon Renewed Core Ultra 9 285K Tetracosa-core [24 Core] 3.70 GHz Processor - OEM Pack - Box (Renewed),483.49,141.0,2026-10-06,5.0,2,https://www.amazon.com/Intel-Core-Ultra-Tetracosa-core-Processor/dp/B0FSKRYSXZ,0.0,141.0
20261006_050540,2026-10-06T05:19:45.772371+00:00,amazon_usa,CPU,B0G1YP5FPS,Micro Center CPU Motherboard Combo - Ultra 9 285K 24-Cores LGA 1851 Desktop Processor Bundle with MAG Z890 Tomahawk WiFi Gaming Motherboard,916.67,267.33,2026-10-06,5.0,2,https://www.amazon.com/Micro-Center-CPU-Motherboard-Combo/dp/B0G1YP5FPS,0.0,267.33
20261006_050540,2026-10-06T05:19:45.772371+00:00,amazon_usa,CPU,B0DTRK5WK3,Intel Core™ Ultra 9 Desktop Processor 285 24 Cores (8 P-cores + 16 E-cores) up to 5.6 GHz,615.16,179.4,2026-10-06,4.6,26,https://www.amazon.com/Intel%C2%AE-CoreTM-Desktop-Processor-P-cores/dp/B0DTRK5WK3,18.0,197.4
20261006_050540,2026-10-06T05:19:45.772371+00:00,amazon_usa,CPU,B0CGJDKLB8,Intel Core™ i9-14900K Desktop Processor,401.95,117.22,2026-10-06,4.2,1600,https://www.amazon.com/i9-14900K-Desktop-Processor-Integrated-Graphics/dp/B0CGJDKLB8,0.0,117.22
20261006_050540,2026-10-06T05:19:45.772371+00:00,amazon_usa,CPU,B0FJX9FNKN,"HP OMEN 45L GT22 Gaming Desktop PC- Intel Core Ultra 9 285K up to 5.7 GHz Processor, 64GB DDR5 RAM, 2TB NVMe SSD, NVIDIA GeForce RTX 5070, Liquid Cooling, RGB Lighting, AI Copilot, Windows 11 Pro",2860.85,834.31,2026-10-06,4.0,6,https://www.amazon.com/45L-GT22-Desktop-Processor-Lighting/dp/B0FJX9FNKN,0.0,834.31
20261006_050540,2026-10-06T05:19:45.772371+00:00,amazon_usa,CPU,B0DX7CY3GR,"Intel Ultra 9 Desktop Processor 285K - 24 cores (8P+16E) & ASUS ROG Maximus Z890 Hero ATX Motherboard, Advanced AI PC-Ready, DDR5, WiFi 7, 3X M.2, AI OC/Cooling/Networking Bundle",955.97,278.79,2026-10-06,5.0,1,https://www.amazon.com/Intel-Ultra-Desktop-Processor-285K/dp/B0DX7CY3GR,18.0,296.79
20261006_050540,2026-10-06T05:19:45.772371+00:00,amazon_usa,CPU,B0H5KBXR26,Intel Core Ultra 9 285k - 3.7GHz - 24 Core,1473.34,429.67,2026-10-06,0.0,0,https://www.amazon.com/Intel-Core-Ultra-285k-3-7GHz/dp/B0H5KBXR26,18.0,447.67
20261006_050540,2026-10-06T05:19:45.772371+00:00,amazon_usa,CPU,B0DX7CW6N9,"Intel Ultra 9 Desktop Processor 285K - 24 cores (8P+16E) & ASUS ROG Maximus Z890 APEX ATX Motherboard, Advanced AI PC-Ready, DDR5, WiFi 7, 3X M.2, AI OC, Cooling & Networking Bundle",1134.24,330.78,2026-10-06,3.0,2,https://www.amazon.com/Intel-Ultra-Desktop-Processor-285K/dp/B0DX7CW6N9,18.0,348.78
20261006_050540,2026-10-06T05:19:49.632521+00:00,amazon_usa,CPU,B0H2Z9PLLL,"Intel Core Ultra 9 285K Desktop Processor, 24 Cores, 5.7 GHz Unlocked, 40MB Cache, Compatible with Intel 800 Series Motherboards",825.02,240.6,2026-10-06,0.0,0,https://www.amazon.com/285K-Processor-Unlocked-Compatible-Motherboards/dp/B0H2Z9PLLL,0.0,240.6
20261006_050540,2026-10-06T05:19:49.632521+00:00,amazon_usa,CPU,B0CGJDBCTK,Intel Core™ i9-14900KF New Gaming Desktop Processor 24 cores (8 P-cores + 16 E-cores) - Unlocked,372.7,108.69,2026-10-06,4.1,545,https://www.amazon.com/Intel%C2%AE-i9-14900KF-Desktop-Processor-P-cores/dp/B0CGJDBCTK,0.0,108.69
20261006_050540,2026-10-06T05:19:49.632521+00:00,amazon_usa,CPU,B0H82QLNPP,Micro Center Intel Core Ultra 9 285K CPU Bundle MSI MAG Z890 Tomahawk WF II,805.85,235.01,2026-10-06,0.0,0,https://www.amazon.com/Micro-Center-Intel-Bundle-Tomahawk/dp/B0H82QLNPP,0.0,235.01
20261006_050540,2026-10-06T05:19:49.632521+00:00,amazon_usa,CPU,B0F2GVN3Y2,"Dell Tower Plus EBT2250 Desktop Computer - Series 2 Intel Core Ultra 9 285K 24-Core Processor up to 5.7 GHz, 64GB DDR5 RAM, 2TB NVMe SSD, Intel UHD Graphics, Windows 11 Pro, Graphite - EBT 2250",2617.08,763.22,2026-10-06,3.0,2,https://www.amazon.com/Dell-Tower-EBT2250-Desktop-Computer/dp/B0F2GVN3Y2,0.0,763.22
20261006_050540,2026-10-06T05:19:49.632521+00:00,amazon_usa,CPU,B0DFK8HHK4,Intel Core Ultra 5 Desktop Processor 245KF - 14 cores (6 P-cores + 8 E-cores) up to 5.2 GHz,178.31,52.0,2026-10-06,4.3,151,https://www.amazon.com/Intel-Core-Ultra-Processor-245KF/dp/B0DFK8HHK4,0.0,52.0
20261006_050540,2026-10-06T05:19:49.632521+00:00,amazon_usa,CPU,B0FCSSVM4N,"Dell Tower Plus EBT2250 Desktop Computer - Series 2 Intel Core Ultra 9 285K 24-Core CPU up to 5.7 GHz, 64GB DDR5 RAM, 2TB NVMe SSD, NVIDIA GeForce RTX 5070 12GB GDDR7, Windows 11 Pro, Graphite",3372.59,983.55,2026-10-06,0.0,0,https://www.amazon.com/Dell-Tower-EBT2250-Desktop-Computer/dp/B0FCSSVM4N,0.0,983.55
20261006_050540,2026-10-06T05:19:49.632521+00:00,amazon_usa,CPU,B0FJXFD5MP,"HP OMEN 45L GT22 Gaming Desktop PC- Intel Core Ultra 9 285K up to 5.7 GHz Processor, 64GB DDR5 RAM, 1TB NVMe SSD, NVIDIA GeForce RTX 5070, Liquid Cooling, RGB Lighting, AI Copilot, Windows 11 Pro",3253.71,948.88,2026-10-06,5.0,2,https://www.amazon.com/45L-GT22-Desktop-Processor-Lighting/dp/B0FJXFD5MP,0.0,948.88
20261006_050540,2026-10-06T05:19:49.632521+00:00,amazon_usa,CPU,B0F2GR9R92,"Dell Tower Plus EBT2250 Desktop Computer - Series 2 Intel Core Ultra 9 285K 24-Core Processor up to 5.7 GHz, 32GB DDR5 RAM, 1TB NVMe SSD, Intel UHD Graphics, Windows 11 Pro, Graphite - EBT 2250",2113.4,616.33,2026-10-06,0.0,0,https://www.amazon.com/Dell-Tower-EBT2250-Desktop-Computer/dp/B0F2GR9R92,0.0,616.33
20261006_050540,2026-10-06T05:19:49.632521+00:00,amazon_usa,CPU,B0F2GVXJB5,"Dell Tower Plus EBT2250 Desktop Computer - Series 2 Intel Core Ultra 9 285K 24-Core Processor up to 5.7 GHz, 64GB DDR5 RAM, 1TB NVMe SSD, Intel UHD Graphics 770, Windows 11 Home, Graphite, Black",2608.03,760.58,2026-10-06,5.0,1,https://www.amazon.com/Dell-Tower-EBT2250-Desktop-Computer/dp/B0F2GVXJB5,0.0,760.58
20261006_050540,2026-10-06T05:19:49.632521+00:00,amazon_usa,CPU,B0FVLVG6TF,"Dell Tower Plus EBT2250 Desktop PC - Intel Core Ultra 9 285K up to 5.7GHz, 128GB DDR5 RAM, 1TB NVMe SSD, NVIDIA GeForce RTX 5060 8GB GDDR7, Bluetooth, Keyboard & Mouse, Windows 11 Home",4129.1,1204.17,2026-10-06,5.0,2,https://www.amazon.com/Dell-Tower-Plus-EBT2250-Desktop/dp/B0FVLVG6TF,0.0,1204.17
20261006_050540,2026-10-06T05:19:49.632521+00:00,amazon_usa,CPU,B0GWYB3SF5,"Alienware Aurora ACT1250 Gaming Desktop + Home Security Essential Anti-Virus (3-Year, 1-Device) Bundle - Intel Core Ultra 9 285K, NVIDIA GeForce RTX 5080 16GB GDDR7, 32GB DDR5, 2TB SSD, Liquid Cooled",3074.41,896.59,2026-10-06,5.0,1,https://www.amazon.com/Alienware-Security-Essential-Anti-Virus-1-Device/dp/B0GWYB3SF5,18.0,914.59
20261006_050540,2026-10-06T05:19:49.632521+00:00,amazon_usa,CPU,B0G1MVHKLH,"ASUS ROG G700 Gaming Desktop PC - Intel Core Ultra 9 285K Processor, 2TB NVMe SSD, 32GB RAM, NVIDIA GeForce RTX 5060Ti 16GB, Liquid Cooling, RGB Lighting, Backlight Keyboard & Mouse, Windows 11 Home",2718.82,792.89,2026-10-06,0.0,0,https://www.amazon.com/ASUS-ROG-G700-Gaming-Desktop/dp/B0G1MVHKLH,0.0,792.89
20261006_050540,2026-10-06T05:19:49.632521+00:00,amazon_usa,CPU,B0F4FHHBSY,"Dell Tower Plus EBT2250 Desktop Computer - Series 2 Intel Core Ultra 9 285K 24-Core Processor up to 5.7 GHz, 64GB DDR5 RAM, 4TB NVMe SSD, NVIDIA GeForce RTX 4060 8GB GDDR6, Windows 11 Pro, Graphite",3020.02,880.73,2026-10-06,5.0,1,https://www.amazon.com/Dell-Tower-EBT2250-Desktop-Computer/dp/B0F4FHHBSY,0.0,880.73
20261006_050540,2026-10-06T05:19:49.632521+00:00,amazon_usa,CPU,B0GS9HY88F,"Lenovo ThinkStation P2 Tower Desktop Computer | Intel Core Ultra 9 285k (24 Cores, Up to 5.7GHz) | 32GB DDR5 RAM, 1TB SSD | AI NPU for CAD & Design | WiFi 7, Bluetooth 5.4 | Wired KB & Mouse",2316.87,675.67,2026-10-06,5.0,1,https://www.amazon.com/Lenovo-ThinkStation-Desktop-Computer-Bluetooth/dp/B0GS9HY88F,0.0,675.67
20261006_050540,2026-10-06T05:19:49.632521+00:00,amazon_usa,CPU,B0GWKHR5VS,Acer Predator Orion 6000 Gaming Desktop | Intel Core Ultra 9 Processor 285K | NVIDIA GeForce RTX 5080 (1801 AI Tops) | 32GB DDR5 | 1TB Gen 4 SSD | Wi-Fi 7 | Windows 11 Home | PO6-605-UR18W,3624.42,1056.99,2026-10-06,5.0,1,https://www.amazon.com/Acer-Predator-Desktop-Processor-PO6-605-UR18W/dp/B0GWKHR5VS,0.0,1056.99
20261006_050540,2026-10-06T05:19:49.632521+00:00,amazon_usa,CPU,B0CQ2ZKDKB,Intel Core™ i9 Desktop Processor 14900 24 Cores (8 P-cores and 16 E-cores) up to 5.8 GHz,596.34,173.91,2026-10-06,4.9,25,https://www.amazon.com/Intel%C2%AE-CoreTM-Desktop-Processor-P-cores/dp/B0CQ2ZKDKB,0.0,173.91
20261006_050540,2026-10-06T05:19:49.632521+00:00,amazon_usa,CPU,B0H89TS7N9,"Lenovo IdeaCentre Next Gen AI Tower Business Desktop Computer, 24-Core Intel Ultra 9 285K, 64GB DDR5, 2TB SSD, HDMI + VGA, Wi-Fi, RJ-45, USB-C, Wired Keyboard & Mouse, Windows 11",2316.87,675.67,2026-10-06,0.0,0,https://www.amazon.com/Lenovo-IdeaCentre-Tower-Business-Computer/dp/B0H89TS7N9,0.0,675.67
20261006_050540,2026-10-06T05:19:49.632521+00:00,amazon_usa,CPU,B0F4FGB1TM,"Dell Tower Plus EBT2250 Desktop Computer - Series 2 Intel Core Ultra 9 285K 24-Core Processor up to 5.7 GHz, 64GB DDR5 RAM, 2TB NVMe SSD, NVIDIA GeForce RTX 4060 8GB GDDR6, Windows 11 Pro, Graphite",2919.28,851.35,2026-10-06,3.0,2,https://www.amazon.com/Dell-Tower-EBT2250-Desktop-Computer/dp/B0F4FGB1TM,0.0,851.35
20261006_050540,2026-10-06T05:19:49.632521+00:00,amazon_usa,CPU,B0F8BC4FF2,Lenovo Legion T7 34IAS10 90Y6003JUS Gaming Desktop Computer - Intel Core Ultra 9 285K - 64 GB - 2 TB SSD - Tower - Storm Gray,4934.98,1439.19,2026-10-06,5.0,4,https://www.amazon.com/Lenovo-34IAS10-90Y6003JUS-Desktop-Computer/dp/B0F8BC4FF2,0.0,1439.19
20261006_050540,2026-10-06T05:19:49.632521+00:00,amazon_usa,CPU,B0CWFD2BDK,"Alienware Aurora ACT1250 Desktop 1TB SSD 96GB DDR5 RAM Win 11 Pro (Intel 15th gen Core Ultra 9 285K Processor with Turbo Boost to 5.70GHz, NVIDIA GeForce RTX 8GB GDDR6) Gaming PC Business Computer",2618.08,763.51,2026-10-06,3.8,7,https://www.amazon.com/Alienware-Aurora-R16-Generation-i9-14900K/dp/B0CWFD2BDK,0.0,763.51
20261006_050540,2026-10-06T05:19:49.632521+00:00,amazon_usa,CPU,B0H89TQN7P,"Lenovo IdeaCentre Next Gen AI Tower Business Desktop Computer, 24-Core Intel Ultra 9 285K, 64GB DDR5, 1TB SSD, HDMI + VGA, Wi-Fi, RJ-45, USB-C, Wired Keyboard & Mouse, Windows 11",1913.93,558.16,2026-10-06,0.0,0,https://www.amazon.com/Lenovo-IdeaCentre-Tower-Business-Computer/dp/B0H89TQN7P,0.0,558.16
20261006_050540,2026-10-06T05:19:49.632521+00:00,amazon_usa,CPU,B0F4F57LZ4,"Dell Tower Plus EBT2250 Desktop Computer - Series 2 Intel Core Ultra 9 285K 24-Core Processor up to 5.7 GHz, 32GB DDR5 RAM, 2TB NVMe SSD, NVIDIA GeForce RTX 4060 8GB GDDR6, Windows 11 Pro, Graphite",2566.71,748.53,2026-10-06,5.0,1,https://www.amazon.com/Dell-Tower-EBT2250-Desktop-Computer/dp/B0F4F57LZ4,0.0,748.53
20261006_050540,2026-10-06T05:19:49.632521+00:00,amazon_usa,CPU,B0FCTD76ZQ,"Dell Tower Plus EBT2250 Desktop Computer - Series 2 Intel Core Ultra 9 285K 24-Core CPU up to 5.7 GHz, 32GB DDR5 RAM, 4TB NVMe SSD, NVIDIA GeForce RTX 5070 12GB GDDR7, Windows 11 Pro, Graphite",3070.4,895.42,2026-10-06,0.0,0,https://www.amazon.com/Dell-Tower-EBT2250-Desktop-Computer/dp/B0FCTD76ZQ,0.0,895.42
20261006_050540,2026-10-06T05:19:53.775826+00:00,amazon_usa,CPU,B0GS9H9NYZ,"Lenovo ThinkStation P2 Tower Desktop Computer | Intel Core Ultra 9 285k (24 Cores, Up to 5.7GHz) | 64GB DDR5 RAM, 4TB SSD | AI NPU for CAD & Design | WiFi 7, Bluetooth 5.4 | Wired KB & Mouse",3524.7,1027.91,2026-10-06,0.0,0,https://www.amazon.com/Lenovo-ThinkStation-Desktop-Computer-Bluetooth/dp/B0GS9H9NYZ,0.0,1027.91
20261006_050540,2026-10-06T05:19:53.775826+00:00,amazon_usa,CPU,B0FCTKPGPZ,"Dell Tower Plus EBT2250 Desktop Computer - Series 2 Intel Core Ultra 9 285K 24-Core CPU up to 5.7 GHz, 64GB DDR5 RAM, 4TB NVMe SSD, NVIDIA GeForce RTX 5070 12GB GDDR7, Windows 11 Home, Graphite",3514.62,1024.97,2026-10-06,0.0,0,https://www.amazon.com/Dell-Tower-EBT2250-Desktop-Computer/dp/B0FCTKPGPZ,0.0,1024.97
20261006_050540,2026-10-06T05:19:53.775826+00:00,amazon_usa,CPU,B0GXXJ1HFL,"Dell Tower Plus EBT2250 Desktop Computer - Series 2 Intel Core Ultra 9 285K 24-Core CPU up to 5.7 GHz, 96GB DDR5 RAM, 4TB SSD, NVIDIA GeForce RTX 5070 12GB GDDR7, Windows 11 Pro, Graphite",4330.59,1262.93,2026-10-06,0.0,0,https://www.amazon.com/Dell-Tower-Plus-EBT2250-Computer/dp/B0GXXJ1HFL,0.0,1262.93
20261006_050540,2026-10-06T05:19:53.775826+00:00,amazon_usa,CPU,B0F4G2D55L,"Dell Tower Plus EBT2250 Desktop Computer - Series 2 Intel Core Ultra 9 285K 24-Core Processor up to 5.7 GHz, 32GB DDR5 RAM, 4TB NVMe SSD, NVIDIA GeForce RTX 4060 8GB GDDR6, Windows 11 Pro, Graphite",2667.45,777.91,2026-10-06,0.0,0,https://www.amazon.com/Dell-Tower-EBT2250-Desktop-Computer/dp/B0F4G2D55L,0.0,777.91
20261006_050540,2026-10-06T05:19:53.775826+00:00,amazon_usa,CPU,B005404P9I,Intel Core i9-9900K Desktop Processor 8 Cores up to 5.0 GHz Turbo Unlocked LGA1151 300 Series 95W,432.16,126.03,2026-10-06,4.8,6200,https://www.amazon.com/Intel-i9-9900K-Desktop-Processor-Unlocked/dp/B005404P9I,0.0,126.03
20261006_050540,2026-10-06T05:19:53.775826+00:00,amazon_usa,CPU,B0GT22W9BD,"Dell Alienware Area-51 AAT2250 Gaming PC - Intel Core Ultra 9 285K (24-Core), NVIDIA GeForce RTX 5080 16GB GDDR7, 32GB DDR5 6400 RAM, 2TB NVMe SSD, WiFi 7, 360mm Liquid Cooling, Windows 11",5434.62,1584.9,2026-10-06,5.0,2,https://www.amazon.com/Dell-Alienware-Area-51-AAT2250-Gaming/dp/B0GT22W9BD,0.0,1584.9
20261006_050540,2026-10-06T05:19:53.775826+00:00,amazon_usa,CPU,B0CQ24VW72,Intel Core i9-14900 Desktop Processor 24 cores (8 P-cores + 16 E-cores) up to 5.8 GHz,596.34,173.91,2026-10-06,4.5,40,https://www.amazon.com/Intel-i9-14900-Desktop-Processor-P-cores/dp/B0CQ24VW72,0.0,173.91
20261006_050540,2026-10-06T05:19:53.775826+00:00,amazon_usa,CPU,B0DT7BPC5Q,Intel Core™ Ultra 7 Desktop Processor 265F 20 cores (8 P-cores + 12 E-cores) up to 5.3 GHz,322.7,94.11,2026-10-06,4.2,17,https://www.amazon.com/Intel%C2%AE-CoreTM-Desktop-Processor-P-cores/dp/B0DT7BPC5Q,18.0,112.11
20261006_050540,2026-10-06T05:19:53.775826+00:00,amazon_usa,CPU,B0GMK6T3Q4,"Dell Tower Plus EBT2250 Desktop Computer - Series 2 Intel Core Ultra 9 285K CPU, 32GB DDR5 RAM, 1TB NVMe SSD + 2TB HDD, NVIDIA GeForce RTX 5060 8GB GDDR7, Windows 11 Pro, Graphite",2566.71,748.53,2026-10-06,0.0,0,https://www.amazon.com/Dell-Tower-EBT2250-Desktop-Computer/dp/B0GMK6T3Q4,0.0,748.53
20261006_050540,2026-10-06T05:19:53.775826+00:00,amazon_usa,CPU,B08X6KQSZ1,Intel Core™ i9-11900KF Desktop Processor 8 Cores up to 5.3 GHz Unlocked LGA1200 (Intel® 500 Series & Select 400 Series Chipset) 125W,401.95,117.22,2026-10-06,4.5,396,https://www.amazon.com/Intel-i9-11900KF-Desktop-Processor-Unlocked/dp/B08X6KQSZ1,0.0,117.22
20261006_050540,2026-10-06T05:19:53.775826+00:00,amazon_usa,CPU,B0HDNZ6KLT,"Ultra Black Plus Gaming PC Desktop Computer, Intel Core Ultra 9 285k, GeForce RTX 5090, 64GB DDR5, 4TB SSD, Wonder Vision 360 Turbo, Windows 11 Home, RGB Lighting, Ready to Use",12651.23,3689.48,2026-10-06,0.0,0,https://www.amazon.com/HYPER-CYBER-Desktop-Computer-Lighting/dp/B0HDNZ6KLT,0.0,3689.48
20261006_050540,2026-10-06T05:19:53.775826+00:00,amazon_usa,CPU,B0HDP4GZBF,"Ultra Black Plus Gaming PC Desktop Computer, Intel Core Ultra 9 285k, GeForce RTX 5090, 64GB DDR5, 4TB SSD, 360 LCD Liquid Cooler, Windows 11 Home, RGB Lighting, Ready to Use",12490.06,3642.48,2026-10-06,0.0,0,https://www.amazon.com/HYPER-CYBER-Desktop-Computer-Lighting/dp/B0HDP4GZBF,0.0,3642.48
20261006_050540,2026-10-06T05:19:53.775826+00:00,amazon_usa,CPU,B0FL2NVK1B,HP Z2 G1i Workstation - Tower - Intel Core Ultra 9 285K - 32 GB RAM - 1 TB SSD - NVIDIA 16 GB Graphics - Intel W880 Chip - Windows 11 Pro - English Keyboard - Ethernet - Black,4028.35,1174.79,2026-10-06,0.0,0,https://www.amazon.com/HP-Z2-G1i-Workstation-Generation/dp/B0FL2NVK1B,0.0,1174.79
20261006_050540,2026-10-06T05:19:53.775826+00:00,amazon_usa,CPU,B0HFWHFW49,"Lenovo ThinkStation P2 Tower Desktop Computer | Intel Core Ultra 9 285k (24 Cores, Up to 5.7GHz) | 64GB DDR5 RAM, 1TB SSD | AI NPU for CAD & Design | WiFi 7, Bluetooth 5.4 | Win11, Wired KB & Mouse",2921.3,851.94,2026-10-06,0.0,0,https://www.amazon.com/Lenovo-ThinkStation-Desktop-Computer-Bluetooth/dp/B0HFWHFW49,0.0,851.94
20261006_050540,2026-10-06T05:19:53.775826+00:00,amazon_usa,CPU,B0HDP2GHK9,"Ultra Black Plus Gaming PC Desktop Computer, Intel Core Ultra 9 285k, GeForce RTX 5090, 64GB DDR5, 2TB SSD, 360 LCD Liquid Cooler, Windows 11 Home, RGB Lighting, Ready to Use",12187.87,3554.35,2026-10-06,0.0,0,https://www.amazon.com/HYPER-CYBER-Desktop-Computer-Lighting/dp/B0HDP2GHK9,0.0,3554.35
20261006_050540,2026-10-06T05:19:53.775826+00:00,amazon_usa,CPU,B0F2H5Z356,"Dell Tower Plus EBT2250 Desktop Computer - Series 2 Intel Core Ultra 9 285K 24-Core Processor up to 5.7 GHz, 64GB DDR5 RAM, 8TB NVMe SSD, Intel UHD Graphics, Windows 11 Pro, Graphite - EBT 2250",3423.96,998.53,2026-10-06,0.0,0,https://www.amazon.com/Dell-Tower-EBT2250-Desktop-Computer/dp/B0F2H5Z356,0.0,998.53
20261006_050540,2026-10-06T05:19:53.775826+00:00,amazon_usa,CPU,B0F4F2NFT9,"Envision S12 SFF 24-Core CPU, 64GB DDR5 RAM, 2TB SSD Workstation Desktop PC",1913.93,558.16,2026-10-06,5.0,2,https://www.amazon.com/Envision-Intel-Ultra-270K-24-Core/dp/B0F4F2NFT9,0.0,558.16
20261006_050540,2026-10-06T05:19:53.775826+00:00,amazon_usa,CPU,B0GS9H9NZ1,"Lenovo ThinkStation P2 Tower Desktop Computer | Intel Core Ultra 9 285k (24 Cores, Up to 5.7GHz) | 32GB DDR5 RAM, 2TB SSD | AI NPU for CAD & Design | WiFi 7, Bluetooth 5.4 | Wired KB & Mouse",2619.07,763.8,2026-10-06,0.0,0,https://www.amazon.com/Lenovo-ThinkStation-Desktop-Computer-Bluetooth/dp/B0GS9H9NZ1,0.0,763.8
20261006_050540,2026-10-06T05:19:53.775826+00:00,amazon_usa,CPU,B0DM45SDVW,"msi MEG Z890 GODLIKE, E-ATX - Supports Intel Core Ultra Processors (Series 2), LGA 1851 - Dynamic Dashboard III, EZ Slide M.2, DDR5 (9200+ MT/s OC), M.2 & PCIe 5.0, Thunderbolt 5, Wi-Fi 7, 10G LAN",1061.72,309.63,2026-10-06,4.0,27,https://www.amazon.com/MSI-MEG-Z890-GODLIKE-ATX/dp/B0DM45SDVW,0.0,309.63
20261006_050540,2026-10-06T05:19:53.775826+00:00,amazon_usa,CPU,B0H8FHS9XF,"Lenovo IdeaCentre Next Gen AI Tower Business Desktop Computer, 24-Core Intel Ultra 9 285K, 32GB DDR5, 1TB SSD, HDMI + VGA, Wi-Fi, RJ-45, USB-C, Wired Keyboard & Mouse, Windows 11",1511.02,440.66,2026-10-06,0.0,0,https://www.amazon.com/Lenovo-IdeaCentre-Tower-Business-Computer/dp/B0H8FHS9XF,0.0,440.66
20261006_050540,2026-10-06T05:19:53.775826+00:00,amazon_usa,CPU,B0FGK5ZKJV,"HP Omen 45L RTX 5080 Gaming Desktop, Intel Ultra 9 285K, NVIDIA RTX 5080, 64GB DDR5 RAM, 4TB SSD, RGB Light Studio, DP, RJ-45, Bundle with Thunderobot KG3089R Gaming Keyboard",4180.47,1219.15,2026-10-06,0.0,0,https://www.amazon.com/HP-Desktop-Thunderobot-KG3089R-Keyboard/dp/B0FGK5ZKJV,0.0,1219.15
20261006_050540,2026-10-06T05:19:53.775826+00:00,amazon_usa,CPU,B0F2GWJ2L3,"Dell Tower Plus EBT2250 Desktop Computer - Series 2 Intel Core Ultra 9 285K 24-Core Processor up to 5.7 GHz, 32GB DDR5 RAM, 2TB NVMe SSD, Intel UHD Graphics, Windows 11 Pro, Graphite - EBT 2250",2264.51,660.4,2026-10-06,0.0,0,https://www.amazon.com/Dell-Tower-EBT2250-Desktop-Computer/dp/B0F2GWJ2L3,0.0,660.4
20261006_050540,2026-10-06T05:19:53.775826+00:00,amazon_usa,CPU,B0961GW1W4,Amazon Renewed Core i9-11900K Desktop Processor 8 Cores up to 5.3 GHz Unlocked LGA1200 (Intel 500 Series & Select 400 Series Chipset) 125W (Renewed),377.74,110.16,2026-10-06,4.1,21,https://www.amazon.com/Intel-i9-11900K-Desktop-Processor-Unlocked/dp/B0961GW1W4,0.0,110.16
20261006_050540,2026-10-06T05:19:58.090927+00:00,amazon_usa,CPU,B09ZPV5CFM,Intel Core i9-12900K 12th Gen Alder Lake 16-Core 3.2 GHz LGA 1700 Processor-BX8071512900K,332.41,96.94,2026-10-06,4.6,37,https://www.amazon.com/Intel-i9-12900K-Alder-16-Core-Processor-BX8071512900K/dp/B09ZPV5CFM,0.0,96.94
20261006_050540,2026-10-06T05:19:58.090927+00:00,amazon_usa,CPU,B0GHSMK11R,"HP 0MEN 45L RTX 5080, 24-Core 270K Plus, 32GB DDR5 RAM, 2TB Gen4 NVMe SSD Gaming PC Desktop w/Liquid Cooled Intel CPU (>Ultra 9 285K), 1200W Gold PSU, WiFi 6E, 40Gbps Thunderbolt, Windows 11 Pro",3052.26,890.13,2026-10-06,0.0,0,https://www.amazon.com/Desktop-24-Core-Liquid-Cooled-PC-Accessories/dp/B0GHSMK11R,0.0,890.13
20261006_050540,2026-10-06T05:19:58.090927+00:00,amazon_usa,CPU,B0HJC3BRJR,"msi Codex R2 Gaming Desktop NVIDIA RTX 5060 Ti 8GB GDDR7, 24-Core Intel Ultra 9 285K (Up to 5.7 GHz), 32GB DDR5, 1TB SSD, HDMI + DP, Wi-Fi 6E, Keyboard & Mouse, Windows 11",2518.36,734.43,2026-10-06,0.0,0,https://www.amazon.com/msi-Codex-R2-Desktop-Keyboard/dp/B0HJC3BRJR,0.0,734.43
20261006_050540,2026-10-06T05:19:58.090927+00:00,amazon_usa,CPU,B0GNCCZC26,"CLX Horus Gaming PC - Intel Core Ultra 9 285K 3.7GHz, GeForce RTX 5080, 2TB NVMe M.2 SSD, 48GB DDR5 RGB Memory, 360mm AIO, WiFi, Windows 11 Home, Black, AI-Accelerated",4341.63,1266.15,2026-10-06,0.0,0,https://www.amazon.com/CLX-Horus-Gaming-PC-AI-Accelerated/dp/B0GNCCZC26,0.0,1266.15
20261006_050540,2026-10-06T05:19:58.090927+00:00,amazon_usa,CPU,B0FG2VXY7M,"Skytech Gaming Aqua Gaming PC, Ultra 9 U9 285K, RX 9070 XT",2347.12,684.49,2026-10-06,4.0,9,https://www.amazon.com/Skytech-Gaming-Desktop-Intel-Ultra/dp/B0FG2VXY7M,0.0,684.49
20261006_050540,2026-10-06T05:19:58.090927+00:00,amazon_usa,CPU,B075VWFFJR,"Centaurus Warrior 2U Gaming Desktop, Intel Ultra 9 285K 24-Core, GeForce RTX 5070, 2TB NVMe SSD, 32GB DDR5 RAM, Windows 11 PRO, WiFi, Liquid Cooler. Fast VR Ready 4K Computer PC for Games, Video",2515.27,733.53,2026-10-06,3.8,4,https://www.amazon.com/Centaurus-Warrior-Gaming-Computer-Aftermarket/dp/B075VWFFJR,0.0,733.53
20261006_050540,2026-10-06T05:19:58.090927+00:00,amazon_usa,CPU,B0DYQ8MNZP,"Thermaltake LCGS View u2870TS-380 Gaming Desktop (Intel® Core™ Ultra 9 285K, ToughRam 32GB DDR5 6400MT/s RGB Memory, NVIDIA® GeForce RTX™ 5070 Ti, 2TB NVMe M.2, WiFi, Windows 11) V38S-Z890-57T-LCS",3512.6,1024.38,2026-10-06,3.7,5,https://www.amazon.com/Thermaltake-u2870TS-380-Desktop-ToughRam-V38S-Z890-57T-LCS/dp/B0DYQ8MNZP,0.0,1024.38
20261006_050540,2026-10-06T05:19:58.090927+00:00,amazon_usa,CPU,B0HFWGRBMC,"Lenovo ThinkStation P2 Tower Desktop Computer | Intel Core Ultra 9 285k (24 Cores, Up to 5.7GHz) | 32GB DDR5 RAM, 1TB SSD | AI NPU for CAD & Design | WiFi 7, Bluetooth 5.4 | Win11, Wired KB & Mouse",2316.87,675.67,2026-10-06,0.0,0,https://www.amazon.com/Lenovo-ThinkStation-Desktop-Computer-Bluetooth/dp/B0HFWGRBMC,0.0,675.67
20261006_050540,2026-10-06T05:19:58.090927+00:00,amazon_usa,CPU,B0HH8WV5ZJ,"Lenovo IdeaCentre Tower Desktop Computer, Intel Ultra 9 285K (24-core), 16GB DDR5, 512GB SSD, Office 365 for The Web, HDMI + VGA, Wi-Fi 6E, Wired Keyboard & Mouse, Windows 11",1712.48,499.41,2026-10-06,0.0,0,https://www.amazon.com/Lenovo-IdeaCentre-Tower-Computer-Keyboard/dp/B0HH8WV5ZJ,0.0,499.41
20261006_050540,2026-10-06T05:19:58.090927+00:00,amazon_usa,CPU,B0DGW5JRN8,"ASUS ROG Strix G700 Desktop 11TB Storage + SSD 128GB DDR5 RAM Win 11 Pro (Intel 15th gen Core Ultra 9 Processor Turbo Boost to 6.00GHz, NVIDIA GeForce 4060Ti RTX 8GB GDDR6) Gaming PC Computer G700TF",3826.9,1116.04,2026-10-06,5.0,2,https://www.amazon.com/ASUS-ROG-G16CH-i9-14900K-Processor/dp/B0DGW5JRN8,0.0,1116.04
20261006_050540,2026-10-06T05:19:58.090927+00:00,amazon_usa,CPU,B0F2GVLX8K,"Dell Tower Plus EBT2250 Desktop Computer - Series 2 Intel Core Ultra 9 285K 24-Core Processor up to 5.7 GHz, 64GB DDR5 RAM, 4TB NVMe SSD, Intel UHD Graphics 770, Windows 11 Pro, Platinum, Silver",2819.56,822.27,2026-10-06,1.0,1,https://www.amazon.com/Dell-Tower-EBT2250-Desktop-Computer/dp/B0F2GVLX8K,0.0,822.27
20261006_050540,2026-10-06T05:19:58.090927+00:00,amazon_usa,CPU,B0HH3G8JNZ,"Dell Alienware Aurora Gaming Desktop, Intel Core Ultra 9 285K, NVIDIA GeForce RTX 5080 16GB GDDR7, 64GB DDR5, 3TB Storage (2TB SSD+1TB Docking Station), Keyboard & Mouse, Wi-Fi 7, Win 11 Pro, Black",5509.17,1606.64,2026-10-06,0.0,0,https://www.amazon.com/Dell-Alienware-Aurora-Desktop-Keyboard/dp/B0HH3G8JNZ,0.0,1606.64
20261006_050540,2026-10-06T05:19:58.090927+00:00,amazon_usa,CPU,B0CQ1FC8WZ,Intel Core i9-14900F Desktop Processor 24 cores (8 P-cores + 16 E-cores) up to 5.8 GHz,569.15,165.98,2026-10-06,4.2,24,https://www.amazon.com/Intel-i9-14900F-Desktop-Processor-P-cores/dp/B0CQ1FC8WZ,0.0,165.98
20261006_050540,2026-10-06T05:19:58.090927+00:00,amazon_usa,CPU,B089DJZV7F,Amazon Renewed Core i9-9900K Desktop Processor 8 Cores up to 5.0 GHz Turbo unlocked LGA1151 300 Series 95W (Renewed),287.08,83.72,2026-10-06,3.8,14,https://www.amazon.com/Intel-i9-9900K-Desktop-Processor-unlocked/dp/B089DJZV7F,0.0,83.72
20261006_050540,2026-10-06T05:19:58.090927+00:00,amazon_usa,CPU,B0DGWGG826,"ASUS ROG Strix G700 Desktop 4TB SSD 64GB DDR5 RAM Win 11 Pro (Intel 15th gen Core Ultra 9 285K Processor Turbo Boost to 6.00GHz, NVIDIA GeForce 4060Ti RTX 8GB GDDR6) Gaming PC Computer G700TF",3323.22,969.15,2026-10-06,2.0,1,https://www.amazon.com/ASUS-ROG-G16CH-i9-13900KS-Processor/dp/B0DGWGG826,0.0,969.15
20261006_050540,2026-10-06T05:19:58.090927+00:00,amazon_usa,CPU,B0F8RKR1TS,"Thermaltake Reactor u2870T Gaming Desktop (Intel® Core™ Ultra 9 285K, ToughRam 32GB DDR5 6400MT/s RGB Memory, NVIDIA® GeForce RTX™ 5070 Ti, 2TB NVMe M.2, WiFi, Windows 11) T6BK-Z890-57T-LCS",3324.21,969.44,2026-10-06,5.0,3,https://www.amazon.com/Thermaltake-Reactor-Desktop-ToughRam-T6BK-Z890-57T-LCS/dp/B0F8RKR1TS,0.0,969.44
20261006_050540,2026-10-06T05:19:58.090927+00:00,amazon_usa,CPU,B0BPXCRWB2,"Intel Core i9-13900KS Desktop Processor 24 cores (8 P-cores + 16 E-cores) 36MB Cache, up to 6.0 GHz",654.77,190.95,2026-10-06,4.3,144,https://www.amazon.com/Intel-i9-13900KS-Desktop-Processor-P-cores/dp/B0BPXCRWB2,0.0,190.95
20261006_050540,2026-10-06T05:19:58.090927+00:00,amazon_usa,CPU,B0DSY65XJ6,"Centaurus Apollo 2 Gaming PC Intel Core Ultra 9 285K, GeForce RTX 5070 GPU, 64GB DDR5 RAM, 2TB NVMe SSD, Windows 11 PRO. Panoramic Glass Window. Liquid Cooler. Custom Desktop Computer, Stress-Tested",2739.94,799.05,2026-10-06,0.0,0,https://www.amazon.com/Centaurus-Apollo-Panoramic-Computer-Stress-Tested/dp/B0DSY65XJ6,0.0,799.05
20261006_050540,2026-10-06T05:19:58.090927+00:00,amazon_usa,CPU,B0FGK2138W,"HP Omen 45L RTX 5080 Gaming Desktop, Intel Ultra 9 285K, NVIDIA RTX 5080, 64GB DDR5 RAM, 2TB SSD, RGB Light Studio, DP, RJ-45, Bundle with Thunderobot KG3089R Gaming Keyboard",3948.77,1151.58,2026-10-06,0.0,0,https://www.amazon.com/HP-Desktop-Thunderobot-KG3089R-Keyboard/dp/B0FGK2138W,0.0,1151.58
20261006_050540,2026-10-06T05:19:58.090927+00:00,amazon_usa,CPU,B0H6YK45H4,"Dell Tower Plus EBT2250 Desktop Computer - Series 2 Intel Core Ultra 9 285K 24-Core CPU up to 5.7 GHz, 32GB DDR5 RAM, 4TB SSD + 1TB SSD, NVIDIA GeForce RTX 5070 12GB GDDR7, Windows 11 Pro, Graphite",3373.59,983.84,2026-10-06,0.0,0,https://www.amazon.com/Dell-Tower-Plus-EBT2250-Computer/dp/B0H6YK45H4,0.0,983.84
20261006_050540,2026-10-06T05:19:58.090927+00:00,amazon_usa,CPU,B0FH5SJG12,"CPU Solutions VidCore Core Ultra 9 Video Editing PC, HD 4K 8K 3D Modeling Computer, 285K to 5.7Ghz 24 Core, 64GB RAM, 2000GB NVMe SSD, Quadro RTX 2000 ADA",3424.95,998.82,2026-10-06,5.0,1,https://www.amazon.com/CPU-Solutions-VidCore-Modeling-Computer/dp/B0FH5SJG12,0.0,998.82
20261006_050540,2026-10-06T05:19:58.090927+00:00,amazon_usa,CPU,B0F22M26VY,"Skytech Gaming Legacy 4 Gaming PC, Intel Ultra 9 285K 5.5GHz, NVIDIA RTX 5080 16GB VRAM, Z890 Board, 2TB Gen4 NVMe SSD, 64GB DDR5 RAM 6000, 1000W Gold ATX 3 PSU, 420 ARGB AIO, WI-FI 7, Windows 11",4029.38,1175.09,2026-10-06,3.1,15,https://www.amazon.com/Skytech-Gaming-Legacy-Desktop-NVIDIA/dp/B0F22M26VY,0.0,1175.09
20261006_050540,2026-10-06T05:19:58.090927+00:00,amazon_usa,CPU,B0GMKY194Q,"Dell Tower Plus EBT2250 Desktop Computer - Series 2 Intel Core Ultra 9 285K CPU, 32GB DDR5 RAM, 1TB NVMe SSD + 1TB HDD, NVIDIA GeForce RTX 5060 Ti 16GB GDDR7, Windows 11 Pro, Graphite",2717.83,792.6,2026-10-06,0.0,0,https://www.amazon.com/Dell-Tower-EBT2250-Desktop-Computer/dp/B0GMKY194Q,0.0,792.6
20261006_050540,2026-10-06T05:19:58.090927+00:00,amazon_usa,CPU,B0HH3MX65B,"Dell Alienware Aurora Gaming Desktop, Intel Core Ultra 9 285K, NVIDIA GeForce RTX 5080 16GB GDDR7, 32GB DDR5, 2TB Storage (1TB SSD+1TB Docking Station Set), Keyboard & Mouse, Wi-Fi 7, Win 11, Black",4763.74,1389.25,2026-10-06,0.0,0,https://www.amazon.com/Dell-Alienware-Aurora-Desktop-Keyboard/dp/B0HH3MX65B,0.0,1389.25
20261006_050540,2026-10-06T05:20:02.843620+00:00,amazon_usa,CPU,B0H4628D1M,"Lenovo Legion Tower 7i Gen 10 Gaming Desktop PC, RTX 5080 16GB GDDR7, Intel Core Ultra 9 285K, 64GB DDR5 5600MT/s, 2TB SSD, Legion Coldfront Cooling, Windows 11 Pro, KB & Mouse",4934.98,1439.19,2026-10-06,5.0,4,https://www.amazon.com/Lenovo-Legion-Tower-7i-5080/dp/B0H4628D1M,0.0,1439.19
20261006_050540,2026-10-06T05:20:02.843620+00:00,amazon_usa,CPU,B0DVCG9MKH,"CLX Horus Gaming PC - Intel Core Ultra 9 285K 3.7GHz, RTX 5080, 2TB NVMe M.2 SSD, 8TB HDD, 96GB DDR5 RGB Memory, 360mm AIO, WiFi, Windows 11 Home, Black",5500.08,1603.99,2026-10-06,3.5,12,https://www.amazon.com/CLX-Horus-Gaming-PC-Windows/dp/B0DVCG9MKH,0.0,1603.99
20261006_050540,2026-10-06T05:20:02.843620+00:00,amazon_usa,CPU,B0FJXL575H,"HP OMEN 45L GT22 Gaming Desktop PC- Intel Core Ultra 9 285K up to 5.7 GHz Processor, 32GB DDR5 RAM, 1TB NVMe SSD, NVIDIA GeForce RTX 5070, Liquid Cooling, RGB Lighting, AI Copilot, Windows 11 Pro",2669.44,778.49,2026-10-06,5.0,1,https://www.amazon.com/45L-GT22-Desktop-Processor-Lighting/dp/B0FJXL575H,0.0,778.49
20261006_050540,2026-10-06T05:20:02.843620+00:00,amazon_usa,CPU,B0HFWPTH61,"Lenovo ThinkStation P2 Tower Desktop Computer | Intel Core Ultra 9 285k (24 Cores, Up to 5.7GHz) | 32GB DDR5 RAM, 2TB SSD | AI NPU for CAD & Design | WiFi 7, Bluetooth 5.4 | Win11, Wired KB & Mouse",2518.36,734.43,2026-10-06,0.0,0,https://www.amazon.com/Lenovo-ThinkStation-Desktop-Computer-Bluetooth/dp/B0HFWPTH61,0.0,734.43
20261006_050540,2026-10-06T05:20:02.843620+00:00,amazon_usa,CPU,B0HFYFPSSY,APC Helios GX601 White - Intel Core Ultra 9-285K 24 core 5.7GHz - Radeon RX 9070 XT - 2TB NVMe SSD - 32GB DDR5-850W - Windows 11 Liquid Cooled Gaming Desktop PC WiFi RGB,3674.79,1071.68,2026-10-06,0.0,0,https://www.amazon.com/APC-Helios-GX601-White-DDR5-850W/dp/B0HFYFPSSY,0.0,1071.68
20261006_050540,2026-10-06T05:20:02.843620+00:00,amazon_usa,CPU,B0DVMSZ4Z5,"Panorama RTX 5080 16GB, 24-Core 270K Plus (>Ultra 9 285K), 64GB DDR5 RAM, 2TB Gen4 NVMe SSD, Gaming Desktop PC w/Windows 11 Pro, 3-Year Warranty, Keyboard+Mouse, Internal Wi-Fi 6E",4230.84,1233.84,2026-10-06,5.0,2,https://www.amazon.com/Panorama-RTX-5090-Gaming-Desktop/dp/B0DVMSZ4Z5,0.0,1233.84
20261006_050540,2026-10-06T05:20:02.843620+00:00,amazon_usa,CPU,B0F2GV5C7K,"Dell Tower Plus EBT2250 Desktop Computer - Series 2 Intel Core Ultra 9 285K 24-Core Processor up to 5.7 GHz, 32GB DDR5 RAM, 2TB NVMe SSD, Intel UHD Graphics, Windows 11 Home, Graphite - EBT 2250",2213.15,645.42,2026-10-06,0.0,0,https://www.amazon.com/Dell-Tower-EBT2250-Desktop-Computer/dp/B0F2GV5C7K,0.0,645.42
20261006_050540,2026-10-06T05:20:02.843620+00:00,amazon_usa,CPU,B0CT6TN7G6,"Dell Tower Plus EBT2250 Desktop 4TB SSD 64GB DDR5 RAM Win 11 Pro (Intel Core Ultra 9 285K Processor with Turbo Boost to 5.7GHz, 64 GB RAM, 4 TB SSD) Business PC Computer (Formerly XPS 8960)",2667.45,777.91,2026-10-06,3.0,8,https://www.amazon.com/Dell-generation-i9-14900K-Processor-Business/dp/B0CT6TN7G6,0.0,777.91
20261006_050540,2026-10-06T05:20:02.843620+00:00,amazon_usa,CPU,B0FJX7GQ6V,"HP OMEN 45L GT22 Gaming Desktop PC- Intel Core Ultra 9 285K up to 5.7 GHz Processor, 192GB DDR5 RAM, 4TB NVMe SSD, NVIDIA GeForce RTX 5070, Liquid Cooling, RGB Lighting, AI Copilot, Windows 11 Pro",5379.21,1568.74,2026-10-06,0.0,0,https://www.amazon.com/45L-GT22-Desktop-Processor-Lighting/dp/B0FJX7GQ6V,0.0,1568.74
20261006_050540,2026-10-06T05:20:02.843620+00:00,amazon_usa,CPU,B07MGBZWDZ,Intel BX80684I99900KF Intel Core i9-9900KF Desktop Processor 8 Cores up to 5.0 GHz Turbo Unlocked Without Processor Graphics LGA1151 300 Series 95W,411.99,120.15,2026-10-06,4.6,2400,https://www.amazon.com/Intel-BX80684I99900KF-i9-9900KF-Processor-Unlocked/dp/B07MGBZWDZ,0.0,120.15
20261006_050540,2026-10-06T05:20:02.843620+00:00,amazon_usa,CPU,B086MHSTVD,Intel Core i9-10900K Desktop Processor 10 Cores up to 5.3 GHz Unlocked LGA1200 (Intel 400 Series Chipset) 125W,603.4,175.97,2026-10-06,4.7,1200,https://www.amazon.com/Intel-i9-10900K-Desktop-Processor-Unlocked/dp/B086MHSTVD,0.0,175.97
20261006_050540,2026-10-06T05:20:02.843620+00:00,amazon_usa,CPU,B0FFLSMRPX,"Skytech Gaming PC O11 Vision, Ultra 9, RTX 5070, 32GB RAM, 1TB SSD",2417.62,705.05,2026-10-06,4.6,3,https://www.amazon.com/Skytech-Gaming-Vision-Desktop-NVIDIA/dp/B0FFLSMRPX,0.0,705.05
20261006_050540,2026-10-06T05:20:02.843620+00:00,amazon_usa,CPU,B0HJLV5S9N,"Lenovo ThinkStation P2 Tower Desktop Computer, Intel Ultra9 285K (24-core), 64GB DDR5, 2TB SSD, Office 365 for The Web, HDMI + 2X DisplayPort, Wi-Fi 7, Wired KB & Mouse, Windows 11",3223.5,940.07,2026-10-06,0.0,0,https://www.amazon.com/Lenovo-ThinkStation-P2-Tower-DisplayPort/dp/B0HJLV5S9N,0.0,940.07
20261006_050540,2026-10-06T05:20:02.843620+00:00,amazon_usa,CPU,B0HFN6D59Z,"NOVA Gaming PC Desktop Computer, Intel Core Ultra 9 285k, GeForce RTX 5090, 32GB DDR5, 4TB SSD, 360 LCD Liquid Cooler, Windows 11 Home, RGB Lighting, Ready to Use",11684.18,3407.46,2026-10-06,0.0,0,https://www.amazon.com/Desktop-Computer-GeForce-Windows-Lighting/dp/B0HFN6D59Z,0.0,3407.46
20261006_050540,2026-10-06T05:20:02.843620+00:00,amazon_usa,CPU,B0HFWNBKD3,"Lenovo ThinkStation P2 Tower Desktop Computer | Intel Core Ultra 9 285k (24 Cores, Up to 5.7GHz) | 64GB DDR5 RAM, 2TB SSD | AI NPU for CAD & Design | WiFi 7, Bluetooth 5.4 | Win11, Wired KB & Mouse",3022.01,881.31,2026-10-06,0.0,0,https://www.amazon.com/Lenovo-ThinkStation-Desktop-Computer-Bluetooth/dp/B0HFWNBKD3,0.0,881.31
20261006_050540,2026-10-06T05:20:02.843620+00:00,amazon_usa,CPU,B0DHF7CRNX,"ASUS ROG Strix G700 Desktop 2TB SSD 192GB DDR5 RAM Win 11 Pro (Intel 15th gen Core Ultra 9 Processor Turbo Boost to 6.00GHz, NVIDIA GeForce 4060 Ti RTX 8GB GDDR6) Gaming PC Computer",4129.1,1204.17,2026-10-06,0.0,0,https://www.amazon.com/ASUS-ROG-G16CH-i9-14900KS-Processor/dp/B0DHF7CRNX,0.0,1204.17
20261006_050540,2026-10-06T05:20:02.843620+00:00,amazon_usa,CPU,B0HDP5S4Z3,"Ultra Black Plus Gaming PC Desktop Computer, Intel Core Ultra 9 285k, GeForce RTX 5090, 64GB DDR5, 1TB SSD, 360 LCD Liquid Cooler, Windows 11 Home, RGB Lighting, Ready to Use",12006.54,3501.47,2026-10-06,0.0,0,https://www.amazon.com/HYPER-CYBER-Desktop-Computer-Lighting/dp/B0HDP5S4Z3,0.0,3501.47
20261006_050540,2026-10-06T05:20:02.843620+00:00,amazon_usa,CPU,B0F2GTT4F3,"Dell Tower Plus EBT2250 Desktop Computer - Series 2 Intel Core Ultra 9 285K 24-Core Processor up to 5.7 GHz, 64GB DDR5 RAM, 4TB NVMe SSD, Intel UHD Graphics, Windows 11 Home, Graphite - EBT 2250",2920.31,851.65,2026-10-06,0.0,0,https://www.amazon.com/Dell-Tower-EBT2250-Desktop-Computer/dp/B0F2GTT4F3,0.0,851.65
20261006_050540,2026-10-06T05:20:02.843620+00:00,amazon_usa,CPU,B0HDP3LCKV,"Ultra Black Plus Gaming PC Desktop Computer, Intel Core Ultra 9 285k, GeForce RTX 5080, 64GB DDR5, 2TB SSD, 360 LCD Liquid Cooler, Windows 11 Home, RGB Lighting, Ready to Use",6204.23,1809.34,2026-10-06,0.0,0,https://www.amazon.com/HYPER-CYBER-Desktop-Computer-Lighting/dp/B0HDP3LCKV,0.0,1809.34
20261006_050540,2026-10-06T05:20:02.843620+00:00,amazon_usa,CPU,B0HDP3R95R,"Ultra Black Plus Gaming PC Desktop Computer, Intel Core Ultra 9 285k, GeForce RTX 5090, 64GB DDR5, 1TB SSD, Wonder Vision 360 Turbo, Windows 11 Home, RGB Lighting, Ready to Use",12167.7,3548.47,2026-10-06,0.0,0,https://www.amazon.com/HYPER-CYBER-Desktop-Computer-Lighting/dp/B0HDP3R95R,0.0,3548.47
20261006_050540,2026-10-06T05:20:02.843620+00:00,amazon_usa,CPU,B0HFWXBGJ4,"Lenovo ThinkStation P2 Tower Desktop Computer | Intel Core Ultra 9 285k (24 Cores, Up to 5.7GHz) | 16GB DDR5 RAM, 1TB SSD | AI NPU for CAD & Design | WiFi 7, Bluetooth 5.4 | Win11, Wired KB & Mouse",2115.42,616.92,2026-10-06,0.0,0,https://www.amazon.com/Lenovo-ThinkStation-Desktop-Computer-Bluetooth/dp/B0HFWXBGJ4,0.0,616.92
20261006_050540,2026-10-06T05:20:02.843620+00:00,amazon_usa,CPU,B089J731BX,Intel Core i9-9900K Desktop Processor 8 Cores up to 5.0GHz Unlocked LGA1151 300 Series 95W (BX806849900K),392.11,114.35,2026-10-06,4.8,1800,https://www.amazon.com/Intel-i9-9900K-Processor-Unlocked-BX806849900K/dp/B089J731BX,0.0,114.35
20261006_050540,2026-10-06T05:20:10.744091+00:00,aliexpress,CPU,3256809976564341,15th generation CPU Intel Core Ultra 9 285K Z890 main board RTX40 series 4080S/4090D graphics card,24227.39,7065.44,2026-10-06,0.0,0,,0.0,7065.44
20261006_050540,2026-10-06T05:20:10.744091+00:00,aliexpress,CPU,3256812109462227,For 15th Gen Intel Core Ultra 9 285K CPU Z890 Motherboard Compatible with RTX 40 Series Graphics Cards Including RTX 4080S,23349.74,6809.49,2026-10-06,0.0,0,,0.0,6809.49
20261006_050540,2026-10-06T05:20:10.744091+00:00,aliexpress,CPU,3256810615537589,New AS-US ROG STRIX Z890-A GAMING WIFI DDR5 5G Lan WIFI7 PCIe5.0  LGA 1851 CPU for 15th CPU Ultra 9/7/5 285K 265K 245K Processor,1680.21,490.0,2026-10-06,0.0,0,,0.0,490.0
20261006_050540,2026-10-06T05:20:10.744091+00:00,aliexpress,CPU,3256809512387005,"Vision Elite(Tower) Gaming Desktop,Intel Ultra9 285K , RTX 5090, DDR5 6000",8459.14,2466.94,2026-10-06,0.0,0,,0.0,2466.94
20261006_050540,2026-10-06T05:20:10.744091+00:00,aliexpress,CPU,3256808193859180,"Intel Core i5 14600KF I5-14600KF New CPU processor LGA 1700 , but without cooler",925.49,269.9,2026-10-06,4.6,0,,0.0,269.9
20261006_050540,2026-10-06T05:20:10.744091+00:00,aliexpress,CPU,3256810108964213,Intel Xeon 2680 V4 E5-2680V4 CPU 2.4 GHz fourteen cores 35M 120W 14nm LGA 2011-3,58.12,16.95,2026-10-06,4.9,0,,0.0,16.95
20261006_050540,2026-10-06T05:20:10.744091+00:00,aliexpress,CPU,3256809597511982,AMD Ryzen 9 9950X3D 170W 4.3GHz Gaming Processor 4NM L3=128M 16-Core 32-Thread R9 9950X3D DDR5 Socket AM5 but without  fan,2389.84,696.95,2026-10-06,4.6,0,,0.0,696.95
20261006_050540,2026-10-06T05:20:10.744091+00:00,aliexpress,CPU,3256807956888892,MOREFINE M9PRO Mini PC 12900H Intel Core i9 Gaming Mini PC i5 12500H i7 12800H RAM 16G 512G NVME Desktop Portable Windows 11Pro,2267.22,661.19,2026-10-06,5.0,0,,0.0,661.19
20261006_050540,2026-10-06T05:20:10.744091+00:00,aliexpress,CPU,3256810558380932,MINISFORUM BD895i SE/BD775i SE Motherboard Mini-ITX AMD Ryzen 9 8945HX/Ryzen 7 7745HX 2*DDR5 PCIe5.0x16 2.5G Lan Gaming Computer,1321.67,385.44,2026-10-06,5.0,0,,0.0,385.44
20261006_050540,2026-10-06T05:20:10.744091+00:00,aliexpress,CPU,3256805423809715,Core i5 650 Processor 3.2 GHz Dual-Core 4MB Cache Socket LGA 1156 32nm 73W Desktop CPU I5-650,31.24,9.11,2026-10-06,4.5,0,,0.0,9.11
20261006_050540,2026-10-06T05:20:10.744091+00:00,aliexpress,CPU,3256801212322036,"N6 Mini PC Intel Twin Lake N150 8GB/16GB 512GB/1TB Windows 11 Pro GK3 PLUS Gaming Computer, 4K 60Hz HDMI VGA Win11 Minipc",573.84,167.35,2026-10-06,4.8,0,,0.0,167.35
20261006_050540,2026-10-06T05:20:17.971226+00:00,amazon_usa,CPU,B0DFK2MH2D,Intel Core Ultra 7 Desktop Processor 265K - 20 cores (8 P-cores + 12 E-cores) up to 5.5 GHz,317.49,92.59,2026-10-06,4.7,1300,https://www.amazon.com/Intel-Core-Ultra-Processor-265K/dp/B0DFK2MH2D,0.0,92.59
20261006_050540,2026-10-06T05:20:17.971226+00:00,amazon_usa,CPU,B0HGMML713,Intel 20-Core Ultra 7 265K LGA1851 Desktop Tray Processor (up to 5.5GHz),302.2,88.13,2026-10-06,0.0,0,https://www.amazon.com/20-Core-Ultra-265K-LGA1851-Processor/dp/B0HGMML713,0.0,88.13
20261006_050540,2026-10-06T05:20:17.971226+00:00,amazon_usa,CPU,B0GMKXVVJQ,Intel Core™ Ultra 5 Processor 250K Plus 18 cores (6 P-cores + 12 E-cores) up to 5.3 GHz,221.62,64.63,2026-10-06,4.8,71,https://www.amazon.com/Intel%C2%AE-CoreTM-Processor-250K-P-cores/dp/B0GMKXVVJQ,0.0,64.63
20261006_050540,2026-10-06T05:20:17.971226+00:00,amazon_usa,CPU,B09FXNVDBJ,Intel Core i7-12700K Gaming Desktop Processor with Integrated Graphics and 12 (8P+4E) Cores up to 5.0 GHz Unlocked LGA1700 600 Series Chipset 125W,316.29,92.24,2026-10-06,4.8,3800,https://www.amazon.com/Intel-i7-12700K-Desktop-Processor-Unlocked/dp/B09FXNVDBJ,0.0,92.24
20261006_050540,2026-10-06T05:20:17.971226+00:00,amazon_usa,CPU,B0BCF57FL5,Intel Core i7-13700K Gaming Desktop Processor 16 cores (8 P-cores + 8 E-cores) with Integrated Graphics - Unlocked,453.28,132.19,2026-10-06,4.7,2300,https://www.amazon.com/Intel-i7-13700K-Desktop-Processor-P-cores/dp/B0BCF57FL5,18.0,150.19
20261006_050540,2026-10-06T05:20:17.971226+00:00,amazon_usa,CPU,B01N30X8NM,"Intel Core i7-7700K Unlocked Processor 8M Cache, up to 4.50 GHz, Quad-Core Kaby Lake",175.91,51.3,2026-10-06,4.7,27,https://www.amazon.com/Intel-i7-7700K-Unlocked-Processor-Quad-Core/dp/B01N30X8NM,0.0,51.3
20261006_050540,2026-10-06T05:20:17.971226+00:00,amazon_usa,CPU,B08X6QHYDL,Intel Core™ i7-11700 Desktop Processor 8 Cores up to 4.9 GHz LGA1200 (Intel® 500 Series & Select 400 Series chipset) 65W,492.58,143.65,2026-10-06,4.7,349,https://www.amazon.com/Intel-i7-11700-Desktop-Processor-LGA1200/dp/B08X6QHYDL,0.0,143.65
20261006_050540,2026-10-06T05:20:17.971226+00:00,amazon_usa,CPU,B012M8LXQW,"Intel Core i7 6700K 4.00 GHz Unlocked Quad Core Skylake Desktop Processor, Socket LGA 1151 [BX80662I76700K]",207.35,60.47,2026-10-06,4.7,2600,https://www.amazon.com/Intel-Unlocked-Skylake-Processor-BX80662I76700K/dp/B012M8LXQW,18.0,78.47
20261006_050540,2026-10-06T05:20:17.971226+00:00,amazon_usa,CPU,B07598HLB4,Intel BX80684I78700 8th Gen Core i7-8700 Processor,180.71,52.7,2026-10-06,4.7,1500,https://www.amazon.com/Intel-i7-8700-Desktop-Processor-Cores/dp/B07598HLB4,0.0,52.7
20261006_050540,2026-10-06T05:20:17.971226+00:00,amazon_usa,CPU,B0GS24Q5XW,"Lenovo IdeaCentre Tower Desktop Computer • 20-core Intel Ultra 7 265K Processor • 16GB DDR5 • 512GB SSD • Office 365 for The Web • HDMI + VGA, Wi-Fi 6E • Wired Keyboard & Mouse • Windows 11",1007.34,293.77,2026-10-06,0.0,0,https://www.amazon.com/Lenovo-IdeaCentre-Computer-Processor-Keyboard/dp/B0GS24Q5XW,0.0,293.77
20261006_050540,2026-10-06T05:20:17.971226+00:00,amazon_usa,CPU,B0GS1Q815D,"Lenovo IdeaCentre Tower Desktop Computer • 20-core Intel Ultra 7 265K Processor • 32GB DDR5 • 1TB SSD • Office 365 for The Web • HDMI + VGA, Wi-Fi 6E • Wired Keyboard & Mouse • Windows 11",1309.54,381.9,2026-10-06,0.0,0,https://www.amazon.com/Lenovo-IdeaCentre-Computer-Processor-Keyboard/dp/B0GS1Q815D,0.0,381.9
20261006_050540,2026-10-06T05:20:17.971226+00:00,amazon_usa,CPU,B0GMBD62BM,Lenovo ThinkStation P2 Gen 2 Workstation Desktop | Intel Core Ultra 7 265K Processor | Massive 128GB DDR5 RAM | Lightning Fast 3TB Space(2TB SSD+1TB HDD) | Ethernet & Wifi7 & Bluetooth 5| Win 11 Pro,4029.38,1175.09,2026-10-06,0.0,0,https://www.amazon.com/Lenovo-ThinkStation-Workstation-Processor-Lightning/dp/B0GMBD62BM,0.0,1175.09
20261006_050540,2026-10-06T05:20:17.971226+00:00,amazon_usa,CPU,B0F2TL5JT9,"Dell Tower Desktop, Intel Core Ultra 7-265, 16GB DDR5 RAM, Windows 11 Pro",1157.42,337.54,2026-10-06,4.5,111,https://www.amazon.com/Dell-Tower-Desktop-ECT1250-Processor/dp/B0F2TL5JT9,0.0,337.54
20261006_050540,2026-10-06T05:20:17.971226+00:00,amazon_usa,CPU,B0GS52PLZN,"Lenovo IdeaCentre Tower Desktop Computer • 20-core Intel Ultra 7 265K Processor • 16GB DDR5 • 1TB SSD • Office 365 for The Web • HDMI + VGA, Wi-Fi 6E • Wired Keyboard & Mouse • Windows 11",1108.08,323.15,2026-10-06,0.0,0,https://www.amazon.com/Lenovo-IdeaCentre-Computer-Processor-Keyboard/dp/B0GS52PLZN,0.0,323.15
20261006_050540,2026-10-06T05:20:17.971226+00:00,amazon_usa,CPU,B0FM38DNK7,"Dell 2025 ECT1250 Business Desktop - Intel Ultra 7-265K, (20 Core Processor 20 Threads), 32GB DDR5 Memory, 1TB PCIe SSD, Ultra-Quiet Design, Dual 4K Monitor Support, Keyboard and Mouse, Windows 11",1560.37,455.05,2026-10-06,3.9,11,https://www.amazon.com/Dell-2025-ECT1250-Business-Desktop/dp/B0FM38DNK7,0.0,455.05
20261006_050540,2026-10-06T05:20:17.971226+00:00,amazon_usa,CPU,B0FDWC73L9,Micro Center Bundle Intel Core Ultra7 265K CPU Gigabyte Motherboard Combo,549.98,160.39,2026-10-06,5.0,8,https://www.amazon.com/MICRO-CENTER-CPU-Motherboard-Combo/dp/B0FDWC73L9,0.0,160.39
20261006_050540,2026-10-06T05:20:17.971226+00:00,amazon_usa,CPU,B0GMFY7X64,Lenovo ThinkStation P2 Tower Desktop Computer • 20-core Intel Ultra 7 265K Processor • 64GB DDR5 • 2TB SSD • Office 365 for The Web • HDMI + 2X DisplayPort • Wi-Fi 7 • Wired KB & Mouse • Windows 11,2921.3,851.94,2026-10-06,5.0,4,https://www.amazon.com/Lenovo-ThinkStation-Computer-Processor-DisplayPort/dp/B0GMFY7X64,0.0,851.94
20261006_050540,2026-10-06T05:20:21.813350+00:00,amazon_usa,CPU,B0GMFR8D2M,Lenovo ThinkStation P2 Tower Desktop Computer • 20-core Intel Ultra 7 265K Processor • 64GB DDR5 • 1TB SSD • Office 365 for The Web • HDMI + 2X DisplayPort • Wi-Fi 7 • Wired KB & Mouse • Windows 11,2518.36,734.43,2026-10-06,5.0,4,https://www.amazon.com/Lenovo-ThinkStation-Computer-Processor-DisplayPort/dp/B0GMFR8D2M,0.0,734.43
20261006_050540,2026-10-06T05:20:21.813350+00:00,amazon_usa,CPU,B0GMBD9QM9,Lenovo ThinkStation P2 Gen 2 Workstation Desktop | Intel Core Ultra 7 265K Processor | Massive 128GB DDR5 RAM | Lightning Fast 5TB Space(4TB SSD+1TB HDD) | Ethernet & Wifi7 & Bluetooth 5| Win 11 Pro,4230.84,1233.84,2026-10-06,0.0,0,https://www.amazon.com/Lenovo-ThinkStation-Workstation-Processor-Lightning/dp/B0GMBD9QM9,0.0,1233.84
20261006_050540,2026-10-06T05:20:21.813350+00:00,amazon_usa,CPU,B0GMCJT4JC,Lenovo ThinkStation P2 Gen 2 Workstation Desktop | Intel Core Ultra 7 265K Processor | Massive 128GB DDR5 RAM | Lightning Fast 20TB Space(8TB SSD+12TB HDD) | Ethernet & Wifi7 & Bluetooth 5| Win 11 Pro,5540.37,1615.74,2026-10-06,0.0,0,https://www.amazon.com/Lenovo-ThinkStation-Workstation-Processor-Lightning/dp/B0GMCJT4JC,0.0,1615.74
20261006_050540,2026-10-06T05:20:21.813350+00:00,amazon_usa,CPU,B0GS222N2F,"Lenovo IdeaCentre Tower Desktop Computer • 20-core Intel Ultra 7 265K Processor • 64GB DDR5 • 1TB SSD • Office 365 for The Web • HDMI + VGA, Wi-Fi 6E • Wired Keyboard & Mouse • Windows 11",1813.22,528.79,2026-10-06,0.0,0,https://www.amazon.com/Lenovo-IdeaCentre-Computer-Processor-Keyboard/dp/B0GS222N2F,0.0,528.79
20261006_050540,2026-10-06T05:20:21.813350+00:00,amazon_usa,CPU,B0GS1YDDQ4,"Lenovo IdeaCentre Tower Desktop Computer • 20-core Intel Ultra 7 265K Processor • 32GB DDR5 • 2TB SSD • Office 365 for The Web • HDMI + VGA, Wi-Fi 6E • Wired Keyboard & Mouse • Windows 11",1511.02,440.66,2026-10-06,0.0,0,https://www.amazon.com/Lenovo-IdeaCentre-Computer-Processor-Keyboard/dp/B0GS1YDDQ4,0.0,440.66
20261006_050540,2026-10-06T05:20:21.813350+00:00,amazon_usa,CPU,B0CGJ41C9W,Intel Core™ i7-14700K New Gaming Desktop Processor 20 cores (8 P-cores + 12 E-cores) with Integrated Graphics - Unlocked,301.2,87.84,2026-10-06,4.6,1300,https://www.amazon.com/i7-14700K-Desktop-Processor-Integrated-Graphics/dp/B0CGJ41C9W,0.0,87.84
20261006_050540,2026-10-06T05:20:21.813350+00:00,amazon_usa,CPU,B0FQCL2BNG,Micro Center CPU AIO Combo Intel Core Ultra7 265K Processor+msi Mag A13 360,292.12,85.19,2026-10-06,5.0,2,https://www.amazon.com/MICRO-CENTER-CPU-AIO-Combo/dp/B0FQCL2BNG,0.0,85.19
20261006_050540,2026-10-06T05:20:21.813350+00:00,amazon_usa,CPU,B0GMG648X4,Lenovo ThinkStation P2 Tower Desktop Computer • 20-core Intel Ultra 7 265K Processor • 64GB DDR5 • 4TB SSD • Office 365 for The Web • HDMI + 2X DisplayPort • Wi-Fi 7 • Wired KB & Mouse • Windows 11,3223.5,940.07,2026-10-06,5.0,4,https://www.amazon.com/Lenovo-ThinkStation-Computer-Processor-DisplayPort/dp/B0GMG648X4,0.0,940.07
20261006_050540,2026-10-06T05:20:21.813350+00:00,amazon_usa,CPU,B0GNPNL2ZR,"Dell Pro Slim QCS1250 Business Desktop Computer, Intel Core Ultra 7 265K, 32GB DDR5, 1TB PCIe SSD, Dual 4K Monitor Support, USB-C, HDMI, RJ-45, Wi-Fi, Wired KB & Mouse, Windows 11 Pro",1410.28,411.28,2026-10-06,0.0,0,https://www.amazon.com/Dell-QCS1250-Business-Desktop-Computer/dp/B0GNPNL2ZR,0.0,411.28
20261006_050540,2026-10-06T05:20:21.813350+00:00,amazon_usa,CPU,B0GMFVR48Y,Lenovo ThinkStation P2 Tower Desktop Computer • 20-core Intel Ultra 7 265K Processor • 32GB DDR5 • 2TB SSD • Office 365 for The Web • HDMI + 2X DisplayPort • Wi-Fi 7 • Wired KB & Mouse • Windows 11,2216.16,646.3,2026-10-06,5.0,4,https://www.amazon.com/Lenovo-ThinkStation-Computer-Processor-DisplayPort/dp/B0GMFVR48Y,0.0,646.3
20261006_050540,2026-10-06T05:20:21.813350+00:00,amazon_usa,CPU,B07666S76V,"(Amazon.co.jp Exclusive) Intel Core Ultra 7 Processor 270K Plus (Arrow Lake, LGA 1851), 24 Cores (8P + 16E), Up to 5.50 GHz, Equipped with 36 MB Cache, Box Version BX80768270K/AZ",402.94,117.51,2026-10-06,4.7,20,https://www.amazon.com/Intel-Core-Ultra-270K-Plus/dp/B07666S76V,0.0,117.51
20261006_050540,2026-10-06T05:20:21.813350+00:00,amazon_usa,CPU,B0GMQ16KCF,Intel Core Ultra 7 265K,1155.54,336.99,2026-10-06,0.0,0,https://www.amazon.com/Intel-Core-Ultra-7-265K/dp/B0GMQ16KCF,0.0,336.99
20261006_050540,2026-10-06T05:20:21.813350+00:00,amazon_usa,CPU,B0DTRYQ6B1,Intel Core™ Ultra 7 Desktop Processor 265 20 Cores (8 P-cores +12 E-cores) up to 5.3 GHz,416.07,121.34,2026-10-06,4.8,35,https://www.amazon.com/Intel%C2%AE-CoreTM-Desktop-Processor-P-cores/dp/B0DTRYQ6B1,0.0,121.34
20261006_050540,2026-10-06T05:20:21.813350+00:00,amazon_usa,CPU,B0F5DJJWN4,Micro Center Combo Intel Core Ultra 7 265KF+ msi Z890 Gaming Plus WiFi mobo,473.44,138.07,2026-10-06,3.6,9,https://www.amazon.com/MICRO-CENTER-CPU-Motherbard-Combo/dp/B0F5DJJWN4,0.0,138.07
20261006_050540,2026-10-06T05:20:21.813350+00:00,amazon_usa,CPU,B0GMFZHD4N,Lenovo ThinkStation P2 Tower Desktop Computer • 20-core Intel Ultra 7 265K Processor • 16GB DDR5 • 1TB SSD • Office 365 for The Web • HDMI + 2X DisplayPort • Wi-Fi 7 • Wired KB & Mouse • Windows 11,1813.22,528.79,2026-10-06,5.0,4,https://www.amazon.com/Lenovo-ThinkStation-Computer-Processor-DisplayPort/dp/B0GMFZHD4N,0.0,528.79
20261006_050540,2026-10-06T05:20:21.813350+00:00,amazon_usa,CPU,B0HBW2VWJ6,Micro Center Intel core Ultra 7 270k Plus Bundle w/Asrock Z890 PRO RS WiFi,533.9,155.7,2026-10-06,0.0,0,https://www.amazon.com/Micro-Center-Intel-Bundle-Asrock/dp/B0HBW2VWJ6,0.0,155.7
20261006_050540,2026-10-06T05:20:21.813350+00:00,amazon_usa,CPU,B0FM398MVJ,"Dell 2025 ECT1250 Business Desktop - Intel Ultra 7-265K, (20 Core Processor 20 Threads), 16GB DDR5 Memory, 512GB PCIe SSD, Ultra-Quiet Design, Dual 4K Monitor Support, Keyboard and Mouse, Windows 11",1208.72,352.5,2026-10-06,0.0,0,https://www.amazon.com/Dell-2025-ECT1250-Business-Desktop/dp/B0FM398MVJ,0.0,352.5
20261006_050540,2026-10-06T05:20:21.813350+00:00,amazon_usa,CPU,B0GMFY3K46,Lenovo ThinkStation P2 Tower Desktop Computer • 20-core Intel Ultra 7 265K Processor • 16GB DDR5 • 512GB SSD • Office 365 for The Web • HDMI + 2X DisplayPort • Wi-Fi 7 • Wired KB & Mouse • Windows 11,1712.48,499.41,2026-10-06,5.0,4,https://www.amazon.com/Lenovo-ThinkStation-Computer-Processor-DisplayPort/dp/B0GMFY3K46,0.0,499.41
20261006_050540,2026-10-06T05:20:21.813350+00:00,amazon_usa,CPU,B0G52J91KW,Micro Center CPU AIO Combo Intel Core Ultra7 265K Processor+msi Mag A13 240,342.49,99.88,2026-10-06,5.0,1,https://www.amazon.com/MICRO-CENTER-CPU-AIO-Combo/dp/B0G52J91KW,0.0,99.88
20261006_050540,2026-10-06T05:20:21.813350+00:00,amazon_usa,CPU,B0DX2BZFFB,"HP OMEN 45L Gaming Desktop, Intel Core Ultra 7 265K, 32 GB RAM, 1 TB SSD, NVIDIA GeForce RTX 5070 Ti, Windows 11 Pro, Microsoft Copilot, Tempered Glass, GT22-3060 (2025)",2573.94,750.64,2026-10-06,4.6,15,https://www.amazon.com/HP-Desktop-Microsoft-Tempered-GT22-3060/dp/B0DX2BZFFB,0.0,750.64
20261006_050540,2026-10-06T05:20:25.915779+00:00,amazon_usa,CPU,B0FX637NJ4,"msi Codex R2 AI A2NVL7-464US Desktop PC, Intel Core Ultra 7 265K, 32GB DDR5, 2TB M.2 NVMe Gen4 SSD, NVIDIA GeForce RTX 5060, Win11H (Renewed)",1460.65,425.97,2026-10-06,5.0,1,https://www.amazon.com/msi-Codex-Gaming-Desktop-A2NVL7-464US/dp/B0FX637NJ4,0.0,425.97
20261006_050540,2026-10-06T05:20:25.915779+00:00,amazon_usa,CPU,B0FM37XVQJ,"Dell 2025 ECT1250 Business Desktop - Intel Ultra 7-265K, (20 Core Processor 20 Threads), 64GB DDR5 Memory, 1TB PCIe SSD, Ultra-Quiet Design, Dual 4K Monitor Support, Keyboard and Mouse, Windows 11",2014.67,587.54,2026-10-06,3.4,3,https://www.amazon.com/Dell-2025-ECT1250-Business-Desktop/dp/B0FM37XVQJ,0.0,587.54
20261006_050540,2026-10-06T05:20:25.915779+00:00,amazon_usa,CPU,B0H3KVMDJZ,Micro Center CPU Motherboard Combo -Intel Core Ultra 7 270K Plus 24 cores up to 5.5 GHz Desktop Processor with Asus Z890 AYW Gaming WiFi W LGA 1851 ATX Motherboard,543.94,158.63,2026-10-06,5.0,2,https://www.amazon.com/Micro-Center-Motherboard-Desktop-Processor/dp/B0H3KVMDJZ,0.0,158.63
20261006_050540,2026-10-06T05:20:25.915779+00:00,amazon_usa,CPU,B0H46ZP585,"Customized Dell Pro Slim QCS1250 Business Desktop, Latest OptiPlex AI SFF Version, Core Ultra 7 265K, 32GB DDR5 1TB SSD, Up to 64GB RAM 4TB SSD, Dual 4K Display Support, USB-C, Wi-Fi, Win11 Pro",1410.28,411.28,2026-10-06,0.0,0,https://www.amazon.com/WOWPC-Customized-QCS1250-Business-OptiPlex/dp/B0H46ZP585,0.0,411.28
20261006_050540,2026-10-06T05:20:25.915779+00:00,amazon_usa,CPU,B0F1QPLCGS,"HP OMEN 45L Gaming Desktop, Intel Core Ultra 7 265K, 32 GB RAM, 2TB SSD, NVIDIA GeForce RTX 5080, Windows 11 Pro, Microsoft Copilot, Tempered Glass, GT22-3080 (2025)",3524.7,1027.91,2026-10-06,4.0,13,https://www.amazon.com/HP-Desktop-Microsoft-Tempered-GT22-3080/dp/B0F1QPLCGS,0.0,1027.91
20261006_050540,2026-10-06T05:20:25.915779+00:00,amazon_usa,CPU,B0HH8VM67P,"Lenovo IdeaCentre Tower Desktop Computer, Intel Ultra 7 265K (20-core), 16GB DDR5, 1TB SSD, Office 365 for The Web, HDMI + VGA, Wi-Fi 6E, Wired Keyboard & Mouse, Windows 11",1108.08,323.15,2026-10-06,0.0,0,https://www.amazon.com/Lenovo-IdeaCentre-Tower-Computer-Keyboard/dp/B0HH8VM67P,0.0,323.15
20261006_050540,2026-10-06T05:20:25.915779+00:00,amazon_usa,CPU,B0H8BJ2219,"Lenovo IdeaCentre Next Gen AI Tower Business Desktop Computer, 20-Core Intel Ultra 7 265K, 64GB DDR5, 2TB SSD, HDMI + VGA, Wi-Fi, RJ-45, USB-C, Wired Keyboard & Mouse, Win11",1813.22,528.79,2026-10-06,0.0,0,https://www.amazon.com/Lenovo-IdeaCentre-Tower-Business-Computer/dp/B0H8BJ2219,0.0,528.79
20261006_050540,2026-10-06T05:20:25.915779+00:00,amazon_usa,CPU,B0H2Z7VF4G,"Intel Core Ultra 7 265KF Desktop Processor, 20 Cores, up to 5.5 GHz, 36MB Cache, LGA1851 Socket, 125W, No Thermal Solution",331.41,96.65,2026-10-06,0.0,0,https://www.amazon.com/Core-Ultra-Desktop-Processor-Solution/dp/B0H2Z7VF4G,0.0,96.65
20261006_050540,2026-10-06T05:20:25.915779+00:00,amazon_usa,CPU,B0GWMHJLBR,"Lenovo ThinkStation P2 Tower Desktop Computer | Intel Core Ultra 7 265k (20 Cores, Up to 5.5GHz) | 32GB DDR5 RAM, 2TB SSD | AI NPU for CAD & Design | WiFi 7, Bluetooth 5.4 | Wired KB & Mouse",2216.16,646.3,2026-10-06,0.0,0,https://www.amazon.com/Lenovo-ThinkStation-Desktop-Computer-Bluetooth/dp/B0GWMHJLBR,0.0,646.3
20261006_050540,2026-10-06T05:20:25.915779+00:00,amazon_usa,CPU,B0H8BFP6G1,"Lenovo IdeaCentre Next Gen AI Tower Business Desktop Computer, 20-Core Intel Ultra 7 265K, 32GB DDR5, 1TB SSD, HDMI + VGA, Wi-Fi, RJ-45, USB-C, Wired Keyboard & Mouse, Win11",1309.54,381.9,2026-10-06,0.0,0,https://www.amazon.com/Lenovo-IdeaCentre-Tower-Business-Computer/dp/B0H8BFP6G1,0.0,381.9
20261006_050540,2026-10-06T05:20:25.915779+00:00,amazon_usa,CPU,B0DX28YCNG,"HP OMEN 45L Gaming Desktop, Intel Core Ultra 7 265K, 16 GB RAM, 1 TB SSD, NVIDIA GeForce RTX 5070, Windows 11 Pro, Microsoft Copilot, Tempered Glass, GT22-3050 (2025)",1958.58,571.18,2026-10-06,3.9,7,https://www.amazon.com/HP-Desktop-Microsoft-Tempered-GT22-3050/dp/B0DX28YCNG,0.0,571.18
20261006_050540,2026-10-06T05:20:25.915779+00:00,amazon_usa,CPU,B0CWLRYRGQ,"Alienware Aurora ACT1250 Desktop 1TB SSD 96GB DDR5 RAM Win 11 Pro (Intel 15th Gen Core Ultra 7 265K Processor with Turbo Boost to 5.50GHz, NVIDIA GeForce RTX 8GB GDDR6) Gaming PC Business Computer",2517.37,734.14,2026-10-06,1.0,1,https://www.amazon.com/Alienware-Aurora-R16-Generation-i7-14700K/dp/B0CWLRYRGQ,0.0,734.14
20261006_050540,2026-10-06T05:20:25.915779+00:00,amazon_usa,CPU,B0GNPWJJFP,"Dell Pro Slim QCS1250 Business Desktop Computer, Intel Core Ultra 7 265K, 16GB DDR5, 512GB PCIe SSD, Dual 4K Monitor Support, USB-C, HDMI, RJ-45, Wi-Fi, Wired KB & Mouse, Windows 11 Pro",1108.08,323.15,2026-10-06,0.0,0,https://www.amazon.com/Dell-QCS1250-Business-Desktop-Computer/dp/B0GNPWJJFP,0.0,323.15
20261006_050540,2026-10-06T05:20:30.321123+00:00,amazon_usa,CPU,B0GMLFFHS1,Intel Core™ Ultra 5 Processor 250KF Plus 18 cores (6 P-cores + 12 E-cores) up to 5.3 GHz,201.45,58.75,2026-10-06,4.6,28,https://www.amazon.com/Intel%C2%AE-CoreTM-Processor-P-cores-cores/dp/B0GMLFFHS1,0.0,58.75
20261006_050540,2026-10-06T05:20:30.321123+00:00,amazon_usa,CPU,B0H477MFPG,"Customized Dell Pro Slim QCS1250 Business Desktop, Latest OptiPlex AI SFF Version, Core Ultra 7 265K, 16GB DDR5 512GB SSD, Up to 64GB RAM 4TB SSD, Dual 4K Display Support, USB-C, Wi-Fi, Win11Pro",1108.08,323.15,2026-10-06,0.0,0,https://www.amazon.com/WOWPC-Customized-QCS1250-Business-OptiPlex/dp/B0H477MFPG,0.0,323.15
20261006_050540,2026-10-06T05:20:30.321123+00:00,amazon_usa,CPU,B0H8B3CX1Z,"Lenovo IdeaCentre Next Gen AI Tower Business Desktop Computer, 20-Core Intel Ultra 7 265K, 32GB DDR5, 1TB SSD, HDMI + VGA, Wi-Fi, RJ-45, USB-C, Wired Keyboard & Mouse, Windows 11",1309.54,381.9,2026-10-06,1.0,1,https://www.amazon.com/Lenovo-IdeaCentre-Tower-Business-Computer/dp/B0H8B3CX1Z,0.0,381.9
20261006_050540,2026-10-06T05:20:30.321123+00:00,amazon_usa,CPU,B09FXKHN7M,Intel Core™ i7-12700KF Desktop Processor 12 (8P+4E) Cores up to 5.0 GHz Unlocked LGA1700 600 Series Chipset 125W,238.73,69.62,2026-10-06,4.7,3300,https://www.amazon.com/Intel-i7-12700KF-Desktop-Processor-Unlocked/dp/B09FXKHN7M,18.0,87.62
20261006_050540,2026-10-06T05:20:30.321123+00:00,amazon_usa,CPU,B0HFYPDSCM,Core Ultra 7 AI Workstation - Intel Core Ultra 7 265K - ARC PRO B70-32GB DDR5-2TB SSD - Windows 11 Pro - 850W,3524.7,1027.91,2026-10-06,0.0,0,https://www.amazon.com/AVGPC-Core-Ultra-AI-Workstation/dp/B0HFYPDSCM,0.0,1027.91
20261006_050540,2026-10-06T05:20:30.321123+00:00,amazon_usa,CPU,B0HFW8Y9ZP,"Lenovo ThinkStation P2 Tower Desktop Computer | Intel Core Ultra 7 265k (20 Cores, Up to 5.5GHz) | 32GB DDR5 RAM, 1TB SSD | AI NPU for CAD & Design | WiFi 7, Bluetooth 5.4 | Wired KB & Mouse",2014.67,587.54,2026-10-06,0.0,0,https://www.amazon.com/Lenovo-ThinkStation-Desktop-Computer-Bluetooth/dp/B0HFW8Y9ZP,0.0,587.54
20261006_050540,2026-10-06T05:20:30.321123+00:00,amazon_usa,CPU,B01GW6AEHY,"Centaurus Virgo 4 PC - Intel Core Ultra 7 265K 20-Core, GeForce RTX 5060 Ti, 2TB NVMe SSD, 32GB DDR5 RAM, Liquid Cooler, Windows 11 PRO, WiFi. Custom Gaming Computer Workstation, ARGB, Glass",2212.08,645.11,2026-10-06,5.0,3,https://www.amazon.com/Centaurus-Virgo-Gaming-Computer-Six-Core/dp/B01GW6AEHY,0.0,645.11
20261006_050540,2026-10-06T05:20:30.321123+00:00,amazon_usa,CPU,B0GNQ41RNJ,"Dell Pro Slim QCS1250 Business Desktop Computer, Intel Core Ultra 7 265K, 32GB DDR5, 1TB PCIe SSD, Dual 4K Monitor Support, USB-C, HDMI, RJ-45, Wi-Fi, Wired KB & Mouse, Windows 11",1410.28,411.28,2026-10-06,1.0,1,https://www.amazon.com/Dell-QCS1250-Business-Desktop-Computer/dp/B0GNQ41RNJ,0.0,411.28
20261006_050540,2026-10-06T05:20:30.321123+00:00,amazon_usa,CPU,B0HJLMVVMX,"Lenovo ThinkStation P2 Tower Desktop Computer, Intel Ultra7 265K (20-core), 32GB DDR5, 1TB SSD, Office 365 for The Web, HDMI + 2X DisplayPort, Wi-Fi 7, Wired KB & Mouse, Windows 11",2014.67,587.54,2026-10-06,0.0,0,https://www.amazon.com/Lenovo-ThinkStation-P2-Tower-DisplayPort/dp/B0HJLMVVMX,0.0,587.54
20261006_050540,2026-10-06T05:20:30.321123+00:00,amazon_usa,CPU,B0CGJC178L,Intel Core™ i7-14700KF New Gaming Desktop Processor 20 cores (8 P-cores + 12 E-cores) - Unlocked,281.04,81.96,2026-10-06,4.7,794,https://www.amazon.com/Intel%C2%AE-i7-14700KF-Desktop-Processor-P-cores/dp/B0CGJC178L,0.0,81.96
20261006_050540,2026-10-06T05:20:30.321123+00:00,amazon_usa,CPU,B0HK3HKDVP,"Lenovo IdeaCentre Tower Desktop Computer, Intel Ultra 7 265K (20-core)",1108.08,323.15,2026-10-06,0.0,0,https://www.amazon.com/Lenovo-IdeaCentre-Tower-Desktop-Computer/dp/B0HK3HKDVP,0.0,323.15
20261006_050540,2026-10-06T05:20:30.321123+00:00,amazon_usa,CPU,B0DZP5GHRZ,ORIGIN PC Neuron Gaming PC – Liquid Cooled Intel® Core™ Ultra 7 265K CPU – NVIDIA® GeForce RTX™ 5070 GPU – 32GB Corsair Vengeance RGB DDR5 Memory – 2TB M.2 SSD – Black,2921.3,851.94,2026-10-06,4.6,3,https://www.amazon.com/Origin-PC-Neuron-Gaming-Vengeance/dp/B0DZP5GHRZ,0.0,851.94
20261006_050540,2026-10-06T05:20:30.321123+00:00,amazon_usa,CPU,B0DTY8QZV3,"Skytech Gaming King 95 Desktop PC, Intel Ultra 7 265K 3.9 GHz(5.4 GHz), NVIDIA RTX 5070 12GB, Z890 Board, 1TB Gen4 NVMe SSD, 32GB DDR5 RAM 6000 RGB, 850W Gold PSU, 360mm ARGB AIO, Wi-Fi, Win 11",2316.87,675.67,2026-10-06,4.3,3,https://www.amazon.com/Skytech-Gaming-Desktop-Ultra-NVIDIA/dp/B0DTY8QZV3,0.0,675.67
20261006_050540,2026-10-06T05:20:30.321123+00:00,amazon_usa,CPU,B0F33W7TGC,"Centaurus Berserk GX2 Gaming PC, Intel Core Ultra 7 265K 20-Core, Radeon RX 9070 GRE 12GB, 32GB DDR5 6000MHz RAM, 1TB NVMe SSD, Win 11 PRO, Liquid Cooler. WiFi. Desktop Computer, Video Audio Editing",2012.62,586.94,2026-10-06,0.0,0,https://www.amazon.com/Centaurus-Berserk-20-Core-GeForce-Computer/dp/B0F33W7TGC,0.0,586.94
20261006_050540,2026-10-06T05:20:30.321123+00:00,amazon_usa,CPU,B0H9S1HXTW,Ultra 7 270K Plus Cores Ultra 7 270K Plus CPU Processor,860.78,251.03,2026-10-06,0.0,0,https://www.amazon.com/Ultra-270K-Plus-Cores-Processor/dp/B0H9S1HXTW,18.0,269.03
20261006_050540,2026-10-06T05:20:30.321123+00:00,amazon_usa,CPU,B0FHTNQNTR,"msi AEGIS RS2 AI C2NVP7-1443US Desktop PC, Intel Core Ultra 7 Processor 265K, 32GB DDR5, 2TB M.2 NVMe Gen4, NVIDIA GeForce RTX 5070, Win11H (Renewed)",2920.31,851.65,2026-10-06,0.0,0,https://www.amazon.com/Gaming-3-3GHz-Processor-GeForce-DDR5-6000/dp/B0FHTNQNTR,0.0,851.65
20261006_050540,2026-10-06T05:20:30.321123+00:00,amazon_usa,CPU,B07DX6XML9,"Centaurus Polaris 4T7 Gaming PC - Intel Core Ultra 7 265K 20-Core, GeForce RTX 5070, 32GB DDR5 RAM, 1TB NVMe SSD, Glass, RGB, WiFi, CPU Liquid Cooler AIO, Windows 11 PRO. Custom Professional Desktop",2275.55,663.62,2026-10-06,5.0,2,https://www.amazon.com/Centaurus-Polaris-4T7-Gaming-PC/dp/B07DX6XML9,0.0,663.62
20261006_050540,2026-10-06T05:20:30.321123+00:00,amazon_usa,CPU,B0HLKB3SBX,Ultra 7 265KF CPU Processor 3.3GHz 20 cores Threads LGA 1851,755.48,220.32,2026-10-06,0.0,0,https://www.amazon.com/Ultra-265KF-Processor-3-3GHz-Threads/dp/B0HLKB3SBX,0.0,220.32
20261006_050540,2026-10-06T05:20:35.043940+00:00,amazon_usa,CPU,B0DJTGPWDK,"Panorama XL RTX 5060 Ti, Intel 20-Core Ultra 7 265KF Processor, 32GB DDR5 RAM, 1TB Gen4 NVMe SSD, Liquid Cooled Gaming Desktop w/Windows 11 Pro, 3-Year Warranty, RGB Keyboard+Mouse, Internal Wi-Fi 6E",2417.62,705.05,2026-10-06,0.0,0,https://www.amazon.com/Panorama-PC-Processor-WaterCooled-PreBuilt/dp/B0DJTGPWDK,0.0,705.05
20261006_050540,2026-10-06T05:20:35.043940+00:00,amazon_usa,CPU,B0GN9LMSMY,"Pulse Gaming Desktop, Intel Core Ultra 7 265K, GeForce RTX 5060 TI 16GB, 16GB DDR5, 2TB SSD, Tower Fan Black Cooler, Windows 11 Home, RGB Lighting, Ready to Use",3423.96,998.53,2026-10-06,0.0,0,https://www.amazon.com/HYPER-CYBER-Desktop-GeForce-Lighting/dp/B0GN9LMSMY,0.0,998.53
20261006_050540,2026-10-06T05:20:35.043940+00:00,amazon_usa,CPU,B0FJM28HRF,"HP OMEN 45L GT22 Gaming Desktop PC- Intel Core Ultra 7 265K up to 5.5 GHz Processor, 32GB DDR5 RAM, 1TB NVMe SSD, NVIDIA GeForce RTX 5070, Liquid Cooling, RGB Lighting, AI Copilot, Windows 11 Pro",3071.39,895.71,2026-10-06,0.0,0,https://www.amazon.com/45L-GT22-Desktop-Processor-Lighting/dp/B0FJM28HRF,0.0,895.71
20261006_050540,2026-10-06T05:20:35.043940+00:00,amazon_usa,CPU,B0DJ3R9S8X,"msi Aegis RS2 AI Gaming Desktop: Intel Ultra 7 265K, Geforce RTX 4070 Super, 32GB DDR5, 2TB M.2 NVMe SSD, Liquid Cooling, USB Type C, VR-Ready, Window 11 Home: C2NUE7-1075US",2619.07,763.8,2026-10-06,5.0,1,https://www.amazon.com/MSI-Aegis-Gaming-Desktop-C2NUE7-1075US/dp/B0DJ3R9S8X,0.0,763.8
20261006_050540,2026-10-06T05:20:35.043940+00:00,amazon_usa,CPU,B0F5B4CWYZ,"Skytech Gaming PC Legacy 4, Ultra 7, RTX 5070 Ti, 32GB RAM, 4TB SSD",3223.5,940.07,2026-10-06,0.0,0,https://www.amazon.com/Skytech-Legacy-Gaming-Desktop-NVIDIA/dp/B0F5B4CWYZ,0.0,940.07
20261006_050540,2026-10-06T05:20:35.043940+00:00,amazon_usa,CPU,B0FG2XWDXG,"Skytech Gaming PC Aqua, Ultra 7, RX 9070 XT, 32GB RAM, 1TB SSD",2044.88,596.35,2026-10-06,0.0,0,https://www.amazon.com/Skytech-Gaming-Desktop-Intel-Ultra/dp/B0FG2XWDXG,0.0,596.35
20261006_050540,2026-10-06T05:20:35.043940+00:00,amazon_usa,CPU,B0HJFST6Q6,"Dell Pro Max Slim Desktop, Ultra 7-265K, 16GB DDR5, 1TB SSD, Windows 11 Pro",2417.62,705.05,2026-10-06,0.0,0,https://www.amazon.com/Dell-Desktop-Ultra-7-265K-Windows/dp/B0HJFST6Q6,0.0,705.05
20261006_050540,2026-10-06T05:20:35.043940+00:00,amazon_usa,CPU,B0B5PX8QBD,Amazon Renewed Core i9-11900 8-Core Up to 5.2Ghz Processor SRKNJ,317.29,92.53,2026-10-06,0.0,0,https://www.amazon.com/i9-11900-Desktop-Processor-LGA1200-Chipset/dp/B0B5PX8QBD,0.0,92.53
20261006_050540,2026-10-06T05:20:35.043940+00:00,amazon_usa,CPU,B0FMLS66LR,"Titan 7 Gaming PC Desktop Bundle - Core Ultra 7 265K, RTX 5060 TI, 64GB DDR5, 2TB SSD, RGB, Windows 11, Wi-Fi, Monitor",2881.01,840.19,2026-10-06,0.0,0,https://www.amazon.com/Gigatech-Gaming-Desktop-Monitor-Bundle/dp/B0FMLS66LR,0.0,840.19
20261006_050540,2026-10-06T05:20:35.043940+00:00,amazon_usa,CPU,B086ML4XSB,Intel Core i7-10700K Desktop Processor 8 Cores up to 5.1 GHz Unlocked LGA1200 (Intel 400 Series Chipset) 125W (BX8070110700K),372.7,108.69,2026-10-06,4.8,3800,https://www.amazon.com/Intel-i7-10700K-Processor-Unlocked-BX8070110700K/dp/B086ML4XSB,0.0,108.69
20261006_050540,2026-10-06T05:20:35.043940+00:00,amazon_usa,CPU,B0GNPJRJ8W,"Dell Pro Slim QCS1250 Business Desktop Computer, Intel Core Ultra 7 265K, 16GB DDR5, 512GB PCIe SSD, Dual 4K Monitor Support, USB-C, HDMI, RJ-45, Wi-Fi, Wired KB & Mouse, Windows 11",1108.08,323.15,2026-10-06,1.0,1,https://www.amazon.com/Dell-QCS1250-Business-Desktop-Computer/dp/B0GNPJRJ8W,0.0,323.15
20261006_050540,2026-10-06T05:20:35.043940+00:00,amazon_usa,CPU,B0HLKNFDH3,"Phantom Gaming PC Desktop Computer, Intel Core Ultra 7 270K Plus, GeForce RTX 5090, 32GB DDR5, 2TB SSD, Tower Fan Black, Windows 11 Home, RGB Lighting, Ready to Use",10979.04,3201.82,2026-10-06,0.0,0,https://www.amazon.com/HYPER-CYBER-Phantom-Computer-Lighting/dp/B0HLKNFDH3,0.0,3201.82
20261006_050540,2026-10-06T05:20:35.043940+00:00,amazon_usa,CPU,B0DYRDH7RJ,"msi Aegis RS2 AI Gaming Desktop: Intel Ultra 7 265K, Geforce RTX 5070, 32GB DDR5, 1TB M.2 NVMe SSD, Liquid Cooling, Wi-Fi 7, VR-Ready, Window 11 Home: C2NVP7-1445US",2291.7,668.33,2026-10-06,0.0,0,https://www.amazon.com/MSI-Aegis-Gaming-Desktop-C2NVP7-1445US/dp/B0DYRDH7RJ,0.0,668.33
20261006_050540,2026-10-06T05:20:35.043940+00:00,amazon_usa,CPU,B0F928KVJ6,"TWELF Moonlight Gaming PC – Ultra 7 265KF, RTX 5070 12GB, 32GB DDR5, 1TB NVMe SSD – 360mm AIO, Windows 11 Pro, VR Ready - Mystery Gift Included",2518.36,734.43,2026-10-06,5.0,1,https://www.amazon.com/TWELF-Moonlight-Gaming-PC-i9-12900KF/dp/B0F928KVJ6,0.0,734.43
20261006_050540,2026-10-06T05:20:35.043940+00:00,amazon_usa,CPU,B0FMLDCM39,"Titan 7 Gaming PC Desktop - Core Ultra 7 265K, RTX 5060 TI, 32GB DDR5, 2TB SSD, RGB, Windows 11, Wi-Fi",2403.52,700.94,2026-10-06,0.0,0,https://www.amazon.com/Gigatech-Gaming-Titan-Desktop-Processor/dp/B0FMLDCM39,0.0,700.94
20261006_050540,2026-10-06T05:20:35.043940+00:00,amazon_usa,CPU,B09139KNX2,"Amazon Renewed Core i7-10700 Desktop Processor 8 Cores up to 4.8 GHz LGA 1200 (Intel 400 Series Chipset) 65W, BX8070110700 (Renewed)",176.25,51.4,2026-10-06,4.8,25,https://www.amazon.com/Intel-i7-10700-Desktop-Processor-BX8070110700/dp/B09139KNX2,0.0,51.4
20261006_050540,2026-10-06T05:20:35.043940+00:00,amazon_usa,CPU,B0CQ1P2TRN,Intel Core i7-14700F Desktop Processor 20 cores (8 P-cores + 12 E-cores) up to 5.4 GHz,332.41,96.94,2026-10-06,4.6,227,https://www.amazon.com/Intel-i7-14700F-Desktop-Processor-P-cores/dp/B0CQ1P2TRN,0.0,96.94
20261006_050540,2026-10-06T05:20:35.043940+00:00,amazon_usa,CPU,B0G62HHJLK,Shuttle XPC Slim DH810 Barebone PC Intel H810 Support 65W Arrow Lake-s LGA1851 CPU No Ram No HDD/SSD No CPU No OS (Vesa Mount Included),512.74,149.53,2026-10-06,0.0,0,https://www.amazon.com/Shuttle-DH810-Barebone-Support-Included/dp/B0G62HHJLK,0.0,149.53
20261006_050540,2026-10-06T05:20:35.043940+00:00,amazon_usa,CPU,B0HLDHSBCR,"Phantom Gaming PC Desktop Computer, Intel Core Ultra 7 270K Plus, GeForce RTX 5070 12GB, 32GB DDR5, 2TB SSD, Tower Fan Black, Windows 11 Home, RGB Lighting, Ready to Use",4088.81,1192.42,2026-10-06,0.0,0,https://www.amazon.com/HYPER-CYBER-Phantom-Computer-Lighting/dp/B0HLDHSBCR,0.0,1192.42
20261006_050540,2026-10-06T05:20:35.043940+00:00,amazon_usa,CPU,B0HLKWVKTV,"Phantom Gaming PC Desktop Computer, Intel Core Ultra 7 270K Plus, Radeon RX 9070 XT, 32GB DDR5, 2TB SSD, Tower Fan Black, Windows 11 Home, RGB Lighting, Ready to Use",3907.48,1139.54,2026-10-06,0.0,0,https://www.amazon.com/HYPER-CYBER-Phantom-Computer-Lighting/dp/B0HLKWVKTV,0.0,1139.54
20261006_050540,2026-10-06T05:20:35.043940+00:00,amazon_usa,CPU,B0HLKJ4Z5C,"Phantom Gaming PC Desktop Computer, Intel Core Ultra 7 270K Plus, GeForce RTX 5090, 64GB DDR5, 2TB SSD, Tower Fan Black, Windows 11 Home, RGB Lighting, Ready to Use",11603.6,3383.96,2026-10-06,0.0,0,https://www.amazon.com/HYPER-CYBER-Phantom-Computer-Lighting/dp/B0HLKJ4Z5C,0.0,3383.96
20261006_050540,2026-10-06T05:20:35.043940+00:00,amazon_usa,CPU,B0HKZDYGDP,"Phantom Gaming PC Desktop Computer, Intel Core Ultra 7 270K Plus, GeForce RTX 5050, 32GB DDR5, 2TB SSD, Tower Fan Black, Windows 11 Home, RGB Lighting, Ready to Use",3323.22,969.15,2026-10-06,0.0,0,https://www.amazon.com/HYPER-CYBER-Phantom-Computer-Lighting/dp/B0HKZDYGDP,0.0,969.15
20261006_050540,2026-10-06T05:20:42.883197+00:00,aliexpress,CPU,3256812194503849,CPU ULTRA 7 265K U7 265K CPU Processor in stock,2035.15,593.51,2026-10-06,0.0,0,,0.0,593.51
20261006_050540,2026-10-06T05:20:42.883197+00:00,aliexpress,CPU,3256807474622531,Intel Xeon Gold 6138 2.0GHz 27.5MB Smart Cache 20-Cores 40-Thread 125W LGA3647 CPU Processor,3.74,1.09,2026-10-06,4.8,0,,0.0,1.09
20261006_050540,2026-10-06T05:20:42.883197+00:00,aliexpress,CPU,3256812762277495,GMKtec K13 Gaming Mini Pc Intel ®   Core ™   Ultra 7 16Gb Ram 1Tb Ssd 256V Dual 2.5g Lan Desktop Mini Computers Wifi 6E/Bt5.2 Usb-C,3329.04,970.85,2026-10-06,0.0,0,,0.0,970.85
20261006_050540,2026-10-06T05:20:42.883197+00:00,aliexpress,CPU,3256807939905603,Intel Core i5 14600KF New (14th gen) 3.5GHz 14-Core 20-Thread CPU L3=24M 125W LGA 1700 but without Cooler,1116.93,325.73,2026-10-06,3.3,0,,0.0,325.73
20261006_050540,2026-10-06T05:20:42.883197+00:00,aliexpress,CPU,3256803949511843,Intel Core i3 12100F CPU  New i3-12100F 3.3 GHz 4-Core 8-Thread 65W LGA 1700,402.87,117.49,2026-10-06,4.0,0,,0.0,117.49
20261006_050540,2026-10-06T05:20:42.883197+00:00,aliexpress,CPU,3256807966946078,5PCS TOP264VG TOP266VG TOP267VG TOP264 TOP266 TOP267 EDIP-12 Power management chip New original,17.04,4.97,2026-10-06,5.0,0,,0.0,4.97
20261006_050540,2026-10-06T05:20:42.883197+00:00,aliexpress,CPU,3256810099217641,Bands For Garmin Venu 4 45mm 22mm Watch Strap for Venu 3 2 Forerunner 265 255 Music 570 47mm Vivoactive4 Silicone Sport Bracelet,9.94,2.9,2026-10-06,4.9,0,,0.0,2.9
20261006_050540,2026-10-06T05:20:42.883197+00:00,aliexpress,CPU,3256806952708898,Xmeye 4K 16Ch Digital Video Recorder Board Mstar Ssr621Q Cpu Nvr 16 Channels Two Ways Audio P2P Onvif Cctv Security Protection,88.91,25.93,2026-10-06,4.9,0,,0.0,25.93
20261006_050540,2026-10-06T05:20:42.883197+00:00,aliexpress,CPU,3256804224695944,AMD Ryzen Threadripper 1950X 16 Cores 32 Threads Base Clock 3.4GHz Max. Boost Up to 4.0GHz Socket sTR4 TDP180W,668.55,194.97,2026-10-06,3.0,0,,0.0,194.97
20261006_050540,2026-10-06T05:20:42.883197+00:00,aliexpress,CPU,3256805926731840,AMD EPYC 7551 CPU 32 Core 2.0 GHz Server Processor 180W 64MB Socket SP3 64-Thread CPU EPYC7551 Processors PS7551BDVIHAF,118.54,34.57,2026-10-06,5.0,0,,0.0,34.57
20261006_050540,2026-10-06T05:20:42.883197+00:00,aliexpress,CPU,3256809104518145,TV Box Android 16 T95 8K Ultra 4K 8GB 128GB Smart TV Box Bluetooth 6.0 Dual Wifi 5G Allwinner H616 Media Player Google Assistant,123.99,36.16,2026-10-06,4.6,0,,0.0,36.16
20261006_050540,2026-10-06T05:20:42.883197+00:00,aliexpress,CPU,3256806050910856,3pcs TPU Protective Film For Garmin Venu 2 Plus 3 3S Vivoactive 4 4s MARQ2 Forerunner 265S 265 965 Screen Protector Not Glass,3.74,1.09,2026-10-06,4.2,0,,0.0,1.09
20261006_050540,2026-10-06T05:20:42.883197+00:00,aliexpress,CPU,3256807428419499,"Radxa ZERO 3W RK3566 4-core CPU SBC, GPU, NPU, HDMI with 1080P Output,  and WiFi 6 & BT 5.4, Single Board Computer",182.94,53.35,2026-10-06,4.9,0,,0.0,53.35
20261006_050540,2026-10-06T05:20:42.883197+00:00,aliexpress,CPU,3256806816819929,"Radxa ROCK Pi E RK3328 4-core CPU, Dual Gigabit Ethernet,WiFi4 or WiFi5 Optional and eMMC Optional ,Single Board Computer",148.13,43.2,2026-10-06,4.7,0,,0.0,43.2
20261006_050540,2026-10-06T05:20:42.883197+00:00,aliexpress,CPU,3256812137868711,Sipeed MaixCAM2 4K AI Visual Camera Image RISC-V Rapid Deployment of AI Vision and Audio Applications Local LLMs OPENCV VLM YOLO,401.57,117.11,2026-10-06,5.0,0,,0.0,117.11
20261006_050540,2026-10-06T05:20:42.883197+00:00,aliexpress,CPU,3256809855065210,BolyGuard BG662-HQ Trail Camera 940nm Night Vision Invisible 4K Video 56MP Wildlife Hunting Game Camera Portable IP68 Waterproof,480.13,140.02,2026-10-06,5.0,0,,0.0,140.02
20261006_050540,2026-10-06T05:20:42.883197+00:00,aliexpress,CPU,3256807140735242,Gadinan 6MP Dual Lens PTZ POE IP Camera Outdoor Home Video Security Surveillance Motion Detection CCTV Support Onvif XMEye iCSee,104.0,30.33,2026-10-06,5.0,0,,0.0,30.33
20261006_050540,2026-10-06T05:20:42.883197+00:00,aliexpress,CPU,3256808301230259,Intel Core i5 14400F 2.5GHz 10-Core 16-Thread CPU Processor 65W LGA 1700 No cooler,782.22,228.12,2026-10-06,5.0,0,,0.0,228.12
20261006_050540,2026-10-06T05:20:42.883197+00:00,aliexpress,CPU,3256808585753064,"i5 14400F Intel New Core I5-14400F CPU processor LGA 1700 , but without cooler",715.98,208.8,2026-10-06,5.0,0,,0.0,208.8
20261006_050540,2026-10-06T05:20:42.883197+00:00,aliexpress,CPU,3256809458377821,14400F but without cooler,531.5,155.0,2026-10-06,4.8,0,,0.0,155.0
20261006_050540,2026-10-06T05:20:54.999287+00:00,amazon_usa,GPU,B0DS2R6948,"GIGABYTE GeForce RTX 5080 Gaming OC 16G Graphics Card, WINDFORCE Cooling System, 16GB 256-bit GDDR7, GV-N5080GAMING OC-16GD Video Card",1666.15,485.9,2026-10-06,4.6,190,https://www.amazon.com/GIGABYTE-Graphics-WINDFORCE-GV-N5080GAMING-OC-16GD/dp/B0DS2R6948,0.0,485.9
20261006_050540,2026-10-06T05:20:54.999287+00:00,amazon_usa,GPU,B0DQSMMCSH,ASUS TUF Gaming GeForce RTX™ 5080 16GB GDDR7 OC Edition Graphics Card,1844.77,537.99,2026-10-06,4.6,284,https://www.amazon.com/ASUS-Certified-Cybenetics-Intelligent-Stabilizer/dp/B0DQSMMCSH,0.0,537.99
20261006_050540,2026-10-06T05:20:54.999287+00:00,amazon_usa,GPU,B0GVGP3JG3,"msi Gaming RTX 5080 16G Ventus 3X OC Black Graphics Card (16GB GDDR7, 256-bit, Extreme Clock 2640 MHz, DisplayPort x 3 2.1a, HDMI 2.1b, NVIDIA Blackwell Architecture)",1692.31,493.53,2026-10-06,4.7,9,https://www.amazon.com/msi-Graphics-DisplayPort-Blackwell-Architecture/dp/B0GVGP3JG3,0.0,493.53
20261006_050540,2026-10-06T05:20:54.999287+00:00,amazon_usa,GPU,B0DSWQNGYF,"msi Gaming RTX 5080 16G Ventus 3X OC White Graphics Card (16GB GDDR7, 256-bit, Extreme Clock TBD MHz, DisplayPort x 3 2.1a, HDMI 2.1b, NVIDIA Blackwell Architecture)",1692.31,493.53,2026-10-06,4.6,36,https://www.amazon.com/MSI-Graphics-DisplayPort-Blackwell-Architecture/dp/B0DSWQNGYF,0.0,493.53
20261006_050540,2026-10-06T05:20:54.999287+00:00,amazon_usa,GPU,B0FKX6LPR6,ASUS ROG Astral GeForce RTX 5080 16GB GDDR7 White OC Edition Graphics Card,2165.79,631.61,2026-10-06,4.6,91,https://www.amazon.com/ASUS-Astral-NVIDIA-GeForce-RTXTM/dp/B0FKX6LPR6,0.0,631.61
20261006_050540,2026-10-06T05:20:54.999287+00:00,amazon_usa,GPU,B0DTJDR3V9,PNY NVIDIA GeForce RTX™ 5080 Epic-X RGB™ OC Triple-Fan Graphics Card,1809.31,527.65,2026-10-06,4.4,285,https://www.amazon.com/PNY-Overclocked-Graphics-2-9-Slot-Epic-XTM/dp/B0DTJDR3V9,0.0,527.65
20261006_050540,2026-10-06T05:20:54.999287+00:00,amazon_usa,GPU,B0FSB9GY9Q,ASUS ProArt GeForce RTX 5080 16GB GDDR7 OC Edition Graphics Card,1883.21,549.2,2026-10-06,4.9,29,https://www.amazon.com/ASUS-Graphics-2-5-Slot-Axial-tech-Phase-Change/dp/B0FSB9GY9Q,0.0,549.2
20261006_050540,2026-10-06T05:20:54.999287+00:00,amazon_usa,GPU,B0DSWR8WMB,"msi Gaming RTX 5080 16G SUPRIM Liquid SOC Graphics Card (16GB GDDR7, 256-bit, Extreme Performance: 2760 MHz, DisplayPort x 3 2.1a, HDMI 2.1b, NVIDIA Blackwell Architecture)",2014.67,587.54,2026-10-06,4.7,56,https://www.amazon.com/MSI-Graphics-256-bit-Extreme-Performance/dp/B0DSWR8WMB,0.0,587.54
20261006_050540,2026-10-06T05:20:54.999287+00:00,amazon_usa,GPU,B0GZR4P62R,ASUS Prime GeForce RTX 5080 EVO 16GB GDDR7 OC Edition Gaming Graphics Card,1672.19,487.66,2026-10-06,4.0,8,https://www.amazon.com/ASUS-Prime-GeForce-Gaming-Graphics/dp/B0GZR4P62R,0.0,487.66
20261006_050540,2026-10-06T05:20:54.999287+00:00,amazon_usa,GPU,B0DYVCGVK4,NVIDIA GeForce RTX 5080 Founders Edition,2416.62,704.76,2026-10-06,4.5,113,https://www.amazon.com/NVIDIA-GeForce-RTX-5080-Founders/dp/B0DYVCGVK4,0.0,704.76
20261006_050540,2026-10-06T05:20:54.999287+00:00,amazon_usa,GPU,B0DSXJ5QF4,"msi Gaming RTX 5080 16G SUPRIM SOC Graphics Card (16GB GDDR7, 256-bit, Extreme Performance: 2760 MHz, DisplayPort x 3 2.1a, HDMI 2.1b, NVIDIA Blackwell Architecture)",1813.22,528.79,2026-10-06,4.9,34,https://www.amazon.com/MSI-Graphics-256-bit-Extreme-Performance/dp/B0DSXJ5QF4,0.0,528.79
20261006_050540,2026-10-06T05:20:54.999287+00:00,amazon_usa,GPU,B0DTJFZ4YS,PNY NVIDIA GeForce RTX™ 5080 OC Triple-Fan Graphics Card,1652.02,481.78,2026-10-06,4.4,206,https://www.amazon.com/PNY-GeForce-Overclocked-Graphics-2-9-Slot/dp/B0DTJFZ4YS,0.0,481.78
20261006_050540,2026-10-06T05:20:54.999287+00:00,amazon_usa,GPU,B0GK8N9DR7,"ZOTAC Gaming GeForce RTX 5080 Solid CORE OC DLSS 4 16GB GDDR7 256-bit 30 Gbps PCIE 5.0 Gaming Graphics Card, IceStorm 3.0 Advanced Cooling, Spectra RGB Lighting, ZT-B50800J2-10A",1793.26,522.97,2026-10-06,4.7,69,https://www.amazon.com/ZOTAC-Graphics-IceStorm-Advanced-ZT-B50800J2-10A/dp/B0GK8N9DR7,0.0,522.97
20261006_050540,2026-10-06T05:20:54.999287+00:00,amazon_usa,GPU,B0DS2R7N4F,"GIGABYTE GeForce RTX 5080 WINDFORCE OC SFF 16G Graphics Card, WINDFORCE Cooling System, 16GB 256-bit GDDR7, GV-N5080WF3OC-16GD Video Card comatible with Desktop",1896.65,553.12,2026-10-06,4.6,57,https://www.amazon.com/GIGABYTE-GeForce-WINDFORCE-Graphics-GV-N5080WF3OC-16GD/dp/B0DS2R7N4F,38.0,591.12
20261006_050540,2026-10-06T05:20:54.999287+00:00,amazon_usa,GPU,B0DYRZZJZ1,PNY NVIDIA GeForce RTX™ 5080 Triple-Fan Graphics Card,1650.03,481.2,2026-10-06,4.3,82,https://www.amazon.com/PNY-GeForce-RTXTM-5080-Triple/dp/B0DYRZZJZ1,0.0,481.2
20261006_050540,2026-10-06T05:20:54.999287+00:00,amazon_usa,GPU,B0DSQ1RCZV,"GIGABYTE GeForce RTX 5080 Gaming OC 16G Graphics Card - 16GB GDDR7, 256bit, PCI-E 5.0, 2730MHz Core Clock, 3 x DisplayPort, 1 x HDMI, GV-N5080GAMING OC-16GD",1681.27,490.31,2026-10-06,4.5,330,https://www.amazon.com/Gigabyte-GeForce-5080-Gaming-Graphics/dp/B0DSQ1RCZV,0.0,490.31
20261006_050540,2026-10-06T05:20:54.999287+00:00,amazon_usa,GPU,B0FJZJ8TDH,"Amazon Renewed TUF Gaming GeForce RTX ™ 5080 16GB GDDR7 OC Edition Gaming Graphics Card (PCIe® 5.0, HDMI®/DP 2.1, 3.6-Slot, Military-Grade Components, Protective PCB Coating, axial-tech Fans) (Renewed",1662.1,484.72,2026-10-06,0.0,0,https://www.amazon.com/ASUS-Military-Grade-Components-Protective-axial-tech/dp/B0FJZJ8TDH,0.0,484.72
20261006_050540,2026-10-06T05:20:54.999287+00:00,amazon_usa,GPU,B0DT7JVPVH,"GIGABYTE GeForce RTX 5080 AERO OC SFF 16G Graphics Card, WINDFORCE Cooling System, 16GB 256-bit GDDR7, GV-N5080AERO OC-16GD Video Card, Compatible with Desktop",1762.85,514.1,2026-10-06,4.6,102,https://www.amazon.com/GIGABYTE-Graphics-WINDFORCE-GV-N5080AERO-OC-16GD/dp/B0DT7JVPVH,0.0,514.1
20261006_050540,2026-10-06T05:20:54.999287+00:00,amazon_usa,GPU,B0G26XL6TW,"PNY NVIDIA GeForce RTX™ 5080 Epic-X™ ARGB OC Triple Fan, Graphics Card (16GB GDDR7, 256-bit, Boost Speed: 2775 MHz, PCIe® 5.0, HDMI®/DP 2.1, 2.99-Slot, NVIDIA Blackwell Architecture, DLSS 4)",1808.18,527.32,2026-10-06,4.6,15,https://www.amazon.com/PNY-GeForce-Epic-XTM-Graphics-256-bit/dp/B0G26XL6TW,0.0,527.32
20261006_050540,2026-10-06T05:20:54.999287+00:00,amazon_usa,GPU,B0GPKCL34W,PNY NVIDIA GeForce RTX™ 5080 Slim Dual-Fan Dual-Slot OC Graphics Card,1813.22,528.79,2026-10-06,4.2,59,https://www.amazon.com/PNY-Dual-Fan-Dual-Slot-OC-Graphics/dp/B0GPKCL34W,0.0,528.79
20261006_050540,2026-10-06T05:20:54.999287+00:00,amazon_usa,GPU,B0H6KS94JF,"ASUS TUF Gaming GeForce RTX ™ 5080 16GB GDDR7 BTF OC Edition Gaming Graphics Card (PCIe® 5.0, HDMI®/DP 2.1, 3.6-Slot, Military-Grade Components, Detachable GC-HPWR Adapter)",1913.93,558.16,2026-10-06,0.0,0,https://www.amazon.com/ASUS-GeForce-RTX-Gaming-Graphics-Military-Grade-Components/dp/B0H6KS94JF,0.0,558.16
20261006_050540,2026-10-06T05:20:54.999287+00:00,amazon_usa,GPU,B0DSXGNFJL,"msi Gaming RTX 5080 16G Gaming Trio OC White Graphics Card (16GB GDDR7, 256-bit, Extreme Clock TBD MHz, DisplayPort x 3 2.1a, HDMI 2.1b, NVIDIA Blackwell Architecture)",1958.27,571.09,2026-10-06,4.9,18,https://www.amazon.com/MSI-Graphics-DisplayPort-Blackwell-Architecture/dp/B0DSXGNFJL,0.0,571.09
20261006_050540,2026-10-06T05:20:58.663045+00:00,amazon_usa,GPU,B0DS6WPTLL,ASUS Prime GeForce RTX 5070 12GB GDDR7 OC Edition Gaming Graphics Card,863.29,251.76,2026-10-06,4.7,312,https://www.amazon.com/ASUS-SFF-Ready-Graphics-2-5-Slot-Axial-tech/dp/B0DS6WPTLL,0.0,251.76
20261006_050540,2026-10-06T05:20:58.663045+00:00,amazon_usa,GPU,B0DT9YQ2Q1,"GIGABYTE AORUS GeForce RTX 5080 Master ICE 16G Graphics Card - 16GB GDDR7, 256 Bit, PCI-E 5.0, 2805MHz Core Clock, 3 x DP 2.1a, 1 x HDMI 2.1b, NVIDIA DLSS 4, GV-N5080AORUSM ICE-16GD",2093.27,610.46,2026-10-06,4.4,84,https://www.amazon.com/Gigabyte-AORUS-GeForce-Master-Graphics/dp/B0DT9YQ2Q1,0.0,610.46
20261006_050540,2026-10-06T05:20:58.663045+00:00,amazon_usa,GPU,B0DSX9Y24P,"msi Gaming RTX 5080 16G Inspire 3X OC Graphics Card (16GB GDDR7, 256-bit, Extreme Clock TBD MHz, DisplayPort x 3 2.1a, HDMI 2.1b, NVIDIA Blackwell Architecture)",2004.63,584.61,2026-10-06,5.0,21,https://www.amazon.com/MSI-Graphics-DisplayPort-Blackwell-Architecture/dp/B0DSX9Y24P,0.0,584.61
20261006_050540,2026-10-06T05:20:58.663045+00:00,amazon_usa,GPU,B0H9SZ6S5W,"GIGABYTE AORUS GeForce RTX 5080 Infinity 16G Graphics Card, 16GB 256-bit GDDR7, PCIe 5.0, WINDFORCE HYPERBURST Cooling System, GV-N5080AORUS IF-16GD Video Card",1964.3,572.85,2026-10-06,5.0,2,https://www.amazon.com/GIGABYTE-WINDFORCE-HYPERBURST-GV-N5080AORUS-IF-16GD/dp/B0H9SZ6S5W,0.0,572.85
20261006_050540,2026-10-06T05:20:58.663045+00:00,amazon_usa,GPU,B0BX6LGM2X,"msi GeForce RTX 5080 16G Gaming Trio OC Graphics Card - RTX 5080 GPU, 16GB GDDR7 (30Gbps/256-bit), PCIe 5.0 - TRI FROZR 4 (3 x STORMFORCE Fan), Gaming & Silent Mode, RGB - HDMI 2.1b, DisplayPort 2.1b",2064.05,601.94,2026-10-06,4.5,214,https://www.amazon.com/MSI-GeForce-5080-Gaming-Graphics/dp/B0BX6LGM2X,0.0,601.94
20261006_050540,2026-10-06T05:20:58.663045+00:00,amazon_usa,GPU,B0DXWKQN7J,"GIGABYTE GeForce RTX 5080 WINDFORCE SFF 16G Graphics Card, 16GB 256-bit GDDR7, PCIe 5.0, WINDFORCE Cooling System, GV-N5080WF3-16GD Video Card",1879.67,548.17,2026-10-06,4.6,95,https://www.amazon.com/GIGABYTE-GeForce-WINDFORCE-Graphics-GV-N5080WF3-16GD/dp/B0DXWKQN7J,0.0,548.17
20261006_050540,2026-10-06T05:20:58.663045+00:00,amazon_usa,GPU,B0GP6Z5GNW,"msi Gaming RTX 5080 16G Inspire 3X OC Black Graphics Card, GPU (16GB GDDR7, 256-bit, Extreme Clock 2655 MHz, DisplayPort x 3 2.1a, HDMI 2.1b, NVIDIA Blackwell Architecture)",1913.93,558.16,2026-10-06,4.4,36,https://www.amazon.com/msi-Graphics-DisplayPort-Blackwell-Architecture/dp/B0GP6Z5GNW,0.0,558.16
20261006_050540,2026-10-06T05:20:58.663045+00:00,amazon_usa,GPU,B0DTHVLLY2,ASUS TUF Gaming GeForce RTX 5080 16GB GDDR7 Gaming Graphics Card (Nvidia,1862.56,543.18,2026-10-06,5.0,1,https://www.amazon.com/ASUS-GeForce-Graphics-DisplayPort-TUF-RTX5080-16G-GAMING/dp/B0DTHVLLY2,0.0,543.18
20261006_050540,2026-10-06T05:20:58.663045+00:00,amazon_usa,GPU,B0BSN9VR7K,"msi NVIDIA GeForce RTX 5080 16G VENTUS 3X OC WHITE Carte Graphique - 16 Go GDDR7 (30 GB/s /256 Bits), PCIe 5.0 - Triple Ventilateur (3X Ventilateurs TORX 5.0), HDMI 2.1b, DisplayPort 2.1b",1761.85,513.81,2026-10-06,4.6,32,https://www.amazon.com/MSI-GeForce-VENTUS-WHITE-Graphics/dp/B0BSN9VR7K,0.0,513.81
20261006_050540,2026-10-06T05:20:58.663045+00:00,amazon_usa,GPU,B0BMZ9TGH1,NVIDIA GeForce RTX 4080 16GB GDDR6X Graphics Card,1994.55,581.67,2026-10-06,4.6,87,https://www.amazon.com/NVIDIA-GeForce-4080-GDDR6X-Graphics/dp/B0BMZ9TGH1,0.0,581.67
20261006_050540,2026-10-06T05:20:58.663045+00:00,amazon_usa,GPU,B0DS2X13PH,ASUS TUF Gaming GeForce RTX 5090 32GB GDDR7 OC Edition Gaming Graphics Card,7152.14,2085.78,2026-10-06,4.4,267,https://www.amazon.com/ASUS-Graphics-Military-Grade-Components-Protective/dp/B0DS2X13PH,0.0,2085.78
20261006_050540,2026-10-06T05:20:58.663045+00:00,amazon_usa,GPU,B0FSSYM8XW,"PNY NVIDIA GeForce RTX™ 5080 OC Triple Fan, Graphics Card (16GB GDDR7, 256-bit, Boost Speed: 2730 MHz, PCIe® 5.0, HDMI®/DP 2.1, 2.99-Slot, Blackwell Architecture, DLSS 4)",1711.48,499.12,2026-10-06,4.5,31,https://www.amazon.com/PNY-NVIDIA-GeForce-Graphics-256-bit/dp/B0FSSYM8XW,0.0,499.12
20261006_050540,2026-10-06T05:20:58.663045+00:00,amazon_usa,GPU,B0DT9VM5DC,"GIGABYTE AORUS GeForce RTX 5080 Xtreme WATERFORCE 16G Graphics Card - 16GB GDDR7, 256bit, PCI-E 5.0, 2805MHz Core Clock, 3 x DP 2.1a, 1 x HDMI 2.1b, NVIDIA DLSS 4, GV-N5080AORUSX W-16GD",2525.49,736.51,2026-10-06,4.0,14,https://www.amazon.com/Gigabyte-GeForce-Xtreme-Waterforce-Graphics/dp/B0DT9VM5DC,0.0,736.51
20261006_050540,2026-10-06T05:20:58.663045+00:00,amazon_usa,GPU,B0DXVG3V54,PNY GeForce RTX 5080 ARGB Overclocked Triple Fan 16GB GDDR7 Reflex 2 RTX AI DLSS4,1712.48,499.41,2026-10-06,3.9,11,https://www.amazon.com/PNY-GeForce-Overclocked-Triple-Reflex/dp/B0DXVG3V54,0.0,499.41
20261006_050540,2026-10-06T05:20:58.663045+00:00,amazon_usa,GPU,B0DT9Y2B49,"GIGABYTE GeForce RTX 5080 WINDFORCE OC SFF 16G Graphics Card - 16GB GDDR7, 256bit, PCI-E 5.0, 2670MHz Core Clock, 3 x DP 2.1a, 1 x HDMI 2.1b, GV-N5080WF3OC-16GD",2003.5,584.28,2026-10-06,4.5,161,https://www.amazon.com/Gigabyte-GeForce-WINDFORCE-Graphics-GV-N5080WF3OC-16GD/dp/B0DT9Y2B49,0.0,584.28
20261006_050540,2026-10-06T05:20:58.663045+00:00,amazon_usa,GPU,B0DS6S98ZF,ASUS TUF Gaming GeForce RTX 5070 12GB GDDR7 OC EditionGaming Graphics Card,944.28,275.38,2026-10-06,4.7,533,https://www.amazon.com/ASUS-Gaming-GeForce-EditionGaming-Graphics/dp/B0DS6S98ZF,0.0,275.38
20261006_050540,2026-10-06T05:21:02.644028+00:00,amazon_usa,GPU,B0DZZ8L5V9,"msi Gaming RTX 5080 16G Ventus 3X OC Graphics Card (16GB GDDR7, 256-bit, Extreme Performance: 2655 MHz, DisplayPort x3 2.1a, HDMI 2.1b, NVIDIA Blackwell Architecture)",1893.8,552.29,2026-10-06,5.0,6,https://www.amazon.com/Gaming-Graphics-256-bit-Extreme-Performance/dp/B0DZZ8L5V9,0.0,552.29
20261006_050540,2026-10-06T05:21:02.644028+00:00,amazon_usa,GPU,B0BT9RDFRW,msi GeForce RTX 5080 16G SHADOW 3X GDDR7 DLSS 4 256-Bit Graphics Card,1912.94,557.87,2026-10-06,5.0,1,https://www.amazon.com/GeForce-SHADOW-GDDR7-256-Bit-Graphics/dp/B0BT9RDFRW,0.0,557.87
20261006_050540,2026-10-06T05:21:02.644028+00:00,amazon_usa,GPU,B0F7WB6LSH,ASUS Dual GeForce RTX 5060 Ti 16GB GDDR7 OC Edition Gaming Graphics Card,797.83,232.67,2026-10-06,4.7,417,https://www.amazon.com/ASUS-GeForce-GDDR7-Gaming-Graphics/dp/B0F7WB6LSH,0.0,232.67
20261006_050540,2026-10-06T05:21:02.644028+00:00,amazon_usa,GPU,B0DCJLJJQ7,NVIDIA RTX 2000 ADA 16GB Graphics Card,775.64,226.2,2026-10-06,4.4,15,https://www.amazon.com/Nvidia-2000-16GB-Graphics-Card/dp/B0DCJLJJQ7,0.0,226.2
20261006_050540,2026-10-06T05:21:02.644028+00:00,amazon_usa,GPU,B0BSLJK16Z,"msi GeForce RTX 5080 16G INSPIRE 3X OC Graphics Card - RTX 5080 GPU, 16GB GDDR7 (30Gbps/256-bit), PCIe 5.0 - Triple Fan Thermal Design (3 x STORMFORCE Fan) - HDMI 2.1b, DisplayPort 2.1b",2315.78,675.35,2026-10-06,4.6,237,https://www.amazon.com/GeForce-5080-INSPIRE-Graphics-Card/dp/B0BSLJK16Z,0.0,675.35
20261006_050540,2026-10-06T05:21:02.644028+00:00,amazon_usa,GPU,B0BSN91TGK,"msi NVIDIA GeForce RTX 5080 16G Ventus 3X OC Plus Graphics Card - 16GB GDDR7 (30 GB/s /256 Bits), PCIe 5.0 - Triple Fan (3 x TORX 5.0 Fans), HDMI 2.1b, DisplayPort 2.1b",1964.3,572.85,2026-10-06,4.5,51,https://www.amazon.com/MSI-NVIDIA-GeForce-Ventus-Graphics/dp/B0BSN91TGK,0.0,572.85
20261006_050540,2026-10-06T05:21:02.644028+00:00,amazon_usa,GPU,B0DXL8NFLF,PNY NVIDIA GeForce RTX™ 5070 Ti Epic-X RGB™ OC Triple-Fan Graphics Card,1259.16,367.21,2026-10-06,4.6,166,https://www.amazon.com/PNY-Overclocked-Graphics-2-9-Slot-Epic-XTM/dp/B0DXL8NFLF,0.0,367.21
20261006_050540,2026-10-06T05:21:02.644028+00:00,amazon_usa,GPU,B0GK8NJ4RW,"PNY GeForce RTX 5080 Triple Fan Graphics Card, 16GB GDDR7, 30 Gbps, 256-bit, 1801 AI TOPS, DLSS 4, AI Content Creation, Local LLM Inference, PCIe 5.0, DP 2.1b UHBR20 x3, HDMI 2.1b, with GPU Holder",1762.85,514.1,2026-10-06,0.0,0,https://www.amazon.com/GeForce-Graphics-256-bit-Creation-Inference/dp/B0GK8NJ4RW,0.0,514.1
20261006_050540,2026-10-06T05:21:02.644028+00:00,amazon_usa,GPU,B0H86338KX,GIGABYTE AORUS GeForce RTX 5080 INFINITY WOOD 16G Graphics Card,2586.43,754.28,2026-10-06,0.0,0,https://www.amazon.com/Gigabyte-AORUS-GeForce-INFINITY-Graphics/dp/B0H86338KX,38.0,792.28
20261006_050540,2026-10-06T05:21:02.644028+00:00,amazon_usa,GPU,B0F7XHBT13,NVIDIA GeForce RTX 5070 12GB GDDR7 Graphics Card - Graphite Grey,906.59,264.39,2026-10-06,4.4,37,https://www.amazon.com/NVIDIA-GeForce-GDDR7-Graphics-Graphite/dp/B0F7XHBT13,0.0,264.39
20261006_050540,2026-10-06T05:21:02.644028+00:00,amazon_usa,GPU,B07L8YGDL5,NVIDIA Titan RTX Graphics Card,1405.24,409.81,2026-10-06,4.4,107,https://www.amazon.com/NVIDIA-Titan-RTX-Graphics-Card/dp/B07L8YGDL5,0.0,409.81
20261006_050540,2026-10-06T05:21:02.644028+00:00,amazon_usa,GPU,B0F4RZDFD5,ASUS Prime GeForce RTX 5060 Ti 16GB GDDR7 Gaming Graphics Card,794.77,231.78,2026-10-06,4.6,175,https://www.amazon.com/ASUS-SFF-Ready-Graphics-2-5-Slot-Axial-tech/dp/B0F4RZDFD5,0.0,231.78
20261006_050540,2026-10-06T05:21:02.644028+00:00,amazon_usa,GPU,B08HR6ZBYJ,NVIDIA GeForce RTX 3090 Founders Edition Graphics Card,2211.12,644.83,2026-10-06,4.2,210,https://www.amazon.com/NVIDIA-RTX-3090-Founders-Graphics/dp/B08HR6ZBYJ,0.0,644.83
20261006_050540,2026-10-06T05:21:02.644028+00:00,amazon_usa,GPU,B0DMSKSMKC,"msi Suprim Geforce Rtx5080 16G Soc Nvidia Geforce RTX 5080, W129163283 (Soc Nvidia Geforce RTX 5080 16 Gb Gddr7)",2517.37,734.14,2026-10-06,4.6,59,https://www.amazon.com/Suprim-Geforce-Rtx5080-Nvidia-W129163283/dp/B0DMSKSMKC,0.0,734.14
20261006_050540,2026-10-06T05:21:02.644028+00:00,amazon_usa,GPU,B0F79S343Y,"ZOTAC Gaming GeForce RTX 5080 Solid Core DLSS 4 16GB GDDR7 256-bit 30Gbps PCIE 5.0 Gaming Graphics Card, IceStorm 3.0 Advanced Cooling, Spectra RGB Lighting, ZT-B50800D2-10P",2305.69,672.41,2026-10-06,4.5,42,https://www.amazon.com/ZOTAC-Graphics-IceStorm-Advanced-ZT-B50800D2-10P/dp/B0F79S343Y,0.0,672.41
20261006_050540,2026-10-06T05:21:02.644028+00:00,amazon_usa,GPU,B0GK7GWKT2,"ASUS ROG Astral GeForce RTX 5090 OC Edition Quad Fan Graphics Card, 32GB GDDR7, 3352 AI Tops, 512-bit, DLSS 4, AI Content Creation, Local LLM Inference, DP 2.1b x3, HDMI 2.1b x2, with GPU Holder",7454.34,2173.91,2026-10-06,3.0,4,https://www.amazon.com/ASUS-GeForce-Graphics-Creation-Inference/dp/B0GK7GWKT2,0.0,2173.91
20261006_050540,2026-10-06T05:21:02.644028+00:00,amazon_usa,GPU,B0D4TXH59M,NVIDIA RTX 4000 SFF Ada Generation Workstation Ada Lovelace Architecture Dual Slot Low Profile Professional Graphics Board 900-5G192-2571-000 VD8465,2004.63,584.61,2026-10-06,5.0,1,https://www.amazon.com/NVIDIA-Workstation-Architecture-Professional-900-5G192-2571-000/dp/B0D4TXH59M,0.0,584.61
20261006_050540,2026-10-06T05:21:02.644028+00:00,amazon_usa,GPU,B09X4JVZB5,NVIDIA GeForce RTX 3090 Ti Founders Edition,2467.99,719.74,2026-10-06,4.4,78,https://www.amazon.com/Nvidia-RTX-3090-TI-Founders/dp/B09X4JVZB5,0.0,719.74
20261006_050540,2026-10-06T05:21:07.333036+00:00,amazon_usa,GPU,B0DTQMLX4F,"GIGABYTE GeForce RTX 5070 WINDFORCE OC SFF 12G Graphics Card, 12GB 192-bit GDDR7, PCIe 5.0, WINDFORCE Cooling System, GV-N5070WF3OC-12GD Video Card",1011.93,295.11,2026-10-06,4.8,335,https://www.amazon.com/GIGABYTE-GeForce-WINDFORCE-Graphics-GV-N5070WF3OC-12GD/dp/B0DTQMLX4F,38.0,333.11
20261006_050540,2026-10-06T05:21:07.333036+00:00,amazon_usa,GPU,B09WDTY3ZK,"PNY NVIDIA RTX A5500 Professional Graphics Card 24GB GDDR6 PCI Express 4.0 x16, Dual Slot, 4X DisplayPort, 8K Support, Ultra Quiet Active Fan, 13659239000",3806.74,1110.16,2026-10-06,5.0,1,https://www.amazon.com/PNY-Professional-Graphics-DisplayPort-13659239000/dp/B09WDTY3ZK,0.0,1110.16
20261006_050540,2026-10-06T05:21:07.333036+00:00,amazon_usa,GPU,B0H4X2M3NY,msi Gaming GeForce RTX 3060 Ventus 2X 12G OC V1 Graphics Card - 15 Gbps GDRR6 Boost Clock: 1807 MHz 192-Bit HDMI/DP PCIe 4 Torx Twin Fan Ampere,471.32,137.45,2026-10-06,4.6,24,https://www.amazon.com/msi-Gaming-GeForce-Ventus-Graphics/dp/B0H4X2M3NY,0.0,137.45
20261006_050540,2026-10-06T05:21:07.333036+00:00,amazon_usa,GPU,B0DSQ221G4,"GIGABYTE Aorus GeForce RTX 5080 Master 16G Graphics Card - 16GB GDDR7, 256 Bit, PCI-E 5.0, 2805MHz Core Clock, 3 x DisplayPort, 1 x HDMI, GV-N5080AORUS M-16GD",2095.26,611.04,2026-10-06,4.4,71,https://www.amazon.com/Gigabyte-Aorus-GeForce-Master-Graphics/dp/B0DSQ221G4,0.0,611.04
20261006_050540,2026-10-06T05:21:07.333036+00:00,amazon_usa,GPU,B0G2Y8STJH,"Acer GPU Support Bracket, GPU Stand with Magnet Non-Slip Base,(L, 70-120mm)",9.05,2.64,2026-10-06,4.8,391,https://www.amazon.com/Support-Bracket-Graphics-Non-Slip-70-120mm/dp/B0G2Y8STJH,0.0,2.64
20261006_050540,2026-10-06T05:21:07.333036+00:00,amazon_usa,GPU,B0H1X77HTF,"GIGABYTE AORUS GeForce RTX 5090 Infinity 32G Graphics Card - 32GB GDDR7, 512bit, PCI-E 5.0, 2730MHz Core Clock, 3 x DP 2.1b, 1 x HDMI 2.1b, DLSS 4, GV-N5090AORUS IF-32GD",7230.39,2108.6,2026-10-06,1.0,1,https://www.amazon.com/Gigabyte-AORUS-GeForce-Infinity-Graphics/dp/B0H1X77HTF,38.0,2146.6
20261006_050540,2026-10-06T05:21:07.333036+00:00,amazon_usa,GPU,B0HLN764GM,Amazon Renewed GeForce RTX 4080 Super Founders Edition Graphics Card (Renewed),1359.91,396.59,2026-10-06,0.0,0,https://www.amazon.com/NVIDIA-GeForce-Founders-Graphics-Renewed/dp/B0HLN764GM,0.0,396.59
20261006_050540,2026-10-06T05:21:07.333036+00:00,amazon_usa,GPU,B0DVSLLCDH,"GIGABYTE GV-N5080AERO OC-16GD Graphic Board with NVIDIA RTX5080, 16GB",2013.68,587.25,2026-10-06,4.3,10,https://www.amazon.com/GIGABYTE-GV-N5080AERO-OC-16GD-Graphic-RTX5080/dp/B0DVSLLCDH,0.0,587.25
20261006_050540,2026-10-06T05:21:07.333036+00:00,amazon_usa,GPU,B0FP7H2FFY,"msi Gaming RTX 5070 Ti 16G MLG Edition OC Graphics Card (16GB GDDR7, 256-bit, Extreme Clock 2580 MHz, DisplayPort x 3 2.1a, HDMI 2.1b, NVIDIA Blackwell Architecture)",1397.87,407.66,2026-10-06,4.7,72,https://www.amazon.com/msi-RTX-5070-16G-MLG/dp/B0FP7H2FFY,0.0,407.66
20261006_050540,2026-10-06T05:21:07.333036+00:00,amazon_usa,GPU,B0CT8LQZ47,NVIDIA GeForce RTX 4070 Super 12GB GDDR6X Graphics Card - Titanium/Black,1207.8,352.23,2026-10-06,4.2,26,https://www.amazon.com/NVIDIA-GeForce-GDDR6X-Graphics-Titanium/dp/B0CT8LQZ47,0.0,352.23
20261006_050540,2026-10-06T05:21:07.333036+00:00,amazon_usa,GPU,B0H2VB6FXS,"PNY NVIDIA GeForce RTX™ 5080 Epic-X™ ARGB OC Triple Fan, Graphics Card (16GB GDDR7, 256-bit, Boost Speed: 2775 MHz, PCIe® 5.0, HDMI®/DP 2.1, 2.99-Slot, NVIDIA Blackwell Architecture, DLSS 4)",2507.15,731.16,2026-10-06,1.0,3,https://www.amazon.com/SamLng-GeForce-Epic-XTM-Graphics-256-bit/dp/B0H2VB6FXS,0.0,731.16
20261006_050540,2026-10-06T05:21:07.333036+00:00,amazon_usa,GPU,B0H2BMLNVH,ASUS Bundle of TUF Gaming GeForce RTX 5080 16GB GDDR7 OC Edition Graphics Card + TUF Gaming 1000W 80+ Gold Fully Modular Power Supply,2012.96,587.04,2026-10-06,0.0,0,https://www.amazon.com/ASUS-Bundle-GeForce-Graphics-Modular/dp/B0H2BMLNVH,38.0,625.04
20261006_050540,2026-10-06T05:21:07.333036+00:00,amazon_usa,GPU,B0DV9GMDLR,"msi NVIDIA GeForce RTX 5070 Ti 16G Gaming Trio OC Plus Graphics Card - 16 GB GDDR7 (28 GB/s, 256-bit), PCIe 5.0 - TRI FROZR 4 (3 x STORMFORCE Fans) - RGB - HDMI 2.1b, DisplayPort 2.1b",1500.94,437.72,2026-10-06,4.3,75,https://www.amazon.com/MSI-NVIDIA-GeForce-Gaming-Graphics/dp/B0DV9GMDLR,0.0,437.72
20261006_050540,2026-10-06T05:21:07.333036+00:00,amazon_usa,GPU,B0DPPZ57PX,"GPU Support Bracket, Graphics Card GPU Brace Support, Video Card Sag Holder Bracket with Magnet & Non-Slip Sheet,White, L(74mm-120mm)",6.04,1.76,2026-10-06,4.6,671,https://www.amazon.com/Uyubao-Support-Graphics-Non-Slip-74mm-120mm/dp/B0DPPZ57PX,0.0,1.76
20261006_050540,2026-10-06T05:21:07.333036+00:00,amazon_usa,GPU,B0GR4S7BYH,"Amazon Renewed ROG Astral GeForce RTX 5080 OC Edition Graphics Card, NVIDIA (PCIe 5.0, 16GB GDDR7, HDMI/DP 2.1, 3.8-Slot, 4-Fan Design, Axial-tech Fans, Patented Vapor Chamber) (Renewed)",2014.67,587.54,2026-10-06,0.0,0,https://www.amazon.com/ASUS-Graphics-3-8-Slot-Axial-tech-Patented/dp/B0GR4S7BYH,0.0,587.54
20261006_050540,2026-10-06T05:21:07.333036+00:00,amazon_usa,GPU,B0GWK2K7PL,PNY NVIDIA GeForce RTX™ 5070 Ti Slim Dual-Fan Dual-Slot OC Graphics Card,1309.54,381.9,2026-10-06,4.5,8,https://www.amazon.com/PNY-GeForce-Dual-Fan-Dual-Slot-Graphics/dp/B0GWK2K7PL,0.0,381.9
20261006_050540,2026-10-06T05:21:07.333036+00:00,amazon_usa,GPU,B0F8PR9L3X,"ASUS Dual NVIDIA GeForce RTX 5060 8GB GDDR7 OC Edition (PCIe 5.0, 8GB GDDR7, DLSS 4, HDMI 2.1b, DisplayPort 2.1b, 2.5-Slot Design, Axial-tech Fan Design, 0dB Technology), 3 Year Warranty",473.44,138.07,2026-10-06,4.7,565,https://www.amazon.com/ASUS-DisplayPort-2-5-Slot-Axial-tech-Technology/dp/B0F8PR9L3X,0.0,138.07
20261006_050540,2026-10-06T05:21:07.333036+00:00,amazon_usa,GPU,B0F4YRNHSJ,PNY NVIDIA GeForce RTX™ 5060 Ti 8GB OC Dual-Fan Graphics Card,503.65,146.88,2026-10-06,4.6,105,https://www.amazon.com/PNY-NVIDIA-GeForce-Graphics-128-bit/dp/B0F4YRNHSJ,0.0,146.88
20261006_050540,2026-10-06T05:21:07.333036+00:00,amazon_usa,GPU,B0F4RRQ2WY,ASUS TUF Gaming GeForce RTX 5060 Ti 8GB GDDR7 OC Edition Graphics Card,684.98,199.76,2026-10-06,4.7,49,https://www.amazon.com/ASUS-Gaming-GeForce-GDDR7-Graphics/dp/B0F4RRQ2WY,0.0,199.76
20261006_050540,2026-10-06T05:21:07.333036+00:00,amazon_usa,GPU,B0CVCG2VPK,ASUS Dual GeForce RTX 3050 6GB GDDR6 OC Edition Gaming Graphics Card,259.1,75.56,2026-10-06,4.7,1100,https://www.amazon.com/ASUS-NVIDIA-GeForce-Gaming-Graphics/dp/B0CVCG2VPK,0.0,75.56
20261006_050540,2026-10-06T05:21:07.333036+00:00,amazon_usa,GPU,B0GZWW2RKH,msi GeForce RTX 5080 16G Ventus 3X OC Black Gaming Graphics Card,1792.06,522.62,2026-10-06,3.5,2,https://www.amazon.com/GeForce-Ventus-Black-Gaming-Graphics/dp/B0GZWW2RKH,0.0,522.62
20261006_050540,2026-10-06T05:21:12.099798+00:00,amazon_usa,GPU,B0DWMJSGCM,"ASUS TUF Gaming GeForce RTX 5070 Ti 16GB GDDR7 White OC Edition Gaming Graphics Card (PCIe 5.0, HDMI/DP 2.1, 3.125 Slot, Military Grade Components, Protective PCB Coating, axial tech Fans)",1670.33,487.12,2026-10-06,4.6,82,https://www.amazon.com/ASUS-Graphics-military-components-protective/dp/B0DWMJSGCM,0.0,487.12
20261006_050540,2026-10-06T05:21:12.099798+00:00,amazon_usa,GPU,B07HY86LMV,NVIDIA Quadro RTX 6000,1258.17,366.92,2026-10-06,4.4,7,https://www.amazon.com/PNY-VCQRTX6000-PB-Quadro-6000-Graphic/dp/B07HY86LMV,0.0,366.92
20261006_050540,2026-10-06T05:21:12.099798+00:00,amazon_usa,GPU,B0G44WJ2LX,"GIGABYTE GeForce RTX 5070 Ti WINDFORCE OC V2 16G Graphics Card - 16GB GDDR6, 256bit, PCI-E 5.0, 2497 MHz Core Clock, 3 x DisplayPort, 1 x HDMI, GV-N507TWF3OCV2-16GD",1700.2,495.83,2026-10-06,4.1,21,https://www.amazon.com/GIGABYTE-GeForce-WINDFORCE-Graphics-GV-N507TWF3OCV2-16GD/dp/B0G44WJ2LX,38.0,533.83
20261006_050540,2026-10-06T05:21:12.099798+00:00,amazon_usa,GPU,B09BD59F4T,ASUS Prime GeForce RTX 5080 EVO 16GB GDDR7 OC Edition Gaming Graphics Card,2095.74,611.18,2026-10-06,3.4,5,https://www.amazon.com/ASUS-Graphics-SFF-Ready-DisplayPort-PRIME-RTX5080-O16G-EVO/dp/B09BD59F4T,38.0,649.18
20261006_050540,2026-10-06T05:21:12.099798+00:00,amazon_usa,GPU,B0C3SPXZJ8,NVIDIA GeForce RTX 4070 Founder's Edition (FE) Graphics Card - Titanium and Black (900-1G141-2544-000),1007.34,293.77,2026-10-06,4.4,50,https://www.amazon.com/NVIDIA-GeForce-4070-Founders-Graphics/dp/B0C3SPXZJ8,0.0,293.77
20261006_050540,2026-10-06T05:21:12.099798+00:00,amazon_usa,GPU,B0DTR54HZZ,"GIGABYTE GeForce RTX 5070 AERO OC 12G Graphics Card, 12GB 192-bit GDDR7, PCIe 5.0, WINDFORCE Cooling System, GV-N5070AERO OC-12GD Video Card, Compatible with Desktop",1106.95,322.82,2026-10-06,4.8,200,https://www.amazon.com/GIGABYTE-Graphics-WINDFORCE-GV-N5070AERO-OC-12GD/dp/B0DTR54HZZ,0.0,322.82
20261006_050540,2026-10-06T05:21:12.099798+00:00,amazon_usa,GPU,B0G26Y3H2R,"PNY NVIDIA GeForce RTX™ 5070 OC Triple Fan, Graphics Card (12GB GDDR7, 192-bit, Boost Speed: 2587 MHz, SFF-Ready, PCIe® 5.0, HDMI®/DP 2.1, 2.4-Slot, NVIDIA Blackwell Architecture, DLSS 4)",886.4,258.5,2026-10-06,4.4,16,https://www.amazon.com/PNY-NVIDIA-GeForce-Graphics-192-bit/dp/B0G26Y3H2R,0.0,258.5
20261006_050540,2026-10-06T05:21:12.099798+00:00,amazon_usa,GPU,B0BNWJ6WTQ,"GIGABYTE GV-N4080AERO OC-16GD GeForce RTX 4080 16GB AERO OC Graphics Card, 3X WINDFORCE Fans, 16GB 256-bit GDDR6X, Video Card",1812.23,528.5,2026-10-06,4.6,68,https://www.amazon.com/Gigabyte-Graphics-WINDFORCE-GV-N4080AERO-OC-16GD/dp/B0BNWJ6WTQ,0.0,528.5
20261006_050540,2026-10-06T05:21:12.099798+00:00,amazon_usa,GPU,B0F59BDRGJ,INNO3D NVIDIA GeForce RTX 5080 X3 OC 16GB GDDR7 256-bit PCI Express Gen 5 Gaming Graphics Card -N50803-16D7X-17605211 (White),2317.8,675.94,2026-10-06,5.0,6,https://www.amazon.com/GeForce-256-bit-Express-Graphics-N50803-16D7X-17605211/dp/B0F59BDRGJ,38.0,713.94
20261006_050540,2026-10-06T05:21:12.099798+00:00,amazon_usa,GPU,B0F4RXQS6M,ASUS Prime GeForce RTX 5060 Ti 8GB GDDR7 OC Edition Gaming Graphics Card,614.37,179.17,2026-10-06,4.7,91,https://www.amazon.com/ASUS-SFF-Ready-Graphics-2-5-Slot-Axial-tech/dp/B0F4RXQS6M,0.0,179.17
20261006_050540,2026-10-06T05:21:12.099798+00:00,amazon_usa,GPU,B0GMZ4WT7C,"msi GeForce RTX 5080 16G Ventus 3X OC Black Graphics Card, 16GB GDDR7, PCIe Gen 5, 4K Ultra Gaming, 3D Rendering, AI Content Creation, Streaming, RGB GPU Holder",1792.06,522.62,2026-10-06,0.0,0,https://www.amazon.com/msi-Graphics-Rendering-Creation-Streaming/dp/B0GMZ4WT7C,0.0,522.62
20261006_050540,2026-10-06T05:21:12.099798+00:00,amazon_usa,GPU,B0GKFHLLRM,"msi GeForce RTX 5070 Ti Ventus 3X PZ OC Triple Fan Graphics Card, 16GB GDDR7, 1406 AI Tops, DLSS 4, AI Content Creation, Local LLM Inference, PCIe 5.0, DP 2.1b x3, HDMI 2.1b, with GPU Holder",2115.42,616.92,2026-10-06,0.0,0,https://www.amazon.com/msi-GeForce-Graphics-Creation-Inference/dp/B0GKFHLLRM,0.0,616.92
20261006_050540,2026-10-06T05:21:12.099798+00:00,amazon_usa,GPU,B0DWH7F8KX,"msi Gaming RTX 5070 Ti 16G,Trio OC Plus Graphics Card (16GB GDDR7, 256-bit, Extreme Performance: 2580 MHz, DisplayPort x 3 2.1a, HDMI 2.1b, NVIDIA Blackwell Architecture)",1475.74,430.37,2026-10-06,4.2,22,https://www.amazon.com/MSI-Graphics-256-bit-Extreme-Performance/dp/B0DWH7F8KX,0.0,430.37
20261006_050540,2026-10-06T05:21:12.099798+00:00,amazon_usa,GPU,B0DYPFGL88,PNY NVIDIA GeForce RTX™ 5070 OC Triple-Fan Graphics Card,855.23,249.41,2026-10-06,4.6,265,https://www.amazon.com/PNY-GeForce-Overclocked-Graphics-2-4-Slot/dp/B0DYPFGL88,0.0,249.41
20261006_050540,2026-10-06T05:21:12.099798+00:00,amazon_usa,GPU,B0CQTP6J3Z,"GIGABYTE GeForce RTX 4080 Super Gaming OC Graphics Card - 2595MHz Core, 16GB GDDR6X 23000MHz 256-bit Memory, PCI-E 4.0, 3X DP 1.4, 1x HDMI 2.1a, NVIDIA DLSS 3.5, GV-N408SGAMING OC-16GD",1892.81,552.0,2026-10-06,4.5,129,https://www.amazon.com/Gigabyte-GeForce-SUPER-GAMING-Graphics/dp/B0CQTP6J3Z,0.0,552.0
20261006_050540,2026-10-06T05:21:12.099798+00:00,amazon_usa,GPU,B09WSC85GP,Amazon Renewed RTX 3080 Ti 12GB GDDR6X PCI Express 4.0 Graphics Card Titanium and Black (Renewed),755.48,220.32,2026-10-06,4.2,86,https://www.amazon.com/Geforce-Express-Graphics-Titanium-Renewed/dp/B09WSC85GP,0.0,220.32
20261006_050540,2026-10-06T05:21:12.099798+00:00,amazon_usa,GPU,B0DQK4XSC7,"GIGABYTE GeForce RTX 3050 WINDFORCE OC V2 6G Graphics Card, 2X WINDFORCE Fans, 6GB GDDR6 96-bit GDDR6, GV-N3050WF2OCV2-6GD Graphics Card",251.83,73.44,2026-10-06,4.6,311,https://www.amazon.com/GIGABYTE-GeForce-WINDFORCE-Graphics-GV-N3050WF2OCV2-6GD/dp/B0DQK4XSC7,0.0,73.44
20261006_050540,2026-10-06T05:21:12.099798+00:00,amazon_usa,GPU,B0DVTFDHX7,INNO3D Nvidia GeForce RTX5080 x3 OC 16GB 256Bit GDDR7 Reflex 2 Graphics Card N50803-16D7X-17603930,2136.47,623.06,2026-10-06,4.9,14,https://www.amazon.com/Inno3D-GeForce-RTX5080-Graphics-N50803-16D7X-17603930/dp/B0DVTFDHX7,38.0,661.06
20261006_050540,2026-10-06T05:21:12.099798+00:00,amazon_usa,GPU,B0G5YKX6BH,"upHere Graphics Card GPU Brace Support Video Card Sag Holder,Adjustable Length and Height Support,GL7K",14.09,4.11,2026-10-06,4.3,85,https://www.amazon.com/upHere-Graphics-Support-Holder-Adjustable/dp/B0G5YKX6BH,0.0,4.11
20261006_050540,2026-10-06T05:21:19.857600+00:00,aliexpress,GPU,3256812250452253,"High Performance OC RTX 5080 Gaming Graphics Card | 16GB GDDR7, PCIe 5.0, DLSS 4, Quad-Fan Efficient Cooling Desktop PC GPU",10373.1,3025.11,2026-10-06,0.0,0,,0.0,3025.11
20261006_050540,2026-10-06T05:21:19.857600+00:00,aliexpress,GPU,3256810153474573,GeForce RTX 5080 16G GAMING TRIO  OC WHITE G5090-32GTC 32GB GDDR7 512-bit PCIe 5.0 Desktop Graphics Card,7828.24,2282.95,2026-10-06,5.0,0,,0.0,2282.95
20261006_050540,2026-10-06T05:21:19.857600+00:00,aliexpress,GPU,3256811864451292,NEW Colorful Original iGame NVIDIA GeForce RTX 5080 Ultra W OC 16GB 256-bit GDDR7 GPU for Desktop Gaming Computer Components,9411.99,2744.82,2026-10-06,0.0,0,,0.0,2744.82
20261006_050540,2026-10-06T05:21:19.857600+00:00,aliexpress,GPU,3256812391474622,RTX 5080 16G GAMING TRIO  OC WHITE G5090-32GTC 32GB GDDR7 512-bit PCIe 5.0 Desktop Graphics Card,7584.13,2211.76,2026-10-06,0.0,0,,0.0,2211.76
20261006_050540,2026-10-06T05:21:19.857600+00:00,aliexpress,GPU,3256810134472916,New Computer Accessories Wholesale AX Gaming RTX5080 16 GB Graphics Card Gaming PC Etc White GPU 16GB Nvidia GeForce RTX 5080,10338.92,3015.14,2026-10-06,0.0,0,,0.0,3015.14
20261006_050540,2026-10-06T05:21:19.857600+00:00,aliexpress,GPU,3256812970289803,2025 New PRIME GeForce RTX 5080 16GB GDDR7 OC Gaming Graphics Card GPU Triple Fans AI Computing Video Cards for Gaming PC,10827.75,3157.7,2026-10-06,0.0,0,,0.0,3157.7
20261006_050540,2026-10-06T05:21:19.857600+00:00,aliexpress,GPU,3256812296490534,GeForce RTX 5080 16G GAMING TRIO  OC WHITE G5090-32GTC 32GB GDDR7 512-bit PCIe 5.0 Desktop Graphics Card,10027.01,2924.18,2026-10-06,0.0,0,,0.0,2924.18
20261006_050540,2026-10-06T05:21:19.857600+00:00,aliexpress,GPU,3256812731940341,GeForce RTX 5080 16G GAMING TRIO  OC WHITE G5090-32GTC 32GB GDDR7 512-bit PCIe 5.0 Desktop Graphics Card,10485.95,3058.02,2026-10-06,0.0,0,,0.0,3058.02
20261006_050540,2026-10-06T05:21:19.857600+00:00,aliexpress,GPU,3256810133674239,2025 New Release ROG Astral GeForce RTX 5080 16GB OC GDDR7 Gaming Graphics Card GPU AI Computing Video Cards for Gaming PC,13374.47,3900.4,2026-10-06,0.0,0,,0.0,3900.4
20261006_050540,2026-10-06T05:21:19.857600+00:00,aliexpress,GPU,3256810620674225,2025 New ROG Astral RTX 5080 16GB GDDR7 WHITE OC Gaming Graphics Card GPU RTX 5080 AI Computing Video Cards for Gaming PC,12001.5,3500.0,2026-10-06,0.0,0,,0.0,3500.0
20261006_050540,2026-10-06T05:21:19.857600+00:00,aliexpress,GPU,3256812797473190,2025  TUF Gaming GeForce RTX 5080 16GB GDDR7 OC Edition PCIE 5.0 GPU 5090 Graphics Card Gaming,15601.95,4550.0,2026-10-06,0.0,0,,0.0,4550.0
20261006_050540,2026-10-06T05:21:19.857600+00:00,aliexpress,GPU,3256812325765355,【CHIMU HOME】Gaming Graphics Card for RTX 5060 5070 5080 5090 Blackwell DLSS 4 GDDR7 PCIe 5.0 Triple Fan SFF Ready Video Card,3173.09,925.37,2026-10-06,0.0,0,,0.0,925.37
20261006_050540,2026-10-06T05:21:19.857600+00:00,aliexpress,GPU,3256812849636429,5060TI graphics card 5060/5070/5080 full,2715.56,791.94,2026-10-06,0.0,0,,0.0,791.94
20261006_050540,2026-10-06T05:21:19.857600+00:00,aliexpress,GPU,3256812142742921,"ZS2 Gaming Desktop: R9-7900X, GeForce RTX 5080, 32GB DDR5, 2TB M.2 NVMe SSD, Liquid Cooling, 850W USB Type C, VR-R",9753.58,2844.44,2026-10-06,0.0,0,,0.0,2844.44
20261006_050540,2026-10-06T05:21:19.857600+00:00,aliexpress,GPU,3256812802699024,"Acer Predator Helios Neo 16 AI - 16.0"" WQXGA 180 Hz - Intel Core Ultra 9 290HX Plus - GeForce RTX 5080 Laptop GPU - 16GB Memory DDR5 6400 - 1TB NVMe SSD - Windows 11 Home  (NH.U5TAA.001 )",12430.02,3624.97,2026-10-06,0.0,0,,0.0,3624.97
20261006_050540,2026-10-06T05:21:19.857600+00:00,aliexpress,GPU,3256808599498498,RTX5080 5070 RTX5070 RTX 5080 GB203-400-A1 GB203-300-A1 GN22-X7-A1 GN22-X9-A1 GN22-X11-A1 BGA3064 Reball Jig Laser Stencil 0.4mm,395.54,115.35,2026-10-06,5.0,0,,0.0,115.35
20261006_050540,2026-10-06T05:21:19.857600+00:00,aliexpress,GPU,3256812445039712,"Msi Vector - 16"" Qhd+ Lcd Geforce Rtx 5080 Laptop Gpu - Intel Core Ultra 9 275Hx - 16Gb Memory - 1 Tb Ssd - Windows 11 Home Gaming Laptop - 240 Hz (Vector 16 Hx Ai A2Xwig-050Us)",9316.08,2716.85,2026-10-06,0.0,0,,0.0,2716.85
20261006_050540,2026-10-06T05:21:19.857600+00:00,aliexpress,GPU,3256808286121290,"Alphacool Core GPU Water Block For MSI GeForce 5080,5070 Ti 16G VENTUS,Inno3D Geforce RTX 5080 Reference AIC Card Cooler,5V Argb",1276.93,372.39,2026-10-06,5.0,0,,0.0,372.39
20261006_050540,2026-10-06T05:21:19.857600+00:00,aliexpress,GPU,3256812147330647,i9-14900KF Desktop PC with RTX 5080 5070Ti 5060Ti GPU Water-Cooled AI Design Gaming PC Barebone High-End DIY,26874.79,7837.5,2026-10-06,0.0,0,,0.0,7837.5
20261006_050540,2026-10-06T05:21:19.857600+00:00,aliexpress,GPU,3256808556309475,"Bykski Water Block For ASUS PRIME RTX 5080,5070Ti O16G Graphics Card Cooler With Backplate ,N-AS5080PM-X",1032.95,301.24,2026-10-06,5.0,0,,0.0,301.24
20261006_050540,2026-10-06T05:21:19.857600+00:00,aliexpress,GPU,3256810487592016,Alphacool Core GPU Water Block for PNY GeForce RTX 5080 ARGB EPIC-X RGB Overclocked Triple Fan Card Cooler with Backplate,1296.13,377.99,2026-10-06,0.0,0,,0.0,377.99
20261006_050540,2026-10-06T05:21:19.857600+00:00,aliexpress,GPU,3256812696945203,Fan for Brand New Mechanical Revolution Yaoshi Canglong 16 Ultra Compatible with RTX 5080 and RTX 5090 Heat Dissipation,82.78,24.14,2026-10-06,0.0,0,,0.0,24.14
20261006_050540,2026-10-06T05:21:19.857600+00:00,aliexpress,GPU,3256811741413493,White VGA ARGB Lighting Panel for AORUS GEFORCE GTX ROG TUF Gaming 5060 5070ti 5080 5090 RX9070/9060XT Faith Lamp AURA SYNC,37.96,11.07,2026-10-06,4.8,0,,0.0,11.07
20261006_050540,2026-10-06T05:21:19.857600+00:00,aliexpress,GPU,3256809281023563,Bykski GPU Block for Colorful IGame RTX 5080 Ultra W OC 16GB Graphics Card PC Water Cooling Copper Radiator N-IG5080ULOC-X,703.29,205.1,2026-10-06,0.0,0,,0.0,205.1
20261006_050540,2026-10-06T05:21:19.857600+00:00,aliexpress,GPU,3256812176552837,Video Cards Fan GPU Graphics Card Cooler RTX5080 For PNY GeForce RTX 5090 5080 5070Ti TRIPLE FAN FD10020U12D,73.62,21.47,2026-10-06,5.0,0,,0.0,21.47
20261006_050540,2026-10-06T05:21:19.857600+00:00,aliexpress,GPU,3256812440636476,Barrow GPU Block for ASUS TUF RTX 5080 5070 Ti O16G GAMING Graphics Card Computer Water Cooling Radiator / BS-AST5080-PA,563.86,164.44,2026-10-06,0.0,0,,0.0,164.44
20261006_050540,2026-10-06T05:21:19.857600+00:00,aliexpress,GPU,3256809224303838,"Alphacool Core GPU Water Block Serve For Gigabyte GeForce RTX 5080,5070Ti GAMING/WINDFORCE 5080 Aorus,Card Cooler With Backplate",1296.13,377.99,2026-10-06,5.0,0,,0.0,377.99
20261006_050540,2026-10-06T05:21:19.857600+00:00,aliexpress,GPU,3256808839218233,Barrow GPU Cooler Block For ASUS TUF RTX 5080 5070 Ti O16G GAMING Graphics Card PC Water Cooling Radiator BS-AST5080-PA,525.32,153.2,2026-10-06,3.4,0,,0.0,153.2
20261006_050540,2026-10-06T05:21:19.857600+00:00,aliexpress,GPU,3256812399796399,NEW PLD10020B12H RTX5080 RTX5090 Video Card Cooling Fan For Gigabyte AORUS RTX 5080 5090 MASTER  Cooler Fan,124.61,36.34,2026-10-06,0.0,0,,0.0,36.34
20261006_050540,2026-10-06T05:21:19.857600+00:00,aliexpress,GPU,3256811751579815,PC GPU ARGB Lighting Panel White for 5060 5070ti 5080 5090 AORUS GEFORCE GTX ROG TUF Gaming RX9070/9060XT AURA SYNC,40.46,11.8,2026-10-06,5.0,0,,0.0,11.8
20261006_050540,2026-10-06T05:21:19.857600+00:00,aliexpress,GPU,3256804465707451,"Video Card Lighting Panel For RTX 5090 5080 4090,MOD GTX ROG 3060ti 4080 GPU Side ARGB Plate,Gamer Cabinet Faith Lamp AURA SYNC",15.12,4.41,2026-10-06,4.6,0,,0.0,4.41
20261006_050540,2026-10-06T05:21:19.857600+00:00,aliexpress,GPU,3256811670636705,MOD ARGB VGA GPU Side Lighting Panel for RTX GTX 5050 5060 5060TI 5070 5070Ti 5080 5090 GPU Gaming Decoration Plate AURA SYNC,40.81,11.9,2026-10-06,5.0,0,,0.0,11.9
20261006_050540,2026-10-06T05:21:19.857600+00:00,aliexpress,GPU,3256812219758089,PLD10020S12H 0.65A RTX5090 RTX5080 GPU Fan for Gigabyte GeForce RTX 5090 5080 5070Ti GAMING OC Graphics Cooling Fan,97.32,28.38,2026-10-06,0.0,0,,0.0,28.38
20261006_050540,2026-10-06T05:21:19.857600+00:00,aliexpress,GPU,3256813126846520,Premium Access with Simple Setup and Professional Service,8.26,2.41,2026-10-06,0.0,0,,0.0,2.41
20261006_050540,2026-10-06T05:21:19.857600+00:00,aliexpress,GPU,3256808935125867,SOYO GT730 4GB Half-height Graphics Card GDDR3 GPU 128Bit HDMI compatible PCI-E 3.0 Placa De Video for Desktop Computer,155.03,45.21,2026-10-06,4.9,0,,0.0,45.21
20261006_050540,2026-10-06T05:21:19.857600+00:00,aliexpress,GPU,3256813131464475,Premium Access | Fast Setup | Secure Service,7.61,2.22,2026-10-06,0.0,0,,0.0,2.22
20261006_050540,2026-10-06T05:21:19.857600+00:00,aliexpress,GPU,3256811785292606,GTX1050Ti Graphics Card Graphics Card for Desktop Computer Network Accessories 780MHz GTX1050Ti 2G 128Bit DDR5,159.45,46.5,2026-10-06,3.0,0,,0.0,46.5
20261006_050540,2026-10-06T05:21:19.857600+00:00,aliexpress,GPU,3256806851892437,GPUHOLD Graphics Card GPU Holder Magnetic Bracket Video Card Holder Vertical Telescopic Rotating Stand,1.13,0.33,2026-10-06,4.9,0,https://www.aliexpress.com/ssr/300000512/BundleDeals2?productIds=1005007038207189:12000039179296436&pha_manifest=ssr&_immersiveMode=true&disableNav=YES&sourceName=SEARCHProduct,0.0,0.33
20261006_050540,2026-10-06T05:21:19.857600+00:00,aliexpress,GPU,3256808003427224,AOTESIER Gaming PC Core I7 CPU With 8G /16G RAM 256G SSD HD4600 ATX/ITX/M-ATX Full View Side Panel Temper Glass Front PC Gamer,2160.27,630.0,2026-10-06,4.2,0,,0.0,630.0
20261006_050540,2026-10-06T05:21:19.857600+00:00,aliexpress,GPU,3256809322558890,"JEYI PCIe 5.0 X16 Riser Cable - 90° GPU Extension for RTX 5090/4090 & RX 7900 XTX, Mining Rig, WRX80/TRX40, 15cm/18cm/20cm/30cm",151.36,44.14,2026-10-06,4.9,0,,0.0,44.14
20261006_050540,2026-10-06T05:21:19.857600+00:00,aliexpress,GPU,3256809857587032,ATX PSU 24Pin Transfer Connector RGB Steering Wiring Adapter Belief Pattern 5V ARGB Logo Optional DIY Mounting MOD Parts,3.74,1.09,2026-10-06,4.9,0,,0.0,1.09
20261006_050540,2026-10-06T05:21:19.857600+00:00,aliexpress,GPU,3256809927572664,lotorasia with NVIDIA TITAN V VOLTA 12GB HBM2 VIDEO CARD,1155.33,336.93,2026-10-06,5.0,0,,0.0,336.93
20261006_050540,2026-10-06T05:21:19.857600+00:00,aliexpress,GPU,3256812362149300,"【CHIMU HOME】14th Gen i9 14900K AI Workstation PC, RTX 5090 4090 DDR5 Liquid Cooling Deep Learning Gaming Desktop",24132.34,7037.72,2026-10-06,0.0,0,,0.0,7037.72
20261006_050540,2026-10-06T05:21:19.857600+00:00,aliexpress,GPU,3256804675258140,ZOTAC GTX 1080 Ti 1080Ti 11GB GPU Graphics Cards GeForce GTX1080 GTX1080Ti Video Card NVIDIA Computer Game Gaming Desktop PC DVI,889.76,259.48,2026-10-06,4.9,0,,0.0,259.48
20261006_050540,2026-10-06T05:21:19.857600+00:00,aliexpress,GPU,3256810556552418,R5 2600X Desktop Computer PC R5 2600x 16G Ram 256T SSD RX580 Win10 Win11 Prebuilt Gaming Pc A320m Motherboard,157.91,46.05,2026-10-06,0.0,0,,0.0,46.05
20261006_050540,2026-10-06T05:21:19.857600+00:00,aliexpress,GPU,3256813024902734,Alphacool Core GPU Water Block for MSI GeForce RTX 5080 5070Ti Vanguard 5080 Suprim 16GB SOC Card with Backplate - Cooling Syste,1276.93,372.39,2026-10-06,0.0,0,,0.0,372.39
20261006_050540,2026-10-06T05:21:19.857600+00:00,aliexpress,GPU,3256809574192893,AOTESIER PC Gaming With Core I7 Processor/256G SSD 8GB /16GB RAM 3200MB DDR3/Windows 11 HD Graphics 4600 Graphics/ White,2341.7,682.91,2026-10-06,3.0,0,,0.0,682.91
20261006_050540,2026-10-06T05:21:19.857600+00:00,aliexpress,GPU,3256812577441911,For  MSI GeForce RTX 5070 Ti 16G MLG EDITION Graphics Card,5338.95,1557.0,2026-10-06,0.0,0,,0.0,1557.0
20261006_050540,2026-10-06T05:21:19.857600+00:00,aliexpress,GPU,3256805780657275,MLLSE AMD RX5700 XT 8GB Graphics Card GDDR6 256Bit PCI-E 4.0×16 6+8Pin Radeon GPU Rx 5600XT Gaming Video Card Placa De Video,836.2,243.86,2026-10-06,4.7,0,,0.0,243.86
20261006_050540,2026-10-06T05:21:19.857600+00:00,aliexpress,GPU,3256809118121757,MSI GeForce RTX 2060 SUPER VENTUS OC GDDR6 256Bit 8Pin 8G Graphic Card,1306.45,381.0,2026-10-06,1.0,0,,0.0,381.0
20261006_050540,2026-10-06T05:21:19.857600+00:00,aliexpress,GPU,3256812129720308,"Alphacool Core GPU Water Block Serve For MSI Geforce RTX 5080,5070Ti 16G Vanguard+5080 Suprim SOC Graphics Card Cooler",1276.93,372.39,2026-10-06,0.0,0,,0.0,372.39
20261006_050540,2026-10-06T05:21:19.857600+00:00,aliexpress,GPU,3256808654421613,ASUS AREZ STRIX RXVEGA64 O8G GAMING & ROG STRIX RX570 04G GAMING & ROG STRIX RX5700 O8G GAMING & RX5700 8G graphics card,771.04,224.86,2026-10-06,4.3,0,,0.0,224.86
20261006_050540,2026-10-06T05:21:19.857600+00:00,aliexpress,GPU,3256812967695463,2025 New PRIME GeForce RTX 5070 Ti 16GB OC GDDR7 RTX5070 Ti Graphics Card Gaming GPU Video Card Triple Fans Gaming Desktop,7152.89,2086.0,2026-10-06,0.0,0,,0.0,2086.0
20261006_050540,2026-10-06T05:21:19.857600+00:00,aliexpress,GPU,3256812571966601,For MSI GeForce RTX 5070 Ti 16G GAMING TRIO OC GDDR7 4K GAME Graphics Card,5767.68,1682.03,2026-10-06,0.0,0,,0.0,1682.03
20261006_050540,2026-10-06T05:21:19.857600+00:00,aliexpress,GPU,3256808426568599,Redragon RGMS-1200W PRO 80+ Gold 1200 Watt Power Supply w/Upgraded ATX 3.1 & PCIe 5.1 Fully Modular,437.06,127.46,2026-10-06,5.0,0,,0.0,127.46
20261006_050540,2026-10-06T05:21:19.857600+00:00,aliexpress,GPU,3256807608984090,DIY Mirror VGA Holder ARGB Gamer Cabinet 5090 5080 Vertical GPU Bracket Support Jack AURA Sync PC Accessories 3090 4070 4090,66.45,19.38,2026-10-06,5.0,0,,0.0,19.38
20261006_050540,2026-10-06T05:21:19.857600+00:00,aliexpress,GPU,3256806447399303,F​or ASUS GeForce RTX 4080 4090 TUF Video Card Fan Original RTX4080 RTX4090 Replacement Graphics Card GPU Heatsink,473.44,138.07,2026-10-06,0.0,0,,0.0,138.07
20261006_050540,2026-10-06T05:21:19.857600+00:00,aliexpress,GPU,3256810177775241,HD7670 4GB DDR5 128bit Graphics Card with Cooling Fan 2560x1600 Support HD Multimedia Interface DVI VGA Game Graphics Card,146.8,42.81,2026-10-06,4.3,0,,0.0,42.81
20261006_050540,2026-10-06T05:21:23.610741+00:00,aliexpress,GPU,3256812511825474,5070/5070Ti/5080/5090D computer independent graphics card,5345.61,1558.94,2026-10-06,0.0,0,,0.0,1558.94
20261006_050540,2026-10-06T05:21:23.610741+00:00,aliexpress,GPU,3256812006154263,White e-sports AI graphics card 5080,48218.56,14061.99,2026-10-06,0.0,0,,0.0,14061.99
20261006_050540,2026-10-06T05:21:23.610741+00:00,aliexpress,GPU,3256812069312465,"For ASUS Ge RTX 5080, game version RTX5080 16GB graphics card, game computer, etc. White GPU 16GB",7327.7,2136.98,2026-10-06,0.0,0,,0.0,2136.98
20261006_050540,2026-10-06T05:21:23.610741+00:00,aliexpress,GPU,3256811382592702,"Hot-selling, e-sports RTX5080/5090D V2 desktop computer game independent graphics card 16GB",10410.58,3036.04,2026-10-06,0.0,0,,0.0,3036.04
20261006_050540,2026-10-06T05:21:23.610741+00:00,aliexpress,GPU,3256812073550051,Rtx5080 5070ti 5090d dlss 4.5 shuishen computer chassis independent graphics card,15099.12,4403.36,2026-10-06,5.0,0,,0.0,4403.36
20261006_050540,2026-10-06T05:21:23.610741+00:00,aliexpress,GPU,3256812577396078,For Gigabyte AORUS GeForce RTX 5080 16GB XTREME WATERFORCE FULL 4K Gaming DLSS4 GPU,8357.02,2437.16,2026-10-06,0.0,0,,0.0,2437.16
20261006_050540,2026-10-06T05:21:23.610741+00:00,aliexpress,GPU,3256810078031850,RTX5060Ti/5070Ti/5080/5090DAMP Graphics Desktop PC DLSS4,6700.68,1954.12,2026-10-06,0.0,0,,0.0,1954.12
20261006_050540,2026-10-06T05:21:23.610741+00:00,aliexpress,GPU,3256812920489479,AX RTX5080 16G X3W Graphics Card New Retail Box 4K Gaming Ray Tracing AI Rendering DLSS4 White GPU,10843.22,3162.21,2026-10-06,0.0,0,,0.0,3162.21
20261006_050540,2026-10-06T05:21:23.610741+00:00,aliexpress,GPU,3256809983841256,RTX 5080/RTX5070TI/RTX 5070/RTX 4070  gaming video card,4503.13,1313.25,2026-10-06,0.0,0,,0.0,1313.25
20261006_050540,2026-10-06T05:21:23.610741+00:00,aliexpress,GPU,3256812072942956,RTX5080 16GB Graphics Card for Server Gaming Deep Learning AI Rendering Hashrate Mining Workstation Desktop PC Build PCIe GPU,14441.44,4211.56,2026-10-06,0.0,0,,0.0,4211.56
20261006_050540,2026-10-06T05:21:23.610741+00:00,aliexpress,GPU,3256810383848731,Suitable for GeForce RTX5080 Ultra W OC16GB Gaming Esports Computer Graphics Card Accessories,9104.2,2655.06,2026-10-06,5.0,0,,0.0,2655.06
20261006_050540,2026-10-06T05:21:23.610741+00:00,aliexpress,GPU,3256811834870749,Genesis 9950X3D RTX5080/5090D graphics card,19489.75,5683.8,2026-10-06,0.0,0,,0.0,5683.8
20261006_050540,2026-10-06T05:21:23.610741+00:00,aliexpress,GPU,3256810399664836,RTX5080 5070Ti 5090D 24G series gaming computer console case independent graphics card,8022.83,2339.7,2026-10-06,0.0,0,,0.0,2339.7
20261006_050540,2026-10-06T05:21:23.610741+00:00,aliexpress,GPU,3256811873573651,"Suitable for ai deep learning film RTX 5080 holy blade OC series new graphics card, game graphics",11634.63,3393.01,2026-10-06,0.0,0,,0.0,3393.01
20261006_050540,2026-10-06T05:21:23.610741+00:00,aliexpress,GPU,3256812557034877,GeForce RTX 5080 Magic Blade Metal Master Xingyao DLSS 4.5 Desktop Computer New Graphics Card,10376.7,3026.16,2026-10-06,0.0,0,,0.0,3026.16
20261006_050540,2026-10-06T05:21:23.610741+00:00,aliexpress,GPU,3256810037329273,RTX5070Ti/5080/5090D Tomahawk Ultra White Vulcan computer host independent graphics card,7920.99,2310.0,2026-10-06,0.0,0,,0.0,2310.0
20261006_050540,2026-10-06T05:21:23.610741+00:00,aliexpress,GPU,3256812100208188,Newest 5000 Series RTX 5080 16GB Gaming Graphics Card GPU RTX 5080 16gb PCIe 5.0 Video Cards for Gaming PC RTX 5080,10893.52,3176.88,2026-10-06,0.0,0,,0.0,3176.88
20261006_050540,2026-10-06T05:21:23.610741+00:00,aliexpress,GPU,3256811948242981,1pcs Server graphics card RTX5080 16GB game graphics card deployment deepseek rendering deep learning hashrate card,17273.42,5037.45,2026-10-06,0.0,0,,0.0,5037.45
20261006_050540,2026-10-06T05:21:23.610741+00:00,aliexpress,GPU,3256810399567225,RTX5080 5090D graphics card 14900KF Game LIVE host,24376.59,7108.95,2026-10-06,0.0,0,,0.0,7108.95
20261006_050540,2026-10-06T05:21:23.610741+00:00,aliexpress,GPU,3256810616340896,RTX5080 O16G GAMING e-sports agent new national bank genuine e-sports game graphics card,9645.57,2812.94,2026-10-06,0.0,0,,0.0,2812.94
20261006_050540,2026-10-06T05:21:23.610741+00:00,aliexpress,GPU,3256812066760469,Rog rtx5080 desktop computer e-sports gaming graphics card supports 4k monitors,13193.08,3847.5,2026-10-06,0.0,0,,0.0,3847.5
20261006_050540,2026-10-06T05:21:23.610741+00:00,aliexpress,GPU,3256811374517989,Palit GeForce RTX 5080 GamingPro 16G Graphics Card GDDR7 DP Output Fan Cooler MXM Condition Original Package for Gaming Desktop,11097.1,3236.25,2026-10-06,0.0,0,,0.0,3236.25
20261006_050540,2026-10-06T05:21:23.610741+00:00,aliexpress,GPU,3256812134264298,RTX5080 Ultra 16GB gaming e-sports computer with independent graphics card,10130.57,2954.38,2026-10-06,0.0,0,,0.0,2954.38
20261006_050540,2026-10-06T05:21:23.610741+00:00,aliexpress,GPU,3256812765156062,HOF hall of fame RTX5070TI/5080OC LAB plus gold standard computer white graphics card super,8537.18,2489.7,2026-10-06,0.0,0,,0.0,2489.7
20261006_050540,2026-10-06T05:21:23.610741+00:00,aliexpress,GPU,3256810133516606,RTX5060/5070Ti/5080 Flower Marriage Desktop Computer Game Graphics Card,5080.75,1481.7,2026-10-06,0.0,0,,0.0,1481.7
20261006_050540,2026-10-06T05:21:23.610741+00:00,aliexpress,GPU,3256812804595804,New Computer Accessories Wholesale AX Gaming RTX5080 16 GB Graphics Card Gaming PC Etc White GPU 16GB Nv Ge  RTX 5080,19260.93,5617.07,2026-10-06,0.0,0,,0.0,5617.07
20261006_050540,2026-10-06T05:21:23.610741+00:00,aliexpress,GPU,3256810129636234,RTX5070Ti/5080 16G Desktop PC Gaming Independent Graphics Card,11497.09,3352.9,2026-10-06,0.0,0,,0.0,3352.9
20261006_050540,2026-10-06T05:21:23.610741+00:00,aliexpress,GPU,3256812669004669,RTX5080 5090D graphics card high-end desktop,30476.57,8887.89,2026-10-06,0.0,0,,0.0,8887.89
20261006_050540,2026-10-06T05:21:23.610741+00:00,aliexpress,GPU,3256812233924192,RTX5080 16G game office graphics card,8991.97,2622.33,2026-10-06,0.0,0,,0.0,2622.33
20261006_050540,2026-10-06T05:21:23.610741+00:00,aliexpress,GPU,3256811618996853,5080 16G 3X OC Super Dragon Dragon Dragon Hardcore Master Wantushi Graphics Card,22134.06,6454.96,2026-10-06,0.0,0,,0.0,6454.96
20261006_050540,2026-10-06T05:21:23.610741+00:00,aliexpress,GPU,3256809975674513,RTX5080 Wind Demon Eagle Snow Eagle Super Carving Graphics Card 16GB Video Memory 9800X3D Set Independent Graphics Card,24038.76,7010.43,2026-10-06,0.0,0,,0.0,7010.43
20261006_050540,2026-10-06T05:21:23.610741+00:00,aliexpress,GPU,3256810408695699,GeForce RTX5080 Vulcan OC 16GB DLSS4 Gaming Ray Tracing Gaming AI Graphics Card,15003.45,4375.46,2026-10-06,0.0,0,,0.0,4375.46
20261006_050540,2026-10-06T05:21:23.610741+00:00,aliexpress,GPU,3256809975637897,RTX5080 16G game graphics card Magic Eagle Wind Demon three fans,15343.06,4474.5,2026-10-06,0.0,0,,0.0,4474.5
20261006_050540,2026-10-06T05:21:23.610741+00:00,aliexpress,GPU,3256811751713467,New Computer Accessories Wholesale AX Gaming RTX5080 16 GB Graphics Card Gaming PC Etc White GPU 16GB,10844.18,3162.49,2026-10-06,0.0,0,,0.0,3162.49
20261006_050540,2026-10-06T05:21:23.610741+00:00,aliexpress,GPU,3256810108174293,TUF RTX5080 game graphics card GPU comp etition gam e indepen dent grap hics car d RTX5080 O16G,12474.02,3637.8,2026-10-06,0.0,0,,0.0,3637.8
20261006_050540,2026-10-06T05:21:23.610741+00:00,aliexpress,GPU,3256812534473738,RTX5070TI/RTX5080 DELUXE-X 16G graphics card,8024.99,2340.33,2026-10-06,0.0,0,,0.0,2340.33
20261006_050540,2026-10-06T05:21:23.610741+00:00,aliexpress,GPU,3256809975820067,Drawing Renaissance game e-sports 4080super graphics card,16251.92,4739.55,2026-10-06,0.0,0,,0.0,4739.55
20261006_050540,2026-10-06T05:21:23.610741+00:00,aliexpress,GPU,3256811917293167,5080/5090D graphics card game sea view room host,16424.77,4789.96,2026-10-06,0.0,0,,0.0,4789.96
20261006_050540,2026-10-06T05:21:23.610741+00:00,aliexpress,GPU,3256812916022162,RTX5050 8GB GDDR7 New Blackwell Architecture Gaming Graphic Card,1642.15,478.9,2026-10-06,0.0,0,,0.0,478.9
20261006_050540,2026-10-06T05:21:23.610741+00:00,aliexpress,GPU,3256812958205608,RTX 5090 5080 5060Ti 5070 4090 4080 4070 VRAM Professional AI & Graphics Workstation GPU Video Card Display Card Graphics Card,28617.13,8345.62,2026-10-06,0.0,0,,0.0,8345.62
20261006_050540,2026-10-06T05:21:23.610741+00:00,aliexpress,GPU,3256810070963829,RTX 5050 Discrete Graphics Card 8G Gaming Rendering,2165.41,631.5,2026-10-06,0.0,0,,0.0,631.5
20261006_050540,2026-10-06T05:21:23.610741+00:00,aliexpress,GPU,3256812594860728,) RTX4060Ti/4070/4080/4090/5070/5080 Public FE Turbo Graphics Card NVIDIA RTX4090 24G Public FE,122738.79,35794.34,2026-10-06,0.0,0,,0.0,35794.34
20261006_050540,2026-10-06T05:21:23.610741+00:00,aliexpress,GPU,3256812053692059,Card Black Myth Game RTX5070TI 5080 16G 5090 32G Public Edition Independent Graphics,6301.47,1837.7,2026-10-06,0.0,0,,0.0,1837.7
20261006_050540,2026-10-06T05:21:23.610741+00:00,aliexpress,GPU,3256812328654915,5060TI game AI/8G graphics card 5070/5080,3321.95,968.78,2026-10-06,0.0,0,,0.0,968.78
20261006_050540,2026-10-06T05:21:23.610741+00:00,aliexpress,GPU,3256812586674123,RTX5050/5060/5060TI/5070/5070TI/5080/5090D Vulcan/Water/Tomahawk/Ultra/AD OC graphics card RTX5090D White Vulcan,30971.41,9032.2,2026-10-06,0.0,0,,0.0,9032.2
20261006_050540,2026-10-06T05:21:23.610741+00:00,aliexpress,GPU,3256810625798241,5070TI 5080 5090D White Desktop Computer Discrete Graphics Card,6328.22,1845.5,2026-10-06,0.0,0,,0.0,1845.5
20261006_050540,2026-10-06T05:21:23.610741+00:00,aliexpress,GPU,3256812645906103,5060TI graphics card 5060/5070/5080 full series graphics card,3635.01,1060.08,2026-10-06,0.0,0,,0.0,1060.08
20261006_050540,2026-10-06T05:21:23.610741+00:00,aliexpress,GPU,3256813038223986,New graphics card 5080 e-sports design AI intelligent graphics card,8330.96,2429.56,2026-10-06,0.0,0,,0.0,2429.56
20261006_050540,2026-10-06T05:21:23.610741+00:00,aliexpress,GPU,3256812748396900,2025 New Release ROG Astral GeForce RTX 5080 16GB OC GDDR7 Gaming Graphics Card GPU AI Computing Video Cards for Gaming PC,13019.23,3796.8,2026-10-06,0.0,0,,0.0,3796.8
20261006_050540,2026-10-06T05:21:23.610741+00:00,aliexpress,GPU,3256812142323555,Suitable for RTX5080 16G Desktop Computer Gaming Graphics Card,6694.64,1952.36,2026-10-06,0.0,0,,0.0,1952.36
20261006_050540,2026-10-06T05:21:23.610741+00:00,aliexpress,GPU,3256811647698187,Server graphics card RTX5080 16GB game graphics card deployment deepseek rendering deep learning hashrate card,17994.77,5247.82,2026-10-06,5.0,0,,0.0,5247.82
20261006_050540,2026-10-06T05:21:23.610741+00:00,aliexpress,GPU,3256811383039852,"RTX 5050/5060 8G VENTUS 2X OC Graphics Card, Gaming GPU Compatible with RTX 3050 Level",1607.34,468.75,2026-10-06,0.0,0,,0.0,468.75
20261006_050540,2026-10-06T05:21:23.610741+00:00,aliexpress,GPU,3256811887344245,"5080 Magic Eagle, Brand New 16G Graphics Card",10448.92,3047.22,2026-10-06,0.0,0,,0.0,3047.22
20261006_050540,2026-10-06T05:21:23.610741+00:00,aliexpress,GPU,3256810005236421,Suitable for  5080 5090D White Desktop Computer Discrete Graphics Card,8941.73,2607.68,2026-10-06,0.0,0,,0.0,2607.68
20261006_050540,2026-10-06T05:21:23.610741+00:00,aliexpress,GPU,3256810399583738,RTX5060/5060TI/5070/5070TI/5080/5090 graphics card game console,10796.72,3148.65,2026-10-06,0.0,0,,0.0,3148.65
20261006_050540,2026-10-06T05:21:23.610741+00:00,aliexpress,GPU,3256812842137224,5060Ti game AI/8G graphics card 5070/5080,3018.27,880.22,2026-10-06,0.0,0,,0.0,880.22
20261006_050540,2026-10-06T05:21:23.610741+00:00,aliexpress,GPU,3256810133334888,5060/5070Ti/5080 Desktop PC Gaming Independent Graphics Card,4429.58,1291.8,2026-10-06,0.0,0,,0.0,1291.8
20261006_050540,2026-10-06T05:21:23.610741+00:00,aliexpress,GPU,3256811363700470,RTX5080/5090D V2 Desktop PC Gaming Independent Graphics Card,9806.32,2859.82,2026-10-06,0.0,0,,0.0,2859.82
20261006_050540,2026-10-06T05:21:27.444197+00:00,aliexpress,GPU,3256812537240225,CUAV C-RTK 9Ps GNSS Module U-BLOX ZED-F9P Centimeter Level RTK PPK GPS 2cm Accuracy For PX4 Pixhawk Ardupilot Drone Surveying,1298.63,378.72,2026-10-06,0.0,0,,0.0,378.72
20261006_050540,2026-10-06T05:21:27.444197+00:00,aliexpress,GPU,3256807427458024,VEIKK A30 10 x6 inch Professional Graphics Drawing Tablet Type-C interface with 8192 Level Battery-Free for Digital Drawing Pad,149.47,43.59,2026-10-06,4.8,0,,0.0,43.59
20261006_050540,2026-10-06T05:21:27.444197+00:00,aliexpress,GPU,3256812099932754,K80 24GB GDDR5 GPU Accelerator AI Deep Learning Professional Computing Graphics Card,436.61,127.33,2026-10-06,0.0,0,,0.0,127.33
20261006_050540,2026-10-06T05:21:27.444197+00:00,aliexpress,GPU,3256811952216009,"AI deep learning game graphics card, turbo public version RTX3080 10G 20G",2151.83,627.54,2026-10-06,0.0,0,,0.0,627.54
20261006_050540,2026-10-06T05:21:27.444197+00:00,aliexpress,GPU,3256812587639429,Limited Clearance FLYCOLOR X-Cross Mini 4in1 45A BLHELI_32 ESC 20X20mm,391.49,114.17,2026-10-06,0.0,0,,0.0,114.17
20261006_050540,2026-10-06T05:21:27.444197+00:00,aliexpress,GPU,3256812252674096,MI50 32GB HBM2 GPU Dual 8Pin Server AI Deep Learning Compute Gaming Video Card,1853.44,540.52,2026-10-06,0.0,0,,0.0,540.52
20261006_050540,2026-10-06T05:21:27.444197+00:00,aliexpress,GPU,3256810608214598,"PCIE 4.0 Riser Cable, Compatible with PCIe 4.0/3.0 GPUs, Such as GeForce RTX 40/30 Series and AMD Radeon RX7000/RX6000 Series",66.83,19.49,2026-10-06,4.8,0,,0.0,19.49
20261006_050540,2026-10-06T05:21:27.444197+00:00,aliexpress,GPU,3256808612609162,MLLSE GT730 4GB GT740 4GB Graphics Card GDDR3 128Bit DVI VGA PCI-E 3.0 Geforce GPU Gt 730 Gaming Video Card Placa De Video,127.73,37.25,2026-10-06,4.6,0,,0.0,37.25
20261006_050540,2026-10-06T05:21:27.444197+00:00,aliexpress,GPU,3256808455156605,For Lenovo Ideapad G50-80 G40-80 Notebook Mainboard NM-A362 Laptop Motherboard I3 I5 I7 CPU UMA ACLU3/ACLU4 100% Tested Ok,226.66,66.1,2026-10-06,5.0,0,,0.0,66.1
20261006_050540,2026-10-06T05:21:27.444197+00:00,aliexpress,GPU,3256812297817478,Moore thread gen5 graphics card s80 large capacity gddr6 local deployment host ai,1933.96,564.0,2026-10-06,0.0,0,,0.0,564.0
20261006_050540,2026-10-06T05:21:27.444197+00:00,aliexpress,GPU,2251832812158375,"Gaomon S620 Digital Tablet 6.5x4 Inch Portable Thin Graphics Tablets for Drawing Playing OSU, Easy Android Phone Connection",136.78,39.89,2026-10-06,4.9,0,,0.0,39.89
20261006_050540,2026-10-06T05:21:27.444197+00:00,aliexpress,GPU,3256812977166295,Popular RTX 2080 TI high graphics memory 22gb AI graphics card for service graphics cards,2941.4,857.8,2026-10-06,0.0,0,,0.0,857.8
20261006_050540,2026-10-06T05:21:27.444197+00:00,aliexpress,GPU,3256811489289402,SOYO RX580 8G Graphics Cards AMD Radeon GDDR5 Memory Video Gaming Card RX 580 for Desktop Computer Components,537.74,156.82,2026-10-06,4.4,0,,0.0,156.82
20261006_050540,2026-10-06T05:21:27.444197+00:00,aliexpress,GPU,3256812250594666,"3050 4070lp high-end small card 8G e-sports graphics card, ray tracing AI operation",1334.09,389.06,2026-10-06,0.0,0,,0.0,389.06
20261006_050540,2026-10-06T05:21:27.444197+00:00,aliexpress,GPU,3256812809749632,HUION KP1202 12.2 Inch Android 16 Drawing Tablet 8GB+256GB 90Hz 2.4K 3:2 Display G720 2.6GHz PenTech 4.0 Stylus,2519.01,734.62,2026-10-06,0.0,0,,0.0,734.62
20261006_050540,2026-10-06T05:21:27.444197+00:00,aliexpress,GPU,3256812597948367,Brand New New Arrival  For RTX5060 8G graphics card,3158.35,921.07,2026-10-06,0.0,0,,0.0,921.07
20261006_050540,2026-10-06T05:21:27.444197+00:00,aliexpress,GPU,3256808053426863,MOUGOL AMD Radeon RX590 8G Graphics Card GDDR5 Video Memory 256Bit DVI+DP Interface DirectX12 for Desktop Gaming Computers,675.86,197.1,2026-10-06,4.6,0,,0.0,197.1
20261006_050540,2026-10-06T05:21:27.444197+00:00,aliexpress,GPU,3256809039637779,NM-A361 Notebook Motherboard for Lenovo G40-80 G50-80 Mainboard  ACLU3 ACLU4 CPU I3 I5 I7 GPU R5 M330 2GB  216-0867030,235.23,68.6,2026-10-06,5.0,0,,0.0,68.6
20261006_050540,2026-10-06T05:21:27.444197+00:00,aliexpress,GPU,3256809653654641,"ADTLINK M.2 NGFF NVMe to PCIe 5.0 X16 Riser Cable Support STX Nvidia/AMD GPU Cards Extension Gen5 M.2(ultra SSD, M-key) Slot",158.35,46.18,2026-10-06,5.0,0,,0.0,46.18
20261006_050540,2026-10-06T05:21:27.444197+00:00,aliexpress,GPU,3256812683010375,"New Upgrade US Shipping Low Profile GeForce RTX 5060 OC 8G GDDR7 Graphics Card, 128-bit, PCIe 5.0, 4 Display Support with Displa",1586.29,462.61,2026-10-06,0.0,0,,0.0,462.61
20261006_050540,2026-10-06T05:21:27.444197+00:00,aliexpress,GPU,3256805780564841,MLLSE GTX 750Ti 4GB Graphics Card GDDR5 128Bit DVI VGA PCI-E 3.0 Geforce GPU Gtx 750 8gb Gaming Video Card Placa De Video,274.11,79.94,2026-10-06,4.8,0,,0.0,79.94
20261006_050540,2026-10-06T05:21:27.444197+00:00,aliexpress,GPU,3256808537056636,GPD WIN Max 2 2025 10.1 Inch AMD AI 9 HX 370/8840U Windows11 Gaming PC Laptop Notebook Portable Game Computer 64GB RAM 2TB Nvme,4869.18,1420.0,2026-10-06,4.5,0,,0.0,1420.0
20261006_050540,2026-10-06T05:21:27.444197+00:00,aliexpress,GPU,3256807450049500,Huion Kamvas 13 (Gen 3) Graphics Tablet with Screen Pentech 4.0 16K Levels Pressure Pen Display Dual Dials 5 Press Keys,1198.44,349.5,2026-10-06,4.6,0,,0.0,349.5
20261006_050540,2026-10-06T05:21:27.444197+00:00,aliexpress,GPU,3256812827279071,For Colorful RTX 2080ti Graphics Card RTX 2080ti 22GB suitable for AI DeepSeek inference server workstation 2080ti Graphics Card,2752.29,802.65,2026-10-06,0.0,0,,0.0,802.65
20261006_050540,2026-10-06T05:21:27.444197+00:00,aliexpress,GPU,3256812535171488,FEVM FNGT5 PRO RTX5060TI/5080/5090M 24G Thunderbolt 5 Mini External Graphics Card Oculink Dual-Mode EGPU Dock,3417.34,996.6,2026-10-06,5.0,0,,0.0,996.6
20261006_050540,2026-10-06T05:21:27.444197+00:00,aliexpress,GPU,3256812862320104,For Dell RTX A4000 8G Professional Graphics Precision 7560 Workstation,2829.3,825.11,2026-10-06,0.0,0,,0.0,825.11
20261006_050540,2026-10-06T05:21:27.444197+00:00,aliexpress,GPU,3256812951207547,HUION KP1202 12.2 Inch Standalone Android Drawing Tablet 2400×1600 90Hz PenTech 4.0 16K Pressure 8GB 256GB,1731.92,505.08,2026-10-06,0.0,0,,0.0,505.08
20261006_050540,2026-10-06T05:21:27.444197+00:00,aliexpress,GPU,3256807605330819,TEUCER Graphics Card GPU Holder Adjustable Telescopic Rotary Screw Magnetic Anti-Slip Support Vertical GPU Video Card Bracket,12.45,3.63,2026-10-06,4.9,0,,0.0,3.63
20261006_050540,2026-10-06T05:21:27.444197+00:00,aliexpress,GPU,3256812571950658,For Colorful iGame GeForce RTX 5090 D Neptune OC 32GB Graphics Card Full 4K Gaming,22033.66,6425.68,2026-10-06,0.0,0,,0.0,6425.68
20261006_050540,2026-10-06T05:21:27.444197+00:00,aliexpress,GPU,3256809452639041,SOYO GT730 4GB Half-height Graphics Card GDDR3 GPU 128Bit HDMI compatible PCI-E 3.0 Placa De Video for Desktop Computer,192.85,56.24,2026-10-06,4.6,0,,0.0,56.24
20261006_050540,2026-10-06T05:21:27.444197+00:00,aliexpress,GPU,2251832816385529,"GAOMON S620 6.5x4 Inch Digital Graphic Tablet for Drawing Painting Game OSU, 8192 Level Pen Tablet Support Android Windows MacOS",109.69,31.99,2026-10-06,4.7,0,,0.0,31.99
20261006_050540,2026-10-06T05:21:27.444197+00:00,aliexpress,GPU,3256812557206839,RTX5050 8G/RTX3060 12G/3050 8G6G Half-height Knife Card Modeling Visual Inspection Computing Power,1405.92,410.01,2026-10-06,0.0,0,,0.0,410.01
20261006_050540,2026-10-06T05:21:27.444197+00:00,aliexpress,GPU,3256811914236259,"Mini SD Card Storage Box with Lid, Camera TF Card Holder, Portable Multi-Slot Dustproof Scratchproof Card Protection Case",3.74,1.09,2026-10-06,5.0,0,,0.0,1.09
20261006_050540,2026-10-06T05:21:27.444197+00:00,aliexpress,GPU,3256813096480207,Brand New Factory-sealed RTX 5090 D V2 Vulcan OC 24GB Desktop Graphics Card AI Design Productivity Gaming Custom-built PCs,20944.71,6108.11,2026-10-06,0.0,0,,0.0,6108.11
20261006_050540,2026-10-06T05:21:27.444197+00:00,aliexpress,GPU,3256801445889961,HUION New Arrival Kamvas 16(2021) Graphics Drawing Monitor Battery-free Digital Pen Tablet For Win/MAC And Android 120%s RGB,746.12,217.59,2026-10-06,4.4,0,,0.0,217.59
20261006_050540,2026-10-06T05:21:27.444197+00:00,aliexpress,GPU,3256806816784648,GPD WIN Max 2 2026 10.1 Inch AMD AI 9 HX 370/8840U Windows11 Gaming PC Laptop Notebook Portable Game Computer 64GB RAM 2TB Nvme,5009.08,1460.8,2026-10-06,4.7,0,,0.0,1460.8
20261006_050540,2026-10-06T05:21:27.444197+00:00,aliexpress,GPU,3256812906128394,AMD graphics card MI50 32gb dual 8pin new HBM2 server GPU Vega20 chip game graphics card,2293.42,668.83,2026-10-06,0.0,0,,0.0,668.83
20261006_050540,2026-10-06T05:21:27.444197+00:00,aliexpress,GPU,3256812811718951,TUF Gaming GeForce RTX 5060 Ti 8GB OC GDDR7 DLSS4 Gaming Video Cards Triple Fan Cooler GPU for Gaming Desktop,4800.6,1400.0,2026-10-06,0.0,0,,0.0,1400.0
20261006_050540,2026-10-06T05:21:27.444197+00:00,aliexpress,GPU,3256806135782027,21.5 Inch Huion Graphics Tablet Monitor Kamvas 22 with 120%~140% sRGB Drawing Tablet Support Linux MacOS Laotop Android USB3.1,1033.95,301.53,2026-10-06,4.8,0,,0.0,301.53
20261006_050540,2026-10-06T05:21:27.444197+00:00,aliexpress,GPU,3256812902309886,Original RTX3080Ti 3070Ti 3060Ti RX580 8G Gaming Graphics GPU RTX3090 4080 4070 Desktop,3300.65,962.57,2026-10-06,0.0,0,,0.0,962.57
20261006_050540,2026-10-06T05:21:27.444197+00:00,aliexpress,GPU,3256810025275581,Popular RTX 2080 TI High Graphics Memory 22gb AI Graphics Card for Service Graphics Cards,2610.43,761.28,2026-10-06,0.0,0,,0.0,761.28
20261006_050540,2026-10-06T05:21:27.444197+00:00,aliexpress,GPU,3256811768819641,US Shipped GeForce RTX 5060 OC Low Profile 8GB GDDR7 128-bit PCIe 5.0 Graphics Card 4 Display Support DP,1673.32,487.99,2026-10-06,5.0,0,,0.0,487.99
20261006_050540,2026-10-06T05:21:27.444197+00:00,aliexpress,GPU,3256809745947237,50cm 2-in-1 Expansion Board USB 3.0+USB 2.0 Chassis PCI Expansion Card 2-Port 2.0+2-Port 3.0 Dual Interface,28.29,8.25,2026-10-06,5.0,0,,0.0,8.25
20261006_050540,2026-10-06T05:21:27.444197+00:00,aliexpress,GPU,3256812096684215,Gaming graphics card dlss 4 rtx5060 graphics card (8g,4493.36,1310.4,2026-10-06,0.0,0,,0.0,1310.4
20261006_050540,2026-10-06T05:21:27.444197+00:00,aliexpress,GPU,3256812500978901,AMD graphics card MI50 32gb dual 8pin server GPU Vega20 chip game graphics card,1641.81,478.8,2026-10-06,0.0,0,,0.0,478.8
20261006_050540,2026-10-06T05:21:27.444197+00:00,aliexpress,GPU,3256812958190013,2025 TX RTX 5060 Ti 8GB GDDR7 OC Limited DLSS4 Gaming Desktop Video Card Triple Fan Cooler Mxm Condition New,4800.6,1400.0,2026-10-06,0.0,0,,0.0,1400.0
20261006_050540,2026-10-06T05:21:27.444197+00:00,aliexpress,GPU,3256812529922283,Orange Pi 5 Max (8GB) Single Board Computer OrangePi 5 Max 8GB SBC,1827.62,532.99,2026-10-06,0.0,0,,0.0,532.99
20261006_050540,2026-10-06T05:21:27.444197+00:00,aliexpress,GPU,3256812305065668,GeForce RTX 5060 Ti 8GB GDDR7 2692MHz Triple Fan Graphics Card PCIe 5.0  DP 2.1 SFF Ready 2407 MHz,1767.14,515.35,2026-10-06,0.0,0,,0.0,515.35
20261006_050540,2026-10-06T05:21:27.444197+00:00,aliexpress,GPU,3256806235112184,Aotesier Core I7 CPU Affordable Computer Full Set 8G/16G RAM 256GB SSD Home Office Gaming PC Desktop Computer Gamers PC Game,2341.7,682.91,2026-10-06,3.0,0,,0.0,682.91
20261006_050540,2026-10-06T05:21:27.444197+00:00,aliexpress,GPU,3256812205865675,Fan for Brand New Mechanical Revolution Yaoshi Canglong 16 Ultra Compatible with RTX 5080 and RTX 5090 Heat Dissipation,91.76,26.76,2026-10-06,0.0,0,,0.0,26.76
20261006_050540,2026-10-06T05:21:27.444197+00:00,aliexpress,GPU,3256809278074101,ADTLINK PCIe 4.0/5.0 X4 to OCuLink SFF-8611/8612 Adapter with Half-height & Full-height Brackets OCuLink Graphics Card External,46.6,13.59,2026-10-06,5.0,0,,0.0,13.59
20261006_050540,2026-10-06T05:21:31.218421+00:00,aliexpress,GPU,3256811643079796,RTX 3080 GPU GIGABYTE GV-N3080AORUS X-10GD PC Gamer Graphics Card 10GB GDDR6X 320 Bit PCI-E 4.0 PSU 850W 8 Pin HDMI 2.1 DP ATX,2149.47,626.85,2026-10-06,5.0,0,,0.0,626.85
20261006_050540,2026-10-06T05:21:31.218421+00:00,aliexpress,GPU,3256812324414003,Quadro P400 P600 2GB GDDR5 PCI Express 3.0x16 Mini DP Professional Graphics Card with Original 100% Test Compact Chassis,177.28,51.7,2026-10-06,5.0,0,,0.0,51.7
20261006_050540,2026-10-06T05:21:31.218421+00:00,aliexpress,GPU,3256809111529701,MLLSE GT 610 2GB Graphics Card GDDR3 64Bit DVI VGA PCI-E 2.0 Geforce GPU Gt 610 Gaming Video Card Placa De Video,115.69,33.74,2026-10-06,4.6,0,,0.0,33.74
20261006_050540,2026-10-06T05:21:31.218421+00:00,aliexpress,GPU,2251832799864399,GAOMON S620 Portable Graphics Tablet 6.5x4 Inch Writing Board for Android Easy Connection Small Lightweight for Outdoor Drawing,91.38,26.65,2026-10-06,5.0,0,,0.0,26.65
20261006_050540,2026-10-06T05:21:31.218421+00:00,aliexpress,GPU,3256811656968259,AIBOMAN GPU RTX 5060 8GB GDDR7 3840cuda HDMI+DP PCI Express X16 5.0 145W Graphics Cards,2158.32,629.43,2026-10-06,5.0,0,,0.0,629.43
20261006_050540,2026-10-06T05:21:31.218421+00:00,aliexpress,GPU,3256809591399853,AMD Radeon PRO W6400 4GB GDDR6 Professional Graphics Card RDNA 2 Workstation GPU 50W Low Power PCIe 4.0 for Desktop PC Computer,786.3,229.31,2026-10-06,4.7,0,,0.0,229.31
20261006_050540,2026-10-06T05:21:31.218421+00:00,aliexpress,GPU,3256809943699009,AIBOMAN Video Card GTX1660Ti 6GB GDDR6 192Bit 1530MHz GPU PCI-E 3.0 HDMI DP DVI Output Gaming Graphics Cards,815.9,237.94,2026-10-06,5.0,0,,0.0,237.94
20261006_050540,2026-10-06T05:21:31.218421+00:00,aliexpress,GPU,3256811444842090,ASUS GTX 750Ti-OC-2GD5 5400MHz GDDR5 128bit 1×HDMI 2×DVI 1×VGA PCI Express 3.0,322.33,94.0,2026-10-06,0.0,0,,0.0,94.0
20261006_050540,2026-10-06T05:21:31.218421+00:00,aliexpress,GPU,3256805372702902,LS NVIDIA GeForce GT710 Heavy Hammer 1G/2G DDR3 HDMI/DVI /VGA Entry-level PCI-E Discrete Graphics Card For Desktop Computers,192.92,56.26,2026-10-06,4.6,0,,0.0,56.26
20261006_050540,2026-10-06T05:21:31.218421+00:00,aliexpress,GPU,3256812280575075,for Nvidia Tesla P40 24GB GPU GDDR5 PCIE Graphics Accelerator Card with Cooling Fan for AI Inference Deep Learning,1234.75,360.09,2026-10-06,5.0,0,,0.0,360.09
20261006_050540,2026-10-06T05:21:31.218421+00:00,aliexpress,GPU,3256811623742947,GIGABYTE RTX 2080 SUPER Waterforce WB  graphics card GV-N208SGAMINGOC WB-8GD 8GB GDDR6 256 bit 8+6pin HDMI 2.0b DP gaming GPU,1321.64,385.43,2026-10-06,0.0,0,,0.0,385.43
20261006_050540,2026-10-06T05:21:31.218421+00:00,aliexpress,GPU,3256809887972577,AIBOMAN RX6500XT 4G Fox Backboard Pattern GDDR6 64Bit Outputinterface HDMI*1+DP*1  gaming on computer graphics card,585.67,170.8,2026-10-06,5.0,0,,0.0,170.8
20261006_050540,2026-10-06T05:21:31.218421+00:00,aliexpress,GPU,3256809524417021,New Original For NVIDIA Tesla A2 16GB GPU Low Profile AI Inference Deep Learning Accelerator Graphics Card,2024.48,590.4,2026-10-06,5.0,0,,0.0,590.4
20261006_050540,2026-10-06T05:21:31.218421+00:00,aliexpress,GPU,3256807772135001,VEINEDA Graphics Card GT610 2GB 64Bit DDR3PC Desktop Refurbished Cards PCI E 2.0 computer Graphics Cards for nVIDIA Geforce,179.78,52.43,2026-10-06,0.0,0,,0.0,52.43
20261006_050540,2026-10-06T05:21:31.218421+00:00,aliexpress,GPU,3256809065487952,Asus GTX1050TI GeForce GTX 1050 Ti 4GB Phoenix Fan Edition Graphics Card,648.08,189.0,2026-10-06,5.0,0,,0.0,189.0
20261006_050540,2026-10-06T05:21:31.218421+00:00,aliexpress,GPU,3256811726083347,GIGABYTE NVIDIA AORUS RTX 3080 10GB GDDR6X 320bit GV N3080AORUS X 10GD Graphics Card PCI-E4.0 DP HDMI 8pin For Desktop PC Gaming,2351.13,685.66,2026-10-06,2.0,0,,0.0,685.66
20261006_050540,2026-10-06T05:21:31.218421+00:00,aliexpress,GPU,3256811559950437,MSI Gaming AMD Radeon RX 6600XT 128-bit 8GB GDDR6 DP/HDMI Dual Torx Fans FreeSync DirectX 12 VR Ready OC Graphics Card,1349.31,393.5,2026-10-06,0.0,0,,0.0,393.5
20261006_050540,2026-10-06T05:21:31.218421+00:00,aliexpress,GPU,3256809953612628,SRhonyra GTX 1060 3GB 6GB Low Profile Graphics Card GDDR5 192-bit PCIe 3.0 x16 SFF Thin ITX HTPC Mini Desktop PC,538.15,156.94,2026-10-06,4.1,0,,0.0,156.94
20261006_050540,2026-10-06T05:21:31.218421+00:00,aliexpress,GPU,3256812119699249,SOYO AMD Radeon R9 370 4GB GDDR5 Graphics Card HDMI+DP+DVI PCIe3.0x16 28NM 256bit Video Card PC Game Desktop Computer Component,285.94,83.39,2026-10-06,5.0,0,,0.0,83.39
20261006_050540,2026-10-06T05:21:31.218421+00:00,aliexpress,GPU,3256809008488998,"SRhonyra GeForce GTX1660S 1050 1050Ti 750 750Ti Multi-monitors Graphics Card,2/4/6GB 4HDMI GDDR5 4K Video Card Screen Splicing",527.04,153.7,2026-10-06,0.0,0,,0.0,153.7
20261006_050540,2026-10-06T05:21:31.218421+00:00,aliexpress,GPU,3256808890421815,ASUS GTX760 192BIT 3GD5 DP Graphics Support DVI-D VGA DVI-I PCI 3.0 6+6Pin for Desktop PC Computer,247.03,72.04,2026-10-06,0.0,0,,0.0,72.04
20261006_050540,2026-10-06T05:21:31.218421+00:00,aliexpress,GPU,3256812329544469,"Quadro P2000 5G graphics card modeling, rendering, and drawing professional graphics card 4K multi screen 100% testing perfect",772.28,225.22,2026-10-06,0.0,0,,0.0,225.22
20261006_050540,2026-10-06T05:21:31.218421+00:00,aliexpress,GPU,3256813063129020,New RTX NVIDIA 4060 Turbo Ti Graphics Card Public Edition AI Deep Learning Modeling Rendering Video Editing 16GB,3103.38,905.04,2026-10-06,0.0,0,,0.0,905.04
20261006_050540,2026-10-06T05:21:31.218421+00:00,aliexpress,GPU,3256810421491432,GPU GIGABYTE Graphics Card PCI-E 4.0 8-pin*3 HDMI 320bit DP Triple Fans for Desktop PC,1733.05,505.41,2026-10-06,3.8,0,,0.0,505.41
20261006_050540,2026-10-06T05:21:31.218421+00:00,aliexpress,GPU,3256812426446929,SOYO GTX750 4G DDR5 Graphics Card 128bit Single Fan DVI+HDMI+VGA 640 Unified Desktop PC Gaming Video Card 28NM NVIDIA PCIE2.0*16,410.35,119.67,2026-10-06,0.0,0,,0.0,119.67
20261006_050540,2026-10-06T05:21:31.218421+00:00,aliexpress,GPU,3256805780657263,MLLSE GTX 750Ti 4GB Graphics Card GDDR5 128Bit HDMI DVI VGA PCI-E 3.0 Geforce GPU Gtx 750ti Gaming Video Card Placa De Video,273.81,79.85,2026-10-06,4.8,0,,0.0,79.85
20261006_050540,2026-10-06T05:21:31.218421+00:00,aliexpress,GPU,3256813073513645,NVIDIA RTX 3050 graphics card 6G desktop computer OPS computer esports game ITX small chassis half height knife card,2028.94,591.7,2026-10-06,0.0,0,,0.0,591.7
20261006_050540,2026-10-06T05:21:37.955798+00:00,amazon_usa,GPU,B0FTS11VTX,"Amazon Renewed TUF Gaming GeForce RTX ™ 5070 12GB GDDR7 OC Edition Gaming Graphics Card (PCIe® 5.0, HDMI®/DP 2.1, 3.125-slot, Military-Grade Components, Protective PCB Coating, axial-tech Fans) (Renew",836.09,243.83,2026-10-06,3.8,3,https://www.amazon.com/ASUS-3-125-slot-Military-Grade-Components-Protective/dp/B0FTS11VTX,0.0,243.83
20261006_050540,2026-10-06T05:21:37.955798+00:00,amazon_usa,GPU,B0DX7JJ87N,msi NVIDIA GeForce RTX 5070 12G Ventus 2X OC Graphics Card,1006.34,293.48,2026-10-06,4.6,271,https://www.amazon.com/MSI-GeForce-RTX-5070-Ventus/dp/B0DX7JJ87N,0.0,293.48
20261006_050540,2026-10-06T05:21:37.955798+00:00,amazon_usa,GPU,B0DYPGW2KB,"ASUS TUF Gaming GeForce RTX 5070 12GB GDDR7 OC Edition Gaming Graphics Card (PCIe 5.0, HDMI/DP 2.1, 3.125-slot, Military-Grade Components, Protective PCB Coating, axial-tech Fans)",1107.09,322.86,2026-10-06,4.7,224,https://www.amazon.com/ASUS-3-125-slot-Military-Grade-Components-Protective/dp/B0DYPGW2KB,0.0,322.86
20261006_050540,2026-10-06T05:21:37.955798+00:00,amazon_usa,GPU,B0DYGDT9YD,"msi Gaming RTX 5070 12G Ventus 2X OC Graphics Card (12GB GDDR7, 192-bit, Extreme Performance: 2557 MHz, DisplayPort x3 2.1a, HDMI 2.1b, NVIDIA Blackwell Architecture)",1018.34,296.98,2026-10-06,4.6,180,https://www.amazon.com/MSI-RTX-5070-12G-Performance/dp/B0DYGDT9YD,0.0,296.98
20261006_050540,2026-10-06T05:21:37.955798+00:00,amazon_usa,GPU,B0DS6WFRBP,ASUS Prime GeForce RTX 5070 Ti 16GB GDDR7 Gaming Graphics Card,1460.65,425.97,2026-10-06,4.6,384,https://www.amazon.com/ASUS-SFF-Ready-Graphics-2-5-Slot-Axial-tech/dp/B0DS6WFRBP,38.0,463.97
20261006_050540,2026-10-06T05:21:37.955798+00:00,amazon_usa,GPU,B0GK8TKVDJ,"ZOTAC Gaming GeForce RTX 5070 Twin Edge OC DLSS 4 12GB GDDR7 192-bit 28 Gbps PCIE 5.0 Gaming Graphics Card, IceStorm 2.0 Cooling, SFF-Ready, ZT-B50700H-10A",979.15,285.55,2026-10-06,3.8,15,https://www.amazon.com/ZOTAC-Graphics-IceStorm-SFF-Ready-ZT-B50700H-10A/dp/B0GK8TKVDJ,0.0,285.55
20261006_050540,2026-10-06T05:21:37.955798+00:00,amazon_usa,GPU,B0DTQTJQGZ,"GIGABYTE GeForce RTX 5070 Eagle OC ICE SFF 12G Graphics Card, 12GB 192-bit GDDR7, PCIe 5.0, WINDFORCE Cooling System, GV-N5070EAGLEOC ICE-12GD Video Card, Compatible with Desktop",1007.34,293.77,2026-10-06,4.5,76,https://www.amazon.com/GIGABYTE-Graphics-WINDFORCE-GV-N5070EAGLEOC-ICE-12GD/dp/B0DTQTJQGZ,0.0,293.77
20261006_050540,2026-10-06T05:21:37.955798+00:00,amazon_usa,GPU,B0DTR3JK3Y,"GIGABYTE GeForce RTX 5070 Gaming OC 12G Graphics Card, 12GB 192-bit GDDR7, PCIe 5.0, WINDFORCE Cooling System, GV-N5070GAMING OC-12GD Video Card",1057.71,308.46,2026-10-06,4.8,168,https://www.amazon.com/GIGABYTE-Graphics-WINDFORCE-GV-N5070GAMING-OC-12GD/dp/B0DTR3JK3Y,0.0,308.46
20261006_050540,2026-10-06T05:21:37.955798+00:00,amazon_usa,GPU,B0F59N58GV,PNY GEFORCE RTX™ 5070 12GB Triple Fan DLSS 4 Graphics Card,855.23,249.41,2026-10-06,4.5,56,https://www.amazon.com/PNY-GEFORCE-RTXTM-Triple-Graphics/dp/B0F59N58GV,0.0,249.41
20261006_050540,2026-10-06T05:21:37.955798+00:00,amazon_usa,GPU,B0DYG3JLGY,"msi Gaming RTX 5070 12G Ventus 2X OC White Graphics Card (12GB GDDR7, 192-bit, Extreme Performance: 2557 MHz, DisplayPort x3 2.1a, HDMI 2.1b, NVIDIA Blackwell Architecture)",997.26,290.83,2026-10-06,4.7,44,https://www.amazon.com/MSI-Graphics-192-bit-Extreme-Performance/dp/B0DYG3JLGY,0.0,290.83
20261006_050540,2026-10-06T05:21:37.955798+00:00,amazon_usa,GPU,B0DZZ6VGJW,"msi Gaming RTX 5070 TI 16G Shadow 3X Graphics Card (16GB GDDR7, 256-bit, Extreme Performance: 2467 MHz, DisplayPort x3 2.1a, HDMI 2.1b, NVIDIA Blackwell Architecture)",1440.49,420.09,2026-10-06,5.0,1,https://www.amazon.com/Gaming-Graphics-256-bit-Extreme-Performance/dp/B0DZZ6VGJW,0.0,420.09
20261006_050540,2026-10-06T05:21:37.955798+00:00,amazon_usa,GPU,B0DTQVHQ6G,"GIGABYTE GeForce RTX 5070 Ti AERO OC 16G Graphics Card, 16GB 256-bit GDDR7, PCIe 5.0, WINDFORCE Cooling System, GV-N507TAERO OC-16GD Video Card",1269.24,370.15,2026-10-06,4.6,116,https://www.amazon.com/GIGABYTE-Graphics-WINDFORCE-GV-N507TAERO-OC-16GD/dp/B0DTQVHQ6G,0.0,370.15
20261006_050540,2026-10-06T05:21:41.894151+00:00,amazon_usa,GPU,B0DS2QG2KW,"GIGABYTE Radeon RX 9070 XT Gaming OC 16G Graphics Card, PCIe 5.0, 16GB GDDR6, GV-R9070XTGAMING OC-16GD Video Card",846.17,246.77,2026-10-06,4.7,558,https://www.amazon.com/GIGABYTE-Radeon-Graphics-GV-R9070XTGAMING-OC-16GD/dp/B0DS2QG2KW,0.0,246.77
20261006_050540,2026-10-06T05:21:41.894151+00:00,amazon_usa,GPU,B0DRRMZDH6,ASUS Prime Radeon RX 9070 XT 16GB GDDR6 OC Edition Gaming Graphics Card,835.1,243.54,2026-10-06,4.6,481,https://www.amazon.com/ASUS-Graphics-2-5-Slot-Axial-tech-Bearings/dp/B0DRRMZDH6,0.0,243.54
20261006_050540,2026-10-06T05:21:41.894151+00:00,amazon_usa,GPU,B0G2LZDP63,Yeston Sakura Nvidia GeForce RTX 5070 GDDR7 12G Gaming GPU Graphics Card,986.18,287.6,2026-10-06,5.0,3,https://www.amazon.com/Yeston-Graphics-Card%EF%BC%88PCI-Express-x16%EF%BC%8CHDMI-3%EF%BC%89%EF%BC%8COpenGL/dp/B0G2LZDP63,38.0,325.6
20261006_050540,2026-10-06T05:21:41.894151+00:00,amazon_usa,GPU,B0G271LLFX,"PNY NVIDIA GeForce RTX™ 5070 Ti OC Triple Fan, Graphics Card (16GB GDDR7, 256-bit, Boost Speed: 2572 MHz, PCIe® 5.0, HDMI®/DP 2.1, 2.98-Slot, NVIDIA Blackwell Architecture, DLSS 4)",1410.24,411.27,2026-10-06,4.6,26,https://www.amazon.com/PNY-NVIDIA-GeForce-Graphics-256-bit/dp/B0G271LLFX,0.0,411.27
20261006_050540,2026-10-06T05:21:41.894151+00:00,amazon_usa,GPU,B0F8LDHQ7Y,"GIGABYTE GeForce RTX 5060 WINDFORCE OC 8G Graphics Card, Cooling System, 8GB 128-bit GDDR7, PCIe 5.0, Manufactured by NVIDIA, DisplayPort & HDMI - Video Output Interface, GV-N5060WF2OC-8GD Video Card",463.36,135.13,2026-10-06,4.7,433,https://www.amazon.com/GIGABYTE-GeForce-WINDFORCE-Graphics-GV-N5060WF2OC-8GD/dp/B0F8LDHQ7Y,0.0,135.13
20261006_050540,2026-10-06T05:21:41.894151+00:00,amazon_usa,GPU,B0DV9GC9SR,"msi GeForce RTX 5070 Ti 16G Ventus 3X OC Graphics Card - RTX 5070 Ti GPU, 16GB GDDR7 (28Gbps/256-bit), PCIe 5.0 - Triple Fan Thermal Design (3 x TORX Fan 5.0) - HDMI 2.1b, DisplayPort 2.1b",1440.49,420.09,2026-10-06,4.6,215,https://www.amazon.com/MSI-GeForce-5070-Ventus-Graphics/dp/B0DV9GC9SR,0.0,420.09
20261006_050540,2026-10-06T05:21:41.894151+00:00,amazon_usa,GPU,B0GXF847X5,"ZOTAC Gaming GeForce RTX 5070 Ti Solid CORE OC White Edition DLSS 4 16GB GDDR7 256-bit 28 Gbps PCIE 5.0 Gaming Graphics Card, IceStorm 3.0 Advanced Cooling, Spectra RGB Lighting, ZT-B50710Q2-10A",1309.54,381.9,2026-10-06,0.0,0,https://www.amazon.com/ZOTAC-Graphics-IceStorm-Advanced-ZT-B50710Q2-10A/dp/B0GXF847X5,0.0,381.9
20261006_050540,2026-10-06T05:21:41.894151+00:00,amazon_usa,GPU,B0DVGVZZYY,ASUS Prime GeForce RTX 5070 Ti 16GB GDDR7 OC Edition Gaming Graphics Card,1439.49,419.8,2026-10-06,4.7,358,https://www.amazon.com/ASUS-Prime-GeForce-GDDR7-Graphics/dp/B0DVGVZZYY,0.0,419.8
20261006_050540,2026-10-06T05:21:41.894151+00:00,amazon_usa,GPU,B0FFXT3TRD,ASUS Dual GeForce RTX 5050 8GB GDDR6 OC Edition Gaming Graphics Card,423.07,123.38,2026-10-06,4.3,97,https://www.amazon.com/ASUS-GeForce-DisplayPort-Axial-tech-Technology/dp/B0FFXT3TRD,0.0,123.38
20261006_050540,2026-10-06T05:21:41.894151+00:00,amazon_usa,GPU,B0F4485KVY,"ZOTAC Gaming GeForce RTX 5070 Ti Solid SFF OC DLSS 4 16GB GDDR7 256-bit 28 Gbps PCIE 5.0 Gaming Graphics Card, IceStorm 2.0 Advanced Cooling, ZT-B50710J3-10P",1334.74,389.25,2026-10-06,4.5,151,https://www.amazon.com/ZOTAC-Graphics-IceStorm-Advanced-ZT-B50710J3-10P/dp/B0F4485KVY,0.0,389.25
20261006_050540,2026-10-06T05:21:41.894151+00:00,amazon_usa,GPU,B0F68R4M2Y,PNY NVIDIA GeForce RTX™ 5060 Ti 8G Epic-X RGB™ OC Triple-Fan Graphics Card,525.84,153.35,2026-10-06,4.6,92,https://www.amazon.com/PNY-GeForce-Epic-XTM-Graphics-128-bit/dp/B0F68R4M2Y,0.0,153.35
20261006_050540,2026-10-06T05:21:41.894151+00:00,amazon_usa,GPU,B0GLHVHP7X,PNY Technology VCG5071T16TFXPB1 GeForce RTX 5070 TI 16GB Triple Fan Plus Graphics Card,1460.65,425.97,2026-10-06,0.0,0,https://www.amazon.com/PNY-Technology-VCG5071T16TFXPB1-GeForce-Graphics/dp/B0GLHVHP7X,0.0,425.97
20261006_050540,2026-10-06T05:21:45.810053+00:00,amazon_usa,GPU,B0DTGMBHQ3,"GIGABYTE Aorus GeForce RTX 5070 Master 12G Graphics Card - 12GB GDDR7, 192 Bit, PCI-E 5.0, 2715 MHz Core Clock, 3 x DP 2.1a, 1 x HDMI 2.1b, NVIDIA DLSS 4, GV-N5070AORUS M-12GD",1435.38,418.6,2026-10-06,4.6,37,https://www.amazon.com/GIGABYTE-AORUS-GeForce-Master-Graphics/dp/B0DTGMBHQ3,38.0,456.6
20261006_050540,2026-10-06T05:21:45.810053+00:00,amazon_usa,GPU,B0GNCZ9HZ2,"msi Gaming RTX 5070 12G World of Warcraft Midnight Light Edition OC Graphics Card (12GB GDDR7, 192-bit, Extreme Performance: 2625 MHz, DisplayPort x 3 2.1a, HDMI 2.1b, NVIDIA Blackwell Architecture)",1057.71,308.46,2026-10-06,5.0,3,https://www.amazon.com/msi-Warcraft-Midnight-Graphics-Performance/dp/B0GNCZ9HZ2,0.0,308.46
20261006_050540,2026-10-06T05:21:45.810053+00:00,amazon_usa,GPU,B0F8KLKQM3,"ASUS Prime -Rtx5070-O12G-White Nvidia Geforce RTX 5070 12 Gb, W129160166 (Nvidia Geforce RTX 5070 12 Gb Gddr7)",1508.01,439.78,2026-10-06,4.6,125,https://www.amazon.com/ASUS-GeForce-Axial-Tech-DisplayPort-PRIME-RTX5070-O12G-WHITE/dp/B0F8KLKQM3,0.0,439.78
20261006_050540,2026-10-06T05:21:45.810053+00:00,amazon_usa,GPU,B0FD8LY1G3,"Bundle of ASUS The SFF-Ready Prime GeForce RTX™ 5070 OC Edition 12GB GDDR7 Graphics Card + ASUS A31 Black ATX Mid-Tower Gaming Case, Dual-Sided Tempered Glass, Frameless Design, BTF Hidden Connectors",928.74,270.85,2026-10-06,0.0,0,https://www.amazon.com/ASUS-SFF-Ready-Mid-Tower-Dual-Sided-Connectors/dp/B0FD8LY1G3,38.0,308.85
20261006_050540,2026-10-06T05:21:45.810053+00:00,amazon_usa,GPU,B0GK8NKHKG,"ZOTAC Gaming GeForce RTX 5060 Twin Edge OC DLSS 4 8GB GDDR7 128-bit 28 Gbps PCIE 5.0 Gaming Graphics Card, SFF-Ready Compact Card, ZT-B50600H-10A",473.44,138.07,2026-10-06,5.0,4,https://www.amazon.com/ZOTAC-GeForce-Graphics-SFF-Ready-ZT-B50600H-10A/dp/B0GK8NKHKG,0.0,138.07
20261006_050540,2026-10-06T05:21:45.810053+00:00,amazon_usa,GPU,B07RX4DBGH,Amazon Renewed Titan RTX Graphics Card (Renewed),1158.42,337.83,2026-10-06,4.5,5,https://www.amazon.com/NVIDIA-Titan-Graphics-Card-Renewed/dp/B07RX4DBGH,0.0,337.83
20261006_050540,2026-10-06T05:21:45.810053+00:00,amazon_usa,GPU,B0GKF6FJBP,"CyberGeek GeForce RTX 5070 Ti Triple Fan Graphics Card, 16GB GDDR7, 1406 AI Tops, DLSS 4, 28 Gbps, 256-bit, DP 2.1b x3, HDMI 2.1b, AI Content Creation, Local LLM Inference, with GPU Holder",1460.65,425.97,2026-10-06,0.0,0,https://www.amazon.com/CyberGeek-GeForce-Graphics-Creation-Inference/dp/B0GKF6FJBP,0.0,425.97
20261006_050540,2026-10-06T05:21:45.810053+00:00,amazon_usa,GPU,B0FD8KYCX4,"Bundle of ASUS The SFF-Ready Prime GeForce RTX™ 5070 OC Edition 12GB GDDR7 Graphics Card + ASUS Prime 750W Gold (ATX 3.0 Compatible, Fully Modular Power Supply, 80+ Gold Certified)",972.05,283.48,2026-10-06,0.0,0,https://www.amazon.com/ASUS-SFF-Ready-Graphics-Compatible-Certified/dp/B0FD8KYCX4,38.0,321.48
20261006_050540,2026-10-06T05:21:45.810053+00:00,amazon_usa,GPU,B0GKFDDKT3,"CyberGeek GeForce RTX 5070 Ti Overclocked Triple Fan Graphics Card, 16GB GDDR7, 1406 AI Tops, DLSS 4, AI Content Creation, LLM Inference, DP 2.1b UHBR20 x3, HDMI 2.1b, with GPU Holder",1511.02,440.66,2026-10-06,0.0,0,https://www.amazon.com/CyberGeek-Overclocked-Graphics-Creation-Inference/dp/B0GKFDDKT3,0.0,440.66
20261006_050540,2026-10-06T05:21:45.810053+00:00,amazon_usa,GPU,B0F99R5SZF,Bundle of ASUS TUF Gaming GeForce RTX ™ 5070 12GB GDDR7 OC Edition Gaming Graphics Card + ASUS TUF Gaming 1000W Gold ATX 3.0 Compatible Fully Modular Power Supply,1112.5,324.44,2026-10-06,5.0,2,https://www.amazon.com/ASUS-GeForce-Graphics-Compatible-Modular/dp/B0F99R5SZF,38.0,362.44
20261006_050540,2026-10-06T05:21:50.236466+00:00,amazon_usa,GPU,B0H85W4QXV,GIGABYTE AORUS GeForce RTX 5070 Infinity 12G Graphics Card,1355.11,395.19,2026-10-06,0.0,0,https://www.amazon.com/Gigabyte-AORUS-GeForce-Infinity-Graphics/dp/B0H85W4QXV,38.0,433.19
20261006_050540,2026-10-06T05:21:50.236466+00:00,amazon_usa,GPU,B0DWHGLDHG,"msi Gaming RTX 5070 Ti 16G Inspire 3X OC Plus Graphics Card (16GB GDDR7, 256-bit, Extreme Performance: 2497 MHz, DisplayPort x 3 2.1a, HDMI 2.1b, NVIDIA Blackwell Architecture)",1691.32,493.24,2026-10-06,4.3,4,https://www.amazon.com/MSI-Inspire-Graphics-256-bit-Performance/dp/B0DWHGLDHG,0.0,493.24
20261006_050540,2026-10-06T05:21:50.236466+00:00,amazon_usa,GPU,B0F4LYLZ1N,"msi Gaming RTX 5060 Ti 8G Shadow 2X OC Graphics Card (8GB GDDR7,TBA-bit, Extreme Performance: TBA MHz, DisplayPort x3 2.1a, HDMI 2.1b, NVIDIA Blackwell Architecture)",473.44,138.07,2026-10-06,4.5,34,https://www.amazon.com/Gaming-Graphics-TBA-bit-Extreme-Performance/dp/B0F4LYLZ1N,0.0,138.07
20261006_050540,2026-10-06T05:21:50.236466+00:00,amazon_usa,GPU,B0DVH1Y9VN,"ASUS TUF Gaming RTX5070 Ti OC, PCIe5, 16GB DDR7, 2 HDMI, 3 DP, 2610MHz Clock, RGB Lighting, Overclocked",1751.77,510.87,2026-10-06,4.7,241,https://www.amazon.com/ASUS-RTX5070-2610MHz-Lighting-Overclocked/dp/B0DVH1Y9VN,0.0,510.87
20261006_050540,2026-10-06T05:21:50.236466+00:00,amazon_usa,GPU,B0H85ZQMZ4,GIGABYTE AORUS GeForce RTX 5070 Ti Infinity 16G Graphics Card,1863.7,543.51,2026-10-06,0.0,0,https://www.amazon.com/Gigabyte-AORUS-GeForce-Infinity-Graphics/dp/B0H85ZQMZ4,38.0,581.51
20261006_050540,2026-10-06T05:21:50.236466+00:00,amazon_usa,GPU,B0HFRF2RMQ,"ASUS TUF Gaming GeForce RTX ™ 5070 Ti 16GB GDDR7 OC Edition Gaming Graphics Card (PCIe® 5.0, HDMI®/DP 2.1, 3.125-slot, Military-Grade Components, Protective PCB Coating, axial-tech Fans)",1808.15,527.31,2026-10-06,0.0,0,https://www.amazon.com/3-125-slot-Military-Grade-Components-Protective-axial-tech/dp/B0HFRF2RMQ,0.0,527.31
20261006_050540,2026-10-06T05:21:50.236466+00:00,amazon_usa,GPU,B0H33RX3JZ,Yeston Sakura GeForce RTX 5070Ti 16GB GDDR7 GPU Video Gaming Graphics Card,1409.28,410.99,2026-10-06,0.0,0,https://www.amazon.com/Yeston-Sakura-GeForce-5070Ti-Graphics/dp/B0H33RX3JZ,38.0,448.99
20261006_050540,2026-10-06T05:21:50.236466+00:00,amazon_usa,GPU,B0G275RRVH,ASUS ROG Strix GeForce RTX 5070 Ti 16GB GDDR7 Gaming Graphics Card,1862.56,543.18,2026-10-06,4.6,18,https://www.amazon.com/ASUS-Graphics-Axial-tech-MaxContact-Phase-Change/dp/B0G275RRVH,0.0,543.18
20261006_050540,2026-10-06T05:21:50.236466+00:00,amazon_usa,GPU,B0B52CGGLW,Amazon Renewed GeForce RTX 3070 Ti 8GB GDDR6X PCI Express 4.0 Graphics Card - Dark Platinum and Black (Renewed),423.07,123.38,2026-10-06,4.7,7,https://www.amazon.com/NVIDIA-GeForce-Express-Graphics-Platinum/dp/B0B52CGGLW,0.0,123.38
20261006_050540,2026-10-06T05:21:55.011281+00:00,amazon_usa,GPU,B0CSJV61BN,"GIGABYTE GeForce RTX 4070 Super WINDFORCE OC 12G Graphics Card, 3X WINDFORCE Fans, 12GB 192-bit GDDR6X, GV-N407SWF3OC-12GD Video Card",976.13,284.67,2026-10-06,4.6,218,https://www.amazon.com/GIGABYTE-GeForce-WINDFORCE-Graphics-GV-N407SWF3OC-12GD/dp/B0CSJV61BN,0.0,284.67
20261006_050540,2026-10-06T05:21:55.011281+00:00,amazon_usa,GPU,B0F2J46135,"Palit RTX 5070 Infinity 3 12 GB GDDR7 12,288 MB",1210.71,353.08,2026-10-06,4.6,52,https://www.amazon.com/Palit-RTX-5070-Infinity-GDDR7/dp/B0F2J46135,38.0,391.08
20261006_050540,2026-10-06T05:21:55.011281+00:00,amazon_usa,GPU,B0GQZ45GLF,"ASUS Prime RTX 5070 Ti OC 16GB GDDR7 GPU, PCIe 5.0, HDMI 2.1b, 3X DP 2.1b, High FPS 4K Gaming, Creator PC, AI Creation, Video Editing, 3D Rendering, Streaming, Local AI, with GPU Holder",1580.53,460.93,2026-10-06,0.0,0,https://www.amazon.com/ASUS-Creator-Creation-Rendering-Streaming/dp/B0GQZ45GLF,0.0,460.93
20261006_050540,2026-10-06T05:21:55.011281+00:00,amazon_usa,GPU,B09BJQNJ9Y,ASUS TUF Gaming GeForce RTX 5070 Ti 16GB GDDR7 BTF White OC Ed. Graphics Card,1921.65,560.41,2026-10-06,4.7,35,https://www.amazon.com/ASUS-Graphics-125-Slot-DisplayPort-TUF-RTX5070TI-O16G-BTF-WHITE/dp/B09BJQNJ9Y,0.0,560.41
20261006_050540,2026-10-06T05:21:55.011281+00:00,amazon_usa,GPU,B0FKSMSGMD,"ZOTAC Gaming GeForce RTX 5060 Ti 16GB Twin Edge OC White Edition DLSS 4 16GB GDDR7 128-bit 28 Gbps PCIE 5.0 Gaming Graphics Card, IceStorm 2.0 Cooling, SFF-Ready, ZT-B50620Q-10M",856.22,249.7,2026-10-06,4.7,143,https://www.amazon.com/ZOTAC-Graphics-IceStorm-SFF-Ready-ZT-B50620Q-10M/dp/B0FKSMSGMD,0.0,249.7
20261006_050540,2026-10-06T05:21:55.011281+00:00,amazon_usa,GPU,B0GMFLW1FR,"ASUS Prime GeForce RTX 5060 Ti OC 16GB GDDR7 Graphics Card, PCIe 5.0, Triple Axial-tech Fans, SFF-Ready 2.5-Slot, 1x HDMI 2.1b, 3X DP 2.1b, Includes GPU Holder",1158.42,337.83,2026-10-06,0.0,0,https://www.amazon.com/ASUS-Graphics-Axial-tech-SFF-Ready-2-5-Slot/dp/B0GMFLW1FR,0.0,337.83
20261006_050540,2026-10-06T05:21:55.011281+00:00,amazon_usa,GPU,B0F7ZFYM9N,"msi Gaming RTX 5060 8G Ventus 3X OC Graphics Card (8GB GDDR7,128-bit, Extreme Performance: 2550 MHz, DisplayPort x3 2.1a, HDMI 2.1b, NVIDIA Blackwell Architecture)",518.77,151.29,2026-10-06,4.6,33,https://www.amazon.com/Gaming-Graphics-128-bit-Extreme-Performance/dp/B0F7ZFYM9N,0.0,151.29
20261006_050540,2026-10-06T05:21:55.011281+00:00,amazon_usa,GPU,B0GKFSRG9Q,"msi GeForce RTX 5070 Ti Shadow 3X OC Graphics Card, 16GB GDDR7, 28 Gbps, 256-bit, 1406 AI Tops, DLSS 4, AI Content Creation, Local LLM Inference, DP 2.1b x3, HDMI 2.1b, with GPU Holder",1661.11,484.43,2026-10-06,5.0,2,https://www.amazon.com/msi-GeForce-Graphics-Creation-Inference/dp/B0GKFSRG9Q,0.0,484.43
20261006_050540,2026-10-06T05:21:55.011281+00:00,amazon_usa,GPU,B0GK8D8DJH,"CyberGeek GeForce RTX 5090 Overclocked Triple Fan Graphics Card, 32GB GDDR7, 28 Gbps, 512-bit, 3352 AI Tops, DLSS 4, AI Content Creation, Local LLM Inference, DP 2.1b x3, HDMI 2.1b, with GPU Holder",7555.08,2203.29,2026-10-06,0.0,0,https://www.amazon.com/CyberGeek-Overclocked-Graphics-Creation-Inference/dp/B0GK8D8DJH,0.0,2203.29
20261006_050540,2026-10-06T05:22:10.077737+00:00,amazon_usa,RAM,B0HC887B5X,CORSAIR Vengeance RS DDR5 32GB (2 x 16GB) Up to 6000MHz AMD Intel RAM,509.72,148.65,2026-10-06,4.1,5,https://www.amazon.com/CORSAIR-Vengeance-DDR5-6000MHz-Intel/dp/B0HC887B5X,0.0,148.65
20261006_050540,2026-10-06T05:22:10.077737+00:00,amazon_usa,RAM,B0D4NLSP87,Patriot Viper Venom DDR5 RAM 32GB (2X16GB) 6000MHz CL30 Desktop Memory,493.6,143.95,2026-10-06,4.5,674,https://www.amazon.com/Patriot-2X16GB-6000MT-Desktop-Memory/dp/B0D4NLSP87,0.0,143.95
20261006_050540,2026-10-06T05:22:10.077737+00:00,amazon_usa,RAM,B0GGJ79NR3,Corsair Vengeance RGB RS DDR5 32GB (2 x 16GB) Up to 6000MHz AMD Intel RAM,509.72,148.65,2026-10-06,4.3,208,https://www.amazon.com/CORSAIR-Vengeance-6000MHz-CL36-44-44-96-Computer/dp/B0GGJ79NR3,0.0,148.65
20261006_050540,2026-10-06T05:22:10.077737+00:00,amazon_usa,RAM,B0HC4JGQJ8,CORSAIR Vengeance RGB RS DDR5 32GB (2 x 16GB) Up to 6000MHz AMD Intel RAM,508.69,148.35,2026-10-06,5.0,3,https://www.amazon.com/CORSAIR-Vengeance-DDR5-6000MHz-Intel/dp/B0HC4JGQJ8,0.0,148.35
20261006_050540,2026-10-06T05:22:10.077737+00:00,amazon_usa,RAM,B0BPTKD797,CORSAIR Vengeance RGB DDR5 RAM 32GB (2x16GB) Up to 6000MHz CL30-36-36-76 1.40V AMD EXPO Intel XMP Desktop Computer Memory - Gray (CMH32GX5M2B6000Z30K),626.62,182.74,2026-10-06,4.7,4300,https://www.amazon.com/CORSAIR-VENGEANCE-6000MHz-Compatible-Computer/dp/B0BPTKD797,0.0,182.74
20261006_050540,2026-10-06T05:22:10.077737+00:00,amazon_usa,RAM,B0BFGB2D2Z,G.SKILL Flare X5 Series DDR5 RAM (AMD EXPO & Intel XMP 3.0) 32GB (2x16GB) Up to 6000MT/s* CL36-36-36-96 1.35V Desktop Computer Memory U-DIMM - Matte Black (F5-6000J3636F16GX2-FX5),498.13,145.27,2026-10-06,4.7,965,https://www.amazon.com/G-Skill-288-Pin-CL36-36-36-96-Channel-F5-6000J3636F16GX2-FX5/dp/B0BFGB2D2Z,0.0,145.27
20261006_050540,2026-10-06T05:22:10.077737+00:00,amazon_usa,RAM,B0BNTRRLYP,TEAMGROUP T-Force Vulcan DDR5 32GB (2x16GB) 6000MHz (PC5-48000) CL38 Desktop Memory Module Ram (Black) for Chipset 600 700 Series XMP 3.0 Ready - FLBD532G6000HC38ADC01,493.6,143.95,2026-10-06,4.6,763,https://www.amazon.com/TEAMGROUP-T-Force-6000MHz-PC5-48000-Desktop/dp/B0BNTRRLYP,0.0,143.95
20261006_050540,2026-10-06T05:22:10.077737+00:00,amazon_usa,RAM,B0GSR1M4ZJ,Lexar Thor Z RGB DDR5 RAM 32GB Kit (2x16GB) 6000MHz CL38 DRAM 288-Pin UDIMM,483.52,141.01,2026-10-06,4.4,117,https://www.amazon.com/Lexar-2x16GB-6000MHz-288-Pin-UDIMM/dp/B0GSR1M4ZJ,0.0,141.01
20261006_050540,2026-10-06T05:22:10.077737+00:00,amazon_usa,RAM,B0CBRJ63RT,CORSAIR Vengeance DDR5 32GB (2 x 16GB) Up to 6000MHz AMD Intel RAM,630.59,183.9,2026-10-06,4.8,2500,https://www.amazon.com/CORSAIR-Vengeance-6000MHz-Compatible-Computer/dp/B0CBRJ63RT,0.0,183.9
20261006_050540,2026-10-06T05:22:10.077737+00:00,amazon_usa,RAM,B0C4NM8NMC,TEAMGROUP T-Create Expert CL30 Overclocking 10L DDR5 32GB Kit (2 x 16GB) 6000MHz (PC5-48000) Intel XMP 3.0 & AMD EXPO Compatible Desktop Memory Module Ram Black - CTCED532G6000HC30DC01,543.94,158.63,2026-10-06,4.7,806,https://www.amazon.com/TEAMGROUP-T-Create-Overclocking-6000MHz-PC5-48000/dp/B0C4NM8NMC,0.0,158.63
20261006_050540,2026-10-06T05:22:10.077737+00:00,amazon_usa,RAM,B0D2JLWLWZ,"Crucial Pro 32GB DDR5 RAM Kit (2x16GB), CL36 6000MHz, Overclocking Desktop Gaming Memory, Intel XMP 3.0 & AMD Expo Compatible, White - CP2K16G60C36U5W Global Recycled Standard",523.78,152.75,2026-10-06,4.8,1000,https://www.amazon.com/Crucial-6000MHz-Overclocking-Desktop-Compatible/dp/B0D2JLWLWZ,0.0,152.75
20261006_050540,2026-10-06T05:22:10.077737+00:00,amazon_usa,RAM,B0DGZJ3RTS,Patriot Viper Elite 5 RGB DDR5 RAM 32GB (2X16GB) 6000MT/s CL30 RGB Memory,498.61,145.41,2026-10-06,4.0,193,https://www.amazon.com/Patriot-Memory-2X16GB-Desktop-Compatible/dp/B0DGZJ3RTS,0.0,145.41
20261006_050540,2026-10-06T05:22:10.077737+00:00,amazon_usa,RAM,B0DPJ9DJ3D,CORSAIR Vengeance RGB DDR5 32GB (2 x 16GB) Up to 6000MHz AMD Intel RAM,644.69,188.01,2026-10-06,4.7,4300,https://www.amazon.com/CORSAIR-Vengeance-6000MHz-CL30-36-36-76-Computer/dp/B0DPJ9DJ3D,0.0,188.01
20261006_050540,2026-10-06T05:22:10.077737+00:00,amazon_usa,RAM,B0CQQTR1ZV,CORSAIR Vengeance DDR5 RAM 32GB (2x16GB) 6000MHz CL38 Intel XMP iCUE Compatible Computer Memory - Black (CMK32GX5M2B6000C38),466.89,136.16,2026-10-06,4.4,61,https://www.amazon.com/CORSAIR-VENGEANCE-6000MHz-Compatible-Computer/dp/B0CQQTR1ZV,0.0,136.16
20261006_050540,2026-10-06T05:22:10.077737+00:00,amazon_usa,RAM,B0H4LSTG1N,"V-Color Manta XSky DDR5 32GB (2x16GB) 6000MHz CL30 SK Hynix IC RGB Gaming Desktop Memory Module Black, for AMD EXPO TMXSAL1660830KWK",483.52,141.01,2026-10-06,5.0,2,https://www.amazon.com/V-Color-2x16GB-6000MHz-Desktop-TMXSAL1660830KWK/dp/B0H4LSTG1N,0.0,141.01
20261006_050540,2026-10-06T05:22:10.077737+00:00,amazon_usa,RAM,B0C4NKHXK7,TEAMGROUP T-Create Expert CL30 Overclocking 10L DDR5 32GB Kit (2 x 16GB) 6000MHz (PC5-48000) Intel XMP 3.0 & AMD EXPO Compatible Desktop Memory Module Ram White - CTCWD532G6000HC30DC01,543.94,158.63,2026-10-06,4.8,369,https://www.amazon.com/TEAMGROUP-T-Create-Overclocking-6000MHz-PC5-48000/dp/B0C4NKHXK7,0.0,158.63
20261006_050540,2026-10-06T05:22:10.077737+00:00,amazon_usa,RAM,B09LHQL3GF,TEAMGROUP T-Force Delta RGB DDR5 Ram 32GB (2x16GB) 6000MHz PC5-48000 CL38 Intel XMP 3.0 & AMD Expo Compatible Desktop Memory Module Ram Black FF3D532G6000HC38ADC01,503.65,146.88,2026-10-06,4.7,673,https://www.amazon.com/TEAMGROUP-T-Force-6000MHz-PC5-48000-Desktop/dp/B09LHQL3GF,0.0,146.88
20261006_050540,2026-10-06T05:22:10.077737+00:00,amazon_usa,RAM,B0B3HGJ4V7,TEAMGROUP T-Force Delta RGB DDR5 Ram 32GB (2x16GB) 6000MHz PC5-48000 CL30 Intel XMP 3.0 & AMD Expo Compatible Desktop Memory Module Ram White FF4D532G6000HC30DC01,604.4,176.26,2026-10-06,4.7,1400,https://www.amazon.com/TEAMGROUP-T-Force-6000MHz-PC5-48000-Desktop/dp/B0B3HGJ4V7,0.0,176.26
20261006_050540,2026-10-06T05:22:10.077737+00:00,amazon_usa,RAM,B09XZ6VVY9,Patriot Viper Venom RGB DDR5 RAM 32GB (2X16GB) 6000MHz CL36 RGB Memory,473.44,138.07,2026-10-06,4.5,132,https://www.amazon.com/Patriot-6000MHz-Desktop-Gaming-Memory/dp/B09XZ6VVY9,0.0,138.07
20261006_050540,2026-10-06T05:22:10.077737+00:00,amazon_usa,RAM,B0BNTV8S98,TEAMGROUP T-Force Vulcan DDR5 32GB (2x16GB) 6000MHz (PC5-48000) CL38 Intel XMP 3.0 & AMD Expo Compatible Desktop Memory Module Ram Red FLRD532G6000HC38ADC01,493.6,143.95,2026-10-06,4.6,763,https://www.amazon.com/TEAMGROUP-T-Force-6000MHz-PC5-48000-Desktop/dp/B0BNTV8S98,0.0,143.95
20261006_050540,2026-10-06T05:22:10.077737+00:00,amazon_usa,RAM,B0G5QFNNV3,CORSAIR Vengeance RGB DDR5 32GB (2 x 16GB) Up to 6000MHz AMD Intel RAM,542.95,158.34,2026-10-06,4.2,82,https://www.amazon.com/CORSAIR-Vengeance-6000MHz-CL38-44-44-96-Computer/dp/B0G5QFNNV3,0.0,158.34
20261006_050540,2026-10-06T05:22:10.077737+00:00,amazon_usa,RAM,B0GS7MT7JD,PUSKILL 32GB DDR5 RAM (2x16GB) 6000MHz CL30 Desktop Memory | Ultra-Low Latency Gaming PC Upgrade | Intel XMP 3.0 & AMD EXPO Ready for 700/600 & Ryzen 7000 (AM5),483.52,141.01,2026-10-06,4.5,33,https://www.amazon.com/PUSKILL-6000MHz-Desktop-Ultra-Low-Latency/dp/B0GS7MT7JD,0.0,141.01
20261006_050540,2026-10-06T05:22:13.779598+00:00,amazon_usa,RAM,B09PTGZM6Y,G.SKILL Trident Z5 RGB Series DDR5 RAM (Intel XMP 3.0 & AMD EXPO) 32GB (2x16GB) Up to 6000MT/s* CL36-36-36-96 1.35V Desktop Computer Memory U-DIMM - Matte Black (F5-6000J3636F16GA2-TZ5RK),543.94,158.63,2026-10-06,4.7,1500,https://www.amazon.com/G-Skill-Trident-PC5-48000-CL36-36-36-96-F5-6000J3636F16GA2-TZ5RK/dp/B09PTGZM6Y,0.0,158.63
20261006_050540,2026-10-06T05:22:13.779598+00:00,amazon_usa,RAM,B0C4G6PN9G,G.SKILL Ripjaws S5 Series DDR5 RAM (Intel XMP 3.0 & AMD EXPO) 32GB (2x16GB) Up to 6000MT/s* CL36-36-36-96 1.35V Desktop Computer Memory U-DIMM - Matte Black (F5-6000J3636F16GX2-RS5K),498.58,145.4,2026-10-06,4.6,46,https://www.amazon.com/G-SKILL-Ripjaws-CL36-36-36-96-Desktop-Computer/dp/B0C4G6PN9G,0.0,145.4
20261006_050540,2026-10-06T05:22:13.779598+00:00,amazon_usa,RAM,B0C1TKSDKR,G.SKILL Flare X5 Series DDR5 RAM (AMD EXPO) 32GB (2x16GB) Up to 6000MT/s* CL30-38-38-96 1.35V Desktop Computer Memory U-DIMM - Matte Black (F5-6000J3038F16GX2-FX5),584.23,170.38,2026-10-06,4.7,801,https://www.amazon.com/G-SKILL-2x16GB-CL30-38-38-96-Desktop-Computer/dp/B0C1TKSDKR,0.0,170.38
20261006_050540,2026-10-06T05:22:13.779598+00:00,amazon_usa,RAM,B0FMR83P3F,KLEVV FIT V DDR5 32GB (2x16GB) 6000MHz CL28 SK Hynix A-Die 1.4V Gaming Desktop Ram Memory XMP 3.0 / AMD Expo Ready - Black (KD5AGU880-60B280L),500.63,146.0,2026-10-06,4.6,19,https://www.amazon.com/KLEVV-2x16GB-6000MHz-Gaming-Desktop/dp/B0FMR83P3F,0.0,146.0
20261006_050540,2026-10-06T05:22:13.779598+00:00,amazon_usa,RAM,B0CF582CHJ,KLEVV Bolt V DDR5 32GB (2x16GB) 6000MHz CL30 SK Hynix A-Die 1.35V Gaming Desktop Ram Memory XMP 3.0 / AMD Expo Ready (KD5AGUA80-60A300H),529.85,154.52,2026-10-06,4.4,69,https://www.amazon.com/KLEVV-2x16GB-6000MHz-Desktop-KD5AGUA80-60A300H/dp/B0CF582CHJ,0.0,154.52
20261006_050540,2026-10-06T05:22:13.779598+00:00,amazon_usa,RAM,B0DSVSS2ML,KLEVV Urbane V RGB DDR5 32GB (2x16GB) 6000MHz CL30 SK Hynix A-Die 1.35V Gaming Desktop Ram Memory XMP 3.0 / AMD Expo Ready (KD5AGUA80-60A300M),534.89,155.99,2026-10-06,4.6,39,https://www.amazon.com/KLEVV-Urbane-6000MHz-Desktop-KD5AGUA80-60A300M/dp/B0DSVSS2ML,0.0,155.99
20261006_050540,2026-10-06T05:22:13.779598+00:00,amazon_usa,RAM,B0GGJ9YH2D,Corsair Vengeance RGB RS DDR5 64GB (2 x 32GB) Up to 6000MHz AMD Intel RAM,1047.63,305.52,2026-10-06,4.2,42,https://www.amazon.com/CORSAIR-Vengeance-6000MHz-CL40-50-50-96-Computer/dp/B0GGJ9YH2D,0.0,305.52
20261006_050540,2026-10-06T05:22:13.779598+00:00,amazon_usa,RAM,B0BF8FVLSL,G.SKILL Trident Z5 Neo RGB Series DDR5 RAM (AMD EXPO) 32GB (2x16GB) Up to 6000MT/s* CL30-38-38-96 1.35V Desktop Computer Memory U-DIMM - Matte Black (F5-6000J3038F16GX2-TZ5NR),644.69,188.01,2026-10-06,4.8,1600,https://www.amazon.com/G-Skill-Trident-288-Pin-CL30-38-38-96-F5-6000J3038F16GX2-TZ5NR/dp/B0BF8FVLSL,0.0,188.01
20261006_050540,2026-10-06T05:22:13.779598+00:00,amazon_usa,RAM,B0DX798QSS,TEAMGROUP T-Force Delta RGB DDR5 Ram 32GB (2x16GB) 6000MHz PC5-48000 CL38 Intel XMP 3.0 & AMD Expo Compatible Desktop Memory Module Ram Black FF3D532G6000HC38JDC01,503.65,146.88,2026-10-06,4.6,32,https://www.amazon.com/TEAMGROUP-T-Force-PC5-48000-Compatible-FF3D532G6000HC38JDC01/dp/B0DX798QSS,0.0,146.88
20261006_050540,2026-10-06T05:22:13.779598+00:00,amazon_usa,RAM,B0CRT28P29,"Acer Predator Pallas II DDR5 RAM 32GB (16GBx2) 6000MHz CL30 PC5-48000 Intel XMP 3.0 AMD EXPO Compatible Computer Memory, Black - BL.9BWWR.433",533.9,155.7,2026-10-06,4.4,56,https://www.amazon.com/Predator-6000MHz-PC5-48000-Compatible-Computer/dp/B0CRT28P29,0.0,155.7
20261006_050540,2026-10-06T05:22:13.779598+00:00,amazon_usa,RAM,B0BRQ21XK1,TEAMGROUP T-Force Delta Alpha RGB DDR5 Ram 32GB Kit (2x16GB) 6000MHz (PC5-48000) CL38 Intel XMP 3.0 & AMD Expo Compatible Desktop Memory Module Ram Black FF7D532G6000HC38ADC01,503.17,146.74,2026-10-06,4.8,494,https://www.amazon.com/TEAMGROUP-T-Force-6000MHz-PC5-48000-Optimized/dp/B0BRQ21XK1,0.0,146.74
20261006_050540,2026-10-06T05:22:13.779598+00:00,amazon_usa,RAM,B0H6JB95D4,V-Color Manta XFinity RGB DDR5 32GB (16GBx2) 6000MHz XMP 3.0 & AMD EXPO CL30 1.35V RGB Gaming Desktop Upgrade RAM U-DIMM Memory Module SK Hynix IC - Black (TMXFL1660830KWK),499.64,145.71,2026-10-06,5.0,2,https://www.amazon.com/V-Color-XFinity-6000MHz-Desktop-Upgrade/dp/B0H6JB95D4,0.0,145.71
20261006_050540,2026-10-06T05:22:13.779598+00:00,amazon_usa,RAM,B0BJ181PX7,G.SKILL Ripjaws S5 Series DDR5 RAM (Intel XMP 3.0 & AMD EXPO) 32GB (2x16GB) Up to 6000MT/s* CL36-36-36-96 1.35V Desktop Computer Memory U-DIMM - Matte Black (F5-6000J3636F16GX2-RS5K),502.66,146.59,2026-10-06,4.6,391,https://www.amazon.com/G-Skill-RipJaws-288-Pin-CL36-36-36-96-F5-6000J3636F16GX2-RS5K/dp/B0BJ181PX7,0.0,146.59
20261006_050540,2026-10-06T05:22:13.779598+00:00,amazon_usa,RAM,B0FQMLKVLS,"Crucial Pro DDR5 RAM 32GB Kit (2x16GB), 6400MHz CL32, Overclocking Desktop Gaming Memory, Intel XMP 3.0 & AMD Expo Compatible, Black - CP2K16G64C32U5B",579.23,168.92,2026-10-06,4.6,577,https://www.amazon.com/Crucial-6400MHz-Overclocking-Desktop-Compatible/dp/B0FQMLKVLS,0.0,168.92
20261006_050540,2026-10-06T05:22:13.779598+00:00,amazon_usa,RAM,B0D95ZYN8N,Silicon Power Value Gaming DDR5 32GB (2x16GB) 6000MT/s (PC5-48000) 288-pin CL30 1.35V UDIMM Desktop RAM Computer Memory SP032GXLWU60AFDJ,591.3,172.44,2026-10-06,4.8,30,https://www.amazon.com/Silicon-Power-PC5-48000-Computer-SP032GXLWU60AFDJ/dp/B0D95ZYN8N,0.0,172.44
20261006_050540,2026-10-06T05:22:13.779598+00:00,amazon_usa,RAM,B09XY6KX8P,Patriot Viper Venom DDR5 RAM 32GB (2X16GB) 6000MHz CL36 Desktop Memory,513.63,149.79,2026-10-06,4.4,337,https://www.amazon.com/Patriot-Viper-Venom-6000MHz-Memory/dp/B09XY6KX8P,0.0,149.79
20261006_050540,2026-10-06T05:22:13.779598+00:00,amazon_usa,RAM,B0BLTDTD86,"Crucial 32GB DDR5 RAM, 5600MHz (or 5200MHz or 4800MHz) Laptop Memory, SODIMM 262-Pin, Compatible with 13th Gen Intel Core and AMD Ryzen 6000 - CT32G56C46S5",523.81,152.76,2026-10-06,4.8,697,https://www.amazon.com/Crucial-5600MHz-5200MHz-4800MHz-CT32G56C46S5/dp/B0BLTDTD86,0.0,152.76
20261006_050540,2026-10-06T05:22:13.779598+00:00,amazon_usa,RAM,B0CJ8ZHMVF,CORSAIR Vengeance DDR5 32GB (2 x 16GB) Up to 6000MHz AMD Intel RAM,572.16,166.86,2026-10-06,4.4,1900,https://www.amazon.com/CORSAIR-VENGEANCE-6000MHz-Compatible-Computer/dp/B0CJ8ZHMVF,0.0,166.86
20261006_050540,2026-10-06T05:22:13.779598+00:00,amazon_usa,RAM,B0D5XFTFG7,"Acer Predator Vesta II RGB DDR5 RAM 32GB (16GBx2) 6000MHz CL32 PC5-48000, Intel XMP 3.0 AMD EXPO Compatible Computer Memory, Black BL.9BWWR.378",533.9,155.7,2026-10-06,5.0,56,https://www.amazon.com/Predator-6000MHz-PC5-48000-Compatible-Computer/dp/B0D5XFTFG7,0.0,155.7
20261006_050540,2026-10-06T05:22:13.779598+00:00,amazon_usa,RAM,B0FDPNJJWJ,KLEVV CRAS V RGB DDR5 32GB (2x16GB) 6000MHz CL28 SK Hynix A-Die 1.35V Gaming Desktop Ram Memory XMP 3.0 / AMD Expo Ready - White (KD5AGUA80-60B280J),559.06,163.04,2026-10-06,4.7,56,https://www.amazon.com/KLEVV-2x16GB-6000MHz-Gaming-Desktop/dp/B0FDPNJJWJ,0.0,163.04
20261006_050540,2026-10-06T05:22:13.779598+00:00,amazon_usa,RAM,B0CBBDVTYD,TEAMGROUP T-Force Vulcan DDR5 32GB (2x16GB) 6000MHz (PC5-48000) CL30 Intel XMP 3.0 & AMD Expo Compatible Desktop Memory Ram Black FLBD532G6000HC30DC01,594.31,173.32,2026-10-06,4.7,220,https://www.amazon.com/TEAMGROUP-T-Force-PC5-48000-Compatible-FLBD532G6000HC30DC01/dp/B0CBBDVTYD,0.0,173.32
20261006_050540,2026-10-06T05:22:13.779598+00:00,amazon_usa,RAM,B0BPHSL93T,TEAMGROUP T-Create Expert CL34 Overclocking 10L DDR5 64GB Kit (2 x 32GB) 6000MHz (PC5-48000) Intel XMP 3.0 & AMD EXPO Compatible Desktop Memory Module Ram - CTCED564G6000HC34BDC01,1047.63,305.52,2026-10-06,4.5,106,https://www.amazon.com/TEAMGROUP-T-Create-Overclocking-6000MHz-PC5-48000/dp/B0BPHSL93T,0.0,305.52
20261006_050540,2026-10-06T05:22:13.779598+00:00,amazon_usa,RAM,B0CGQ3KS8X,G.SKILL Flare X5 Series DDR5 RAM (AMD EXPO) 64GB (2x32GB) Up to 6000MT/s* CL30-40-40-96 1.40V Desktop Computer Memory U-DIMM - Matte Black (F5-6000J3040G32GX2-FX5),1208.79,352.52,2026-10-06,4.7,322,https://www.amazon.com/G-SKILL-2x32GB-CL30-40-40-96-Desktop-Computer/dp/B0CGQ3KS8X,0.0,352.52
20261006_050540,2026-10-06T05:22:13.779598+00:00,amazon_usa,RAM,B0H6NH4RP8,G.SKILL Trident Z5 NeoX RGB Series DDR5 RAM (AMD EXPO ULL & EXPO) 32GB (2x16GB) Up to 6000MT/s* CL36-36-36-76 1.35V Desktop Computer Memory U-DIMM - Matte White (F5-6000A3636F16GX2-TZ5NXRW),554.02,161.57,2026-10-06,5.0,4,https://www.amazon.com/G-SKILL-Trident-CL36-36-36-76-Desktop-Computer/dp/B0H6NH4RP8,0.0,161.57
20261006_050540,2026-10-06T05:22:17.791865+00:00,amazon_usa,RAM,B0D33THVDL,CORSAIR Vengeance SODIMM DDR5 RAM 32GB (1x32GB) Up to 5600MHz CL48 Intel XMP 3.0 Desktop Computer Memory - Black (CMSX32GX5M1A5600C48),426.19,124.29,2026-10-06,4.5,69,https://www.amazon.com/CORSAIR-Vengeance-5600MHz-Compatible-Computer/dp/B0D33THVDL,0.0,124.29
20261006_050540,2026-10-06T05:22:17.791865+00:00,amazon_usa,RAM,B0H6JLHZJX,V-Color Manta XFinity RGB DDR5 32GB (16GBx2) 6000MHz XMP 3.0 & AMD EXPO CL30 1.35V RGB Gaming Desktop Upgrade RAM U-DIMM Memory Module SK Hynix IC - White (TMXFL1660830WWK),499.64,145.71,2026-10-06,4.4,4,https://www.amazon.com/V-Color-XFinity-6000MHz-Desktop-Upgrade/dp/B0H6JLHZJX,0.0,145.71
20261006_050540,2026-10-06T05:22:17.791865+00:00,amazon_usa,RAM,B0C3HS9JVQ,Kingston FURY Impact 32GB (2x16GB) 6000MT/s CL38 DDR5 SODIMM | Intel XMP 3.0 | Plug N Play | Laptop Memory | Kit of 2 | KF560S38IBK2-32,634.61,185.07,2026-10-06,4.4,50,https://www.amazon.com/Kingston-Technology-Impact-2x16GB-KF560S38IBK2-32/dp/B0C3HS9JVQ,0.0,185.07
20261006_050540,2026-10-06T05:22:17.791865+00:00,amazon_usa,RAM,B0HDR6DWJB,"ITEMPOWERS 32GB (2x16GB) DDR5 6000MHz RGB Gaming Desktop RAM, 288-Pin UDIMM, CL38, 1.35V, White",432.16,126.03,2026-10-06,0.0,0,https://www.amazon.com/ITEMPOWERS-2x16GB-6000MHz-Desktop-288-Pin/dp/B0HDR6DWJB,0.0,126.03
20261006_050540,2026-10-06T05:22:17.791865+00:00,amazon_usa,RAM,B0F6Y9QX7M,TEAMGROUP T-Create Expert Overclocking 10L CL28 DDR5 32GB Kit (2 x 16GB) 6000MHz (PC5-48000) Intel XMP 3.0 & AMD Expo Compatible Desktop Memory Module Ram Black - CTCED532G6000HC28ADC01,714.05,208.24,2026-10-06,5.0,2,https://www.amazon.com/TEAMGROUP-T-Create-Overclocking-PC5-48000-Compatible/dp/B0F6Y9QX7M,0.0,208.24
20261006_050540,2026-10-06T05:22:17.791865+00:00,amazon_usa,RAM,B0F6YG9ZL3,TEAMGROUP T-Create Expert Overclocking 10L CL28 DDR5 32GB Kit (2 x 16GB) 6000MHz (PC5-48000) Intel XMP 3.0 & AMD Expo Compatible Desktop Memory Module Ram White - CTCWD532G6000HC28ADC01,554.02,161.57,2026-10-06,5.0,3,https://www.amazon.com/TEAMGROUP-T-Create-Overclocking-PC5-48000-Compatible/dp/B0F6YG9ZL3,0.0,161.57
20261006_050540,2026-10-06T05:22:17.791865+00:00,amazon_usa,RAM,B0BF6ZQ8MY,G.SKILL Trident Z5 Neo RGB Series DDR5 RAM (AMD EXPO & Intel XMP 3.0) 32GB (2x16GB) Up to 6000MT/s* CL36-36-36-96 1.35V Desktop Computer Memory U-DIMM - Matte Black (F5-6000J3636F16GX2-TZ5NR),543.94,158.63,2026-10-06,4.7,810,https://www.amazon.com/G-Skill-Trident-288-Pin-CL36-36-36-96-F5-6000J3636F16GX2-TZ5NR/dp/B0BF6ZQ8MY,0.0,158.63
20261006_050540,2026-10-06T05:22:17.791865+00:00,amazon_usa,RAM,B0DD2LKVMD,G.SKILL Trident Z5 Royal Neo Series DDR5 RAM (AMD EXPO) 32GB (2x16GB) Up to 6000MT/s* CL28-36-36-96 1.40V Desktop Computer Memory U-DIMM - Silver (F5-6000J2836G16GX2-TR5NS),765.56,223.26,2026-10-06,4.7,399,https://www.amazon.com/G-SKILL-Trident-CL28-36-36-96-Desktop-Computer/dp/B0DD2LKVMD,0.0,223.26
20261006_050540,2026-10-06T05:22:17.791865+00:00,amazon_usa,RAM,B0CT9BMGLF,"Crucial Pro 32GB DDR5 RAM Kit (2x16GB), 6000MHz (or 5600MHz or 5200MHz or 4800MHz) Desktop Memory UDIMM 288-pin, Compatible with 13th Gen Intel Core and AMD Ryzen 7000 - CP2K16G60C48U5",614.48,179.2,2026-10-06,4.7,539,https://www.amazon.com/Crucial-6000MHz-5600MHz-5200MHz-CP2K16G60C48U5/dp/B0CT9BMGLF,0.0,179.2
20261006_050540,2026-10-06T05:22:17.791865+00:00,amazon_usa,RAM,B0CN92HXZL,TEAMGROUP Elite SODIMM DDR5 32GB (2x16GB) 5600Mhz (PC5-44800) CL46 Non-ECC Unbuffered 1.1V 262 Pin Laptop Memory Module Ram - TED532G5600C46ADC-S01,473.44,138.07,2026-10-06,4.6,269,https://www.amazon.com/TEAMGROUP-5600Mhz-PC5-44800-Non-ECC-Unbuffered/dp/B0CN92HXZL,0.0,138.07
20261006_050540,2026-10-06T05:22:17.791865+00:00,amazon_usa,RAM,B0DXV9Q6RS,TEAMGROUP T-Force Vulcan Alpha DDR5 Ram 32GB Kit (2x16GB) 6000MHz (PC5-48000) CL38 Desktop Memory Module Ram AMD Optimized Memory Black FLABD532G6000HC38JDC01,493.09,143.8,2026-10-06,3.4,3,https://www.amazon.com/TEAMGROUP-T-Force-PC5-48000-Optimized-FLABD532G6000HC38JDC01/dp/B0DXV9Q6RS,0.0,143.8
20261006_050540,2026-10-06T05:22:17.791865+00:00,amazon_usa,RAM,B0FV3JQB3H,Corsair Vengeance DDR5 32GB (2 x 16GB) Up to 6000MHz AMD Intel RAM,572.16,166.86,2026-10-06,4.6,26,https://www.amazon.com/Corsair-Vengeance-2x16GB-6000MHz-Desktop/dp/B0FV3JQB3H,0.0,166.86
20261006_050540,2026-10-06T05:22:17.791865+00:00,amazon_usa,RAM,B0FYPNNWVS,Silicon Power DDR5 32GB (2x16GB) Zenith 6000MT/s (PC5-48000) 288-pin CL30 1.35V UDIMM Desktop Memory Module RAM SU032GXLWU60AFDGSW White,554.02,161.57,2026-10-06,4.0,6,https://www.amazon.com/Silicon-Power-PC5-48000-288-pin-SU032GXLWU60AFDGSW/dp/B0FYPNNWVS,0.0,161.57
20261006_050540,2026-10-06T05:22:17.791865+00:00,amazon_usa,RAM,B0GXFJ2NB9,Silicon Power DDR5 32GB (2x16GB) Zenith RGB 6000MT/s (PC5-48000) 288-pin CL36 1.35V UDIMM Desktop Memory Module RAM SP032GXLWU60FFDFAI Black,554.02,161.57,2026-10-06,0.0,0,https://www.amazon.com/Silicon-Power-PC5-48000-288-pin-SP032GXLWU60FFDFAI/dp/B0GXFJ2NB9,0.0,161.57
20261006_050540,2026-10-06T05:22:17.791865+00:00,amazon_usa,RAM,B0HBRXXRJ2,"KlNGSTON FURY BEAST RGB 32GB (2 x 16GB), DDR5 6000 MT/s, CL40, UDIMM Ram",503.65,146.88,2026-10-06,0.0,0,https://www.amazon.com/KlNGSTON-FURY-BEAST-32GB-UDIMM/dp/B0HBRXXRJ2,0.0,146.88
20261006_050540,2026-10-06T05:22:17.791865+00:00,amazon_usa,RAM,B0H9589GCS,PNY DDR5 32GB (2x16GB) 5600MHz CL46 Low Profile Desktop Memory Kit,493.6,143.95,2026-10-06,5.0,2,https://www.amazon.com/PNY-2x16GB-5600MHz-Profile-Desktop/dp/B0H9589GCS,0.0,143.95
20261006_050540,2026-10-06T05:22:17.791865+00:00,amazon_usa,RAM,B09WB6HQL3,G.SKILL Ripjaws S5 Series DDR5 RAM (Intel XMP 3.0 & AMD EXPO) 32GB (2x16GB) Up to 5200MT/s* CL40-40-40-83 1.10V Desktop Computer Memory U-DIMM - Matte Black (F5-5200J4040A16GX2-RS5K),483.52,141.01,2026-10-06,4.9,26,https://www.amazon.com/G-SKILL-Gskill-5200-32GB-Ripjaws/dp/B09WB6HQL3,0.0,141.01
20261006_050540,2026-10-06T05:22:17.791865+00:00,amazon_usa,RAM,B0CCK6P1HR,XPG Lancer Blade RBG DDR5 6000MHz CL30 32GB (2x16GB) PC5-48000 RAM 288-Pins UDIMM Desktop Memory Kit Black Heatsink(AX5U6000C3016G-DTLABRBK),805.85,235.01,2026-10-06,4.8,106,https://www.amazon.com/6000MHz-PC5-48000-288-Pins-Desktop-Heatsink-AX5U6000C3016G-DTLABRBK/dp/B0CCK6P1HR,0.0,235.01
20261006_050540,2026-10-06T05:22:17.791865+00:00,amazon_usa,RAM,B0BJNTLJ5X,G.SKILL Trident Z5 Neo RGB Series DDR5 RAM (AMD EXPO) 64GB (2x32GB) Up to 6000MT/s* CL30-40-40-96 1.40V Desktop Computer Memory U-DIMM - Matte Black (F5-6000J3040G32GX2-TZ5NR),1128.21,329.02,2026-10-06,4.7,994,https://www.amazon.com/G-Skill-Trident-288-Pin-CL30-40-40-96-F5-6000J3040G32GX2-TZ5NR/dp/B0BJNTLJ5X,0.0,329.02
20261006_050540,2026-10-06T05:22:17.791865+00:00,amazon_usa,RAM,B0HJ5VRF7D,CORSAIR Vengeance RGB RS DDR5 16GB (1 x 16GB) Up to 6000MHz AMD Intel RAM,312.28,91.07,2026-10-06,0.0,0,https://www.amazon.com/CORSAIR-Vengeance-DDR5-6000MHz-Intel/dp/B0HJ5VRF7D,0.0,91.07
20261006_050540,2026-10-06T05:22:22.114176+00:00,amazon_usa,RAM,B0CQ32BF2D,A-Tech 32GB Kit (2x16GB) DDR5 5600MHz PC5-44800 CL46 UDIMM 1.1V Non-ECC Unbuffered DIMM 288-Pin Desktop PC/Computer RAM Memory Upgrade Modules,525.67,153.3,2026-10-06,5.0,2,https://www.amazon.com/Tech-5600MHz-PC5-44800-Non-ECC-Unbuffered/dp/B0CQ32BF2D,0.0,153.3
20261006_050540,2026-10-06T05:22:22.114176+00:00,amazon_usa,RAM,B0HLZPGLK3,"Lexar Thor RGB RAM DDR5 32GB Kit (2x16GB) 6000 MHz, Desktop PC UDIMM DRAM 288-Pin Memory, Memory High Performance DDR5 Gaming Computer, 1.35V(LD5U16G60C38BG-RGD) (Renewed)",453.25,132.18,2026-10-06,0.0,0,https://www.amazon.com/dp/B0HLZPGLK3/ref=sr_1_74,0.0,132.18
20261006_050540,2026-10-06T05:22:22.114176+00:00,amazon_usa,RAM,B0DZ935RX9,Corsair Vengeance RGB 32GB (2 x 16GB) DDR5-6000 PC5-48000 CL36 Dual Channel Desktop Memory Kit CMH32GX5M2M6000Z36 36-44-44-96,543.98,158.64,2026-10-06,4.8,11,https://www.amazon.com/Corsair-Vengeance-DDR5-6000-CMH32GX5M2M6000Z36-36-44-44-96/dp/B0DZ935RX9,0.0,158.64
20261006_050540,2026-10-06T05:22:22.114176+00:00,amazon_usa,RAM,B0F8QCN2SZ,TEAMGROUP T-Force Delta RGB DDR5 Ram 32GB (2x16GB) 6000MHz PC5-48000 CL28 Intel XMP 3.0 AMD Expo Compatible Desktop Memory White FF4D532G6000HC28ADC01,674.9,196.82,2026-10-06,5.0,1,https://www.amazon.com/TEAMGROUP-T-Force-PC5-48000-Compatible-FF4D532G6000HC28ADC01/dp/B0F8QCN2SZ,0.0,196.82
20261006_050540,2026-10-06T05:22:22.114176+00:00,amazon_usa,RAM,B0B1718KB1,A-Tech 32GB DDR5 4800MHz PC5-38400 CL40 SODIMM 2Rx8 Dual Rank 1.1V Non-ECC Unbuffered SO-DIMM 262-Pin Laptop Computer RAM Memory Upgrade Module,483.52,141.01,2026-10-06,4.6,16,https://www.amazon.com/Tech-SODIMM-PC5-38400-262-Pin-Laptop/dp/B0B1718KB1,0.0,141.01
20261006_050540,2026-10-06T05:22:22.114176+00:00,amazon_usa,RAM,B0DBHLBQZD,【DDR5 RAM Laptop Only】 GIGASTONE 32GB Kit (2x16GB) DDR5 5600MHz PC5-44800 CL 46-46-46-90 1.1V SODIMM 262 Pin Unbuffered Non ECC High Performance Notebook Memory Upgrade,472.45,137.78,2026-10-06,4.6,8,https://www.amazon.com/GIGASTONE-PC5-44800-46-46-46-90-Unbuffered-Performance/dp/B0DBHLBQZD,0.0,137.78
20261006_050540,2026-10-06T05:22:22.114176+00:00,amazon_usa,RAM,B09R4Z8G98,G.SKILL Trident Z5 RGB Series DDR5 RAM (Intel XMP 3.0 & AMD EXPO) 32GB (2x16GB) Up to 6000MT/s* CL36-36-36-96 1.35V Desktop Computer Memory U-DIMM - Metallic Silver (F5-6000J3636F16GX2-TZ5RS),503.65,146.88,2026-10-06,4.5,29,https://www.amazon.com/G-SKILL-Trident-288-Pin-Desktop-F5-6000J3636F16GX2-TZ5RS/dp/B09R4Z8G98,0.0,146.88
20261006_050540,2026-10-06T05:22:22.114176+00:00,amazon_usa,RAM,B0H73BGRQY,Patriot Viper Venom DDR5 RAM 32GB (2x16GB) 6000MT/s Desktop Memory,473.44,138.07,2026-10-06,0.0,0,https://www.amazon.com/Patriot-2x16GB-6000MT-Desktop-Memory/dp/B0H73BGRQY,0.0,138.07
20261006_050540,2026-10-06T05:22:22.114176+00:00,amazon_usa,RAM,B09MTS5YH1,CORSAIR VENGEANCE DDR5 RAM 32GB (2x16GB) 4800MHz CL40 Intel XMP iCUE Compatible Computer Memory - Black (CMK32GX5M2A4800C40),443.23,129.26,2026-10-06,4.6,629,https://www.amazon.com/CORSAIR-VENGEANCE-4800MHz-Compatible-Computer/dp/B09MTS5YH1,0.0,129.26
20261006_050540,2026-10-06T05:22:22.114176+00:00,amazon_usa,RAM,B0DJW4SPPK,CORSAIR Vengeance RGB DDR5 RAM 32GB (2x16GB) 6400MHz CL36-48-48-104 1.35V AMD EXPO Intel XMP 3.0 Desktop Computer Memory – Gray (CMH32GX5M2B6400Z36),594.31,173.32,2026-10-06,4.7,206,https://www.amazon.com/CORSAIR-Vengeance-6400MHz-CL36-48-48-104-Computer/dp/B0DJW4SPPK,0.0,173.32
20261006_050540,2026-10-06T05:22:22.114176+00:00,amazon_usa,RAM,B0D2M3D13Q,"Samsung 32GB DDR5 4800MHz PC5-38400 CL40 SODIMM 2Rx8 Dual Rank 1.1V 262-Pin Laptop RAM Memory M425R4GA3BB0-CQK, 1 Module",488.56,142.48,2026-10-06,4.8,22,https://www.amazon.com/Samsung-4800MHz-PC5-38400-262-Pin-M425R4GA3BB0-CQK/dp/B0D2M3D13Q,0.0,142.48
20261006_050540,2026-10-06T05:22:22.114176+00:00,amazon_usa,RAM,B0BRTJDWYD,Kingston FURY Beast 64GB (2x32GB) 6000MT/s DDR5 CL36 RGB Desktop Memory Kit of 2 | Infrared Syncing | AMD EXPO | KF560C36BBEAK2-64,1409.7,411.11,2026-10-06,4.5,141,https://www.amazon.com/Kingston-Desktop-Infrared-Syncing-KF560C36BBEAK2-64/dp/B0BRTJDWYD,0.0,411.11
20261006_050540,2026-10-06T05:22:22.114176+00:00,amazon_usa,RAM,B0G344CRXS,Timetec Premium 32GB KIT(2x16GB) DDR5 5600MHz PC5-44800 Unbuffered Non-ECC 1.1V CL46 1Rx8 Single Rank 262 Pin SODIMM Laptop Memory RAM Upgrade,464.39,135.43,2026-10-06,5.0,5,https://www.amazon.com/Timetec-Premium-5600MHz-PC5-44800-Unbuffered/dp/B0G344CRXS,0.0,135.43
20261006_050540,2026-10-06T05:22:22.114176+00:00,amazon_usa,RAM,B0CYM58GFS,Kingston FURY Beast RGB 32GB (2x16GB) 6000MT/s DDR5 CL30 Desktop Memory | AMD EXPO | Kit of 2 | KF560C30BBEAK2-32,593.32,173.03,2026-10-06,4.7,316,https://www.amazon.com/Kingston-2x16GB-6000MT-Desktop-KF560C30BBEAK2-32/dp/B0CYM58GFS,0.0,173.03
20261006_050540,2026-10-06T05:22:22.114176+00:00,amazon_usa,RAM,B0F8P4N4TJ,Kingston FURY Beast 32GB 6000MT/s DDR5 CL36 Desktop Memory | AMD EXPO | Single Module | KF560C36BBE2-32,642.53,187.38,2026-10-06,5.0,2,https://www.amazon.com/Kingston-6000MT-Desktop-Memory-KF560C36BBE2-32/dp/B0F8P4N4TJ,0.0,187.38
20261006_050540,2026-10-06T05:22:22.114176+00:00,amazon_usa,RAM,B0FNRJV6FS,Corsair Vengeance DDR5 RAM 64GB (2x32GB) 6000MHz CL40-50-50-96 1.35V Intel XMP 3.0 Computer Memory – Black (CMK64GX5M2D6000C40),1255.22,366.06,2026-10-06,3.7,12,https://www.amazon.com/Corsair-Vengeance-6000MHz-CL40-50-50-96-Computer/dp/B0FNRJV6FS,8.0,374.06
20261006_050540,2026-10-06T05:22:22.114176+00:00,amazon_usa,RAM,B0BLTGP2JX,"Crucial 32GB DDR5 RAM Kit (2x16GB), 5600MHz (or 5200MHz) Desktop Memory, UDIMM 288-Pin, Compatible with 13th Gen Intel Core and AMD Ryzen 7000 - CT2K16G56C46U5",624.56,182.14,2026-10-06,4.7,237,https://www.amazon.com/Crucial-5600MHz-5200MHz-4800MHz-CT2K16G56C46U5/dp/B0BLTGP2JX,0.0,182.14
20261006_050540,2026-10-06T05:22:22.114176+00:00,amazon_usa,RAM,B0BJP3MRW1,G.SKILL Trident Z5 Neo Series DDR5 RAM (AMD EXPO) 64GB (2x32GB) Up to 6000MT/s* CL30-40-40-96 1.40V Desktop Computer Memory U-DIMM - Matte Black (F5-6000J3040G32GX2-TZ5N),1188.66,346.65,2026-10-06,4.6,340,https://www.amazon.com/G-Skill-Trident-288-Pin-CL30-40-40-96-F5-6000J3040G32GX2-TZ5N/dp/B0BJP3MRW1,0.0,346.65
20261006_050540,2026-10-06T05:22:22.114176+00:00,amazon_usa,RAM,B09RVNMGFH,"Crucial 32GB DDR5 RAM, 4800MHz CL40 Laptop Memory - Compatible with Intel 12th Gen and AMD Processors - CT32G48C40S5",474.33,138.33,2026-10-06,4.7,1200,https://www.amazon.com/Crucial-4800MHz-Laptop-Memory-CT32G48C40S5/dp/B09RVNMGFH,8.0,146.33
20261006_050540,2026-10-06T05:22:22.114176+00:00,amazon_usa,RAM,B0DM5JKSS3,"Lexar ARES Gen2 RGB DDR5 RAM 32GB Kit (2x16GB) 6000MHz CL28, 288-Pin UDIMM Desktop Memory, PC Gaming Computer Memory for Intel XMP 3.0/DRAM Empowered by SK hynix/CL28-36-36-68/1.4V(LD5U16G60C28BR-RGD)",654.77,190.95,2026-10-06,4.4,32,https://www.amazon.com/Lexar-Computer-Empowered-CL28-36-36-68-LD5U16G60C28BR-RGD/dp/B0DM5JKSS3,0.0,190.95
20261006_050540,2026-10-06T05:22:22.114176+00:00,amazon_usa,RAM,B0GKQDWCJN,G.SKILL Trident Z5 Neo RGB Series DDR5 RAM (AMD EXPO) 32GB (1x32GB) Up to 6000MT/s* CL38-48-48-96 1.25V Desktop Computer Memory U-DIMM - Matte Black (F5-6000J3848D32GX1-TZ5NR),488.56,142.48,2026-10-06,0.0,0,https://www.amazon.com/G-SKILL-Trident-CL38-48-48-96-Desktop-Computer/dp/B0GKQDWCJN,0.0,142.48
20261006_050540,2026-10-06T05:22:22.114176+00:00,amazon_usa,RAM,B09KCLP63B,Kingston FURY Beast 32GB (2x16GB) 5200MT/s DDR5 CL40 Desktop Memory | Intel XMP 3.0 | Kit of 2 | KF552C40BBK2-32,661.83,193.01,2026-10-06,4.8,739,https://www.amazon.com/Kingston-Technology-5200MHz-Desktop-KF552C40BBK2-32/dp/B09KCLP63B,0.0,193.01
20261006_050540,2026-10-06T05:22:26.812586+00:00,amazon_usa,RAM,B09QS2K59B,G.SKILL Trident Z5 RGB Series DDR5 RAM (Intel XMP 3.0) 32GB (2x16GB) Up to 6400MT/s* CL32-39-39-102 1.40V Desktop Computer Memory U-DIMM - Matte Black (F5-6400J3239G16GA2-TZ5RK),574.08,167.42,2026-10-06,4.7,1000,https://www.amazon.com/G-Skill-Trident-PC5-51200-CL32-39-39-102-F5-6400J3239G16GA2-TZ5RK/dp/B09QS2K59B,0.0,167.42
20261006_050540,2026-10-06T05:22:26.812586+00:00,amazon_usa,RAM,B0DDMKC2P6,ADATA RAM Lancer Blade DDR5 16GB 6000 Black RGB AX5U6000C4816G-SLABRBK 11M Warranty,372.7,108.69,2026-10-06,4.8,43,https://www.amazon.com/ADATA-Lancer-Blade-AX5U6000C4816G-SLABRBK-Warranty/dp/B0DDMKC2P6,0.0,108.69
20261006_050540,2026-10-06T05:22:26.812586+00:00,amazon_usa,RAM,B0FYPDDK1W,Silicon Power DDR5 32GB (2x16GB) Storm RGB 6000MT/s (PC5-48000) 288-pin CL36 1.35V UDIMM Desktop Memory Module RAM SU032GXLWU60FFDKAB Gray,582.21,169.79,2026-10-06,0.0,0,https://www.amazon.com/Silicon-Power-PC5-48000-288-pin-SU032GXLWU60FFDKAB/dp/B0FYPDDK1W,0.0,169.79
20261006_050540,2026-10-06T05:22:26.812586+00:00,amazon_usa,RAM,B0G2TMTNJK,Biwin Black Opal DW100 DDR5 RGB RAM 48GB (24GBx2) 6000MHz CL28 Computer Memory Intel XMP 3.0 AMD Expo Compatible- Black - DW100-48GB-6000-1R8-D28FB,645.68,188.3,2026-10-06,4.6,35,https://www.amazon.com/24GBx2-6000MHz-Computer-Compatible-DW100-48GB-6000-1R8-D28FB/dp/B0G2TMTNJK,0.0,188.3
20261006_050540,2026-10-06T05:22:26.812586+00:00,amazon_usa,RAM,B0GKQSR38M,G.SKILL Flare X5 Series DDR5 RAM (AMD Expo) 32GB (1x32GB) Up to 6000MT/s* CL38-48-48-96 1.25V Desktop Computer Memory U-DIMM - Matte Black (F5-6000J3848D32GX1-FX5),498.61,145.41,2026-10-06,0.0,0,https://www.amazon.com/G-SKILL-1x32GB-CL38-48-48-96-Desktop-Computer/dp/B0GKQSR38M,0.0,145.41
20261006_050540,2026-10-06T05:22:26.812586+00:00,amazon_usa,RAM,B0DN5S68H3,"G.Skill 36F16Gx2-Rm5Rw Memory Module 32 Gb 2 X 16 Gb Ddr5 6000 Mhz, W129022305 (32 Gb 2 X 16 Gb Ddr5 6000 Mhz)",617.56,180.1,2026-10-06,4.8,5,https://www.amazon.com/G-Skill-Ripjaws-CL36-36-36-96-Desktop-Memory/dp/B0DN5S68H3,0.0,180.1
20261006_050540,2026-10-06T05:22:26.812586+00:00,amazon_usa,RAM,B0G7Z86DFL,"Team Group T-Force Delta RGB DDR5 RAM, 6000MHz, 32GB (2x16GB), CL30, Desktop Memory with RGB Lighting, PMIC Cooling, One-Click Overclocking (Black)",660.08,192.5,2026-10-06,4.1,7,https://www.amazon.com/T-Force-6000MHz-Lighting-One-Click-Overclocking/dp/B0G7Z86DFL,0.0,192.5
20261006_050540,2026-10-06T05:22:26.812586+00:00,amazon_usa,RAM,B0C4Y3DCL4,CORSAIR Vengeance RGB DDR5 32GB (2 x 16GB) Up to 6400MHz Intel RAM,566.13,165.1,2026-10-06,4.6,553,https://www.amazon.com/CORSAIR-VENGEANCE-6400MHz-Compatible-Computer/dp/B0C4Y3DCL4,0.0,165.1
20261006_050540,2026-10-06T05:22:26.812586+00:00,amazon_usa,RAM,B09S2QLBWC,"Crucial 64GB DDR5 RAM Kit (2x32GB), 4800MHz CL40 Laptop Memory - SODIMM 262-Pin - Compatible with 12th Intel Core - CT2K32G48C40S5",986.18,287.6,2026-10-06,4.8,1300,https://www.amazon.com/Crucial-2x32GB-4800MHz-Laptop-CT2K32G48C40S5/dp/B09S2QLBWC,8.0,295.6
20261006_050540,2026-10-06T05:22:26.812586+00:00,amazon_usa,RAM,B0B1LFX3VC,G.SKILL Ripjaws DDR5 SO-DIMM Series DDR5 RAM 64GB (2x32GB) Up to 4800MT/s CL40-39-39-76 1.10V Unbuffered Non-ECC Notebook/Laptop Memory SO-DIMM (F5-4800S4039A32GA2-RS),896.51,261.45,2026-10-06,4.6,31,https://www.amazon.com/G-Skill-RipJaws-SO-DIMM-CL40-39-39-76-F5-4800S4039A32GA2-RS/dp/B0B1LFX3VC,0.0,261.45
20261006_050540,2026-10-06T05:22:26.812586+00:00,amazon_usa,RAM,B0DP1WHGQW,G.SKILL Flare X5 Series DDR5 RAM (AMD EXPO) 32GB (2x16GB) Up to 6000MT/s* CL28-36-36-96 1.40V Desktop Computer Memory U-DIMM - Matte Black (F5-6000J2836G16GX2-FX5),654.73,190.94,2026-10-06,4.8,68,https://www.amazon.com/G-SKILL-2x16GB-CL28-36-36-96-Desktop-Computer/dp/B0DP1WHGQW,0.0,190.94
20261006_050540,2026-10-06T05:22:26.812586+00:00,amazon_usa,RAM,B0DV9PLPBL,GSKILL F5-6000J2836G16GX2-TR5NS 32GB DDR5 6000MHz CL36 EAN Brand 4713294236753,774.58,225.89,2026-10-06,4.4,20,https://www.amazon.com/GSKILL-F5-6000J2836G16GX2-TR5NS-6000MHz-Brand-4713294236753/dp/B0DV9PLPBL,0.0,225.89
20261006_050540,2026-10-06T05:22:26.812586+00:00,amazon_usa,RAM,B0BNLNB682,G.SKILL Ripjaws S5 Series DDR5 RAM (Intel XMP 3.0) 32GB (2x16GB) Up to 6000MT/s* CL30-40-40-96 1.35V Desktop Computer Memory U-DIMM - Matte Black (F5-6000J3040F16GX2-RS5K),574.19,167.45,2026-10-06,4.8,66,https://www.amazon.com/G-Skill-Ripjaws-6000MHz-Channel-Black/dp/B0BNLNB682,0.0,167.45
20261006_050540,2026-10-06T05:22:26.812586+00:00,amazon_usa,RAM,B0F8SP6TQ2,XPG Lancer Blade RBG DDR5 6000MHz CL36 32GB (2x16GB) PC5-48000 RAM 288-Pins UDIMM Desktop Memory Kit Black Heatsink,664.85,193.89,2026-10-06,4.5,13,https://www.amazon.com/XPG-6000MHz-PC5-48000-288-Pins-Heatsink/dp/B0F8SP6TQ2,0.0,193.89
20261006_050540,2026-10-06T05:22:26.812586+00:00,amazon_usa,RAM,B0DN4LY1MQ,G.SKILL Flare X5 Series DDR5 RAM (AMD EXPO & Intel XMP 3.0) 64GB (2x32GB) Up to 6000MT/s* CL36-36-36-96 1.35V Desktop Computer Memory U-DIMM - Matte Black (F5-6000J3636F32GX2-FX5),1007.3,293.76,2026-10-06,4.6,137,https://www.amazon.com/G-SKILL-6000MT-CL36-36-36-96-Desktop-Computer/dp/B0DN4LY1MQ,0.0,293.76
20261006_050540,2026-10-06T05:22:26.812586+00:00,amazon_usa,RAM,B0CJQGNBR5,G.SKILL Ripjaws DDR5 SO-DIMM Series RAM 32GB (2x16GB) Up to 4800MT/s CL40-39-39-76 1.10V Unbuffered Non-ECC Notebook/Laptop Memory SO-DIMM (F5-4800S4039A16GX2-RS),463.36,135.13,2026-10-06,5.0,1,https://www.amazon.com/NBM-2-16G-GSK-F5-4800S4039A16GX2-RS/dp/B0CJQGNBR5,0.0,135.13
20261006_050540,2026-10-06T05:22:36.892961+00:00,amazon_usa,RAM,B0C1RGLVZ8,CORSAIR VENGEANCE RGB DDR5 RAM 64GB (2x32GB) 6400MHz CL32-40-40-84 1.40V Intel XMP Desktop Computer Memory - Black (CMH64GX5M2B6400C32),1269.24,370.15,2026-10-06,4.7,817,https://www.amazon.com/CORSAIR-VENGEANCE-6400MHz-Compatible-Computer/dp/B0C1RGLVZ8,0.0,370.15
20261006_050540,2026-10-06T05:22:36.892961+00:00,amazon_usa,RAM,B0CYH8MD2Y,Kingston FURY Beast 64GB (2x32GB) 6400MT/s DDR5 CL32 Desktop Memory | AMD EXPO | Kit of 2 | KF564C32BBEK2-64,1259.16,367.21,2026-10-06,4.2,35,https://www.amazon.com/Kingston-2x32GB-6400MT-Desktop-KF564C32BBEK2-64/dp/B0CYH8MD2Y,0.0,367.21
20261006_050540,2026-10-06T05:22:36.892961+00:00,amazon_usa,RAM,B0DSR14511,"Crucial Pro DDR5 RAM 64GB Kit (2x32GB) 6400MHz CL40, Overclocking Desktop Gaming Memory, Intel XMP 3.0 & AMD Expo Compatible – Black CP2K32G64C40U5B",1207.8,352.23,2026-10-06,4.5,334,https://www.amazon.com/Crucial-6400MHz-Overclocking-Desktop-Compatible/dp/B0DSR14511,0.0,352.23
20261006_050540,2026-10-06T05:22:36.892961+00:00,amazon_usa,RAM,B0DSQMCV8B,"Crucial Pro DDR5 RAM 64GB Kit (2x32GB) 6400MHz CL40, Overclocking Desktop Gaming Memory, Intel XMP 3.0 & AMD Expo Compatible – White CP2K32G64C40U5W",1108.08,323.15,2026-10-06,4.4,142,https://www.amazon.com/Crucial-6400MHz-Overclocking-Desktop-Compatible/dp/B0DSQMCV8B,0.0,323.15
20261006_050540,2026-10-06T05:22:36.892961+00:00,amazon_usa,RAM,B0BTNW9XFZ,CORSAIR Vengeance DDR5 RAM 64GB (2x32GB) 6400MHz CL32-40-40-84 1.40V Intel XMP Desktop Computer Memory - Black (CMK64GX5M2B6400C32),1276.21,372.18,2026-10-06,4.7,633,https://www.amazon.com/CORSAIR-VENGEANCE-6400MHz-Compatible-Computer/dp/B0BTNW9XFZ,0.0,372.18
20261006_050540,2026-10-06T05:22:36.892961+00:00,amazon_usa,RAM,B0DY79LV3C,TEAMGROUP T-Create Expert Overclocking 10L CL40 DDR5 64GB Kit (2 x 32GB) 6400MHz (PC5-51200) Intel XMP 3.0 & AMD Expo Compatible Desktop Memory Module Ram White - CTCWD564G6400HC40BDC01,1072.8,312.86,2026-10-06,5.0,6,https://www.amazon.com/TEAMGROUP-T-Create-Overclocking-PC5-51200-Compatible/dp/B0DY79LV3C,0.0,312.86
20261006_050540,2026-10-06T05:22:36.892961+00:00,amazon_usa,RAM,B0D6XPYW6Y,KLEVV CRAS V RGB DDR5 64GB (2x32GB) 6400MHz CL32 SK Hynix A-Die 1.35V Gaming Desktop Ram Memory XMP 3.0 / AMD Expo Ready - White (KD5BGUA80-64A320J),1108.08,323.15,2026-10-06,4.3,92,https://www.amazon.com/KLEVV-2x32GB-6400MHz-Gaming-Desktop/dp/B0D6XPYW6Y,0.0,323.15
20261006_050540,2026-10-06T05:22:36.892961+00:00,amazon_usa,RAM,B0C6MFF8F5,TEAMGROUP T-Create Expert Overclocking 10L DDR5 64GB Kit (2 x 32GB) 6400MHz (PC5-51200) CL34 Desktop Memory Module Ram White - CTCWD564G6400HC34BDC01,1108.08,323.15,2026-10-06,4.6,25,https://www.amazon.com/TEAMGROUP-T-Create-Overclocking-6400MHz-PC5-51200/dp/B0C6MFF8F5,0.0,323.15
20261006_050540,2026-10-06T05:22:36.892961+00:00,amazon_usa,RAM,B0BSP5F4CN,64GB G.Skill DDR5 Trident Z5 RGB 6400MHz CL32 1.40V Dual Channel Kit 2X 32GB Black,1309.54,381.9,2026-10-06,4.6,120,https://www.amazon.com/G-Skill-Trident-6400MHz-1-40V-Channel/dp/B0BSP5F4CN,0.0,381.9
20261006_050540,2026-10-06T05:22:36.892961+00:00,amazon_usa,RAM,B0F6T9TKVQ,TEAMGROUP T-Force Delta RGB DDR5 Ram 64GB (2x32GB) 6400MHz PC5-51200 CL30 M-DIE Desktop Memory Module Ram for 600 700 Series Chipset XMP 3.0 Ready Black FF3D564G6400HC30CDC01,1188.66,346.65,2026-10-06,5.0,1,https://www.amazon.com/TEAMGROUP-T-Force-6400MHz-PC5-51200-FF3D564G6400HC30CDC01/dp/B0F6T9TKVQ,0.0,346.65
20261006_050540,2026-10-06T05:22:36.892961+00:00,amazon_usa,RAM,B0DN3WFS52,G.SKILL Trident Z5 Neo RGB Series DDR5 RAM (AMD EXPO & Intel XMP 3.0) 64GB (2x32GB) Up to 6000MT/s* CL36-36-36-96 1.35V Desktop Computer Memory U-DIMM - Matte Black (F5-6000J3636F32GX2-TZ5NR),977.13,284.96,2026-10-06,4.6,219,https://www.amazon.com/G-SKILL-Trident-CL36-36-36-96-Desktop-Computer/dp/B0DN3WFS52,0.0,284.96
20261006_050540,2026-10-06T05:22:36.892961+00:00,amazon_usa,RAM,B0C4X758YM,G.SKILL Trident Z5 RGB Series DDR5 RAM (Intel XMP 3.0 & AMD EXPO) 64GB (2x32GB) Up to 6000MT/s* CL36-36-36-96 1.35V Desktop Computer Memory U-DIMM - Matte Black (F5-6000J3636F32GX2-TZ5RK),1077.84,314.33,2026-10-06,4.4,152,https://www.amazon.com/G-SKILL-Trident-CL36-36-36-96-Desktop-Computer/dp/B0C4X758YM,0.0,314.33
20261006_050540,2026-10-06T05:22:36.892961+00:00,amazon_usa,RAM,B0FGJB8BWF,TEAMGROUP T-Create Expert Overclocking 10L CL42 DDR5 128GB Kit (2 x 64GB) 6400MHz (PC5-51200) Intel XMP 3.0 & AMD Expo Compatible Desktop Memory Module Ram White - CTCWD5128G6400HC42CDC01,2417.62,705.05,2026-10-06,3.5,3,https://www.amazon.com/TEAMGROUP-T-Create-Overclocking-PC5-51200-Compatible/dp/B0FGJB8BWF,0.0,705.05
20261006_050540,2026-10-06T05:22:36.892961+00:00,amazon_usa,RAM,B0DY79L8PH,TEAMGROUP T-Create Expert Overclocking 10L CL40 DDR5 64GB Kit (2 x 32GB) 6400MHz (PC5-51200) Intel XMP 3.0 & AMD Expo Compatible Desktop Memory Module Ram Black - CTCED564G6400HC40BDC01,1072.8,312.86,2026-10-06,4.6,3,https://www.amazon.com/TEAMGROUP-T-Create-Overclocking-PC5-51200-Compatible/dp/B0DY79L8PH,0.0,312.86
20261006_050540,2026-10-06T05:22:36.892961+00:00,amazon_usa,RAM,B0CBLBRY6Q,G.SKILL Trident Z5 RGB Series DDR5 RAM (Intel XMP 3.0 & AMD EXPO) 64GB (2x32GB) Up to 6000MT/s* CL36-36-36-96 1.35V Desktop Computer Memory U-DIMM - Matte White (F5-6000J3636F32GX2-TZ5RW),997.26,290.83,2026-10-06,4.4,152,https://www.amazon.com/G-SKILL-Trident-2x32GB-CL36-36-36-96-Desktop-Computer/dp/B0CBLBRY6Q,0.0,290.83
20261006_050540,2026-10-06T05:22:36.892961+00:00,amazon_usa,RAM,B0G4CGH4BS,64GB (4X16GB) DDR5 6400MHz PC5-51200 CL52 1Rx8 1.1V 288-PIN ECC Registered RDIMM NEMIX RAM Server Memory KIT,2996.84,873.97,2026-10-06,0.0,0,https://www.amazon.com/6400MHz-PC5-51200-Registered-NEMIX-RAM/dp/B0G4CGH4BS,0.0,873.97
20261006_050540,2026-10-06T05:22:36.892961+00:00,amazon_usa,RAM,B0C79H54TQ,"Crucial Pro 64GB DDR5 RAM Kit (2x32GB), 5600MHz (or 5200MHz or 4800MHz) Desktop Memory UDIMM 288-pin, Compatible with 13th Gen Intel Core and AMD Ryzen 7000 - CP2K32G56C46U5 Global Recycled Standard",1108.08,323.15,2026-10-06,4.8,723,https://www.amazon.com/Crucial-2x32GB-5600MT-Desktop-CP2K32G56C46U5/dp/B0C79H54TQ,0.0,323.15
20261006_050540,2026-10-06T05:22:36.892961+00:00,amazon_usa,RAM,B0CYM412PY,Kingston FURY Beast RGB 64GB (2x32GB) 6400MT/s DDR5 CL32 Desktop Memory | AMD EXPO | Kit of 2 | KF564C32BBEAK2-64,1309.54,381.9,2026-10-06,4.7,93,https://www.amazon.com/Kingston-2x32GB-6400MT-Desktop-KF564C32BBEAK2-64/dp/B0CYM412PY,0.0,381.9
20261006_050540,2026-10-06T05:22:36.892961+00:00,amazon_usa,RAM,B0C3J1GC17,Kingston FURY Impact 32GB (2x16GB) 6400MT/s CL38 DDR5 SODIMM | Intel XMP 3.0 | Plug N Play | Laptop Memory | Kit of 2 | KF564S38IBK2-32,767.62,223.86,2026-10-06,4.3,90,https://www.amazon.com/Kingston-Technology-Impact-2x16GB-KF564S38IBK2-32/dp/B0C3J1GC17,0.0,223.86
20261006_050540,2026-10-06T05:22:40.579196+00:00,amazon_usa,RAM,B0F6T156PR,TEAMGROUP T-Force Delta RGB DDR5 Ram 64GB (2x32GB) 6400MHz PC5-51200 CL30 M-DIE Desktop Memory Module Ram for 600 700 Series Chipset XMP 3.0 Ready White FF4D564G6400HC30CDC01,1188.66,346.65,2026-10-06,0.0,0,https://www.amazon.com/TEAMGROUP-T-Force-6400MHz-PC5-51200-FF4D564G6400HC30CDC01/dp/B0F6T156PR,0.0,346.65
20261006_050540,2026-10-06T05:22:40.579196+00:00,amazon_usa,RAM,B0BPHSVVS5,TEAMGROUP T-Create Expert 64GB 2 X 32GB DDR5-6400 PC5-51200 CL34 Dual CHANN,1108.08,323.15,2026-10-06,4.4,52,https://www.amazon.com/TEAMGROUP-T-Create-Overclocking-6400MHz-PC5-51200/dp/B0BPHSVVS5,0.0,323.15
20261006_050540,2026-10-06T05:22:40.579196+00:00,amazon_usa,RAM,B0DYR9JXRH,A-Tech 64GB DDR5 6400MHz PC5-51200 ECC RDIMM 2Rx4 (EC8 10x4) Dual Rank 1.1V ECC Registered DIMM 288-Pin Server RAM Memory Upgrade Module (A-Tech Enterprise Series),2997.49,874.16,2026-10-06,0.0,0,https://www.amazon.com/Tech-6400MHz-PC5-51200-Registered-Enterprise/dp/B0DYR9JXRH,0.0,874.16
20261006_050540,2026-10-06T05:22:40.579196+00:00,amazon_usa,RAM,B0BLTG7TN6,"Crucial 64GB DDR5 RAM, 5600MHz (or 5200MHz or 4800MHz) Laptop Memory Kit, SODIMM 262-Pin, Compatible with 13th Gen Intel Core and AMD Ryzen 6000 - CT2K32G56C46S5",1062.68,309.91,2026-10-06,4.7,1100,https://www.amazon.com/Crucial-5600MHz-5200MHz-4800MHz-CT2K32G56C46S5/dp/B0BLTG7TN6,0.0,309.91
20261006_050540,2026-10-06T05:22:40.579196+00:00,amazon_usa,RAM,B0CKZ7CDKH,Kingston FURY Renegade White RGB XMP 64GB 6400MT/s DDR5 CL32 DIMM Desktop Gaming Memory (Kit of 2) - KF564C32RWAK2-64,1384.73,403.83,2026-10-06,5.0,7,https://www.amazon.com/Kingston-Renegade-6400MT-Desktop-Gaming/dp/B0CKZ7CDKH,0.0,403.83
20261006_050540,2026-10-06T05:22:40.579196+00:00,amazon_usa,RAM,B0DJR576SY,【RGB DDR5 RAM】 GIGASTONE Game Turbo 64GB Kit (4x16GB) DDR5 6400MHz PC5-51200 CL40-40-40-84 Intel XMP 3.0 AMD Expo 1.35V UDIMM 288 Pin Unbuffered Non ECC High Performance Gaming Desktop Memory - White,1006.34,293.48,2026-10-06,0.0,0,https://www.amazon.com/GIGASTONE-PC5-51200-CL40-40-40-84-Unbuffered-Performance/dp/B0DJR576SY,0.0,293.48
20261006_050540,2026-10-06T05:22:40.579196+00:00,amazon_usa,RAM,B0DN43PTB9,G.SKILL Flare X5 Series DDR5 RAM (AMD EXPO & Intel XMP 3.0) 64GB (2x32GB) Up to 6000MT/s* CL36-36-36-96 1.35V Desktop Computer Memory U-DIMM - Matte White (F5-6000J3636F32GX2-FX5W),1007.34,293.77,2026-10-06,4.6,137,https://www.amazon.com/G-SKILL-6000MT-CL36-36-36-96-Desktop-Computer/dp/B0DN43PTB9,0.0,293.77
20261006_050540,2026-10-06T05:22:40.579196+00:00,amazon_usa,RAM,B0BJ7X9P1W,G.SKILL Trident Z5 RGB Series DDR5 RAM (Intel XMP 3.0) 64GB (2x32GB) Up to 6400MT/s* CL32-39-39-102 1.40V Desktop Computer Memory U-DIMM - Matte Black (F5-6400J3239G32GX2-TZ5RK),1309.54,381.9,2026-10-06,4.6,880,https://www.amazon.com/G-Skill-Trident-288-Pin-CL32-39-39-102-F5-6400J3239G32GX2-TZ5RK/dp/B0BJ7X9P1W,0.0,381.9
20261006_050540,2026-10-06T05:22:40.579196+00:00,amazon_usa,RAM,B0CLDJKK25,TEAMGROUP T-Create Master Overclocking DDR5 R-DIMM 64GB Kit (4 x 16GB) 6400MHz (PC5-51200) CL32 Hynix A-DIE Workstation Memory Module Ram Black - CTCMD564G6400HC32AQC01,2568.73,749.12,2026-10-06,5.0,2,https://www.amazon.com/TEAMGROUP-T-Create-Overclocking-PC5-51200-Workstation/dp/B0CLDJKK25,0.0,749.12
20261006_050540,2026-10-06T05:22:40.579196+00:00,amazon_usa,RAM,B0BJ814ZHK,G.SKILL Trident Z5 RGB Series DDR5 RAM (Intel XMP 3.0) 64GB (2x32GB) Up to 6400MT/s* CL32-39-39-102 1.40V Desktop Computer Memory U-DIMM - Metallic Silver (F5-6400J3239G32GX2-TZ5RS),1309.54,381.9,2026-10-06,4.5,94,https://www.amazon.com/G-Skill-Trident-CL32-39-39-102-F5-6400J3239G32GX2-TZ5RS-Metallic/dp/B0BJ814ZHK,0.0,381.9
20261006_050540,2026-10-06T05:22:40.579196+00:00,amazon_usa,RAM,B0DHFD5625,"Crucial Pro DDR5 RAM 32GB Kit (2x16GB) 6400MHz CL38, Overclocking Desktop Gaming Memory, Intel XMP 3.0 & AMD Expo Compatible – Black CP2K16G64C38U5B",543.94,158.63,2026-10-06,4.7,966,https://www.amazon.com/Crucial-6400MHz-Overclocking-Desktop-Compatible/dp/B0DHFD5625,0.0,158.63
20261006_050540,2026-10-06T05:22:40.579196+00:00,amazon_usa,RAM,B0CQ3PG5D4,A-Tech 64GB Kit (2x32GB) DDR5 5600MHz PC5-44800 CL46 SODIMM 2Rx8 Dual Rank 1.1V Non-ECC Unbuffered SO-DIMM 262-Pin Laptop Computer RAM Memory Upgrade Modules,1006.31,293.47,2026-10-06,4.2,12,https://www.amazon.com/Tech-5600MHz-PC5-44800-Non-ECC-Unbuffered/dp/B0CQ3PG5D4,0.0,293.47
20261006_050540,2026-10-06T05:22:40.579196+00:00,amazon_usa,RAM,B0C6HWKGWV,G.SKILL Ripjaws S5 Series DDR5 RAM (Intel XMP 3.0 & AMD EXPO) 64GB (2x32GB) Up to 6000MT/s* CL36-36-36-96 1.35V Desktop Computer Memory U-DIMM - Matte Black (F5-6000J3636F32GX2-RS5K),1007.34,293.77,2026-10-06,4.7,112,https://www.amazon.com/G-SKILL-Ripjaws-CL36-36-36-96-Desktop-Computer/dp/B0C6HWKGWV,0.0,293.77
20261006_050540,2026-10-06T05:22:40.579196+00:00,amazon_usa,RAM,B0BNTXVW8V,TEAMGROUP T-Force Delta RGB DDR5 Ram 64GB (2x32GB) 6000MHz CL38 Intel XMP 3.0 & AMD Expo Compatible Desktop Memory Module White FF4D564G6000HC38ADC01,1007.34,293.77,2026-10-06,4.4,340,https://www.amazon.com/TEAMGROUP-T-Force-6000MHz-Compatible-FF4D564G6000HC38ADC01/dp/B0BNTXVW8V,0.0,293.77
20261006_050540,2026-10-06T05:22:40.579196+00:00,amazon_usa,RAM,B0H6J5QLXS,V-Color DDR5 TUF Gaming Alliance Manta XFinity 64GB (32GBx2) 6400MHz CL32 1.4V AMD EXPO SK Hynix Original IC RGB Gaming Desktop Upgrade RAM Memory Module Black (GTMXFAL3264832KWK),1158.42,337.83,2026-10-06,0.0,0,https://www.amazon.com/V-Color-Alliance-XFinity-Original-GTMXFAL3264832KWK/dp/B0H6J5QLXS,0.0,337.83
20261006_050540,2026-10-06T05:22:40.579196+00:00,amazon_usa,RAM,B0D5G6JS7P,G.SKILL Trident Z5 Royal Series DDR5 RAM (Intel XMP 3.0) 64GB (2x32GB) Up to 6400MT/s* CL32-39-39-102 1.40V Desktop Computer Memory U-DIMM - Silver (F5-6400J3239G32GX2-TR5S),1511.02,440.66,2026-10-06,4.7,99,https://www.amazon.com/G-SKILL-Trident-CL32-39-39-102-Desktop-Computer/dp/B0D5G6JS7P,0.0,440.66
20261006_050540,2026-10-06T05:22:40.579196+00:00,amazon_usa,RAM,B0FDGCXCY1,Crucial NTB 32GB 6400MHz Ddr5 Csodımm Ct32g64c52cs5 Laptop RAM Memory,803.79,234.41,2026-10-06,5.0,5,https://www.amazon.com/Crucial-6400MHz-Csod%C4%B1mm-Ct32g64c52cs5-Laptop/dp/B0FDGCXCY1,0.0,234.41
20261006_050540,2026-10-06T05:22:40.579196+00:00,amazon_usa,RAM,B0C65CD3C7,TEAMGROUP T-Create Expert Overclocking 10L DDR5 64GB Kit (2 x 32GB) 6000MHz (PC5-48000) CL34 Intel XMP 3.0 & AMD Expo Compatible Desktop Memory Module Ram White - CTCWD564G6000HC34BDC01,1047.63,305.52,2026-10-06,4.3,28,https://www.amazon.com/TEAMGROUP-T-Create-Overclocking-6000MHz-PC5-48000/dp/B0C65CD3C7,0.0,305.52
20261006_050540,2026-10-06T05:22:44.587515+00:00,amazon_usa,RAM,B0C657LC81,TEAMGROUP T-Create Expert CL32 Overclocking 10L DDR5 32GB Kit (2 x 16GB) 6400MHz (PC5-51200) Intel XMP 3.0 & AMD Expo Compatible Desktop Memory Module Ram Black - CTCED532G6400HC32ADC01,579.23,168.92,2026-10-06,4.7,88,https://www.amazon.com/TEAMGROUP-T-Create-Overclocking-6400MHz-PC5-51200/dp/B0C657LC81,0.0,168.92
20261006_050540,2026-10-06T05:22:44.587515+00:00,amazon_usa,RAM,B0DPHM8BKH,TEAMGROUP T-Force Vulcan DDR5 64GB (2x32GB) 6400MHz (PC5-51200) CL34 Desktop Memory Module Ram for 600 700 Series Chipset XMP 3.0 Red FLRD564G6400HC34EDC01,1138.29,331.96,2026-10-06,1.0,1,https://www.amazon.com/TEAMGROUP-T-Force-6400MHz-PC5-51200-FLRD564G6400HC34EDC01/dp/B0DPHM8BKH,0.0,331.96
20261006_050540,2026-10-06T05:22:44.587515+00:00,amazon_usa,RAM,B0CQ33K7NZ,A-Tech 64GB Kit (2x32GB) DDR5 5600MHz PC5-44800 CL46 UDIMM 2Rx8 Dual Rank 1.1V Non-ECC Unbuffered DIMM 288-Pin Desktop PC/Computer RAM Memory Upgrade Modules,1076.4,313.91,2026-10-06,4.0,7,https://www.amazon.com/Tech-5600MHz-PC5-44800-Non-ECC-Unbuffered/dp/B0CQ33K7NZ,0.0,313.91
20261006_050540,2026-10-06T05:22:44.587515+00:00,amazon_usa,RAM,B0B1QPLJT1,Kingston FURY Beast RGB 64GB 5600MT/s DDR5 CL40 DIMM Desktop Memory (Kit of 2) | Intel XMP 3.0 | Infrared Sync Technology | Overclocking Stability | KF556C40BBAK2-64,1178.58,343.71,2026-10-06,4.4,163,https://www.amazon.com/Kingston-Technology-Overclocking-Stability-KF556C40BBAK2-64/dp/B0B1QPLJT1,0.0,343.71
20261006_050540,2026-10-06T05:22:44.587515+00:00,amazon_usa,RAM,B0F4MD6FFQ,G.SKILL Trident Z5 Royal Neo Series DDR5 RAM (AMD EXPO) 64GB (2x32GB) Up to 6000MT/s* CL28-36-36-96 1.40V Desktop Computer Memory U-DIMM - Silver (F5-6000J2836G32GX2-TR5NS),1611.73,470.03,2026-10-06,4.7,40,https://www.amazon.com/G-SKILL-Trident-CL28-36-36-96-Desktop-Computer/dp/B0F4MD6FFQ,0.0,470.03
20261006_050540,2026-10-06T05:22:44.587515+00:00,amazon_usa,RAM,B0D9JZKXYJ,"Acer HT200 DDR5 RAM 64GB (32GBx2) 6000MHz CL30 PC5-48000, Intel XMP 3.0 AMD EXPO Compatible Computer Memory - BL.9BWWA.457",1006.34,293.48,2026-10-06,4.8,11,https://www.amazon.com/32GBx2-6000MHz-PC5-48000-Compatible-Computer/dp/B0D9JZKXYJ,0.0,293.48
20261006_050540,2026-10-06T05:22:44.587515+00:00,amazon_usa,RAM,B0DY796QYN,TEAMGROUP T-Force Delta Alpha RGB DDR5 Ram 64GB Kit (2x32GB) 6000MHz (PC5-48000) CL38 Intel XMP 3.0 & AMD Expo Compatible Desktop Memory Module Ram White FF8D564G6000HC38JDC01,1006.82,293.62,2026-10-06,4.5,19,https://www.amazon.com/TEAMGROUP-T-Force-PC5-48000-Compatible-FF8D564G6000HC38JDC01/dp/B0DY796QYN,0.0,293.62
20261006_050540,2026-10-06T05:22:44.587515+00:00,amazon_usa,RAM,B0CKZ7FL9F,Kingston FURY Renegade Black RGB XMP 64GB 6400MT/s DDR5 CL32 DIMM Desktop Gaming Memory (Kit of 2) - KF564C32RSAK2-64,1558.34,454.46,2026-10-06,4.3,16,https://www.amazon.com/Kingston-Renegade-6400MT-Desktop-Gaming/dp/B0CKZ7FL9F,0.0,454.46
20261006_050540,2026-10-06T05:22:44.587515+00:00,amazon_usa,RAM,B0H5Z43KBZ,"A-Tech 64GB Kit (4x16GB) DDR5 6400MHz PC5-51200 (PC5-6400B) CL52 CSODIMM Non-ECC RAM Memory Upgrade Modules for Laptop, Notebook Computers",1125.19,328.14,2026-10-06,0.0,0,https://www.amazon.com/Tech-PC5-51200-PC5-6400B-Notebook-Computers/dp/B0H5Z43KBZ,0.0,328.14
20261006_050540,2026-10-06T05:22:44.587515+00:00,amazon_usa,RAM,B0F2NTK2SW,NEMIX RAM 64GB (1X64GB) DDR5 6400MHZ PC5-51200 CL52 2Rx4 1.1V 288-PIN ECC RDIMM Registered Server Memory Compatible with Dell SNPN66RPC/64G AD089130,3236.6,943.89,2026-10-06,0.0,0,https://www.amazon.com/NEMIX-RAM-PC5-51200-Registered-Compatible/dp/B0F2NTK2SW,0.0,943.89
20261006_050540,2026-10-06T05:22:44.587515+00:00,amazon_usa,RAM,B0DYR7JBHS,A-Tech 256GB Kit (4x64GB) DDR5 6400MHz PC5-51200 ECC RDIMM 2Rx4 (EC8 10x4) Dual Rank 1.1V ECC Registered DIMM 288-Pin Server RAM Memory Upgrade Modules (A-Tech Enterprise Series),11990.01,3496.65,2026-10-06,0.0,0,https://www.amazon.com/Tech-6400MHz-PC5-51200-Registered-Enterprise/dp/B0DYR7JBHS,0.0,3496.65
20261006_050540,2026-10-06T05:22:44.587515+00:00,amazon_usa,RAM,B09YJY2ZMX,G.SKILL Ripjaws S5 Series DDR5 RAM (Intel XMP 3.0) 64GB (2x32GB) Up to 5600MT/s* CL36-36-36-89 1.25V Desktop Computer Memory U-DIMM - Matte White (F5-5600J3636D32GA2-RS5W),1067.79,311.4,2026-10-06,4.7,10,https://www.amazon.com/G-Skill-RipJaws-288-Pin-CL36-36-36-89-F5-5600J3636D32GA2-RS5W/dp/B09YJY2ZMX,0.0,311.4
20261006_050540,2026-10-06T05:22:44.587515+00:00,amazon_usa,RAM,B0FTDKTCMP,Crucial Technology CT2K32G64C52CU5 Crucial 64gb Kit [2x32gb] Ddr5-6400 Cudimm Cl52 [16gbit],1308.54,381.61,2026-10-06,0.0,0,https://www.amazon.com/Crucial-Technology-CT2K32G64C52CU5-2x32gb-Ddr5-6400/dp/B0FTDKTCMP,0.0,381.61
20261006_050540,2026-10-06T05:22:44.587515+00:00,amazon_usa,RAM,B0D1J3KPRJ,A-Tech Velocity RAM 64GB (2x32GB) DDR5 5600MHz (PC5-44800) XMP 3.0 UDIMM 1.1V Non-ECC DIMM 288-Pin Desktop Computer Gaming Memory - AV2K32G5D56X,1101.43,321.21,2026-10-06,4.7,4,https://www.amazon.com/Tech-Velocity-5600MHz-PC5-44800-Computer/dp/B0D1J3KPRJ,0.0,321.21
20261006_050540,2026-10-06T05:22:44.587515+00:00,amazon_usa,RAM,B0C64CFW4B,G.SKILL Ripjaws DDR5 SO-DIMM Series DDR5 RAM 64GB (2x32GB) Up to 5600MT/s* CL40-40-40-89 1.10V Unbuffered Non-ECC Notebook/Laptop Memory SO-DIMM (F5-5600S4040A32GX2-RS),1208.79,352.52,2026-10-06,4.5,67,https://www.amazon.com/G-SKILL-CL40-40-40-89-Unbuffered-Notebook-F5-5600S4040A32GX2-RS/dp/B0C64CFW4B,0.0,352.52
20261006_050540,2026-10-06T05:22:44.587515+00:00,amazon_usa,RAM,B0DSJMWLMC,Kingston ValueRAM RAM Module,1208.79,352.52,2026-10-06,0.0,0,https://www.amazon.com/Kingston-ValueRAM-6400MT-Non-ECC-Desktop/dp/B0DSJMWLMC,0.0,352.52
20261006_050540,2026-10-06T05:22:48.968251+00:00,amazon_usa,RAM,B0DX4WXDRZ,G.SKILL Flare X5 Series DDR5 RAM (AMD EXPO) 64GB (2x32GB) Up to 6000MT/s* CL28-36-36-96 1.40V Desktop Computer Memory U-DIMM - Matte Black (F5-6000J2836G32GX2-FX5),1611.73,470.03,2026-10-06,4.8,34,https://www.amazon.com/G-SKILL-2x32GB-CL28-36-36-96-Desktop-Computer/dp/B0DX4WXDRZ,0.0,470.03
20261006_050540,2026-10-06T05:22:48.968251+00:00,amazon_usa,RAM,B0H8T4J3YL,Silicon Power Value Gaming DDR5 64GB (2x32GB) 6000MT/s (PC5-48000) 288-pin CL30 1.35V UDIMM Desktop RAM Computer Memory w/Heatsink SU064GXLWU60AFDJAB,1233.96,359.86,2026-10-06,0.0,0,https://www.amazon.com/Silicon-Power-PC5-48000-Computer-SU064GXLWU60AFDJAB/dp/B0H8T4J3YL,0.0,359.86
20261006_050540,2026-10-06T05:22:48.968251+00:00,amazon_usa,RAM,B0F42R8X9L,Micron MTC40F2046S1RC64BD2R 64GB DDR5 6400 PC5-51200 RDIMM 2R x 4 CL52 16Gbit Memory Chipset Green,3236.39,943.83,2026-10-06,0.0,0,https://www.amazon.com/Micron-DDR5-RDIMM-16Gbit-MTC40F2046S1RC64BD2R/dp/B0F42R8X9L,0.0,943.83
20261006_050540,2026-10-06T05:22:48.968251+00:00,amazon_usa,RAM,B0DXV9KHCC,TEAMGROUP T-Force Vulcan Alpha DDR5 Ram 64GB Kit (2x32GB) 6000MHz (PC5-48000) CL38 Desktop Memory Module Ram AMD Optimized Memory Red FLARD564G6000HC38JDC01,936.84,273.21,2026-10-06,4.7,5,https://www.amazon.com/TEAMGROUP-T-Force-PC5-48000-Optimized-FLARD564G6000HC38JDC01/dp/B0DXV9KHCC,0.0,273.21
20261006_050540,2026-10-06T05:22:48.968251+00:00,amazon_usa,RAM,B0CBLC66NB,G.SKILL Trident Z5 RGB Series DDR5 RAM (Intel XMP 3.0) 64GB (2x32GB) Up to 6000MT/s* CL30-40-40-96 1.40V Desktop Computer Memory U-DIMM - Matte White (F5-6000J3040G32GX2-TZ5RW),1188.66,346.65,2026-10-06,4.8,56,https://www.amazon.com/G-SKILL-Trident-CL30-40-40-96-Desktop-Computer/dp/B0CBLC66NB,0.0,346.65
20261006_050540,2026-10-06T05:22:48.968251+00:00,amazon_usa,RAM,B0C29W4G29,"Crucial Pro 64GB DDR4 RAM Kit (2x32GB), 3200MHz (or 3000MHz or 2666MHz) Desktop Memory, Compatible with Intel and AMD Ryzen - CP2K32G4DFRA32A",558.04,162.74,2026-10-06,4.7,1800,https://www.amazon.com/Crucial-3200MT-3000MT-Desktop-CP2K32G4DFRA32A/dp/B0C29W4G29,0.0,162.74
20261006_050540,2026-10-06T05:22:48.968251+00:00,amazon_usa,RAM,B0CBLCKQGV,G.SKILL Trident Z5 RGB Series DDR5 RAM (Intel XMP 3.0) 64GB (2x32GB) Up to 6400MT/s* CL32-39-39-102 1.40V Desktop Computer Memory U-DIMM - Matte White (F5-6400J3239G32GX2-TZ5RW),1611.73,470.03,2026-10-06,4.8,110,https://www.amazon.com/G-SKILL-Trident-CL32-39-39-102-Desktop-Computer/dp/B0CBLCKQGV,0.0,470.03
20261006_050540,2026-10-06T05:22:48.968251+00:00,amazon_usa,RAM,B0DWK81NHT,"DATO DDR5 SODIMM 64GB Kit 32GBx2 Laptop RAM 5600MHz PC5-44800 CL46 1.1V 262-Pin Non-ECC unbuffered dimm, Notebook Memory Module",856.22,249.7,2026-10-06,3.7,14,https://www.amazon.com/DATO-5600MHz-PC5-44800-unbuffered-Notebook/dp/B0DWK81NHT,0.0,249.7
20261006_050540,2026-10-06T05:22:48.968251+00:00,amazon_usa,RAM,B0CN9376FP,TEAMGROUP Elite SODIMM DDR5 64GB (2x32GB) 5600Mhz (PC5-44800) CL46 Non-ECC Unbuffered 1.1V 262 Pin Laptop Memory Module Ram - TED564G5600C46ADC-S01,1057.71,308.46,2026-10-06,4.5,98,https://www.amazon.com/TEAMGROUP-5600Mhz-PC5-44800-Non-ECC-Unbuffered/dp/B0CN9376FP,0.0,308.46
20261006_050540,2026-10-06T05:22:48.968251+00:00,amazon_usa,RAM,B0DTPBTGMW,G.SKILL Trident Z5 Royal Neo Series DDR5 RAM (AMD EXPO) 64GB (2x32GB) Up to 6000MT/s* CL30-36-36-96 1.40V Desktop Computer Memory U-DIMM - Silver (F5-6000J3036G32GX2-TR5NS),1611.73,470.03,2026-10-06,4.7,102,https://www.amazon.com/G-SKILL-Trident-CL30-36-36-96-Desktop-Computer/dp/B0DTPBTGMW,0.0,470.03
20261006_050540,2026-10-06T05:22:48.968251+00:00,amazon_usa,RAM,B0HDBSBDH2,64GB 4X16GB DDR5 6400MHz PC5-51200 1Rx8 1.1V CL52 288-PIN ECC Registered RDIMM NEMIX RAM Server Memory KIT Compatible with Supermicro H14SSL-NT Motherboard,2996.84,873.97,2026-10-06,0.0,0,https://www.amazon.com/Registered-NEMIX-RAM-Compatible-Motherboard/dp/B0HDBSBDH2,0.0,873.97
20261006_050540,2026-10-06T05:22:48.968251+00:00,amazon_usa,RAM,B0BSB94VC2,G.SKILL Trident Z5 Neo RGB 64GB [2 x 32GB] DDR5 SDRAM Memory Kit,1108.01,323.13,2026-10-06,4.6,47,https://www.amazon.com/G-SKILL-Trident-64GB-SDRAM-Memory/dp/B0BSB94VC2,0.0,323.13
20261006_050540,2026-10-06T05:22:48.968251+00:00,amazon_usa,RAM,B0F1RKXGXZ,G.SKILL Trident Z5 Neo RGB Series DDR5 RAM (AMD EXPO) 64GB (2x32GB) Up to 6000MT/s* CL28-36-36-96 1.40V Desktop Computer Memory U-DIMM - Matte Black (F5-6000J2836G32GX2-TZ5NR),1561.36,455.34,2026-10-06,4.9,64,https://www.amazon.com/G-SKILL-Trident-CL28-36-36-96-Desktop-Computer/dp/B0F1RKXGXZ,0.0,455.34
20261006_050540,2026-10-06T05:22:48.968251+00:00,amazon_usa,RAM,B0F1XD2MX6,G.SKILL Trident Z5 Royal Neo Series DDR5 RAM (AMD EXPO) 64GB (2x32GB) Up to 6000MT/s* CL26-36-36-96 1.45V Desktop Computer Memory U-DIMM - Silver (F5-6000J2636H32GX2-TR5NS),1813.22,528.79,2026-10-06,4.6,31,https://www.amazon.com/G-SKILL-Trident-CL26-36-36-96-Desktop-Computer/dp/B0F1XD2MX6,0.0,528.79
20261006_050540,2026-10-06T05:22:48.968251+00:00,amazon_usa,RAM,B0CJ917R35,CORSAIR Vengeance RGB DDR5 RAM 64GB (2x32GB) 5600MHz CL40 Intel XMP iCUE Compatible Computer Memory - White (CMH64GX5M2B5600C40W),1042.76,304.1,2026-10-06,4.5,80,https://www.amazon.com/CORSAIR-VENGEANCE-5600MHz-Compatible-Computer/dp/B0CJ917R35,0.0,304.1
20261006_050540,2026-10-06T05:22:53.624781+00:00,amazon_usa,RAM,B0D4TDGNB7,G.SKILL Ripjaws M5 RGB Series DDR5 RAM (Intel XMP 3.0) 64GB (2x32GB) Up to 6000MT/s* CL30-40-40-96 1.40V Desktop Computer Memory U-DIMM - Matte White (F5-6000J3040G32GX2-RM5RW),1319.62,384.84,2026-10-06,5.0,12,https://www.amazon.com/G-SKILL-Ripjaws-CL30-40-40-96-Desktop-Computer/dp/B0D4TDGNB7,0.0,384.84
20261006_050540,2026-10-06T05:22:53.624781+00:00,amazon_usa,RAM,B0F1XGTX1F,G.SKILL Trident Z5 Neo RGB Series DDR5 RAM (AMD EXPO) 64GB (2x32GB) Up to 6000MT/s* CL26-36-36-96 1.45V Desktop Computer Memory U-DIMM - Matte White (F5-6000J2636H32GX2-TZ5NRW),1813.22,528.79,2026-10-06,4.6,39,https://www.amazon.com/G-SKILL-Trident-CL26-36-36-96-Desktop-Computer/dp/B0F1XGTX1F,0.0,528.79
20261006_050540,2026-10-06T05:22:53.624781+00:00,amazon_usa,RAM,B0H26CH94R,"ANACOMDA DDR5 Gaming RAM White 32GB (2x16GB) 6400MHz CL36 Overclocking DRAM, Intel XMP 3.0 Ready, AMD EXPO Compatible, Desktop Memory with Aluminum Heatsink, Kingsnake Series, Made in Taiwan",472.45,137.78,2026-10-06,5.0,1,https://www.amazon.com/ANACOMDA-Overclocking-Compatible-Aluminum-Kingsnake/dp/B0H26CH94R,0.0,137.78
20261006_050540,2026-10-06T05:22:53.624781+00:00,amazon_usa,RAM,B0GTMTW29G,16GB DDR5 6400MHz PC5-51200 1Rx8 1.1V CL52 288-PIN ECC Registered RDIMM NEMIX RAM Server Memory Compatible Hynix HMCG78AHBRA,750.47,218.86,2026-10-06,0.0,0,https://www.amazon.com/Registered-NEMIX-RAM-Compatible-HMCG78AHBRA/dp/B0GTMTW29G,0.0,218.86
20261006_050540,2026-10-06T05:22:53.624781+00:00,amazon_usa,RAM,B0BZJB3KSX,Kingston FURY Beast White RGB 64GB (2x32GB) 6000MT/s CL36 DDR5 EXPO DIMM | Infrared Syncing | FURY CTRL Software | Overclocking | AMD EXPO | Kit of 2 | KF560C36BWEAK2-64,1158.45,337.84,2026-10-06,4.6,47,https://www.amazon.com/Kingston-Technology-Infrared-Overclocking-KF560C36BWEAK2-64/dp/B0BZJB3KSX,0.0,337.84
20261006_050540,2026-10-06T05:22:53.624781+00:00,amazon_usa,RAM,B0DY7CS8DD,TEAMGROUP T-Create Expert Overclocking 10L DDR5 64GB Kit (2 x 32GB) 6000MHz (PC5-48000) CL38-46-46-84 Intel XMP 3.0 & AMD Expo Compatible Desktop Memory Module Ram White - CTCWD564G6000HC38JDC01,1148.37,334.9,2026-10-06,5.0,7,https://www.amazon.com/TEAMGROUP-Overclocking-PC5-48000-CL38-46-46-76-Compatible/dp/B0DY7CS8DD,0.0,334.9
20261006_050540,2026-10-06T05:22:53.624781+00:00,amazon_usa,RAM,B0GTBSBJX7,64GB DDR5 6400MHz PC5-51200 2Rx4 1.1V CL52 288-PIN ECC Registered RDIMM NEMIX RAM Server Memory Compatible with Micron MTC40F2046S1RC64BR,3236.6,943.89,2026-10-06,0.0,0,https://www.amazon.com/Registered-NEMIX-RAM-Compatible-MTC40F2046S1RC64BR/dp/B0GTBSBJX7,0.0,943.89
20261006_050540,2026-10-06T05:22:53.624781+00:00,amazon_usa,RAM,B0F7J2W49N,NEMIX RAM 128GB (2X64GB) DDR5 6400MHZ PC5-51200 CL52 2Rx4 1.1V 288-PIN ECC RDIMM Registered Server Memory KIT,6467.13,1886.01,2026-10-06,0.0,0,https://www.amazon.com/NEMIX-RAM-6400MHZ-PC5-51200-Registered/dp/B0F7J2W49N,0.0,1886.01
20261006_050540,2026-10-06T05:22:53.624781+00:00,amazon_usa,RAM,B0CJXBCQ7P,G.SKILL Trident Z5 Neo RGB Series DDR5 RAM (AMD EXPO) 64GB (2x32GB) Up to 6000MT/s* CL30-36-36-96 1.40V Desktop Computer Memory U-DIMM - Matte White (F5-6000J3036G32GX2-TZ5NRW),1591.6,464.16,2026-10-06,4.8,250,https://www.amazon.com/G-SKILL-Trident-CL30-36-36-96-Desktop-Computer/dp/B0CJXBCQ7P,0.0,464.16
20261006_050540,2026-10-06T05:22:53.624781+00:00,amazon_usa,RAM,B0F7Z3658J,"NEMIX RAM 32GB (1X32GB) DDR5 6400MHZ PC5-51200 CL52 2Rx8 1.1V 288-PIN ECC RDIMM Compatible with HPE P64985-B21, P69727-B21, P69727-H21, P69727-K21 Registered Smart Memory",1855.53,541.13,2026-10-06,0.0,0,https://www.amazon.com/NEMIX-RAM-Compatible-P64985-B21-P69727-B21/dp/B0F7Z3658J,0.0,541.13
20261006_050540,2026-10-06T05:22:53.624781+00:00,amazon_usa,RAM,B0BJPG4G8Q,G.SKILL Trident Z5 Neo Series DDR5 RAM (AMD EXPO) 64GB (2x32GB) Up to 6000MT/s* CL32-38-38-96 1.40V Desktop Computer Memory U-DIMM - Matte Black (F5-6000J3238G32GX2-TZ5N),1168.5,340.77,2026-10-06,4.7,90,https://www.amazon.com/G-Skill-Trident-288-Pin-CL32-38-38-96-F5-6000J3238G32GX2-TZ5N/dp/B0BJPG4G8Q,0.0,340.77
20261006_050540,2026-10-06T05:22:53.624781+00:00,amazon_usa,RAM,B0HDBW6QYD,64GB 2X32GB DDR5 6400MHz PC5-51200 2Rx8 1.1V CL52 288-PIN ECC Registered RDIMM NEMIX RAM Server Memory KIT Compatible with Supermicro H14SSF Motherboard,3708.02,1081.37,2026-10-06,0.0,0,https://www.amazon.com/Registered-NEMIX-RAM-Compatible-Motherboard/dp/B0HDBW6QYD,0.0,1081.37
20261006_050540,2026-10-06T05:22:53.624781+00:00,amazon_usa,RAM,B0F8352J5G,KLEVV Bolt V DDR5 32GB (2x16GB) 6400MHz CL30 SK Hynix A-Die 1.4V Gaming Desktop Ram Memory XMP 3.0 / AMD Expo Ready (KD5AGUA80-64B300H),541.95,158.05,2026-10-06,4.1,14,https://www.amazon.com/KLEVV-2x16GB-6400MHz-Desktop-KD5AGUA80-64B300H/dp/B0F8352J5G,0.0,158.05
20261006_050540,2026-10-06T05:22:53.624781+00:00,amazon_usa,RAM,B0BS1XM71K,G.SKILL Trident Z5 Neo 64GB [2 x 32GB] DDR5 SDRAM Memory Kit,1410.28,411.28,2026-10-06,4.6,21,https://www.amazon.com/G-Skill-Trident-6000MHz-1-40V-Channel/dp/B0BS1XM71K,0.0,411.28
20261006_050540,2026-10-06T05:22:53.624781+00:00,amazon_usa,RAM,B0DTJGYKTL,"Samsung 64GB (2x32GB) DDR5 5600MHz PC5-44800 CL46 SODIMM 2Rx8 Dual Rank 1.1V 262-Pin Laptop, Notebook RAM Memory",1120.15,326.67,2026-10-06,5.0,2,https://www.amazon.com/Samsung-5600MHz-PC5-44800-262-Pin-Notebook/dp/B0DTJGYKTL,0.0,326.67
20261006_050540,2026-10-06T05:22:53.624781+00:00,amazon_usa,RAM,B0G42VPT88,Silicon Power DDR5 64GB (2x32GB) Storm RGB 6000MT/s (PC5-48000) 288-pin CL38 1.35V UDIMM Desktop Memory Module RAM SU064GXLWU60BFDKEC Gray,1037.55,302.58,2026-10-06,4.5,2,https://www.amazon.com/Silicon-Power-PC5-48000-288-pin-SU064GXLWU60BFDKEC/dp/B0G42VPT88,0.0,302.58
20261006_050540,2026-10-06T05:22:53.624781+00:00,amazon_usa,RAM,B0FMRFJRWD,KLEVV FIT V DDR5 32GB (2x16GB) 6400MHz CL32 SK Hynix A-Die 1.35V Gaming Desktop Ram Memory XMP 3.0 / AMD Expo Ready - Black (KD5AGU880-64A320L),503.65,146.88,2026-10-06,4.0,5,https://www.amazon.com/KLEVV-2x16GB-6400MHz-Gaming-Desktop/dp/B0FMRFJRWD,0.0,146.88
20261006_050540,2026-10-06T05:23:08.827044+00:00,amazon_usa,SSD,B0DX2DPJZ5,"Samsung SSD 9100 PRO 2TB, PCIe 5.0x4 M.2 2280, Up to 14,700MB/s",402.94,117.51,2026-10-06,4.7,1800,https://www.amazon.com/Samsung-9100-PCIe-5-0x4-700MB/dp/B0DX2DPJZ5,0.0,117.51
20261006_050540,2026-10-06T05:23:08.827044+00:00,amazon_usa,SSD,B0GJSCVXHZ,"Sandisk Optimus 5100 2TB NVMe SSD, PCIe 4.0, M.2 2280",290.88,84.83,2026-10-06,4.7,164,https://www.amazon.com/Sandisk-Optimus-5100-NVMe-PCIe/dp/B0GJSCVXHZ,0.0,84.83
20261006_050540,2026-10-06T05:23:08.827044+00:00,amazon_usa,SSD,B0F3BD1W6R,"WD_Black SN8100 2TB NVMe SSD - PCIe 5.0x4, M.2 2280, Up to 14,900MB/s Read Speed, up to 11,000MB/s Write Speed, Best for AI Applications, Gaming, and Video Editing - WDS200T1X0M Global Recycled Standa",488.63,142.5,2026-10-06,4.8,1000,https://www.amazon.com/WD_BLACK-SN8100-Internal-Solid-State/dp/B0F3BD1W6R,0.0,142.5
20261006_050540,2026-10-06T05:23:08.827044+00:00,amazon_usa,SSD,B0DHLCRF91,"Samsung SSD 990 EVO Plus 2TB, PCIe Gen 4x4 | 5x2 M.2 2280, Up to 7,250 MB/s",369.2,107.67,2026-10-06,4.8,7000,https://www.amazon.com/Samsung-SSD-Plus-PCIe-2280/dp/B0DHLCRF91,0.0,107.67
20261006_050540,2026-10-06T05:23:08.827044+00:00,amazon_usa,SSD,B0BHJJ9Y77,"Samsung SSD 990 PRO 2TB, PCIe 4.0 M.2 2280, Up to 7,450 MB/s",392.86,114.57,2026-10-06,4.7,13400,https://www.amazon.com/Samsung-SSD-990-PCIe-2280/dp/B0BHJJ9Y77,0.0,114.57
20261006_050540,2026-10-06T05:23:08.827044+00:00,amazon_usa,SSD,B0F25B9JJ3,"Lexar 2TB NM1090 PRO NVMe SSD, 14,000/13,000 MB/s, M.2 2280, PCIe Gen 5",362.62,105.75,2026-10-06,4.5,90,https://www.amazon.com/Lexar-NM1090-NVMe-2280-PCIe/dp/B0F25B9JJ3,0.0,105.75
20261006_050540,2026-10-06T05:23:08.827044+00:00,amazon_usa,SSD,B0CTRVZKG7,"Crucial T705 PCIe Gen5 NVMe 2TB SSD, Up to 14,500MB/s, TLC NAND, Intel & Ryzen Compatible, for Hardcore Gaming & High-Speed Storage, Solid State Drive, Includes 1Mo Adobe CC – CT2000T705SSD3 Global Re",391.87,114.28,2026-10-06,4.6,1400,https://www.amazon.com/Crucial-Compatible-Hardcore-High-Speed-Storage/dp/B0CTRVZKG7,0.0,114.28
20261006_050540,2026-10-06T05:23:08.827044+00:00,amazon_usa,SSD,B0F9XMYR15,"Crucial T710 PCIe Gen5 NVMe 2TB SSD, Up to 14,900 MB/s, Laptop & Desktop Compatible (PC), for Creatives and Hardcore Gamers, Solid State Drive, Includes 1Mo Adobe CC – CT2000T710SSD8-01",436.17,127.2,2026-10-06,4.6,826,https://www.amazon.com/Internal-Compatible-Software-Mac-OS-X/dp/B0F9XMYR15,0.0,127.2
20261006_050540,2026-10-06T05:23:08.827044+00:00,amazon_usa,SSD,B0GBXSRT3D,"SUNEAST 2TB SSD Gen5, PCIe 5.0x4 TLC NVMe M.2 2280, Up to 14,800 MB/s Read",332.41,96.94,2026-10-06,4.5,17,https://www.amazon.com/SUNEAST-Black-Gen5-PCIe-5-0x4/dp/B0GBXSRT3D,0.0,96.94
20261006_050540,2026-10-06T05:23:08.827044+00:00,amazon_usa,SSD,B0B996CJ64,"Silicon Power 2TB UD90 NVMe 4.0 Gen4 PCIe M.2 SSD R/W up to 5,000/4,800 MB/s (SP02KGBP44UD9005)",292.12,85.19,2026-10-06,4.4,3600,https://www.amazon.com/Silicon-Power-UD90-NVMe-SP02KGBP44UD9005/dp/B0B996CJ64,0.0,85.19
20261006_050540,2026-10-06T05:23:08.827044+00:00,amazon_usa,SSD,B0DC8RVRBZ,"Crucial P310 2TB SSD, PCIe Gen4 NVMe M.2 2280, Up to 7,100MB/s, for Laptop, Desktop (PC), & Handheld Gaming Consoles, Includes Acronis Data Recovery Software, Solid State Drive - CT2000P310SSD801 Glob",252.65,73.68,2026-10-06,4.7,11200,https://www.amazon.com/Crucial-P310-2280-PCIe-Gen4/dp/B0DC8RVRBZ,8.0,81.68
20261006_050540,2026-10-06T05:23:08.827044+00:00,amazon_usa,SSD,B0GHYRZ1JW,"Sandisk Optimus GX PRO 8100 2TB PCIe 5.0 NVMe SSD, M.2 2280",502.66,146.59,2026-10-06,4.2,32,https://www.amazon.com/SANDISK-Optimus-8100-PCIe-NVMe/dp/B0GHYRZ1JW,0.0,146.59
20261006_050540,2026-10-06T05:23:08.827044+00:00,amazon_usa,SSD,B0DKNY3HRV,"Corsair MP700 Elite 2TB PCIe 5.0 x4 NVMe M.2 SSD – Up to 10,000MB/sec – High-Density 3D TLC NAND – M.2 2280 - DirectStorage Compatible – Black",463.36,135.13,2026-10-06,4.8,321,https://www.amazon.com/Corsair-MP700-Elite-PCIe-NVMe/dp/B0DKNY3HRV,0.0,135.13
20261006_050540,2026-10-06T05:23:08.827044+00:00,amazon_usa,SSD,B0BHJDY57J,"SAMSUNG 990 PRO w/ Heatsink SSD 2TB, PCIe Gen4 M.2 2280 Internal Solid State Hard Drive, Seq. Read Speeds Up To 7,450MB/s for High End Computing, Workstations, Compatible w/ PlayStation 5, MZ-V9P2T0CW",498.61,145.41,2026-10-06,4.7,5100,https://www.amazon.com/SAMSUNG-Expansion-Compatible-Playstation5-MZ-V9P2T0CW/dp/B0BHJDY57J,0.0,145.41
20261006_050540,2026-10-06T05:23:08.827044+00:00,amazon_usa,SSD,B09J14CJ89,"Samsung 980 PRO SSD with Heatsink 2TB PCIe Gen 4 NVMe M.2 Internal Solid State Hard Drive, Heat Control, Max Speed, PS5 Compatible, MZ-V8P2T0CW, Black",463.29,135.11,2026-10-06,4.8,3600,https://www.amazon.com/SAMSUNG-Heatsink-Internal-Compatible-MZ-V8P1T0CW/dp/B09J14CJ89,0.0,135.11
20261006_050540,2026-10-06T05:23:08.827044+00:00,amazon_usa,SSD,B0FGQ19H9B,"SIX NVME M.2 SSD 2TB - PCIe gen 5.0x4 X15000 SSD M.2 2280, Seq. Speed Up to 14,300MB/s,AI Computering Gaming by Internal Solid State Hard Drive for Laptop/Desktop PC Nvme m2 PCIe 5 2TB with Heatsink",372.7,108.69,2026-10-06,4.6,802,https://www.amazon.com/SIX-NVME-M-2-SSD-2TB/dp/B0FGQ19H9B,0.0,108.69
20261006_050540,2026-10-06T05:23:08.827044+00:00,amazon_usa,SSD,B0DQSJZTZ5,"Crucial E100 2TB M.2 NVMe PCIe Gen4 Internal SSD, Up to 5,000MB/s, Laptop & Desktop Compatible - CT2000E100SSD8",251.83,73.44,2026-10-06,4.5,1000,https://www.amazon.com/Crucial-Internal-Laptop-Desktop-Compatible-PC/dp/B0DQSJZTZ5,0.0,73.44
20261006_050540,2026-10-06T05:23:08.827044+00:00,amazon_usa,SSD,B0CXVGC466,SABRENT Rocket 5 2TB Advanced Performance Internal M.2 PCIe GEN 5 14GB/s X4 NVMe SSD (SB-RKT5-2TB),352.57,102.82,2026-10-06,4.7,127,https://www.amazon.com/SABRENT-Advanced-Performance-Internal-SB-RKT5-2TB/dp/B0CXVGC466,0.0,102.82
20261006_050540,2026-10-06T05:23:08.827044+00:00,amazon_usa,SSD,B0DBR6TRZQ,Kingston NV3 2TB M.2 2280 NVMe SSD | PCIe 4.0 Gen 4x4 | Up to 6000 MB/s | SNV3S/2000G,292.01,85.16,2026-10-06,4.7,14000,https://www.amazon.com/Kingston-2280-NVMe-PCIe-SNV3S-2000G/dp/B0DBR6TRZQ,0.0,85.16
20261006_050540,2026-10-06T05:23:08.827044+00:00,amazon_usa,SSD,B0FJXFR9RD,"Ediloca SSD 2TB NVMe PCIe 5.0x4, Up to 14,000MB/s Read, 10,000MB/s Write, 2TB SSD with 2GB LPDDR4 DRAM & Dynamic SLC Cache, M.2 2280 3D TLC for Gaming/Video Editing/PC/Laptop (EN1400 Pro)",312.28,91.07,2026-10-06,4.8,17,https://www.amazon.com/Ediloca-LPDDR4-Dynamic-Gaming-Editing/dp/B0FJXFR9RD,0.0,91.07
20261006_050540,2026-10-06T05:23:08.827044+00:00,amazon_usa,SSD,B0FH26CFDB,"fanxiang 2TB PCIe 5.0 x4 NVMe M.2 SSD,Up to 14000 MB/s,DRAM Cache and SLC NAND,High Performance Solid State Drive for AI Applications, Gaming, PC, Laptop",322.33,94.0,2026-10-06,3.9,42,https://www.amazon.com/fanxiang-Performance-Applications-Gaming-Laptop/dp/B0FH26CFDB,0.0,94.0
20261006_050540,2026-10-06T05:23:08.827044+00:00,amazon_usa,SSD,B0DX2G349M,"Samsung SSD 9100 PRO 1TB, PCIe 5.0x4 M.2 2280, Up to 14,700MB/s",251.83,73.44,2026-10-06,4.7,1800,https://www.amazon.com/Samsung-9100-PCIe-5-0x4-700MB/dp/B0DX2G349M,0.0,73.44
20261006_050540,2026-10-06T05:23:08.827044+00:00,amazon_usa,SSD,B0H8KXB8WJ,"SUNEAST 2TB SSD M.2 2280 PCIe Gen4.0 NVMe TLC SSD, Up to 7450MB/s Read",271.99,79.32,2026-10-06,4.5,9,https://www.amazon.com/SUNEAST-2280-PCIe-Gen4-0-7450MB/dp/B0H8KXB8WJ,0.0,79.32
20261006_050540,2026-10-06T05:23:12.893172+00:00,amazon_usa,SSD,B0CGKHGMW5,"Lexar 2TB NM790 NVMe SSD w/Heatsink, 7400/6500 MB/s, M.2 2280, PCIe Gen 4x4",322.6,94.08,2026-10-06,4.8,1300,https://www.amazon.com/Lexar-Heatsink-Internal-Compatible-LNM790X002T-RN9NU/dp/B0CGKHGMW5,0.0,94.08
20261006_050540,2026-10-06T05:23:12.893172+00:00,amazon_usa,SSD,B07ZQ97H3W,Silicon Power 2TB NVMe M.2 PCIe Gen3x4 2280 SSD Solid State Drive (SP002TBP34A60M28),259.37,75.64,2026-10-06,4.4,1500,https://www.amazon.com/Silicon-Power-Gen3x4-Solid-SP002TBP34A60M28/dp/B07ZQ97H3W,0.0,75.64
20261006_050540,2026-10-06T05:23:12.893172+00:00,amazon_usa,SSD,B0C9DPWRZ3,"Fikwot FN955 2TB NVMe SSD M.2 2280 PCIe Gen4x4, Up to 7300MB/s, 3D NAND TLC Flash Internal Solid State Drive, Configure SLC Cache, Storage and Memory Expansion for PS5 Laptop Desktop",302.2,88.13,2026-10-06,4.6,1200,https://www.amazon.com/Fikwot-FN955-Internal-Solid-State/dp/B0C9DPWRZ3,0.0,88.13
20261006_050540,2026-10-06T05:23:12.893172+00:00,amazon_usa,SSD,B0FPPTX9W5,"2TB NVMe Gen 5.0 SSD, Up 14,000MB/s,DRAM Cache, Graphene Heatsink",402.94,117.51,2026-10-06,4.4,166,https://www.amazon.com/OSCOO-Graphene-Applications-Heavy-Duty-Workstations/dp/B0FPPTX9W5,0.0,117.51
20261006_050540,2026-10-06T05:23:12.893172+00:00,amazon_usa,SSD,B0FP9KL662,Crucial P510 2TB SSD G9 TLC NAND PCIE GEN 5 X4 NVME M.2 2280 Internal Solid State D,342.49,99.88,2026-10-06,4.4,20,https://www.amazon.com/Crucial-P510-NVMe-Internal-Gaming/dp/B0FP9KL662,0.0,99.88
20261006_050540,2026-10-06T05:23:12.893172+00:00,amazon_usa,SSD,B0FPPVXVZK,"2TB PCIe 4.0 NVMe SSD, M.2 2280, Up to 7,400MB/s, Graphene Heatsink",302.2,88.13,2026-10-06,4.6,64,https://www.amazon.com/OSCOO-Graphene-Heatsink-Internal-Workstations/dp/B0FPPVXVZK,0.0,88.13
20261006_050540,2026-10-06T05:23:12.893172+00:00,amazon_usa,SSD,B0C47ZX1WB,"WD_BLACK 2TB SN850P NVMe M.2 SSD Officially Licensed Storage Expansion for PS5 Consoles, up to 7,300MB/s, with heatsink - WDBBYV0020BNC-WRSN",428.11,124.85,2026-10-06,4.8,11200,https://www.amazon.com/Western-Digital-Officially-Licensed-Expansion/dp/B0C47ZX1WB,0.0,124.85
20261006_050540,2026-10-06T05:23:12.893172+00:00,amazon_usa,SSD,B0DN6ZQ3PD,"WD_Black SN7100 2TB NVMe SSD - Gen4 PCIe, M.2 2280, Up to 7,250 MB/s Read Speed, Up to 6,900 MB/s Write Speed, Next Gen TLC 3D NAND, for Laptops, Handheld Gaming Devices - WDS200T4X0E",322.33,94.0,2026-10-06,4.8,6500,https://www.amazon.com/WD_BLACK-SN7100-Internal-Gaming-Solid/dp/B0DN6ZQ3PD,0.0,94.0
20261006_050540,2026-10-06T05:23:12.893172+00:00,amazon_usa,SSD,B0FGP7W3NJ,"SIX NVME M.2 SSD PCIe 4.0-1TB m.2 2280 ssd, Read UP to 7350MB/s 1TB for Gaming PS5 Memory Storage Expansion with Heatsink, Internal Solid State Hard Drive PCIe gen 4x4 Nvme for Laptop Desktop pc",176.28,51.41,2026-10-06,4.6,802,https://www.amazon.com/SIX-SSD-Expansion-Heatsink-Internal/dp/B0FGP7W3NJ,0.0,51.41
20261006_050540,2026-10-06T05:23:12.893172+00:00,amazon_usa,SSD,B0FJ1NNYTS,INLAND TN510 2TB NVMe SSD PCIe 5.0 Gen5x4 Internal Solid State Drive,332.41,96.94,2026-10-06,4.3,7,https://www.amazon.com/INLAND-TN510-Internal-Solid-State/dp/B0FJ1NNYTS,0.0,96.94
20261006_050540,2026-10-06T05:23:12.893172+00:00,amazon_usa,SSD,B09DVRBNWV,"Western Digital 2TB WD Green SN350 NVMe Internal SSD Solid State Drive - Gen3 PCIe, QLC, M.2 2280, Up to 3,200 MB/s - WDS200T3G0C",247.81,72.27,2026-10-06,4.7,12900,https://www.amazon.com/Western-Digital-Green-SN350-Internal/dp/B09DVRBNWV,0.0,72.27
20261006_050540,2026-10-06T05:23:12.893172+00:00,amazon_usa,SSD,B0DZ5XQNLM,"Crucial P510 PCIe Gen5 NVMe 2TB SSD, Up to 10,000MB/s, TLC NAND, Laptop & Desktop (PC) Compatible, for Gamers & Creatives, Solid State Drive – CT2000P510SSD8-01",370.71,108.11,2026-10-06,4.5,447,https://www.amazon.com/Crucial-Internal-Compatible-Desktop-Software/dp/B0DZ5XQNLM,0.0,108.11
20261006_050540,2026-10-06T05:23:12.893172+00:00,amazon_usa,SSD,B0DSK5WLPC,"fanxiang 2TB NVMe Internal Gaming SSD for PS5 with Heatsink, Up to 7100MB/s M.2 SSD PCIe Gen 4 SSD Storage Expansion Compatible with PS5, Internal Solid State Drive for Gamers, Professionals, Creators",332.41,96.94,2026-10-06,4.7,660,https://www.amazon.com/fanxiang-Internal-Expansion-Compatible-Professionals/dp/B0DSK5WLPC,0.0,96.94
20261006_050540,2026-10-06T05:23:12.893172+00:00,amazon_usa,SSD,B0FLB43X3V,Patriot P410 2TB PCIe Gen 4x4 M.2 2280 SSD,271.95,79.31,2026-10-06,4.6,26,https://www.amazon.com/Patriot-P410-2TB-Internal-SSD/dp/B0FLB43X3V,0.0,79.31
20261006_050540,2026-10-06T05:23:12.893172+00:00,amazon_usa,SSD,B0D7MKYNLX,"Western Digital 2TB WD Blue SN5000 NVMe Internal Solid State Drive SSD - PCIe Gen 4.0, M.2 2280, Up to 5,150 MB/s - WDS200T4B0E [New Generation]",302.2,88.13,2026-10-06,4.6,2900,https://www.amazon.com/Western-Digital-SN5000-Internal-Solid/dp/B0D7MKYNLX,0.0,88.13
20261006_050540,2026-10-06T05:23:12.893172+00:00,amazon_usa,SSD,B0C69R19Y3,"MOVE SPEED HB7450 2TB SSD for PS5 with Heatsink TLC NAND, PCIe 4.0 NVMe M.2 Internal Solid State Drive - Up to 7450MB/s, 3D Storage Expansion Compatible with PS5, Desktops and Laptops",302.2,88.13,2026-10-06,4.6,848,https://www.amazon.com/MOVE-SPEED-HB7450-Heatsink-Internal/dp/B0C69R19Y3,0.0,88.13
20261006_050540,2026-10-06T05:23:12.893172+00:00,amazon_usa,SSD,B0GJS98B1Q,"Sandisk Optimus 5100 1TB NVMe SSD, PCIe 4.0, M.2 2280",201.45,58.75,2026-10-06,4.7,164,https://www.amazon.com/Sandisk-Optimus-5100-NVMe-PCIe/dp/B0GJS98B1Q,0.0,58.75
20261006_050540,2026-10-06T05:23:12.893172+00:00,amazon_usa,SSD,B0GWDVDX1V,"KingSpec 2TB M.2 SSD 2280 NVMe PCIe 4.0 x4, Read/Write Speed up to 4000/3500MB/s, Internal M2 PCIe SSD Compatible with Gaming Console/Desktop/Gaming Laptop",247.78,72.26,2026-10-06,4.4,122,https://www.amazon.com/KingSpec-2280-Internal-Compatible-Console/dp/B0GWDVDX1V,0.0,72.26
20261006_050540,2026-10-06T05:23:12.893172+00:00,amazon_usa,SSD,B0F43F9ZKP,"Bestoss M.2 2280 NVMe SSD 2TB PCIe 4.0, Up to 7350MB/s, SLC Cache & HMB",312.28,91.07,2026-10-06,4.6,152,https://www.amazon.com/Bestoss-2280-NVMe-7350MB-Cache/dp/B0F43F9ZKP,0.0,91.07
20261006_050540,2026-10-06T05:23:12.893172+00:00,amazon_usa,SSD,B09QV5KJHV,"WD_BLACK 2TB SN770 NVMe Internal Gaming SSD Solid State Drive - Gen4 PCIe, M.2 2280, Up to 5,150 MB/s - WDS200T3X0E - [Previous Generation]",443.23,129.26,2026-10-06,4.8,26200,https://www.amazon.com/WD_BLACK-SN770-Internal-Gaming-Solid/dp/B09QV5KJHV,0.0,129.26
20261006_050540,2026-10-06T05:23:12.893172+00:00,amazon_usa,SSD,B0F4455L4R,"Kingston FURY Renegade G5 2048GB NVMe SSD | PCIe 5.0 M.2 2280 | Up to 14,8000MB/s | SFYR2S/2T0",431.13,125.73,2026-10-06,4.7,139,https://www.amazon.com/Kingston-Fury-Renegade-2048GB-NVMe-SFYR2S/dp/B0F4455L4R,0.0,125.73
20261006_050540,2026-10-06T05:23:12.893172+00:00,amazon_usa,SSD,B0CT8VVDS8,fanxiang 2TB Gen5 NVMe M.2 SSD with Heatsink - Up to 12000 MB/s PCIe 5.0 SSD TLC Internal Gaming SSD Solid State Drive for DirectStorage/Video Editing/Design S900Pro,282.04,82.25,2026-10-06,3.8,23,https://www.amazon.com/fanxiang-Gen5-NVMe-Heatsink-DirectStorage/dp/B0CT8VVDS8,0.0,82.25
20261006_050540,2026-10-06T05:23:12.893172+00:00,amazon_usa,SSD,B0F5VFWQGH,"Acer Predator GM9 M.2 Gen5 SSD 2TB, up to 14500 MB/s, NVMe 2.0 PCIe 5.0 Internal Solid State Drive for AI Workloads, Gaming & Content Creation, Compatible with DirectStorage, Laptop and Desktop PC",402.94,117.51,2026-10-06,4.7,113,https://www.amazon.com/acer-Predator-Workloads-Compatible-DirectStorage/dp/B0F5VFWQGH,0.0,117.51
20261006_050540,2026-10-06T05:23:12.893172+00:00,amazon_usa,SSD,B0CRC7H66Z,"Samsung SSD 990 EVO 2TB, PCIe Gen 4x4 | 5x2 M.2 2280, Up to 5,000MB/s",402.94,117.51,2026-10-06,4.8,1300,https://www.amazon.com/Samsung-SSD-PCIe-2280-000MB/dp/B0CRC7H66Z,0.0,117.51
20261006_050540,2026-10-06T05:23:16.969162+00:00,amazon_usa,SSD,B08CDM2HSS,"TEAMGROUP MP33 2TB SLC Cache 3D NAND TLC NVMe 1.3 PCIe Gen3x4 M.2 2280 Internal Solid State Drive SSD (Read/Write Speed up to 1,800/1,500 MB/s) Compatible with Laptop & PC Desktop TM8FP6002T0C101",251.83,73.44,2026-10-06,4.7,4500,https://www.amazon.com/TEAMGROUP-Internal-Compatible-Desktop-TM8FP6002T0C101/dp/B08CDM2HSS,0.0,73.44
20261006_050540,2026-10-06T05:23:16.969162+00:00,amazon_usa,SSD,B0F5WDRNX3,"Fikwot FX910 2TB M.2 NVMe SSD for PS5&PC, PCIe Gen4 2280 Gaming SSD with Heatsink, Up to 7300MB/s, Internal Solid State Drive",332.41,96.94,2026-10-06,4.7,384,https://www.amazon.com/Fikwot-FX910-Gaming-Heatsink-Internal/dp/B0F5WDRNX3,0.0,96.94
20261006_050540,2026-10-06T05:23:16.969162+00:00,amazon_usa,SSD,B0FJ8QMW4H,"WD Blue SN5100 2TB NVMe SSD - M.2 2280, PCIe Gen 4.0, Internal Solid State Drive - Read Speeds Up to 7,100MB/s, Upgrade Storage for PC/Laptops - WDS200T5B0E",281.93,82.22,2026-10-06,4.8,928,https://www.amazon.com/Blue-SN5100-2TB-NVMe-SSD/dp/B0FJ8QMW4H,0.0,82.22
20261006_050540,2026-10-06T05:23:16.969162+00:00,amazon_usa,SSD,B0GVYD6CFN,SSK 2TB Internal M.2 NVMe SSD 2280 PCIe Gen5 up to 14000MB/s Internal SSD,353.19,103.0,2026-10-06,5.0,3,https://www.amazon.com/SSK-Internal-NVMe-2280-14000MB/dp/B0GVYD6CFN,0.0,103.0
20261006_050540,2026-10-06T05:23:16.969162+00:00,amazon_usa,SSD,B0FP5B6R9H,"Gigastone 2TB Game Turbo PCIe Gen4x4 SSD (2-Pack) Up to 7,300MB/s with SLC Caching Gaming/PC/Desktop/Laptop 5-Year Warranty M.2 NVMe PCIe 4.0 2280 Internal Solid State Drive",503.65,146.88,2026-10-06,4.7,47,https://www.amazon.com/Gigastone-Internal-Upgrade-Rendering-Creators/dp/B0FP5B6R9H,0.0,146.88
20261006_050540,2026-10-06T05:23:16.969162+00:00,amazon_usa,SSD,B0921RKRDH,TEAMGROUP T-FORCE A440 Aluminum Heatsink 2TB DRAM SLC Cache 3D NAND TLC NVMe PCIe Gen4x4 M.2 2280 Internal SSD R/W 7000/6900 MB/s TM8FPZ002T0C327,344.51,100.47,2026-10-06,4.7,413,https://www.amazon.com/TEAMGROUP-Aluminum-Heatsink-Internal-TM8FPZ002T0C327/dp/B0921RKRDH,0.0,100.47
20261006_050540,2026-10-06T05:23:16.969162+00:00,amazon_usa,SSD,B0D61SDZD2,"Crucial P310 2TB M.2 2230 SSD, PCIe Gen4 NVMe, Up to 7,100MB/s, Ideal for Steam Deck, ASUS ROG Ally, MSI Claw, Mini PCs & Ultrabooks, Solid State Drive - CT2000P310SSD2",368.17,107.37,2026-10-06,4.7,2200,https://www.amazon.com/Crucial-2024-P310-PCIe-Gen4/dp/B0D61SDZD2,0.0,107.37
20261006_050540,2026-10-06T05:23:16.969162+00:00,amazon_usa,SSD,B0B7CKZGN6,"WD_BLACK SN850X 2TB NVMe SSD with Heatsink - M.2 2280, Up to 7,300 MB/s Read speeds, Up to 6,300 MB/s write speeds, Gaming Expansion, High Performance Internal Solid State Drive - WDS200T2XHE",443.23,129.26,2026-10-06,4.8,8300,https://www.amazon.com/WD_BLACK-SN850X-Internal-Gaming-Heatsink/dp/B0B7CKZGN6,0.0,129.26
20261006_050540,2026-10-06T05:23:16.969162+00:00,amazon_usa,SSD,B0F3XJXMZ5,"Acer Predator GM9000 2TB SSD, PCIe Gen5x4 NVMe M.2 SSD, Up to 14,000MB/s, SLC + DRAM Cache, PCIe 5.0 Internal Solid State Drive, Compatible with Desktops Laptop PC AI Work",454.31,132.49,2026-10-06,4.6,40,https://www.amazon.com/Predator-GM9000-Internal-Compatible-Desktops/dp/B0F3XJXMZ5,0.0,132.49
20261006_050540,2026-10-06T05:23:16.969162+00:00,amazon_usa,SSD,B0DQBQZ9LX,"Crucial P310 2280 2TB PCIe Gen4 NVMe Gaming PS5 SSD with Heatsink, Up to 7,100MB/s, PlayStation5, Laptop & Desktop (PC) Compatible, Solid State Drive - CT2000P310SSD5-01",331.86,96.78,2026-10-06,4.8,1700,https://www.amazon.com/Crucial-Heatsink-PlayStation5-Desktop-Compatible/dp/B0DQBQZ9LX,0.0,96.78
20261006_050540,2026-10-06T05:23:16.969162+00:00,amazon_usa,SSD,B0DBR3DZWG,Kingston NV3 1TB M.2 2280 NVMe SSD | PCIe 4.0 Gen 4x4 | Up to 6000 MB/s | SNV3S/1000G,158.15,46.12,2026-10-06,4.7,14000,https://www.amazon.com/Kingston-NV3-Solid-State-Drive/dp/B0DBR3DZWG,0.0,46.12
20261006_050540,2026-10-06T05:23:16.969162+00:00,amazon_usa,SSD,B0DHGQCYCG,"Addlink G55 2TB PCIe 5.0 Gen5 NVMe M.2 SSD- Up to 10,300 MB/s - PC Gaming Upgrade, Photography, Video Editing & Design - Internal Solid State Drive (ad2TBG55M2P)",346.98,101.19,2026-10-06,4.7,31,https://www.amazon.com/Addlink-PCIe-Gen5-NVMe-SSD/dp/B0DHGQCYCG,0.0,101.19
20261006_050540,2026-10-06T05:23:16.969162+00:00,amazon_usa,SSD,B0BHJF2VRN,"Samsung SSD 990 PRO 1TB, PCIe 4.0 M.2 2280, Up to 7,450 MB/s",241.74,70.5,2026-10-06,4.7,13400,https://www.amazon.com/Samsung-SSD-990-PCIe-2280/dp/B0BHJF2VRN,0.0,70.5
20261006_050540,2026-10-06T05:23:16.969162+00:00,amazon_usa,SSD,B0GJSFFLXZ,"Sandisk Optimus 5100 500GB NVMe SSD, PCIe 4.0, M.2 2280",110.79,32.31,2026-10-06,4.7,164,https://www.amazon.com/Sandisk-Optimus-5100-500GB-NVMe/dp/B0GJSFFLXZ,0.0,32.31
20261006_050540,2026-10-06T05:23:16.969162+00:00,amazon_usa,SSD,B0GJ2YDBLX,"Bestoss 2TB PCIe4.0 NVMe M.2 2280 SSD with Heatsink, PS5 Storage, 7350MB/s",337.45,98.41,2026-10-06,4.7,96,https://www.amazon.com/Bestoss-PCIe4-0-Heatsink-Storage-7350MB/dp/B0GJ2YDBLX,0.0,98.41
20261006_050540,2026-10-06T05:23:16.969162+00:00,amazon_usa,SSD,B0F9NS8VWT,"BIWIN Black Opal X570 Gen5 SSD 2TB, M.2 2280 PCIe 5.0 NVMe 2.0, Up to 14500 MB/s, Directstorage Compatible Internal PC Solid State Drive for Laptop, Desktop - BX570NN02TB-RGX",392.86,114.57,2026-10-06,4.4,100,https://www.amazon.com/BIWIN-Directstorage-Compatible-Internal-Desktop/dp/B0F9NS8VWT,0.0,114.57
20261006_050540,2026-10-06T05:23:16.969162+00:00,amazon_usa,SSD,B0B3RQDGL7,WD_Black SN850X 2TB NVMe PCIe 4.0 x4 M.2 Internal Gaming SSD Without Heatsink,422.97,123.35,2026-10-06,4.9,25,https://www.amazon.com/WD_Black-SN850X-Internal-SSD-Heatsink/dp/B0B3RQDGL7,0.0,123.35
20261006_050540,2026-10-06T05:23:16.969162+00:00,amazon_usa,SSD,B0CK2TC9XQ,"Crucial T500 PCIe Gen4 NVMe 2TB SSD, Up to 7,400MB/s, TLC NAND, Laptop & Desktop (PC) Compatible, for Creatives and Gamers, Solid State Drive, Includes 1Mo Adobe CC – CT2000T500SSD8",462.88,134.99,2026-10-06,4.8,5500,https://www.amazon.com/Crucial-Internal-Gaming-Desktop-Compatible/dp/B0CK2TC9XQ,0.0,134.99
20261006_050540,2026-10-06T05:23:16.969162+00:00,amazon_usa,SSD,B0FYF1TDX6,"Fikwot FN960 2TB M.2 NVMe SSD PCIe Gen4 x4 2280 Internal Solid State Drive with Heatsink, Up to 4,800MB/s, Dynamic SLC Cache, Compatible with PS5 Internal SSD",292.12,85.19,2026-10-06,4.7,78,https://www.amazon.com/Fikwot-FN960-Internal-Heatsink-Compatible/dp/B0FYF1TDX6,0.0,85.19
20261006_050540,2026-10-06T05:23:16.969162+00:00,amazon_usa,SSD,B0HD6PLVTZ,"fanxiang 2TB PCIe 5.0 NVMe M.2 SSD,Up to 14850 MB/s,High Performance Solid State Drive for 8K Video Editing, AI Training,Gaming, PC, Laptop",322.33,94.0,2026-10-06,4.8,39,https://www.amazon.com/fanxiang-Performance-Editing-Training-Gaming/dp/B0HD6PLVTZ,0.0,94.0
20261006_050540,2026-10-06T05:23:16.969162+00:00,amazon_usa,SSD,B0CHGT1KFJ,"Samsung SSD 990 PRO 4TB, PCIe 4.0 M.2 2280, Up to 7,450 MB/s",966.77,281.94,2026-10-06,4.7,13400,https://www.amazon.com/Samsung-SSD-990-PCIe-2280/dp/B0CHGT1KFJ,0.0,281.94
20261006_050540,2026-10-06T05:23:21.348552+00:00,amazon_usa,SSD,B09H2YHXDB,Inland 2TB Gaming NVMe SSD Internal Solid State Drive Optimized for PS5,330.38,96.35,2026-10-06,4.5,253,https://www.amazon.com/INLAND-Performance-Internal-7000MB-6850MB/dp/B09H2YHXDB,0.0,96.35
20261006_050540,2026-10-06T05:23:21.348552+00:00,amazon_usa,SSD,B0F18WJSX8,"Vansuny 2TB NVMe M.2 SSD,M2 2280 PCIe 4.0 Internal Solid State Drive,Read Up to 7300MB/s with Heatsink and Screwdrivers for PS5 Consoles PC Gaming Design",292.12,85.19,2026-10-06,4.4,71,https://www.amazon.com/Vansuny-2TB-NVMe-M-2-SSD/dp/B0F18WJSX8,0.0,85.19
20261006_050540,2026-10-06T05:23:21.348552+00:00,amazon_usa,SSD,B0FL72QR63,"Fikwot FX995 Max M.2 NVMe SSD 2TB, PCIe 5.0, Up to 14000MB/s Internal Solid State Drive, Fast Heat Dissipation, Best for AI Applications, E-Sports Players, and Rendering Professionals, etc",282.04,82.25,2026-10-06,4.0,10,https://www.amazon.com/Fikwot-FX995-Max-Applications-Professionals/dp/B0FL72QR63,0.0,82.25
20261006_050540,2026-10-06T05:23:21.348552+00:00,amazon_usa,SSD,B0DHLFWBQ1,"Samsung SSD 990 EVO Plus 1TB, PCIe Gen 4x4 | 5x2 M.2 2280, Up to 7,150 MB/s",238.73,69.62,2026-10-06,4.8,7000,https://www.amazon.com/Samsung-SSD-Plus-PCIe-2280/dp/B0DHLFWBQ1,0.0,69.62
20261006_050540,2026-10-06T05:23:21.348552+00:00,amazon_usa,SSD,B0CGF9T5P2,"Seagate Game Drive PS5 NVMe SSD for PS5 2TB Internal Solid State Drive - PCIe Gen4 NVMe 1.4, Officially Licensed, Up to 7300MB/s with Heatsink (ZP2000GP3A1001)",836.09,243.83,2026-10-06,4.6,229,https://www.amazon.com/Seagate-Drive-Internal-Solid-State/dp/B0CGF9T5P2,0.0,243.83
20261006_050540,2026-10-06T05:23:21.348552+00:00,amazon_usa,SSD,B0DPNNDB78,PNY CS2150 2TB PCIe Gen5 x4 NVMe M.2 2280 Internal SSD,372.73,108.7,2026-10-06,4.8,173,https://www.amazon.com/PNY-CS2150-Gen5-PCIe-M280CS2150-2TB-TB/dp/B0DPNNDB78,0.0,108.7
20261006_050540,2026-10-06T05:23:21.348552+00:00,amazon_usa,SSD,B0BPXRY7N2,"Samsung 990 PRO 2TB PCIe Gen 4.0 x4 (Maximum Transfer Rate 7,450MB/s) NVMe M.2 (2280) Internal SSD MZ-V9P2T0B-IT/EC",402.87,117.49,2026-10-06,4.7,553,https://www.amazon.com/Samsung-Transfer-Internal-MZ-V9P2T0B-EC/dp/B0BPXRY7N2,0.0,117.49
20261006_050540,2026-10-06T05:23:21.348552+00:00,amazon_usa,SSD,B0FVV6JX8X,PNY CS2241 2TB PCIe Gen4 x4 NVMe M.2 2280 Internal SSD Complete Upgrade Kit,285.05,83.13,2026-10-06,5.0,2,https://www.amazon.com/PNY-CS2241-PCIe-Upgrade-M280CS2241-2TBKIT-RB/dp/B0FVV6JX8X,0.0,83.13
20261006_050540,2026-10-06T05:23:21.348552+00:00,amazon_usa,SSD,B0CXXWB52R,"Fikwot FX660 2TB M.2 SSD, PCIe Gen 4x4 Dynamic SLC Cache - Speeds up to 5200MB/s M.2 2280 NVMe Internal SSD, Upgrade Storage for PC Computer, Laptop and PS5",302.2,88.13,2026-10-06,4.5,498,https://www.amazon.com/Fikwot-FX660-PCIe-Dynamic-Cache/dp/B0CXXWB52R,0.0,88.13
20261006_050540,2026-10-06T05:23:21.348552+00:00,amazon_usa,SSD,B0DMHYRWG1,"Western Digital 2TB WD Green SN3000 NVMe Internal SSD - Solid State Drive - Gen4 PCIe, M.2 2280, Up to 5,000 MB/s - WDS200T4G0E",276.99,80.78,2026-10-06,4.6,59,https://www.amazon.com/Western-Digital-Green-SN3000-Internal/dp/B0DMHYRWG1,0.0,80.78
20261006_050540,2026-10-06T05:23:21.348552+00:00,amazon_usa,SSD,B0D3PHZF13,"TEAMGROUP T-Force GA PRO 2TB SSD Patented Graphene Heatsink DRAM SLC Cache 3D TLC NAND NVMe InnoGrit PCIe Gen5x4 M.2 2280 Internal SSD Read/Write 10,000/8,500 MB/s TM8FFJ002T0C129",334.43,97.53,2026-10-06,3.7,9,https://www.amazon.com/TEAMGROUP-Graphene-Heatsink-InnoGrit-TM8FFJ002T0C129/dp/B0D3PHZF13,0.0,97.53
20261006_050540,2026-10-06T05:23:21.348552+00:00,amazon_usa,SSD,B0F5WHF6F2,"Crucial P510 2TB 3D NAND NVMe PCIe 5.0 M.2 SSD up to 10,000 MB/s CT2000P510SSD8-JP",367.69,107.23,2026-10-06,4.5,9,https://www.amazon.com/Crucial-P510-NAND-NVMe-CT2000P510SSD8-JP/dp/B0F5WHF6F2,0.0,107.23
20261006_050540,2026-10-06T05:23:21.348552+00:00,amazon_usa,SSD,B0CM941D89,"fanxiang 2TB NVMe SSD PCIe Gen4 M.2 SSD for PS5, Up to 5000 MB/s, Internal Gaming 3D NAND SLC Cache Solid State Drive Upgrade Storage for PC/Laptops S690Q",300.17,87.54,2026-10-06,4.4,1400,https://www.amazon.com/fanxiang-Internal-Playstation-Upgrade-Storage/dp/B0CM941D89,0.0,87.54
20261006_050540,2026-10-06T05:23:21.348552+00:00,amazon_usa,SSD,B0GK1M1N4V,"Sandisk Optimus GX 7100 1TB NVMe SSD, PCIe 4.0, M.2 2280",186.33,54.34,2026-10-06,4.6,102,https://www.amazon.com/Sandisk-Optimus-7100-NVMe-SDSP71100TAN/dp/B0GK1M1N4V,0.0,54.34
20261006_050540,2026-10-06T05:23:21.348552+00:00,amazon_usa,SSD,B0DKH285B6,Crucial P310 M.2 2280 2TB PCI-Express 4.0 x4 NVMe 3D NAND Internal Solid State Drive (SSD) CT2000P310SSD8,321.33,93.71,2026-10-06,4.7,77,https://www.amazon.com/Crucial-PCI-Express-Internal-Solid-CT2000P310SSD8/dp/B0DKH285B6,0.0,93.71
20261006_050540,2026-10-06T05:23:21.348552+00:00,amazon_usa,SSD,B0H2H1K6J5,"KingSpec 2TB M.2 NVMe Gen3 SSD 2280, 3500MB/s Read Speed, for Laptop PC",241.74,70.5,2026-10-06,4.8,38,https://www.amazon.com/KingSpec-NVMe-3500MB-Speed-Laptop/dp/B0H2H1K6J5,0.0,70.5
20261006_050540,2026-10-06T05:23:21.348552+00:00,amazon_usa,SSD,B0CM42DVBR,"Corsair MP700 PRO 2TB M.2 PCIe Gen5 x4 NVMe 2.0 SSD – M.2 2280 – Up to 12,400MB/sec Sequential Read – High-Density TLC NAND – Black",477.49,139.25,2026-10-06,4.6,412,https://www.amazon.com/Corsair-MP700-PCIe-Gen5-NVMe/dp/B0CM42DVBR,0.0,139.25
20261006_050540,2026-10-06T05:23:21.348552+00:00,amazon_usa,SSD,B0DTJNY6Q6,"KingSpec 2TB M.2 2230 SSD PCIe 4.0, 5000MB/s Read Copper Heatsink, 3D NAND Flash, Compatible with Steam Deck/ASUS ROG Ally/Surface Pro",291.09,84.89,2026-10-06,4.4,178,https://www.amazon.com/KingSpec-5000MB-Heatsink-Compatible-Surface/dp/B0DTJNY6Q6,0.0,84.89
20261006_050540,2026-10-06T05:23:21.348552+00:00,amazon_usa,SSD,B0G4RLTG6J,"Acer FA300 2TB PCIe 5.0 M.2 NVMe SSD, Up to 11000 MB/s Read & 10000 MB/s Write, Gen5x4 NVMe 2.0 for Gaming & Workstations",463.36,135.13,2026-10-06,5.0,1,https://www.amazon.com/Acer-FA300-Gen5x4-Gaming-Workstations/dp/B0G4RLTG6J,0.0,135.13
20261006_050540,2026-10-06T05:23:21.348552+00:00,amazon_usa,SSD,B0DVCCJQ4K,Corsair MP600 CORE XT 2TB M.2 PCIe Gen4 NVMe SSD – Up to 5900MB/s – QLC NAND – M.2 2280 – for PCIe 4.0 Notebooks and Desktops – Black,331.41,96.65,2026-10-06,4.6,368,https://www.amazon.com/Corsair-MP600-CORE-PCIe-Gen4/dp/B0DVCCJQ4K,0.0,96.65
20261006_050540,2026-10-06T05:23:21.348552+00:00,amazon_usa,SSD,B0GRCH7ZKG,"SABRENT Rocket 2242 4TB NVMe SSD, PCIe 4.0 M.2, 7300MB/s (SB-2742-4TB)",776.12,226.34,2026-10-06,4.4,14,https://www.amazon.com/SABRENT-Rocket-2242-7300MB-SB-2742-4TB/dp/B0GRCH7ZKG,0.0,226.34
20261006_050540,2026-10-06T05:23:21.348552+00:00,amazon_usa,SSD,B0H2F2GMT6,"KingSpec 2TB M.2 NVMe PCIe Gen4 SSD - Up to 7400MB/s Read, Championship Edition, 3D NAND Flash, Ideal for PS5, Gaming PC & Laptop Upgrade",267.91,78.13,2026-10-06,4.7,76,https://www.amazon.com/KingSpec-2TB-NVMe-PCIe-Gen4/dp/B0H2F2GMT6,0.0,78.13
20261006_050540,2026-10-06T05:23:26.219063+00:00,amazon_usa,SSD,B0GY3PC246,"WD Green SN350 2TB NVMe SSD, M.2 2280 PCIe Gen3 x4, M-Key (OEM New)",241.74,70.5,2026-10-06,4.4,19,https://www.amazon.com/Green-SN350-2TB-NVMe-SSD/dp/B0GY3PC246,0.0,70.5
20261006_050540,2026-10-06T05:23:26.219063+00:00,amazon_usa,SSD,B09Q2NCFS7,"Corsair MP600 PRO LPX 2TB M.2 NVMe PCIe x4 Gen4 SSD - Optimized for PS5 (Up to 7,100MB/sec Sequential Read & 5,800MB/sec Sequential Write Speeds, High-Speed Interface, Compact Form Factor) Black",579.23,168.92,2026-10-06,4.8,10600,https://www.amazon.com/Corsair-MP600-NVMe-PCIe-Gen4/dp/B09Q2NCFS7,0.0,168.92
20261006_050540,2026-10-06T05:23:26.219063+00:00,amazon_usa,SSD,B0G2G7P5FC,"WD_Black 2TB SN7100X NVMe SSD - Built for ROG Xbox Ally (X) & PC, Read Speeds Up to 7,250MB/s, Internal Solid State Drive, Officially Licensed for ROG Xbox Ally (X) Gaming - WDBELH0020BBK-WRSN",332.41,96.94,2026-10-06,4.7,22,https://www.amazon.com/WD_Black-2TB-SN7100X-NVMe-WDBELH0020BBK-WRSN/dp/B0G2G7P5FC,0.0,96.94
20261006_050540,2026-10-06T05:23:26.219063+00:00,amazon_usa,SSD,B0GTZB9SFN,"2TB M.2 NVMe SSD 2280, PCIe Gen3 x4 Internal Solid State Drive, Up to 3200MB/s, 3D NAND Flash with SLC Cache, High-Speed Storage Upgrade for Laptop & Desktop PC",251.83,73.44,2026-10-06,4.5,2,https://www.amazon.com/Lufasnd-Internal-High-Speed-Storage-Upgrade/dp/B0GTZB9SFN,0.0,73.44
20261006_050540,2026-10-06T05:23:26.219063+00:00,amazon_usa,SSD,B0D3HDJDNM,"KLEVV CRAS C910 2TB M.2 2280 NVMe PCIe Gen4x4 Laptop & Desktop Internal SSD Heatsink Included, up to 5200MB/s (K02TBM2SP0-C91)",279.02,81.37,2026-10-06,4.3,1000,https://www.amazon.com/KLEVV-Internal-Heatsink-Included-K02TBM2SP0-C91/dp/B0D3HDJDNM,0.0,81.37
20261006_050540,2026-10-06T05:23:26.219063+00:00,amazon_usa,SSD,B0DKF6MRHK,"ORICO 2TB NVMe SSD PCIe 4.0- Up to 7400MB/s, M.2 2280 PCIe 4.0X4 Internal Solid State Drive, Fast Heat Dissipation, Compatible with macOS Windows for Gamers and Creators-e7400",302.2,88.13,2026-10-06,4.7,748,https://www.amazon.com/ORICO-Internal-Dissipation-Compatible-Creators-e7400/dp/B0DKF6MRHK,0.0,88.13
20261006_050540,2026-10-06T05:23:26.219063+00:00,amazon_usa,SSD,B0FBBSZPFK,"msi SPATIUM M470 PRO PCIe 4.0 NVMe M.2 2TB Portable SSD, 2TB External Solid State Drive, Speeds Up to 6000MB/s, USB-C, Reliable Storage for Gaming, Students, Professionals, Black",382.78,111.63,2026-10-06,4.7,26,https://www.amazon.com/SPATIUM-Portable-External-Reliable-Students-Professionals/dp/B0FBBSZPFK,0.0,111.63
20261006_050540,2026-10-06T05:23:26.219063+00:00,amazon_usa,SSD,B0FLXY32MT,"Ediloca EN880E M.2 SSD 2TB NVMe SSD M2 2280 PCIe Gen 4x4, Read Up to 7100MB/s, Internal Solid State Drive for Laptop Desktop",302.2,88.13,2026-10-06,4.3,163,https://www.amazon.com/Ediloca-EN880E-7100MB-Internal-Desktop/dp/B0FLXY32MT,0.0,88.13
20261006_050540,2026-10-06T05:23:26.219063+00:00,amazon_usa,SSD,B0FJ8QFWBQ,"WD Blue SN5100 1TB NVMe SSD - M.2 2280, PCIe Gen 4.0, Internal Solid State Drive - Read Speeds Up to 7,100MB/s, Upgrade Storage for PC/Laptops - WDS100T5B0E",169.19,49.34,2026-10-06,4.8,928,https://www.amazon.com/Blue-SN5100-1TB-NVMe-SSD/dp/B0FJ8QFWBQ,0.0,49.34
20261006_050540,2026-10-06T05:23:26.219063+00:00,amazon_usa,SSD,B0G1SLQN8Y,"KingSpec 2TB M.2 Gen5 NVMe SSD 2280 Internal Solid State Drive | Up to 14,000MB/s Read Speed for Gaming PC, Video Editing, Content Creation, PS5 Compatible",318.28,92.82,2026-10-06,4.6,9,https://www.amazon.com/KingSpec-Internal-Editing-Creation-Compatible/dp/B0G1SLQN8Y,0.0,92.82
20261006_050540,2026-10-06T05:23:26.219063+00:00,amazon_usa,SSD,B0FBM9B4LH,DATO Gen4 SSD with Heatsink 2TB NVMe PCIe 4.0 M.2 2280 Up to 7200/6850MB/s High Performance SSD for Gaming Creation – Ares Dark Sword Lite,261.91,76.38,2026-10-06,4.6,29,https://www.amazon.com/DATO-Heatsink-6850MB-Performance-Creation/dp/B0FBM9B4LH,0.0,76.38
20261006_050540,2026-10-06T05:23:26.219063+00:00,amazon_usa,SSD,B0DJ1D4GTY,"Corsair MP600 Micro 2TB M.2 NVMe PCIe x4 Gen4 SSD – M.2 2242 – Up to 7,000MB/sec Sequential Read – High-Density 3D TLC NAND – Compatible with Lenovo Legion Go and Thin PCIe 4.0 Laptops – Black",561.6,163.78,2026-10-06,4.8,328,https://www.amazon.com/Corsair-MP600-Micro-NVMe-PCIe/dp/B0DJ1D4GTY,0.0,163.78
20261006_050540,2026-10-06T05:23:26.219063+00:00,amazon_usa,SSD,B0D7MLB76V,"Western Digital 4TB WD Blue SN5000 NVMe Internal Solid State Drive SSD - PCIe Gen 4.0, M.2 2280, Up to 5,500 MB/s - WDS400T4B0E [New Generation]",492.58,143.65,2026-10-06,4.6,2900,https://www.amazon.com/Western-Digital-SN5000-Internal-Solid/dp/B0D7MLB76V,0.0,143.65
20261006_050540,2026-10-06T05:23:26.219063+00:00,amazon_usa,SSD,B0FP9P3WTY,Crucial T710 2 TB Solid State Drive - M.2 2280 Internal - PCI Express NVMe (PCI Express NVMe 5.0 x4) - Gaming Console Device Supported - 1200 TB TBW - Retail,435.83,127.1,2026-10-06,3.4,3,https://www.amazon.com/Crucial-T710-Solid-State-Drive/dp/B0FP9P3WTY,0.0,127.1
20261006_050540,2026-10-06T05:23:26.219063+00:00,amazon_usa,SSD,B0FPPMPLQL,"Western Digital NVMe WDS200T5B0E-EC Internal SSD 2TB WD Blue SN5100 (Up to 7,100 MB/s Read) M.2-2280 NVMe WDS200T5B0E-EC",301.2,87.84,2026-10-06,5.0,2,https://www.amazon.com/Western-Digital-WDS200T5B0E-EC-Internal-M-2-2280/dp/B0FPPMPLQL,0.0,87.84
20261006_050540,2026-10-06T05:23:26.219063+00:00,amazon_usa,SSD,B0H1CLMJL6,"BIWIN M560 NVMe Gen5 SSD 2TB, PCIe 5.0, M.2 2280, Read Speeds Up to 11000MB/s, Internal Solid State Drive for Laptop and Desktop PC - BM560NN02TB-RGX",382.78,111.63,2026-10-06,4.0,1,https://www.amazon.com/BIWIN-M560-11000MB-Internal-Desktop/dp/B0H1CLMJL6,0.0,111.63
20261006_050540,2026-10-06T05:23:26.219063+00:00,amazon_usa,SSD,B0DC8VPSHV,"Crucial P310 1TB SSD, PCIe Gen4 NVMe M.2 2280, Up to 7,100MB/s, for Laptop, Desktop (PC), & Handheld Gaming Consoles, Includes Acronis Data Recovery Software, Solid State Drive - CT1000P310SSD801 Glob",171.35,49.97,2026-10-06,4.7,11200,https://www.amazon.com/Crucial-P310-2280-PCIe-Gen4/dp/B0DC8VPSHV,8.0,57.97
20261006_050540,2026-10-06T05:23:26.219063+00:00,amazon_usa,SSD,B0C5GRB6GB,"Ediloca 2TB PCIe Gen4 NVMe M.2 Gaming SSD with Heatsink for PS5, 7400MB/s Read, 2GB DRAM Cache, 3D TLC Internal Solid State Drive Compatible with PS5 & PC (EN855)",302.2,88.13,2026-10-06,4.1,622,https://www.amazon.com/Ediloca-EN855-Internal-Configure-Compatible/dp/B0C5GRB6GB,0.0,88.13
20261006_050540,2026-10-06T05:23:26.219063+00:00,amazon_usa,SSD,B0C3K2WRPV,"Crucial T700 PCIe Gen5 NVMe 2TB SSD with Heatsink, Up to 12,400MB/s, TLC NAND, Intel & Ryzen Compatible, for Hardcore Gaming & High-Speed Storage, Solid State Drive - CT2000T700SSD5",376.23,109.72,2026-10-06,4.6,587,https://www.amazon.com/Crucial-Heatsink-Compatible-Hardcore-High-Speed/dp/B0C3K2WRPV,0.0,109.72
20261006_050540,2026-10-06T05:23:26.219063+00:00,amazon_usa,SSD,B0HGZ1BF9P,"SAMSUN6 NVMe SSD 990 PRO 2TB, PCIe 4.0, M.2 2280, Up to 7,450 MB/s Read",382.78,111.63,2026-10-06,0.0,0,https://www.amazon.com/SAMSUN6-NVMe-PCIe-2280-Read/dp/B0HGZ1BF9P,0.0,111.63
20261006_050540,2026-10-06T05:23:26.219063+00:00,amazon_usa,SSD,B0F9T7SHKP,"KOOTION 2TB NVMe Internal SSD PCIe 4.0, M.2 2280 NVMe Gen 4 Internal Solid State Drive Up to 5000MB/s, Storage Memory for PC",275.01,80.2,2026-10-06,4.8,9,https://www.amazon.com/KOOTION-Internal-5000MB-Storage-Memory/dp/B0F9T7SHKP,0.0,80.2
20261006_050540,2026-10-06T05:23:26.219063+00:00,amazon_usa,SSD,B0F3XL1PVB,"Bestoss 2TB M.2 SSD NVMe PCIe4.0 2280 Internal Hard Drive, Up to 5000 MB/s",300.17,87.54,2026-10-06,4.3,115,https://www.amazon.com/Bestoss-NVMe-PCIe4-0-Internal-Drive/dp/B0F3XL1PVB,0.0,87.54
20261006_050540,2026-10-06T05:23:36.362770+00:00,amazon_usa,SSD,B0FGPVPQDB,"SIX X4000 512G M.2 SSD PCIe Gen3x4 NVME SSD Solid State Drive - Up to 3000MB/s Read, 1300MB/s Write",90.66,26.44,2026-10-06,4.4,65,,0.0,26.44
20261006_050540,2026-10-06T05:23:36.362770+00:00,amazon_usa,SSD,B0C3ZJ8T6F,"Acer Predator GM7 1TB SSD: M.2 2280 PCIe Gen 4 x4 NVMe 2.0, Read Speed Up to 7400 MB/s, Internal PC Solid State Drive for Laptop, Desktop and PS5 - BL.9BWWR.118",181.33,52.88,2026-10-06,4.7,677,https://www.amazon.com/Predator-GM7-1TB-SSD-BL-9BWWR-118/dp/B0C3ZJ8T6F,0.0,52.88
20261006_050540,2026-10-06T05:23:36.362770+00:00,amazon_usa,SSD,B0D4YN1K8G,"Fikwot FX991 M.2 SSD 1TB NVMe SSD M2 2280 PCIe Gen 4x4, Read Up to 7000MB/s, Internal Solid State Drive for PS5 Laptop Desktop 3D QLC NAND",171.24,49.94,2026-10-06,4.6,2800,,0.0,49.94
20261006_050540,2026-10-06T05:23:36.362770+00:00,amazon_usa,SSD,B0B217LZBG,"Silicon Power 1TB UD90 NVMe 4.0 Gen4 PCIe M.2 SSD R/W up to 5,000/4,800 MB/s (SP01KGBP44UD9005)",181.29,52.87,2026-10-06,4.4,3600,https://www.amazon.com/Silicon-Power-UD90-NVMe-SP01KGBP44UD9005/dp/B0B217LZBG,0.0,52.87
20261006_050540,2026-10-06T05:23:36.362770+00:00,amazon_usa,SSD,B0FLXZV2CM,"Ediloca EN880E M.2 SSD 1TB NVMe SSD M2 2280 PCIe Gen 4x4, Read Up to 7100MB/s, Internal Solid State Drive for Laptop Desktop",156.12,45.53,2026-10-06,4.3,163,,0.0,45.53
20261006_050540,2026-10-06T05:23:36.362770+00:00,amazon_usa,SSD,B0DN7CYYSD,"WD_Black SN7100 1TB NVMe SSD - Gen4 PCIe, M.2 2280, Up to 7,250 MB/s Read Speed, Up to 6,900 MB/s Write Speed, Next Gen TLC 3D NAND, for Laptops, Handheld Gaming Devices - WDS100T4X0E",200.46,58.46,2026-10-06,4.8,6500,https://www.amazon.com/WD_BLACK-SN7100-Internal-Gaming-Solid/dp/B0DN7CYYSD,0.0,58.46
20261006_050540,2026-10-06T05:23:36.362770+00:00,amazon_usa,SSD,B0BTDP6P7Y,Patriot P400 Lite 1TB PCIe Gen 4 x4 SSD,150.09,43.77,2026-10-06,4.6,214,https://www.amazon.com/Patriot-P400-Solid-State-Drive/dp/B0BTDP6P7Y,0.0,43.77
20261006_050540,2026-10-06T05:23:36.362770+00:00,amazon_usa,SSD,B0C9D8FHHF,"Fikwot FN955 1TB NVMe SSD M.2 2280 PCIe Gen4x4, Up to 7300MB/s, 3D NAND TLC Flash Internal Solid State Drive, Configure SLC Cache, Storage and Memory Expansion for PS5 Laptop Desktop",177.28,51.7,2026-10-06,4.6,1200,,0.0,51.7
20261006_050540,2026-10-06T05:23:36.362770+00:00,amazon_usa,SSD,B07ZGJVTZK,Silicon Power 1TB - NVMe M.2 PCIe Gen3x4 2280 SSD (SP001TBP34A60M28),157.12,45.82,2026-10-06,4.6,4200,https://www.amazon.com/Silicon-Power-NVMe-Gen3x4-SP001TBP34A60M28/dp/B07ZGJVTZK,0.0,45.82
20261006_050540,2026-10-06T05:23:36.362770+00:00,amazon_usa,SSD,B0F8BCLTK3,"Bestoss 512GB M.2 SSD NVMe PCIe4.0 2280 Internal Hard Drive, Up to 5000MB/s",111.79,32.6,2026-10-06,4.3,115,,0.0,32.6
20261006_050540,2026-10-06T05:23:36.362770+00:00,amazon_usa,SSD,B0H67RTS5D,"SUNEAST 1TB SSD M.2 2280 PCIe Gen4.0 NVMe Internal SSD, Up to 7000MB/s Read",154.1,44.94,2026-10-06,4.5,9,https://www.amazon.com/SUNEAST-2280-Gen4-0-Internal-7000MB/dp/B0H67RTS5D,0.0,44.94
20261006_050540,2026-10-06T05:23:36.362770+00:00,amazon_usa,SSD,B0FLJDY4VM,"Ediloca 1TB NVMe M.2 SSD PCIe Gen 3x4, Up to 2150MB/s Read, M.2 2280 Internal Solid State Drive, Dynamic SLC Cache, Compatible with PC, Desktop and Laptops(EN680E)",143.02,41.71,2026-10-06,4.6,301,https://www.amazon.com/Ediloca-Internal-Dynamic-Compatible-Desktop/dp/B0FLJDY4VM,0.0,41.71
20261006_050540,2026-10-06T05:23:36.362770+00:00,amazon_usa,SSD,B0FGPTY5PJ,"SIX X4000 1TB M.2 SSD PCIe Gen3x4 NVME SSD Solid State Drive - Up to 3400MB/s Read, 2600MB/s Write",151.08,44.06,2026-10-06,4.4,65,https://www.amazon.com/SIX-SSD-Storage-Internal-Solid/dp/B0FGPTY5PJ,0.0,44.06
20261006_050540,2026-10-06T05:23:36.362770+00:00,amazon_usa,SSD,B0BNQ1NXC3,"fanxiang S660 PCIe 4.0 1TB NVMe M.2 SSD for PS5 with Heatsink, Up to 5000MB/s, Internal Gaming SSD NAND SLC Cache Suitable for PS5 Enthusiasts, Technology Enthusiasts, IT Professionals",171.24,49.94,2026-10-06,4.6,3700,https://www.amazon.com/fanxiang-S660-Internal-Solid-State/dp/B0BNQ1NXC3,0.0,49.94
20261006_050540,2026-10-06T05:23:36.362770+00:00,amazon_usa,SSD,B0H3Q1YLJ9,"DIGIERA LNV480 1TB PCIe Gen 4.0x4 NVMe M.2 2280 Internal SSD, Up to 5100MB/s Read 4500MB/s Write, High-Speed Storage for Gaming & Professional Workloads Laptop Desktop PC",145.05,42.3,2026-10-06,5.0,2,https://www.amazon.com/DIGIERA-Internal-High-Speed-Professional-Workloads/dp/B0H3Q1YLJ9,0.0,42.3
20261006_050540,2026-10-06T05:23:36.362770+00:00,amazon_usa,SSD,B0CGKPPZY9,"Lexar 1TB NM790 NVMe SSD w/Heatsink, 7400/6500 MB/s, M.2 2280, PCIe Gen 4x4",189.86,55.37,2026-10-06,4.8,1300,https://www.amazon.com/Lexar-Heatsink-Internal-Compatible-LNM790X001T-RN9NU/dp/B0CGKPPZY9,0.0,55.37
20261006_050540,2026-10-06T05:23:36.362770+00:00,amazon_usa,SSD,B0DM1R7KHZ,"BIWIN Black Opal NV7400 1TB SSD Gen4x4, Read Speed up to 7450MB/s, NVMe M.2 2280 PCIe 4.0 Internal PC Solid State Drive for Laptop/Desktop/PS5",176.28,51.41,2026-10-06,4.7,922,https://www.amazon.com/BIWIN-NV7400-Gen4x4-Internal-Desktop/dp/B0DM1R7KHZ,0.0,51.41
20261006_050540,2026-10-06T05:23:40.358783+00:00,amazon_usa,SSD,B0GL7VZQ3Q,"Ediloca EN880E M.2 SSD 500GB NVMe SSD M2 2280 PCIe Gen 4x4, Read Up to 6300MB/s, Internal Solid State Drive for Laptop Desktop",90.66,26.44,2026-10-06,4.3,163,,0.0,26.44
20261006_050540,2026-10-06T05:23:40.358783+00:00,amazon_usa,SSD,B0DWFPJSQB,"1TB NVMe SSD M.2 PCIe4.0 Gen 4×4, M.2 2280 Internal Gaming SSD, Seq. Read Speeds Up to 7,400 MB/s SLC Cache 3D NAND TLC Internal Solid State Drive Compatible with PS5 High End Computing Gaming",154.1,44.94,2026-10-06,4.7,36,https://www.amazon.com/RONGSHU-PCIe4-0-Internal-Computing-RP7000/dp/B0DWFPJSQB,0.0,44.94
20261006_050540,2026-10-06T05:23:40.358783+00:00,amazon_usa,SSD,B0FGQ6WD1Q,"SIX NVME M.2 SSD 1TB - PCIe gen 5.0x4 X15000 M.2 2280, Seq. Speed Up to 14,300MB/s,AI Computering Gaming by Internal Solid State Hard Drive for Laptop/Desktop PC Nvme m2 PCIe 5 1TB with Heatsink",201.45,58.75,2026-10-06,4.6,802,https://www.amazon.com/SIX-NVME-M-2-SSD-1TB/dp/B0FGQ6WD1Q,0.0,58.75
20261006_050540,2026-10-06T05:23:40.358783+00:00,amazon_usa,SSD,B0D5M5D2XP,"fanxiang 1TB NVMe SSD PCIe Gen 4 Gaming SSD for PS5, Up to 7000MB/s M.2 2280 SSD Compatible with PS5 Storage Expansion, Internal Solid State Drive for Gamers, Professionals, Creators S880E",171.24,49.94,2026-10-06,4.7,1100,https://www.amazon.com/fanxiang-Compatible-Internal-Professionals-S880E/dp/B0D5M5D2XP,0.0,49.94
20261006_050540,2026-10-06T05:23:40.358783+00:00,amazon_usa,SSD,B0DMHKPC6J,"Western Digital 1TB WD Green SN3000 NVMe Internal SSD - Solid State Drive - Gen4 PCIe, M.2 2280, Up to 5,000 MB/s - WDS100T4G0E",151.08,44.06,2026-10-06,4.7,182,https://www.amazon.com/Western-Digital-Green-SN3000-Internal/dp/B0DMHKPC6J,0.0,44.06
20261006_050540,2026-10-06T05:23:40.358783+00:00,amazon_usa,SSD,B0GP8YND8T,"Sandisk Optimus GX 7100M 1TB NVMe SSD, PCIe 4.0, M.2 2230",231.66,67.56,2026-10-06,4.3,25,https://www.amazon.com/Sandisk-Optimus-7100M-NVMe-PCIe/dp/B0GP8YND8T,0.0,67.56
20261006_050540,2026-10-06T05:23:40.358783+00:00,amazon_usa,SSD,B08GJBTCF6,"Timetec 1TB SSD NVMe PCIe Gen3x4 8Gb/s M.2 2280 3D NAND High Performance SLC Cache Read/Write Speed Up to 2,000/1,600 MB/s Internal Solid State Drive for PC Laptop and Desktop (1TB)",141.03,41.13,2026-10-06,4.6,1400,https://www.amazon.com/Timetec-Gen3x4-Performance-Internal-Desktop/dp/B08GJBTCF6,0.0,41.13
20261006_050540,2026-10-06T05:23:40.358783+00:00,amazon_usa,SSD,B0DQ9K7S1Q,"Crucial P310 2280 1TB PCIe Gen4 NVMe Gaming PS5 SSD with Heatsink, Up to 7,100MB/s, PlayStation5, Laptop & Desktop (PC) Compatible, Solid State Drive - CT1000P310SSD5-01",186.33,54.34,2026-10-06,4.8,1700,https://www.amazon.com/Crucial-Heatsink-PlayStation5-Desktop-Compatible/dp/B0DQ9K7S1Q,0.0,54.34
20261006_050540,2026-10-06T05:23:40.358783+00:00,amazon_usa,SSD,B0B9Y3DB2K,TEAMGROUP MP44L 1TB SLC Cache NVMe 1.4 PCIe Gen 4x4 M.2 2280 Laptop&Desktop SSD (R/W Speed up to 5000/4500MB/s) TM8FPK001T0C101,176.28,51.41,2026-10-06,4.7,614,https://www.amazon.com/TEAMGROUP-MP44L-Laptop-Desktop-TM8FPK001T0C101/dp/B0B9Y3DB2K,0.0,51.41
20261006_050540,2026-10-06T05:23:40.358783+00:00,amazon_usa,SSD,B0CM8RVVG1,"Fanxiang 1TB NVMe SSD PCIe Gen4 M.2 Internal Gaming SSD for PS5, Up to 4800 MB/s, 3D NAND SLC Cache Solid State Drive Upgrade Storage for PC/Laptops S690Q",169.22,49.35,2026-10-06,4.4,1400,https://www.amazon.com/fanxiang-Internal-Playstation-Upgrade-S690Q/dp/B0CM8RVVG1,0.0,49.35
20261006_050540,2026-10-06T05:23:40.358783+00:00,amazon_usa,SSD,B0C9213GBX,"Lexar 1TB NM790 Internal NVMe SSD, 7400/6500 MB/s, M.2 2280, PCIe Gen 4x4",191.37,55.81,2026-10-06,4.8,1200,https://www.amazon.com/Lexar-Internal-Compatible-Creators-LNM790X001T-RNNNU/dp/B0C9213GBX,0.0,55.81
20261006_050540,2026-10-06T05:23:40.358783+00:00,amazon_usa,SSD,B0FYFGN783,"Fikwot FN960 1TB M.2 NVMe SSD PCIe Gen4 x4 2280 Internal Solid State Drive with Heatsink, Up to 5,000MB/s, Dynamic SLC Cache, Compatible with PS5 Internal SSD",171.24,49.94,2026-10-06,4.7,78,,0.0,49.94
20261006_050540,2026-10-06T05:23:40.358783+00:00,amazon_usa,SSD,B0F3BMBQ75,"WD_Black SN8100 1TB NVMe SSD - PCIe 5.0x4, M.2 2280, Up to 14,900MB/s Read Speed, up to 11,000MB/s Write Speed, Best for AI Applications, Gaming, and Video Editing - WDS100T1X0M Global Recycled Standa",246.79,71.97,2026-10-06,4.8,1000,https://www.amazon.com/WD_BLACK-SN8100-Internal-Solid-State/dp/B0F3BMBQ75,0.0,71.97
20261006_050540,2026-10-06T05:23:40.358783+00:00,amazon_usa,SSD,B0GXKN6F68,"Bestoss 1TB NVMe M.2 SSD PCIe 3.0 2280 Internal SSD, Up to 2400MB/s",142.03,41.42,2026-10-06,4.4,55,https://www.amazon.com/Bestoss-NVMe-PCIe-Internal-2400MB/dp/B0GXKN6F68,0.0,41.42
20261006_050540,2026-10-06T05:23:40.358783+00:00,amazon_usa,SSD,B0D7MLHCQ7,"Western Digital 1TB WD Blue SN5000 NVMe Internal Solid State Drive SSD - PCIe Gen 4.0, M.2 2280, Up to 5,150 MB/s - WDS100T4B0E [New Generation]",196.41,57.28,2026-10-06,4.6,2900,https://www.amazon.com/Western-Digital-SN5000-Internal-Solid/dp/B0D7MLHCQ7,0.0,57.28
20261006_050540,2026-10-06T05:23:40.358783+00:00,amazon_usa,SSD,B082BX6999,Patriot P300 M.2 PCIe Gen 3 x4 1TB Low-Power Consumption SSD,146.04,42.59,2026-10-06,4.6,5400,https://www.amazon.com/Patriot-P300-PCIe-Power-Consumption/dp/B082BX6999,0.0,42.59
20261006_050540,2026-10-06T05:23:40.358783+00:00,amazon_usa,SSD,B0B7CKVCCV,"WD_BLACK SN850X 1TB NVMe SSD - M.2 2280, Up to 7,300 MB/s Read speeds, Up to 6,300 MB/s write speeds, Gaming Expansion, High Performance Internal Solid State Drive - WDS100T2X0E",248.81,72.56,2026-10-06,4.8,6500,https://www.amazon.com/WD_BLACK-SN850X-Internal-Gaming-Solid/dp/B0B7CKVCCV,0.0,72.56
20261006_050540,2026-10-06T05:23:40.358783+00:00,amazon_usa,SSD,B0CQMX7BMK,"ORICO 1TB NVMe SSD PCIe 4.0- Up to 7000MB/s, M.2 SSD 2280 PCIe 4.0X4 Internal Solid State Drive, Fast Heat Dissipation, Compatible with macOS Windows for Gamers and Creators-O7000 (1TB)",171.24,49.94,2026-10-06,4.6,1500,https://www.amazon.com/ORICO-1TB-Dissipation-Compatible-Creators-O7000/dp/B0CQMX7BMK,0.0,49.94
20261006_050540,2026-10-06T05:23:40.358783+00:00,amazon_usa,SSD,B0DQSJYD12,"Crucial E100 1TB M.2 NVMe PCIe Gen4 Internal SSD, Up to 5,000MB/s, Laptop & Desktop Compatible - CT1000E100SSD8",142.03,41.42,2026-10-06,4.5,1000,https://www.amazon.com/Crucial-Internal-Laptop-Desktop-Compatible/dp/B0DQSJYD12,0.0,41.42
20261006_050540,2026-10-06T05:23:40.358783+00:00,amazon_usa,SSD,B0CBSSC21F,"KLEVV CRAS C910 1TB M.2 2280 NVMe PCIe Gen4x4 Laptop & Desktop Internal SSD Heatsink Included, up to 5000MB/s (K01TBM2SP0-C91)",165.21,48.18,2026-10-06,4.3,1000,https://www.amazon.com/KLEVV-Gen4x4-Internal-Heatsink-K01TBM2SP0-C91/dp/B0CBSSC21F,0.0,48.18
20261006_050540,2026-10-06T05:23:40.358783+00:00,amazon_usa,SSD,B0F43QH751,"Bestoss 1TB NVMe M.2 SSD PCIe 3.0 M.2 2280 SSD, Internal SSD,Up to 3500MB/s",156.12,45.53,2026-10-06,4.3,126,https://www.amazon.com/GM328-Internal-Students-Entertainment-Compatible/dp/B0F43QH751,0.0,45.53
20261006_050540,2026-10-06T05:23:40.358783+00:00,amazon_usa,SSD,B0H4RTJMT7,PNY CS2142 500GB PCIe Gen4 x4 NVMe M.2 2230 Internal SSD,156.12,45.53,2026-10-06,5.0,1,,0.0,45.53
20261006_050540,2026-10-06T05:23:44.508207+00:00,amazon_usa,SSD,B0BHJGV9WR,"Samsung SSD 990 PRO with Heatsink 1TB, NVMe M.2, Up to 7,450MB/s",282.07,82.26,2026-10-06,4.7,5100,https://www.amazon.com/Samsung-SSD-Heatsink-NVMe-450MB/dp/B0BHJGV9WR,0.0,82.26
20261006_050540,2026-10-06T05:23:44.508207+00:00,amazon_usa,SSD,B0H2DXH6HR,"KingSpec 1TB M.2 NVMe PCIe Gen4 SSD - Up to 7400MB/s Read, Championship Edition, 3D NAND Flash, Ideal for PS5, Gaming PC & Laptop Upgrade",155.09,45.23,2026-10-06,4.7,76,https://www.amazon.com/KingSpec-1TB-NVMe-PCIe-Gen4/dp/B0H2DXH6HR,0.0,45.23
20261006_050540,2026-10-06T05:23:44.508207+00:00,amazon_usa,SSD,B0DZ5ZK225,"Crucial P510 PCIe Gen5 NVMe 1TB SSD, Up to 11,000MB/s, TLC NAND, Laptop & Desktop (PC) Compatible, for Gamers & Creatives, Solid State Drive – CT1000P510SSD8-01",176.59,51.5,2026-10-06,4.7,1000,https://www.amazon.com/Crucial-Internal-Compatible-Desktop-Software/dp/B0DZ5ZK225,8.0,59.5
20261006_050540,2026-10-06T05:23:44.508207+00:00,amazon_usa,SSD,B0DBR9RZLV,Kingston NV3 500GB M.2 2280 NVMe SSD | PCIe 4.0 Gen 4x4 | Up to 5000 MB/s | SNV3S/500G,100.71,29.37,2026-10-06,4.7,14000,https://www.amazon.com/Kingston-500GB-2280-NVMe-PCIe-SNV3S/dp/B0DBR9RZLV,0.0,29.37
20261006_050540,2026-10-06T05:23:44.508207+00:00,amazon_usa,SSD,B0F43FF7PK,"Bestoss M.2 2280 NVMe Internal SSD 1TB Gen4,Up to 7350MB/s, SLC Cache & HMB",181.33,52.88,2026-10-06,4.6,152,https://www.amazon.com/Bestoss-Internal-Developers-Demanding-Blazing-Fast/dp/B0F43FF7PK,0.0,52.88
20261006_050540,2026-10-06T05:23:44.508207+00:00,amazon_usa,SSD,B09QV692XY,"WD_BLACK 1TB SN770 NVMe Internal Gaming SSD Solid State Drive - Gen4 PCIe, M.2 2280, Up to 5,150 MB/s - WDS100T3X0E - [Previous Generation]",276.99,80.78,2026-10-06,4.8,26200,https://www.amazon.com/WD_BLACK-SN770-Internal-Gaming-Solid/dp/B09QV692XY,0.0,80.78
20261006_050540,2026-10-06T05:23:44.508207+00:00,amazon_usa,SSD,B0CP9CXCXG,"KingSpec NX Series 1TB Gen3x4 NVMe M.2 SSD, Up to 3500MB/s, 3D NAND Flash M2 2280 Internal Solid State Drive, for Desktop and Laptop",148.78,43.39,2026-10-06,4.5,1600,https://www.amazon.com/KingSpec-Gen3x4-2280-Internal-Desktop/dp/B0CP9CXCXG,0.0,43.39
20261006_050540,2026-10-06T05:23:44.508207+00:00,amazon_usa,SSD,B0C58DL26N,"KingSpec XG7000 1TB NVMe SSD PCIe 4.0-7400MB/s Read Speed, 3D TLC NAND M.2 2280 Internal SSD, Compatible with Gaming PC, Laptop, PS5 Console",170.22,49.64,2026-10-06,4.5,1400,https://www.amazon.com/KingSpec-Gen4x4-Speed-Internal-PCIe4-0/dp/B0C58DL26N,0.0,49.64
20261006_050540,2026-10-06T05:23:44.508207+00:00,amazon_usa,SSD,B0DKF7N487,"ORICO 1TB NVMe SSD PCIe 4.0- Up to 7400MB/s, M.2 2280 PCIe 4.0X4 Internal Solid State Drive, Fast Heat Dissipation, Compatible with macOS Windows for Gamers and Creators-e7400",169.22,49.35,2026-10-06,4.7,748,https://www.amazon.com/ORICO-Internal-Dissipation-Compatible-Creators-e7400/dp/B0DKF7N487,0.0,49.35
20261006_050540,2026-10-06T05:23:44.508207+00:00,amazon_usa,SSD,B0F3XL469M,"Bestoss 1TB M.2 SSD NVMe PCIe4.0 2280 Internal Hard Drive, Up to 5000 MB/s",169.22,49.35,2026-10-06,4.3,115,https://www.amazon.com/Bestoss-NVMe-PCIe4-0-Internal-Drive/dp/B0F3XL469M,0.0,49.35
20261006_050540,2026-10-06T05:23:44.508207+00:00,amazon_usa,SSD,B0DZX2Y9BP,"Addlink S85 1TB NVMe SSD M.2 2280 PCIe 4.0 Gen4 Internal Solid State Drive, Up to 6000MB/s, HMB Technology, 3D TLC NAND, Storage Upgrade for Laptop, Desktop PC, Gaming, Creators (ad1TBS85M2P)",160.61,46.84,2026-10-06,5.0,9,https://www.amazon.com/Addlink-Expansion-Internal-Technology-Creators/dp/B0DZX2Y9BP,0.0,46.84
20261006_050540,2026-10-06T05:23:44.508207+00:00,amazon_usa,SSD,B0FBMB9374,DATO Gen4 SSD with Heatsink 1TB NVMe PCIe 4.0 M.2 2280 Up to 7200/6850MB/s High Performance SSD for Gaming Creation – Ares Dark Sword Lite,160.17,46.71,2026-10-06,4.6,29,https://www.amazon.com/DATO-Heatsink-6850MB-Performance-Creation/dp/B0FBMB9374,0.0,46.71
20261006_050540,2026-10-06T05:23:44.508207+00:00,amazon_usa,SSD,B0C36YQCX8,"fanxiang S880 NVMe SSD 1TB, PCIe 4.0 M.2 2280 Gaming SSD, 3D NAND TLC, Seq. Read Speeds UP to 7300MB/s, Dynamic SLC Cache, Internal Solid State Drive for PS5 Enthusiasts, High End Computing, Gaming",181.33,52.88,2026-10-06,4.6,3700,https://www.amazon.com/fanxiang-S880-Internal-Solid-State/dp/B0C36YQCX8,0.0,52.88
20261006_050540,2026-10-06T05:23:44.508207+00:00,amazon_usa,SSD,B0FW3Y7ZVD,PNY CS2241 1TB PCIe Gen4 x4 NVMe M.2 2280 Internal SSD Complete Upgrade Kit,168.23,49.06,2026-10-06,4.6,10,https://www.amazon.com/PNY-CS2241-PCIe-Upgrade-M280CS2241-1TBKIT-RB/dp/B0FW3Y7ZVD,0.0,49.06
20261006_050540,2026-10-06T05:23:44.508207+00:00,amazon_usa,SSD,B0DJQB48JQ,"KingSpec 1TB M.2 SSD 2280 NVMe PCIe 4.0 x4, Incredible Read up to 5000MB/s, Internal M2 PCIe SSD Compatible with Gaming Console/Desktop/Gaming Laptop",167.2,48.76,2026-10-06,4.4,122,https://www.amazon.com/KingSpec-Incredible-Internal-Compatible-Console/dp/B0DJQB48JQ,0.0,48.76
20261006_050540,2026-10-06T05:23:44.508207+00:00,amazon_usa,SSD,B0CGY95ZZF,WD Green SN350 WDS100T2G0C 1 TB Solid State Drive - M.2 2280 Internal - PCI Express NVMe (PCI Express NVMe 3.0 x4),151.08,44.06,2026-10-06,4.8,863,https://www.amazon.com/WESTERN-DIGITAL-SN350-WDS100T2G0C-Green/dp/B0CGY95ZZF,0.0,44.06
20261006_050540,2026-10-06T05:23:44.508207+00:00,amazon_usa,SSD,B0CK39YR9V,"Crucial T500 PCIe Gen4 NVMe 1TB SSD, Up to 7,300MB/s, TLC NAND, Laptop & Desktop (PC) Compatible, for Creatives and Gamers, Solid State Drive, Includes 1Mo Adobe CC – CT1000T500SSD8",276.99,80.78,2026-10-06,4.8,5500,https://www.amazon.com/Crucial-Internal-Gaming-Desktop-Compatible/dp/B0CK39YR9V,0.0,80.78
20261006_050540,2026-10-06T05:23:44.508207+00:00,amazon_usa,SSD,B0F9XN4DCC,"Crucial T710 PCIe Gen5 NVMe 1TB SSD, Up to 14,900 MB/s, Laptop & Desktop Compatible (PC), for Creatives and Hardcore Gamers, Solid State Drive, Includes 1Mo Adobe CC – CT1000T710SSD8-01",266.95,77.85,2026-10-06,4.6,826,https://www.amazon.com/Internal-Compatible-Software-Mac-OS-X/dp/B0F9XN4DCC,0.0,77.85
20261006_050540,2026-10-06T05:23:44.508207+00:00,amazon_usa,SSD,B0BZJHXCCH,Dell SSD 1TB Class 40 M.2 2280 NVMe PCIe 3.0 Gen 3x4 Solid State Drive SNP112P/1TB AA615520,196.45,57.29,2026-10-06,4.6,37,https://www.amazon.com/Dell-1TB-Class-SNP112P-AA615520/dp/B0BZJHXCCH,0.0,57.29
20261006_050540,2026-10-06T05:23:44.508207+00:00,amazon_usa,SSD,B0CXXVF3N2,"Fikwot FX660 1TB M.2 SSD, PCIe Gen 4x4 Dynamic SLC Cache - Speeds up to 4800MB/s M.2 2280 NVMe Internal SSD, Upgrade Storage for PC Computer, Laptop and PS5",161.16,47.0,2026-10-06,4.5,498,https://www.amazon.com/Fikwot-FX660-PCIe-Dynamic-Cache/dp/B0CXXVF3N2,0.0,47.0
20261006_050540,2026-10-06T05:23:44.508207+00:00,amazon_usa,SSD,B09YRY5MDC,"ADATA SSD Legend 710 M.2 1TB PCIe Gen3 x4 M.2 2280 Solid State Drive, Design for Creator Gaming, Read Speed up to 2,400 MB/s, 3D NAND, LDPC, AES 256-bit Encryption",146.04,42.59,2026-10-06,4.8,98,https://www.amazon.com/ADATA-Legend-PCIe-Gen4x4-2280/dp/B09YRY5MDC,0.0,42.59
20261006_050540,2026-10-06T05:23:44.508207+00:00,amazon_usa,SSD,B0HDP2XNQL,"1TB M.2 2280 NVMe PCIe 3.0 SSD, Up to 2200MB/s for Laptop & Desktop",141.03,41.13,2026-10-06,0.0,0,https://www.amazon.com/GUDGA-2280-2200MB-Laptop-Desktop/dp/B0HDP2XNQL,0.0,41.13
20261006_050540,2026-10-06T05:23:48.933854+00:00,amazon_usa,SSD,B0GJDCLR6R,"Sandisk Optimus GX PRO 850X 1TB NVMe SSD, PCIe 4.0, M.2 2280",221.62,64.63,2026-10-06,3.6,12,https://www.amazon.com/Sandisk-Optimus-Internal-Solid-State/dp/B0GJDCLR6R,0.0,64.63
20261006_050540,2026-10-06T05:23:48.933854+00:00,amazon_usa,SSD,B0CSFQ24W2,TEAMGROUP T-Force G50 512GB SLC Caching 3D TLC NAND NVMe InnoGrit PCIe Gen4x4 M.2 2280 Gaming SSD with Ultra-Thin Graphene Heat Spreader Works with PS5 Read/Write 5000/2500 MB/s TM8FFE512G0C129,95.7,27.91,2026-10-06,4.7,277,https://www.amazon.com/TEAMGROUP-TM8FFE512G0C129-SSD/dp/B0CSFQ24W2,0.0,27.91
20261006_050540,2026-10-06T05:23:48.933854+00:00,amazon_usa,SSD,B0DZT6F4QZ,"Aiibe 1TB NVMe M.2 SSD Internal Solid State Drive PCIe 4.0 M.2 2280 1TB SSD Read Speeds Up to 7450MB/s for Laptop, PC, Gaming, Video Editing, PS5",181.33,52.88,2026-10-06,4.3,64,https://www.amazon.com/Aiibe-X16Plus-Internal-Upgrade-Storage/dp/B0DZT6F4QZ,0.0,52.88
20261006_050540,2026-10-06T05:23:48.933854+00:00,amazon_usa,SSD,B0DM9341L3,Crucial P310 1TB 232L Micron QLC NAND PCIE GEN 4 X4 NVME M.2 Internal SSD,186.33,54.34,2026-10-06,4.6,104,https://www.amazon.com/Crucial-P310-NVMe-PCIe-Internal/dp/B0DM9341L3,8.0,62.34
20261006_050540,2026-10-06T05:23:48.933854+00:00,amazon_usa,SSD,B0F9T2R6MQ,"KOOTION 1TB NVMe Internal SSD PCIe 3.0, M.2 2280 NVMe Gen 3 Internal Solid State Drive Up to 3500MB/s, Less Heat for PC/Laptop",151.08,44.06,2026-10-06,4.4,60,https://www.amazon.com/KOOTION-Internal-Solid-3500MB-Laptop/dp/B0F9T2R6MQ,0.0,44.06
20261006_050540,2026-10-06T05:23:48.933854+00:00,amazon_usa,SSD,B0BZHBXTRY,Dell SSD 1TB Class 35 M.2 2230 NVMe PCIe 4.0 Gen 4x4 Solid State Drive SNP223G43/1TB AC280179,322.29,93.99,2026-10-06,4.7,16,https://www.amazon.com/Dell-Class-Solid-SNP223G43-AC280179/dp/B0BZHBXTRY,0.0,93.99
20261006_050540,2026-10-06T05:23:48.933854+00:00,amazon_usa,SSD,B0CN1M7X89,"SANDISK 1TB Extreme M.2 NVMe SSD - PCIe Gen 4.0, Up to 5,150 MB/s - Internal Solid State Drive - SDSSDX3N-1T00-G26",181.33,52.88,2026-10-06,4.5,438,https://www.amazon.com/SanDisk-1TB-Extreme-M-2-NVMe-SDSSDX3N-1T00-G26/dp/B0CN1M7X89,0.0,52.88
20261006_050540,2026-10-06T05:23:48.933854+00:00,amazon_usa,SSD,B09DVQQL9G,"Western Digital 1TB WD Green SN350 NVMe Internal SSD Solid State Drive - Gen3 PCIe, QLC, M.2 2280, Up to 3,200 MB/s - WDS100T3G0C",171.24,49.94,2026-10-06,4.7,12900,https://www.amazon.com/Western-Digital-Green-SN350-Internal/dp/B09DVQQL9G,0.0,49.94
20261006_050540,2026-10-06T05:23:48.933854+00:00,amazon_usa,SSD,B0DWFPX4YN,"1TB NVMe SSD M.2 PCIe4.0 Gen 4×4, M.2 2280 Internal Gaming SSD, Seq. Up to 5,100 MB/s, SLC Cache 3D NAND TLC Internal Solid State Drive Compatible with PS5, Laptop, PC Desktops",150.09,43.77,2026-10-06,4.6,71,https://www.amazon.com/RONGSHU-PCIe4-0-Internal-Compatible-Desktops/dp/B0DWFPX4YN,0.0,43.77
20261006_050540,2026-10-06T05:23:48.933854+00:00,amazon_usa,SSD,B0FH6N7CCQ,"fanxiang S790R 1TB NVMe M.2 SSD PCIe 4.0 x4, Internal Solid State Drive with RGB Heatsink, Up to 7450MB/s, 3D NAND TLC, PS5 Compatible, Ideal for Gaming, Creators & Professionals",191.37,55.81,2026-10-06,4.9,14,https://www.amazon.com/fanxiang-Internal-Heatsink-Compatible-Professionals/dp/B0FH6N7CCQ,0.0,55.81
20261006_050540,2026-10-06T05:23:48.933854+00:00,amazon_usa,SSD,B0FLB5YXLD,Patriot P410 1TB PCIe Gen 4x4 M.2 2280 SSD,166.2,48.47,2026-10-06,4.6,26,https://www.amazon.com/Patriot-P410-1TB-Internal-SSD/dp/B0FLB5YXLD,0.0,48.47
20261006_050540,2026-10-06T05:23:48.933854+00:00,amazon_usa,SSD,B0GTZ4HX1P,"1TB M.2 NVMe SSD 2280, PCIe Gen3 x4 Internal Solid State Drive, Up to 3200MB/s, 3D NAND Flash with SLC Cache, High-Speed Storage Upgrade for Laptop & Desktop PC",151.08,44.06,2026-10-06,4.2,6,https://www.amazon.com/Lufasnd-Internal-High-Speed-Storage-Upgrade/dp/B0GTZ4HX1P,0.0,44.06
20261006_050540,2026-10-06T05:23:48.933854+00:00,amazon_usa,SSD,B0D1R7NBB6,"KingSpec SSD 1TB, M.2 NVMe Gen3x4 SSD 2280 - Up to 2400MB/s, Internal Solid State Drive with 3D NAND Flash, Compatible with Desktop and Laptop",144.02,42.0,2026-10-06,4.6,1700,https://www.amazon.com/KingSpec-SSD-NVMe-Gen3x4-2280/dp/B0D1R7NBB6,0.0,42.0
20261006_050540,2026-10-06T05:23:48.933854+00:00,amazon_usa,SSD,B0FD2LGBZF,Kingston NV3 1TB M.2 2230 NVMe SSD | Up to 6000MB/s | SNV3SM3/1T0,224.53,65.48,2026-10-06,4.7,392,https://www.amazon.com/Kingston-NV3-2230-NVMe-6000MB-SNV3SM3/dp/B0FD2LGBZF,0.0,65.48
20261006_050540,2026-10-06T05:23:48.933854+00:00,amazon_usa,SSD,B0D61Z8R1W,"Crucial P310 1TB M.2 2230 SSD, PCIe Gen4 NVMe, Up to 7,100MB/s, Internal Solid State Drive, Ideal for Steam Deck, ASUS ROG Ally, MSI Claw, Mini PCs & Ultrabooks - CT1000P310SSD2",251.86,73.45,2026-10-06,4.7,2200,https://www.amazon.com/Crucial-2024-P310-PCIe-Gen4/dp/B0D61Z8R1W,0.0,73.45
20261006_050540,2026-10-06T05:23:48.933854+00:00,amazon_usa,SSD,B0B7CQ2CHH,"WD_BLACK SN850X 4TB NVMe SSD - M.2 2280, Up to 7,300 MB/s Read speeds, Up to 6,300 MB/s write speeds, Gaming Expansion, High Performance Internal Solid State Drive - WDS400T2X0E",705.14,205.64,2026-10-06,4.7,3700,https://www.amazon.com/WD_BLACK-SN850X-Internal-Gaming-Solid/dp/B0B7CQ2CHH,0.0,205.64
20261006_050540,2026-10-06T05:23:48.933854+00:00,amazon_usa,SSD,B0DDN9CJCK,"DATO M.2 2230 SSD 1TB, PCIe Gen 4x4 NVMe Internal Solid State Drive with Aluminum Heatsink, Compatible with Steam Deck, ROG Ally, Surface Pro, Mini PCs, Ultrabook, Up to 5000/3200 MB/s - ARES ARS430",205.5,59.93,2026-10-06,4.6,103,https://www.amazon.com/DATO-Internal-Aluminum-Compatible-Ultrabook/dp/B0DDN9CJCK,0.0,59.93
20261006_050540,2026-10-06T05:23:48.933854+00:00,amazon_usa,SSD,B0GJ2T4RRD,"Bestoss 1TB PCIe Gen4 NVMe M.2 2280 SSD with Heatsink,PS5 Storage,7350MB/s",196.41,57.28,2026-10-06,4.7,96,https://www.amazon.com/Bestoss-PCIe-Heatsink-Storage-7350MB/dp/B0GJ2T4RRD,0.0,57.28
20261006_050540,2026-10-06T05:23:48.933854+00:00,amazon_usa,SSD,B08BLQV2JS,Team Group TM8FP6001T0C101 MP33 M.2 2280 1TB PCIe 3.0 x 4 with NVMe 1.3 3D NAND Internal Solid State Drive,138.46,40.38,2026-10-06,4.5,88,https://www.amazon.com/TEAMGROUP-Solid-State-Drive-Gen3x4/dp/B08BLQV2JS,0.0,40.38
20261006_050540,2026-10-06T05:23:48.933854+00:00,amazon_usa,SSD,B0GLQNWQR6,KIOXIA SSD 1TB M.2 2230 30mm NVMe PCIe 4.0 Gen 4 x 4 EG6 (OEM),230.67,67.27,2026-10-06,4.5,113,https://www.amazon.com/KIOXIA-2230-30mm-NVMe-PCIe/dp/B0GLQNWQR6,0.0,67.27
20261006_050540,2026-10-06T05:23:48.933854+00:00,amazon_usa,SSD,B0DZX42SD7,"fanxiang 1TB M.2 2230 NVMe SSD, PCIe Gen 4x4 Speed up to 5000 MB/s, 2230 SSD Compatible with Steam Deck/ROG Ally/Microsoft Surface Pro/Mini PCs, S630",201.45,58.75,2026-10-06,4.7,263,https://www.amazon.com/fanxiang-Speed-Compatible-Microsoft-Surface/dp/B0DZX42SD7,0.0,58.75
20261006_050540,2026-10-06T05:23:53.710603+00:00,amazon_usa,SSD,B0CNSVG1QB,"fanxiang S501Q SSD 1TB PCle 3.0x4 Internal Solid State Drive, NVMe M.2 2280 Internal Solid State Drive, SLC Cache 3D NAND Up to 3200MB/s for Laptop and PC Desktops",151.08,44.06,2026-10-06,4.6,1000,https://www.amazon.com/fanxiang-S501Q-Internal-3600MB-Desktops/dp/B0CNSVG1QB,0.0,44.06
20261006_050540,2026-10-06T05:23:53.710603+00:00,amazon_usa,SSD,B0BR7PJGQY,Vansuny 1TB NVMe M.2 Internal Solid State Drive PCIe 3.0 TLC M.2 SSD 3D NAND 2280 Speed up to 3400/2900MB/s Internal Solid State Hard Drive PCIe SSD,152.11,44.36,2026-10-06,4.5,199,https://www.amazon.com/Vansuny-Internal-Solid-State-2100MB/dp/B0BR7PJGQY,0.0,44.36
20261006_050540,2026-10-06T05:23:53.710603+00:00,amazon_usa,SSD,B0B7CPSN2K,"WD_BLACK SN850X 1TB NVMe SSD with Heatsink - M.2 2280, Up to 7,300 MB/s Read speeds, Up to 6,300 MB/s write speeds, Gaming Expansion, High Performance Internal Solid State Drive - WDS100T2XHE",269.97,78.73,2026-10-06,4.8,6800,https://www.amazon.com/WD_BLACK-SN850X-Internal-Gaming-Heatsink/dp/B0B7CPSN2K,0.0,78.73
20261006_050540,2026-10-06T05:23:53.710603+00:00,amazon_usa,SSD,B0C48B3RGL,"WD_BLACK 1TB SN850P NVMe M.2 SSD Officially Licensed Storage Expansion for PS5 Consoles, up to 7,300MB/s, with heatsink - WDBBYV0010BNC-WRSN",241.74,70.5,2026-10-06,4.8,11200,https://www.amazon.com/Western-Digital-Officially-Licensed-Expansion/dp/B0C48B3RGL,0.0,70.5
20261006_050540,2026-10-06T05:23:53.710603+00:00,amazon_usa,SSD,B0BPXQ9BDV,"Samsung 990 PRO 1TB PCIe Gen 4.0 x4 (Maximum Transfer Rate 7,450MB/s) NVMe M.2 (2280) Internal SSD MZ-V9P1T0B-IT/EC",222.64,64.93,2026-10-06,4.7,151,https://www.amazon.com/Samsung-Transfer-Internal-MZ-V9P1T0B-EC/dp/B0BPXQ9BDV,8.0,72.93
20261006_050540,2026-10-06T05:23:53.710603+00:00,amazon_usa,SSD,B0G56GMBW2,"JS890 SSD 1TB, PCIe Gen3 NVMe M.2 2280, Up to 3000MB/s",141.03,41.13,2026-10-06,4.3,38,https://www.amazon.com/ALYNCE-JS890-NVMe-Gen3x4-2280/dp/B0G56GMBW2,0.0,41.13
20261006_050540,2026-10-06T05:23:53.710603+00:00,amazon_usa,SSD,B0F4425DTW,"Kingston FURY Renegade G5 1024GB NVMe SSD | PCIe 5.0 M.2 2280 | Up to 14,8000MB/s | SFYR2S/1T0",251.83,73.44,2026-10-06,4.7,139,https://www.amazon.com/Kingston-Fury-Renegade-1024GB-SFYR2S-standard/dp/B0F4425DTW,0.0,73.44
20261006_050540,2026-10-06T05:23:53.710603+00:00,amazon_usa,SSD,B0BRQRSM3K,INLAND TN320 1TB NVMe M.2 PCIe Gen3x4 2280 Internal Solid State Drive SSD,176.28,51.41,2026-10-06,4.5,81,https://www.amazon.com/INLAND-TN320-Gen3x4-Internal-Solid/dp/B0BRQRSM3K,0.0,51.41
20261006_050540,2026-10-06T05:23:53.710603+00:00,amazon_usa,SSD,B0FJ1GGGR7,INLAND TN510 1TB NVMe SSD PCIe 5.0 Gen5x4 Internal Solid State Drive,191.37,55.81,2026-10-06,4.3,7,https://www.amazon.com/INLAND-TN510-Internal-Solid-State/dp/B0FJ1GGGR7,0.0,55.81
20261006_050540,2026-10-06T05:23:53.710603+00:00,amazon_usa,SSD,B0F94211C5,"Fikwot FN990 1TB NVMe SSD M.2 2280 PCIe Gen4x4 with RGB Heatsink, Up to 7400MB/s, 3D NAND TLC, Internal Gaming Solid State Drive for PS5 & Desktop",191.37,55.81,2026-10-06,4.8,58,https://www.amazon.com/Fikwot-FN990-Heatsink-Internal-Desktop/dp/B0F94211C5,0.0,55.81
20261006_050540,2026-10-06T05:23:53.710603+00:00,amazon_usa,SSD,B0H6M28M2R,Sandisk Optimus GX PRO 850P 1TB NVMe M.2 2280 SSD for PS5 Consoles,311.87,90.95,2026-10-06,4.7,8,https://www.amazon.com/Sandisk-Optimus-850P-NVMe-Consoles/dp/B0H6M28M2R,0.0,90.95
20261006_050540,2026-10-06T05:23:53.710603+00:00,amazon_usa,SSD,B0F3776YTK,"RAOYI 1TB NVMe Internal Solid State Drive M.2 2280 PCIe Gen4x4 SSD, Up to 5000MB/s, Configure SLC Cache, Storage and Memory Expansion for PS5 Laptop Desktop",173.27,50.53,2026-10-06,4.4,37,https://www.amazon.com/RAOYI-Internal-Configure-Storage-Expansion/dp/B0F3776YTK,0.0,50.53
20261006_050540,2026-10-06T05:23:53.710603+00:00,amazon_usa,SSD,B0D2K6PJJW,"Transcend 1TB MTE410S PCIe 4.0 M.2 2242 SSD, 5000MB/s, for Lenovo Legion Go",282.04,82.25,2026-10-06,4.7,97,https://www.amazon.com/Transcend-MTE410S-5000MB-Lenovo-Legion/dp/B0D2K6PJJW,0.0,82.25
20261006_050540,2026-10-06T05:23:53.710603+00:00,amazon_usa,SSD,B0DYMKRV1M,msi SPATIUM M450 PCIe 4.0 NVMe M.2 1TB V1 Internal Gaming SSD up to 3400MB/s 3D NAND,171.59,50.04,2026-10-06,4.5,13,https://www.amazon.com/SPATIUM-M450-PCIe-Internal-Gaming-3400MB/dp/B0DYMKRV1M,8.0,58.04
20261006_050540,2026-10-06T05:23:53.710603+00:00,amazon_usa,SSD,B0GBR9SHZB,"1TB PCIe Gen3.0x4 NVMe SSD, M.2 2280 3D TLC, Up to 3500MB/s",171.24,49.94,2026-10-06,4.6,64,https://www.amazon.com/OSCOO-PCIe-Gen3-0x4-NVMe-3500MB/dp/B0GBR9SHZB,0.0,49.94
20261006_050540,2026-10-06T05:23:53.710603+00:00,amazon_usa,SSD,B0CVVSBM98,INLAND TN470 1TB NVMe SSD PCIe 4.0 Gen4x4 Internal Gaming Solid State Drive,191.37,55.81,2026-10-06,4.8,41,https://www.amazon.com/Inland-TN470-Internal-Storage-Desktop/dp/B0CVVSBM98,0.0,55.81
20261006_050540,2026-10-06T05:23:53.710603+00:00,amazon_usa,SSD,B0B55SWRCY,"fanxiang S500 Pro 256GB NVMe SSD M.2 PCIe 3.0, Gen 3x4 2280 Internal Solid State Drive, SLC Cache 3D NAND TLC, Up to 3000MB/s, Compatible with Laptop and PC Desktops(Black)",57.4,16.74,2026-10-06,4.5,6300,https://www.amazon.com/fanxiang-S500-Pro-Internal-Compatible/dp/B0B55SWRCY,0.0,16.74
20261006_050540,2026-10-06T05:23:53.710603+00:00,amazon_usa,SSD,B0F3XLCMPZ,"Acer Predator GM9000 1TB SSD, PCIe Gen5x4 NVMe M.2 SSD, Up to 14,000MB/s, SLC + DRAM Cache, PCIe 5.0 Internal Solid State Drive, Compatible with Desktops Laptop PC AI Work",231.66,67.56,2026-10-06,4.6,40,https://www.amazon.com/Predator-GM9000-Internal-Compatible-Desktops/dp/B0F3XLCMPZ,0.0,67.56
20261006_050540,2026-10-06T05:23:53.710603+00:00,amazon_usa,SSD,B0CK2S298S,"Crucial T500 1TB PCIe Gen4 NVMe Gaming PS5 SSD with Heatsink, Up to 7,300MB/s, TLC NAND, PlayStation 5 Compatible, Laptop, & Desktop (PC), Solid State Drive, Includes 1Mo Adobe CC – CT1000T500SSD5",226.59,66.08,2026-10-06,4.8,2700,https://www.amazon.com/Crucial-Internal-Playstation-Compatible-CT1000T500SSD5/dp/B0CK2S298S,0.0,66.08
20261006_050540,2026-10-06T05:23:53.710603+00:00,amazon_usa,SSD,B0DV3C5HQH,Crucial P310 - SSD - 1TB - Internal - M.2 2280 - PCIe 4.0 x4 (NVMe) - Integrated Heatsink,176.28,51.41,2026-10-06,4.3,26,https://www.amazon.com/Crucial-P310-Internal-Integrated-Heatsink/dp/B0DV3C5HQH,0.0,51.41
20261006_050540,2026-10-06T05:23:53.710603+00:00,amazon_usa,SSD,B0CCD6T788,"Silicon Power 1TB US75 Nvme PCIe Gen4 M.2 2280 SSD R/W Up to 7,000/6,000 MB/s Compatible with PlayStation 5 (SP01KGBP44US7505)",191.37,55.81,2026-10-06,4.6,1000,https://www.amazon.com/Silicon-Power-Compatible-Playstation-SP01KGBP44US7505/dp/B0CCD6T788,0.0,55.81
20261006_050540,2026-10-06T05:24:08.842043+00:00,amazon_usa,MOTHERBOARD,B0DGWNVCHL,"ASUS TUF Gaming Z890-PLUS WiFi Z890 LGA 1851 ATX Motherboard, Intel® Core™ Ultra Series 2 Ready, Advanced AI PC-Ready, 16+1+2+1 Stages, DDR5, PCIe® 5.0, Thunderbolt™ 4 Type-C®, 4X M.2, Wi-Fi 7, 2.5Gb",236.74,69.04,2026-10-06,4.2,121,https://www.amazon.com/ASUS-TUF-Z890-PLUS-Motherboard-ThunderboltTM/dp/B0DGWNVCHL,0.0,69.04
20261006_050540,2026-10-06T05:24:08.842043+00:00,amazon_usa,MOTHERBOARD,B0DGWRK1PN,"ASUS ROG Strix Z890-E Gaming WiFi Intel® Z890 LGA 1851 ATX Motherboard, Advanced AI PC-Ready, 18+2+1+2 Stages, DDR5, WiFi 7, 7X M.2, Thunderbolt™ 4, USB Type-C®, AI Overclocking, Cooling & Networking",376.74,109.87,2026-10-06,4.4,145,https://www.amazon.com/ASUS-ROG-Z890-ThunderboltTM-Overclocking/dp/B0DGWRK1PN,0.0,109.87
20261006_050540,2026-10-06T05:24:08.842043+00:00,amazon_usa,MOTHERBOARD,B0DGWHZKMC,"ASUS ROG STRIX Z890-A GAMING WIFI Z890 LGA 1851 ATX motherboard, Intel® Core™ Ultra Series 2 Ready, Advanced AI PC-ready, 16+2+1+2 stages, DDR5, WiFi 7, 2.5G, 5x M.2, Thunderbolt™ 4, USB Type-C, AI OC",276.0,80.49,2026-10-06,4.3,129,https://www.amazon.com/ASUS-ROG-STRIX-GAMING-WIFI/dp/B0DGWHZKMC,0.0,80.49
20261006_050540,2026-10-06T05:24:08.842043+00:00,amazon_usa,MOTHERBOARD,B0DTCR75Z3,"ASUS ROG Strix Z890-H Gaming WiFi Z890 LGA 1851 ATX Motherboard, Intel® Core™ Ultra Series 2 Ready, Advanced AI PC-Ready, 16+2+1+2 Stages, DDR5, 5Gb LAN, WiFi 7, 4X M.2, PCIe 5.0, USB Type-C®, AI OC",221.62,64.63,2026-10-06,4.4,58,https://www.amazon.com/ASUS-ROG-Z890-H-Motherboard-Advanced/dp/B0DTCR75Z3,0.0,64.63
20261006_050540,2026-10-06T05:24:08.842043+00:00,amazon_usa,MOTHERBOARD,B0DGW9S82G,"ASUS ProArt Z890-CREATOR WIFI Z890 LGA 1851 ATX Motherboard, Intel® Core™ Ultra Processor Series 2 Ready, 16+2+1+2 stages, PCIe® 5.0, DDR5, Thunderbolt™ 5 Type-C®, 10+2.5 Gb LAN, WiFi 7, 5x M.2, AI OC",452.29,131.9,2026-10-06,4.4,103,https://www.amazon.com/ASUS-Z890-CREATOR-WIFI-Motherboard-ThunderboltTM/dp/B0DGW9S82G,0.0,131.9
20261006_050540,2026-10-06T05:24:08.842043+00:00,amazon_usa,MOTHERBOARD,B0H2B5NTL5,"MAG Z890 Tomahawk WiFi II Motherboard, ATX - Supports Intel Core Ultra Processors (Series 2), LGA 1851 - DDR5 Memory Boost 4 x DDR5 (9200+ MT/s OC), 1 x PCIe 5.0 x16, 1 x M.2 Gen5, 5G LAN, Wi-Fi 7",231.66,67.56,2026-10-06,4.1,24,https://www.amazon.com/MAG-Z890-Tomahawk-II-Motherboard/dp/B0H2B5NTL5,0.0,67.56
20261006_050540,2026-10-06T05:24:08.842043+00:00,amazon_usa,MOTHERBOARD,B0H1JNLST2,"Z890 Gaming Plus WIFI6E Motherboard, ATX-Supports Intel Core Ultra Processors (Series 2), LGA 1851 - DDR5 Memory Boost (Up to 9200+MT/s OC), 1 x PCIe 5.0 x16, 1 x M.2 Gen5, Intel Killer 5G LAN, Wi-Fi",191.37,55.81,2026-10-06,4.1,9,https://www.amazon.com/Z890-WIFI6E-Motherboard-ATX-Supports-Processors/dp/B0H1JNLST2,0.0,55.81
20261006_050540,2026-10-06T05:24:08.842043+00:00,amazon_usa,MOTHERBOARD,B0DJP95MGB,"GIGABYTE Z890 AORUS Elite WIFI7 Intel Core Ultra (Series 2) LGA 1851 Motherboard, ATX, DDR5, 4X M.2, PCIe 5.0, Thunderbolt 4, 2.5GbE LAN, EZ-Latch",266.88,77.83,2026-10-06,4.5,119,https://www.amazon.com/GIGABYTE-Z890-AORUS-WIFI7-Motherboard/dp/B0DJP95MGB,0.0,77.83
20261006_050540,2026-10-06T05:24:08.842043+00:00,amazon_usa,MOTHERBOARD,B0CRDMX2SV,"ASUS Prime Z890M-PLUS WiFi Z890 LGA 1851 mATX Motherboard, Intel® Core™ Ultra Series 2 Ready, Advanced AI PC-Ready, 10+1+2+1 80A Power Stages, DDR5, PCIe® 5.0, USB Type-C®, 3X M.2, Wi-Fi 7, 2.5Gb LAN",189.38,55.23,2026-10-06,4.0,28,https://www.amazon.com/ASUS-PRIME-Z890M-PLUS-WIFI-Prime/dp/B0CRDMX2SV,0.0,55.23
20261006_050540,2026-10-06T05:24:08.842043+00:00,amazon_usa,MOTHERBOARD,B0DGWWRTPV,"ASUS ROG Maximus Z890 Hero Intel® Z890 LGA 1851 ATX Motherboard, Advanced AI PC-Ready, 22+2+1+2 Stages, DDR5, WiFi 7, 3X PCIe® 5.0 M.2, Thunderbolt™ 4, USB Type-C®, AI Overclocking/Cooling/Networking",437.16,127.49,2026-10-06,4.3,145,https://www.amazon.com/ASUS-ROG-Z890-ThunderboltTM-Overclocking/dp/B0DGWWRTPV,0.0,127.49
20261006_050540,2026-10-06T05:24:08.842043+00:00,amazon_usa,MOTHERBOARD,B0DQVRTTQ4,"ASUS Pro WS Z890-ACE SE Z890 LGA 1851 ATX Motherboard, Intel® Core™ Ultra Series 2 Ready, Advanced AI PC-Ready, PCIe® 5.0, DDR5, 10G & 2.5G LAN, 4X M.2, USB 20Gbps, Thunderbolt™ 4, onboard BMC, AI OC",455.51,132.84,2026-10-06,3.3,4,https://www.amazon.com/ASUS-WS-Z890-ACE-Motherboard-ThunderboltTM/dp/B0DQVRTTQ4,0.0,132.84
20261006_050540,2026-10-06T05:24:08.842043+00:00,amazon_usa,MOTHERBOARD,B0DTCPWTG7,"ASUS Z890 AYW Gaming WiFi W ATX Z890 Motherboard, Intel Core Ultra Series 2 Ready, Advanced AI PC-Ready, 16+1+2+1 Levels, DDR5, PCIe 5.0, Thunderbolt 4, USB Type-C, 4X M.2, Wi-Fi 7, 2.5GB LAN",181.33,52.88,2026-10-06,4.1,28,https://www.amazon.com/ASUS-Z890-AYW-Motherboard-ThunderboltTM/dp/B0DTCPWTG7,0.0,52.88
20261006_050540,2026-10-06T05:24:08.842043+00:00,amazon_usa,MOTHERBOARD,B0DJQ38QP1,ASRock Intel Core Ultra Z890 Pro RS ATX Motherboard LGA1851 RL-ILM DDR5 8666 MHz 256 GB M.2 PCIe 5.0 Thunderbolt,171.24,49.94,2026-10-06,4.6,12,https://www.amazon.com/ASRock-Z890-RS-Motherboard-Thunderbolt/dp/B0DJQ38QP1,0.0,49.94
20261006_050540,2026-10-06T05:24:08.842043+00:00,amazon_usa,MOTHERBOARD,B0DJP9LCYC,"GIGABYTE Z890 AORUS Master Intel Core Ultra (Series 2) LGA 1851 Motherboard, ATX, DDR5, 5X M.2, PCIe 5.0, Thunderbolt 4, WIFI7, 10GbE LAN, EZ-Latch",334.09,97.43,2026-10-06,4.2,49,https://www.amazon.com/GIGABYTE-Z890-AORUS-Motherboard-Thunderbolt/dp/B0DJP9LCYC,0.0,97.43
20261006_050540,2026-10-06T05:24:08.842043+00:00,amazon_usa,MOTHERBOARD,B0DPY5WKGF,"msi PRO Z890-S WiFi White Motherboard, ATX - Supports Intel Core Ultra Processors (Series 2), LGA 1851 - DDR5 Memory Boost (8600+ MT/s OC), PCIe 5.0 x16 & 4.0 x16, M.2 Gen5, Wi-Fi 7, 2.5G LAN",201.45,58.75,2026-10-06,4.3,45,https://www.amazon.com/MSI-Z890-S-WiFi-White-Motherboard/dp/B0DPY5WKGF,0.0,58.75
20261006_050540,2026-10-06T05:24:08.842043+00:00,amazon_usa,MOTHERBOARD,B0DJP8NFWP,"GIGABYTE Z890 AORUS PRO ICE Intel Core Ultra (Series 2) LGA 1851 Motherboard, ATX, DDR5, 5X M.2, PCIe 5.0, Thunderbolt 4, WIFI7, 5GbE LAN, EZ-Latch",231.63,67.55,2026-10-06,3.9,28,https://www.amazon.com/GIGABYTE-Z890-AORUS-PRO-ICE/dp/B0DJP8NFWP,0.0,67.55
20261006_050540,2026-10-06T05:24:08.842043+00:00,amazon_usa,MOTHERBOARD,B0DJPY6CZX,ASRock Intel Core Ultra Phantom Gaming Z890 Riptide WiFi 7 ATX Motherboard DDR5 9066 MHz 256 GB LGA1851 RL-ILM M.2 PCIe 5.0,171.24,49.94,2026-10-06,2.5,7,https://www.amazon.com/ASRock-Phantom-Z890-Riptide-Motherboard/dp/B0DJPY6CZX,0.0,49.94
20261006_050540,2026-10-06T05:24:08.842043+00:00,amazon_usa,MOTHERBOARD,B0DJP8Q6JK,"GIGABYTE Z890M AORUS Elite WIFI7 ICE Ultra Core (Series 2) LGA 1851, ATX, DDR5, 3X M.2, PCIe 5.0, Thunderbolt 4, WIFI7, 2.5GbE LAN, EZ-Latch",211.54,61.69,2026-10-06,3.8,46,https://www.amazon.com/GIGABYTE-Z890M-AORUS-WIFI7-ICE/dp/B0DJP8Q6JK,0.0,61.69
20261006_050540,2026-10-06T05:24:08.842043+00:00,amazon_usa,MOTHERBOARD,B0DJPTRFN6,"msi MPG Z890 Carbon WiFi Gaming Motherboard (Support Core Ultra Series 2 Intel Processors, LGA 1851, DDR5, PCIe 5.0, M.2, SATA, 5Gbps LAN, USB Type-C, Wi-Fi 7, Bluetooth 5.4, Thunderbolt 4, ATX)",352.57,102.82,2026-10-06,4.2,48,https://www.amazon.com/MSI-MPG-Z890-Motherboard-Thunderbolt/dp/B0DJPTRFN6,0.0,102.82
20261006_050540,2026-10-06T05:24:08.842043+00:00,amazon_usa,MOTHERBOARD,B0DJN5Q427,ASRock Intel Core Ultra Z890 Nova WiFi 7 Phantom Gaming ATX Motherboard Thunderbolt LGA1851 RL-ILM DDR5 9200 MHZ 256 GB,181.33,52.88,2026-10-06,3.7,13,https://www.amazon.com/ASRock-Z890-Phantom-Motherboard-Thunderbolt/dp/B0DJN5Q427,0.0,52.88
20261006_050540,2026-10-06T05:24:08.842043+00:00,amazon_usa,MOTHERBOARD,B0GYFXTDT6,"msi Z890 Gaming Plus WiFi Motherboard,ATX-Supports Core Ultra Series 2 Intel,LGA 1851,DDR5,PCIe 5.0,M.2,SATA,5Gbps LAN,USB C,WiFi 7,Bluetooth 5.4,Thunderbolt 4+HIGH-Speed DDR5 RAM 16GB(1x16GB) Bundle",398.86,116.32,2026-10-06,4.2,12,https://www.amazon.com/Z890-Gaming-Plus-Motherboard-ATX-Supports/dp/B0GYFXTDT6,0.0,116.32
20261006_050540,2026-10-06T05:24:08.842043+00:00,amazon_usa,MOTHERBOARD,B0DGWTQWL3,"ASUS PRIME Z890-P WIFI Z890 LGA 1851 ATX motherboard, Intel® Core™ Ultra Series 2 Ready, Advanced AI PC-ready, 14+1+1+2 power stage, DDR5, PCIe® 5.0, Thunderbolt™ 4 USB Type-C®, 4x M.2, Wi-Fi 7, 2.5Gb",231.66,67.56,2026-10-06,4.4,68,https://www.amazon.com/ASUS-PRIME-Z890-P-WIFI-ThunderboltTM/dp/B0DGWTQWL3,0.0,67.56
20261006_050540,2026-10-06T05:24:08.842043+00:00,amazon_usa,MOTHERBOARD,B0GV17GF1T,"GIGABYTE Z890 Eagle WIFI7 Plus Intel LGA 1851 ATX Motherboard, Support Core Ultra (Series 2), DDR5, 14+1+2 Power Phase, 4X M.2, PCIe 5.0, USB4, WiFi 7, 2.5GbE, EZ-Latch, D5 Bionic Corsa",197.44,57.58,2026-10-06,5.0,1,https://www.amazon.com/GIGABYTE-Z890-WIFI7-Motherboard-EZ-Latch/dp/B0GV17GF1T,25.0,82.58
20261006_050540,2026-10-06T05:24:08.842043+00:00,amazon_usa,MOTHERBOARD,B0D66D6GW9,"ASUS TUF Gaming Z890-PRO WiFi Z890 LGA 1851 ATX Motherboard, Intel® Core™ Ultra Series 2 Ready, Advanced AI PC-Ready, 16+1+2+1 Stages, DDR5, PCIe® 5.0, Thunderbolt 4 Type-C, 4X M.2, Wi-Fi 7, 2.5Gb",292.12,85.19,2026-10-06,4.2,71,https://www.amazon.com/ASUS-TUF-Z890-PRO-Motherboard-Thunderbolt/dp/B0D66D6GW9,0.0,85.19
20261006_050540,2026-10-06T05:24:12.637191+00:00,amazon_usa,MOTHERBOARD,B0DJPTRP57,"msi MEG Z890 ACE Gaming Motherboard (Support Core Ultra Series 2 Intel Processors, LGA 1851, DDR5, PCIe 5.0, M.2, SATA, 10Gbps LAN, USB Type-C, Wi-Fi 7, Bluetooth 5.4, Thunderbolt 4, ATX)",594.66,173.42,2026-10-06,4.3,63,https://www.amazon.com/MSI-Motherboard-Processors-Bluetooth-Thunderbolt/dp/B0DJPTRP57,0.0,173.42
20261006_050540,2026-10-06T05:24:12.637191+00:00,amazon_usa,MOTHERBOARD,B0DJDFM619,"ASUS ROG Maximus Z890 Hero Intel Z890 LGA1851 DDR5 9200 HDMI 2xUSB4 6X M2 USB3.2 WiFi 7 + BT Aura RGB 5Gbit + 2.5Gbit LAN ATX 22+1+2+2 Power Phases, Motherboard",437.16,127.49,2026-10-06,4.1,93,https://www.amazon.com/ASUS-ROG-Maximus-Z890-Motherboard/dp/B0DJDFM619,0.0,127.49
20261006_050540,2026-10-06T05:24:12.637191+00:00,amazon_usa,MOTHERBOARD,B0GTZT12W1,"GIGABYTE Z890 AORUS Elite WIFI7 Plus Intel LGA 1851 ATX Motherboard, Support Core Ultra (Series 2), DDR5, 16+1+2 Power Phase, 4X M.2, PCIe 5.0, USB4, WiFi 7, 5GbE, EZ-Latch, D5 Bionic Corsa",231.66,67.56,2026-10-06,3.8,4,https://www.amazon.com/GIGABYTE-Z890-AORUS-WIFI7-Motherboard/dp/B0GTZT12W1,0.0,67.56
20261006_050540,2026-10-06T05:24:12.637191+00:00,amazon_usa,MOTHERBOARD,B0DM4C1MM2,"msi MEG Z890 Unify-X Motherboard, ATX - Supports Intel Core Ultra Processors (Series 2), LGA 1851-110A SPS, DDR5 Memory (9600+ MT/s OC), PCIe 5.0 & 4.0 x16, M.2 Gen5, Thunderbolt 4, Wi-Fi 7, 5G LAN",393.34,114.71,2026-10-06,4.6,15,https://www.amazon.com/MSI-MEG-Z890-Unify-X-Motherboard/dp/B0DM4C1MM2,0.0,114.71
20261006_050540,2026-10-06T05:24:12.637191+00:00,amazon_usa,MOTHERBOARD,B0DJP7NRXX,"GIGABYTE Z890 AORUS Elite WIFI7 ICE Intel Core Ultra (Series 2) LGA 1851 Motherboard, ATX, DDR5, 3X M.2, PCIe 5.0, Thunderbolt 4, WIFI7, 2.5GbE LAN, EZ-Latch",251.83,73.44,2026-10-06,4.0,47,https://www.amazon.com/GIGABYTE-Z890-AORUS-WIFI7-ICE/dp/B0DJP7NRXX,0.0,73.44
20261006_050540,2026-10-06T05:24:12.637191+00:00,amazon_usa,MOTHERBOARD,B0DTCS854H,"ASUS ROG Strix Z890-F Gaming WiFi Intel® Z890 LGA 1851 ATX Motherboard, Advanced AI PC-Ready, 16+2+1+2 Stages, DDR5, WiFi 7, 5X M.2, Thunderbolt™ 4, USB Type-C®, AI Overclocking, Cooling & Networking",341.67,99.64,2026-10-06,4.4,30,https://www.amazon.com/ASUS-ROG-Z890-F-ThunderboltTM-Overclocking/dp/B0DTCS854H,0.0,99.64
20261006_050540,2026-10-06T05:24:12.637191+00:00,amazon_usa,MOTHERBOARD,B0DH6R9WM9,"msi PRO Z890-P WiFi ProSeries Motherboard (Supports Core Ultra Series 2 Intel Processors, LGA 1851, DDR5, PCIe 5.0, M.2, SATA, 5Gbps LAN, USB Type-C, Wi-Fi 7, Bluetooth 5.4, Thunderbolt 4, ATX)",205.5,59.93,2026-10-06,4.1,33,https://www.amazon.com/MSI-ProSeries-Motherboard-Processors-Thunderbolt/dp/B0DH6R9WM9,0.0,59.93
20261006_050540,2026-10-06T05:24:12.637191+00:00,amazon_usa,MOTHERBOARD,B0H3KQ763N,Micro Center Bundle Intel Core Ultra7 270K Plus CPU Motherboard Combo,564.1,164.51,2026-10-06,0.0,0,https://www.amazon.com/Micro-Center-Bundle-Ultra7-Motherboard/dp/B0H3KQ763N,0.0,164.51
20261006_050540,2026-10-06T05:24:12.637191+00:00,amazon_usa,MOTHERBOARD,B0DGWDRMVW,"ASUS ROG MAXIMUS Z890 APEX Intel® Z890 LGA 1851 ATX motherboard, Advanced AI PC-ready, 22+2+1+2 stages, DDR5, WiFi 7, 5G LAN, 3x PCIe® 5.0 M.2, Thunderbolt™ 4, USB Type-C®, AI OC, Cooling & Networking",523.81,152.76,2026-10-06,4.2,31,https://www.amazon.com/ASUS-ROG-MAXIMUS-Z890-APEX/dp/B0DGWDRMVW,0.0,152.76
20261006_050540,2026-10-06T05:24:12.637191+00:00,amazon_usa,MOTHERBOARD,B0DJP8MMMJ,"GIGABYTE Z890 Eagle WIFI7 Intel Core Ultra (Series 2) LGA 1851 Motherboard, ATX, DDR5, 4X M.2, PCIe 5.0, USB4, WIFI7, 2.5GbE LAN, EZ-Latch",216.54,63.15,2026-10-06,3.9,42,https://www.amazon.com/GIGABYTE-Z890-WIFI7-Motherboard-EZ-Latch/dp/B0DJP8MMMJ,0.0,63.15
20261006_050540,2026-10-06T05:24:12.637191+00:00,amazon_usa,MOTHERBOARD,B0DH6SF5LB,"msi MAG Z890 Tomahawk WiFi Gaming Motherboard (Supports Core Ultra Series 2 Intel Processors, LGA 1851, DDR5, PCIe 5.0, M.2, SATA, 5Gbps LAN, USB Type-C, Wi-Fi 7, Bluetooth 5.4, Thunderbolt 4, ATX)",261.91,76.38,2026-10-06,4.3,124,https://www.amazon.com/MSI-MAG-Z890-Motherboard-Thunderbolt/dp/B0DH6SF5LB,0.0,76.38
20261006_050540,2026-10-06T05:24:12.637191+00:00,amazon_usa,MOTHERBOARD,B0DM45SDVW,"msi MEG Z890 GODLIKE, E-ATX - Supports Intel Core Ultra Processors (Series 2), LGA 1851 - Dynamic Dashboard III, EZ Slide M.2, DDR5 (9200+ MT/s OC), M.2 & PCIe 5.0, Thunderbolt 5, Wi-Fi 7, 10G LAN",1061.72,309.63,2026-10-06,4.0,27,https://www.amazon.com/MSI-MEG-Z890-GODLIKE-ATX/dp/B0DM45SDVW,0.0,309.63
20261006_050540,2026-10-06T05:24:12.637191+00:00,amazon_usa,MOTHERBOARD,B0DJHNV6BR,ASRock Intel Core Ultra Z890 Lightning WiFi 7 Phantom Gaming 9066 MHz DDR5 256 GB ATX Motherboard M.2 LGA1851RL-ILM,191.37,55.81,2026-10-06,3.4,10,https://www.amazon.com/ASRock-Z890-Lightning-Motherboard-LGA1851RL-ILM/dp/B0DJHNV6BR,0.0,55.81
20261006_050540,2026-10-06T05:24:12.637191+00:00,amazon_usa,MOTHERBOARD,B0DJP9DBVS,"GIGABYTE Z890 Gaming X WIFI7 Intel Core Ultra (Series 2) LGA 1851 Motherboard, ATX, DDR5, 4X M.2, PCIe 5.0, USB4, WIFI7, 2.5GbE LAN, EZ-Latch",251.83,73.44,2026-10-06,4.4,18,https://www.amazon.com/GIGABYTE-Z890-WIFI7-Motherboard-EZ-Latch/dp/B0DJP9DBVS,0.0,73.44
20261006_050540,2026-10-06T05:24:12.637191+00:00,amazon_usa,MOTHERBOARD,B0DJN733P4,ASRock Z890 Pro RS WiFi 6E White Intel Core Ultra LGA1851 RL-ILM DDR5 8666 MHz 256 GB ATX Motherboard M.2,246.51,71.89,2026-10-06,5.0,4,https://www.amazon.com/ASRock-Z890-RS-LGA1851-Motherboard/dp/B0DJN733P4,0.0,71.89
20261006_050540,2026-10-06T05:24:12.637191+00:00,amazon_usa,MOTHERBOARD,B0DQLKD2KK,"GIGABYTE Z890 AORUS Master AI TOP Intel Core Ultra (Series 2) LGA 1851 Motherboard, E-ATX, DDR5, 4X M.2, PCIe 5.0, Thunderbolt 4, WIFI7, 10GbE LAN, EZ-Latch",546.1,159.26,2026-10-06,4.2,10,https://www.amazon.com/GIGABYTE-Z890-AORUS-TOP-Motherboard/dp/B0DQLKD2KK,0.0,159.26
20261006_050540,2026-10-06T05:24:12.637191+00:00,amazon_usa,MOTHERBOARD,B0HBW2VWJ6,Micro Center Intel core Ultra 7 270k Plus Bundle w/Asrock Z890 PRO RS WiFi,533.9,155.7,2026-10-06,0.0,0,https://www.amazon.com/Micro-Center-Intel-Bundle-Asrock/dp/B0HBW2VWJ6,0.0,155.7
20261006_050540,2026-10-06T05:24:12.637191+00:00,amazon_usa,MOTHERBOARD,B0DZF4DPSP,NZXT N7 Z890 - Intel Z890 LGA 1851 ATX Motherboard - White,352.57,102.82,2026-10-06,4.4,3,https://www.amazon.com/NZXT-N7-Z890-Motherboard-Thunderbolt/dp/B0DZF4DPSP,0.0,102.82
20261006_050540,2026-10-06T05:24:12.637191+00:00,amazon_usa,MOTHERBOARD,B0DJPWFRFF,"msi PRO Z890-S WiFi ProSeries Motherboard (Support Core Ultra Series 2 Intel Processors, LGA 1851, DDR5, PCIe 5.0, M.2, SATA, 2.5Gbps LAN, USB Type-C, Wi-Fi 7, Bluetooth 5.4, Thunderbolt 4, ATX)",200.46,58.46,2026-10-06,4.8,15,https://www.amazon.com/MSI-ProSeries-Motherboard-Processors-Thunderbolt/dp/B0DJPWFRFF,0.0,58.46
20261006_050540,2026-10-06T05:24:12.637191+00:00,amazon_usa,MOTHERBOARD,B0GYS86T2W,msi Z890 Gaming Plus WIFI6E - LGA 1851 ATX Motherboard,191.37,55.81,2026-10-06,0.0,0,https://www.amazon.com/MSI-Z890-Gaming-Plus-WIFI6E/dp/B0GYS86T2W,0.0,55.81
20261006_050540,2026-10-06T05:24:16.685619+00:00,amazon_usa,MOTHERBOARD,B0FBYXQY72,"SUS Prime Z890-P WiFi Z890 LGA 1851 ATX Motherboard, Intel® Core™ Ultra Series 2 Ready, Advanced AI PC-Ready, 14+1+1+2 Power Stage, DDR5, PCIe® 5.0, Thunderbolt™ 4 USB Type-C®, 4X M.2, Wi-Fi 7",161.06,46.97,2026-10-06,0.0,0,https://www.amazon.com/ASUS-motherboard-Advanced-PC-ready-ThunderboltTM/dp/B0FBYXQY72,0.0,46.97
20261006_050540,2026-10-06T05:24:16.685619+00:00,amazon_usa,MOTHERBOARD,B0DJDFX4M1,"ASUS Intel Prime Z890-P ATX Motherboard,14+1+2+1 (80A) Power Stages, DDR5 Slots, PCIe 5.0 w/Full Support for Next-gen GPUs, USB 20Gbps Type-C Port, 4 x M.2 Slots, PCIe Slot Q-Release",266.36,77.68,2026-10-06,3.8,33,https://www.amazon.com/ASUS-Motherboard-Support-Next-gen-Q-Release/dp/B0DJDFX4M1,25.0,102.68
20261006_050540,2026-10-06T05:24:16.685619+00:00,amazon_usa,MOTHERBOARD,B0DJDHCC9X,"ASUS Intel ROG Maximus Z890 Apex ATX Motherboard, 22+1+2+2 Power Stages, DDR5 Slots, PCIe 5.0 with Full Support for Next-gen GPUs, six M.2 Slots, WiFi 7, AI Overclocking, PCIe Slot Q-Release Slim",741.69,216.3,2026-10-06,4.2,24,https://www.amazon.com/ASUS-ROG-Z890-Motherboard-Overclocking/dp/B0DJDHCC9X,0.0,216.3
20261006_050540,2026-10-06T05:24:16.685619+00:00,amazon_usa,MOTHERBOARD,B0DK7JG668,"GIGABYTE Z890 Gaming X WIFI7 Motherboard - Supports Intel Core Ultra (Series 2) Processors, 16+1+2 Phases VRM, up to 8800MHz DDR5 (OC), 1xPCIe 5.0 + 3xPCIe 4.0, Wi-Fi 7, 2.5GbE LAN, Thunderbolt 4",318.07,92.76,2026-10-06,4.5,19,https://www.amazon.com/GIGABYTE-Z890-GAMING-WIFI7-Motherboard/dp/B0DK7JG668,0.0,92.76
20261006_050540,2026-10-06T05:24:16.685619+00:00,amazon_usa,MOTHERBOARD,B0DPY43LJC,"msi MPG Z890I Edge TI WiFi Motherboard, Mini-ITX - Supports Intel Core Ultra Processors (Series 2), LGA 1851-110A SPS VRM, DDR5 Memory Boost (8600+ MT/s OC), PCIe 5.0 x16, M.2 Gen5, Wi-Fi 7, 5G LAN",302.2,88.13,2026-10-06,4.4,28,https://www.amazon.com/MSI-MPG-Z890I-Edge-Motherboard/dp/B0DPY43LJC,0.0,88.13
20261006_050540,2026-10-06T05:24:16.685619+00:00,amazon_usa,MOTHERBOARD,B0DK7M5X2R,"GIGABYTE Z890 AORUS Elite WIFI7 ICE Motherboard - Supports Intel Core Ultra (Series 2) CPUs, 16+1+2 Phases VRM, up to 8800MHz DDR5 (OC), 1xPCIe 5.0 + 3xPCIe 4.0, Wi-Fi 7, 2.5GbE LAN, Thunderbolt 4",275.66,80.39,2026-10-06,4.4,95,https://www.amazon.com/GIGABYTE-Z890-AORUS-WIFI7-Motherboard/dp/B0DK7M5X2R,0.0,80.39
20261006_050540,2026-10-06T05:24:16.685619+00:00,amazon_usa,MOTHERBOARD,B0BRQSWSFQ,"msi PRO B760-P WiFi DDR4 ProSeries Motherboard - Supports 12th/13th/14th Gen Intel Processors, LGA 1700, DDR4, PCIe 4.0, M.2, 2.5Gbps LAN, USB 3.2 Gen2, HDMI/DP, Wi-Fi 6E, Bluetooth 5.3, ATX",140.01,40.83,2026-10-06,4.6,667,https://www.amazon.com/MSI-ProSeries-Motherboard-Supports-Processors/dp/B0BRQSWSFQ,0.0,40.83
20261006_050540,2026-10-06T05:24:16.685619+00:00,amazon_usa,MOTHERBOARD,B0H3KVMDJZ,Micro Center CPU Motherboard Combo -Intel Core Ultra 7 270K Plus 24 cores up to 5.5 GHz Desktop Processor with Asus Z890 AYW Gaming WiFi W LGA 1851 ATX Motherboard,543.94,158.63,2026-10-06,5.0,2,https://www.amazon.com/Micro-Center-Motherboard-Desktop-Processor/dp/B0H3KVMDJZ,0.0,158.63
20261006_050540,2026-10-06T05:24:16.685619+00:00,amazon_usa,MOTHERBOARD,B0HBTTVY15,Micro Center Intel core Ultra 5 250k Plus Bundle w/Asrock Z890 PRO RS WiFi,423.07,123.38,2026-10-06,0.0,0,https://www.amazon.com/Micro-Center-Intel-Bundle-Asrock/dp/B0HBTTVY15,0.0,123.38
20261006_050540,2026-10-06T05:24:16.685619+00:00,amazon_usa,MOTHERBOARD,B0G3TWBHYC,"msi PRO Z790-A WiFi II Motherboard, ATX - Supports Intel Core 14th, 13th & 12th Gen Processors, LGA 1700-80A SPS VRM, DDR5 Memory Boost 7800+MT/s/OC, PCIe 5.0 x16, 4 x M.2 Gen4, Wi-Fi 6E, 2.5G LAN",221.62,64.63,2026-10-06,4.4,26,https://www.amazon.com/MSI-PRO-WiFi-II-Motherboard/dp/B0G3TWBHYC,0.0,64.63
20261006_050540,2026-10-06T05:24:16.685619+00:00,amazon_usa,MOTHERBOARD,B0BSMYVD88,"msi MPG Z890 EDGE TI WIFI Motherboard, ATX - Supports Intel Core Ultra Processors (Series 2), LGA 1851-90A SPS VRM, DDR5 Memory Boost (9066+ MT/s OC), PCIe 5.0 x16 & 4.0 x16, M.2 Gen5, Wi-Fi 7, 5G L",438.74,127.95,2026-10-06,4.6,40,https://www.amazon.com/MSI-MPG-Z890-EDGE-WIFI/dp/B0BSMYVD88,0.0,127.95
20261006_050540,2026-10-06T05:24:16.685619+00:00,amazon_usa,MOTHERBOARD,B0F9FRX73M,Micro Center Bundle Intel Core Ultra 7 265KF and msi Pro Z890-P WiFi Combo,433.15,126.32,2026-10-06,3.5,5,https://www.amazon.com/Micro-Center-CPU-Motherboard-Combo/dp/B0F9FRX73M,0.0,126.32
20261006_050540,2026-10-06T05:24:16.685619+00:00,amazon_usa,MOTHERBOARD,B0FP3MRTC1,"ASUS B760M-AYW WiFi D4 II Intel® B760 (LGA 1700) microATX mATX Motherboard, PCIe 5.0 x16 Support, Two M.2 Slots, DDR4, Realtek 2.5Gb Ethernet, Wi-Fi 6, HDMI, SATA 6 Gbps, Front USB 5Gbps, Aura Sync",90.66,26.44,2026-10-06,4.4,135,https://www.amazon.com/ASUS-B760M-AYW-D4-II-Motherboard/dp/B0FP3MRTC1,0.0,26.44
20261006_050540,2026-10-06T05:24:16.685619+00:00,amazon_usa,MOTHERBOARD,B0C1NLN31J,"msi Sparepart Pro Z890-P WiFi Motherboard Intel Z890 Lga 1851 (Socket, W129021733 (Intel Z890 Lga 1851 (Socket V1) ATX)",350.96,102.35,2026-10-06,3.9,25,https://www.amazon.com/MSI-Sparepart-Z890-P-Motherboard-W129021733/dp/B0C1NLN31J,0.0,102.35
20261006_050540,2026-10-06T05:24:16.685619+00:00,amazon_usa,MOTHERBOARD,B0DJDCD8PV,"ASUS ROG Maximus Z890 Extreme Intel Z890 LGA1851 DDR5 9200 HDMI 2xThunderbolt 5 6X M2 USB3.2 WiFi 7 + BT Aura RGB 10Gbit + 2.5Gbit LAN ATX 24+1+2+2 Power Phases, Thunderbolt 5, 5, 5, 5, 5"" LCD",1098.58,320.38,2026-10-06,3.8,34,https://www.amazon.com/ASUS-MAXIMUS-EXTREME-2xThunderbolt-Thunderbolt/dp/B0DJDCD8PV,25.0,345.38
20261006_050540,2026-10-06T05:24:16.685619+00:00,amazon_usa,MOTHERBOARD,B0DL75T61Q,"ASUS PROART Z890-CREATOR WIFI Intel ATX Motherboard, DDR5 Card Slot, Black",528.72,154.19,2026-10-06,4.4,60,https://www.amazon.com/ASUS-Z890-CREATOR-Motherboard-Generation-Thunderbolt/dp/B0DL75T61Q,0.0,154.19
20261006_050540,2026-10-06T05:24:16.685619+00:00,amazon_usa,MOTHERBOARD,B0FP2ZFZ7L,"GIGABYTE Z890 AORUS Tachyon ICE Intel Core Ultra (Series 2) LGA 1851 Motherboard, E-ATX, DDR5, 4X M.2, PCIe 5.0, Thunderbolt 4, WIFI7, 5GbE LAN, D5 Bionic Corsa",586.39,171.01,2026-10-06,0.0,0,https://www.amazon.com/GIGABYTE-Z890-AORUS-ICE-Motherboard/dp/B0FP2ZFZ7L,0.0,171.01
20261006_050540,2026-10-06T05:24:16.685619+00:00,amazon_usa,MOTHERBOARD,B0DSQX832M,ASRock B860 Pro RS Intel Core Ultra DDR5 8666 MHz 256GB M.2 LGA1851 ATX Motherboard SATA3 6.0 Gb/s PCIe 5.0 BIOS Flashback,130.95,38.19,2026-10-06,4.6,19,https://www.amazon.com/ASRock-Intel-LGA1851-Motherboard-Flashback/dp/B0DSQX832M,0.0,38.19
20261006_050540,2026-10-06T05:24:16.685619+00:00,amazon_usa,MOTHERBOARD,B0D54QJ9CJ,"GIGABYTE B760M Gaming Plus WiFi DDR4 LGA 1700 Intel B760 M-ATX Motherboard, 2* M.2, PCIe 4.0, Front USB 3.2 Gen 1 Type-C, 6 GbE LAN, Q-Flash Plus, EZ-Latch",139.66,40.73,2026-10-06,4.3,337,https://www.amazon.com/GIGABYTE-B760M-DDR4-Motherboard-EZ-Latch/dp/B0D54QJ9CJ,0.0,40.73
20261006_050540,2026-10-06T05:24:16.685619+00:00,amazon_usa,MOTHERBOARD,B0DQLH4ZTR,"GIGABYTE B860 AORUS Elite WIFI7 ICE Intel Core Ultra (Series 2) LGA 1851 Motherboard, ATX, DDR5, 3X M.2, PCIe 5.0, USB-C, WIFI7, 2.5GbE LAN, EZ-Latch",181.33,52.88,2026-10-06,3.7,17,https://www.amazon.com/GIGABYTE-B860-AORUS-WIFI7-ICE/dp/B0DQLH4ZTR,0.0,52.88
20261006_050540,2026-10-06T05:24:16.685619+00:00,amazon_usa,MOTHERBOARD,B0CR5THXPC,INLAND Micro Center CPU Motherboard Combo - Intel Core i7-14700K 20 Cores up to 5.6 GHz Unlocked LGA 1700 Desktop Processor with MSI PRO Z790-P WiFi ProSeries Motherboard,560.57,163.48,2026-10-06,4.4,33,https://www.amazon.com/INLAND-Micro-Center-Motherboard-Combo/dp/B0CR5THXPC,0.0,163.48
20261006_050540,2026-10-06T05:24:16.685619+00:00,amazon_usa,MOTHERBOARD,B0DQ5ZS8NG,"ASUS TUF Gaming B860M-PLUS WiFi B860 LGA 1851 mATX Motherboard, Intel® Core™ Ultra Series 2 Ready, AI PC, 12+1+2+1 80A Stages, DDR5,PCIe 5.0, 3X M.2, Wi-Fi 7, 2.5G LAN, HDMI™, USB 20Gbps Type-C®",211.54,61.69,2026-10-06,3.9,37,https://www.amazon.com/ASUS-TUF-B860M-PLUS-Motherboard-Type-C%C2%AE/dp/B0DQ5ZS8NG,0.0,61.69
20261006_050540,2026-10-06T05:24:21.077844+00:00,amazon_usa,MOTHERBOARD,B07HCT5GBD,"ASUS Prime Z390-P LGA1151 (Intel 8th and 9th Gen) ATX Motherboard for Cryptocurrency Mining(BTC) with Above 4G Decoding, 6xPCIe Slot and USB 3.1 Gen2",201.45,58.75,2026-10-06,4.4,1800,https://www.amazon.com/Prime-Z390-P-LGA1151-Intel-Motherboard/dp/B07HCT5GBD,0.0,58.75
20261006_050540,2026-10-06T05:24:21.077844+00:00,amazon_usa,MOTHERBOARD,B0DJDFTS7R,"ASUS PRIME Z890-P WIFI Motherboard: Intel Z890 LGA1851, DDR5 8400, DP HDMI USB4, 4x M2, WiFi 7 + BT, AURA RGB, 2.5Gbit LAN, ATX 14+1+2+1 Power Phases, Thunderbolt 4, AI Technology",304.77,88.88,2026-10-06,4.4,60,https://www.amazon.com/ASUS-PRIME-Z890-P-WIFI-Motherboard/dp/B0DJDFTS7R,0.0,88.88
20261006_050540,2026-10-06T05:24:21.077844+00:00,amazon_usa,MOTHERBOARD,B0DJDF92JW,"ASUS Intel ROG Strix Z890-A Gaming WiFi ATX Motherboard, 16+1+2+2 Power Stage, DDR5 Slots, PCIe 5.0 w/Full Support for Next Generation GPUs, Five M.2 Slots, WiFi 7, AI Overclocking, AI",384.7,112.19,2026-10-06,4.4,61,https://www.amazon.com/ASUS-Motherboard-Support-Generation-Overclocking/dp/B0DJDF92JW,25.0,137.19
20261006_050540,2026-10-06T05:24:21.077844+00:00,amazon_usa,MOTHERBOARD,B0CX1GPFW4,"ASRock B760M Pro-A/D4 WiFi Micro ATX Motherboard, Intel LGA1700, DDR4 5333+ (OC), PCIe 4.0, 2.5G LAN, Wi-Fi 6E, 7+1+1 Dr.MOS",120.87,35.25,2026-10-06,5.0,10,https://www.amazon.com/ASRock-B760M-D4-WiFi-Motherboard/dp/B0CX1GPFW4,0.0,35.25
20261006_050540,2026-10-06T05:24:21.077844+00:00,amazon_usa,MOTHERBOARD,B0BZ9T4KF6,"msi PRO B760M-P DDR4 ProSeries Motherboard (Supports 12th/13th/14th Gen Intel Processors, LGA 1700, DDR4, PCIe 4.0, M.2, USB 3.2 Gen2, HDMI/DP, mATX)",99.72,29.08,2026-10-06,4.5,779,https://www.amazon.com/MSI-PRO-B760M-P-DDR4-Motherboard/dp/B0BZ9T4KF6,0.0,29.08
20261006_050540,2026-10-06T05:24:21.077844+00:00,amazon_usa,MOTHERBOARD,B0DK7JMBBX,"GIGABYTE Z890 AORUS Master Motherboard - Supports Intel Core Ultra (Series 2) CPUs, 18+1+2 Phases VRM, up to 9500MHz DDR5 (OC), 2xPCIe 5.0 + 3xPCIe 4.0, Wi-Fi 7, 10GbE LAN, Thunderbolt 4",352.57,102.82,2026-10-06,4.1,21,https://www.amazon.com/GIGABYTE-Z890-AORUS-Master-Motherboard/dp/B0DK7JMBBX,0.0,102.82
20261006_050540,2026-10-06T05:24:21.077844+00:00,amazon_usa,MOTHERBOARD,B0DQLJGTRM,"GIGABYTE B850M AORUS Elite WIFI6E ICE AMD AM5 mATX Motherboard, Support AMD Ryzen 9000/8000/7000 Series, DDR5, 12+2+2 Power Phase, 2X M.2, PCIe 5.0, USB-C, WIFI6E, 2.5GbE, EZ-Latch, 5-Year Warranty",161.16,47.0,2026-10-06,4.5,297,https://www.amazon.com/GIGABYTE-B850M-AORUS-WIFI6E-ICE/dp/B0DQLJGTRM,0.0,47.0
20261006_050540,2026-10-06T05:24:21.077844+00:00,amazon_usa,MOTHERBOARD,B0DF5WNFJ2,"Amazon Renewed PRO Z790-P WiFi ProSeries Motherboard (Supports 12th/13th/14th Gen Intel Processors, LGA 1700, DDR5, PCIe 5.0, M.2, 2.5Gbps LAN, USB 3.2 Gen2, HDMI/DP, Wi-Fi 6E, Bluetooth 5.3, ATX) (Re",119.29,34.79,2026-10-06,4.3,74,https://www.amazon.com/MSI-PRO-Z790-P-WiFi-ProSeries/dp/B0DF5WNFJ2,0.0,34.79
20261006_050540,2026-10-06T05:24:21.077844+00:00,amazon_usa,MOTHERBOARD,B07HS59X7P,"GIGABYTE Z390 UD (LGA 1151 (300 Series) Intel Z390 SATA 6Gb/s ATX Intel Motherboard for Cryptocurrency Mining with Above 4G Decoding, 6 x PCIe Slots)",191.27,55.78,2026-10-06,4.4,1300,https://www.amazon.com/GIGABYTE-Z390-UD-LGA1151-Motherboard/dp/B07HS59X7P,0.0,55.78
20261006_050540,2026-10-06T05:24:21.077844+00:00,amazon_usa,MOTHERBOARD,B07ZT3F95V,"ASUS Prime Z490-P LGA 1200 (Intel® 10th Gen) ATX Motherboard (Dual M.2, DDR4 4600, 1 Gb Ethernet, USB 3.2 Gen 2 USB Type-A®, Thunderbolt™ 3 Support, Aura Sync RGB)",302.2,88.13,2026-10-06,4.5,486,https://www.amazon.com/ASUS-Prime-Z490-P/dp/B07ZT3F95V,0.0,88.13
20261006_050540,2026-10-06T05:24:21.077844+00:00,amazon_usa,MOTHERBOARD,B0DQBJ64KH,"msi MAG B860 Tomahawk WiFi Motherboard, ATX - Supports Intel Core Ultra Processors (Series 2), LGA 1851 - DDR5 Memory Boost 9200+ MT/s OC, 1 x PCIe 5.0 x16, 1 x M.2 Gen5, 5G LAN, Wi-Fi 7",180.33,52.59,2026-10-06,4.5,34,https://www.amazon.com/MAG-B860-Tomahawk-WiFi-Motherboard/dp/B0DQBJ64KH,0.0,52.59
20261006_050540,2026-10-06T05:24:21.077844+00:00,amazon_usa,MOTHERBOARD,B0CK774991,"ASRock H610M-HDV/M.2 R2.0 Micro-ATX Motherboard, Supports Intel 14th/13th/12th Gen Core Processors (LGA1700), DDR4 3200, PCIe 4.0, Ultra M.2, Triple Display",60.42,17.62,2026-10-06,4.0,23,https://www.amazon.com/ASRock-Intel-H610-Micro-Motherboard/dp/B0CK774991,0.0,17.62
20261006_050540,2026-10-06T05:24:21.077844+00:00,amazon_usa,MOTHERBOARD,B09322DLZS,"ASUS Pro Q570M-C/CSM LGA1200 (Intel 10th&11th Gen) mATX Commercial Motherboard (PCIe 4.0,1 LAN,Front Panel USB 3.2 Type-C, Intel vPro,2X DP,TPM 2.0 IC,COM debug Header,self-Recovering BIOS,ACCE)",166.2,48.47,2026-10-06,4.2,26,https://www.amazon.com/ASUS-Q570M-C-CSM-Motherboard-self-Recovering/dp/B09322DLZS,0.0,48.47
20261006_050540,2026-10-06T05:24:21.077844+00:00,amazon_usa,MOTHERBOARD,B0DGVGRVLQ,"GIGABYTE X870 AORUS Elite WIFI7 ICE AMD AM5 LGA 1718 Motherboard, ATX, DDR5, 4X M.2, PCIe 5.0, USB4, WIFI7, 2.5GbE LAN, EZ-Latch, 5-Year Warranty",258.82,75.48,2026-10-06,4.3,355,https://www.amazon.com/GIGABYTE-X870-AORUS-WIFI7-ICE/dp/B0DGVGRVLQ,0.0,75.48
20261006_050540,2026-10-06T05:24:21.077844+00:00,amazon_usa,MOTHERBOARD,B08W8PH5B9,GIGABYTE Z590 Vision G (LGA 1200/Intel Z590/ATX/3x M.2/PCIe 4.0/USB 3.2 Gen2X2 Type-C/2.5GbE LAN/Motherboard),425.85,124.19,2026-10-06,4.1,125,https://www.amazon.com/GIGABYTE-Z590-Vision-Gen2X2-Motherboard/dp/B08W8PH5B9,0.0,124.19
20261006_050540,2026-10-06T05:24:21.077844+00:00,amazon_usa,MOTHERBOARD,B0DGB8Q19Y,"ASUS TUF Gaming X870-PLUS WiFi AMD AM5 X870 ATX Motherboard, 16+2+1, 80A SPS Power Stages, DDR5, PCIe 5.0 Ready, Four M.2 Slots, Wi-Fi 7, 2.5Gb LAN, HDMI, USB4® 40Gbps, SATA 6 Gbps, USB 20Gbps Type-C",231.66,67.56,2026-10-06,4.5,625,https://www.amazon.com/ASUS-TUF-Gaming-X870-PLUS-Motherboard/dp/B0DGB8Q19Y,0.0,67.56
20261006_050540,2026-10-06T05:24:21.077844+00:00,amazon_usa,MOTHERBOARD,B0DRR2WKMM,"ASUS Prime H810M-A WiFi-CSM Intel® H810 LGA 1851 mATX Motherboard, 6+1+1+1 Discrete MOS, DDR5, PCIe 4.0, 2X M.2, Intel® 1Gb Ethernet, Wi-Fi 6, DisplayPort, HDMI™, USB 10Gbps, Front USB 5Gbps Type-C®",130.95,38.19,2026-10-06,3.9,9,https://www.amazon.com/ASUS-WiFi-CSM-Motherboard-Discrete-DisplayPort/dp/B0DRR2WKMM,0.0,38.19
20261006_050540,2026-10-06T05:24:21.077844+00:00,amazon_usa,MOTHERBOARD,B0CBNP35BD,ASRock B760 Pro RS WiFi 6E LGA1700 HDMI DisplayPort eDP Intel B760 ATX Motherboard DDR5 192GB 7200+ (OC) MHz SATA3 6.0 Gb/s USB3.2 Gen2 2.5G LAN PCIe5.0 M.2 64Bit,130.95,38.19,2026-10-06,4.7,35,https://www.amazon.com/ASRock-B760-WiFi-Intel-Motherboard/dp/B0CBNP35BD,0.0,38.19
20261006_050540,2026-10-06T05:24:21.077844+00:00,amazon_usa,MOTHERBOARD,B0BSLJY9R6,msi PRO Z890-S WiFi PZ - LGA 1851 Back-Connect ATX Motherboard,373.86,109.03,2026-10-06,4.3,14,https://www.amazon.com/MSI-Z890-S-WiFi-Motherboard-Back-Connect/dp/B0BSLJY9R6,0.0,109.03
20261006_050540,2026-10-06T05:24:21.077844+00:00,amazon_usa,MOTHERBOARD,B0BHBP8CS2,"msi PRO Z790-P WiFi ProSeries Motherboard (Supports 12th/13th/14th Gen Intel Processors, LGA 1700, DDR5, PCIe 5.0, M.2, 2.5Gbps LAN, USB 3.2 Gen2, HDMI/DP, Wi-Fi 6E, Bluetooth 5.3, ATX)",209.85,61.2,2026-10-06,4.4,347,https://www.amazon.com/MSI-Z790-P-ProSeries-Motherboard-Processors/dp/B0BHBP8CS2,0.0,61.2
20261006_050540,2026-10-06T05:24:25.804105+00:00,amazon_usa,MOTHERBOARD,B08XNK9FLN,GIGABYTE Z590 AORUS Ultra Intel Z590 Express LGA 1200 ATX Motherboard,428.11,124.85,2026-10-06,4.2,119,https://www.amazon.com/Durable-Z590-AORUS-ULTRA-Motherboard/dp/B08XNK9FLN,25.0,149.85
20261006_050540,2026-10-06T05:24:25.804105+00:00,amazon_usa,MOTHERBOARD,B0GYCQJN4S,"GIGABYTE H810M Gaming WIFI6 GEN5 Intel LGA 1851 mATX Motherboard, Support Core Ultra (Series 2), DDR5, 4+1+2 Power Phase, PCIe 5.0 x16, 1x M.2, USB 3.2 Gen 1, Front USB-C, WiFi 6, 2.5GbE, EZ-Latch",130.95,38.19,2026-10-06,5.0,2,https://www.amazon.com/GIGABYTE-H810M-WIFI6-Motherboard-EZ-Latch/dp/B0GYCQJN4S,0.0,38.19
20261006_050540,2026-10-06T05:24:25.804105+00:00,amazon_usa,MOTHERBOARD,B0G1L6TV4B,"Mavark Asus ROG Maximus Hero Z890 LGA 1851 ATX Motherboard with Advanced AI PC-Ready DDR5, WiFi 7 + Intel Core Ultra 9 285K 24 Cores 5.7 GHz",1610.74,469.74,2026-10-06,0.0,0,https://www.amazon.com/Mavark-ROG-Maximus-Hero-Z890/dp/B0G1L6TV4B,0.0,469.74
20261006_050540,2026-10-06T05:24:25.804105+00:00,amazon_usa,MOTHERBOARD,B0CFWL42ZG,"Amazon Renewed MPG Z790 Edge WiFi Gaming Motherboard (Supports 12th/13th Gen Intel Processors, LGA 1700, DDR5, PCIe 5.0, M.2, 2.5Gbps LAN, USB 3.2 Gen2, Wi-Fi 6E, ATX) (Renewed)",149.54,43.61,2026-10-06,4.2,64,https://www.amazon.com/MSI-Motherboard-Supports-Processors-2-5Gbps/dp/B0CFWL42ZG,0.0,43.61
20261006_050540,2026-10-06T05:24:25.804105+00:00,amazon_usa,MOTHERBOARD,B0DQLK9S2V,"GIGABYTE B860M Eagle Plus WIFI6E Intel Core Ultra (Series 2) LGA 1851 Motherboard, mATX, DDR5, 2X M.2, PCIe 5.0, USB-C, WIFI6E, 2.5GbE LAN, EZ-Latch",161.16,47.0,2026-10-06,4.1,16,https://www.amazon.com/GIGABYTE-B860M-WIFI6E-Motherboard-EZ-Latch/dp/B0DQLK9S2V,0.0,47.0
20261006_050540,2026-10-06T05:24:25.804105+00:00,amazon_usa,MOTHERBOARD,B0DJDG5GGN,"ASUS TUF Gaming Z890-PRO WiFi Intel Z890 LGA1851 DDR5 9066 DP HDMI 2xUSB4 4X M2 USB3.2 WiFi 7 + BT Aura RGB 2.5Gbit LAN ATX 16+1+2+1 Power Phases, Thunderbolt 4, Easy PC DIY, Motherboard",435.62,127.04,2026-10-06,4.4,84,https://www.amazon.com/ASUS-Z890-PRO-LGA1851-Thunderbolt-Motherboard/dp/B0DJDG5GGN,25.0,152.04
20261006_050540,2026-10-06T05:24:25.804105+00:00,amazon_usa,MOTHERBOARD,B0C15THTK7,"msi B760 Gaming Plus WiFi Gaming Motherboard (DDR5 Memory ONLY) for 12th/13th/14th Gen Intel Processors, LGA 1700, PCIe 4.0, M.2, 2.5Gbps LAN, USB 3.2 Gen2, HDMI/DP, Wi-Fi 6E, Bluetooth 5.3, ATX",146.04,42.59,2026-10-06,4.5,876,https://www.amazon.com/MSI-B760-Motherboard-Supports-Processors/dp/B0C15THTK7,0.0,42.59
20261006_050540,2026-10-06T05:24:25.804105+00:00,amazon_usa,MOTHERBOARD,B0DY7D2ZWD,Micro Center CPU Motherboard Combo - Intel i9-14900K 14th Gen 24-Cores LGA 1700 Desktop Processor Bundle with TUF Gaming Z790-Plus WiFi Gaming Motherboard,740.39,215.92,2026-10-06,4.5,28,https://www.amazon.com/Micro-Center-CPU-Motherboard-Combo/dp/B0DY7D2ZWD,0.0,215.92
20261006_050540,2026-10-06T05:24:25.804105+00:00,amazon_usa,MOTHERBOARD,B09PX326Q8,"msi PRO H610M-G DDR4 Motherboard (12th/13th/14th Gen Intel Core, LGA 1700 Socket, DDR4, PCIe 4, SATA 6Gb/s, 1Gbps LAN, M.2 Slots, USB 3.2, mATX)",88.85,25.91,2026-10-06,4.6,553,https://www.amazon.com/MSI-H610M-G-Motherboard-Intel-Socket/dp/B09PX326Q8,0.0,25.91
20261006_050540,2026-10-06T05:24:25.804105+00:00,amazon_usa,MOTHERBOARD,B0D3D3BKRN,"TUF Gaming Z790-BTF WiFi 7 Intel® Z790 (LGA 1700) ATX Motherboard,Hidden-Connector Design, PCIe 5.0, 4xM.2 Slots, 16+1+1 Power Stages, DDR5,2.5Gb Ethernet,USB Type-C, Front USB Type-C, Thunderbolt™ 4",630.59,183.9,2026-10-06,4.2,67,https://www.amazon.com/TUF-Z790-BTF-Motherboard-Hidden-Connector-ThunderboltTM/dp/B0D3D3BKRN,0.0,183.9
20261006_050540,2026-10-06T05:24:25.804105+00:00,amazon_usa,MOTHERBOARD,B083R7SWF5,"GIGABYTE B760M DS3H AX DDR4 Intel LGA 1700 mATX Motherboard, Support Intel Core 14th/13th/12th Gen, DDR4, 6+2+1 Power Phase, 2X M.2, PCIe 4.0, USB-C, WIFI6E, 2.5GbE LAN, Q-Flash Plus, PCIe EZ-Latch",128.93,37.6,2026-10-06,4.2,125,https://www.amazon.com/B760M-DS3H-AX-DDR4-Motherboard/dp/B083R7SWF5,0.0,37.6
20261006_050540,2026-10-06T05:24:25.804105+00:00,amazon_usa,MOTHERBOARD,B0DDZNZF76,"ASUS ROG Strix X870E-E Gaming WiFi AMD AM5 X870 ATX Motherboard 18+2+2 Power Stages, Dynamic OC Switcher, Core Flex, DDR5 AEMP, WiFi 7, 5X M.2, PCIe® 5.0, Q-Release Slim, USB4®, AI OCing & Networking",402.94,117.51,2026-10-06,4.4,630,https://www.amazon.com/ASUS-ROG-Motherboard-Q-Release-Networking/dp/B0DDZNZF76,0.0,117.51
20261006_050540,2026-10-06T05:24:25.804105+00:00,amazon_usa,MOTHERBOARD,B07HRWJ555,GIGABYTE Z390 AORUS Elite (Intel LGA1151/Z390/ATX/2xM.2/Realtek ALC1220/RGB Fusion/Gaming Motherboard),286.08,83.43,2026-10-06,4.3,587,https://www.amazon.com/GIGABYTE-Z390-AORUS-LGA1151-Motherboard/dp/B07HRWJ555,0.0,83.43
20261006_050540,2026-10-06T05:24:25.804105+00:00,amazon_usa,MOTHERBOARD,B0C2C96LDL,ASRock B760M Pro RS Motherboard DDR5 7200MHz HDMI DisplayPort eDP PCIe Gen5 (Graphics) 14th 13th 12th Gen Intel Core Processors LGA1700 192GB,110.79,32.31,2026-10-06,4.6,401,https://www.amazon.com/Motherboard-7200MHz-DisplayPort-Graphics-Processors-LGA1700/dp/B0C2C96LDL,0.0,32.31
20261006_050540,2026-10-06T05:24:25.804105+00:00,amazon_usa,MOTHERBOARD,B0DNG4MCWM,"GIGABYTE Z890 AERO D Motherboard - Supports Intel Core Ultra (Series 2) CPUs, 16+1+2 phases VRM, up to 9500MHz DDR5 (OC), PCIe 5.0 M.2, Wi-Fi 7, Thunderbolt 5",1097.42,320.04,2026-10-06,5.0,1,https://www.amazon.com/GIGABYTE-Z890-AERO-Motherboard-Thunderbolt/dp/B0DNG4MCWM,25.0,345.04
20261006_050540,2026-10-06T05:24:25.804105+00:00,amazon_usa,MOTHERBOARD,B07J6Z9KJ2,msi Z390-A PRO LGA1151 (Intel 8th and 9th Gen) M.2 USB 3.1 Gen 2 DDR4 HDMI DP CFX Dual Gigabit LAN ATX Z390 Gaming Motherboard,282.14,82.28,2026-10-06,4.6,3700,https://www.amazon.com/MSI-PRO-LGA1151-Gigabit-Motherboard/dp/B07J6Z9KJ2,0.0,82.28
20261006_050540,2026-10-06T05:24:25.804105+00:00,amazon_usa,MOTHERBOARD,B07W5YGCYW,GIGABYTE D Intel Z390 LGA 1151 ATX DDR4-SDRAM Motherboard,217.02,63.29,2026-10-06,4.5,180,https://www.amazon.com/GIGABYTE-Intel-Z390-DDR4-SDRAM-Motherboard/dp/B07W5YGCYW,0.0,63.29
20261006_050540,2026-10-06T05:24:33.576261+00:00,aliexpress,MOTHERBOARD,3256812601659226,"ASUS TUF GAMING Z890-PLUS WIFI Z890 LGA 1851 ATX motherboard, Intel® Core™ Ultra Series 2 Ready, Advanced AI PC-ready, 16+1+2+1 stages, DDR5, PCIe® 5.0, Thunderbolt™ 4 Type-C®, 4x M.2, Wi-Fi 7, 2.5Gb",1066.76,311.1,2026-10-06,0.0,0,,0.0,311.1
20261006_050540,2026-10-06T05:24:33.576261+00:00,aliexpress,MOTHERBOARD,3256812499532515,"ASUS ROG STRIX Z890-H GAMING WIFI Z890 LGA 1851 ATX motherboard, Intel Core Ultra Series 2 Ready, Advanced AI PC-ready, 16+2+1+2 stages, DDR5, 5Gb LAN, WiFi 7, 4x M.2, PCIe 5.0, USB Type-C, AI OC",1141.69,332.95,2026-10-06,0.0,0,,0.0,332.95
20261006_050540,2026-10-06T05:24:33.576261+00:00,aliexpress,MOTHERBOARD,3256812886243577,"For MSI PRO Z890-P WIFI Main Board ATX Large Board, Support Core Ultra Processor",1509.17,440.12,2026-10-06,0.0,0,,0.0,440.12
20261006_050540,2026-10-06T05:24:33.576261+00:00,aliexpress,MOTHERBOARD,3256812633634872,"MS-iCraft Z890 Pacific ATX Desktop Motherboard 3.4"" LED Screen DDR5 Double 8800MHz (OC) Wi-Fi 7 USB4 Intel 14th/15th New",2385.49,695.68,2026-10-06,0.0,0,,0.0,695.68
20261006_050540,2026-10-06T05:24:33.576261+00:00,aliexpress,MOTHERBOARD,3256812849351858,Brand New Computer Motherboard ASRock Z890 Pro RS WiFi White Motherboard  ATX  LGA1851RL-ILM Socket All in One PC,2554.12,744.86,2026-10-06,0.0,0,,0.0,744.86
20261006_050540,2026-10-06T05:24:33.576261+00:00,aliexpress,MOTHERBOARD,3256812007758176,ProArt Z890-CREATOR Server New WIFI LGA 1851 ATX Motherboard Intel Core Ultra Processor Series 2 Ready 16+2+1+2 Stages PCIe SATA,2400.3,700.0,2026-10-06,0.0,0,,0.0,700.0
20261006_050540,2026-10-06T05:24:33.576261+00:00,aliexpress,MOTHERBOARD,3256812966730474,New PRIME Z890-P DDR5 PCIe5.0  LGA 1851 CPU for Desktop CPU Ultra 9/7/5 Processor ATX Motherboard,1080.13,315.0,2026-10-06,0.0,0,,0.0,315.0
20261006_050540,2026-10-06T05:24:33.576261+00:00,aliexpress,MOTHERBOARD,3256812601866384,"MSI MPG Z890 CARBON WIFI Motherboard, ATX - Supports Intel Core Ultra Processors (Series 2), LGA 1851 - 110A SPS VRM, DDR5 Memory Boost 9200+ MT/s (OC), PCIe 5.0 x16 & 4.0 x16, M.2 Gen5, Wi-Fi 7, 5G L",1409.66,411.1,2026-10-06,0.0,0,,0.0,411.1
20261006_050540,2026-10-06T05:24:33.576261+00:00,aliexpress,MOTHERBOARD,3256812637724912,"MAG Z890 TOMAHAWK WIFI Motherboard, ATX - Supports Intel Core Ultra Processors (Series 2), LGA 1851 - DDR5 Memory Boost 4 x DDR5 (9200+ MT/s OC), 1 x PCIe 5.0 x16, 1 x M.2 Gen5, Wi-Fi 7, 5G LAN",1257.28,366.66,2026-10-06,0.0,0,,0.0,366.66
20261006_050540,2026-10-06T05:24:33.576261+00:00,aliexpress,MOTHERBOARD,3256812008041693,"ASUS Z890 AYW Gaming WiFi W ATX Z890 Motherboard, Intel Core Ultra Series 2 Ready 4 X DIMM Slots Max 192GB DDR5  PCIE 5.0 DDR5 S",1488.19,434.0,2026-10-06,0.0,0,,0.0,434.0
20261006_050540,2026-10-06T05:24:33.576261+00:00,aliexpress,MOTHERBOARD,3256813061057375,for MAXSUN Z890 Motherboard for Intel Core Ultra 15 Series LGA1851 DDR5 ATX Mainboard with PCIe 5.0 M.2 WiFi 7 Gaming PC DIY,1079.69,314.87,2026-10-06,0.0,0,,0.0,314.87
20261006_050540,2026-10-06T05:24:33.576261+00:00,aliexpress,MOTHERBOARD,3256812475091225,ASUS PRIME Z890-P desktop ATX main board for CPU 285K/265K/265KF/245KF,1459.55,425.65,2026-10-06,0.0,0,,0.0,425.65
20261006_050540,2026-10-06T05:24:33.576261+00:00,aliexpress,MOTHERBOARD,3256808502078424,New ROG MAXIMUS Z890 EXTREME LGA1851 Desktop Motherboard Wifi 7 AI Cooling Thunderbolt 5 PCIE 5.0 Intel CPU I3 Four EZ PC E-ATX,5837.5,1702.39,2026-10-06,0.0,0,,0.0,1702.39
20261006_050540,2026-10-06T05:24:33.576261+00:00,aliexpress,MOTHERBOARD,3256812748496562,ROG Maximus Z890 Apex PC Motherboard WIFI 7 AI Cooling DDR5 ARGB Light PCIe5.0 ATX Form Factor for Computer Use 256GB,2542.4,741.44,2026-10-06,0.0,0,,0.0,741.44
20261006_050540,2026-10-06T05:24:33.576261+00:00,aliexpress,MOTHERBOARD,3256810524944259,New AS-US ROG STRIX Z890-H GAMING WIFI S DDR5 5G Lan WIFI7 PCIe5.0  LGA 1851 Desktop CPU Ultra 9/7/5 Processor ATX Motherboard,2160.27,630.0,2026-10-06,0.0,0,,0.0,630.0
20261006_050540,2026-10-06T05:24:33.576261+00:00,aliexpress,MOTHERBOARD,3256812265719949,JGINYUE H810M-D Z890 Snow Dream MAX AI Technology DDR5 LGA1851 M-ATX/ATX Motherboard Support for Core Ultra200 Series Processors,1164.97,339.74,2026-10-06,0.0,0,,0.0,339.74
20261006_050540,2026-10-06T05:24:33.576261+00:00,aliexpress,MOTHERBOARD,3256811857702893,"TUF GAMING Z890-PLUS WIFI Z890 LGA 1851 ATX Motherboard  Cor  Ultra Series 2 Ready, Advanced AI PC-ready  4x M.2, Wi-Fi 7, 2.5Gb",1381.61,402.92,2026-10-06,0.0,0,,0.0,402.92
20261006_050540,2026-10-06T05:24:33.576261+00:00,aliexpress,MOTHERBOARD,3256812256142822,New ROG MAXIMUS Z890 EXTREME LGA1851 Desktop Motherboard Wifi 7 AI Cooling Thunderbolt 5 PCIE 5.0 Intel CPU I3 Four EZ PC E-ATX,8057.5,2349.81,2026-10-06,0.0,0,,0.0,2349.81
20261006_050540,2026-10-06T05:24:33.576261+00:00,aliexpress,MOTHERBOARD,3256812829757437,PRO Z890 A WIFI ATX Motherboard LGA1851 Z890 4 DDR5 256GB 4 M.2 For Arrow Lake S U9 285T U5 245K U5 225 CPU,1330.86,388.12,2026-10-06,0.0,0,,0.0,388.12
20261006_050540,2026-10-06T05:24:33.576261+00:00,aliexpress,MOTHERBOARD,3256812841411597,New TUF GAMING Z890-PRO WIFI DDR5 5G Lan WIFI7 PCIe5.0  LGA 1851 CPU for Desktop CPU Ultra 9/7/5 Processor ATX Motherboard,1800.22,525.0,2026-10-06,0.0,0,,0.0,525.0
20261006_050540,2026-10-06T05:24:33.576261+00:00,aliexpress,MOTHERBOARD,3256813121075531,Maximus Z890 Extreme Lga1851 Desktop Motherboard Wifi 7 Ai Cooling Thunderbolt 5 Pcie 5.0 Cpu I3 Four Ez Pc E-atx,11115.1,3241.5,2026-10-06,0.0,0,,0.0,3241.5
20261006_050540,2026-10-06T05:24:33.576261+00:00,aliexpress,MOTHERBOARD,3256812608579388,"GIGABYTE Z890 AORUS ELITE WIFI7 ICE Ultra Core (Series 2) LGA 1851, ATX, DDR5, 4x M.2, PCIe 5.0, Thunderbolt 4, WIFI7, 2.5GbE LAN, EZ-Latch",833.21,242.99,2026-10-06,0.0,0,,0.0,242.99
20261006_050540,2026-10-06T05:24:33.576261+00:00,aliexpress,MOTHERBOARD,3256811669543486,MEG Z890 ACE desktop ATX main board for CPU 285K/265K/265KF,4786.51,1395.89,2026-10-06,0.0,0,,0.0,1395.89
20261006_050540,2026-10-06T05:24:33.576261+00:00,aliexpress,MOTHERBOARD,3256813048507914,New PRIME Z890-P WIFI DDR5 WIFI7 PCIe5.0  LGA 1851 CPU for Desktop CPU Ultra 9/7/5 Processor ATX Motherboard,1080.13,315.0,2026-10-06,0.0,0,,0.0,315.0
20261006_050540,2026-10-06T05:24:33.576261+00:00,aliexpress,MOTHERBOARD,3256810525843208,ROG Maximus Z890 Apex PC Motherboard WIFI 7 AI Cooling DDR5 ARGB Light PCIe5.0 ATX Form Factor for Computer Use 256GB,2160.27,630.0,2026-10-06,0.0,0,,0.0,630.0
20261006_050540,2026-10-06T05:24:33.576261+00:00,aliexpress,MOTHERBOARD,3256812074444180,TUF Gaming Z890-PLUS WiFi Core Ultra Series 2 Ready Advanced AI PC-Ready DDR5 LGA 1851 ATX Motherboard for Desktop New,5203.88,1517.61,2026-10-06,0.0,0,,0.0,1517.61
20261006_050540,2026-10-06T05:24:33.576261+00:00,aliexpress,MOTHERBOARD,3256812970730645,New ROG MAXIMUS Z890 EXTREME LGA1851 Desktop Motherboard Wifi 7 AI Cooling Thunder 5 PCIE 5.0 Four EZ PC E-Atx,5002.36,1458.84,2026-10-06,0.0,0,,0.0,1458.84
20261006_050540,2026-10-06T05:24:33.576261+00:00,aliexpress,MOTHERBOARD,3256809214103512,HISWISER Intel Z890 PRO Micro ATX Motherboard LGA 1851 slot Core Ultra 200 Series Ultra5 Ultra7 Ultra9 CPU M.2 SSD DDR5 Memory,916.13,267.17,2026-10-06,4.0,0,,0.0,267.17
20261006_050540,2026-10-06T05:24:33.576261+00:00,aliexpress,MOTHERBOARD,3256812008222667,for ASUS x870 Z890 Motherboard WiFi 7 Antenna Quick Release Interface,157.6,45.96,2026-10-06,5.0,0,,0.0,45.96
20261006_050540,2026-10-06T05:24:33.576261+00:00,aliexpress,MOTHERBOARD,3256808858920835,JGINYUE B650M Snow Dream Motherboard AM5 DDR5 for  AMD Ryzen 7000/8000/9000 Series CPU 19-Phase Power WiFi 6 White Gaming,449.85,131.19,2026-10-06,4.9,0,,0.0,131.19
20261006_050540,2026-10-06T05:24:33.576261+00:00,aliexpress,MOTHERBOARD,3256810053545875,MACHINIST X99 U9 Motherboard TPM2.0 With Intel Xeon E5 2696 V3/ E5 2699 V3 DDR4 Four Channels RAM NVME M.2*3 X99/C612 Chip,478.38,139.51,2026-10-06,4.6,0,,0.0,139.51
20261006_050540,2026-10-06T05:24:33.576261+00:00,aliexpress,MOTHERBOARD,3256810188543032,GIGABYTE New B850M AORUS ELITE WIFI7 ICE-P Micro ATX AMD B850 Ryzen 9000 8000 7000 Series CPU Socket AM5 Motherboard,1058.81,308.78,2026-10-06,0.0,0,,0.0,308.78
20261006_050540,2026-10-06T05:24:33.576261+00:00,aliexpress,MOTHERBOARD,3256809318650358,GIGABYTE NEW B550M K Motherboard Micro ATX AMD B550 AMD Socket AM4,404.14,117.86,2026-10-06,4.8,0,,0.0,117.86
20261006_050540,2026-10-06T05:24:33.576261+00:00,aliexpress,MOTHERBOARD,3256808934584833,GIGABYTE B650M GAMING WIFI New Support for DDR5 M.2 AMD Ryzen 7000/8000/9000 series processors Socket AM5 Motherboard,563.38,164.3,2026-10-06,4.8,0,,0.0,164.3
20261006_050540,2026-10-06T05:24:33.576261+00:00,aliexpress,MOTHERBOARD,3256806985146504,MACHINIST B760 GT4 DDR4 Motherboard LGA 1700 Support Intel Core I3/i5/i7/i9 12th 13th Processor CPU Dual Channel Memory,274.7,80.11,2026-10-06,4.9,0,,0.0,80.11
20261006_050540,2026-10-06T05:24:33.576261+00:00,aliexpress,MOTHERBOARD,3256811824832691,MSI B650M GAMING PLUS WIFI AMD B650 Supports DDR5 7200+MHz (OC) 192GB AMD Ryzen ™ 7000 8000 Series Motherboard Socket AM5,656.69,191.51,2026-10-06,4.9,0,,0.0,191.51
20261006_050540,2026-10-06T05:24:33.576261+00:00,aliexpress,MOTHERBOARD,3256805762234693,MACHINIST X99 PR9 X99 Motherboard Support LGA 2011-3 Intel Xeon E5 V3&V4 CPU DDR4 RAM SATA/NVME M.2 Slot USB3.0,160.68,46.86,2026-10-06,4.7,0,,0.0,46.86
20261006_050540,2026-10-06T05:24:33.576261+00:00,aliexpress,MOTHERBOARD,3256807495182074,PRO B650M MATX AMD B650 DDR5 6000+MHz M.2 SATA USB3.2 64G Double Channel DDR5 Ryzen 7000/8000/9000 Serie Socket AM5 Motherboard,404.42,117.94,2026-10-06,4.7,0,,0.0,117.94
20261006_050540,2026-10-06T05:24:33.576261+00:00,aliexpress,MOTHERBOARD,3256807290626502,MACHINIST X99 MR9A PRO MAX Motherboard Support TPM2.0 LGA 2011-3 Intel Xeon E5 V3&V4 CPU DDR4 RAM Memory NVME/SATA USB3.0 ATX,283.72,82.74,2026-10-06,4.9,0,,0.0,82.74
20261006_050540,2026-10-06T05:24:33.576261+00:00,aliexpress,MOTHERBOARD,3256807041565275,JGINYUE AMD AM4 ITX Motherboard Supports Ryzen R3 R5 R7 R9 1/2/3/4/5 Series CPU DDR4 RAM Desktop PC PCI-E 3.0 B350i PLUS ARGB,273.63,79.8,2026-10-06,4.6,0,,0.0,79.8
20261006_050540,2026-10-06T05:24:33.576261+00:00,aliexpress,MOTHERBOARD,3256812623549858,White WIFI 7 Gaming Motherboard Magnetic Base Antenna EZ-Plug Connector For ASUS ROG Strix TUF Prime ProArt  Z790 X890 Z890 B850,139.49,40.68,2026-10-06,0.0,0,,0.0,40.68
20261006_050540,2026-10-06T05:24:33.576261+00:00,aliexpress,MOTHERBOARD,3256808077164404,ERYING AM5 Motherboard Supports AMD Ryzen 7000 Series CPU Processors DDR5 Dual Channel Memory RAM ITX B650i 2*Pcie4.0x4 M.2 NVME,474.47,138.37,2026-10-06,4.9,0,,0.0,138.37
20261006_050540,2026-10-06T05:24:33.576261+00:00,aliexpress,MOTHERBOARD,3256807212387374,ASUS PRIME Motherboard PRIME Z690-A With LGA 1700 Socket for Intel Core 14th 13th 12th Gen Core i3 i5 i7 i9 Processors DDR5 DIMM,763.09,222.54,2026-10-06,5.0,0,,0.0,222.54
20261006_050540,2026-10-06T05:24:33.576261+00:00,aliexpress,MOTHERBOARD,3256807786088827,JGINYUE B760i Motherboard LGA 1700 Support Intel Core 12th 13th DDR5 Memory RAM Latest mini ITX B760i-Snow Dream D5,514.01,149.9,2026-10-06,4.5,0,,0.0,149.9
20261006_050540,2026-10-06T05:24:33.576261+00:00,aliexpress,MOTHERBOARD,3256808918316242,ASRock B550M-HDV Motherboard AMD AM4 Support Ryzen 5 5600 5600X R7 5700X3D 5800X3D CPU 4xDDR4 M.2 HDMI PCIe 4.0 mATX,447.42,130.48,2026-10-06,5.0,0,,0.0,130.48
20261006_050540,2026-10-06T05:24:33.576261+00:00,aliexpress,MOTHERBOARD,3256808943968608,ASUS ROG MAXIMUS Z690 HERO Z690 DDR5 Motherboard LGA 1700 For I9-13900K I7-12700K I5-12600K ATX M.2 SATA III Gaming Mainboard,945.0,275.59,2026-10-06,4.9,0,,0.0,275.59
20261006_050540,2026-10-06T05:24:33.576261+00:00,aliexpress,MOTHERBOARD,3256809613414685,Ultra ES 0000 Series Motherboard Integrated CPU(Refer to U5 125H 225H 255H U7 155H 165H) DDR5 RAM AI ARGB LGA115X PCIe 3.0x8,826.9,241.15,2026-10-06,4.9,0,,0.0,241.15
20261006_050540,2026-10-06T05:24:33.576261+00:00,aliexpress,MOTHERBOARD,3256812140776614,Terminator B650M WIFI ICE AMD B650 Supports DDR5 4800/5200/OC+Mhz 192GB AMD Ryzen 7000 8000 Series Motherboard Socket AM5 MAXSUN,528.24,154.05,2026-10-06,4.1,0,,0.0,154.05
20261006_050540,2026-10-06T05:24:33.576261+00:00,aliexpress,MOTHERBOARD,3256812046446736,B85M-E B85 LGA 1150 i7 i5 i3 SATA3 USB3.0 100% Testing ok,228.17,66.54,2026-10-06,1.0,0,,0.0,66.54
20261006_050540,2026-10-06T05:24:33.576261+00:00,aliexpress,MOTHERBOARD,3256808181299073,ASROCK A620I Lightning WiFi Mini-ITX Motherboard Socket AM5 AMD A620 DDR5 128GB M.2 support Ryzen 5 7400F Ryzen 7 7700 cpu,603.54,176.01,2026-10-06,4.6,0,,0.0,176.01
20261006_050540,2026-10-06T05:24:33.576261+00:00,aliexpress,MOTHERBOARD,3256810188388806,MSI New B850M GAMING WIFI6E Micro ATX AMD B850 Supports AMD Ryzen™ 9000/ 8000/ 7000 Series Motherboard Socket AM5,781.67,227.96,2026-10-06,3.0,0,,0.0,227.96
20261006_050540,2026-10-06T05:24:33.576261+00:00,aliexpress,MOTHERBOARD,3256811670115339,GIGABYTE B460M aorus elite PCI-E 3.0 4×DDR4 1×Display Port 1×DVI 1×HDMI 128GB Motherboard,301.24,87.85,2026-10-06,2.7,0,,0.0,87.85
20261006_050540,2026-10-06T05:24:33.576261+00:00,aliexpress,MOTHERBOARD,3256809223526272,ASUS ROG STRIX B650E-F GAMING WIFI AMD B650 AM5 Motherboard DDR5 192GB M.2 ATX support Ryzen 5 9600X Ryzen 5 8500G Ryzen 9 7900,1068.58,311.63,2026-10-06,5.0,0,,0.0,311.63
20261006_050540,2026-10-06T05:24:33.576261+00:00,aliexpress,MOTHERBOARD,3256807579906218,New MPG B650I EDGE WIFI Motherboard 128GB DDR5 AMD B650 Socket AM5 Mini ITX Supports AMD Ryzen 9000/ 8000/ 7000 Serie Processors,1002.98,292.5,2026-10-06,5.0,0,,0.0,292.5
20261006_050540,2026-10-06T05:24:33.576261+00:00,aliexpress,MOTHERBOARD,3256802781031225,GIGABYTE  B365M AORUS ELITE Micro ATX Intel B365 M.2 SSD New 64G Double Channel Support 8 9 Gen LGA 1151 CPU Motherboard,349.76,102.0,2026-10-06,4.9,0,,0.0,102.0
20261006_050540,2026-10-06T05:24:33.576261+00:00,aliexpress,MOTHERBOARD,3256810055525379,JINGYUE X99 TI D4 Placa Mãe Gaming Motherboard Support LGA 2011-3 E5 V3 V4 CPU DDR4 RAM NVME M.2 SATA USB3.0 ATX Motherboard X99,411.03,119.87,2026-10-06,0.0,0,,0.0,119.87
20261006_050540,2026-10-06T05:24:33.576261+00:00,aliexpress,MOTHERBOARD,3256811960951112,For ROG STRIX X570-E GAMING Motherboard 128GB HDMI PCI-E4.0 M.2 Socket AM4 DDR4 ATX X570 Mainboard 100% Tested Fully Work,1341.66,391.27,2026-10-06,5.0,0,,0.0,391.27
20261006_050540,2026-10-06T05:24:33.576261+00:00,aliexpress,MOTHERBOARD,3256808009613552,ASRock X299E-ITX/ac Mini ITX Motherboard DDR4 Intel X299 LGA 2066 Support I9-9940X 9800X 7800X 10900X CPU PCI-E 3.0 M.2,1328.77,387.51,2026-10-06,5.0,0,,0.0,387.51
20261006_050540,2026-10-06T05:24:33.576261+00:00,aliexpress,MOTHERBOARD,3256808988839969,ASUS TUF GAMING B560M-PLUS LGA1200 (Intel®11th/10th Gen) Micro ATX gaming motherboard,395.19,115.25,2026-10-06,4.9,0,,0.0,115.25
20261006_050540,2026-10-06T05:24:33.576261+00:00,aliexpress,MOTHERBOARD,3256807744852872,ASUS ROG STRIX B360H GAMING motherboard with Aura Sync RGB LED DDR4 ATX Motherboard,336.04,98.0,2026-10-06,5.0,0,,0.0,98.0
20261006_050540,2026-10-06T05:24:37.182612+00:00,aliexpress,MOTHERBOARD,3256808350056502,DIY Gaming Computer Motherboard with Onboard CPU 13th Core Interpose Kit Q1J1 ES 0000 8C12T DDR4 RAM LGA115X Desktop PC,628.3,183.23,2026-10-06,4.4,0,,0.0,183.23
20261006_050540,2026-10-06T05:24:37.182612+00:00,aliexpress,MOTHERBOARD,3256806141617147,N100/N150 6 Bays NAS Motherboard 4x 2.5GNetwork Card 6x SATA3.0 2x M.2 NVMe DDR5 17x17 Mini ITX Motherboard With PCIE DIY NAS,1297.77,378.47,2026-10-06,5.0,0,,0.0,378.47
20261006_050540,2026-10-06T05:24:37.182612+00:00,aliexpress,MOTHERBOARD,3256809246160320,FOR New Original GIGABYTE WIFI7 EZ-Plug Antenna Signal Receiver For B860 B860M Z890 X870 B550 EAGLE Motherboard WWAN Card Aerial,84.73,24.71,2026-10-06,5.0,0,,0.0,24.71
20261006_050540,2026-10-06T05:24:37.182612+00:00,aliexpress,MOTHERBOARD,3256807933736019,EZ-Plug WIFI7 Antenna For GIGABYTE Z890 Z890M AORUS ELITE X870 X870E GAMING X EAGLE Motherboard Magnetic Wi-Fi7 Antenna,38.64,11.27,2026-10-06,5.0,0,,0.0,11.27
20261006_050540,2026-10-06T05:24:37.182612+00:00,aliexpress,MOTHERBOARD,3256806776633787,Adegrees High Quality Motherboard Backplane CPU Heatsink Fan Bracket Backplate for Intel LGA 1150/1151/1155/1156,3.74,1.09,2026-10-06,4.8,0,,0.0,1.09
20261006_050540,2026-10-06T05:24:37.182612+00:00,aliexpress,MOTHERBOARD,3256812687194207,GIGABYTE WIFI 7 Magnetic Antenna 2.4 5 6G Tri-band WIFI 6E For X870 X870E 870M X870I AORUS Gaming Motherboard New Interface,70.29,20.5,2026-10-06,5.0,0,,0.0,20.5
20261006_050540,2026-10-06T05:24:37.182612+00:00,aliexpress,MOTHERBOARD,3256811542230374,AA  New GC-TPM 2.0 (12pin) SPI SLB9670 Module For Gigabyte Z890 EAGLE WIFI7,111.41,32.49,2026-10-06,0.0,0,,0.0,32.49
20261006_050540,2026-10-06T05:24:37.182612+00:00,aliexpress,MOTHERBOARD,3256810432026060,Original MSI WIFI7 Antenna White EZ-Plug for MSI ASUS GIGABYTE B840 B850 Z890 MAG B860-P B860M-A X870 GAMING PLUS Motherboard,77.36,22.56,2026-10-06,4.9,0,,0.0,22.56
20261006_050540,2026-10-06T05:24:37.182612+00:00,aliexpress,MOTHERBOARD,3256812455915979,A003 WIFI7 EZ-WI-FI Antenna Signal Receiver EZ-Plug for Mother Board Pro B840 B850 Z890 B860-P B860M-A GAMING PLUS,50.71,14.79,2026-10-06,0.0,0,,0.0,14.79
20261006_050540,2026-10-06T05:24:37.182612+00:00,aliexpress,MOTHERBOARD,3256808556932796,Intel Motherboard Bracket 775/115X（1200）/1366/1700 Heat Sink Fan CPU Base Motherboard Bracket 12/13/14th Generation CPU Base,3.74,1.09,2026-10-06,3.0,0,,0.0,1.09
20261006_050540,2026-10-06T05:24:37.182612+00:00,aliexpress,MOTHERBOARD,3256810268446096,MSI Original WIFI7 Antenna WiFi 7 Antennae EZ-Plug for Mother Board Pro B840  B850 Z890 MAG B860-P B860M-A X870 GAMING PLUS,72.04,21.01,2026-10-06,4.5,0,,0.0,21.01
20261006_050540,2026-10-06T05:24:37.182612+00:00,aliexpress,MOTHERBOARD,3256808337741535,Original GIGABYTE WIFI 7 Antenna EZ-Plug For Z890 Z890M AORUS ELITE X870 X870E GAMING X EAGLE Motherboard Magnetic WiFi7 Antenna,74.13,21.62,2026-10-06,4.9,0,,0.0,21.62
20261006_050540,2026-10-06T05:24:37.182612+00:00,aliexpress,MOTHERBOARD,3256808596183079,DIY Gaming Computer Motherboard with Onboard 13th Core CPU ES 0000(Refer to I9 13900H) 14C20T DDR5 Desktops Mainboard G665,963.82,281.08,2026-10-06,4.3,0,,0.0,281.08
20261006_050540,2026-10-06T05:24:37.182612+00:00,aliexpress,MOTHERBOARD,3256807903193698,ASUS PRIME B450M-A Motherboard Support 5800X3D 5700X 5600X 5600G 1700X 2700X CPU 2xDDR4 M.2 HDMI MATX AMD AM4 Mainboard,330.86,96.49,2026-10-06,4.6,0,,0.0,96.49
20261006_050540,2026-10-06T05:24:37.182612+00:00,aliexpress,MOTHERBOARD,3256809516025044,GIGABYTE B850M AORUS PRO WIFI7 Motherboard New Supports Ryzen 9000 12+2+2 power supplyMicro ATX AMD B850 Socket AM5,1231.35,359.1,2026-10-06,5.0,0,,0.0,359.1
20261006_050540,2026-10-06T05:24:37.182612+00:00,aliexpress,MOTHERBOARD,3256807040703756,JGINYUE AMD B550 AM4 Mini ITX Motherboard Supports Ryzen R5 4000/5000 Series Processors DDR4 RAM PCI-E 4.0 B550i GAMING,329.77,96.17,2026-10-06,4.7,0,,0.0,96.17
20261006_050540,2026-10-06T05:24:37.182612+00:00,aliexpress,MOTHERBOARD,3256806929941730,JGINYUE AM5 Motherboard Supports AMD Ryzen 7000 Series CPU Processors DDR5 Dual Channel Memory RAM ITX B650i Night Devil,472.72,137.86,2026-10-06,4.3,0,,0.0,137.86
20261006_050540,2026-10-06T05:24:37.182612+00:00,aliexpress,MOTHERBOARD,3256806811173275,GIGABYTE B650M GAMING WIFI Micro-ATX AMD B650 Socket AM5 New motherboard,495.56,144.52,2026-10-06,4.6,0,,0.0,144.52
20261006_050540,2026-10-06T05:24:40.617603+00:00,aliexpress,MOTHERBOARD,3256811908883195,Original Replacement For MacBook Air 15 inch A3114 M3 Motherboard 2024 Year 8G 16G 256G 500G 1TB 2TB Logic Board With Touch ID,1543.05,450.0,2026-10-06,0.0,0,,0.0,450.0
20261006_050540,2026-10-06T05:24:40.617603+00:00,aliexpress,MOTHERBOARD,3256812830937425,Hot Sale Windows 11 Intel Core I9 8950HK I3-6100 Mini PC Computer 16GB RAM 512GB Gaming Computer WiFi6 Portable Mini Desktop PC,597.09,174.13,2026-10-06,5.0,0,,0.0,174.13
20261006_050540,2026-10-06T05:24:40.617603+00:00,aliexpress,MOTHERBOARD,3256808784145947,Intel N100 8505 7505 6305 6x i226-V 2.5G Firewall Server Fanless Mini PC DDR4 NVMe 1*COM Type-C pfSense OPNsense Mini Computer,615.09,179.38,2026-10-06,5.0,0,,0.0,179.38
20261006_050540,2026-10-06T05:24:40.617603+00:00,aliexpress,MOTHERBOARD,3256802444792429,Original A1932 Laptop Motherboard For Macbook Air 13' A1932 Logic Board with Touch ID 820-01521-A 2018 2019 Years,413.19,120.5,2026-10-06,5.0,0,,0.0,120.5
20261006_050540,2026-10-06T05:24:40.617603+00:00,aliexpress,MOTHERBOARD,3256811911090105,"Tested For MacBook Air 13"" M1 A2337 Motherboard EMC 3598 Ram 8GB 16GB SSD 256GB 500GB Logic Board With Touch Button 820-02016",1097.28,320.0,2026-10-06,0.0,0,,0.0,320.0
20261006_050540,2026-10-06T05:24:40.617603+00:00,aliexpress,MOTHERBOARD,3256811791408060,"2023 Replacement New For MacBook Pro14"" M3 Max A2992 Motherboard 18G 36G 500GB 1TB 2TB 4TB 8TB Logic Board With Touch ID Button",1885.95,550.0,2026-10-06,0.0,0,,0.0,550.0
20261006_050540,2026-10-06T05:24:40.617603+00:00,aliexpress,MOTHERBOARD,3256812263751301,M4 Logic Board For Macbook Air Pro A3240 A3241 A3401 A3403 A3112 A3185 A3186 Motherboard Repair Replace Cpu M4 Ram 8g 16g 24g,5657.85,1650.0,2026-10-06,0.0,0,,0.0,1650.0
20261006_050540,2026-10-06T05:24:40.617603+00:00,aliexpress,MOTHERBOARD,3256811909214365,"Tested For MacBook Air 13"" M1 A2337 Motherboard With Touch Button 820-02016 EMC 3598 Ram 8GB 16GB SSD 256GB 500GB Logic Board",925.83,270.0,2026-10-06,0.0,0,,0.0,270.0
20261006_050540,2026-10-06T05:24:40.617603+00:00,aliexpress,MOTHERBOARD,3256811791338171,"Year 2023 Replacement For MacBook Air 15"" M2 A2941 Motherboard Ram 8G 16G SSD 256GB 500GB 1TB Logic Board With Touch ID Button",1440.18,420.0,2026-10-06,5.0,0,,0.0,420.0
20261006_050540,2026-10-06T05:24:40.617603+00:00,aliexpress,MOTHERBOARD,3256811905351239,Original Brand New For MacBook Pro 13-inch A2338 m2 m1 Motherboard With Touch ID 8G 16G 512G 1TB 2TB Tested Good Replacement,1765.93,515.0,2026-10-06,0.0,0,,0.0,515.0
20261006_050540,2026-10-06T05:24:40.617603+00:00,aliexpress,MOTHERBOARD,3256811909054536,"Year 2023 Replacement For MacBook Air 15"" M2 A2941 Motherboard 8G 16G 256G 500G 1TB Logic Board With Touch ID Button Original",1440.18,420.0,2026-10-06,0.0,0,,0.0,420.0
20261006_050540,2026-10-06T05:24:40.617603+00:00,aliexpress,MOTHERBOARD,3256811913075452,Replacement For Macbook Air A1466 Motherboard i5 4G 8G Logic Board  820-00165 820-3437 Emc 2632 2925 3178,137.16,40.0,2026-10-06,0.0,0,,0.0,40.0
20261006_050540,2026-10-06T05:24:40.617603+00:00,aliexpress,MOTHERBOARD,3256805424372432,Topton P5 12th Gen Palm Fanless Mini PC Firewall NAS Computer Intel i3 N305 N150 N100 DDR5 NVMe 2x2.5G LAN 2xSATA Homelab Server,836.09,243.83,2026-10-06,5.0,0,,0.0,243.83
20261006_050540,2026-10-06T05:24:40.617603+00:00,aliexpress,MOTHERBOARD,3256808933677988,Tested A2779 Logic Board 16G 32G 500G 1TB Ssd for Macbook M2 Pro2023 Motherboard 820-02841-A EMC 8102 Replacement with Touch ID,2386.58,696.0,2026-10-06,0.0,0,,0.0,696.0
20261006_050540,2026-10-06T05:24:40.617603+00:00,aliexpress,MOTHERBOARD,3256811908935029,"Tested For MacBook Air 13"" M1 A2337 Motherboard EMC 3598 Ram 8GB 16GB SSD 256GB 500GB Logic Board With Touch Button 820-02016",925.83,270.0,2026-10-06,0.0,0,,0.0,270.0
20261006_050540,2026-10-06T05:24:44.021396+00:00,aliexpress,MOTHERBOARD,3256811690652437,Tested Original For MacBook Pro a1989 Logic Board Motherboard Repair 820-00850 With Touch ID Touch Button MainBoard Change New,754.38,220.0,2026-10-06,0.0,0,,0.0,220.0
20261006_050540,2026-10-06T05:24:44.021396+00:00,aliexpress,MOTHERBOARD,3256811909249921,For MacBook Pro 16-inch 2023 Year A2780 M2 Max Motherboard EMC 8103 With Touch ID 16G 32G 512G 1TB 2TB Storage Tested Good Well,3514.72,1025.0,2026-10-06,0.0,0,,0.0,1025.0
20261006_050540,2026-10-06T05:24:44.021396+00:00,aliexpress,MOTHERBOARD,3256809277311010,"2023 Year For MacBook Pro 14"" M3 A2918 EMC 8304 Motherboard 16G 32G 500G 1TB 2TB Logic Board With Touch ID Button Orginal New",2537.46,740.0,2026-10-06,0.0,0,,0.0,740.0
20261006_050540,2026-10-06T05:24:44.021396+00:00,aliexpress,MOTHERBOARD,3256811592250314,Laptop CPU Cooling Fan for Dell inspiron 15 5570 5575 3580 3593 for inspiron 17 3780 3793 for Latitude 3590 L3590 E3590,16.66,4.86,2026-10-06,5.0,0,,0.0,4.86
20261006_050540,2026-10-06T05:24:44.021396+00:00,aliexpress,MOTHERBOARD,3256805780717912,Laptop CPU Cooling Fan for Dell inspiron 15 5570 5575 3580 3593 for inspiron 17 3780 3793 for Latitude 3590 L3590 E3590,20.03,5.84,2026-10-06,4.7,0,,0.0,5.84
20261006_050540,2026-10-06T05:24:50.661131+00:00,amazon_usa,MOTHERBOARD,B0BQD58D96,"ASUS TUF Gaming Z790-Plus WiFi LGA 1700(Intel 14th,12th &13th Gen) ATX Gaming Motherboard(PCIe 5.0,DDR5,4xM.2 Slots,16+1 DrMOS,WiFi 6,2.5Gb LAN,Front USB 3.2 Gen 2 Type-C,Thunderbolt 4(USB4),Aura RGB)",181.33,52.88,2026-10-06,4.5,1300,https://www.amazon.com/ASUS-TUF-Intel%C2%AE12th-Motherboard-Thunderbolt/dp/B0BQD58D96,0.0,52.88
20261006_050540,2026-10-06T05:24:50.661131+00:00,amazon_usa,MOTHERBOARD,B0BH9DXY38,"GIGABYTE Z790 AORUS Elite AX LGA 1700 ATX Motherboard, Support Intel Core 14th/13th/12th Gen, DDR5, 16+1+2 Power Phase, 4X M.2, PCIe 5.0, USB-C 3.2, WIFI6E, 2.5GbE, Q-Flash, EZ-Latch, RGB Fusion",191.37,55.81,2026-10-06,4.4,1200,https://www.amazon.com/GIGABYTE-Z790-Q-Flash-EZ-Latch-Motherboard/dp/B0BH9DXY38,0.0,55.81
20261006_050540,2026-10-06T05:24:50.661131+00:00,amazon_usa,MOTHERBOARD,B0FBB9TQ5L,"ASUS Z790-AYW WiFi W II Intel Z790 (LGA 1700) ATX Motherboard with PCIe® 5.0, 3X M.2, 12+1 DrMOS, DDR5, WiFi 6, 2.5Gb LAN, HDMI, USB 10Gbps Type-C®, USB 10Gbps Type-C®, Thunderbolt™, USB4®, Aura Sync",201.45,58.75,2026-10-06,4.3,145,https://www.amazon.com/ASUS-Z790-AYW-II-Motherboard-ThunderboltTM/dp/B0FBB9TQ5L,0.0,58.75
20261006_050540,2026-10-06T05:24:50.661131+00:00,amazon_usa,MOTHERBOARD,B0CTNPZLNH,"GIGABYTE Z790 Eagle AX LGA 1700 ATX Motherboard, Support Intel Core 14th/13th/12th Gen, DDR5, 12+1+1 Power Phase, 3X M.2, PCIe 5.0, USB-C 3.2, WIFI6E, 2.5GbE, Q-Flash, EZ-Latch, RGB Fusion",171.24,49.94,2026-10-06,4.4,209,https://www.amazon.com/GIGABYTE-Z790-EAGLE-AX-Motherboard/dp/B0CTNPZLNH,0.0,49.94
20261006_050540,2026-10-06T05:24:50.661131+00:00,amazon_usa,MOTHERBOARD,B0DD5RJLZ8,"ASUS Z790 GAMING WIFI7 (LGA 1700) ATX motherboard with PCIe 5.0, three M.2 slots, 14+1 DrMOS, DDR5, Realtek 1Gb LAN, HDMI TM, USB 3.2 Gen 2x2 Type-C, front USB 3.2 Gen 1 Type-C, Thunderbolt, Aura Sync",166.2,48.47,2026-10-06,4.3,28,https://www.amazon.com/ASUS-Z790-GAMING-WIFI7-motherboard/dp/B0DD5RJLZ8,0.0,48.47
20261006_050540,2026-10-06T05:24:50.661131+00:00,amazon_usa,MOTHERBOARD,B0F8PR49WV,"ASUS Z790 MAX Gaming WIFI7 Intel Z790 (LGA 1700) ATX Motherboard with PCIe 5.0, Three M.2 Slots, 14+1 DrMOS, DDR5, WiFi 7, Realtek 1Gb LAN, HDMI, USB 20Gbps Type-C®, Thunderbolt™ (USB4®), Aura Sync",201.45,58.75,2026-10-06,4.4,60,https://www.amazon.com/ASUS-Z790-MAX-WIFI7-ThunderboltTM/dp/B0F8PR49WV,0.0,58.75
20261006_050540,2026-10-06T05:24:50.661131+00:00,amazon_usa,MOTHERBOARD,B0BL8K1YH1,"msi MAG Z790 Tomahawk WiFi Gaming Motherboard (Supports 12th/13th/14th Gen Intel Processors, LGA 1700, DDR5, PCIe 5.0, M.2, 2.5Gbps LAN, USB 3.2 Gen2, HDMI/DP, Wi-Fi 6E, Bluetooth 5.3, ATX)",231.66,67.56,2026-10-06,4.1,588,https://www.amazon.com/MSI-MAG-Z790-Motherboard-Processors/dp/B0BL8K1YH1,0.0,67.56
20261006_050540,2026-10-06T05:24:50.661131+00:00,amazon_usa,MOTHERBOARD,B0D8STYFCN,"Amazon Renewed Z790 GAMING PLUS WIFI-AMZ Gaming Motherboard (Support 14th/13th/12th Gen Intel Processors, LGA 1700, DDR5, PCIe 5.0, M.2 Slots, 2.5Gbps LAN, USB 3.2 Gen2, Wi-Fi 6E, Bluetooth 5.3, ATX) ",127.49,37.18,2026-10-06,4.0,35,https://www.amazon.com/MSI-WIFI-AMZ-Motherboard-Processors-Bluetooth/dp/B0D8STYFCN,0.0,37.18
20261006_050540,2026-10-06T05:24:50.661131+00:00,amazon_usa,MOTHERBOARD,B0CJSJ9TB3,"msi PRO Z790-A MAX WiFi ProSeries Motherboard (Supports 12th/13th/14th Gen Intel Processors, LGA 1700, DDR5, PCIe 5.0, M.2, SATA 6G, 2.5Gbps LAN, USB 3.2 Gen2, Wi-Fi 7, Bluetooth 5.4, ATX)",282.04,82.25,2026-10-06,4.5,509,https://www.amazon.com/MSI-PRO-MAX-WiFi-Motherboard/dp/B0CJSJ9TB3,0.0,82.25
20261006_050540,2026-10-06T05:24:50.661131+00:00,amazon_usa,MOTHERBOARD,B0BJDZ4YZR,ASRock Z790 Pro RS Intel Z790 Series CPU (LGA1700) DDR5 Memory Compatible Z790 ATX Motherboard,282.07,82.26,2026-10-06,3.8,71,https://www.amazon.com/ASRock-Z790-RS-Compatible-Motherboard/dp/B0BJDZ4YZR,0.0,82.26
20261006_050540,2026-10-06T05:24:50.661131+00:00,amazon_usa,MOTHERBOARD,B0BHTMXMRQ,"GIGABYTE Z790 UD AC LGA 1700 ATX Motherboard, Support Intel Core 14th/13th/12th Gen, DDR5, 16+1+1 Power Phase, 3X M.2, PCIe 5.0, USB-C 3.2, Dual Band WiFi, 2.5GbE, EZ-Latch, Q-Flash, RGB Fusion",201.45,58.75,2026-10-06,4.2,431,https://www.amazon.com/GIGABYTE-Z790-EZ-Latch-Multi-Key-Motherboard/dp/B0BHTMXMRQ,0.0,58.75
20261006_050540,2026-10-06T05:24:50.661131+00:00,amazon_usa,MOTHERBOARD,B0D2PK3CC1,"GIGABYTE Z790M AORUS Elite AX ICE LGA 1700 Intel Z790 M-ATX Motherboard with DDR5, Triple M.2, PCIe 5.0, USB 3.2 Gen2X2 Type-C, Intel Wi-Fi 6E, 2.5GbE LAN, Q-Flash Plus, EZ-Latch Plus",381.92,111.38,2026-10-06,4.2,91,https://www.amazon.com/GIGABYTE-Z790M-AORUS-ICE-Motherboard/dp/B0D2PK3CC1,0.0,111.38
20261006_050540,2026-10-06T05:24:50.661131+00:00,amazon_usa,MOTHERBOARD,B0CPB4CKW6,"Amazon Renewed TUF Gaming Z790-Plus WiFi LGA 1700(Intel 14th,12th &13th Gen) ATX Motherboard(PCIe 5.0,DDR5,4xM.2 Slots,16+1 DrMOS,WiFi 6,2.5Gb LAN,Front USB 3.2 Gen 2 Type-C,(USB4),Aura RGB) (Renewed)",110.79,32.31,2026-10-06,4.2,17,https://www.amazon.com/ASUS-Z790-Plus-Motherboard-Thunderbolt-Renewed/dp/B0CPB4CKW6,0.0,32.31
20261006_050540,2026-10-06T05:24:50.661131+00:00,amazon_usa,MOTHERBOARD,B0D2JFH7NQ,"msi Z790 Gaming Plus WiFi-AMZ Gaming Motherboard (Support 14th/13th/12th Gen Intel Processors, LGA 1700, DDR5, PCIe 5.0, M.2 Slots, 2.5Gbps LAN, USB 3.2 Gen2, Wi-Fi 6E, Bluetooth 5.3, ATX)",179.41,52.32,2026-10-06,4.0,129,https://www.amazon.com/MSI-WiFi-AMZ-Motherboard-Processors-Bluetooth/dp/B0D2JFH7NQ,0.0,52.32
20261006_050540,2026-10-06T05:24:54.411525+00:00,amazon_usa,MOTHERBOARD,B0BL92SPJQ,"msi MPG Z790 Edge WiFi Gaming Motherboard (Supports 12th/13th/14th Gen Intel Processors, LGA 1700, DDR5, PCIe 5.0, M.2, 2.5Gbps LAN, USB 3.2 Gen2, Wi-Fi 6E, Bluetooth 5.3, ATX)",428.87,125.07,2026-10-06,4.5,313,https://www.amazon.com/MSI-MPG-Z790-Edge-Motherboard/dp/B0BL92SPJQ,0.0,125.07
20261006_050540,2026-10-06T05:24:54.411525+00:00,amazon_usa,MOTHERBOARD,B0BH97W2N4,ASUS ROG Strix Z790-A Gaming WiFi D4 Intel Z790 LGA 1700 ATX DDR4-SDRAM Motherboard,729.31,212.69,2026-10-06,4.2,188,https://www.amazon.com/Strix-Z790-Gaming-DDR4-SDRAM-Motherboard/dp/B0BH97W2N4,0.0,212.69
20261006_050540,2026-10-06T05:24:54.411525+00:00,amazon_usa,MOTHERBOARD,B0BLF7QXJK,"GIGABYTE Z790 Gaming X AX Intel LGA 1700 ATX Motherboard, 4X DDR5~128GB, 3X PCI-E x16, 3X M.2, 6X SATA, 5X USB 3.2, 1x USB-C, 6X USB 2.0",453.31,132.2,2026-10-06,4.3,121,https://www.amazon.com/GIGABYTE-GAMING-Intel-Motherboard-128GB/dp/B0BLF7QXJK,0.0,132.2
20261006_050540,2026-10-06T05:24:54.411525+00:00,amazon_usa,MOTHERBOARD,B0C2ZWVHDF,"Amazon Renewed MAG Z790 Tomahawk WiFi Computer Gaming Motherboard (Supports 12th/13th Gen Intel Processors, LGA 1700, DDR5, PCIe 5.0, M.2, USB 3.2 Gen2, Wi-Fi 6E, ATX) Intel Gaming PC Motherboards (Re",139.46,40.67,2026-10-06,4.0,26,https://www.amazon.com/MSI-Tomahawk-Motherboard-Processors-Motherboards/dp/B0C2ZWVHDF,0.0,40.67
20261006_050540,2026-10-06T05:24:54.411525+00:00,amazon_usa,MOTHERBOARD,B0BSVYXM5C,GIGABYTE Z790 Gaming X AX (LGA 1700/ Intel/ Z790/ ATX/ DDR5/ M.2/ PCIe 5.0/ USB 3.2 Gen2X2 Type-C/Intel Wi-Fi 6E/ 2.5GbE LAN/Q-Flash Plus/EZ-Latch Plus/Gaming Motherboard),321.67,93.81,2026-10-06,4.4,177,https://www.amazon.com/GIGABYTE-Z790-AX-EZ-Latch-Motherboard/dp/B0BSVYXM5C,0.0,93.81
20261006_050540,2026-10-06T05:24:54.411525+00:00,amazon_usa,MOTHERBOARD,B0D8WH39QJ,"GIGABYTE Z790 Gaming Plus AX LGA 1700 Intel Z790 ATX Motherboard with DDR5, Triple M.2, PCIe 4.0, USB 3.2 Gen2 Type-C, Realtek Wi-Fi 6, Realtek LAN, Q-Flash Plus, EZ-Latch",217.57,63.45,2026-10-06,4.5,59,https://www.amazon.com/GIGABYTE-Z790-AX-Motherboard-EZ-Latch/dp/B0D8WH39QJ,0.0,63.45
20261006_050540,2026-10-06T05:24:54.411525+00:00,amazon_usa,MOTHERBOARD,B0CKM9NYCS,Amazon Renewed N7 Z790 Motherboard - N7-Z79XT-B1 - Intel Z790 chipset (Supports 12th &13th Gen CPUs) - ATX Gaming Motherboard - Integrated I/O Shield - WiFi 6E connectivity - Bluetooth - Black (Renewe,201.45,58.75,2026-10-06,2.0,2,https://www.amazon.com/NZXT-Z790-Motherboard-N7-Z79XT-B1-connectivity/dp/B0CKM9NYCS,0.0,58.75
20261006_050540,2026-10-06T05:24:54.411525+00:00,amazon_usa,MOTHERBOARD,B0FHBKQF8M,"Amazon Renewed Z790 Gaming WIFI7 LGA 1700 ATX Motherboard with PCIe 5.0, 3X M.2 Slots, 14+1 DrMOS, DDR5, Realtek 1Gb LAN, HDMI TM, USB 3.2 Gen 2x2 Type-C, Front USB 3.2 Gen 1 Type-C, Thunderbolt USB4 ",100.71,29.37,2026-10-06,5.0,2,https://www.amazon.com/ASUS-Z790-WIFI7-Motherboard-Thunderbolt/dp/B0FHBKQF8M,0.0,29.37
20261006_050540,2026-10-06T05:24:54.411525+00:00,amazon_usa,MOTHERBOARD,B0CX2SW64Y,"Amazon Renewed PRO Z790-A MAX WiFi ProSeries Motherboard (Supports 12th/13th/14th Gen Intel Processors, LGA 1700, DDR5, PCIe 5.0, M.2, 2.5Gbps LAN, USB 3.2 Gen2, Wi-Fi 7, ATX) (Renewed)",110.79,32.31,2026-10-06,2.9,2,https://www.amazon.com/MSI-ProSeries-Motherboard-Supports-Processors/dp/B0CX2SW64Y,0.0,32.31
20261006_050540,2026-10-06T05:24:54.411525+00:00,amazon_usa,MOTHERBOARD,B0DBQ53C6B,INLAND by Micro Center CPU Motherboard Intel i7-14700K 14th Gen 20-Cores LGA 1700 Desktop Processor with ASUS TUF Gaming Z790-Plus WiFi DDR5 Motherboard,594.31,173.32,2026-10-06,4.7,22,https://www.amazon.com/INLAND-Motherboard-i7-14700K-Processor-Z790-Plus/dp/B0DBQ53C6B,0.0,173.32
20261006_050540,2026-10-06T05:24:54.411525+00:00,amazon_usa,MOTHERBOARD,B0BH954689,ASUS Prime Z790-A WiFi Intel Z790 LGA 1700 ATX,425.54,124.1,2026-10-06,4.2,459,https://www.amazon.com/ASUS-PRIME-Z790-WIFI-Intel/dp/B0BH954689,0.0,124.1
20261006_050540,2026-10-06T05:24:54.411525+00:00,amazon_usa,MOTHERBOARD,B0CR5P7WGN,INLAND by Micro Center CPU Motherboard Combo - Core i5-14600K 14 Cores up to 5.3 GHz Unlocked Desktop Processor with MSI PRO Z790-P WiFi DDR5 ProSeries Motherboard,443.23,129.26,2026-10-06,4.5,5,https://www.amazon.com/Inland-Micro-Center-Motherboard-Combo/dp/B0CR5P7WGN,0.0,129.26
20261006_050540,2026-10-06T05:24:54.411525+00:00,amazon_usa,MOTHERBOARD,B0BJDZRGRW,"ASRock Z790 PG Lightning ATX Motherboard, Intel 14th/13th/12th Gen LGA1700, DDR5 7200+ (OC), PCIe 5.0, 2.5G LAN, 14+1+1 Phase Dr.MOS",230.81,67.31,2026-10-06,4.5,75,https://www.amazon.com/ASRock-Z790-PG-Lightning-Motherboard/dp/B0BJDZRGRW,0.0,67.31
20261006_050540,2026-10-06T05:24:58.505809+00:00,amazon_usa,MOTHERBOARD,B0FH32VYVD,Amazon Renewed Z790-V Prime WiFi AX Intel LGA 1700 ATX Motherboard DDR5 (Renewed),110.79,32.31,2026-10-06,5.0,1,https://www.amazon.com/ASUS-Z790-V-Prime-Motherboard-Renewed/dp/B0FH32VYVD,0.0,32.31
20261006_050540,2026-10-06T05:24:58.505809+00:00,amazon_usa,MOTHERBOARD,B0BRBSMMFH,"Amazon Renewed Prime Z790-A WiFi 6E LGA 1700(Intel®13th&12th) ATX Motherboard (16+1 DrMOS, PCIe 5.0,DDR5,4X M.2 Slots,2.5 Gb LAN,USB 3.2 Gen 2 Front Panel Type-C, Thunderbolt™ 4/USB4, DP) (Renewed)",130.95,38.19,2026-10-06,3.1,5,https://www.amazon.com/ASUS-Intel%C2%AE13th-Motherboard-ThunderboltTM-Renewed/dp/B0BRBSMMFH,0.0,38.19
20261006_050540,2026-10-06T05:24:58.505809+00:00,amazon_usa,MOTHERBOARD,B0BK8KRQ33,ASRock Z790 LiveMixer Motherboard DDR5 Dual Channel 7200+(OC) MHz ATX 2oz Copper PCB SATA3 6.0 Gb/s LGA1700 192GB 2.5G LAN M.2 Key-E for WiFi PCIe 5.0,336.28,98.07,2026-10-06,4.3,57,https://www.amazon.com/MB-ASRock-Z790-LiveMixer-R/dp/B0BK8KRQ33,0.0,98.07
20261006_050540,2026-10-06T05:24:58.505809+00:00,amazon_usa,MOTHERBOARD,B0D2ZB6362,"Amazon Renewed MAG Z790 Tomahawk MAX WiFi Gaming Motherboard (Supports 12th/13th/14th Gen Intel Processors, LGA 1700, DDR5, PCIe 5.0, M.2, 2.5Gbps LAN, USB 3.2 Gen2, Wi-Fi 7, ATX) (Renewed)",176.28,51.41,2026-10-06,3.7,14,https://www.amazon.com/MSI-Tomahawk-Motherboard-Supports-Processors/dp/B0D2ZB6362,0.0,51.41
20261006_050540,2026-10-06T05:24:58.505809+00:00,amazon_usa,MOTHERBOARD,B0BH28M64J,"GIGABYTE Z790 AORUS Elite AX 1.0 Intel LGA 1700 ATX Motherboard, 4X DDR5~128GB, 3X PCI-E x16, 4X M.2, 6X SATA, 5X USB 3.2, 1x USB-C, 4X USB 2.0",191.37,55.81,2026-10-06,4.4,567,https://www.amazon.com/Z790-AORUS-ELITE-AX-Motherboard/dp/B0BH28M64J,0.0,55.81
20261006_050540,2026-10-06T05:24:58.505809+00:00,amazon_usa,MOTHERBOARD,B0BSYFV5NL,Amazon Renewed Z790 UD AC (LGA 1700/ Intel Z790/ ATX/ DDR5/ Triple M.2/ PCIe 5.0/ USB 3.2 Gen2X2 Type-C/Intel Wi-Fi/ 2.5GbE LAN/PCIe EZ-Latch/Multi-Key/Motherboard) (Renewed),145.01,42.29,2026-10-06,4.8,6,https://www.amazon.com/GIGABYTE-EZ-Latch-Multi-Key-Motherboard-Renewed/dp/B0BSYFV5NL,0.0,42.29
20261006_050540,2026-10-06T05:24:58.505809+00:00,amazon_usa,MOTHERBOARD,B0D1J3C4JC,"msi PRO Z790-VC WiFi ProSeries Motherboard (Support 14th/13th/12th Gen Intel Processors, LGA 1700, DDR5, PCIe 5.0, M.2 Slots, 2.5Gbps LAN, USB 3.2 Gen2, HDMI/DP, Wi-Fi 7, Bluetooth 5.4, ATX)",265.03,77.29,2026-10-06,4.3,31,https://www.amazon.com/MSI-PRO-Z790-VC-Motherboard-Processors/dp/B0D1J3C4JC,0.0,77.29
20261006_050540,2026-10-06T05:24:58.505809+00:00,amazon_usa,MOTHERBOARD,B0BDS88V4V,msi PRO Z790-P WIFI DDR4 motherboard Intel Z790 LGA 1700 ATX,174.26,50.82,2026-10-06,4.2,107,https://www.amazon.com/Z790-P-WIFI-DDR4-motherboard-Intel/dp/B0BDS88V4V,0.0,50.82
20261006_050540,2026-10-06T05:24:58.505809+00:00,amazon_usa,MOTHERBOARD,B0CFGGL5J1,"Amazon Renewed Prime Z790-P WiFi LGA 1700(Intel® 13th &12th Gen) ATX Motherboard (PCIe 5.0,DDR5,14+1 Power Stages,3X M.2,WiFi 6,Bluetooth v5.2,2.5Gb LAN, USB 3.2 Gen 2 Type-C®, Thunderbolt™ 4/USB4) (R",141.03,41.13,2026-10-06,3.2,9,https://www.amazon.com/ASUS-Motherboard-Bluetooth-Type-C%C2%AE-ThunderboltTM/dp/B0CFGGL5J1,0.0,41.13
20261006_050540,2026-10-06T05:24:58.505809+00:00,amazon_usa,MOTHERBOARD,B0H471V6T3,"Amazon Renewed Prime Z790-A WiFi Motherboard, Intel LGA1700, DDR5 Memory Support, PCIe 5.0, WiFi 6E, 4X M.2 Slots, USB 3.2 Gen 2, Type-C, ATX Gaming & Productivity Motherboard (Renewed)",257.9,75.21,2026-10-06,0.0,0,https://www.amazon.com/ASUS-Motherboard-LGA1700-Support-Productivity/dp/B0H471V6T3,0.0,75.21
20261006_050540,2026-10-06T05:24:58.505809+00:00,amazon_usa,MOTHERBOARD,B0BT23W5BP,GIGABYTE Z790M AORUS Elite AX (REV. 1.0) CHIPSET Intel Z790 LGA 1700 DDR5 13th & 12th Generation,332.41,96.94,2026-10-06,5.0,3,https://www.amazon.com/GIGABYTE-AORUS-ELITE-AX-Motherboard/dp/B0BT23W5BP,25.0,121.94
20261006_050540,2026-10-06T05:24:58.505809+00:00,amazon_usa,MOTHERBOARD,B0DN6RHB2H,"GIGABYTE Z790 Eagle Motherboard - Supports 14th Gen. Intel Core CPUs, 12+1+1 Phases VRM, up to 7600MHz DDR5 (OC), 3xPCIe 4.0 M.2, 2,5GbE LAN, USB 3.2 Gen 2",249.25,72.69,2026-10-06,4.4,9,https://www.amazon.com/GIGABYTE-Z790-Eagle-Motherboard-Supports/dp/B0DN6RHB2H,25.0,97.69
20261006_050540,2026-10-06T05:25:02.969629+00:00,amazon_usa,MOTHERBOARD,B0BJF1RS19,ASRock MB ASROCK | Z790 Steel Legend WiFi,370.71,108.11,2026-10-06,4.3,188,https://www.amazon.com/ASRock-ASROCK-Z790-Steel-Legend/dp/B0BJF1RS19,25.0,133.11
20261006_050540,2026-10-06T05:25:02.969629+00:00,amazon_usa,MOTHERBOARD,B0CPY3N9SR,Micro Center Intel Core i5-13600K 14 (6P+8E) Cores up to 5.3 GHz Unlocked Desktop Processor with Integrated Intel UHD Graphics 770 Bundle with ASUS Prime Z790-P WiFi DDR5 ATX Gaming Motherboard,453.28,132.19,2026-10-06,5.0,1,https://www.amazon.com/i5-13600K-Unlocked-Processor-Integrated-Motherboard/dp/B0CPY3N9SR,0.0,132.19
20261006_050540,2026-10-06T05:25:02.969629+00:00,amazon_usa,MOTHERBOARD,B083TZ68H1,"GIGABYTE B650 Eagle AX AM5 LGA 1718 ATX Motherboard, DDR5, Triple M.2 Slots (1x PCIe 5.0, 2X PCIe 4.0), USB 3.2 Gen2x2 Type-C, WiFi 6E, Realtek GbE LAN",141.03,41.13,2026-10-06,4.6,972,https://www.amazon.com/GIGABYTE-B650-AX-Triple-Realtek/dp/B083TZ68H1,0.0,41.13
20261006_050540,2026-10-06T05:25:02.969629+00:00,amazon_usa,MOTHERBOARD,B0BZD3BMZL,msi B760 Gaming Plus WiFi Motherboard Intel B760 LGA 1700 ATX,141.03,41.13,2026-10-06,4.6,745,https://www.amazon.com/MSI-B760-GAMING-motherboard-Intel/dp/B0BZD3BMZL,0.0,41.13
20261006_050540,2026-10-06T05:25:02.969629+00:00,amazon_usa,MOTHERBOARD,B0CX2WQXNX,"Amazon Renewed PRO Z790-S WiFi ProSeries Motherboard (Supports 12th/13th Gen Intel Processors, LGA 1700, DDR5, PCIe 5.0, M.2, 2.5Gbps LAN, USB 3.2 Gen2, Wi-Fi 6E, ATX) (Renewed)",130.95,38.19,2026-10-06,1.0,2,https://www.amazon.com/MSI-ProSeries-Motherboard-Supports-Processors/dp/B0CX2WQXNX,0.0,38.19
20261006_050540,2026-10-06T05:25:02.969629+00:00,amazon_usa,MOTHERBOARD,B09K8Z4XNR,ASUS ROG Maximus Formula Intel Z690 LGA 1700 ATX DDR5-SDRAM Motherboard,745.43,217.39,2026-10-06,3.9,161,https://www.amazon.com/ASUS-ROG-Z690-motherboard-2xThunderbolt/dp/B09K8Z4XNR,0.0,217.39
20261006_050540,2026-10-06T05:25:02.969629+00:00,amazon_usa,MOTHERBOARD,B0CJ4KCS1Z,"Amazon Renewed ROG Strix Z790-F 6E LGA 1700(Intel® 13th&12th Gen) ATX Gaming Motherboard(16 + 1 Power Stages,DDR5,Four M.2 Slots, PCIe® 5.0,WiFi 6E,USB 3.2 Gen 2x2 Type-C® with PD 3.0 up to 30W) (Rene",302.2,88.13,2026-10-06,5.0,1,https://www.amazon.com/ASUS-Z790-F-Motherboard-Type-C%C2%AE-Renewed/dp/B0CJ4KCS1Z,0.0,88.13
20261006_050540,2026-10-06T05:25:02.969629+00:00,amazon_usa,MOTHERBOARD,B09XWR42S5,Intel Z790 Ddr5 128Gb,194.42,56.7,2026-10-06,4.5,446,https://www.amazon.com/msi-7E06-001R-Intel-Z790-128Gb/dp/B09XWR42S5,0.0,56.7
20261006_050540,2026-10-06T05:25:02.969629+00:00,amazon_usa,MOTHERBOARD,B0C4J8ZH16,"Intel Core i5-13600K 14-Core Processor (6P+8E, 24M Cache, Up to 5.1 GHz) + ASUS TUF Gaming Z790-Plus WiFi LGA 1700 (Intel 12th/13th Gen) ATX Gaming Motherboard",512.74,149.53,2026-10-06,0.0,0,https://www.amazon.com/Intel-i5-13600K-Processor-Intel%C2%AE12th-Motherboard/dp/B0C4J8ZH16,25.0,174.53
20261006_050540,2026-10-06T05:25:02.969629+00:00,amazon_usa,MOTHERBOARD,B0DF12WKQY,"ASUS ROG Strix X870-A Gaming WiFi AMD AM5 X870 ATX Motherboard 16+2+2 Power Stages, Dynamic OC Switcher, Core Flex, DDR5 AEMP, WiFi 7, 4X M.2, PCIe® 5.0, Q-Release Slim, USB4®, AI OCing & Networking",275.07,80.22,2026-10-06,4.5,723,https://www.amazon.com/ASUS-ROG-Motherboard-Q-Release-Networking/dp/B0DF12WKQY,0.0,80.22
20261006_050540,2026-10-06T05:25:02.969629+00:00,amazon_usa,MOTHERBOARD,B09JZFT4SN,GIGABYTE Z690 AORUS Ultra (LGA 1700/ Intel Z690/ ATX/ DDR5/ Quad M.2/ PCIe 5.0/ USB 3.2 Gen2X2/ Type-C/WiFi 6/2.5GbE LAN/Gaming Motherboard),342.69,99.94,2026-10-06,4.3,143,https://www.amazon.com/GIGABYTE-Z690-AORUS-Gen2X2-Motherboard/dp/B09JZFT4SN,0.0,99.94
20261006_050540,2026-10-06T05:25:07.752620+00:00,amazon_usa,MOTHERBOARD,B0FPG9XG1K,"Amazon Renewed Z790 AORUS Elite AX 1.0 Intel LGA 1700 ATX Motherboard, 4X DDR5~128GB, 3X PCI-E x16, 4X M.2, 6X SATA, 5X USB 3.2, 1x USB-C, 4X USB 2.0 (Renewed)",176.25,51.4,2026-10-06,0.0,0,https://www.amazon.com/GIGABYTE-AORUS-Motherboard-DDR5-128GB-Renewed/dp/B0FPG9XG1K,0.0,51.4
20261006_050540,2026-10-06T05:25:07.752620+00:00,amazon_usa,MOTHERBOARD,B0DBQ3H3KQ,INLAND by Micro Center CPU Motherboard Intel i9-12900K 12th Gen 16-Cores LGA 1700 Desktop Processor with ASUS Z790 Gaming WIFI7 ATX Motherboard,503.65,146.88,2026-10-06,3.8,17,https://www.amazon.com/INLAND-Motherboard-i9-12900K-16-Cores-Processor/dp/B0DBQ3H3KQ,0.0,146.88
20261006_050540,2026-10-06T05:25:07.752620+00:00,amazon_usa,MOTHERBOARD,B0DPBQ7N9J,"Amazon Renewed ROG Maximus Z790 Hero EVA-02 Edition LGA 1700(Intel® 13&12th Gen) ATX Gaming Motherboard(DDR5, 5X M.2 Slots,PCIe 5.0 x16 with Q-Release,Wi-Fi 6E, 2xThunderbolt 4, USB 20G Type-C) (Renew",1611.73,470.03,2026-10-06,0.0,0,https://www.amazon.com/ASUS-ROG-Z790-EVA-02-2xThunderbolt/dp/B0DPBQ7N9J,0.0,470.03
20261006_050540,2026-10-06T05:25:07.752620+00:00,amazon_usa,MOTHERBOARD,B0BPCM6SPH,GIGABYTE Z790 AORUS Elite AX Intel LGA 1700 ATX Motherboard and Intel Core i5-13600K 14 Core Desktop Processor Bundle,522.79,152.46,2026-10-06,4.3,3,https://www.amazon.com/Z790-AORUS-Elite-Intel-Motherboard/dp/B0BPCM6SPH,25.0,177.46
20261006_050540,2026-10-06T05:25:07.752620+00:00,amazon_usa,MOTHERBOARD,B09GP7P1XS,"ASUS ROG Strix B550-F Gaming WiFi II AMD AM4 (3rd Gen Ryzen) ATX DDR4 Gaming Motherboard (PCIe 4.0, WiFi 6E, 2.5Gb LAN, BIOS Flashback, HDMI 2.1, Addressable RGB Header and Aura Sync)",176.28,51.41,2026-10-06,4.6,3300,https://www.amazon.com/ROG-B550-F-II-Motherboard-Addressable/dp/B09GP7P1XS,0.0,51.41
20261006_050540,2026-10-06T05:25:07.752620+00:00,amazon_usa,MOTHERBOARD,B0HH43TJ79,"Gaming Motherboard Fit for ASUS ROG Strix Z790-A Gaming WiFi 6E D5 Intel B760 13TH&12TH Gen LGA 1700 White ATX Motherboard 12+1 Power Stages, DDR5 PCIe 5.0",702.12,204.76,2026-10-06,0.0,0,https://www.amazon.com/Gaming-Motherboard-Strix-Z790-Stages/dp/B0HH43TJ79,0.0,204.76
20261006_050540,2026-10-06T05:25:07.752620+00:00,amazon_usa,MOTHERBOARD,B0BZTB5LKJ,"ASUS Prime B760M-A AX LGA 1700(Intel® 12th&13th Gen) microATX Motherboard (PCIe® 4.0, 2xM.2 Slots, DDR5,Realtek 2.5 Gb LAN,WiFi 6, DP,Rear USB 3.2 Gen 2, Front USB 3.2 Gen 1 Type-C®)",130.95,38.19,2026-10-06,4.2,178,https://www.amazon.com/ASUS-AX-microATX-Motherboard-Realtek/dp/B0BZTB5LKJ,0.0,38.19
20261006_050540,2026-10-06T05:25:22.920734+00:00,amazon_usa,PSU,B0FBXX1D17,"be quiet! Pure Power 13 M 1000W Power Supply, 80+ Gold, Cybenetics Platinum",140.93,41.1,2026-10-06,4.7,310,https://www.amazon.com/quiet-Power-1000W-Fully-Modular/dp/B0FBXX1D17,0.0,41.1
20261006_050540,2026-10-06T05:25:22.920734+00:00,amazon_usa,PSU,B0FR3C76F3,Corsair SF1000 (2024) Fully Modular Low Noise 80 Plus (Black) (Renewed),130.95,38.19,2026-10-06,4.4,15,https://www.amazon.com/CORSAIR-SF1000-Modular-Platinum-Supply/dp/B0FR3C76F3,0.0,38.19
20261006_050540,2026-10-06T05:25:22.920734+00:00,amazon_usa,PSU,B0GY1RBQRH,"MSI PRO A1000PL PCIE5, Fully Modular Gaming 1000W Power Supply, 80+ Platinum, 12V-2x6 Cables, Server-Grade Capacitor, ATX 3.1 & PCIe 5.1 Ready, Low-Noise, Embossed Jacket Cables, 7 Year Warranty",148.06,43.18,2026-10-06,4.9,22,https://www.amazon.com/Platinum-Server-Grade-Capacitor-Low-Noise-Embossed/dp/B0GY1RBQRH,0.0,43.18
20261006_050540,2026-10-06T05:25:22.920734+00:00,amazon_usa,PSU,B0DVJNVW8P,"be quiet! Power Zone 2 1000W, ATX 3.1, PCIe 5.1, 80+ Platinum Power Supply",171.14,49.91,2026-10-06,4.5,127,https://www.amazon.com/quiet-Cybenetics-Platinum-Efficiency-Low-Noise/dp/B0DVJNVW8P,0.0,49.91
20261006_050540,2026-10-06T05:25:22.920734+00:00,amazon_usa,PSU,B0BZ2CRW8H,CORSAIR HX1000i ATX 3.1 PCIe 5.1 1000W Power Supply – Black,236.7,69.03,2026-10-06,4.6,336,https://www.amazon.com/Corsair-HX1000i-Modular-Ultra-Low-Supply/dp/B0BZ2CRW8H,0.0,69.03
20261006_050540,2026-10-06T05:25:22.920734+00:00,amazon_usa,PSU,B0D45RN3KZ,CORSAIR SF1000 (2024) Fully Modular Low Noise ATX Power Supply – Black,241.74,70.5,2026-10-06,4.3,225,https://www.amazon.com/CORSAIR-SF1000-Modular-Platinum-Supply/dp/B0D45RN3KZ,0.0,70.5
20261006_050540,2026-10-06T05:25:22.920734+00:00,amazon_usa,PSU,B0CYTJ7BWP,"Super Flower Leadex VII XP PRO 1000W Power Supply, ATX 3.1 PCIe 5.1, Black",146.04,42.59,2026-10-06,4.4,13,https://www.amazon.com/Super-Flower-Leadex-1000W-Supply/dp/B0CYTJ7BWP,0.0,42.59
20261006_050540,2026-10-06T05:25:22.920734+00:00,amazon_usa,PSU,B0H8534JDQ,ASUS ROG Strix 1000W Platinum III Power Supply(ROG Equalizer 12V-2x6 Cable),261.91,76.38,2026-10-06,0.0,0,https://www.amazon.com/ASUS-Platinum-Supply-Equalizer-12V-2x6/dp/B0H8534JDQ,0.0,76.38
20261006_050540,2026-10-06T05:25:22.920734+00:00,amazon_usa,PSU,B0C7K22C3R,"Redragon PSU017 80+ Platinum 1000 Watt ATX 3.0 & PCIe 5.0 Fully Modular Gaming Power Supply, 80 Plus Certified, 100% Japanese Capacitors & Low Noise Smart-ECO Fan, Fully Modular w/12VHPWR Cable",80.17,23.38,2026-10-06,4.5,14,https://www.amazon.com/Redragon-PSU017-Certified-Capacitors-Smart-ECO/dp/B0C7K22C3R,0.0,23.38
20261006_050540,2026-10-06T05:25:22.920734+00:00,amazon_usa,PSU,B0DNNNM1ZB,Corsair HX1000i Fully Modular Ultra-Low Noise ATX Power Supply - ATX 3.0 & PCIe 5.0 Compliant - Fluid Dynamic Bearing Fan- 80 Plus Platinum Efficiency - Black (Renewed),161.16,47.0,2026-10-06,4.0,13,https://www.amazon.com/Corsair-HX1000i-Modular-Ultra-Low-Supply/dp/B0DNNNM1ZB,0.0,47.0
20261006_050540,2026-10-06T05:25:22.920734+00:00,amazon_usa,PSU,B0DJ1T9VXB,"ASUS ROG Strix 1000W Platinum (Fully Modular Power Supply, 80 Plus Platinum Certified, ATX 3.1, Cybenetics Lambda A+, GaN MOSFET, GPU-First Intelligent Voltage Stabilizer, 10-Year Warranty)",216.54,63.15,2026-10-06,4.8,294,https://www.amazon.com/ASUS-Certified-Cybenetics-Intelligent-Stabilizer/dp/B0DJ1T9VXB,0.0,63.15
20261006_050540,2026-10-06T05:25:22.920734+00:00,amazon_usa,PSU,B0DNLPGGDT,ASRock Steel Legend SL-1000GW 1000W 80 Plus Gold & Cybenetics Platinum Full Modular Power Supply ATX3.1 PCIe5.1 Ready with Dual Color 12V-2x6 Cable 10 Years Warranty White Edition Japanese Capacitor,105.75,30.84,2026-10-06,4.8,38,https://www.amazon.com/ASRock-SL-1000GW-Cybenetics-Platinum-Capacitor/dp/B0DNLPGGDT,0.0,30.84
20261006_050540,2026-10-06T05:25:22.920734+00:00,amazon_usa,PSU,B0FFQRCM37,"Rosewill VMG 1000W 80+ Gold, ATX 3.0 & 3.1 Compatible, Full Modular Low-Noise Power Supply, PCIe 5.1 12V-2x6 Connector, 100% Japanese Electrolytic Capacitor, 120mm FDB Silent Fan - 5 Year Warranty",110.79,32.31,2026-10-06,4.5,171,https://www.amazon.com/Rosewill-Compatible-Low-Noise-Connector-Electrolytic/dp/B0FFQRCM37,0.0,32.31
20261006_050540,2026-10-06T05:25:22.920734+00:00,amazon_usa,PSU,B0GKFXSQXL,"1000W Fully Modular Power Supply, 80+ Gold Certified PSU | ATX 3.1 & PCIe 5.1 Ready | 12V-2x6 Connector | 140mm Low-Noise Fan | 105℃ Japanese Capacitors | Black PSU",90.66,26.44,2026-10-06,4.9,151,https://www.amazon.com/Certified-Connector-Low-Noise-Japanese-Capacitors/dp/B0GKFXSQXL,0.0,26.44
20261006_050540,2026-10-06T05:25:22.920734+00:00,amazon_usa,PSU,B0DNL6G97H,ASRock Steel Legend SL-1000G 1000W 80 Plus Gold & Cybenetics Platinum Full Modular Power Supply ATX3.1 & PCIe5.1 Ready with Dual Color 12V-2x6 Cable 10 Years Warranty,101.74,29.67,2026-10-06,4.3,62,https://www.amazon.com/ASRock-SL-1000G-Cybenetics-Platinum-Warranty/dp/B0DNL6G97H,0.0,29.67
20261006_050540,2026-10-06T05:25:22.920734+00:00,amazon_usa,PSU,B0FQ6MH33Q,"NZXT C1000 Gold Core - 1000W ATX 3.1 Power Supply, 80+ Gold",171.24,49.94,2026-10-06,4.7,88,https://www.amazon.com/NZXT-C1000-Gold-Core-Cybenetics/dp/B0FQ6MH33Q,0.0,49.94
20261006_050540,2026-10-06T05:25:22.920734+00:00,amazon_usa,PSU,B0H85FHVRC,ASUS ROG Strix 1200W Platinum III White Edition Power Supply(ROG Equalizer),261.91,76.38,2026-10-06,5.0,6,https://www.amazon.com/ASUS-Strix-Platinum-Supply-Equalizer/dp/B0H85FHVRC,0.0,76.38
20261006_050540,2026-10-06T05:25:22.920734+00:00,amazon_usa,PSU,B0FDVKJBML,"1000W Fully Modular Power Supply, 80+ Gold PSU, ATX 3.1 & PCIe 5.1 Ready, Native Dual-Color 12V-2x6 Cable, RGB Low-Noise Smart Fan, 105°C-Rated Capacitors, Black",100.71,29.37,2026-10-06,4.5,727,https://www.amazon.com/Auotac-Dual-Color-Low-Noise-105%C2%B0C-Rated-Capacitors/dp/B0FDVKJBML,0.0,29.37
20261006_050540,2026-10-06T05:25:22.920734+00:00,amazon_usa,PSU,B0CYTJ5YLS,"Super Flower Leadex VII XG 1000W Power Supply, ATX 3.1 PCIe 5.1, Black",141.03,41.13,2026-10-06,4.9,9,https://www.amazon.com/Flower-Cybenetics-Platinum-Modular-12VHPWR/dp/B0CYTJ5YLS,0.0,41.13
20261006_050540,2026-10-06T05:25:22.920734+00:00,amazon_usa,PSU,B0BZJ5WNJS,ASUS ROG Loki SFX-L 1000W Platinum Power Supply,282.04,82.25,2026-10-06,4.4,67,https://www.amazon.com/ASUS-Platinum-Modular-Compatible-Warranty/dp/B0BZJ5WNJS,0.0,82.25
20261006_050540,2026-10-06T05:25:22.920734+00:00,amazon_usa,PSU,B0FPCF4H5W,Lian Li SX1000P Platinum Compact ATX PSU 1000W-ATX 3.1-Black-SX1000P.B,151.08,44.06,2026-10-06,3.7,32,https://www.amazon.com/Lian-Li-Platinum-Compact-12V-2x6/dp/B0FPCF4H5W,0.0,44.06
20261006_050540,2026-10-06T05:25:22.920734+00:00,amazon_usa,PSU,B0BZWZYTWJ,ASUS TUF Gaming 1000W Gold Power Supply,168.23,49.06,2026-10-06,4.7,498,https://www.amazon.com/ASUS-Gaming-1000W-Power-Supply/dp/B0BZWZYTWJ,0.0,49.06
20261006_050540,2026-10-06T05:25:22.920734+00:00,amazon_usa,PSU,B0DTTFYZKH,"Super Flower Leadex VII XP 1000W Power Supply, ATX 3.1 PCIe 5.1, White",146.04,42.59,2026-10-06,4.8,7,https://www.amazon.com/Flower-Leadex-Platinum-Cybenetics-Modular/dp/B0DTTFYZKH,0.0,42.59
20261006_050540,2026-10-06T05:25:22.920734+00:00,amazon_usa,PSU,B0DPR5RZ1T,CORSAIR RM1000e (2025) ATX 3.1 PCIe 5.1 Ready 1000W Power Supply – Black,141.03,41.13,2026-10-06,4.7,1500,https://www.amazon.com/CORSAIR-RM1000e-Modular-Low-Noise-12V-2x6/dp/B0DPR5RZ1T,0.0,41.13
20261006_050540,2026-10-06T05:25:26.697189+00:00,amazon_usa,PSU,B0F9963V9X,SAMA P1000 80+ Platinum ATX 3.1 Fully Modular Gaming 1000W Power Supply,120.87,35.25,2026-10-06,5.0,19,https://www.amazon.com/SAMA-P1000-1000W-Platinum-Supply/dp/B0F9963V9X,0.0,35.25
20261006_050540,2026-10-06T05:25:26.697189+00:00,amazon_usa,PSU,B0FPCDJYBW,Lian Li SX1000P Platinum Compact ATX PSU 1000W-ATX 3.1-White-SX1000P.W,151.08,44.06,2026-10-06,3.7,32,https://www.amazon.com/Lian-Li-Platinum-Compact-12V-2x6/dp/B0FPCDJYBW,0.0,44.06
20261006_050540,2026-10-06T05:25:26.697189+00:00,amazon_usa,PSU,B0CCV79718,"Phanteks (PH-P1000PR_BK01C) Revolt 1000W 80PLUS Platinum, ATX 3.0, PCIe 5.0, Fully Modular, Cable-Less, Power Supply Unit Only (Cables Sold Separately), Black",86.69,25.28,2026-10-06,5.0,3,https://www.amazon.com/Phanteks-PH-P1000PR_BK01C-Revolt-Platinum-Modular/dp/B0CCV79718,0.0,25.28
20261006_050540,2026-10-06T05:25:26.697189+00:00,amazon_usa,PSU,B0FK3826VH,Thermaltake Toughpower GT 1000W; ATX 3.1; Native PCIe 5.1 12V-2x6; Full Modular; Flat Cables; Color Matched Connectors; Japanese Main Capacitors; 80 Plus Gold; 140mm; Black; PS-TPT-1000FNFAGU-3,140.01,40.83,2026-10-06,3.8,104,https://www.amazon.com/Thermaltake-Toughpower-Connectors-Capacitors-PS-TPT-1000FNFAGU-3/dp/B0FK3826VH,0.0,40.83
20261006_050540,2026-10-06T05:25:26.697189+00:00,amazon_usa,PSU,B0F2TQ57HY,"be quiet! Pure Power 12 1000W Gaming PSU, 80 Plus Gold, ATX 3.1, 12V-Rail",110.72,32.29,2026-10-06,4.6,22,https://www.amazon.com/quiet-Performance-12V-Rail-BP005US-Warranty/dp/B0F2TQ57HY,0.0,32.29
20261006_050540,2026-10-06T05:25:26.697189+00:00,amazon_usa,PSU,B0CC8JMDVH,be quiet! Straight Power 12 1500W ATX 3.1 PCIe 5.0 80+ Platinum PSU,256.76,74.88,2026-10-06,4.5,110,https://www.amazon.com/quiet-Straight-12-1500w-connectors-BN518/dp/B0CC8JMDVH,0.0,74.88
20261006_050540,2026-10-06T05:25:26.697189+00:00,amazon_usa,PSU,B0GY1ZXHW3,"MSI MAG A1000PLS PCIE5, Fully Modular Gaming 1000W Power Supply, 80+ Platinum, Native 12V-2x6 Cables, GPU Safeguard, 105°C Main Capacitor, Fan Safeguard, ATX 3.1 & PCIe 5.1 Ready, 10 Year Warranty",177.28,51.7,2026-10-06,5.0,14,https://www.amazon.com/A1000PLS-Platinum-Safeguard-Capacitor-Warranty/dp/B0GY1ZXHW3,0.0,51.7
20261006_050540,2026-10-06T05:25:26.697189+00:00,amazon_usa,PSU,B0H2M7762P,"COUGAR GR1000W 1000W Power Supply - 80 Plus Gold, ATX 3.1 & PCIe 5.1 Ready",103.76,30.26,2026-10-06,4.7,16,https://www.amazon.com/COUGAR-GR1000W-1000W-Power-Supply/dp/B0H2M7762P,0.0,30.26
20261006_050540,2026-10-06T05:25:26.697189+00:00,amazon_usa,PSU,B0FN7G2BWB,"LIAN LI SP1000P 1000W SFX Power Supply, 80 Plus Platinum, White (SP1000P.W)",186.33,54.34,2026-10-06,4.2,22,https://www.amazon.com/SP1000P-1000W-Supply-Platinum-SP1000P-W/dp/B0FN7G2BWB,0.0,54.34
20261006_050540,2026-10-06T05:25:26.697189+00:00,amazon_usa,PSU,B09NTQ8TZJ,MSI MPG A1000G PCIE 5 & ATX 3.0 Gaming Power Supply - Full Modular - 80 Plus Gold Certified 1000W - 100% Japanese 105°C Capacitors - Compact Size - ATX PSU,201.45,58.75,2026-10-06,4.6,203,https://www.amazon.com/MSI-A1000G-Gaming-Power-Supply/dp/B09NTQ8TZJ,0.0,58.75
20261006_050540,2026-10-06T05:25:26.697189+00:00,amazon_usa,PSU,B0GZYVGCFY,"SilverStone Technology HELA 1000Rz 80 Plus Platinum 1000W ATX 3.1 & PCIe 5 Fully Modular ATX Power Supply, SST-HA1000R-PM",217.81,63.52,2026-10-06,5.0,3,https://www.amazon.com/SilverStone-Technology-Platinum-Modular-SST-HA1000R-PM/dp/B0GZYVGCFY,0.0,63.52
20261006_050540,2026-10-06T05:25:26.697189+00:00,amazon_usa,PSU,B0D28HRHSG,Thermaltake Toughpower SFX Form Factor 1000W 80+ Platinum Power Supply (PCI-E 5.1/ATX 3.1 Standard); 600W 12V-2x6 Connector Included; Full Modular; 90mm FDB Fan; 7 Year Warranty; PS-STP-1000FNFAPU-1,201.45,58.75,2026-10-06,4.1,245,https://www.amazon.com/Thermaltake-Toughpower-Platinum-Connector-PS-STP-1000FNFAPU-1/dp/B0D28HRHSG,0.0,58.75
20261006_050540,2026-10-06T05:25:26.697189+00:00,amazon_usa,PSU,B0C571R3V8,Seasonic Vertex PX-1000 1000W Power Supply ATX 3.1 & PCIe 5.1 Ready,271.99,79.32,2026-10-06,4.6,80,https://www.amazon.com/Seasonic-Vertex-ATX-3-1-Cybenetics/dp/B0C571R3V8,0.0,79.32
20261006_050540,2026-10-06T05:25:26.697189+00:00,amazon_usa,PSU,B096KCD9LD,"1000W Power Supply 80+ Gold Full Modular PSU, ATX 3.0 & PCIE 5.0, ES1000",80.58,23.5,2026-10-06,4.0,713,https://www.amazon.com/Pystar-1000W-Supply-Modular-ES1000/dp/B096KCD9LD,0.0,23.5
20261006_050540,2026-10-06T05:25:26.697189+00:00,amazon_usa,PSU,B0GBVK5VCZ,Enermax Revolution III S 1000W | Fully-Modular ATX 3.1 Power Supply | 80 Plus Platinum | 120mm FDB Fan w/ECO Mode | 105°C Japanese Capacitors | Black,141.03,41.13,2026-10-06,0.0,0,https://www.amazon.com/Enermax-Revolution-Fully-Modular-Platinum-Capacitors/dp/B0GBVK5VCZ,0.0,41.13
20261006_050540,2026-10-06T05:25:26.697189+00:00,amazon_usa,PSU,B0HC4KNGGX,"Cooler Master Elite Platinum 1000W Power Supply, PCIe 5.1 Ready",151.08,44.06,2026-10-06,0.0,0,https://www.amazon.com/Cooler-Master-Elite-Platinum-Supply/dp/B0HC4KNGGX,0.0,44.06
20261006_050540,2026-10-06T05:25:26.697189+00:00,amazon_usa,PSU,B0DTY7T8GP,"Super Flower Leadex III 1000W Power Supply, ATX 3.1 PCIe 5.1, Black",151.08,44.06,2026-10-06,4.3,23,https://www.amazon.com/Super-Flower-Leadex-1000W-Supply/dp/B0DTY7T8GP,0.0,44.06
20261006_050540,2026-10-06T05:25:26.697189+00:00,amazon_usa,PSU,B0CD8CQ4D2,"Apevia ATX-MT1000W Mystic 1000W Fully Modular 80+ Platinum Certified, PCIe 5.0 & ATX 3.0 Ready Active PFC ATX RGB Gaming Power Supply, Includes Gen 5 12VHPWR Connector & 366 RGB Light Modes",100.71,29.37,2026-10-06,4.6,13,https://www.amazon.com/Apevia-ATX-MT1000W-Platinum-Certified-Connector/dp/B0CD8CQ4D2,0.0,29.37
20261006_050540,2026-10-06T05:25:26.697189+00:00,amazon_usa,PSU,B0C7TRJGL5,SAMA XP850 850W Platinum ATX 3.0 PCIe 5.0 Fully Modular Power Supply Black,80.58,23.5,2026-10-06,4.7,16,https://www.amazon.com/SAMA-Platinum-PCIE5-0-Voltage-12VHPWR/dp/B0C7TRJGL5,0.0,23.5
20261006_050540,2026-10-06T05:25:26.697189+00:00,amazon_usa,PSU,B0CLN7CC36,"HIGH POWER PC Computer Power Supply Fully Modular 1000W 80 Plus Gold Certified ATX 3.0 & PCIE-5.0 Compliant, High-Performance, Efficiency, and Reliability. Active PFC, and All Protections",146.04,42.59,2026-10-06,3.7,7,https://www.amazon.com/Power-Supply-High-Performance-Reliability-Protections/dp/B0CLN7CC36,0.0,42.59
20261006_050540,2026-10-06T05:25:26.697189+00:00,amazon_usa,PSU,B0BTK87TBN,"Apevia ATX-PR1000W PCIe 5.0 & ATX 3.0 Ready Prestige 1000W 80+ Gold Certified, Gen 5 12VHPWR GPU Connector, Active PFC ATX Gaming Power Supply",80.58,23.5,2026-10-06,4.2,80,https://www.amazon.com/Apevia-ATX-PR1000W-Certified-Connector-Compliance/dp/B0BTK87TBN,0.0,23.5
20261006_050540,2026-10-06T05:25:26.697189+00:00,amazon_usa,PSU,B0BV6CWS2Z,"be quiet! Dark Power 13 1000W, ATX 3.1, PCIe 5.0, 80+ Titanium Power Supply",221.51,64.6,2026-10-06,4.3,222,https://www.amazon.com/quiet-Titanium-Efficiency-Modular-Supply/dp/B0BV6CWS2Z,0.0,64.6
20261006_050540,2026-10-06T05:25:30.714284+00:00,amazon_usa,PSU,B0H84ZZFM6,ASUS ROG Strix 1200W Platinum III Power Supply(ROG Equalizer 12V-2x6 Cable),307.24,89.6,2026-10-06,3.8,5,https://www.amazon.com/ASUS-Platinum-Supply-Equalizer-12V-2x6/dp/B0H84ZZFM6,0.0,89.6
20261006_050540,2026-10-06T05:25:30.714284+00:00,amazon_usa,PSU,B0FN7FJ2CM,"LIAN LI SP1000P 1000W SFX Power Supply, 80 Plus Platinum, Black (SP1000P.B)",208.62,60.84,2026-10-06,4.4,49,https://www.amazon.com/SP1000P-1000W-Supply-Platinum-SP1000P-B/dp/B0FN7FJ2CM,0.0,60.84
20261006_050540,2026-10-06T05:25:30.714284+00:00,amazon_usa,PSU,B0CB9MSJ5N,"MSI MAG A850GL PCIE5, Fully Modular Compact Gaming 850W Power Supply, 80+ Gold, ATX 3.1 & PCIe 5.1 Ready, Native Dual-Color 12V-2x6 Cable, 10 Year Warranty",110.79,32.31,2026-10-06,4.4,2000,https://www.amazon.com/A850GL-Modular-Compact-Dual-Color-Warranty/dp/B0CB9MSJ5N,0.0,32.31
20261006_050540,2026-10-06T05:25:30.714284+00:00,amazon_usa,PSU,B0BRN2YG7F,"Vetroo 1000W White Power Supply, ATX 3.1 Ready & Dual PCIe 5.1",100.71,29.37,2026-10-06,4.1,393,https://www.amazon.com/Vetroo-Modular-Japanese-Capacitors-Warranty/dp/B0BRN2YG7F,0.0,29.37
20261006_050540,2026-10-06T05:25:30.714284+00:00,amazon_usa,PSU,B0DHYRB6C3,"ASUS TUF Gaming 1000W Gold White Edition (1000 Watt, Fully Modular Power Supply, 80+ Gold Certified, Military-Grade Components, Dual Ball Bearing, Axial-tech Fan, PCB Coating, 10 Year Warranty)",194.29,56.66,2026-10-06,4.7,116,https://www.amazon.com/ASUS-Certified-Military-Grade-Components-Axial-tech/dp/B0DHYRB6C3,0.0,56.66
20261006_050540,2026-10-06T05:25:30.714284+00:00,amazon_usa,PSU,B0DN15R9WR,"LIAN LI Edge Gold 1000W ATX 3.1 PSU, 80 Plus Gold, White (EG1000G.WH)",149.85,43.7,2026-10-06,4.7,198,https://www.amazon.com/Lian-Li-Edge-Serie-EG1000G-WH/dp/B0DN15R9WR,0.0,43.7
20261006_050540,2026-10-06T05:25:30.714284+00:00,amazon_usa,PSU,B0FKL76KM6,ASRock Steel Legend SL-1200G 1200W 80 Plus Gold & Cybenetics Platinum Full Modular Power Supply ATX3.1 & PCIe5.1 Ready with Dual Color 12V-2x6 Cable 10 Years Warranty,141.03,41.13,2026-10-06,4.4,14,https://www.amazon.com/ASRock-SL-1200G-Cybenetics-Platinum-Warranty/dp/B0FKL76KM6,0.0,41.13
20261006_050540,2026-10-06T05:25:30.714284+00:00,amazon_usa,PSU,B0FXNV6Y7H,"MSI MAG A1000GL PCIE5 White, Fully Modular Compact Gaming 1000W Power Supply, 80+ Gold, ATX 3.1 & PCIe 5.1 Ready, Native Dual-Color 12V-2x6 Cable, Low-Noise, Embossed Jacket Cables, 10 Year Warranty",151.08,44.06,2026-10-06,5.0,33,https://www.amazon.com/MAG-A1000GL-PCIE5-White-Dual-Color/dp/B0FXNV6Y7H,0.0,44.06
20261006_050540,2026-10-06T05:25:30.714284+00:00,amazon_usa,PSU,B0HHKRKNMX,Corsair SF1000 SFX Power Supply CP-9020257-NA Black (Renewed),139.01,40.54,2026-10-06,0.0,0,https://www.amazon.com/Corsair-SF1000-Supply-CP-9020257-NA-Renewed/dp/B0HHKRKNMX,0.0,40.54
20261006_050540,2026-10-06T05:25:30.714284+00:00,amazon_usa,PSU,B0CYTLHS3V,"Super Flower Leadex VII XG 1000W Power Supply, ATX 3.1 PCIe 5.1, White",141.03,41.13,2026-10-06,3.7,8,https://www.amazon.com/Super-Flower-Leadex-1000W-Supply/dp/B0CYTLHS3V,0.0,41.13
20261006_050540,2026-10-06T05:25:30.714284+00:00,amazon_usa,PSU,B0F3XRMZBM,MONTECH Century II 1050W ATX 3.1 Fully Modular 80 Plus Gold Power Supply,110.72,32.29,2026-10-06,4.7,255,https://www.amazon.com/MONTECH-Century-II-High-End-Cybenetics/dp/B0F3XRMZBM,0.0,32.29
20261006_050540,2026-10-06T05:25:30.714284+00:00,amazon_usa,PSU,B0CKM1JX4S,GIGABYTE GP-UD850GM PG5W - PCIe5.0 Ready - ATX3.0-850W 80 Plus Gold Certified - Fully Modular Power Supply - Japanese Capacitors,120.87,35.25,2026-10-06,4.1,18,https://www.amazon.com/GIGABYTE-GP-UD850GM-PG5W-Modular-Gaming/dp/B0CKM1JX4S,0.0,35.25
20261006_050540,2026-10-06T05:25:30.714284+00:00,amazon_usa,PSU,B0FMCFQLXQ,"ASUS ROG Strix 1000W Platinum White Edition (Fully Modular Power Supply, 80 Plus Platinum Certified, ATX 3.1, GaN MOSFET, “GPU-First” Patented-Intelligent Voltage Stabilizer, 10-Year Warranty)",251.83,73.44,2026-10-06,4.5,76,https://www.amazon.com/ASUS-Certified-GPU-First-Patented-Intelligent-Stabilizer/dp/B0FMCFQLXQ,0.0,73.44
20261006_050540,2026-10-06T05:25:30.714284+00:00,amazon_usa,PSU,B0CT3XNCZ9,"msi MAG A1000GL PCIE5, Fully Modular Compact Gaming 1000W Power Supply, 80+ Gold, ATX 3.1 & PCIe 5.1 Ready, Native Dual-Color 12V-2x6 Cable, 10 Year Warranty",130.95,38.19,2026-10-06,4.3,326,https://www.amazon.com/A1000GL-Modular-Compact-Dual-Color-Warranty/dp/B0CT3XNCZ9,0.0,38.19
20261006_050540,2026-10-06T05:25:30.714284+00:00,amazon_usa,PSU,B09SGQ9PPC,"ASUS ROG Thor 1000W Platinum II Fully Modular Power Supply with 1000W, 80+ Platinum, ROG Heatsinks, 135mm Fan, 0dB Mode, OLED Display, Aura Sync",362.62,105.75,2026-10-06,4.7,361,https://www.amazon.com/ASUS-Platinum-Modular-Certified-Heatsinks/dp/B09SGQ9PPC,0.0,105.75
20261006_050540,2026-10-06T05:25:30.714284+00:00,amazon_usa,PSU,B0C9553MFX,MSI MPG A1000G PCIE 5 & ATX 3.0 Gaming Power Supply - Full Modular - 80 Plus Gold Certified 1000W - 100% Japanese 105°C Capacitors - Compact Size - ATX PSU (Renewed),90.66,26.44,2026-10-06,4.5,44,https://www.amazon.com/MSI-A1000G-Gaming-Power-Supply/dp/B0C9553MFX,0.0,26.44
20261006_050540,2026-10-06T05:25:30.714284+00:00,amazon_usa,PSU,B0941WP4XB,Apevia ATX-GX1000W Galaxy 1000W (No PCIe 5.0 & No Gen 5 12VHPWR Connector) 80+ Gold Certified Active PFC ATX Semi-Modular Gaming Power Supply,76.54,22.32,2026-10-06,4.0,125,https://www.amazon.com/Apevia-ATX-GX1000W-Galaxy-Certified-Semi-Modular/dp/B0941WP4XB,0.0,22.32
20261006_050540,2026-10-06T05:25:30.714284+00:00,amazon_usa,PSU,B0B434DB7Y,msi MPG 1000W 80+ Gold Power Supply - 1000W 80+ Gold - 100% Japanese Capacitors - Compatible with PCIe 5.0 Graphics Cards - 1 Fan(s),201.45,58.75,2026-10-06,4.6,1900,https://www.amazon.com/MSI-A1000G-Gaming-Power-Supply/dp/B0B434DB7Y,0.0,58.75
20261006_050540,2026-10-06T05:25:30.714284+00:00,amazon_usa,PSU,B0GCN58L6M,Enermax Revolution III S 1000W | Fully-Modular ATX 3.1 Power Supply | 80 Plus Platinum | 120mm FDB Fan w/ECO Mode | 105°C Japanese Capacitors | White,151.08,44.06,2026-10-06,0.0,0,https://www.amazon.com/Enermax-Revolution-Fully-Modular-Platinum-Capacitors/dp/B0GCN58L6M,0.0,44.06
20261006_050540,2026-10-06T05:25:30.714284+00:00,amazon_usa,PSU,B0GJ8F8NVW,"1000W ATX 3.1 Fully Modular Power Supply, 80 Plus Gold Certified, PCIe 5.1 Ready with Native 12VHPWR Cable, High Efficiency Low-Noise PSU for Gaming & Workstations",100.71,29.37,2026-10-06,0.0,0,https://www.amazon.com/1000W-Certified-Efficiency-Low-Noise-Workstations/dp/B0GJ8F8NVW,0.0,29.37
20261006_050540,2026-10-06T05:25:30.714284+00:00,amazon_usa,PSU,B0FLGMTSRQ,"CORSAIR RM1000x ATX 3.1 PCIe 5.1 Ready Fully Modular 1000W Power Supply – Low-Noise, Cybenetics Gold Efficiency, Native 12V-2x6 Connector – Black",181.33,52.88,2026-10-06,4.7,284,https://www.amazon.com/CORSAIR-RM1000x-Ready-Modular-Supply/dp/B0FLGMTSRQ,0.0,52.88
20261006_050540,2026-10-06T05:25:30.714284+00:00,amazon_usa,PSU,B0BDKRZM62,"ARESGAME AGT Series 1000W Power Supply, 80+ Gold Certified, Fully Modular, FDB Fan, Compact 140mm Size, 10 Year Warranty, ATX Gaming Power Supply",90.66,26.44,2026-10-06,3.8,403,https://www.amazon.com/ARESGAME-Certified-Modular-Compact-Warranty/dp/B0BDKRZM62,0.0,26.44
20261006_050540,2026-10-06T05:25:35.099558+00:00,amazon_usa,PSU,B0CC3QBGDL,"MSI MAG A750GL PCIE5, Fully Modular Compact Gaming 750W Power Supply, 80+ Gold, ATX 3.1 & PCIe 5.1 Ready, Native Dual-Color 12V-2x6 Cable, 10 Year Warranty",90.66,26.44,2026-10-06,4.6,1400,https://www.amazon.com/Modular-Compact-Dual-Color-12V-2x6-Warranty/dp/B0CC3QBGDL,0.0,26.44
20261006_050540,2026-10-06T05:25:35.099558+00:00,amazon_usa,PSU,B0DLHG5K8B,be quiet! Power Zone 2 1000W,248.81,72.56,2026-10-06,4.8,173,https://www.amazon.com/quiet-Power-Zone-1000W/dp/B0DLHG5K8B,32.0,104.56
20261006_050540,2026-10-06T05:25:35.099558+00:00,amazon_usa,PSU,B0DBW2J5Q1,"1STPLAYER NGDP 1000W Fully Modular PSU, ATX 3.1 / PCI-E 5.1, 80 Plus Gold/PPLP Platinum, Low Noise FDB Fan with Zero RPM, Japanese Electrolyte Capacitor",150.09,43.77,2026-10-06,5.0,3,https://www.amazon.com/1STPLAYER-Platinum-Japanese-Electrolyte-Capacitor/dp/B0DBW2J5Q1,0.0,43.77
20261006_050540,2026-10-06T05:25:35.099558+00:00,amazon_usa,PSU,B0DJ1M9C62,CORSAIR RM1000x ATX 3.1 PCIe 5.1 1000W Power Supply – Black,181.33,52.88,2026-10-06,4.5,785,https://www.amazon.com/CORSAIR-RM1000x-Modular-Low-Noise-Supply/dp/B0DJ1M9C62,0.0,52.88
20261006_050540,2026-10-06T05:25:35.099558+00:00,amazon_usa,PSU,B017ICWP82,"EVGA 210-GQ-1000-V1,1000 GQ, 80+ GOLD 1000W, Semi Modular, EVGA ECO Mode, 5 Year Warranty, Power Supply,Black",221.62,64.63,2026-10-06,4.7,1500,https://www.amazon.com/EVGA-Modular-Warranty-Supply-210-GQ-1000-V1/dp/B017ICWP82,0.0,64.63
20261006_050540,2026-10-06T05:25:35.099558+00:00,amazon_usa,PSU,B0DL78MJMY,GIGABYTE GP-AE1000PM PG5 ICE - PCIe5.1 Ready - ATX3.1-1000W 80 Plus Platinum Certified - Fully Modular Power Supply,294.04,85.75,2026-10-06,3.5,7,https://www.amazon.com/GIGABYTE-GP-AE1000PM-PG5-ICE-ATX3-1-1000W/dp/B0DL78MJMY,32.0,117.75
20261006_050540,2026-10-06T05:25:35.099558+00:00,amazon_usa,PSU,B0DJ6DGHCP,Thermaltake Toughpower GT 850W ATX 3.1 Standard Power Supply; 80 Plus Gold Efficiency; Smart Zero Fan; Native 450W PCIe 5.1 Connector; PS-TPT-0850FNFAGU-3; 5 Year Warranty,90.66,26.44,2026-10-06,4.5,567,https://www.amazon.com/Thermaltake-Toughpower-Efficiency-Connector-PS-TPT-0850FNFAGU-3/dp/B0DJ6DGHCP,0.0,26.44
20261006_050540,2026-10-06T05:25:35.099558+00:00,amazon_usa,PSU,B0FXNTC1S8,"MSI MPG A1000GS PCIE5 II, Fully Modular Gaming 1000W Power Supply, 80+ Gold, Dual 12V-2x6 Cables, Server-Grade Capacitor, ATX 3.1 & PCIe 5.1 Ready, Low-Noise, 8-pin PCIe x 3, 10 Year Warranty",87.3,25.46,2026-10-06,4.4,44,https://www.amazon.com/A1000GS-Server-Grade-Capacitor-Low-Noise-Warranty/dp/B0FXNTC1S8,0.0,25.46
20261006_050540,2026-10-06T05:25:35.099558+00:00,amazon_usa,PSU,B0FLFGGDK3,CORSAIR RM750e ATX 3.1 PCIe 5.1 Ready 750W Power Supply – Black,90.66,26.44,2026-10-06,4.6,483,https://www.amazon.com/CORSAIR-RM750e-Ready-Modular-Supply/dp/B0FLFGGDK3,0.0,26.44
20261006_050540,2026-10-06T05:25:35.099558+00:00,amazon_usa,PSU,B0BHJDQJNC,ASUS ROG Loki SFX-L 1000W Platinum Power Supply,267.91,78.13,2026-10-06,4.4,227,https://www.amazon.com/ASUS-SFX-L-1000W-Platinum-Supply/dp/B0BHJDQJNC,32.0,110.13
20261006_050540,2026-10-06T05:25:35.099558+00:00,amazon_usa,PSU,B0DP4JRTST,Seasonic Focus GX-1000 1000W Power Supply ATX 3.1 & PCIe 5.1 Ready White,182.22,53.14,2026-10-06,4.8,210,https://www.amazon.com/Seasonic-GX-1000-White-ATX3-SRP-FGX102-A5A32SF/dp/B0DP4JRTST,0.0,53.14
20261006_050540,2026-10-06T05:25:35.099558+00:00,amazon_usa,PSU,B0FRM2NPJ9,1000W Power Supply 80 Plus Gold ATX 3.1 & PCIe 5.1 Modular PSU 0-RPM Mode,80.58,23.5,2026-10-06,4.6,2,https://www.amazon.com/1000W-Power-Supply-PCIe-Ready/dp/B0FRM2NPJ9,0.0,23.5
20261006_050540,2026-10-06T05:25:35.099558+00:00,amazon_usa,PSU,B0DT2YZ775,ENERMAX Revolution III 1000 - Fully Modular PC Power Supply - 1000 Watts - 80 Plus Gold - 600W 12V-2x6 Connector - 100% Japanese Capacitors - Sleeved Cables - 10 Year Warranty,110.31,32.17,2026-10-06,3.8,7,https://www.amazon.com/ENERMAX-Revolution-III-1000-Capacitors/dp/B0DT2YZ775,0.0,32.17
20261006_050540,2026-10-06T05:25:35.099558+00:00,amazon_usa,PSU,B07N4RZRPY,Silverstone Technology 1000 Watt Fully Modular 80 Plus Platinum Power Supply in Ultra Compact 140mm in Depth ST1000-PTS,258.89,75.5,2026-10-06,4.3,43,https://www.amazon.com/SilverStone-Technology-Modular-Platinum-ST1000-PTS/dp/B07N4RZRPY,0.0,75.5
20261006_050540,2026-10-06T05:25:35.099558+00:00,amazon_usa,PSU,B0F1NGKBK3,CORSAIR HX1500i (2025) ATX 3.1 PCIe 5.1 Ready 1500W Power Supply – Black,352.57,102.82,2026-10-06,4.5,195,https://www.amazon.com/CORSAIR-HX1500i-Modular-Ultra-Low-12V-2x6/dp/B0F1NGKBK3,0.0,102.82
20261006_050540,2026-10-06T05:25:35.099558+00:00,amazon_usa,PSU,B08F1NFSG4,"Segotep GM850 850W Power Supply, 80 Plus Gold Certified, PCIe 5.1 & ATX 3.1",78.56,22.91,2026-10-06,4.5,797,https://www.amazon.com/Segotep-GM850-Power-Supply-PCIe/dp/B08F1NFSG4,0.0,22.91
20261006_050540,2026-10-06T05:25:35.099558+00:00,amazon_usa,PSU,B014W3EAX8,"Thermaltake Smart 700W 80+ White Certified PSU, Continuous Power with 120mm Ultra Quiet Fan, ATX 12V V2.3/EPS 12V Active PFC Power Supply PS-SPD-0700NPCWUS-W",55.38,16.15,2026-10-06,4.6,4400,https://www.amazon.com/Thermaltake-Certified-Continuous-Active-PS-SPD-0700NPCWUS-W/dp/B014W3EAX8,0.0,16.15
20261006_050540,2026-10-06T05:25:35.099558+00:00,amazon_usa,PSU,B0C9SBSMBJ,"Apevia ATX-PM1000W PCIe 5.0 & ATX 3.0 Ready Premier 1000W 80+ Gold Certified, Includes PCIe 5.0 / Gen 5 12VHPWR Connector, Active PFC ATX Semi-Modular Gaming Power Supply with 366 RGB Light Modes",77.56,22.62,2026-10-06,4.2,29,https://www.amazon.com/Apevia-ATX-PM1000W-Certified-Connector-Semi-Modular/dp/B0C9SBSMBJ,0.0,22.62
20261006_050540,2026-10-06T05:25:35.099558+00:00,amazon_usa,PSU,B0DNNZ9G46,ASRock PG 1600G ATX 3.1 1600W Power Supply PCle5.1 10 Years Warranty Fully Modular Japanese Capacitor Phantom Gaming PG-1600G 80 Plus Gold Cybenetics Platinum 12V-2x6 Cables,201.45,58.75,2026-10-06,4.5,78,https://www.amazon.com/ASRock-Warranty-Japanese-Capacitor-Cybenetics/dp/B0DNNZ9G46,0.0,58.75
20261006_050540,2026-10-06T05:25:35.099558+00:00,amazon_usa,PSU,B0DZXKYWSH,CORSAIR RM1000e (2025) ATX 3.1 PCIe 5.1 Ready 1000W Power Supply – White,153.1,44.65,2026-10-06,4.7,95,https://www.amazon.com/CORSAIR-RM1000e-Modular-Low-Noise-12V-2x6/dp/B0DZXKYWSH,0.0,44.65
20261006_050540,2026-10-06T05:25:35.099558+00:00,amazon_usa,PSU,B0D1HKSKSF,"Apevia ATX-PR1000W-WH PCIE 5.0 & ATX 3.0 Prestige 1000W 80+ Gold Rated, PCIE 5.0 / Gen 5 12VHPWR Connector, Active PFC ATX Gaming Power Supply White",80.58,23.5,2026-10-06,4.3,24,https://www.amazon.com/Apevia-ATX-PR1000W-WH-Prestige-12VHPWR-Connector/dp/B0D1HKSKSF,0.0,23.5
20261006_050540,2026-10-06T05:25:35.099558+00:00,amazon_usa,PSU,B0FJZ8TL82,GIGABYTE UD1000GM PG5 V2 ICE - 1000W 80 Plus Gold Certified - PCIe5.1 Ready - ATX3.1 - Fully Modular Power Supply (GP-UD1000GMPG5 ICE),151.08,44.06,2026-10-06,4.6,26,https://www.amazon.com/GIGABYTE-UD1000GM-PG5-ICE-GP-UD1000GMPG5/dp/B0FJZ8TL82,0.0,44.06
20261006_050540,2026-10-06T05:25:35.099558+00:00,amazon_usa,PSU,B0FTLY8KHJ,"ORA PRO G1 1000W Gold PSU ATX 3.1, Fully Modular, Quiet, Black",115.73,33.75,2026-10-06,4.9,18,https://www.amazon.com/MOAIPLAY-Modular-12V-2x6-Cybenetics-Certified/dp/B0FTLY8KHJ,0.0,33.75
20261006_050540,2026-10-06T05:25:35.099558+00:00,amazon_usa,PSU,B0B433ZCRP,"MSI MEG Ai1300P PCIE5, Fully Modular Gaming 1300W Power Supply, 80+ Platinum, Native 12V-2x6 Cable, 100% Japanese Capacitor, ATX 3.1 & PCIe 5.1 Ready, Low-Noise, Sleeve Cables, 10 Year Warranty",352.57,102.82,2026-10-06,3.9,571,https://www.amazon.com/Ai1300GS-Platinum-Japanese-Capacitor-Low-Noise/dp/B0B433ZCRP,0.0,102.82
20261006_050540,2026-10-06T05:25:39.986976+00:00,amazon_usa,PSU,B0C33H937C,"GAMEMAX Rampage Series, 1250W, Full Modular Power Supply, ATX 3.0 & PCIE 5.0 Ready, 80 Plus Platinum Certified, 105°C Japanese Caps, 135mm F.D.B Fan, 10 Year Warranty, GX1250, White",141.03,41.13,2026-10-06,4.4,69,https://www.amazon.com/GAMEMAX-Platinum-Certified-Japanese-Warranty/dp/B0C33H937C,0.0,41.13
20261006_050540,2026-10-06T05:25:39.986976+00:00,amazon_usa,PSU,B0FNS5CG5Q,"Apevia ATX-SL1000W Soul 1000W Fully Modular Power Supply ATX 3.0 & 3.1 Compatible, PCIe 5.1 12V-2x6 Connector, ATX Active PFC, DC to DC Converter Design, 140mm Silent Fan, RoHS Compliance",70.5,20.56,2026-10-06,3.8,9,https://www.amazon.com/Apevia-ATX-SL1000W-Compatible-Connector-Compliance/dp/B0FNS5CG5Q,0.0,20.56
20261006_050540,2026-10-06T05:25:39.986976+00:00,amazon_usa,PSU,B0GTTZ5CZ4,Vetroo 1200W Power Supply 80 Plus Platinum & Cybenetics Platinum Certified,141.03,41.13,2026-10-06,5.0,9,https://www.amazon.com/Vetroo-Supply-Platinum-Cybenetics-Certified/dp/B0GTTZ5CZ4,0.0,41.13
20261006_050540,2026-10-06T05:25:39.986976+00:00,amazon_usa,PSU,B0CQRMW82V,Superer-1000W Fully-Modular Power-Supply 80-Plus-Gold ATX-3.1,132.94,38.77,2026-10-06,5.0,1,https://www.amazon.com/Superer-1000W-Fully-Modular-Power-Supply-80-Plus-Gold-ATX-3-1/dp/B0CQRMW82V,0.0,38.77
20261006_050540,2026-10-06T05:25:39.986976+00:00,amazon_usa,PSU,B0DKVCTZBJ,"MONTECH Titan PLA 850W Power Supply, Fully Modular 80 Plus Platinum, White",230.67,67.27,2026-10-06,4.4,36,https://www.amazon.com/Montech-Titan-High-End-Gaming-Supply/dp/B0DKVCTZBJ,0.0,67.27
20261006_050540,2026-10-06T05:25:39.986976+00:00,amazon_usa,PSU,B0HJ5DLXTH,"darkFlash UMT1000 1000W ATX 3.1 80 Plus Platinum Power Supply, Black",141.03,41.13,2026-10-06,0.0,0,https://www.amazon.com/darkFlash-UMT1000-1000W-Platinum-Supply/dp/B0HJ5DLXTH,0.0,41.13
20261006_050540,2026-10-06T05:25:39.986976+00:00,amazon_usa,PSU,B0CHDYG9XH,"ARESGAME 1300W ATX 3.0 PCIE 5.0 Power Supply, 80 Plus Gold Certified, Fully Modular, 10 Year Warranty",120.87,35.25,2026-10-06,4.3,39,https://www.amazon.com/ARESGAME-Supply-Certified-Modular-Warranty/dp/B0CHDYG9XH,0.0,35.25
20261006_050540,2026-10-06T05:25:39.986976+00:00,amazon_usa,PSU,B01N5NWKHH,"CORSAIR HX Series, HX1000, 1000 Watt, Fully Modular Power Supply, 80+ Platinum Certified (CP-9020139-NA)",337.45,98.41,2026-10-06,4.7,897,https://www.amazon.com/CORSAIR-HX1000-Platinum-Certified-Modular/dp/B01N5NWKHH,0.0,98.41
20261006_050540,2026-10-06T05:25:39.986976+00:00,amazon_usa,PSU,B0FBGRLZKT,GOLDEN FIELD 1050W Power Supply Platinum ATX 3.1 Full Modular 1000 Watt PSU,130.95,38.19,2026-10-06,4.4,12,https://www.amazon.com/GOLDEN-FIELD-Computer-Certified-Capacitors/dp/B0FBGRLZKT,0.0,38.19
20261006_050540,2026-10-06T05:25:39.986976+00:00,amazon_usa,PSU,B00EKJQM5E,"EVGA Supernova 1000 P2 80+ Platinum, 1000W ECO Mode Fully Modular NVIDIA SLI and Crossfire Ready 10 Year Warranty Power Supply 220-P2-1000-XR",392.86,114.57,2026-10-06,4.8,546,https://www.amazon.com/EVGA-Supernova-Platinum-Crossfire-220-P2-1000-XR/dp/B00EKJQM5E,0.0,114.57
20261006_050540,2026-10-06T05:25:39.986976+00:00,amazon_usa,PSU,B0H6Y2YYTM,"GIGABYTE Gaming 1000GM PG5 ATX 3.1 & PCIe 5.1 Ready Fully Modular 1000W Power Supply - 80 Plus Gold & Cybenetics Platinum Certified, Dual Color 12V-2x6 Cable, T-Guard, 10 Year Warranty - Black",161.16,47.0,2026-10-06,0.0,0,https://www.amazon.com/GIGABYTE-Gaming-1000GM-PG5-Modular/dp/B0H6Y2YYTM,0.0,47.0
20261006_050540,2026-10-06T05:25:39.986976+00:00,amazon_usa,PSU,B0G56BT8QR,"Phanteks AMP GH 1000W Platinum Power Supply, ATX 3.1 and PCIe 5.1 Platform, Fully Modular Individual Cables, Silent Fanless Mode (Black)",151.08,44.06,2026-10-06,1.0,2,https://www.amazon.com/Phanteks-Platinum-Platform-Modular-Individual/dp/B0G56BT8QR,0.0,44.06
20261006_050540,2026-10-06T05:25:39.986976+00:00,amazon_usa,PSU,B01MZ8A8NW,"Corsair HX Series, HX1200, 1200 Watt, Fully Modular Power Supply, 80+ Platinum Certified, Model Number: CP-9020140-NA",317.32,92.54,2026-10-06,4.6,1100,https://www.amazon.com/CORSAIR-HX1200-Platinum-Certified-Modular/dp/B01MZ8A8NW,0.0,92.54
20261006_050540,2026-10-06T05:25:39.986976+00:00,amazon_usa,PSU,B0FST7CYPC,"ASRock PRO 750G Power Supply - 750W 80 Plus Gold Certified, ATX 3.1 & PCIe 5.1 Ready, Native 12V-2x6 Connector, 120mm Low-Noise Fan, 3-Year Warranty",55.38,16.15,2026-10-06,4.6,72,https://www.amazon.com/ASRock-PRO-750G-Power-Supply/dp/B0FST7CYPC,0.0,16.15
20261006_050540,2026-10-06T05:25:39.986976+00:00,amazon_usa,PSU,B0CLGLYDHM,"GAMEMAX 850W 80 Plus Gold Power Supply, ATX 3.0 & PCIE 5.0 Ready, 100% Japanese Capacitors, Fully Modular, ARGB SYNC with Motherboard, RGB-850 Pro, White Version",90.66,26.44,2026-10-06,4.4,52,https://www.amazon.com/GAMEMAX-Japanese-Capacitors-Modular-Motherboard/dp/B0CLGLYDHM,0.0,26.44
20261006_050540,2026-10-06T05:25:39.986976+00:00,amazon_usa,PSU,B0FGPPM12Q,Lian Li RS1200G 1200W ATX Power Supply w/USB Fan Hub - Black (RS1200G.BH),167.2,48.76,2026-10-06,4.7,17,https://www.amazon.com/Lian-Li-Rotational-Cybenetics-RS1200G-BH/dp/B0FGPPM12Q,0.0,48.76
20261006_050540,2026-10-06T05:25:39.986976+00:00,amazon_usa,PSU,B087CDR14Z,Thermaltake Toughpower GX2 80+ Gold 600W SLI/Crossfire Ready Continuous Power ATX 12V V2.4/EPS V2.92 Non Modular Power Supply 5 Year Warranty PS-TPD-0600NNFAGU-2,60.42,17.62,2026-10-06,4.6,2100,https://www.amazon.com/Thermaltake-Toughpower-Crossfire-Continuous-PS-TPD-0600NNFAGU-2/dp/B087CDR14Z,0.0,17.62
20261006_050540,2026-10-06T05:25:39.986976+00:00,amazon_usa,PSU,B0832N5XF7,"Segotep 650W ATX Power Supply, 80 Plus Gold Certified",50.37,14.69,2026-10-06,4.6,866,https://www.amazon.com/Segotep-Supply-Certified-Gaming-Non-Modular/dp/B0832N5XF7,0.0,14.69
20261006_050540,2026-10-06T05:25:39.986976+00:00,amazon_usa,PSU,B0BTTW2344,"FSP Hydro G PRO 1000W 80 Plus Gold Full Modular ATX 3.0 PCIe Gen 5,W/12VHPWR Cable, Power Supply 10 Years Warranty (HG2-1000M,Gen5)",227.41,66.32,2026-10-06,4.9,26,https://www.amazon.com/FSP-Modular-Warranty-HG2-1000-Gen5/dp/B0BTTW2344,0.0,66.32
20261006_050540,2026-10-06T05:25:39.986976+00:00,amazon_usa,PSU,B0CNJQ36H6,1000W Power Supply 80 Plus Gold Wide Voltage 100-240V Active PFC Gaming PSU,100.71,29.37,2026-10-06,3.8,40,https://www.amazon.com/Voltage-100-240V-Computer-Supplies-Non-Modular/dp/B0CNJQ36H6,0.0,29.37
20261006_050540,2026-10-06T05:25:39.986976+00:00,amazon_usa,PSU,B0CKY88GMT,"Thermaltake GF1 Fully Modular ATX 850W Power Supply - 80 Plus Gold - Ultra Quiet - Zero RPM, PS-TPD-0850FNFAGU-P",106.78,31.14,2026-10-06,4.4,771,https://www.amazon.com/Thermaltake-Fully-Modular-Power-Supply/dp/B0CKY88GMT,0.0,31.14
20261006_050540,2026-10-06T05:25:39.986976+00:00,amazon_usa,PSU,B0D68VH8DR,"Cooler Master MWE Gold 850 V3 Power Supply, PCIe 5.1 Ready",146.04,42.59,2026-10-06,4.4,362,https://www.amazon.com/Cooler-Master-Efficiency-Zero-RPM-Hexagonal/dp/B0D68VH8DR,0.0,42.59
20261006_050540,2026-10-06T05:25:39.986976+00:00,amazon_usa,PSU,B0CCG8S1VL,"ASUS ROG Strix 1000W Gold Aura Edition (Fully Modular Power Supply, 80+ Gold Certified, ATX 3.0, Cybenetics Lambda A+ Certification, PCIe Gen 5.0 Ready, Axial-tech Fan, Aura Sync, 10-Year Warranty)",216.58,63.16,2026-10-06,4.5,105,https://www.amazon.com/ASUS-Certified-Cybenetics-Certification-Axial-tech/dp/B0CCG8S1VL,0.0,63.16
20261006_050540,2026-10-06T05:25:50.019095+00:00,amazon_usa,PSU,B0DPR86ZC8,CORSAIR RM850e (2025) ATX 3.1 PCIe 5.1 Ready 850W Power Supply – Black,116.83,34.07,2026-10-06,4.7,914,https://www.amazon.com/CORSAIR-RM850e-Modular-Low-Noise-12V-2x6/dp/B0DPR86ZC8,0.0,34.07
20261006_050540,2026-10-06T05:25:50.019095+00:00,amazon_usa,PSU,B0FBY3F1NT,"be quiet! Pure Power 13 M 850W Power Supply, 80+ Gold, Cybenetics Platinum",110.72,32.29,2026-10-06,4.6,193,https://www.amazon.com/quiet-Pure-Power-Fully-Modular/dp/B0FBY3F1NT,0.0,32.29
20261006_050540,2026-10-06T05:25:50.019095+00:00,amazon_usa,PSU,B0FDX2GDMQ,"850W Fully Modular Power Supply, 80+ Gold PSU, ATX 3.1 & PCIe 5.1 Ready, Native Dual-Color 12V-2x6 Cable, RGB Low-Noise Smart Fan, 105°C-Rated Capacitors, Black",80.58,23.5,2026-10-06,4.5,122,https://www.amazon.com/Auotac-Dual-Color-Low-Noise-105%C2%B0C-Rated-Capacitors/dp/B0FDX2GDMQ,0.0,23.5
20261006_050540,2026-10-06T05:25:50.019095+00:00,amazon_usa,PSU,B0F3XW1J16,MONTECH Century II 850W ATX 3.1 Fully Modular 80 Plus Gold Power Supply,90.56,26.41,2026-10-06,4.7,348,https://www.amazon.com/MONTECH-Century-II-High-End-Cybenetics/dp/B0F3XW1J16,0.0,26.41
20261006_050540,2026-10-06T05:25:50.019095+00:00,amazon_usa,PSU,B0BZX42XX2,ASUS TUF Gaming 850W Gold Power Supply,151.08,44.06,2026-10-06,4.7,281,https://www.amazon.com/ASUS-Gaming-850W-Power-Supply/dp/B0BZX42XX2,0.0,44.06
20261006_050540,2026-10-06T05:25:50.019095+00:00,amazon_usa,PSU,B0FFQN6344,"Rosewill VMG 850W 80+ Gold, ATX 3.0 & 3.1 Compatible, Full Modular Low-Noise Power Supply, PCIe 5.1 12V-2x6 Connector, 100% Japanese Electrolytic Capacitor, 120mm FDB Silent Fan - 5 Year Warranty",90.66,26.44,2026-10-06,4.5,170,https://www.amazon.com/Rosewill-Compatible-Low-Noise-Connector-Electrolytic/dp/B0FFQN6344,0.0,26.44
20261006_050540,2026-10-06T05:25:50.019095+00:00,amazon_usa,PSU,B0FLFGG1CC,"CORSAIR RM850x ATX 3.1 PCIe 5.1 Ready Fully Modular 850W Power Supply – Low-Noise, Cybenetics Gold Efficiency, Native 12V-2x6 Connector – Black",141.03,41.13,2026-10-06,4.7,221,https://www.amazon.com/CORSAIR-RM850x-Ready-Modular-Supply/dp/B0FLFGG1CC,0.0,41.13
20261006_050540,2026-10-06T05:25:50.019095+00:00,amazon_usa,PSU,B0DGB1HF7C,ASRock Steel Legend White Edition SL-850GW 850W ATX 3.1 PCle 5.1 Full Modular 10 Years Warranty 135 mm FDB Fan iCOOL Intelligent Power Supply 80 Plus Gold Cybenetics Platinum 12V-2x6 Cable,85.62,24.97,2026-10-06,4.6,40,https://www.amazon.com/ASRock-SL-850GW-Warranty-Intelligent-Cybenetics/dp/B0DGB1HF7C,0.0,24.97
20261006_050540,2026-10-06T05:25:50.019095+00:00,amazon_usa,PSU,B0CT41HW5J,"MSI MAG A850GL PCIE5 White, Fully Modular Compact Gaming 850W Power Supply, 80+ Gold, ATX 3.1 & PCIe 5.1 Ready, Native Dual-Color 12V-2x6 Cable, 10 Year Warranty",120.87,35.25,2026-10-06,4.6,303,https://www.amazon.com/Modular-Compact-Dual-Color-12V-2x6-Warranty/dp/B0CT41HW5J,0.0,35.25
20261006_050540,2026-10-06T05:25:50.019095+00:00,amazon_usa,PSU,B0GKFQJ1HL,"850W Fully Modular Power Supply, 80+ Gold Certified PSU | ATX 3.1 & PCIe 5.1 Ready | 12V-2x6 Connector | 140mm Low-Noise Fan | 105℃ Japanese Capacitors | Black PSU",70.5,20.56,2026-10-06,4.6,146,https://www.amazon.com/Certified-Connector-Low-Noise-Japanese-Capacitors/dp/B0GKFQJ1HL,0.0,20.56
20261006_050540,2026-10-06T05:25:50.019095+00:00,amazon_usa,PSU,B09VXJG563,"Redragon RGPS-850W 850 Watt 80+ Gold Fully Modular PSU, ATX 3.1 & PCIe 5.1",80.58,23.5,2026-10-06,4.4,1000,https://www.amazon.com/Redragon-Modular-Certified-Japanese-Capacitors/dp/B09VXJG563,0.0,23.5
20261006_050540,2026-10-06T05:25:50.019095+00:00,amazon_usa,PSU,B0BBZSPJV5,"Redragon RGPS-850W 850 Watt 80+ Gold Fully Modular PSU, ATX 3.1 & PCIe 5.1",78.56,22.91,2026-10-06,4.5,590,https://www.amazon.com/Redragon-RGPS-850W-Watt-Fully-Modular/dp/B0BBZSPJV5,0.0,22.91
20261006_050540,2026-10-06T05:25:50.019095+00:00,amazon_usa,PSU,B0CPR29L4K,ASUS Prime 850W Gold Power Supply,133.97,39.07,2026-10-06,4.7,187,https://www.amazon.com/ASUS-Compatible-Certified-Bearings-Warranty/dp/B0CPR29L4K,0.0,39.07
20261006_050540,2026-10-06T05:25:50.019095+00:00,amazon_usa,PSU,B08M9M6DB9,"Cooler Master MWE Gold 850 V2 Power Supply, Fully Modular",100.71,29.37,2026-10-06,4.4,2100,https://www.amazon.com/Cooler-Master-Efficiency-Connectors-Semi-fanless/dp/B08M9M6DB9,0.0,29.37
20261006_050540,2026-10-06T05:25:50.019095+00:00,amazon_usa,PSU,B0DMBBV4BD,Thermaltake Toughpower GT 850W Snow ATX 3.1 Power Supply; 80 Plus Gold Efficiency; Smart Zero Fan; Native 600W PCIe 5.1 Connector; PS-TPT-0850FNFAGU-W; 5 Year Warranty,100.71,29.37,2026-10-06,4.5,567,https://www.amazon.com/Thermaltake-Toughpower-Efficiency-Connector-PS-TPT-0850FNFAGU-W/dp/B0DMBBV4BD,0.0,29.37
20261006_050540,2026-10-06T05:25:50.019095+00:00,amazon_usa,PSU,B0F2TP2XGY,"be quiet! Pure Power 12 850W Gaming PSU, 80 Plus Gold, ATX 3.1, 12V-Rail",90.56,26.41,2026-10-06,4.6,29,https://www.amazon.com/quiet-Performance-12V-Rail-BP004US-Warranty/dp/B0F2TP2XGY,0.0,26.41
20261006_050540,2026-10-06T05:25:50.019095+00:00,amazon_usa,PSU,B0FQ69SSM9,"NZXT C850 Gold Core - 850W ATX 3.1 Power Supply, 80+ Gold",141.03,41.13,2026-10-06,4.8,122,https://www.amazon.com/NZXT-C850-Gold-Core-Cybenetics/dp/B0FQ69SSM9,0.0,41.13
20261006_050540,2026-10-06T05:25:53.781327+00:00,amazon_usa,PSU,B0DP2LJV3Z,"Vetroo Pink 850W Power Supply, Dual PCIe 5.1 ATX 3.1 Ready",85.62,24.97,2026-10-06,4.7,28,https://www.amazon.com/Vetroo-Pink-Power-Supply-Ready/dp/B0DP2LJV3Z,0.0,24.97
20261006_050540,2026-10-06T05:25:53.781327+00:00,amazon_usa,PSU,B0BF5FCB5D,"ARESGAME AGT Series 850W Power Supply, 80+ Gold Certified, Fully Modular, FDB Fan, Compact 140mm Size, 10 Year Warranty, ATX Gaming Power Supply",77.56,22.62,2026-10-06,4.2,255,https://www.amazon.com/ARESGAME-Certified-Modular-Compact-Warranty/dp/B0BF5FCB5D,0.0,22.62
20261006_050540,2026-10-06T05:25:53.781327+00:00,amazon_usa,PSU,B0CVF91CH5,"MSI MAG A850GL PCIE5, Fully Modular Compact Gaming 850W Power Supply, 80+ Gold, ATX 3.1 & PCIe 5.1 Ready, Native Dual-Color 12V-2x6 Cable, 10 Year Warranty",80.58,23.5,2026-10-06,4.5,52,https://www.amazon.com/Modular-Compact-Dual-Color-12V-2x6-Warranty/dp/B0CVF91CH5,0.0,23.5
20261006_050540,2026-10-06T05:25:53.781327+00:00,amazon_usa,PSU,B0FJLNZDKJ,"PCCOOLER KN850 850W ATX 3.1 Fully Modular Power Supply, 80 Plus Gold",83.6,24.38,2026-10-06,4.1,129,https://www.amazon.com/PCCOOLER-KN850-Fully-Modular-Supply/dp/B0FJLNZDKJ,0.0,24.38
20261006_050540,2026-10-06T05:25:53.781327+00:00,amazon_usa,PSU,B0FSTHTLZT,"ASRock PRO 850G Power Supply - 850W 80 Plus Gold Certified, ATX 3.1 & PCIe 5.1 Ready, Native 12V-2x6 Connector, 120mm Low-Noise Fan, 3-Year Warranty",60.42,17.62,2026-10-06,4.7,75,https://www.amazon.com/ASRock-PRO-850G-Power-Supply/dp/B0FSTHTLZT,0.0,17.62
20261006_050540,2026-10-06T05:25:53.781327+00:00,amazon_usa,PSU,B0DNLDJJ96,ASRock Steel Legend SL-850G 850W 80 Plus Gold & Cybenetics Platinum Full Modular Power Supply ATX3.1 PCIe5.1 Ready with Dual Color 12V-2x6 Cable 10 Years Warranty 135 mm FDB Fan Japanese Capacitor,80.58,23.5,2026-10-06,4.5,43,https://www.amazon.com/ASRock-Cybenetics-Platinum-Warranty-Capacitor/dp/B0DNLDJJ96,0.0,23.5
20261006_050540,2026-10-06T05:25:53.781327+00:00,amazon_usa,PSU,B0DP2LBPPY,"Vetroo White 850W Power Supply, Dual PCIe 5.1 ATX 3.1 Ready",80.58,23.5,2026-10-06,4.2,178,https://www.amazon.com/Vetroo-White-Power-Supply-Ready/dp/B0DP2LBPPY,0.0,23.5
20261006_050540,2026-10-06T05:25:53.781327+00:00,amazon_usa,PSU,B0GRV3GFZS,"darkFlash DG850 850W 80 Plus Gold ATX 3.1 PCIe 5.1 PC Power Supply, Black",70.5,20.56,2026-10-06,4.6,31,https://www.amazon.com/darkFlash-DG850-Power-Supply-Black/dp/B0GRV3GFZS,0.0,20.56
20261006_050540,2026-10-06T05:25:53.781327+00:00,amazon_usa,PSU,B0DPW7JKXZ,"850W Fully Modular Power Supply, 80 Plus Gold, White PSU - White",70.5,20.56,2026-10-06,4.2,30,https://www.amazon.com/POINWER-850W-PSU-Capacitors-Workstations/dp/B0DPW7JKXZ,0.0,20.56
20261006_050540,2026-10-06T05:25:53.781327+00:00,amazon_usa,PSU,B0DPFBV6QV,Seasonic CORE GX-850 850W Power Supply ATX 3.1 & PCIe 5.1 Ready,130.95,38.19,2026-10-06,4.8,73,https://www.amazon.com/Seasonic-ATX-3-1-Warranty-Cybenetics/dp/B0DPFBV6QV,0.0,38.19
20261006_050540,2026-10-06T05:25:53.781327+00:00,amazon_usa,PSU,B0B1B1QZKP,"GAMEMAX RGB-850-SE, 850W 80Plus Gold Fully Modular RGB ATX Power Supply",77.56,22.62,2026-10-06,4.4,593,https://www.amazon.com/GAMEMAX-Supply-Modular-Motherboard-RGB-850/dp/B0B1B1QZKP,0.0,22.62
20261006_050540,2026-10-06T05:25:53.781327+00:00,amazon_usa,PSU,B08LP6WS35,"Cooler Master V850 SFX Gold ITX SFF Power Supply, PCIe 5.1 Ready",151.08,44.06,2026-10-06,4.4,1200,https://www.amazon.com/Cooler-Master-Efficiency-Included-Warranty/dp/B08LP6WS35,0.0,44.06
20261006_050540,2026-10-06T05:25:53.781327+00:00,amazon_usa,PSU,B0CBQZFPL2,Thermaltake Toughpower GX3 850W; ATX 3.1; Native PCIe 5.1 12V-2x6; Flat Cables; 120mm Fan; 80 Plus Gold Certified; 5 Year Warranty; Black; PS-TPD-0850NNFAGU-3,100.71,29.37,2026-10-06,4.3,178,https://www.amazon.com/Thermaltake-Toughpower-Crossfire-Connector-PS-TPD-0850NNFAGU-3/dp/B0CBQZFPL2,0.0,29.37
20261006_050540,2026-10-06T05:25:53.781327+00:00,amazon_usa,PSU,B0D1VDTX8B,NZXT C850 Gold ATX 3.1-850W Fully Modular Power Supply,142.34,41.51,2026-10-06,4.7,448,https://www.amazon.com/NZXT-C850-Gold-ATX-3-1/dp/B0D1VDTX8B,0.0,41.51
20261006_050540,2026-10-06T05:25:53.781327+00:00,amazon_usa,PSU,B0D7ZD9MLV,"darkFlash PMT850 850W 80 Plus Gold Fully Modular Power Supply, White",90.66,26.44,2026-10-06,4.7,191,https://www.amazon.com/darkFlash-PMT850-Included-Japanese-Capacitors/dp/B0D7ZD9MLV,0.0,26.44
20261006_050540,2026-10-06T05:25:53.781327+00:00,amazon_usa,PSU,B094282KV4,Apevia ATX-GX850W Galaxy 850W (No PCIe 5.0 & Gen 5 12VHPWR Connector) 80+ Gold Certified Active PFC ATX Semi-Modular Gaming Power Supply,66.49,19.39,2026-10-06,4.2,332,https://www.amazon.com/Apevia-ATX-GX850W-Galaxy-Certified-Semi-Modular/dp/B094282KV4,0.0,19.39
20261006_050540,2026-10-06T05:25:53.781327+00:00,amazon_usa,PSU,B0FTLWLRZS,"ORA PRO G1 850W Gold PSU ATX 3.1, Fully Modular, Quiet, Black",87.54,25.53,2026-10-06,5.0,13,https://www.amazon.com/MOAIPLAY-Modular-12V-2x6-Cybenetics-Certified/dp/B0FTLWLRZS,0.0,25.53
20261006_050540,2026-10-06T05:25:53.781327+00:00,amazon_usa,PSU,B0DKXCRVGP,"LIAN LI Edge Gold 850W ATX 3.1 PSU, 80 Plus Gold, Black (EG0850G.B)",111.82,32.61,2026-10-06,4.9,58,https://www.amazon.com/Lian-Li-Edge-Connector-EG0850G-B/dp/B0DKXCRVGP,0.0,32.61
20261006_050540,2026-10-06T05:25:53.781327+00:00,amazon_usa,PSU,B0C9SC89QK,"Apevia ATX-PM850W PCIe 5.0 ATX 3.0 Ready Premier 850W 80+ Gold Certified, Active PFC ATX Semi-Modular Gaming Power Supply, 366 RGB Light Modes",67.48,19.68,2026-10-06,4.2,29,https://www.amazon.com/Apevia-ATX-PM850W-Certified-Connector-Semi-Modular/dp/B0C9SC89QK,0.0,19.68
20261006_050540,2026-10-06T05:25:57.852128+00:00,amazon_usa,PSU,B0FF7TGMD2,"MSI MAG A850GLS PCIE5, Fully Modular Compact Gaming 850W Power Supply, 80+ Gold, ATX 3.1 & PCIe 5.1 Ready, Native Dual-Color 12V-2x6 Embossed Jacket Cables, Low-Noise, 10 Year Warranty",110.79,32.31,2026-10-06,4.7,106,https://www.amazon.com/MAG-A850GLS-PCIE5-Dual-Color-Low-Noise/dp/B0FF7TGMD2,0.0,32.31
20261006_050540,2026-10-06T05:25:57.852128+00:00,amazon_usa,PSU,B0DMYCCRV1,Corsair RM850e (2023) Fully Modular Low-Noise Power Supply - ATX 3.0 & PCIe 5.0 Compliant - 105°C-Rated Capacitors - 80 Plus Gold Efficiency - Modern Standby Support - Black (Renewed),75.85,22.12,2026-10-06,4.3,83,https://www.amazon.com/Corsair-RM850e-Modular-Low-Noise-Supply/dp/B0DMYCCRV1,0.0,22.12
20261006_050540,2026-10-06T05:25:57.852128+00:00,amazon_usa,PSU,B0DJ1JL3MK,CORSAIR RM850x ATX 3.1 PCIe 5.1 750W Power Supply – Black,141.03,41.13,2026-10-06,4.8,782,https://www.amazon.com/CORSAIR-RM850x-Modular-Low-Noise-Supply/dp/B0DJ1JL3MK,0.0,41.13
20261006_050540,2026-10-06T05:25:57.852128+00:00,amazon_usa,PSU,B0FDX1G9WN,"850W Fully Modular Power Supply, 80+ Gold PSU, ATX 3.1 & PCIe 5.1 Ready, Native Dual-Color 12V-2x6 Cable, RGB Low-Noise Smart Fan, 105°C-Rated Capacitors, White",90.66,26.44,2026-10-06,4.5,122,https://www.amazon.com/Auotac-Dual-Color-Low-Noise-105%C2%B0C-Rated-Capacitors/dp/B0FDX1G9WN,0.0,26.44
20261006_050540,2026-10-06T05:25:57.852128+00:00,amazon_usa,PSU,B0B4345YV7,"MSI MPG A850G PCIE5, Fully Modular Compact Gaming 850W Power Supply, 80+ Gold, Native 12V-2x6 Cable, 100% Japanese Capacitor, ATX 3.1 & PCIe 5.1 Ready, Low-Noise, 10 Year Warranty",135.99,39.66,2026-10-06,4.6,2900,https://www.amazon.com/MPG-A850G-Japanese-Capacitor-Low-Noise/dp/B0B4345YV7,0.0,39.66
20261006_050540,2026-10-06T05:25:57.852128+00:00,amazon_usa,PSU,B0D1VCY51R,NZXT C850 Gold ATX 3.1-850W Fully Modular Power Supply,151.08,44.06,2026-10-06,4.7,448,https://www.amazon.com/NZXT-C850-Gold-ATX-3-1/dp/B0D1VCY51R,0.0,44.06
20261006_050540,2026-10-06T05:25:57.852128+00:00,amazon_usa,PSU,B0F997VW66,SAMA G850 ATX 3.1 Standard Fully Modular Gaming 850W Power Supply White,80.58,23.5,2026-10-06,4.9,27,https://www.amazon.com/SAMA-G850-Modular-Power-Supply/dp/B0F997VW66,0.0,23.5
20261006_050540,2026-10-06T05:25:57.852128+00:00,amazon_usa,PSU,B0DKWWP452,"LIAN LI Edge Gold 850W ATX 3.1 PSU, 80 Plus Gold, White (EG0850G.W)",120.87,35.25,2026-10-06,4.9,46,https://www.amazon.com/Lian-Li-Edge-Connector-EG0850G-W/dp/B0DKWWP452,0.0,35.25
20261006_050540,2026-10-06T05:25:57.852128+00:00,amazon_usa,PSU,B0DT6ZXQSZ,"GAMDIAS ATX 3.1 & PCIe 5.1 850W Bronze PSU, 850W Gaming Power Supply, 80+ Bronze ATX Gold 12V Power Supplies for Gaming PC Desktop Computers and Active PFC",90.66,26.44,2026-10-06,4.6,23,https://www.amazon.com/GAMDIAS-Bronze-Supplies-Desktop-Computers/dp/B0DT6ZXQSZ,0.0,26.44
20261006_050540,2026-10-06T05:25:57.852128+00:00,amazon_usa,PSU,B0CLMJ9CR1,"HIGH POWER 750W 80 Plus Gold Certified PC Power Supply ATX 3.1 Compatible & PCIe 5.1 Compliant, Active PFC with Whisper 120mm Fan for Quiet Operation, and Reliable Performance",85.62,24.97,2026-10-06,3.7,35,https://www.amazon.com/Certified-Power-Supply-Compatible-Performance/dp/B0CLMJ9CR1,0.0,24.97
20261006_050540,2026-10-06T05:25:57.852128+00:00,amazon_usa,PSU,B0CKY716F9,"Thermaltake GF1 Fully Modular ATX 750W Power Supply - 80 Plus Gold - Ultra Quiet - Zero RPM, PS-TPD-0750FNFAGU-P",85.62,24.97,2026-10-06,4.6,339,https://www.amazon.com/Thermaltake-Fully-Modular-Power-Supply/dp/B0CKY716F9,0.0,24.97
20261006_050540,2026-10-06T05:25:57.852128+00:00,amazon_usa,PSU,B0DQ9PDT22,"MSI MPG A850GS PCIE5 Power Supply, 850W, 80 Plus Gold, ATX 3.1, PCIe 5.1 50 Series GPU Support, 12V-2x6, Cable with Two Tone 12V-2x6 Connectors, ATX Power Supply, Embossed Cable Sheath",110.79,32.31,2026-10-06,4.6,150,https://www.amazon.com/MSI-MPG-A850GS-PCIE5-Connectors/dp/B0DQ9PDT22,0.0,32.31
20261006_050540,2026-10-06T05:25:57.852128+00:00,amazon_usa,PSU,B0FBGRW29R,GOLDEN FIELD 850W Power Supply 80+ Gold Full Modular 850 Watt PC PSU ATX3.1,100.71,29.37,2026-10-06,4.6,12,https://www.amazon.com/GOLDEN-FIELD-Computer-Certified-Capacitors/dp/B0FBGRW29R,0.0,29.37
20261006_050540,2026-10-06T05:25:57.852128+00:00,amazon_usa,PSU,B0GSXYJB5J,"darkFlash VMT850 850W ATX 3.1 Power Supply, 80 Plus Bronze Certified",70.5,20.56,2026-10-06,4.7,4,https://www.amazon.com/darkFlash-VMT850-Supply-Bronze-Certified/dp/B0GSXYJB5J,0.0,20.56
20261006_050540,2026-10-06T05:25:57.852128+00:00,amazon_usa,PSU,B0D84WNKT4,"XPG by ADATA, ATX3.1 & PCIe5.1 850W 80+ Gold Power Supply w/ 600W Connector",100.71,29.37,2026-10-06,4.4,16,https://www.amazon.com/XPG-ATX3-1-PCIe5-1-Supply-Connector/dp/B0D84WNKT4,0.0,29.37
20261006_050540,2026-10-06T05:25:57.852128+00:00,amazon_usa,PSU,B0D1HV9CHR,"Apevia ATX-PR850W-WH PCIE 5.0 & ATX 3.0 Prestige 850W 80+ Gold Rated, PCIE 5.0 / Gen 5 12VHPWR Connector, Active PFC ATX Gaming Power Supply White",70.5,20.56,2026-10-06,4.4,31,https://www.amazon.com/Apevia-ATX-PR850W-WH-Prestige-12VHPWR-Connector/dp/B0D1HV9CHR,0.0,20.56
20261006_050540,2026-10-06T05:25:57.852128+00:00,amazon_usa,PSU,B0DMR2FB12,"FSP VITA GM 850W Power Supply, 80 Plus Gold, ATX3.1 PCIe 5.1 Ready PSU",130.95,38.19,2026-10-06,5.0,27,https://www.amazon.com/FSP-Power-Supply-Modular-VITA-850GM/dp/B0DMR2FB12,0.0,38.19
20261006_050540,2026-10-06T05:25:57.852128+00:00,amazon_usa,PSU,B0DT2DVGFR,ENERMAX Revolution III 850 - Fully Modular PC Power Supply - 850 Watts - 80 Plus Gold - 600W 12V-2x6 Connector - 100% Japanese Capacitors - Sleeved Cables - 10 Year Warranty,96.18,28.05,2026-10-06,3.8,4,https://www.amazon.com/ENERMAX-Revolution-III-850-Capacitors/dp/B0DT2DVGFR,0.0,28.05
20261006_050540,2026-10-06T05:25:57.852128+00:00,amazon_usa,PSU,B0FCZS86VN,CORSAIR RM850x Shift Fully Modular ATX Power Supply - 80 Plus Gold - ATX 3.1 - PCIe 5.1 - Zero RPM - Modular Side Interface - White (Renewed),90.15,26.29,2026-10-06,4.3,23,https://www.amazon.com/CORSAIR-RM850x-Shift-Modular-Supply/dp/B0FCZS86VN,0.0,26.29
20261006_050540,2026-10-06T05:25:57.852128+00:00,amazon_usa,PSU,B0BTK4H5VS,GIGABYTE GP-UD850GM PG5 Rev2.0 - PCIe5.0 Ready - ATX3.0-850W 80 Plus Gold Certified - Fully Modular Power Supply,79.59,23.21,2026-10-06,4.5,52,https://www.amazon.com/GIGABYTE-GP-UD850GM-Rev2-0-Certified-Modular/dp/B0BTK4H5VS,0.0,23.21
20261006_050540,2026-10-06T05:25:57.852128+00:00,amazon_usa,PSU,B0BF3YF9KY,Thermaltake Toughpower GF3 850W; ATX 3.1; Native PCIe 5.1 12V-2x6; Flat Cables; Color Matched Connectors; Japanese Main Capacitors; 135mm Fan; 80 Plus Gold Certified; Black; PS-TPD-0850FNFAGU-4,124.88,36.42,2026-10-06,4.2,240,https://www.amazon.com/Thermaltake-Toughpower-Crossfire-Connector-PS-TPD-0850FNFAGU-4/dp/B0BF3YF9KY,0.0,36.42
20261006_050540,2026-10-06T05:26:02.232436+00:00,amazon_usa,PSU,B0C1JKHPNH,"Thermaltake Toughpower GF A3 850W, True 450W 12V-2x6 Connectors on PSU & NVIDIA RTX 50 Series, ATX 3.1/PCI-E 5.1, 80+ Gold, SLI/Crossfire Ready Power Supply, PS-TPD-0850FNFAGU-L, 10 Year Warranty",130.95,38.19,2026-10-06,4.3,278,https://www.amazon.com/Thermaltake-Toughpower-Connectors-Crossfire-PS-TPD-0850FNFAGU-L/dp/B0C1JKHPNH,0.0,38.19
20261006_050540,2026-10-06T05:26:02.232436+00:00,amazon_usa,PSU,B0H854K73K,MSI MAG GN85A Gaming Power Supply - 80 Plus Gold - ATX 3.1 & PCIe 5.1 Ready - 850W - Non-Modular - Active PFC - Low Noise ATX PSU,80.58,23.5,2026-10-06,0.0,0,https://www.amazon.com/MSI-GN85A-Gaming-Power-Supply/dp/B0H854K73K,0.0,23.5
20261006_050540,2026-10-06T05:26:02.232436+00:00,amazon_usa,PSU,B08R5JPTMZ,CORSAIR RM850x ATX 850W Power Supply – Black,221.62,64.63,2026-10-06,4.8,5500,https://www.amazon.com/Corsair-RM850x-Fully-Modular-Supply/dp/B08R5JPTMZ,0.0,64.63
20261006_050540,2026-10-06T05:26:02.232436+00:00,amazon_usa,PSU,B0DJ6BM9X8,Thermaltake Toughpower GT 750W ATX 3.1 Standard Power Supply; 80 Plus Gold Efficiency; Smart Zero Fan; Native 300W PCIe 5.1 Connector; PS-TPT-0750FNFAGU-3; 5 Year Warranty,80.58,23.5,2026-10-06,4.6,201,https://www.amazon.com/Thermaltake-Toughpower-Efficiency-Connector-PS-TPT-0750FNFAGU-3/dp/B0DJ6BM9X8,0.0,23.5
20261006_050540,2026-10-06T05:26:02.232436+00:00,amazon_usa,PSU,B0FPGD7XDK,"CORSAIR RM850x Shift (2025) Fully Modular ATX Power Supply – Modular Side Interface, Native 12V-2x6 Cable, ATX 3.1 & PCIe 5.1, Fan-Speed Control, 105°C-Rated Capacitors, Cybenetics Gold – Black",153.1,44.65,2026-10-06,4.7,33,https://www.amazon.com/CORSAIR-RM850x-Shift-Modular-Supply/dp/B0FPGD7XDK,0.0,44.65
20261006_050540,2026-10-06T05:26:02.232436+00:00,amazon_usa,PSU,B0GGGVYW1Q,darkFlash PMT850 850W ATX 3.1 PCIe 5.1 80 Plus Gold Fully Modular PSU Black,75.54,22.03,2026-10-06,5.0,3,https://www.amazon.com/darkFlash-PMT850-Fully-Modular-Black/dp/B0GGGVYW1Q,0.0,22.03
20261006_050540,2026-10-06T05:26:02.232436+00:00,amazon_usa,PSU,B0DM2GP61S,SAMA GT850 ATX 3.1 Fully Modular Standard Gaming 850W Power Supply White,80.58,23.5,2026-10-06,4.6,68,https://www.amazon.com/SAMA-White-850W-Power-Supply/dp/B0DM2GP61S,0.0,23.5
20261006_050540,2026-10-06T05:26:02.232436+00:00,amazon_usa,PSU,B0G27LMX21,"Apevia Galaxy 850W 80+ Gold ATX 3.1 Fully Modular Gaming PSU, PCIe 5.1 600W 12VHPWR, Japanese Caps, Silent 135mm FDB Fan, Stable +12V Rail, PSU for RTX 5060/5070/5080/40 Series",70.5,20.56,2026-10-06,4.4,9,https://www.amazon.com/Apevia-Galaxy-Modular-12VHPWR-Japanese/dp/B0G27LMX21,0.0,20.56
20261006_050540,2026-10-06T05:26:02.232436+00:00,amazon_usa,PSU,B0DCHZXSW9,"GAMEMAX SFX Power Supply 850W, Full Modular, 80 Plus Gold PSU (GS-850G WT)",100.71,29.37,2026-10-06,4.2,10,https://www.amazon.com/GAMEMAX-Power-Supply-Modular-GS-850G/dp/B0DCHZXSW9,0.0,29.37
20261006_050540,2026-10-06T05:26:02.232436+00:00,amazon_usa,PSU,B0GFD89FKG,ESGAMING 850W 80 Plus Gold ATX Gaming Power Supply Fully Modular ATX 3.1 & PCIe 5.1 Ready with 12V-2x6 Cable for High-End GPU - White,76.54,22.32,2026-10-06,5.0,4,https://www.amazon.com/ESGAMING-850W-Modular-12V-2x6-High-End/dp/B0GFD89FKG,0.0,22.32
20261006_050540,2026-10-06T05:26:02.232436+00:00,amazon_usa,PSU,B0FXG3T32C,"RAIJINTEK CRATOS LITE 850W Black, 80 Plus Gold, ATX 3.1, Non-Modular Power Supply, PCIe 5.1 Ready, 120mm Smart Fan, DC-to-DC, 12V-2×6 Connector, 5-Year Warranty",80.58,23.5,2026-10-06,4.7,5,https://www.amazon.com/RAIJINTEK-CRATOS-LITE-Non-Modular-Connector/dp/B0FXG3T32C,0.0,23.5
20261006_050540,2026-10-06T05:26:02.232436+00:00,amazon_usa,PSU,B0HK9GNWLC,CORSAIR RM850x ATX 850W Power Supply – Black (RENEWED),76.54,22.32,2026-10-06,0.0,0,https://www.amazon.com/CORSAIR-RM850x-850W-Power-Supply/dp/B0HK9GNWLC,0.0,22.32
20261006_050540,2026-10-06T05:26:02.232436+00:00,amazon_usa,PSU,B0FFPHTC8V,"Rosewill VSB 850W 80+ Bronze, ATX 3.0 & 3.1 Compatible, Semi-Modular Power Supply, PCIe 5.1 12V-2x6 Connector, 105°C/221°F Japanese Capacitor, 120mm ICB Silent Fan - 5 Year Warranty",80.58,23.5,2026-10-06,4.5,41,https://www.amazon.com/Rosewill-Compatible-Semi-Modular-Connector-Capacitor/dp/B0FFPHTC8V,0.0,23.5
20261006_050540,2026-10-06T05:26:02.232436+00:00,amazon_usa,PSU,B0CKS5GYH2,Thermaltake Toughpower GF A3 Snow Edition 850W 80+ Gold Full Modular SLI/Crossfire Ready ATX 3.1 Power Supply; PCI-E 5.1 450W 12V-2x6 Connector Included; PS-TPD-0850FNFAGU-N; 10 Year Warranty,125.67,36.65,2026-10-06,4.4,114,https://www.amazon.com/Thermaltake-Toughpower-Crossfire-Connector-PS-TPD-0850FNFAGU-N/dp/B0CKS5GYH2,0.0,36.65
20261006_050540,2026-10-06T05:26:02.232436+00:00,amazon_usa,PSU,B0FLFDGTH7,"CORSAIR RM850e ATX 3.1 PCIe 5.1 Ready Fully Modular 850W Power Supply – 12V-2x6 Cable Included, Cybenetics Gold Efficiency, 105°C-Rated Capacitors, Modern Standby Mode – White",124.88,36.42,2026-10-06,4.8,314,https://www.amazon.com/CORSAIR-RM850e-Ready-Modular-Supply/dp/B0FLFDGTH7,0.0,36.42
20261006_050540,2026-10-06T05:26:02.232436+00:00,amazon_usa,PSU,B0DVJNMCR1,"be quiet! Power Zone 2 850W Power Supply, 80 Plus and Cybenetics Platinum",123.79,36.1,2026-10-06,4.5,110,https://www.amazon.com/quiet-Power-Zone-Platinum-Supply/dp/B0DVJNMCR1,0.0,36.1
20261006_050540,2026-10-06T05:26:02.232436+00:00,amazon_usa,PSU,B0B1WBGQCW,"Corsair CORSAIR RM Series (2021), White, RM850, 850 Watt, 80 Plus Gold Certified, Fully Modular Power Supply (Renewed)",90.59,26.42,2026-10-06,4.8,46,https://www.amazon.com/Corsair-CORSAIR-Certified-Modular-Renewed/dp/B0B1WBGQCW,0.0,26.42
20261006_050540,2026-10-06T05:26:02.232436+00:00,amazon_usa,PSU,B0D5QVMGYX,"PCCOOLER PSU CPS YS850 Power Supply, 850W 80 Plus Gold Certified Fully Modular PCIe 5.1 & ATX 3.1, Wide Compatibility, 135mm FDB Fan, Full Japan Electrolytic Capacitors - 12 Year Warranty",190.55,55.57,2026-10-06,4.8,32,https://www.amazon.com/PCCOOLER-CPS-YS850-Power-Supply/dp/B0D5QVMGYX,32.0,87.57
20261006_050540,2026-10-06T05:26:02.232436+00:00,amazon_usa,PSU,B0FJC6FM1C,"LIAN LI SP750 V2 750W SFX Power Supply, 80 Plus Gold, Black (SP750G.B)",125.91,36.72,2026-10-06,4.5,68,https://www.amazon.com/SP750-Power-Supply-Black-SP750G-B/dp/B0FJC6FM1C,0.0,36.72
20261006_050540,2026-10-06T05:26:02.232436+00:00,amazon_usa,PSU,B0DKXGSK14,"RAIDMAX Cobra ATX 3.1 Power Supply 850W, Fully Modular 80+ Gold Certified Gaming PSU, PCIe Gen 5 Ready, High-Performance Power Supply for Gaming PCs, RoHS, Active PFC, Black Flat Cables",70.5,20.56,2026-10-06,4.0,3,https://www.amazon.com/RAIDMAX-Supply-Modular-Certified-High-Performance/dp/B0DKXGSK14,0.0,20.56
20261006_050540,2026-10-06T05:26:02.232436+00:00,amazon_usa,PSU,B0CPR1FR7H,ASUS Prime 750W Gold Power Supply,108.77,31.72,2026-10-06,4.8,196,https://www.amazon.com/ASUS-Compatible-Certified-Bearings-Warranty/dp/B0CPR1FR7H,0.0,31.72
20261006_050540,2026-10-06T05:26:07.089977+00:00,amazon_usa,PSU,B07NWZZXHQ,"Apevia ATX-PR800W Prestige 800W 80+ Gold Certified, RoHS Compliance, Active PFC ATX Gaming Power Supply",67.48,19.68,2026-10-06,4.4,2000,https://www.amazon.com/Apevia-ATX-PR800W-Prestige-Certified-Compliance/dp/B07NWZZXHQ,0.0,19.68
20261006_050540,2026-10-06T05:26:07.089977+00:00,amazon_usa,PSU,B0DD5XS97B,Corsair RM850x Shift Fully Modular ATX Power Supply - 80 Plus Gold - ATX 3.0 - PCIe 5.0 - Zero RPM - Modular Side Interface - Black (Renewed),116.76,34.05,2026-10-06,4.4,14,https://www.amazon.com/Corsair-RM850x-Shift-Modular-Supply/dp/B0DD5XS97B,0.0,34.05
20261006_050540,2026-10-06T05:26:07.089977+00:00,amazon_usa,PSU,B0DCJJRVB3,800W Power Supply 80 Plus Gold PSU ATX Non Modular with 115/230V Switch,60.42,17.62,2026-10-06,4.4,35,https://www.amazon.com/Power-Supply-ATX-Modular-Switch/dp/B0DCJJRVB3,0.0,17.62
20261006_050540,2026-10-06T05:26:07.089977+00:00,amazon_usa,PSU,B0F43P3145,"Vetroo 850W White SFX Power Supply, ATX 3.1 & PCIE 5.1 Ready",120.87,35.25,2026-10-06,4.5,99,https://www.amazon.com/Vetroo-White-Power-Supply-Ready/dp/B0F43P3145,0.0,35.25
20261006_050540,2026-10-06T05:26:07.089977+00:00,amazon_usa,PSU,B07K5Z3W5W,Silverstone Technology 850W Computer Power Supply PSU Fully Modular with 80 Plus Gold & 140mm Design Power Supply (SST-ST85F-GS-V2),115.83,33.78,2026-10-06,4.6,68,https://www.amazon.com/SilverStone-Technology-Computer-Modular-SST-ST85F-GS-V2/dp/B07K5Z3W5W,0.0,33.78
20261006_050540,2026-10-06T05:26:07.089977+00:00,amazon_usa,PSU,B0DZXLK5BY,CORSAIR RM850e (2025) ATX 3.1 PCIe 5.1 Ready 850W Power Supply – White,124.88,36.42,2026-10-06,4.6,115,https://www.amazon.com/CORSAIR-RM850e-Modular-Low-Noise-12V-2x6/dp/B0DZXLK5BY,0.0,36.42
20261006_050540,2026-10-06T05:26:07.089977+00:00,amazon_usa,PSU,B0CL12BH74,"ASUS TUF Gaming 850W Gold (850 Watt, ATX 3.0 Compatible, Fully Modular Power Supply, 80+ Gold, Military-Grade Components, Dual Ball Bearing, Axial-tech Fan, PCB Coating, 10 Year Warranty) (Renewed)",120.87,35.25,2026-10-06,4.8,5,https://www.amazon.com/ASUS-Compatible-Military-Grade-Components-Axial-tech/dp/B0CL12BH74,0.0,35.25
20261006_050540,2026-10-06T05:26:07.089977+00:00,amazon_usa,PSU,B0HFTMVHRT,Thermaltake Dockpower FI 850W ATX 3.1 Full Modular 80+ Gold Power Supply,130.95,38.19,2026-10-06,5.0,5,https://www.amazon.com/Thermaltake-Dockpower-Modular-Power-Supply/dp/B0HFTMVHRT,0.0,38.19
20261006_050540,2026-10-06T05:26:07.089977+00:00,amazon_usa,PSU,B0FNHFXH5K,"Antec GSK850 V2 ATX 3.1 850W Full Modular Power Supply, Black",110.79,32.31,2026-10-06,4.3,5,https://www.amazon.com/GSK850-V2-Certified-PhaseWave-Warranty/dp/B0FNHFXH5K,0.0,32.31
20261006_050540,2026-10-06T05:26:07.089977+00:00,amazon_usa,PSU,B0H6YBCYXN,"GIGABYTE Gaming 850GM PG5 ATX 3.1 & PCIe 5.1 Ready Fully Modular 850W Power Supply - 80 Plus Gold & Cybenetics Platinum Certified, Dual Color 12V-2x6 Cable, T-Guard, 10 Year Warranty - Black",141.03,41.13,2026-10-06,0.0,0,https://www.amazon.com/GIGABYTE-Gaming-PG5-Modular-Supply/dp/B0H6YBCYXN,0.0,41.13
20261006_050540,2026-10-06T05:26:07.089977+00:00,amazon_usa,PSU,B0GY221K1Y,"MSI PRO A850PL PCIE5, Fully Modular Gaming 850W Power Supply, 80+ Platinum, Native 12V-2x6 Cables, Server-Grade Capacitor, ATX 3.1 & PCIe 5.1 Ready, Low-Noise, Embossed Jacket Cables, 7 Year Warranty",161.16,47.0,2026-10-06,5.0,13,https://www.amazon.com/Platinum-Server-Grade-Capacitor-Low-Noise-Embossed/dp/B0GY221K1Y,0.0,47.0
20261006_050540,2026-10-06T05:26:07.089977+00:00,amazon_usa,PSU,B0FLPWH7DZ,750W Power Supply 80 Plus Gold Active PFC Non Modular Gaming PSU,46.33,13.51,2026-10-06,4.0,18,https://www.amazon.com/750W-Supply-Active-Modular-Gaming/dp/B0FLPWH7DZ,0.0,13.51
20261006_050540,2026-10-06T05:26:07.089977+00:00,amazon_usa,PSU,B0GQ1LVS3D,MONTECH BETA 2 850W ATX 3.1 80 Plus Bronze Non-Modular Power Supply,70.4,20.53,2026-10-06,5.0,3,https://www.amazon.com/MONTECH-Bronze-Non-Modular-Power-Supply/dp/B0GQ1LVS3D,0.0,20.53
20261006_050540,2026-10-06T05:26:07.089977+00:00,amazon_usa,PSU,B0FNS3N3CM,"Apevia ATX-SL850W Soul 850W Fully Modular Power Supply ATX 3.0 & 3.1 Compatible, PCIe 5.1 12V-2x6 Connector ATX Active PFC, DC to DC Converter Design, 140mm Silent Fan, RoHS Compliance",63.44,18.5,2026-10-06,4.6,11,https://www.amazon.com/Apevia-ATX-SL850W-Compatible-Connector-Compliance/dp/B0FNS3N3CM,0.0,18.5
20261006_050540,2026-10-06T05:26:07.089977+00:00,amazon_usa,PSU,B0B4N4T8VW,"ARESGAME AGV Series 750W Power Supply, 80 Plus Bronze Certified, Semi Modular Power Supply, 5 Year Warranty",62.44,18.21,2026-10-06,4.4,1100,https://www.amazon.com/ARESGAME-Supply-Certified-Modular-Warranty/dp/B0B4N4T8VW,0.0,18.21
20261006_050540,2026-10-06T05:26:07.089977+00:00,amazon_usa,PSU,B07XK85BRF,"Corsair RMX White Series (2018), RM850x, 850 Watt, 80+ Gold Certified, Fully Modular Power Supply - White (Renewed)",110.76,32.3,2026-10-06,4.5,66,https://www.amazon.com/CORSAIR-RM850x-Certified-Modular-Supply/dp/B07XK85BRF,0.0,32.3
20261006_050540,2026-10-06T05:26:07.089977+00:00,amazon_usa,PSU,B093B5G7XD,"EVGA SuperNOVA 850 GM, 80 PLUS Gold 850W, Fully Modular, ECO Mode with FDB Fan, 10 Year Warranty, Includes Power ON Self Tester, SFX Form Factor, Power Supply 123-GM-0850-X1",352.57,102.82,2026-10-06,4.3,277,https://www.amazon.com/EVGA-Supernova-Modular-Warranty-123-GM-0850-X1/dp/B093B5G7XD,0.0,102.82
20261006_050540,2026-10-06T05:26:07.089977+00:00,amazon_usa,PSU,B0GFVSV779,NZXT C850 SFX Gold - 850W SFX ATX 3.1 Power Supply - 80 Plus Gold - Cybenetics Platinum - Fully Modular - PCIe 5.1 600W 12V-2x6 - Japanese Capacitors - Black,194.46,56.71,2026-10-06,4.3,45,https://www.amazon.com/NZXT-C850-SFX-Gold-Cybenetics/dp/B0GFVSV779,0.0,56.71
20261006_050540,2026-10-06T05:26:22.306350+00:00,amazon_usa,COOLER,B0DLWFCVSD,"ARCTIC Liquid Freezer III Pro 360 A-RGB - AIO CPU Cooler, Water Cooling",77.56,22.62,2026-10-06,4.5,2000,https://www.amazon.com/ARCTIC-Liquid-Freezer-III-RGB/dp/B0DLWFCVSD,0.0,22.62
20261006_050540,2026-10-06T05:26:22.306350+00:00,amazon_usa,COOLER,B0DLWGG85P,"ARCTIC Liquid Freezer III Pro 360 - AIO CPU Cooler,3 x 120 mm Water Cooling",70.4,20.53,2026-10-06,4.3,2400,https://www.amazon.com/ARCTIC-Liquid-Freezer-III-Pro/dp/B0DLWGG85P,0.0,20.53
20261006_050540,2026-10-06T05:26:22.306350+00:00,amazon_usa,COOLER,B0DF7G8JFP,"CORSAIR Nautilus 360 RS ARGB Liquid CPU Cooler – 360mm AIO – Low-Noise – Direct Motherboard Connection – Daisy-Chain – Intel LGA 1851/1700, AMD AM5/AM4 – 3X RS120 ARGB Fans Included – White",130.95,38.19,2026-10-06,4.7,2400,https://www.amazon.com/CORSAIR-Nautilus-ARGB-Liquid-Cooler/dp/B0DF7G8JFP,0.0,38.19
20261006_050540,2026-10-06T05:26:22.306350+00:00,amazon_usa,COOLER,B0FLTZ2SHM,NZXT Kraken Core 360 RGB - 360mm AIO CPU Cooler - Black,80.58,23.5,2026-10-06,4.7,225,https://www.amazon.com/NZXT-Kraken-Core-360-RGB/dp/B0FLTZ2SHM,0.0,23.5
20261006_050540,2026-10-06T05:26:22.306350+00:00,amazon_usa,COOLER,B0DLWDJS8S,"ARCTIC Liquid Freezer III Pro 360 A-RGB - AIO CPU Cooler, Water Cooling",80.79,23.56,2026-10-06,4.5,998,https://www.amazon.com/ARCTIC-Liquid-Freezer-RGB-White/dp/B0DLWDJS8S,0.0,23.56
20261006_050540,2026-10-06T05:26:22.306350+00:00,amazon_usa,COOLER,B0FVFJZZV6,"Thermalright Peerless Vision 360 ARGB Black CPU Aio Cooler,PC 360 Specification Water Cooler System,3.95’’IPS LCD Screen with 480x480 Resolution,for AM4/AM5;Intel 1700/1851,3 Wireless Splicing Fans",102.66,29.94,2026-10-06,4.6,90,https://www.amazon.com/Thermalright-Peerless-ARGB-Specification-Resolution/dp/B0FVFJZZV6,0.0,29.94
20261006_050540,2026-10-06T05:26:22.306350+00:00,amazon_usa,COOLER,B0BDDZGLXL,"Thermalright Frozen Notte 360 Black ARGB V2 Water Cooling CPU Cooler, 360 Black CPU Cooler Specifications, 3×120mm PWM Fans, S-FDB Bearings, Suitable for AMD/AM4, Intel LGA 1700/1150/1151/1200/2011",55.79,16.27,2026-10-06,4.4,958,https://www.amazon.com/Thermalright-Cooling-Specifications-Bearings-Suitable/dp/B0BDDZGLXL,0.0,16.27
20261006_050540,2026-10-06T05:26:22.306350+00:00,amazon_usa,COOLER,B0FPCT1SV4,Lian Li HydroShift II LCD-S-360 CL-Liquid CPU Cooler-Black-HS2LCDS36CB,181.33,52.88,2026-10-06,4.3,179,https://www.amazon.com/Lian-Hydroshift-360-ARGB-Liquid-Cooler/dp/B0FPCT1SV4,0.0,52.88
20261006_050540,2026-10-06T05:26:22.306350+00:00,amazon_usa,COOLER,B0CCNVFXWH,"Thermalright Aqua Elite 360 V3 Water Cooling CPU Cooler, 3 PWM ARGB Fans with S-FDB Bearings,Efficient PWM Controlled Pump,for AMD/AM4/AM5, Intel LGA1150/1151/1200/1700/1851, (AE360 V3)",55.31,16.13,2026-10-06,4.6,396,https://www.amazon.com/Thermalright-Cooling-Bearings-Efficient-Controlled/dp/B0CCNVFXWH,0.0,16.13
20261006_050540,2026-10-06T05:26:22.306350+00:00,amazon_usa,COOLER,B0FM1V3Q3F,ASUS TUF Gaming LC III ARGB 360mm AMD/Intel Gaming Liquid CPU Cooler,135.99,39.66,2026-10-06,4.6,29,https://www.amazon.com/ASUS-TUF-III-pre-Installed-temperatures/dp/B0FM1V3Q3F,0.0,39.66
20261006_050540,2026-10-06T05:26:22.306350+00:00,amazon_usa,COOLER,B0H2XNVH3C,"Minorsonic CPU Cooler 360mm Aio, Liquid Cooler CPU Low-Noise AMD AM5/AM4, Refrigeracion Liquida Water Cooling Systems, Intel LGA 1851/1700 PC Water Cooler 3 x 120 mm PWM ARGB Fans White",39.26,11.45,2026-10-06,4.4,285,https://www.amazon.com/Minorsonic-Low-Noise-Refrigeracion-Liquida-Cooling/dp/B0H2XNVH3C,0.0,11.45
20261006_050540,2026-10-06T05:26:22.306350+00:00,amazon_usa,COOLER,B0DM4BRSV5,"MSI MAG Coreliquid A13 360 - AIO ARGB CPU Liquid Cooler - 360mm Radiator - LGA 1700/1851 / AM5/AM4 Compatible - Triple 120mm ARGB PWM Fans, Black",97.76,28.51,2026-10-06,4.7,348,https://www.amazon.com/MSI-MAG-Coreliquid-A13-360/dp/B0DM4BRSV5,0.0,28.51
20261006_050540,2026-10-06T05:26:22.306350+00:00,amazon_usa,COOLER,B0D9GWDTHZ,"NZXT Kraken Elite 360-360mm AIO CPU Cooler, LCD - Black",261.91,76.38,2026-10-06,4.0,288,https://www.amazon.com/NZXT-Kraken-Elite-360-2024/dp/B0D9GWDTHZ,0.0,76.38
20261006_050540,2026-10-06T05:26:22.306350+00:00,amazon_usa,COOLER,B0F5SZK3WX,"NZXT Kraken Plus 360-360mm AIO CPU Cooler, LCD - Black",177.28,51.7,2026-10-06,4.2,415,https://www.amazon.com/NZXT-Kraken-Plus-360-Customizable/dp/B0F5SZK3WX,0.0,51.7
20261006_050540,2026-10-06T05:26:22.306350+00:00,amazon_usa,COOLER,B0H7TLY7H8,"Antec Ultra 360 ARGB Liquid CPU Cooler, 3x120mm PWM Fans, High-Performance Pump, Intel LGA 1200/1851/20XX & AMD AM4/AM5",40.29,11.75,2026-10-06,4.9,18,https://www.amazon.com/Antec-Ultra-360-ARGB-High-Performance/dp/B0H7TLY7H8,0.0,11.75
20261006_050540,2026-10-06T05:26:22.306350+00:00,amazon_usa,COOLER,B0F9WV43J1,TRYX Panorama SE 360mm AIO Curved Screen GIPHY Built-in Asetek 280w TDP,251.83,73.44,2026-10-06,4.6,223,https://www.amazon.com/TRYX-SE-360-ARGB-Customizable/dp/B0F9WV43J1,0.0,73.44
20261006_050540,2026-10-06T05:26:22.306350+00:00,amazon_usa,COOLER,B0DWZJNH28,"be quiet! Silent Loop 3 360mm AiO ARGB Liquid CPU Cooler, for Overclocking",126.84,36.99,2026-10-06,4.7,204,https://www.amazon.com/quiet-Silent-Lighting-Liquid-Cooler/dp/B0DWZJNH28,0.0,36.99
20261006_050540,2026-10-06T05:26:22.306350+00:00,amazon_usa,COOLER,B0H2B8C4X4,"Noctua NL-LC1-36, High-Performance 360mm AIO CPU Cooler",251.79,73.43,2026-10-06,4.8,122,https://www.amazon.com/Noctua-NL-LC1-36-High-Performance-360mm-Cooler/dp/B0H2B8C4X4,0.0,73.43
20261006_050540,2026-10-06T05:26:22.306350+00:00,amazon_usa,COOLER,B0CCXHZBSV,"Thermaltake TH360 ARGB Sync V2 CPU Liquid Cooler/AlO Liquid Cooling/Fan 120mm*3/PWM 500~2000 RPM/Mirror Waterblock/MB ARGB Sync Control, CL-W362-PL12SW-A,Black",90.66,26.44,2026-10-06,4.6,327,https://www.amazon.com/Thermaltake-Cooling-500-2000-Waterblock-CL-W362-PL12SW/dp/B0CCXHZBSV,0.0,26.44
20261006_050540,2026-10-06T05:26:22.306350+00:00,amazon_usa,COOLER,B0DC1WB2RM,"ASUS ROG Strix LC III 360 ARGB LCD All-in-one CPU Liquid Cooler - Intel LGA 1700, 1200, 115X - AMD Socket AM4, AM5 – with 2.1"" IPS LCD, Asetek Gen7 v2 Pump, and Premium ROG ARGB Fans, 6 Year Warranty",260.88,76.08,2026-10-06,4.5,86,https://www.amazon.com/ASUS-ROG-III-360-ARGB/dp/B0DC1WB2RM,0.0,76.08
20261006_050540,2026-10-06T05:26:22.306350+00:00,amazon_usa,COOLER,B0DQ2LJ9VH,"Cooler Master 360 Core II AIO Liquid CPU Cooler, Infinity Mirror ARGB",99.72,29.08,2026-10-06,4.5,106,https://www.amazon.com/Cooler-Master-Infinity-Radiator-Platform/dp/B0DQ2LJ9VH,0.0,29.08
20261006_050540,2026-10-06T05:26:22.306350+00:00,amazon_usa,COOLER,B0F66J3QPC,"Thermalright FW360 SE ARGB V2 360mm AIO Liquid CPU Cooler, 2"" LCD Screen",91.55,26.7,2026-10-06,4.6,334,https://www.amazon.com/Thermalright-FW360-Liquid-Cooler-Screen/dp/B0F66J3QPC,0.0,26.7
20261006_050540,2026-10-06T05:26:22.306350+00:00,amazon_usa,COOLER,B0D9GV78D8,"NZXT Kraken Elite 360 RGB - 360mm AIO CPU Cooler, LCD - Black",282.04,82.25,2026-10-06,4.3,574,https://www.amazon.com/NZXT-Kraken-Elite-360-2024/dp/B0D9GV78D8,0.0,82.25
20261006_050540,2026-10-06T05:26:22.306350+00:00,amazon_usa,COOLER,B0GLFKYWHM,LIAN LI HydroShift II OLED Curved 360 TL Flex AIO Cooler-White-HS2OLDC36TW,342.49,99.88,2026-10-06,4.7,66,https://www.amazon.com/Lian-Li-Hydroshift-360TL-Liquid-Cooler-White-HS2OLDC36TW/dp/B0GLFKYWHM,0.0,99.88
20261006_050540,2026-10-06T05:26:26.026697+00:00,amazon_usa,COOLER,B0GT94L8KJ,"Chill Arc 360mm AIO CPU Cooler, 6.67"" 2K AMOLED Screen-BK",171.24,49.94,2026-10-06,4.1,66,https://www.amazon.com/Jungle-Leopard-Cooler-AMOLED-Screen-BK/dp/B0GT94L8KJ,0.0,49.94
20261006_050540,2026-10-06T05:26:26.026697+00:00,amazon_usa,COOLER,B0D1K859GT,"Thermalright FW 360 White ARGB-360mm AIO CPU Liquid Cooler,IPS LCD Screen with 320 * 240 Resolution,for AM4/AM5/Intel LGA1700,‘2.4 inch’Magnet-Absorbent LCD Screen for Images -White",84.22,24.56,2026-10-06,4.5,202,https://www.amazon.com/Thermalright-ARGB-360mm-Resolution-LGA1700-inchMagnet-Absorbent/dp/B0D1K859GT,0.0,24.56
20261006_050540,2026-10-06T05:26:26.026697+00:00,amazon_usa,COOLER,B0F8HTLRND,"Thermalright Aqua Elite 360 V6 ARGB Black CPU Liquid Cooler, 360 Cooling Row Size,3x120mm Water Radiator,AMD: AM4/AM5,Intel LGA115X/1200/1700/1851, AIO CPU Cooler",54.28,15.83,2026-10-06,4.7,115,https://www.amazon.com/Thermalright-Liquid-Cooling-3x120mm-Radiator/dp/B0F8HTLRND,0.0,15.83
20261006_050540,2026-10-06T05:26:26.026697+00:00,amazon_usa,COOLER,B0G33Z9WTS,"Thermalright Mjolnir Vision 360 UB PRO ARGB Black CPU Aio Cooler,PC 360 Specification Water Cooler System with Inline Fan,3.5’’ LCD Screen with 640x480 Resolution,for AM4/AM5;Intel 1700/1851/115X/2011",81.51,23.77,2026-10-06,4.7,21,https://www.amazon.com/Thermalright-Mjolnir-Specification-640x480-Resolution/dp/B0G33Z9WTS,0.0,23.77
20261006_050540,2026-10-06T05:26:26.026697+00:00,amazon_usa,COOLER,B0DQV2CBX1,TRYX Panorama SE 360mm AIO White Curved Screen GIPHY Built-in Asetek 280w,251.83,73.44,2026-10-06,4.6,326,https://www.amazon.com/TRYX-SE-360-ARGB-Customizable/dp/B0DQV2CBX1,0.0,73.44
20261006_050540,2026-10-06T05:26:26.026697+00:00,amazon_usa,COOLER,B0FLWMYX2F,be quiet! Pure Loop 3 360mm AiO Water Cooling for Slightly Overclocking,96.7,28.2,2026-10-06,4.4,84,https://www.amazon.com/quiet-360mm-Cooling-Slightly-Overclocking/dp/B0FLWMYX2F,0.0,28.2
20261006_050540,2026-10-06T05:26:26.026697+00:00,amazon_usa,COOLER,B0FHW6Z4TG,"Minorsonic CPU Cooler 360mm Aio, Liquid Cooler CPU Low-Noise AMD AM5/AM4, Refrigeracion Liquida Water Cooling Systems, Intel LGA 1851/1700 PC Water Cooler 3 x 120 mm PWM Fans Black",39.26,11.45,2026-10-06,4.4,285,https://www.amazon.com/Minorsonic-Low-Noise-Refrigeracion-Liquida-Cooling/dp/B0FHW6Z4TG,0.0,11.45
20261006_050540,2026-10-06T05:26:26.026697+00:00,amazon_usa,COOLER,B0CZMPHCPG,"ID-COOLING FX360 PRO 360mm AIO CPU Cooler, High-Efficiency Fans",65.46,19.09,2026-10-06,4.6,266,https://www.amazon.com/ID-COOLING-FX360-Liquid-Cooler-Desktop/dp/B0CZMPHCPG,0.0,19.09
20261006_050540,2026-10-06T05:26:26.026697+00:00,amazon_usa,COOLER,B0FHW333V3,"Minorsonic AIO CPU Cooler, 360mm AIO with High-Speed Ceramic Bearing Pump, 3X PWM ARGB Fans, 3-Phase Motor for Better Cooling Performance, Heat Transfer, Low Noise, Intel LGA 1851/1700, AMD AM5/AM4",39.26,11.45,2026-10-06,4.4,285,https://www.amazon.com/Minorsonic-High-Speed-Ceramic-Performance-Transfer/dp/B0FHW333V3,0.0,11.45
20261006_050540,2026-10-06T05:26:26.026697+00:00,amazon_usa,COOLER,B0FL7BXMRR,PF 360 CPU Water AIO Cooler Liquid Cooling|5.5-inch LCD Magnetic Screen|360mm ARGB Infinity Mirror 2000RPM PWM Fan|Lower Noise ≤30DBA|for Intel LGA1851/1700/1200/115X AMD AM4/AM5-Black,151.08,44.06,2026-10-06,4.2,206,https://www.amazon.com/Jungle-Leopard-5-5-inch-Magnetic-AM5-Black/dp/B0FL7BXMRR,0.0,44.06
20261006_050540,2026-10-06T05:26:26.026697+00:00,amazon_usa,COOLER,B0H5QBZY78,TRYX Holo 360mm AIO Holographic Visual GIPHY Built-in Asetek 280w TDP,181.33,52.88,2026-10-06,4.5,20,https://www.amazon.com/TRYX-Holographic-Visual-Built-Asetek/dp/B0H5QBZY78,0.0,52.88
20261006_050540,2026-10-06T05:26:26.026697+00:00,amazon_usa,COOLER,B0DF7B7324,"CORSAIR Nautilus 360 RS Liquid CPU Cooler – 360mm AIO – Low-Noise – Direct Motherboard Connection – Daisy-Chain – Intel LGA 1851/1700, AMD AM5/AM4 – 3X RS120 Fans Included – Black",148.61,43.34,2026-10-06,4.6,1000,https://www.amazon.com/CORSAIR-Nautilus-360-Liquid-Cooler/dp/B0DF7B7324,0.0,43.34
20261006_050540,2026-10-06T05:26:26.026697+00:00,amazon_usa,COOLER,B07DV29GYN,"Cooler Master Elite Liquid 360 AIO Liquid CPU Cooler, ARGB",70.5,20.56,2026-10-06,4.5,1800,https://www.amazon.com/Cooler-Master-MLX-D36M-A20PC-R1-MasterLiquid-Independently-Controlled/dp/B07DV29GYN,0.0,20.56
20261006_050540,2026-10-06T05:26:26.026697+00:00,amazon_usa,COOLER,B0BDF5514F,"Thermalright Frozen Notte 360 White ARGB V2 Water Cooling CPU Cooler, 360 Specification CPU Liquid Cooler,3 PWM Fans, for AM4/AM5,Intel lga1700/1851/115x/2011",53.97,15.74,2026-10-06,4.4,958,https://www.amazon.com/Thermalright-Cooling-Specifications-Bearings-Suitable/dp/B0BDF5514F,0.0,15.74
20261006_050540,2026-10-06T05:26:26.026697+00:00,amazon_usa,COOLER,B0BKK78R71,"Thermalright Frozen Notte 360 Black ARGB Water Cooling CPU Cooler, 360 Black CPU Cooler Specifications, 3×120mm PWM Fans, S-FDB V2 Bearings, Suitable for AMD/AM4, Intel LGA 1700/1150/1200/2011/2066",54.8,15.98,2026-10-06,4.5,178,https://www.amazon.com/Thermalright-Frozen-Notte-360-ARGB/dp/B0BKK78R71,0.0,15.98
20261006_050540,2026-10-06T05:26:26.026697+00:00,amazon_usa,COOLER,B0GLNXQ71Z,ProFlow SE 360mm ARGB Black AIO CPU Cooler-Water Liquid Cooling System|4-Inch LCD Screen|320W TDP|ARGB 1850RPM PWM Cooler Fans|for Intel LGA1851/1700/1200/115X AMD AM4/AM5（Black）,120.87,35.25,2026-10-06,4.3,25,https://www.amazon.com/Jungle-Leopard-ProFlow-Cooler-Water-AM5%EF%BC%88Black%EF%BC%89/dp/B0GLNXQ71Z,0.0,35.25
20261006_050540,2026-10-06T05:26:26.026697+00:00,amazon_usa,COOLER,B0DDR3VT16,be quiet! Light Loop 360mm Black CPU Liquid Cooler for Overclocked Systems,104.65,30.52,2026-10-06,4.8,396,https://www.amazon.com/quiet-Overclocked-high-Speed-Extremely-Performance/dp/B0DDR3VT16,0.0,30.52
20261006_050540,2026-10-06T05:26:26.026697+00:00,amazon_usa,COOLER,B0C4C421RZ,"Cooler Master 360L Core AIO CPU Liquid Cooler – 360mm Radiator, 3X ARGB PWM Fans, Patented Gen S Dual-Chamber Pump, Quiet Cooling & Easy Installation, AMD AM5/AM4 & Intel LGA 1851/1700, Black",68.48,19.97,2026-10-06,4.6,887,https://www.amazon.com/Cooler-Master-MasterLiquid-Close-Loop-MLW-D36M-A18PZ-R1/dp/B0C4C421RZ,0.0,19.97
20261006_050540,2026-10-06T05:26:26.026697+00:00,amazon_usa,COOLER,B0CDPKSTWP,"Thermalright Aqua Elite 360 White V3 Aio CPU Cooler, 360 Liquid Cooling Row, ARGB PWM Cooler Fans, for Intel LGA1150/1151/1155/1156/1200/1851/1700,AMD:AM4/AM5, PC Cooler Aio",51.57,15.04,2026-10-06,4.8,111,https://www.amazon.com/Thermalright-V3-Cooler-Cooling-LGA1150/dp/B0CDPKSTWP,0.0,15.04
20261006_050540,2026-10-06T05:26:26.026697+00:00,amazon_usa,COOLER,B0G4VQ1X5X,"Thermalright Magic Qube 360 ARGB Black Liquid CPU Cooler,Building Block Fan with 2000RPM,for AM4/AM5,Intel LGA1150/1151/1200/1700/1851,Temperature Controlled Color Changing Digital Screen",61.34,17.89,2026-10-06,4.3,26,https://www.amazon.com/Thermalright-Building-Temperature-Controlled-Changing/dp/B0G4VQ1X5X,0.0,17.89
20261006_050540,2026-10-06T05:26:26.026697+00:00,amazon_usa,COOLER,B0DKD2GR3D,"Thermalrlght CORE Vision 360 Black ARGB CPU Water Cooler,3 PWM Fans Water Cooling System with 2000PRM,for AM4/AM5&Intel LGA1851/1700, Magnetic Detachable LCD Screen with 480 * 480 Resolution",78.46,22.88,2026-10-06,4.7,30,https://www.amazon.com/Thermalrlght-Cooling-Magnetic-Detachable-Resolution/dp/B0DKD2GR3D,0.0,22.88
20261006_050540,2026-10-06T05:26:26.026697+00:00,amazon_usa,COOLER,B0H421RM64,CORSAIR iCUE Link Titan II 360 RX RGB AIO Liquid CPU Cooler – Black,180.33,52.59,2026-10-06,4.0,6,https://www.amazon.com/CORSAIR-iCUE-Titan-Liquid-Cooler/dp/B0H421RM64,0.0,52.59
20261006_050540,2026-10-06T05:26:26.026697+00:00,amazon_usa,COOLER,B0DPPBVSNC,ASUS ROG Ryujin III ARGB Extreme 360mm AMD/Intel Gaming Liquid CPU Cooler,394.37,115.01,2026-10-06,4.6,248,https://www.amazon.com/ASUS-ROG-III-360-ARGB/dp/B0DPPBVSNC,0.0,115.01
20261006_050540,2026-10-06T05:26:30.071414+00:00,amazon_usa,COOLER,B0FPCSSZPY,"Lian Li HydroShift II LCD-S 360 Fanless Liquid CPU Cooler, Square LCD,Black",161.16,47.0,2026-10-06,4.5,161,https://www.amazon.com/Lian-Li-Hydroshift-Liquid-Cooler/dp/B0FPCSSZPY,0.0,47.0
20261006_050540,2026-10-06T05:26:30.071414+00:00,amazon_usa,COOLER,B0D6BFBLTK,"CORSAIR iCUE Link Titan 360 RX RGB Liquid CPU Cooler – 360mm AIO – Low-Noise – FlowDrive Cooling Engine – Intel LGA 1851/1700, AMD AM5/AM4 – 3X RX120 RGB Fans – iCUE Link System Hub Included – Black",201.45,58.75,2026-10-06,4.6,1500,https://www.amazon.com/CORSAIR-iCUE-Titan-Liquid-Cooler/dp/B0D6BFBLTK,0.0,58.75
20261006_050540,2026-10-06T05:26:30.071414+00:00,amazon_usa,COOLER,B0FKXZQGFN,"Thermalright Frozen Infinity 360 Black CPU Water Cooler,360 Aio CPU Cooler, Triple TL-M12 PWM Fans,Infinity Mirror CPU Cooler,for AMD/AM4/AM5,Intel LGA1851/1700/1150/1151/",55.31,16.13,2026-10-06,4.5,138,https://www.amazon.com/Thermalright-Frozen-Infinity-Cooler-LGA1851/dp/B0FKXZQGFN,0.0,16.13
20261006_050540,2026-10-06T05:26:30.071414+00:00,amazon_usa,COOLER,B0FND8XGV1,"Antec Skeleton 360 ARGB AIO Liquid CPU Cooler, 360mm, Black",50.37,14.69,2026-10-06,4.5,72,https://www.amazon.com/Skeleton-Liquid-Cooler-Radiator-High-Performance-Copper/dp/B0FND8XGV1,0.0,14.69
20261006_050540,2026-10-06T05:26:30.071414+00:00,amazon_usa,COOLER,B0D9GWQPDM,"NZXT Kraken Elite 360 RGB - 360mm AIO CPU Cooler, LCD - White",295.0,86.03,2026-10-06,4.1,598,https://www.amazon.com/NZXT-Kraken-Elite-360-2024/dp/B0D9GWQPDM,0.0,86.03
20261006_050540,2026-10-06T05:26:30.071414+00:00,amazon_usa,COOLER,B0GKRBSYZG,ASUS ROG Ryuo IV ARGB 360mm AMD/Intel Gaming Liquid CPU Cooler,415.01,121.03,2026-10-06,4.4,94,https://www.amazon.com/ASUS-ROG-RYUO-360-ARGB/dp/B0GKRBSYZG,0.0,121.03
20261006_050540,2026-10-06T05:26:30.071414+00:00,amazon_usa,COOLER,B0DFK77QNS,"Thermaltake TH360 V2 Ultra EX ARGB AIO Cooler/Snow/Water Block 2.1"" LCD/Fan 120 * 3/Magnetic Quick Connection/MB ARGB Sync Control/LCD Software Control/CL-W426-PL12SW-A",171.21,49.93,2026-10-06,4.1,36,https://www.amazon.com/Thermaltake-Magnetic-Connection-Software-CL-W426-PL12SW/dp/B0DFK77QNS,0.0,49.93
20261006_050540,2026-10-06T05:26:30.071414+00:00,amazon_usa,COOLER,B0GW5XSBJD,"Antec Luna 360 ARGB AIO Liquid CPU Cooler, 3x120mm PWM ARGB Fans, Infinity Mirror Pump Head Design, High-Performance Cooling, Intel LGA 1700/1851 & AMD AM4/AM5",45.33,13.22,2026-10-06,4.6,46,https://www.amazon.com/Antec-Luna-360-ARGB-High-Performance/dp/B0GW5XSBJD,0.0,13.22
20261006_050540,2026-10-06T05:26:30.071414+00:00,amazon_usa,COOLER,B0FD6WBGD9,"Thermalright Trofeo Vision 360 ARGB Black CPU AIO Cooler,6.86-inch LCD Long Screen High-Performance 360mm Water-Cooled Radiator,IPS LCD Screen with 1280x480 Resolution,for AM4/AM5,Intel LGA1851/1700",142.96,41.69,2026-10-06,3.8,155,https://www.amazon.com/Thermalright-ARGB-High-Performance-Water-Cooled-Resolution/dp/B0FD6WBGD9,0.0,41.69
20261006_050540,2026-10-06T05:26:30.071414+00:00,amazon_usa,COOLER,B0DK4P13H5,"Thermalright CORE Vision 360 White ARGB CPU AIO Cooler,IPS LCD Screen with 480 * 480 Resolution,for AM5&Intel 1700/1851,High-Performance 360 Specs Water-Cooled Radiator with 2.1in Removable Display",79.18,23.09,2026-10-06,4.5,100,https://www.amazon.com/Thermalright-ARGB-Resolution-High-Performance-Water-Cooled/dp/B0DK4P13H5,0.0,23.09
20261006_050540,2026-10-06T05:26:30.071414+00:00,amazon_usa,COOLER,B0D97Q33GW,"ID-COOLING FX360 INF 360mm AIO CPU Cooler, Infinity Mirror, Quiet",80.58,23.5,2026-10-06,4.4,222,https://www.amazon.com/ID-COOLING-Infinity-Daisy-Chained-Low-Noise-Operating/dp/B0D97Q33GW,0.0,23.5
20261006_050540,2026-10-06T05:26:30.071414+00:00,amazon_usa,COOLER,B0FD71T7V4,"Thermalright Wonder Vision 360 UB ARGB White AIO CPU Liquid Cooler,for AM5/Intel LGA1851/1700,6.67-inch 3D Curved Screen with 2400x1080 Resolutions,Magnetic Panel Screen,3D/2D Video Support",207.42,60.49,2026-10-06,4.6,24,https://www.amazon.com/Thermalright-Wonder-Vision-ARGB-White/dp/B0FD71T7V4,0.0,60.49
20261006_050540,2026-10-06T05:26:30.071414+00:00,amazon_usa,COOLER,B0G81B9VQS,"Thermalright Aqua Elite 360 V5 ARGB Black-CPU Liquid Cooler,Pump Speed-2800RPM,for AM4/AM5,Intel LGA1150/1151/1200 /1851/1700,High-Performance Radiator",54.28,15.83,2026-10-06,4.9,11,https://www.amazon.com/Thermalright-Black-CPU-Speed-2800RPM-High-Performance-Radiator/dp/B0G81B9VQS,0.0,15.83
20261006_050540,2026-10-06T05:26:30.071414+00:00,amazon_usa,COOLER,B0FSQMXNMF,"Ocypus Sigma L36 BK ARGB 360mm AIO Liquid CPU Cooler with 2.4"" LCD Display",46.09,13.44,2026-10-06,4.4,12,https://www.amazon.com/Sigma-L36-BK-ARGB-high-performence/dp/B0FSQMXNMF,0.0,13.44
20261006_050540,2026-10-06T05:26:30.071414+00:00,amazon_usa,COOLER,B0DHXGNJM9,"Thermalright Aqua Elite 360 ARGB CPU Water Cooler, with 3 PWM Fans, 1550RPM Speed,for AMD/AM4/AM5, Intel LGA1851/1150/1151/1155/1156/1200/1700",49.27,14.37,2026-10-06,4.6,81,https://www.amazon.com/Thermalright-Elite-Cooler-1550RPM-LGA1851/dp/B0DHXGNJM9,0.0,14.37
20261006_050540,2026-10-06T05:26:30.071414+00:00,amazon_usa,COOLER,B0DYDF5F4Y,"darkFlash DG360 All-in-one Liquid CPU Cooler, High-Performance Pump, ARGB Sync, PWM Daisy Chain Connection Fans, AIO Cooler Compatible with Intel 1851/1700, AMD AM4/AM5 (Black, 360mm AIO)",65.46,19.09,2026-10-06,5.0,57,https://www.amazon.com/darkFlash-Liquid-Cooler-High-Performance-Connection-Compatible/dp/B0DYDF5F4Y,0.0,19.09
20261006_050540,2026-10-06T05:26:30.071414+00:00,amazon_usa,COOLER,B0DHX795DV,"Thermalright Aqua Elite 360 ARGB Liquid CPU Cooler,Black",54.28,15.83,2026-10-06,4.6,151,https://www.amazon.com/Thermalright-360-ARGB-V4-Computer/dp/B0DHX795DV,0.0,15.83
20261006_050540,2026-10-06T05:26:30.071414+00:00,amazon_usa,COOLER,B0FL7CQX3D,PF 360 CPU Water AIO Cooler Liquid Cooling|5.5-inch LCD Magnetic Screen|360mm ARGB Infinity Mirror 2000RPM PWM Fan|Lower Noise ≤30DBA|for Intel LGA1851/1700/1200/115X AMD AM4/AM5-White,151.08,44.06,2026-10-06,4.2,206,https://www.amazon.com/Jungle-Leopard-5-5-inch-Magnetic-AM5-White/dp/B0FL7CQX3D,0.0,44.06
20261006_050540,2026-10-06T05:26:30.071414+00:00,amazon_usa,COOLER,B0F6NBL6C6,"PCCOOLER DC360 Pro 360mm AIO CPU Cooler, 2.4"" IPS LCD, 310W, ARGB, Black",98.72,28.79,2026-10-06,4.4,303,https://www.amazon.com/PCCOOLER-Freezer-Cooling-High-Performance-DC360/dp/B0F6NBL6C6,0.0,28.79
20261006_050540,2026-10-06T05:26:30.071414+00:00,amazon_usa,COOLER,B0D1JYT6CG,"Thermalright FW360 Black ARGB CPU AIO Cooler,PC 360 Specification Water Cooler System,IPS LCD Screen with 320x240 Resolution,for AM5&Intel LGA1700/1851,CPU Cooler Comes with 2.4-inch LCD Display",84.52,24.65,2026-10-06,4.6,196,https://www.amazon.com/Thermalright-Cooler-2000RPM-Screen-Resolution/dp/B0D1JYT6CG,0.0,24.65
20261006_050540,2026-10-06T05:26:30.071414+00:00,amazon_usa,COOLER,B0FD75H1D6,"Thermalright Trofeo Vision 360 ARGB White CPU Liqud Cooler,6.86-inch Magnetic IPS LCD Screen with 1280x480 Resolution,Free to DIY a Variety of Themes,Liquid CPU Cooler for AM4/AM5,Intel lga1700/1851",119.19,34.76,2026-10-06,4.2,47,https://www.amazon.com/Thermalright-ARGB-6-86-inch-2400x1080-Resolution/dp/B0FD75H1D6,0.0,34.76
20261006_050540,2026-10-06T05:26:30.071414+00:00,amazon_usa,COOLER,B0H4M26R4P,CORSAIR iCUE Link Titan II 360 RX LCD AIO Liquid CPU Cooler – Black,240.75,70.21,2026-10-06,3.1,4,https://www.amazon.com/CORSAIR-iCUE-Titan-Liquid-Cooler/dp/B0H4M26R4P,0.0,70.21
20261006_050540,2026-10-06T05:26:30.071414+00:00,amazon_usa,COOLER,B0D73CDLK5,"Thermalright Frozen Infinity 360 Black CPU Water Cooler,360 Aio CPU Cooler,Triple TL-M12 PWM Fans,Infinity Mirror CPU Cooling,for AM4/AM5,Intel LGA1851/1700/1150/1151",54.28,15.83,2026-10-06,4.7,176,https://www.amazon.com/Thermalright-Frozen-Infinity-360-LGA1851/dp/B0D73CDLK5,0.0,15.83
20261006_050540,2026-10-06T05:26:34.420129+00:00,amazon_usa,COOLER,B0H8CPP69N,Thermalright Dynamic Vision Pro 360 ARGB Black-360mm AIO CPU Liquid Cooler,119.77,34.93,2026-10-06,4.2,9,https://www.amazon.com/Thermalright-Dynamic-Vision-Black-360mm-Liquid/dp/B0H8CPP69N,0.0,34.93
20261006_050540,2026-10-06T05:26:34.420129+00:00,amazon_usa,COOLER,B0FVKXSRHM,"PCCOOLER GT360M 360mm AIO CPU Cooler with 2.8"" IPS LCD, ARGB, 300W TDP",99.72,29.08,2026-10-06,4.0,95,https://www.amazon.com/PCCOOLER-2-8-Inch-Aluminum-Compatible-GT360M/dp/B0FVKXSRHM,0.0,29.08
20261006_050540,2026-10-06T05:26:34.420129+00:00,amazon_usa,COOLER,B0FP48R8QG,ASUS ROG Ryuo IV SLC ARGB 360mm AMD/Intel Gaming Liquid CPU Cooler,465.25,135.68,2026-10-06,4.4,94,https://www.amazon.com/ASUS-ROG-RYUO-SLC-ARGB/dp/B0FP48R8QG,0.0,135.68
20261006_050540,2026-10-06T05:26:34.420129+00:00,amazon_usa,COOLER,B0D3CYW7SQ,"Thermalright Aqua Elite 360 White V3 CPU Liquid Cooler, AIO Pump Head Speed Up to 2800RPM, TL-C12W-S V2×3 PWM Fans, for AMD/AM4/AM5, Intel LGA1150/1151/1200/1700/1851, Computer CPU Aio Cooler",51.26,14.95,2026-10-06,4.8,114,https://www.amazon.com/Thermalright-2800RPM-TL-C12W-S-LGA1150-Computer/dp/B0D3CYW7SQ,0.0,14.95
20261006_050540,2026-10-06T05:26:34.420129+00:00,amazon_usa,COOLER,B0D731NGTQ,"Thermalright Frozen Infinity 360 Black Liquid CPU Cooler,Triple PWM Fans with 2000RPM,Desktop CPU Aio Cooler,for AM4/AM5&Intel LGA1150/1151/1200/1700/1851,Infinity Mirror PC CPU Water Cooler",56.3,16.42,2026-10-06,4.7,36,https://www.amazon.com/Thermalright-Infinity-2000RPM-Desktop-LGA1150/dp/B0D731NGTQ,0.0,16.42
20261006_050540,2026-10-06T05:26:34.420129+00:00,amazon_usa,COOLER,B0GJ5JQ2XZ,"TR Thermalright Mjolnir Vision 360 UB PRO ARGB Black CPU Water Cooler,360 Aio Cooler, IPS LCD Screen with 640x480 Resolution,for Intel LGA1851/1700,AM4/AM5,CPU Liquid Cooler,3.5-inch Display-Magnetic",82.19,23.97,2026-10-06,4.6,8,https://www.amazon.com/Thermalright-Mjolnir-Resolution-3-5-inch-Display-Magnetic/dp/B0GJ5JQ2XZ,0.0,23.97
20261006_050540,2026-10-06T05:26:34.420129+00:00,amazon_usa,COOLER,B0FMK1KSXH,"KINGCOOL Pure Flow 360mm AIO CPU Liquid Cooler for AMD Intel CPU, Black",70.5,20.56,2026-10-06,4.6,15,https://www.amazon.com/KINGCOOL-Enhanced-Transparent-Aluminum-Compatible/dp/B0FMK1KSXH,0.0,20.56
20261006_050540,2026-10-06T05:26:34.420129+00:00,amazon_usa,COOLER,B0D72X5YB2,"Thermalright Frozen Infinity 360 BLACK CPU Water Cooler, with Triple 124mm Infinity Mirror PWM Fans,for Intel 1150/1151/1200/2011/ 1700/1851&AMD/AM4/AM5,360 Size Infinity Mirror Water Cooling Radiator",60.52,17.65,2026-10-06,4.6,61,https://www.amazon.com/Thermalright-Infinity-BLACK-Cooling-Radiator/dp/B0D72X5YB2,0.0,17.65
20261006_050540,2026-10-06T05:26:34.420129+00:00,amazon_usa,COOLER,B0G6K8XFC8,TRYX Stage AIO Cooler 360mm 4'' Dual-Screen GIPHY Built-in Asetek 280w TDP,201.45,58.75,2026-10-06,4.3,65,https://www.amazon.com/TRYX-Dual-Screen-Customizable-Cooler-Display/dp/B0G6K8XFC8,0.0,58.75
20261006_050540,2026-10-06T05:26:34.420129+00:00,amazon_usa,COOLER,B0H4M6PM4K,CORSAIR iCUE Link Titan II 360 RX LCD AIO Liquid CPU Cooler – White,240.75,70.21,2026-10-06,3.1,4,https://www.amazon.com/CORSAIR-iCUE-Titan-Liquid-Cooler/dp/B0H4M6PM4K,0.0,70.21
20261006_050540,2026-10-06T05:26:34.420129+00:00,amazon_usa,COOLER,B0DF7CZ9D8,"CORSAIR Titan 360 RX LCD Liquid CPU Cooler, 360mm AIO, Low-Noise FlowDrive Cooling Engine, Intel LGA 1851/1700 & AMD AM5/AM4, 3X RX120 RGB Fans, System Hub Included, Black",221.62,64.63,2026-10-06,4.6,1300,https://www.amazon.com/CORSAIR-Low-Noise-FlowDrive-Cooling-Included/dp/B0DF7CZ9D8,0.0,64.63
20261006_050540,2026-10-06T05:26:34.420129+00:00,amazon_usa,COOLER,B0FHGSM9NK,"Thermalright Stream Vision 360 Black-360mm AIO CPU Liquid Cooler,3.5’’Square LCD Display for Images,Magnetic Suction High-Performance Pump for 640x480 Resolution with Embedded Fan,for AM5/lga1851/1700",119.77,34.93,2026-10-06,4.8,20,https://www.amazon.com/Thermalright-Black-360mm-3-5Square-High-Performance-Resolution/dp/B0FHGSM9NK,0.0,34.93
20261006_050540,2026-10-06T05:26:34.420129+00:00,amazon_usa,COOLER,B0FWTK88NB,MSI CORELIQUID A17 MLG Edition - AIO ARGB CPU Liquid Cooler - 360mm Radiator - LGA 1851 and AM5 Ready - Triple 120mm ARGB PWM Fans - Uni Bracket - Exclusive MLG Figure,150.09,43.77,2026-10-06,4.9,23,https://www.amazon.com/MSI-CORELIQUID-A17-MLG-Exclusive/dp/B0FWTK88NB,0.0,43.77
20261006_050540,2026-10-06T05:26:34.420129+00:00,amazon_usa,COOLER,B0BDJYXM2Y,"Thermalright Frozen Notte 360 Black ARGB V2 Water Cooling CPU Cooler, 360 Specification CPU Liquid Cooler,3 PWM Fans, S-FDB Bearings, Suitable for AMD:AM4/AM5, Intel LGA 1851/1700/115X/1200/2011",55.31,16.13,2026-10-06,4.4,497,https://www.amazon.com/Thermalright-Frozen-Notte-360-Specifications/dp/B0BDJYXM2Y,0.0,16.13
20261006_050540,2026-10-06T05:26:34.420129+00:00,amazon_usa,COOLER,B0FD3MRM1B,"Thermalright Wonder Vision 360 UB ARGB CPU AIO Cooler,360mm Radiator, 2K 60HZ Curved Screen with 2400x1080 Resolution,for AM4/AM5,Intel LGA1851/1700,6.67in 3D Screen High Performance Pump",212.94,62.1,2026-10-06,4.5,61,https://www.amazon.com/Thermalright-Radiator-2400x1080-Resolution-Performance/dp/B0FD3MRM1B,0.0,62.1
20261006_050540,2026-10-06T05:26:34.420129+00:00,amazon_usa,COOLER,B0CK57N22Q,"Cooler Master 360 Atmos Performance-Driven Close-Loop AIO Liquid Cooler, R9|Ultra 9, Dual Chamber aRGB Pump, 360 Radiator, Sickleflow Edge PWM Fans, AM5|4, Intel LGA 1851|1700 Platform",100.71,29.37,2026-10-06,4.7,139,https://www.amazon.com/CoolerMaster-MasterLiquid-Close-Loop-Cooler-MLX-D36M-A25PZ-R1/dp/B0CK57N22Q,0.0,29.37
20261006_050540,2026-10-06T05:26:34.420129+00:00,amazon_usa,COOLER,B0H8494H32,CORSAIR Nautilus 360 RS AIO Liquid CPU Cooler – Black,110.79,32.31,2026-10-06,0.0,0,https://www.amazon.com/CORSAIR-Nautilus-360-Liquid-Cooler/dp/B0H8494H32,0.0,32.31
20261006_050540,2026-10-06T05:26:34.420129+00:00,amazon_usa,COOLER,B0DSJ2RDKV,"darkFlash DV360S All-in-one Liquid CPU Cooler, 3.2” LCD Screen with 320 * 320 Resolution, ARGB Sync, PWM Fans 360mm Radiator, CPU PC Aio Cooler Compatible with Intel 1851/1700, AMD AM4/AM5 (Black)",100.71,29.37,2026-10-06,4.2,113,https://www.amazon.com/darkFlash-DV360S-Liquid-Resolution-Radiator-Compatible/dp/B0DSJ2RDKV,0.0,29.37
20261006_050540,2026-10-06T05:26:34.420129+00:00,amazon_usa,COOLER,B0BWJS56BF,"Thermalright Frozen Prism360 Black ARGB CPU Liquid Cooler,Efficient PWM Controlled Pump 2800RPM,3×TL-E12 Series PWM Fan,Water Cooling Computer Parts,for AMD AM4/AM5,Intel 1150/1151/1200/1700/1851",54.28,15.83,2026-10-06,4.4,174,https://www.amazon.com/Thermalright-Frozen-Black-ARGB-Controlled/dp/B0BWJS56BF,0.0,15.83
20261006_050540,2026-10-06T05:26:34.420129+00:00,amazon_usa,COOLER,B0H5QH8BSM,TRYX Holo 360mm AIO White Holographic Visual GIPHY Built-in Asetek 280w TDP,181.33,52.88,2026-10-06,4.5,20,https://www.amazon.com/TRYX-Holographic-Visual-Built-Asetek/dp/B0H5QH8BSM,0.0,52.88
20261006_050540,2026-10-06T05:26:34.420129+00:00,amazon_usa,COOLER,B0D1K7WRLV,"Thermalright FW360 Black CPU AIO Cooler,PC 360 Specification Water Cooler System,IPS LCD Screen with 320 * 240 Resolution,for AM5&Intel LGA1851,High Performance Pump,Comes with 2.4-inch LCD Display",67.07,19.56,2026-10-06,4.9,23,https://www.amazon.com/Thermalright-Cooling-Resolution-LGA1700-Computer/dp/B0D1K7WRLV,0.0,19.56
20261006_050540,2026-10-06T05:26:34.420129+00:00,amazon_usa,COOLER,B0FD7HZSSY,"Thermalright Wonder Vision 360 UB ARGB Black CPU Water Cooler, 6.67-inch Magnetic Curved Screen with 2400x1080 Resolution, AMOLED Display Screen, Liquid Cooler for AM4/AM5, Intel LGA1700/1851",210.44,61.37,2026-10-06,4.3,22,https://www.amazon.com/Thermalright-6-67-inch-Magnetic-2400x1080-Resolution/dp/B0FD7HZSSY,0.0,61.37
20261006_050540,2026-10-06T05:26:34.420129+00:00,amazon_usa,COOLER,B0DF7RD6PT,Ocypus Iota L36 BK 360mm AIO Liquid CPU Cooler with Digital Temp Display,66.97,19.53,2026-10-06,4.7,62,https://www.amazon.com/Ocypus-Iota-L36-Liquid-Efficient/dp/B0DF7RD6PT,0.0,19.53
20261006_050540,2026-10-06T05:26:34.420129+00:00,amazon_usa,COOLER,B0DPY1CVK4,MSI MAG Coreliquid A15 360 - AIO ARGB Liquid Cooling - 360mm Radiator - Triple 120mm ARGB PWM Fans - EZ Connect - Uni Bracket - LGA 1700/1851/AM5/AM4 Compatible - Black,90.66,26.44,2026-10-06,4.5,85,https://www.amazon.com/MSI-MAG-CORELIQUID-A15-360/dp/B0DPY1CVK4,0.0,26.44
20261006_050540,2026-10-06T05:26:39.188182+00:00,amazon_usa,COOLER,B0DPNQS3Q5,ASUS ROG Ryujin III ARGB Extreme White 360mm AMD/Intel Liquid CPU Cooler,382.78,111.63,2026-10-06,4.4,52,https://www.amazon.com/ASUS-ROG-III-360-ARGB/dp/B0DPNQS3Q5,0.0,111.63
20261006_050540,2026-10-06T05:26:39.188182+00:00,amazon_usa,COOLER,B0DJZ8Z1BW,"Thermalright Grand Vision 360 ARGB Black AIO CPU Liquid Cooler,IPS LCD Screen with 480x480 Resolution,for AM5/Intel LGA1851/1700,‘3.4 inch’Magnet-Absorbent LCD Screen for Images -Black",128.62,37.51,2026-10-06,4.4,85,https://www.amazon.com/Thermalright-Grand-Vision-ARGB-Black/dp/B0DJZ8Z1BW,0.0,37.51
20261006_050540,2026-10-06T05:26:39.188182+00:00,amazon_usa,COOLER,B0DT5R7DPG,TRYX Panorama 360mm AIO Curved Screen GIPHY Built-in Asetek 320w TDP,297.16,86.66,2026-10-06,4.4,80,https://www.amazon.com/TRYX-360-Anamorphic-Customizable-Performance/dp/B0DT5R7DPG,0.0,86.66
20261006_050540,2026-10-06T05:26:39.188182+00:00,amazon_usa,COOLER,B0FG7T8F9W,"Thermalrlght Wonder Vision 360 UB ARGB Black CPU Water Cooler,CPU Water Cooling System,6.67inch Curved Screen with 2400x1080 Resolution,for AM4/AM5,LGA1851/1700,7:3 Visual Scale Screen Ratio for 3D",208.41,60.78,2026-10-06,4.4,14,https://www.amazon.com/Thermalrlght-Cooling-6-67inch-2400x1080-Resolution/dp/B0FG7T8F9W,0.0,60.78
20261006_050540,2026-10-06T05:26:39.188182+00:00,amazon_usa,COOLER,B0H84D3NWL,CORSAIR Nautilus 360 RS ARGB AIO Liquid CPU Cooler – Black,129.96,37.9,2026-10-06,0.0,0,https://www.amazon.com/CORSAIR-Nautilus-ARGB-Liquid-Cooler/dp/B0H84D3NWL,0.0,37.9
20261006_050540,2026-10-06T05:26:39.188182+00:00,amazon_usa,COOLER,B0FHDDJHN4,"Thermalrlght Trofeo Vision 360 ARGB White CPU Aio Cooler,CPU Water Cooling System,6.86inch IPS Long Screen with 1280x480 Resolution,for AM4/AM5,LGA1851/1700,Magnetic Screen is not Limited",149.68,43.65,2026-10-06,4.4,23,https://www.amazon.com/Thermalrlght-6-86inch-1280x480-Resolution-Magnetic/dp/B0FHDDJHN4,0.0,43.65
20261006_050540,2026-10-06T05:26:39.188182+00:00,amazon_usa,COOLER,B0GJ685D5B,"TR Thermalright Mjolnir Vision 360 UB PRO ARGB White CPU Water Cooler,360 Aio Cooler, IPS LCD Screen with 640x480 Resolution,for Intel LGA1851/1700,AM4/AM5,CPU Liquid Cooler,3.5-inch Display-Magnetic",83.5,24.35,2026-10-06,4.0,7,https://www.amazon.com/Thermalright-Mjolnir-Resolution-3-5-inch-Display-Magnetic/dp/B0GJ685D5B,0.0,24.35
20261006_050540,2026-10-06T05:26:39.188182+00:00,amazon_usa,COOLER,B0FX3Q7JLQ,"darkFlash DE360 All-in-one Liquid CPU Cooler, 2.88” LCD Screen with 480 * 480 Resolution, ARGB Sync, PWM Fans 360mm Radiator, CPU PC Aio Cooler Compatible with Intel 1851/1700, AMD AM4/AM5 (Black)",106.78,31.14,2026-10-06,3.7,18,https://www.amazon.com/darkFlash-Liquid-Cooler-Resolution-Radiator-Compatible/dp/B0FX3Q7JLQ,0.0,31.14
20261006_050540,2026-10-06T05:26:39.188182+00:00,amazon_usa,COOLER,B0FKWKLCLR,"MSI MPG CORELIQUID P13 360 - AIO ARGB CPU Liquid Cooler - 360mm Radiator - LGA 1851 / AM5 Ready - IPS 2.1"" LCD Screen - Triple 120mm ARGB PWM Fans - Uni Bracket - Black",130.95,38.19,2026-10-06,4.4,59,https://www.amazon.com/MSI-MPG-CORELIQUID-P13-360/dp/B0FKWKLCLR,0.0,38.19
20261006_050540,2026-10-06T05:26:39.188182+00:00,amazon_usa,COOLER,B0DW2T19HJ,"GAMDIAS 360mm AIO Liquid Cooler, 360mm Water Cooling CPU Cooler with 3.4'' LCD, Rotatable Pump, Clean Daisy-Chain Cable Management, 3x120mm PWM Fan, Intel LGA 20XX/18XX/1700, AMD AM5/AM4 CHIONE P5-360",86.03,25.09,2026-10-06,4.4,45,https://www.amazon.com/GAMDIAS-CHIONE-Customizable-Performance-Management/dp/B0DW2T19HJ,0.0,25.09
20261006_050540,2026-10-06T05:26:39.188182+00:00,amazon_usa,COOLER,B0DC8553XN,msi MAG CoreLiquid I360 Black - AIO ARGB CPU Liquid Cooler - Infinity Mirror Design - UNI Bracket - 360mm Radiator - Triple 120mm ARGB PWM Fans - LGA 1700/1851 / AM5/AM4 Compatible,110.79,32.31,2026-10-06,4.6,126,https://www.amazon.com/MSI-MAG-CoreLiquid-I360-Black/dp/B0DC8553XN,0.0,32.31
20261006_050540,2026-10-06T05:26:39.188182+00:00,amazon_usa,COOLER,B0GY94P73J,"GIGABYTE Eagle 360 - AIO Liquid CPU Cooler - 360mm Radiator, 3X 120mm High-Volume PWM Fans, Compatible with Intel LGA 1851/1700/115X/1200, AMD AM5/AM4 - Black (GP-GIGABYTE Eagle 360)",72.87,21.25,2026-10-06,5.0,2,https://www.amazon.com/GIGABYTE-Eagle-360-High-GP-GIGABYTE/dp/B0GY94P73J,0.0,21.25
20261006_050540,2026-10-06T05:26:39.188182+00:00,amazon_usa,COOLER,B0CDPMBV9K,"Thermalright Aqua Elite 360 White V3 Water Cooling CPU Cooler 3 PWM ARGB Fans with S-FDB Bearings,Efficient PWM Controlled Pump,for AMD/AM4/AM5, Intel LGA1150/1151/1200/2011/1700/1851(AE360 White V3)",56.3,16.42,2026-10-06,4.6,194,https://www.amazon.com/Thermalright-Cooling-Bearings-Efficient-Controlled/dp/B0CDPMBV9K,0.0,16.42
20261006_050540,2026-10-06T05:26:39.188182+00:00,amazon_usa,COOLER,B0GL55ZFGQ,"ASRock Pro 360 ARGB All-in-One Liquid CPU Cooler, 360mm Radiator, Addressable RGB, Compatible with AMD AM5/AM4 & Intel LGA1851/1700",70.5,20.56,2026-10-06,4.6,10,https://www.amazon.com/ASRock-Radiator-Addressable-Compatible-LGA1851/dp/B0GL55ZFGQ,0.0,20.56
20261006_050540,2026-10-06T05:26:39.188182+00:00,amazon_usa,COOLER,B0CBRK2GBT,"ID-COOLING SL360 360mm AIO CPU Cooler for Desktop PC 2.1"" Customizable LCD",88.64,25.85,2026-10-06,4.4,82,https://www.amazon.com/ID-COOLING-Display-Customizable-Performance-Metrics/dp/B0CBRK2GBT,0.0,25.85
20261006_050540,2026-10-06T05:26:39.188182+00:00,amazon_usa,COOLER,B0D4PTC4RH,"MONTECH HyperFlow ARGB 360mm AIO CPU Liquid Cooler, 3 ARGB Fans, White",96.59,28.17,2026-10-06,4.7,217,https://www.amazon.com/MONTECH-HyperFlow-ARGB-360-Chart-Topping-Performance/dp/B0D4PTC4RH,0.0,28.17
20261006_050540,2026-10-06T05:26:39.188182+00:00,amazon_usa,COOLER,B0FF46SVSX,"Ocypus Sigma PRO L36 BK 360MM AIO Liquid CPU Cooler with 3.5"" LCD Display",95.7,27.91,2026-10-06,4.4,71,https://www.amazon.com/Sigma-PRO-L36-BK-Ultra-Narrow/dp/B0FF46SVSX,0.0,27.91
20261006_050540,2026-10-06T05:26:39.188182+00:00,amazon_usa,COOLER,B0C1N56ZDC,"EKWB EK-Nucleus AIO CPU Cooler CR360 Lux, Digital RGB, White (Dark, 360)",115.83,33.78,2026-10-06,4.4,134,https://www.amazon.com/EKWB-EK-Nucleus-CPU-CR360-Dark/dp/B0C1N56ZDC,0.0,33.78
20261006_050540,2026-10-06T05:26:39.188182+00:00,amazon_usa,COOLER,B0FM7MX788,"ID-COOLING FX360 LCD 360mm AIO CPU Cooler, 1.48"" Customizable LCD Display",90.66,26.44,2026-10-06,3.9,47,https://www.amazon.com/ID-COOLING-FX360-LCD-Premium-Full-Color/dp/B0FM7MX788,0.0,26.44
20261006_050540,2026-10-06T05:26:39.188182+00:00,amazon_usa,COOLER,B0CKMTJ2J9,"LIAN LI Galahad II LCD 360 AIO CPU Cooler, 2.88"" IPS, SL-INF Fans, Black",221.62,64.63,2026-10-06,3.9,182,https://www.amazon.com/LIAN-Galahad-Cooler-SL-INF-Black/dp/B0CKMTJ2J9,0.0,64.63
20261006_050540,2026-10-06T05:26:39.188182+00:00,amazon_usa,COOLER,B0D83QQWDD,Lian Li Hydroshift 360 AIO LCD-Black-HSLCD36SB,120.87,35.25,2026-10-06,4.5,118,https://www.amazon.com/Lian-Li-Hydroshift-360-Pre-Installed/dp/B0D83QQWDD,0.0,35.25
20261006_050540,2026-10-06T05:26:39.188182+00:00,amazon_usa,COOLER,B0F6WT1YVZ,ASUS Prime LC ARGB LCD 360mm AMD/Intel Liquid CPU Cooler,161.16,47.0,2026-10-06,4.0,15,https://www.amazon.com/ASUS-ARGB-LCD-high-Performance-Daisy-chainable/dp/B0F6WT1YVZ,0.0,47.0
20261006_050540,2026-10-06T05:26:39.188182+00:00,amazon_usa,COOLER,B0DK3K2NXZ,"Thermalright CORE Vision 360 Black ARGB-360mm AIO CPU Liquid Cooler,IPS LCD Screen with 480 * 480 Resolution,for AM4/AM5/Intel LGA1700/1851,‘2.1 inch’Magnet-Absorbent LCD Screen for Images",95.6,27.88,2026-10-06,4.8,26,https://www.amazon.com/Thermalright-CORE-360-Black-inchMagnet-Absorbent/dp/B0DK3K2NXZ,0.0,27.88
20261006_050540,2026-10-06T05:26:39.188182+00:00,amazon_usa,COOLER,B0DP9THWJX,"LIAN LI Galahad II Lite 360 AIO CPU Cooler, 3 ARGB Fans, Black (GA2L36RB)",85.62,24.97,2026-10-06,4.6,108,https://www.amazon.com/Lian-Li-360mm-Cooler-3x-Fans-Black-GA2L36RB/dp/B0DP9THWJX,0.0,24.97
20261006_050540,2026-10-06T05:26:49.257985+00:00,amazon_usa,COOLER,B0DF7DH5Z5,CORSAIR Nautilus 240 RS Low-Noise Liquid CPU Cooler – Black,80.58,23.5,2026-10-06,4.6,1000,https://www.amazon.com/CORSAIR-Nautilus-240-Liquid-Cooler/dp/B0DF7DH5Z5,0.0,23.5
20261006_050540,2026-10-06T05:26:49.257985+00:00,amazon_usa,COOLER,B0CCNS5NZ9,"Thermalright Aqua Elite 240 V3 Water Cooling CPU Cooler, Double PWM ARGB Fans with S-FDB Bearings,Efficient PWM Controlled Pump,for AMD/AM4/AM5, Intel LGA1150/1151/1200/1700/1851, (AE240 V3)",45.23,13.19,2026-10-06,4.7,492,https://www.amazon.com/Thermalright-Cooling-Bearings-Efficient-Controlled/dp/B0CCNS5NZ9,0.0,13.19
20261006_050540,2026-10-06T05:26:49.257985+00:00,amazon_usa,COOLER,B0DLWGL38S,"ARCTIC Liquid Freezer III Pro 240 A-RGB - AIO CPU Cooler, Water Cooling",64.67,18.86,2026-10-06,4.4,493,https://www.amazon.com/ARCTIC-Liquid-Freezer-III-RGB/dp/B0DLWGL38S,0.0,18.86
20261006_050540,2026-10-06T05:26:49.257985+00:00,amazon_usa,COOLER,B0DLWFBHSL,"ARCTIC Liquid Freezer III Pro 240 - AIO CPU Cooler,2 x 120 mm Water Cooling",59.22,17.27,2026-10-06,4.2,852,https://www.amazon.com/ARCTIC-Freezer-240-240-Cooling-Radiator/dp/B0DLWFBHSL,0.0,17.27
20261006_050540,2026-10-06T05:26:49.257985+00:00,amazon_usa,COOLER,B0BLJGW838,"Thermalright Frozen Notte 240 WHITE ARGB Water Cooling CPU Cooler, 240 White CPU Cooler Specifications, Double PWM Fans, S-FDB V2 Bearings, Suitable for AMD/AM4 AM5, Intel LGA 1700/1150/1151/1200/2011",33.78,9.85,2026-10-06,4.6,119,https://www.amazon.com/Thermalright-Frozen-Notte-WHITE-ARGB/dp/B0BLJGW838,0.0,9.85
20261006_050540,2026-10-06T05:26:49.257985+00:00,amazon_usa,COOLER,B0DS256KQP,Thermalright FW 240 SE ARGB Black-360mm AIO CPU Liquid Cooler,59.01,17.21,2026-10-06,4.5,153,https://www.amazon.com/Thermalright-SE-ARGB-Magnet-Absorbent-Images-Black/dp/B0DS256KQP,0.0,17.21
20261006_050540,2026-10-06T05:26:49.257985+00:00,amazon_usa,COOLER,B086BYYFG5,"CoolerMaster MasterLiquid ML240L RGB V2, Close-Loop AIO CPU Liquid Cooler, Gen3 Dual Chamber Pump, 240mm Radiator, SickleFlow 120 PWM ARGB, AMD Ryzen AM5/AM4, Intel LGA1700/1200 (MLW-D24M-A18PC-R2)",90.66,26.44,2026-10-06,4.6,9600,https://www.amazon.com/CoolerMaster-MasterLiquid-Close-Loop-Cooler-SickleFlow/dp/B086BYYFG5,0.0,26.44
20261006_050540,2026-10-06T05:26:49.257985+00:00,amazon_usa,COOLER,B09463GC4H,"Cooler Master Elite Liquid 240 AIO Liquid CPU Cooler, ARGB",39.26,11.45,2026-10-06,4.2,208,https://www.amazon.com/Cooler-Master-MasterLiquid-Close-Loop-Translucent/dp/B09463GC4H,0.0,11.45
20261006_050540,2026-10-06T05:26:49.257985+00:00,amazon_usa,COOLER,B0DNPNQKK5,"ASUS Prime LC 240 ARGB All-in-one AIO CPU Liquid Cooler AMD: AM5 & AM4 Intel: LGA 1851, 1700, 1200, 115x Specially Designed CPU Contact Area, Infinity Mirror, pre-Installed ARGB Fans, 6 Year Warranty",75.54,22.03,2026-10-06,4.6,37,https://www.amazon.com/ASUS-Prime-LC-Liquid-Cooler/dp/B0DNPNQKK5,0.0,22.03
20261006_050540,2026-10-06T05:26:49.257985+00:00,amazon_usa,COOLER,B0BLS3372N,"ID-COOLING FROSTFLOW X 240 240mm AIO CPU Cooler, White LED, Intel & AMD",55.38,16.15,2026-10-06,4.5,1300,https://www.amazon.com/ID-COOLING-FROSTFLOW-Cooler-Liquid-2x120mm/dp/B0BLS3372N,0.0,16.15
20261006_050540,2026-10-06T05:26:49.257985+00:00,amazon_usa,COOLER,B0D97QNVP5,"ID-COOLING FX240 INF 240mm AIO CPU Cooler, ARGB, Low Noise",35.25,10.28,2026-10-06,4.4,53,https://www.amazon.com/ID-COOLING-Infinity-Daisy-Chained-Low-Noise-Operating/dp/B0D97QNVP5,0.0,10.28
20261006_050540,2026-10-06T05:26:49.257985+00:00,amazon_usa,COOLER,B0FLWQ7D4D,be quiet! Pure Loop 3 240mm AiO Water Cooling for Slightly Overclocking,90.56,26.41,2026-10-06,4.4,84,https://www.amazon.com/quiet-Slightly-Overclocked-High-Speed-Whisper-Quiet/dp/B0FLWQ7D4D,0.0,26.41
20261006_050540,2026-10-06T05:26:49.257985+00:00,amazon_usa,COOLER,B0FLTCSL45,NZXT Kraken Core 240 RGB - 240mm AIO CPU Cooler - Black,96.7,28.2,2026-10-06,4.7,225,https://www.amazon.com/NZXT-Kraken-Core-240-RGB/dp/B0FLTCSL45,0.0,28.2
20261006_050540,2026-10-06T05:26:49.257985+00:00,amazon_usa,COOLER,B0F5SGK5Q7,"NZXT Kraken Plus 240-240mm AIO CPU Cooler, LCD - Black",120.87,35.25,2026-10-06,4.2,415,https://www.amazon.com/NZXT-Kraken-Plus-240-Customizable/dp/B0F5SGK5Q7,0.0,35.25
20261006_050540,2026-10-06T05:26:49.257985+00:00,amazon_usa,COOLER,B0CCXG57HT,"Thermaltake TH240 ARGB Sync V2 CPU Liquid Cooler/AlO Liquid Cooling/Fan 120mm*2/PWM 500~2000 RPM/Mirror Waterblock/MB ARGB Sync Control, CL-W361-PL12SW-A , Black",55.38,16.15,2026-10-06,4.6,327,https://www.amazon.com/Thermaltake-Cooling-500-2000-Waterblock-CL-W361-PL12SW/dp/B0CCXG57HT,0.0,16.15
20261006_050540,2026-10-06T05:26:49.257985+00:00,amazon_usa,COOLER,B0D6BF3RXL,"CORSAIR iCUE Link Titan 240 RX RGB Liquid CPU Cooler – 240mm AIO – Low-Noise – FlowDrive Cooling Engine – Intel LGA 1851/1700, AMD AM5/AM4 – 2X RX120 RGB Fans – iCUE Link System Hub Included – Black",159.14,46.41,2026-10-06,4.6,1500,https://www.amazon.com/CORSAIR-iCUE-Titan-Liquid-Cooler/dp/B0D6BF3RXL,0.0,46.41
20261006_050540,2026-10-06T05:26:49.257985+00:00,amazon_usa,COOLER,B0DF2K9VQY,"ID-COOLING FX240 PRO 240mm AIO CPU Cooler, High-Efficiency Fans",55.38,16.15,2026-10-06,4.1,199,https://www.amazon.com/ID-COOLING-FX240-Liquid-Cooler-Desktop/dp/B0DF2K9VQY,0.0,16.15
20261006_050540,2026-10-06T05:26:49.257985+00:00,amazon_usa,COOLER,B0DLWGB566,"ARCTIC Liquid Freezer III Pro 240 A-RGB - AIO CPU Cooler, Water Cooling",67.79,19.77,2026-10-06,4.6,80,https://www.amazon.com/ARCTIC-Liquid-Freezer-RGB-White/dp/B0DLWGB566,0.0,19.77
20261006_050540,2026-10-06T05:26:49.257985+00:00,amazon_usa,COOLER,B0BLJHRVF5,"Thermalright Frozen Notte 240 Black ARGB V2 Water Cooling CPU Cooler,240Black CPU Cooler Specifications, Double PWM Fans, S-FDB Bearings, Suitable for AMD/AM4 AM5,Intel LGA 1700/1150/1151/1200/2011",47.53,13.86,2026-10-06,4.6,459,https://www.amazon.com/Thermalright-240Black-Specifications-Bearings-Suitable/dp/B0BLJHRVF5,0.0,13.86
20261006_050540,2026-10-06T05:26:49.257985+00:00,amazon_usa,COOLER,B0D8VFCCK5,"Thermalrlght FW240 White ARGB V2 CPU Water Cooler with 2 PWM Fans with 2000RPM,IPS LCD Screen with 320 * 240 Resolution,Liquid CPU Cooler,CPU PC Aio Cooler for AMD:AM4/AM5/Intel LGA1700",59.32,17.3,2026-10-06,4.6,66,https://www.amazon.com/Thermalrlght-Cooler-2000RPM-Screen-Resolution/dp/B0D8VFCCK5,0.0,17.3
20261006_050540,2026-10-06T05:26:49.257985+00:00,amazon_usa,COOLER,B0CCP7F5Z8,"Thermalright Aqua Elite 240 V3 Aio CPU Cooler,240 Liquid Cooling Row,ARGB PWM Cooler Fans,for Intel LGA1150/1151/1155/1156/1200/1851/1700,AMD:AM4/AM5,PC Cooler Aio",45.23,13.19,2026-10-06,4.7,204,https://www.amazon.com/Thermalright-240-V3-Cooling-LGA1150/dp/B0CCP7F5Z8,0.0,13.19
20261006_050540,2026-10-06T05:26:49.257985+00:00,amazon_usa,COOLER,B0F5S84X8P,"NZXT Kraken Plus 240 RGB - 240mm AIO CPU Cooler, LCD - Black",90.66,26.44,2026-10-06,4.5,339,https://www.amazon.com/NZXT-Kraken-Plus-240-RGB/dp/B0F5S84X8P,0.0,26.44
20261006_050540,2026-10-06T05:26:49.257985+00:00,amazon_usa,COOLER,B0DPLZH6VP,"ID-COOLING FX240 PRO White 240mm AIO CPU Cooler, High-Efficiency Fans",55.38,16.15,2026-10-06,4.5,37,https://www.amazon.com/ID-COOLING-FX240-PRO-Liquid-Desktop/dp/B0DPLZH6VP,0.0,16.15
20261006_050540,2026-10-06T05:26:53.055886+00:00,amazon_usa,COOLER,B0DHXD1QHY,"Thermalright Aqua Elite 240 White ARGB Liquid CPU Cooler, 240 Cooling Row Size, Double PWM Fans,1550RPM Speed,for AMD/AM4/AM5,Intel LGA1150/1151/1155/1156/1200/1700/1851(White)",44.23,12.9,2026-10-06,4.6,28,https://www.amazon.com/Thermalright-240-ARGB-V4-Cooling/dp/B0DHXD1QHY,0.0,12.9
20261006_050540,2026-10-06T05:26:53.055886+00:00,amazon_usa,COOLER,B0DM4CBKFY,"MSI MAG Coreliquid A13 240 - AIO ARGB CPU Liquid Cooler - 240mm Radiator - LGA 1700/1851 / AM5/AM4 Compatible - Dual 120mm ARGB PWM Fans, Black",60.38,17.61,2026-10-06,4.6,166,https://www.amazon.com/MSI-MAG-Coreliquid-A13-240/dp/B0DM4CBKFY,0.0,17.61
20261006_050540,2026-10-06T05:26:53.055886+00:00,amazon_usa,COOLER,B0F5SNTBNC,"NZXT Kraken Plus 240 RGB - 240mm AIO CPU Cooler, LCD - White",90.66,26.44,2026-10-06,4.5,339,https://www.amazon.com/NZXT-Kraken-Plus-240-RGB/dp/B0F5SNTBNC,0.0,26.44
20261006_050540,2026-10-06T05:26:53.055886+00:00,amazon_usa,COOLER,B0DQ2NBJ99,"Cooler Master 240 Core II AIO Liquid CPU Cooler, Infinity Mirror ARGB",60.42,17.62,2026-10-06,4.6,131,https://www.amazon.com/Cooler-Master-Infinity-Radiator-Platform/dp/B0DQ2NBJ99,0.0,17.62
20261006_050540,2026-10-06T05:26:53.055886+00:00,amazon_usa,COOLER,B0FND794DL,"Antec Skeleton 240 ARGB AIO Liquid CPU Cooler, 240mm, Black",40.29,11.75,2026-10-06,5.0,14,https://www.amazon.com/Antec-Skeleton-240-ARGB-High-Performance/dp/B0FND794DL,0.0,11.75
20261006_050540,2026-10-06T05:26:53.055886+00:00,amazon_usa,COOLER,B08PTXFDP6,"ID-COOLING FROSTFLOW X 240 Snow 240mm AIO CPU Cooler, Intel & AMD",55.38,16.15,2026-10-06,4.6,1700,https://www.amazon.com/ID-COOLING-FROSTFLOW-Cooler-Liquid-2x120mm/dp/B08PTXFDP6,0.0,16.15
20261006_050540,2026-10-06T05:26:53.055886+00:00,amazon_usa,COOLER,B0D72XFLYD,"Thermalright Frozen Infinity 240 White CPU Aio Cooler,TL-M12W*2 PWM Fans,Computer CPU Water Cooler,ARGB Infinity Mirror,240 CPU Liquid Cooling:LGA1851/1700/1150/1151/1200/2011,PC Water Cooling",34.98,10.2,2026-10-06,4.8,41,https://www.amazon.com/Thermalright-Infinity-TL-M12W-Computer-Cooling/dp/B0D72XFLYD,0.0,10.2
20261006_050540,2026-10-06T05:26:53.055886+00:00,amazon_usa,COOLER,B0FHW5DZ29,"Minorsonic CPU Cooler 240mm Aio, Liquid Cooler CPU Low-Noise AMD AM5/AM4, Refrigeracion Liquida Water Cooling Systems, Intel LGA 1851/1700 PC Water Cooler 2 x 120 mm PWM Fans Black",39.26,11.45,2026-10-06,4.4,285,https://www.amazon.com/Minorsonic-Low-Noise-Refrigeracion-Liquida-Cooling/dp/B0FHW5DZ29,0.0,11.45
20261006_050540,2026-10-06T05:26:53.055886+00:00,amazon_usa,COOLER,B0H29S6SR8,"Noctua NL-LC1-24, High-Performance 240mm AIO CPU Cooler",221.58,64.62,2026-10-06,4.9,39,https://www.amazon.com/Noctua-NL-LC1-24-High-Performance-240mm-Cooler/dp/B0H29S6SR8,0.0,64.62
20261006_050540,2026-10-06T05:26:53.055886+00:00,amazon_usa,COOLER,B0F8VXG14L,"Thermalright Aqua Elite 240 V6 ARGB Black-CPU Liquid Cooler, Efficient PWM Controlled Pump,for AM4/AM5,Intel LGA1150/1151/1200/1851/1700,Integrated Water-Cooled Radiator-Black",46.74,13.63,2026-10-06,4.7,115,https://www.amazon.com/Thermalright-Controlled-Integrated-Water-Cooled-Radiator-Black/dp/B0F8VXG14L,0.0,13.63
20261006_050540,2026-10-06T05:26:53.055886+00:00,amazon_usa,COOLER,B0FL7DLD7X,PF 240 CPU Water AIO Cooler Liquid Cooling|5.5-inch LCD Magnetic Screen|360mm ARGB Infinity Mirror 2000RPM PWM Fan|Lower Noise ≤30DBA|for LGA1851/1700/1200/115X/AM4/AM5(White),130.95,38.19,2026-10-06,4.0,21,https://www.amazon.com/Jungle-Leopard-5-5-inch-Magnetic-Infinity/dp/B0FL7DLD7X,0.0,38.19
20261006_050540,2026-10-06T05:26:53.055886+00:00,amazon_usa,COOLER,B0DCFMG8PB,"NZXT Kraken Elite 240-240mm AIO CPU Cooler, LCD - Black",192.02,56.0,2026-10-06,4.0,288,https://www.amazon.com/NZXT-Kraken-Elite-240-2024/dp/B0DCFMG8PB,0.0,56.0
20261006_050540,2026-10-06T05:26:53.055886+00:00,amazon_usa,COOLER,B0D83LB8PB,"Thermalrlght Frozen Infinity 240 Black CPU Aio Cooler,TL-M12*2 PWM Fans,Computer CPU Water Cooler,ARGB Infinity Mirror,240 CPU Liquid Cooling:LGA1851/1700/1150/1151/1200/,PC Water Cooling",48.25,14.07,2026-10-06,4.7,57,https://www.amazon.com/Thermalrlght-Frozen-Infinity-Computer-Cooling/dp/B0D83LB8PB,0.0,14.07
20261006_050540,2026-10-06T05:26:53.055886+00:00,amazon_usa,COOLER,B0DWZQ7LKT,"be quiet! Silent Loop 3 240mm AiO ARGB Liquid CPU Cooler, for Overclocking",120.77,35.22,2026-10-06,4.6,71,https://www.amazon.com/quiet-Silent-Lighting-Liquid-Cooler/dp/B0DWZQ7LKT,0.0,35.22
20261006_050540,2026-10-06T05:26:53.055886+00:00,amazon_usa,COOLER,B0D1K6BJJP,"Thermalright FW240 Black ARGB CPU AIO Cooler,PC 240 Specification Water Cooler System,IPS LCD Screen with 320 * 240 Resolution,for AM5&Intel LGA1700/1851,CPU Cooler Comes with 2.4-inch LCD Display",63.37,18.48,2026-10-06,4.2,88,https://www.amazon.com/Thermalright-Specification-Cooling-Resolution-Performance/dp/B0D1K6BJJP,0.0,18.48
20261006_050540,2026-10-06T05:26:53.055886+00:00,amazon_usa,COOLER,B09464Z8G9,"Cooler Master Elite Liquid 240 AIO Liquid CPU Cooler, ARGB White",73.28,21.37,2026-10-06,4.5,242,https://www.amazon.com/Cooler-Master-MasterLiquid-Close-Loop-Translucent/dp/B09464Z8G9,0.0,21.37
20261006_050540,2026-10-06T05:26:53.055886+00:00,amazon_usa,COOLER,B0FGDHFMDN,"CORSAIR Nautilus 240 RS LCD Liquid CPU Cooler – 2.1"" IPS LCD Screen, 240mm AIO, Low-Noise, Daisy-Chain, Intel LGA 1851/1700, AMD AM5/AM4 – 2X RS120 Fans Included – Black",140.01,40.83,2026-10-06,4.6,793,https://www.amazon.com/CORSAIR-Nautilus-240-Liquid-Cooler/dp/B0FGDHFMDN,0.0,40.83
20261006_050540,2026-10-06T05:26:53.055886+00:00,amazon_usa,COOLER,B0F8CRYJ3P,"MSI MAG Coreliquid A12 240 - AIO ARGB CPU Liquid Cooler - 240mm Radiator - LGA 1700 Ready - Double Ball Bearring120mm ARGB PWM Fans x2, Rotatable Blockhead, LGA 1700/1851, AM5 / AM4, Black",67.48,19.68,2026-10-06,4.2,29,https://www.amazon.com/MAG-Coreliquid-A12-240-Bearring120mm/dp/B0F8CRYJ3P,0.0,19.68
20261006_050540,2026-10-06T05:26:53.055886+00:00,amazon_usa,COOLER,B0BLHGG9RF,"Thermalright Frozen Notte 240 Black ARGB V2 Water Cooling CPU Cooler, 240 Specification CPU Liquid Cooler,Double PWM Fans, S-FDB Bearings, Suitable for AMD:AM4/AM5, Intel LGA 1851/1700/115X/1200/2011",47.63,13.89,2026-10-06,4.4,497,https://www.amazon.com/Thermalright-Frozen-Notte-240-ARGB/dp/B0BLHGG9RF,0.0,13.89
20261006_050540,2026-10-06T05:26:53.055886+00:00,amazon_usa,COOLER,B0C4BZQG8P,"Cooler Master 240L Core AIO CPU Liquid Cooler – 240mm Radiator, 2X ARGB PWM Fans, Patented Gen S Dual-Chamber Pump, Quiet Cooling & Easy Installation, AMD AM5/AM4 & Intel LGA 1851/1700, Black",95.87,27.96,2026-10-06,4.5,220,https://www.amazon.com/Cooler-Master-MasterLiquid-Close-Loop-MLW-D24M-A18PZ-R1/dp/B0C4BZQG8P,0.0,27.96
20261006_050540,2026-10-06T05:26:53.055886+00:00,amazon_usa,COOLER,B0FM7PZBP6,"ID-COOLING FX240 LCD 240mm AIO CPU Cooler, 1.48"" Customizable LCD Display",75.54,22.03,2026-10-06,4.3,28,https://www.amazon.com/ID-COOLING-FX240-LCD-Premium-Full-Color/dp/B0FM7PZBP6,0.0,22.03
20261006_050540,2026-10-06T05:26:53.055886+00:00,amazon_usa,COOLER,B0D1K1GCCZ,"Thermalright FW 240 Black ARGB-240mm AIO CPU Liquid Cooler,IPS LCD Screen",74.44,21.71,2026-10-06,4.6,28,https://www.amazon.com/Thermalright-Warframe-ARGB-240mm-Resolution-Fans-Black/dp/B0D1K1GCCZ,0.0,21.71
20261006_050540,2026-10-06T05:26:53.055886+00:00,amazon_usa,COOLER,B0D1K9H3H6,"Thermalright FW 240 White ARGB-240mm AIO CPU Liquid Cooler,IPS LCD Screen",65.39,19.07,2026-10-06,4.5,32,https://www.amazon.com/Thermalright-Warframe-ARGB-240mm-Resolution-Fans-White/dp/B0D1K9H3H6,0.0,19.07
20261006_050540,2026-10-06T05:26:53.055886+00:00,amazon_usa,COOLER,B0DF7P4WTL,Ocypus Iota L24 BK 240mm AIO Liquid CPU Cooler with Temp Digital Display,56.54,16.49,2026-10-06,4.4,55,https://www.amazon.com/Ocypus-Iota-L24-Liquid-Efficient/dp/B0DF7P4WTL,0.0,16.49
20261006_050540,2026-10-06T05:26:57.212174+00:00,amazon_usa,COOLER,B0D3C7D72R,"Thermalrlght Aqua Elite 240 V3 Liquid CPU Cooler, AIO Pump Head Speed up to 3300RPM, TL-C12B-S V2×2 PWM Fans,for AMD/AM4/AM5, Intel LGA1150/1151/1200/1851/1700, Computer CPU Aio Cooler",46.22,13.48,2026-10-06,4.2,92,https://www.amazon.com/Thermalrlght-3300RPM-TL-C12B-S-LGA1150-Computer/dp/B0D3C7D72R,0.0,13.48
20261006_050540,2026-10-06T05:26:57.212174+00:00,amazon_usa,COOLER,B0C4BW38R4,"Cooler Master 240L Core AIO CPU Liquid Cooler – 240mm Radiator, 2X ARGB PWM Fans, Patented Gen S Dual-Chamber Pump, Quiet Cooling & Easy Installation, AMD AM5/AM4 & Intel LGA 1851/1700, White",40.29,11.75,2026-10-06,4.2,170,https://www.amazon.com/Cooler-Master-MasterLiquid-Close-Loop-MLW-D24M-A18PZ-RW/dp/B0C4BW38R4,0.0,11.75
20261006_050540,2026-10-06T05:26:57.212174+00:00,amazon_usa,COOLER,B0FGQBFFXX,TRYX Panorama SE 240mm AIO White Curved Screen GIPHY Built-in Asetek 260w,233.69,68.15,2026-10-06,4.2,8,https://www.amazon.com/TRYX-PANORAMA-Rotatable-Anamorphic-Customizable/dp/B0FGQBFFXX,0.0,68.15
20261006_050540,2026-10-06T05:26:57.212174+00:00,amazon_usa,COOLER,B0D6BGFVX8,"CORSAIR iCUE Link Titan 240 RX RGB Liquid CPU Cooler – 240mm AIO – Low-Noise – FlowDrive Cooling Engine – Intel LGA 1851/1700, AMD AM5/AM4 – 2X RX120 RGB Fans – iCUE Link System Hub Included – White",155.92,45.47,2026-10-06,4.6,1500,https://www.amazon.com/CORSAIR-iCUE-Titan-Liquid-Cooler/dp/B0D6BGFVX8,0.0,45.47
20261006_050540,2026-10-06T05:26:57.212174+00:00,amazon_usa,COOLER,B0H845JJM3,CORSAIR Nautilus II 240 RS LCD AIO Liquid CPU Cooler – Black,129.96,37.9,2026-10-06,0.0,0,https://www.amazon.com/CORSAIR-Nautilus-240-Liquid-Cooler/dp/B0H845JJM3,0.0,37.9
20261006_050540,2026-10-06T05:26:57.212174+00:00,amazon_usa,COOLER,B0D1K3YP96,"Thermalright FW240 White ARGB V2 CPU Water Cooler with 2 PWM Fans with 2000RPM,IPS LCD Screen with 320 * 240 Resolution,Liquid CPU Cooler,CPU PC Aio Cooler for AMD:AM4/AM5/Intel LGA1700",48.66,14.19,2026-10-06,4.3,70,https://www.amazon.com/Thermalright-White-ARGB-V2-240/dp/B0D1K3YP96,0.0,14.19
20261006_050540,2026-10-06T05:26:57.212174+00:00,amazon_usa,COOLER,B0C7Q1VX4L,"Thermalright Frozen Edge 240 Black CPU Water Cooler with PWM Fans, Pump Speed is 2800RPM,S-FDB Bearing, for AMD AM4/AM5,Intel LGA1150/1155/1200/1700/1851(FE240 Black)",46.22,13.48,2026-10-06,4.5,125,https://www.amazon.com/Thermalright-3300RPM-Bearing-LGA1150-FE240/dp/B0C7Q1VX4L,0.0,13.48
20261006_050540,2026-10-06T05:26:57.212174+00:00,amazon_usa,COOLER,B0DHZ5LSNP,"Thermalright Aqua Elite 240 ARGB CPU AIO Cooler, 240mm CPU Liquid Cooling, Pump Head Speed up to 2600RPM, for AM4/AM5, Intel LGA1851/1150/1151/1200/1700, High Performance Radiator",45.81,13.36,2026-10-06,4.4,46,https://www.amazon.com/Thermalright-Cooling-6400RPM-Performance-Radiator/dp/B0DHZ5LSNP,0.0,13.36
20261006_050540,2026-10-06T05:26:57.212174+00:00,amazon_usa,COOLER,B0FGDKZVVM,"CORSAIR Nautilus 240 RS LCD Liquid CPU Cooler – 2.1"" IPS LCD Screen, 240mm AIO, Low-Noise, Daisy-Chain, Intel LGA 1851/1700, AMD AM5/AM4 – 2X RS120 Fans Included – White",119.88,34.96,2026-10-06,4.6,793,https://www.amazon.com/CORSAIR-Nautilus-240-Liquid-Cooler/dp/B0FGDKZVVM,0.0,34.96
20261006_050540,2026-10-06T05:26:57.212174+00:00,amazon_usa,COOLER,B0DW2Y6KXR,"GAMDIAS CHIONE P5-240 Liquid CPU Cooler, 240mm AIO w/Customizable 3.4'' IPS LCD, Rotatable Magnetic Pump, Hidden Cable Fan (Daisy-Chained), Support PWM & ARGB MB Sync, Intel LGA 1851；AMD AM5, Black",80.51,23.48,2026-10-06,4.3,17,https://www.amazon.com/GAMDIAS-CHIONE-Customizable-Performance-Management/dp/B0DW2Y6KXR,0.0,23.48
20261006_050540,2026-10-06T05:26:57.212174+00:00,amazon_usa,COOLER,B0FX3P41R6,"PCCOOLER DA240 ARGB AIO CPU Liquid Cooler, 260W TDP, 3000RPM Quiet Pump",60.42,17.62,2026-10-06,4.9,42,https://www.amazon.com/PCCOOLER-DA240-240mm-Cooler-White/dp/B0FX3P41R6,0.0,17.62
20261006_050540,2026-10-06T05:26:57.212174+00:00,amazon_usa,COOLER,B0DYD5JG87,"darkFlash DG240 All-in-one Liquid CPU Cooler, High-Performance Pump, ARGB Sync, PWM Daisy Chain Connection Fans, AIO Cooler Compatible with Intel 1851/1700, AMD AM4/AM5 (White, 240mm AIO)",60.42,17.62,2026-10-06,5.0,57,https://www.amazon.com/darkFlash-Liquid-Cooler-High-Performance-Connection-Compatible/dp/B0DYD5JG87,0.0,17.62
20261006_050540,2026-10-06T05:26:57.212174+00:00,amazon_usa,COOLER,B0H843VVKM,CORSAIR Nautilus II 240 RS ARGB AIO Liquid CPU Cooler – White,99.72,29.08,2026-10-06,5.0,1,https://www.amazon.com/CORSAIR-Nautilus-ARGB-Liquid-Cooler/dp/B0H843VVKM,0.0,29.08
20261006_050540,2026-10-06T05:26:57.212174+00:00,amazon_usa,COOLER,B0DPY1WQMJ,"MSI MAG CORELIQUID A15 240 - AIO ARGB CPU Liquid Cooler - 240mm Radiator - LGA 1851 Ready - Dual 120mm ARGB PWM Fans, Black",80.58,23.5,2026-10-06,4.6,47,https://www.amazon.com/MSI-MAG-CORELIQUID-A15-240/dp/B0DPY1WQMJ,0.0,23.5
20261006_050540,2026-10-06T05:26:57.212174+00:00,amazon_usa,COOLER,B0DKHPMT4C,"Thermalright Grand Vision 240 ARGB Black AIO CPU Liquid Cooler,IPS LCD Screen with 480x480 Resolution,for AM5/ LGA1851/1700,‘3.4 inch’Magnet-Absorbent LCD Screen for Images,Black CPU Water Cooler",88.54,25.82,2026-10-06,4.4,85,https://www.amazon.com/Thermalright-480x480-Resolution-LGA1851-inchMagnet-Absorbent/dp/B0DKHPMT4C,0.0,25.82
20261006_050540,2026-10-06T05:26:57.212174+00:00,amazon_usa,COOLER,B0FVJX3FZV,"Corsair iCUE Link Titan 240 RX RGB Liquid CPU Cooler – 240mm AIO – 2X RX120 RGB Fans Included – Fits Intel LGA 1851/1700, AMD AM5/AM4 – iCUE Link System Hub Included – White (Renewed)",80.58,23.5,2026-10-06,5.0,3,https://www.amazon.com/Corsair-iCUE-Titan-Liquid-Cooler/dp/B0FVJX3FZV,0.0,23.5
20261006_050540,2026-10-06T05:26:57.212174+00:00,amazon_usa,COOLER,B07H2LGDBT,"Asus ROG RYUO 240 RGB AIO Liquid CPU Cooler 240mm Radiator Dual 120mm 4-Pin PWM Fan with OLED Panel & Fan Setting 1.77"", 6 Year Warranty",161.16,47.0,2026-10-06,4.2,306,https://www.amazon.com/ROG-RYUO-240-Radiator-Warranty/dp/B07H2LGDBT,0.0,47.0
20261006_050540,2026-10-06T05:26:57.212174+00:00,amazon_usa,COOLER,B0F2ML3XH7,ENERGLO 240 Liquid Cooler: 240mm AIO CPU Cooler with Data Display & PWM Pump - 2 x 120mm Black Water Cooling for Intel LGA 1851/1700/1200/115X & AMD AM5/AM4,96.7,28.2,2026-10-06,4.7,4,https://www.amazon.com/Sudokoo-ENERGLO240-CPU-Liquid-Cooler/dp/B0F2ML3XH7,0.0,28.2
20261006_050540,2026-10-06T05:26:57.212174+00:00,amazon_usa,COOLER,B0DF79QWJW,CORSAIR iCUE Link Titan 240 RX LCD Low-Noise Liquid CPU Cooler – White,200.46,58.46,2026-10-06,4.6,1300,https://www.amazon.com/CORSAIR-iCUE-Titan-Liquid-Cooler/dp/B0DF79QWJW,0.0,58.46
20261006_050540,2026-10-06T05:26:57.212174+00:00,amazon_usa,COOLER,B0C8BT4Q9G,"ASUS ROG Ryujin III 240 All-in-one Liquid CPU Cooler with 240mm Radiator. Asetek 8th gen Pump, 2X Noctua industrialPPC 120mm Fans, 3.5” Color LCD, 6 Year Warranty",203.48,59.34,2026-10-06,4.3,56,https://www.amazon.com/ASUS-ROG-III-240-industrialPPC/dp/B0C8BT4Q9G,0.0,59.34
20261006_050540,2026-10-06T05:26:57.212174+00:00,amazon_usa,COOLER,B0CFYPBBJB,"Thermalright Aqua Elite 240 White V3 Liquid CPU Cooler, 240 Cooling Row Size, 2 x 120mm PWM Fans, S-FDB Bearings,for AM4/AM5, Intel LGA1150/1151/1155/1156/1200/1700/1851,Desktop CPU Cooler 240mm AIO",45.23,13.19,2026-10-06,4.5,129,https://www.amazon.com/Thermalright-240-White-V3-Bearings/dp/B0CFYPBBJB,0.0,13.19
20261006_050540,2026-10-06T05:27:01.549623+00:00,amazon_usa,COOLER,B0D97VSMHQ,"Gamepower Skadi Infinity 240 AIO CPU Liquid Cooler, Pump with Real Time Temp, 240mm Radiator with 2X PWM ARGB HDB Fans, 13.5 W/mK Thermal Paste, Compatible with Intel 1851, 1700, AMD AM4/AM5",30.21,8.81,2026-10-06,2.8,16,https://www.amazon.com/Gamepower-Infinity-240-Radiator-Compatible/dp/B0D97VSMHQ,0.0,8.81
20261006_050540,2026-10-06T05:27:01.549623+00:00,amazon_usa,COOLER,B0BTRXVCRV,"ASUS ROG RYUO III 240 ARGB All-in-one AIO Liquid CPU Cooler 240mm Radiator, Asetek 8th gen Pump Solution, Anime Matrix™ LED Display and ROG AF 12S ARGB Fan., 6 Year Warranty",151.08,44.06,2026-10-06,4.5,468,https://www.amazon.com/ASUS-ROG-RYUO-III-ARGB/dp/B0BTRXVCRV,0.0,44.06
20261006_050540,2026-10-06T05:27:01.549623+00:00,amazon_usa,COOLER,B0H9JHL3MS,be quiet! Light Loop IO LCD 240mm White CPU Liquid Cooler,223.61,65.21,2026-10-06,0.0,0,https://www.amazon.com/quiet-Light-240mm-Liquid-Cooler/dp/B0H9JHL3MS,0.0,65.21
20261006_050540,2026-10-06T05:27:01.549623+00:00,amazon_usa,COOLER,B0DQ2KYVT4,"Cooler Master 240 Core II AIO Liquid CPU Cooler, Infinity Mirror ARGB White",48.25,14.07,2026-10-06,4.6,54,https://www.amazon.com/Cooler-Master-Infinity-Radiator-Platform/dp/B0DQ2KYVT4,0.0,14.07
20261006_050540,2026-10-06T05:27:01.549623+00:00,amazon_usa,COOLER,B0CS6DPJ6J,"T-240MM Black ARGB Liquid CPU Water Cooling with 240mm ARGB PWM Fan,Temperature Display, Computer Water Cooling",65.46,19.09,2026-10-06,4.3,52,https://www.amazon.com/T-240MM-Cooling-Temperature-Display-Computer/dp/B0CS6DPJ6J,0.0,19.09
20261006_050540,2026-10-06T05:27:01.549623+00:00,amazon_usa,COOLER,B0H5QJ4KS3,"darkFlash CB240 240mm AIO Liquid CPU Cooler, 280W TDP, ARGB PWM Fans, Black",50.37,14.69,2026-10-06,5.0,2,https://www.amazon.com/darkFlash-CB240-240mm-Liquid-Cooler/dp/B0H5QJ4KS3,0.0,14.69
20261006_050540,2026-10-06T05:27:01.549623+00:00,amazon_usa,COOLER,B0F7QYSWXC,"Thermalrlght Grand Vision 240 ARGB Black CPU Water Cooler,Double PWM Fans Water Cooling System,IPS LCD Screen with 480x480 Resolution,for AM4/AM5,Intel LGA1700/1851,CPU Liquid Cooler,3.4-inch Display",88.54,25.82,2026-10-06,4.4,37,https://www.amazon.com/Thermalrlght-Cooling-480x480-Resolution-3-4-inch/dp/B0F7QYSWXC,0.0,25.82
20261006_050540,2026-10-06T05:27:01.549623+00:00,amazon_usa,COOLER,B0GGVDZXGX,Thermaltake TH240 V3 ARGB CPU Liquid Cooler; Intel/AMD; 1x240mm 500~2500rpm Single Frame ARGB Fan; 240mm Radiator; ARGB Infinity Mirror; Rotatable Pump Head; Snow; CL-W467-PL12SW-A,52.43,15.29,2026-10-06,5.0,2,https://www.amazon.com/Thermaltake-TH240-ARGB-Snow-CL-W467-PL12SW/dp/B0GGVDZXGX,0.0,15.29
20261006_050540,2026-10-06T05:27:01.549623+00:00,amazon_usa,COOLER,B0H7TL9VJJ,"Antec Ultra 240 ARGB Liquid CPU Cooler, 2x120mm PWM Fans, High-Performance Pump, Intel LGA 1200/1851/20XX & AMD AM4/AM5",33.23,9.69,2026-10-06,4.9,17,https://www.amazon.com/Antec-Ultra-240-ARGB-High-Performance/dp/B0H7TL9VJJ,0.0,9.69
20261006_050540,2026-10-06T05:27:01.549623+00:00,amazon_usa,COOLER,B0H84D65KB,CORSAIR Nautilus II 240 RS AIO Liquid CPU Cooler – Black,89.67,26.15,2026-10-06,0.0,0,https://www.amazon.com/CORSAIR-Nautilus-240-Liquid-Cooler/dp/B0H84D65KB,0.0,26.15
20261006_050540,2026-10-06T05:27:01.549623+00:00,amazon_usa,COOLER,B0F8Z7SW9N,"Thermalrlght Aqua Elite 240 V6 ARGB Black Liquid CPU Cooler-240mm AIO,PWM Pump,for AM4/AM5, Intel LGA1851/1700,Direct Motherboard Connection",46.63,13.6,2026-10-06,4.8,42,https://www.amazon.com/Thermalrlght-Cooler-240mm-LGA1851-Motherboard-Connection/dp/B0F8Z7SW9N,0.0,13.6
20261006_050540,2026-10-06T05:27:01.549623+00:00,amazon_usa,COOLER,B0C1NB8YYG,"EKWB EK-Nucleus AIO CPU Cooler CR360 Lux, Digital RGB, White (Dark, 240 mm)",100.74,29.38,2026-10-06,4.5,89,https://www.amazon.com/EKWB-EK-Nucleus-CPU-CR240-Dark/dp/B0C1NB8YYG,0.0,29.38
20261006_050540,2026-10-06T05:27:01.549623+00:00,amazon_usa,COOLER,B0D73BNJ2N,"Thermalright Frozen Infinity 240 White CPU Water Cooler,240 Aio CPU Cooler, Double TL-M12W PWM Fans,Infinity Mirror CPU Cooling,for AMD/AM4/AM5,Intel LGA1851/1700/1150/1151",45.23,13.19,2026-10-06,4.7,176,https://www.amazon.com/Thermalright-Frozen-Infinity-TL-M12W-LGA1851/dp/B0D73BNJ2N,0.0,13.19
20261006_050540,2026-10-06T05:27:01.549623+00:00,amazon_usa,COOLER,B0DC7SJVBM,msi MAG CoreLiquid I240 Black - AIO ARGB CPU Liquid Cooler - Infinity Mirror Design - UNI Bracket - 240mm Radiator - Dual 120mm ARGB PWM Fans - LGA 1700/1851 / AM5/AM4 Compatible,100.71,29.37,2026-10-06,4.3,31,https://www.amazon.com/MSI-MAG-CoreLiquid-I240-Black/dp/B0DC7SJVBM,0.0,29.37
20261006_050540,2026-10-06T05:27:01.549623+00:00,amazon_usa,COOLER,B0DPWXPJQ7,"ID-COOLING FX240 INF Pink 240mm AIO CPU Cooler, Infinity Mirror, Quiet",70.5,20.56,2026-10-06,4.8,38,https://www.amazon.com/ID-COOLING-FX240-INF-Daisy-Chained-Compatible/dp/B0DPWXPJQ7,0.0,20.56
20261006_050540,2026-10-06T05:27:01.549623+00:00,amazon_usa,COOLER,B0HG9J96Z4,"MasterLiquid Core LCD 6"" 240 AIO Liquid CPU Cooler, 6"" LCD Display, ARGB",141.03,41.13,2026-10-06,0.0,0,https://www.amazon.com/MasterLiquid-Core-Liquid-Cooler-Display/dp/B0HG9J96Z4,0.0,41.13
20261006_050540,2026-10-06T05:27:01.549623+00:00,amazon_usa,COOLER,B09JG4TTP2,"Dracaena.io 240mm AIO CPU Cooler, Intel & AMD, ARGB, PWM, 180W TDP, Black",60.42,17.62,2026-10-06,4.4,511,https://www.amazon.com/Dracaena-Radiator-Leakproof-Technology-AM4-Intel/dp/B09JG4TTP2,0.0,17.62
20261006_050540,2026-10-06T05:27:01.549623+00:00,amazon_usa,COOLER,B0D3DQXMSB,"Thermalrlght Frozen Notte 240 Black ARGB V2 Water Cooling CPU Cooler,240 Black CPU Cooler Specifications, Double PWM Fans,S-FDB V2 Bearings,Suitable for Intel LGA 1700/1851/1151/1200/2011,AMD/AM4 AM5",49.27,14.37,2026-10-06,3.8,24,https://www.amazon.com/Thermalrlght-Cooling-Specifications-Bearings-Suitable/dp/B0D3DQXMSB,0.0,14.37
20261006_050540,2026-10-06T05:27:01.549623+00:00,amazon_usa,COOLER,B0D86JSKFK,"Levelplay Combat CL240 AIO Liquid Cooler – TDP 280W, ARGB Infinity Mirror Pump, 240mm Radiator Cooling, ARGB Gen 2 CF120 Fans, AMD AM5 / AM4 & Intel LGA 1851 / LGA 1700 Compatible – Black",80.58,23.5,2026-10-06,4.2,38,https://www.amazon.com/Levelplay-CL240-Liquid-LGA1851-LGA1700/dp/B0D86JSKFK,0.0,23.5
20261006_050540,2026-10-06T05:27:01.549623+00:00,amazon_usa,COOLER,B0BLJHWVS3,"Thermalright Frozen Notte 240 White ARGB V2 Water Cooling CPU Cooler,240 White CPU Cooler Specifications, Double PWM Fans,S-FDB Bearings, Suitable for AMD/AM4 AM5, Intel LGA 1700/1150/1151/1200/2011",47.73,13.92,2026-10-06,4.4,958,https://www.amazon.com/Thermalright-Cooling-Specifications-Bearings-Suitable/dp/B0BLJHWVS3,0.0,13.92
20261006_050540,2026-10-06T05:27:01.549623+00:00,amazon_usa,COOLER,B0G7C89TCY,MICRO CENTER CPU AIO Combo - AMD Ryzen 5 7600X Desktop Processor with MSI MAG Coreliquid A13 240 AIO ARGB CPU Liquid Cooler 240mm Radiator LGA 1700/1851 / AM5/AM4 Compatible Black,201.45,58.75,2026-10-06,4.0,1,https://www.amazon.com/MICRO-CENTER-CPU-AIO-Combo/dp/B0G7C89TCY,0.0,58.75
20261006_050540,2026-10-06T05:27:01.549623+00:00,amazon_usa,COOLER,B0FRPMHJGX,"CORSAIR Nautilus 240 RS ARGB Liquid CPU Cooler – 240mm AIO – Low-Noise – Direct Motherboard Connection – Daisy-Chain – Intel LGA 1851/1700, AMD AM5/AM4 – 2X RS120 ARGB Fans Included – Black (Renewed)",80.55,23.49,2026-10-06,4.0,9,https://www.amazon.com/CORSAIR-Nautilus-ARGB-Liquid-Cooler/dp/B0FRPMHJGX,0.0,23.49
20261006_050540,2026-10-06T05:27:01.549623+00:00,amazon_usa,COOLER,B0G7MHKSH4,"LIAN LI Galahad AIO Cooler 240mm Radiator Liquid CPU Cooler RGB All-in-One Water Cooling System, LGA1700 Bracket, AMD AM5/AM4 Intel LGA1200/115X/2011/2066 Compatible (240mm White) (Renewed)",80.58,23.5,2026-10-06,0.0,0,https://www.amazon.com/Galahad-Radiator-Cooling-LGA1700-Compatible/dp/B0G7MHKSH4,0.0,23.5
20261006_050540,2026-10-06T05:27:06.282495+00:00,amazon_usa,COOLER,B0DS2523RP,"Thermalright FW240 SE ARGB White CPU AIO Cooler,PC 240 Specification Water Cooler System,IPS LCD Screen with 320 * 240 Resolution,for AM5,Intel LGA1700/1851,CPU Cooler Comes with 2-inch LCD Display",55.31,16.13,2026-10-06,4.2,25,https://www.amazon.com/Thermalright-Specification-Resolution-LGA1700-Display/dp/B0DS2523RP,0.0,16.13
20261006_050540,2026-10-06T05:27:06.282495+00:00,amazon_usa,COOLER,B09PWHJ19J,"Cooler Master MasterLiquid PL240 Flux 240 AIO Liquid CPU Cooler, ARGB",100.71,29.37,2026-10-06,4.5,61,https://www.amazon.com/Cooler-Master-MasterLiquid-Chamber-Enlarged/dp/B09PWHJ19J,0.0,29.37
20261006_050540,2026-10-06T05:27:06.282495+00:00,amazon_usa,COOLER,B0DP9RSZS2,"LIAN LI Galahad II Lite 240 AIO CPU Cooler, 2 ARGB Fans, Black (GA2L24RB)",85.52,24.94,2026-10-06,4.8,24,https://www.amazon.com/Lian-Li-240mm-Cooler-2x-Fans-Black-GA2L24RB/dp/B0DP9RSZS2,0.0,24.94
20261006_050540,2026-10-06T05:27:06.282495+00:00,amazon_usa,COOLER,B0D3HQZ7QQ,DARKROCK D240 CPU Liquid Cooler with 240mm Radiator,45.33,13.22,2026-10-06,4.6,89,https://www.amazon.com/DARKROCK-Liquid-Radiator-Addressable-Brackets/dp/B0D3HQZ7QQ,0.0,13.22
20261006_050540,2026-10-06T05:27:06.282495+00:00,amazon_usa,COOLER,B09P1ZGP47,"Razer Hanbo Chroma RGB All in One Liquid Cooler aRGB Pump Cap: AIO Design - Quiet, Powerful aRGB Fans - PWM Fan Controller Support - Intel LGA 115X Series, 2011, 1200, 1700, AM5 Compatible - 240MM",70.5,20.56,2026-10-06,4.2,143,https://www.amazon.com/Razer-Hanbo-Chroma-Liquid-Cooler/dp/B09P1ZGP47,0.0,20.56
20261006_050540,2026-10-06T05:27:06.282495+00:00,amazon_usa,COOLER,B0DKCQSNHQ,"Thermalright Grand Vision 240 ARGB White CPU AIO Cooler,PC 240 Specification Water Cooler System,IPS LCD Screen with 480x480 Resolution and 3.4inch,for AM4/AM5&LGA1700/1851,High Performance Pump",76.47,22.3,2026-10-06,4.4,40,https://www.amazon.com/Thermalright-ARGB-White-Specification-Performance/dp/B0DKCQSNHQ,0.0,22.3
20261006_050540,2026-10-06T05:27:06.282495+00:00,amazon_usa,COOLER,B0DPHRVNGL,"ARCTIC Liquid Freezer III Pro 280 - AIO CPU Cooler,2 x 140 mm Water Cooling",64.16,18.71,2026-10-06,4.2,291,https://www.amazon.com/ARCTIC-Liquid-Freezer-III-Pro/dp/B0DPHRVNGL,0.0,18.71
20261006_050540,2026-10-06T05:27:06.282495+00:00,amazon_usa,COOLER,B0CBRF7N3L,"ID-COOLING SL240 White 240mm AIO CPU Cooler for Desktop PC 2.1"" LCD",90.66,26.44,2026-10-06,4.3,66,https://www.amazon.com/ID-COOLING-Display-Customizable-Performance-Metrics/dp/B0CBRF7N3L,0.0,26.44
20261006_050540,2026-10-06T05:27:06.282495+00:00,amazon_usa,COOLER,B0D3HN119T,"Thermalrlght Frozen Prism 240 White ARGB AIO Water Cooler,Liquid CPU Cooler, 2×120mm PWM Fans Water Cooling System,1850RPM High Speed,Compatible with AMD/AM4/AM5 & Intel LGA115X/1200/1851/1700",44.23,12.9,2026-10-06,4.6,83,https://www.amazon.com/Thermalrlght-2%C3%97120mm-Cooling-1850RPM-Compatible/dp/B0D3HN119T,0.0,12.9
20261006_050540,2026-10-06T05:27:06.282495+00:00,amazon_usa,COOLER,B0CBJQ4R9X,"ASUS ROG Ryujin III 240 ARGB WHT All-in-one Liquid CPU Cooler with 240mm Radiator. Asetek 8th gen Pump, 2X Magnetic 120mm ARGB Fans (Daisy Chain Design), 3.5” LCD Display.,White, 6 Year Warranty",201.45,58.75,2026-10-06,4.3,47,https://www.amazon.com/ASUS-ROG-III-240-ARGB/dp/B0CBJQ4R9X,0.0,58.75
20261006_050540,2026-10-06T05:27:06.282495+00:00,amazon_usa,COOLER,B0FGX87JFQ,"Ocypus Sigma PRO L24 BK 240MM AIO Liquid CPU Cooler with 3.5"" LCD Display",81.34,23.72,2026-10-06,4.4,71,https://www.amazon.com/Sigma-PRO-L24-BK-Ultra-Narrow/dp/B0FGX87JFQ,0.0,23.72
20261006_050540,2026-10-06T05:27:06.282495+00:00,amazon_usa,COOLER,B07CRGC899,"Cooler Master MasterLiquid LC240E RGB Close-Loop AIO CPU Liquid Cooler, 240mm Radiator, Dual Chamber RGB Pump, Dual MF120R RGB Fans, RGB Lighting for AMD Ryzen/Intel LGA1151",70.4,20.53,2026-10-06,4.4,2700,https://www.amazon.com/Cooler-Master-MasterLiquid-Chamber-MLA-D24M-A18PC-R1/dp/B07CRGC899,0.0,20.53
20261006_050540,2026-10-06T05:27:06.282495+00:00,amazon_usa,COOLER,B0FMK29TGJ,"KINGCOOL Pure Flow 240mm AIO CPU Liquid Cooler for AMD Intel CPU, White",60.42,17.62,2026-10-06,5.0,3,https://www.amazon.com/KINGCOOL-Enhanced-Transparent-Aluminum-Compatible/dp/B0FMK29TGJ,0.0,17.62
20261006_050540,2026-10-06T05:27:06.282495+00:00,amazon_usa,COOLER,B0CDPRX9XT,"Thermalright Aqua Elite 240 White V3 Water Cooling CPU Cooler, Double PWM ARGB Fans with S-FDB Bearings,Efficient PWM Controlled Pump,for AMD/AM4/AM5, Intel LGA1150/1151/1200/1700/1851",46.63,13.6,2026-10-06,4.6,186,https://www.amazon.com/Thermalright-Cooling-Bearings-Efficient-Controlled/dp/B0CDPRX9XT,0.0,13.6
20261006_050540,2026-10-06T05:27:06.282495+00:00,amazon_usa,COOLER,B0D72ZQ58K,"Thermalright Frozen Infinity 240 Black Liquid CPU Cooler,Double PWM Fans with 2000RPM,Desktop CPU Aio Cooler,for AM4/AM5&Intel LGA1150/1151/1200/1700/1851,Infinity Mirror PC CPU Water Cooler",48.25,14.07,2026-10-06,4.3,29,https://www.amazon.com/Thermalright-Infinity-240-2000RPM-Desktop/dp/B0D72ZQ58K,0.0,14.07
20261006_050540,2026-10-06T05:27:14.725073+00:00,aliexpress,COOLER,3256808371791437,TEUCER AF-240 Water Cooling CPU Cooler 240mm rgb fan Liquid Heatsink Integrated Radiator LGA 2011/12xx/1700/115x/AM4/AM5 AMD,215.41,62.82,2026-10-06,4.9,0,,0.0,62.82
20261006_050540,2026-10-06T05:27:14.725073+00:00,aliexpress,COOLER,3256807158718187,TEUCER CPU Water Cooler With JM-1 Fan All In One CPU Liquid Cooling 240mm/360mm ARGB Water-Cooled Radiator for X99 Motherboard,201.42,58.74,2026-10-06,4.9,0,,0.0,58.74
20261006_050540,2026-10-06T05:27:14.725073+00:00,aliexpress,COOLER,3256807564524788,"Thermalright FROZEN INFINITY 240 All-in-one water cooling radiator，With TL-M12 infinite fantasy fan,Support LGA1700/AM5/AM4",259.88,75.79,2026-10-06,4.8,0,,0.0,75.79
20261006_050540,2026-10-06T05:27:14.725073+00:00,aliexpress,COOLER,3256807395588616,Thermalright AQUA ELITE 240 V2 Black/White CPU Liquid Cooler 5V 3PIN ARGB Halo Fan Water Cooling Radiator LGA1700 2011 115x AM5,426.4,124.35,2026-10-06,5.0,0,,0.0,124.35
20261006_050540,2026-10-06T05:27:14.725073+00:00,aliexpress,COOLER,3256810269100347,LOVINGCOO SC60 Firefly 240 Water Cooler Radiator 240mm ARGB Conjoined Fan 4.0 Extra inch DIY Full Screen Magnetic Cold Headr,281.21,82.01,2026-10-06,5.0,0,,0.0,82.01
20261006_050540,2026-10-06T05:27:14.725073+00:00,aliexpress,COOLER,3256813067244435,Power Train EX240 AIO CPU Water Cooling White Black 240 Liquid Radiator ARGB PWM Fan For LGA1700 1851 2011 115X 1200 AMD AM5,251.52,73.35,2026-10-06,0.0,0,,0.0,73.35
20261006_050540,2026-10-06T05:27:14.725073+00:00,aliexpress,COOLER,3256808202895683,TISHRIC Water Cooler 120/240/360mm CPU Cooling Fan PC Computer Radiator RGB Heatsink For INTEL LGA 1151/1700/2011/AM3+/AM4 AMD,183.79,53.6,2026-10-06,4.6,0,,0.0,53.6
20261006_050540,2026-10-06T05:27:14.725073+00:00,aliexpress,COOLER,3256808315110338,Thermalright FW 240 SE ARGB All-in-One Water Cooler 2-inch IPS LCD Liquid CPU Cooler supports LGA1851/1700 AMD AM4/AM5,370.71,108.11,2026-10-06,0.0,0,,0.0,108.11
20261006_050540,2026-10-06T05:27:14.725073+00:00,aliexpress,COOLER,3256810070712620,ID-COOLING DX-240 White Edition CPU Cooler - Non-RGB 240mm AIO Liquid Cooler with PWM Control,287.08,83.72,2026-10-06,0.0,0,,0.0,83.72
20261006_050540,2026-10-06T05:27:14.725073+00:00,aliexpress,COOLER,3256807324311904,Teucer 120/240mm CPU Water Cooler Liquid Cooling Heatsink RGB Colorful Radiator For X99 LGA 2011 V3 1700 1200 115X AMD AM4 AM5,199.94,58.31,2026-10-06,4.7,0,,0.0,58.31
20261006_050540,2026-10-06T05:27:14.725073+00:00,aliexpress,COOLER,3256812889889298,For Arctic Liquid Freezer III Pro 240 ARGB Integrated Water Cooled CPU Cooler,475.88,138.78,2026-10-06,0.0,0,,0.0,138.78
20261006_050540,2026-10-06T05:27:14.725073+00:00,aliexpress,COOLER,3256808165689237,Barrow PC Case Water Cooling Kit 240mm Fan Heatsink Integrated CPU cooler Fan Radiator Pump + CPU Block + Fan Cooling Building,221.51,64.6,2026-10-06,5.0,0,,0.0,64.6
20261006_050540,2026-10-06T05:27:14.725073+00:00,aliexpress,COOLER,3256810428689185,LOVINGCOOL AK Water Cooler 240mm 360mm Broken Code Screen Dynamic Digital Display Liquid Cooler ARGB Abyss Mirror Cold Radiator,152.66,44.52,2026-10-06,4.7,0,,0.0,44.52
20261006_050540,2026-10-06T05:27:14.725073+00:00,aliexpress,COOLER,3256809932592998,New Stock FROZEN VISION 240 White LCD Screen AIO CPU Cooler 360mm ARGB Liquid Gaming Computer Cooling Aluminum for Processors,944.86,275.55,2026-10-06,0.0,0,,0.0,275.55
20261006_050540,2026-10-06T05:27:14.725073+00:00,aliexpress,COOLER,3256808464903869,240 360 1700 CPU AIO Water Cooler Computer 120mm Fan Radiator For Intel LGA 1200 115X 20XX AMD AM4 AM5 + ARGB Tube,272.67,79.52,2026-10-06,0.0,0,,0.0,79.52
20261006_050540,2026-10-06T05:27:14.725073+00:00,aliexpress,COOLER,3256809128563327,UPSIREN Poseidon mirror 240 ARGB Integrated water cooling radiator/Infinity mirror lighting effects/Support LGA1700/115X/AM5,189.9,55.38,2026-10-06,5.0,0,,0.0,55.38
20261006_050540,2026-10-06T05:27:14.725073+00:00,aliexpress,COOLER,3256808466991368,240 360 CPU Water Cooler Fan ARGB For Intel LGA1700 1200 115X 20XX AMD AM3 AM4 Liquid Radiator + RGB Tubing,272.67,79.52,2026-10-06,0.0,0,,0.0,79.52
20261006_050540,2026-10-06T05:27:14.725073+00:00,aliexpress,COOLER,3256807395668432,Thermalright FROZEN INFINITY 240 All-in-one water cooling radiator，ARGB Divine Light synchronization，Support LGA1700/AM5/AM4,366.01,106.74,2026-10-06,0.0,0,,0.0,106.74
20261006_050540,2026-10-06T05:27:14.725073+00:00,aliexpress,COOLER,3256812096985863,"In Stock LIAN LI CPU AIO Water Cooling Kit ARGB, 240 Heatsink For  LGA 115X 1200 1366 20XX AM4 CPU Cooler System M/B 5V SYNC",979.7,285.71,2026-10-06,0.0,0,,0.0,285.71
20261006_050540,2026-10-06T05:27:14.725073+00:00,aliexpress,COOLER,3256806159718428,Thermalright Frozen Vision 240  One -in -one Water Cold Radiator/2.88 LCD Screen/Support Custom Image/Video/Animation,1602.95,467.47,2026-10-06,0.0,0,,0.0,467.47
20261006_050540,2026-10-06T05:27:14.725073+00:00,aliexpress,COOLER,3256809408830121,Thermalright CORE MATRIX 240 VISION 240MM All-in-one CPU Liquid Cooler 2” 320*240 resolution IPS LCD support LGA 1851 AMD AM5,348.52,101.64,2026-10-06,0.0,0,,0.0,101.64
20261006_050540,2026-10-06T05:27:14.725073+00:00,aliexpress,COOLER,3256810039784240,LOVINGCOOL DP Series 360/240 CPU Liquid Cooler 4.0-Inch Super Large Frameless Magnetic Full Screen Can DIY Water Cooler Radiator,259.58,75.7,2026-10-06,4.5,0,,0.0,75.7
20261006_050540,2026-10-06T05:27:14.725073+00:00,aliexpress,COOLER,3256809461655236,Jungle Leopard Pro Flow 240 ARGB All-In-One LCD SCREEN AIO LIQUID COOLE Water Cooling Radiator 5V3PIN ARGB Fan CPU Liquid Cooler,549.53,160.26,2026-10-06,5.0,0,,0.0,160.26
20261006_050540,2026-10-06T05:27:14.725073+00:00,aliexpress,COOLER,3256812686676148,X-GAMERX PowerTrain M240 Water Cooler 240mm Global ARGB Light Effects 360° Magnetic Cover Digital Display Screen AIO CPU Cooler,225.05,65.63,2026-10-06,4.9,0,,0.0,65.63
20261006_050540,2026-10-06T05:27:14.725073+00:00,aliexpress,COOLER,3256805925998810,Manmu 240mm Liquid CPU Cooler 4pin PWM Fan 120mm RGB / AC Intergrated Water Cooling AM5 AM4 Intel 115x/1200/1700/2011/2066,162.57,47.41,2026-10-06,3.9,0,,0.0,47.41
20261006_050540,2026-10-06T05:27:14.725073+00:00,aliexpress,COOLER,3256812610105646,MANMU 240mm Liquid Cooler Colorful All-in-one Water Cooling Infinity Mirror Radiator PC Aio Cpu Water Cooler,186.3,54.33,2026-10-06,5.0,0,,0.0,54.33
20261006_050540,2026-10-06T05:27:14.725073+00:00,aliexpress,COOLER,3256812448741198,MANMU 240mm Liquid Cooled Cpu Cooler Cpu Water Cooler Aio Liquid Cpu Cooler,191.92,55.97,2026-10-06,0.0,0,,0.0,55.97
20261006_050540,2026-10-06T05:27:14.725073+00:00,aliexpress,COOLER,3256809998612237,X-GAMER M240 water cooler Global ARGB light CPU Digital temperature display 360° magnetic cover 240mm watercooling,180.54,52.65,2026-10-06,0.0,0,,0.0,52.65
20261006_050540,2026-10-06T05:27:14.725073+00:00,aliexpress,COOLER,3256812976962380,DeepCool BingGuo520 Liquid CPU Water Cooler 240mm Dual-Chamber AIO Cooler Anti-Leak Tech ARGB Fans Efficient Cooling,483.11,140.89,2026-10-06,0.0,0,,0.0,140.89
20261006_050540,2026-10-06T05:27:14.725073+00:00,aliexpress,COOLER,3256807534255365,MANMU PC Water Cooling Processor Cooler 4PIN CPU Water Cooling Heatsink Liquid Cooling PC 240mm Fan Radiator for Intel LGA1700,261.5,76.26,2026-10-06,0.0,0,,0.0,76.26
20261006_050540,2026-10-06T05:27:14.725073+00:00,aliexpress,COOLER,3256802968765631,REDRAGON Effect X CCW-3000 Water Cooling Heatsink Case 240 liquid Radiator CPU cooler RGB fan Mute Computer PC for LGA2011/FM1 2,358.36,104.51,2026-10-06,0.0,0,,0.0,104.51
20261006_050540,2026-10-06T05:27:14.725073+00:00,aliexpress,COOLER,3256809479623897,Jonsbo TH-360 240 AIO CPU Liquid Cooling Integrated Water-cooled Radiator 120MM ARGB Water Cooler LGA1700 1851 1200 115X AM4 AM5,398.69,116.27,2026-10-06,5.0,0,,0.0,116.27
20261006_050540,2026-10-06T05:27:14.725073+00:00,aliexpress,COOLER,3256808633749454,Thermalright FW 240 SE ARGB All-in-one water cooling radiator/2-inch magnetic LCD screen/Support LGA1851/1700/115X/1200/AM5/AM4,269.97,78.73,2026-10-06,4.8,0,,0.0,78.73
20261006_050540,2026-10-06T05:27:14.725073+00:00,aliexpress,COOLER,3256807767901028,"Thermalright FW 240 X No fan version，All -in -one water -cold radiator 2.4 -inch LCD display customized screen,Support LGA1700",279.7,81.57,2026-10-06,5.0,0,,0.0,81.57
20261006_050540,2026-10-06T05:27:14.725073+00:00,aliexpress,COOLER,3256807721606578,Thermalright Aqua Elite White 240 V2 All-in-one water cooling radiator Halo ARGB supports LGA1700/115X/2011/AM5/AM4,178.17,51.96,2026-10-06,5.0,0,,0.0,51.96
20261006_050540,2026-10-06T05:27:14.725073+00:00,aliexpress,COOLER,3256812672666535,Z   for Liquid CPU Cooler 240mm White All-In-One Water Cooling Radiator Cooled System PC,1679.8,489.88,2026-10-06,0.0,0,,0.0,489.88
20261006_050540,2026-10-06T05:27:14.725073+00:00,aliexpress,COOLER,3256812996095588,GT240 AIO CPU Liquid Cooler 240mm Radiator with Digital Display ARGB Fan Supports For LGA1700 AM5,195.01,56.87,2026-10-06,0.0,0,,0.0,56.87
20261006_050540,2026-10-06T05:27:14.725073+00:00,aliexpress,COOLER,3256811818932948,AQUA ELITE 240 White ARGB Integrated Water Cooling Radiator 5V 3PIN ARGB Fan CPU Liquid Cooler For LGA1700 115x AM4,303.36,88.47,2026-10-06,0.0,0,,0.0,88.47
20261006_050540,2026-10-06T05:27:14.725073+00:00,aliexpress,COOLER,3256812190674855,Lovingcool 240/360 mm Liquid Central Processor Cooler Water Cooled Computer Radiator with LCD Video Display,407.37,118.8,2026-10-06,0.0,0,,0.0,118.8
20261006_050540,2026-10-06T05:27:14.725073+00:00,aliexpress,COOLER,3256811722871290,120mm 240mm 360mm Liquid CPU Cooler for Intel AMD Ryzen AIO Water Cooling Kit with ARGB Fan Infinite Lens RGB Lighting Video,521.65,152.13,2026-10-06,0.0,0,,0.0,152.13
20261006_050540,2026-10-06T05:27:14.725073+00:00,aliexpress,COOLER,3256810584358152,240mm CPU Water Cooler Liquid Cooling Heatsink RGB Colorful Radiator For X99 LGA 2011 V3 1700 1200 115X AMD AM4 AM5,164.45,47.96,2026-10-06,0.0,0,,0.0,47.96
20261006_050540,2026-10-06T05:27:14.725073+00:00,aliexpress,COOLER,3256810071567509,Thermalright Core Matrix 240 ARGB CPU Liquid Cooler - Black Magic Edition AIO Water Cooling System,425.26,124.02,2026-10-06,0.0,0,,0.0,124.02
20261006_050540,2026-10-06T05:27:14.725073+00:00,aliexpress,COOLER,3256808412554348,"CPU AIO Water Cooling Kit, 240mm Cooler System For Intel AMD Radiator M/B 5V SYNC 4Pin PWM / 3Pin ARGB  LED Pink Purple",612.59,178.65,2026-10-06,0.0,0,,0.0,178.65
20261006_050540,2026-10-06T05:27:14.725073+00:00,aliexpress,COOLER,3256813043847175,Dual-row 240 Water-cooled Radiator Dual-aperture Dazzling + ARGB Multi-platform Water-cooled CPU Cooler Fan,1214.65,354.23,2026-10-06,0.0,0,,0.0,354.23
20261006_050540,2026-10-06T05:27:14.725073+00:00,aliexpress,COOLER,3256813037699984,PowerTrain EX240/EX360 All-in-one Water-cooled CPU Cooler ARGB Shenguang Synchronous Magnetic Cold head Mecha Style Black/White,460.93,134.42,2026-10-06,0.0,0,,0.0,134.42
20261006_050540,2026-10-06T05:27:14.725073+00:00,aliexpress,COOLER,3256810103506495,Thermalright FROZEN VISION 240 BLACK&WHITE AIO CPU Liquid Cooler Equipped  TL - K12 series performance fans 2.88 - inch display,822.96,240.0,2026-10-06,0.0,0,,0.0,240.0
20261006_050540,2026-10-06T05:27:14.725073+00:00,aliexpress,COOLER,3256805939458329,"AM5 CPU Watercooler AIO 240 With Digital Display, 1700 CPU Water Cooling + Temp. Monitor, 300W TDP For Intel/AMD Full Platform",340.4,99.27,2026-10-06,0.0,0,,0.0,99.27
20261006_050540,2026-10-06T05:27:14.725073+00:00,aliexpress,COOLER,3256808625416765,"Barrow LTCPR-240/360 Water Cooler CPU Aio 240mm/360mm with 120mm Pro RGB PWM Fans Intel 115x/X99/X299 , AMD Full Platform",387.44,112.99,2026-10-06,0.0,0,,0.0,112.99
20261006_050540,2026-10-06T05:27:14.725073+00:00,aliexpress,COOLER,3256812560231986,for LOVINGCOOL OEM 240mm AIO CPU Liquid Cooler with Display Screen Water Cooling Fan Radiator for Gaming PC LGA115X,571.03,166.53,2026-10-06,0.0,0,,0.0,166.53
20261006_050540,2026-10-06T05:27:14.725073+00:00,aliexpress,COOLER,3256811606605598,"ROG RYUJIN II 240 ARGB AIO COOLER , Liquid CPU Cooler",1221.58,356.25,2026-10-06,0.0,0,,0.0,356.25
20261006_050540,2026-10-06T05:27:14.725073+00:00,aliexpress,COOLER,3256808467342561,Valkiri PC Water Cooling LGA 1700 CPU AIO Cooler 240MM 360MM 300W TDP Good-looking For AM4 AM5 LGA1200 115X RGB Lighting,406.85,118.65,2026-10-06,0.0,0,,0.0,118.65
20261006_050540,2026-10-06T05:27:14.725073+00:00,aliexpress,COOLER,3256807233024752,TEUCER AF-240 Water Cooling CPU Cooler 240mm rgb fan Liquid Heatsink Integrated Radiator LGA 2011/12xx/1700/115x/AM4/AM5 AMD,227.0,66.2,2026-10-06,4.8,0,,0.0,66.2
20261006_050540,2026-10-06T05:27:14.725073+00:00,aliexpress,COOLER,3256810418325889,LOVINGCOOL AK liquid cooler 240mm 360mm broken code screen dynamic digital display ARGB PWM Abyss Mirror integrated water cooled,146.35,42.68,2026-10-06,4.0,0,,0.0,42.68
20261006_050540,2026-10-06T05:27:14.725073+00:00,aliexpress,COOLER,3256812548763916,240/360mm AIO CPU Liquid Cooler 4Inch Magnetic Frameless IPS Screen ARGB PWM DIY Radiator For Intel AMD PC For LOVINGCOOL DP-01,203.24,59.27,2026-10-06,0.0,0,,0.0,59.27
20261006_050540,2026-10-06T05:27:14.725073+00:00,aliexpress,COOLER,3256807821152088,"Thermalright FW-X 240 All-in-one CPU Water cooling cooler No fan version 2.4"" IPS LCD DIY screen For LGA1851/1700 AMD AM4 AM5",570.07,166.25,2026-10-06,5.0,0,,0.0,166.25
20261006_050540,2026-10-06T05:27:14.725073+00:00,aliexpress,COOLER,3256809186748762,UPSIREN Poseidon mirror 240 240MM All-in-one Water Cooling Infinity mirror Cold head design ARGB PWM Fans suppor LGA1700 AMD AM5,192.33,56.09,2026-10-06,0.0,0,,0.0,56.09
20261006_050540,2026-10-06T05:27:14.725073+00:00,aliexpress,COOLER,3256807239987743,Teucer 120/240mm CPU Water Cooler Liquid Cooling Heatsink RGB Colorful Radiator For X99 LGA 2011 V3 1700 1200 115X AMD AM4 AM5,188.42,54.95,2026-10-06,5.0,0,,0.0,54.95
20261006_050540,2026-10-06T05:27:14.725073+00:00,aliexpress,COOLER,3256809130317381,UPSIREN Poseidon mirror 240 240MM All-in-one Water Cooling Infinity mirror Cold head design ARGB PWM Fans suppor LGA1700 AMD AM5,173.61,50.63,2026-10-06,0.0,0,,0.0,50.63
20261006_050540,2026-10-06T05:27:14.725073+00:00,aliexpress,COOLER,3256808563313356,JONSBO TH-240 CPU Liquid Cooling Thousand Layer Mirror Fan Integrated Water-cooled Radiator LGA1700 1851 1200 115X AM4 AM5,279.67,81.56,2026-10-06,4.5,0,,0.0,81.56
20261006_050540,2026-10-06T05:27:14.725073+00:00,aliexpress,COOLER,3256807428046275,Thermalright Frozen Vision 240 One -in -one Water Cold Radiator/2.88 LCD Screen/Support Custom Image/Video/Animation,648.73,189.19,2026-10-06,0.0,0,,0.0,189.19
20261006_050540,2026-10-06T05:27:18.716556+00:00,aliexpress,COOLER,3256806859701854,TEUCER CPU Water Cooler With JM-1 Fan All In One CPU Liquid Cooling 240mm/360mm ARGB Water-Cooled Radiator for X99 Motherboard,206.05,60.09,2026-10-06,4.5,0,,0.0,60.09
20261006_050540,2026-10-06T05:27:18.716556+00:00,aliexpress,COOLER,3256805154605510,JONSBO TG-240 Black/White CPU Water Cooler 5V/3PIN ARGB Liquid Integrated Radiator For LGA2011 115X 1200 1700 AM4 AM5,210.95,61.52,2026-10-06,5.0,0,,0.0,61.52
20261006_050540,2026-10-06T05:27:18.716556+00:00,aliexpress,COOLER,3256812611779423,"Desktop Computer AIO Watercooler Fan Kit,  240/360 One-piece Design Uni Fan, Forward or Reverse Blades",52.4,15.28,2026-10-06,0.0,0,,0.0,15.28
20261006_050540,2026-10-06T05:27:18.716556+00:00,aliexpress,COOLER,3256803347651775,Granzon GZMN Integrated AIO Pump + Bridge Moudle + 240mm/120mm/360mm/480mm Radiator Computer Water Cooling Heatsink,763.3,222.6,2026-10-06,5.0,0,,0.0,222.6
20261006_050540,2026-10-06T05:27:18.716556+00:00,aliexpress,COOLER,3256809620288211,JUMPEAK HS120 Halo ARGB Cooling Fan 360mm 240mm Modular Stackable Splicing 120mm RGB Fans Kit For Gaming PC Case Water Cooler,106.44,31.04,2026-10-06,4.9,0,,0.0,31.04
20261006_050540,2026-10-06T05:27:18.716556+00:00,aliexpress,COOLER,2255799866803300,1 Pc 80/120/240/360mm Aluminum Computer Radiator Water Cooler Cooling For CPU GPU VGA RAM Heatsink Exchanger Liquid Cooler,3.74,1.09,2026-10-06,4.9,0,,0.0,1.09
20261006_050540,2026-10-06T05:27:18.716556+00:00,aliexpress,COOLER,3256808298402035,Power Train Coloured Glaze PC Case Sea View Room 270° Full View Without Column Desktop Chassis Support 240 Water Cooler,159.96,46.65,2026-10-06,4.6,0,,0.0,46.65
20261006_050540,2026-10-06T05:27:18.716556+00:00,aliexpress,COOLER,3256812390586954,Power Train Star Realm M-ATX Desktop PC Case Three Sided Glass Panoramic Seaview Room Without Pillars 240 Water Cooler Game Case,165.21,48.18,2026-10-06,0.0,0,,0.0,48.18
20261006_050540,2026-10-06T05:27:18.716556+00:00,aliexpress,COOLER,3256806810021037,DeepCool AK500S Digital Display CPU Cooler 5 Heat pipes TDP 240W Cooling ATX PC Radiator For LGA1700/1200 115X AM4 AM5,163.84,47.78,2026-10-06,4.9,0,,0.0,47.78
20261006_050540,2026-10-06T05:27:18.716556+00:00,aliexpress,COOLER,3256809923387293,VEEBYTE XC 360/240/120 ARGB Consortium Structure One Line Connectivity PC Fan Quiet Cooling 12V Large Air Volume Case Fan,8.26,2.41,2026-10-06,4.9,0,,0.0,2.41
20261006_050540,2026-10-06T05:27:18.716556+00:00,aliexpress,COOLER,3256810512587205,WJCOOLMAN Prism MINI Ocean View Room No Columns Computer Case Supports MATX Motherboard / 240 Water Cooling,149.68,43.65,2026-10-06,5.0,0,,0.0,43.65
20261006_050540,2026-10-06T05:27:18.716556+00:00,aliexpress,COOLER,3256806851725067,"Aluminum CPU Radiator Cooler 30 40 80 120 160 200 240 250 300mm Processor PC Laptop Heat Sink,CPU GPU Water Cooling Block",11.42,3.33,2026-10-06,4.9,0,https://www.aliexpress.com/ssr/300000512/BundleDeals2?productIds=1005007038039819:12000039179842498&pha_manifest=ssr&_immersiveMode=true&disableNav=YES&sourceName=SEARCHProduct,0.0,3.33
20261006_050540,2026-10-06T05:27:18.716556+00:00,aliexpress,COOLER,3256807740395820,Power Train Illusionary Realm Computer Case M-ATX ITX Seaview Room Side Transparent Desktop Chassis Support 240 Water Cooler,132.94,38.77,2026-10-06,4.0,0,,0.0,38.77
20261006_050540,2026-10-06T05:27:18.716556+00:00,aliexpress,COOLER,3256805608780243,PC Water Cooling Radiator Aluminum For CPU GPU RAM Heatsink Exchanger Fan Cooler 60/80/90/120/240/360mm Black/White,58.84,17.16,2026-10-06,4.6,0,,0.0,17.16
20261006_050540,2026-10-06T05:27:18.716556+00:00,aliexpress,COOLER,3256807368355151,"17mm Super Thin Copper  Radiator Computer Water Cooler 240mm ,240/360mm Radiator Water Cooler for PC Cooling G1/4 """,267.63,78.05,2026-10-06,5.0,0,,0.0,78.05
20261006_050540,2026-10-06T05:27:18.716556+00:00,aliexpress,COOLER,3256809540546745,Jonsbo ZB-120/240/360 Computer Case Fan 5V ARGB 120mm Water-Cooled CPU Cooling Fan PWM ZB-360BR Forward/Reverse Fan Kits,39.12,11.41,2026-10-06,4.8,0,,0.0,11.41
20261006_050540,2026-10-06T05:27:18.716556+00:00,aliexpress,COOLER,3256809461908685,Jungle Leopard Pro Flow 360 ARGB All-In-One LCD SCREEN AIO LIQUID COOLE Water Cooling Radiator 5V3PIN ARGB Fan CPU Liquid Cooler,423.79,123.59,2026-10-06,4.6,0,,0.0,123.59
20261006_050540,2026-10-06T05:27:18.716556+00:00,aliexpress,COOLER,3256810620124600,FREEZEMOD G1/4'' 29mm Thick Copper Radiator 120/240/360/480mm PC Water Cooling Rad. Row Heat Sink Cooler for 120mm Fan,99.68,29.07,2026-10-06,5.0,0,,0.0,29.07
20261006_050540,2026-10-06T05:27:18.716556+00:00,aliexpress,COOLER,3256809040029862,X2 Computer Case M-ATX Mini-ITX Motherboard Seaview Room Side Transparent Desktop Chassis USB3.0 Support 240 Water Cooler,132.94,38.77,2026-10-06,3.8,0,,0.0,38.77
20261006_050540,2026-10-06T05:27:18.716556+00:00,aliexpress,COOLER,3256808372699531,METALFISH BlockCase Aluminum Open Frame Case Support ATX/M-ATX Mainboard GPU Mount Horizontally 240 Water Cooler Gaming Cabinet,126.22,36.81,2026-10-06,4.9,0,,0.0,36.81
20261006_050540,2026-10-06T05:27:18.716556+00:00,aliexpress,COOLER,3256807405837816,"240 360 Copper Computer Water Cooling Radiator, 30mm Think Exhaust Heat Exchanger Dissipation Support 12cm Case Fan",115.56,33.7,2026-10-06,4.7,0,,0.0,33.7
20261006_050540,2026-10-06T05:27:18.716556+00:00,aliexpress,COOLER,3256803452571196,Aluminum PC Water Cooling Radiator For Liquid Cooler Processor Heat Sink 40 80 120 160 200 240 250mm,3.74,1.09,2026-10-06,4.9,0,,0.0,1.09
20261006_050540,2026-10-06T05:27:18.716556+00:00,aliexpress,COOLER,3256811894863008,For MSI MAG CORELIQUID 240R/360R ARGB Radiator amd cpu cooler CPU AM4 1700 bracket socket Intel AMD with deepcool /coolermaster,25.92,7.56,2026-10-06,0.0,0,,0.0,7.56
20261006_050540,2026-10-06T05:27:18.716556+00:00,aliexpress,COOLER,3256803204562429,Granzon Integrated AIO Pump Radiator Combo 30mm Thickness Copper Computer Water Coolant Heatsink GZMN 120/240/360/480mm,565.75,164.99,2026-10-06,5.0,0,,0.0,164.99
20261006_050540,2026-10-06T05:27:18.716556+00:00,aliexpress,COOLER,3256810348933197,Thermalright CORE MATRIX 360 VISION ARGB BLACK Cpu Liquid Cooler 320*240 Resolution IPS LCD Support LGA1851/1700/1200 AM5/4,479.79,139.92,2026-10-06,0.0,0,,0.0,139.92
20261006_050540,2026-10-06T05:27:18.716556+00:00,aliexpress,COOLER,2251832625355222,BYKSKI 30mm Thick Copper Single Row of Radiator Computer Water Cooling Liquid Heat Exchanger Use for 12cm Fans 120/240/360/480MM,275.69,80.4,2026-10-06,5.0,0,,0.0,80.4
20261006_050540,2026-10-06T05:27:18.716556+00:00,aliexpress,COOLER,3256809850698593,METALFISH T20 Mini ITX White Case 9L Compact PC Chassis Support Flex PSU/240mm GPU/100mm Cooler/180 Liquid Cooler,216.34,63.09,2026-10-06,4.9,0,,0.0,63.09
20261006_050540,2026-10-06T05:27:18.716556+00:00,aliexpress,COOLER,3256809538994534,JONSBO ZA-120/240/360 Case Fan 12V 4PIN PWM 5V 3PIN ARGB 120mm Integrated Desktop PC Chassis CPU Water Radiator AIR Cooling Fan,41.25,12.03,2026-10-06,4.9,0,,0.0,12.03
20261006_050540,2026-10-06T05:27:18.716556+00:00,aliexpress,COOLER,3256803068996849,Granzon Water Cooling Kit for RTX 3070/ 3080/ 3090 RX6900X AIO GPU Block Pump 240mm Radiator PC Cooler G1/4' Fittings Hose Tube,1164.42,339.58,2026-10-06,0.0,0,,0.0,339.58
20261006_050540,2026-10-06T05:27:18.716556+00:00,aliexpress,COOLER,3256809581636161,"Shiny Snake G300 MESH 16.8L MATX Chassis, 340mm GPU, ATX PSU, 240/280 AIO Compatible, 164mm Air Cooler, Max. 3 Cooling Fans",392.45,114.45,2026-10-06,5.0,0,,0.0,114.45
20261006_050540,2026-10-06T05:27:18.716556+00:00,aliexpress,COOLER,3256812478810547,"120/240/360mm Aluminum PC Water Cooling Radiator With Filling Vent Port, Heat Exchanger For CPU GPU VGA Memory Liquid Cooling",58.84,17.16,2026-10-06,4.7,0,,0.0,17.16
20261006_050540,2026-10-06T05:27:18.716556+00:00,aliexpress,COOLER,3256803419974367,FREEZEMOD G1/4 29mm Thick Copper Radiator 120/240/360/480mm PC Water Cooling Row Heat Sink Cooler For 120mm Fan,116.69,34.03,2026-10-06,4.8,0,,0.0,34.03
20261006_050540,2026-10-06T05:27:18.716556+00:00,aliexpress,COOLER,3256803788849625,Jonsbo HX6240 Radiator Tower CPU Pure Copper 6 Heat Pipes 12cm Fan PWM Smart Temperature Control Cooling LGA 1200 115X 1700 2011,162.64,47.43,2026-10-06,0.0,0,,0.0,47.43
20261006_050540,2026-10-06T05:27:18.716556+00:00,aliexpress,COOLER,3256811843927406,Gold Seller Granzon Water Cooling Kit for RTX 3070/ 3080/ 3090 RX6900X AIO GPU Block Pump 240mm Radiator PC Cooler G1/4' Fitting,1938.76,565.4,2026-10-06,0.0,0,,0.0,565.4
20261006_050540,2026-10-06T05:27:18.716556+00:00,aliexpress,COOLER,3256812827895655,GSCOOL G-400K Computer CPU Cooler with Four Copper Tubes and ARGB desktop Cooling Fan Tower-Style Air-Cooling System,59.25,17.28,2026-10-06,5.0,0,,0.0,17.28
20261006_050540,2026-10-06T05:27:18.716556+00:00,aliexpress,COOLER,3256808836216183,"FREEZEMOD 29mm Thin Full Copper Radiator ,G1/4‘’ Liquid Water Cooling Cooler For 120mm Fan 120/240/360mm PC MOD Heatsink",192.3,56.08,2026-10-06,0.0,0,,0.0,56.08
20261006_050540,2026-10-06T05:27:18.716556+00:00,aliexpress,COOLER,3256810180486222,Thermalright 240mm Case Fan TL-UB24 CPU Cooling Fan ARGB 240mm 2 In 1 Fan Design Static Pressure Optimize Fan Reverse,124.58,36.33,2026-10-06,5.0,0,,0.0,36.33
20261006_050540,2026-10-06T05:27:18.716556+00:00,aliexpress,COOLER,3256806270531627,Granzon Water Cooling Kit for RTX 4090/ 4080/ 4070 / 7900 AIO GPU Block Pump 240mm Radiator PC Cooler G1/4'' Fittings Hose Tube,992.8,289.53,2026-10-06,0.0,0,,0.0,289.53
20261006_050540,2026-10-06T05:27:18.716556+00:00,aliexpress,COOLER,3256810534577358,Jonsbo XA-120/240/360 PC Case Fan Three Sided Mirror ARGB Sync CPU Cooling Fan 120mm PWM AIO Quiet Chassis Fan PC Gaming Fans,43.79,12.77,2026-10-06,4.7,0,,0.0,12.77
20261006_050540,2026-10-06T05:27:18.716556+00:00,aliexpress,COOLER,3256809149727129,80mm 18 Tube Aluminum Water Cooling Radiator Computer PC CPU Water Cooling System Heat Sink Part 120/240/360mm Computer Radiator,10.9,3.18,2026-10-06,4.5,0,,0.0,3.18
20261006_050540,2026-10-06T05:27:18.716556+00:00,aliexpress,COOLER,3256813015237956,PC Water Cooling Radiator Aluminum Processor Heat Sink Liquid Cooler 40 80 120 160 200 240 250mm CPU Water Cooler Heat Exchanger,3.74,1.09,2026-10-06,0.0,0,,0.0,1.09
20261006_050540,2026-10-06T05:27:18.716556+00:00,aliexpress,COOLER,3256810465631747,WJCOOLMAN Horizon S1/S3 ATX/M-ATX PC Gaming Case Three Sides of Glass Sea View Room 240/360 Water Cooler Desktop Computer Case,238.45,69.54,2026-10-06,5.0,0,,0.0,69.54
20261006_050540,2026-10-06T05:27:18.716556+00:00,aliexpress,COOLER,3256809828843350,Thermalright W360-XEON-LGA4677/LGA4189 CPU LIQUID COOLER Workstation/Professional All-In-One CPU LIQUID COOLER,686.28,200.14,2026-10-06,5.0,0,,0.0,200.14
20261006_050540,2026-10-06T05:27:18.716556+00:00,aliexpress,COOLER,3256804292193520,"Alphacool NexXxoS ST30 V.2 White Full Copper 240mm Radiator,271.5x124x30 mm,Using For Computer Liquid Loop Build Water Cooling",384.67,112.18,2026-10-06,0.0,0,,0.0,112.18
20261006_050540,2026-10-06T05:27:18.716556+00:00,aliexpress,COOLER,3256809607175419,"Shiny Snake G500 MATX Chassis - 240 AIO Compatible, Optional Auxiliary Screen, 400mm GPU, 170mm Radiator, 16cm ATX PSU",362.21,105.63,2026-10-06,5.0,0,,0.0,105.63
20261006_050540,2026-10-06T05:27:18.716556+00:00,aliexpress,COOLER,3256808431547716,"FREEZEMOD Water Cooling Module Personal Silent Version Partition Manual Automatic Integrate Automatic Speed Control, SLMZ-LS-240",449.71,131.15,2026-10-06,5.0,0,,0.0,131.15
20261006_050540,2026-10-06T05:27:18.716556+00:00,aliexpress,COOLER,3256811887904436,"Alphacool NexXxoS ST25 240mm Full Copper Radiator,272x120x25.5MM For Computer Liquid Loop Build Water Cooling System",298.01,86.91,2026-10-06,0.0,0,,0.0,86.91
20261006_050540,2026-10-06T05:27:18.716556+00:00,aliexpress,COOLER,3256812087855481,Bykski CR-RD120/240/360/480RC-TN-V2 PC Cooling Radiator Water Cooler Row G1/4 Copper 120/240/360mm 30MM Thick for 120mm 12cm Fan,144.36,42.1,2026-10-06,5.0,0,,0.0,42.1
20261006_050540,2026-10-06T05:27:18.716556+00:00,aliexpress,COOLER,3256809408749984,Thermalright CORE MATRIX 360 VISION 360MM All-in-one CPU Liquid Cooler 2” 320*240 resolution IPS LCD support LGA 1851 AMD AM5,378.01,110.24,2026-10-06,5.0,0,,0.0,110.24
20261006_050540,2026-10-06T05:27:18.716556+00:00,aliexpress,COOLER,3256809417421584,BARROW Water Cooling kit 240mm 360mm Radiator+17W PWM Pump+Fan+Hose fittings ID10mm + OD13mm Integrated Liquid Heat GCI-T2 CPI-T,689.3,201.02,2026-10-06,4.0,0,,0.0,201.02
20261006_050540,2026-10-06T05:27:18.716556+00:00,aliexpress,COOLER,3256812488947582,LOVINGCOOL SC70-360 ARGB CPU Liquid Cooler 6.67-Inch Naked-Eye 3D Super Large Frameless Curved Screen Combined Fan Water Cooler,573.57,167.27,2026-10-06,4.7,0,,0.0,167.27
20261006_050540,2026-10-06T05:27:18.716556+00:00,aliexpress,COOLER,3256812313152642,Ultra thin 17MM version cold row 120 240 360 purple copper A4 chassis split water cooling heat dissipation,238.01,69.41,2026-10-06,0.0,0,,0.0,69.41
20261006_050540,2026-10-06T05:27:18.716556+00:00,aliexpress,COOLER,3256809077584295,240mm 12 Tube CPU Heat Sink Aluminum PC for Case Water Cooling Radiator Exchange,167.4,48.82,2026-10-06,0.0,0,,0.0,48.82
20261006_050540,2026-10-06T05:27:18.716556+00:00,aliexpress,COOLER,3256810299486828,FREEZEMOD Laser UV Printer Medical Liquid Cooling 120/240/360mm Aluminum Radiator Row for 120 Fan Positions SR-LF240 /SR-LF360,73.72,21.5,2026-10-06,5.0,0,,0.0,21.5
20261006_050540,2026-10-06T05:27:18.716556+00:00,aliexpress,COOLER,3256807271565071,JUMPEAK MX120 240mm Modular Wireless Splicing PC 120mm Case Cooling Fan ARGB Infinite Mirror Effect For Computer Water Cooler,3.74,1.09,2026-10-06,4.8,0,,0.0,1.09
20261006_050540,2026-10-06T05:27:18.716556+00:00,aliexpress,COOLER,3256803416066443,Bykski B-ST-FN/B-ST-2FN/B-ST-3FN Radiator Fan Holder Support for 12cm Fans Compatible with 120 240 360 Radiators PC Cooling Brac,64.6,18.84,2026-10-06,5.0,0,,0.0,18.84
20261006_050540,2026-10-06T05:27:18.716556+00:00,aliexpress,COOLER,3256807616306001,METALFISH BlockCase Aluminum Open Frame Case Support M-ATX/ITX Mainboard GPU Mount Horizontally 240 Liquid Cooler Gaming Cabinet,179.3,52.29,2026-10-06,4.6,0,,0.0,52.29
20261006_050540,2026-10-06T05:27:18.716556+00:00,aliexpress,COOLER,3256804980479968,Bykski 40mm Thick 120/240/360/480mm Copper Single Row of Radiator Computer Water Cooling Liquid Heat Exchanger Use for 12cm Fans,191.85,55.95,2026-10-06,4.9,0,,0.0,55.95
20261006_050540,2026-10-06T05:27:18.716556+00:00,aliexpress,COOLER,3256808904556521,"Water-cooled hanger, support 360mm 280mm 240mm cold row XTIA expansion kit",103.32,30.13,2026-10-06,5.0,0,,0.0,30.13
20261006_050540,2026-10-06T05:27:18.716556+00:00,aliexpress,COOLER,3256809363283917,"X-GAMERX MK8 Air-Cooled CPU Cooler with 6 Copper Tubes and 2 Fans, 2.8-Inch LCD Screen, DIY Customization",295.51,86.18,2026-10-06,0.0,0,,0.0,86.18
20261006_050540,2026-10-06T05:27:22.789118+00:00,aliexpress,COOLER,3256809571071395,Power Train X-GAMERX MK6 Radiator 6 Heat Pipe ARGB CPU Cooler Intel LGA1851 1700 1200 115X AM5 AM4 Computer Tower Air Cooling,159.76,46.59,2026-10-06,5.0,0,,0.0,46.59
20261006_050540,2026-10-06T05:27:22.789118+00:00,aliexpress,COOLER,3256811702309080,Jonsbo TX-360 Screen Display Integrated Water Cooling 360mm Radiator ARGB AIO Water Cooler Intel LGA1200 115X 1700 1851 AM5 AM4,409.59,119.45,2026-10-06,0.0,0,,0.0,119.45
20261006_050540,2026-10-06T05:27:22.789118+00:00,aliexpress,COOLER,3256809427816660,JONSBO TF3-360SC Integrated CPU water cooler Screen Display ARGB Fan 360 Water-cooled Radiator For LGA1700 1200 115X 2011 AM5,522.68,152.43,2026-10-06,0.0,0,,0.0,152.43
20261006_050540,2026-10-06T05:27:22.789118+00:00,aliexpress,COOLER,3256803753336659,Noctua NH-D9-3647 4U Low Noise CPU Cooling Intel LGA3647 Dual NF-A9 PWM Pre-Applied NT-H1 Thermal Grease 6 Years Warranty,426.67,124.43,2026-10-06,5.0,0,,0.0,124.43
20261006_050540,2026-10-06T05:27:22.789118+00:00,aliexpress,COOLER,2255800505939465,"PC Water Cooling Aluminum Radiator Multi-Channels, 60mm 80mm 90mm 120mm 240mm 360mm 480mm For Computer LED Beauty Apparatus",4.83,1.41,2026-10-06,4.6,0,,0.0,1.41
20261006_050540,2026-10-06T05:27:22.789118+00:00,aliexpress,COOLER,3256812710753249,4 Heatpipes CPU Air Cooler ARGB PC Processor Silent Cooling Fan for Intel LGA 1366 115X 1700 2011 AMD AM5 AM4 AM3 Ventilador,54.52,15.9,2026-10-06,4.5,0,,0.0,15.9
20261006_050540,2026-10-06T05:27:22.789118+00:00,aliexpress,COOLER,3256805707527396,Thermalright AQUA ELITE 360 ARGB CPU Liquid Cooler 5V 3PIN CPU Fan Integrated Water Cooling Radiator For LGA1700 115x AM5,193.12,56.32,2026-10-06,5.0,0,,0.0,56.32
20261006_050540,2026-10-06T05:27:22.789118+00:00,aliexpress,COOLER,2251832512557544,Aluminum PC Laptop CPU Radiator 40 80 120 160 200 240 250mm Water Cooling Block For Liquid Cooler Match Refrigeration,3.74,1.09,2026-10-06,5.0,0,,0.0,1.09
20261006_050540,2026-10-06T05:27:22.789118+00:00,aliexpress,COOLER,3256810183420880,Granzon GZGPU-M240N Pump + Bridge Moudle + 240mm Radiator + 120mm Fan+fittings+Hose Tube+Fittings Combo Computer Water Cooling,875.05,255.19,2026-10-06,0.0,0,,0.0,255.19
20261006_050540,2026-10-06T05:27:22.789118+00:00,aliexpress,COOLER,3256812517642085,Ultra-thin NAS All-in-One Cooler 1150 Socket Side Air Outlet Heat Pipe Dual Ball Bearing CPU Heatsink Compatible i7-1700 i5-1200,65.12,18.99,2026-10-06,0.0,0,,0.0,18.99
20261006_050540,2026-10-06T05:27:22.789118+00:00,aliexpress,COOLER,3256806177028133,METALFISH CPU Cooler PC White Radiator 4PIN PWM Silent ARGB Fan For Intel 1700 1200 1150 1155 1156 1366 2011 AM5 AM4 AM3 x99 x79,68.31,19.92,2026-10-06,4.8,0,,0.0,19.92
20261006_050540,2026-10-06T05:27:22.789118+00:00,aliexpress,COOLER,3256806590999460,Jonsbo TF2-360SC Integrated Water-cooled Radiator ARGB IPS LCD Screen CPU All in one AIO CPU Liquid Cooling Intel 1700 115X AM5,632.82,184.55,2026-10-06,0.0,0,,0.0,184.55
20261006_050540,2026-10-06T05:27:22.789118+00:00,aliexpress,COOLER,3256812271246159,Ruix GT-820 CPU Air Cooler 8 Heat Pipe Double Towers Double PWM Fans 240W TDP AMD AMD4 AMD5 LGA115X/1700/1200/1851 Gaming,194.94,56.85,2026-10-06,4.7,0,,0.0,56.85
20261006_050540,2026-10-06T05:27:22.789118+00:00,aliexpress,COOLER,3256812612065372,"PC Cabinet 240/360 Uni Fan for AIO Watercooler, One-piece Design Watercooling Radiator Companion, Blades Forward/Reverse",53.22,15.52,2026-10-06,0.0,0,,0.0,15.52
20261006_050540,2026-10-06T05:27:22.789118+00:00,aliexpress,COOLER,3256811437976213,Thermalright TROFEO VISION 360 ARGB BLACK AIO CPU LIQUID COOLER 6.86-inch Full-color LCD Display High-performance Linked-ring,538.83,157.14,2026-10-06,4.9,0,,0.0,157.14
20261006_050540,2026-10-06T05:27:22.789118+00:00,aliexpress,COOLER,3256812724051181,Antec P360 All-in-One CPU Liquid Cooler ARGB PWM Fan Water Cooling Heatsink Support LGA1700 LGA115x AMD Gaming PC Radiator,337.45,98.41,2026-10-06,4.9,0,,0.0,98.41
20261006_050540,2026-10-06T05:27:22.789118+00:00,aliexpress,COOLER,3256807290421942,TEUCER NA-360 PC Water Cooling Radiator X99 Motherboard CPU Liquid Cooling Cooler for Intel LGA 2011 1700 1200 1155 AMD AM4 AM5,224.09,65.35,2026-10-06,4.9,0,,0.0,65.35
20261006_050540,2026-10-06T05:27:22.789118+00:00,aliexpress,COOLER,3256809857800028,Flexible 5V Addressable ARGB Neon Tube Light with Cover Sleeve for Gaming PC AIO 120 240 360 CPU Water Liquid Cooler Retrofit,43.24,12.61,2026-10-06,4.9,0,,0.0,12.61
20261006_050540,2026-10-06T05:27:22.789118+00:00,aliexpress,COOLER,3256808592190423,Power Train DL-240A Water-Cold Water Cooling Radiator White/Black ARGB All -In -One  5V 3PIN ARGB Fan CPU Liquid Cooler,168.6,49.17,2026-10-06,4.7,0,,0.0,49.17
20261006_050540,2026-10-06T05:27:22.789118+00:00,aliexpress,COOLER,3256808493803512,JUMPEAK CS120 ARGB Cooling Fan 360mm 240mm Modular Stackable Splicing PWM Silent 120mm RGB Fans For Gaming PC Case Water Cooler,26.71,7.79,2026-10-06,4.9,0,,0.0,7.79
20261006_050540,2026-10-06T05:27:22.789118+00:00,aliexpress,COOLER,3256811555480454,Thermalright AXP-90 X47/AXP-90 X47 BLACK/AXP-90 X47 FULL CPU Air Cooler HTCP/Low Profile CPU Cooler Premium Pure Copper Fins,136.99,39.95,2026-10-06,4.8,0,,0.0,39.95
20261006_050540,2026-10-06T05:27:22.789118+00:00,aliexpress,COOLER,3256809612046542,TEUCER 4.5cm Low Profile CPU Air Cooler High Performance 6 Heat Pipes for Intel LGA 1700 115X/AM4 AM5 ITX Gaming CPU Radiator,96.77,28.22,2026-10-06,5.0,0,,0.0,28.22
20261006_050540,2026-10-06T05:27:22.789118+00:00,aliexpress,COOLER,3256810181711163,Thermalright SI-100 BLACKE&WHITE ARGB Down-Pressure CPU Air Cooler HTCP/Low Profile CPU Cooler,197.89,57.71,2026-10-06,0.0,0,,0.0,57.71
20261006_050540,2026-10-06T05:27:22.789118+00:00,aliexpress,COOLER,3256809402531310,Jonsbo TF3-360SC Integrated  Water-cooled Radiator Screen Display ARGB AIO CPU Liquid Cooling LGA115X 1200 2011 1700 1851 AM4AM5,476.91,139.08,2026-10-06,0.0,0,,0.0,139.08
20261006_050540,2026-10-06T05:27:22.789118+00:00,aliexpress,COOLER,3256803075720443,Granzon Water Cooling Kit for AIO CPU GPU Block with Pump 120mm Fan 240mm 360mm Radiator PC System G1/4'' Fitting Hose Tube,1134.14,330.75,2026-10-06,5.0,0,,0.0,330.75
20261006_050540,2026-10-06T05:27:22.789118+00:00,aliexpress,COOLER,3256805608961834,"Aluminum CPU Radiator Cooler 30 40 80 120 160 200 240 250 300mm Processor PC Laptop Heat Sink,CPU GPU Water Cooling Block",11.62,3.39,2026-10-06,4.9,0,https://www.aliexpress.com/ssr/300000512/BundleDeals2?productIds=1005005795276586:12000034388061754&pha_manifest=ssr&_immersiveMode=true&disableNav=YES&sourceName=SEARCHProduct,0.0,3.39
20261006_050540,2026-10-06T05:27:22.789118+00:00,aliexpress,COOLER,3256807394084947,Thermalright AQUA ELITE 360 White ARGB CPU Liquid Cooler 5V 3PIN CPU Fan Integrated Water Cooling Radiator For LGA1700 115x AM5,445.84,130.02,2026-10-06,0.0,0,,0.0,130.02
20261006_050540,2026-10-06T05:27:22.789118+00:00,aliexpress,COOLER,3256802964834395,240mm 10/18 Tube Computer Water Cooling Radiator G1/4 Female Thread Heat Dissipation for Computer PC CPU Water Cool System,53.6,15.63,2026-10-06,5.0,0,,0.0,15.63
20261006_050540,2026-10-06T05:27:22.789118+00:00,aliexpress,COOLER,3256808837080109,PC Case Water Cooling Computer 4PIN CPU Cooler ARGB Water Cooler Heatsink Integrated  LGA 1700/115X/2011/2066/AM3+/AM4/AMD,325.51,94.93,2026-10-06,2.0,0,,0.0,94.93
20261006_050540,2026-10-06T05:27:22.789118+00:00,aliexpress,COOLER,3256807424055625,ID-COOLING IS-55 CPU Cooler 5 HeatPipes ARGB Air Cooling Radiator Down Pressure Low Profile Cooler for LGA1200/1700/115X AM4 AM5,139.7,40.74,2026-10-06,5.0,0,,0.0,40.74
20261006_050540,2026-10-06T05:27:22.789118+00:00,aliexpress,COOLER,3256807349687264,Thermalright FROZEN WARFRAME 360 WHITE 5V 3PIN ARGB All -In -One Water -Cold Radiator 2.4 -Inch LCD Display Customized Screen,702.67,204.92,2026-10-06,0.0,0,,0.0,204.92
20261006_050540,2026-10-06T05:27:22.789118+00:00,aliexpress,COOLER,3256810612508065,ICE Whale WZ-120/240/360 PC Case Fan ARGB Motherboard Sync Combination Structure Cold Exhaust Cooling Fan Ventilador,7.61,2.22,2026-10-06,4.9,0,,0.0,2.22
20261006_050540,2026-10-06T05:27:22.789118+00:00,aliexpress,COOLER,3256804127876113,Barrow External Radiator Watercooling Dock ITX Case Supports Dual 240 360mm Radiator+DDC Pump Reservoir+FAN+Soft tube Fitting,513.56,149.77,2026-10-06,5.0,0,,0.0,149.77
20261006_050540,2026-10-06T05:27:22.789118+00:00,aliexpress,COOLER,3256808536395805,TEUCER UT Series Tiny Titan Air Cooling Radiator Cooler Low Noise Avoid Memory CPU Fan for AM4 AM5 LGA 2011 1200 1700 X99,132.57,38.66,2026-10-06,4.9,0,,0.0,38.66
20261006_050540,2026-10-06T05:27:22.789118+00:00,aliexpress,COOLER,3256812512162886,Power Train MK1 CPU Air Cooling Radiator ARGB Digital Display Screen Tower CPU Cooler Supports LGA1851 1700 115X 1200 AM5 AM4,92.86,27.08,2026-10-06,5.0,0,,0.0,27.08
20261006_050540,2026-10-06T05:27:22.789118+00:00,aliexpress,COOLER,3256811783890214,ROJI MIKU ROG RYUO IV SLC 360 ARGB CPU Liquid Cooler Naked Eye 3D AMOLED Screen Support LGA1700/1851 AM4 AM5,2400.3,700.0,2026-10-06,0.0,0,,0.0,700.0
20261006_050540,2026-10-06T05:27:22.789118+00:00,aliexpress,COOLER,3256810079228680,LOVINGCOOL Coherent LG-120/240/360 ARGB Digital Display PC Fan Computer Case Siamese Building Block Fan Integration Abyss Mirror,68.48,19.97,2026-10-06,4.6,0,,0.0,19.97
20261006_050540,2026-10-06T05:27:22.789118+00:00,aliexpress,COOLER,3256809311761549,Thermalright ROYAL PRETOR 130 ULTRA 7 Heat Pipe AGHP GEN4.0 Inverse Gravity Heat Pipe CPU Air Cooler supports LGA1851/1700 AM5/4,319.24,93.1,2026-10-06,4.9,0,,0.0,93.1
20261006_050540,2026-10-06T05:27:22.789118+00:00,aliexpress,COOLER,3256807908706463,"Thermalright TL-AX120 R DIGITAL CPU Air Cooling Radiator,AGHP4.0/4 heat pipes/Support LGA1851/1700/115X/1200/AM5/AM4",141.82,41.36,2026-10-06,4.7,0,,0.0,41.36
20261006_050540,2026-10-06T05:27:22.789118+00:00,aliexpress,COOLER,3256806107262580,QiuzAim Efficient Copper Core Radiator Processor PC Cooler X79 X99 CPU Fan 4Pin/PWM Cooler Air-Cooling Installation LGA2011 2066,37.07,10.81,2026-10-06,4.7,0,,0.0,10.81
20261006_050540,2026-10-06T05:27:22.789118+00:00,aliexpress,COOLER,3256804580696201,COOLSERVER P11 1U 3 Heat Pipes CPU Cooler SP3-TR4 Desktop Computer Server Radiator For AMD SP3 Platform,114.97,33.53,2026-10-06,5.0,0,,0.0,33.53
20261006_050540,2026-10-06T05:27:22.789118+00:00,aliexpress,COOLER,3256807565435456,Thermalright CORE VISION 360 WHITE ARGB 2.1 -inch LCD display screen  All -in -one water cold radiator Support LGA1700/115X/AM5,380.62,111.0,2026-10-06,4.0,0,,0.0,111.0
20261006_050540,2026-10-06T05:27:22.789118+00:00,aliexpress,COOLER,3256812319782683,BAJEAL P2 Blue Light CPU Fan Computer Cooler Multi-Platform Compatible AMD Intel CPU Cooler,27.84,8.12,2026-10-06,1.0,0,,0.0,8.12
20261006_050540,2026-10-06T05:27:22.789118+00:00,aliexpress,COOLER,3256806910082883,SysCooling 120/240/360MM Copper Water Cooling Radiator Heatsink 27MM Thickness Suitable For 120mm Fans Black Water Cooler,165.28,48.2,2026-10-06,3.4,0,,0.0,48.2
20261006_050540,2026-10-06T05:27:26.798918+00:00,aliexpress,COOLER,3256810467209452,CPU Air Cooler 4PIN PWM 6 Heat Pipe PC Processor Radiator for LGA1700 1200 1150 1151 1155 1156 2011 X99 AMD AM4 AM5 Ventilador,97.35,28.39,2026-10-06,4.9,0,https://www.aliexpress.com/ssr/300000512/BundleDeals2?productIds=1005010653524204:12000053087898313&pha_manifest=ssr&_immersiveMode=true&disableNav=YES&sourceName=SEARCHProduct,0.0,28.39
20261006_050540,2026-10-06T05:27:26.798918+00:00,aliexpress,COOLER,3256808368322895,DEEPCOOL AG400 4 Heat Pipe CPU Air-Cooled Cooler 12cm Fan 4Pin PWM TDP 220W CPU Heat Sink For LGA1851 1700 AMD AM4 AM5,102.22,29.81,2026-10-06,4.9,0,,0.0,29.81
20261006_050540,2026-10-06T05:27:26.798918+00:00,aliexpress,COOLER,3256806853316592,JONSBO CR-1400 EVO ARGB CPU Cooling Fan 4 Heat Pipe Cooler PWM Processador Air Cooler For intel LGA1700 1200 115X AMD AM4 AM5,91.38,26.65,2026-10-06,4.9,0,,0.0,26.65
20261006_050540,2026-10-06T05:27:26.798918+00:00,aliexpress,COOLER,3256808784602217,JONSBO CR-1400 4 Heat Pipes ARGB Tower CPU Cooler 5V 3Pin PWM Fan for Intel & AMD High-Performance Silent Gaming PC Cooling,78.52,22.9,2026-10-06,5.0,0,,0.0,22.9
20261006_050540,2026-10-06T05:27:26.798918+00:00,aliexpress,COOLER,3256812228162392,2/4/6 Heat Pipes CPU Air Cooler Tower PC Radiator for Intel LGA 775 2011 1700 1150 1151 1366 1155 1156 X79 1200 X99 Ventilador,25.27,7.37,2026-10-06,4.4,0,https://www.aliexpress.com/ssr/300000512/BundleDeals2?productIds=1005012414477144:12000058313231592&pha_manifest=ssr&_immersiveMode=true&disableNav=YES&sourceName=SEARCHProduct,0.0,7.37
20261006_050540,2026-10-06T05:27:26.798918+00:00,aliexpress,COOLER,3256813115825099,4 Heatpipes X99 CPU Air Cooler Silent PC Radiator For Intel LGA 1366 1155 1150 1151 1156 1200 1700 2011 X79 AMD AM4 AM5,44.13,12.87,2026-10-06,0.0,0,,0.0,12.87
20261006_050540,2026-10-06T05:27:26.798918+00:00,aliexpress,COOLER,3256812113802169,X99 CPU Cooler 4Heat Pipes PC Radiator 4PIN PWM Silent Cooling Fan For Intel 2011/1700/1150/1155/1156/1366/1200/AM2/AM3/AM4/AMD,45.81,13.36,2026-10-06,5.0,0,,0.0,13.36
20261006_050540,2026-10-06T05:27:26.798918+00:00,aliexpress,COOLER,3256810143325864,80MM MINI CPU Air Cooler Tower Slim CPU Fan PC Radiator for Intel LGA 1155 1156 1150 1151 1366 1700 1200 Quiet Cooling Fan,6.86,2.0,2026-10-06,4.8,0,,0.0,2.0
20261006_050540,2026-10-06T05:27:26.798918+00:00,aliexpress,COOLER,3256811891555669,NEW AMD Wraith Cooler RGB Support AMD Motherboard Support AMD R3 R5 R7 R9 CPU Cooler Fan,70.98,20.7,2026-10-06,5.0,0,,0.0,20.7
20261006_050540,2026-10-06T05:27:26.798918+00:00,aliexpress,COOLER,3256807290155247,AMD Ryzen Wraith Cooler Wraith Stealth Fan Original New 4 PIN Can support R3 R5 CPU Can support AM4 Motherboard,31.99,9.33,2026-10-06,4.9,0,https://www.aliexpress.com/ssr/300000512/BundleDeals2?productIds=1005007476469999:12000040910419636&pha_manifest=ssr&_immersiveMode=true&disableNav=YES&sourceName=SEARCHProduct,0.0,9.33
20261006_050540,2026-10-06T05:27:26.798918+00:00,aliexpress,COOLER,3256811557491566,CPU Air Cooler 6Heatpipes PC Processor Ventilador for Intel LGA 1700 2011 1200 1366 115X X79 X99 AMD AM3 AM5 AM4 Cooler,51.06,14.89,2026-10-06,4.9,0,,0.0,14.89
20261006_050540,2026-10-06T05:27:26.798918+00:00,aliexpress,COOLER,3256808326238512,TEUCER UT45 Series CPU Cooler 45mm ITX Case Air Cooling Radiator with UT12015 FDB Fan for AM5 AM4 and LGA1700 1200 2011 for X99,68.13,19.87,2026-10-06,4.6,0,,0.0,19.87
20261006_050540,2026-10-06T05:27:26.798918+00:00,aliexpress,COOLER,3256813068732674,2 Heatpipes CPU Cooler 90mm ARGB PWM Fan X99 PC Air Cooler for Intel LGA 1150 1151 1155 1156 1200 1700 2011 1851,23.39,6.82,2026-10-06,0.0,0,,0.0,6.82
20261006_050540,2026-10-06T05:27:26.798918+00:00,aliexpress,COOLER,3256812997250772,ALSEYE W90 CPU Cooler PWM 4 Pin Fan 90 mm ARGB Lighting Precise Temperature Display Cooler Cpu Support Intel LGA 1700/115X/AMD,118.33,34.51,2026-10-06,0.0,0,,0.0,34.51
20261006_050540,2026-10-06T05:27:26.798918+00:00,aliexpress,COOLER,3256811357346650,UPSIREN ITX90V4 X38 4-Heatpipe Down-draft Ultra-thin 37mm CPU Air Cooler High-performance heat pipe support LGA1851/1700 AMD AM5,56.78,16.56,2026-10-06,5.0,0,,0.0,16.56
20261006_050540,2026-10-06T05:27:26.798918+00:00,aliexpress,COOLER,3256805251900363,CPU Cooler 120MM 4 Heatpipes PC Radiator PWM 4PIN for Intel LGA 1366 1155 1150 1151 1200 1700 2011 X79 X99 AM4 Black Cooling Fan,64.98,18.95,2026-10-06,5.0,0,,0.0,18.95
20261006_050540,2026-10-06T05:27:26.798918+00:00,aliexpress,COOLER,3256806956102400,New CPU Cooling Fan for Blackmagic Design DeckLink Studio 2 PCI-E Card- BMDPCB95 4008M12B NF1 12V 4CM cooling fan MW-410H12B,57.02,16.63,2026-10-06,5.0,0,,0.0,16.63
20261006_050540,2026-10-06T05:27:26.798918+00:00,aliexpress,COOLER,2251832775294439,cpu cooling fan Cooler FOR HP TOUCHSMART 520 PC 520-1030 KUC1012D AJ03 12V 0.75A 1323-00D40H2 KUC1012D-AJ03 DFS802412PS0T FBC5,103.35,30.14,2026-10-06,0.0,0,,0.0,30.14
20261006_050540,2026-10-06T05:27:26.798918+00:00,aliexpress,COOLER,3256806980914554,Jonsbo CR-1000 V2 PRO ARGB CPU Cooler 6 Heat Pipe Radiator PWM 120mm Cooling Fan PC Heatsink Intel LGA1700 1200 115X AM5 AM4,120.39,35.11,2026-10-06,5.0,0,,0.0,35.11
20261006_050540,2026-10-06T05:27:26.798918+00:00,aliexpress,COOLER,3256806737446362,4PCS NEW FAN FOR SUNON 2010 20MM 2cm 20x20x10mm mini laptop Cooling fan MC20100V3-Q04C-GA9 5V 0.24W RPM 5108,40.77,11.89,2026-10-06,5.0,0,,0.0,11.89
20261006_050540,2026-10-06T05:27:26.798918+00:00,aliexpress,COOLER,3256806030547044,ARSYLID 19mm Ultra Slim CPU Radiator Pure Copper Base Fin Ultra-thin Heat Dissipation Cooling Fan LGA1700 LGA1200 115x,68.65,20.02,2026-10-06,4.9,0,,0.0,20.02
20261006_050540,2026-10-06T05:27:26.798918+00:00,aliexpress,COOLER,3256807953830437,Laptop CPU Fan For MD9005HS BF09005H05FP OVC900505SA DC5V 0.4A With Flat plug/With Flat 1.0 plug New,89.67,26.15,2026-10-06,5.0,0,,0.0,26.15
20261006_050540,2026-10-06T05:27:26.798918+00:00,aliexpress,COOLER,3256812268631236,"Thermalright ASSASSIN CLASSIC-6 SE CPU air-cooled heat sink,AGHP GEN 5.0/6heat pipes/Support LGA1851/1700/115X/1200/AM5/AM4",115.01,33.54,2026-10-06,0.0,0,,0.0,33.54
20261006_050540,2026-10-06T05:27:26.798918+00:00,aliexpress,COOLER,3256812854303437,METALFISH DH370 Low Profile CPU Cooler 37MM Ultra-Slim for 1700/1200/115x/AM5 AM4 Mini ITX Compact Platform,80.17,23.38,2026-10-06,5.0,0,,0.0,23.38
20261006_050540,2026-10-06T05:27:26.798918+00:00,aliexpress,COOLER,3256811357545975,"UPSIREN ITX90 V6 X45chassis air-cooled radiator,6 heat pipes down-pressure radiator,supports LGA1851/1700/115X/2011/2066/AM5/AM4",66.32,19.34,2026-10-06,4.9,0,,0.0,19.34
20261006_050540,2026-10-06T05:27:26.798918+00:00,aliexpress,COOLER,3256810357307672,6 Heatpipes X99 RGB CPU Cooler AM4 PC Processor Radiator For Intel LGA 1150 1151 1156 1366 1200 1700 2011 AM2 AM3 AM5 Ventilador,55.04,16.05,2026-10-06,0.0,0,,0.0,16.05
20261006_050540,2026-10-06T05:27:26.798918+00:00,aliexpress,COOLER,3256806959706846,80MM CPU Air Cooler 4PIN PWM TDP 90W PC CPU Fan for Intel 1150/1151/1155/1156/1700/1200/1366 Ventilador,57.74,16.84,2026-10-06,4.5,0,,0.0,16.84
20261006_050540,2026-10-06T05:27:26.798918+00:00,aliexpress,COOLER,3256809050437619,COOLLEO B40S DIG V2 4 Heat Pipes CPU Cooler Intelligent Temperature Display Radiator Air Cooler For LGA1700 115X AMD AM4 AM5,95.67,27.9,2026-10-06,0.0,0,,0.0,27.9
20261006_050540,2026-10-06T05:27:26.798918+00:00,aliexpress,COOLER,3256804130336168,Thermalright AXP120-X67 Low Profile CPU Air Cooler with 120mm PWM Fan 6 Heat Pipe for AMD AM4 Intel LGA 1700 115X 1200 2011 2066,243.25,70.94,2026-10-06,0.0,0,,0.0,70.94
20261006_050540,2026-10-06T05:27:26.798918+00:00,aliexpress,COOLER,3256804878970261,"Freeship for EPYC SP3-TR4 TRx4 sWRX8 4U 2U CPU Heatsink Fan with 5 copper tube(Up to 220W),6 tube (Up to 280W)",128.24,37.4,2026-10-06,5.0,0,,0.0,37.4
20261006_050540,2026-10-06T05:27:26.798918+00:00,aliexpress,COOLER,3256810467080772,ID-COOLING IS-77-XT 77mm Height 6 Heat Pipes CPU Cooler 120mm Fan 47.5CFM 3000RPM For Intel LGA1851/1700/1200/115X AMD AM5/AM4,152.45,44.46,2026-10-06,4.9,0,,0.0,44.46
20261006_050540,2026-10-06T05:27:26.798918+00:00,aliexpress,COOLER,3256806663089826,Thermalright Peerless AssassIin 120 Mini Computer chassis radiator 6 Thermal pipe double tower Support LGA1700/115X/AM5/AM4,198.64,57.93,2026-10-06,4.8,0,,0.0,57.93
20261006_050540,2026-10-06T05:27:26.798918+00:00,aliexpress,COOLER,3256813034776397,Aluminum Heat Exchanger Radiator for DIY Liquid Cooling System Computer Water Cooling 10 Tube G1/4 Black,62.06,18.1,2026-10-06,0.0,0,,0.0,18.1
20261006_050540,2026-10-06T05:27:26.798918+00:00,aliexpress,COOLER,3256810626075506,QiuzAim CPU Processor Cooler 120mm Fan Air-cooling 4/6 Heat Pipe PWM Installing LGA1200 115x 1700 1851 2011 2066 X79 X99 AM4 AM5,84.42,24.62,2026-10-06,5.0,0,,0.0,24.62
20261006_050540,2026-10-06T05:27:26.798918+00:00,aliexpress,COOLER,3256807802603850,Thermalright TL-AX120 R SE LGA2011 148mm CPU Air Cooler 4x6mm AGHP4.0 Nickel plated heat pipe Only for INTEL LGA2011/2066,110.96,32.36,2026-10-06,4.7,0,,0.0,32.36
20261006_050540,2026-10-06T05:27:26.798918+00:00,aliexpress,COOLER,3256806885328567,XUANFENG 2/4 Heat Pipe Cooling 90mm 4pin/PWM CPU Fan Air-cooled Cooler Compatible LGA2011 2066 X79 X99 115x 1200 1700 I3 I5 AM4,28.56,8.33,2026-10-06,5.0,0,,0.0,8.33
20261006_050540,2026-10-06T05:27:26.798918+00:00,aliexpress,COOLER,2255801019586034,BAPB0505R5H Y001 BAPB0605R5H Y004 GPU CPU fan for LENOVO 2019 Small new air 14 Sharp dragon edition IdeaPad FLEX14 API,63.54,18.53,2026-10-06,0.0,0,,0.0,18.53
20261006_050540,2026-10-06T05:27:26.798918+00:00,aliexpress,COOLER,2251832786953557,New CPU Cooler Fan For Samsung XE700 XE700T1A XE700T1A-A06US XE700T1A-A05US BA31-00118A KDB0505HA -BD1J,67.86,19.79,2026-10-06,4.7,0,,0.0,19.79
20261006_050540,2026-10-06T05:27:26.798918+00:00,aliexpress,COOLER,3256806874937707,Efficient PC Cooling Fan 2/4/6 Heat Pipe CPU Cooler Processor Installing LGA775 115x 1200 1700 1366 1356 I3 I5 I7 PWM Air-cooled,22.19,6.47,2026-10-06,4.8,0,,0.0,6.47
20261006_050540,2026-10-06T05:27:26.798918+00:00,aliexpress,COOLER,3256806780085504,DEEPCOOL AG400 4 Heat pipes Dual Fan CPU Air-Cooling Radiator 2000RPM Desktop Cooling Fan For Intel LGA1700 1200 115X AMD AM4,107.81,31.44,2026-10-06,4.9,0,,0.0,31.44
20261006_050540,2026-10-06T05:27:26.798918+00:00,aliexpress,COOLER,2251832645851494,Original CPU fan for DELL Latitude 14 Ruggedized (5404 5414)  DFS180005000T FGBF 5V 0.5A 9.6CFM CT3GT 0CT3GT 13NJ-1GP1601,82.23,23.98,2026-10-06,0.0,0,,0.0,23.98
20261006_050540,2026-10-06T05:27:26.798918+00:00,aliexpress,COOLER,3256812510047715,Power Train DL400T PRO V2 4 Heat pipe CPU Cooler Colorful Fan Air Cooling Heatsink For LGA1700 1200 115X 1851 AM5 Gaming PC Case,125.43,36.58,2026-10-06,0.0,0,,0.0,36.58
20261006_050540,2026-10-06T05:27:26.798918+00:00,aliexpress,COOLER,3256808174139861,New BATA0613R5H-006 EF50050V1-C181-S99 DC5V 0.3A Fan For Dell Latitude E5430 CPU Cooler Cooling Fan,60.35,17.6,2026-10-06,0.0,0,,0.0,17.6
20261006_050540,2026-10-06T05:27:26.798918+00:00,aliexpress,COOLER,3256810596992809,"QUIETAI C904-x38 ITX CPU Cooler 4 Heatpipes Low prdfile CPU Cooling,AMD/Intel/x99/LGA1700/1851/115X",90.22,26.31,2026-10-06,5.0,0,,0.0,26.31
20261006_050540,2026-10-06T05:27:26.798918+00:00,aliexpress,COOLER,3256804416487065,ID-Cooling IS-30 Black Low Profile 30mm Height Super Slim CPU Radiator LGA1700 1200 AM4 AM5 4 Heatpipe Cooling Fan A4 Chassis,78.73,22.96,2026-10-06,4.8,0,,0.0,22.96
20261006_050540,2026-10-06T05:27:26.798918+00:00,aliexpress,COOLER,3256810317324798,Thermalright Peerless Assassin 140 SE Air-cooled CPU Cooler 6*6MM Nickel plating Heat Pipe AGHP Gen 4.0 support LGA1851/1700 AM5,141.41,41.24,2026-10-06,5.0,0,,0.0,41.24
20261006_050540,2026-10-06T05:27:26.798918+00:00,aliexpress,COOLER,3256806824298408,Thermalright Peerless Assassin 120 SE 6 Heat Pipes AGHP 120mm CPU Cooler Twin Towers Fan pa120se for AM4 AM5 Intel1700/115X/1851,186.98,54.53,2026-10-06,4.9,0,,0.0,54.53
20261006_050540,2026-10-06T05:27:26.798918+00:00,aliexpress,COOLER,3256810315119256,JONSBO CB80 Snow Series Twin Tower Radiator 6 Heat Pipes 12CM PWM Fan 5V ARGB Light Effect Tower CPU Air Cooling Radiator Black,122.0,35.58,2026-10-06,5.0,0,,0.0,35.58
20261006_050540,2026-10-06T05:27:26.798918+00:00,aliexpress,COOLER,3256808505167033,LGA4189 2U Active CPU Cooler With 5 Copper Heatpipes 6025MM PWM Double Ball Fan TDP Up to 300W For Intel 4189 Platform,132.02,38.5,2026-10-06,0.0,0,,0.0,38.5
20261006_050540,2026-10-06T05:27:26.798918+00:00,aliexpress,COOLER,3256809110785271,CPU Air-cooled Cooler PC Radiator Ventilador for Intel LGA 1151 1150 1155 1156 1700 1366 1200 X79 X99 2011 AMD AM3 AM4 AM5 AM2,3.74,1.09,2026-10-06,4.5,0,,0.0,1.09
20261006_050540,2026-10-06T05:27:26.798918+00:00,aliexpress,COOLER,3256808620586056,Noctua NH-L9a-AM5 92mm Fan AM5/AMD Platform CPU Cooler 37mm Height NH-L9a-AM5 Tower Radiator 6 Years Warranty,229.88,67.04,2026-10-06,4.9,0,,0.0,67.04
20261006_050540,2026-10-06T05:27:26.798918+00:00,aliexpress,COOLER,3256812324347899,6 Heatpipes CPU Cooler AM4 Black/White RGB Towers Cooling Fan For Intel LGA 1150 1151 1156 1366 1200 1700 2011 X99 AMD AM3 AM5,61.72,18.0,2026-10-06,5.0,0,,0.0,18.0
20261006_050540,2026-10-06T05:27:26.798918+00:00,aliexpress,COOLER,3256811825615176,90mm Quiet Rainbow RGB Cooling Fan with 2 Heat Pipes Silent RGB Fan CPU Cooling Fan for Intel 1150/1151/1155/1156/1200 AMD AM2,13.3,3.88,2026-10-06,0.0,0,,0.0,3.88
20261006_050540,2026-10-06T05:27:26.798918+00:00,aliexpress,COOLER,3256804817677891,Laptop CPU Cooling Fans For SUNON EFA0301S3-1B00C-AA9 HAIER The refrigerator fan,182.49,53.22,2026-10-06,5.0,0,,0.0,53.22
20261006_050540,2026-10-06T05:27:26.798918+00:00,aliexpress,COOLER,3256807112164060,Deepcool AK7000 Temperature Control Display CPU Cooler 7 Heat Pipes CPU Air Cooler For Intel LGA1851 1700 1200 115X AMD AM5 AM4,285.02,83.12,2026-10-06,4.8,0,,0.0,83.12
20261006_050540,2026-10-06T05:27:26.798918+00:00,aliexpress,COOLER,3256810236066891,PowerTrain Tank DL200T Colorful Tower CPU Cooler with 2 Copper Tubes for Desktop Computer Air Cooling Fan 1700/115X/1200/775/AM5,12.72,3.71,2026-10-06,4.4,0,,0.0,3.71
20261006_050540,2026-10-06T05:27:38.420431+00:00,amazon_usa,CASE,B0FJ2ZBK8J,CORSAIR 3500X RS ARGB Panoramic Mid-Tower PC Case – Black,80.58,23.5,2026-10-06,4.6,607,https://www.amazon.com/CORSAIR-3500X-RS-R-ARGB-Mid-Tower/dp/B0FJ2ZBK8J,0.0,23.5
20261006_050540,2026-10-06T05:27:38.420431+00:00,amazon_usa,CASE,B0F2T66QC9,Lian Li V100-ATX Mid-Tower PC Case-Black-V100RX,75.54,22.03,2026-10-06,4.8,616,https://www.amazon.com/Lian-Li-Mid-Tower-Pre-Installed-Optimized/dp/B0F2T66QC9,0.0,22.03
20261006_050540,2026-10-06T05:27:38.420431+00:00,amazon_usa,CASE,B0D5PHHCK5,"MONTECH XR Panoramic ATX Gaming PC Case, Mid Tower, 3 ARGB PWM Fans, Black",70.4,20.53,2026-10-06,4.7,781,https://www.amazon.com/MONTECH-Panoramic-High-Airflow-Black/dp/B0D5PHHCK5,0.0,20.53
20261006_050540,2026-10-06T05:27:38.420431+00:00,amazon_usa,CASE,B09V8HNWW9,Fractal Design North Charcoal Black Tempered Glass Dark - Genuine Walnut Wood Front - Glass Side Panel - Two 140mm Aspect PWM Fans Included - Type C USB - ATX Airflow Mid Tower PC Gaming Case,124.88,36.42,2026-10-06,4.7,3500,https://www.amazon.com/Fractal-Design-North-Slate-Light/dp/B09V8HNWW9,0.0,36.42
20261006_050540,2026-10-06T05:27:38.420431+00:00,amazon_usa,CASE,B0D4QVMBTP,"DARKROCK EC2 ATX Mid Tower Gaming Computer PC Case, Type-C Ready",55.38,16.15,2026-10-06,4.4,597,https://www.amazon.com/DARKROCK-Black-Tower-Type-C-Ready/dp/B0D4QVMBTP,0.0,16.15
20261006_050540,2026-10-06T05:27:38.420431+00:00,amazon_usa,CASE,B0C3H3QR8Q,"MOROVOL PC Case Pre-Install 4 RGB Fans, ATX Gaming Computer Case with Diamond-Shaped Mesh Front & Tempered Glass Side Panel, USB 3.0 Airflow Mid Tower case,621",50.37,14.69,2026-10-06,4.2,428,https://www.amazon.com/MOROVOL-Pre-Install-Computer-Diamond-Shaped-Tempered/dp/B0C3H3QR8Q,0.0,14.69
20261006_050540,2026-10-06T05:27:38.420431+00:00,amazon_usa,CASE,B09MKNW18F,"MUSETEX ATX PC Case Pre-Install 6 PWM ARGB Fans, Polygonal Mesh Computer Gaming Case, Opening Tempered Glass Side Panel Mid-Tower Case, USB 3.0 x 2, Black, NN8",66.49,19.39,2026-10-06,4.6,1400,https://www.amazon.com/MUSETEX-Mid-Tower-Polygonal-Computer-Tempered/dp/B09MKNW18F,0.0,19.39
20261006_050540,2026-10-06T05:27:38.420431+00:00,amazon_usa,CASE,B0FKZ5FVG1,"MUSETEX ATX PC Case 7 PWM ARGB Fans Pre-Installed, Type-C Mid Tower Computer Case with Full-View Dual Tempered Glass, Gaming PC Case, Black(K2)",90.66,26.44,2026-10-06,4.6,1200,https://www.amazon.com/MUSETEX-Pre-Installed-Computer-Full-View-K2/dp/B0FKZ5FVG1,0.0,26.44
20261006_050540,2026-10-06T05:27:38.420431+00:00,amazon_usa,CASE,B0H5F8GYQF,"MONTECH TG3 Panoramic ATX PC Case, Back-Connect Ready & 4 ARGB Fans, Black",67.38,19.65,2026-10-06,4.7,54,https://www.amazon.com/MONTECH-Panoramic-Back-Connect-Ready-Black/dp/B0H5F8GYQF,0.0,19.65
20261006_050540,2026-10-06T05:27:38.420431+00:00,amazon_usa,CASE,B0G8YXGFF2,"MUSETEX Y6 PC Case, Pre-Installed 4 Non-LED Fans, ATX Mid Tower Case, Computer Case with Type-C, 270° Full View Tempered Glass, Black",59.42,17.33,2026-10-06,4.7,725,https://www.amazon.com/MUSETEX-Y6-Pre-Installed-Computer-Tempered/dp/B0G8YXGFF2,0.0,17.33
20261006_050540,2026-10-06T05:27:38.420431+00:00,amazon_usa,CASE,B0DMPFLHJZ,ASUS A31 ATX Mid-Tower PC Case,65.46,19.09,2026-10-06,4.7,68,https://www.amazon.com/ASUS-A31-Black-Dual-Sided-Connectors/dp/B0DMPFLHJZ,0.0,19.09
20261006_050540,2026-10-06T05:27:38.420431+00:00,amazon_usa,CASE,B0CKX7V2ST,Vetroo Black AL800 Mid Tower ATX Gaming PC Computer Case,55.38,16.15,2026-10-06,4.4,243,https://www.amazon.com/VETROO-AL800-Full-Tower-Computer/dp/B0CKX7V2ST,0.0,16.15
20261006_050540,2026-10-06T05:27:38.420431+00:00,amazon_usa,CASE,B0G8Z1CM77,"MUSETEX Y6 PC Case, Pre-Installed 7 Infinity Mirror PWM ARGB Fans, ATX Mid Tower Computer Case, Gaming PC Case with Type-C, 270° Full View Tempered Glass, Black",90.66,26.44,2026-10-06,4.3,293,https://www.amazon.com/MUSETEX-Y6-Pre-Installed-Infinity-Computer/dp/B0G8Z1CM77,0.0,26.44
20261006_050540,2026-10-06T05:27:38.420431+00:00,amazon_usa,CASE,B0FJ2Y9GK1,CORSAIR 3500X RS ARGB Panoramic Mid-Tower PC Case – White,80.58,23.5,2026-10-06,4.6,607,https://www.amazon.com/CORSAIR-3500X-RS-R-ARGB-Mid-Tower/dp/B0FJ2Y9GK1,0.0,23.5
20261006_050540,2026-10-06T05:27:38.420431+00:00,amazon_usa,CASE,B0D1MM3961,Thermaltake View 270 Plus TG ARGB Black Mid Tower E-ATX Case; 3x120mm ARGB Fans Included; Support Up to 360mm Radiator; Front & Side Dual Tempered Glass Panel; CA-1Y7-00M1WN-01; 3 Year Warranty,69.51,20.27,2026-10-06,4.6,367,https://www.amazon.com/Included-Radiator-Tempered-CA-1Y7-00M1WN-01-Warranty/dp/B0D1MM3961,0.0,20.27
20261006_050540,2026-10-06T05:27:38.420431+00:00,amazon_usa,CASE,B08T1VC921,Fractal Design Pop XL Air RGB Black Tempered Glass Clear Tint,96.7,28.2,2026-10-06,4.7,610,https://www.amazon.com/Fractal-Design-Black-Tempered-Glass/dp/B08T1VC921,0.0,28.2
20261006_050540,2026-10-06T05:27:42.311688+00:00,amazon_usa,CASE,B0FDKZXX93,"MUSETEX ATX PC Case,6 PWM ARGB Fans Pre-Installed,360MM RAD Support,Type-C Gaming PC Case,270° Full View Tempered Glass Mid Tower,Black ATX Computer Case,Y6",80.58,23.5,2026-10-06,4.5,120,,0.0,23.5
20261006_050540,2026-10-06T05:27:42.311688+00:00,amazon_usa,CASE,B0DJPV8XG3,"Lian Li O11 Vision Compact ATX PC Case, Back-Connect, Black (O11VPX)",125.91,36.72,2026-10-06,4.8,492,https://www.amazon.com/Lian-Li-Black-Steel-Tempered-Case-Back-Support-O11VPX/dp/B0DJPV8XG3,0.0,36.72
20261006_050540,2026-10-06T05:27:42.311688+00:00,amazon_usa,CASE,B0D2MK6NML,NZXT H5 Flow - Compact ATX Mid-Tower PC Case - Black,95.7,27.91,2026-10-06,4.7,1200,https://www.amazon.com/NZXT-Flow-2024-Mid-Tower-Management/dp/B0D2MK6NML,0.0,27.91
20261006_050540,2026-10-06T05:27:42.311688+00:00,amazon_usa,CASE,B0F2T9777V,Lian Li V100-ATX Mid-Tower PC Case-White-V100RW,80.58,23.5,2026-10-06,4.8,616,https://www.amazon.com/Lian-Li-Mid-Tower-Pre-Installed-Optimized/dp/B0F2T9777V,0.0,23.5
20261006_050540,2026-10-06T05:27:42.311688+00:00,amazon_usa,CASE,B0H82BXTNY,"Rosewill ATX Mid Tower Gaming Computer PC Case, Tempered Glass, Built-in 4 x 120mm PWM Fans, Front Airflow Mesh, Up to 6 x120mm Fans, 340mm GPU/VGA, 360mm AIO/Radiator, 160mm CPU Cooler - RWGC1",60.42,17.62,2026-10-06,4.6,29,https://www.amazon.com/Rosewill-Computer-Tempered-Airflow-Radiator/dp/B0H82BXTNY,0.0,17.62
20261006_050540,2026-10-06T05:27:42.311688+00:00,amazon_usa,CASE,B0GZYB9ZVB,"Zalman S6 High Airflow ATX Mid-Tower Gaming PC Case, 4 RGB Fans, Black",60.42,17.62,2026-10-06,0.0,0,https://www.amazon.com/Zalman-S6-Airflow-Mid-Tower-Black/dp/B0GZYB9ZVB,0.0,17.62
20261006_050540,2026-10-06T05:27:42.311688+00:00,amazon_usa,CASE,B0D3KTT6KJ,"GAMDIAS ATX Mid Tower Gaming Computer PC Case Tempered Glass, Built-in 4X 120mm ARGB Case Fans, Front Airflow Mesh, Up to 6x120mm Fans, 340mm GPU/VGA, 360mm AIO/Radiator, 160mm CPU Cooler",60.42,17.62,2026-10-06,4.3,354,https://www.amazon.com/GAMDIAS-Computer-Tempered-ARGB-Radiator/dp/B0D3KTT6KJ,0.0,17.62
20261006_050540,2026-10-06T05:27:42.311688+00:00,amazon_usa,CASE,B0DF6RXQTX,Thermaltake Tower 600 Black Mid-Tower ATX Case; 3 Tempered Glass Panels; Hidden-Connector Motherboard Support; Rotational PCI-e Slots; CA-1Z1-00M1WN-00; 3 Year Warranty,171.24,49.94,2026-10-06,4.5,404,https://www.amazon.com/Thermaltake-Hidden-Connector-Motherboard-Rotational-CA-1Z1-00M1WN-00/dp/B0DF6RXQTX,0.0,49.94
20261006_050540,2026-10-06T05:27:42.311688+00:00,amazon_usa,CASE,B0F2T74ZBX,Lian Li Vector V100 ATX Mid-Tower PC Case-Tempered Glass-Black-V100X,60.42,17.62,2026-10-06,4.6,133,https://www.amazon.com/Lian-Li-Mid-Tower-Platform-Optimized/dp/B0F2T74ZBX,0.0,17.62
20261006_050540,2026-10-06T05:27:42.311688+00:00,amazon_usa,CASE,B0G2TCY2JD,"Cooler Master QUBE 540 ATX Mid-Tower PC Case, High Airflow, Tempered Glass",67.11,19.57,2026-10-06,4.4,43,,0.0,19.57
20261006_050540,2026-10-06T05:27:42.311688+00:00,amazon_usa,CASE,B0G2TDJBN9,"Cooler Master QUBE 540 ATX Mid-Tower PC Case, High Airflow, Tempered Glass",79.76,23.26,2026-10-06,4.4,59,,0.0,23.26
20261006_050540,2026-10-06T05:27:42.311688+00:00,amazon_usa,CASE,B0G8YG55VP,"MUSETEX Y6 PC Case, Pre-Installed 7 Infinity Mirror PWM ARGB Fans, ATX Mid Tower Computer Case, Gaming PC Case with Type-C, 270° Full View Tempered Glass, White",90.66,26.44,2026-10-06,4.6,1000,https://www.amazon.com/MUSETEX-Y6-Pre-Installed-Infinity-Computer/dp/B0G8YG55VP,0.0,26.44
20261006_050540,2026-10-06T05:27:42.311688+00:00,amazon_usa,CASE,B0C98RFQXJ,"Montech AIR 903 Series, E-ATX Mid Tower Case, High Airflow, Fans Pre-Installed Gaming case (Air 903 Base Black)",65.49,19.1,2026-10-06,4.7,192,https://www.amazon.com/Montech-Base-Midi-Tower-Tempered-Glass/dp/B0C98RFQXJ,0.0,19.1
20261006_050540,2026-10-06T05:27:42.311688+00:00,amazon_usa,CASE,B0FW4NK23S,"RAIDMAX V217 ATX Mid Tower Mesh Gaming PC Case, High Airflow Front Panel Design, 4X 120mm ARGB Fans Pre-Installed, Tempered Glass Side Panel, Supports 305mm GPU / 240mm Radiator (Black)",60.42,17.62,2026-10-06,4.8,14,https://www.amazon.com/RAIDMAX-Pre-Installed-Tempered-Supports-Radiator/dp/B0FW4NK23S,0.0,17.62
20261006_050540,2026-10-06T05:27:42.311688+00:00,amazon_usa,CASE,B0DJPY63XL,"Lian Li O11 Vision Compact ATX PC Case, Back-Connect, White (O11VPW)",113.33,33.05,2026-10-06,4.6,370,https://www.amazon.com/Lian-Li-O11Vision-White-Steel-Tempered-Support-O11VPW/dp/B0DJPY63XL,0.0,33.05
20261006_050540,2026-10-06T05:27:42.311688+00:00,amazon_usa,CASE,B0F8HK5C8J,"Lian Li O11D Mini V2 Flow ATX PC Case with 5 Non-RGB Reverse Fans, Black",100.71,29.37,2026-10-06,4.6,277,https://www.amazon.com/Lian-Li-Non-RGB-Reverse-Black/dp/B0F8HK5C8J,0.0,29.37
20261006_050540,2026-10-06T05:27:42.311688+00:00,amazon_usa,CASE,B0F6QH92NG,"Zalman RAVN Compact ATX Mid-Tower Gaming PC Case, RGB Lighting Strip, Black",44.3,12.92,2026-10-06,4.5,111,https://www.amazon.com/Zalman-Raven-Mid-Tower-Gaming-Case/dp/B0F6QH92NG,0.0,12.92
20261006_050540,2026-10-06T05:27:42.311688+00:00,amazon_usa,CASE,B0DFWQDRW1,"FOIFKIN F600 PC Case - Pre-Installed 7 PWM ARGB Fan, ATX Mid-Tower Gaming PC Case, 270° Panoramic Glass with Type-C, FOIFKIN (Black, F600)",80.58,23.5,2026-10-06,4.6,779,https://www.amazon.com/FOIFKIN-F600-Case-Pre-Installed-Mid-Tower/dp/B0DFWQDRW1,0.0,23.5
20261006_050540,2026-10-06T05:27:42.311688+00:00,amazon_usa,CASE,B0FMDKDKFS,"Lian Li LANCOOL 217 INF Mid-Tower ATX PC Case, Black (LANCOOL 217INFX)",125.91,36.72,2026-10-06,4.7,89,https://www.amazon.com/Lian-Li-Mid-Tower-Pre-Installed-Optimized/dp/B0FMDKDKFS,0.0,36.72
20261006_050540,2026-10-06T05:27:42.311688+00:00,amazon_usa,CASE,B0H7SJMC6N,"Micro-ATX Mini Tower PC Case,with with Carrying Handle, Mini Size, High-Performance Hardware Compatible, Support 240AIO,Without Fans",65.46,19.09,2026-10-06,3.9,8,,0.0,19.09
20261006_050540,2026-10-06T05:27:42.311688+00:00,amazon_usa,CASE,B09NPJ554B,"anidees AI Raider XL Full Tower Tempered Glass XL-ATX/E-ATX/ATX Gaming Case, Support 12 x 5.25” Drive Bay 480/360 Radiator, AI-RA-XL (PC Case ONLY)",312.18,91.04,2026-10-06,4.3,37,,0.0,91.04
20261006_050540,2026-10-06T05:27:46.218959+00:00,amazon_usa,CASE,B0BN3SY5XW,"LIAN LI LANCOOL 216 RGB Black ATX Mid-Tower Case, 2x160mm ARGB Fans",100.71,29.37,2026-10-06,4.7,987,https://www.amazon.com/Lian-Li-LANCOOL-216-Case-Black/dp/B0BN3SY5XW,0.0,29.37
20261006_050540,2026-10-06T05:27:46.218959+00:00,amazon_usa,CASE,B0DJ1VD4JX,ASUS ProArt PA401 Wood Edition - Tempered Glass Panel ATX Mid-Tower PC Case,120.87,35.25,2026-10-06,4.6,46,https://www.amazon.com/ASUS-PA401-Tempered-Certified-Detachable/dp/B0DJ1VD4JX,0.0,35.25
20261006_050540,2026-10-06T05:27:46.218959+00:00,amazon_usa,CASE,B0F8HKCZ99,"Lian Li O11D Mini V2 Flow ATX PC Case with 5 Non-RGB Reverse Fans, White",100.71,29.37,2026-10-06,4.6,277,https://www.amazon.com/Lian-Li-O11D-Mini-Case-White-O11DMIV2FW/dp/B0F8HKCZ99,0.0,29.37
20261006_050540,2026-10-06T05:27:46.218959+00:00,amazon_usa,CASE,B0GDTNTW84,"H1 HYXN PC Case, Pre-Installed 7 Infinity Mirror PWM ARGB Fans, ATX Mid Tower Computer Case, Gaming PC Case with Type-C, 270° Full View Tempered Glass, 3X 360mm Radiator Support, Black",90.66,26.44,2026-10-06,4.5,293,https://www.amazon.com/HYXN-Pre-Installed-Infinity-Computer-Tempered/dp/B0GDTNTW84,0.0,26.44
20261006_050540,2026-10-06T05:27:46.218959+00:00,amazon_usa,CASE,B09V878FXQ,"Fractal Design North - Genuine Walnut Wood Front - Mesh Side Panels - Two 140mm Aspect PWM Fans Included - Type C USB - ATX Airflow Mid Tower PC Gaming Case,Charcoal Black",124.88,36.42,2026-10-06,4.7,3500,https://www.amazon.com/Fractal-Design-North-Slate-Gray/dp/B09V878FXQ,0.0,36.42
20261006_050540,2026-10-06T05:27:46.218959+00:00,amazon_usa,CASE,B0CQJGG4JT,"darkFlash ATX Mid-Tower PC Case, Pre-Install 4 PWM ARGB Fans Computer Case, Full View Dual Tempered Glass Gaming PC Case, Type C Port, Supports up to 360mm Water Cooling Radiator, Black(DS900)",97.59,28.46,2026-10-06,4.5,334,https://www.amazon.com/darkFlash-Mid-Tower-Pre-Install-Computer-DS900/dp/B0CQJGG4JT,0.0,28.46
20261006_050540,2026-10-06T05:27:46.218959+00:00,amazon_usa,CASE,B0F9B5QG9M,"MONTECH X5 ATX PC Case, Mid Tower, High-Airflow Mesh, 4 ARGB Fans, Black",65.39,19.07,2026-10-06,4.2,107,https://www.amazon.com/MONTECH-Mid-Tower-Airflow-Pre-Installed-Included/dp/B0F9B5QG9M,0.0,19.07
20261006_050540,2026-10-06T05:27:46.218959+00:00,amazon_usa,CASE,B0FCSHD8H7,KEDIERS PC Case C570 ATX Mid Tower Tempered Glass Gaming Computer Open Frame Case with 7 PWM ARGB Fans (Pink) (Pink),100.71,29.37,2026-10-06,4.5,413,https://www.amazon.com/KEDIERS-Tower-Tempered-Gaming-Computer/dp/B0FCSHD8H7,0.0,29.37
20261006_050540,2026-10-06T05:27:46.218959+00:00,amazon_usa,CASE,B0DFHNV7TK,"CORSAIR 4000D RS ARGB Frame Modular Mid-Tower ATX PC Case, High Airflow, 3X Pre-Installed RS Fans, InfiniRail™ Mounting System, ASUS BTF, MSI Zero, Gigabyte Stealth, Black",98.21,28.64,2026-10-06,4.7,1900,https://www.amazon.com/CORSAIR-Frame-4000D-Modular-Mid-Tower/dp/B0DFHNV7TK,0.0,28.64
20261006_050540,2026-10-06T05:27:46.218959+00:00,amazon_usa,CASE,B0CB26ZFKV,"MONTECH AIR 903 MAX High-Airflow E-ATX Mid-Tower PC Case, 4 Fans, Black",80.58,23.5,2026-10-06,4.8,457,https://www.amazon.com/Montech-AIR-903-MAX-Pre-Installed/dp/B0CB26ZFKV,0.0,23.5
20261006_050540,2026-10-06T05:27:46.218959+00:00,amazon_usa,CASE,B0CQJHT76L,"darkFlash ATX Mid-Tower PC Case, Pre-Install 4 PWM ARGB Fans Computer Case, Full View Dual Tempered Glass Gaming PC Case, Type C Port, Supports up to 360mm Water Cooling Radiator,White(DS900)",90.66,26.44,2026-10-06,4.5,334,https://www.amazon.com/darkFlash-Mid-Tower-Pre-Install-Computer-DS900/dp/B0CQJHT76L,0.0,26.44
20261006_050540,2026-10-06T05:27:46.218959+00:00,amazon_usa,CASE,B0G3H9CB4Y,"MUSETEX PC Case, Vertical GPU Mounting Design, Pre-Installed 5 PWM ARGB Fans, 360MM RAD Support, ATX Mid-Tower Gaming PC Case with Type-C, 270° Full View Tempered Glass, Black(GR3)",75.54,22.03,2026-10-06,3.9,27,https://www.amazon.com/MUSETEX-Vertical-Mounting-Pre-Installed-Mid-Tower/dp/B0G3H9CB4Y,0.0,22.03
20261006_050540,2026-10-06T05:27:46.218959+00:00,amazon_usa,CASE,B0DGFW4N61,"Geometric Future M5 Tempered Glass Mid Tower, E-ATX/ATX Gaming Case, 1.2mm Steel, Type C, Toolless Panels, Support 420/360 Radiator, ARGB PWM 140m Fan x 5 Pre-Installed, Black/Yellow, GEO-M5F-BY",143.47,41.84,2026-10-06,4.6,335,https://www.amazon.com/Geometric-Future-Tempered-Toolless-Pre-Installed/dp/B0DGFW4N61,0.0,41.84
20261006_050540,2026-10-06T05:27:46.218959+00:00,amazon_usa,CASE,B0BQP93GYX,"Hyte Y40 Modern Aesthetic Panoramic Tempered Glass Mid-Tower ATX Computer Gaming Case with PCIE 4.0 Riser Cable Included, White (CS-HYTE-Y40-BW)",100.71,29.37,2026-10-06,4.7,318,https://www.amazon.com/HYTE-Aesthetic-Panoramic-Mid-Tower-CS-HYTE-Y40-BW/dp/B0BQP93GYX,0.0,29.37
20261006_050540,2026-10-06T05:27:50.443344+00:00,amazon_usa,CASE,B0FGGNR82S,ASUS Prime AP202 ARGB Micro-ATX Mid-Tower PC Case,137.98,40.24,2026-10-06,4.7,37,https://www.amazon.com/ASUS-AP202-ARGB-radiators-Easy-Detach/dp/B0FGGNR82S,0.0,40.24
20261006_050540,2026-10-06T05:27:50.443344+00:00,amazon_usa,CASE,B0CWSV3JQR,"Antec C5 ARGB Mid-Tower ATX PC Case, 7 ARGB PWM Fans, Black",100.71,29.37,2026-10-06,4.6,524,https://www.amazon.com/Antec-Included-Simultaneously-Seamless-Mid-Tower/dp/B0CWSV3JQR,0.0,29.37
20261006_050540,2026-10-06T05:27:50.443344+00:00,amazon_usa,CASE,B0DFWVJ8B2,"FOIFKIN F300 (2025) PC Case - Pre-Installed 4 No RGB Fan, ATX Mid-Tower Computer case, Gaming PC Case, 270° Panoramic Glass with Type-C, FOIFKIN (Black+)",58.91,17.18,2026-10-06,4.6,788,https://www.amazon.com/FOIFKIN-F300-Case-Pre-Installed-Mid-Tower/dp/B0DFWVJ8B2,0.0,17.18
20261006_050540,2026-10-06T05:27:50.443344+00:00,amazon_usa,CASE,B0GF1FYF9F,"SAMA V52 Full View Glass ATX Gaming PC Case, 7 ARGB PWM Fans, USB-C Black",90.66,26.44,2026-10-06,4.8,7,https://www.amazon.com/SAMA-V52-Tempered-Supports-Micro-ATX/dp/B0GF1FYF9F,0.0,26.44
20261006_050540,2026-10-06T05:27:50.443344+00:00,amazon_usa,CASE,B0DSBQTM92,"FOIFKIN M1 PC Case - Walnut Front pane Pre-Installed 4 PWM ARGB Fan, ATX Mid-Tower Computer case, Gaming PC Case, 240MM RAD Support, Type-C, FOIFKIN (Black Walnut)",80.58,23.5,2026-10-06,4.3,287,https://www.amazon.com/FOIFKIN-Walnut-Pre-Installed-Mid-Tower-Gaming/dp/B0DSBQTM92,0.0,23.5
20261006_050540,2026-10-06T05:27:50.443344+00:00,amazon_usa,CASE,B0DQPPKNSS,NZXT H9 Flow - Dual-Chamber ATX PC Case - Black,171.24,49.94,2026-10-06,4.7,521,https://www.amazon.com/NZXT-Flow-Dual-Chamber-Mid-Tower-Back-Connect/dp/B0DQPPKNSS,0.0,49.94
20261006_050540,2026-10-06T05:27:50.443344+00:00,amazon_usa,CASE,B0CZ77DFD1,"SZSKYING Mid-Tower Gaming ATX PC Case, 9 ARGB Fans with Remote, Tempered Glass, 360mm Radiator, Type-C, Black.",116.83,34.07,2026-10-06,4.3,123,https://www.amazon.com/Mid-Tower-Control-Radiator-Tempered-Computer/dp/B0CZ77DFD1,0.0,34.07
20261006_050540,2026-10-06T05:27:50.443344+00:00,amazon_usa,CASE,B0HBZRGPDG,Velztorm 4000D Airflow Tempered Glass Mid-Tower ATX PC Case -White - CC-9011201-WW Global Recycled Standard,100.71,29.37,2026-10-06,0.0,0,https://www.amazon.com/Velztorm-Airflow-Tempered-Mid-Tower-White/dp/B0HBZRGPDG,0.0,29.37
20261006_050540,2026-10-06T05:27:50.443344+00:00,amazon_usa,CASE,B0D92C2F6K,"GAMDIAS White ATX Mid Tower Gaming Computer PC Case with Side Tempered Glass, Preinstalled 4X 120mm ARGB Fans, Support Up to 6X 120mm Fans, 360mm AIO/Radiator, 340mm GPU/VGA, 160mm CPU Air Cooler",60.42,17.62,2026-10-06,4.3,219,https://www.amazon.com/GAMDIAS-Computer-Tempered-Preinstalled-Radiator/dp/B0D92C2F6K,0.0,17.62
20261006_050540,2026-10-06T05:27:50.443344+00:00,amazon_usa,CASE,B0CKX938XS,Vetroo White AL800 Mid Tower ATX Gaming PC Computer Case,55.38,16.15,2026-10-06,4.4,243,https://www.amazon.com/VETROO-AL800-Full-Tower-Computer/dp/B0CKX938XS,0.0,16.15
20261006_050540,2026-10-06T05:27:50.443344+00:00,amazon_usa,CASE,B0CZV112KZ,CORSAIR iCUE Link 3500X RGB Mid-Tower ATX PC Case – Panoramic Tempered Glass – Reverse Connection Motherboard Compatible – 3X CORSAIR iCUE Link RX120 RGB Fans Included – Black,161.16,47.0,2026-10-06,4.8,1300,https://www.amazon.com/CORSAIR-iCUE-Link-3500X-Mid-Tower/dp/B0CZV112KZ,0.0,47.0
20261006_050540,2026-10-06T05:27:50.443344+00:00,amazon_usa,CASE,B0GSZ1RCBD,"darkFlash DS950 ATX Mid-Tower Gaming PC Case, Black",100.71,29.37,2026-10-06,4.8,5,https://www.amazon.com/darkFlash-DS950-Mid-Tower-Gaming-Black/dp/B0GSZ1RCBD,0.0,29.37
20261006_050540,2026-10-06T05:27:50.443344+00:00,amazon_usa,CASE,B0CZV22HDF,CORSAIR 3500X Mid-Tower ATX PC Case – Panoramic Tempered Glass – Reverse Connection Motherboard Compatible – No Fans Included – White,100.71,29.37,2026-10-06,4.7,793,https://www.amazon.com/CORSAIR-3500X-Mid-Tower-ATX-Case/dp/B0CZV22HDF,0.0,29.37
20261006_050540,2026-10-06T05:27:50.443344+00:00,amazon_usa,CASE,B0C89G9QDK,NZXT H6 Flow | CC-H61FW-01 | Compact Dual-Chamber Mid-Tower Airflow Case | Panoramic Glass Panels | High-Performance Airflow Panels | Includes 3 x 120mm Fans | Cable Management | White,100.71,29.37,2026-10-06,4.8,3100,https://www.amazon.com/NZXT-CC-H61FW-01-Dual-Chamber-High-Performance-Management/dp/B0C89G9QDK,0.0,29.37
20261006_050540,2026-10-06T05:27:50.443344+00:00,amazon_usa,CASE,B0GH9K64DB,Thermaltake View 370 TG ARGB Mid Tower; 1x360mm & 1x120 ARGB PWM Fans Included; 360mm Rad Support; 420mm GPU Clearance; Hidden Connector Support (ATX/mATX); Vertical GPU Support;Snow; CA-11N-00M6WN-00,85.62,24.97,2026-10-06,5.0,4,https://www.amazon.com/Thermaltake-Included-Clearance-Connector-CA-11N-00M6WN-00/dp/B0GH9K64DB,0.0,24.97
20261006_050540,2026-10-06T05:27:50.443344+00:00,amazon_usa,CASE,B0F2T724LP,Lian Li Vector V100 ATX Mid-Tower PC Case-Tempered Glass-White-V100W,63.44,18.5,2026-10-06,4.6,133,https://www.amazon.com/Lian-Li-Mid-Tower-Platform-Optimized/dp/B0F2T724LP,0.0,18.5
20261006_050540,2026-10-06T05:27:54.962857+00:00,amazon_usa,CASE,B0DDNS2SY3,"Antec Flux Pro Full-Tower E-ATX PC Case, 6 PWM Fans Included, Black",151.08,44.06,2026-10-06,4.7,430,https://www.amazon.com/Antec-Included-High-Airflow-Radiator-Full-Tower/dp/B0DDNS2SY3,0.0,44.06
20261006_050540,2026-10-06T05:27:54.962857+00:00,amazon_usa,CASE,B0G1ML5B99,"H2 (2026) HYXN ATX PC Case, Pre-Installed 8 No ARGB Fans (6X140mm,2X120mm), Large Dual-Chamber ATX Mid-Tower Airflow Computer Case, Gaming PC Case, 420mm Radiator Support, Type-C 3.2, Black",70.5,20.56,2026-10-06,4.4,54,https://www.amazon.com/HYXN-Pre-Installed-Dual-Chamber-Mid-Tower-Computer/dp/B0G1ML5B99,0.0,20.56
20261006_050540,2026-10-06T05:27:54.962857+00:00,amazon_usa,CASE,B0CRKVN35N,"LIAN LI O11D EVO RGB Black E-ATX Case, 420mm Radiator (O11DERGBX.US)",211.54,61.69,2026-10-06,4.7,441,https://www.amazon.com/LIAN-Black-420mm-Radiator-O11DERGBX-US/dp/B0CRKVN35N,0.0,61.69
20261006_050540,2026-10-06T05:27:54.962857+00:00,amazon_usa,CASE,B0D7N2YJ6L,Thermaltake View 380 TG ARGB Snow ATX Case; 4x120mm ARGB Fans Included; Supports Hidden-Connector Motherboard; Front & Side Dual Tempered Glass Panel; CA-1Z2-00M6WN-00; 3 Year Warranty,80.58,23.5,2026-10-06,4.6,318,https://www.amazon.com/Included-Supports-Hidden-Connector-Motherboard-CA-1Z2-00M6WN-00/dp/B0D7N2YJ6L,0.0,23.5
20261006_050540,2026-10-06T05:27:54.962857+00:00,amazon_usa,CASE,B0FX68NXSN,DIYPC DIY-ATX08-Wood Black USB3.0 /Type C ATX Mid Tower Gaming Computer Case w/Tempered Glass Side Panel and Walnut Wood Front Panel,75.51,22.02,2026-10-06,4.7,17,https://www.amazon.com/DIYPC-DIY-ATX08-Wood-USB3-0-Computer-Tempered/dp/B0FX68NXSN,0.0,22.02
20261006_050540,2026-10-06T05:27:54.962857+00:00,amazon_usa,CASE,B0822WTQW9,Fractal Design Meshify 2 Compact Black ATX Flexible High-Airflow Light Tinted Tempered Glass Window Mid Tower Computer Case,135.99,39.66,2026-10-06,4.7,178,https://www.amazon.com/Fractal-Design-Flexible-High-Airflow-Tempered/dp/B0822WTQW9,0.0,39.66
20261006_050540,2026-10-06T05:27:54.962857+00:00,amazon_usa,CASE,B0CP7SQ58Z,"MUSETEX ATX PC Case, 3 x 120mm Fans Pre-Installed, 360MM RAD Support, 270° Full View Tempered Glass Gaming PC Case with Type-C, Mid Tower ATX Computer Case, Black, Y6",141.03,41.13,2026-10-06,4.7,725,https://www.amazon.com/MUSETEX-Pre-Installed-Support-Tempered-Computer/dp/B0CP7SQ58Z,0.0,41.13
20261006_050540,2026-10-06T05:27:54.962857+00:00,amazon_usa,CASE,B0FFJ44PW2,DIYPC DIY-mATX06-Wood Black USB3.0 /Type C Micro ATX Mid Tower Gaming Computer Case w/Tempered Glass Side Panel and Walnut Wood Front Panel / 4 x PWM Fans Pre-Installed,68.48,19.97,2026-10-06,4.3,26,https://www.amazon.com/DIYPC-DIY-mATX06-Wood-Computer-Tempered-Pre-Installed/dp/B0FFJ44PW2,0.0,19.97
20261006_050540,2026-10-06T05:27:54.962857+00:00,amazon_usa,CASE,B0H4WTH532,"Cooler Master TD500 Mesh High Airflow ATX Mid-Tower Case, 4 CF120 ARGB Fans Included, Polygonal Mesh Front Panel, Tempered Glass, 360mm Radiator Support, RTX 5090 & RX 9070 XT Compatible",68.99,20.12,2026-10-06,0.0,0,https://www.amazon.com/Cooler-Master-Mid-Tower-Polygonal-Compatible/dp/B0H4WTH532,0.0,20.12
20261006_050540,2026-10-06T05:27:54.962857+00:00,amazon_usa,CASE,B0CWTPC32W,"Antec C5 ARGB Mid-Tower ATX PC Case, 7 ARGB PWM Fans, White",110.79,32.31,2026-10-06,4.5,278,https://www.amazon.com/Antec-C5-ARGB-Simultaneously-Mid-Tower/dp/B0CWTPC32W,0.0,32.31
20261006_050540,2026-10-06T05:27:54.962857+00:00,amazon_usa,CASE,B0DQPSPPSZ,NZXT H9 Flow RGB - Dual-Chamber ATX PC Case - White,211.54,61.69,2026-10-06,4.6,231,https://www.amazon.com/NZXT-Flow-RGB-Dual-Chamber-Back-Connect/dp/B0DQPSPPSZ,0.0,61.69
20261006_050540,2026-10-06T05:27:54.962857+00:00,amazon_usa,CASE,B07T4W3BMH,"Bgears b-Voguish Gaming PC Case with Tempered Glass panels, USB3.0, Support E-ATX, ATX, mATX, ITX. (Fans are sold separately)",30.55,8.91,2026-10-06,4.3,1500,https://www.amazon.com/Bgears-b-Voguish-Tempered-Support-Motherboard/dp/B07T4W3BMH,50.0,58.91
20261006_050540,2026-10-06T05:27:54.962857+00:00,amazon_usa,CASE,B0DG5P81F6,"darkFlash ATX Mid-Tower PC Case, Pre-Install 1Non-LED PWM ARGB Fans Computer Case, Full View Dual Tempered Glass Gaming PC Case, Type C Port, Supports up to 360mm Water Cooling Radiator,White(DS900)",73.52,21.44,2026-10-06,4.3,87,https://www.amazon.com/darkFlash-Mid-Tower-Pre-Install-1Non-LED-DS900/dp/B0DG5P81F6,0.0,21.44
20261006_050540,2026-10-06T05:27:54.962857+00:00,amazon_usa,CASE,B0G24QGZLN,"Antec P30 AIR Mid-Tower ATX Case, 5 PWM Fans Included",70.5,20.56,2026-10-06,4.6,17,https://www.amazon.com/Antec-P30-Included-Optimized-Mid-Tower/dp/B0G24QGZLN,0.0,20.56
20261006_050540,2026-10-06T05:28:05.032057+00:00,amazon_usa,CASE,B0BN3SY5XW,"Lian Li LANCOOL 216 RGB Black ATX Mid-Tower Case, 2x160mm ARGB Fans",100.71,29.37,2026-10-06,4.7,987,https://www.amazon.com/Lian-Li-LANCOOL-216-Case-Black/dp/B0BN3SY5XW,0.0,29.37
20261006_050540,2026-10-06T05:28:05.032057+00:00,amazon_usa,CASE,B0BRP58KHT,Lian Li Lancool 216 Mid-Tower Airflow Case-3 PWM Fans-Black-LANCOOL 216-X,119.67,34.9,2026-10-06,4.6,240,https://www.amazon.com/Lian-Lancool-Mid-tower-cooling-performance/dp/B0BRP58KHT,0.0,34.9
20261006_050540,2026-10-06T05:28:05.032057+00:00,amazon_usa,CASE,B0BWMC665R,Lian-Li Lian-Li Case LANCOOL 216X Mid Tower 4.0mm TG 2x160 PWM Fans Black,96.7,28.2,2026-10-06,4.8,35,https://www.amazon.com/Lian-Li-Tempered-Mid-Tower-Computer/dp/B0BWMC665R,0.0,28.2
20261006_050540,2026-10-06T05:28:05.032057+00:00,amazon_usa,CASE,B0DWF95QP7,"Lian Li LANCOOL 217 ATX Mid-Tower PC Case, 5 PWM Fans, Black Walnut Wood",120.87,35.25,2026-10-06,4.8,327,https://www.amazon.com/Lian-Li-Mid-Tower-Pre-Installed-Installation/dp/B0DWF95QP7,0.0,35.25
20261006_050540,2026-10-06T05:28:05.032057+00:00,amazon_usa,CASE,B0BN3TTBKM,Lian Li Lancool 216 Mid-Tower Airflow Case-3 PWM Fans-White-LANCOOL 216R-W,113.81,33.19,2026-10-06,4.7,372,https://www.amazon.com/Lian-Lancool-Mid-tower-cooling-performance/dp/B0BN3TTBKM,0.0,33.19
20261006_050540,2026-10-06T05:28:05.032057+00:00,amazon_usa,CASE,B0DHXWYK4J,"Lian Li LANCOOL 207 Black Compact ATX Case, 4 Pre-Installed Fans",83.6,24.38,2026-10-06,4.7,360,https://www.amazon.com/LANCOOL-Computer-Optimized-Pre-Installed-Tempered/dp/B0DHXWYK4J,0.0,24.38
20261006_050540,2026-10-06T05:28:05.032057+00:00,amazon_usa,CASE,B0FMDSL7DV,"Lian Li LANCOOL 217 INF Mid-Tower ATX PC Case, White (LANCOOL 217INFW)",130.95,38.19,2026-10-06,4.7,34,https://www.amazon.com/Lian-Li-Mid-Tower-Pre-Installed-Optimized/dp/B0FMDSL7DV,0.0,38.19
20261006_050540,2026-10-06T05:28:05.032057+00:00,amazon_usa,CASE,B0B9WF5FW1,"Lian Li LANCOOL III E-ATX PC Case, Spacious RGB Gaming Computer Case with Hinged Tempered Glass Doors, Fine Mesh Panels, 4x140mm PWM Fans Pre-Installed High Airflow Chassis (Black)",201.45,58.75,2026-10-06,4.4,144,https://www.amazon.com/LANCOOL-Enhanced-Performance-Computer-Pre-Installed/dp/B0B9WF5FW1,0.0,58.75
20261006_050540,2026-10-06T05:28:05.032057+00:00,amazon_usa,CASE,B0BP2XQRWN,"Lian Li LANCOOL 216 E-ATX PC Case, Airflow Focus RGB Gaming Computer Case with All-Around Mesh Panels, 2x160mm & 1x140mm PWM Fans Pre-Installed and Innovative Rear PCIe Fan Bracket Chassis (White)",158.59,46.25,2026-10-06,4.6,36,https://www.amazon.com/LANCOOL-Computer-All-Around-Pre-Installed-Innovative/dp/B0BP2XQRWN,0.0,46.25
20261006_050540,2026-10-06T05:28:05.032057+00:00,amazon_usa,CASE,B0B5TG9BP1,"Lian Li High Airflow Micro ATX PC Case, RGB Gaming Computer Case, Mesh Front Panel Mid-Tower Chassis with 2x140mm ARGB PWM Fans Pre-Installed, Tempered Glass Side Panel (LANCOOL 205M MESH, Black)",105.75,30.84,2026-10-06,4.6,124,https://www.amazon.com/Airflow-Computer-Mid-Tower-Pre-Installed-Tempered/dp/B0B5TG9BP1,0.0,30.84
20261006_050540,2026-10-06T05:28:05.032057+00:00,amazon_usa,CASE,B0DHXW28RX,"Lian Li LANCOOL 207 White Compact ATX Case, 4 Pre-Installed Fans",90.66,26.44,2026-10-06,4.6,97,https://www.amazon.com/LANCOOL-Computer-Optimized-Pre-Installed-Tempered/dp/B0DHXW28RX,0.0,26.44
20261006_050540,2026-10-06T05:28:05.032057+00:00,amazon_usa,CASE,B0B9WT5DKS,"Lian Li LANCOOL III E-ATX PC Case, Spacious RGB Gaming Computer Case with Hinged Tempered Glass Doors, Fine Mesh Panels, 4x140mm PWM Fans Pre-Installed High Airflow Chassis (White)",216.58,63.16,2026-10-06,4.4,144,https://www.amazon.com/LANCOOL-Enhanced-Performance-Computer-Pre-Installed/dp/B0B9WT5DKS,0.0,63.16
20261006_050540,2026-10-06T05:28:05.032057+00:00,amazon_usa,CASE,B09MJMMXPM,Lian Li LANCOOL II MESH C Performance E-ATX Mid Tower Case with 4mm Tempered Glass and 2 x 140mm Front PWM Fans & 1 x 120 Rear Fan - Black (LAN2MPX),171.24,49.94,2026-10-06,4.0,17,https://www.amazon.com/Lian-Li-LANCOOL-Performance-Mid-Tower/dp/B09MJMMXPM,0.0,49.94
20261006_050540,2026-10-06T05:28:05.032057+00:00,amazon_usa,CASE,B0CQJXM4V6,"Lian Li LANCOOL 206 ATX PC Case, RGB Gaming Computer Case, Airflow Optimized Mesh Panels Mid-Tower Chassis w/ 2x160mm ARGB PWM Fans Pre-Installed, USB Type-C Port, Tempered Glass Side Panel (White)",148.24,43.23,2026-10-06,3.6,5,https://www.amazon.com/Computer-Optimized-Mid-Tower-Pre-Installed-Tempered/dp/B0CQJXM4V6,0.0,43.23
20261006_050540,2026-10-06T05:28:05.032057+00:00,amazon_usa,CASE,B08DX68X9W,Lian Li LANCOOL II MESH RGB Black LAN2MRX Tempered Glass ATX Case -Black Color - LANCOOL II MESH RGB - LAN2MRX,176.25,51.4,2026-10-06,4.8,998,https://www.amazon.com/LANCOOL-Black-LAN2MRX-Tempered-Black/dp/B08DX68X9W,0.0,51.4
20261006_050540,2026-10-06T05:28:08.609766+00:00,amazon_usa,CASE,B0GGZ3PMMY,"Lian Li Vector V150 INF Black Micro-ATX Case, 3 ARGB PWM Fans (V150INFX)",85.62,24.97,2026-10-06,4.8,28,https://www.amazon.com/Lian-Li-Vector-V150-Micro/dp/B0GGZ3PMMY,0.0,24.97
20261006_050540,2026-10-06T05:28:08.609766+00:00,amazon_usa,CASE,B0DWF8HY4T,"Lian Li LANCOOL 217 ATX Mid-Tower PC Case, 5 PWM Fans, White Walnut Wood",125.91,36.72,2026-10-06,4.6,90,https://www.amazon.com/Lian-Li-Mid-Tower-Pre-Installed-Installation/dp/B0DWF8HY4T,0.0,36.72
20261006_050540,2026-10-06T05:28:08.609766+00:00,amazon_usa,CASE,B0C4VSN3DX,Lian-li Lan216-2x Lancool 216 Dust Filter Kit Black Retail,16.46,4.8,2026-10-06,4.7,47,https://www.amazon.com/Lian-li-Lan216-2x-Lancool-Filter-Retail/dp/B0C4VSN3DX,0.0,4.8
20261006_050540,2026-10-06T05:28:08.609766+00:00,amazon_usa,CASE,B0B5THCD6R,"Lian Li High Airflow ATX PC Case, RGB Gaming Computer Case, Mesh Front Panel Mid-Tower Chassis w/ 3 ARGB PWM Fans Pre-Installed, USB Type-C Port, Tempered Glass Side Panel (LANCOOL 205 MESH C, Black)",125.91,36.72,2026-10-06,4.5,167,https://www.amazon.com/Airflow-Computer-Mid-Tower-Pre-Installed-Tempered/dp/B0B5THCD6R,0.0,36.72
20261006_050540,2026-10-06T05:28:08.609766+00:00,amazon_usa,CASE,B0G1XPDWD9,"Vetroo CT3 Black ATX Gaming Computer PC Case, Panoramic Tempered Glass",106.78,31.14,2026-10-06,4.3,47,https://www.amazon.com/Vetroo-Mid-Tower-Computer-Panoramic-High-Airflow/dp/B0G1XPDWD9,0.0,31.14
20261006_050540,2026-10-06T05:28:08.609766+00:00,amazon_usa,CASE,B0FW4NK23S,"Raidmax V217 ATX Mid Tower Mesh Gaming PC Case, High Airflow Front Panel Design, 4X 120mm ARGB Fans Pre-Installed, Tempered Glass Side Panel, Supports 305mm GPU / 240mm Radiator (Black)",60.42,17.62,2026-10-06,4.8,14,https://www.amazon.com/RAIDMAX-Pre-Installed-Tempered-Supports-Radiator/dp/B0FW4NK23S,0.0,17.62
20261006_050540,2026-10-06T05:28:08.609766+00:00,amazon_usa,CASE,B0G1MSTF2K,"H2 (2026) HYXN ATX PC Case, Pre-installed 8 PWM ARGB Fans (6X140mm,2X120mm), Large Dual-Chamber ATX Mid-Tower Airflow Computer Case, Gaming PC Case, 420mm Radiator Support, Type-C 3.2 (Black RGB)",90.66,26.44,2026-10-06,4.3,38,https://www.amazon.com/HYXN-Pre-installed-Dual-Chamber-Mid-Tower-Computer/dp/B0G1MSTF2K,0.0,26.44
20261006_050540,2026-10-06T05:28:08.609766+00:00,amazon_usa,CASE,B0DJDM7V1R,Lian Li Lancool 207 Black Cabinet with 4 Fans,126.46,36.88,2026-10-06,4.7,188,https://www.amazon.com/Lian-Li-Lancool-207-Cabinet/dp/B0DJDM7V1R,0.0,36.88
20261006_050540,2026-10-06T05:28:08.609766+00:00,amazon_usa,CASE,B0CRKVN35N,"Lian Li O11D EVO RGB Black E-ATX Case, 420mm Radiator (O11DERGBX.US)",211.54,61.69,2026-10-06,4.7,441,https://www.amazon.com/LIAN-Black-420mm-Radiator-O11DERGBX-US/dp/B0CRKVN35N,0.0,61.69
20261006_050540,2026-10-06T05:28:08.609766+00:00,amazon_usa,CASE,B0B5TGM6K8,"Lian Li High Airflow ATX White PC Case, RGB Gaming Computer Case, Mesh Front Panel Mid-Tower Chassis, 3 ARGB PWM Fans Pre-Installed, USB Type-C Port, Tempered Glass Panel (LANCOOL 205 MESH C, White)",120.87,35.25,2026-10-06,4.8,117,https://www.amazon.com/Airflow-Computer-Mid-Tower-Pre-Installed-Tempered/dp/B0B5TGM6K8,0.0,35.25
20261006_050540,2026-10-06T05:28:08.609766+00:00,amazon_usa,CASE,B0BPJPPVNX,Lian Li LANCOOL 216 Additional IO KIT - Black - ARGB Control/USB Module,7.54,2.2,2026-10-06,0.0,0,https://www.amazon.com/Lian-Li-LANCOOL-216-Additional/dp/B0BPJPPVNX,50.0,52.2
20261006_050540,2026-10-06T05:28:08.609766+00:00,amazon_usa,CASE,B0DW48S7MG,"Lian Li Mid-Tower ATX PC Case, 3 x 140mm ARGB Fans, Chassis with Front & Side Tempered Glass Panels, Liquid Cooling Ready, Gaming Computer Case, (CG237 RGB - ATX -Black)",171.24,49.94,2026-10-06,5.0,9,https://www.amazon.com/Mid-Tower-Chassis-Tempered-Cooling-Computer/dp/B0DW48S7MG,0.0,49.94
20261006_050540,2026-10-06T05:28:08.609766+00:00,amazon_usa,CASE,B0DFS88R2L,"Lian Li A3-mATX PC Case, 415mm GPU, 360 AIO, Wood Black Mesh (A3X-WD)",90.66,26.44,2026-10-06,4.8,492,https://www.amazon.com/Lian-A3-mATX-WD-26-3L-Included-Supports-Motherboard-DAN-Collaboration-Wood/dp/B0DFS88R2L,0.0,26.44
20261006_050540,2026-10-06T05:28:08.609766+00:00,amazon_usa,CASE,B0F8H71D5R,"Lian Li O11D Mini V2 Compact ATX Mid-Tower PC Case, White, No Fans",89.63,26.14,2026-10-06,4.7,260,https://www.amazon.com/Lian-Li-Compact-Mid-Tower-White/dp/B0F8H71D5R,0.0,26.14
20261006_050540,2026-10-06T05:28:12.475877+00:00,amazon_usa,CASE,B0B5TF6S33,"Lian Li High Airflow Micro ATX White PC Case, RGB Gaming Computer Case, Mesh Front Panel Mid-Tower Chassis w/ 2x140mm ARGB PWM Fans Pre-Installed, Tempered Glass Panel (LANCOOL 205M MESH, Snow White)",98.65,28.77,2026-10-06,4.5,84,https://www.amazon.com/Airflow-Computer-Mid-Tower-Pre-Installed-Tempered/dp/B0B5TF6S33,0.0,28.77
20261006_050540,2026-10-06T05:28:12.475877+00:00,amazon_usa,CASE,B0BNGMFN9R,Lian Li Lancool 216 RGB Controller Black,22.15,6.46,2026-10-06,4.2,122,https://www.amazon.com/Lian-Li-Lancool-Controller-Black/dp/B0BNGMFN9R,0.0,6.46
20261006_050540,2026-10-06T05:28:12.475877+00:00,amazon_usa,CASE,B0C19193YD,"LIANLI LANCOOL 216 Series Dedicated Dust Filter Kit, LAN216-2W, White, Japanese Authorized Dealer",13.58,3.96,2026-10-06,4.7,32,https://www.amazon.com/Li-LIANLI-LAN216-2W-LANCOOL-Authorized/dp/B0C19193YD,50.0,53.96
20261006_050540,2026-10-06T05:28:12.475877+00:00,amazon_usa,CASE,B0D7N3J22H,Thermaltake View 380 TG ARGB Black ATX Case; 4x120mm ARGB Fans Included; Supports Hidden-Connector Motherboard; Front & Side Dual Tempered Glass Panel; CA-1Z2-00M1WN-00; 3 Year Warranty,80.58,23.5,2026-10-06,4.6,318,https://www.amazon.com/Included-Supports-Hidden-Connector-Motherboard-CA-1Z2-00M1WN-00/dp/B0D7N3J22H,0.0,23.5
20261006_050540,2026-10-06T05:28:12.475877+00:00,amazon_usa,CASE,B0D7PQ8TFK,Lian Li Lancool 206 White with Two 160mm Fans,160.41,46.78,2026-10-06,0.0,0,https://www.amazon.com/Lian-Li-Lancool-White-160mm/dp/B0D7PQ8TFK,0.0,46.78
20261006_050540,2026-10-06T05:28:12.475877+00:00,amazon_usa,CASE,B0GLPFNN1J,"Lian Li O11 Vision-M mATX PC Case, 1 x 140mm Fan, High-Airflow, White",78.56,22.91,2026-10-06,4.8,44,https://www.amazon.com/Lian-Li-Vision-M-140mm-High-Airflow/dp/B0GLPFNN1J,0.0,22.91
20261006_050540,2026-10-06T05:28:12.475877+00:00,amazon_usa,CASE,B0HF3M3ZF1,Lian-Li LANCOOL 216 RGB Front Fan(White),35.63,10.39,2026-10-06,0.0,0,https://www.amazon.com/Lian-Li-LANCOOL-216-Front-White/dp/B0HF3M3ZF1,0.0,10.39
20261006_050540,2026-10-06T05:28:12.475877+00:00,amazon_usa,CASE,B0HFKRND8C,Lian-Li LANCOOL 216 RGB Front Fan(Black),39.36,11.48,2026-10-06,0.0,0,https://www.amazon.com/Lian-Li-LANCOOL-216-Front-Black/dp/B0HFKRND8C,0.0,11.48
20261006_050540,2026-10-06T05:28:12.475877+00:00,amazon_usa,CASE,B0HJGFZN6M,Front Fan Compatible with Lian-Li LANCOOL 216,36.93,10.77,2026-10-06,0.0,0,https://www.amazon.com/Front-Fan-Compatible-Lian-Li-LANCOOL/dp/B0HJGFZN6M,0.0,10.77
20261006_050540,2026-10-06T05:28:12.475877+00:00,amazon_usa,CASE,B0HF3QW4ZS,Lian-Li LANCOOL 216 RGB Front Fan(Black),38.06,11.1,2026-10-06,0.0,0,https://www.amazon.com/Lian-Li-LANCOOL-216-Front-Black/dp/B0HF3QW4ZS,0.0,11.1
20261006_050540,2026-10-06T05:28:12.475877+00:00,amazon_usa,CASE,B0HDJPGYT6,RGB Front Fan Compatible with Lian-Li LANCOOL 216(White),39.98,11.66,2026-10-06,0.0,0,https://www.amazon.com/Front-Compatible-Lian-Li-LANCOOL-White/dp/B0HDJPGYT6,0.0,11.66
20261006_050540,2026-10-06T05:28:12.475877+00:00,amazon_usa,CASE,B0BK1VR4R3,"LIANLI LANCOOL III-RX Dust Filter Kit, Black, Magnetic, LAN3-1X",19.07,5.56,2026-10-06,4.7,50,https://www.amazon.com/LIAN-LAN3-1X-Filter-BLACK-LANCOOL/dp/B0BK1VR4R3,50.0,55.56
20261006_050540,2026-10-06T05:28:12.475877+00:00,amazon_usa,CASE,B0B467H81C,Lian Li Lancool III RGB White Aluminum/SECC/Tempered Glass Gaming Case with 4 × 140 PWM Fans (ARGB)- LANCOOL 3R-W,2429.52,708.52,2026-10-06,4.6,101,https://www.amazon.com/White-Aluminum-Tempered-LANCOOL-3R-W/dp/B0B467H81C,50.0,758.52
20261006_050540,2026-10-06T05:28:12.475877+00:00,amazon_usa,CASE,B0CKJ11LFD,Lian Li O11 Dynamic EVO XL RGB Tempered Glass EATX Full Tower Computer CASE - Whit,261.87,76.37,2026-10-06,4.6,26,https://www.amazon.com/Lian-Li-Dynamic-Tower-Gaming-Computer/dp/B0CKJ11LFD,0.0,76.37
20261006_050540,2026-10-06T05:28:12.475877+00:00,amazon_usa,CASE,B0HDJKS74X,RGB Front Fan Compatible with Lian-Li LANCOOL 216(Black),39.91,11.64,2026-10-06,0.0,0,https://www.amazon.com/Front-Compatible-Lian-Li-LANCOOL-Black/dp/B0HDJKS74X,0.0,11.64
20261006_050540,2026-10-06T05:28:12.475877+00:00,amazon_usa,CASE,B0HJGLKB7Y,Front Fan Compatible with Lian-Li LANCOOL 216,38.99,11.37,2026-10-06,0.0,0,https://www.amazon.com/Front-Fan-Compatible-Lian-Li-LANCOOL/dp/B0HJGLKB7Y,0.0,11.37
20261006_050540,2026-10-06T05:28:16.626683+00:00,amazon_usa,CASE,B0HDRNFDXW,RGB Front Fan Compatible with Lian-Li LANCOOL 216(Black),39.36,11.48,2026-10-06,0.0,0,https://www.amazon.com/Front-Compatible-Lian-Li-LANCOOL-Black/dp/B0HDRNFDXW,0.0,11.48
20261006_050540,2026-10-06T05:28:16.626683+00:00,amazon_usa,CASE,B0BK1V2BW3,"LIANLI LANCOOL III-RX Dust Filter Kit, White, Magnetic, LAN3-1W, ホワイト",37.0,10.79,2026-10-06,4.2,8,https://www.amazon.com/LIANLI-LANCOOL-III-RX-Magnetic-LAN3-1W/dp/B0BK1V2BW3,0.0,10.79
20261006_050540,2026-10-06T05:28:16.626683+00:00,amazon_usa,CASE,B0DJT8SRD6,"Lian Li O11 Vision Compact ATX Mid Tower Gaming PC Case, Aluminium, Black",178.03,51.92,2026-10-06,4.8,483,https://www.amazon.com/Lian-Li-O11-Compact-Mid-Tower/dp/B0DJT8SRD6,0.0,51.92
20261006_050540,2026-10-06T05:28:16.626683+00:00,amazon_usa,CASE,B0H7R316NV,Front Fan for Lian-Li LANCOOL 216 RGB(Black),37.17,10.84,2026-10-06,0.0,0,https://www.amazon.com/Front-Fan-Lian-Li-LANCOOL-Black/dp/B0H7R316NV,0.0,10.84
20261006_050540,2026-10-06T05:28:16.626683+00:00,amazon_usa,CASE,B0FFT3VDK7,"Lian Li ATX PC Case Multi-Directional 4 Slots Vertical GPU Kit V3 - Premium Gen 5 Riser Cable PCI-E 5.0 x16-155mm, PCIe 3.0/4.0 Compatible, Adjustable Position - (VG4v3 Black)",74.55,21.74,2026-10-06,3.7,62,https://www.amazon.com/Lian-Li-Multi-Directional-Slots-Vertical/dp/B0FFT3VDK7,50.0,71.74
