batch_id,timestamp,source,category,sku,title,price_pen,price_usd,price_date,rating,reviews,url,shipping_usd,total_usd
20261005_134359,2026-10-05T13:59:18.273716+00:00,amazon_usa,CPU,B0DFKC99VL,Intel Core™ Ultra 9 Processor 285K 24 cores (8 P-cores + 16 E-cores) up to 5.7 GHz,520.77,151.41,2026-10-05,4.6,804,https://www.amazon.com/Intel-Core-Ultra-Processor-285K/dp/B0DFKC99VL,0.0,151.41
20261005_134359,2026-10-05T13:59:18.273716+00:00,amazon_usa,CPU,B0DMXB5DVP,"Intel Core Ultra 9 285K Arrow Lake 24-Core (8P+16E), LGA 1851, 125W Unlocked Desktop Processor for Z890 Motherboard BX80768285K Plus Mavark Pen Light (Intel Core Ultra 9)",777.02,225.91,2026-10-05,4.7,10,https://www.amazon.com/285K-Processor-Motherboard-BX80768285K-Mavark/dp/B0DMXB5DVP,0.0,225.91
20261005_134359,2026-10-05T13:59:18.273716+00:00,amazon_usa,CPU,B0G1YLJ3S7,Micro Center CPU Motherboard Combo - Ultra 9 285K 24-Cores LGA 1851 Desktop Processor Bundle with Tuf Gaming Z890-Plus WiFi Motherboard,889.18,258.52,2026-10-05,5.0,1,https://www.amazon.com/Micro-Center-CPU-Motherboard-Combo/dp/B0G1YLJ3S7,0.0,258.52
20261005_134359,2026-10-05T13:59:18.273716+00:00,amazon_usa,CPU,B0DT7JDLDH,Intel Core™ Ultra 9 Desktop Processor 285 24 cores (8 P-cores + 16 E-cores) up to 5.6 GHz,666.88,193.89,2026-10-05,4.4,63,https://www.amazon.com/Intel%C2%AE-CoreTM-Desktop-Processor-P-cores/dp/B0DT7JDLDH,0.0,193.89
20261005_134359,2026-10-05T13:59:18.273716+00:00,amazon_usa,CPU,B0GMLJCBBM,Intel Core™ Ultra 7 Processor 270K Plus 24 cores (8 P-cores + 16 E-cores) up to 5.5 GHz,333.43,96.94,2026-10-05,4.7,304,https://www.amazon.com/Intel%C2%AE-CoreTM-Processor-270K-P-cores/dp/B0GMLJCBBM,0.0,96.94
20261005_134359,2026-10-05T13:59:18.273716+00:00,amazon_usa,CPU,B0G1YP5FPS,Micro Center CPU Motherboard Combo - Ultra 9 285K 24-Cores LGA 1851 Desktop Processor Bundle with MAG Z890 Tomahawk WiFi Gaming Motherboard,868.96,252.64,2026-10-05,5.0,2,https://www.amazon.com/Micro-Center-CPU-Motherboard-Combo/dp/B0G1YP5FPS,0.0,252.64
20261005_134359,2026-10-05T13:59:18.273716+00:00,amazon_usa,CPU,B0DT7FY7P3,Intel Core™ Ultra 7 Desktop Processor 265 20 cores (8 P-cores + 12 E-cores) up to 5.3 GHz,374.39,108.85,2026-10-05,4.8,22,https://www.amazon.com/Intel%C2%AE-CoreTM-Desktop-Processor-P-cores/dp/B0DT7FY7P3,0.0,108.85
20261005_134359,2026-10-05T13:59:18.273716+00:00,amazon_usa,CPU,B0DFK2MH2D,Intel Core Ultra 7 Desktop Processor 265K - 20 cores (8 P-cores + 12 E-cores) up to 5.5 GHz,318.46,92.59,2026-10-05,4.7,1300,https://www.amazon.com/Intel-Core-Ultra-Processor-265K/dp/B0DFK2MH2D,0.0,92.59
20261005_134359,2026-10-05T13:59:18.273716+00:00,amazon_usa,CPU,B09FWYK5M9,Intel Core i9-12900KF Gaming Desktop Processor 16 (8P+8E) Cores up to 5.2 GHz Unlocked LGA1700 600 Series Chipset 125W,327.37,95.18,2026-10-05,4.6,1100,https://www.amazon.com/Intel-i9-12900KF-Desktop-Processor-Unlocked/dp/B09FWYK5M9,0.0,95.18
20261005_134359,2026-10-05T13:59:18.273716+00:00,amazon_usa,CPU,B09FXDLX95,Intel Core i9-12900K Gaming Desktop Processor with Integrated Graphics and 16 (8P+8E) Cores up to 5.2 GHz Unlocked LGA1700 600 Series Chipset 125W,378.9,110.16,2026-10-05,4.6,2400,https://www.amazon.com/Intel-i9-12900K-Desktop-Processor-Unlocked/dp/B09FXDLX95,0.0,110.16
20261005_134359,2026-10-05T13:59:18.273716+00:00,amazon_usa,CPU,B0DT7CW7VR,Intel Core™ Ultra 5 Desktop Processor 225F 10 cores (6 P-cores + 4 E-cores) up to 4.9 GHz,144.49,42.01,2026-10-05,4.5,98,https://www.amazon.com/Intel%C2%AE-CoreTM-Desktop-Processor-P-cores/dp/B0DT7CW7VR,0.0,42.01
20261005_134359,2026-10-05T13:59:18.273716+00:00,amazon_usa,CPU,B09FX4D72T,Intel Core i5-12600K Desktop Processor with Integrated Graphics and 10 (6P+4E) Cores up to 4.9 GHz Unlocked LGA1700 600 Series Chipset 125W,302.09,87.83,2026-10-05,4.7,2900,https://www.amazon.com/Intel-i5-12600K-Desktop-Processor-Unlocked/dp/B09FX4D72T,0.0,87.83
20261005_134359,2026-10-05T13:59:18.273716+00:00,amazon_usa,CPU,B086MG1C7D,Intel Core i9-10900KF Desktop Processor 10 Cores up to 5.3 GHz Unlocked Without Processor Graphics LGA1200 (Intel 400 Series chipset) 125W,443.59,128.97,2026-10-05,4.8,480,https://www.amazon.com/Intel-i9-10900KF-Processor-Unlocked-Graphics/dp/B086MG1C7D,0.0,128.97
20261005_134359,2026-10-05T13:59:18.273716+00:00,amazon_usa,CPU,B07HHLX1R8,"Intel Core i5-9600K Desktop Processor 6 Cores up to 4.6 GHz Turbo unlocked LGA1151 300 Series 95W, BX80684I59600K",160.66,46.71,2026-10-05,4.8,8100,https://www.amazon.com/Intel-i5-9600K-Desktop-Processor-Unlocked/dp/B07HHLX1R8,0.0,46.71
20261005_134359,2026-10-05T13:59:18.273716+00:00,amazon_usa,CPU,B09MDG1K15,"Intel Core™ i9-12900, Desktop Processor, 30MB Cache, up to 5.10GHz",630.49,183.31,2026-10-05,4.5,32,https://www.amazon.com/Intel-i9-12900-LGA1700-Processor-BBX8071512900/dp/B09MDG1K15,18.0,201.31
20261005_134359,2026-10-05T13:59:18.273716+00:00,amazon_usa,CPU,B0FSKRYSXZ,Amazon Renewed Core Ultra 9 285K Tetracosa-core [24 Core] 3.70 GHz Processor - OEM Pack - Box (Renewed),484.97,141.0,2026-10-05,5.0,2,https://www.amazon.com/Intel-Core-Ultra-Tetracosa-core-Processor/dp/B0FSKRYSXZ,0.0,141.0
20261005_134359,2026-10-05T13:59:18.273716+00:00,amazon_usa,CPU,B0DTRK5WK3,Intel Core™ Ultra 9 Desktop Processor 285 24 Cores (8 P-cores + 16 E-cores) up to 5.6 GHz,620.07,180.28,2026-10-05,4.6,26,https://www.amazon.com/Intel%C2%AE-CoreTM-Desktop-Processor-P-cores/dp/B0DTRK5WK3,18.0,198.28
20261005_134359,2026-10-05T13:59:18.273716+00:00,amazon_usa,CPU,B0CGJDKLB8,Intel Core™ i9-14900K Desktop Processor,470.49,136.79,2026-10-05,4.2,1600,https://www.amazon.com/i9-14900K-Desktop-Processor-Integrated-Graphics/dp/B0CGJDKLB8,0.0,136.79
20261005_134359,2026-10-05T13:59:18.273716+00:00,amazon_usa,CPU,B0H5KBXR26,Intel Core Ultra 9 285k - 3.7GHz - 24 Core,1477.85,429.67,2026-10-05,0.0,0,https://www.amazon.com/Intel-Core-Ultra-285k-3-7GHz/dp/B0H5KBXR26,18.0,447.67
20261005_134359,2026-10-05T13:59:18.273716+00:00,amazon_usa,CPU,B0DX7CY3GR,"Intel Ultra 9 Desktop Processor 285K - 24 cores (8P+16E) & ASUS ROG Maximus Z890 Hero ATX Motherboard, Advanced AI PC-Ready, DDR5, WiFi 7, 3X M.2, AI OC/Cooling/Networking Bundle",959.31,278.91,2026-10-05,5.0,1,https://www.amazon.com/Intel-Ultra-Desktop-Processor-285K/dp/B0DX7CY3GR,18.0,296.91
20261005_134359,2026-10-05T13:59:18.273716+00:00,amazon_usa,CPU,B0H82QLNPP,Micro Center Intel Core Ultra 9 285K CPU Bundle MSI MAG Z890 Tomahawk WF II,868.96,252.64,2026-10-05,0.0,0,https://www.amazon.com/Micro-Center-Intel-Bundle-Tomahawk/dp/B0H82QLNPP,0.0,252.64
20261005_134359,2026-10-05T13:59:18.273716+00:00,amazon_usa,CPU,B0DX7CW6N9,"Intel Ultra 9 Desktop Processor 285K - 24 cores (8P+16E) & ASUS ROG Maximus Z890 APEX ATX Motherboard, Advanced AI PC-Ready, DDR5, WiFi 7, 3X M.2, AI OC, Cooling & Networking Bundle",1138.13,330.9,2026-10-05,3.0,2,https://www.amazon.com/Intel-Ultra-Desktop-Processor-285K/dp/B0DX7CW6N9,18.0,348.9
20261005_134359,2026-10-05T13:59:18.273716+00:00,amazon_usa,CPU,B0H2Z9PLLL,"Intel Core Ultra 9 285K Desktop Processor, 24 Cores, 5.7 GHz Unlocked, 40MB Cache, Compatible with Intel 800 Series Motherboards",827.54,240.6,2026-10-05,0.0,0,https://www.amazon.com/285K-Processor-Unlocked-Compatible-Motherboards/dp/B0H2Z9PLLL,0.0,240.6
20261005_134359,2026-10-05T13:59:22.415441+00:00,amazon_usa,CPU,B0CGJDBCTK,Intel Core™ i9-14900KF New Gaming Desktop Processor 24 cores (8 P-cores + 16 E-cores) - Unlocked,438.09,127.37,2026-10-05,4.1,545,https://www.amazon.com/Intel%C2%AE-i9-14900KF-Desktop-Processor-P-cores/dp/B0CGJDBCTK,0.0,127.37
20261005_134359,2026-10-05T13:59:22.415441+00:00,amazon_usa,CPU,B0DFK8HHK4,Intel Core Ultra 5 Desktop Processor 245KF - 14 cores (6 P-cores + 8 E-cores) up to 5.2 GHz,179.85,52.29,2026-10-05,4.3,151,https://www.amazon.com/Intel-Core-Ultra-Processor-245KF/dp/B0DFK8HHK4,0.0,52.29
20261005_134359,2026-10-05T13:59:22.415441+00:00,amazon_usa,CPU,B0FVLVG6TF,"Dell Tower Plus EBT2250 Desktop PC - Intel Core Ultra 9 285K up to 5.7GHz, 128GB DDR5 RAM, 1TB NVMe SSD, NVIDIA GeForce RTX 5060 8GB GDDR7, Bluetooth, Keyboard & Mouse, Windows 11 Home",4141.74,1204.17,2026-10-05,5.0,2,https://www.amazon.com/Dell-Tower-Plus-EBT2250-Desktop/dp/B0FVLVG6TF,0.0,1204.17
20261005_134359,2026-10-05T13:59:22.415441+00:00,amazon_usa,CPU,B0F2GVXJB5,"Dell Tower Plus EBT2250 Desktop Computer - Series 2 Intel Core Ultra 9 285K 24-Core Processor up to 5.7 GHz, 64GB DDR5 RAM, 1TB NVMe SSD, Intel UHD Graphics 770, Windows 11 Home, Graphite, Black",2616.01,760.58,2026-10-05,5.0,1,https://www.amazon.com/Dell-Tower-EBT2250-Desktop-Computer/dp/B0F2GVXJB5,0.0,760.58
20261005_134359,2026-10-05T13:59:22.415441+00:00,amazon_usa,CPU,B0DYQJTBHL,"Thermaltake LCGS View u2880-380 Gaming Desktop (Intel® Core™ Ultra 9 285K, ToughRam 32GB DDR5 6400MT/s RGB Memory, NVIDIA® GeForce RTX™ 5080, 2TB NVMe M.2, WiFi, Windows 11) V38B-Z890-580-LCS",4226.63,1228.85,2026-10-05,5.0,1,https://www.amazon.com/Thermaltake-u2880-380-Desktop-ToughRam-V38B-Z890-580-LCS/dp/B0DYQJTBHL,0.0,1228.85
20261005_134359,2026-10-05T13:59:22.415441+00:00,amazon_usa,CPU,B0F4FHHBSY,"Dell Tower Plus EBT2250 Desktop Computer - Series 2 Intel Core Ultra 9 285K 24-Core Processor up to 5.7 GHz, 64GB DDR5 RAM, 4TB NVMe SSD, NVIDIA GeForce RTX 4060 8GB GDDR6, Windows 11 Pro, Graphite",3029.27,880.73,2026-10-05,5.0,1,https://www.amazon.com/Dell-Tower-EBT2250-Desktop-Computer/dp/B0F4FHHBSY,0.0,880.73
20261005_134359,2026-10-05T13:59:22.415441+00:00,amazon_usa,CPU,B0FJXCQ7VW,"HP OMEN 45L GT22 Gaming Desktop PC- Intel Core Ultra 9 285K up to 5.7 GHz Processor, 32GB DDR5 RAM, 2TB NVMe SSD, NVIDIA GeForce RTX 5070, Liquid Cooling, RGB Lighting, AI Copilot, Windows 11 Pro",2465.43,716.8,2026-10-05,5.0,2,https://www.amazon.com/45L-GT22-Desktop-Processor-Lighting/dp/B0FJXCQ7VW,0.0,716.8
20261005_134359,2026-10-05T13:59:22.415441+00:00,amazon_usa,CPU,B0G1MVHKLH,"ASUS ROG G700 Gaming Desktop PC - Intel Core Ultra 9 285K Processor, 2TB NVMe SSD, 32GB RAM, NVIDIA GeForce RTX 5060Ti 16GB, Liquid Cooling, RGB Lighting, Backlight Keyboard & Mouse, Windows 11 Home",2727.15,792.89,2026-10-05,0.0,0,https://www.amazon.com/ASUS-ROG-G700-Gaming-Desktop/dp/B0G1MVHKLH,0.0,792.89
20261005_134359,2026-10-05T13:59:22.415441+00:00,amazon_usa,CPU,B0GWKHR5VS,Acer Predator Orion 6000 Gaming Desktop | Intel Core Ultra 9 Processor 285K | NVIDIA GeForce RTX 5080 (1801 AI Tops) | 32GB DDR5 | 1TB Gen 4 SSD | Wi-Fi 7 | Windows 11 Home | PO6-605-UR18W,3635.52,1056.99,2026-10-05,5.0,1,https://www.amazon.com/Acer-Predator-Desktop-Processor-PO6-605-UR18W/dp/B0GWKHR5VS,0.0,1056.99
20261005_134359,2026-10-05T13:59:22.415441+00:00,amazon_usa,CPU,B0GS9HY88F,"Lenovo ThinkStation P2 Tower Desktop Computer | Intel Core Ultra 9 285k (24 Cores, Up to 5.7GHz) | 32GB DDR5 RAM, 1TB SSD | AI NPU for CAD & Design | WiFi 7, Bluetooth 5.4 | Wired KB & Mouse",2323.97,675.67,2026-10-05,5.0,1,https://www.amazon.com/Lenovo-ThinkStation-Desktop-Computer-Bluetooth/dp/B0GS9HY88F,0.0,675.67
20261005_134359,2026-10-05T13:59:22.415441+00:00,amazon_usa,CPU,B0FJXL575H,"HP OMEN 45L GT22 Gaming Desktop PC- Intel Core Ultra 9 285K up to 5.7 GHz Processor, 32GB DDR5 RAM, 1TB NVMe SSD, NVIDIA GeForce RTX 5070, Liquid Cooling, RGB Lighting, AI Copilot, Windows 11 Pro",2263.36,658.05,2026-10-05,5.0,1,https://www.amazon.com/45L-GT22-Desktop-Processor-Lighting/dp/B0FJXL575H,0.0,658.05
20261005_134359,2026-10-05T13:59:22.415441+00:00,amazon_usa,CPU,B0FJX7GQ6V,"HP OMEN 45L GT22 Gaming Desktop PC- Intel Core Ultra 9 285K up to 5.7 GHz Processor, 192GB DDR5 RAM, 4TB NVMe SSD, NVIDIA GeForce RTX 5070, Liquid Cooling, RGB Lighting, AI Copilot, Windows 11 Pro",5092.56,1480.61,2026-10-05,0.0,0,https://www.amazon.com/45L-GT22-Desktop-Processor-Lighting/dp/B0FJX7GQ6V,0.0,1480.61
20261005_134359,2026-10-05T13:59:22.415441+00:00,amazon_usa,CPU,B0HDNZ6KLT,"Ultra Black Plus Gaming PC Desktop Computer, Intel Core Ultra 9 285k, GeForce RTX 5090, 64GB DDR5, 4TB SSD, Wonder Vision 360 Turbo, Windows 11 Home, RGB Lighting, Ready to Use",12689.97,3689.48,2026-10-05,0.0,0,https://www.amazon.com/HYPER-CYBER-Desktop-Computer-Lighting/dp/B0HDNZ6KLT,18.0,3707.48
20261005_134359,2026-10-05T13:59:22.415441+00:00,amazon_usa,CPU,B0HDP2GHK9,"Ultra Black Plus Gaming PC Desktop Computer, Intel Core Ultra 9 285k, GeForce RTX 5090, 64GB DDR5, 2TB SSD, 360 LCD Liquid Cooler, Windows 11 Home, RGB Lighting, Ready to Use",12225.19,3554.35,2026-10-05,0.0,0,https://www.amazon.com/HYPER-CYBER-Desktop-Computer-Lighting/dp/B0HDP2GHK9,18.0,3572.35
20261005_134359,2026-10-05T13:59:22.415441+00:00,amazon_usa,CPU,B0CQ2ZKDKB,Intel Core™ i9 Desktop Processor 14900 24 Cores (8 P-cores and 16 E-cores) up to 5.8 GHz,598.16,173.91,2026-10-05,4.9,25,https://www.amazon.com/Intel%C2%AE-CoreTM-Desktop-Processor-P-cores/dp/B0CQ2ZKDKB,0.0,173.91
20261005_134359,2026-10-05T13:59:22.415441+00:00,amazon_usa,CPU,B0F4FGB1TM,"Dell Tower Plus EBT2250 Desktop Computer - Series 2 Intel Core Ultra 9 285K 24-Core Processor up to 5.7 GHz, 64GB DDR5 RAM, 2TB NVMe SSD, NVIDIA GeForce RTX 4060 8GB GDDR6, Windows 11 Pro, Graphite",2928.22,851.35,2026-10-05,3.0,2,https://www.amazon.com/Dell-Tower-EBT2250-Desktop-Computer/dp/B0F4FGB1TM,0.0,851.35
20261005_134359,2026-10-05T13:59:22.415441+00:00,amazon_usa,CPU,B0F4F57LZ4,"Dell Tower Plus EBT2250 Desktop Computer - Series 2 Intel Core Ultra 9 285K 24-Core Processor up to 5.7 GHz, 32GB DDR5 RAM, 2TB NVMe SSD, NVIDIA GeForce RTX 4060 8GB GDDR6, Windows 11 Pro, Graphite",2574.57,748.53,2026-10-05,5.0,1,https://www.amazon.com/Dell-Tower-EBT2250-Desktop-Computer/dp/B0F4F57LZ4,0.0,748.53
20261005_134359,2026-10-05T13:59:22.415441+00:00,amazon_usa,CPU,B0F8BC4FF2,Lenovo Legion T7 34IAS10 90Y6003JUS Gaming Desktop Computer - Intel Core Ultra 9 285K - 64 GB - 2 TB SSD - Tower - Storm Gray,5051.15,1468.57,2026-10-05,5.0,4,https://www.amazon.com/Lenovo-34IAS10-90Y6003JUS-Desktop-Computer/dp/B0F8BC4FF2,0.0,1468.57
20261005_134359,2026-10-05T13:59:22.415441+00:00,amazon_usa,CPU,B005404P9I,Intel Core i9-9900K Desktop Processor 8 Cores up to 5.0 GHz Turbo Unlocked LGA1151 300 Series 95W,433.48,126.03,2026-10-05,4.8,6200,https://www.amazon.com/Intel-i9-9900K-Desktop-Processor-Unlocked/dp/B005404P9I,0.0,126.03
20261005_134359,2026-10-05T13:59:22.415441+00:00,amazon_usa,CPU,B0GS9H9NYZ,"Lenovo ThinkStation P2 Tower Desktop Computer | Intel Core Ultra 9 285k (24 Cores, Up to 5.7GHz) | 64GB DDR5 RAM, 4TB SSD | AI NPU for CAD & Design | WiFi 7, Bluetooth 5.4 | Wired KB & Mouse",3535.5,1027.91,2026-10-05,0.0,0,https://www.amazon.com/Lenovo-ThinkStation-Desktop-Computer-Bluetooth/dp/B0GS9H9NYZ,0.0,1027.91
20261005_134359,2026-10-05T13:59:22.415441+00:00,amazon_usa,CPU,B0DT7BPC5Q,Intel Core™ Ultra 7 Desktop Processor 265F 20 cores (8 P-cores + 12 E-cores) up to 5.3 GHz,357.78,104.02,2026-10-05,4.2,17,https://www.amazon.com/Intel%C2%AE-CoreTM-Desktop-Processor-P-cores/dp/B0DT7BPC5Q,18.0,122.02
20261005_134359,2026-10-05T13:59:22.415441+00:00,amazon_usa,CPU,B0FCTD76ZQ,"Dell Tower Plus EBT2250 Desktop Computer - Series 2 Intel Core Ultra 9 285K 24-Core CPU up to 5.7 GHz, 32GB DDR5 RAM, 4TB NVMe SSD, NVIDIA GeForce RTX 5070 12GB GDDR7, Windows 11 Pro, Graphite",3079.8,895.42,2026-10-05,0.0,0,https://www.amazon.com/Dell-Tower-EBT2250-Desktop-Computer/dp/B0FCTD76ZQ,0.0,895.42
20261005_134359,2026-10-05T13:59:22.415441+00:00,amazon_usa,CPU,B0FCT2ZX12,"Dell Tower Plus EBT2250 Desktop Computer - Series 2 Intel Core Ultra 9 285K 24-Core CPU up to 5.7 GHz, 64GB DDR5 RAM, 4TB NVMe SSD, NVIDIA GeForce RTX 5070 12GB GDDR7, Windows 11 Pro, Graphite",3433.45,998.24,2026-10-05,3.8,7,https://www.amazon.com/Dell-Tower-EBT2250-Desktop-Computer/dp/B0FCT2ZX12,0.0,998.24
20261005_134359,2026-10-05T13:59:26.597668+00:00,amazon_usa,CPU,B0HDP4GZBF,"Ultra Black Plus Gaming PC Desktop Computer, Intel Core Ultra 9 285k, GeForce RTX 5090, 64GB DDR5, 4TB SSD, 360 LCD Liquid Cooler, Windows 11 Home, RGB Lighting, Ready to Use",12528.31,3642.48,2026-10-05,0.0,0,https://www.amazon.com/HYPER-CYBER-Desktop-Computer-Lighting/dp/B0HDP4GZBF,18.0,3660.48
20261005_134359,2026-10-05T13:59:26.597668+00:00,amazon_usa,CPU,B0FCTKPGPZ,"Dell Tower Plus EBT2250 Desktop Computer - Series 2 Intel Core Ultra 9 285K 24-Core CPU up to 5.7 GHz, 64GB DDR5 RAM, 4TB NVMe SSD, NVIDIA GeForce RTX 5070 12GB GDDR7, Windows 11 Home, Graphite",3525.38,1024.97,2026-10-05,0.0,0,https://www.amazon.com/Dell-Tower-EBT2250-Desktop-Computer/dp/B0FCTKPGPZ,0.0,1024.97
20261005_134359,2026-10-05T13:59:26.597668+00:00,amazon_usa,CPU,B0GNCCZC26,"CLX Horus Gaming PC - Intel Core Ultra 9 285K 3.7GHz, GeForce RTX 5080, 2TB NVMe M.2 SSD, 48GB DDR5 RGB Memory, 360mm AIO, WiFi, Windows 11 Home, Black, AI-Accelerated",4354.92,1266.15,2026-10-05,0.0,0,https://www.amazon.com/CLX-Horus-Gaming-PC-AI-Accelerated/dp/B0GNCCZC26,0.0,1266.15
20261005_134359,2026-10-05T13:59:26.597668+00:00,amazon_usa,CPU,B08X6PPTTH,Intel Core i9-11900K Desktop Processor 8 Cores up to 5.3 GHz Unlocked LGA1200 (Intel 500 Series & Select 400 Series Chipset) 125W,504.2,146.59,2026-10-05,4.6,1600,https://www.amazon.com/Intel-i9-11900K-Desktop-Processor-Unlocked/dp/B08X6PPTTH,0.0,146.59
20261005_134359,2026-10-05T13:59:26.597668+00:00,amazon_usa,CPU,B0DGYYP97M,ASUS ROG Strix G700 Desktop 24TB Storage + SSD 128GB DDR5 RAM Win 11 Pro NVIDIA GeForce 4060 Ti RTX 16GB GDDR6 (Intel 15th gen Core Ultra 9 285K Processor Turbo to 6.00GHz) Gaming PC Computer G700TF,4343.85,1262.93,2026-10-05,0.0,0,https://www.amazon.com/ASUS-ROG-G16CH-i9-13900KS-Processor/dp/B0DGYYP97M,0.0,1262.93
20261005_134359,2026-10-05T13:59:26.597668+00:00,amazon_usa,CPU,B0GXXJ1HFL,"Dell Tower Plus EBT2250 Desktop Computer - Series 2 Intel Core Ultra 9 285K 24-Core CPU up to 5.7 GHz, 96GB DDR5 RAM, 4TB SSD, NVIDIA GeForce RTX 5070 12GB GDDR7, Windows 11 Pro, Graphite",4343.85,1262.93,2026-10-05,0.0,0,https://www.amazon.com/Dell-Tower-Plus-EBT2250-Computer/dp/B0GXXJ1HFL,0.0,1262.93
20261005_134359,2026-10-05T13:59:26.597668+00:00,amazon_usa,CPU,B0F4G2D55L,"Dell Tower Plus EBT2250 Desktop Computer - Series 2 Intel Core Ultra 9 285K 24-Core Processor up to 5.7 GHz, 32GB DDR5 RAM, 4TB NVMe SSD, NVIDIA GeForce RTX 4060 8GB GDDR6, Windows 11 Pro, Graphite",2675.62,777.91,2026-10-05,0.0,0,https://www.amazon.com/Dell-Tower-EBT2250-Desktop-Computer/dp/B0F4G2D55L,0.0,777.91
20261005_134359,2026-10-05T13:59:26.597668+00:00,amazon_usa,CPU,B0H89TS7N9,"Lenovo IdeaCentre Next Gen AI Tower Business Desktop Computer, 24-Core Intel Ultra 9 285K, 64GB DDR5, 2TB SSD, HDMI + VGA, Wi-Fi, RJ-45, USB-C, Wired Keyboard & Mouse, Windows 11",2323.97,675.67,2026-10-05,0.0,0,https://www.amazon.com/Lenovo-IdeaCentre-Tower-Business-Computer/dp/B0H89TS7N9,0.0,675.67
20261005_134359,2026-10-05T13:59:26.597668+00:00,amazon_usa,CPU,B0FCSSQXSH,"Dell Tower Plus EBT2250 Desktop Computer - Series 2 Intel Core Ultra 9 285K 24-Core CPU up to 5.7 GHz, 32GB DDR5 RAM, 2TB NVMe SSD, NVIDIA GeForce RTX 5070 12GB GDDR7, Windows 11 Pro, Graphite",2928.22,851.35,2026-10-05,0.0,0,https://www.amazon.com/Dell-Tower-EBT2250-Desktop-Computer/dp/B0FCSSQXSH,0.0,851.35
20261005_134359,2026-10-05T13:59:26.597668+00:00,amazon_usa,CPU,B0HFYDC6JT,Core Ultra 9 AI Workstation - Intel Core Ultra 9 285K - ARC PRO B70-32GB - 2TB SSD - Windows 11 Pro - 1000W PSU,3838.62,1116.04,2026-10-05,0.0,0,https://www.amazon.com/AVGPC-Core-Ultra-AI-Workstation/dp/B0HFYDC6JT,0.0,1116.04
20261005_134359,2026-10-05T13:59:26.597668+00:00,amazon_usa,CPU,B0GMK6T3Q4,"Dell Tower Plus EBT2250 Desktop Computer - Series 2 Intel Core Ultra 9 285K CPU, 32GB DDR5 RAM, 1TB NVMe SSD + 2TB HDD, NVIDIA GeForce RTX 5060 8GB GDDR7, Windows 11 Pro, Graphite",2574.57,748.53,2026-10-05,0.0,0,https://www.amazon.com/Dell-Tower-EBT2250-Desktop-Computer/dp/B0GMK6T3Q4,0.0,748.53
20261005_134359,2026-10-05T13:59:26.597668+00:00,amazon_usa,CPU,B0FL2NVK1B,HP Z2 G1i Workstation - Tower - Intel Core Ultra 9 285K - 32 GB RAM - 1 TB SSD - NVIDIA 16 GB Graphics - Intel W880 Chip - Windows 11 Pro - English Keyboard - Ethernet - Black,4040.69,1174.79,2026-10-05,0.0,0,https://www.amazon.com/HP-Z2-G1i-Workstation-Generation/dp/B0FL2NVK1B,0.0,1174.79
20261005_134359,2026-10-05T13:59:26.597668+00:00,amazon_usa,CPU,B0CQ24VW72,Intel Core i9-14900 Desktop Processor 24 cores (8 P-cores + 16 E-cores) up to 5.8 GHz,598.16,173.91,2026-10-05,4.5,40,https://www.amazon.com/Intel-i9-14900-Desktop-Processor-P-cores/dp/B0CQ24VW72,0.0,173.91
20261005_134359,2026-10-05T13:59:26.597668+00:00,amazon_usa,CPU,B0F2H5Z356,"Dell Tower Plus EBT2250 Desktop Computer - Series 2 Intel Core Ultra 9 285K 24-Core Processor up to 5.7 GHz, 64GB DDR5 RAM, 8TB NVMe SSD, Intel UHD Graphics, Windows 11 Pro, Graphite - EBT 2250",3434.44,998.53,2026-10-05,0.0,0,https://www.amazon.com/Dell-Tower-EBT2250-Desktop-Computer/dp/B0F2H5Z356,0.0,998.53
20261005_134359,2026-10-05T13:59:26.597668+00:00,amazon_usa,CPU,B08X6KQSZ1,Intel Core™ i9-11900KF Desktop Processor 8 Cores up to 5.3 GHz Unlocked LGA1200 (Intel® 500 Series & Select 400 Series Chipset) 125W,403.18,117.22,2026-10-05,4.5,396,https://www.amazon.com/Intel-i9-11900KF-Desktop-Processor-Unlocked/dp/B08X6KQSZ1,0.0,117.22
20261005_134359,2026-10-05T13:59:26.597668+00:00,amazon_usa,CPU,B0F22M26VY,"Skytech Gaming Legacy 4 Gaming PC, Intel Ultra 9 285K 5.5GHz, NVIDIA RTX 5080 16GB VRAM, Z890 Board, 2TB Gen4 NVMe SSD, 64GB DDR5 RAM 6000, 1000W Gold ATX 3 PSU, 420 ARGB AIO, WI-FI 7, Windows 11",4041.72,1175.09,2026-10-05,3.1,15,https://www.amazon.com/Skytech-Gaming-Legacy-Desktop-NVIDIA/dp/B0F22M26VY,0.0,1175.09
20261005_134359,2026-10-05T13:59:26.597668+00:00,amazon_usa,CPU,B0GS9H9NZ1,"Lenovo ThinkStation P2 Tower Desktop Computer | Intel Core Ultra 9 285k (24 Cores, Up to 5.7GHz) | 32GB DDR5 RAM, 2TB SSD | AI NPU for CAD & Design | WiFi 7, Bluetooth 5.4 | Wired KB & Mouse",2627.09,763.8,2026-10-05,0.0,0,https://www.amazon.com/Lenovo-ThinkStation-Desktop-Computer-Bluetooth/dp/B0GS9H9NZ1,0.0,763.8
20261005_134359,2026-10-05T13:59:26.597668+00:00,amazon_usa,CPU,B0FGK5ZKJV,"HP Omen 45L RTX 5080 Gaming Desktop, Intel Ultra 9 285K, NVIDIA RTX 5080, 64GB DDR5 RAM, 4TB SSD, RGB Light Studio, DP, RJ-45, Bundle with Thunderobot KG3089R Gaming Keyboard",3869.92,1125.14,2026-10-05,0.0,0,https://www.amazon.com/HP-Desktop-Thunderobot-KG3089R-Keyboard/dp/B0FGK5ZKJV,0.0,1125.14
20261005_134359,2026-10-05T13:59:26.597668+00:00,amazon_usa,CPU,B0HFWHFW49,"Lenovo ThinkStation P2 Tower Desktop Computer | Intel Core Ultra 9 285k (24 Cores, Up to 5.7GHz) | 64GB DDR5 RAM, 1TB SSD | AI NPU for CAD & Design | WiFi 7, Bluetooth 5.4 | Win11, Wired KB & Mouse",2930.25,851.94,2026-10-05,0.0,0,https://www.amazon.com/Lenovo-ThinkStation-Desktop-Computer-Bluetooth/dp/B0HFWHFW49,0.0,851.94
20261005_134359,2026-10-05T13:59:26.597668+00:00,amazon_usa,CPU,B0H89TQN7P,"Lenovo IdeaCentre Next Gen AI Tower Business Desktop Computer, 24-Core Intel Ultra 9 285K, 64GB DDR5, 1TB SSD, HDMI + VGA, Wi-Fi, RJ-45, USB-C, Wired Keyboard & Mouse, Windows 11",1919.79,558.16,2026-10-05,0.0,0,https://www.amazon.com/Lenovo-IdeaCentre-Tower-Business-Computer/dp/B0H89TQN7P,0.0,558.16
20261005_134359,2026-10-05T13:59:26.597668+00:00,amazon_usa,CPU,B0F2GWJ2L3,"Dell Tower Plus EBT2250 Desktop Computer - Series 2 Intel Core Ultra 9 285K 24-Core Processor up to 5.7 GHz, 32GB DDR5 RAM, 2TB NVMe SSD, Intel UHD Graphics, Windows 11 Pro, Graphite - EBT 2250",2271.45,660.4,2026-10-05,0.0,0,https://www.amazon.com/Dell-Tower-EBT2250-Desktop-Computer/dp/B0F2GWJ2L3,0.0,660.4
20261005_134359,2026-10-05T13:59:26.597668+00:00,amazon_usa,CPU,B0FJX9L6QB,"HP OMEN 45L GT22 Gaming Desktop PC- Intel Core Ultra 9 285K up to 5.7 GHz Processor, 128GB DDR5 RAM, 1TB NVMe SSD, NVIDIA GeForce RTX 5070, Liquid Cooling, RGB Lighting, AI Copilot, Windows 11 Pro",3809.32,1107.52,2026-10-05,0.0,0,https://www.amazon.com/45L-GT22-Desktop-Processor-Lighting/dp/B0FJX9L6QB,0.0,1107.52
20261005_134359,2026-10-05T13:59:30.999841+00:00,amazon_usa,CPU,B0F4F2NFT9,"Envision S12 SFF 24-Core CPU, 64GB DDR5 RAM, 2TB SSD Workstation Desktop PC",1919.79,558.16,2026-10-05,5.0,2,https://www.amazon.com/Envision-Intel-Ultra-270K-24-Core/dp/B0F4F2NFT9,0.0,558.16
20261005_134359,2026-10-05T13:59:30.999841+00:00,amazon_usa,CPU,B0961GW1W4,Amazon Renewed Core i9-11900K Desktop Processor 8 Cores up to 5.3 GHz Unlocked LGA1200 (Intel 500 Series & Select 400 Series Chipset) 125W (Renewed),373.84,108.69,2026-10-05,4.1,21,https://www.amazon.com/Intel-i9-11900K-Desktop-Processor-Unlocked/dp/B0961GW1W4,0.0,108.69
20261005_134359,2026-10-05T13:59:30.999841+00:00,amazon_usa,CPU,B0F2GVLX8K,"Dell Tower Plus EBT2250 Desktop Computer - Series 2 Intel Core Ultra 9 285K 24-Core Processor up to 5.7 GHz, 64GB DDR5 RAM, 4TB NVMe SSD, Intel UHD Graphics 770, Windows 11 Pro, Platinum, Silver",2828.2,822.27,2026-10-05,1.0,1,https://www.amazon.com/Dell-Tower-EBT2250-Desktop-Computer/dp/B0F2GVLX8K,0.0,822.27
20261005_134359,2026-10-05T13:59:30.999841+00:00,amazon_usa,CPU,B0BPXCRWB2,"Intel Core i9-13900KS Desktop Processor 24 cores (8 P-cores + 16 E-cores) 36MB Cache, up to 6.0 GHz",656.77,190.95,2026-10-05,4.3,144,https://www.amazon.com/Intel-i9-13900KS-Desktop-Processor-P-cores/dp/B0BPXCRWB2,0.0,190.95
20261005_134359,2026-10-05T13:59:30.999841+00:00,amazon_usa,CPU,B0HH3G8JNZ,"Dell Alienware Aurora Gaming Desktop, Intel Core Ultra 9 285K, NVIDIA GeForce RTX 5080 16GB GDDR7, 64GB DDR5, 3TB Storage (2TB SSD+1TB Docking Station), Keyboard & Mouse, Wi-Fi 7, Win 11 Pro, Black",5526.04,1606.64,2026-10-05,0.0,0,https://www.amazon.com/Dell-Alienware-Aurora-Desktop-Keyboard/dp/B0HH3G8JNZ,0.0,1606.64
20261005_134359,2026-10-05T13:59:30.999841+00:00,amazon_usa,CPU,B0HFWGRBMC,"Lenovo ThinkStation P2 Tower Desktop Computer | Intel Core Ultra 9 285k (24 Cores, Up to 5.7GHz) | 32GB DDR5 RAM, 1TB SSD | AI NPU for CAD & Design | WiFi 7, Bluetooth 5.4 | Win11, Wired KB & Mouse",2323.97,675.67,2026-10-05,0.0,0,https://www.amazon.com/Lenovo-ThinkStation-Desktop-Computer-Bluetooth/dp/B0HFWGRBMC,0.0,675.67
20261005_134359,2026-10-05T13:59:30.999841+00:00,amazon_usa,CPU,B0DVCJPWLC,"CLX Set Gaming PC - Intel Core Ultra 9 285K 3.7GHz, RTX 5080, 2TB NVMe M.2 SSD, 4TB HDD, 64GB DDR5 Memory, 360mm AIO, WiFi, Windows 11 Home, Black",4850.04,1410.1,2026-10-05,3.9,4,https://www.amazon.com/CLX-Set-Gaming-PC-Windows/dp/B0DVCJPWLC,0.0,1410.1
20261005_134359,2026-10-05T13:59:30.999841+00:00,amazon_usa,CPU,B0HH8WV5ZJ,"Lenovo IdeaCentre Tower Desktop Computer, Intel Ultra 9 285K (24-core), 16GB DDR5, 512GB SSD, Office 365 for The Web, HDMI + VGA, Wi-Fi 6E, Wired Keyboard & Mouse, Windows 11",1717.72,499.41,2026-10-05,0.0,0,https://www.amazon.com/Lenovo-IdeaCentre-Tower-Computer-Keyboard/dp/B0HH8WV5ZJ,0.0,499.41
20261005_134359,2026-10-05T13:59:30.999841+00:00,amazon_usa,CPU,B0DVCG9MKH,"CLX Horus Gaming PC - Intel Core Ultra 9 285K 3.7GHz, RTX 5080, 2TB NVMe M.2 SSD, 8TB HDD, 96GB DDR5 RGB Memory, 360mm AIO, WiFi, Windows 11 Home, Black",5516.92,1603.99,2026-10-05,3.5,12,https://www.amazon.com/CLX-Horus-Gaming-PC-Windows/dp/B0DVCG9MKH,0.0,1603.99
20261005_134359,2026-10-05T13:59:30.999841+00:00,amazon_usa,CPU,B075VWFFJR,"Centaurus Warrior 2U Gaming Desktop, Intel Ultra 9 285K 24-Core, GeForce RTX 5070, 2TB NVMe SSD, 32GB DDR5 RAM, Windows 11 PRO, WiFi, Liquid Cooler. Fast VR Ready 4K Computer PC for Games, Video",2522.98,733.53,2026-10-05,3.8,4,https://www.amazon.com/Centaurus-Warrior-Gaming-Computer-Aftermarket/dp/B075VWFFJR,0.0,733.53
20261005_134359,2026-10-05T13:59:30.999841+00:00,amazon_usa,CPU,B0GHSMK11R,"HP 0MEN 45L RTX 5080, 24-Core 270K Plus, 32GB DDR5 RAM, 2TB Gen4 NVMe SSD Gaming PC Desktop w/Liquid Cooled Intel CPU (>Ultra 9 285K), 1200W Gold PSU, WiFi 6E, 40Gbps Thunderbolt, Windows 11 Pro",3000.96,872.5,2026-10-05,0.0,0,https://www.amazon.com/Desktop-24-Core-Liquid-Cooled-PC-Accessories/dp/B0GHSMK11R,0.0,872.5
20261005_134359,2026-10-05T13:59:30.999841+00:00,amazon_usa,CPU,B0CQ1FC8WZ,Intel Core i9-14900F Desktop Processor 24 cores (8 P-cores + 16 E-cores) up to 5.8 GHz,570.89,165.98,2026-10-05,4.2,24,https://www.amazon.com/Intel-i9-14900F-Desktop-Processor-P-cores/dp/B0CQ1FC8WZ,0.0,165.98
20261005_134359,2026-10-05T13:59:30.999841+00:00,amazon_usa,CPU,B0FH5SJG12,"CPU Solutions VidCore Core Ultra 9 Video Editing PC, HD 4K 8K 3D Modeling Computer, 285K to 5.7Ghz 24 Core, 64GB RAM, 2000GB NVMe SSD, Quadro RTX 2000 ADA",3435.44,998.82,2026-10-05,5.0,1,https://www.amazon.com/CPU-Solutions-VidCore-Modeling-Computer/dp/B0FH5SJG12,0.0,998.82
20261005_134359,2026-10-05T13:59:30.999841+00:00,amazon_usa,CPU,B07HHN6KBZ,Intel Core i7-9700K Desktop Processor 8 Cores up to 4.9 GHz Turbo unlocked LGA1151 300 Series 95W,232.65,67.64,2026-10-05,4.8,10400,https://www.amazon.com/Intel-i7-9700K-Desktop-Processor-Unlocked/dp/B07HHN6KBZ,0.0,67.64
20261005_134359,2026-10-05T13:59:30.999841+00:00,amazon_usa,CPU,B089DJZV7F,Amazon Renewed Core i9-9900K Desktop Processor 8 Cores up to 5.0 GHz Turbo unlocked LGA1151 300 Series 95W (Renewed),287.95,83.72,2026-10-05,3.8,14,https://www.amazon.com/Intel-i9-9900K-Desktop-Processor-unlocked/dp/B089DJZV7F,0.0,83.72
20261005_134359,2026-10-05T13:59:30.999841+00:00,amazon_usa,CPU,B0F8RKR1TS,"Thermaltake Reactor u2870T Gaming Desktop (Intel® Core™ Ultra 9 285K, ToughRam 32GB DDR5 6400MT/s RGB Memory, NVIDIA® GeForce RTX™ 5070 Ti, 2TB NVMe M.2, WiFi, Windows 11) T6BK-Z890-57T-LCS",3334.39,969.44,2026-10-05,5.0,3,https://www.amazon.com/Thermaltake-Reactor-Desktop-ToughRam-T6BK-Z890-57T-LCS/dp/B0F8RKR1TS,0.0,969.44
20261005_134359,2026-10-05T13:59:30.999841+00:00,amazon_usa,CPU,B0FGK2138W,"HP Omen 45L RTX 5080 Gaming Desktop, Intel Ultra 9 285K, NVIDIA RTX 5080, 64GB DDR5 RAM, 2TB SSD, RGB Light Studio, DP, RJ-45, Bundle with Thunderobot KG3089R Gaming Keyboard",3738.56,1086.95,2026-10-05,0.0,0,https://www.amazon.com/HP-Desktop-Thunderobot-KG3089R-Keyboard/dp/B0FGK2138W,0.0,1086.95
20261005_134359,2026-10-05T13:59:30.999841+00:00,amazon_usa,CPU,B0GS9H615J,"Lenovo ThinkStation P2 Tower Desktop Computer | Intel Core Ultra 9 285k (24 Cores, Up to 5.7GHz) | 64GB DDR5 RAM, 2TB SSD | AI NPU for CAD & Design | WiFi 7, Bluetooth 5.4 | Wired KB & Mouse",3233.37,940.07,2026-10-05,2.5,2,https://www.amazon.com/Lenovo-ThinkStation-Desktop-Computer-Bluetooth/dp/B0GS9H615J,0.0,940.07
20261005_134359,2026-10-05T13:59:30.999841+00:00,amazon_usa,CPU,B0H8FHS9XF,"Lenovo IdeaCentre Next Gen AI Tower Business Desktop Computer, 24-Core Intel Ultra 9 285K, 32GB DDR5, 1TB SSD, HDMI + VGA, Wi-Fi, RJ-45, USB-C, Wired Keyboard & Mouse, Windows 11",1515.65,440.66,2026-10-05,0.0,0,https://www.amazon.com/Lenovo-IdeaCentre-Tower-Business-Computer/dp/B0H8FHS9XF,0.0,440.66
20261005_134359,2026-10-05T13:59:30.999841+00:00,amazon_usa,CPU,B0H6YK45H4,"Dell Tower Plus EBT2250 Desktop Computer - Series 2 Intel Core Ultra 9 285K 24-Core CPU up to 5.7 GHz, 32GB DDR5 RAM, 4TB SSD + 1TB SSD, NVIDIA GeForce RTX 5070 12GB GDDR7, Windows 11 Pro, Graphite",3383.92,983.84,2026-10-05,0.0,0,https://www.amazon.com/Dell-Tower-Plus-EBT2250-Computer/dp/B0H6YK45H4,0.0,983.84
20261005_134359,2026-10-05T13:59:30.999841+00:00,amazon_usa,CPU,B0GT22W9BD,"Dell Alienware Area-51 AAT2250 Gaming PC - Intel Core Ultra 9 285K (24-Core), NVIDIA GeForce RTX 5080 16GB GDDR7, 32GB DDR5 6400 RAM, 2TB NVMe SSD, WiFi 7, 360mm Liquid Cooling, Windows 11",5354.27,1556.7,2026-10-05,5.0,2,https://www.amazon.com/Dell-Alienware-Area-51-AAT2250-Gaming/dp/B0GT22W9BD,0.0,1556.7
20261005_134359,2026-10-05T13:59:30.999841+00:00,amazon_usa,CPU,B089J731BX,Intel Core i9-9900K Desktop Processor 8 Cores up to 5.0GHz Unlocked LGA1151 300 Series 95W (BX806849900K),393.58,114.43,2026-10-05,4.8,1800,https://www.amazon.com/Intel-i9-9900K-Processor-Unlocked-BX806849900K/dp/B089J731BX,0.0,114.43
20261005_134359,2026-10-05T13:59:30.999841+00:00,amazon_usa,CPU,B0DGWGG826,"ASUS ROG Strix G700 Desktop 4TB SSD 64GB DDR5 RAM Win 11 Pro (Intel 15th gen Core Ultra 9 285K Processor Turbo Boost to 6.00GHz, NVIDIA GeForce 4060Ti RTX 8GB GDDR6) Gaming PC Computer G700TF",3333.39,969.15,2026-10-05,2.0,1,https://www.amazon.com/ASUS-ROG-G16CH-i9-13900KS-Processor/dp/B0DGWGG826,0.0,969.15
20261005_134359,2026-10-05T13:59:35.874277+00:00,amazon_usa,CPU,B0H6BJKVJG,"STORMCRAFT Gaming PC, Ultra 7 270K Plus, RTX 5070 Ti, 32GB DDR5 1TB SSD",2526.07,734.43,2026-10-05,0.0,0,https://www.amazon.com/STORMCRAFT-Gaming-Ultra-270K-Plus/dp/B0H6BJKVJG,0.0,734.43
20261005_134359,2026-10-05T13:59:35.874277+00:00,amazon_usa,CPU,B0DSY65XJ6,"Centaurus Apollo 2 Gaming PC Intel Core Ultra 9 285K, GeForce RTX 5070 GPU, 64GB DDR5 RAM, 2TB NVMe SSD, Windows 11 PRO. Panoramic Glass Window. Liquid Cooler. Custom Desktop Computer, Stress-Tested",2748.33,799.05,2026-10-05,0.0,0,https://www.amazon.com/Centaurus-Apollo-Panoramic-Computer-Stress-Tested/dp/B0DSY65XJ6,18.0,817.05
20261005_134359,2026-10-05T13:59:35.874277+00:00,amazon_usa,CPU,B0HCZLQP4T,"Ultra Black Plus Gaming PC Desktop Computer, Intel Core Ultra 9 285k, GeForce RTX 5090, 32GB DDR5, 4TB SSD, Wonder Vision 360 Turbo ARGB, Windows 11 Home, RGB Lighting, Ready to Use",12043.31,3501.47,2026-10-05,0.0,0,https://www.amazon.com/HYPER-CYBER-Desktop-Computer-Lighting/dp/B0HCZLQP4T,18.0,3519.47
20261005_134359,2026-10-05T13:59:35.874277+00:00,amazon_usa,CPU,B0HH3MX65B,"Dell Alienware Aurora Gaming Desktop, Intel Core Ultra 9 285K, NVIDIA GeForce RTX 5080 16GB GDDR7, 32GB DDR5, 2TB Storage (1TB SSD+1TB Docking Station Set), Keyboard & Mouse, Wi-Fi 7, Win 11, Black",4778.33,1389.25,2026-10-05,0.0,0,https://www.amazon.com/Dell-Alienware-Aurora-Desktop-Keyboard/dp/B0HH3MX65B,0.0,1389.25
20261005_134359,2026-10-05T13:59:35.874277+00:00,amazon_usa,CPU,B0H4628D1M,"Lenovo Legion Tower 7i Gen 10 Gaming Desktop PC, RTX 5080 16GB GDDR7, Intel Core Ultra 9 285K, 64GB DDR5 5600MT/s, 2TB SSD, Legion Coldfront Cooling, Windows 11 Pro, KB & Mouse",4950.09,1439.19,2026-10-05,5.0,4,https://www.amazon.com/Lenovo-Legion-Tower-7i-5080/dp/B0H4628D1M,0.0,1439.19
20261005_134359,2026-10-05T13:59:35.874277+00:00,amazon_usa,CPU,B0HFYFPSSY,APC Helios GX601 White - Intel Core Ultra 9-285K 24 core 5.7GHz - Radeon RX 9070 XT - 2TB NVMe SSD - 32GB DDR5-850W - Windows 11 Liquid Cooled Gaming Desktop PC WiFi RGB,3686.04,1071.68,2026-10-05,0.0,0,https://www.amazon.com/APC-Helios-GX601-White-DDR5-850W/dp/B0HFYFPSSY,0.0,1071.68
20261005_134359,2026-10-05T13:59:35.874277+00:00,amazon_usa,CPU,B0DVMSZ4Z5,"Panorama RTX 5080 16GB, 24-Core 270K Plus (>Ultra 9 285K), 64GB DDR5 RAM, 2TB Gen4 NVMe SSD, Gaming Desktop PC w/Windows 11 Pro, 3-Year Warranty, Keyboard+Mouse, Internal Wi-Fi 6E",4243.79,1233.84,2026-10-05,5.0,2,https://www.amazon.com/Panorama-RTX-5090-Gaming-Desktop/dp/B0DVMSZ4Z5,0.0,1233.84
20261005_134359,2026-10-05T13:59:35.874277+00:00,amazon_usa,CPU,B07MGBZWDZ,Intel BX80684I99900KF Intel Core i9-9900KF Desktop Processor 8 Cores up to 5.0 GHz Turbo Unlocked Without Processor Graphics LGA1151 300 Series 95W,413.26,120.15,2026-10-05,4.6,2400,https://www.amazon.com/Intel-BX80684I99900KF-i9-9900KF-Processor-Unlocked/dp/B07MGBZWDZ,0.0,120.15
20261005_134359,2026-10-05T13:59:35.874277+00:00,amazon_usa,CPU,B0FJHPWYC8,"Dell Tower Plus EBT2250 Desktop Computer - Series 2 Intel Core Ultra 9 285K 24-Core CPU up to 5.7 GHz, 64GB DDR5 RAM, 2TB NVMe SSD, NVIDIA GeForce RTX 5060 8GB GDDR7, Windows 11 Pro, Graphite",3028.24,880.43,2026-10-05,0.0,0,https://www.amazon.com/Dell-Tower-EBT2250-Desktop-Computer/dp/B0FJHPWYC8,0.0,880.43
20261005_134359,2026-10-05T13:59:35.874277+00:00,amazon_usa,CPU,B086MHSTVD,Intel Core i9-10900K Desktop Processor 10 Cores up to 5.3 GHz Unlocked LGA1200 (Intel 400 Series Chipset) 125W,605.25,175.97,2026-10-05,4.7,1200,https://www.amazon.com/Intel-i9-10900K-Desktop-Processor-Unlocked/dp/B086MHSTVD,0.0,175.97
20261005_134359,2026-10-05T13:59:35.874277+00:00,amazon_usa,CPU,B0GTTWXLWZ,"STORMCRAFT Falcon U7 270K Plus PC Gaming,RTX 5060 Ti 16GB,32GB DDR5,1TB SSD",1970.32,572.85,2026-10-05,4.6,4,https://www.amazon.com/STORMCRAFT-Falcon-270K-Plus-Gaming/dp/B0GTTWXLWZ,0.0,572.85
20261005_134359,2026-10-05T13:59:35.874277+00:00,amazon_usa,CPU,B0HDP5S4Z3,"Ultra Black Plus Gaming PC Desktop Computer, Intel Core Ultra 9 285k, GeForce RTX 5090, 64GB DDR5, 1TB SSD, 360 LCD Liquid Cooler, Windows 11 Home, RGB Lighting, Ready to Use",12043.31,3501.47,2026-10-05,0.0,0,https://www.amazon.com/HYPER-CYBER-Desktop-Computer-Lighting/dp/B0HDP5S4Z3,18.0,3519.47
20261005_134359,2026-10-05T13:59:35.874277+00:00,amazon_usa,CPU,B0CT6TN7G6,"Dell Tower Plus EBT2250 Desktop 4TB SSD 64GB DDR5 RAM Win 11 Pro (Intel Core Ultra 9 285K Processor with Turbo Boost to 5.7GHz, 64 GB RAM, 4 TB SSD) Business PC Computer (Formerly XPS 8960)",2675.62,777.91,2026-10-05,3.0,8,https://www.amazon.com/Dell-generation-i9-14900K-Processor-Business/dp/B0CT6TN7G6,0.0,777.91
20261005_134359,2026-10-05T13:59:35.874277+00:00,amazon_usa,CPU,B0HDP3R95R,"Ultra Black Plus Gaming PC Desktop Computer, Intel Core Ultra 9 285k, GeForce RTX 5090, 64GB DDR5, 1TB SSD, Wonder Vision 360 Turbo, Windows 11 Home, RGB Lighting, Ready to Use",12204.96,3548.47,2026-10-05,0.0,0,https://www.amazon.com/HYPER-CYBER-Desktop-Computer-Lighting/dp/B0HDP3R95R,18.0,3566.47
20261005_134359,2026-10-05T13:59:35.874277+00:00,amazon_usa,CPU,B0HDP3LCKV,"Ultra Black Plus Gaming PC Desktop Computer, Intel Core Ultra 9 285k, GeForce RTX 5080, 64GB DDR5, 2TB SSD, 360 LCD Liquid Cooler, Windows 11 Home, RGB Lighting, Ready to Use",6223.22,1809.34,2026-10-05,0.0,0,https://www.amazon.com/HYPER-CYBER-Desktop-Computer-Lighting/dp/B0HDP3LCKV,18.0,1827.34
20261005_134359,2026-10-05T13:59:35.874277+00:00,amazon_usa,CPU,B0HFN6D59Z,"NOVA Gaming PC Desktop Computer, Intel Core Ultra 9 285k, GeForce RTX 5090, 32GB DDR5, 4TB SSD, 360 LCD Liquid Cooler, Windows 11 Home, RGB Lighting, Ready to Use",11719.96,3407.46,2026-10-05,0.0,0,https://www.amazon.com/Desktop-Computer-GeForce-Windows-Lighting/dp/B0HFN6D59Z,0.0,3407.46
20261005_134359,2026-10-05T13:59:35.874277+00:00,amazon_usa,CPU,B0HFWPTH61,"Lenovo ThinkStation P2 Tower Desktop Computer | Intel Core Ultra 9 285k (24 Cores, Up to 5.7GHz) | 32GB DDR5 RAM, 2TB SSD | AI NPU for CAD & Design | WiFi 7, Bluetooth 5.4 | Win11, Wired KB & Mouse",2526.07,734.43,2026-10-05,0.0,0,https://www.amazon.com/Lenovo-ThinkStation-Desktop-Computer-Bluetooth/dp/B0HFWPTH61,0.0,734.43
20261005_134359,2026-10-05T13:59:35.874277+00:00,amazon_usa,CPU,B0DY7GQDN5,"YEYIAN Mirage S Gaming PC Desktop - Intel Core Ultra 9 285K 5.7GHz,RTX 5080 16GB GDDR7, 32GB DDR5 6000, 2TB NVMe Gen4 SSD,Intel Z890 MB,AIO 360mm Liquid Cooled",3758.79,1092.83,2026-10-05,2.7,3,https://www.amazon.com/YEYIAN-Mirage-Gaming-Desktop-5-7GHz/dp/B0DY7GQDN5,0.0,1092.83
20261005_134359,2026-10-05T13:59:35.874277+00:00,amazon_usa,CPU,B0GMKY194Q,"Dell Tower Plus EBT2250 Desktop Computer - Series 2 Intel Core Ultra 9 285K CPU, 32GB DDR5 RAM, 1TB NVMe SSD + 1TB HDD, NVIDIA GeForce RTX 5060 Ti 16GB GDDR7, Windows 11 Pro, Graphite",2726.15,792.6,2026-10-05,0.0,0,https://www.amazon.com/Dell-Tower-EBT2250-Desktop-Computer/dp/B0GMKY194Q,0.0,792.6
20261005_134359,2026-10-05T13:59:35.874277+00:00,amazon_usa,CPU,B0F2GV5C7K,"Dell Tower Plus EBT2250 Desktop Computer - Series 2 Intel Core Ultra 9 285K 24-Core Processor up to 5.7 GHz, 32GB DDR5 RAM, 2TB NVMe SSD, Intel UHD Graphics, Windows 11 Home, Graphite - EBT 2250",2219.92,645.42,2026-10-05,0.0,0,https://www.amazon.com/Dell-Tower-EBT2250-Desktop-Computer/dp/B0F2GV5C7K,0.0,645.42
20261005_134359,2026-10-05T13:59:43.688592+00:00,aliexpress,CPU,3256809976564341,15th generation CPU Intel Core Ultra 9 285K Z890 main board RTX40 series 4080S/4090D graphics card,24285.42,7060.74,2026-10-05,0.0,0,,0.0,7060.74
20261005_134359,2026-10-05T13:59:43.688592+00:00,aliexpress,CPU,3256812109462227,For 15th Gen Intel Core Ultra 9 285K CPU Z890 Motherboard Compatible with RTX 40 Series Graphics Cards Including RTX 4080S,23405.63,6804.95,2026-10-05,0.0,0,,0.0,6804.95
20261005_134359,2026-10-05T13:59:43.688592+00:00,aliexpress,CPU,3256810615537589,New AS-US ROG STRIX Z890-A GAMING WIFI DDR5 5G Lan WIFI7 PCIe5.0  LGA 1851 CPU for 15th CPU Ultra 9/7/5 285K 265K 245K Processor,1685.35,490.0,2026-10-05,0.0,0,,0.0,490.0
20261005_134359,2026-10-05T13:59:43.688592+00:00,aliexpress,CPU,3256812273368127,Ultra 5 245KF Intel Core Ultra 5 245KF CPU processor 3.6GHz 14 cores 14 threads LGA 1851 New but without Cooler,644.87,187.49,2026-10-05,0.0,0,,0.0,187.49
20261005_134359,2026-10-05T13:59:43.688592+00:00,aliexpress,CPU,3256809512387005,"Vision Elite(Tower) Gaming Desktop,Intel Ultra9 285K , RTX 5090, DDR5 6000",8485.04,2466.94,2026-10-05,0.0,0,,0.0,2466.94
20261005_134359,2026-10-05T13:59:43.688592+00:00,aliexpress,CPU,3256808193859180,"Intel Core i5 14600KF I5-14600KF New CPU processor LGA 1700 , but without cooler",928.32,269.9,2026-10-05,4.6,0,,0.0,269.9
20261005_134359,2026-10-05T13:59:43.688592+00:00,aliexpress,CPU,3256810108964213,Intel Xeon 2680 V4 E5-2680V4 CPU 2.4 GHz fourteen cores 35M 120W 14nm LGA 2011-3,58.23,16.93,2026-10-05,4.9,0,,0.0,16.93
20261005_134359,2026-10-05T13:59:43.688592+00:00,aliexpress,CPU,3256809597511982,AMD Ryzen 9 9950X3D 170W 4.3GHz Gaming Processor 4NM L3=128M 16-Core 32-Thread R9 9950X3D DDR5 Socket AM5 but without  fan,2397.16,696.95,2026-10-05,4.6,0,,0.0,696.95
20261005_134359,2026-10-05T13:59:43.688592+00:00,aliexpress,CPU,3256807956888892,MOREFINE M9PRO Mini PC 12900H Intel Core i9 Gaming Mini PC i5 12500H i7 12800H RAM 16G 512G NVME Desktop Portable Windows 11Pro,2272.51,660.71,2026-10-05,5.0,0,,0.0,660.71
20261005_134359,2026-10-05T13:59:43.688592+00:00,aliexpress,CPU,3256810558380932,MINISFORUM BD895i SE/BD775i SE Motherboard Mini-ITX AMD Ryzen 9 8945HX/Ryzen 7 7745HX 2*DDR5 PCIe5.0x16 2.5G Lan Gaming Computer,1324.83,385.18,2026-10-05,5.0,0,,0.0,385.18
20261005_134359,2026-10-05T13:59:43.688592+00:00,aliexpress,CPU,3256801212322036,"N6 Mini PC Intel Twin Lake N150 8GB/16GB 512GB/1TB Windows 11 Pro GK3 PLUS Gaming Computer, 4K 60Hz HDMI VGA Win11 Minipc",575.19,167.23,2026-10-05,4.8,0,,0.0,167.23
20261005_134359,2026-10-05T13:59:43.688592+00:00,aliexpress,CPU,3256805423809715,Core i5 650 Processor 3.2 GHz Dual-Core 4MB Cache Socket LGA 1156 32nm 73W Desktop CPU I5-650,31.33,9.11,2026-10-05,4.5,0,,0.0,9.11
20261005_134359,2026-10-05T13:59:50.931574+00:00,amazon_usa,CPU,B0HGMML713,Intel 20-Core Ultra 7 265K LGA1851 Desktop Tray Processor (up to 5.5GHz),303.12,88.13,2026-10-05,0.0,0,https://www.amazon.com/20-Core-Ultra-265K-LGA1851-Processor/dp/B0HGMML713,0.0,88.13
20261005_134359,2026-10-05T13:59:50.931574+00:00,amazon_usa,CPU,B0GMKXVVJQ,Intel Core™ Ultra 5 Processor 250K Plus 18 cores (6 P-cores + 12 E-cores) up to 5.3 GHz,221.3,64.34,2026-10-05,4.8,71,https://www.amazon.com/Intel%C2%AE-CoreTM-Processor-250K-P-cores/dp/B0GMKXVVJQ,0.0,64.34
20261005_134359,2026-10-05T13:59:50.931574+00:00,amazon_usa,CPU,B0DTRYQ6B1,Intel Core™ Ultra 7 Desktop Processor 265 20 Cores (8 P-cores +12 E-cores) up to 5.3 GHz,417.35,121.34,2026-10-05,4.8,35,https://www.amazon.com/Intel%C2%AE-CoreTM-Desktop-Processor-P-cores/dp/B0DTRYQ6B1,0.0,121.34
20261005_134359,2026-10-05T13:59:50.931574+00:00,amazon_usa,CPU,B0CGJ41C9W,Intel Core™ i7-14700K New Gaming Desktop Processor 20 cores (8 P-cores + 12 E-cores) with Integrated Graphics - Unlocked,341.16,99.19,2026-10-05,4.6,1300,https://www.amazon.com/i7-14700K-Desktop-Processor-Integrated-Graphics/dp/B0CGJ41C9W,0.0,99.19
20261005_134359,2026-10-05T13:59:50.931574+00:00,amazon_usa,CPU,B09FXKHN7M,Intel Core™ i7-12700KF Desktop Processor 12 (8P+4E) Cores up to 5.0 GHz Unlocked LGA1700 600 Series Chipset 125W,272.82,79.32,2026-10-05,4.7,3300,https://www.amazon.com/Intel-i7-12700KF-Desktop-Processor-Unlocked/dp/B09FXKHN7M,0.0,79.32
20261005_134359,2026-10-05T13:59:50.931574+00:00,amazon_usa,CPU,B01MXSI216,Intel BX80677I77700K 7th Gen Pentium Desktop Processor,180.02,52.34,2026-10-05,4.7,3000,https://www.amazon.com/Intel-i7-7700K-Desktop-Processor-unlocked/dp/B01MXSI216,0.0,52.34
20261005_134359,2026-10-05T13:59:50.931574+00:00,amazon_usa,CPU,B0FDH5CYT6,"Intel Core Ultra 7 265 Desktop Processor: 20 Cores (8P+12E), up to 5.3GHz Max Turbo, 30MB Cache, DDR5 6400 Support for AI, Gaming, Content Creation, Office. OEM Bulk/Tray Packaging, 1 YR Warranty",282.9,82.25,2026-10-05,3.0,2,https://www.amazon.com/265-Desktop-Processor-Cooler-Included/dp/B0FDH5CYT6,0.0,82.25
20261005_134359,2026-10-05T13:59:50.931574+00:00,amazon_usa,CPU,B0GS24Q5XW,"Lenovo IdeaCentre Tower Desktop Computer • 20-core Intel Ultra 7 265K Processor • 16GB DDR5 • 512GB SSD • Office 365 for The Web • HDMI + VGA, Wi-Fi 6E • Wired Keyboard & Mouse • Windows 11",1010.42,293.77,2026-10-05,0.0,0,https://www.amazon.com/Lenovo-IdeaCentre-Computer-Processor-Keyboard/dp/B0GS24Q5XW,0.0,293.77
20261005_134359,2026-10-05T13:59:50.931574+00:00,amazon_usa,CPU,B0GS1Q815D,"Lenovo IdeaCentre Tower Desktop Computer • 20-core Intel Ultra 7 265K Processor • 32GB DDR5 • 1TB SSD • Office 365 for The Web • HDMI + VGA, Wi-Fi 6E • Wired Keyboard & Mouse • Windows 11",1313.55,381.9,2026-10-05,0.0,0,https://www.amazon.com/Lenovo-IdeaCentre-Computer-Processor-Keyboard/dp/B0GS1Q815D,0.0,381.9
20261005_134359,2026-10-05T13:59:50.931574+00:00,amazon_usa,CPU,B0F2TL5JT9,"Dell Tower Desktop, Intel Core Ultra 7-265, 16GB DDR5 RAM, Windows 11 Pro",1160.97,337.54,2026-10-05,4.5,111,https://www.amazon.com/Dell-Tower-Desktop-ECT1250-Processor/dp/B0F2TL5JT9,0.0,337.54
20261005_134359,2026-10-05T13:59:50.931574+00:00,amazon_usa,CPU,B0FM38DNK7,"Dell 2025 ECT1250 Business Desktop - Intel Ultra 7-265K, (20 Core Processor 20 Threads), 32GB DDR5 Memory, 1TB PCIe SSD, Ultra-Quiet Design, Dual 4K Monitor Support, Keyboard and Mouse, Windows 11",1564.15,454.76,2026-10-05,3.9,11,https://www.amazon.com/Dell-2025-ECT1250-Business-Desktop/dp/B0FM38DNK7,0.0,454.76
20261005_134359,2026-10-05T13:59:50.931574+00:00,amazon_usa,CPU,B0GS52PLZN,"Lenovo IdeaCentre Tower Desktop Computer • 20-core Intel Ultra 7 265K Processor • 16GB DDR5 • 1TB SSD • Office 365 for The Web • HDMI + VGA, Wi-Fi 6E • Wired Keyboard & Mouse • Windows 11",1111.47,323.15,2026-10-05,0.0,0,https://www.amazon.com/Lenovo-IdeaCentre-Computer-Processor-Keyboard/dp/B0GS52PLZN,0.0,323.15
20261005_134359,2026-10-05T13:59:50.931574+00:00,amazon_usa,CPU,B0FDWC73L9,Micro Center Bundle Intel Core Ultra7 265K CPU Gigabyte Motherboard Combo,545.61,158.63,2026-10-05,5.0,8,https://www.amazon.com/MICRO-CENTER-CPU-Motherboard-Combo/dp/B0FDWC73L9,0.0,158.63
20261005_134359,2026-10-05T13:59:50.931574+00:00,amazon_usa,CPU,B0HKSQQWPF,"Intel Core Ultra 7 270K Plus CPU, 24 Cores 24 Threads, 5.5GHz Turbo",413.26,120.15,2026-10-05,0.0,0,https://www.amazon.com/Intel-Core-Ultra-270K-Plus/dp/B0HKSQQWPF,0.0,120.15
20261005_134359,2026-10-05T13:59:50.931574+00:00,amazon_usa,CPU,B0GMFY7X64,Lenovo ThinkStation P2 Tower Desktop Computer • 20-core Intel Ultra 7 265K Processor • 64GB DDR5 • 2TB SSD • Office 365 for The Web • HDMI + 2X DisplayPort • Wi-Fi 7 • Wired KB & Mouse • Windows 11,2930.25,851.94,2026-10-05,5.0,4,https://www.amazon.com/Lenovo-ThinkStation-Computer-Processor-DisplayPort/dp/B0GMFY7X64,0.0,851.94
20261005_134359,2026-10-05T13:59:50.931574+00:00,amazon_usa,CPU,B0GS1YDDQ4,"Lenovo IdeaCentre Tower Desktop Computer • 20-core Intel Ultra 7 265K Processor • 32GB DDR5 • 2TB SSD • Office 365 for The Web • HDMI + VGA, Wi-Fi 6E • Wired Keyboard & Mouse • Windows 11",1515.65,440.66,2026-10-05,0.0,0,https://www.amazon.com/Lenovo-IdeaCentre-Computer-Processor-Keyboard/dp/B0GS1YDDQ4,0.0,440.66
20261005_134359,2026-10-05T13:59:54.812328+00:00,amazon_usa,CPU,B0GMBD9QM9,Lenovo ThinkStation P2 Gen 2 Workstation Desktop | Intel Core Ultra 7 265K Processor | Massive 128GB DDR5 RAM | Lightning Fast 5TB Space(4TB SSD+1TB HDD) | Ethernet & Wifi7 & Bluetooth 5| Win 11 Pro,4243.79,1233.84,2026-10-05,0.0,0,https://www.amazon.com/Lenovo-ThinkStation-Workstation-Processor-Lightning/dp/B0GMBD9QM9,0.0,1233.84
20261005_134359,2026-10-05T13:59:54.812328+00:00,amazon_usa,CPU,B0GMFR8D2M,Lenovo ThinkStation P2 Tower Desktop Computer • 20-core Intel Ultra 7 265K Processor • 64GB DDR5 • 1TB SSD • Office 365 for The Web • HDMI + 2X DisplayPort • Wi-Fi 7 • Wired KB & Mouse • Windows 11,2526.07,734.43,2026-10-05,5.0,4,https://www.amazon.com/Lenovo-ThinkStation-Computer-Processor-DisplayPort/dp/B0GMFR8D2M,0.0,734.43
20261005_134359,2026-10-05T13:59:54.812328+00:00,amazon_usa,CPU,B07666S76V,"(Amazon.co.jp Exclusive) Intel Core Ultra 7 Processor 270K Plus (Arrow Lake, LGA 1851), 24 Cores (8P + 16E), Up to 5.50 GHz, Equipped with 36 MB Cache, Box Version BX80768270K/AZ",404.18,117.51,2026-10-05,4.7,20,https://www.amazon.com/Intel-Core-Ultra-270K-Plus/dp/B07666S76V,0.0,117.51
20261005_134359,2026-10-05T13:59:54.812328+00:00,amazon_usa,CPU,B0FQCL2BNG,Micro Center CPU AIO Combo Intel Core Ultra7 265K Processor+msi Mag A13 360,373.84,108.69,2026-10-05,5.0,2,https://www.amazon.com/MICRO-CENTER-CPU-AIO-Combo/dp/B0FQCL2BNG,0.0,108.69
20261005_134359,2026-10-05T13:59:54.812328+00:00,amazon_usa,CPU,B0F5DJJWN4,Micro Center Combo Intel Core Ultra 7 265KF+ msi Z890 Gaming Plus WiFi mobo,515.31,149.82,2026-10-05,3.6,9,https://www.amazon.com/MICRO-CENTER-CPU-Motherbard-Combo/dp/B0F5DJJWN4,0.0,149.82
20261005_134359,2026-10-05T13:59:54.812328+00:00,amazon_usa,CPU,B0GS222N2F,"Lenovo IdeaCentre Tower Desktop Computer • 20-core Intel Ultra 7 265K Processor • 64GB DDR5 • 1TB SSD • Office 365 for The Web • HDMI + VGA, Wi-Fi 6E • Wired Keyboard & Mouse • Windows 11",1818.77,528.79,2026-10-05,0.0,0,https://www.amazon.com/Lenovo-IdeaCentre-Computer-Processor-Keyboard/dp/B0GS222N2F,0.0,528.79
20261005_134359,2026-10-05T13:59:54.812328+00:00,amazon_usa,CPU,B0GMG648X4,Lenovo ThinkStation P2 Tower Desktop Computer • 20-core Intel Ultra 7 265K Processor • 64GB DDR5 • 4TB SSD • Office 365 for The Web • HDMI + 2X DisplayPort • Wi-Fi 7 • Wired KB & Mouse • Windows 11,3233.37,940.07,2026-10-05,5.0,4,https://www.amazon.com/Lenovo-ThinkStation-Computer-Processor-DisplayPort/dp/B0GMG648X4,0.0,940.07
20261005_134359,2026-10-05T13:59:54.812328+00:00,amazon_usa,CPU,B0GMFVR48Y,Lenovo ThinkStation P2 Tower Desktop Computer • 20-core Intel Ultra 7 265K Processor • 32GB DDR5 • 2TB SSD • Office 365 for The Web • HDMI + 2X DisplayPort • Wi-Fi 7 • Wired KB & Mouse • Windows 11,2222.95,646.3,2026-10-05,5.0,4,https://www.amazon.com/Lenovo-ThinkStation-Computer-Processor-DisplayPort/dp/B0GMFVR48Y,0.0,646.3
20261005_134359,2026-10-05T13:59:54.812328+00:00,amazon_usa,CPU,B0GMQ16KCF,Intel Core Ultra 7 265K,1159.08,336.99,2026-10-05,0.0,0,https://www.amazon.com/Intel-Core-Ultra-7-265K/dp/B0GMQ16KCF,0.0,336.99
20261005_134359,2026-10-05T13:59:54.812328+00:00,amazon_usa,CPU,B0HBW2VWJ6,Micro Center Intel core Ultra 7 270k Plus Bundle w/Asrock Z890 PRO RS WiFi,535.53,155.7,2026-10-05,0.0,0,https://www.amazon.com/Micro-Center-Intel-Bundle-Asrock/dp/B0HBW2VWJ6,0.0,155.7
20261005_134359,2026-10-05T13:59:54.812328+00:00,amazon_usa,CPU,B0GMFZHD4N,Lenovo ThinkStation P2 Tower Desktop Computer • 20-core Intel Ultra 7 265K Processor • 16GB DDR5 • 1TB SSD • Office 365 for The Web • HDMI + 2X DisplayPort • Wi-Fi 7 • Wired KB & Mouse • Windows 11,1818.77,528.79,2026-10-05,5.0,4,https://www.amazon.com/Lenovo-ThinkStation-Computer-Processor-DisplayPort/dp/B0GMFZHD4N,0.0,528.79
20261005_134359,2026-10-05T13:59:54.812328+00:00,amazon_usa,CPU,B0G52J91KW,Micro Center CPU AIO Combo Intel Core Ultra7 265K Processor+msi Mag A13 240,343.54,99.88,2026-10-05,5.0,1,https://www.amazon.com/MICRO-CENTER-CPU-AIO-Combo/dp/B0G52J91KW,0.0,99.88
20261005_134359,2026-10-05T13:59:54.812328+00:00,amazon_usa,CPU,B0GMFY3K46,Lenovo ThinkStation P2 Tower Desktop Computer • 20-core Intel Ultra 7 265K Processor • 16GB DDR5 • 512GB SSD • Office 365 for The Web • HDMI + 2X DisplayPort • Wi-Fi 7 • Wired KB & Mouse • Windows 11,1717.72,499.41,2026-10-05,5.0,4,https://www.amazon.com/Lenovo-ThinkStation-Computer-Processor-DisplayPort/dp/B0GMFY3K46,0.0,499.41
20261005_134359,2026-10-05T13:59:54.812328+00:00,amazon_usa,CPU,B0DX2BZFFB,"HP OMEN 45L Gaming Desktop, Intel Core Ultra 7 265K, 32 GB RAM, 1 TB SSD, NVIDIA GeForce RTX 5070 Ti, Windows 11 Pro, Microsoft Copilot, Tempered Glass, GT22-3060 (2025)",2475.55,719.74,2026-10-05,4.6,15,https://www.amazon.com/HP-Desktop-Microsoft-Tempered-GT22-3060/dp/B0DX2BZFFB,0.0,719.74
20261005_134359,2026-10-05T13:59:54.812328+00:00,amazon_usa,CPU,B0FM398MVJ,"Dell 2025 ECT1250 Business Desktop - Intel Ultra 7-265K, (20 Core Processor 20 Threads), 16GB DDR5 Memory, 512GB PCIe SSD, Ultra-Quiet Design, Dual 4K Monitor Support, Keyboard and Mouse, Windows 11",1212.42,352.5,2026-10-05,0.0,0,https://www.amazon.com/Dell-2025-ECT1250-Business-Desktop/dp/B0FM398MVJ,0.0,352.5
20261005_134359,2026-10-05T13:59:59.230943+00:00,amazon_usa,CPU,B0GNPNL2ZR,"Dell Pro Slim QCS1250 Business Desktop Computer, Intel Core Ultra 7 265K, 32GB DDR5, 1TB PCIe SSD, Dual 4K Monitor Support, USB-C, HDMI, RJ-45, Wi-Fi, Wired KB & Mouse, Windows 11 Pro",1414.6,411.28,2026-10-05,0.0,0,https://www.amazon.com/Dell-QCS1250-Business-Desktop-Computer/dp/B0GNPNL2ZR,0.0,411.28
20261005_134359,2026-10-05T13:59:59.230943+00:00,amazon_usa,CPU,B0F1QPLCGS,"HP OMEN 45L Gaming Desktop, Intel Core Ultra 7 265K, 32 GB RAM, 2TB SSD, NVIDIA GeForce RTX 5080, Windows 11 Pro, Microsoft Copilot, Tempered Glass, GT22-3080 (2025)",3081.79,896.0,2026-10-05,4.0,13,https://www.amazon.com/HP-Desktop-Microsoft-Tempered-GT22-3080/dp/B0F1QPLCGS,0.0,896.0
20261005_134359,2026-10-05T13:59:59.230943+00:00,amazon_usa,CPU,B0H3KVMDJZ,Micro Center CPU Motherboard Combo -Intel Core Ultra 7 270K Plus 24 cores up to 5.5 GHz Desktop Processor with Asus Z890 AYW Gaming WiFi W LGA 1851 ATX Motherboard,545.61,158.63,2026-10-05,5.0,2,https://www.amazon.com/Micro-Center-Motherboard-Desktop-Processor/dp/B0H3KVMDJZ,0.0,158.63
20261005_134359,2026-10-05T13:59:59.230943+00:00,amazon_usa,CPU,B0FX637NJ4,"msi Codex R2 AI A2NVL7-464US Desktop PC, Intel Core Ultra 7 265K, 32GB DDR5, 2TB M.2 NVMe Gen4 SSD, NVIDIA GeForce RTX 5060, Win11H (Renewed)",1465.12,425.97,2026-10-05,5.0,1,https://www.amazon.com/msi-Codex-Gaming-Desktop-A2NVL7-464US/dp/B0FX637NJ4,0.0,425.97
20261005_134359,2026-10-05T13:59:59.230943+00:00,amazon_usa,CPU,B0F9FR8M83,Micro Center Bundle Intel Core Ultra7 265KF CPU and ASUS Motherboard Combo,505.19,146.88,2026-10-05,4.3,12,https://www.amazon.com/Micro-Center-Bundle-Ultra7-Motherboard/dp/B0F9FR8M83,0.0,146.88
20261005_134359,2026-10-05T13:59:59.230943+00:00,amazon_usa,CPU,B0H46ZP585,"Customized Dell Pro Slim QCS1250 Business Desktop, Latest OptiPlex AI SFF Version, Core Ultra 7 265K, 32GB DDR5 1TB SSD, Up to 64GB RAM 4TB SSD, Dual 4K Display Support, USB-C, Wi-Fi, Win11 Pro",1414.6,411.28,2026-10-05,0.0,0,https://www.amazon.com/WOWPC-Customized-QCS1250-Business-OptiPlex/dp/B0H46ZP585,0.0,411.28
20261005_134359,2026-10-05T13:59:59.230943+00:00,amazon_usa,CPU,B0H2Z7VF4G,"Intel Core Ultra 7 265KF Desktop Processor, 20 Cores, up to 5.5 GHz, 36MB Cache, LGA1851 Socket, 125W, No Thermal Solution",332.43,96.65,2026-10-05,0.0,0,https://www.amazon.com/Core-Ultra-Desktop-Processor-Solution/dp/B0H2Z7VF4G,0.0,96.65
20261005_134359,2026-10-05T13:59:59.230943+00:00,amazon_usa,CPU,B0HH8VM67P,"Lenovo IdeaCentre Tower Desktop Computer, Intel Ultra 7 265K (20-core), 16GB DDR5, 1TB SSD, Office 365 for The Web, HDMI + VGA, Wi-Fi 6E, Wired Keyboard & Mouse, Windows 11",1111.47,323.15,2026-10-05,0.0,0,https://www.amazon.com/Lenovo-IdeaCentre-Tower-Computer-Keyboard/dp/B0HH8VM67P,0.0,323.15
20261005_134359,2026-10-05T13:59:59.230943+00:00,amazon_usa,CPU,B0GWMHJLBR,"Lenovo ThinkStation P2 Tower Desktop Computer | Intel Core Ultra 7 265k (20 Cores, Up to 5.5GHz) | 32GB DDR5 RAM, 2TB SSD | AI NPU for CAD & Design | WiFi 7, Bluetooth 5.4 | Wired KB & Mouse",2222.95,646.3,2026-10-05,0.0,0,https://www.amazon.com/Lenovo-ThinkStation-Desktop-Computer-Bluetooth/dp/B0GWMHJLBR,0.0,646.3
20261005_134359,2026-10-05T13:59:59.230943+00:00,amazon_usa,CPU,B0GMLFFHS1,Intel Core™ Ultra 5 Processor 250KF Plus 18 cores (6 P-cores + 12 E-cores) up to 5.3 GHz,202.07,58.75,2026-10-05,4.6,28,https://www.amazon.com/Intel%C2%AE-CoreTM-Processor-P-cores-cores/dp/B0GMLFFHS1,0.0,58.75
20261005_134359,2026-10-05T13:59:59.230943+00:00,amazon_usa,CPU,B0HFYPDSCM,Core Ultra 7 AI Workstation - Intel Core Ultra 7 265K - ARC PRO B70-32GB DDR5-2TB SSD - Windows 11 Pro - 850W,3535.5,1027.91,2026-10-05,0.0,0,https://www.amazon.com/AVGPC-Core-Ultra-AI-Workstation/dp/B0HFYPDSCM,0.0,1027.91
20261005_134359,2026-10-05T13:59:59.230943+00:00,amazon_usa,CPU,B0H8BFP6G1,"Lenovo IdeaCentre Next Gen AI Tower Business Desktop Computer, 20-Core Intel Ultra 7 265K, 32GB DDR5, 1TB SSD, HDMI + VGA, Wi-Fi, RJ-45, USB-C, Wired Keyboard & Mouse, Win11",1313.55,381.9,2026-10-05,0.0,0,https://www.amazon.com/Lenovo-IdeaCentre-Tower-Business-Computer/dp/B0H8BFP6G1,0.0,381.9
20261005_134359,2026-10-05T13:59:59.230943+00:00,amazon_usa,CPU,B0CGJC178L,Intel Core™ i7-14700KF New Gaming Desktop Processor 20 cores (8 P-cores + 12 E-cores) - Unlocked,324.04,94.21,2026-10-05,4.7,794,https://www.amazon.com/Intel%C2%AE-i7-14700KF-Desktop-Processor-P-cores/dp/B0CGJC178L,0.0,94.21
20261005_134359,2026-10-05T14:00:03.758012+00:00,amazon_usa,CPU,B0DX28YCNG,"HP OMEN 45L Gaming Desktop, Intel Core Ultra 7 265K, 16 GB RAM, 1 TB SSD, NVIDIA GeForce RTX 5070, Windows 11 Pro, Microsoft Copilot, Tempered Glass, GT22-3050 (2025)",1919.79,558.16,2026-10-05,3.9,7,https://www.amazon.com/HP-Desktop-Microsoft-Tempered-GT22-3050/dp/B0DX28YCNG,0.0,558.16
20261005_134359,2026-10-05T14:00:03.758012+00:00,amazon_usa,CPU,B0H477MFPG,"Customized Dell Pro Slim QCS1250 Business Desktop, Latest OptiPlex AI SFF Version, Core Ultra 7 265K, 16GB DDR5 512GB SSD, Up to 64GB RAM 4TB SSD, Dual 4K Display Support, USB-C, Wi-Fi, Win11Pro",1111.47,323.15,2026-10-05,0.0,0,https://www.amazon.com/WOWPC-Customized-QCS1250-Business-OptiPlex/dp/B0H477MFPG,0.0,323.15
20261005_134359,2026-10-05T14:00:03.758012+00:00,amazon_usa,CPU,B0F9FRX73M,Micro Center Bundle Intel Core Ultra 7 265KF and msi Pro Z890-P WiFi Combo,505.19,146.88,2026-10-05,3.5,5,https://www.amazon.com/Micro-Center-CPU-Motherboard-Combo/dp/B0F9FRX73M,0.0,146.88
20261005_134359,2026-10-05T14:00:03.758012+00:00,amazon_usa,CPU,B0HFW8Y9ZP,"Lenovo ThinkStation P2 Tower Desktop Computer | Intel Core Ultra 7 265k (20 Cores, Up to 5.5GHz) | 32GB DDR5 RAM, 1TB SSD | AI NPU for CAD & Design | WiFi 7, Bluetooth 5.4 | Wired KB & Mouse",2020.84,587.54,2026-10-05,0.0,0,https://www.amazon.com/Lenovo-ThinkStation-Desktop-Computer-Bluetooth/dp/B0HFW8Y9ZP,0.0,587.54
20261005_134359,2026-10-05T14:00:03.758012+00:00,amazon_usa,CPU,B01GW6AEHY,"Centaurus Virgo 4 PC - Intel Core Ultra 7 265K 20-Core, GeForce RTX 5060 Ti, 2TB NVMe SSD, 32GB DDR5 RAM, Liquid Cooler, Windows 11 PRO, WiFi. Custom Gaming Computer Workstation, ARGB, Glass",2218.86,645.11,2026-10-05,5.0,3,https://www.amazon.com/Centaurus-Virgo-Gaming-Computer-Six-Core/dp/B01GW6AEHY,18.0,663.11
20261005_134359,2026-10-05T14:00:03.758012+00:00,amazon_usa,CPU,B0GNPWJJFP,"Dell Pro Slim QCS1250 Business Desktop Computer, Intel Core Ultra 7 265K, 16GB DDR5, 512GB PCIe SSD, Dual 4K Monitor Support, USB-C, HDMI, RJ-45, Wi-Fi, Wired KB & Mouse, Windows 11 Pro",1111.47,323.15,2026-10-05,0.0,0,https://www.amazon.com/Dell-QCS1250-Business-Desktop-Computer/dp/B0GNPWJJFP,0.0,323.15
20261005_134359,2026-10-05T14:00:03.758012+00:00,amazon_usa,CPU,B0H8B3CX1Z,"Lenovo IdeaCentre Next Gen AI Tower Business Desktop Computer, 20-Core Intel Ultra 7 265K, 32GB DDR5, 1TB SSD, HDMI + VGA, Wi-Fi, RJ-45, USB-C, Wired Keyboard & Mouse, Windows 11",1313.55,381.9,2026-10-05,1.0,1,https://www.amazon.com/Lenovo-IdeaCentre-Tower-Business-Computer/dp/B0H8B3CX1Z,0.0,381.9
20261005_134359,2026-10-05T14:00:03.758012+00:00,amazon_usa,CPU,B0GNQ41RNJ,"Dell Pro Slim QCS1250 Business Desktop Computer, Intel Core Ultra 7 265K, 32GB DDR5, 1TB PCIe SSD, Dual 4K Monitor Support, USB-C, HDMI, RJ-45, Wi-Fi, Wired KB & Mouse, Windows 11",1414.6,411.28,2026-10-05,1.0,1,https://www.amazon.com/Dell-QCS1250-Business-Desktop-Computer/dp/B0GNQ41RNJ,0.0,411.28
20261005_134359,2026-10-05T14:00:03.758012+00:00,amazon_usa,CPU,B0HK3JQXKH,"Lenovo IdeaCentre Tower Desktop Computer, Intel Ultra 7 265K (20-core)",1010.42,293.77,2026-10-05,0.0,0,https://www.amazon.com/Lenovo-IdeaCentre-Tower-Desktop-Computer/dp/B0HK3JQXKH,0.0,293.77
20261005_134359,2026-10-05T14:00:03.758012+00:00,amazon_usa,CPU,B0FHTNQNTR,"msi AEGIS RS2 AI C2NVP7-1443US Desktop PC, Intel Core Ultra 7 Processor 265K, 32GB DDR5, 2TB M.2 NVMe Gen4, NVIDIA GeForce RTX 5070, Win11H (Renewed)",2929.25,851.65,2026-10-05,0.0,0,https://www.amazon.com/Gaming-3-3GHz-Processor-GeForce-DDR5-6000/dp/B0FHTNQNTR,0.0,851.65
20261005_134359,2026-10-05T14:00:03.758012+00:00,amazon_usa,CPU,B0H9S1HXTW,Ultra 7 270K Plus Cores Ultra 7 270K Plus CPU Processor,863.42,251.03,2026-10-05,0.0,0,https://www.amazon.com/Ultra-270K-Plus-Cores-Processor/dp/B0H9S1HXTW,18.0,269.03
20261005_134359,2026-10-05T14:00:03.758012+00:00,amazon_usa,CPU,B09FXNVDBJ,Intel Core i7-12700K Gaming Desktop Processor with Integrated Graphics and 12 (8P+4E) Cores up to 5.0 GHz Unlocked LGA1700 600 Series Chipset 125W,323.31,94.0,2026-10-05,4.8,3800,https://www.amazon.com/Intel-i7-12700K-Desktop-Processor-Unlocked/dp/B09FXNVDBJ,0.0,94.0
20261005_134359,2026-10-05T14:00:03.758012+00:00,amazon_usa,CPU,B0F33W7TGC,"Centaurus Berserk GX2 Gaming PC, Intel Core Ultra 7 265K 20-Core, Radeon RX 9070 GRE 12GB, 32GB DDR5 6000MHz RAM, 1TB NVMe SSD, Win 11 PRO, Liquid Cooler. WiFi. Desktop Computer, Video Audio Editing",2018.78,586.94,2026-10-05,0.0,0,https://www.amazon.com/Centaurus-Berserk-20-Core-GeForce-Computer/dp/B0F33W7TGC,18.0,604.94
20261005_134359,2026-10-05T14:00:03.758012+00:00,amazon_usa,CPU,B07DX6XML9,"Centaurus Polaris 4T7 Gaming PC - Intel Core Ultra 7 265K 20-Core, GeForce RTX 5070, 32GB DDR5 RAM, 1TB NVMe SSD, Glass, RGB, WiFi, CPU Liquid Cooler AIO, Windows 11 PRO. Custom Professional Desktop",2282.52,663.62,2026-10-05,5.0,2,https://www.amazon.com/Centaurus-Polaris-4T7-Gaming-PC/dp/B07DX6XML9,0.0,663.62
20261005_134359,2026-10-05T14:00:03.758012+00:00,amazon_usa,CPU,B0FJM28HRF,"HP OMEN 45L GT22 Gaming Desktop PC- Intel Core Ultra 7 265K up to 5.5 GHz Processor, 32GB DDR5 RAM, 1TB NVMe SSD, NVIDIA GeForce RTX 5070, Liquid Cooling, RGB Lighting, AI Copilot, Windows 11 Pro",3080.79,895.71,2026-10-05,0.0,0,https://www.amazon.com/45L-GT22-Desktop-Processor-Lighting/dp/B0FJM28HRF,0.0,895.71
20261005_134359,2026-10-05T14:00:03.758012+00:00,amazon_usa,CPU,B086ML4XSB,Intel Core i7-10700K Desktop Processor 8 Cores up to 5.1 GHz Unlocked LGA1200 (Intel 400 Series Chipset) 125W (BX8070110700K),373.84,108.69,2026-10-05,4.8,3800,https://www.amazon.com/Intel-i7-10700K-Processor-Unlocked-BX8070110700K/dp/B086ML4XSB,0.0,108.69
20261005_134359,2026-10-05T14:00:03.758012+00:00,amazon_usa,CPU,B0GN9LMSMY,"Pulse Gaming Desktop, Intel Core Ultra 7 265K, GeForce RTX 5060 TI 16GB, 16GB DDR5, 2TB SSD, Tower Fan Black Cooler, Windows 11 Home, RGB Lighting, Ready to Use",3434.44,998.53,2026-10-05,0.0,0,https://www.amazon.com/HYPER-CYBER-Desktop-GeForce-Lighting/dp/B0GN9LMSMY,0.0,998.53
20261005_134359,2026-10-05T14:00:08.703581+00:00,amazon_usa,CPU,B0DJTGPWDK,"Panorama XL RTX 5060 Ti, Intel 20-Core Ultra 7 265KF Processor, 32GB DDR5 RAM, 1TB Gen4 NVMe SSD, Liquid Cooled Gaming Desktop w/Windows 11 Pro, 3-Year Warranty, RGB Keyboard+Mouse, Internal Wi-Fi 6E",2425.02,705.05,2026-10-05,0.0,0,https://www.amazon.com/Panorama-PC-Processor-WaterCooled-PreBuilt/dp/B0DJTGPWDK,0.0,705.05
20261005_134359,2026-10-05T14:00:08.703581+00:00,amazon_usa,CPU,B0CWLRYRGQ,"Alienware Aurora ACT1250 Desktop 1TB SSD 96GB DDR5 RAM Win 11 Pro (Intel 15th Gen Core Ultra 7 265K Processor with Turbo Boost to 5.50GHz, NVIDIA GeForce RTX 8GB GDDR6) Gaming PC Business Computer",2525.07,734.14,2026-10-05,1.0,1,https://www.amazon.com/Alienware-Aurora-R16-Generation-i7-14700K/dp/B0CWLRYRGQ,0.0,734.14
20261005_134359,2026-10-05T14:00:08.703581+00:00,amazon_usa,CPU,B0DJ3R9S8X,"msi Aegis RS2 AI Gaming Desktop: Intel Ultra 7 265K, Geforce RTX 4070 Super, 32GB DDR5, 2TB M.2 NVMe SSD, Liquid Cooling, USB Type C, VR-Ready, Window 11 Home: C2NUE7-1075US",2627.09,763.8,2026-10-05,5.0,1,https://www.amazon.com/MSI-Aegis-Gaming-Desktop-C2NUE7-1075US/dp/B0DJ3R9S8X,0.0,763.8
20261005_134359,2026-10-05T14:00:08.703581+00:00,amazon_usa,CPU,B0F5B4CWYZ,"Skytech Gaming PC Legacy 4, Ultra 7, RTX 5070 Ti, 32GB RAM, 4TB SSD",3233.37,940.07,2026-10-05,0.0,0,https://www.amazon.com/Skytech-Legacy-Gaming-Desktop-NVIDIA/dp/B0F5B4CWYZ,0.0,940.07
20261005_134359,2026-10-05T14:00:08.703581+00:00,amazon_usa,CPU,B0B5PX8QBD,Amazon Renewed Core i9-11900 8-Core Up to 5.2Ghz Processor SRKNJ,318.26,92.53,2026-10-05,0.0,0,https://www.amazon.com/i9-11900-Desktop-Processor-LGA1200-Chipset/dp/B0B5PX8QBD,0.0,92.53
20261005_134359,2026-10-05T14:00:08.703581+00:00,amazon_usa,CPU,B0HLKNFDH3,"Phantom Gaming PC Desktop Computer, Intel Core Ultra 7 270K Plus, GeForce RTX 5090, 32GB DDR5, 2TB SSD, Tower Fan Black, Windows 11 Home, RGB Lighting, Ready to Use",11012.66,3201.82,2026-10-05,0.0,0,https://www.amazon.com/HYPER-CYBER-Phantom-Computer-Lighting/dp/B0HLKNFDH3,0.0,3201.82
20261005_134359,2026-10-05T14:00:08.703581+00:00,amazon_usa,CPU,B08X6NXNX7,Intel Core™ i7-11700KF Desktop Processor 8 Cores up to 5.0 GHz Unlocked LGA1200 (Intel® 500 Series & Select 400 Series Chipset) 125W,383.95,111.63,2026-10-05,4.7,474,https://www.amazon.com/Intel-i7-11700KF-Desktop-Processor-Unlocked/dp/B08X6NXNX7,0.0,111.63
20261005_134359,2026-10-05T14:00:08.703581+00:00,amazon_usa,CPU,B09139KNX2,"Amazon Renewed Core i7-10700 Desktop Processor 8 Cores up to 4.8 GHz LGA 1200 (Intel 400 Series Chipset) 65W, BX8070110700 (Renewed)",176.79,51.4,2026-10-05,4.8,25,https://www.amazon.com/Intel-i7-10700-Desktop-Processor-BX8070110700/dp/B09139KNX2,0.0,51.4
20261005_134359,2026-10-05T14:00:08.703581+00:00,amazon_usa,CPU,B0FMM623TW,"Titan 7 Gaming PC Desktop Bundle - Core Ultra 7 265K, RTX 5060 TI, 32GB DDR5, 2TB SSD, RGB, Windows 11, Wi-Fi, Monitor",2461.41,715.63,2026-10-05,0.0,0,https://www.amazon.com/Gigatech-Gaming-Desktop-Monitor-Bundle/dp/B0FMM623TW,0.0,715.63
20261005_134359,2026-10-05T14:00:08.703581+00:00,amazon_usa,CPU,B0F928KVJ6,"TWELF Moonlight Gaming PC – Ultra 7 265KF, RTX 5070 12GB, 32GB DDR5, 1TB NVMe SSD – 360mm AIO, Windows 11 Pro, VR Ready - Mystery Gift Included",2526.07,734.43,2026-10-05,5.0,1,https://www.amazon.com/TWELF-Moonlight-Gaming-PC-i9-12900KF/dp/B0F928KVJ6,0.0,734.43
20261005_134359,2026-10-05T14:00:08.703581+00:00,amazon_usa,CPU,B0CQ1P2TRN,Intel Core i7-14700F Desktop Processor 20 cores (8 P-cores + 12 E-cores) up to 5.4 GHz,323.59,94.08,2026-10-05,4.6,227,https://www.amazon.com/Intel-i7-14700F-Desktop-Processor-P-cores/dp/B0CQ1P2TRN,18.0,112.08
20261005_134359,2026-10-05T14:00:08.703581+00:00,amazon_usa,CPU,B0GNPJRJ8W,"Dell Pro Slim QCS1250 Business Desktop Computer, Intel Core Ultra 7 265K, 16GB DDR5, 512GB PCIe SSD, Dual 4K Monitor Support, USB-C, HDMI, RJ-45, Wi-Fi, Wired KB & Mouse, Windows 11",1111.47,323.15,2026-10-05,1.0,1,https://www.amazon.com/Dell-QCS1250-Business-Desktop-Computer/dp/B0GNPJRJ8W,0.0,323.15
20261005_134359,2026-10-05T14:00:08.703581+00:00,amazon_usa,CPU,B0FMLDCM39,"Titan 7 Gaming PC Desktop - Core Ultra 7 265K, RTX 5060 TI, 32GB DDR5, 2TB SSD, RGB, Windows 11, Wi-Fi",2410.88,700.94,2026-10-05,0.0,0,https://www.amazon.com/Gigatech-Gaming-Titan-Desktop-Processor/dp/B0FMLDCM39,0.0,700.94
20261005_134359,2026-10-05T14:00:08.703581+00:00,amazon_usa,CPU,B0HLKJ4Z5C,"Phantom Gaming PC Desktop Computer, Intel Core Ultra 7 270K Plus, GeForce RTX 5090, 64GB DDR5, 2TB SSD, Tower Fan Black, Windows 11 Home, RGB Lighting, Ready to Use",11639.13,3383.96,2026-10-05,0.0,0,https://www.amazon.com/HYPER-CYBER-Phantom-Computer-Lighting/dp/B0HLKJ4Z5C,0.0,3383.96
20261005_134359,2026-10-05T14:00:08.703581+00:00,amazon_usa,CPU,B0G62HHJLK,Shuttle XPC Slim DH810 Barebone PC Intel H810 Support 65W Arrow Lake-s LGA1851 CPU No Ram No HDD/SSD No CPU No OS (Vesa Mount Included),514.31,149.53,2026-10-05,0.0,0,https://www.amazon.com/Shuttle-DH810-Barebone-Support-Included/dp/B0G62HHJLK,0.0,149.53
20261005_134359,2026-10-05T14:00:08.703581+00:00,amazon_usa,CPU,B0DHDFWW5Q,"ASUS ROG Strix G700 Desktop 14TB Storage + SSD 128GB DDR5 RAM Win 11 Pro (Intel 15th gen Core Ultra 7 265K Processor Turbo to 5.60GHz, NVIDIA GeForce 4060 Ti RTX 8GB GDDR6) Gaming PC Computer G700TF",3636.55,1057.29,2026-10-05,0.0,0,https://www.amazon.com/ASUS-ROG-G16CH-i7-14700K-Processor/dp/B0DHDFWW5Q,0.0,1057.29
20261005_134359,2026-10-05T14:00:08.703581+00:00,amazon_usa,CPU,B0HLKML8BW,"Phantom Gaming PC Desktop Computer, Intel Core Ultra 7 270K Plus, GeForce RTX 5090, 32GB DDR5, 1TB SSD, Tower Fan Black, Windows 11 Home, RGB Lighting, Ready to Use",10810.59,3143.07,2026-10-05,0.0,0,https://www.amazon.com/HYPER-CYBER-Phantom-Computer-Lighting/dp/B0HLKML8BW,0.0,3143.07
20261005_134359,2026-10-05T14:00:08.703581+00:00,amazon_usa,CPU,B0HLKMS9X7,"Phantom Gaming PC Desktop Computer, Intel Core Ultra 7 270K Plus, GeForce RTX 5090, 64GB DDR5, 4TB SSD, Tower Fan Black, Windows 11 Home, RGB Lighting, Ready to Use",11942.25,3472.09,2026-10-05,0.0,0,https://www.amazon.com/HYPER-CYBER-Phantom-Computer-Lighting/dp/B0HLKMS9X7,0.0,3472.09
20261005_134359,2026-10-05T14:00:08.703581+00:00,amazon_usa,CPU,B0HLDHSBCR,"Phantom Gaming PC Desktop Computer, Intel Core Ultra 7 270K Plus, GeForce RTX 5070 12GB, 32GB DDR5, 2TB SSD, Tower Fan Black, Windows 11 Home, RGB Lighting, Ready to Use",4101.33,1192.42,2026-10-05,0.0,0,https://www.amazon.com/HYPER-CYBER-Phantom-Computer-Lighting/dp/B0HLDHSBCR,0.0,1192.42
20261005_134359,2026-10-05T14:00:16.676348+00:00,aliexpress,CPU,3256812194503849,CPU ULTRA 7 265K U7 265K CPU Processor in stock,2040.45,593.24,2026-10-05,0.0,0,,0.0,593.24
20261005_134359,2026-10-05T14:00:16.676348+00:00,aliexpress,CPU,3256807474622531,Intel Xeon Gold 6138 2.0GHz 27.5MB Smart Cache 20-Cores 40-Thread 125W LGA3647 CPU Processor,3.75,1.09,2026-10-05,4.8,0,,0.0,1.09
20261005_134359,2026-10-05T14:00:16.676348+00:00,aliexpress,CPU,3256803949511843,Intel Core i3 12100F CPU  New i3-12100F 3.3 GHz 4-Core 8-Thread 65W LGA 1700,404.11,117.49,2026-10-05,4.0,0,,0.0,117.49
20261005_134359,2026-10-05T14:00:16.676348+00:00,aliexpress,CPU,3256807939905603,Intel Core i5 14600KF New (14th gen) 3.5GHz 14-Core 20-Thread CPU L3=24M 125W LGA 1700 but without Cooler,1120.35,325.73,2026-10-05,3.3,0,,0.0,325.73
20261005_134359,2026-10-05T14:00:16.676348+00:00,aliexpress,CPU,3256812570292079,GMKtec K13 Gaming Mini Pc Intel ®   Core ™   Ultra 7 16Gb Ram 1Tb Ssd 256V Dual 2.5g Lan Desktop Mini Computers Wifi 6E/Bt5.2 Usb-C,3047.4,886.0,2026-10-05,0.0,0,,0.0,886.0
20261005_134359,2026-10-05T14:00:16.676348+00:00,aliexpress,CPU,3256810099217641,Bands For Garmin Venu 4 45mm 22mm Watch Strap for Venu 3 2 Forerunner 265 255 Music 570 47mm Vivoactive4 Silicone Sport Bracelet,9.94,2.89,2026-10-05,4.9,0,,0.0,2.89
20261005_134359,2026-10-05T14:00:16.676348+00:00,aliexpress,CPU,3256804494764544,Fully Tested 100%Working Mainboard For iPhone X/XR/XS/XS Max With Face ID 64g/256g Cleaned iCloud And Unlocked Phone Motherboard,144.46,42.0,2026-10-05,4.7,0,,0.0,42.0
20261005_134359,2026-10-05T14:00:16.676348+00:00,aliexpress,CPU,3256806952708898,Xmeye 4K 16Ch Digital Video Recorder Board Mstar Ssr621Q Cpu Nvr 16 Channels Two Ways Audio P2P Onvif Cctv Security Protection,89.12,25.91,2026-10-05,4.9,0,,0.0,25.91
20261005_134359,2026-10-05T14:00:16.676348+00:00,aliexpress,CPU,3256807966946078,5PCS TOP264VG TOP266VG TOP267VG TOP264 TOP266 TOP267 EDIP-12 Power management chip New original,17.06,4.96,2026-10-05,5.0,0,,0.0,4.96
20261005_134359,2026-10-05T14:00:16.676348+00:00,aliexpress,CPU,3256804224695944,AMD Ryzen Threadripper 1950X 16 Cores 32 Threads Base Clock 3.4GHz Max. Boost Up to 4.0GHz Socket sTR4 TDP180W,670.6,194.97,2026-10-05,3.0,0,,0.0,194.97
20261005_134359,2026-10-05T14:00:16.676348+00:00,aliexpress,CPU,3256806050910856,3pcs TPU Protective Film For Garmin Venu 2 Plus 3 3S Vivoactive 4 4s MARQ2 Forerunner 265S 265 965 Screen Protector Not Glass,3.75,1.09,2026-10-05,4.2,0,,0.0,1.09
20261005_134359,2026-10-05T14:00:16.676348+00:00,aliexpress,CPU,3256805926731840,AMD EPYC 7551 CPU 32 Core 2.0 GHz Server Processor 180W 64MB Socket SP3 64-Thread CPU EPYC7551 Processors PS7551BDVIHAF,118.9,34.57,2026-10-05,5.0,0,,0.0,34.57
20261005_134359,2026-10-05T14:00:16.676348+00:00,aliexpress,CPU,3256809104518145,TV Box Android 16 T95 8K Ultra 4K 8GB 128GB Smart TV Box Bluetooth 6.0 Dual Wifi 5G Allwinner H616 Media Player Google Assistant,124.23,36.12,2026-10-05,4.6,0,,0.0,36.12
20261005_134359,2026-10-05T14:00:16.676348+00:00,aliexpress,CPU,3256806816819929,"Radxa ROCK Pi E RK3328 4-core CPU, Dual Gigabit Ethernet,WiFi4 or WiFi5 Optional and eMMC Optional ,Single Board Computer",148.52,43.18,2026-10-05,4.7,0,,0.0,43.18
20261005_134359,2026-10-05T14:00:16.676348+00:00,aliexpress,CPU,3256809855065210,BolyGuard BG662-HQ Trail Camera 940nm Night Vision Invisible 4K Video 56MP Wildlife Hunting Game Camera Portable IP68 Waterproof,481.6,140.02,2026-10-05,5.0,0,,0.0,140.02
20261005_134359,2026-10-05T14:00:16.676348+00:00,aliexpress,CPU,3256812137868711,Sipeed MaixCAM2 4K AI Visual Camera Image RISC-V Rapid Deployment of AI Vision and Audio Applications Local LLMs OPENCV VLM YOLO,402.56,117.04,2026-10-05,5.0,0,,0.0,117.04
20261005_134359,2026-10-05T14:00:16.676348+00:00,aliexpress,CPU,3256810301242163,Watchband 22/26MM Watch Band Instinct3 Breathable Sporty Silicone Loop Watch Strap for Garmin Instinct 3 45mm 50mm Solar AMOLED,3.75,1.09,2026-10-05,5.0,0,,0.0,1.09
20261005_134359,2026-10-05T14:00:16.676348+00:00,aliexpress,CPU,3256809458377821,14400F but without cooler,535.53,155.7,2026-10-05,4.8,0,,0.0,155.7
20261005_134359,2026-10-05T14:00:16.676348+00:00,aliexpress,CPU,3256807140735242,Gadinan 6MP Dual Lens PTZ POE IP Camera Outdoor Home Video Security Surveillance Motion Detection CCTV Support Onvif XMEye iCSee,104.25,30.31,2026-10-05,5.0,0,,0.0,30.31
20261005_134359,2026-10-05T14:00:16.676348+00:00,aliexpress,CPU,3256808585753064,"i5 14400F Intel New Core I5-14400F CPU processor LGA 1700 , but without cooler",718.17,208.8,2026-10-05,5.0,0,,0.0,208.8
20261005_134359,2026-10-05T14:00:16.676348+00:00,aliexpress,CPU,3256808301230259,Intel Core i5 14400F 2.5GHz 10-Core 16-Thread CPU Processor 65W LGA 1700 No cooler,784.62,228.12,2026-10-05,5.0,0,,0.0,228.12
20261005_134359,2026-10-05T14:00:20.531564+00:00,aliexpress,CPU,3256812556523129,MINI PC Windows 11 Intel Core i9 10980HK 32GB RAM 1/2TB SSD WIFI 6 BT5.2 4K HD Mini Gaming Office Study Pc With 3-screen display,702.76,204.32,2026-10-05,4.9,0,,0.0,204.32
20261005_134359,2026-10-05T14:00:20.531564+00:00,aliexpress,CPU,3256808446160565,Intel Xeon E5 2680 V4 processor 2.4GHz 14-cores 120W LGA 2011-3 2680V4 CPU,54.03,15.71,2026-10-05,4.9,0,https://www.aliexpress.com/ssr/300000512/BundleDeals2?productIds=1005008632475317:12000046030897534&pha_manifest=ssr&_immersiveMode=true&disableNav=YES&sourceName=SEARCHProduct,0.0,15.71
20261005_134359,2026-10-05T14:00:20.531564+00:00,aliexpress,CPU,3256812816216673,Portable Mini PC Gamer Intel Core I9 8950HK Windows 11 Pro Mini Computer 16GB RAM 512GB 1TB SSD 1000M Ethernet Gaming PC Desktop,598.85,174.11,2026-10-05,5.0,0,,0.0,174.11
20261005_134359,2026-10-05T14:00:20.531564+00:00,aliexpress,CPU,3256807143908862,Intel Xeon E5 2667 V4 2667V4 3.2GHz 8-Core 16-Thread Processor L3=25M 135W LGA 2011-3 CPU,114.57,33.31,2026-10-05,4.9,0,,0.0,33.31
20261005_134359,2026-10-05T14:00:20.531564+00:00,aliexpress,CPU,3256812834341058,2026 Mini PC Windows 11 Pro Intel I9-10980HK/N150 32GB DDR4 1TB SSD PC Gamer Computer Dual WIFI 6 BT5.2 4K HD Gaming Desktop,740.11,215.18,2026-10-05,5.0,0,,0.0,215.18
20261005_134359,2026-10-05T14:00:20.531564+00:00,aliexpress,CPU,3256810525617190,"AMD Mini-ITX NAS Gaming Motherboard, Ryzen 9 7945HX ES / 7845HX ES / R7 7745HX ES, 2xM.2 NVMe, 4xSATA PCIe4.0 X16 Home Server PC",744.41,216.43,2026-10-05,5.0,0,,0.0,216.43
20261005_134359,2026-10-05T14:00:20.531564+00:00,aliexpress,CPU,3256812930302122,Fanless Industrial Computer Mini PC 4‑4K Display AMD Ryzen 3 7330U 5400U Dual DDR4 M.2 NVMe COM for Machine Vision Edge AI,707.23,205.62,2026-10-05,0.0,0,,0.0,205.62
20261005_134359,2026-10-05T14:00:20.531564+00:00,aliexpress,CPU,3256806056438557,Official Original Raspberry Pi 5 Cortex-A76 Linux 4GB 8GB Arm Board Python programlama PCIe Gigabit Ethernet USB3.0,374.91,109.0,2026-10-05,4.5,0,,0.0,109.0
20261005_134359,2026-10-05T14:00:20.531564+00:00,aliexpress,CPU,3256812514415020,Intel Mini host Windows 11 Intel N150 Desktop Computer 32GB RAM 1TB 2TB SSD  Mini PC WIFI6 BT5.2 micro pc mini 3-screen display,787.61,228.99,2026-10-05,5.0,0,,0.0,228.99
20261005_134359,2026-10-05T14:00:20.531564+00:00,aliexpress,CPU,3256812921459188,"Mini PC Windows 11 Pro, Intel Core I9-10980HK, 16GB/32GB RAM, 1TB SSD, Wi-Fi 6, Bluetooth 5.2, 4K HD – Ideal for Office & Study",820.08,238.43,2026-10-05,5.0,0,,0.0,238.43
20261005_134359,2026-10-05T14:00:20.531564+00:00,aliexpress,CPU,3256809477885699,Core Board Single Board Computer Allwinner Embedded Linux CDSENT ECK30 Multi-Core Heterogeneous Gigabit Ethernet 1.2GHz,254.42,73.97,2026-10-05,0.0,0,,0.0,73.97
20261005_134359,2026-10-05T14:00:20.531564+00:00,aliexpress,CPU,3256806602194756,Orange Pi 5 Plus  Single Board Computer RK3588 PCIE Module External WiFi-BT SSD 8K Orange Pi5 Plus Demo Development Board,900.12,261.7,2026-10-05,3.8,0,,0.0,261.7
20261005_134359,2026-10-05T14:00:20.531564+00:00,aliexpress,CPU,3256810178351238,Intel N150 Firewall Upgraded Version Intel Celeron N5105 J6412 7305 Fanless Mini PC 4x2.5G Solid Mini Computer pfSense OPNsense,480.77,139.78,2026-10-05,5.0,0,,0.0,139.78
20261005_134359,2026-10-05T14:00:24.414858+00:00,aliexpress,CPU,3256812572013328,GMKtec Nucbox K17 Mini Pc Intel ®   Core ™   Ultra 5 226V Windows 11 Pro 2.5g Dual Lan Wifi 6E Bt5.2 Gaming Computer USB 4.0 Mini Pc,2562.7,745.08,2026-10-05,0.0,0,,0.0,745.08
20261005_134359,2026-10-05T14:00:24.414858+00:00,aliexpress,CPU,3256811529022263,15.6' Windows 11 Pro Laptops Intel Core I9-10980HK 16GB RAM 1TB SSD Office Gamer Study Notebook Computer PC,1121.17,325.97,2026-10-05,4.6,0,,0.0,325.97
20261005_134359,2026-10-05T14:00:24.414858+00:00,aliexpress,CPU,3256812192857942,Intel Core i5-7500T i5 7500T 2.7 GHz Used Quad-Core Quad-Thread CPU  6M 35W LGA 1151,99.47,28.92,2026-10-05,5.0,0,,0.0,28.92
20261005_134359,2026-10-05T14:00:24.414858+00:00,aliexpress,CPU,3256809427928406,"12"" 10 15 17 Inch Industrial Panel All in One PC Mini Computer Capacitive Touch with Celeron J1900 RS232 Com Windows 7/10",944.14,274.5,2026-10-05,0.0,0,,0.0,274.5
20261005_134359,2026-10-05T14:00:24.414858+00:00,aliexpress,CPU,3256811857798355,"2026 14.1""Laptop Intel Core i7 8650U Atom A3950 Portable Laptops Windows 11 Computer 4K HD 12GB RAM 1TB 2TB SSD Notebook Office",744.27,216.39,2026-10-05,5.0,0,,0.0,216.39
20261005_134359,2026-10-05T14:00:24.414858+00:00,aliexpress,CPU,3256810106429613,Topton Compact Fanless Mini PC Intel Celeron N2840 N2930 J1800 Dual LAN DDR3L MSATA SSD Firewall NAS Computer Homelab Server,280.22,81.47,2026-10-05,0.0,0,,0.0,81.47
20261005_134359,2026-10-05T14:00:24.414858+00:00,aliexpress,CPU,3256811527204550,NEW Core I9-10980HK/N150 Portable Mini PC Computer Windows 11 32GB DDR4 1/2TB SSD Gaming Computer WiFi 6 Office Mini Desktop,765.56,222.58,2026-10-05,5.0,0,,0.0,222.58
20261005_134359,2026-10-05T14:00:24.414858+00:00,aliexpress,CPU,3256812921991033,Windows 11 Pro Mini PC Computer Intel Core I9 8950HK/I3-6100 Pocket Gaming Computer 16GB RAM 512GBSSD Portable Mini Desktop PC,624.72,181.63,2026-10-05,0.0,0,,0.0,181.63
20261005_134359,2026-10-05T14:00:24.414858+00:00,aliexpress,CPU,3256812825150212,2026 Mini PC Intel Core I9 8950HK I3 6100U Windows 11 Gaming Computer Desktop PC 16GB RAM 1TB SSD WiFi6 BT5.2 Portable Gamer PC,598.85,174.11,2026-10-05,5.0,0,,0.0,174.11
20261005_134359,2026-10-05T14:00:24.414858+00:00,aliexpress,CPU,3256807323715792,Laptop motherboard low-power computer motherboard industrial integration Intel core i3-3217U+8G RAM+256G SSD,1043.89,303.5,2026-10-05,0.0,0,,0.0,303.5
20261005_134359,2026-10-05T14:00:24.414858+00:00,aliexpress,CPU,3256812951388407,"2026 Gaming 15.6""Laptop Intel Core I7-1165G7 Computer 16GB RAM 512GB 1TB 2TB 1920*1080 Fingerprint Unlock Backlit Windows 11 Pro",1150.44,334.48,2026-10-05,5.0,0,,0.0,334.48
20261005_134359,2026-10-05T14:00:24.414858+00:00,aliexpress,CPU,3256812589270693,"2026 Intel Core i7 9850H Atom A3950 Portable Laptop Computer 14.1"" HD Gaming Laptops Windows 11 Pro SSD 2TB RAM 16GB PC Notebook",718.89,209.01,2026-10-05,4.9,0,,0.0,209.01
20261005_134359,2026-10-05T14:00:35.581539+00:00,amazon_usa,GPU,B0DS2R6948,"GIGABYTE GeForce RTX 5080 Gaming OC 16G Graphics Card, WINDFORCE Cooling System, 16GB 256-bit GDDR7, GV-N5080GAMING OC-16GD Video Card",1671.25,485.9,2026-10-05,4.6,189,https://www.amazon.com/GIGABYTE-Graphics-WINDFORCE-GV-N5080GAMING-OC-16GD/dp/B0DS2R6948,0.0,485.9
20261005_134359,2026-10-05T14:00:35.581539+00:00,amazon_usa,GPU,B0DQSMMCSH,ASUS TUF Gaming GeForce RTX™ 5080 16GB GDDR7 OC Edition Graphics Card,1850.42,537.99,2026-10-05,4.6,284,https://www.amazon.com/ASUS-Certified-Cybenetics-Intelligent-Stabilizer/dp/B0DQSMMCSH,0.0,537.99
20261005_134359,2026-10-05T14:00:35.581539+00:00,amazon_usa,GPU,B0GVGP3JG3,"msi Gaming RTX 5080 16G Ventus 3X OC Black Graphics Card (16GB GDDR7, 256-bit, Extreme Clock 2640 MHz, DisplayPort x 3 2.1a, HDMI 2.1b, NVIDIA Blackwell Architecture)",1697.5,493.53,2026-10-05,4.7,9,https://www.amazon.com/msi-Graphics-DisplayPort-Blackwell-Architecture/dp/B0GVGP3JG3,0.0,493.53
20261005_134359,2026-10-05T14:00:35.581539+00:00,amazon_usa,GPU,B0DTJDR3V9,PNY NVIDIA GeForce RTX™ 5080 Epic-X RGB™ OC Triple-Fan Graphics Card,1770.41,514.73,2026-10-05,4.4,285,https://www.amazon.com/PNY-Overclocked-Graphics-2-9-Slot-Epic-XTM/dp/B0DTJDR3V9,0.0,514.73
20261005_134359,2026-10-05T14:00:35.581539+00:00,amazon_usa,GPU,B0FKX6LPR6,ASUS ROG Astral GeForce RTX 5080 16GB GDDR7 White OC Edition Graphics Card,2172.42,631.61,2026-10-05,4.6,91,https://www.amazon.com/ASUS-Astral-NVIDIA-GeForce-RTXTM/dp/B0FKX6LPR6,0.0,631.61
20261005_134359,2026-10-05T14:00:35.581539+00:00,amazon_usa,GPU,B0DSWQNGYF,"msi Gaming RTX 5080 16G Ventus 3X OC White Graphics Card (16GB GDDR7, 256-bit, Extreme Clock TBD MHz, DisplayPort x 3 2.1a, HDMI 2.1b, NVIDIA Blackwell Architecture)",1697.5,493.53,2026-10-05,4.6,36,https://www.amazon.com/MSI-Graphics-DisplayPort-Blackwell-Architecture/dp/B0DSWQNGYF,0.0,493.53
20261005_134359,2026-10-05T14:00:35.581539+00:00,amazon_usa,GPU,B0GZR4P62R,ASUS Prime GeForce RTX 5080 EVO 16GB GDDR7 OC Edition Gaming Graphics Card,1682.43,489.15,2026-10-05,4.0,8,https://www.amazon.com/ASUS-Prime-GeForce-Gaming-Graphics/dp/B0GZR4P62R,0.0,489.15
20261005_134359,2026-10-05T14:00:35.581539+00:00,amazon_usa,GPU,B0DYVCGVK4,NVIDIA GeForce RTX 5080 Founders Edition,2020.84,587.54,2026-10-05,4.5,113,https://www.amazon.com/NVIDIA-GeForce-RTX-5080-Founders/dp/B0DYVCGVK4,0.0,587.54
20261005_134359,2026-10-05T14:00:35.581539+00:00,amazon_usa,GPU,B0FSB9GY9Q,ASUS ProArt GeForce RTX 5080 16GB GDDR7 OC Edition Graphics Card,1888.97,549.2,2026-10-05,4.9,29,https://www.amazon.com/ASUS-Graphics-2-5-Slot-Axial-tech-Phase-Change/dp/B0FSB9GY9Q,0.0,549.2
20261005_134359,2026-10-05T14:00:35.581539+00:00,amazon_usa,GPU,B0DSWR8WMB,"msi Gaming RTX 5080 16G SUPRIM Liquid SOC Graphics Card (16GB GDDR7, 256-bit, Extreme Performance: 2760 MHz, DisplayPort x 3 2.1a, HDMI 2.1b, NVIDIA Blackwell Architecture)",2020.84,587.54,2026-10-05,4.7,56,https://www.amazon.com/MSI-Graphics-256-bit-Extreme-Performance/dp/B0DSWR8WMB,0.0,587.54
20261005_134359,2026-10-05T14:00:35.581539+00:00,amazon_usa,GPU,B0DQSLHSP2,ASUS Prime GeForce RTX 5080 16GB GDDR7 OC Edition Gaming Graphics Card,1717.72,499.41,2026-10-05,4.4,103,https://www.amazon.com/ASUS-SFF-Ready-Graphics-2-5-Slot-Axial-tech/dp/B0DQSLHSP2,0.0,499.41
20261005_134359,2026-10-05T14:00:35.581539+00:00,amazon_usa,GPU,B0DTPG3B1N,ASUS Prime GeForce RTX 5080 16GB GDDR7 Gaming Graphics Card,1794.39,521.7,2026-10-05,4.8,110,https://www.amazon.com/ASUS-SFF-Ready-Graphics-2-5-Slot-Axial-tech/dp/B0DTPG3B1N,0.0,521.7
20261005_134359,2026-10-05T14:00:35.581539+00:00,amazon_usa,GPU,B0DQSD7YQC,ASUS ROG Astral GeForce RTX 5080 16GB GDDR7 OC Edition Gaming Graphics Card,2121.9,616.92,2026-10-05,4.5,208,https://www.amazon.com/ASUS-Graphics-3-8-Slot-Axial-tech-Phase-Change/dp/B0DQSD7YQC,0.0,616.92
20261005_134359,2026-10-05T14:00:35.581539+00:00,amazon_usa,GPU,B0FJZJ8TDH,"Amazon Renewed TUF Gaming GeForce RTX ™ 5080 16GB GDDR7 OC Edition Gaming Graphics Card (PCIe® 5.0, HDMI®/DP 2.1, 3.6-Slot, Military-Grade Components, Protective PCB Coating, axial-tech Fans) (Renewed",1667.19,484.72,2026-10-05,0.0,0,https://www.amazon.com/ASUS-Military-Grade-Components-Protective-axial-tech/dp/B0FJZJ8TDH,0.0,484.72
20261005_134359,2026-10-05T14:00:35.581539+00:00,amazon_usa,GPU,B0GK8N9DR7,"ZOTAC Gaming GeForce RTX 5080 Solid CORE OC DLSS 4 16GB GDDR7 256-bit 30 Gbps PCIE 5.0 Gaming Graphics Card, IceStorm 3.0 Advanced Cooling, Spectra RGB Lighting, ZT-B50800J2-10A",1798.76,522.97,2026-10-05,4.7,69,https://www.amazon.com/ZOTAC-Graphics-IceStorm-Advanced-ZT-B50800J2-10A/dp/B0GK8N9DR7,0.0,522.97
20261005_134359,2026-10-05T14:00:35.581539+00:00,amazon_usa,GPU,B0DTJFZ4YS,PNY NVIDIA GeForce RTX™ 5080 OC Triple-Fan Graphics Card,1657.08,481.78,2026-10-05,4.4,206,https://www.amazon.com/PNY-GeForce-Overclocked-Graphics-2-9-Slot/dp/B0DTJFZ4YS,0.0,481.78
20261005_134359,2026-10-05T14:00:35.581539+00:00,amazon_usa,GPU,B0H6KS94JF,"ASUS TUF Gaming GeForce RTX ™ 5080 16GB GDDR7 BTF OC Edition Gaming Graphics Card (PCIe® 5.0, HDMI®/DP 2.1, 3.6-Slot, Military-Grade Components, Detachable GC-HPWR Adapter)",1919.79,558.16,2026-10-05,0.0,0,https://www.amazon.com/ASUS-GeForce-RTX-Gaming-Graphics-Military-Grade-Components/dp/B0H6KS94JF,0.0,558.16
20261005_134359,2026-10-05T14:00:35.581539+00:00,amazon_usa,GPU,B0DYRZZJZ1,PNY NVIDIA GeForce RTX™ 5080 Triple-Fan Graphics Card,1655.09,481.2,2026-10-05,4.3,82,https://www.amazon.com/PNY-GeForce-RTXTM-5080-Triple/dp/B0DYRZZJZ1,0.0,481.2
20261005_134359,2026-10-05T14:00:35.581539+00:00,amazon_usa,GPU,B0DS2R7N4F,"GIGABYTE GeForce RTX 5080 WINDFORCE OC SFF 16G Graphics Card, WINDFORCE Cooling System, 16GB 256-bit GDDR7, GV-N5080WF3OC-16GD Video Card comatible with Desktop",1918.79,557.87,2026-10-05,4.6,57,https://www.amazon.com/GIGABYTE-GeForce-WINDFORCE-Graphics-GV-N5080WF3OC-16GD/dp/B0DS2R7N4F,0.0,557.87
20261005_134359,2026-10-05T14:00:35.581539+00:00,amazon_usa,GPU,B0GPKCL34W,PNY NVIDIA GeForce RTX™ 5080 Slim Dual-Fan Dual-Slot OC Graphics Card,1818.77,528.79,2026-10-05,4.2,59,https://www.amazon.com/PNY-Dual-Fan-Dual-Slot-OC-Graphics/dp/B0GPKCL34W,0.0,528.79
20261005_134359,2026-10-05T14:00:35.581539+00:00,amazon_usa,GPU,B0DSXGNFJL,"msi Gaming RTX 5080 16G Gaming Trio OC White Graphics Card (16GB GDDR7, 256-bit, Extreme Clock TBD MHz, DisplayPort x 3 2.1a, HDMI 2.1b, NVIDIA Blackwell Architecture)",1964.26,571.09,2026-10-05,4.9,18,https://www.amazon.com/MSI-Graphics-DisplayPort-Blackwell-Architecture/dp/B0DSXGNFJL,0.0,571.09
20261005_134359,2026-10-05T14:00:35.581539+00:00,amazon_usa,GPU,B0DS6WPTLL,ASUS Prime GeForce RTX 5070 12GB GDDR7 OC Edition Gaming Graphics Card,865.93,251.76,2026-10-05,4.7,312,https://www.amazon.com/ASUS-SFF-Ready-Graphics-2-5-Slot-Axial-tech/dp/B0DS6WPTLL,0.0,251.76
20261005_134359,2026-10-05T14:00:35.581539+00:00,amazon_usa,GPU,B0DT7JVPVH,"GIGABYTE GeForce RTX 5080 AERO OC SFF 16G Graphics Card, WINDFORCE Cooling System, 16GB 256-bit GDDR7, GV-N5080AERO OC-16GD Video Card, Compatible with Desktop",1768.25,514.1,2026-10-05,4.6,102,https://www.amazon.com/GIGABYTE-Graphics-WINDFORCE-GV-N5080AERO-OC-16GD/dp/B0DT7JVPVH,0.0,514.1
20261005_134359,2026-10-05T14:00:39.352839+00:00,amazon_usa,GPU,B0DSQ1RCZV,"GIGABYTE GeForce RTX 5080 Gaming OC 16G Graphics Card - 16GB GDDR7, 256bit, PCI-E 5.0, 2730MHz Core Clock, 3 x DisplayPort, 1 x HDMI, GV-N5080GAMING OC-16GD",1697.5,493.53,2026-10-05,4.5,330,https://www.amazon.com/Gigabyte-GeForce-5080-Gaming-Graphics/dp/B0DSQ1RCZV,0.0,493.53
20261005_134359,2026-10-05T14:00:39.352839+00:00,amazon_usa,GPU,B0DT7H5JYL,"GIGABYTE AORUS GeForce RTX 5080 Master ICE 16G Graphics Card, WINDFORCE Cooling System, 16GB 256-bit GDDR7, GV-N5080AORUSM ICE-16GD Video Card",2551.32,741.77,2026-10-05,4.3,114,https://www.amazon.com/GIGABYTE-Graphics-WINDFORCE-GV-N5080AORUSM-ICE-16GD/dp/B0DT7H5JYL,0.0,741.77
20261005_134359,2026-10-05T14:00:39.352839+00:00,amazon_usa,GPU,B0BX6LGM2X,"msi GeForce RTX 5080 16G Gaming Trio OC Graphics Card - RTX 5080 GPU, 16GB GDDR7 (30Gbps/256-bit), PCIe 5.0 - TRI FROZR 4 (3 x STORMFORCE Fan), Gaming & Silent Mode, RGB - HDMI 2.1b, DisplayPort 2.1b",2020.84,587.54,2026-10-05,4.5,214,https://www.amazon.com/MSI-GeForce-5080-Gaming-Graphics/dp/B0BX6LGM2X,0.0,587.54
20261005_134359,2026-10-05T14:00:39.352839+00:00,amazon_usa,GPU,B0G26XL6TW,"PNY NVIDIA GeForce RTX™ 5080 Epic-X™ ARGB OC Triple Fan, Graphics Card (16GB GDDR7, 256-bit, Boost Speed: 2775 MHz, PCIe® 5.0, HDMI®/DP 2.1, 2.99-Slot, NVIDIA Blackwell Architecture, DLSS 4)",1813.72,527.32,2026-10-05,4.6,15,https://www.amazon.com/PNY-GeForce-Epic-XTM-Graphics-256-bit/dp/B0G26XL6TW,0.0,527.32
20261005_134359,2026-10-05T14:00:39.352839+00:00,amazon_usa,GPU,B0DSX9Y24P,"msi Gaming RTX 5080 16G Inspire 3X OC Graphics Card (16GB GDDR7, 256-bit, Extreme Clock TBD MHz, DisplayPort x 3 2.1a, HDMI 2.1b, NVIDIA Blackwell Architecture)",2010.77,584.61,2026-10-05,5.0,21,https://www.amazon.com/MSI-Graphics-DisplayPort-Blackwell-Architecture/dp/B0DSX9Y24P,0.0,584.61
20261005_134359,2026-10-05T14:00:39.352839+00:00,amazon_usa,GPU,B0DT9YQ2Q1,"GIGABYTE AORUS GeForce RTX 5080 Master ICE 16G Graphics Card - 16GB GDDR7, 256 Bit, PCI-E 5.0, 2805MHz Core Clock, 3 x DP 2.1a, 1 x HDMI 2.1b, NVIDIA DLSS 4, GV-N5080AORUSM ICE-16GD",2520.02,732.67,2026-10-05,4.4,84,https://www.amazon.com/Gigabyte-AORUS-GeForce-Master-Graphics/dp/B0DT9YQ2Q1,0.0,732.67
20261005_134359,2026-10-05T14:00:39.352839+00:00,amazon_usa,GPU,B0H9SZ6S5W,"GIGABYTE AORUS GeForce RTX 5080 Infinity 16G Graphics Card, 16GB 256-bit GDDR7, PCIe 5.0, WINDFORCE HYPERBURST Cooling System, GV-N5080AORUS IF-16GD Video Card",1970.32,572.85,2026-10-05,5.0,2,https://www.amazon.com/GIGABYTE-WINDFORCE-HYPERBURST-GV-N5080AORUS-IF-16GD/dp/B0H9SZ6S5W,0.0,572.85
20261005_134359,2026-10-05T14:00:39.352839+00:00,amazon_usa,GPU,B0BT9R5XNN,"msi GeForce RTX 5080 16G Shadow 3X OC Graphics Card - RTX 5080 GPU, 16GB GDDR7 (30Gbps/256-bit), PCIe 5.0 - Triple Fan Design (3 x TORX Fan 5.0) - HDMI 2.1b, DisplayPort 2.1b",1817.74,528.49,2026-10-05,4.5,196,https://www.amazon.com/GEFORCE-Shadow-RTX5080-GDRR7-1XHDMI/dp/B0BT9R5XNN,0.0,528.49
20261005_134359,2026-10-05T14:00:39.352839+00:00,amazon_usa,GPU,B0GP6Z5GNW,"msi Gaming RTX 5080 16G Inspire 3X OC Black Graphics Card, GPU (16GB GDDR7, 256-bit, Extreme Clock 2655 MHz, DisplayPort x 3 2.1a, HDMI 2.1b, NVIDIA Blackwell Architecture)",1919.79,558.16,2026-10-05,4.4,36,https://www.amazon.com/msi-Graphics-DisplayPort-Blackwell-Architecture/dp/B0GP6Z5GNW,0.0,558.16
20261005_134359,2026-10-05T14:00:39.352839+00:00,amazon_usa,GPU,B0BSN9VR7K,"msi NVIDIA GeForce RTX 5080 16G VENTUS 3X OC WHITE Carte Graphique - 16 Go GDDR7 (30 GB/s /256 Bits), PCIe 5.0 - Triple Ventilateur (3X Ventilateurs TORX 5.0), HDMI 2.1b, DisplayPort 2.1b",1767.25,513.81,2026-10-05,4.6,32,https://www.amazon.com/MSI-GeForce-VENTUS-WHITE-Graphics/dp/B0BSN9VR7K,0.0,513.81
20261005_134359,2026-10-05T14:00:39.352839+00:00,amazon_usa,GPU,B0DTHVLLY2,ASUS TUF Gaming GeForce RTX 5080 16GB GDDR7 Gaming Graphics Card (Nvidia,1848.08,537.31,2026-10-05,5.0,1,https://www.amazon.com/ASUS-GeForce-Graphics-DisplayPort-TUF-RTX5080-16G-GAMING/dp/B0DTHVLLY2,0.0,537.31
20261005_134359,2026-10-05T14:00:39.352839+00:00,amazon_usa,GPU,B0F8LGTHJD,"ASUS ROG Strix NVIDIA GeForce RTX 5070 Ti 16GB GDDR7 OC Edition Gaming Graphics Card, (PCIe 5.0, HDMI/DP 2.1, 3.2-Slot, MaxContact Design, Phase-Change GPU Thermal Pad), 3 Year Warranty",1384.26,402.46,2026-10-05,4.7,190,https://www.amazon.com/ASUS-Graphics-Axial-tech-MaxContact-phase-change/dp/B0F8LGTHJD,0.0,402.46
20261005_134359,2026-10-05T14:00:39.352839+00:00,amazon_usa,GPU,B0FSSYM8XW,"PNY NVIDIA GeForce RTX™ 5080 OC Triple Fan, Graphics Card (16GB GDDR7, 256-bit, Boost Speed: 2730 MHz, PCIe® 5.0, HDMI®/DP 2.1, 2.99-Slot, Blackwell Architecture, DLSS 4)",1716.72,499.12,2026-10-05,4.5,31,https://www.amazon.com/PNY-NVIDIA-GeForce-Graphics-256-bit/dp/B0FSSYM8XW,0.0,499.12
20261005_134359,2026-10-05T14:00:39.352839+00:00,amazon_usa,GPU,B0DS6S98ZF,ASUS TUF Gaming GeForce RTX 5070 12GB GDDR7 OC EditionGaming Graphics Card,947.17,275.38,2026-10-05,4.7,533,https://www.amazon.com/ASUS-Gaming-GeForce-EditionGaming-Graphics/dp/B0DS6S98ZF,0.0,275.38
20261005_134359,2026-10-05T14:00:39.352839+00:00,amazon_usa,GPU,B0BT9RDFRW,msi GeForce RTX 5080 16G SHADOW 3X GDDR7 DLSS 4 256-Bit Graphics Card,1918.79,557.87,2026-10-05,5.0,1,https://www.amazon.com/GeForce-SHADOW-GDDR7-256-Bit-Graphics/dp/B0BT9RDFRW,0.0,557.87
20261005_134359,2026-10-05T14:00:39.352839+00:00,amazon_usa,GPU,B0DS2X13PH,ASUS TUF Gaming GeForce RTX 5090 32GB GDDR7 OC Edition Gaming Graphics Card,7426.64,2159.22,2026-10-05,4.4,267,https://www.amazon.com/ASUS-Graphics-Military-Grade-Components-Protective/dp/B0DS2X13PH,0.0,2159.22
20261005_134359,2026-10-05T14:00:39.352839+00:00,amazon_usa,GPU,B0DT9Y2B49,"GIGABYTE GeForce RTX 5080 WINDFORCE OC SFF 16G Graphics Card - 16GB GDDR7, 256bit, PCI-E 5.0, 2670MHz Core Clock, 3 x DP 2.1a, 1 x HDMI 2.1b, GV-N5080WF3OC-16GD",2009.63,584.28,2026-10-05,4.5,161,https://www.amazon.com/Gigabyte-GeForce-WINDFORCE-Graphics-GV-N5080WF3OC-16GD/dp/B0DT9Y2B49,0.0,584.28
20261005_134359,2026-10-05T14:00:39.352839+00:00,amazon_usa,GPU,B09GWB753L,Amazon Renewed GeForce RTX 3090 Founders Edition Graphics Card (Renewed),1919.79,558.16,2026-10-05,4.1,39,https://www.amazon.com/NVIDIA-GeForce-Founders-Graphics-Renewed/dp/B09GWB753L,0.0,558.16
20261005_134359,2026-10-05T14:00:39.352839+00:00,amazon_usa,GPU,B0BMZ9TGH1,NVIDIA GeForce RTX 4080 16GB GDDR6X Graphics Card,2000.65,581.67,2026-10-05,4.6,87,https://www.amazon.com/NVIDIA-GeForce-4080-GDDR6X-Graphics/dp/B0BMZ9TGH1,0.0,581.67
20261005_134359,2026-10-05T14:00:43.678553+00:00,amazon_usa,GPU,B0DXVG3V54,PNY GeForce RTX 5080 ARGB Overclocked Triple Fan 16GB GDDR7 Reflex 2 RTX AI DLSS4,1717.72,499.41,2026-10-05,3.9,11,https://www.amazon.com/PNY-GeForce-Overclocked-Triple-Reflex/dp/B0DXVG3V54,0.0,499.41
20261005_134359,2026-10-05T14:00:43.678553+00:00,amazon_usa,GPU,B0DZZ8L5V9,"msi Gaming RTX 5080 16G Ventus 3X OC Graphics Card (16GB GDDR7, 256-bit, Extreme Performance: 2655 MHz, DisplayPort x3 2.1a, HDMI 2.1b, NVIDIA Blackwell Architecture)",1899.6,552.29,2026-10-05,5.0,6,https://www.amazon.com/Gaming-Graphics-256-bit-Extreme-Performance/dp/B0DZZ8L5V9,0.0,552.29
20261005_134359,2026-10-05T14:00:43.678553+00:00,amazon_usa,GPU,B0F7WB6LSH,ASUS Dual GeForce RTX 5060 Ti 16GB GDDR7 OC Edition Gaming Graphics Card,802.64,233.36,2026-10-05,4.7,417,https://www.amazon.com/ASUS-GeForce-GDDR7-Gaming-Graphics/dp/B0F7WB6LSH,0.0,233.36
20261005_134359,2026-10-05T14:00:43.678553+00:00,amazon_usa,GPU,B0BSN91TGK,"msi NVIDIA GeForce RTX 5080 16G Ventus 3X OC Plus Graphics Card - 16GB GDDR7 (30 GB/s /256 Bits), PCIe 5.0 - Triple Fan (3 x TORX 5.0 Fans), HDMI 2.1b, DisplayPort 2.1b",1970.32,572.85,2026-10-05,4.5,51,https://www.amazon.com/MSI-NVIDIA-GeForce-Ventus-Graphics/dp/B0BSN91TGK,0.0,572.85
20261005_134359,2026-10-05T14:00:43.678553+00:00,amazon_usa,GPU,B0H86338KX,GIGABYTE AORUS GeForce RTX 5080 INFINITY WOOD 16G Graphics Card,2594.35,754.28,2026-10-05,5.0,1,https://www.amazon.com/Gigabyte-AORUS-GeForce-INFINITY-Graphics/dp/B0H86338KX,38.0,792.28
20261005_134359,2026-10-05T14:00:43.678553+00:00,amazon_usa,GPU,B0F4RZDFD5,ASUS Prime GeForce RTX 5060 Ti 16GB GDDR7 Gaming Graphics Card,796.73,231.64,2026-10-05,4.6,175,https://www.amazon.com/ASUS-SFF-Ready-Graphics-2-5-Slot-Axial-tech/dp/B0F4RZDFD5,0.0,231.64
20261005_134359,2026-10-05T14:00:43.678553+00:00,amazon_usa,GPU,B0DT9VM5DC,"GIGABYTE AORUS GeForce RTX 5080 Xtreme WATERFORCE 16G Graphics Card - 16GB GDDR7, 256bit, PCI-E 5.0, 2805MHz Core Clock, 3 x DP 2.1a, 1 x HDMI 2.1b, NVIDIA DLSS 4, GV-N5080AORUSX W-16GD",2533.23,736.51,2026-10-05,4.0,14,https://www.amazon.com/Gigabyte-GeForce-Xtreme-Waterforce-Graphics/dp/B0DT9VM5DC,0.0,736.51
20261005_134359,2026-10-05T14:00:43.678553+00:00,amazon_usa,GPU,B0BSLJK16Z,"msi GeForce RTX 5080 16G INSPIRE 3X OC Graphics Card - RTX 5080 GPU, 16GB GDDR7 (30Gbps/256-bit), PCIe 5.0 - Triple Fan Thermal Design (3 x STORMFORCE Fan) - HDMI 2.1b, DisplayPort 2.1b",2322.87,675.35,2026-10-05,4.6,237,https://www.amazon.com/GeForce-5080-INSPIRE-Graphics-Card/dp/B0BSLJK16Z,0.0,675.35
20261005_134359,2026-10-05T14:00:43.678553+00:00,amazon_usa,GPU,B07L8YGDL5,NVIDIA Titan RTX Graphics Card,1409.54,409.81,2026-10-05,4.4,107,https://www.amazon.com/NVIDIA-Titan-RTX-Graphics-Card/dp/B07L8YGDL5,0.0,409.81
20261005_134359,2026-10-05T14:00:43.678553+00:00,amazon_usa,GPU,B0DCJLJJQ7,NVIDIA RTX 2000 ADA 16GB Graphics Card,767.9,223.26,2026-10-05,4.4,15,https://www.amazon.com/Nvidia-2000-16GB-Graphics-Card/dp/B0DCJLJJQ7,0.0,223.26
20261005_134359,2026-10-05T14:00:43.678553+00:00,amazon_usa,GPU,B0GK8NJ4RW,"PNY GeForce RTX 5080 Triple Fan Graphics Card, 16GB GDDR7, 30 Gbps, 256-bit, 1801 AI TOPS, DLSS 4, AI Content Creation, Local LLM Inference, PCIe 5.0, DP 2.1b UHBR20 x3, HDMI 2.1b, with GPU Holder",1768.25,514.1,2026-10-05,0.0,0,https://www.amazon.com/GeForce-Graphics-256-bit-Creation-Inference/dp/B0GK8NJ4RW,0.0,514.1
20261005_134359,2026-10-05T14:00:43.678553+00:00,amazon_usa,GPU,B0DS65KD1C,"ASUS TUF Gaming GeForce RTX 5080 16GB GDDR7 OC Edition Gaming Graphics Card (PCIe 5.0, HDMI/DP 2.1, 3.6-Slot, Military-Grade Components, Protective PCB Coating, axial-tech Fans, Vapor Chamber",1848.08,537.31,2026-10-05,4.8,192,https://www.amazon.com/ASUS-Graphics-Military-Grade-Components-Patented/dp/B0DS65KD1C,0.0,537.31
20261005_134359,2026-10-05T14:00:43.678553+00:00,amazon_usa,GPU,B0GMZ4WT7C,"msi GeForce RTX 5080 16G Ventus 3X OC Black Graphics Card, 16GB GDDR7, PCIe Gen 5, 4K Ultra Gaming, 3D Rendering, AI Content Creation, Streaming, RGB GPU Holder",1817.78,528.5,2026-10-05,0.0,0,https://www.amazon.com/msi-Graphics-Rendering-Creation-Streaming/dp/B0GMZ4WT7C,0.0,528.5
20261005_134359,2026-10-05T14:00:43.678553+00:00,amazon_usa,GPU,B0HLN764GM,Amazon Renewed GeForce RTX 4080 Super Founders Edition Graphics Card (Renewed),1364.07,396.59,2026-10-05,0.0,0,https://www.amazon.com/NVIDIA-GeForce-Founders-Graphics-Renewed/dp/B0HLN764GM,0.0,396.59
20261005_134359,2026-10-05T14:00:43.678553+00:00,amazon_usa,GPU,B0H4X2M3NY,msi Gaming GeForce RTX 3060 Ventus 2X 12G OC V1 Graphics Card - 15 Gbps GDRR6 Boost Clock: 1807 MHz 192-Bit HDMI/DP PCIe 4 Torx Twin Fan Ampere,454.29,132.08,2026-10-05,4.6,24,https://www.amazon.com/msi-Gaming-GeForce-Ventus-Graphics/dp/B0H4X2M3NY,0.0,132.08
20261005_134359,2026-10-05T14:00:43.678553+00:00,amazon_usa,GPU,B0DXL7GSYC,PNY NVIDIA GeForce RTX™ 5070 Ti OC Triple-Fan Graphics Card,1202.41,349.59,2026-10-05,4.5,320,https://www.amazon.com/PNY-GeForce-Overclocked-Graphics-2-9-Slot/dp/B0DXL7GSYC,0.0,349.59
20261005_134359,2026-10-05T14:00:43.678553+00:00,amazon_usa,GPU,B08HR6ZBYJ,NVIDIA GeForce RTX 3090 Founders Edition Graphics Card,2217.89,644.83,2026-10-05,4.2,210,https://www.amazon.com/NVIDIA-RTX-3090-Founders-Graphics/dp/B08HR6ZBYJ,0.0,644.83
20261005_134359,2026-10-05T14:00:43.678553+00:00,amazon_usa,GPU,B0GK8D8DJH,"CyberGeek GeForce RTX 5090 Overclocked Triple Fan Graphics Card, 32GB GDDR7, 28 Gbps, 512-bit, 3352 AI Tops, DLSS 4, AI Content Creation, Local LLM Inference, DP 2.1b x3, HDMI 2.1b, with GPU Holder",7578.22,2203.29,2026-10-05,0.0,0,https://www.amazon.com/CyberGeek-Overclocked-Graphics-Creation-Inference/dp/B0GK8D8DJH,0.0,2203.29
20261005_134359,2026-10-05T14:00:43.678553+00:00,amazon_usa,GPU,B0DYPGBX6J,PNY NVIDIA GeForce RTX™ 5070 Epic-X RGB™ OC Triple-Fan Graphics Card,865.21,251.55,2026-10-05,4.6,459,https://www.amazon.com/PNY-Overclocked-Graphics-2-4-Slot-Epic-XTM/dp/B0DYPGBX6J,0.0,251.55
20261005_134359,2026-10-05T14:00:43.678553+00:00,amazon_usa,GPU,B0F8PR9L3X,"ASUS Dual NVIDIA GeForce RTX 5060 8GB GDDR7 OC Edition (PCIe 5.0, 8GB GDDR7, DLSS 4, HDMI 2.1b, DisplayPort 2.1b, 2.5-Slot Design, Axial-tech Fan Design, 0dB Technology), 3 Year Warranty",474.89,138.07,2026-10-05,4.7,565,https://www.amazon.com/ASUS-DisplayPort-2-5-Slot-Axial-tech-Technology/dp/B0F8PR9L3X,0.0,138.07
20261005_134359,2026-10-05T14:00:48.103336+00:00,amazon_usa,GPU,B0BJFRT43X,VIPERA NVIDIA GeForce RTX 4090 Founders Edition Graphic Card,4486.31,1304.35,2026-10-05,4.6,207,https://www.amazon.com/NVIDIA-GeForce-Founders-Graphics-GDDR6X/dp/B0BJFRT43X,0.0,1304.35
20261005_134359,2026-10-05T14:00:48.103336+00:00,amazon_usa,GPU,B0DV9GMDLR,"msi NVIDIA GeForce RTX 5070 Ti 16G Gaming Trio OC Plus Graphics Card - 16 GB GDDR7 (28 GB/s, 256-bit), PCIe 5.0 - TRI FROZR 4 (3 x STORMFORCE Fans) - RGB - HDMI 2.1b, DisplayPort 2.1b",1505.54,437.72,2026-10-05,4.3,75,https://www.amazon.com/MSI-NVIDIA-GeForce-Gaming-Graphics/dp/B0DV9GMDLR,0.0,437.72
20261005_134359,2026-10-05T14:00:48.103336+00:00,amazon_usa,GPU,B0G2Y8STJH,"Acer GPU Support Bracket, GPU Stand with Magnet Non-Slip Base,(L, 70-120mm)",9.08,2.64,2026-10-05,4.8,391,https://www.amazon.com/Support-Bracket-Graphics-Non-Slip-70-120mm/dp/B0G2Y8STJH,0.0,2.64
20261005_134359,2026-10-05T14:00:48.103336+00:00,amazon_usa,GPU,B0DTQMLX4F,"GIGABYTE GeForce RTX 5070 WINDFORCE OC SFF 12G Graphics Card, 12GB 192-bit GDDR7, PCIe 5.0, WINDFORCE Cooling System, GV-N5070WF3OC-12GD Video Card",1010.97,293.93,2026-10-05,4.8,335,https://www.amazon.com/GIGABYTE-GeForce-WINDFORCE-Graphics-GV-N5070WF3OC-12GD/dp/B0DTQMLX4F,38.0,331.93
20261005_134359,2026-10-05T14:00:48.103336+00:00,amazon_usa,GPU,B0F4RRQ2WY,ASUS TUF Gaming GeForce RTX 5060 Ti 8GB GDDR7 OC Edition Graphics Card,687.07,199.76,2026-10-05,4.7,49,https://www.amazon.com/ASUS-Gaming-GeForce-GDDR7-Graphics/dp/B0F4RRQ2WY,0.0,199.76
20261005_134359,2026-10-05T14:00:48.103336+00:00,amazon_usa,GPU,B0F79S343Y,"ZOTAC Gaming GeForce RTX 5080 Solid Core DLSS 4 16GB GDDR7 256-bit 30Gbps PCIE 5.0 Gaming Graphics Card, IceStorm 3.0 Advanced Cooling, Spectra RGB Lighting, ZT-B50800D2-10P",2312.75,672.41,2026-10-05,4.5,42,https://www.amazon.com/ZOTAC-Graphics-IceStorm-Advanced-ZT-B50800D2-10P/dp/B0F79S343Y,0.0,672.41
20261005_134359,2026-10-05T14:00:48.103336+00:00,amazon_usa,GPU,B0DWMJSGCM,"ASUS TUF Gaming GeForce RTX 5070 Ti 16GB GDDR7 White OC Edition Gaming Graphics Card (PCIe 5.0, HDMI/DP 2.1, 3.125 Slot, Military Grade Components, Protective PCB Coating, axial tech Fans)",1675.45,487.12,2026-10-05,4.6,82,https://www.amazon.com/ASUS-Graphics-military-components-protective/dp/B0DWMJSGCM,0.0,487.12
20261005_134359,2026-10-05T14:00:48.103336+00:00,amazon_usa,GPU,B09WDTY3ZK,"PNY NVIDIA RTX A5500 Professional Graphics Card 24GB GDDR6 PCI Express 4.0 x16, Dual Slot, 4X DisplayPort, 8K Support, Ultra Quiet Active Fan, 13659239000",3818.4,1110.16,2026-10-05,5.0,1,https://www.amazon.com/PNY-Professional-Graphics-DisplayPort-13659239000/dp/B09WDTY3ZK,0.0,1110.16
20261005_134359,2026-10-05T14:00:48.103336+00:00,amazon_usa,GPU,B0GZWW2RKH,msi GeForce RTX 5080 16G Ventus 3X OC Black Gaming Graphics Card,1817.78,528.5,2026-10-05,3.5,2,https://www.amazon.com/GeForce-Ventus-Black-Gaming-Graphics/dp/B0GZWW2RKH,0.0,528.5
20261005_134359,2026-10-05T14:00:48.103336+00:00,amazon_usa,GPU,B0F77H7NBK,ASUS Prime GeForce RTX 5060 8GB GDDR7 Gaming Graphics Card,495.12,143.95,2026-10-05,4.7,181,https://www.amazon.com/ASUS-SFF-Ready-Graphics-2-5-Slot-Axial-tech/dp/B0F77H7NBK,0.0,143.95
20261005_134359,2026-10-05T14:00:48.103336+00:00,amazon_usa,GPU,B0H2BMLNVH,ASUS Bundle of TUF Gaming GeForce RTX 5080 16GB GDDR7 OC Edition Graphics Card + TUF Gaming 1000W 80+ Gold Fully Modular Power Supply,2019.12,587.04,2026-10-05,0.0,0,https://www.amazon.com/ASUS-Bundle-GeForce-Graphics-Modular/dp/B0H2BMLNVH,38.0,625.04
20261005_134359,2026-10-05T14:00:48.103336+00:00,amazon_usa,GPU,B0CT8LQZ47,NVIDIA GeForce RTX 4070 Super 12GB GDDR6X Graphics Card - Titanium/Black,1211.5,352.23,2026-10-05,4.2,26,https://www.amazon.com/NVIDIA-GeForce-GDDR6X-Graphics-Titanium/dp/B0CT8LQZ47,0.0,352.23
20261005_134359,2026-10-05T14:00:48.103336+00:00,amazon_usa,GPU,B0H2VB6FXS,"PNY NVIDIA GeForce RTX™ 5080 Epic-X™ ARGB OC Triple Fan, Graphics Card (16GB GDDR7, 256-bit, Boost Speed: 2775 MHz, PCIe® 5.0, HDMI®/DP 2.1, 2.99-Slot, NVIDIA Blackwell Architecture, DLSS 4)",2514.82,731.16,2026-10-05,1.0,3,https://www.amazon.com/SamLng-GeForce-Epic-XTM-Graphics-256-bit/dp/B0H2VB6FXS,0.0,731.16
20261005_134359,2026-10-05T14:00:48.103336+00:00,amazon_usa,GPU,B0DSQ221G4,"GIGABYTE Aorus GeForce RTX 5080 Master 16G Graphics Card - 16GB GDDR7, 256 Bit, PCI-E 5.0, 2805MHz Core Clock, 3 x DisplayPort, 1 x HDMI, GV-N5080AORUS M-16GD",2536.08,737.34,2026-10-05,4.4,71,https://www.amazon.com/Gigabyte-Aorus-GeForce-Master-Graphics/dp/B0DSQ221G4,38.0,775.34
20261005_134359,2026-10-05T14:00:48.103336+00:00,amazon_usa,GPU,B0H2BND48V,ASUS Bundle of ROG Astral GeForce RTX 5080 OC Edition Graphics Card + ROG Crosshair X870E Hero AMD AM5 ATX Motherboard,2687.63,781.4,2026-10-05,0.0,0,https://www.amazon.com/ASUS-GeForce-Graphics-Crosshair-Motherboard/dp/B0H2BND48V,38.0,819.4
20261005_134359,2026-10-05T14:00:48.103336+00:00,amazon_usa,GPU,B09X4JVZB5,NVIDIA GeForce RTX 3090 Ti Founders Edition,2475.55,719.74,2026-10-05,4.4,78,https://www.amazon.com/Nvidia-RTX-3090-TI-Founders/dp/B09X4JVZB5,0.0,719.74
20261005_134359,2026-10-05T14:00:48.103336+00:00,amazon_usa,GPU,B0DVTFDHX7,INNO3D Nvidia GeForce RTX5080 x3 OC 16GB 256Bit GDDR7 Reflex 2 Graphics Card N50803-16D7X-17603930,2143.01,623.06,2026-10-05,4.9,14,https://www.amazon.com/Inno3D-GeForce-RTX5080-Graphics-N50803-16D7X-17603930/dp/B0DVTFDHX7,38.0,661.06
20261005_134359,2026-10-05T14:00:48.103336+00:00,amazon_usa,GPU,B07HY86LMV,NVIDIA Quadro RTX 6000,1262.02,366.92,2026-10-05,4.4,7,https://www.amazon.com/PNY-VCQRTX6000-PB-Quadro-6000-Graphic/dp/B07HY86LMV,0.0,366.92
20261005_134359,2026-10-05T14:00:48.103336+00:00,amazon_usa,GPU,B0CS3V7ZKJ,"ASUS ProArt GeForce RTX 4080 Super OC Edition 16GB GDDR6X Gaming Graphics Card (NVIDIA GeForce RTX4080 DLSS 3, PCIe 4.0, 1x HDMI 2.1a, 3X DisplayPort 1.4a, PROART-RTX4080S-O16G)",2424.02,704.76,2026-10-05,4.8,139,https://www.amazon.com/ASUS-GeForce-Graphics-DisplayPort-PROART-RTX4080S-O16G/dp/B0CS3V7ZKJ,0.0,704.76
20261005_134359,2026-10-05T14:00:52.969430+00:00,amazon_usa,GPU,B0H1X77HTF,"GIGABYTE AORUS GeForce RTX 5090 Infinity 32G Graphics Card - 32GB GDDR7, 512bit, PCI-E 5.0, 2730MHz Core Clock, 3 x DP 2.1b, 1 x HDMI 2.1b, DLSS 4, GV-N5090AORUS IF-32GD",7252.53,2108.6,2026-10-05,1.0,1,https://www.amazon.com/Gigabyte-AORUS-GeForce-Infinity-Graphics/dp/B0H1X77HTF,38.0,2146.6
20261005_134359,2026-10-05T14:00:52.969430+00:00,amazon_usa,GPU,B0FP7H2FFY,"msi Gaming RTX 5070 Ti 16G MLG Edition OC Graphics Card (16GB GDDR7, 256-bit, Extreme Clock 2580 MHz, DisplayPort x 3 2.1a, HDMI 2.1b, NVIDIA Blackwell Architecture)",1384.26,402.46,2026-10-05,4.7,72,https://www.amazon.com/msi-RTX-5070-16G-MLG/dp/B0FP7H2FFY,38.0,440.46
20261005_134359,2026-10-05T14:00:52.969430+00:00,amazon_usa,GPU,B0H7S2GB83,ASUS TUF Gaming GeForce RTX 5080 16GB GDDR7 BTF OC Ed. Gaming Graphics Card,2556.06,743.15,2026-10-05,0.0,0,https://www.amazon.com/ASUS-Gaming-GeForce-GDDR7-Graphics/dp/B0H7S2GB83,38.0,781.15
20261005_134359,2026-10-05T14:00:52.969430+00:00,amazon_usa,GPU,B0BSLJ52ZF,msi GeForce RTX 5080 16G Vanguard SOC Launch Edition Graphics Card VD8973,3023.22,878.97,2026-10-05,3.7,11,https://www.amazon.com/MSI-GeForce-RTX-5080-16G/dp/B0BSLJ52ZF,0.0,878.97
20261005_134359,2026-10-05T14:00:52.969430+00:00,amazon_usa,GPU,B0CQTN1CQH,"GIGABYTE GeForce RTX 4080 Super WINDFORCE V2 Graphics Card - 2550MHz Core, 16GB GDDR6X 23000MHz 256-bit Memory, PCI-E 4.0, 3X DP 1.4, 1x HDMI 2.1a, NVIDIA DLSS 3.5, GV-N408SWF3V2-16GD",1666.2,484.43,2026-10-05,4.5,121,https://www.amazon.com/Gigabyte-GeForce-SUPER-WINDFORCE-Graphics/dp/B0CQTN1CQH,0.0,484.43
20261005_134359,2026-10-05T14:00:52.969430+00:00,amazon_usa,GPU,B0GWK2K7PL,PNY NVIDIA GeForce RTX™ 5070 Ti Slim Dual-Fan Dual-Slot OC Graphics Card,1313.55,381.9,2026-10-05,4.5,8,https://www.amazon.com/PNY-GeForce-Dual-Fan-Dual-Slot-Graphics/dp/B0GWK2K7PL,0.0,381.9
20261005_134359,2026-10-05T14:00:52.969430+00:00,amazon_usa,GPU,B0DTR54HZZ,"GIGABYTE GeForce RTX 5070 AERO OC 12G Graphics Card, 12GB 192-bit GDDR7, PCIe 5.0, WINDFORCE Cooling System, GV-N5070AERO OC-12GD Video Card, Compatible with Desktop",1110.34,322.82,2026-10-05,4.8,200,https://www.amazon.com/GIGABYTE-Graphics-WINDFORCE-GV-N5070AERO-OC-12GD/dp/B0DTR54HZZ,0.0,322.82
20261005_134359,2026-10-05T14:00:52.969430+00:00,amazon_usa,GPU,B0G44WJ2LX,"GIGABYTE GeForce RTX 5070 Ti WINDFORCE OC V2 16G Graphics Card - 16GB GDDR6, 256bit, PCI-E 5.0, 2497 MHz Core Clock, 3 x DisplayPort, 1 x HDMI, GV-N507TWF3OCV2-16GD",1705.34,495.81,2026-10-05,4.1,21,https://www.amazon.com/GIGABYTE-GeForce-WINDFORCE-Graphics-GV-N507TWF3OCV2-16GD/dp/B0G44WJ2LX,38.0,533.81
20261005_134359,2026-10-05T14:00:52.969430+00:00,amazon_usa,GPU,B0C3SPXZJ8,NVIDIA GeForce RTX 4070 Founder's Edition (FE) Graphics Card - Titanium and Black (900-1G141-2544-000),1010.42,293.77,2026-10-05,4.4,50,https://www.amazon.com/NVIDIA-GeForce-4070-Founders-Graphics/dp/B0C3SPXZJ8,0.0,293.77
20261005_134359,2026-10-05T14:00:52.969430+00:00,amazon_usa,GPU,B09BD59F4T,ASUS Prime GeForce RTX 5080 EVO 16GB GDDR7 OC Edition Gaming Graphics Card,2102.15,611.18,2026-10-05,3.4,5,https://www.amazon.com/ASUS-Graphics-SFF-Ready-DisplayPort-PRIME-RTX5080-O16G-EVO/dp/B09BD59F4T,38.0,649.18
20261005_134359,2026-10-05T14:00:52.969430+00:00,amazon_usa,GPU,B0DSWKJLJP,Palit 5080 16GB GAMINGPRO,2186.46,635.69,2026-10-05,4.5,36,https://www.amazon.com/Palit-NE75080019T2-GB2031A-5080-16GB-GAMINGPRO/dp/B0DSWKJLJP,38.0,673.69
20261005_134359,2026-10-05T14:00:52.969430+00:00,amazon_usa,GPU,B0F59BDRGJ,INNO3D NVIDIA GeForce RTX 5080 X3 OC 16GB GDDR7 256-bit PCI Express Gen 5 Gaming Graphics Card -N50803-16D7X-17605211 (White),2324.9,675.94,2026-10-05,5.0,6,https://www.amazon.com/GeForce-256-bit-Express-Graphics-N50803-16D7X-17605211/dp/B0F59BDRGJ,38.0,713.94
20261005_134359,2026-10-05T14:00:52.969430+00:00,amazon_usa,GPU,B0BNWJ6WTQ,"GIGABYTE GV-N4080AERO OC-16GD GeForce RTX 4080 16GB AERO OC Graphics Card, 3X WINDFORCE Fans, 16GB 256-bit GDDR6X, Video Card",1817.78,528.5,2026-10-05,4.6,68,https://www.amazon.com/Gigabyte-Graphics-WINDFORCE-GV-N4080AERO-OC-16GD/dp/B0BNWJ6WTQ,0.0,528.5
20261005_134359,2026-10-05T14:00:52.969430+00:00,amazon_usa,GPU,B0CSK87B4R,"GIGABYTE GeForce RTX 4070 Ti Super Eagle OC 16G Graphics Card, 3X WINDFORCE Fans, 16GB 256-bit GDDR6X, GV-N407TSEAGLE OC-16GD Video Card",1454.01,422.74,2026-10-05,4.8,184,https://www.amazon.com/GIGABYTE-Graphics-WINDFORCE-GV-N407TSEAGLE-OC-16GD/dp/B0CSK87B4R,0.0,422.74
20261005_134359,2026-10-05T14:00:52.969430+00:00,amazon_usa,GPU,B0H3NRRDLT,"NVIDIA GeForce RTX 3080 20GB GDDR6X Dual Width Server GPU AI Model Graphics Card 20GB VRAM for Local LLMs; Supports Qwen, GLM, MiniMax & More",726.49,211.22,2026-10-05,0.0,0,https://www.amazon.com/NVIDIA-GeForce-Graphics-Supports-MiniMax/dp/B0H3NRRDLT,0.0,211.22
20261005_134359,2026-10-05T14:00:52.969430+00:00,amazon_usa,GPU,B0F8LDHQ7Y,"GIGABYTE GeForce RTX 5060 WINDFORCE OC 8G Graphics Card, Cooling System, 8GB 128-bit GDDR7, PCIe 5.0, Manufactured by NVIDIA, DisplayPort & HDMI - Video Output Interface, GV-N5060WF2OC-8GD Video Card",464.78,135.13,2026-10-05,4.7,433,https://www.amazon.com/GIGABYTE-GeForce-WINDFORCE-Graphics-GV-N5060WF2OC-8GD/dp/B0F8LDHQ7Y,0.0,135.13
20261005_134359,2026-10-05T14:00:52.969430+00:00,amazon_usa,GPU,B0DSWL1V89,Palit 5080 16GB GAMINGPRO OC,2265.29,658.61,2026-10-05,3.9,9,https://www.amazon.com/Palit-5080-16GB-GAMINGPRO-OC/dp/B0DSWL1V89,38.0,696.61
20261005_134359,2026-10-05T14:00:52.969430+00:00,amazon_usa,GPU,B09YCLG5PB,"msi GeForce RTX 4090 Gaming X Trio 24G Gaming Graphics Card - 24GB GDDR6X, 2595 MHz, PCI Express Gen 4, 384-bit, 3X DP v 1.4a, HDMI 2.1a (Supports 4K & 8K HDR)",4491.37,1305.82,2026-10-05,4.3,195,https://www.amazon.com/MSI-GeForce-Graphics-384-bit-DisplayPort/dp/B09YCLG5PB,0.0,1305.82
20261005_134359,2026-10-05T14:00:52.969430+00:00,amazon_usa,GPU,B0DQK4XSC7,"GIGABYTE GeForce RTX 3050 WINDFORCE OC V2 6G Graphics Card, 2X WINDFORCE Fans, 6GB GDDR6 96-bit GDDR6, GV-N3050WF2OCV2-6GD Graphics Card",252.6,73.44,2026-10-05,4.6,311,https://www.amazon.com/GIGABYTE-GeForce-WINDFORCE-Graphics-GV-N3050WF2OCV2-6GD/dp/B0DQK4XSC7,0.0,73.44
20261005_134359,2026-10-05T14:00:52.969430+00:00,amazon_usa,GPU,B0D9J1KZZX,NVIDIA Tesla L4 24GB PCIe Graphics ACELLERATOR HH/HL 75W GPU 900-2G193-0000-000,3991.2,1160.4,2026-10-05,5.0,1,https://www.amazon.com/NVIDIA-Tesla-Graphics-ACELLERATOR-900-2G193-0000-000/dp/B0D9J1KZZX,38.0,1198.4
20261005_134359,2026-10-05T14:01:03.265967+00:00,amazon_usa,GPU,B0FTS11VTX,"Amazon Renewed TUF Gaming GeForce RTX ™ 5070 12GB GDDR7 OC Edition Gaming Graphics Card (PCIe® 5.0, HDMI®/DP 2.1, 3.125-slot, Military-Grade Components, Protective PCB Coating, axial-tech Fans) (Renew",838.65,243.83,2026-10-05,3.8,3,https://www.amazon.com/ASUS-3-125-slot-Military-Grade-Components-Protective/dp/B0FTS11VTX,0.0,243.83
20261005_134359,2026-10-05T14:01:03.265967+00:00,amazon_usa,GPU,B0DX7JJ87N,msi NVIDIA GeForce RTX 5070 12G Ventus 2X OC Graphics Card,1009.42,293.48,2026-10-05,4.6,271,https://www.amazon.com/MSI-GeForce-RTX-5070-Ventus/dp/B0DX7JJ87N,0.0,293.48
20261005_134359,2026-10-05T14:01:03.265967+00:00,amazon_usa,GPU,B0DYGDT9YD,"msi Gaming RTX 5070 12G Ventus 2X OC Graphics Card (12GB GDDR7, 192-bit, Extreme Performance: 2557 MHz, DisplayPort x3 2.1a, HDMI 2.1b, NVIDIA Blackwell Architecture)",1021.46,296.98,2026-10-05,4.6,180,https://www.amazon.com/MSI-RTX-5070-12G-Performance/dp/B0DYGDT9YD,0.0,296.98
20261005_134359,2026-10-05T14:01:03.265967+00:00,amazon_usa,GPU,B0DYPGW2KB,"ASUS TUF Gaming GeForce RTX 5070 12GB GDDR7 OC Edition Gaming Graphics Card (PCIe 5.0, HDMI/DP 2.1, 3.125-slot, Military-Grade Components, Protective PCB Coating, axial-tech Fans)",1110.48,322.86,2026-10-05,4.7,224,https://www.amazon.com/ASUS-3-125-slot-Military-Grade-Components-Protective/dp/B0DYPGW2KB,0.0,322.86
20261005_134359,2026-10-05T14:01:03.265967+00:00,amazon_usa,GPU,B0DXL8NFLF,PNY NVIDIA GeForce RTX™ 5070 Ti Epic-X RGB™ OC Triple-Fan Graphics Card,1263.02,367.21,2026-10-05,4.6,166,https://www.amazon.com/PNY-Overclocked-Graphics-2-9-Slot-Epic-XTM/dp/B0DXL8NFLF,0.0,367.21
20261005_134359,2026-10-05T14:01:03.265967+00:00,amazon_usa,GPU,B0DS6WFRBP,ASUS Prime GeForce RTX 5070 Ti 16GB GDDR7 Gaming Graphics Card,1465.12,425.97,2026-10-05,4.6,384,https://www.amazon.com/ASUS-SFF-Ready-Graphics-2-5-Slot-Axial-tech/dp/B0DS6WFRBP,38.0,463.97
20261005_134359,2026-10-05T14:01:03.265967+00:00,amazon_usa,GPU,B0DTQTJQGZ,"GIGABYTE GeForce RTX 5070 Eagle OC ICE SFF 12G Graphics Card, 12GB 192-bit GDDR7, PCIe 5.0, WINDFORCE Cooling System, GV-N5070EAGLEOC ICE-12GD Video Card, Compatible with Desktop",1010.42,293.77,2026-10-05,4.5,76,https://www.amazon.com/GIGABYTE-Graphics-WINDFORCE-GV-N5070EAGLEOC-ICE-12GD/dp/B0DTQTJQGZ,0.0,293.77
20261005_134359,2026-10-05T14:01:03.265967+00:00,amazon_usa,GPU,B0GK8TKVDJ,"ZOTAC Gaming GeForce RTX 5070 Twin Edge OC DLSS 4 12GB GDDR7 192-bit 28 Gbps PCIE 5.0 Gaming Graphics Card, IceStorm 2.0 Cooling, SFF-Ready, ZT-B50700H-10A",973.03,282.9,2026-10-05,3.8,15,https://www.amazon.com/ZOTAC-Graphics-IceStorm-SFF-Ready-ZT-B50700H-10A/dp/B0GK8TKVDJ,0.0,282.9
20261005_134359,2026-10-05T14:01:03.265967+00:00,amazon_usa,GPU,B0DTR3JK3Y,"GIGABYTE GeForce RTX 5070 Gaming OC 12G Graphics Card, 12GB 192-bit GDDR7, PCIe 5.0, WINDFORCE Cooling System, GV-N5070GAMING OC-12GD Video Card",1060.95,308.46,2026-10-05,4.8,168,https://www.amazon.com/GIGABYTE-Graphics-WINDFORCE-GV-N5070GAMING-OC-12GD/dp/B0DTR3JK3Y,0.0,308.46
20261005_134359,2026-10-05T14:01:03.265967+00:00,amazon_usa,GPU,B0DZZ6VGJW,"msi Gaming RTX 5070 TI 16G Shadow 3X Graphics Card (16GB GDDR7, 256-bit, Extreme Performance: 2467 MHz, DisplayPort x3 2.1a, HDMI 2.1b, NVIDIA Blackwell Architecture)",1444.9,420.09,2026-10-05,5.0,1,https://www.amazon.com/Gaming-Graphics-256-bit-Extreme-Performance/dp/B0DZZ6VGJW,0.0,420.09
20261005_134359,2026-10-05T14:01:03.265967+00:00,amazon_usa,GPU,B0FD8JWP5L,"Bundle of ASUS TUF Gaming GeForce RTX 5070 12GB GDDR7 OC Edition Gaming Graphics Card + ASUS TUF Gaming B850-PLUS WiFi AMD AM5 B850 ATX Motherboard, 14+2+1 80A Stages, DDR5, PCIe 5.0, 3X M.2, Wi-Fi 7",1164.68,338.62,2026-10-05,0.0,0,https://www.amazon.com/ASUS-GeForce-Graphics-B850-PLUS-Motherboard/dp/B0FD8JWP5L,38.0,376.62
20261005_134359,2026-10-05T14:01:03.265967+00:00,amazon_usa,GPU,B0FB8W92JZ,"ASUS Dual -Rtx5070-O12G Nvidia Geforce RTX 5070 12 Gb Gddr7, W129177354 (Geforce RTX 5070 12 Gb Gddr7)",1481.29,430.67,2026-10-05,4.7,45,https://www.amazon.com/ASUS-GeForce-DUAL-RTX5070-O12G-Domestic-Authorized/dp/B0FB8W92JZ,38.0,468.67
20261005_134359,2026-10-05T14:01:03.265967+00:00,amazon_usa,GPU,B0F59N58GV,PNY GEFORCE RTX™ 5070 12GB Triple Fan DLSS 4 Graphics Card,857.85,249.41,2026-10-05,4.5,56,https://www.amazon.com/PNY-GEFORCE-RTXTM-Triple-Graphics/dp/B0F59N58GV,0.0,249.41
20261005_134359,2026-10-05T14:01:03.265967+00:00,amazon_usa,GPU,B0G2LZDP63,Yeston Sakura Nvidia GeForce RTX 5070 GDDR7 12G Gaming GPU Graphics Card,989.2,287.6,2026-10-05,5.0,3,https://www.amazon.com/Yeston-Graphics-Card%EF%BC%88PCI-Express-x16%EF%BC%8CHDMI-3%EF%BC%89%EF%BC%8COpenGL/dp/B0G2LZDP63,38.0,325.6
20261005_134359,2026-10-05T14:01:03.265967+00:00,amazon_usa,GPU,B0DYG3JLGY,"msi Gaming RTX 5070 12G Ventus 2X OC White Graphics Card (12GB GDDR7, 192-bit, Extreme Performance: 2557 MHz, DisplayPort x3 2.1a, HDMI 2.1b, NVIDIA Blackwell Architecture)",1000.31,290.83,2026-10-05,4.7,44,https://www.amazon.com/MSI-Graphics-192-bit-Extreme-Performance/dp/B0DYG3JLGY,0.0,290.83
20261005_134359,2026-10-05T14:01:07.152016+00:00,amazon_usa,GPU,B0DS2QG2KW,"GIGABYTE Radeon RX 9070 XT Gaming OC 16G Graphics Card, PCIe 5.0, 16GB GDDR6, GV-R9070XTGAMING OC-16GD Video Card",817.71,237.74,2026-10-05,4.7,556,https://www.amazon.com/GIGABYTE-Radeon-Graphics-GV-R9070XTGAMING-OC-16GD/dp/B0DS2QG2KW,0.0,237.74
20261005_134359,2026-10-05T14:01:07.152016+00:00,amazon_usa,GPU,B0DRRMZDH6,ASUS Prime Radeon RX 9070 XT 16GB GDDR6 OC Edition Gaming Graphics Card,837.66,243.54,2026-10-05,4.6,481,https://www.amazon.com/ASUS-Graphics-2-5-Slot-Axial-tech-Bearings/dp/B0DRRMZDH6,0.0,243.54
20261005_134359,2026-10-05T14:01:07.152016+00:00,amazon_usa,GPU,B0DTQVHQ6G,"GIGABYTE GeForce RTX 5070 Ti AERO OC 16G Graphics Card, 16GB 256-bit GDDR7, PCIe 5.0, WINDFORCE Cooling System, GV-N507TAERO OC-16GD Video Card",1273.13,370.15,2026-10-05,4.6,116,https://www.amazon.com/GIGABYTE-Graphics-WINDFORCE-GV-N507TAERO-OC-16GD/dp/B0DTQVHQ6G,0.0,370.15
20261005_134359,2026-10-05T14:01:07.152016+00:00,amazon_usa,GPU,B0F67GQBVT,PNY GEFORCE RTX™ 5070 Ti 16GB Triple Fan Graphics Card DLSS4,1352.96,393.36,2026-10-05,4.5,52,https://www.amazon.com/PNY-GEFORCE-RTXTM-Triple-Graphics/dp/B0F67GQBVT,0.0,393.36
20261005_134359,2026-10-05T14:01:07.152016+00:00,amazon_usa,GPU,B0F68R4M2Y,PNY NVIDIA GeForce RTX™ 5060 Ti 8G Epic-X RGB™ OC Triple-Fan Graphics Card,527.45,153.35,2026-10-05,4.6,92,https://www.amazon.com/PNY-GeForce-Epic-XTM-Graphics-128-bit/dp/B0F68R4M2Y,0.0,153.35
20261005_134359,2026-10-05T14:01:07.152016+00:00,amazon_usa,GPU,B0G271LLFX,"PNY NVIDIA GeForce RTX™ 5070 Ti OC Triple Fan, Graphics Card (16GB GDDR7, 256-bit, Boost Speed: 2572 MHz, PCIe® 5.0, HDMI®/DP 2.1, 2.98-Slot, NVIDIA Blackwell Architecture, DLSS 4)",1413.6,410.99,2026-10-05,4.6,26,https://www.amazon.com/PNY-NVIDIA-GeForce-Graphics-256-bit/dp/B0G271LLFX,0.0,410.99
20261005_134359,2026-10-05T14:01:07.152016+00:00,amazon_usa,GPU,B0DV9GC9SR,"msi GeForce RTX 5070 Ti 16G Ventus 3X OC Graphics Card - RTX 5070 Ti GPU, 16GB GDDR7 (28Gbps/256-bit), PCIe 5.0 - Triple Fan Thermal Design (3 x TORX Fan 5.0) - HDMI 2.1b, DisplayPort 2.1b",1444.9,420.09,2026-10-05,4.6,215,https://www.amazon.com/MSI-GeForce-5070-Ventus-Graphics/dp/B0DV9GC9SR,0.0,420.09
20261005_134359,2026-10-05T14:01:07.152016+00:00,amazon_usa,GPU,B0GXF847X5,"ZOTAC Gaming GeForce RTX 5070 Ti Solid CORE OC White Edition DLSS 4 16GB GDDR7 256-bit 28 Gbps PCIE 5.0 Gaming Graphics Card, IceStorm 3.0 Advanced Cooling, Spectra RGB Lighting, ZT-B50710Q2-10A",1313.55,381.9,2026-10-05,0.0,0,https://www.amazon.com/ZOTAC-Graphics-IceStorm-Advanced-ZT-B50710Q2-10A/dp/B0GXF847X5,0.0,381.9
20261005_134359,2026-10-05T14:01:07.152016+00:00,amazon_usa,GPU,B0DVGVZZYY,ASUS Prime GeForce RTX 5070 Ti 16GB GDDR7 OC Edition Gaming Graphics Card,1443.9,419.8,2026-10-05,4.7,358,https://www.amazon.com/ASUS-Prime-GeForce-GDDR7-Graphics/dp/B0DVGVZZYY,0.0,419.8
20261005_134359,2026-10-05T14:01:07.152016+00:00,amazon_usa,GPU,B0GK8NKHKG,"ZOTAC Gaming GeForce RTX 5060 Twin Edge OC DLSS 4 8GB GDDR7 128-bit 28 Gbps PCIE 5.0 Gaming Graphics Card, SFF-Ready Compact Card, ZT-B50600H-10A",474.89,138.07,2026-10-05,5.0,5,https://www.amazon.com/ZOTAC-GeForce-Graphics-SFF-Ready-ZT-B50600H-10A/dp/B0GK8NKHKG,0.0,138.07
20261005_134359,2026-10-05T14:01:07.152016+00:00,amazon_usa,GPU,B0FFXT3TRD,ASUS Dual GeForce RTX 5050 8GB GDDR6 OC Edition Gaming Graphics Card,424.37,123.38,2026-10-05,4.3,97,https://www.amazon.com/ASUS-GeForce-DisplayPort-Axial-tech-Technology/dp/B0FFXT3TRD,0.0,123.38
20261005_134359,2026-10-05T14:01:11.317445+00:00,amazon_usa,GPU,B0DTGMBHQ3,"GIGABYTE Aorus GeForce RTX 5070 Master 12G Graphics Card - 12GB GDDR7, 192 Bit, PCI-E 5.0, 2715 MHz Core Clock, 3 x DP 2.1a, 1 x HDMI 2.1b, NVIDIA DLSS 4, GV-N5070AORUS M-12GD",1439.77,418.6,2026-10-05,4.6,37,https://www.amazon.com/GIGABYTE-AORUS-GeForce-Master-Graphics/dp/B0DTGMBHQ3,38.0,456.6
20261005_134359,2026-10-05T14:01:11.317445+00:00,amazon_usa,GPU,B0F4485KVY,"ZOTAC Gaming GeForce RTX 5070 Ti Solid SFF OC DLSS 4 16GB GDDR7 256-bit 28 Gbps PCIE 5.0 Gaming Graphics Card, IceStorm 2.0 Advanced Cooling, ZT-B50710J3-10P",1338.83,389.25,2026-10-05,4.5,151,https://www.amazon.com/ZOTAC-Graphics-IceStorm-Advanced-ZT-B50710J3-10P/dp/B0F4485KVY,0.0,389.25
20261005_134359,2026-10-05T14:01:11.317445+00:00,amazon_usa,GPU,B0DWH7F8KX,"msi Gaming RTX 5070 Ti 16G,Trio OC Plus Graphics Card (16GB GDDR7, 256-bit, Extreme Performance: 2580 MHz, DisplayPort x 3 2.1a, HDMI 2.1b, NVIDIA Blackwell Architecture)",1480.26,430.37,2026-10-05,4.2,22,https://www.amazon.com/MSI-Graphics-256-bit-Extreme-Performance/dp/B0DWH7F8KX,0.0,430.37
20261005_134359,2026-10-05T14:01:11.317445+00:00,amazon_usa,GPU,B0F8KLKQM3,"ASUS Prime -Rtx5070-O12G-White Nvidia Geforce RTX 5070 12 Gb, W129160166 (Nvidia Geforce RTX 5070 12 Gb Gddr7)",1512.62,439.78,2026-10-05,4.6,125,https://www.amazon.com/ASUS-GeForce-Axial-Tech-DisplayPort-PRIME-RTX5070-O12G-WHITE/dp/B0F8KLKQM3,0.0,439.78
20261005_134359,2026-10-05T14:01:11.317445+00:00,amazon_usa,GPU,B0FD8LY1G3,"Bundle of ASUS The SFF-Ready Prime GeForce RTX™ 5070 OC Edition 12GB GDDR7 Graphics Card + ASUS A31 Black ATX Mid-Tower Gaming Case, Dual-Sided Tempered Glass, Frameless Design, BTF Hidden Connectors",931.59,270.85,2026-10-05,0.0,0,https://www.amazon.com/ASUS-SFF-Ready-Mid-Tower-Dual-Sided-Connectors/dp/B0FD8LY1G3,38.0,308.85
20261005_134359,2026-10-05T14:01:11.317445+00:00,amazon_usa,GPU,B0GLHVHP7X,PNY Technology VCG5071T16TFXPB1 GeForce RTX 5070 TI 16GB Triple Fan Plus Graphics Card,1465.12,425.97,2026-10-05,0.0,0,https://www.amazon.com/PNY-Technology-VCG5071T16TFXPB1-GeForce-Graphics/dp/B0GLHVHP7X,0.0,425.97
20261005_134359,2026-10-05T14:01:11.317445+00:00,amazon_usa,GPU,B08MYCN952,NVIDIA GeForce RTX 3070 8GB GDDR6 PCI Express 4.0 Graphics Card - Dark Platinum and Black,462.41,134.44,2026-10-05,4.5,175,https://www.amazon.com/NVIDIA-GeForce-RTX-3070-Graphics/dp/B08MYCN952,0.0,134.44
20261005_134359,2026-10-05T14:01:11.317445+00:00,amazon_usa,GPU,B0GNCZ9HZ2,"msi Gaming RTX 5070 12G World of Warcraft Midnight Light Edition OC Graphics Card (12GB GDDR7, 192-bit, Extreme Performance: 2625 MHz, DisplayPort x 3 2.1a, HDMI 2.1b, NVIDIA Blackwell Architecture)",1060.95,308.46,2026-10-05,5.0,3,https://www.amazon.com/msi-Warcraft-Midnight-Graphics-Performance/dp/B0GNCZ9HZ2,0.0,308.46
20261005_134359,2026-10-05T14:01:11.317445+00:00,amazon_usa,GPU,B0BZDYZ4V5,"GIGABYTE GeForce RTX 4070 WINDFORCE OC 12GB Graphics Card - 12GB DDRX6 21Gbps, PCI-E 4.0, DisplayPort 1.4, HDMI 2.1a, NVIDIA DLSS 3, Ada Lovelace Arch, GV-N4070WF3OC-12GD, Black, 930g",827.54,240.6,2026-10-05,4.7,365,https://www.amazon.com/Gigabyte-GeForce-WINDFORCE-Graphics-GV-N4070WF3OC-12GD/dp/B0BZDYZ4V5,0.0,240.6
20261005_134359,2026-10-05T14:01:11.317445+00:00,amazon_usa,GPU,B0F77GW9RK,ASUS TUF Gaming GeForce RTX 5060 8GB GDDR7 OC Edition Gaming Graphics Card,575.94,167.45,2026-10-05,4.6,85,https://www.amazon.com/ASUS-Gaming-GeForce-GDDR7-Graphics/dp/B0F77GW9RK,0.0,167.45
20261005_134359,2026-10-05T14:01:11.317445+00:00,amazon_usa,GPU,B07RX4DBGH,Amazon Renewed Titan RTX Graphics Card (Renewed),1161.97,337.83,2026-10-05,4.5,5,https://www.amazon.com/NVIDIA-Titan-Graphics-Card-Renewed/dp/B07RX4DBGH,0.0,337.83
20261005_134359,2026-10-05T14:01:15.930653+00:00,amazon_usa,GPU,B0GKF6FJBP,"CyberGeek GeForce RTX 5070 Ti Triple Fan Graphics Card, 16GB GDDR7, 1406 AI Tops, DLSS 4, 28 Gbps, 256-bit, DP 2.1b x3, HDMI 2.1b, AI Content Creation, Local LLM Inference, with GPU Holder",1465.12,425.97,2026-10-05,0.0,0,https://www.amazon.com/CyberGeek-GeForce-Graphics-Creation-Inference/dp/B0GKF6FJBP,0.0,425.97
20261005_134359,2026-10-05T14:01:15.930653+00:00,amazon_usa,GPU,B0GKFDDKT3,"CyberGeek GeForce RTX 5070 Ti Overclocked Triple Fan Graphics Card, 16GB GDDR7, 1406 AI Tops, DLSS 4, AI Content Creation, LLM Inference, DP 2.1b UHBR20 x3, HDMI 2.1b, with GPU Holder",1515.65,440.66,2026-10-05,0.0,0,https://www.amazon.com/CyberGeek-Overclocked-Graphics-Creation-Inference/dp/B0GKFDDKT3,0.0,440.66
20261005_134359,2026-10-05T14:01:15.930653+00:00,amazon_usa,GPU,B0G275RRVH,ASUS ROG Strix GeForce RTX 5070 Ti 16GB GDDR7 Gaming Graphics Card,1868.27,543.18,2026-10-05,4.6,18,https://www.amazon.com/ASUS-Graphics-Axial-tech-MaxContact-Phase-Change/dp/B0G275RRVH,0.0,543.18
20261005_134359,2026-10-05T14:01:15.930653+00:00,amazon_usa,GPU,B0H85W4QXV,GIGABYTE AORUS GeForce RTX 5070 Infinity 12G Graphics Card,1359.26,395.19,2026-10-05,0.0,0,https://www.amazon.com/Gigabyte-AORUS-GeForce-Infinity-Graphics/dp/B0H85W4QXV,38.0,433.19
20261005_134359,2026-10-05T14:01:15.930653+00:00,amazon_usa,GPU,B0F1Y26X4M,INNO3D GeForce RTX 5070 Twin X2 OC 12GB GDDR7 Reflex 2 RTX AI DLSS4,1272.03,369.83,2026-10-05,4.3,14,https://www.amazon.com/Inno3D-GeForce-GDDR7-Reflex-DLSS4/dp/B0F1Y26X4M,38.0,407.83
20261005_134359,2026-10-05T14:01:15.930653+00:00,amazon_usa,GPU,B0H85ZQMZ4,GIGABYTE AORUS GeForce RTX 5070 Ti Infinity 16G Graphics Card,1869.4,543.51,2026-10-05,0.0,0,https://www.amazon.com/Gigabyte-AORUS-GeForce-Infinity-Graphics/dp/B0H85ZQMZ4,38.0,581.51
20261005_134359,2026-10-05T14:01:15.930653+00:00,amazon_usa,GPU,B0B52CGGLW,Amazon Renewed GeForce RTX 3070 Ti 8GB GDDR6X PCI Express 4.0 Graphics Card - Dark Platinum and Black (Renewed),434.48,126.32,2026-10-05,4.7,7,https://www.amazon.com/NVIDIA-GeForce-Express-Graphics-Platinum/dp/B0B52CGGLW,0.0,126.32
20261005_134359,2026-10-05T14:01:15.930653+00:00,amazon_usa,GPU,B0HFRF2RMQ,"ASUS TUF Gaming GeForce RTX ™ 5070 Ti 16GB GDDR7 OC Edition Gaming Graphics Card (PCIe® 5.0, HDMI®/DP 2.1, 3.125-slot, Military-Grade Components, Protective PCB Coating, axial-tech Fans)",1813.68,527.31,2026-10-05,0.0,0,https://www.amazon.com/3-125-slot-Military-Grade-Components-Protective-axial-tech/dp/B0HFRF2RMQ,0.0,527.31
20261005_134359,2026-10-05T14:01:15.930653+00:00,amazon_usa,GPU,B0FD8KYCX4,"Bundle of ASUS The SFF-Ready Prime GeForce RTX™ 5070 OC Edition 12GB GDDR7 Graphics Card + ASUS Prime 750W Gold (ATX 3.0 Compatible, Fully Modular Power Supply, 80+ Gold Certified)",975.03,283.48,2026-10-05,0.0,0,https://www.amazon.com/ASUS-SFF-Ready-Graphics-Compatible-Certified/dp/B0FD8KYCX4,38.0,321.48
20261005_134359,2026-10-05T14:01:20.955802+00:00,amazon_usa,GPU,B0CSJV61BN,"GIGABYTE GeForce RTX 4070 Super WINDFORCE OC 12G Graphics Card, 3X WINDFORCE Fans, 12GB 192-bit GDDR6X, GV-N407SWF3OC-12GD Video Card",979.12,284.67,2026-10-05,4.6,218,https://www.amazon.com/GIGABYTE-GeForce-WINDFORCE-Graphics-GV-N407SWF3OC-12GD/dp/B0CSJV61BN,0.0,284.67
20261005_134359,2026-10-05T14:01:20.955802+00:00,amazon_usa,GPU,B0H33RX3JZ,Yeston Sakura GeForce RTX 5070Ti 16GB GDDR7 GPU Video Gaming Graphics Card,1413.6,410.99,2026-10-05,0.0,0,https://www.amazon.com/Yeston-Sakura-GeForce-5070Ti-Graphics/dp/B0H33RX3JZ,38.0,448.99
20261005_134359,2026-10-05T14:01:20.955802+00:00,amazon_usa,GPU,B0DWHGLDHG,"msi Gaming RTX 5070 Ti 16G Inspire 3X OC Plus Graphics Card (16GB GDDR7, 256-bit, Extreme Performance: 2497 MHz, DisplayPort x 3 2.1a, HDMI 2.1b, NVIDIA Blackwell Architecture)",1696.5,493.24,2026-10-05,4.3,4,https://www.amazon.com/MSI-Inspire-Graphics-256-bit-Performance/dp/B0DWHGLDHG,0.0,493.24
20261005_134359,2026-10-05T14:01:20.955802+00:00,amazon_usa,GPU,B0F7ZFYM9N,"msi Gaming RTX 5060 8G Ventus 3X OC Graphics Card (8GB GDDR7,128-bit, Extreme Performance: 2550 MHz, DisplayPort x3 2.1a, HDMI 2.1b, NVIDIA Blackwell Architecture)",520.36,151.29,2026-10-05,4.6,33,https://www.amazon.com/Gaming-Graphics-128-bit-Extreme-Performance/dp/B0F7ZFYM9N,0.0,151.29
20261005_134359,2026-10-05T14:01:20.955802+00:00,amazon_usa,GPU,B0GKFHLLRM,"msi GeForce RTX 5070 Ti Ventus 3X PZ OC Triple Fan Graphics Card, 16GB GDDR7, 1406 AI Tops, DLSS 4, AI Content Creation, Local LLM Inference, PCIe 5.0, DP 2.1b x3, HDMI 2.1b, with GPU Holder",2121.9,616.92,2026-10-05,0.0,0,https://www.amazon.com/msi-GeForce-Graphics-Creation-Inference/dp/B0GKFHLLRM,0.0,616.92
20261005_134359,2026-10-05T14:01:20.955802+00:00,amazon_usa,GPU,B0FKSMSGMD,"ZOTAC Gaming GeForce RTX 5060 Ti 16GB Twin Edge OC White Edition DLSS 4 16GB GDDR7 128-bit 28 Gbps PCIE 5.0 Gaming Graphics Card, IceStorm 2.0 Cooling, SFF-Ready, ZT-B50620Q-10M",858.84,249.7,2026-10-05,4.7,144,https://www.amazon.com/ZOTAC-Graphics-IceStorm-SFF-Ready-ZT-B50620Q-10M/dp/B0FKSMSGMD,0.0,249.7
20261005_134359,2026-10-05T14:01:20.955802+00:00,amazon_usa,GPU,B0DVH1Y9VN,"ASUS TUF Gaming RTX5070 Ti OC, PCIe5, 16GB DDR7, 2 HDMI, 3 DP, 2610MHz Clock, RGB Lighting, Overclocked",1767.25,513.81,2026-10-05,4.7,241,https://www.amazon.com/ASUS-RTX5070-2610MHz-Lighting-Overclocked/dp/B0DVH1Y9VN,0.0,513.81
20261005_134359,2026-10-05T14:01:20.955802+00:00,amazon_usa,GPU,B0FF3Z655H,"Palit Geforce RTX 5070 Gamingpro-S Nvidia 12 Gb Gddr7, W129162510 (Nvidia 12 Gb Gddr7)",1222.5,355.43,2026-10-05,0.0,0,https://www.amazon.com/Palit-Geforce-Gamingpro-S-Nvidia-W129162510/dp/B0FF3Z655H,38.0,393.43
20261005_134359,2026-10-05T14:01:20.955802+00:00,amazon_usa,GPU,B0DZHPPMMR,Palit GeForce RTX 5070 GamingPro (12GB GDDR7/PCI Express 5.0/ MHz/28000MHz),1538.87,447.41,2026-10-05,4.4,15,https://www.amazon.com/Palit-GeForce-GamingPro-Express-28000MHz/dp/B0DZHPPMMR,38.0,485.41
20261005_134359,2026-10-05T14:01:36.250665+00:00,amazon_usa,RAM,B0HC887B5X,CORSAIR Vengeance RS DDR5 32GB (2 x 16GB) Up to 6000MHz AMD Intel RAM,511.28,148.65,2026-10-05,4.1,5,https://www.amazon.com/CORSAIR-Vengeance-DDR5-6000MHz-Intel/dp/B0HC887B5X,0.0,148.65
20261005_134359,2026-10-05T14:01:36.250665+00:00,amazon_usa,RAM,B0D4NLSP87,Patriot Viper Venom DDR5 RAM 32GB (2X16GB) 6000MHz CL30 Desktop Memory,495.12,143.95,2026-10-05,4.5,674,https://www.amazon.com/Patriot-2X16GB-6000MT-Desktop-Memory/dp/B0D4NLSP87,0.0,143.95
20261005_134359,2026-10-05T14:01:36.250665+00:00,amazon_usa,RAM,B0GGJ79NR3,Corsair Vengeance RGB RS DDR5 32GB (2 x 16GB) Up to 6000MHz AMD Intel RAM,511.28,148.65,2026-10-05,4.3,208,https://www.amazon.com/CORSAIR-Vengeance-6000MHz-CL36-44-44-96-Computer/dp/B0GGJ79NR3,0.0,148.65
20261005_134359,2026-10-05T14:01:36.250665+00:00,amazon_usa,RAM,B0HC4JGQJ8,CORSAIR Vengeance RGB RS DDR5 32GB (2 x 16GB) Up to 6000MHz AMD Intel RAM,510.25,148.35,2026-10-05,5.0,3,https://www.amazon.com/CORSAIR-Vengeance-DDR5-6000MHz-Intel/dp/B0HC4JGQJ8,0.0,148.35
20261005_134359,2026-10-05T14:01:36.250665+00:00,amazon_usa,RAM,B0BPTKD797,CORSAIR Vengeance RGB DDR5 RAM 32GB (2x16GB) Up to 6000MHz CL30-36-36-76 1.40V AMD EXPO Intel XMP Desktop Computer Memory - Gray (CMH32GX5M2B6000Z30K),628.53,182.74,2026-10-05,4.7,4300,https://www.amazon.com/CORSAIR-VENGEANCE-6000MHz-Compatible-Computer/dp/B0BPTKD797,0.0,182.74
20261005_134359,2026-10-05T14:01:36.250665+00:00,amazon_usa,RAM,B0BFGB2D2Z,G.SKILL Flare X5 Series DDR5 RAM (AMD EXPO & Intel XMP 3.0) 32GB (2x16GB) Up to 6000MT/s* CL36-36-36-96 1.35V Desktop Computer Memory U-DIMM - Matte Black (F5-6000J3636F16GX2-FX5),499.66,145.27,2026-10-05,4.7,965,https://www.amazon.com/G-Skill-288-Pin-CL36-36-36-96-Channel-F5-6000J3636F16GX2-FX5/dp/B0BFGB2D2Z,0.0,145.27
20261005_134359,2026-10-05T14:01:36.250665+00:00,amazon_usa,RAM,B0CBRJ63RT,CORSAIR Vengeance DDR5 32GB (2 x 16GB) Up to 6000MHz AMD Intel RAM,632.52,183.9,2026-10-05,4.8,2500,https://www.amazon.com/CORSAIR-Vengeance-6000MHz-Compatible-Computer/dp/B0CBRJ63RT,0.0,183.9
20261005_134359,2026-10-05T14:01:36.250665+00:00,amazon_usa,RAM,B0GSR1M4ZJ,Lexar Thor Z RGB DDR5 RAM 32GB Kit (2x16GB) 6000MHz CL38 DRAM 288-Pin UDIMM,485.0,141.01,2026-10-05,4.4,117,https://www.amazon.com/Lexar-2x16GB-6000MHz-288-Pin-UDIMM/dp/B0GSR1M4ZJ,0.0,141.01
20261005_134359,2026-10-05T14:01:36.250665+00:00,amazon_usa,RAM,B0CTHXMYL8,"Crucial Pro 32GB DDR5 RAM Kit (2x16GB),CL36 6000MHz, Overclocking Desktop Gaming Memory, Intel XMP 3.0 & AMD Expo Compatible, Black - CP2K16G60C36U5B Global Recycled Standard",570.89,165.98,2026-10-05,4.8,3800,https://www.amazon.com/Crucial-6000MHz-Overclocking-Desktop-Compatible/dp/B0CTHXMYL8,0.0,165.98
20261005_134359,2026-10-05T14:01:36.250665+00:00,amazon_usa,RAM,B0BNTRRLYP,TEAMGROUP T-Force Vulcan DDR5 32GB (2x16GB) 6000MHz (PC5-48000) CL38 Desktop Memory Module Ram (Black) for Chipset 600 700 Series XMP 3.0 Ready - FLBD532G6000HC38ADC01,495.12,143.95,2026-10-05,4.6,763,https://www.amazon.com/TEAMGROUP-T-Force-6000MHz-PC5-48000-Desktop/dp/B0BNTRRLYP,0.0,143.95
20261005_134359,2026-10-05T14:01:36.250665+00:00,amazon_usa,RAM,B0D2JLWLWZ,"Crucial Pro 32GB DDR5 RAM Kit (2x16GB), CL36 6000MHz, Overclocking Desktop Gaming Memory, Intel XMP 3.0 & AMD Expo Compatible, White - CP2K16G60C36U5W Global Recycled Standard",510.25,148.35,2026-10-05,4.8,1000,https://www.amazon.com/Crucial-6000MHz-Overclocking-Desktop-Compatible/dp/B0D2JLWLWZ,0.0,148.35
20261005_134359,2026-10-05T14:01:36.250665+00:00,amazon_usa,RAM,B0DGZJ3RTS,Patriot Viper Elite 5 RGB DDR5 RAM 32GB (2X16GB) 6000MT/s CL30 RGB Memory,500.14,145.41,2026-10-05,4.0,193,https://www.amazon.com/Patriot-Memory-2X16GB-Desktop-Compatible/dp/B0DGZJ3RTS,0.0,145.41
20261005_134359,2026-10-05T14:01:36.250665+00:00,amazon_usa,RAM,B0C4NKHXK7,TEAMGROUP T-Create Expert CL30 Overclocking 10L DDR5 32GB Kit (2 x 16GB) 6000MHz (PC5-48000) Intel XMP 3.0 & AMD EXPO Compatible Desktop Memory Module Ram White - CTCWD532G6000HC30DC01,545.61,158.63,2026-10-05,4.8,369,https://www.amazon.com/TEAMGROUP-T-Create-Overclocking-6000MHz-PC5-48000/dp/B0C4NKHXK7,0.0,158.63
20261005_134359,2026-10-05T14:01:36.250665+00:00,amazon_usa,RAM,B0DPJ9DJ3D,CORSAIR Vengeance RGB DDR5 32GB (2 x 16GB) Up to 6000MHz AMD Intel RAM,646.66,188.01,2026-10-05,4.7,4300,https://www.amazon.com/CORSAIR-Vengeance-6000MHz-CL30-36-36-76-Computer/dp/B0DPJ9DJ3D,0.0,188.01
20261005_134359,2026-10-05T14:01:36.250665+00:00,amazon_usa,RAM,B0C4NM8NMC,TEAMGROUP T-Create Expert CL30 Overclocking 10L DDR5 32GB Kit (2 x 16GB) 6000MHz (PC5-48000) Intel XMP 3.0 & AMD EXPO Compatible Desktop Memory Module Ram Black - CTCED532G6000HC30DC01,545.61,158.63,2026-10-05,4.7,806,https://www.amazon.com/TEAMGROUP-T-Create-Overclocking-6000MHz-PC5-48000/dp/B0C4NM8NMC,0.0,158.63
20261005_134359,2026-10-05T14:01:36.250665+00:00,amazon_usa,RAM,B0H4LSTG1N,"V-Color Manta XSky DDR5 32GB (2x16GB) 6000MHz CL30 SK Hynix IC RGB Gaming Desktop Memory Module Black, for AMD EXPO TMXSAL1660830KWK",485.0,141.01,2026-10-05,5.0,2,https://www.amazon.com/V-Color-2x16GB-6000MHz-Desktop-TMXSAL1660830KWK/dp/B0H4LSTG1N,0.0,141.01
20261005_134359,2026-10-05T14:01:36.250665+00:00,amazon_usa,RAM,B0BZHTVHN5,CORSAIR Vengeance RGB DDR5 RAM 32GB (2x16GB) Up to 6000MHz CL36-44-44-96 1.35V Intel XMP 3.0 Computer Memory – Black (CMH32GX5M2E6000C36),499.55,145.24,2026-10-05,4.7,4100,https://www.amazon.com/CORSAIR-VENGEANCE-6000MHz-Compatible-Computer/dp/B0BZHTVHN5,0.0,145.24
20261005_134359,2026-10-05T14:01:36.250665+00:00,amazon_usa,RAM,B0G5QFNNV3,CORSAIR Vengeance RGB DDR5 32GB (2 x 16GB) Up to 6000MHz AMD Intel RAM,544.61,158.34,2026-10-05,4.2,82,https://www.amazon.com/CORSAIR-Vengeance-6000MHz-CL38-44-44-96-Computer/dp/B0G5QFNNV3,0.0,158.34
20261005_134359,2026-10-05T14:01:36.250665+00:00,amazon_usa,RAM,B0CQQTR1ZV,CORSAIR Vengeance DDR5 RAM 32GB (2x16GB) 6000MHz CL38 Intel XMP iCUE Compatible Computer Memory - Black (CMK32GX5M2B6000C38),468.32,136.16,2026-10-05,4.4,61,https://www.amazon.com/CORSAIR-VENGEANCE-6000MHz-Compatible-Computer/dp/B0CQQTR1ZV,0.0,136.16
20261005_134359,2026-10-05T14:01:36.250665+00:00,amazon_usa,RAM,B0BNTV8S98,TEAMGROUP T-Force Vulcan DDR5 32GB (2x16GB) 6000MHz (PC5-48000) CL38 Intel XMP 3.0 & AMD Expo Compatible Desktop Memory Module Ram Red FLRD532G6000HC38ADC01,495.12,143.95,2026-10-05,4.6,763,https://www.amazon.com/TEAMGROUP-T-Force-6000MHz-PC5-48000-Desktop/dp/B0BNTV8S98,0.0,143.95
20261005_134359,2026-10-05T14:01:36.250665+00:00,amazon_usa,RAM,B0G5Q1XTKM,CORSAIR Vengeance DDR5 32GB (2 x 16GB) Up to 6000MHz AMD Intel RAM,473.89,137.78,2026-10-05,4.1,58,https://www.amazon.com/CORSAIR-Vengeance-6000MHz-CL38-44-44-96-Computer/dp/B0G5Q1XTKM,0.0,137.78
20261005_134359,2026-10-05T14:01:36.250665+00:00,amazon_usa,RAM,B09PTGZM6Y,G.SKILL Trident Z5 RGB Series DDR5 RAM (Intel XMP 3.0 & AMD EXPO) 32GB (2x16GB) Up to 6000MT/s* CL36-36-36-96 1.35V Desktop Computer Memory U-DIMM - Matte Black (F5-6000J3636F16GA2-TZ5RK),545.61,158.63,2026-10-05,4.7,1500,https://www.amazon.com/G-Skill-Trident-PC5-48000-CL36-36-36-96-F5-6000J3636F16GA2-TZ5RK/dp/B09PTGZM6Y,0.0,158.63
20261005_134359,2026-10-05T14:01:40.114240+00:00,amazon_usa,RAM,B0DSVSS2ML,KLEVV Urbane V RGB DDR5 32GB (2x16GB) 6000MHz CL30 SK Hynix A-Die 1.35V Gaming Desktop Ram Memory XMP 3.0 / AMD Expo Ready (KD5AGUA80-60A300M),536.53,155.99,2026-10-05,4.6,39,https://www.amazon.com/KLEVV-Urbane-6000MHz-Desktop-KD5AGUA80-60A300M/dp/B0DSVSS2ML,0.0,155.99
20261005_134359,2026-10-05T14:01:40.114240+00:00,amazon_usa,RAM,B0C1TKSDKR,G.SKILL Flare X5 Series DDR5 RAM (AMD EXPO) 32GB (2x16GB) Up to 6000MT/s* CL30-38-38-96 1.35V Desktop Computer Memory U-DIMM - Matte Black (F5-6000J3038F16GX2-FX5),586.02,170.38,2026-10-05,4.7,801,https://www.amazon.com/G-SKILL-2x16GB-CL30-38-38-96-Desktop-Computer/dp/B0C1TKSDKR,0.0,170.38
20261005_134359,2026-10-05T14:01:40.114240+00:00,amazon_usa,RAM,B0B3HGJ4V7,TEAMGROUP T-Force Delta RGB DDR5 Ram 32GB (2x16GB) 6000MHz PC5-48000 CL30 Intel XMP 3.0 & AMD Expo Compatible Desktop Memory Module Ram White FF4D532G6000HC30DC01,606.25,176.26,2026-10-05,4.7,1400,https://www.amazon.com/TEAMGROUP-T-Force-6000MHz-PC5-48000-Desktop/dp/B0B3HGJ4V7,0.0,176.26
20261005_134359,2026-10-05T14:01:40.114240+00:00,amazon_usa,RAM,B0D8PMPVRW,KLEVV FIT V DDR5 32GB (2x16GB) 6000MHz CL30 SK Hynix A-Die 1.35V Gaming Desktop Ram Memory XMP 3.0 / AMD Expo Ready (KD5AGU880-60A300F),497.11,144.53,2026-10-05,4.6,80,https://www.amazon.com/KLEVV-2x16GB-6000MHz-Desktop-KD5AGU880-60A320F/dp/B0D8PMPVRW,0.0,144.53
20261005_134359,2026-10-05T14:01:40.114240+00:00,amazon_usa,RAM,B0DX6P486P,TEAMGROUP T-Force Delta RGB DDR5 Ram 32GB (2x16GB) 6000MHz PC5-48000 CL38 Intel XMP 3.0 & AMD Expo Compatible Desktop Memory Module Ram White FF4D532G6000HC38JDC01,505.19,146.88,2026-10-05,4.6,32,https://www.amazon.com/TEAMGROUP-T-Force-PC5-48000-Compatible-FF4D532G6000HC38JDC01/dp/B0DX6P486P,0.0,146.88
20261005_134359,2026-10-05T14:01:40.114240+00:00,amazon_usa,RAM,B09LHNF6GT,TEAMGROUP T-Force Delta RGB DDR5 Ram 32GB (2x16GB) 6000MHz PC5-48000 CL38 Intel XMP 3.0 & AMD Expo Compatible Desktop Memory Module Ram White FF4D532G6000HC38ADC01,505.19,146.88,2026-10-05,4.7,673,https://www.amazon.com/TEAMGROUP-T-Force-6000MHz-PC5-48000-Desktop/dp/B09LHNF6GT,0.0,146.88
20261005_134359,2026-10-05T14:01:40.114240+00:00,amazon_usa,RAM,B09LHQL3GF,TEAMGROUP T-Force Delta RGB DDR5 Ram 32GB (2x16GB) 6000MHz PC5-48000 CL38 Intel XMP 3.0 & AMD Expo Compatible Desktop Memory Module Ram Black FF3D532G6000HC38ADC01,505.19,146.88,2026-10-05,4.7,673,https://www.amazon.com/TEAMGROUP-T-Force-6000MHz-PC5-48000-Desktop/dp/B09LHQL3GF,0.0,146.88
20261005_134359,2026-10-05T14:01:40.114240+00:00,amazon_usa,RAM,B0C4G6PN9G,G.SKILL Ripjaws S5 Series DDR5 RAM (Intel XMP 3.0 & AMD EXPO) 32GB (2x16GB) Up to 6000MT/s* CL36-36-36-96 1.35V Desktop Computer Memory U-DIMM - Matte Black (F5-6000J3636F16GX2-RS5K),463.68,134.81,2026-10-05,4.6,46,https://www.amazon.com/G-SKILL-Ripjaws-CL36-36-36-96-Desktop-Computer/dp/B0C4G6PN9G,0.0,134.81
20261005_134359,2026-10-05T14:01:40.114240+00:00,amazon_usa,RAM,B0BLTDRRLF,"Crucial 32GB DDR5 RAM Kit (2x16GB), 5600MHz (or 5200MHz or 4800MHz) Laptop Memory 262-Pin SODIMM, Compatible with Intel Core and AMD Ryzen 7000, Black - CT2K16G56C46S5",570.89,165.98,2026-10-05,4.8,2800,https://www.amazon.com/Crucial-5600MHz-5200MHz-4800MHz-CT2K16G56C46S5/dp/B0BLTDRRLF,0.0,165.98
20261005_134359,2026-10-05T14:01:40.114240+00:00,amazon_usa,RAM,B0BF8FVLSL,G.SKILL Trident Z5 Neo RGB Series DDR5 RAM (AMD EXPO) 32GB (2x16GB) Up to 6000MT/s* CL30-38-38-96 1.35V Desktop Computer Memory U-DIMM - Matte Black (F5-6000J3038F16GX2-TZ5NR),646.66,188.01,2026-10-05,4.8,1600,https://www.amazon.com/G-Skill-Trident-288-Pin-CL30-38-38-96-F5-6000J3038F16GX2-TZ5NR/dp/B0BF8FVLSL,0.0,188.01
20261005_134359,2026-10-05T14:01:40.114240+00:00,amazon_usa,RAM,B0D95ZYN8N,Silicon Power Value Gaming DDR5 32GB (2x16GB) 6000MT/s (PC5-48000) 288-pin CL30 1.35V UDIMM Desktop RAM Computer Memory SP032GXLWU60AFDJ,580.97,168.91,2026-10-05,4.8,30,https://www.amazon.com/Silicon-Power-PC5-48000-Computer-SP032GXLWU60AFDJ/dp/B0D95ZYN8N,0.0,168.91
20261005_134359,2026-10-05T14:01:40.114240+00:00,amazon_usa,RAM,B0DX798QSS,TEAMGROUP T-Force Delta RGB DDR5 Ram 32GB (2x16GB) 6000MHz PC5-48000 CL38 Intel XMP 3.0 & AMD Expo Compatible Desktop Memory Module Ram Black FF3D532G6000HC38JDC01,505.19,146.88,2026-10-05,4.6,32,https://www.amazon.com/TEAMGROUP-T-Force-PC5-48000-Compatible-FF3D532G6000HC38JDC01/dp/B0DX798QSS,0.0,146.88
20261005_134359,2026-10-05T14:01:40.114240+00:00,amazon_usa,RAM,B0BRQ21XK1,TEAMGROUP T-Force Delta Alpha RGB DDR5 Ram 32GB Kit (2x16GB) 6000MHz (PC5-48000) CL38 Intel XMP 3.0 & AMD Expo Compatible Desktop Memory Module Ram Black FF7D532G6000HC38ADC01,504.71,146.74,2026-10-05,4.8,494,https://www.amazon.com/TEAMGROUP-T-Force-6000MHz-PC5-48000-Optimized/dp/B0BRQ21XK1,0.0,146.74
20261005_134359,2026-10-05T14:01:40.114240+00:00,amazon_usa,RAM,B0CRT28P29,"Acer Predator Pallas II DDR5 RAM 32GB (16GBx2) 6000MHz CL30 PC5-48000 Intel XMP 3.0 AMD EXPO Compatible Computer Memory, Black - BL.9BWWR.433",535.53,155.7,2026-10-05,4.4,56,https://www.amazon.com/Predator-6000MHz-PC5-48000-Compatible-Computer/dp/B0CRT28P29,0.0,155.7
20261005_134359,2026-10-05T14:01:40.114240+00:00,amazon_usa,RAM,B0GGJ9YH2D,Corsair Vengeance RGB RS DDR5 64GB (2 x 32GB) Up to 6000MHz AMD Intel RAM,1050.84,305.52,2026-10-05,4.2,42,https://www.amazon.com/CORSAIR-Vengeance-6000MHz-CL40-50-50-96-Computer/dp/B0GGJ9YH2D,0.0,305.52
20261005_134359,2026-10-05T14:01:40.114240+00:00,amazon_usa,RAM,B0GS7MT7JD,PUSKILL 32GB DDR5 RAM (2x16GB) 6000MHz CL30 Desktop Memory | Ultra-Low Latency Gaming PC Upgrade | Intel XMP 3.0 & AMD EXPO Ready for 700/600 & Ryzen 7000 (AM5),485.0,141.01,2026-10-05,4.5,33,https://www.amazon.com/PUSKILL-6000MHz-Desktop-Ultra-Low-Latency/dp/B0GS7MT7JD,0.0,141.01
20261005_134359,2026-10-05T14:01:40.114240+00:00,amazon_usa,RAM,B0BJ181PX7,G.SKILL Ripjaws S5 Series DDR5 RAM (Intel XMP 3.0 & AMD EXPO) 32GB (2x16GB) Up to 6000MT/s* CL36-36-36-96 1.35V Desktop Computer Memory U-DIMM - Matte Black (F5-6000J3636F16GX2-RS5K),515.31,149.82,2026-10-05,4.6,391,https://www.amazon.com/G-Skill-RipJaws-288-Pin-CL36-36-36-96-F5-6000J3636F16GX2-RS5K/dp/B0BJ181PX7,0.0,149.82
20261005_134359,2026-10-05T14:01:40.114240+00:00,amazon_usa,RAM,B09XZ6VVY9,Patriot Viper Venom RGB DDR5 RAM 32GB (2X16GB) 6000MHz CL36 RGB Memory,474.89,138.07,2026-10-05,4.5,132,https://www.amazon.com/Patriot-6000MHz-Desktop-Gaming-Memory/dp/B09XZ6VVY9,0.0,138.07
20261005_134359,2026-10-05T14:01:40.114240+00:00,amazon_usa,RAM,B0H6JB95D4,V-Color Manta XFinity RGB DDR5 32GB (16GBx2) 6000MHz XMP 3.0 & AMD EXPO CL30 1.35V RGB Gaming Desktop Upgrade RAM U-DIMM Memory Module SK Hynix IC - Black (TMXFL1660830KWK),501.17,145.71,2026-10-05,5.0,2,https://www.amazon.com/V-Color-XFinity-6000MHz-Desktop-Upgrade/dp/B0H6JB95D4,0.0,145.71
20261005_134359,2026-10-05T14:01:40.114240+00:00,amazon_usa,RAM,B0FQMLKVLS,"Crucial Pro DDR5 RAM 32GB Kit (2x16GB), 6400MHz CL32, Overclocking Desktop Gaming Memory, Intel XMP 3.0 & AMD Expo Compatible, Black - CP2K16G64C32U5B",572.68,166.5,2026-10-05,4.6,577,https://www.amazon.com/Crucial-6400MHz-Overclocking-Desktop-Compatible/dp/B0FQMLKVLS,8.0,174.5
20261005_134359,2026-10-05T14:01:40.114240+00:00,amazon_usa,RAM,B09XY6KX8P,Patriot Viper Venom DDR5 RAM 32GB (2X16GB) 6000MHz CL36 Desktop Memory,515.27,149.81,2026-10-05,4.4,337,https://www.amazon.com/Patriot-Viper-Venom-6000MHz-Memory/dp/B09XY6KX8P,0.0,149.81
20261005_134359,2026-10-05T14:01:40.114240+00:00,amazon_usa,RAM,B0D5XFTFG7,"Acer Predator Vesta II RGB DDR5 RAM 32GB (16GBx2) 6000MHz CL32 PC5-48000, Intel XMP 3.0 AMD EXPO Compatible Computer Memory, Black BL.9BWWR.378",535.53,155.7,2026-10-05,5.0,56,https://www.amazon.com/Predator-6000MHz-PC5-48000-Compatible-Computer/dp/B0D5XFTFG7,0.0,155.7
20261005_134359,2026-10-05T14:01:40.114240+00:00,amazon_usa,RAM,B0HDR6DWJB,"ITEMPOWERS 32GB (2x16GB) DDR5 6000MHz RGB Gaming Desktop RAM, 288-Pin UDIMM, CL38, 1.35V, White",433.48,126.03,2026-10-05,0.0,0,https://www.amazon.com/ITEMPOWERS-2x16GB-6000MHz-Desktop-288-Pin/dp/B0HDR6DWJB,0.0,126.03
20261005_134359,2026-10-05T14:01:40.114240+00:00,amazon_usa,RAM,B0D33THVDL,CORSAIR Vengeance SODIMM DDR5 RAM 32GB (1x32GB) Up to 5600MHz CL48 Intel XMP 3.0 Desktop Computer Memory - Black (CMSX32GX5M1A5600C48),427.5,124.29,2026-10-05,4.5,69,https://www.amazon.com/CORSAIR-Vengeance-5600MHz-Compatible-Computer/dp/B0D33THVDL,0.0,124.29
20261005_134359,2026-10-05T14:01:44.442525+00:00,amazon_usa,RAM,B0D78G94K2,TEAMGROUP T-Force Vulcan DDR5 64GB (2x32GB) 6000MHz (PC5-48000) CL38 Intel XMP 3.0 & AMD Expo Compatible Desktop Memory Module Ram Black FLBD564G6000HC38ADC01,1000.31,290.83,2026-10-05,4.5,47,https://www.amazon.com/TEAMGROUP-T-Force-PC5-48000-Compatible-FLBD564G6000HC38ADC01/dp/B0D78G94K2,0.0,290.83
20261005_134359,2026-10-05T14:01:44.442525+00:00,amazon_usa,RAM,B0H6JLHZJX,V-Color Manta XFinity RGB DDR5 32GB (16GBx2) 6000MHz XMP 3.0 & AMD EXPO CL30 1.35V RGB Gaming Desktop Upgrade RAM U-DIMM Memory Module SK Hynix IC - White (TMXFL1660830WWK),501.17,145.71,2026-10-05,4.4,4,https://www.amazon.com/V-Color-XFinity-6000MHz-Desktop-Upgrade/dp/B0H6JLHZJX,0.0,145.71
20261005_134359,2026-10-05T14:01:44.442525+00:00,amazon_usa,RAM,B0BLTDTD86,"Crucial 32GB DDR5 RAM, 5600MHz (or 5200MHz or 4800MHz) Laptop Memory, SODIMM 262-Pin, Compatible with 13th Gen Intel Core and AMD Ryzen 6000 - CT32G56C46S5",525.42,152.76,2026-10-05,4.8,697,https://www.amazon.com/Crucial-5600MHz-5200MHz-4800MHz-CT32G56C46S5/dp/B0BLTDTD86,0.0,152.76
20261005_134359,2026-10-05T14:01:44.442525+00:00,amazon_usa,RAM,B0CT9BMGLF,"Crucial Pro 32GB DDR5 RAM Kit (2x16GB), 6000MHz (or 5600MHz or 5200MHz or 4800MHz) Desktop Memory UDIMM 288-pin, Compatible with 13th Gen Intel Core and AMD Ryzen 7000 - CP2K16G60C48U5",616.36,179.2,2026-10-05,4.7,539,https://www.amazon.com/Crucial-6000MHz-5600MHz-5200MHz-CP2K16G60C48U5/dp/B0CT9BMGLF,0.0,179.2
20261005_134359,2026-10-05T14:01:44.442525+00:00,amazon_usa,RAM,B0DXV9Q6RS,TEAMGROUP T-Force Vulcan Alpha DDR5 Ram 32GB Kit (2x16GB) 6000MHz (PC5-48000) CL38 Desktop Memory Module Ram AMD Optimized Memory Black FLABD532G6000HC38JDC01,494.6,143.8,2026-10-05,3.4,3,https://www.amazon.com/TEAMGROUP-T-Force-PC5-48000-Optimized-FLABD532G6000HC38JDC01/dp/B0DXV9Q6RS,0.0,143.8
20261005_134359,2026-10-05T14:01:44.442525+00:00,amazon_usa,RAM,B0C3HS9JVQ,Kingston FURY Impact 32GB (2x16GB) 6000MT/s CL38 DDR5 SODIMM | Intel XMP 3.0 | Plug N Play | Laptop Memory | Kit of 2 | KF560S38IBK2-32,636.55,185.07,2026-10-05,4.4,50,https://www.amazon.com/Kingston-Technology-Impact-2x16GB-KF560S38IBK2-32/dp/B0C3HS9JVQ,0.0,185.07
20261005_134359,2026-10-05T14:01:44.442525+00:00,amazon_usa,RAM,B0CGQ3KS8X,G.SKILL Flare X5 Series DDR5 RAM (AMD EXPO) 64GB (2x32GB) Up to 6000MT/s* CL30-40-40-96 1.40V Desktop Computer Memory U-DIMM - Matte Black (F5-6000J3040G32GX2-FX5),1182.19,343.71,2026-10-05,4.7,322,https://www.amazon.com/G-SKILL-2x32GB-CL30-40-40-96-Desktop-Computer/dp/B0CGQ3KS8X,0.0,343.71
20261005_134359,2026-10-05T14:01:44.442525+00:00,amazon_usa,RAM,B0BF6ZQ8MY,G.SKILL Trident Z5 Neo RGB Series DDR5 RAM (AMD EXPO & Intel XMP 3.0) 32GB (2x16GB) Up to 6000MT/s* CL36-36-36-96 1.35V Desktop Computer Memory U-DIMM - Matte Black (F5-6000J3636F16GX2-TZ5NR),545.61,158.63,2026-10-05,4.7,810,https://www.amazon.com/G-Skill-Trident-288-Pin-CL36-36-36-96-F5-6000J3636F16GX2-TZ5NR/dp/B0BF6ZQ8MY,0.0,158.63
20261005_134359,2026-10-05T14:01:44.442525+00:00,amazon_usa,RAM,B0FH173B3C,KLEVV Bolt V DDR5 32GB (2x16GB) 6000MHz CL28 SK Hynix A-Die 1.35V Gaming Desktop Ram Memory XMP 3.0 / AMD Expo Ready - White (KD5AGUA80-60B280I),538.56,156.58,2026-10-05,4.9,26,https://www.amazon.com/KLEVV-2x16GB-6000MHz-Gaming-Desktop/dp/B0FH173B3C,0.0,156.58
20261005_134359,2026-10-05T14:01:44.442525+00:00,amazon_usa,RAM,B0FYPNNWVS,Silicon Power DDR5 32GB (2x16GB) Zenith 6000MT/s (PC5-48000) 288-pin CL30 1.35V UDIMM Desktop Memory Module RAM SU032GXLWU60AFDGSW White,555.72,161.57,2026-10-05,4.0,6,https://www.amazon.com/Silicon-Power-PC5-48000-288-pin-SU032GXLWU60AFDGSW/dp/B0FYPNNWVS,0.0,161.57
20261005_134359,2026-10-05T14:01:44.442525+00:00,amazon_usa,RAM,B0CS5N74RV,KLEVV CRAS V RGB DDR5 32GB (2x16GB) 6000MHz CL30 SK Hynix A-Die 1.35V Gaming Desktop Ram Memory XMP 3.0 / AMD Expo Ready - White (KD5AGUA80-60A300J),557.75,162.16,2026-10-05,4.4,177,https://www.amazon.com/KLEVV-2x16GB-6000MHz-Gaming-Desktop/dp/B0CS5N74RV,0.0,162.16
20261005_134359,2026-10-05T14:01:44.442525+00:00,amazon_usa,RAM,B0BN4PPQ16,G.Skill Flare X5 Series DDR5 RAM (AMD EXPO & Intel XMP 3.0) 32GB (2x16GB) Up to 6000MT/s* CL36-36-36-96 1.35V Desktop Computer Memory U-DIMM - Matte Black (F5-6000J3636F16GX2-FX5),477.92,138.95,2026-10-05,4.5,73,https://www.amazon.com/G-Skill-2x16GB-CL36-36-36-96-Desktop-Computer/dp/B0BN4PPQ16,0.0,138.95
20261005_134359,2026-10-05T14:01:44.442525+00:00,amazon_usa,RAM,B0DD2LKVMD,G.SKILL Trident Z5 Royal Neo Series DDR5 RAM (AMD EXPO) 32GB (2x16GB) Up to 6000MT/s* CL28-36-36-96 1.40V Desktop Computer Memory U-DIMM - Silver (F5-6000J2836G16GX2-TR5NS),767.9,223.26,2026-10-05,4.7,399,https://www.amazon.com/G-SKILL-Trident-CL28-36-36-96-Desktop-Computer/dp/B0DD2LKVMD,0.0,223.26
20261005_134359,2026-10-05T14:01:44.442525+00:00,amazon_usa,RAM,B0FV3JQB3H,Corsair Vengeance DDR5 32GB (2 x 16GB) Up to 6000MHz AMD Intel RAM,573.91,166.86,2026-10-05,4.6,26,https://www.amazon.com/Corsair-Vengeance-2x16GB-6000MHz-Desktop/dp/B0FV3JQB3H,0.0,166.86
20261005_134359,2026-10-05T14:01:44.442525+00:00,amazon_usa,RAM,B0GXFJ2NB9,Silicon Power DDR5 32GB (2x16GB) Zenith RGB 6000MT/s (PC5-48000) 288-pin CL36 1.35V UDIMM Desktop Memory Module RAM SP032GXLWU60FFDFAI Black,555.72,161.57,2026-10-05,0.0,0,https://www.amazon.com/Silicon-Power-PC5-48000-288-pin-SP032GXLWU60FFDFAI/dp/B0GXFJ2NB9,0.0,161.57
20261005_134359,2026-10-05T14:01:44.442525+00:00,amazon_usa,RAM,B0CN92HXZL,TEAMGROUP Elite SODIMM DDR5 32GB (2x16GB) 5600Mhz (PC5-44800) CL46 Non-ECC Unbuffered 1.1V 262 Pin Laptop Memory Module Ram - TED532G5600C46ADC-S01,474.89,138.07,2026-10-05,4.6,269,https://www.amazon.com/TEAMGROUP-5600Mhz-PC5-44800-Non-ECC-Unbuffered/dp/B0CN92HXZL,0.0,138.07
20261005_134359,2026-10-05T14:01:44.442525+00:00,amazon_usa,RAM,B0F6YG9ZL3,TEAMGROUP T-Create Expert Overclocking 10L CL28 DDR5 32GB Kit (2 x 16GB) 6000MHz (PC5-48000) Intel XMP 3.0 & AMD Expo Compatible Desktop Memory Module Ram White - CTCWD532G6000HC28ADC01,555.72,161.57,2026-10-05,5.0,3,https://www.amazon.com/TEAMGROUP-T-Create-Overclocking-PC5-48000-Compatible/dp/B0F6YG9ZL3,0.0,161.57
20261005_134359,2026-10-05T14:01:44.442525+00:00,amazon_usa,RAM,B0H9589GCS,PNY DDR5 32GB (2x16GB) 5600MHz CL46 Low Profile Desktop Memory Kit,495.12,143.95,2026-10-05,5.0,2,https://www.amazon.com/PNY-2x16GB-5600MHz-Profile-Desktop/dp/B0H9589GCS,0.0,143.95
20261005_134359,2026-10-05T14:01:44.442525+00:00,amazon_usa,RAM,B0CYH8MD2T,Kingston FURY Beast 32GB 6000MT/s DDR5 CL30 Desktop Memory | AMD EXPO | Single Module | KF560C30BBE-32,775.5,225.47,2026-10-05,5.0,14,https://www.amazon.com/Kingston-6000MT-Desktop-Memory-KF560C30BBE-32/dp/B0CYH8MD2T,0.0,225.47
20261005_134359,2026-10-05T14:01:44.442525+00:00,amazon_usa,RAM,B09WB6HQL3,G.SKILL Ripjaws S5 Series DDR5 RAM (Intel XMP 3.0 & AMD EXPO) 32GB (2x16GB) Up to 5200MT/s* CL40-40-40-83 1.10V Desktop Computer Memory U-DIMM - Matte Black (F5-5200J4040A16GX2-RS5K),485.0,141.01,2026-10-05,4.9,26,https://www.amazon.com/G-SKILL-Gskill-5200-32GB-Ripjaws/dp/B09WB6HQL3,0.0,141.01
20261005_134359,2026-10-05T14:01:48.958152+00:00,amazon_usa,RAM,B0BJNTLJ5X,G.SKILL Trident Z5 Neo RGB Series DDR5 RAM (AMD EXPO) 64GB (2x32GB) Up to 6000MT/s* CL30-40-40-96 1.40V Desktop Computer Memory U-DIMM - Matte Black (F5-6000J3040G32GX2-TZ5NR),1131.66,329.02,2026-10-05,4.7,994,https://www.amazon.com/G-Skill-Trident-288-Pin-CL30-40-40-96-F5-6000J3040G32GX2-TZ5NR/dp/B0BJNTLJ5X,0.0,329.02
20261005_134359,2026-10-05T14:01:48.958152+00:00,amazon_usa,RAM,B0H6NH4RP8,G.SKILL Trident Z5 NeoX RGB Series DDR5 RAM (AMD EXPO ULL & EXPO) 32GB (2x16GB) Up to 6000MT/s* CL36-36-36-76 1.35V Desktop Computer Memory U-DIMM - Matte White (F5-6000A3636F16GX2-TZ5NXRW),535.53,155.7,2026-10-05,5.0,4,https://www.amazon.com/G-SKILL-Trident-CL36-36-36-76-Desktop-Computer/dp/B0H6NH4RP8,0.0,155.7
20261005_134359,2026-10-05T14:01:48.958152+00:00,amazon_usa,RAM,B0HLZPGLK3,"Lexar Thor RGB RAM DDR5 32GB Kit (2x16GB) 6000 MHz, Desktop PC UDIMM DRAM 288-Pin Memory, Memory High Performance DDR5 Gaming Computer, 1.35V(LD5U16G60C38BG-RGD) (Renewed)",454.63,132.18,2026-10-05,0.0,0,https://www.amazon.com/dp/B0HLZPGLK3/ref=sr_1_75,0.0,132.18
20261005_134359,2026-10-05T14:01:48.958152+00:00,amazon_usa,RAM,B09R4Z8G98,G.SKILL Trident Z5 RGB Series DDR5 RAM (Intel XMP 3.0 & AMD EXPO) 32GB (2x16GB) Up to 6000MT/s* CL36-36-36-96 1.35V Desktop Computer Memory U-DIMM - Metallic Silver (F5-6000J3636F16GX2-TZ5RS),505.19,146.88,2026-10-05,4.5,29,https://www.amazon.com/G-SKILL-Trident-288-Pin-Desktop-F5-6000J3636F16GX2-TZ5RS/dp/B09R4Z8G98,0.0,146.88
20261005_134359,2026-10-05T14:01:48.958152+00:00,amazon_usa,RAM,B0CQ32BF2D,A-Tech 32GB Kit (2x16GB) DDR5 5600MHz PC5-44800 CL46 UDIMM 1.1V Non-ECC Unbuffered DIMM 288-Pin Desktop PC/Computer RAM Memory Upgrade Modules,527.28,153.3,2026-10-05,5.0,2,https://www.amazon.com/Tech-5600MHz-PC5-44800-Non-ECC-Unbuffered/dp/B0CQ32BF2D,0.0,153.3
20261005_134359,2026-10-05T14:01:48.958152+00:00,amazon_usa,RAM,B0H73BGRQY,Patriot Viper Venom DDR5 RAM 32GB (2x16GB) 6000MT/s Desktop Memory,474.89,138.07,2026-10-05,0.0,0,https://www.amazon.com/Patriot-2x16GB-6000MT-Desktop-Memory/dp/B0H73BGRQY,0.0,138.07
20261005_134359,2026-10-05T14:01:48.958152+00:00,amazon_usa,RAM,B0BRTJDWYD,Kingston FURY Beast 64GB (2x32GB) 6000MT/s DDR5 CL36 RGB Desktop Memory Kit of 2 | Infrared Syncing | AMD EXPO | KF560C36BBEAK2-64,1414.01,411.11,2026-10-05,4.5,141,https://www.amazon.com/Kingston-Desktop-Infrared-Syncing-KF560C36BBEAK2-64/dp/B0BRTJDWYD,0.0,411.11
20261005_134359,2026-10-05T14:01:48.958152+00:00,amazon_usa,RAM,B0DBHLBQZD,【DDR5 RAM Laptop Only】 GIGASTONE 32GB Kit (2x16GB) DDR5 5600MHz PC5-44800 CL 46-46-46-90 1.1V SODIMM 262 Pin Unbuffered Non ECC High Performance Notebook Memory Upgrade,443.56,128.96,2026-10-05,4.6,8,https://www.amazon.com/GIGASTONE-PC5-44800-46-46-46-90-Unbuffered-Performance/dp/B0DBHLBQZD,0.0,128.96
20261005_134359,2026-10-05T14:01:48.958152+00:00,amazon_usa,RAM,B0F8QCN2SZ,TEAMGROUP T-Force Delta RGB DDR5 Ram 32GB (2x16GB) 6000MHz PC5-48000 CL28 Intel XMP 3.0 AMD Expo Compatible Desktop Memory White FF4D532G6000HC28ADC01,676.96,196.82,2026-10-05,5.0,1,https://www.amazon.com/TEAMGROUP-T-Force-PC5-48000-Compatible-FF4D532G6000HC28ADC01/dp/B0F8QCN2SZ,0.0,196.82
20261005_134359,2026-10-05T14:01:48.958152+00:00,amazon_usa,RAM,B0G344CRXS,Timetec Premium 32GB KIT(2x16GB) DDR5 5600MHz PC5-44800 Unbuffered Non-ECC 1.1V CL46 1Rx8 Single Rank 262 Pin SODIMM Laptop Memory RAM Upgrade,465.81,135.43,2026-10-05,5.0,5,https://www.amazon.com/Timetec-Premium-5600MHz-PC5-44800-Unbuffered/dp/B0G344CRXS,0.0,135.43
20261005_134359,2026-10-05T14:01:48.958152+00:00,amazon_usa,RAM,B0HCCQDQFC,CORSAIR Vengeance RGB DDR5 16GB (1x16GB) up to 6000MHz AMD Intel RAM,271.79,79.02,2026-10-05,0.0,0,https://www.amazon.com/CORSAIR-Vengeance-1x16GB-6000MHz-Intel/dp/B0HCCQDQFC,0.0,79.02
20261005_134359,2026-10-05T14:01:48.958152+00:00,amazon_usa,RAM,B09NCPTVX5,CORSAIR VENGEANCE DDR5 RAM 32GB (2x16GB) 5200MHz CL40-40-40-77 1.25V Intel XMP Desktop Computer Memory - Black (CMK32GX5M2B5200C40),513.28,149.23,2026-10-05,4.7,1500,https://www.amazon.com/CORSAIR-VENGEANCE-5200MHz-Compatible-Computer/dp/B09NCPTVX5,0.0,149.23
20261005_134359,2026-10-05T14:01:48.958152+00:00,amazon_usa,RAM,B0HBRXXRJ2,"KlNGSTON FURY BEAST RGB 32GB (2 x 16GB), DDR5 6000 MT/s, CL40, UDIMM Ram",505.19,146.88,2026-10-05,0.0,0,https://www.amazon.com/KlNGSTON-FURY-BEAST-32GB-UDIMM/dp/B0HBRXXRJ2,0.0,146.88
20261005_134359,2026-10-05T14:01:48.958152+00:00,amazon_usa,RAM,B0CYM58GFS,Kingston FURY Beast RGB 32GB (2x16GB) 6000MT/s DDR5 CL30 Desktop Memory | AMD EXPO | Kit of 2 | KF560C30BBEAK2-32,596.13,173.32,2026-10-05,4.7,316,https://www.amazon.com/Kingston-2x16GB-6000MT-Desktop-KF560C30BBEAK2-32/dp/B0CYM58GFS,0.0,173.32
20261005_134359,2026-10-05T14:01:48.958152+00:00,amazon_usa,RAM,B0D2M3D13Q,"Samsung 32GB DDR5 4800MHz PC5-38400 CL40 SODIMM 2Rx8 Dual Rank 1.1V 262-Pin Laptop RAM Memory M425R4GA3BB0-CQK, 1 Module",490.06,142.48,2026-10-05,4.8,22,https://www.amazon.com/Samsung-4800MHz-PC5-38400-262-Pin-M425R4GA3BB0-CQK/dp/B0D2M3D13Q,0.0,142.48
20261005_134359,2026-10-05T14:01:48.958152+00:00,amazon_usa,RAM,B0CCK6P1HR,XPG Lancer Blade RBG DDR5 6000MHz CL30 32GB (2x16GB) PC5-48000 RAM 288-Pins UDIMM Desktop Memory Kit Black Heatsink(AX5U6000C3016G-DTLABRBK),808.35,235.02,2026-10-05,4.8,106,https://www.amazon.com/6000MHz-PC5-48000-288-Pins-Desktop-Heatsink-AX5U6000C3016G-DTLABRBK/dp/B0CCK6P1HR,0.0,235.02
20261005_134359,2026-10-05T14:01:48.958152+00:00,amazon_usa,RAM,B0FNRJV6FS,Corsair Vengeance DDR5 RAM 64GB (2x32GB) 6000MHz CL40-50-50-96 1.35V Intel XMP 3.0 Computer Memory – Black (CMK64GX5M2D6000C40),1259.06,366.06,2026-10-05,3.7,12,https://www.amazon.com/Corsair-Vengeance-6000MHz-CL40-50-50-96-Computer/dp/B0FNRJV6FS,8.0,374.06
20261005_134359,2026-10-05T14:01:48.958152+00:00,amazon_usa,RAM,B0DZ935RX9,Corsair Vengeance RGB 32GB (2 x 16GB) DDR5-6000 PC5-48000 CL36 Dual Channel Desktop Memory Kit CMH32GX5M2M6000Z36 36-44-44-96,554.72,161.28,2026-10-05,4.8,11,https://www.amazon.com/Corsair-Vengeance-DDR5-6000-CMH32GX5M2M6000Z36-36-44-44-96/dp/B0DZ935RX9,0.0,161.28
20261005_134359,2026-10-05T14:01:48.958152+00:00,amazon_usa,RAM,B0BJP3MRW1,G.SKILL Trident Z5 Neo Series DDR5 RAM (AMD EXPO) 64GB (2x32GB) Up to 6000MT/s* CL30-40-40-96 1.40V Desktop Computer Memory U-DIMM - Matte Black (F5-6000J3040G32GX2-TZ5N),1192.3,346.65,2026-10-05,4.6,340,https://www.amazon.com/G-Skill-Trident-288-Pin-CL30-40-40-96-F5-6000J3040G32GX2-TZ5N/dp/B0BJP3MRW1,0.0,346.65
20261005_134359,2026-10-05T14:01:48.958152+00:00,amazon_usa,RAM,B09KCLP63B,Kingston FURY Beast 32GB (2x16GB) 5200MT/s DDR5 CL40 Desktop Memory | Intel XMP 3.0 | Kit of 2 | KF552C40BBK2-32,663.86,193.01,2026-10-05,4.8,739,https://www.amazon.com/Kingston-Technology-5200MHz-Desktop-KF552C40BBK2-32/dp/B09KCLP63B,0.0,193.01
20261005_134359,2026-10-05T14:01:48.958152+00:00,amazon_usa,RAM,B0GTZSPC71,Lexar OC DDR5 RAM 1x8GB 6000MHz CL38 288-Pin UDIMM Desktop Memory,151.54,44.06,2026-10-05,4.8,18,https://www.amazon.com/Lexar-6000MHz-288-Pin-Desktop-Memory/dp/B0GTZSPC71,0.0,44.06
20261005_134359,2026-10-05T14:01:48.958152+00:00,amazon_usa,RAM,B0GKQSR38M,G.SKILL Flare X5 Series DDR5 RAM (AMD Expo) 32GB (1x32GB) Up to 6000MT/s* CL38-48-48-96 1.25V Desktop Computer Memory U-DIMM - Matte Black (F5-6000J3848D32GX1-FX5),500.14,145.41,2026-10-05,0.0,0,https://www.amazon.com/G-SKILL-1x32GB-CL38-48-48-96-Desktop-Computer/dp/B0GKQSR38M,0.0,145.41
20261005_134359,2026-10-05T14:01:48.958152+00:00,amazon_usa,RAM,B0F8P4N4TJ,Kingston FURY Beast 32GB 6000MT/s DDR5 CL36 Desktop Memory | AMD EXPO | Single Module | KF560C36BBE2-32,644.49,187.38,2026-10-05,5.0,2,https://www.amazon.com/Kingston-6000MT-Desktop-Memory-KF560C36BBE2-32/dp/B0F8P4N4TJ,0.0,187.38
20261005_134359,2026-10-05T14:01:48.958152+00:00,amazon_usa,RAM,B0G2TMTNJK,Biwin Black Opal DW100 DDR5 RGB RAM 48GB (24GBx2) 6000MHz CL28 Computer Memory Intel XMP 3.0 AMD Expo Compatible- Black - DW100-48GB-6000-1R8-D28FB,647.66,188.3,2026-10-05,4.6,35,https://www.amazon.com/24GBx2-6000MHz-Computer-Compatible-DW100-48GB-6000-1R8-D28FB/dp/B0G2TMTNJK,0.0,188.3
20261005_134359,2026-10-05T14:01:53.665009+00:00,amazon_usa,RAM,B0DM5JKSS3,"Lexar ARES Gen2 RGB DDR5 RAM 32GB Kit (2x16GB) 6000MHz CL28, 288-Pin UDIMM Desktop Memory, PC Gaming Computer Memory for Intel XMP 3.0/DRAM Empowered by SK hynix/CL28-36-36-68/1.4V(LD5U16G60C28BR-RGD)",656.77,190.95,2026-10-05,4.4,32,https://www.amazon.com/Lexar-Computer-Empowered-CL28-36-36-68-LD5U16G60C28BR-RGD/dp/B0DM5JKSS3,0.0,190.95
20261005_134359,2026-10-05T14:01:53.665009+00:00,amazon_usa,RAM,B09QS2K59B,G.SKILL Trident Z5 RGB Series DDR5 RAM (Intel XMP 3.0) 32GB (2x16GB) Up to 6400MT/s* CL32-39-39-102 1.40V Desktop Computer Memory U-DIMM - Matte Black (F5-6400J3239G16GA2-TZ5RK),575.84,167.42,2026-10-05,4.7,1000,https://www.amazon.com/G-Skill-Trident-PC5-51200-CL32-39-39-102-F5-6400J3239G16GA2-TZ5RK/dp/B09QS2K59B,0.0,167.42
20261005_134359,2026-10-05T14:01:53.665009+00:00,amazon_usa,RAM,B09S2PNYTY,"Crucial 32GB DDR5 RAM Kit (2x16GB), 4800MHz CL40 Laptop Memory - Compatible with Intel 12th Gen and AMD Processors - CT2K16G48C40S5",505.16,146.87,2026-10-05,4.7,1300,https://www.amazon.com/Crucial-2x16GB-4800MHz-Laptop-CT2K16G48C40S5/dp/B09S2PNYTY,0.0,146.87
20261005_134359,2026-10-05T14:01:53.665009+00:00,amazon_usa,RAM,B0D5QPYDQ7,【RGB DDR5 RAM】 GIGASTONE Game Turbo 32GB Kit (2x16GB) DDR5 6000MHz PC5-48000 CL40-40-40-76 Intel XMP 3.0 AMD Expo 1.3V UDIMM 288 Pin Unbuffered Non ECC High Performance Gaming Desktop Memory - Black,504.2,146.59,2026-10-05,0.0,0,https://www.amazon.com/GIGASTONE-PC5-48000-CL40-40-40-76-Unbuffered-Performance/dp/B0D5QPYDQ7,0.0,146.59
20261005_134359,2026-10-05T14:01:53.665009+00:00,amazon_usa,RAM,B0CQ32XZRM,A-Tech 32GB Kit (2x16GB) DDR5 5600MHz PC5-44800 CL46 SODIMM 1.1V Non-ECC Unbuffered SO-DIMM 262-Pin Laptop Computer RAM Memory Upgrade Modules,495.08,143.94,2026-10-05,5.0,10,https://www.amazon.com/Tech-5600MHz-PC5-44800-Non-ECC-Unbuffered/dp/B0CQ32XZRM,0.0,143.94
20261005_134359,2026-10-05T14:01:53.665009+00:00,amazon_usa,RAM,B0BNLNB682,G.SKILL Ripjaws S5 Series DDR5 RAM (Intel XMP 3.0) 32GB (2x16GB) Up to 6000MT/s* CL30-40-40-96 1.35V Desktop Computer Memory U-DIMM - Matte Black (F5-6000J3040F16GX2-RS5K),575.94,167.45,2026-10-05,4.8,66,https://www.amazon.com/G-Skill-Ripjaws-6000MHz-Channel-Black/dp/B0BNLNB682,0.0,167.45
20261005_134359,2026-10-05T14:01:53.665009+00:00,amazon_usa,RAM,B0DN43PTB9,G.SKILL Flare X5 Series DDR5 RAM (AMD EXPO & Intel XMP 3.0) 64GB (2x32GB) Up to 6000MT/s* CL36-36-36-96 1.35V Desktop Computer Memory U-DIMM - Matte White (F5-6000J3636F32GX2-FX5W),990.2,287.89,2026-10-05,4.6,137,https://www.amazon.com/G-SKILL-6000MT-CL36-36-36-96-Desktop-Computer/dp/B0DN43PTB9,0.0,287.89
20261005_134359,2026-10-05T14:01:53.665009+00:00,amazon_usa,RAM,B0FDGCXCY1,Crucial NTB 32GB 6400MHz Ddr5 Csodımm Ct32g64c52cs5 Laptop RAM Memory,806.25,234.41,2026-10-05,5.0,5,https://www.amazon.com/Crucial-6400MHz-Csod%C4%B1mm-Ct32g64c52cs5-Laptop/dp/B0FDGCXCY1,0.0,234.41
20261005_134359,2026-10-05T14:01:53.665009+00:00,amazon_usa,RAM,B0CGR4NNPC,"Lexar 32GB (2x16GB) THOR OC DDR5 RAM 6000MT/s CL32 1.35V Desktop Memory with Heatsink, AMD Expo and Intel XMP 3.0, Black (LD5U16G60C32LG-RUD)",554.72,161.28,2026-10-05,4.6,208,https://www.amazon.com/Lexar-2x16GB-Desktop-Heatsink-LD5U16G60C32LG-RUD/dp/B0CGR4NNPC,0.0,161.28
20261005_134359,2026-10-05T14:01:53.665009+00:00,amazon_usa,RAM,B0DP1WHGQW,G.SKILL Flare X5 Series DDR5 RAM (AMD EXPO) 32GB (2x16GB) Up to 6000MT/s* CL28-36-36-96 1.40V Desktop Computer Memory U-DIMM - Matte Black (F5-6000J2836G16GX2-FX5),656.74,190.94,2026-10-05,4.8,68,https://www.amazon.com/G-SKILL-2x16GB-CL28-36-36-96-Desktop-Computer/dp/B0DP1WHGQW,0.0,190.94
20261005_134359,2026-10-05T14:01:53.665009+00:00,amazon_usa,RAM,B0DV9PLPBL,GSKILL F5-6000J2836G16GX2-TR5NS 32GB DDR5 6000MHz CL36 EAN Brand 4713294236753,776.95,225.89,2026-10-05,4.4,20,https://www.amazon.com/GSKILL-F5-6000J2836G16GX2-TR5NS-6000MHz-Brand-4713294236753/dp/B0DV9PLPBL,0.0,225.89
20261005_134359,2026-10-05T14:01:53.665009+00:00,amazon_usa,RAM,B0B1LFX3VC,G.SKILL Ripjaws DDR5 SO-DIMM Series DDR5 RAM 64GB (2x32GB) Up to 4800MT/s CL40-39-39-76 1.10V Unbuffered Non-ECC Notebook/Laptop Memory SO-DIMM (F5-4800S4039A32GA2-RS),909.37,264.39,2026-10-05,4.6,31,https://www.amazon.com/G-Skill-RipJaws-SO-DIMM-CL40-39-39-76-F5-4800S4039A32GA2-RS/dp/B0B1LFX3VC,0.0,264.39
20261005_134359,2026-10-05T14:01:53.665009+00:00,amazon_usa,RAM,B0DD295CNY,G.SKILL Flare X5 Series DDR5 RAM (AMD EXPO) 32GB (2x16GB) Up to 6000MT/s* CL30-36-36-96 1.35V Desktop Computer Memory U-DIMM - Matte Black (F5-6000J3036F16GX2-FX5),631.49,183.6,2026-10-05,4.5,23,https://www.amazon.com/G-SKILL-2x16GB-CL30-36-36-96-Desktop-Computer/dp/B0DD295CNY,0.0,183.6
20261005_134359,2026-10-05T14:01:53.665009+00:00,amazon_usa,RAM,B0DN5S68H3,"G.Skill 36F16Gx2-Rm5Rw Memory Module 32 Gb 2 X 16 Gb Ddr5 6000 Mhz, W129022305 (32 Gb 2 X 16 Gb Ddr5 6000 Mhz)",619.45,180.1,2026-10-05,4.8,5,https://www.amazon.com/G-Skill-Ripjaws-CL36-36-36-96-Desktop-Memory/dp/B0DN5S68H3,0.0,180.1
20261005_134359,2026-10-05T14:01:53.665009+00:00,amazon_usa,RAM,B0C6HWKGWV,G.SKILL Ripjaws S5 Series DDR5 RAM (Intel XMP 3.0 & AMD EXPO) 64GB (2x32GB) Up to 6000MT/s* CL36-36-36-96 1.35V Desktop Computer Memory U-DIMM - Matte Black (F5-6000J3636F32GX2-RS5K),1010.42,293.77,2026-10-05,4.7,112,https://www.amazon.com/G-SKILL-Ripjaws-CL36-36-36-96-Desktop-Computer/dp/B0C6HWKGWV,0.0,293.77
20261005_134359,2026-10-05T14:01:53.665009+00:00,amazon_usa,RAM,B0D5GJJBHC,G.SKILL Trident Z5 Royal Series DDR5 RAM (Intel XMP 3.0) 32GB (2x16GB) Up to 6400MT/s* CL32-39-39-102 1.40V Desktop Computer Memory U-DIMM - Silver (F5-6400J3239G16GX2-TR5S),692.13,201.23,2026-10-05,4.4,59,https://www.amazon.com/G-SKILL-Trident-CL32-39-39-102-Desktop-Computer/dp/B0D5GJJBHC,0.0,201.23
20261005_134359,2026-10-05T14:01:53.665009+00:00,amazon_usa,RAM,B0H26CH94R,"ANACOMDA DDR5 Gaming RAM White 32GB (2x16GB) 6400MHz CL36 Overclocking DRAM, Intel XMP 3.0 Ready, AMD EXPO Compatible, Desktop Memory with Aluminum Heatsink, Kingsnake Series, Made in Taiwan",473.89,137.78,2026-10-05,5.0,1,https://www.amazon.com/ANACOMDA-Overclocking-Compatible-Aluminum-Kingsnake/dp/B0H26CH94R,0.0,137.78
20261005_134359,2026-10-05T14:02:03.954497+00:00,amazon_usa,RAM,B0C1RGLVZ8,CORSAIR VENGEANCE RGB DDR5 RAM 64GB (2x32GB) 6400MHz CL32-40-40-84 1.40V Intel XMP Desktop Computer Memory - Black (CMH64GX5M2B6400C32),1273.13,370.15,2026-10-05,4.7,817,https://www.amazon.com/CORSAIR-VENGEANCE-6400MHz-Compatible-Computer/dp/B0C1RGLVZ8,0.0,370.15
20261005_134359,2026-10-05T14:02:03.954497+00:00,amazon_usa,RAM,B0DSQMCV8B,"Crucial Pro DDR5 RAM 64GB Kit (2x32GB) 6400MHz CL40, Overclocking Desktop Gaming Memory, Intel XMP 3.0 & AMD Expo Compatible – White CP2K32G64C40U5W",1111.47,323.15,2026-10-05,4.4,142,https://www.amazon.com/Crucial-6400MHz-Overclocking-Desktop-Compatible/dp/B0DSQMCV8B,0.0,323.15
20261005_134359,2026-10-05T14:02:03.954497+00:00,amazon_usa,RAM,B0CYH8MD2Y,Kingston FURY Beast 64GB (2x32GB) 6400MT/s DDR5 CL32 Desktop Memory | AMD EXPO | Kit of 2 | KF564C32BBEK2-64,1263.02,367.21,2026-10-05,4.2,35,https://www.amazon.com/Kingston-2x32GB-6400MT-Desktop-KF564C32BBEK2-64/dp/B0CYH8MD2Y,0.0,367.21
20261005_134359,2026-10-05T14:02:03.954497+00:00,amazon_usa,RAM,B0BTNW9XFZ,CORSAIR Vengeance DDR5 RAM 64GB (2x32GB) 6400MHz CL32-40-40-84 1.40V Intel XMP Desktop Computer Memory - Black (CMK64GX5M2B6400C32),1280.11,372.18,2026-10-05,4.7,633,https://www.amazon.com/CORSAIR-VENGEANCE-6400MHz-Compatible-Computer/dp/B0BTNW9XFZ,0.0,372.18
20261005_134359,2026-10-05T14:02:03.954497+00:00,amazon_usa,RAM,B0DSR14511,"Crucial Pro DDR5 RAM 64GB Kit (2x32GB) 6400MHz CL40, Overclocking Desktop Gaming Memory, Intel XMP 3.0 & AMD Expo Compatible – Black CP2K32G64C40U5B",1212.49,352.52,2026-10-05,4.5,334,https://www.amazon.com/Crucial-6400MHz-Overclocking-Desktop-Compatible/dp/B0DSR14511,0.0,352.52
20261005_134359,2026-10-05T14:02:03.954497+00:00,amazon_usa,RAM,B0CX8MXZP2,KLEVV CRAS V RGB DDR5 64GB (2x32GB) 6400MHz CL32 SK Hynix A-Die 1.35V Gaming Desktop Ram Memory XMP 3.0 / AMD Expo Ready - Black (KD5BGUA80-64A320G),1111.47,323.15,2026-10-05,4.3,92,https://www.amazon.com/KLEVV-2x32GB-6400MHz-Gaming-Desktop/dp/B0CX8MXZP2,0.0,323.15
20261005_134359,2026-10-05T14:02:03.954497+00:00,amazon_usa,RAM,B0C6MFF8F5,TEAMGROUP T-Create Expert Overclocking 10L DDR5 64GB Kit (2 x 32GB) 6400MHz (PC5-51200) CL34 Desktop Memory Module Ram White - CTCWD564G6400HC34BDC01,1111.47,323.15,2026-10-05,4.6,25,https://www.amazon.com/TEAMGROUP-T-Create-Overclocking-6400MHz-PC5-51200/dp/B0C6MFF8F5,0.0,323.15
20261005_134359,2026-10-05T14:02:03.954497+00:00,amazon_usa,RAM,B0D6XPYW6Y,KLEVV CRAS V RGB DDR5 64GB (2x32GB) 6400MHz CL32 SK Hynix A-Die 1.35V Gaming Desktop Ram Memory XMP 3.0 / AMD Expo Ready - White (KD5BGUA80-64A320J),1111.47,323.15,2026-10-05,4.3,92,https://www.amazon.com/KLEVV-2x32GB-6400MHz-Gaming-Desktop/dp/B0D6XPYW6Y,0.0,323.15
20261005_134359,2026-10-05T14:02:03.954497+00:00,amazon_usa,RAM,B0BSP5F4CN,64GB G.Skill DDR5 Trident Z5 RGB 6400MHz CL32 1.40V Dual Channel Kit 2X 32GB Black,1313.55,381.9,2026-10-05,4.6,120,https://www.amazon.com/G-Skill-Trident-6400MHz-1-40V-Channel/dp/B0BSP5F4CN,0.0,381.9
20261005_134359,2026-10-05T14:02:03.954497+00:00,amazon_usa,RAM,B0DY79L8PH,TEAMGROUP T-Create Expert Overclocking 10L CL40 DDR5 64GB Kit (2 x 32GB) 6400MHz (PC5-51200) Intel XMP 3.0 & AMD Expo Compatible Desktop Memory Module Ram Black - CTCED564G6400HC40BDC01,1076.08,312.86,2026-10-05,4.6,3,https://www.amazon.com/TEAMGROUP-T-Create-Overclocking-PC5-51200-Compatible/dp/B0DY79L8PH,0.0,312.86
20261005_134359,2026-10-05T14:02:03.954497+00:00,amazon_usa,RAM,B0DY79LV3C,TEAMGROUP T-Create Expert Overclocking 10L CL40 DDR5 64GB Kit (2 x 32GB) 6400MHz (PC5-51200) Intel XMP 3.0 & AMD Expo Compatible Desktop Memory Module Ram White - CTCWD564G6400HC40BDC01,1076.08,312.86,2026-10-05,5.0,6,https://www.amazon.com/TEAMGROUP-T-Create-Overclocking-PC5-51200-Compatible/dp/B0DY79LV3C,0.0,312.86
20261005_134359,2026-10-05T14:02:03.954497+00:00,amazon_usa,RAM,B0F6T9TKVQ,TEAMGROUP T-Force Delta RGB DDR5 Ram 64GB (2x32GB) 6400MHz PC5-51200 CL30 M-DIE Desktop Memory Module Ram for 600 700 Series Chipset XMP 3.0 Ready Black FF3D564G6400HC30CDC01,1192.3,346.65,2026-10-05,5.0,1,https://www.amazon.com/TEAMGROUP-T-Force-6400MHz-PC5-51200-FF3D564G6400HC30CDC01/dp/B0F6T9TKVQ,0.0,346.65
20261005_134359,2026-10-05T14:02:03.954497+00:00,amazon_usa,RAM,B0DN4LY1MQ,G.SKILL Flare X5 Series DDR5 RAM (AMD EXPO & Intel XMP 3.0) 64GB (2x32GB) Up to 6000MT/s* CL36-36-36-96 1.35V Desktop Computer Memory U-DIMM - Matte Black (F5-6000J3636F32GX2-FX5),1010.42,293.77,2026-10-05,4.6,137,https://www.amazon.com/G-SKILL-6000MT-CL36-36-36-96-Desktop-Computer/dp/B0DN4LY1MQ,0.0,293.77
20261005_134359,2026-10-05T14:02:03.954497+00:00,amazon_usa,RAM,B0C4X758YM,G.SKILL Trident Z5 RGB Series DDR5 RAM (Intel XMP 3.0 & AMD EXPO) 64GB (2x32GB) Up to 6000MT/s* CL36-36-36-96 1.35V Desktop Computer Memory U-DIMM - Matte Black (F5-6000J3636F32GX2-TZ5RK),1081.14,314.33,2026-10-05,4.5,151,https://www.amazon.com/G-SKILL-Trident-CL36-36-36-96-Desktop-Computer/dp/B0C4X758YM,0.0,314.33
20261005_134359,2026-10-05T14:02:03.954497+00:00,amazon_usa,RAM,B0FGJB8BWF,TEAMGROUP T-Create Expert Overclocking 10L CL42 DDR5 128GB Kit (2 x 64GB) 6400MHz (PC5-51200) Intel XMP 3.0 & AMD Expo Compatible Desktop Memory Module Ram White - CTCWD5128G6400HC42CDC01,2425.02,705.05,2026-10-05,3.5,3,https://www.amazon.com/TEAMGROUP-T-Create-Overclocking-PC5-51200-Compatible/dp/B0FGJB8BWF,0.0,705.05
20261005_134359,2026-10-05T14:02:03.954497+00:00,amazon_usa,RAM,B0DN3WFS52,G.SKILL Trident Z5 Neo RGB Series DDR5 RAM (AMD EXPO & Intel XMP 3.0) 64GB (2x32GB) Up to 6000MT/s* CL36-36-36-96 1.35V Desktop Computer Memory U-DIMM - Matte Black (F5-6000J3636F32GX2-TZ5NR),980.12,284.96,2026-10-05,4.6,219,https://www.amazon.com/G-SKILL-Trident-CL36-36-36-96-Desktop-Computer/dp/B0DN3WFS52,0.0,284.96
20261005_134359,2026-10-05T14:02:03.954497+00:00,amazon_usa,RAM,B0G4CGH4BS,64GB (4X16GB) DDR5 6400MHz PC5-51200 CL52 1Rx8 1.1V 288-PIN ECC Registered RDIMM NEMIX RAM Server Memory KIT,3006.02,873.97,2026-10-05,0.0,0,https://www.amazon.com/6400MHz-PC5-51200-Registered-NEMIX-RAM/dp/B0G4CGH4BS,0.0,873.97
20261005_134359,2026-10-05T14:02:03.954497+00:00,amazon_usa,RAM,B0C79H54TQ,"Crucial Pro 64GB DDR5 RAM Kit (2x32GB), 5600MHz (or 5200MHz or 4800MHz) Desktop Memory UDIMM 288-pin, Compatible with 13th Gen Intel Core and AMD Ryzen 7000 - CP2K32G56C46U5 Global Recycled Standard",1076.77,313.06,2026-10-05,4.8,723,https://www.amazon.com/Crucial-2x32GB-5600MT-Desktop-CP2K32G56C46U5/dp/B0C79H54TQ,8.0,321.06
20261005_134359,2026-10-05T14:02:03.954497+00:00,amazon_usa,RAM,B0BPHRJX6F,TEAMGROUP T-Create Classic 10L DDR5 64GB Kit (2 x 32GB) 5600MHz (PC5-44800) CL46 Intel XMP 3.0 & AMD EXPO Compatible Desktop Memory Module Ram - CTCCD564G5600HC46DC01,889.18,258.52,2026-10-05,4.5,16,https://www.amazon.com/TEAMGROUP-T-Create-Classic-PC5-44800-Supports/dp/B0BPHRJX6F,0.0,258.52
20261005_134359,2026-10-05T14:02:03.954497+00:00,amazon_usa,RAM,B0CBLBRY6Q,G.SKILL Trident Z5 RGB Series DDR5 RAM (Intel XMP 3.0 & AMD EXPO) 64GB (2x32GB) Up to 6000MT/s* CL36-36-36-96 1.35V Desktop Computer Memory U-DIMM - Matte White (F5-6000J3636F32GX2-TZ5RW),1010.42,293.77,2026-10-05,4.5,151,https://www.amazon.com/G-SKILL-Trident-2x32GB-CL36-36-36-96-Desktop-Computer/dp/B0CBLBRY6Q,0.0,293.77
20261005_134359,2026-10-05T14:02:03.954497+00:00,amazon_usa,RAM,B0CYM412PY,Kingston FURY Beast RGB 64GB (2x32GB) 6400MT/s DDR5 CL32 Desktop Memory | AMD EXPO | Kit of 2 | KF564C32BBEAK2-64,1313.55,381.9,2026-10-05,4.7,93,https://www.amazon.com/Kingston-2x32GB-6400MT-Desktop-KF564C32BBEAK2-64/dp/B0CYM412PY,0.0,381.9
20261005_134359,2026-10-05T14:02:07.682463+00:00,amazon_usa,RAM,B0DJR576SY,【RGB DDR5 RAM】 GIGASTONE Game Turbo 64GB Kit (4x16GB) DDR5 6400MHz PC5-51200 CL40-40-40-84 Intel XMP 3.0 AMD Expo 1.35V UDIMM 288 Pin Unbuffered Non ECC High Performance Gaming Desktop Memory - White,1009.42,293.48,2026-10-05,0.0,0,https://www.amazon.com/GIGASTONE-PC5-51200-CL40-40-40-84-Unbuffered-Performance/dp/B0DJR576SY,0.0,293.48
20261005_134359,2026-10-05T14:02:07.682463+00:00,amazon_usa,RAM,B0BPHSL93T,TEAMGROUP T-Create Expert CL34 Overclocking 10L DDR5 64GB Kit (2 x 32GB) 6000MHz (PC5-48000) Intel XMP 3.0 & AMD EXPO Compatible Desktop Memory Module Ram - CTCED564G6000HC34BDC01,1050.84,305.52,2026-10-05,4.5,106,https://www.amazon.com/TEAMGROUP-T-Create-Overclocking-6000MHz-PC5-48000/dp/B0BPHSL93T,0.0,305.52
20261005_134359,2026-10-05T14:02:07.682463+00:00,amazon_usa,RAM,B0DYR9JXRH,A-Tech 64GB DDR5 6400MHz PC5-51200 ECC RDIMM 2Rx4 (EC8 10x4) Dual Rank 1.1V ECC Registered DIMM 288-Pin Server RAM Memory Upgrade Module (A-Tech Enterprise Series),3006.67,874.16,2026-10-05,0.0,0,https://www.amazon.com/Tech-6400MHz-PC5-51200-Registered-Enterprise/dp/B0DYR9JXRH,0.0,874.16
20261005_134359,2026-10-05T14:02:07.682463+00:00,amazon_usa,RAM,B0F6T156PR,TEAMGROUP T-Force Delta RGB DDR5 Ram 64GB (2x32GB) 6400MHz PC5-51200 CL30 M-DIE Desktop Memory Module Ram for 600 700 Series Chipset XMP 3.0 Ready White FF4D564G6400HC30CDC01,1192.3,346.65,2026-10-05,0.0,0,https://www.amazon.com/TEAMGROUP-T-Force-6400MHz-PC5-51200-FF4D564G6400HC30CDC01/dp/B0F6T156PR,0.0,346.65
20261005_134359,2026-10-05T14:02:07.682463+00:00,amazon_usa,RAM,B0CLDJKK25,TEAMGROUP T-Create Master Overclocking DDR5 R-DIMM 64GB Kit (4 x 16GB) 6400MHz (PC5-51200) CL32 Hynix A-DIE Workstation Memory Module Ram Black - CTCMD564G6400HC32AQC01,2576.6,749.12,2026-10-05,5.0,2,https://www.amazon.com/TEAMGROUP-T-Create-Overclocking-PC5-51200-Workstation/dp/B0CLDJKK25,0.0,749.12
20261005_134359,2026-10-05T14:02:07.682463+00:00,amazon_usa,RAM,B09S2QLBWC,"Crucial 64GB DDR5 RAM Kit (2x32GB), 4800MHz CL40 Laptop Memory - SODIMM 262-Pin - Compatible with 12th Intel Core - CT2K32G48C40S5",1000.31,290.83,2026-10-05,4.8,1300,https://www.amazon.com/Crucial-2x32GB-4800MHz-Laptop-CT2K32G48C40S5/dp/B09S2QLBWC,0.0,290.83
20261005_134359,2026-10-05T14:02:07.682463+00:00,amazon_usa,RAM,B0DSR5P84D,"Crucial Pro 128GB Kit (2x64GB) DDR5 RAM, 5600MHz (or 5200MHz or 4800MHz) Desktop Gaming Memory UDIMM, Compatible with Latest Intel & AMD CPU CP2K64G56C46U5 Global Recycled Standard",2121.9,616.92,2026-10-05,4.5,170,https://www.amazon.com/Crucial-5600MHz-5200MHz-Compatible-CP2K64G56C46U5/dp/B0DSR5P84D,0.0,616.92
20261005_134359,2026-10-05T14:02:07.682463+00:00,amazon_usa,RAM,B0CKZ7CDKH,Kingston FURY Renegade White RGB XMP 64GB 6400MT/s DDR5 CL32 DIMM Desktop Gaming Memory (Kit of 2) - KF564C32RWAK2-64,1388.97,403.83,2026-10-05,5.0,7,https://www.amazon.com/Kingston-Renegade-6400MT-Desktop-Gaming/dp/B0CKZ7CDKH,0.0,403.83
20261005_134359,2026-10-05T14:02:07.682463+00:00,amazon_usa,RAM,B0BJ814ZHK,G.SKILL Trident Z5 RGB Series DDR5 RAM (Intel XMP 3.0) 64GB (2x32GB) Up to 6400MT/s* CL32-39-39-102 1.40V Desktop Computer Memory U-DIMM - Metallic Silver (F5-6400J3239G32GX2-TZ5RS),1313.55,381.9,2026-10-05,4.5,94,https://www.amazon.com/G-Skill-Trident-CL32-39-39-102-F5-6400J3239G32GX2-TZ5RS-Metallic/dp/B0BJ814ZHK,0.0,381.9
20261005_134359,2026-10-05T14:02:07.682463+00:00,amazon_usa,RAM,B0BJ7X9P1W,G.SKILL Trident Z5 RGB Series DDR5 RAM (Intel XMP 3.0) 64GB (2x32GB) Up to 6400MT/s* CL32-39-39-102 1.40V Desktop Computer Memory U-DIMM - Matte Black (F5-6400J3239G32GX2-TZ5RK),1313.55,381.9,2026-10-05,4.6,880,https://www.amazon.com/G-Skill-Trident-288-Pin-CL32-39-39-102-F5-6400J3239G32GX2-TZ5RK/dp/B0BJ7X9P1W,0.0,381.9
20261005_134359,2026-10-05T14:02:07.682463+00:00,amazon_usa,RAM,B0C3J1GC17,Kingston FURY Impact 32GB (2x16GB) 6400MT/s CL38 DDR5 SODIMM | Intel XMP 3.0 | Plug N Play | Laptop Memory | Kit of 2 | KF564S38IBK2-32,799.55,232.46,2026-10-05,4.3,90,https://www.amazon.com/Kingston-Technology-Impact-2x16GB-KF564S38IBK2-32/dp/B0C3J1GC17,0.0,232.46
20261005_134359,2026-10-05T14:02:07.682463+00:00,amazon_usa,RAM,B0CQ3PG5D4,A-Tech 64GB Kit (2x32GB) DDR5 5600MHz PC5-44800 CL46 SODIMM 2Rx8 Dual Rank 1.1V Non-ECC Unbuffered SO-DIMM 262-Pin Laptop Computer RAM Memory Upgrade Modules,1009.39,293.47,2026-10-05,4.2,12,https://www.amazon.com/Tech-5600MHz-PC5-44800-Non-ECC-Unbuffered/dp/B0CQ3PG5D4,0.0,293.47
20261005_134359,2026-10-05T14:02:07.682463+00:00,amazon_usa,RAM,B0DSQTD4TN,"Crucial Pro DDR5 RAM 64GB Kit (2x32GB) 6000MHz CL40, Overclocking Desktop Gaming Memory, Intel XMP 3.0 & AMD Expo Compatible – White CP2K32G60C40U5W Global Recycled Standard",1120.9,325.89,2026-10-05,4.5,119,https://www.amazon.com/Crucial-6000MHz-Overclocking-Desktop-Compatible/dp/B0DSQTD4TN,8.0,333.89
20261005_134359,2026-10-05T14:02:07.682463+00:00,amazon_usa,RAM,B0BPHSVVS5,TEAMGROUP T-Create Expert 64GB 2 X 32GB DDR5-6400 PC5-51200 CL34 Dual CHANN,1111.47,323.15,2026-10-05,4.4,52,https://www.amazon.com/TEAMGROUP-T-Create-Overclocking-6400MHz-PC5-51200/dp/B0BPHSVVS5,0.0,323.15
20261005_134359,2026-10-05T14:02:07.682463+00:00,amazon_usa,RAM,B0H6J5QLXS,V-Color DDR5 TUF Gaming Alliance Manta XFinity 64GB (32GBx2) 6400MHz CL32 1.4V AMD EXPO SK Hynix Original IC RGB Gaming Desktop Upgrade RAM Memory Module Black (GTMXFAL3264832KWK),1161.97,337.83,2026-10-05,0.0,0,https://www.amazon.com/V-Color-Alliance-XFinity-Original-GTMXFAL3264832KWK/dp/B0H6J5QLXS,0.0,337.83
20261005_134359,2026-10-05T14:02:07.682463+00:00,amazon_usa,RAM,B0DHFD5625,"Crucial Pro DDR5 RAM 32GB Kit (2x16GB) 6400MHz CL38, Overclocking Desktop Gaming Memory, Intel XMP 3.0 & AMD Expo Compatible – Black CP2K16G64C38U5B",545.61,158.63,2026-10-05,4.7,966,https://www.amazon.com/Crucial-6400MHz-Overclocking-Desktop-Compatible/dp/B0DHFD5625,0.0,158.63
20261005_134359,2026-10-05T14:02:07.682463+00:00,amazon_usa,RAM,B0D5G6JS7P,G.SKILL Trident Z5 Royal Series DDR5 RAM (Intel XMP 3.0) 64GB (2x32GB) Up to 6400MT/s* CL32-39-39-102 1.40V Desktop Computer Memory U-DIMM - Silver (F5-6400J3239G32GX2-TR5S),1515.65,440.66,2026-10-05,4.7,99,https://www.amazon.com/G-SKILL-Trident-CL32-39-39-102-Desktop-Computer/dp/B0D5G6JS7P,0.0,440.66
20261005_134359,2026-10-05T14:02:11.810979+00:00,amazon_usa,RAM,B0BNTXVW8V,TEAMGROUP T-Force Delta RGB DDR5 Ram 64GB (2x32GB) 6000MHz CL38 Intel XMP 3.0 & AMD Expo Compatible Desktop Memory Module White FF4D564G6000HC38ADC01,1010.42,293.77,2026-10-05,4.4,340,https://www.amazon.com/TEAMGROUP-T-Force-6000MHz-Compatible-FF4D564G6000HC38ADC01/dp/B0BNTXVW8V,0.0,293.77
20261005_134359,2026-10-05T14:02:11.810979+00:00,amazon_usa,RAM,B0DPHM8BKH,TEAMGROUP T-Force Vulcan DDR5 64GB (2x32GB) 6400MHz (PC5-51200) CL34 Desktop Memory Module Ram for 600 700 Series Chipset XMP 3.0 Red FLRD564G6400HC34EDC01,1141.78,331.96,2026-10-05,1.0,1,https://www.amazon.com/TEAMGROUP-T-Force-6400MHz-PC5-51200-FLRD564G6400HC34EDC01/dp/B0DPHM8BKH,0.0,331.96
20261005_134359,2026-10-05T14:02:11.810979+00:00,amazon_usa,RAM,B0DY79568B,TEAMGROUP T-Force Delta Alpha RGB DDR5 Ram 64GB Kit (2x32GB) 6000MHz (PC5-48000) CL38 Intel XMP 3.0 & AMD Expo Compatible Desktop Memory Module Ram Black FF7D564G6000HC38JDC01,1009.91,293.62,2026-10-05,4.5,19,https://www.amazon.com/TEAMGROUP-T-Force-PC5-48000-Compatible-FF7D564G6000HC38JDC01/dp/B0DY79568B,0.0,293.62
20261005_134359,2026-10-05T14:02:11.810979+00:00,amazon_usa,RAM,B09HW6ZJV5,"Crucial 64GB DDR5 RAM Kit (2x32GB), 4800MHz CL40 Desktop Memory, UDIMM 288-Pin, Compatible with 13th Gen Intel Core and AMD Ryzen 7000 - CT2K32G48C40U5",1058.92,307.87,2026-10-05,4.5,356,https://www.amazon.com/Crucial-2x32GB-4800MHz-Desktop-CT2K32G48C40U5/dp/B09HW6ZJV5,0.0,307.87
20261005_134359,2026-10-05T14:02:11.810979+00:00,amazon_usa,RAM,B0F4MD6FFQ,G.SKILL Trident Z5 Royal Neo Series DDR5 RAM (AMD EXPO) 64GB (2x32GB) Up to 6000MT/s* CL28-36-36-96 1.40V Desktop Computer Memory U-DIMM - Silver (F5-6000J2836G32GX2-TR5NS),1616.67,470.03,2026-10-05,4.7,40,https://www.amazon.com/G-SKILL-Trident-CL28-36-36-96-Desktop-Computer/dp/B0F4MD6FFQ,0.0,470.03
20261005_134359,2026-10-05T14:02:11.810979+00:00,amazon_usa,RAM,B0CKZ7FL9F,Kingston FURY Renegade Black RGB XMP 64GB 6400MT/s DDR5 CL32 DIMM Desktop Gaming Memory (Kit of 2) - KF564C32RSAK2-64,1563.12,454.46,2026-10-05,4.3,16,https://www.amazon.com/Kingston-Renegade-6400MT-Desktop-Gaming/dp/B0CKZ7FL9F,0.0,454.46
20261005_134359,2026-10-05T14:02:11.810979+00:00,amazon_usa,RAM,B0CQ33K7NZ,A-Tech 64GB Kit (2x32GB) DDR5 5600MHz PC5-44800 CL46 UDIMM 2Rx8 Dual Rank 1.1V Non-ECC Unbuffered DIMM 288-Pin Desktop PC/Computer RAM Memory Upgrade Modules,1079.69,313.91,2026-10-05,4.0,7,https://www.amazon.com/Tech-5600MHz-PC5-44800-Non-ECC-Unbuffered/dp/B0CQ33K7NZ,0.0,313.91
20261005_134359,2026-10-05T14:02:11.810979+00:00,amazon_usa,RAM,B0F2NTK2SW,NEMIX RAM 64GB (1X64GB) DDR5 6400MHZ PC5-51200 CL52 2Rx4 1.1V 288-PIN ECC RDIMM Registered Server Memory Compatible with Dell SNPN66RPC/64G AD089130,3246.51,943.89,2026-10-05,0.0,0,https://www.amazon.com/NEMIX-RAM-PC5-51200-Registered-Compatible/dp/B0F2NTK2SW,0.0,943.89
20261005_134359,2026-10-05T14:02:11.810979+00:00,amazon_usa,RAM,B0FTDKTCMP,Crucial Technology CT2K32G64C52CU5 Crucial 64gb Kit [2x32gb] Ddr5-6400 Cudimm Cl52 [16gbit],1312.55,381.61,2026-10-05,0.0,0,https://www.amazon.com/Crucial-Technology-CT2K32G64C52CU5-2x32gb-Ddr5-6400/dp/B0FTDKTCMP,0.0,381.61
20261005_134359,2026-10-05T14:02:11.810979+00:00,amazon_usa,RAM,B0H5Z43KBZ,"A-Tech 64GB Kit (4x16GB) DDR5 6400MHz PC5-51200 (PC5-6400B) CL52 CSODIMM Non-ECC RAM Memory Upgrade Modules for Laptop, Notebook Computers",1128.64,328.14,2026-10-05,0.0,0,https://www.amazon.com/Tech-PC5-51200-PC5-6400B-Notebook-Computers/dp/B0H5Z43KBZ,0.0,328.14
20261005_134359,2026-10-05T14:02:11.810979+00:00,amazon_usa,RAM,B0DJW4SPPK,CORSAIR Vengeance RGB DDR5 RAM 32GB (2x16GB) 6400MHz CL36-48-48-104 1.35V AMD EXPO Intel XMP 3.0 Desktop Computer Memory – Gray (CMH32GX5M2B6400Z36),596.13,173.32,2026-10-05,4.7,206,https://www.amazon.com/CORSAIR-Vengeance-6400MHz-CL36-48-48-104-Computer/dp/B0DJW4SPPK,0.0,173.32
20261005_134359,2026-10-05T14:02:11.810979+00:00,amazon_usa,RAM,B0D9JZKXYJ,"Acer HT200 DDR5 RAM 64GB (32GBx2) 6000MHz CL30 PC5-48000, Intel XMP 3.0 AMD EXPO Compatible Computer Memory - BL.9BWWA.457",1009.42,293.48,2026-10-05,4.8,11,https://www.amazon.com/32GBx2-6000MHz-PC5-48000-Compatible-Computer/dp/B0D9JZKXYJ,0.0,293.48
20261005_134359,2026-10-05T14:02:11.810979+00:00,amazon_usa,RAM,B0DYR7JBHS,A-Tech 256GB Kit (4x64GB) DDR5 6400MHz PC5-51200 ECC RDIMM 2Rx4 (EC8 10x4) Dual Rank 1.1V ECC Registered DIMM 288-Pin Server RAM Memory Upgrade Modules (A-Tech Enterprise Series),12026.73,3496.65,2026-10-05,0.0,0,https://www.amazon.com/Tech-6400MHz-PC5-51200-Registered-Enterprise/dp/B0DYR7JBHS,0.0,3496.65
20261005_134359,2026-10-05T14:02:11.810979+00:00,amazon_usa,RAM,B09YJY2ZMX,G.SKILL Ripjaws S5 Series DDR5 RAM (Intel XMP 3.0) 64GB (2x32GB) Up to 5600MT/s* CL36-36-36-89 1.25V Desktop Computer Memory U-DIMM - Matte White (F5-5600J3636D32GA2-RS5W),1071.06,311.4,2026-10-05,4.7,10,https://www.amazon.com/G-Skill-RipJaws-288-Pin-CL36-36-36-89-F5-5600J3636D32GA2-RS5W/dp/B09YJY2ZMX,0.0,311.4
20261005_134359,2026-10-05T14:02:11.810979+00:00,amazon_usa,RAM,B0C64CFW4B,G.SKILL Ripjaws DDR5 SO-DIMM Series DDR5 RAM 64GB (2x32GB) Up to 5600MT/s* CL40-40-40-89 1.10V Unbuffered Non-ECC Notebook/Laptop Memory SO-DIMM (F5-5600S4040A32GX2-RS),1212.49,352.52,2026-10-05,4.5,67,https://www.amazon.com/G-SKILL-CL40-40-40-89-Unbuffered-Notebook-F5-5600S4040A32GX2-RS/dp/B0C64CFW4B,0.0,352.52
20261005_134359,2026-10-05T14:02:11.810979+00:00,amazon_usa,RAM,B0D1J3KPRJ,A-Tech Velocity RAM 64GB (2x32GB) DDR5 5600MHz (PC5-44800) XMP 3.0 UDIMM 1.1V Non-ECC DIMM 288-Pin Desktop Computer Gaming Memory - AV2K32G5D56X,1104.8,321.21,2026-10-05,4.7,4,https://www.amazon.com/Tech-Velocity-5600MHz-PC5-44800-Computer/dp/B0D1J3KPRJ,0.0,321.21
20261005_134359,2026-10-05T14:02:16.290560+00:00,amazon_usa,RAM,B0CBLC66NB,G.SKILL Trident Z5 RGB Series DDR5 RAM (Intel XMP 3.0) 64GB (2x32GB) Up to 6000MT/s* CL30-40-40-96 1.40V Desktop Computer Memory U-DIMM - Matte White (F5-6000J3040G32GX2-TZ5RW),1192.3,346.65,2026-10-05,4.8,56,https://www.amazon.com/G-SKILL-Trident-CL30-40-40-96-Desktop-Computer/dp/B0CBLC66NB,0.0,346.65
20261005_134359,2026-10-05T14:02:16.290560+00:00,amazon_usa,RAM,B0CKZ7WRKD,Kingston FURY Renegade DDR5 Silver/Black XMP 64GB (2x32GB) 6400MT/s CL32 DIMM Memory for PC Gamer Kit of 2 - KF564C32RSK2-64,1907.41,554.56,2026-10-05,4.2,12,https://www.amazon.com/Kingston-Renegade-Silver-6400MT-Memory/dp/B0CKZ7WRKD,0.0,554.56
20261005_134359,2026-10-05T14:02:16.290560+00:00,amazon_usa,RAM,B0DSJMWLMC,Kingston ValueRAM RAM Module,1212.49,352.52,2026-10-05,0.0,0,https://www.amazon.com/Kingston-ValueRAM-6400MT-Non-ECC-Desktop/dp/B0DSJMWLMC,0.0,352.52
20261005_134359,2026-10-05T14:02:16.290560+00:00,amazon_usa,RAM,B0DTPBTGMW,G.SKILL Trident Z5 Royal Neo Series DDR5 RAM (AMD EXPO) 64GB (2x32GB) Up to 6000MT/s* CL30-36-36-96 1.40V Desktop Computer Memory U-DIMM - Silver (F5-6000J3036G32GX2-TR5NS),1616.67,470.03,2026-10-05,4.7,102,https://www.amazon.com/G-SKILL-Trident-CL30-36-36-96-Desktop-Computer/dp/B0DTPBTGMW,0.0,470.03
20261005_134359,2026-10-05T14:02:16.290560+00:00,amazon_usa,RAM,B0H8T4J3YL,Silicon Power Value Gaming DDR5 64GB (2x32GB) 6000MT/s (PC5-48000) 288-pin CL30 1.35V UDIMM Desktop RAM Computer Memory w/Heatsink SU064GXLWU60AFDJAB,1212.49,352.52,2026-10-05,0.0,0,https://www.amazon.com/Silicon-Power-PC5-48000-Computer-SU064GXLWU60AFDJAB/dp/B0H8T4J3YL,0.0,352.52
20261005_134359,2026-10-05T14:02:16.290560+00:00,amazon_usa,RAM,B0C29W4G29,"Crucial Pro 64GB DDR4 RAM Kit (2x32GB), 3200MHz (or 3000MHz or 2666MHz) Desktop Memory, Compatible with Intel and AMD Ryzen - CP2K32G4DFRA32A",559.26,162.6,2026-10-05,4.7,1800,https://www.amazon.com/Crucial-3200MT-3000MT-Desktop-CP2K32G4DFRA32A/dp/B0C29W4G29,0.0,162.6
20261005_134359,2026-10-05T14:02:16.290560+00:00,amazon_usa,RAM,B0DWK81NHT,"DATO DDR5 SODIMM 64GB Kit 32GBx2 Laptop RAM 5600MHz PC5-44800 CL46 1.1V 262-Pin Non-ECC unbuffered dimm, Notebook Memory Module",858.84,249.7,2026-10-05,3.7,14,https://www.amazon.com/DATO-5600MHz-PC5-44800-unbuffered-Notebook/dp/B0DWK81NHT,0.0,249.7
20261005_134359,2026-10-05T14:02:16.290560+00:00,amazon_usa,RAM,B0F42R8X9L,Micron MTC40F2046S1RC64BD2R 64GB DDR5 6400 PC5-51200 RDIMM 2R x 4 CL52 16Gbit Memory Chipset Green,3713.32,1079.61,2026-10-05,0.0,0,https://www.amazon.com/Micron-DDR5-RDIMM-16Gbit-MTC40F2046S1RC64BD2R/dp/B0F42R8X9L,0.0,1079.61
20261005_134359,2026-10-05T14:02:16.290560+00:00,amazon_usa,RAM,B0DX4WXDRZ,G.SKILL Flare X5 Series DDR5 RAM (AMD EXPO) 64GB (2x32GB) Up to 6000MT/s* CL28-36-36-96 1.40V Desktop Computer Memory U-DIMM - Matte Black (F5-6000J2836G32GX2-FX5),1616.67,470.03,2026-10-05,4.8,34,https://www.amazon.com/G-SKILL-2x32GB-CL28-36-36-96-Desktop-Computer/dp/B0DX4WXDRZ,0.0,470.03
20261005_134359,2026-10-05T14:02:16.290560+00:00,amazon_usa,RAM,B0HDBSBDH2,64GB 4X16GB DDR5 6400MHz PC5-51200 1Rx8 1.1V CL52 288-PIN ECC Registered RDIMM NEMIX RAM Server Memory KIT Compatible with Supermicro H14SSL-NT Motherboard,3006.02,873.97,2026-10-05,0.0,0,https://www.amazon.com/Registered-NEMIX-RAM-Compatible-Motherboard/dp/B0HDBSBDH2,0.0,873.97
20261005_134359,2026-10-05T14:02:16.290560+00:00,amazon_usa,RAM,B0DXV9KHCC,TEAMGROUP T-Force Vulcan Alpha DDR5 Ram 64GB Kit (2x32GB) 6000MHz (PC5-48000) CL38 Desktop Memory Module Ram AMD Optimized Memory Red FLARD564G6000HC38JDC01,939.71,273.21,2026-10-05,4.7,5,https://www.amazon.com/TEAMGROUP-T-Force-PC5-48000-Optimized-FLARD564G6000HC38JDC01/dp/B0DXV9KHCC,0.0,273.21
20261005_134359,2026-10-05T14:02:16.290560+00:00,amazon_usa,RAM,B0FH5RJ4F7,G.SKILL Flare X5 Series DDR5 RAM (AMD EXPO & Intel XMP 3.0) 128GB (2x64GB) Up to 6000MT/s* CL36-44-44-96 1.25V Desktop Computer Memory U-DIMM - Matte Black (F5-6000J3644D64GX2-FX5),3839.62,1116.33,2026-10-05,5.0,9,https://www.amazon.com/G-SKILL-2x64GB-CL36-44-44-96-Desktop-Computer/dp/B0FH5RJ4F7,0.0,1116.33
20261005_134359,2026-10-05T14:02:16.290560+00:00,amazon_usa,RAM,B0F1XD2MX6,G.SKILL Trident Z5 Royal Neo Series DDR5 RAM (AMD EXPO) 64GB (2x32GB) Up to 6000MT/s* CL26-36-36-96 1.45V Desktop Computer Memory U-DIMM - Silver (F5-6000J2636H32GX2-TR5NS),1818.77,528.79,2026-10-05,4.6,31,https://www.amazon.com/G-SKILL-Trident-CL26-36-36-96-Desktop-Computer/dp/B0F1XD2MX6,0.0,528.79
20261005_134359,2026-10-05T14:02:16.290560+00:00,amazon_usa,RAM,B0BSB94VC2,G.SKILL Trident Z5 Neo RGB 64GB [2 x 32GB] DDR5 SDRAM Memory Kit,1111.41,323.13,2026-10-05,4.6,47,https://www.amazon.com/G-SKILL-Trident-64GB-SDRAM-Memory/dp/B0BSB94VC2,0.0,323.13
20261005_134359,2026-10-05T14:02:16.290560+00:00,amazon_usa,RAM,B0CBLCKQGV,G.SKILL Trident Z5 RGB Series DDR5 RAM (Intel XMP 3.0) 64GB (2x32GB) Up to 6400MT/s* CL32-39-39-102 1.40V Desktop Computer Memory U-DIMM - Matte White (F5-6400J3239G32GX2-TZ5RW),1616.67,470.03,2026-10-05,4.8,110,https://www.amazon.com/G-SKILL-Trident-CL32-39-39-102-Desktop-Computer/dp/B0CBLCKQGV,0.0,470.03
20261005_134359,2026-10-05T14:02:21.069763+00:00,amazon_usa,RAM,B0CJXBCQ7P,G.SKILL Trident Z5 Neo RGB Series DDR5 RAM (AMD EXPO) 64GB (2x32GB) Up to 6000MT/s* CL30-36-36-96 1.40V Desktop Computer Memory U-DIMM - Matte White (F5-6000J3036G32GX2-TZ5NRW),1596.48,464.16,2026-10-05,4.8,250,https://www.amazon.com/G-SKILL-Trident-CL30-36-36-96-Desktop-Computer/dp/B0CJXBCQ7P,0.0,464.16
20261005_134359,2026-10-05T14:02:21.069763+00:00,amazon_usa,RAM,B0F7J2W49N,NEMIX RAM 128GB (2X64GB) DDR5 6400MHZ PC5-51200 CL52 2Rx4 1.1V 288-PIN ECC RDIMM Registered Server Memory KIT,6486.93,1886.01,2026-10-05,0.0,0,https://www.amazon.com/NEMIX-RAM-6400MHZ-PC5-51200-Registered/dp/B0F7J2W49N,0.0,1886.01
20261005_134359,2026-10-05T14:02:21.069763+00:00,amazon_usa,RAM,B0F1XGTX1F,G.SKILL Trident Z5 Neo RGB Series DDR5 RAM (AMD EXPO) 64GB (2x32GB) Up to 6000MT/s* CL26-36-36-96 1.45V Desktop Computer Memory U-DIMM - Matte White (F5-6000J2636H32GX2-TZ5NRW),1818.77,528.79,2026-10-05,4.6,39,https://www.amazon.com/G-SKILL-Trident-CL26-36-36-96-Desktop-Computer/dp/B0F1XGTX1F,0.0,528.79
20261005_134359,2026-10-05T14:02:21.069763+00:00,amazon_usa,RAM,B0D328Q4HY,G.SKILL Ripjaws S5 Series DDR5 RAM (Intel XMP 3.0 & AMD EXPO) 64GB (2x32GB) Up to 5200MT/s* CL40-40-40-83 1.10V Desktop Computer Memory U-DIMM - Matte Black (F5-5200J4040A32GX2-RS5K),990.2,287.89,2026-10-05,4.4,30,https://www.amazon.com/G-SKILL-Ripjaws-CL40-40-40-83-Desktop-Computer/dp/B0D328Q4HY,0.0,287.89
20261005_134359,2026-10-05T14:02:21.069763+00:00,amazon_usa,RAM,B0F7Z3658J,"NEMIX RAM 32GB (1X32GB) DDR5 6400MHZ PC5-51200 CL52 2Rx8 1.1V 288-PIN ECC RDIMM Compatible with HPE P64985-B21, P69727-B21, P69727-H21, P69727-K21 Registered Smart Memory",1861.22,541.13,2026-10-05,0.0,0,https://www.amazon.com/NEMIX-RAM-Compatible-P64985-B21-P69727-B21/dp/B0F7Z3658J,0.0,541.13
20261005_134359,2026-10-05T14:02:21.069763+00:00,amazon_usa,RAM,B0B2X25ZR6,G.SKILL Trident Z5 RGB Series DDR5 RAM (Intel XMP 3.0) 64GB (2x32GB) Up to 6000MT/s* CL30-40-40-96 1.40V Desktop Computer Memory U-DIMM - Matte Black (F5-6000J3040G32GX2-TZ5RK),1212.49,352.52,2026-10-05,4.3,50,https://www.amazon.com/G-Skill-Trident-CL30-40-40-96-Desktop-Computer/dp/B0B2X25ZR6,0.0,352.52
20261005_134359,2026-10-05T14:02:21.069763+00:00,amazon_usa,RAM,B0CN9376FP,TEAMGROUP Elite SODIMM DDR5 64GB (2x32GB) 5600Mhz (PC5-44800) CL46 Non-ECC Unbuffered 1.1V 262 Pin Laptop Memory Module Ram - TED564G5600C46ADC-S01,1060.95,308.46,2026-10-05,4.5,98,https://www.amazon.com/TEAMGROUP-5600Mhz-PC5-44800-Non-ECC-Unbuffered/dp/B0CN9376FP,0.0,308.46
20261005_134359,2026-10-05T14:02:21.069763+00:00,amazon_usa,RAM,B0BJNTRFMP,G.SKILL Trident Z5 Neo RGB Series DDR5 RAM (AMD EXPO) 64GB (2x32GB) Up to 6000MT/s* CL32-38-38-96 1.40V Desktop Computer Memory U-DIMM - Matte Black (F5-6000J3238G32GX2-TZ5NR),1211.5,352.23,2026-10-05,4.6,141,https://www.amazon.com/G-Skill-Trident-288-Pin-CL32-38-38-96-F5-6000J3238G32GX2-TZ5NR/dp/B0BJNTRFMP,0.0,352.23
20261005_134359,2026-10-05T14:02:21.069763+00:00,amazon_usa,RAM,B0HDBW6QYD,64GB 2X32GB DDR5 6400MHz PC5-51200 2Rx8 1.1V CL52 288-PIN ECC Registered RDIMM NEMIX RAM Server Memory KIT Compatible with Supermicro H14SSF Motherboard,3719.37,1081.37,2026-10-05,0.0,0,https://www.amazon.com/Registered-NEMIX-RAM-Compatible-Motherboard/dp/B0HDBW6QYD,0.0,1081.37
20261005_134359,2026-10-05T14:02:21.069763+00:00,amazon_usa,RAM,B0F3LHXHJM,NEMIX RAM 32GB (1X32GB) DDR5 6400MHZ PC5-51200 1Rx4 1.1V CL52 288-PIN ECC RDIMM Registered Server Memory Compatible with Micron MTC20F1045S1RC64BD2,1861.22,541.13,2026-10-05,0.0,0,https://www.amazon.com/NEMIX-RAM-Registered-Compatible-MTC20F1045S1RC64BD2/dp/B0F3LHXHJM,0.0,541.13
20261005_134359,2026-10-05T14:02:21.069763+00:00,amazon_usa,RAM,B0BZJB3KSX,Kingston FURY Beast White RGB 64GB (2x32GB) 6000MT/s CL36 DDR5 EXPO DIMM | Infrared Syncing | FURY CTRL Software | Overclocking | AMD EXPO | Kit of 2 | KF560C36BWEAK2-64,1162.0,337.84,2026-10-05,4.6,47,https://www.amazon.com/Kingston-Technology-Infrared-Overclocking-KF560C36BWEAK2-64/dp/B0BZJB3KSX,0.0,337.84
20261005_134359,2026-10-05T14:02:21.069763+00:00,amazon_usa,RAM,B0GTBSBJX7,64GB DDR5 6400MHz PC5-51200 2Rx4 1.1V CL52 288-PIN ECC Registered RDIMM NEMIX RAM Server Memory Compatible with Micron MTC40F2046S1RC64BR,3246.51,943.89,2026-10-05,0.0,0,https://www.amazon.com/Registered-NEMIX-RAM-Compatible-MTC40F2046S1RC64BR/dp/B0GTBSBJX7,0.0,943.89
20261005_134359,2026-10-05T14:02:21.069763+00:00,amazon_usa,RAM,B0BJPG4G8Q,G.SKILL Trident Z5 Neo Series DDR5 RAM (AMD EXPO) 64GB (2x32GB) Up to 6000MT/s* CL32-38-38-96 1.40V Desktop Computer Memory U-DIMM - Matte Black (F5-6000J3238G32GX2-TZ5N),1172.08,340.77,2026-10-05,4.7,90,https://www.amazon.com/G-Skill-Trident-288-Pin-CL32-38-38-96-F5-6000J3238G32GX2-TZ5N/dp/B0BJPG4G8Q,0.0,340.77
20261005_134359,2026-10-05T14:02:21.069763+00:00,amazon_usa,RAM,B0HHKXQ4KN,64GB DDR5 6400MHz ECC RDIMM NEMIX RAM Compatible with Lenovo 4X77B09643,3246.51,943.89,2026-10-05,0.0,0,https://www.amazon.com/6400MHz-NEMIX-RAM-Compatible-4X77B09643/dp/B0HHKXQ4KN,0.0,943.89
20261005_134359,2026-10-05T14:02:21.069763+00:00,amazon_usa,RAM,B0F1RKXGXZ,G.SKILL Trident Z5 Neo RGB Series DDR5 RAM (AMD EXPO) 64GB (2x32GB) Up to 6000MT/s* CL28-36-36-96 1.40V Desktop Computer Memory U-DIMM - Matte Black (F5-6000J2836G32GX2-TZ5NR),1566.14,455.34,2026-10-05,4.9,64,https://www.amazon.com/G-SKILL-Trident-CL28-36-36-96-Desktop-Computer/dp/B0F1RKXGXZ,0.0,455.34
20261005_134359,2026-10-05T14:02:21.069763+00:00,amazon_usa,RAM,B0GTMTW29G,16GB DDR5 6400MHz PC5-51200 1Rx8 1.1V CL52 288-PIN ECC Registered RDIMM NEMIX RAM Server Memory Compatible Hynix HMCG78AHBRA,752.77,218.86,2026-10-05,0.0,0,https://www.amazon.com/Registered-NEMIX-RAM-Compatible-HMCG78AHBRA/dp/B0GTMTW29G,0.0,218.86
20261005_134359,2026-10-05T14:02:21.069763+00:00,amazon_usa,RAM,B0HHL2S3KL,64GB DDR5 6400MHz ECC RDIMM NEMIX RAM Compatible with Lenovo 4X77B09788,3246.51,943.89,2026-10-05,0.0,0,https://www.amazon.com/6400MHz-NEMIX-RAM-Compatible-4X77B09788/dp/B0HHL2S3KL,0.0,943.89
20261005_134359,2026-10-05T14:02:21.069763+00:00,amazon_usa,RAM,B0D4TDGNB7,G.SKILL Ripjaws M5 RGB Series DDR5 RAM (Intel XMP 3.0) 64GB (2x32GB) Up to 6000MT/s* CL30-40-40-96 1.40V Desktop Computer Memory U-DIMM - Matte White (F5-6000J3040G32GX2-RM5RW),1323.66,384.84,2026-10-05,5.0,12,https://www.amazon.com/G-SKILL-Ripjaws-CL30-40-40-96-Desktop-Computer/dp/B0D4TDGNB7,0.0,384.84
20261005_134359,2026-10-05T14:02:21.069763+00:00,amazon_usa,RAM,B0HHLCBFW8,64GB DDR5 6400MHz ECC RDIMM NEMIX RAM Compatible with Lenovo 4X77B07420,3246.51,943.89,2026-10-05,0.0,0,https://www.amazon.com/6400MHz-NEMIX-RAM-Compatible-4X77B07420/dp/B0HHLCBFW8,0.0,943.89
20261005_134359,2026-10-05T14:02:21.069763+00:00,amazon_usa,RAM,B0HF8CY4KN,64GB DDR5 6400MHz PC5-51200 2Rx4 1.10V CL52 288-PIN ECC Registered RDIMM NEMIX RAM Server Memory Compatible with MS04-CE0 Motherboard,3246.51,943.89,2026-10-05,0.0,0,https://www.amazon.com/Registered-NEMIX-RAM-Compatible-Motherboard/dp/B0HF8CY4KN,0.0,943.89
20261005_134359,2026-10-05T14:02:29.199407+00:00,aliexpress,RAM,3256811354091887,High Performance 64GB DDR5 RAM Kit 2x32GB 6400MHz CL40 Desktop Gaming Memory for Intel XMP AMD EXPO,2835.18,824.3,2026-10-05,0.0,0,,0.0,824.3
20261005_134359,2026-10-05T14:02:29.199407+00:00,aliexpress,RAM,3256812108696133,Avenger DDR5 Memory RAM 16GB 32GB 64GB 5600/6000/6400MHz,690.38,200.72,2026-10-05,0.0,0,,0.0,200.72
20261005_134359,2026-10-05T14:02:29.199407+00:00,aliexpress,RAM,3256811455281744,DDR5 8GB 16GB 32GB 64GB 4800MHz 5200MHz 5600MHz 6400MHz Notebook Memory,1465.47,426.07,2026-10-05,0.0,0,,0.0,426.07
20261005_134359,2026-10-05T14:02:29.199407+00:00,aliexpress,RAM,3256809109139219,CUSU DDR5 5600MHz 16gb 32gb 64gb 6000mhz Memory Ram DDR5 for PC Motherboard,1030.06,299.48,2026-10-05,4.7,0,,0.0,299.48
20261005_134359,2026-10-05T14:02:29.199407+00:00,aliexpress,RAM,3256812737527358,DDR5 RAM 64GB 6400MHz CL32 Desktop Memory Kit 2x32GB U-DIMM,3136.76,911.98,2026-10-05,0.0,0,,0.0,911.98
20261005_134359,2026-10-05T14:02:29.199407+00:00,aliexpress,RAM,3256808170630531,CUSU Ram DDR5 Memory 5600mhz 6000MHz 6400mhz Memoria DDR4 3200MHz 3600MHz DDR4 8gb DDR5 16gb 32gb 64gb UDIMM Desktop,384.33,111.74,2026-10-05,4.7,0,,0.0,111.74
20261005_134359,2026-10-05T14:02:29.199407+00:00,aliexpress,RAM,3256812850386883,New US Shipping 64GB DDR5 6400MHz RAM Kit 2x32GB CL32 Desktop Memory,3233.27,940.04,2026-10-05,0.0,0,,0.0,940.04
20261005_134359,2026-10-05T14:02:29.199407+00:00,aliexpress,RAM,3256811948862875,CUSU DDR5 Memoria Ram 4800MHz 5600MHz 6000MHz 6400MHz 288Pin DDR5 16GB 32GB 64GB UDIMM Ram Desktop Memory,1640.61,476.99,2026-10-05,4.6,0,,0.0,476.99
20261005_134359,2026-10-05T14:02:29.199407+00:00,aliexpress,RAM,3256813118471845,for Desktop DDR5 RAM Ares Blade Heat Sink Memory Stick 6000 6400MHz 16GB 32GB Gaming Memory Module,699.15,203.27,2026-10-05,0.0,0,,0.0,203.27
20261005_134359,2026-10-05T14:02:29.199407+00:00,aliexpress,RAM,3256812018318540,"RAM RGB DDR5 6400MHz Desktop Memory RAM Ultra-Fast, Stylish, and Stable for Gaming PCs",2950.51,857.83,2026-10-05,0.0,0,,0.0,857.83
20261005_134359,2026-10-05T14:02:29.199407+00:00,aliexpress,RAM,3256809480620531,1 Piece K3LKCKC0BM-MGCP LPDDR5 64G Single 8GB 6400Mbps 315 Ball RAM Chip,383.13,111.39,2026-10-05,0.0,0,,0.0,111.39
20261005_134359,2026-10-05T14:02:29.199407+00:00,aliexpress,RAM,3256812596876732,DDR5 RAM 64GB 2x32GB 6000MHz CL30 Desktop Memory U-DIMM AMD EXPO Ready,2774.82,806.75,2026-10-05,0.0,0,,0.0,806.75
20261005_134359,2026-10-05T14:02:29.199407+00:00,aliexpress,RAM,3256813118119656,Desktop DDR5 Memory 16G*2 6400MHz C32 White RAM Compatible With D300G Gaming Desktop Memory Module,1167.88,339.55,2026-10-05,0.0,0,,0.0,339.55
20261005_134359,2026-10-05T14:02:29.199407+00:00,aliexpress,RAM,3256812798835772,Hot-selling hit 64GB DDR5 5600MHz SODIMM Laptop RAM Memory Kit for 13th Gen 6000,2561.33,744.68,2026-10-05,0.0,0,,0.0,744.68
20261005_134359,2026-10-05T14:02:29.199407+00:00,aliexpress,RAM,3256811481194426,AMD Expo DDR5 RAM 64GB 2x32GB 6000MT/s CL30 Desktop Memory U-DIMM Matte Black,2873.15,835.34,2026-10-05,2.0,0,,0.0,835.34
20261005_134359,2026-10-05T14:02:29.199407+00:00,aliexpress,RAM,3256812504964325,Brand new fast shipping 64GB DDR5 SODIMM RAM Kit 2x32GB 4800MHz CL40 Laptop Memory for 12th Gen  Core,2519.5,732.52,2026-10-05,0.0,0,,0.0,732.52
20261005_134359,2026-10-05T14:02:29.199407+00:00,aliexpress,RAM,3256812654152080,New US Shipping 64GB 6000MHz DDR5 RAM Kit 2x32GB CL30 Gaming Desktop Memory XMP 3.0 AMD EXPO Ready White,2923.3,849.92,2026-10-05,0.0,0,,0.0,849.92
20261005_134359,2026-10-05T14:02:29.199407+00:00,aliexpress,RAM,3256810611445542,DDR5 Desktop RAM 64GB Kit 2x32GB 5200MHz CL40 Gaming Memory Computer DIMM,2508.91,729.44,2026-10-05,0.0,0,,0.0,729.44
20261005_134359,2026-10-05T14:02:29.199407+00:00,aliexpress,RAM,3256813075938861,for Chuixue Co-Branded DDR5 DDR4 Desktop RAM 16GB 32GB 64GB RGB Heatsink Memory Kit XMP 3.0 For Gaming PC DIY Build,1200.35,348.99,2026-10-05,0.0,0,,0.0,348.99
20261005_134359,2026-10-05T14:02:29.199407+00:00,aliexpress,RAM,3256812867939836,DDR5 Desktop RAM 16GB 24GB 32GB 48GB 4800‑6400MHz Memory Module For PC Gaming Office Computer Upgrade Spare Accessory,2570.24,747.27,2026-10-05,0.0,0,,0.0,747.27
20261005_134359,2026-10-05T14:02:29.199407+00:00,aliexpress,RAM,3256813065487827,Sell DDR5 16GB 32GB 64GB 128GB 4800Mhz Rdimm RAM RECC Memory Workfor Server H13DSH H13SSW mz73-LM0 X13DEI X13SEI-TF R760 R760XD*,850.73,247.34,2026-10-05,0.0,0,,0.0,247.34
20261005_134359,2026-10-05T14:02:29.199407+00:00,aliexpress,RAM,3256812546391159,Exclusive Deal   64GB DDR5 RAM 5600MHz SODIMM Laptop Memory Kit 2x32GB for 13th Gen 6000 Series,2600.02,755.93,2026-10-05,0.0,0,,0.0,755.93
20261005_134359,2026-10-05T14:02:29.199407+00:00,aliexpress,RAM,3256812016913805,Gaming Desktop RAM 64GB 2x32GB DDR5 6000MHz CL30 XMP 3.0 AMD EXPO Ready Memory Kit,2571.44,747.62,2026-10-05,0.0,0,,0.0,747.62
20261005_134359,2026-10-05T14:02:29.199407+00:00,aliexpress,RAM,3256813007935249,"AOZILIN DDR5 RGB Gaming Desktop Memory RAM,32GB(16G*2) Dual‑Channel 6000 6400MHz High‑Speed DIMM Module forPC Hardware Accessory",3603.84,1047.78,2026-10-05,0.0,0,,0.0,1047.78
20261005_134359,2026-10-05T14:02:29.199407+00:00,aliexpress,RAM,3256812876421292,for G.SKILL Trident Z5 RGB DDR5 32GB Kit 2x16GB 6400MHz 7200MHz 7600MHz Intel XMP 3.0 Desktop Memory Module PC Gaming RAM,2145.11,623.67,2026-10-05,0.0,0,,0.0,623.67
20261005_134359,2026-10-05T14:02:29.199407+00:00,aliexpress,RAM,3256811760405177,64GB DDR5 RAM 5600MHz SODIMM Laptop Memory for 13th Gen Core Ryzen 6000 Series,2597.75,755.27,2026-10-05,0.0,0,,0.0,755.27
20261005_134359,2026-10-05T14:02:29.199407+00:00,aliexpress,RAM,3256809098825166,GUDGA DDR5 Desktop Memory RAM 8GB 16GB 32GB 4800MHz 5600MHz 6400MHz DIMM with Aluminum Heatsink for Desktop Computer PC,418.0,121.53,2026-10-05,4.6,0,,0.0,121.53
20261005_134359,2026-10-05T14:02:29.199407+00:00,aliexpress,RAM,3256808170349180,CUSU DDR5 Memory RAM 32GB 16GB X2 4800MHz 5600MHz 6000MHz 6400MHz Ram DDR4 3200MHz 3600MHz Desktop UDIMM for PC Dual Channel,971.59,282.48,2026-10-05,4.6,0,,0.0,282.48
20261005_134359,2026-10-05T14:02:29.199407+00:00,aliexpress,RAM,3256810501886564,Kingbank DDR5 16GB 32GB RAM 6000MHz 6400MHz 6800MHz 7200MHz XMP PC Desktop Computer Memoria ram,2730.93,793.99,2026-10-05,0.0,0,,0.0,793.99
20261005_134359,2026-10-05T14:02:29.199407+00:00,aliexpress,RAM,3256807336498860,JUHOR RGB DDR5 16GB 5600MHz 6000MHz 6400MHz Desktop Memory Dimm High Speed Memoria Ram,2294.46,667.09,2026-10-05,4.6,0,,0.0,667.09
20261005_134359,2026-10-05T14:02:29.199407+00:00,aliexpress,RAM,3256811899033228,"DDR4 DDR5 memory, change out-of-order timing XMP, SPD memory burner SPD modification",134.42,39.08,2026-10-05,5.0,0,,0.0,39.08
20261005_134359,2026-10-05T14:02:29.199407+00:00,aliexpress,RAM,3256812245090680,"Compatible with DDR5 4800MHz Memory Kit 64GB (2 x 32GB), CL40 1.1V SODIMM 262-Pin Laptop Memory Module",4053.79,1178.6,2026-10-05,0.0,0,,0.0,1178.6
20261005_134359,2026-10-05T14:02:29.199407+00:00,aliexpress,RAM,3256810597805424,Crucial Pro DDR5 RAM 48 64 96GB Kit 5600 6000MHz Overclocking Desktop Gaming Memory AMD Expo Compatible,3177.2,923.74,2026-10-05,0.0,0,,0.0,923.74
20261005_134359,2026-10-05T14:02:29.199407+00:00,aliexpress,RAM,3256807249826793,KingSpec DDR5 RAM Memory 32GB 16GBX2 6000MHZ 6400MHz DDR 5 UDIMM XMP 3.0 Internal Memory Module for Desktop PC,2090.84,607.89,2026-10-05,2.0,0,,0.0,607.89
20261005_134359,2026-10-05T14:02:29.199407+00:00,aliexpress,RAM,3256811860809519,Kingbank DDR5 16GB 32GB RAM 6000MHz 6400MHz 6800MHz 7200MHz XMP PC Desktop Computer Memoria ram,3923.61,1140.75,2026-10-05,0.0,0,,0.0,1140.75
20261005_134359,2026-10-05T14:02:29.199407+00:00,aliexpress,RAM,3256810263702807,KingBank SOARBLADE KFXB Series DDR5 96GB (48GBx2) Kit 6400MHz Black Overclocking Memory for High-Performance Computing,4241.69,1233.23,2026-10-05,5.0,0,,0.0,1233.23
20261005_134359,2026-10-05T14:02:29.199407+00:00,aliexpress,RAM,3256811999483478,64GB DDR5-5600MT/s ECC 288-Pin RDIMM Memory Server Memory P65255-001 - HPE,4003.78,1164.06,2026-10-05,0.0,0,,0.0,1164.06
20261005_134359,2026-10-05T14:02:29.199407+00:00,aliexpress,RAM,3256812325347486,【CHIMU HOME】 DDR5 Gaming RAM 8/16/32GB 4800-6400MHz with Heatsink,991.26,288.2,2026-10-05,0.0,0,,0.0,288.2
20261005_134359,2026-10-05T14:02:29.199407+00:00,aliexpress,RAM,3256811870560773,Bestseller Zgjolong Ddr5 Desktop Ram Hynix Chip 16gb 32gb 24gb X2 6000mhz 6400mhz 8400mhz One Click Overclocking For Desktop Pc,1248.64,363.03,2026-10-05,0.0,0,,0.0,363.03
20261005_134359,2026-10-05T14:02:29.199407+00:00,aliexpress,RAM,3256808684775988,DDR5 16GB 32GB  64GB 4800MHZ PC5-38400R 5600mhz PC5-44800R RECC RDIMM RAM Memory Working for Server,2713.83,789.02,2026-10-05,0.0,0,,0.0,789.02
20261005_134359,2026-10-05T14:02:29.199407+00:00,aliexpress,RAM,3256811786635997,US Shipped  DDR5 RAM 64GB 2x32GB 6000MT/s CL30 EXPO Desktop Memory U-DIMM Matte Black,2902.9,843.99,2026-10-05,0.0,0,,0.0,843.99
20261005_134359,2026-10-05T14:02:29.199407+00:00,aliexpress,RAM,3256812727517809,"Dual Pack DDR5 SODIMM Laptop RAM, High Speed Notebook Memory Upgrade Module",1013.41,294.64,2026-10-05,0.0,0,,0.0,294.64
20261005_134359,2026-10-05T14:02:29.199407+00:00,aliexpress,RAM,3256812774750060,Upgrade DDR5 RAM 64GB 2x32GB 6000MHz CL30 Desktop Memory Kit for EXPO U-DIMM Matte-NEW,2902.9,843.99,2026-10-05,0.0,0,,0.0,843.99
20261005_134359,2026-10-05T14:02:29.199407+00:00,aliexpress,RAM,3256812503071187,64GB DDR5 RAM 2x32GB 5200MHz Desktop Memory CL40 1.25V XMP Computer RAM,2244.0,652.42,2026-10-05,0.0,0,,0.0,652.42
20261005_134359,2026-10-05T14:02:29.199407+00:00,aliexpress,RAM,3256813045264460,PC Desktop Memory Gold List DDR5 16GB 32GB Memory 6000MHz 6400MHz 6800MHz 7200MHz XMP,1953.36,567.92,2026-10-05,0.0,0,,0.0,567.92
20261005_134359,2026-10-05T14:02:29.199407+00:00,aliexpress,RAM,3256813030015689,DDR5 SO-DIMM Gaming Laptop RAM Memory Module Overcurrent Protection DDR5 Memory RAM Adapter Card for Desktop Laptop,61.33,17.83,2026-10-05,0.0,0,,0.0,17.83
20261005_134359,2026-10-05T14:02:29.199407+00:00,aliexpress,RAM,3256809095680058,Fury Renegade DDR5 PC RAM 32GB 16GB*2 6400MHz for Desktop Memory High Performance Computer RAM Components 6400 C32 Esports Game,2590.73,753.23,2026-10-05,0.0,0,,0.0,753.23
20261005_134359,2026-10-05T14:02:29.199407+00:00,aliexpress,RAM,3256812302036402,64GB 6000MHz DDR5 RAM Desktop Gaming Memory Kit 2x32GB CL30 AMD EXPO U-DIMM,2860.22,831.58,2026-10-05,0.0,0,,0.0,831.58
20261005_134359,2026-10-05T14:02:29.199407+00:00,aliexpress,RAM,3256807685334026,CUSU RAM DDR4 8GB 16GB Memory 3200MHz 3600MHz DDR5 5600MHz 6400MHz Desktop Ram 288pin Udimm for Intel AMD Motherboard,394.61,114.73,2026-10-05,4.9,0,,0.0,114.73
20261005_134359,2026-10-05T14:02:29.199407+00:00,aliexpress,RAM,3256812833807707,New US Shipping 64GB DDR5 4800MHz RAM Kit 2x32GB SODIMM Laptop Memory,2346.63,682.26,2026-10-05,0.0,0,,0.0,682.26
20261005_134359,2026-10-05T14:02:29.199407+00:00,aliexpress,RAM,3256811750875922,Sell M393AAG40M3B-CYF M393AAG40M32-CYF M393A1K43BB0-CRC HMAA4GR7AJR8N-XN M393A5143DB0-CRC  Server Memory DDR4 Module RDIMM,376.8,109.55,2026-10-05,0.0,0,,0.0,109.55
20261005_134359,2026-10-05T14:02:29.199407+00:00,aliexpress,RAM,3256812994517009,"64GB DDR5 5600MHz Laptop RAM Kit, SODIMM 262-Pin",2559.99,744.29,2026-10-05,0.0,0,,0.0,744.29
20261005_134359,2026-10-05T14:02:29.199407+00:00,aliexpress,RAM,3256812627969430,64GB 2x32GB DDR5 4800MHz CL40 SODIMM 262-Pin Laptop Memory for Intel 12th Gen Core,2756.28,801.36,2026-10-05,0.0,0,,0.0,801.36
20261005_134359,2026-10-05T14:02:29.199407+00:00,aliexpress,RAM,3256812712256117,US Local Stock 64GB DDR5 RAM 6000MT/s CL30-40-40-96 1.40V Desktop Memory U-DIMM 2x32GB,2789.47,811.01,2026-10-05,0.0,0,,0.0,811.01
20261005_134359,2026-10-05T14:02:29.199407+00:00,aliexpress,RAM,3256812569943419,US Local Stock Best Choice Home Upgrade DDR5 RAM 64GB 2x32GB 6000MHz CL30 Desktop Memory Kit for EXPO U-DIMM Matte,2858.09,830.96,2026-10-05,0.0,0,,0.0,830.96
20261005_134359,2026-10-05T14:02:29.199407+00:00,aliexpress,RAM,3256810264354388,KingBank DDR5 KFXB Memory 48GB(24GBx2) Set 8000/8400MHz CL38 1.5V with Heatsink Dual Channel High-Speed Computer RAM Hynix M-die,2662.34,774.05,2026-10-05,5.0,0,,0.0,774.05
20261005_134359,2026-10-05T14:02:29.199407+00:00,aliexpress,RAM,3256812356830285,DDR5 RAM 64GB 2x32GB 6000MHz CL30 Desktop Memory U-DIMM for AMD Expo,2702.45,785.71,2026-10-05,0.0,0,,0.0,785.71
20261005_134359,2026-10-05T14:02:29.199407+00:00,aliexpress,RAM,3256812547825054,CUSU 16GB 32GB 64GB DDR5 5600mhz 6000mhz Ram Memory 1.1V/1.25V Udimm Memoria DDR5 for Desktop,1009.7,293.56,2026-10-05,0.0,0,,0.0,293.56
20261005_134359,2026-10-05T14:02:29.199407+00:00,aliexpress,RAM,3256812661447985,"64GB DDR5 RAM, 5600MHz (or 5200MHz or 4800MHz) Laptop Memory Kit, SODIMM 262-Pin, Compatible with 13th Gen  Core",2964.99,862.04,2026-10-05,0.0,0,,0.0,862.04
20261005_134359,2026-10-05T14:02:29.199407+00:00,aliexpress,RAM,3256812878333656,Big Discount 64GB DDR5 5600MHz Laptop RAM Kit SODIMM 262-Pin,3953.29,1149.38,2026-10-05,0.0,0,,0.0,1149.38
20261005_134359,2026-10-05T14:02:33.371174+00:00,aliexpress,RAM,3256813079825668,SanDisk Memory Card MicroSD 32GB 64GB 128GB 256GB 512GB 1TB micro SD Card Extreme TF Card Class10 U3 V30 4K UHD A2 micro SDXC,52.83,15.36,2026-10-05,4.9,0,https://www.aliexpress.com/ssr/300000512/BundleDeals2?productIds=1005013266140420:12000060650903423&pha_manifest=ssr&_immersiveMode=true&disableNav=YES&sourceName=SEARCHProduct,0.0,15.36
20261005_134359,2026-10-05T14:02:33.371174+00:00,aliexpress,RAM,3256809439125431,1PCS/lot New original K3KL5L50CM-BGCT 16GB LPDDR5 BGA memory IC,595.55,173.15,2026-10-05,5.0,0,,0.0,173.15
20261005_134359,2026-10-05T14:02:33.371174+00:00,aliexpress,RAM,3256812998065091,DDR5 SO-DIMM Gaming Laptop RAM Memory Module Laptop To Desktop SO-DIMM To PC DIMM Card Memory Card Converter for Laptop Desktop,73.47,21.36,2026-10-05,0.0,0,,0.0,21.36
20261005_134359,2026-10-05T14:02:33.371174+00:00,aliexpress,RAM,3256812648291001,2GB DDR2 Laptop Ram Memory 800Mhz PC2 6400 1.8V 2RX8 200 Pins SODIMM for AMD Laptop Memory,47.98,13.95,2026-10-05,0.0,0,,0.0,13.95
20261005_134359,2026-10-05T14:02:33.371174+00:00,aliexpress,RAM,3256812667508980,AMD Expo Desktop RAM 16GB 2x8GB 6000MHz CL30 DDR5 U-DIMM Memory Kit Matte Black,696.4,202.47,2026-10-05,0.0,0,,0.0,202.47
20261005_134359,2026-10-05T14:02:33.371174+00:00,aliexpress,RAM,3256813069384787,ODROID-H4 4-Core N97 for ODROID-H4 and H4+ 1 x DDR5 SO-DIMM slots,2048.98,595.72,2026-10-05,0.0,0,,0.0,595.72
20261005_134359,2026-10-05T14:02:33.371174+00:00,aliexpress,RAM,3256813067925586,64G 2RX4 PC4-3200AA ECC REG Server Memory Stick DDR4 64GB RDIMM,4714.42,1370.67,2026-10-05,0.0,0,,0.0,1370.67
20261005_134359,2026-10-05T14:02:33.371174+00:00,aliexpress,RAM,3256813116075513,Memory Card Reader Adapter for Multiple Storage Cards Fast Data Transfer Between Digital Devices,34.84,10.13,2026-10-05,0.0,0,,0.0,10.13
20261005_134359,2026-10-05T14:02:33.371174+00:00,aliexpress,RAM,3256811907451068,US Shipping 2x32GB 64GB DDR4 3200MHz SODIMM Laptop Memory Kit for Intel Core AMD Ryzen,1149.07,334.08,2026-10-05,0.0,0,,0.0,334.08
20261005_134359,2026-10-05T14:02:33.371174+00:00,aliexpress,RAM,3256812598320711,"Crucial Pro DDR5 RAM 64GB 2x32GB Set 6400MHz CL40, Overclocking Desktop Gaming Memory",5198.98,1511.55,2026-10-05,0.0,0,,0.0,1511.55
20261005_134359,2026-10-05T14:02:33.371174+00:00,aliexpress,RAM,3256812627739548,16GB 2RX8 PC4-3200AA HMA82GR7DJR8N-XN server memory module,897.98,261.08,2026-10-05,0.0,0,,0.0,261.08
20261005_134359,2026-10-05T14:02:33.371174+00:00,aliexpress,RAM,3256812865824673,USA Stock DDR5 32GB 2x16GB 6000MHz CL30 1.35V Gaming Desktop Ram XMP 3.0 AMD Expo Hot Sale,1242.62,361.28,2026-10-05,0.0,0,,0.0,361.28
20261005_134359,2026-10-05T14:02:33.371174+00:00,aliexpress,RAM,3256813111253202,SK Hynix DDR3 DDR3L Desktop RAM 4GB 8GB 1333 1600 1866MHz PC3 1.5V 1.35V 240Pin Non-ECC DIMM For Intel AMD PC Upgrade 1PCS/2PCS,86.16,25.05,2026-10-05,0.0,0,,0.0,25.05
20261005_134359,2026-10-05T14:02:33.371174+00:00,aliexpress,RAM,3256811611626922,1-3PCS Laptop To Desktop SO-DIMM To PC DIMM Card DDR4 Memory RAM Memory Adapter Gaming Laptop RAM Connector Card Memory Stick,27.76,8.07,2026-10-05,0.0,0,,0.0,8.07
20261005_134359,2026-10-05T14:02:33.371174+00:00,aliexpress,RAM,3256812194052092,Crucial DDR5 Pro RAM 32GB(2PCS 16GB) 16GB 6400MHz 6000MHz Desktop Memory UDIMM 288-pin For 13thGen Intel Core and AMD Ryzen 7000,1127.06,327.68,2026-10-05,0.0,0,,0.0,327.68
20261005_134359,2026-10-05T14:02:33.371174+00:00,aliexpress,RAM,3256813074940198,2GB Memory Module DDR2 Memory Module Memory Module Desktop Full Compatible Double‑Sided 16‑Grain DDR2 2GB 533MHZ PC‑4200,28.2,8.2,2026-10-05,0.0,0,,0.0,8.2
20261005_134359,2026-10-05T14:02:33.371174+00:00,aliexpress,RAM,3256812917936100,CORSAIR Vengeance 32GB (2 x 16GB) 288-Pin PC RAM DDR5 5200 (PC5 41600) Desktop Memory Model CMK32GX5M2B5200C40,1908.72,554.94,2026-10-05,0.0,0,,0.0,554.94
20261005_134359,2026-10-05T14:02:33.371174+00:00,aliexpress,RAM,3256812844098963,14 PCS DDR DDR2 DDR3 DDR5 DDR‑16 DDR7 Memory VRAM BGA Reballing Stencil Steel Mesh Kit,34.02,9.89,2026-10-05,0.0,0,,0.0,9.89
20261005_134359,2026-10-05T14:02:33.371174+00:00,aliexpress,RAM,3256813084580444,Desktop DDR5 Memory RAM 16GB 32GB M-die Chip 288Pin DIMM PC Computer Memory Module,684.15,198.91,2026-10-05,0.0,0,,0.0,198.91
20261005_134359,2026-10-05T14:02:33.371174+00:00,aliexpress,RAM,3256812961033504,MOBO AURA SYNC 5V ARGB For Desktop Computer RAM Heatsink Memory Stick Armor Vest For DDR3 4 5 Universal,40.65,11.82,2026-10-05,0.0,0,,0.0,11.82
20261005_134359,2026-10-05T14:02:33.371174+00:00,aliexpress,RAM,3256812460199707,DDR5 DDR4 DDR3 Laptop Memory Slot Diagnostic Tool Easy to Use Tester Card Memory Test Card for Enthusiast,90.39,26.28,2026-10-05,0.0,0,,0.0,26.28
20261005_134359,2026-10-05T14:02:33.371174+00:00,aliexpress,RAM,3256813098405494,SO-DIMM to U-DIMM Memory Adapter Card DDR5 Memory Modules 5.24in×1.14in DDR5 Adapter Converter 5600MHz Speed,71.44,20.77,2026-10-05,0.0,0,,0.0,20.77
20261005_134359,2026-10-05T14:02:33.371174+00:00,aliexpress,RAM,3256809726296550,for DELL Inspiron 13 7000 Series 7352 7353 7359 7347 5323 Laptop Memory 8GB 2Rx8 PC3L-12800S 1600MHz 4GB DDR3L SODIMM 1600MHz,73.54,21.38,2026-10-05,0.0,0,,0.0,21.38
20261005_134359,2026-10-05T14:02:33.371174+00:00,aliexpress,RAM,3256812587643002,Lenovo Quick Transfer High-Speed Micro SD Card 512GB 128GB 256GB U3 4K Full HD Memory Flash for Phone And Laptop,16.1,4.68,2026-10-05,2.0,0,,0.0,4.68
20261005_134359,2026-10-05T14:02:33.371174+00:00,aliexpress,RAM,3256812765255043,2Pcs Used DDR2 4GB 800MHz PC2 6400 Memory Stick SODIMM 1.8V Suitable for Notebook PCB,595.24,173.06,2026-10-05,0.0,0,,0.0,173.06
20261005_134359,2026-10-05T14:02:33.371174+00:00,aliexpress,RAM,3256812779222482,32GB ECC DDR4 2933MHz Server-Grade RAM For Proliant Servers In Stock,3381.65,983.18,2026-10-05,0.0,0,,0.0,983.18
20261005_134359,2026-10-05T14:02:33.371174+00:00,aliexpress,RAM,3256808137328058,CUSU DDR5 4800MHz 5600MHz 6000MHz 16GB 32GB 16gbx2 Desktop DDR5 Ram Memory UDIMM for PC,987.07,286.98,2026-10-05,4.5,0,,0.0,286.98
20261005_134359,2026-10-05T14:02:33.371174+00:00,aliexpress,RAM,3256812999644682,"For 90% Used 32GB DDR4 3200MHz Unbuffered ECC Server Memory, M393A4G43AB3-CWE M393A4K40EB3-CWEC0 Server RAM Module",3804.5,1106.12,2026-10-05,0.0,0,,0.0,1106.12
20261005_134359,2026-10-05T14:02:33.371174+00:00,aliexpress,RAM,3256810475435056,K4AAG165WA-BCWE K4AAG165WB-BCWE K4AAG165WB-MCRC MCTD Laptop Onboard Memory Upgrade Memory DDR4 Single 2GB 96-Ball,43.82,12.74,2026-10-05,0.0,0,,0.0,12.74
20261005_134359,2026-10-05T14:02:33.371174+00:00,aliexpress,RAM,3256812756784426,TISHRIC DDR5 U-DINDM 288Pin To SO DDR5 RAM Adapter DDR5 Memory Test Protection Card With Short Latch For Desktop PC Motherboard,58.02,16.87,2026-10-05,0.0,0,,0.0,16.87
20261005_134359,2026-10-05T14:02:33.371174+00:00,aliexpress,RAM,3256806536901085,JUHOR DDR5 RAM 16GB 4800MHz  5600MHz 6000MHz Computer Gaming Desktop Memory,934.86,271.8,2026-10-05,4.7,0,,0.0,271.8
20261005_134359,2026-10-05T14:02:33.371174+00:00,aliexpress,RAM,3256812574211878,Ram Radiator Heat Sink DDR4 DDR5 Ram Cooler Radiator 5V 3PIN ARGB AURA Sync Aluminum Alloy Heat-resistance Computer Accessories,48.39,14.07,2026-10-05,0.0,0,,0.0,14.07
20261005_134359,2026-10-05T14:02:33.371174+00:00,aliexpress,RAM,3256811702455400,HMA84GR7CJR4N-VK HMAA4GR7AJR4N-VK HMA84GR7DJR4N-VK Server Memory DDR4 Module RDIMM 32GB 2RX4 PC4-2666V RECC DDR4-2666mhz,1793.18,521.35,2026-10-05,0.0,0,,0.0,521.35
20261005_134359,2026-10-05T14:02:33.371174+00:00,aliexpress,RAM,3256809712763874,Cardrix 512GB SD card V60 high-speed camera memory card Sony Canon Fuji memory card 1800x,156.15,45.4,2026-10-05,0.0,0,,0.0,45.4
20261005_134359,2026-10-05T14:02:33.371174+00:00,aliexpress,RAM,3256812103770560,4In1 DDR3 DDR4 DDR5 UDIMM & Server DDR5 RDIMM RAM Memory Diagnostic Tester Card,167.68,48.75,2026-10-05,0.0,0,,0.0,48.75
20261005_134359,2026-10-05T14:02:33.371174+00:00,aliexpress,RAM,3256808634352345,Original Synology D4ES01-4G/8G/16G DDR4 ECC Unbuffered SODIMM SO-DIMM Memory Module,1378.04,400.65,2026-10-05,0.0,0,,0.0,400.65
20261005_134359,2026-10-05T14:02:33.371174+00:00,aliexpress,RAM,3256809762427798,Y88B Computer 8G DDR4 Memory Card Desktop Computer Fully Compatible Repair and Modification Parts Computer Components,135.79,39.48,2026-10-05,0.0,0,,0.0,39.48
20261005_134359,2026-10-05T14:02:33.371174+00:00,aliexpress,RAM,3256812708974341,DDR5 SO-DIMM Gaming Laptop RAM Memory Module Memory Card Converter DDR5 Memory RAM Adapter Card for Desktop Laptop,67.1,19.51,2026-10-05,0.0,0,,0.0,19.51
20261005_134359,2026-10-05T14:02:33.371174+00:00,aliexpress,RAM,3256813018290665,DDR3 DDR4 DDR5 Memory Module Test Card Memory Ram Connector Adapter Card Laptop Memory to Desktop Test Adapter Card,14.17,4.12,2026-10-05,0.0,0,,0.0,4.12
20261005_134359,2026-10-05T14:02:33.371174+00:00,aliexpress,RAM,3256812635722321,DDR4 4GB 8GB 16GB 1Rx8 PC4-2666V Desktop Memory RAM Stick for PC,172.53,50.16,2026-10-05,0.0,0,,0.0,50.16
20261005_134359,2026-10-05T14:02:33.371174+00:00,aliexpress,RAM,3256812959335195,"AOZILIN DDR4 ECC SODIMM Memory RAM, 8G 16G 2666 3200MHz Notebook Memory Module Compatible for NAS PC Hardware Accessory",670.29,194.88,2026-10-05,0.0,0,,0.0,194.88
20261005_134359,2026-10-05T14:02:33.371174+00:00,aliexpress,RAM,3256808219826841,R4 Video Games Memory Card Download By Self 3DS Game Flashcard Adapter Support For Nintend NDS MD GB GBC FC PCE SD Card Adapter,19.23,5.59,2026-10-05,4.9,0,https://www.aliexpress.com/ssr/300000512/BundleDeals2?productIds=1005008406141593:12000044907609711&pha_manifest=ssr&_immersiveMode=true&disableNav=YES&sourceName=SEARCHProduct,0.0,5.59
20261005_134359,2026-10-05T14:02:33.371174+00:00,aliexpress,RAM,3256808295427666,ENVINDA Memória RAM DDR4 16GB 8GB 3200MHz Desktop Computer No Support AMD Motherboard UDIMM Cooling Vest Memory Memoria,205.37,59.71,2026-10-05,5.0,0,,0.0,59.71
20261005_134359,2026-10-05T14:02:33.371174+00:00,aliexpress,RAM,3256812995391400,JUHOR 3600MHz DDR4 32GB/16GB*2  RAM 1.2V/1.35V 3-Year Warranty for Desktop Gaming in Stock,1706.23,496.07,2026-10-05,0.0,0,,0.0,496.07
20261005_134359,2026-10-05T14:02:33.371174+00:00,aliexpress,RAM,3256808742015432,FOR Adata AD4S266638G19 8GB DDR4 2666(19) 8GB X8 SO-DIMM notebook memory stick,229.55,66.74,2026-10-05,0.0,0,,0.0,66.74
20261005_134359,2026-10-05T14:02:33.371174+00:00,aliexpress,RAM,3256812091616657,32gb 64gb 128gb 256gb 512gb Tf Card Original for Phone Class10 Mini Memory Tf Fast Reliable Quality High Quality Premium Durable,13.24,3.85,2026-10-05,4.5,0,,0.0,3.85
20261005_134359,2026-10-05T14:02:33.371174+00:00,aliexpress,RAM,3256809599598971,Bykski Server Memory Water Block Use for DDR4 DDR5 Dual or 4 Channel 2pcs 4pcs RAM Silver Copper Radiator B-MRCOV-SR,808.63,235.1,2026-10-05,0.0,0,,0.0,235.1
20261005_134359,2026-10-05T14:02:33.371174+00:00,aliexpress,RAM,3256811987059756,High Speed Mini SD Memory Card 256GB Class 10 Micro TF Flash USB Pen Drive Card 4GB 8GB 16GB 32GB 64GB 128GB for Smartphone,3.75,1.09,2026-10-05,4.8,0,,0.0,1.09
20261005_134359,2026-10-05T14:02:33.371174+00:00,aliexpress,RAM,3256811808037833,GUDGA Memoria Ram DDR5 8GB/16GB/32GB 4800MHz 5600Mhz 6000Mhz 6400Mhz 6800Mhz  CL34/38/46/40 Desktop Computer Dimm Memory,518.33,150.7,2026-10-05,4.1,0,,0.0,150.7
20261005_134359,2026-10-05T14:02:33.371174+00:00,aliexpress,RAM,3256812645114149,Team T-Force Delta RGB 16GB (2 x 8GB) 288-Pin PC RAM DDR4 3200 (PC4 25600) Desktop Memory Model TF3D416G3200HC16FDC01,687.87,199.99,2026-10-05,0.0,0,,0.0,199.99
20261005_134359,2026-10-05T14:02:33.371174+00:00,aliexpress,RAM,3256811693162818,M393A2G40DB1-CRC Server Memory DDR4 Module RDIMM 16GB 2RX4 PC4-2400T RECC 2400Mbps 1.2V,768.42,223.41,2026-10-05,0.0,0,,0.0,223.41
20261005_134359,2026-10-05T14:02:33.371174+00:00,aliexpress,RAM,3256812427495143,10Pcs SO DIMM DDR DDR3 DDR4 DDR5 Memory Module Box Protective Case CPU Packaging Case Plastic Memory Chip Protection Box,3.75,1.09,2026-10-05,0.0,0,,0.0,1.09
20261005_134359,2026-10-05T14:02:33.371174+00:00,aliexpress,RAM,3256812774141672,Ddr5 Memory Slot Tester Sodimm Laptop Memory Testing Tool,123.96,36.04,2026-10-05,0.0,0,,0.0,36.04
20261005_134359,2026-10-05T14:02:33.371174+00:00,aliexpress,RAM,3256812968916661,204pin to 240pin DDR3 RAM Adapter Card 4-Layered PCB Design Better Protection SO DIMM to PC DIMM Adapter 1.5V Upgraded Version,19.09,5.55,2026-10-05,0.0,0,,0.0,5.55
20261005_134359,2026-10-05T14:02:33.371174+00:00,aliexpress,RAM,3256808404068329,Active For Hynix DDR3 4GB Laptop RAM Memory 1600Mhz PC3 12800 1RX8 1.35V 8 IC SODIMM Memory Only for Intel,64.77,18.83,2026-10-05,0.0,0,,0.0,18.83
20261005_134359,2026-10-05T14:02:33.371174+00:00,aliexpress,RAM,3256812608964893,618 Mega Sale 8GB DDR3 Laptop Ram Memory 1866Mhz PC3-14900 2RX8 204 Pins 1.35V SODIMM for Laptop Memory Ram,106.14,30.86,2026-10-05,0.0,0,,0.0,30.86
20261005_134359,2026-10-05T14:02:33.371174+00:00,aliexpress,RAM,3256808356487995,JUHOR Ram DDR5 16GB 6000MHz 6400MHz 32GB(16GBX2) PC5 Desktop Computer Memoria Ram,1878.55,546.17,2026-10-05,4.7,0,,0.0,546.17
20261005_134359,2026-10-05T14:02:33.371174+00:00,aliexpress,RAM,3256811370204249,50Pcs/Ddr5 Memory Baseboard 5Th Generation Desktop Ddr5 Double-Sided 8-Pin Memory Baseboard Repair Pcb Board with Tin-Plated Resistors and Capacitors 102 Balls,4699.73,1366.4,2026-10-05,0.0,0,,0.0,1366.4
20261005_134359,2026-10-05T14:02:37.565349+00:00,aliexpress,RAM,3256812798827759,Hot-selling hit 64GB DDR5 SODIMM RAM Kit 2x32GB 4800MHz CL40 Laptop Memory for 12th Gen  Core,2063.01,599.8,2026-10-05,0.0,0,,0.0,599.8
20261005_134359,2026-10-05T14:02:37.565349+00:00,aliexpress,RAM,3256811859913167,AIJS【ARGB PC Cable Kit】24PIN Extension Cable*1+8PIN GPU-Clip-A Cable*1+8PIN CPU Extension Cable*1,137.96,40.11,2026-10-05,0.0,0,,0.0,40.11
20261005_134359,2026-10-05T14:02:37.565349+00:00,aliexpress,RAM,3256812382328891,DDR5 desktop memory module Silver Knight Blade Light Blade Black Armor 6000/6400/6800/7200 overclocking,3032.47,881.66,2026-10-05,0.0,0,,0.0,881.66
20261005_134359,2026-10-05T14:02:37.565349+00:00,aliexpress,RAM,3256812930185342,USA Stock Trident Z5 Neo RGB DDR5 64GB 2x32GB 6000MHz CL30 Desktop RAM Hot Sale,2774.82,806.75,2026-10-05,0.0,0,,0.0,806.75
20261005_134359,2026-10-05T14:02:37.565349+00:00,aliexpress,RAM,3256812734217522,"RGB DDR5 Desktop Memory Kit, High-Speed Overclock Gaming RAM Module",2412.91,701.53,2026-10-05,0.0,0,,0.0,701.53
20261005_134359,2026-10-05T14:02:37.565349+00:00,aliexpress,RAM,3256811593240806,"AIJS ATX 24PIN Right Side Extension Cable, ARGB 5V 3Pin, 18AWG One-Line Male-to-Female Connector",151.23,43.97,2026-10-05,5.0,0,,0.0,43.97
20261005_134359,2026-10-05T14:02:37.565349+00:00,aliexpress,RAM,3256812737103463,DDR5 64GB 6000MHz CL30 RAM 2x32GB AMD EXPO Desktop Memory White,3860.67,1122.45,2026-10-05,0.0,0,,0.0,1122.45
20261005_134359,2026-10-05T14:02:37.565349+00:00,aliexpress,RAM,3256811569208176,Outdoor Tables-Desktop Memory 64GB Kit 2x32GB DDR5 6000MT/s CL30 AMD Expo Compatible RAM,4582.14,1332.21,2026-10-05,0.0,0,,0.0,1332.21
20261005_134359,2026-10-05T14:02:37.565349+00:00,aliexpress,RAM,3256809963968760,BB inventory64G/32G/16G DDR5-4800 REG ECC RDIMM Server Memory DDR4-3200,1401.49,407.47,2026-10-05,0.0,0,,0.0,407.47
20261005_134359,2026-10-05T14:02:37.565349+00:00,aliexpress,RAM,3256806938380530,Ultra PCIe 5.0 X16 Riser Cable [ RTX5090  RTX5080  RTX4090 ] Shielded Extreme High-Speed Vertical Mount Gaming PCI Express Gen5,243.62,70.83,2026-10-05,4.9,0,,0.0,70.83
20261005_134359,2026-10-05T14:02:37.565349+00:00,aliexpress,RAM,3256812476656815,DDR5 SO-DIMM Gaming Laptop RAM Memory Module Overcurrent Protection Laptop To Desktop SO-DIMM To PC DIMM Card for Desktop Laptop,68.65,19.96,2026-10-05,0.0,0,,0.0,19.96
20261005_134359,2026-10-05T14:02:37.565349+00:00,aliexpress,RAM,3256811661013734,AMD EXPO 64GB DDR5 6000MHz CL30 Desktop Memory Kit 2x32GB U-DIMM 1.40V Matte Black,2733.78,794.82,2026-10-05,0.0,0,,0.0,794.82
20261005_134359,2026-10-05T14:02:37.565349+00:00,aliexpress,RAM,3256808337508101,METALFISH PCIe5.0/4.0/3.0 x16 Riser Cable GPU Extension Wire for ITX Chassis Mini Compact Case RTX 5090/4090 & RX 7900 XTX,201.07,58.46,2026-10-05,4.6,0,,0.0,58.46
20261005_134359,2026-10-05T14:02:37.565349+00:00,aliexpress,RAM,3256812170669560,64GB DDR5 5600MHz SODIMM Laptop RAM Memory Kit for 13th Gen Intel AMD Ryzen 6000,2646.73,769.51,2026-10-05,0.0,0,,0.0,769.51
20261005_134359,2026-10-05T14:02:37.565349+00:00,aliexpress,RAM,3256809834539606,M321R8GA0BB0-CQK ECC 64gb DDR5 4800 for server memory module,13116.88,3813.6,2026-10-05,0.0,0,,0.0,3813.6
20261005_134359,2026-10-05T14:02:37.565349+00:00,aliexpress,RAM,3256808869740465,RJ45 Stecker Cat7/6/5e Ethernet Adapter 8P8C Netzwerk Extender Verlängerung Kabel für Ethernet Kabel Buchse auf Buchse,12.97,3.77,2026-10-05,0.0,0,,0.0,3.77
20261005_134359,2026-10-05T14:02:37.565349+00:00,aliexpress,RAM,3256812653249847,Server Ram M321R8GA0BB0-CQK - 1x 64GB DDR5-4800 RDIMM PC5-38400R Dual Rank X4 Memory,7477.37,2173.97,2026-10-05,0.0,0,,0.0,2173.97
20261005_134359,2026-10-05T14:02:37.565349+00:00,aliexpress,RAM,3256806178629955,"Original Power Adapter Cable 1.5m for Huion Kamvas 16(2021) /GS1562 Kamvas 12, Kamvas 13 and GEN3 Pen Display Graphics Tablet",100.57,29.24,2026-10-05,0.0,0,,0.0,29.24
20261005_134359,2026-10-05T14:02:37.565349+00:00,aliexpress,RAM,3256812765863503,Fine Workmanship DDR5 RAM 64GB 2x32GB 6000MHz CL30 Desktop Computer Memory U-DIMM US Local Fast Shipping,3201.73,930.87,2026-10-05,0.0,0,,0.0,930.87
20261005_134359,2026-10-05T14:02:37.565349+00:00,aliexpress,RAM,3256812066855652,Computer Memory Black Flare X5 Series DDR5 RAM 32GB (2x16GB) 6400MT/s CL32-39-39-102 1.40V Desktop,3804.12,1106.01,2026-10-05,0.0,0,,0.0,1106.01
20261005_134359,2026-10-05T14:02:37.565349+00:00,aliexpress,RAM,3256808349342875,USB Type C Female To Micro Mini USB Male U Adapter Connector 8 Pin Fast Charging Micro USB Charger Adapter for Tablet Laptop PC,8.46,2.46,2026-10-05,4.8,0,,0.0,2.46
20261005_134359,2026-10-05T14:02:37.565349+00:00,aliexpress,RAM,3256811713903440,M378A1K43DB2-CVF HMA81GU6DJR8N-WM M391A1G43EB1-CRC HMA851U6CJR6N-VK HMA851U6DJR6N-VK PC Memory DDR4 Module UDIMM RECC,226.32,65.8,2026-10-05,0.0,0,,0.0,65.8
20261005_134359,2026-10-05T14:02:37.565349+00:00,aliexpress,RAM,3256810561936054,DDR5 SO-DIMM Gaming Laptop RAM Memory Module Overcurrent Protection Laptop To Desktop SO-DIMM To PC DIMM Card for Desktop Laptop,55.55,16.15,2026-10-05,0.0,0,,0.0,16.15
20261005_134359,2026-10-05T14:02:37.565349+00:00,aliexpress,RAM,3256812556411700,CUSU Memoria Ram DDR5 5600MHz 6000MHz 16gb 32gb 64gb 288Pin UDIMM Desktop DDR5 Memory,983.8,286.03,2026-10-05,0.0,0,,0.0,286.03
20261005_134359,2026-10-05T14:02:37.565349+00:00,aliexpress,RAM,3256808595251799,ADTLINK PCIe 5.0 X4X8X16 Connector Gen5 Testing Protection Card Graphics Expansion Riser Card Adapter PCB PCIE X16 Extender,106.83,31.06,2026-10-05,0.0,0,,0.0,31.06
20261005_134359,2026-10-05T14:02:37.565349+00:00,aliexpress,RAM,3256813116161028,"new.64GB DDR5 5600MHz Laptop RAM Kit, SODIMM 262-Pin",2559.99,744.29,2026-10-05,0.0,0,,0.0,744.29
20261005_134359,2026-10-05T14:02:37.565349+00:00,aliexpress,RAM,2255801175813960,PCIe 8Pin 6+2Pin IDE SATA CPU 4+4Pin ATX 24Pin Power supply cable for CORSAIR RMx Series RM1000x RM850x RM750X RM650x RM550x,19.78,5.75,2026-10-05,4.8,0,,0.0,5.75
20261005_134359,2026-10-05T14:02:37.565349+00:00,aliexpress,RAM,3256812164017826,8G 1RX8 PC4-3200AA DDR4 MTA8ATF1G64AZ-3G2R1 desktop memory module,352.31,102.43,2026-10-05,0.0,0,,0.0,102.43
20261005_134359,2026-10-05T14:02:37.565349+00:00,aliexpress,RAM,3256812905201764,64GB DDR4 PC4-21300 288-Pin DIMM Desktop Memory Module,819.19,238.17,2026-10-05,0.0,0,,0.0,238.17
20261005_134359,2026-10-05T14:02:37.565349+00:00,aliexpress,RAM,3256811834396182,DDR5 SO-DIMM Gaming Laptop RAM Memory Module Overcurrent Protection DDR5 Memory RAM Adapter Card for Laptop Desktop,95.34,27.72,2026-10-05,0.0,0,,0.0,27.72
20261005_134359,2026-10-05T14:02:37.565349+00:00,aliexpress,RAM,3256812947233620,ProAV USB 2.0 Extender 60M Over CAT6 RJ45 Cable 4 Port USB HUB Extension By Ethernet for Webcam Camera Printer Keyboard Mouse,222.4,64.66,2026-10-05,0.0,0,,0.0,64.66
20261005_134359,2026-10-05T14:02:37.565349+00:00,aliexpress,RAM,3256812928324882,10Pcs DDR DDR2 DDR3 DDR4 Memory Module Case Box Holder Lodimm Packing Desktop-New,14.1,4.1,2026-10-05,0.0,0,,0.0,4.1
20261005_134359,2026-10-05T14:02:37.565349+00:00,aliexpress,RAM,3256812074861244,Laptop SO DDR5 RAM To Desktop DDR5 U-DIMM Adapter Overcurrent Protection DDR5 SO-DIMM Gaming Laptop RAM Memory Module,41.82,12.16,2026-10-05,0.0,0,,0.0,12.16
20261005_134359,2026-10-05T14:02:37.565349+00:00,aliexpress,RAM,3256812628285947,DDR5 SO-DIMM Gaming Laptop RAM Memory Module Overcurrent Protection DDR5 Memory RAM Adapter Card for Desktop Laptop,58.02,16.87,2026-10-05,0.0,0,,0.0,16.87
20261005_134359,2026-10-05T14:02:37.565349+00:00,aliexpress,RAM,2251832425787081,13W3M To VGA15F Adapter 13W Male To VGA Female Adapter 13W3 To HD15 Adapter SUN Interface To VGA Adapter,97.99,28.49,2026-10-05,0.0,0,,0.0,28.49
20261005_134359,2026-10-05T14:02:37.565349+00:00,aliexpress,RAM,3256812808803422,"Memory SPD Programmer Decryption Tool, Support DDR3 DDR4 DDR5 RAM SPD Burning Writer",223.84,65.08,2026-10-05,0.0,0,,0.0,65.08
20261005_134359,2026-10-05T14:02:37.565349+00:00,aliexpress,RAM,3256813014031384,96GB DDR5 RAM 5600MHz 5200MHz 4800MHz Laptop Memory Kit SODIMM 262 Pin for 13th Gen Notebook Upgrade High Performance,1268.25,368.73,2026-10-05,0.0,0,,0.0,368.73
20261005_134359,2026-10-05T14:02:37.565349+00:00,aliexpress,RAM,3256812318000290,32GB 16GB 8GB 4GB Memoria RAM DDR4 3200MHz 2666 2400 2133 3600MHz Desktop Memory 288Pins DIMM PC4-25600 28800 19200 21300  RAM,160.62,46.7,2026-10-05,0.0,0,,0.0,46.7
20261005_134359,2026-10-05T14:02:37.565349+00:00,aliexpress,RAM,3256810495577630,ADT-Link Universal GPU Cooler for Nvidia Tesla A100 / H100 / L20 / L40 / 170HX / A800 / H800 U-shaped Silent Turbo Fan Silent,75.46,21.94,2026-10-05,5.0,0,,0.0,21.94
20261005_134359,2026-10-05T14:02:37.565349+00:00,aliexpress,RAM,3256812648212996,DDR4 8GB 3200MHz RAM Memory PC4-25600 1.2V SODIMM Memory 260 Pin RAM Memory Laptop RAM Memory,259.96,75.58,2026-10-05,0.0,0,,0.0,75.58
20261005_134359,2026-10-05T14:02:37.565349+00:00,aliexpress,RAM,3256812758116504,DDR5 SO-DIMM Gaming Laptop RAM Memory Module Overcurrent Protection DDR5 Memory RAM Adapter Card for Laptop Desktop,57.3,16.66,2026-10-05,0.0,0,,0.0,16.66
20261005_134359,2026-10-05T14:02:37.565349+00:00,aliexpress,RAM,3256807802925080,for IBMSystem x3550  x3650 M4 46W0761 00D5048 46W0672 RAM DDR3 32GB 1866MHz PC3-14900R 16GB DDR3L 1600 12800R 133,90.7,26.37,2026-10-05,0.0,0,,0.0,26.37
20261005_134359,2026-10-05T14:02:37.565349+00:00,aliexpress,RAM,3256809166419454,Type-C USB 3.1 to M.2 NGFF SSD Mobile Hard Disk Box Type-C Adapter Card External Enclosure Case for M.2 SATA SSD 2230/42/60 2280,23.84,6.93,2026-10-05,4.6,0,,0.0,6.93
20261005_134359,2026-10-05T14:02:37.565349+00:00,aliexpress,RAM,3256812981468422,DDR5 SO-DIMM Gaming Laptop RAM Memory Module Overcurrent Protection Memory Card Converter DDR5 Memory RAM Adapter Card,69.31,20.15,2026-10-05,0.0,0,,0.0,20.15
20261005_134359,2026-10-05T14:02:37.565349+00:00,aliexpress,RAM,3256813115242799,SX Hynix DDR3 DDR3L SO-DIMM Laptop Memory Module 4GB 8GB 2Rx8 1333MHz 1600MHz 1866MHz 204-pin Non-ECC Unbuffered 1.3V 1.5V,991.64,288.31,2026-10-05,0.0,0,,0.0,288.31
20261005_134359,2026-10-05T14:02:37.565349+00:00,aliexpress,RAM,3256812420454892,Notebook memory to desktop computer DDR3 generation 4th DDR5 SOD conversion card,160.32,46.61,2026-10-05,0.0,0,,0.0,46.61
20261005_134359,2026-10-05T14:02:37.565349+00:00,aliexpress,RAM,3256813083429582,USB4 Type C Cable Right Angle USB-C Male to Female Data Cable 40Gbps Thunderbolt4 240W Fast Charging Cable for PC Laptop,34.91,10.15,2026-10-05,0.0,0,,0.0,10.15
20261005_134359,2026-10-05T14:02:37.565349+00:00,aliexpress,RAM,3256813125024328,Samsung DDR3 LRDIMM ECC Server RAM 4GB 8GB 16GB 1333 1600 1866MHz PC3-10600L/12800L/14900L 240PIN Memory X79 E5 Workstation,303.19,88.15,2026-10-05,0.0,0,,0.0,88.15
20261005_134359,2026-10-05T14:02:37.565349+00:00,aliexpress,RAM,3256812609067208,"A82Z-SPD Memory Burner SPD Modify, Unlock/Decrypt DDR4 DDR5 Memory, Change Out of Order",247.02,71.82,2026-10-05,0.0,0,,0.0,71.82
20261005_134359,2026-10-05T14:02:37.565349+00:00,aliexpress,RAM,3256811861203445,Q-PERTORS DDR4 16GB 8GB Desktop RAM 2133 2400 2666 3200Mhz DIMM RAM 288Pins NON ECC Compatible with Both Intel and AMD,183.74,53.42,2026-10-05,5.0,0,,0.0,53.42
20261005_134359,2026-10-05T14:02:37.565349+00:00,aliexpress,RAM,3256811724638874,90 Degree 5cm-1m FPV Flat Thin Ribbon FPC Cable Standard USB A Male to Male Female Flexible Power Cord   Left Right up down,47.64,13.85,2026-10-05,0.0,0,,0.0,13.85
20261005_134359,2026-10-05T14:02:41.868360+00:00,aliexpress,RAM,3256812946995185,DDR3 DDR4 DDR5 Laptop to Desktop Memory Adapter Card Memory RAM Connector Adapter DIMM Card SO-DIMM To PC Computer Converters,3.75,1.09,2026-10-05,0.0,0,,0.0,1.09
20261005_134359,2026-10-05T14:02:41.868360+00:00,aliexpress,RAM,3256803890909363,Lexar SD Cards Class10 128GB 32GB 64GB 256GB 512GB UHS-I Micro Memory Card A1 A2 U3 V30 TF Flash Card for Drone Sport Camcorder,34.26,9.96,2026-10-05,4.7,0,,0.0,9.96
20261005_134359,2026-10-05T14:02:41.868360+00:00,aliexpress,RAM,3256812109434051,SanDisk Micro SD Card Memory Card 32GB 64GB 128GB 256GB MicroSD Max 200MB/s Extreme PRO MicroSDXC UHS-I TF Flash Card for Phone,109.14,31.73,2026-10-05,5.0,0,,0.0,31.73
20261005_134359,2026-10-05T14:02:41.868360+00:00,aliexpress,RAM,3256812119193900,Netac Ram Memory DDR4 3200MHz 3600MHz 8G 16G 8Gx2 16Gx2 ShadowIII DDR4 Ram Dual Channel XMP2.0 DDR5 4800MHz for Desktop PC,418.59,121.7,2026-10-05,5.0,0,,0.0,121.7
20261005_134359,2026-10-05T14:02:41.868360+00:00,aliexpress,RAM,3256807865304097,KODAK 100% Original 64GB 128GB SD Card Memory Cards Class10 256GB U1 HD SD Card Memory Card SDXC V30 Memory Cards for Camera,4.23,1.23,2026-10-05,4.8,0,,0.0,1.23
20261005_134359,2026-10-05T14:02:41.868360+00:00,aliexpress,RAM,3256811832440728,"AIJS GPU 8PIN Extension Cable, Graphics Card Extension Cable ARGB with 5V 3Pin,18AWG 90° Right-Angle Design,Male-to-Female Cable",135.65,39.44,2026-10-05,0.0,0,,0.0,39.44
20261005_134359,2026-10-05T14:02:41.868360+00:00,aliexpress,RAM,3256811983816006,DELTAD5 32G (16G * 2) 6000\ 6400 frequency RGB light bar desktop memory stick accessories,2567.59,746.5,2026-10-05,0.0,0,,0.0,746.5
20261005_134359,2026-10-05T14:02:41.868360+00:00,aliexpress,RAM,3256812126018974,Reliable Micro SD Card SD Cards TF Cards Memory Card 32GB 256GB 512GB Dustproof A2 U3 V30 for Dash Cam Nintendo Switch,3.75,1.09,2026-10-05,4.6,0,,0.0,1.09
20261005_134359,2026-10-05T14:02:41.868360+00:00,aliexpress,RAM,3256812267778506,High Speed Professional CFexpress 4.0 Type B 1TB 512GB 256GB CFexpress Type B Card Up to 3500MB/s Read for Nikon D850 D500 D5 Z7,528.38,153.62,2026-10-05,4.8,0,,0.0,153.62
20261005_134359,2026-10-05T14:02:41.868360+00:00,aliexpress,RAM,3256810535738055,PC RGB Light Strip Suitable For Computer Power Supply ATX 24PIN GPU Video Card Cables And Case for 6Pin 8Pin 12Pin 16Pin 24Pin,11.01,3.2,2026-10-05,4.7,0,,0.0,3.2
20261005_134359,2026-10-05T14:02:41.868360+00:00,aliexpress,RAM,3256806387117249,LEMIWEI CF Card 256MB 512MB Compact Flash Card 1GB 2GB 4GB CF Card 8GB 16GB 32GB 64GB Compactflash Memory Card For Camera,3.75,1.09,2026-10-05,4.5,0,,0.0,1.09
20261005_134359,2026-10-05T14:02:41.868360+00:00,aliexpress,RAM,3256801241061890,High speed memory cards 4GB 8GB 16 GB 32 GB 64GB cartao de memoria 128 GB class 10 mini sd card TF card for Mobile Phone Camera,3.75,1.09,2026-10-05,4.1,0,https://www.aliexpress.com/ssr/300000512/BundleDeals2?productIds=1005001427376642:12000016080301848&pha_manifest=ssr&_immersiveMode=true&disableNav=YES&sourceName=SEARCHProduct,0.0,1.09
20261005_134359,2026-10-05T14:02:41.868360+00:00,aliexpress,RAM,3256810554638680,Kingbank Desktop DDR5 RAM 16GB 6000MHz CL36 CL28  Black Heat Spreader 1.1V Memory Module,1741.45,506.31,2026-10-05,0.0,0,,0.0,506.31
20261005_134359,2026-10-05T14:02:41.868360+00:00,aliexpress,RAM,3256810317252866,28AWG cable Type-c male to female amd male to male Can be delivered to any configuration ZH1.5 5/pin 10CM/20cm/30CM/50CM long,3.96,1.15,2026-10-05,4.6,0,,0.0,1.15
20261005_134359,2026-10-05T14:02:41.868360+00:00,aliexpress,RAM,3256812029827459,VivaChip TechOrange Pi 5 Plus 16GB RAM LPDDR5 V1.5.1 Verison RK3588 PCIE Module External WiFi-BT SSD 8K Orange Pi5 Plus Developm,5037.97,1464.74,2026-10-05,5.0,0,,0.0,1464.74
20261005_134359,2026-10-05T14:02:41.868360+00:00,aliexpress,RAM,3256807086628565,KODAK 100% Original Micro SD Card 16GB 32GB 64GB 128GB 256GB Microsd Memory Card Class10 SDXC U3 4K TF Card for Drone Phone,3.75,1.09,2026-10-05,4.8,0,,0.0,1.09
20261005_134359,2026-10-05T14:02:41.868360+00:00,aliexpress,RAM,3256813102342842,Memory Card 128GB 64GB Micro TF SD Card 32GB 16GB Class 10 UHS-1 Flash Stick Card Minisd TF SD Cards 256GB Flash Car,3.75,1.09,2026-10-05,4.9,0,,0.0,1.09
20261005_134359,2026-10-05T14:02:41.868360+00:00,aliexpress,RAM,3256810470171034,PCIE 5.0 X16 GEN5 Graphics Card GPU Riser Cable 90 Degree High Speed Adapter for ITX Mini PC Chassis NVIDIA RT AMD RX90X50,283.24,82.35,2026-10-05,0.0,0,,0.0,82.35
20261005_134359,2026-10-05T14:02:41.868360+00:00,aliexpress,RAM,3256805990748762,Lexar CFexpress Type B Silver Card 128GB 256GB 512GB CF Express Digital Memory Card for RAW 4K Video Digital SLR Camera,459.24,133.52,2026-10-05,4.9,0,,0.0,133.52
20261005_134359,2026-10-05T14:02:41.868360+00:00,aliexpress,RAM,3256812025600594,U3 Fast Flash Speed High Mini Camera Class 10 Quality Memory 32-64-128-256-512gb Original Durable Card High Tf Reliable Premium,3.75,1.09,2026-10-05,4.7,0,,0.0,1.09
20261005_134359,2026-10-05T14:02:41.868360+00:00,aliexpress,RAM,3256807897743719,Game Console Memory Card for Gamecube Memory Card Plug and Play High Speed Game Memory Card for Game Console Data Accessories,3.75,1.09,2026-10-05,5.0,0,,0.0,1.09
20261005_134359,2026-10-05T14:02:41.868360+00:00,aliexpress,RAM,3256809629199036,Game Card for R36S with 18000+ Retro Game 64G Gaming Card for PSP/PS1/GB/GBA/GBC/MD/SFC/CPS1/CPS2 EmuELEC4.7 Plug&Play Game Card,54.0,15.7,2026-10-05,3.8,0,,0.0,15.7
20261005_134359,2026-10-05T14:02:41.868360+00:00,aliexpress,RAM,3256805397363083,Mini SD Card 4GB 8GB 16GB 32GB Class 10 Memory Card High Speed SD 64gb for Phones/Tablet/Camera 128gb 256gb Micro Flash TF Card,3.75,1.09,2026-10-05,4.8,0,,0.0,1.09
20261005_134359,2026-10-05T14:02:41.868360+00:00,aliexpress,RAM,2255800440229714,Class 10 128GB SD TF Card 32GB 64GB 8GB 16GB Flash Memory SD Card 8 16 32 64 128 GB for Camera/PC,3.75,1.09,2026-10-05,4.4,0,https://www.aliexpress.com/ssr/300000512/BundleDeals2?productIds=4000626544466:10000004323131968&pha_manifest=ssr&_immersiveMode=true&disableNav=YES&sourceName=SEARCHProduct,0.0,1.09
20261005_134359,2026-10-05T14:02:41.868360+00:00,aliexpress,RAM,3256804879493714,Eldingu Original TF Card 64G Class10 A1 for Surveillance Video MP3 MP4 Mobile Phone Memory Card 32GB U1 TF Card 128GB U3,3.75,1.09,2026-10-05,4.4,0,https://www.aliexpress.com/ssr/300000512/BundleDeals2?productIds=1005005065808466:12000031502869892&pha_manifest=ssr&_immersiveMode=true&disableNav=YES&sourceName=SEARCHProduct,0.0,1.09
20261005_134359,2026-10-05T14:02:41.868360+00:00,aliexpress,RAM,3256811587318432,AIBOMAN RX580 8G Multi-Screen Graphics Card Supports simultaneous display of 6 screens Gaming Office high performance,612.75,178.15,2026-10-05,5.0,0,,0.0,178.15
20261005_134359,2026-10-05T14:02:41.868360+00:00,aliexpress,RAM,3256812231134675,Original Samsung EVO Plus Micro SD 1TB 512GB 256GB 128GB 64GB U3 V30 A2 Memory Card Speed up to 130MB/s for Gaming Tablet,79.83,23.21,2026-10-05,4.8,0,,0.0,23.21
20261005_134359,2026-10-05T14:02:41.868360+00:00,aliexpress,RAM,3256808869180617,1 stecker auf 2 Weibliche 2 Möglichkeiten RJ45 Ports Ethernet Netzwerk Splitter Stecker Verlängerung Kabel Router LAN Doppel Por,28.93,8.41,2026-10-05,0.0,0,,0.0,8.41
20261005_134359,2026-10-05T14:02:41.868360+00:00,aliexpress,RAM,3256804913965092,Micro Memory SD Card 512GB 256GB 128GB Flash High Speed MemoryCard Class 10 64GB 32GB 16GB 8GB SD TF Card Gift Phone Adapter,3.75,1.09,2026-10-05,4.3,0,,0.0,1.09
20261005_134359,2026-10-05T14:02:41.868360+00:00,aliexpress,RAM,3256807438648875,For PS2 8MB/64MB/128MB/256MB Memory Card Memory Expansion Cards Suitable for Sony PS1 PS2 Black Memory Card Wholesale,3.75,1.09,2026-10-05,4.8,0,,0.0,1.09
20261005_134359,2026-10-05T14:02:41.868360+00:00,aliexpress,RAM,3256812536285255,Professional Laptop DDR4 SODIMM To Desktop DIMM Memory  Connector Cards Converter Adapter PC Memory Cards Converter Adaptor,3.75,1.09,2026-10-05,0.0,0,,0.0,1.09
20261005_134359,2026-10-05T14:02:41.868360+00:00,aliexpress,RAM,3256807308975165,Memory Card Micro TF SD Card Class10 Flash Cards 64GB 128GB Mini Micro TF 32GB Cartao De Memoria TF Card for Phone,3.75,1.09,2026-10-05,4.6,0,,0.0,1.09
20261005_134359,2026-10-05T14:02:41.868360+00:00,aliexpress,RAM,3256812661468818,SAMSUNG PRO Endurance MLC Micro SD Card 32GB 64GB 128GB U3 4K High Endurance TF Memory For Car Dash Cam Security Camera,53.07,15.43,2026-10-05,5.0,0,,0.0,15.43
20261005_134359,2026-10-05T14:02:41.868360+00:00,aliexpress,RAM,3256809108853188,GenMachine Ryzen 7 7840U 6800U 6800H USB4 2.5G LAN Mini PC Windows 11 LPDDR5 24G 6400Mhz WIFI6 Mini Pc Diy Gaming Computer,1891.17,549.84,2026-10-05,4.9,0,,0.0,549.84
20261005_134359,2026-10-05T14:02:41.868360+00:00,aliexpress,RAM,3256805636819453,0.1m 0.5m SATA Adapter 7+15P Extension Cord SFF-8482 SAS29pin to SATA 22Pin Hard Disk Connected to Motherboard,14.24,4.14,2026-10-05,4.3,0,,0.0,4.14
20261005_134359,2026-10-05T14:02:41.868360+00:00,aliexpress,RAM,3256811760710083,256MB 512MB 1G 2G 4G 8G 16G 32G 64G Memory SD Card High Speed Professional Storage Aardar Camera Memory Card U1 Class 10 UHS-I,3.75,1.09,2026-10-05,4.1,0,,0.0,1.09
20261005_134359,2026-10-05T14:02:41.868360+00:00,aliexpress,RAM,3256809640962685,URAS CFexpress TypeB Card 128GB CFE Memory Card XQD Upgrade Card CFE Card for Nikon Z6 Z7 Canon R5 1DX3 Original,129.26,37.58,2026-10-05,4.6,0,,0.0,37.58
20261005_134359,2026-10-05T14:02:41.868360+00:00,aliexpress,RAM,3256804706728017,RTX 2060 Super 8GB Graphics Cards 256Bit GDDR6 HDMI-Compatible DP GPU RTX 2060S 8G Computer Gaming Video Card placa de video,1516.79,440.99,2026-10-05,0.0,0,,0.0,440.99
20261005_134359,2026-10-05T14:02:41.868360+00:00,aliexpress,RAM,3256809583583806,M.2 NGFF SATA SSD Enclosure Adapter USB to NGFF SATA B-Key/(B+M) Key Solid State Drive External Enclosure for SSD 2242/2260/2280,3.75,1.09,2026-10-05,4.4,0,,0.0,1.09
20261005_134359,2026-10-05T14:02:41.868360+00:00,aliexpress,RAM,3256812867158400,ECC REG DDR4 8GB 16GB 64GB Server Memory 2400 2133MHz PC4-2666 3200 2400T Ram,159.83,46.47,2026-10-05,5.0,0,,0.0,46.47
20261005_134359,2026-10-05T14:02:41.868360+00:00,aliexpress,RAM,3256809524417021,New Original For NVIDIA Tesla A2 16GB GPU Low Profile AI Inference Deep Learning Accelerator Graphics Card,2030.68,590.4,2026-10-05,5.0,0,,0.0,590.4
20261005_134359,2026-10-05T14:02:41.868360+00:00,aliexpress,RAM,3256811895359341,Pseudo Saturn 4 In1 Cartridge ALL-IN-1 With Direct Reading 4M Accelerator Goldfinger Function Action Replay 8MB Memory Card,159.28,46.31,2026-10-05,0.0,0,,0.0,46.31
20261005_134359,2026-10-05T14:02:41.868360+00:00,aliexpress,RAM,3256809104590247,A63L-0001-0923 CD/CC A06B-6114-K204 K205/E/S 10 Pin 4 Core JN2DS10SLS-M-C Servo Motor Plug Brake Holding Connector,46.02,13.38,2026-10-05,5.0,0,,0.0,13.38
20261005_134359,2026-10-05T14:02:41.868360+00:00,aliexpress,RAM,2255799996084269,Mini SD Memory Card 64GB 32GB 16GB 256GB MiniSD Flash TF Card Map Mini SD Cards with Package Free SD Adapter,3.75,1.09,2026-10-05,4.7,0,,0.0,1.09
20261005_134359,2026-10-05T14:02:41.868360+00:00,aliexpress,RAM,3256810342374771,Kodak High Endurance Micro SD Card for Dash Cam FAT32 Memory Card 128/256GB 100MB/s Smooth 4K & Loop Recording Microsd Cards,3.75,1.09,2026-10-05,4.8,0,,0.0,1.09
20261005_134359,2026-10-05T14:02:41.868360+00:00,aliexpress,RAM,3256812886814599,Big Discount 32GB DDR5 RAM Kit 2x16GB 5600MHz Laptop Memory SODIMM for   7000,1911.57,555.77,2026-10-05,0.0,0,,0.0,555.77
20261005_134359,2026-10-05T14:02:41.868360+00:00,aliexpress,RAM,3256809899214755,Gigabit 1000Mbps RJ45 Splitter 1 to 2 3 4 Ethernet Adapter Lan Connector Switch Coupler for PC Laptop TV Box Router Digital TV,3.75,1.09,2026-10-05,4.5,0,,0.0,1.09
20261005_134359,2026-10-05T14:02:41.868360+00:00,aliexpress,RAM,3256812586923547,DDR3 2133 2400 2666 3000 3200 Desktop memory stick compatible with 8G 16G 32G,30.92,8.99,2026-10-05,0.0,0,,0.0,8.99
20261005_134359,2026-10-05T14:02:41.868360+00:00,aliexpress,RAM,3256811825064250,DDR3 16GB 1600Mhz DIMM PC3-12800 1.5V 240 Pin Desktop Memory RAM Non-ECC For AMD Socket AM3 AM3+ FM1 FM2 Motherboard-AEF7,114.88,33.4,2026-10-05,0.0,0,,0.0,33.4
20261005_134359,2026-10-05T14:02:41.868360+00:00,aliexpress,RAM,3256804388220051,LEMIWEI CF Card 256MB 512MB 1GB Compact Flash Card 2GB 4GB 8GB CF Card 16GB 32GB 64GB Compactflash Card Storage Card For Camera,3.75,1.09,2026-10-05,4.9,0,,0.0,1.09
20261005_134359,2026-10-05T14:02:41.868360+00:00,aliexpress,RAM,3256807593843274,Genmachin AMD 7840HS 7940HS MINI PC Windows 11 Ryzen DDR5 32GB 6400Mhz RAM M.2 2280 SSD WIFI6 BT5.2  Pc Game Diy Gaming Computer,2234.57,649.68,2026-10-05,4.6,0,,0.0,649.68
20261005_134359,2026-10-05T14:02:41.868360+00:00,aliexpress,RAM,3256811792363301,KingBank SOARBLADE KRRW DDR4 RGB Series 16GB (8GBx2) 3200MHz XMP Memory CL16 for Gaming And Overclocking,571.92,166.28,2026-10-05,0.0,0,,0.0,166.28
20261005_134359,2026-10-05T14:02:41.868360+00:00,aliexpress,RAM,3256807816744972,Cloudisk Small Capacity Micro SD Card 128MB 256MB 512MB (512MB=0.5GB) C4 Memory Card for MP3 Photos Small Files Only,3.75,1.09,2026-10-05,4.4,0,,0.0,1.09
20261005_134359,2026-10-05T14:02:54.166009+00:00,amazon_usa,SSD,B0DX2DPJZ5,"Samsung SSD 9100 PRO 2TB, PCIe 5.0x4 M.2 2280, Up to 14,700MB/s",404.18,117.51,2026-10-05,4.7,1800,https://www.amazon.com/Samsung-9100-PCIe-5-0x4-700MB/dp/B0DX2DPJZ5,0.0,117.51
20261005_134359,2026-10-05T14:02:54.166009+00:00,amazon_usa,SSD,B0GJSCVXHZ,"Sandisk Optimus 5100 2TB NVMe SSD, PCIe 4.0, M.2 2280",302.13,87.84,2026-10-05,4.7,163,https://www.amazon.com/Sandisk-Optimus-5100-NVMe-PCIe/dp/B0GJSCVXHZ,0.0,87.84
20261005_134359,2026-10-05T14:02:54.166009+00:00,amazon_usa,SSD,B0F3BD1W6R,"WD_Black SN8100 2TB NVMe SSD - PCIe 5.0x4, M.2 2280, Up to 14,900MB/s Read Speed, up to 11,000MB/s Write Speed, Best for AI Applications, Gaming, and Video Editing - WDS200T1X0M Global Recycled Standa",497.08,144.52,2026-10-05,4.8,1000,https://www.amazon.com/WD_BLACK-SN8100-Internal-Solid-State/dp/B0F3BD1W6R,0.0,144.52
20261005_134359,2026-10-05T14:02:54.166009+00:00,amazon_usa,SSD,B0CTRVZKG7,"Crucial T705 PCIe Gen5 NVMe 2TB SSD, Up to 14,500MB/s, TLC NAND, Intel & Ryzen Compatible, for Hardcore Gaming & High-Speed Storage, Solid State Drive, Includes 1Mo Adobe CC – CT2000T705SSD3 Global Re",392.0,113.97,2026-10-05,4.6,1400,https://www.amazon.com/Crucial-Compatible-Hardcore-High-Speed-Storage/dp/B0CTRVZKG7,0.0,113.97
20261005_134359,2026-10-05T14:02:54.166009+00:00,amazon_usa,SSD,B0BHJJ9Y77,"Samsung SSD 990 PRO 2TB, PCIe 4.0 M.2 2280, Up to 7,450 MB/s",394.06,114.57,2026-10-05,4.7,13400,https://www.amazon.com/Samsung-SSD-990-PCIe-2280/dp/B0BHJJ9Y77,0.0,114.57
20261005_134359,2026-10-05T14:02:54.166009+00:00,amazon_usa,SSD,B0DHLCRF91,"Samsung SSD 990 EVO Plus 2TB, PCIe Gen 4x4 | 5x2 M.2 2280, Up to 7,250 MB/s",373.7,108.65,2026-10-05,4.8,7000,https://www.amazon.com/Samsung-SSD-Plus-PCIe-2280/dp/B0DHLCRF91,0.0,108.65
20261005_134359,2026-10-05T14:02:54.166009+00:00,amazon_usa,SSD,B0F25B9JJ3,"Lexar 2TB NM1090 PRO NVMe SSD, 14,000/13,000 MB/s, M.2 2280, PCIe Gen 5",363.73,105.75,2026-10-05,4.5,90,https://www.amazon.com/Lexar-NM1090-NVMe-2280-PCIe/dp/B0F25B9JJ3,0.0,105.75
20261005_134359,2026-10-05T14:02:54.166009+00:00,amazon_usa,SSD,B0F9XMYR15,"Crucial T710 PCIe Gen5 NVMe 2TB SSD, Up to 14,900 MB/s, Laptop & Desktop Compatible (PC), for Creatives and Hardcore Gamers, Solid State Drive, Includes 1Mo Adobe CC – CT2000T710SSD8-01",429.42,124.85,2026-10-05,4.6,825,https://www.amazon.com/Internal-Compatible-Software-Mac-OS-X/dp/B0F9XMYR15,0.0,124.85
20261005_134359,2026-10-05T14:02:54.166009+00:00,amazon_usa,SSD,B0B996CJ64,"Silicon Power 2TB UD90 NVMe 4.0 Gen4 PCIe M.2 SSD R/W up to 5,000/4,800 MB/s (SP02KGBP44UD9005)",282.9,82.25,2026-10-05,4.4,3600,https://www.amazon.com/Silicon-Power-UD90-NVMe-SP02KGBP44UD9005/dp/B0B996CJ64,0.0,82.25
20261005_134359,2026-10-05T14:02:54.166009+00:00,amazon_usa,SSD,B0FJXFR9RD,"Ediloca SSD 2TB NVMe PCIe 5.0x4, Up to 14,000MB/s Read, 10,000MB/s Write, 2TB SSD with 2GB LPDDR4 DRAM & Dynamic SLC Cache, M.2 2280 3D TLC for Gaming/Video Editing/PC/Laptop (EN1400 Pro)",313.24,91.07,2026-10-05,4.8,17,https://www.amazon.com/Ediloca-LPDDR4-Dynamic-Gaming-Editing/dp/B0FJXFR9RD,0.0,91.07
20261005_134359,2026-10-05T14:02:54.166009+00:00,amazon_usa,SSD,B0DKNY3HRV,"Corsair MP700 Elite 2TB PCIe 5.0 x4 NVMe M.2 SSD – Up to 10,000MB/sec – High-Density 3D TLC NAND – M.2 2280 - DirectStorage Compatible – Black",464.78,135.13,2026-10-05,4.8,321,https://www.amazon.com/Corsair-MP700-Elite-PCIe-NVMe/dp/B0DKNY3HRV,0.0,135.13
20261005_134359,2026-10-05T14:02:54.166009+00:00,amazon_usa,SSD,B0CGKHGMW5,"Lexar 2TB NM790 NVMe SSD w/Heatsink, 7400/6500 MB/s, M.2 2280, PCIe Gen 4x4",323.59,94.08,2026-10-05,4.8,1300,https://www.amazon.com/Lexar-Heatsink-Internal-Compatible-LNM790X002T-RN9NU/dp/B0CGKHGMW5,0.0,94.08
20261005_134359,2026-10-05T14:02:54.166009+00:00,amazon_usa,SSD,B07ZQ97H3W,Silicon Power 2TB NVMe M.2 PCIe Gen3x4 2280 SSD Solid State Drive (SP002TBP34A60M28),255.62,74.32,2026-10-05,4.4,1500,https://www.amazon.com/Silicon-Power-Gen3x4-Solid-SP002TBP34A60M28/dp/B07ZQ97H3W,0.0,74.32
20261005_134359,2026-10-05T14:02:54.166009+00:00,amazon_usa,SSD,B0GHYRZ1JW,"Sandisk Optimus GX PRO 8100 2TB PCIe 5.0 NVMe SSD, M.2 2280",504.2,146.59,2026-10-05,4.2,32,https://www.amazon.com/SANDISK-Optimus-8100-PCIe-NVMe/dp/B0GHYRZ1JW,0.0,146.59
20261005_134359,2026-10-05T14:02:54.166009+00:00,amazon_usa,SSD,B0BHJDY57J,"SAMSUNG 990 PRO w/ Heatsink SSD 2TB, PCIe Gen4 M.2 2280 Internal Solid State Hard Drive, Seq. Read Speeds Up To 7,450MB/s for High End Computing, Workstations, Compatible w/ PlayStation 5, MZ-V9P2T0CW",499.14,145.12,2026-10-05,4.7,5100,https://www.amazon.com/SAMSUNG-Expansion-Compatible-Playstation5-MZ-V9P2T0CW/dp/B0BHJDY57J,0.0,145.12
20261005_134359,2026-10-05T14:02:54.166009+00:00,amazon_usa,SSD,B0CB8JJR7F,"Acer Predator GM7 2TB SSD: M.2 2280 PCIe Gen 4 x4 NVMe 2.0, Read Speed Up to 7400 MB/s, Internal PC Solid State Drive for Laptop, Desktop and PS5 - BL.9BWWR.119",349.59,101.64,2026-10-05,4.7,1600,https://www.amazon.com/Predator-GM7-2TB-SSD-BL-9BWWR-119/dp/B0CB8JJR7F,0.0,101.64
20261005_134359,2026-10-05T14:02:54.166009+00:00,amazon_usa,SSD,B0GBXSRT3D,"SUNEAST 2TB SSD Gen5, PCIe 5.0x4 TLC NVMe M.2 2280, Up to 14,800 MB/s Read",333.43,96.94,2026-10-05,4.5,17,https://www.amazon.com/SUNEAST-Black-Gen5-PCIe-5-0x4/dp/B0GBXSRT3D,0.0,96.94
20261005_134359,2026-10-05T14:02:54.166009+00:00,amazon_usa,SSD,B0FGQ19H9B,"SIX NVME M.2 SSD 2TB - PCIe gen 5.0x4 X15000 SSD M.2 2280, Seq. Speed Up to 14,300MB/s,AI Computering Gaming by Internal Solid State Hard Drive for Laptop/Desktop PC Nvme m2 PCIe 5 2TB with Heatsink",373.84,108.69,2026-10-05,4.6,802,https://www.amazon.com/SIX-NVME-M-2-SSD-2TB/dp/B0FGQ19H9B,0.0,108.69
20261005_134359,2026-10-05T14:02:54.166009+00:00,amazon_usa,SSD,B0DC8RVRBZ,"Crucial P310 2TB SSD, PCIe Gen4 NVMe M.2 2280, Up to 7,100MB/s, for Laptop, Desktop (PC), & Handheld Gaming Consoles, Includes Acronis Data Recovery Software, Solid State Drive - CT2000P310SSD801 Glob",253.42,73.68,2026-10-05,4.7,11200,https://www.amazon.com/Crucial-P310-2280-PCIe-Gen4/dp/B0DC8RVRBZ,8.0,81.68
20261005_134359,2026-10-05T14:02:54.166009+00:00,amazon_usa,SSD,B0DQSJZTZ5,"Crucial E100 2TB M.2 NVMe PCIe Gen4 Internal SSD, Up to 5,000MB/s, Laptop & Desktop Compatible - CT2000E100SSD8",252.6,73.44,2026-10-05,4.5,1000,https://www.amazon.com/Crucial-Internal-Laptop-Desktop-Compatible-PC/dp/B0DQSJZTZ5,0.0,73.44
20261005_134359,2026-10-05T14:02:54.166009+00:00,amazon_usa,SSD,B0DBR6TRZQ,Kingston NV3 2TB M.2 2280 NVMe SSD | PCIe 4.0 Gen 4x4 | Up to 6000 MB/s | SNV3S/2000G,282.45,82.12,2026-10-05,4.7,14000,https://www.amazon.com/Kingston-2280-NVMe-PCIe-SNV3S-2000G/dp/B0DBR6TRZQ,0.0,82.12
20261005_134359,2026-10-05T14:02:54.166009+00:00,amazon_usa,SSD,B0FH26CFDB,"fanxiang 2TB PCIe 5.0 x4 NVMe M.2 SSD,Up to 14000 MB/s,DRAM Cache and SLC NAND,High Performance Solid State Drive for AI Applications, Gaming, PC, Laptop",323.31,94.0,2026-10-05,3.9,42,https://www.amazon.com/fanxiang-Performance-Applications-Gaming-Laptop/dp/B0FH26CFDB,0.0,94.0
20261005_134359,2026-10-05T14:02:54.166009+00:00,amazon_usa,SSD,B0DX2G349M,"Samsung SSD 9100 PRO 1TB, PCIe 5.0x4 M.2 2280, Up to 14,700MB/s",252.6,73.44,2026-10-05,4.7,1800,https://www.amazon.com/Samsung-9100-PCIe-5-0x4-700MB/dp/B0DX2G349M,0.0,73.44
20261005_134359,2026-10-05T14:02:54.166009+00:00,amazon_usa,SSD,B0H8KXB8WJ,"SUNEAST 2TB SSD M.2 2280 PCIe Gen4.0 NVMe TLC SSD, Up to 7450MB/s Read",272.82,79.32,2026-10-05,4.5,9,https://www.amazon.com/SUNEAST-2280-PCIe-Gen4-0-7450MB/dp/B0H8KXB8WJ,0.0,79.32
20261005_134359,2026-10-05T14:02:58.257957+00:00,amazon_usa,SSD,B0CXVGC466,SABRENT Rocket 5 2TB Advanced Performance Internal M.2 PCIe GEN 5 14GB/s X4 NVMe SSD (SB-RKT5-2TB),353.65,102.82,2026-10-05,4.7,127,https://www.amazon.com/SABRENT-Advanced-Performance-Internal-SB-RKT5-2TB/dp/B0CXVGC466,0.0,102.82
20261005_134359,2026-10-05T14:02:58.257957+00:00,amazon_usa,SSD,B0C9DPWRZ3,"Fikwot FN955 2TB NVMe SSD M.2 2280 PCIe Gen4x4, Up to 7300MB/s, 3D NAND TLC Flash Internal Solid State Drive, Configure SLC Cache, Storage and Memory Expansion for PS5 Laptop Desktop",303.12,88.13,2026-10-05,4.6,1200,https://www.amazon.com/Fikwot-FN955-Internal-Solid-State/dp/B0C9DPWRZ3,0.0,88.13
20261005_134359,2026-10-05T14:02:58.257957+00:00,amazon_usa,SSD,B0C47ZX1WB,"WD_BLACK 2TB SN850P NVMe M.2 SSD Officially Licensed Storage Expansion for PS5 Consoles, up to 7,300MB/s, with heatsink - WDBBYV0020BNC-WRSN",429.42,124.85,2026-10-05,4.8,11200,https://www.amazon.com/Western-Digital-Officially-Licensed-Expansion/dp/B0C47ZX1WB,0.0,124.85
20261005_134359,2026-10-05T14:02:58.257957+00:00,amazon_usa,SSD,B0FGP7W3NJ,"SIX NVME M.2 SSD PCIe 4.0-1TB m.2 2280 ssd, Read UP to 7350MB/s 1TB for Gaming PS5 Memory Storage Expansion with Heatsink, Internal Solid State Hard Drive PCIe gen 4x4 Nvme for Laptop Desktop pc",176.82,51.41,2026-10-05,4.6,802,https://www.amazon.com/SIX-SSD-Expansion-Heatsink-Internal/dp/B0FGP7W3NJ,0.0,51.41
20261005_134359,2026-10-05T14:02:58.257957+00:00,amazon_usa,SSD,B0FJ1NNYTS,INLAND TN510 2TB NVMe SSD PCIe 5.0 Gen5x4 Internal Solid State Drive,333.43,96.94,2026-10-05,4.3,7,https://www.amazon.com/INLAND-TN510-Internal-Solid-State/dp/B0FJ1NNYTS,0.0,96.94
20261005_134359,2026-10-05T14:02:58.257957+00:00,amazon_usa,SSD,B09F5W62N8,"Predator M.2 SSD 2TB GM7000 with DRAM cache NVMe 1.4 2280 PCIe Gen4×4 Ultra high speed (maximum read: 7400MB/s, max write: 6700MB/s) 3D NAND TLC Internal SSD Compatible with PS5 Pro - BL.9BWWR.106",333.43,96.94,2026-10-05,4.7,3400,https://www.amazon.com/Acer-Predator-GM7000-NVMe-Gaming/dp/B09F5W62N8,0.0,96.94
20261005_134359,2026-10-05T14:02:58.257957+00:00,amazon_usa,SSD,B0FPPTX9W5,"2TB NVMe Gen 5.0 SSD, Up 14,000MB/s,DRAM Cache, Graphene Heatsink",404.18,117.51,2026-10-05,4.4,166,https://www.amazon.com/OSCOO-Graphene-Applications-Heavy-Duty-Workstations/dp/B0FPPTX9W5,0.0,117.51
20261005_134359,2026-10-05T14:02:58.257957+00:00,amazon_usa,SSD,B0DN6ZQ3PD,"WD_Black SN7100 2TB NVMe SSD - Gen4 PCIe, M.2 2280, Up to 7,250 MB/s Read Speed, Up to 6,900 MB/s Write Speed, Next Gen TLC 3D NAND, for Laptops, Handheld Gaming Devices - WDS200T4X0E",323.31,94.0,2026-10-05,4.8,6500,https://www.amazon.com/WD_BLACK-SN7100-Internal-Gaming-Solid/dp/B0DN6ZQ3PD,0.0,94.0
20261005_134359,2026-10-05T14:02:58.257957+00:00,amazon_usa,SSD,B0C91X5DZL,"Lexar 2TB NM790 Internal NVMe SSD, 7400/6500 MB/s, M.2 2280, PCIe Gen 4x4",323.31,94.0,2026-10-05,4.8,1200,https://www.amazon.com/Lexar-Internal-Compatible-Creators-LNM790X002T-RNNNU/dp/B0C91X5DZL,0.0,94.0
20261005_134359,2026-10-05T14:02:58.257957+00:00,amazon_usa,SSD,B09DVRBNWV,"Western Digital 2TB WD Green SN350 NVMe Internal SSD Solid State Drive - Gen3 PCIe, QLC, M.2 2280, Up to 3,200 MB/s - WDS200T3G0C",248.57,72.27,2026-10-05,4.7,12900,https://www.amazon.com/Western-Digital-Green-SN350-Internal/dp/B09DVRBNWV,0.0,72.27
20261005_134359,2026-10-05T14:02:58.257957+00:00,amazon_usa,SSD,B0FLB43X3V,Patriot P410 2TB PCIe Gen 4x4 M.2 2280 SSD,272.82,79.32,2026-10-05,4.6,26,https://www.amazon.com/Patriot-P410-2TB-Internal-SSD/dp/B0FLB43X3V,0.0,79.32
20261005_134359,2026-10-05T14:02:58.257957+00:00,amazon_usa,SSD,B0DZ5TXBJT,"Crucial P510 PCIe Gen5 NVMe 2TB SSD with Heatsink, Up to 10,000MB/s, TLC NAND, Laptop & Desktop (PC) Compatible, for Gamers & Creatives, Solid State Drive – CT2000P510SSD5-01",352.62,102.52,2026-10-05,4.3,100,https://www.amazon.com/Crucial-Heatsink-Internal-Compatible-Software/dp/B0DZ5TXBJT,0.0,102.52
20261005_134359,2026-10-05T14:02:58.257957+00:00,amazon_usa,SSD,B0FPPVXVZK,"2TB PCIe 4.0 NVMe SSD, M.2 2280, Up to 7,400MB/s, Graphene Heatsink",303.12,88.13,2026-10-05,4.6,64,https://www.amazon.com/OSCOO-Graphene-Heatsink-Internal-Workstations/dp/B0FPPVXVZK,0.0,88.13
20261005_134359,2026-10-05T14:02:58.257957+00:00,amazon_usa,SSD,B0F3XJXMZ5,"Acer Predator GM9000 2TB SSD, PCIe Gen5x4 NVMe M.2 SSD, Up to 14,000MB/s, SLC + DRAM Cache, PCIe 5.0 Internal Solid State Drive, Compatible with Desktops Laptop PC AI Work",455.7,132.49,2026-10-05,4.6,40,https://www.amazon.com/Predator-GM9000-Internal-Compatible-Desktops/dp/B0F3XJXMZ5,0.0,132.49
20261005_134359,2026-10-05T14:02:58.257957+00:00,amazon_usa,SSD,B0DSK5WLPC,"fanxiang 2TB NVMe Internal Gaming SSD for PS5 with Heatsink, Up to 7100MB/s M.2 SSD PCIe Gen 4 SSD Storage Expansion Compatible with PS5, Internal Solid State Drive for Gamers, Professionals, Creators",333.43,96.94,2026-10-05,4.7,660,https://www.amazon.com/fanxiang-Internal-Expansion-Compatible-Professionals/dp/B0DSK5WLPC,0.0,96.94
20261005_134359,2026-10-05T14:02:58.257957+00:00,amazon_usa,SSD,B0GWDVDX1V,"KingSpec 2TB M.2 SSD 2280 NVMe PCIe 4.0 x4, Read/Write Speed up to 4000/3500MB/s, Internal M2 PCIe SSD Compatible with Gaming Console/Desktop/Gaming Laptop",248.54,72.26,2026-10-05,4.4,122,https://www.amazon.com/KingSpec-2280-Internal-Compatible-Console/dp/B0GWDVDX1V,0.0,72.26
20261005_134359,2026-10-05T14:02:58.257957+00:00,amazon_usa,SSD,B0C69R19Y3,"MOVE SPEED HB7450 2TB SSD for PS5 with Heatsink TLC NAND, PCIe 4.0 NVMe M.2 Internal Solid State Drive - Up to 7450MB/s, 3D Storage Expansion Compatible with PS5, Desktops and Laptops",303.12,88.13,2026-10-05,4.6,848,https://www.amazon.com/MOVE-SPEED-HB7450-Heatsink-Internal/dp/B0C69R19Y3,0.0,88.13
20261005_134359,2026-10-05T14:02:58.257957+00:00,amazon_usa,SSD,B0GJS98B1Q,"Sandisk Optimus 5100 1TB NVMe SSD, PCIe 4.0, M.2 2280",202.07,58.75,2026-10-05,4.7,163,https://www.amazon.com/Sandisk-Optimus-5100-NVMe-PCIe/dp/B0GJS98B1Q,0.0,58.75
20261005_134359,2026-10-05T14:02:58.257957+00:00,amazon_usa,SSD,B0FP9KL662,Crucial P510 2TB SSD G9 TLC NAND PCIE GEN 5 X4 NVME M.2 2280 Internal Solid State D,343.54,99.88,2026-10-05,4.4,20,https://www.amazon.com/Crucial-P510-NVMe-Internal-Gaming/dp/B0FP9KL662,0.0,99.88
20261005_134359,2026-10-05T14:02:58.257957+00:00,amazon_usa,SSD,B0GVYD6CFN,SSK 2TB Internal M.2 NVMe SSD 2280 PCIe Gen5 up to 14000MB/s Internal SSD,333.43,96.94,2026-10-05,5.0,3,https://www.amazon.com/SSK-Internal-NVMe-2280-14000MB/dp/B0GVYD6CFN,0.0,96.94
20261005_134359,2026-10-05T14:02:58.257957+00:00,amazon_usa,SSD,B0D61SDZD2,"Crucial P310 2TB M.2 2230 SSD, PCIe Gen4 NVMe, Up to 7,100MB/s, Ideal for Steam Deck, ASUS ROG Ally, MSI Claw, Mini PCs & Ultrabooks, Solid State Drive - CT2000P310SSD2",365.79,106.35,2026-10-05,4.7,2200,https://www.amazon.com/Crucial-2024-P310-PCIe-Gen4/dp/B0D61SDZD2,0.0,106.35
20261005_134359,2026-10-05T14:02:58.257957+00:00,amazon_usa,SSD,B0D7MKYNLX,"Western Digital 2TB WD Blue SN5000 NVMe Internal Solid State Drive SSD - PCIe Gen 4.0, M.2 2280, Up to 5,150 MB/s - WDS200T4B0E [New Generation]",303.12,88.13,2026-10-05,4.6,2900,https://www.amazon.com/Western-Digital-SN5000-Internal-Solid/dp/B0D7MKYNLX,0.0,88.13
20261005_134359,2026-10-05T14:02:58.257957+00:00,amazon_usa,SSD,B0F5WDRNX3,"Fikwot FX910 2TB M.2 NVMe SSD for PS5&PC, PCIe Gen4 2280 Gaming SSD with Heatsink, Up to 7300MB/s, Internal Solid State Drive",333.43,96.94,2026-10-05,4.7,384,https://www.amazon.com/Fikwot-FX910-Gaming-Heatsink-Internal/dp/B0F5WDRNX3,0.0,96.94
20261005_134359,2026-10-05T14:03:02.442763+00:00,amazon_usa,SSD,B0CT8VVDS8,fanxiang 2TB Gen5 NVMe M.2 SSD with Heatsink - Up to 12000 MB/s PCIe 5.0 SSD TLC Internal Gaming SSD Solid State Drive for DirectStorage/Video Editing/Design S900Pro,282.9,82.25,2026-10-05,3.8,23,https://www.amazon.com/fanxiang-Gen5-NVMe-Heatsink-DirectStorage/dp/B0CT8VVDS8,0.0,82.25
20261005_134359,2026-10-05T14:03:02.442763+00:00,amazon_usa,SSD,B0CRC7H66Z,"Samsung SSD 990 EVO 2TB, PCIe Gen 4x4 | 5x2 M.2 2280, Up to 5,000MB/s",402.15,116.92,2026-10-05,4.8,1300,https://www.amazon.com/Samsung-SSD-PCIe-2280-000MB/dp/B0CRC7H66Z,0.0,116.92
20261005_134359,2026-10-05T14:03:02.442763+00:00,amazon_usa,SSD,B09QV5KJHV,"WD_BLACK 2TB SN770 NVMe Internal Gaming SSD Solid State Drive - Gen4 PCIe, M.2 2280, Up to 5,150 MB/s - WDS200T3X0E - [Previous Generation]",444.59,129.26,2026-10-05,4.8,26200,https://www.amazon.com/WD_BLACK-SN770-Internal-Gaming-Solid/dp/B09QV5KJHV,0.0,129.26
20261005_134359,2026-10-05T14:03:02.442763+00:00,amazon_usa,SSD,B08CDM2HSS,"TEAMGROUP MP33 2TB SLC Cache 3D NAND TLC NVMe 1.3 PCIe Gen3x4 M.2 2280 Internal Solid State Drive SSD (Read/Write Speed up to 1,800/1,500 MB/s) Compatible with Laptop & PC Desktop TM8FP6002T0C101",252.6,73.44,2026-10-05,4.7,4500,https://www.amazon.com/TEAMGROUP-Internal-Compatible-Desktop-TM8FP6002T0C101/dp/B08CDM2HSS,0.0,73.44
20261005_134359,2026-10-05T14:03:02.442763+00:00,amazon_usa,SSD,B0DQBQZ9LX,"Crucial P310 2280 2TB PCIe Gen4 NVMe Gaming PS5 SSD with Heatsink, Up to 7,100MB/s, PlayStation5, Laptop & Desktop (PC) Compatible, Solid State Drive - CT2000P310SSD5-01",332.87,96.78,2026-10-05,4.8,1700,https://www.amazon.com/Crucial-Heatsink-PlayStation5-Desktop-Compatible/dp/B0DQBQZ9LX,0.0,96.78
20261005_134359,2026-10-05T14:03:02.442763+00:00,amazon_usa,SSD,B0B7CKZGN6,"WD_BLACK SN850X 2TB NVMe SSD with Heatsink - M.2 2280, Up to 7,300 MB/s Read speeds, Up to 6,300 MB/s write speeds, Gaming Expansion, High Performance Internal Solid State Drive - WDS200T2XHE",442.56,128.67,2026-10-05,4.8,8300,https://www.amazon.com/WD_BLACK-SN850X-Internal-Gaming-Heatsink/dp/B0B7CKZGN6,0.0,128.67
20261005_134359,2026-10-05T14:03:02.442763+00:00,amazon_usa,SSD,B0CWQP2VGH,TEAMGROUP T-Force G50 2TB SLC Caching 3D TLC NAND NVMe InnoGrit PCIe Gen4x4 M.2 2280 Gaming SSD with Ultra-Thin Graphene Heat Spreader Works with PS5 Read/Write 5000/4500 MB/s TM8FFE002T0C129,328.37,95.47,2026-10-05,4.7,277,https://www.amazon.com/TEAMGROUP-InnoGrit-ultra-thin-graphene-TM8FFE002T0C129/dp/B0CWQP2VGH,0.0,95.47
20261005_134359,2026-10-05T14:03:02.442763+00:00,amazon_usa,SSD,B0DX2GJ1YR,"Samsung SSD 9100 PRO 4TB, PCIe 5.0x4 M.2 2280, Up to 14,800MB/s",1111.47,323.15,2026-10-05,4.7,1800,https://www.amazon.com/Samsung-9100-PCIe-5-0x4-800MB/dp/B0DX2GJ1YR,0.0,323.15
20261005_134359,2026-10-05T14:03:02.442763+00:00,amazon_usa,SSD,B0GJSFFLXZ,"Sandisk Optimus 5100 500GB NVMe SSD, PCIe 4.0, M.2 2280",111.13,32.31,2026-10-05,4.7,163,https://www.amazon.com/Sandisk-Optimus-5100-500GB-NVMe/dp/B0GJSFFLXZ,0.0,32.31
20261005_134359,2026-10-05T14:03:02.442763+00:00,amazon_usa,SSD,B0BHJF2VRN,"Samsung SSD 990 PRO 1TB, PCIe 4.0 M.2 2280, Up to 7,450 MB/s",242.48,70.5,2026-10-05,4.7,13400,https://www.amazon.com/Samsung-SSD-990-PCIe-2280/dp/B0BHJF2VRN,0.0,70.5
20261005_134359,2026-10-05T14:03:02.442763+00:00,amazon_usa,SSD,B0GK1M1N4V,"Sandisk Optimus GX 7100 1TB NVMe SSD, PCIe 4.0, M.2 2280",201.07,58.46,2026-10-05,4.6,102,https://www.amazon.com/Sandisk-Optimus-7100-NVMe-SDSP71100TAN/dp/B0GK1M1N4V,0.0,58.46
20261005_134359,2026-10-05T14:03:02.442763+00:00,amazon_usa,SSD,B0FP5B6R9H,"Gigastone 2TB Game Turbo PCIe Gen4x4 SSD (2-Pack) Up to 7,300MB/s with SLC Caching Gaming/PC/Desktop/Laptop 5-Year Warranty M.2 NVMe PCIe 4.0 2280 Internal Solid State Drive",505.19,146.88,2026-10-05,4.7,47,https://www.amazon.com/Gigastone-Internal-Upgrade-Rendering-Creators/dp/B0FP5B6R9H,0.0,146.88
20261005_134359,2026-10-05T14:03:02.442763+00:00,amazon_usa,SSD,B0CK2TC9XQ,"Crucial T500 PCIe Gen4 NVMe 2TB SSD, Up to 7,400MB/s, TLC NAND, Laptop & Desktop (PC) Compatible, for Creatives and Gamers, Solid State Drive, Includes 1Mo Adobe CC – CT2000T500SSD8",421.85,122.65,2026-10-05,4.8,5500,https://www.amazon.com/Crucial-Internal-Gaming-Desktop-Compatible/dp/B0CK2TC9XQ,0.0,122.65
20261005_134359,2026-10-05T14:03:02.442763+00:00,amazon_usa,SSD,B0DHLBDSP7,"Samsung SSD 990 EVO Plus 4TB, PCIe Gen 4x4 | 5x2 M.2 2280, Up to 7,250 MB/s",676.48,196.68,2026-10-05,4.8,7000,https://www.amazon.com/Samsung-SSD-Plus-PCIe-2280/dp/B0DHLBDSP7,0.0,196.68
20261005_134359,2026-10-05T14:03:02.442763+00:00,amazon_usa,SSD,B0DPNNDB78,PNY CS2150 2TB PCIe Gen5 x4 NVMe M.2 2280 Internal SSD,373.87,108.7,2026-10-05,4.8,173,https://www.amazon.com/PNY-CS2150-Gen5-PCIe-M280CS2150-2TB-TB/dp/B0DPNNDB78,0.0,108.7
20261005_134359,2026-10-05T14:03:02.442763+00:00,amazon_usa,SSD,B0FL72QR63,"Fikwot FX995 Max M.2 NVMe SSD 2TB, PCIe 5.0, Up to 14000MB/s Internal Solid State Drive, Fast Heat Dissipation, Best for AI Applications, E-Sports Players, and Rendering Professionals, etc",282.9,82.25,2026-10-05,4.0,10,https://www.amazon.com/Fikwot-FX995-Max-Applications-Professionals/dp/B0FL72QR63,0.0,82.25
20261005_134359,2026-10-05T14:03:02.442763+00:00,amazon_usa,SSD,B0F9NS8VWT,"BIWIN Black Opal X570 Gen5 SSD 2TB, M.2 2280 PCIe 5.0 NVMe 2.0, Up to 14500 MB/s, Directstorage Compatible Internal PC Solid State Drive for Laptop, Desktop - BX570NN02TB-RGX",394.06,114.57,2026-10-05,4.4,100,https://www.amazon.com/BIWIN-Directstorage-Compatible-Internal-Desktop/dp/B0F9NS8VWT,0.0,114.57
20261005_134359,2026-10-05T14:03:02.442763+00:00,amazon_usa,SSD,B0F5WHF6F2,"Crucial P510 2TB 3D NAND NVMe PCIe 5.0 M.2 SSD up to 10,000 MB/s CT2000P510SSD8-JP",368.82,107.23,2026-10-05,4.5,9,https://www.amazon.com/Crucial-P510-NAND-NVMe-CT2000P510SSD8-JP/dp/B0F5WHF6F2,0.0,107.23
20261005_134359,2026-10-05T14:03:02.442763+00:00,amazon_usa,SSD,B0CM941D89,"fanxiang 2TB NVMe SSD PCIe Gen4 M.2 SSD for PS5, Up to 5000 MB/s, Internal Gaming 3D NAND SLC Cache Solid State Drive Upgrade Storage for PC/Laptops S690Q",301.09,87.54,2026-10-05,4.4,1400,https://www.amazon.com/fanxiang-Internal-Playstation-Upgrade-Storage/dp/B0CM941D89,0.0,87.54
20261005_134359,2026-10-05T14:03:02.442763+00:00,amazon_usa,SSD,B0CHGT1KFJ,"Samsung SSD 990 PRO 4TB, PCIe 4.0 M.2 2280, Up to 7,450 MB/s",999.45,290.58,2026-10-05,4.7,13400,https://www.amazon.com/Samsung-SSD-990-PCIe-2280/dp/B0CHGT1KFJ,0.0,290.58
20261005_134359,2026-10-05T14:03:02.442763+00:00,amazon_usa,SSD,B0CGF9T5P2,"Seagate Game Drive PS5 NVMe SSD for PS5 2TB Internal Solid State Drive - PCIe Gen4 NVMe 1.4, Officially Licensed, Up to 7300MB/s with Heatsink (ZP2000GP3A1001)",838.65,243.83,2026-10-05,4.6,229,https://www.amazon.com/Seagate-Drive-Internal-Solid-State/dp/B0CGF9T5P2,0.0,243.83
20261005_134359,2026-10-05T14:03:02.442763+00:00,amazon_usa,SSD,B09H2YHXDB,Inland 2TB Gaming NVMe SSD Internal Solid State Drive Optimized for PS5,331.4,96.35,2026-10-05,4.5,253,https://www.amazon.com/INLAND-Performance-Internal-7000MB-6850MB/dp/B09H2YHXDB,0.0,96.35
20261005_134359,2026-10-05T14:03:02.442763+00:00,amazon_usa,SSD,B0B3RQDGL7,WD_Black SN850X 2TB NVMe PCIe 4.0 x4 M.2 Internal Gaming SSD Without Heatsink,424.23,123.34,2026-10-05,4.9,25,https://www.amazon.com/WD_Black-SN850X-Internal-SSD-Heatsink/dp/B0B3RQDGL7,0.0,123.34
20261005_134359,2026-10-05T14:03:07.106629+00:00,amazon_usa,SSD,B0DBR3DZWG,Kingston NV3 1TB M.2 2280 NVMe SSD | PCIe 4.0 Gen 4x4 | Up to 6000 MB/s | SNV3S/1000G,158.63,46.12,2026-10-05,4.7,14000,https://www.amazon.com/Kingston-NV3-Solid-State-Drive/dp/B0DBR3DZWG,0.0,46.12
20261005_134359,2026-10-05T14:03:07.106629+00:00,amazon_usa,SSD,B0C7Z56JJ6,"Ediloca 2TB SSD NVMe M.2 2280 PCIe Gen4 x4 Internal Solid State Drive, 2TB NVME SSD Read Speed up to 7400MB/s, Dynamic SLC Cache, Compatible with PS5, Gaming PC, and Laptop(EN870)",303.12,88.13,2026-10-05,4.5,1100,https://www.amazon.com/Ediloca-EN870-Dynamic-Internal-Compatible/dp/B0C7Z56JJ6,0.0,88.13
20261005_134359,2026-10-05T14:03:07.106629+00:00,amazon_usa,SSD,B0CXXWB52R,"Fikwot FX660 2TB M.2 SSD, PCIe Gen 4x4 Dynamic SLC Cache - Speeds up to 5200MB/s M.2 2280 NVMe Internal SSD, Upgrade Storage for PC Computer, Laptop and PS5",303.12,88.13,2026-10-05,4.5,498,https://www.amazon.com/Fikwot-FX660-PCIe-Dynamic-Cache/dp/B0CXXWB52R,0.0,88.13
20261005_134359,2026-10-05T14:03:07.106629+00:00,amazon_usa,SSD,B0FVV6JX8X,PNY CS2241 2TB PCIe Gen4 x4 NVMe M.2 2280 Internal SSD Complete Upgrade Kit,285.93,83.13,2026-10-05,5.0,2,https://www.amazon.com/PNY-CS2241-PCIe-Upgrade-M280CS2241-2TBKIT-RB/dp/B0FVV6JX8X,0.0,83.13
20261005_134359,2026-10-05T14:03:07.106629+00:00,amazon_usa,SSD,B0FYF1TDX6,"Fikwot FN960 2TB M.2 NVMe SSD PCIe Gen4 x4 2280 Internal Solid State Drive with Heatsink, Up to 4,800MB/s, Dynamic SLC Cache, Compatible with PS5 Internal SSD",293.01,85.19,2026-10-05,4.7,78,https://www.amazon.com/Fikwot-FN960-Internal-Heatsink-Compatible/dp/B0FYF1TDX6,0.0,85.19
20261005_134359,2026-10-05T14:03:07.106629+00:00,amazon_usa,SSD,B0DHGQCYCG,"Addlink G55 2TB PCIe 5.0 Gen5 NVMe M.2 SSD- Up to 10,300 MB/s - PC Gaming Upgrade, Photography, Video Editing & Design - Internal Solid State Drive (ad2TBG55M2P)",348.04,101.19,2026-10-05,4.7,31,https://www.amazon.com/Addlink-PCIe-Gen5-NVMe-SSD/dp/B0DHGQCYCG,0.0,101.19
20261005_134359,2026-10-05T14:03:07.106629+00:00,amazon_usa,SSD,B0F18WJSX8,"Vansuny 2TB NVMe M.2 SSD,M2 2280 PCIe 4.0 Internal Solid State Drive,Read Up to 7300MB/s with Heatsink and Screwdrivers for PS5 Consoles PC Gaming Design",293.01,85.19,2026-10-05,4.4,71,https://www.amazon.com/Vansuny-2TB-NVMe-M-2-SSD/dp/B0F18WJSX8,0.0,85.19
20261005_134359,2026-10-05T14:03:07.106629+00:00,amazon_usa,SSD,B0D3PHZF13,"TEAMGROUP T-Force GA PRO 2TB SSD Patented Graphene Heatsink DRAM SLC Cache 3D TLC NAND NVMe InnoGrit PCIe Gen5x4 M.2 2280 Internal SSD Read/Write 10,000/8,500 MB/s TM8FFJ002T0C129",335.45,97.53,2026-10-05,3.7,9,https://www.amazon.com/TEAMGROUP-Graphene-Heatsink-InnoGrit-TM8FFJ002T0C129/dp/B0D3PHZF13,0.0,97.53
20261005_134359,2026-10-05T14:03:07.106629+00:00,amazon_usa,SSD,B08RK2SR23,"Samsung 980 PRO SSD 2TB PCIe NVMe Gen 4 Gaming M.2 Internal Solid State Drive Memory Card, Maximum Speed, Thermal Control MZ-V8P2T0B/AM",449.61,130.72,2026-10-05,4.8,28100,https://www.amazon.com/SAMSUNG-Internal-Gaming-MZ-V8P2T0B-AM/dp/B08RK2SR23,0.0,130.72
20261005_134359,2026-10-05T14:03:07.106629+00:00,amazon_usa,SSD,B0DV32WGWM,Crucial P310 - SSD - 2 TB - Internal - M.2 2280 - PCIe 4.0 x4 (NVMe) - Integrated Heatsink,331.43,96.36,2026-10-05,4.8,10,https://www.amazon.com/Crucial-P310-Internal-Integrated-Heatsink/dp/B0DV32WGWM,0.0,96.36
20261005_134359,2026-10-05T14:03:07.106629+00:00,amazon_usa,SSD,B0FBM9B4LH,DATO Gen4 SSD with Heatsink 2TB NVMe PCIe 4.0 M.2 2280 Up to 7200/6850MB/s High Performance SSD for Gaming Creation – Ares Dark Sword Lite,262.71,76.38,2026-10-05,4.6,29,https://www.amazon.com/DATO-Heatsink-6850MB-Performance-Creation/dp/B0FBM9B4LH,0.0,76.38
20261005_134359,2026-10-05T14:03:07.106629+00:00,amazon_usa,SSD,B0G2G7P5FC,"WD_Black 2TB SN7100X NVMe SSD - Built for ROG Xbox Ally (X) & PC, Read Speeds Up to 7,250MB/s, Internal Solid State Drive, Officially Licensed for ROG Xbox Ally (X) Gaming - WDBELH0020BBK-WRSN",333.43,96.94,2026-10-05,4.7,22,https://www.amazon.com/WD_Black-2TB-SN7100X-NVMe-WDBELH0020BBK-WRSN/dp/B0G2G7P5FC,0.0,96.94
20261005_134359,2026-10-05T14:03:07.106629+00:00,amazon_usa,SSD,B0D3HDJDNM,"KLEVV CRAS C910 2TB M.2 2280 NVMe PCIe Gen4x4 Laptop & Desktop Internal SSD Heatsink Included, up to 5200MB/s (K02TBM2SP0-C91)",279.87,81.37,2026-10-05,4.3,1000,https://www.amazon.com/KLEVV-Internal-Heatsink-Included-K02TBM2SP0-C91/dp/B0D3HDJDNM,0.0,81.37
20261005_134359,2026-10-05T14:03:07.106629+00:00,amazon_usa,SSD,B0DHLFWBQ1,"Samsung SSD 990 EVO Plus 1TB, PCIe Gen 4x4 | 5x2 M.2 2280, Up to 7,150 MB/s",235.67,68.52,2026-10-05,4.8,7000,https://www.amazon.com/Samsung-SSD-Plus-PCIe-2280/dp/B0DHLFWBQ1,0.0,68.52
20261005_134359,2026-10-05T14:03:07.106629+00:00,amazon_usa,SSD,B0DMHYRWG1,"Western Digital 2TB WD Green SN3000 NVMe Internal SSD - Solid State Drive - Gen4 PCIe, M.2 2280, Up to 5,000 MB/s - WDS200T4G0E",277.84,80.78,2026-10-05,4.6,59,https://www.amazon.com/Western-Digital-Green-SN3000-Internal/dp/B0DMHYRWG1,0.0,80.78
20261005_134359,2026-10-05T14:03:07.106629+00:00,amazon_usa,SSD,B0H2F2GMT6,"KingSpec 2TB M.2 NVMe PCIe Gen4 SSD - Up to 7400MB/s Read, Championship Edition, 3D NAND Flash, Ideal for PS5, Gaming PC & Laptop Upgrade",268.73,78.13,2026-10-05,4.7,76,https://www.amazon.com/KingSpec-2TB-NVMe-PCIe-Gen4/dp/B0H2F2GMT6,0.0,78.13
20261005_134359,2026-10-05T14:03:07.106629+00:00,amazon_usa,SSD,B0H1CLMJL6,"BIWIN M560 NVMe Gen5 SSD 2TB, PCIe 5.0, M.2 2280, Read Speeds Up to 11000MB/s, Internal Solid State Drive for Laptop and Desktop PC - BM560NN02TB-RGX",383.95,111.63,2026-10-05,4.0,1,https://www.amazon.com/BIWIN-M560-11000MB-Internal-Desktop/dp/B0H1CLMJL6,0.0,111.63
20261005_134359,2026-10-05T14:03:07.106629+00:00,amazon_usa,SSD,B0DKH285B6,Crucial P310 M.2 2280 2TB PCI-Express 4.0 x4 NVMe 3D NAND Internal Solid State Drive (SSD) CT2000P310SSD8,312.72,90.92,2026-10-05,4.7,77,https://www.amazon.com/Crucial-PCI-Express-Internal-Solid-CT2000P310SSD8/dp/B0DKH285B6,0.0,90.92
20261005_134359,2026-10-05T14:03:07.106629+00:00,amazon_usa,SSD,B0FLXY32MT,"Ediloca EN880E M.2 SSD 2TB NVMe SSD M2 2280 PCIe Gen 4x4, Read Up to 7100MB/s, Internal Solid State Drive for Laptop Desktop",303.12,88.13,2026-10-05,4.3,163,https://www.amazon.com/Ediloca-EN880E-7100MB-Internal-Desktop/dp/B0FLXY32MT,0.0,88.13
20261005_134359,2026-10-05T14:03:07.106629+00:00,amazon_usa,SSD,B0DVCCJQ4K,Corsair MP600 CORE XT 2TB M.2 PCIe Gen4 NVMe SSD – Up to 5900MB/s – QLC NAND – M.2 2280 – for PCIe 4.0 Notebooks and Desktops – Black,310.21,90.19,2026-10-05,4.6,368,https://www.amazon.com/Corsair-MP600-CORE-PCIe-Gen4/dp/B0DVCCJQ4K,0.0,90.19
20261005_134359,2026-10-05T14:03:07.106629+00:00,amazon_usa,SSD,B0DKF6MRHK,"ORICO 2TB NVMe SSD PCIe 4.0- Up to 7400MB/s, M.2 2280 PCIe 4.0X4 Internal Solid State Drive, Fast Heat Dissipation, Compatible with macOS Windows for Gamers and Creators-e7400",303.12,88.13,2026-10-05,4.7,748,https://www.amazon.com/ORICO-Internal-Dissipation-Compatible-Creators-e7400/dp/B0DKF6MRHK,0.0,88.13
20261005_134359,2026-10-05T14:03:12.001419+00:00,amazon_usa,SSD,B0GTZB9SFN,"2TB M.2 NVMe SSD 2280, PCIe Gen3 x4 Internal Solid State Drive, Up to 3200MB/s, 3D NAND Flash with SLC Cache, High-Speed Storage Upgrade for Laptop & Desktop PC",252.6,73.44,2026-10-05,4.5,2,https://www.amazon.com/Lufasnd-Internal-High-Speed-Storage-Upgrade/dp/B0GTZB9SFN,0.0,73.44
20261005_134359,2026-10-05T14:03:12.001419+00:00,amazon_usa,SSD,B0GRCH7ZKG,"SABRENT Rocket 2242 4TB NVMe SSD, PCIe 4.0 M.2, 7300MB/s (SB-2742-4TB)",778.5,226.34,2026-10-05,4.4,14,https://www.amazon.com/SABRENT-Rocket-2242-7300MB-SB-2742-4TB/dp/B0GRCH7ZKG,0.0,226.34
20261005_134359,2026-10-05T14:03:12.001419+00:00,amazon_usa,SSD,B0B7CQ2CHH,"WD_BLACK SN850X 4TB NVMe SSD - M.2 2280, Up to 7,300 MB/s Read speeds, Up to 6,300 MB/s write speeds, Gaming Expansion, High Performance Internal Solid State Drive - WDS400T2X0E",707.3,205.64,2026-10-05,4.7,3700,https://www.amazon.com/WD_BLACK-SN850X-Internal-Gaming-Solid/dp/B0B7CQ2CHH,0.0,205.64
20261005_134359,2026-10-05T14:03:12.001419+00:00,amazon_usa,SSD,B0FJ8QFWBQ,"WD Blue SN5100 1TB NVMe SSD - M.2 2280, PCIe Gen 4.0, Internal Solid State Drive - Read Speeds Up to 7,100MB/s, Upgrade Storage for PC/Laptops - WDS100T5B0E",169.74,49.35,2026-10-05,4.8,928,https://www.amazon.com/Blue-SN5100-1TB-NVMe-SSD/dp/B0FJ8QFWBQ,0.0,49.35
20261005_134359,2026-10-05T14:03:12.001419+00:00,amazon_usa,SSD,B0FP9P3WTY,Crucial T710 2 TB Solid State Drive - M.2 2280 Internal - PCI Express NVMe (PCI Express NVMe 5.0 x4) - Gaming Console Device Supported - 1200 TB TBW - Retail,437.16,127.1,2026-10-05,3.4,3,https://www.amazon.com/Crucial-T710-Solid-State-Drive/dp/B0FP9P3WTY,0.0,127.1
20261005_134359,2026-10-05T14:03:12.001419+00:00,amazon_usa,SSD,B0DJ1D4GTY,"Corsair MP600 Micro 2TB M.2 NVMe PCIe x4 Gen4 SSD – M.2 2242 – Up to 7,000MB/sec Sequential Read – High-Density 3D TLC NAND – Compatible with Lenovo Legion Go and Thin PCIe 4.0 Laptops – Black",563.32,163.78,2026-10-05,4.8,328,https://www.amazon.com/Corsair-MP600-Micro-NVMe-PCIe/dp/B0DJ1D4GTY,0.0,163.78
20261005_134359,2026-10-05T14:03:12.001419+00:00,amazon_usa,SSD,B0G1SLQN8Y,"KingSpec 2TB M.2 Gen5 NVMe SSD 2280 Internal Solid State Drive | Up to 14,000MB/s Read Speed for Gaming PC, Video Editing, Content Creation, PS5 Compatible",319.25,92.82,2026-10-05,4.6,9,https://www.amazon.com/KingSpec-Internal-Editing-Creation-Compatible/dp/B0G1SLQN8Y,0.0,92.82
20261005_134359,2026-10-05T14:03:12.001419+00:00,amazon_usa,SSD,B0C3K2WRPV,"Crucial T700 PCIe Gen5 NVMe 2TB SSD with Heatsink, Up to 12,400MB/s, TLC NAND, Intel & Ryzen Compatible, for Hardcore Gaming & High-Speed Storage, Solid State Drive - CT2000T700SSD5",377.38,109.72,2026-10-05,4.6,587,https://www.amazon.com/Crucial-Heatsink-Compatible-Hardcore-High-Speed/dp/B0C3K2WRPV,0.0,109.72
20261005_134359,2026-10-05T14:03:12.001419+00:00,amazon_usa,SSD,B0GJ2YDBLX,"Bestoss 2TB PCIe4.0 NVMe M.2 2280 SSD with Heatsink, PS5 Storage, 7350MB/s",338.48,98.41,2026-10-05,4.7,96,https://www.amazon.com/Bestoss-PCIe4-0-Heatsink-Storage-7350MB/dp/B0GJ2YDBLX,0.0,98.41
20261005_134359,2026-10-05T14:03:12.001419+00:00,amazon_usa,SSD,B0CB86YNPD,"Gigastone M.2 SSD 2TB PCIe 4.0 NVMe SSD PS5, Turbo Speed 5,000MB/s, Internal Gaming Storage for PC/Laptop, Ideal Gamers, Video Editing and Creators",424.37,123.38,2026-10-05,4.6,12,https://www.amazon.com/Gigastone-Internal-Expansion-Graphics-Creators/dp/B0CB86YNPD,0.0,123.38
20261005_134359,2026-10-05T14:03:12.001419+00:00,amazon_usa,SSD,B0HGZ1BF9P,"SAMSUN6 NVMe SSD 990 PRO 2TB, PCIe 4.0, M.2 2280, Up to 7,450 MB/s Read",383.95,111.63,2026-10-05,0.0,0,https://www.amazon.com/SAMSUN6-NVMe-PCIe-2280-Read/dp/B0HGZ1BF9P,0.0,111.63
20261005_134359,2026-10-05T14:03:12.001419+00:00,amazon_usa,SSD,B0BJL8DWW3,Kingston Fury Renegade 4TB PCIe Gen 4.0 NVMe M.2 Internal Gaming SSD with Heat Sink | PS5 Ready | Up to 7300MB/s | SFYRDK/4000G,853.82,248.24,2026-10-05,4.8,1500,https://www.amazon.com/Kingston-Renegade-Internal-SFYRDK-4000G/dp/B0BJL8DWW3,0.0,248.24
20261005_134359,2026-10-05T14:03:12.001419+00:00,amazon_usa,SSD,B0GF2BLZ98,"Seagate FireCuda X1070 2TB Internal Solid State Drive SSD - M.2 PCIe Gen4 3D QLC NAND Technology, Rescue Services (ZP2000GS3A001)",464.78,135.13,2026-10-05,0.0,0,https://www.amazon.com/Seagate-FireCuda-X1070-Internal-Solid/dp/B0GF2BLZ98,0.0,135.13
20261005_134359,2026-10-05T14:03:12.001419+00:00,amazon_usa,SSD,B0CZQN5K45,"Gigastone 【NAS Certified】 2TB High Endurance M.2 SSD (2-Pack) for Data Cache and Fast Boot, NVMe PCIe Gen3 Up to 2600MB/s, TLC Flash with SLC Caching, 24/7 Reliable for Gaming/PC/NAS, 5-Year Warranty",838.65,243.83,2026-10-05,3.9,13,https://www.amazon.com/Gigastone-Enterprise-Endurance-Attached-Business/dp/B0CZQN5K45,0.0,243.83
20261005_134359,2026-10-05T14:03:12.001419+00:00,amazon_usa,SSD,B0D9WT512W,"WD_Black SN850X 8TB NVMe SSD - M.2 2280, Up to 7,300 MB/s Read speeds, Up to 6,300 MB/s Write speeds, Gaming Expansion, High Performance Internal Solid State Drive - WDS800T2X0E",1768.25,514.1,2026-10-05,4.3,433,https://www.amazon.com/WD_BLACK-SN850X-Internal-Gaming-Solid/dp/B0D9WT512W,0.0,514.1
20261005_134359,2026-10-05T14:03:12.001419+00:00,amazon_usa,SSD,B0G8R1Y2K9,KIOXIA EXCERIA G3 – 2TB PCIe 5.0 M.2 2280 NVMe SSD,433.48,126.03,2026-10-05,4.5,16,https://www.amazon.com/KIOXIA-Exceria-G3-2TB-NVMe/dp/B0G8R1Y2K9,8.0,134.03
20261005_134359,2026-10-05T14:03:12.001419+00:00,amazon_usa,SSD,B0GYF48J98,"fanxiang 1TB PCIe 5.0 NVMe M.2 SSD,Up to 14000 MB/s,High Performance Solid State Drive for 8K Video Editing, AI Training,Gaming, PC, Laptop",202.07,58.75,2026-10-05,4.8,39,https://www.amazon.com/fanxiang-Performance-Editing-Training-Gaming/dp/B0GYF48J98,0.0,58.75
20261005_134359,2026-10-05T14:03:12.001419+00:00,amazon_usa,SSD,B0FTRVVW1T,"Corsair MP700 PRO SE with Air Cooler 2TB PCIe 5.0 x4 NVMe 2.0 M.2 SSD – M.2 2280 – Up to 14,000MB/sec Sequential Read – High-Density 3D TLC NAND – Black (Renewed)",350.62,101.94,2026-10-05,5.0,1,https://www.amazon.com/Corsair-MP700-PRO-SE-Cooler/dp/B0FTRVVW1T,0.0,101.94
20261005_134359,2026-10-05T14:03:12.001419+00:00,amazon_usa,SSD,B0FD2P1L37,Kingston NV3 2TB M.2 2230 NVMe SSD | Up to 6000MB/s | SNV3SM3/2T0,399.88,116.26,2026-10-05,4.7,392,https://www.amazon.com/Kingston-NV3-2230-NVMe-6000MB-SNV3SM3/dp/B0FD2P1L37,0.0,116.26
20261005_134359,2026-10-05T14:03:12.001419+00:00,amazon_usa,SSD,B0FLJ7SSC2,"Ediloca 2TB NVMe M.2 SSD PCIe Gen 3x4, Up to 2150MB/s Read, M.2 2280 Internal Solid State Drive, Dynamic SLC Cache, Compatible with PC, Desktop and Laptops(EN680E)",252.6,73.44,2026-10-05,4.6,301,https://www.amazon.com/Ediloca-Internal-Dynamic-Compatible-Desktop/dp/B0FLJ7SSC2,0.0,73.44
20261005_134359,2026-10-05T14:03:12.001419+00:00,amazon_usa,SSD,B0H85XZRVP,2TB NVMe SSD M.2 2280 PCIe Gen4 for PS5 Expansion 7300MB/s,319.29,92.83,2026-10-05,0.0,0,https://www.amazon.com/Lufasnd-NVMe-2280-Expansion-7300MB/dp/B0H85XZRVP,0.0,92.83
20261005_134359,2026-10-05T14:03:22.406446+00:00,amazon_usa,SSD,B0C3ZJ8T6F,"Acer Predator GM7 1TB SSD: M.2 2280 PCIe Gen 4 x4 NVMe 2.0, Read Speed Up to 7400 MB/s, Internal PC Solid State Drive for Laptop, Desktop and PS5 - BL.9BWWR.118",181.88,52.88,2026-10-05,4.7,677,https://www.amazon.com/Predator-GM7-1TB-SSD-BL-9BWWR-118/dp/B0C3ZJ8T6F,0.0,52.88
20261005_134359,2026-10-05T14:03:22.406446+00:00,amazon_usa,SSD,B0DC8VPSHV,"Crucial P310 1TB SSD, PCIe Gen4 NVMe M.2 2280, Up to 7,100MB/s, for Laptop, Desktop (PC), & Handheld Gaming Consoles, Includes Acronis Data Recovery Software, Solid State Drive - CT1000P310SSD801 Glob",171.87,49.97,2026-10-05,4.7,11200,https://www.amazon.com/Crucial-P310-2280-PCIe-Gen4/dp/B0DC8VPSHV,8.0,57.97
20261005_134359,2026-10-05T14:03:22.406446+00:00,amazon_usa,SSD,B0BTDP6P7Y,Patriot P400 Lite 1TB PCIe Gen 4 x4 SSD,151.54,44.06,2026-10-05,4.6,214,https://www.amazon.com/Patriot-P400-Solid-State-Drive/dp/B0BTDP6P7Y,0.0,44.06
20261005_134359,2026-10-05T14:03:22.406446+00:00,amazon_usa,SSD,B0DN7CYYSD,"WD_Black SN7100 1TB NVMe SSD - Gen4 PCIe, M.2 2280, Up to 7,250 MB/s Read Speed, Up to 6,900 MB/s Write Speed, Next Gen TLC 3D NAND, for Laptops, Handheld Gaming Devices - WDS100T4X0E",201.07,58.46,2026-10-05,4.8,6500,https://www.amazon.com/WD_BLACK-SN7100-Internal-Gaming-Solid/dp/B0DN7CYYSD,0.0,58.46
20261005_134359,2026-10-05T14:03:22.406446+00:00,amazon_usa,SSD,B0B217LZBG,"Silicon Power 1TB UD90 NVMe 4.0 Gen4 PCIe M.2 SSD R/W up to 5,000/4,800 MB/s (SP01KGBP44UD9005)",181.85,52.87,2026-10-05,4.4,3600,https://www.amazon.com/Silicon-Power-UD90-NVMe-SP01KGBP44UD9005/dp/B0B217LZBG,0.0,52.87
20261005_134359,2026-10-05T14:03:22.406446+00:00,amazon_usa,SSD,B07ZGJVTZK,Silicon Power 1TB - NVMe M.2 PCIe Gen3x4 2280 SSD (SP001TBP34A60M28),157.6,45.82,2026-10-05,4.6,4200,https://www.amazon.com/Silicon-Power-NVMe-Gen3x4-SP001TBP34A60M28/dp/B07ZGJVTZK,0.0,45.82
20261005_134359,2026-10-05T14:03:22.406446+00:00,amazon_usa,SSD,B0CGKPPZY9,"Lexar 1TB NM790 NVMe SSD w/Heatsink, 7400/6500 MB/s, M.2 2280, PCIe Gen 4x4",190.45,55.37,2026-10-05,4.8,1300,https://www.amazon.com/Lexar-Heatsink-Internal-Compatible-LNM790X001T-RN9NU/dp/B0CGKPPZY9,0.0,55.37
20261005_134359,2026-10-05T14:03:22.406446+00:00,amazon_usa,SSD,B0H67RTS5D,"SUNEAST 1TB SSD M.2 2280 PCIe Gen4.0 NVMe Internal SSD, Up to 7000MB/s Read",154.57,44.94,2026-10-05,4.5,9,https://www.amazon.com/SUNEAST-2280-Gen4-0-Internal-7000MB/dp/B0H67RTS5D,0.0,44.94
20261005_134359,2026-10-05T14:03:22.406446+00:00,amazon_usa,SSD,B0FGPTY5PJ,"SIX X4000 1TB M.2 SSD PCIe Gen3x4 NVME SSD Solid State Drive - Up to 3400MB/s Read, 2600MB/s Write",151.54,44.06,2026-10-05,4.4,65,https://www.amazon.com/SIX-SSD-Storage-Internal-Solid/dp/B0FGPTY5PJ,0.0,44.06
20261005_134359,2026-10-05T14:03:22.406446+00:00,amazon_usa,SSD,B0DQ9K7S1Q,"Crucial P310 2280 1TB PCIe Gen4 NVMe Gaming PS5 SSD with Heatsink, Up to 7,100MB/s, PlayStation5, Laptop & Desktop (PC) Compatible, Solid State Drive - CT1000P310SSD5-01",185.9,54.05,2026-10-05,4.8,1700,https://www.amazon.com/Crucial-Heatsink-PlayStation5-Desktop-Compatible/dp/B0DQ9K7S1Q,0.0,54.05
20261005_134359,2026-10-05T14:03:22.406446+00:00,amazon_usa,SSD,B0DWFPJSQB,"1TB NVMe SSD M.2 PCIe4.0 Gen 4×4, M.2 2280 Internal Gaming SSD, Seq. Read Speeds Up to 7,400 MB/s SLC Cache 3D NAND TLC Internal Solid State Drive Compatible with PS5 High End Computing Gaming",154.57,44.94,2026-10-05,4.7,36,https://www.amazon.com/RONGSHU-PCIe4-0-Internal-Computing-RP7000/dp/B0DWFPJSQB,0.0,44.94
20261005_134359,2026-10-05T14:03:22.406446+00:00,amazon_usa,SSD,B0D5M5D2XP,"fanxiang 1TB NVMe SSD PCIe Gen 4 Gaming SSD for PS5, Up to 7000MB/s M.2 2280 SSD Compatible with PS5 Storage Expansion, Internal Solid State Drive for Gamers, Professionals, Creators S880E",171.77,49.94,2026-10-05,4.7,1100,https://www.amazon.com/fanxiang-Compatible-Internal-Professionals-S880E/dp/B0D5M5D2XP,0.0,49.94
20261005_134359,2026-10-05T14:03:22.406446+00:00,amazon_usa,SSD,B0D4YN1K8G,"Fikwot FX991 M.2 SSD 1TB NVMe SSD M2 2280 PCIe Gen 4x4, Read Up to 7000MB/s, Internal Solid State Drive for PS5 Laptop Desktop 3D QLC NAND",171.77,49.94,2026-10-05,4.6,2800,https://www.amazon.com/Fikwot-FX991-7100MB-Internal-Desktop/dp/B0D4YN1K8G,0.0,49.94
20261005_134359,2026-10-05T14:03:26.539301+00:00,amazon_usa,SSD,B0BNQ1NXC3,"fanxiang S660 PCIe 4.0 1TB NVMe M.2 SSD for PS5 with Heatsink, Up to 5000MB/s, Internal Gaming SSD NAND SLC Cache Suitable for PS5 Enthusiasts, Technology Enthusiasts, IT Professionals",171.77,49.94,2026-10-05,4.6,3700,https://www.amazon.com/fanxiang-S660-Internal-Solid-State/dp/B0BNQ1NXC3,0.0,49.94
20261005_134359,2026-10-05T14:03:26.539301+00:00,amazon_usa,SSD,B082BX6999,Patriot P300 M.2 PCIe Gen 3 x4 1TB Low-Power Consumption SSD,146.49,42.59,2026-10-05,4.6,5400,https://www.amazon.com/Patriot-P300-PCIe-Power-Consumption/dp/B082BX6999,0.0,42.59
20261005_134359,2026-10-05T14:03:26.539301+00:00,amazon_usa,SSD,B0B9Y3DB2K,TEAMGROUP MP44L 1TB SLC Cache NVMe 1.4 PCIe Gen 4x4 M.2 2280 Laptop&Desktop SSD (R/W Speed up to 5000/4500MB/s) TM8FPK001T0C101,176.82,51.41,2026-10-05,4.7,614,https://www.amazon.com/TEAMGROUP-MP44L-Laptop-Desktop-TM8FPK001T0C101/dp/B0B9Y3DB2K,0.0,51.41
20261005_134359,2026-10-05T14:03:26.539301+00:00,amazon_usa,SSD,B0GP8YND8T,"Sandisk Optimus GX 7100M 1TB NVMe SSD, PCIe 4.0, M.2 2230",232.37,67.56,2026-10-05,4.3,25,https://www.amazon.com/Sandisk-Optimus-7100M-NVMe-PCIe/dp/B0GP8YND8T,0.0,67.56
20261005_134359,2026-10-05T14:03:26.539301+00:00,amazon_usa,SSD,B0H3Q1YLJ9,"DIGIERA LNV480 1TB PCIe Gen 4.0x4 NVMe M.2 2280 Internal SSD, Up to 5100MB/s Read 4500MB/s Write, High-Speed Storage for Gaming & Professional Workloads Laptop Desktop PC",145.49,42.3,2026-10-05,5.0,2,https://www.amazon.com/DIGIERA-Internal-High-Speed-Professional-Workloads/dp/B0H3Q1YLJ9,0.0,42.3
20261005_134359,2026-10-05T14:03:26.539301+00:00,amazon_usa,SSD,B0CM8RVVG1,"Fanxiang 1TB NVMe SSD PCIe Gen4 M.2 Internal Gaming SSD for PS5, Up to 4800 MB/s, 3D NAND SLC Cache Solid State Drive Upgrade Storage for PC/Laptops S690Q",169.74,49.35,2026-10-05,4.4,1400,https://www.amazon.com/fanxiang-Internal-Playstation-Upgrade-S690Q/dp/B0CM8RVVG1,0.0,49.35
20261005_134359,2026-10-05T14:03:26.539301+00:00,amazon_usa,SSD,B0FGQ6WD1Q,"SIX NVME M.2 SSD 1TB - PCIe gen 5.0x4 X15000 M.2 2280, Seq. Speed Up to 14,300MB/s,AI Computering Gaming by Internal Solid State Hard Drive for Laptop/Desktop PC Nvme m2 PCIe 5 1TB with Heatsink",202.07,58.75,2026-10-05,4.6,802,https://www.amazon.com/SIX-NVME-M-2-SSD-1TB/dp/B0FGQ6WD1Q,0.0,58.75
20261005_134359,2026-10-05T14:03:26.539301+00:00,amazon_usa,SSD,B0DQSJYD12,"Crucial E100 1TB M.2 NVMe PCIe Gen4 Internal SSD, Up to 5,000MB/s, Laptop & Desktop Compatible - CT1000E100SSD8",159.73,46.44,2026-10-05,4.5,1000,https://www.amazon.com/Crucial-Internal-Laptop-Desktop-Compatible/dp/B0DQSJYD12,0.0,46.44
20261005_134359,2026-10-05T14:03:26.539301+00:00,amazon_usa,SSD,B0DMHKPC6J,"Western Digital 1TB WD Green SN3000 NVMe Internal SSD - Solid State Drive - Gen4 PCIe, M.2 2280, Up to 5,000 MB/s - WDS100T4G0E",151.54,44.06,2026-10-05,4.7,182,https://www.amazon.com/Western-Digital-Green-SN3000-Internal/dp/B0DMHKPC6J,0.0,44.06
20261005_134359,2026-10-05T14:03:26.539301+00:00,amazon_usa,SSD,B0FLXZV2CM,"Ediloca EN880E M.2 SSD 1TB NVMe SSD M2 2280 PCIe Gen 4x4, Read Up to 7100MB/s, Internal Solid State Drive for Laptop Desktop",156.6,45.53,2026-10-05,4.3,163,https://www.amazon.com/Ediloca-EN880E-7100MB-Internal-Desktop/dp/B0FLXZV2CM,0.0,45.53
20261005_134359,2026-10-05T14:03:26.539301+00:00,amazon_usa,SSD,B0DM1R7KHZ,"BIWIN Black Opal NV7400 1TB SSD Gen4x4, Read Speed up to 7450MB/s, NVMe M.2 2280 PCIe 4.0 Internal PC Solid State Drive for Laptop/Desktop/PS5",176.82,51.41,2026-10-05,4.7,923,https://www.amazon.com/BIWIN-NV7400-Gen4x4-Internal-Desktop/dp/B0DM1R7KHZ,0.0,51.41
20261005_134359,2026-10-05T14:03:26.539301+00:00,amazon_usa,SSD,B08GJBTCF6,"Timetec 1TB SSD NVMe PCIe Gen3x4 8Gb/s M.2 2280 3D NAND High Performance SLC Cache Read/Write Speed Up to 2,000/1,600 MB/s Internal Solid State Drive for PC Laptop and Desktop (1TB)",141.47,41.13,2026-10-05,4.6,1400,https://www.amazon.com/Timetec-Gen3x4-Performance-Internal-Desktop/dp/B08GJBTCF6,0.0,41.13
20261005_134359,2026-10-05T14:03:26.539301+00:00,amazon_usa,SSD,B0C9213GBX,"Lexar 1TB NM790 Internal NVMe SSD, 7400/6500 MB/s, M.2 2280, PCIe Gen 4x4",191.96,55.81,2026-10-05,4.8,1200,https://www.amazon.com/Lexar-Internal-Compatible-Creators-LNM790X001T-RNNNU/dp/B0C9213GBX,0.0,55.81
20261005_134359,2026-10-05T14:03:26.539301+00:00,amazon_usa,SSD,B0F9T2R6MQ,"KOOTION 1TB NVMe Internal SSD PCIe 3.0, M.2 2280 NVMe Gen 3 Internal Solid State Drive Up to 3500MB/s, Less Heat for PC/Laptop",151.54,44.06,2026-10-05,4.4,60,https://www.amazon.com/KOOTION-Internal-Solid-3500MB-Laptop/dp/B0F9T2R6MQ,0.0,44.06
20261005_134359,2026-10-05T14:03:26.539301+00:00,amazon_usa,SSD,B0B7CKVCCV,"WD_BLACK SN850X 1TB NVMe SSD - M.2 2280, Up to 7,300 MB/s Read speeds, Up to 6,300 MB/s write speeds, Gaming Expansion, High Performance Internal Solid State Drive - WDS100T2X0E",251.53,73.13,2026-10-05,4.8,6500,https://www.amazon.com/WD_BLACK-SN850X-Internal-Gaming-Solid/dp/B0B7CKVCCV,0.0,73.13
20261005_134359,2026-10-05T14:03:26.539301+00:00,amazon_usa,SSD,B0FLJDY4VM,"Ediloca 1TB NVMe M.2 SSD PCIe Gen 3x4, Up to 2150MB/s Read, M.2 2280 Internal Solid State Drive, Dynamic SLC Cache, Compatible with PC, Desktop and Laptops(EN680E)",143.46,41.71,2026-10-05,4.6,301,https://www.amazon.com/Ediloca-Internal-Dynamic-Compatible-Desktop/dp/B0FLJDY4VM,0.0,41.71
20261005_134359,2026-10-05T14:03:26.539301+00:00,amazon_usa,SSD,B0FW3Y7ZVD,PNY CS2241 1TB PCIe Gen4 x4 NVMe M.2 2280 Internal SSD Complete Upgrade Kit,168.74,49.06,2026-10-05,4.6,10,https://www.amazon.com/PNY-CS2241-PCIe-Upgrade-M280CS2241-1TBKIT-RB/dp/B0FW3Y7ZVD,0.0,49.06
20261005_134359,2026-10-05T14:03:26.539301+00:00,amazon_usa,SSD,B0H2DXH6HR,"KingSpec 1TB M.2 NVMe PCIe Gen4 SSD - Up to 7400MB/s Read, Championship Edition, 3D NAND Flash, Ideal for PS5, Gaming PC & Laptop Upgrade",155.57,45.23,2026-10-05,4.7,76,https://www.amazon.com/KingSpec-1TB-NVMe-PCIe-Gen4/dp/B0H2DXH6HR,0.0,45.23
20261005_134359,2026-10-05T14:03:26.539301+00:00,amazon_usa,SSD,B0C9D8FHHF,"Fikwot FN955 1TB NVMe SSD M.2 2280 PCIe Gen4x4, Up to 7300MB/s, 3D NAND TLC Flash Internal Solid State Drive, Configure SLC Cache, Storage and Memory Expansion for PS5 Laptop Desktop",177.82,51.7,2026-10-05,4.6,1200,https://www.amazon.com/Fikwot-FN955-Internal-Solid-State/dp/B0C9D8FHHF,0.0,51.7
20261005_134359,2026-10-05T14:03:26.539301+00:00,amazon_usa,SSD,B0BHJGV9WR,"Samsung SSD 990 PRO with Heatsink 1TB, NVMe M.2, Up to 7,450MB/s",294.94,85.75,2026-10-05,4.7,5100,https://www.amazon.com/Samsung-SSD-Heatsink-NVMe-450MB/dp/B0BHJGV9WR,0.0,85.75
20261005_134359,2026-10-05T14:03:26.539301+00:00,amazon_usa,SSD,B0C36YQCX8,"fanxiang S880 NVMe SSD 1TB, PCIe 4.0 M.2 2280 Gaming SSD, 3D NAND TLC, Seq. Read Speeds UP to 7300MB/s, Dynamic SLC Cache, Internal Solid State Drive for PS5 Enthusiasts, High End Computing, Gaming",181.88,52.88,2026-10-05,4.6,3700,https://www.amazon.com/fanxiang-S880-Internal-Solid-State/dp/B0C36YQCX8,0.0,52.88
20261005_134359,2026-10-05T14:03:26.539301+00:00,amazon_usa,SSD,B0CQMX7BMK,"ORICO 1TB NVMe SSD PCIe 4.0- Up to 7000MB/s, M.2 SSD 2280 PCIe 4.0X4 Internal Solid State Drive, Fast Heat Dissipation, Compatible with macOS Windows for Gamers and Creators-O7000 (1TB)",171.77,49.94,2026-10-05,4.6,1500,https://www.amazon.com/ORICO-1TB-Dissipation-Compatible-Creators-O7000/dp/B0CQMX7BMK,0.0,49.94
20261005_134359,2026-10-05T14:03:30.912351+00:00,amazon_usa,SSD,B0D7HVQPTQ,"PHIXERO P3000 512GB NVMe SSD, PCIe Gen3x4, M.2 2280 NVMe, Read Speeds Up to 3000MB/s, Internal Solid State Drive with 3D NAND Flash for Laptop, Desktop and Computer",81.83,23.79,2026-10-05,4.5,164,,0.0,23.79
20261005_134359,2026-10-05T14:03:30.912351+00:00,amazon_usa,SSD,B0DBR9RZLV,Kingston NV3 500GB M.2 2280 NVMe SSD | PCIe 4.0 Gen 4x4 | Up to 5000 MB/s | SNV3S/500G,101.02,29.37,2026-10-05,4.7,14000,https://www.amazon.com/Kingston-500GB-2280-NVMe-PCIe-SNV3S/dp/B0DBR9RZLV,0.0,29.37
20261005_134359,2026-10-05T14:03:30.912351+00:00,amazon_usa,SSD,B0D7MLHCQ7,"Western Digital 1TB WD Blue SN5000 NVMe Internal Solid State Drive SSD - PCIe Gen 4.0, M.2 2280, Up to 5,150 MB/s - WDS100T4B0E [New Generation]",197.01,57.28,2026-10-05,4.6,2900,https://www.amazon.com/Western-Digital-SN5000-Internal-Solid/dp/B0D7MLHCQ7,0.0,57.28
20261005_134359,2026-10-05T14:03:30.912351+00:00,amazon_usa,SSD,B0FYFGN783,"Fikwot FN960 1TB M.2 NVMe SSD PCIe Gen4 x4 2280 Internal Solid State Drive with Heatsink, Up to 5,000MB/s, Dynamic SLC Cache, Compatible with PS5 Internal SSD",171.77,49.94,2026-10-05,4.7,78,https://www.amazon.com/Fikwot-FN960-Internal-Heatsink-Compatible/dp/B0FYFGN783,0.0,49.94
20261005_134359,2026-10-05T14:03:30.912351+00:00,amazon_usa,SSD,B0D16ZQC3P,"Acer MA200 M.2 2230 SSD NVMe 1TB, PCIe Gen 4, Read Speeds Up to 5200 MB/s, Great for Steam Deck, Asus ROG Ally, Microsoft Surface Handheld Gaming Devices Storage Expansion - BL.9BWWA.154",232.37,67.56,2026-10-05,4.5,116,https://www.amazon.com/acer-Microsoft-Surface-Handheld-Expansion/dp/B0D16ZQC3P,0.0,67.56
20261005_134359,2026-10-05T14:03:30.912351+00:00,amazon_usa,SSD,B0CBSSC21F,"KLEVV CRAS C910 1TB M.2 2280 NVMe PCIe Gen4x4 Laptop & Desktop Internal SSD Heatsink Included, up to 5000MB/s (K01TBM2SP0-C91)",165.72,48.18,2026-10-05,4.3,1000,https://www.amazon.com/KLEVV-Gen4x4-Internal-Heatsink-K01TBM2SP0-C91/dp/B0CBSSC21F,0.0,48.18
20261005_134359,2026-10-05T14:03:30.912351+00:00,amazon_usa,SSD,B0FBMB9374,DATO Gen4 SSD with Heatsink 1TB NVMe PCIe 4.0 M.2 2280 Up to 7200/6850MB/s High Performance SSD for Gaming Creation – Ares Dark Sword Lite,160.66,46.71,2026-10-05,4.6,29,https://www.amazon.com/DATO-Heatsink-6850MB-Performance-Creation/dp/B0FBMB9374,0.0,46.71
20261005_134359,2026-10-05T14:03:30.912351+00:00,amazon_usa,SSD,B09YRY5MDC,"ADATA SSD Legend 710 M.2 1TB PCIe Gen3 x4 M.2 2280 Solid State Drive, Design for Creator Gaming, Read Speed up to 2,400 MB/s, 3D NAND, LDPC, AES 256-bit Encryption",146.49,42.59,2026-10-05,4.8,98,https://www.amazon.com/ADATA-Legend-PCIe-Gen4x4-2280/dp/B09YRY5MDC,0.0,42.59
20261005_134359,2026-10-05T14:03:30.912351+00:00,amazon_usa,SSD,B0BZHBXTRY,Dell SSD 1TB Class 35 M.2 2230 NVMe PCIe 4.0 Gen 4x4 Solid State Drive SNP223G43/1TB AC280179,323.28,93.99,2026-10-05,4.7,16,https://www.amazon.com/Dell-Class-Solid-SNP223G43-AC280179/dp/B0BZHBXTRY,0.0,93.99
20261005_134359,2026-10-05T14:03:30.912351+00:00,amazon_usa,SSD,B0C58DL26N,"KingSpec XG7000 1TB NVMe SSD PCIe 4.0-7400MB/s Read Speed, 3D TLC NAND M.2 2280 Internal SSD, Compatible with Gaming PC, Laptop, PS5 Console",170.74,49.64,2026-10-05,4.5,1400,https://www.amazon.com/KingSpec-Gen4x4-Speed-Internal-PCIe4-0/dp/B0C58DL26N,0.0,49.64
20261005_134359,2026-10-05T14:03:30.912351+00:00,amazon_usa,SSD,B0CN1M7X89,"SANDISK 1TB Extreme M.2 NVMe SSD - PCIe Gen 4.0, Up to 5,150 MB/s - Internal Solid State Drive - SDSSDX3N-1T00-G26",181.88,52.88,2026-10-05,4.5,439,https://www.amazon.com/SanDisk-1TB-Extreme-M-2-NVMe-SDSSDX3N-1T00-G26/dp/B0CN1M7X89,0.0,52.88
20261005_134359,2026-10-05T14:03:30.912351+00:00,amazon_usa,SSD,B0F3XL469M,"Bestoss 1TB M.2 SSD NVMe PCIe4.0 2280 Internal Hard Drive, Up to 5000 MB/s",169.74,49.35,2026-10-05,4.3,115,https://www.amazon.com/Bestoss-NVMe-PCIe4-0-Internal-Drive/dp/B0F3XL469M,0.0,49.35
20261005_134359,2026-10-05T14:03:30.912351+00:00,amazon_usa,SSD,B0C4KVG7R6,TEAMGROUP MP44S SSD 1TB SLC Cache Gen 4x4 M.2 2230 PCIe 4.0 NVMe Steam Deck ASUS ROG Ally Mini PCs R/W Speed up to 5000/3500 MB/s TM5FF3001T0C101,192.99,56.11,2026-10-05,4.7,133,https://www.amazon.com/TEAMGROUP-MP44S-Performance-Compatible-TM5FF3001T0C101/dp/B0C4KVG7R6,0.0,56.11
20261005_134359,2026-10-05T14:03:30.912351+00:00,amazon_usa,SSD,B0DZ5ZK225,"Crucial P510 PCIe Gen5 NVMe 1TB SSD, Up to 11,000MB/s, TLC NAND, Laptop & Desktop (PC) Compatible, for Gamers & Creatives, Solid State Drive – CT1000P510SSD8-01",177.13,51.5,2026-10-05,4.7,1000,https://www.amazon.com/Crucial-Internal-Compatible-Desktop-Software/dp/B0DZ5ZK225,8.0,59.5
20261005_134359,2026-10-05T14:03:30.912351+00:00,amazon_usa,SSD,B0DJQB48JQ,"KingSpec 1TB M.2 SSD 2280 NVMe PCIe 4.0 x4, Incredible Read up to 5000MB/s, Internal M2 PCIe SSD Compatible with Gaming Console/Desktop/Gaming Laptop",167.71,48.76,2026-10-05,4.4,122,https://www.amazon.com/KingSpec-Incredible-Internal-Compatible-Console/dp/B0DJQB48JQ,0.0,48.76
20261005_134359,2026-10-05T14:03:30.912351+00:00,amazon_usa,SSD,B0GXKN6F68,"Bestoss 1TB NVMe M.2 SSD PCIe 3.0 2280 Internal SSD, Up to 2400MB/s",142.46,41.42,2026-10-05,4.4,55,https://www.amazon.com/Bestoss-NVMe-PCIe-Internal-2400MB/dp/B0GXKN6F68,0.0,41.42
20261005_134359,2026-10-05T14:03:30.912351+00:00,amazon_usa,SSD,B0DZX2Y9BP,"Addlink S85 1TB NVMe SSD M.2 2280 PCIe 4.0 Gen4 Internal Solid State Drive, Up to 6000MB/s, HMB Technology, 3D TLC NAND, Storage Upgrade for Laptop, Desktop PC, Gaming, Creators (ad1TBS85M2P)",161.11,46.84,2026-10-05,5.0,9,https://www.amazon.com/Addlink-Expansion-Internal-Technology-Creators/dp/B0DZX2Y9BP,0.0,46.84
20261005_134359,2026-10-05T14:03:30.912351+00:00,amazon_usa,SSD,B0DKF7N487,"ORICO 1TB NVMe SSD PCIe 4.0- Up to 7400MB/s, M.2 2280 PCIe 4.0X4 Internal Solid State Drive, Fast Heat Dissipation, Compatible with macOS Windows for Gamers and Creators-e7400",169.74,49.35,2026-10-05,4.7,748,https://www.amazon.com/ORICO-Internal-Dissipation-Compatible-Creators-e7400/dp/B0DKF7N487,0.0,49.35
20261005_134359,2026-10-05T14:03:30.912351+00:00,amazon_usa,SSD,B09QV692XY,"WD_BLACK 1TB SN770 NVMe Internal Gaming SSD Solid State Drive - Gen4 PCIe, M.2 2280, Up to 5,150 MB/s - WDS100T3X0E - [Previous Generation]",281.87,81.95,2026-10-05,4.8,26200,https://www.amazon.com/WD_BLACK-SN770-Internal-Gaming-Solid/dp/B09QV692XY,0.0,81.95
20261005_134359,2026-10-05T14:03:30.912351+00:00,amazon_usa,SSD,B0F3BMBQ75,"WD_Black SN8100 1TB NVMe SSD - PCIe 5.0x4, M.2 2280, Up to 14,900MB/s Read Speed, up to 11,000MB/s Write Speed, Best for AI Applications, Gaming, and Video Editing - WDS100T1X0M Global Recycled Standa",252.6,73.44,2026-10-05,4.8,1000,https://www.amazon.com/WD_BLACK-SN8100-Internal-Solid-State/dp/B0F3BMBQ75,0.0,73.44
20261005_134359,2026-10-05T14:03:30.912351+00:00,amazon_usa,SSD,B0F43QH751,"Bestoss 1TB NVMe M.2 SSD PCIe 3.0 M.2 2280 SSD, Internal SSD,Up to 3500MB/s",156.6,45.53,2026-10-05,4.3,126,https://www.amazon.com/GM328-Internal-Students-Entertainment-Compatible/dp/B0F43QH751,0.0,45.53
20261005_134359,2026-10-05T14:03:30.912351+00:00,amazon_usa,SSD,B0GJ2T4RRD,"Bestoss 1TB PCIe Gen4 NVMe M.2 2280 SSD with Heatsink,PS5 Storage,7350MB/s",197.01,57.28,2026-10-05,4.7,96,https://www.amazon.com/Bestoss-PCIe-Heatsink-Storage-7350MB/dp/B0GJ2T4RRD,0.0,57.28
20261005_134359,2026-10-05T14:03:30.912351+00:00,amazon_usa,SSD,B0CGY95ZZF,WD Green SN350 WDS100T2G0C 1 TB Solid State Drive - M.2 2280 Internal - PCI Express NVMe (PCI Express NVMe 3.0 x4),150.55,43.77,2026-10-05,4.8,863,https://www.amazon.com/WESTERN-DIGITAL-SN350-WDS100T2G0C-Green/dp/B0CGY95ZZF,0.0,43.77
20261005_134359,2026-10-05T14:03:30.912351+00:00,amazon_usa,SSD,B0CP9CXCXG,"KingSpec NX Series 1TB Gen3x4 NVMe M.2 SSD, Up to 3500MB/s, 3D NAND Flash M2 2280 Internal Solid State Drive, for Desktop and Laptop",149.24,43.39,2026-10-05,4.5,1600,https://www.amazon.com/KingSpec-Gen3x4-2280-Internal-Desktop/dp/B0CP9CXCXG,0.0,43.39
20261005_134359,2026-10-05T14:03:30.912351+00:00,amazon_usa,SSD,B0FNP68QYR,OEM Hyn PVC10 256GB M.2 PCI-e GEN 4X4 NVME SSD Internal Solid State Drive 30mm 2230 Form Factor M Key Steam Deck,60.05,17.46,2026-10-05,4.7,24,,0.0,17.46
20261005_134359,2026-10-05T14:03:30.912351+00:00,amazon_usa,SSD,B08V8XQ5PZ,"Acclamator 512GB SSD NVMe M.2 2280 PCIe Gen3x4 Internal Solid State Drive, Read Up to 2200MB/s with 3D NAND Flash Compatible with Laptop & PC Desktop N20",77.8,22.62,2026-10-05,4.2,151,,0.0,22.62
20261005_134359,2026-10-05T14:03:35.518396+00:00,amazon_usa,SSD,B0DZX42SD7,"fanxiang 1TB M.2 2230 NVMe SSD, PCIe Gen 4x4 Speed up to 5000 MB/s, 2230 SSD Compatible with Steam Deck/ROG Ally/Microsoft Surface Pro/Mini PCs, S630",202.07,58.75,2026-10-05,4.7,263,https://www.amazon.com/fanxiang-Speed-Compatible-Microsoft-Surface/dp/B0DZX42SD7,0.0,58.75
20261005_134359,2026-10-05T14:03:35.518396+00:00,amazon_usa,SSD,B0HDP2XNQL,"1TB M.2 2280 NVMe PCIe 3.0 SSD, Up to 2200MB/s for Laptop & Desktop",141.47,41.13,2026-10-05,0.0,0,https://www.amazon.com/GUDGA-2280-2200MB-Laptop-Desktop/dp/B0HDP2XNQL,0.0,41.13
20261005_134359,2026-10-05T14:03:35.518396+00:00,amazon_usa,SSD,B0FH6N7CCQ,"fanxiang S790R 1TB NVMe M.2 SSD PCIe 4.0 x4, Internal Solid State Drive with RGB Heatsink, Up to 7450MB/s, 3D NAND TLC, PS5 Compatible, Ideal for Gaming, Creators & Professionals",191.96,55.81,2026-10-05,4.9,14,https://www.amazon.com/fanxiang-Internal-Heatsink-Compatible-Professionals/dp/B0FH6N7CCQ,0.0,55.81
20261005_134359,2026-10-05T14:03:35.518396+00:00,amazon_usa,SSD,B0GJDCLR6R,"Sandisk Optimus GX PRO 850X 1TB NVMe SSD, PCIe 4.0, M.2 2280",222.29,64.63,2026-10-05,3.6,12,https://www.amazon.com/Sandisk-Optimus-Internal-Solid-State/dp/B0GJDCLR6R,0.0,64.63
20261005_134359,2026-10-05T14:03:35.518396+00:00,amazon_usa,SSD,B0CXXVF3N2,"Fikwot FX660 1TB M.2 SSD, PCIe Gen 4x4 Dynamic SLC Cache - Speeds up to 4800MB/s M.2 2280 NVMe Internal SSD, Upgrade Storage for PC Computer, Laptop and PS5",161.66,47.0,2026-10-05,4.5,498,https://www.amazon.com/Fikwot-FX660-PCIe-Dynamic-Cache/dp/B0CXXVF3N2,0.0,47.0
20261005_134359,2026-10-05T14:03:35.518396+00:00,amazon_usa,SSD,B0CSFQ24W2,TEAMGROUP T-Force G50 512GB SLC Caching 3D TLC NAND NVMe InnoGrit PCIe Gen4x4 M.2 2280 Gaming SSD with Ultra-Thin Graphene Heat Spreader Works with PS5 Read/Write 5000/2500 MB/s TM8FFE512G0C129,96.0,27.91,2026-10-05,4.7,277,https://www.amazon.com/TEAMGROUP-TM8FFE512G0C129-SSD/dp/B0CSFQ24W2,0.0,27.91
20261005_134359,2026-10-05T14:03:35.518396+00:00,amazon_usa,SSD,B0FLB5YXLD,Patriot P410 1TB PCIe Gen 4x4 M.2 2280 SSD,166.71,48.47,2026-10-05,4.6,26,https://www.amazon.com/Patriot-P410-1TB-Internal-SSD/dp/B0FLB5YXLD,0.0,48.47
20261005_134359,2026-10-05T14:03:35.518396+00:00,amazon_usa,SSD,B0BZJHXCCH,Dell SSD 1TB Class 40 M.2 2280 NVMe PCIe 3.0 Gen 3x4 Solid State Drive SNP112P/1TB AA615520,197.05,57.29,2026-10-05,4.6,37,https://www.amazon.com/Dell-1TB-Class-SNP112P-AA615520/dp/B0BZJHXCCH,0.0,57.29
20261005_134359,2026-10-05T14:03:35.518396+00:00,amazon_usa,SSD,B0CK39YR9V,"Crucial T500 PCIe Gen4 NVMe 1TB SSD, Up to 7,300MB/s, TLC NAND, Laptop & Desktop (PC) Compatible, for Creatives and Gamers, Solid State Drive, Includes 1Mo Adobe CC – CT1000T500SSD8",277.71,80.74,2026-10-05,4.8,5500,https://www.amazon.com/Crucial-Internal-Gaming-Desktop-Compatible/dp/B0CK39YR9V,0.0,80.74
20261005_134359,2026-10-05T14:03:35.518396+00:00,amazon_usa,SSD,B0H2H4B1GX,"KingSpec 1TB M.2 NVMe Gen3 SSD 2280, 3500MB/s Read Speed, for Laptop PC",147.49,42.88,2026-10-05,4.8,38,https://www.amazon.com/KingSpec-NVMe-3500MB-Speed-Laptop/dp/B0H2H4B1GX,0.0,42.88
20261005_134359,2026-10-05T14:03:35.518396+00:00,amazon_usa,SSD,B0D61Z8R1W,"Crucial P310 1TB M.2 2230 SSD, PCIe Gen4 NVMe, Up to 7,100MB/s, Internal Solid State Drive, Ideal for Steam Deck, ASUS ROG Ally, MSI Claw, Mini PCs & Ultrabooks - CT1000P310SSD2",297.31,86.44,2026-10-05,4.7,2200,https://www.amazon.com/Crucial-2024-P310-PCIe-Gen4/dp/B0D61Z8R1W,0.0,86.44
20261005_134359,2026-10-05T14:03:35.518396+00:00,amazon_usa,SSD,B0DM9341L3,Crucial P310 1TB 232L Micron QLC NAND PCIE GEN 4 X4 NVME M.2 Internal SSD,194.85,56.65,2026-10-05,4.6,104,https://www.amazon.com/Crucial-P310-NVMe-PCIe-Internal/dp/B0DM9341L3,0.0,56.65
20261005_134359,2026-10-05T14:03:35.518396+00:00,amazon_usa,SSD,B0DZT6F4QZ,"Aiibe 1TB NVMe M.2 SSD Internal Solid State Drive PCIe 4.0 M.2 2280 1TB SSD Read Speeds Up to 7450MB/s for Laptop, PC, Gaming, Video Editing, PS5",181.88,52.88,2026-10-05,4.3,64,https://www.amazon.com/Aiibe-X16Plus-Internal-Upgrade-Storage/dp/B0DZT6F4QZ,0.0,52.88
20261005_134359,2026-10-05T14:03:35.518396+00:00,amazon_usa,SSD,B0CNSVG1QB,"fanxiang S501Q SSD 1TB PCle 3.0x4 Internal Solid State Drive, NVMe M.2 2280 Internal Solid State Drive, SLC Cache 3D NAND Up to 3200MB/s for Laptop and PC Desktops",151.54,44.06,2026-10-05,4.6,1000,https://www.amazon.com/fanxiang-S501Q-Internal-3600MB-Desktops/dp/B0CNSVG1QB,0.0,44.06
20261005_134359,2026-10-05T14:03:35.518396+00:00,amazon_usa,SSD,B0DDN9CJCK,"DATO M.2 2230 SSD 1TB, PCIe Gen 4x4 NVMe Internal Solid State Drive with Aluminum Heatsink, Compatible with Steam Deck, ROG Ally, Surface Pro, Mini PCs, Ultrabook, Up to 5000/3200 MB/s - ARES ARS430",206.13,59.93,2026-10-05,4.6,103,https://www.amazon.com/DATO-Internal-Aluminum-Compatible-Ultrabook/dp/B0DDN9CJCK,0.0,59.93
20261005_134359,2026-10-05T14:03:35.518396+00:00,amazon_usa,SSD,B07K7LRB2T,"Addlink S70 Lite 1TB NVMe SSD – M.2 2280 PCIe Gen3x4, Up to 3,200/2,600 MB/s Read/Write, Internal Solid State Drive for Laptop & Desktop, 3D NAND, 5-Year Warranty (ad1TBS70M2P)",147.97,43.02,2026-10-05,4.6,1300,https://www.amazon.com/Addlink-S70-Lite-1TB-NVMe/dp/B07K7LRB2T,0.0,43.02
20261005_134359,2026-10-05T14:03:35.518396+00:00,amazon_usa,SSD,B0D9YBN4L5,"Fikwot FX550 NVMe SSD 1TB M.2 SSD PCIe 3.0×4, Read Up to 3,500 MB/s, M2 2280 Internal Soild State Drive, Compatible with Desktop, Laptop and Mini PC, QLC NAND Flash",151.54,44.06,2026-10-05,4.4,352,https://www.amazon.com/Fikwot-FX550-Internal-Compatible-Desktop/dp/B0D9YBN4L5,0.0,44.06
20261005_134359,2026-10-05T14:03:35.518396+00:00,amazon_usa,SSD,B0DBPTR3G3,"Fikwot FX953 M.2 2230 SSD 1TB NVMe SSD for Steam Deck PCIe Gen 4x4, Read Up to 5000MB/s, M2 2230 Internal Soild State Drive, Compatible with ASUS ROG Ally, Microsoft Surface Pro",181.88,52.88,2026-10-05,4.4,147,https://www.amazon.com/Fikwot-FX953-Internal-Compatible-Microsoft/dp/B0DBPTR3G3,0.0,52.88
20261005_134359,2026-10-05T14:03:35.518396+00:00,amazon_usa,SSD,B0B55SWRCY,"fanxiang S500 Pro 256GB NVMe SSD M.2 PCIe 3.0, Gen 3x4 2280 Internal Solid State Drive, SLC Cache 3D NAND TLC, Up to 3000MB/s, Compatible with Laptop and PC Desktops(Black)",57.58,16.74,2026-10-05,4.5,6300,https://www.amazon.com/fanxiang-S500-Pro-Internal-Compatible/dp/B0B55SWRCY,0.0,16.74
20261005_134359,2026-10-05T14:03:35.518396+00:00,amazon_usa,SSD,B0G56GMBW2,"JS890 SSD 1TB, PCIe Gen3 NVMe M.2 2280, Up to 3000MB/s",141.47,41.13,2026-10-05,4.3,38,https://www.amazon.com/ALYNCE-JS890-NVMe-Gen3x4-2280/dp/B0G56GMBW2,0.0,41.13
20261005_134359,2026-10-05T14:03:40.395109+00:00,amazon_usa,SSD,B0B7CPSN2K,"WD_BLACK SN850X 1TB NVMe SSD with Heatsink - M.2 2280, Up to 7,300 MB/s Read speeds, Up to 6,300 MB/s write speeds, Gaming Expansion, High Performance Internal Solid State Drive - WDS100T2XHE",270.79,78.73,2026-10-05,4.8,6800,https://www.amazon.com/WD_BLACK-SN850X-Internal-Gaming-Heatsink/dp/B0B7CPSN2K,0.0,78.73
20261005_134359,2026-10-05T14:03:40.395109+00:00,amazon_usa,SSD,B0BRQRSM3K,INLAND TN320 1TB NVMe M.2 PCIe Gen3x4 2280 Internal Solid State Drive SSD,176.82,51.41,2026-10-05,4.5,81,https://www.amazon.com/INLAND-TN320-Gen3x4-Internal-Solid/dp/B0BRQRSM3K,0.0,51.41
20261005_134359,2026-10-05T14:03:40.395109+00:00,amazon_usa,SSD,B0CVVSBM98,INLAND TN470 1TB NVMe SSD PCIe 4.0 Gen4x4 Internal Gaming Solid State Drive,191.96,55.81,2026-10-05,4.8,41,https://www.amazon.com/Inland-TN470-Internal-Storage-Desktop/dp/B0CVVSBM98,0.0,55.81
20261005_134359,2026-10-05T14:03:40.395109+00:00,amazon_usa,SSD,B0BJL61R71,Kingston Fury Renegade 1TB PCIe Gen 4.0 NVMe M.2 Internal Gaming SSD with Heat Sink | PS5 Ready | Up to 7300MB/s | SFYRSK/1000G,313.24,91.07,2026-10-05,4.8,1500,https://www.amazon.com/Kingston-Renegade-Internal-SFYRSK-1000G/dp/B0BJL61R71,0.0,91.07
20261005_134359,2026-10-05T14:03:40.395109+00:00,amazon_usa,SSD,B0C48B3RGL,"WD_BLACK 1TB SN850P NVMe M.2 SSD Officially Licensed Storage Expansion for PS5 Consoles, up to 7,300MB/s, with heatsink - WDBBYV0010BNC-WRSN",242.48,70.5,2026-10-05,4.8,11200,https://www.amazon.com/Western-Digital-Officially-Licensed-Expansion/dp/B0C48B3RGL,0.0,70.5
20261005_134359,2026-10-05T14:03:40.395109+00:00,amazon_usa,SSD,B0BPXQ9BDV,"Samsung 990 PRO 1TB PCIe Gen 4.0 x4 (Maximum Transfer Rate 7,450MB/s) NVMe M.2 (2280) Internal SSD MZ-V9P1T0B-IT/EC",223.36,64.94,2026-10-05,4.7,151,https://www.amazon.com/Samsung-Transfer-Internal-MZ-V9P1T0B-EC/dp/B0BPXQ9BDV,8.0,72.94
20261005_134359,2026-10-05T14:03:40.395109+00:00,amazon_usa,SSD,B0DMHS9HQ4,"Western Digital 500GB WD Green SN3000 NVMe Internal SSD - Solid State Drive - Gen4 PCIe, M.2 2280, Up to 5,000 MB/s - WDS500G4G0E",96.99,28.2,2026-10-05,4.6,200,https://www.amazon.com/Western-Digital-500GB-SN3000-Internal/dp/B0DMHS9HQ4,0.0,28.2
20261005_134359,2026-10-05T14:03:40.395109+00:00,amazon_usa,SSD,B0GBR9SHZB,"1TB PCIe Gen3.0x4 NVMe SSD, M.2 2280 3D TLC, Up to 3500MB/s",171.77,49.94,2026-10-05,4.6,64,https://www.amazon.com/OSCOO-PCIe-Gen3-0x4-NVMe-3500MB/dp/B0GBR9SHZB,0.0,49.94
20261005_134359,2026-10-05T14:03:40.395109+00:00,amazon_usa,SSD,B0F3776YTK,"RAOYI 1TB NVMe Internal Solid State Drive M.2 2280 PCIe Gen4x4 SSD, Up to 5000MB/s, Configure SLC Cache, Storage and Memory Expansion for PS5 Laptop Desktop",173.8,50.53,2026-10-05,4.4,37,https://www.amazon.com/RAOYI-Internal-Configure-Storage-Expansion/dp/B0F3776YTK,0.0,50.53
20261005_134359,2026-10-05T14:03:40.395109+00:00,amazon_usa,SSD,B08BLQV2JS,Team Group TM8FP6001T0C101 MP33 M.2 2280 1TB PCIe 3.0 x 4 with NVMe 1.3 3D NAND Internal Solid State Drive,138.89,40.38,2026-10-05,4.5,88,https://www.amazon.com/TEAMGROUP-Solid-State-Drive-Gen3x4/dp/B08BLQV2JS,0.0,40.38
20261005_134359,2026-10-05T14:03:40.395109+00:00,amazon_usa,SSD,B0FD2LGBZF,Kingston NV3 1TB M.2 2230 NVMe SSD | Up to 6000MB/s | SNV3SM3/1T0,231.79,67.39,2026-10-05,4.7,392,https://www.amazon.com/Kingston-NV3-2230-NVMe-6000MB-SNV3SM3/dp/B0FD2LGBZF,0.0,67.39
20261005_134359,2026-10-05T14:03:40.395109+00:00,amazon_usa,SSD,B07GCL6BR4,"Intel 660p Series M.2 2280 1TB PCIe NVMe 3.0 x4 3D2, QLC Internal Solid State Drive (SSD) SSDPEKNW010T8X1",197.05,57.29,2026-10-05,4.8,2700,https://www.amazon.com/Intel-Internal-Solid-State-SSDPEKNW010T8X1/dp/B07GCL6BR4,0.0,57.29
20261005_134359,2026-10-05T14:03:40.395109+00:00,amazon_usa,SSD,B0GHYGLNTT,"Sandisk Optimus GX PRO 8100 1TB PCIe 5.0 NVMe SSD, M.2 2280",303.12,88.13,2026-10-05,4.2,32,https://www.amazon.com/SANDISK-Optimus-8100-PCIe-NVMe/dp/B0GHYGLNTT,0.0,88.13
20261005_134359,2026-10-05T14:03:40.395109+00:00,amazon_usa,SSD,B0CK2S298S,"Crucial T500 1TB PCIe Gen4 NVMe Gaming PS5 SSD with Heatsink, Up to 7,300MB/s, TLC NAND, PlayStation 5 Compatible, Laptop, & Desktop (PC), Solid State Drive, Includes 1Mo Adobe CC – CT1000T500SSD5",227.28,66.08,2026-10-05,4.8,2700,https://www.amazon.com/Crucial-Internal-Playstation-Compatible-CT1000T500SSD5/dp/B0CK2S298S,0.0,66.08
20261005_134359,2026-10-05T14:03:40.395109+00:00,amazon_usa,SSD,B0GLQNWQR6,KIOXIA SSD 1TB M.2 2230 30mm NVMe PCIe 4.0 Gen 4 x 4 EG6 (OEM),231.38,67.27,2026-10-05,4.5,113,https://www.amazon.com/KIOXIA-2230-30mm-NVMe-PCIe/dp/B0GLQNWQR6,0.0,67.27
20261005_134359,2026-10-05T14:03:40.395109+00:00,amazon_usa,SSD,B0DV3C5HQH,Crucial P310 - SSD - 1TB - Internal - M.2 2280 - PCIe 4.0 x4 (NVMe) - Integrated Heatsink,176.82,51.41,2026-10-05,4.3,26,https://www.amazon.com/Crucial-P310-Internal-Integrated-Heatsink/dp/B0DV3C5HQH,0.0,51.41
20261005_134359,2026-10-05T14:03:40.395109+00:00,amazon_usa,SSD,B09DVQQL9G,"Western Digital 1TB WD Green SN350 NVMe Internal SSD Solid State Drive - Gen3 PCIe, QLC, M.2 2280, Up to 3,200 MB/s - WDS100T3G0C",151.54,44.06,2026-10-05,4.7,12900,https://www.amazon.com/Western-Digital-Green-SN350-Internal/dp/B09DVQQL9G,0.0,44.06
20261005_134359,2026-10-05T14:03:40.395109+00:00,amazon_usa,SSD,B0F25F4LLY,"Lexar 1TB NM1090 PRO NVMe SSD, 14,000/10,000 MB/s, M.2 2280, PCIe Gen 5",232.37,67.56,2026-10-05,4.5,90,https://www.amazon.com/Lexar-NM1090-NVMe-2280-PCIe/dp/B0F25F4LLY,0.0,67.56
20261005_134359,2026-10-05T14:03:40.395109+00:00,amazon_usa,SSD,B0B8J4Q4SK,"Acclamator 512GB SSD NVMe M.2 2280 PCIe Gen3x4 Internal Solid State Drive, with 3D NAND TLC,Read Up to 3200MB/s Compatible with Laptop & PC Desktop N30",85.88,24.97,2026-10-05,4.3,56,https://www.amazon.com/Acclamator-Gen3x4-Internal-Storage-Laptops/dp/B0B8J4Q4SK,0.0,24.97
20261005_134359,2026-10-05T14:03:40.395109+00:00,amazon_usa,SSD,B0DYMKRV1M,msi SPATIUM M450 PCIe 4.0 NVMe M.2 1TB V1 Internal Gaming SSD up to 3400MB/s 3D NAND,172.11,50.04,2026-10-05,4.5,13,https://www.amazon.com/SPATIUM-M450-PCIe-Internal-Gaming-3400MB/dp/B0DYMKRV1M,8.0,58.04
20261005_134359,2026-10-05T14:03:55.683535+00:00,amazon_usa,MOTHERBOARD,B0DGWNVCHL,"ASUS TUF Gaming Z890-PLUS WiFi Z890 LGA 1851 ATX Motherboard, Intel® Core™ Ultra Series 2 Ready, Advanced AI PC-Ready, 16+1+2+1 Stages, DDR5, PCIe® 5.0, Thunderbolt™ 4 Type-C®, 4X M.2, Wi-Fi 7, 2.5Gb",262.71,76.38,2026-10-05,4.2,121,https://www.amazon.com/ASUS-TUF-Z890-PLUS-Motherboard-ThunderboltTM/dp/B0DGWNVCHL,0.0,76.38
20261005_134359,2026-10-05T14:03:55.683535+00:00,amazon_usa,MOTHERBOARD,B0DGWHZKMC,"ASUS ROG STRIX Z890-A GAMING WIFI Z890 LGA 1851 ATX motherboard, Intel® Core™ Ultra Series 2 Ready, Advanced AI PC-ready, 16+2+1+2 stages, DDR5, WiFi 7, 2.5G, 5x M.2, Thunderbolt™ 4, USB Type-C, AI OC",281.9,81.96,2026-10-05,4.3,129,https://www.amazon.com/ASUS-ROG-STRIX-GAMING-WIFI/dp/B0DGWHZKMC,0.0,81.96
20261005_134359,2026-10-05T14:03:55.683535+00:00,amazon_usa,MOTHERBOARD,B0DGWRK1PN,"ASUS ROG Strix Z890-E Gaming WiFi Intel® Z890 LGA 1851 ATX Motherboard, Advanced AI PC-Ready, 18+2+1+2 Stages, DDR5, WiFi 7, 7X M.2, Thunderbolt™ 4, USB Type-C®, AI Overclocking, Cooling & Networking",377.86,109.86,2026-10-05,4.4,145,https://www.amazon.com/ASUS-ROG-Z890-ThunderboltTM-Overclocking/dp/B0DGWRK1PN,0.0,109.86
20261005_134359,2026-10-05T14:03:55.683535+00:00,amazon_usa,MOTHERBOARD,B0DGWWRTPV,"ASUS ROG Maximus Z890 Hero Intel® Z890 LGA 1851 ATX Motherboard, Advanced AI PC-Ready, 22+2+1+2 Stages, DDR5, WiFi 7, 3X PCIe® 5.0 M.2, Thunderbolt™ 4, USB Type-C®, AI Overclocking/Cooling/Networking",438.5,127.49,2026-10-05,4.3,145,https://www.amazon.com/ASUS-ROG-Z890-ThunderboltTM-Overclocking/dp/B0DGWWRTPV,0.0,127.49
20261005_134359,2026-10-05T14:03:55.683535+00:00,amazon_usa,MOTHERBOARD,B0DGW9S82G,"ASUS ProArt Z890-CREATOR WIFI Z890 LGA 1851 ATX Motherboard, Intel® Core™ Ultra Processor Series 2 Ready, 16+2+1+2 stages, PCIe® 5.0, DDR5, Thunderbolt™ 5 Type-C®, 10+2.5 Gb LAN, WiFi 7, 5x M.2, AI OC",453.67,131.9,2026-10-05,4.4,103,https://www.amazon.com/ASUS-Z890-CREATOR-WIFI-Motherboard-ThunderboltTM/dp/B0DGW9S82G,0.0,131.9
20261005_134359,2026-10-05T14:03:55.683535+00:00,amazon_usa,MOTHERBOARD,B0CRDMX2SV,"ASUS Prime Z890M-PLUS WiFi Z890 LGA 1851 mATX Motherboard, Intel® Core™ Ultra Series 2 Ready, Advanced AI PC-Ready, 10+1+2+1 80A Power Stages, DDR5, PCIe® 5.0, USB Type-C®, 3X M.2, Wi-Fi 7, 2.5Gb LAN",192.99,56.11,2026-10-05,4.0,27,https://www.amazon.com/ASUS-PRIME-Z890M-PLUS-WIFI-Prime/dp/B0CRDMX2SV,0.0,56.11
20261005_134359,2026-10-05T14:03:55.683535+00:00,amazon_usa,MOTHERBOARD,B0H2B5NTL5,"MAG Z890 Tomahawk WiFi II Motherboard, ATX - Supports Intel Core Ultra Processors (Series 2), LGA 1851 - DDR5 Memory Boost 4 x DDR5 (9200+ MT/s OC), 1 x PCIe 5.0 x16, 1 x M.2 Gen5, 5G LAN, Wi-Fi 7",232.37,67.56,2026-10-05,4.1,24,https://www.amazon.com/MAG-Z890-Tomahawk-II-Motherboard/dp/B0H2B5NTL5,0.0,67.56
20261005_134359,2026-10-05T14:03:55.683535+00:00,amazon_usa,MOTHERBOARD,B0H1JNLST2,"Z890 Gaming Plus WIFI6E Motherboard, ATX-Supports Intel Core Ultra Processors (Series 2), LGA 1851 - DDR5 Memory Boost (Up to 9200+MT/s OC), 1 x PCIe 5.0 x16, 1 x M.2 Gen5, Intel Killer 5G LAN, Wi-Fi",191.96,55.81,2026-10-05,4.1,9,https://www.amazon.com/Z890-WIFI6E-Motherboard-ATX-Supports-Processors/dp/B0H1JNLST2,0.0,55.81
20261005_134359,2026-10-05T14:03:55.683535+00:00,amazon_usa,MOTHERBOARD,B0DJP95MGB,"GIGABYTE Z890 AORUS Elite WIFI7 Intel Core Ultra (Series 2) LGA 1851 Motherboard, ATX, DDR5, 4X M.2, PCIe 5.0, Thunderbolt 4, 2.5GbE LAN, EZ-Latch",267.7,77.83,2026-10-05,4.5,119,https://www.amazon.com/GIGABYTE-Z890-AORUS-WIFI7-Motherboard/dp/B0DJP95MGB,0.0,77.83
20261005_134359,2026-10-05T14:03:55.683535+00:00,amazon_usa,MOTHERBOARD,B0DQVRTTQ4,"ASUS Pro WS Z890-ACE SE Z890 LGA 1851 ATX Motherboard, Intel® Core™ Ultra Series 2 Ready, Advanced AI PC-Ready, PCIe® 5.0, DDR5, 10G & 2.5G LAN, 4X M.2, USB 20Gbps, Thunderbolt™ 4, onboard BMC, AI OC",453.15,131.75,2026-10-05,3.3,4,https://www.amazon.com/ASUS-WS-Z890-ACE-Motherboard-ThunderboltTM/dp/B0DQVRTTQ4,0.0,131.75
20261005_134359,2026-10-05T14:03:55.683535+00:00,amazon_usa,MOTHERBOARD,B0DJP9LCYC,"GIGABYTE Z890 AORUS Master Intel Core Ultra (Series 2) LGA 1851 Motherboard, ATX, DDR5, 5X M.2, PCIe 5.0, Thunderbolt 4, WIFI7, 10GbE LAN, EZ-Latch",335.87,97.65,2026-10-05,4.2,49,https://www.amazon.com/GIGABYTE-Z890-AORUS-Motherboard-Thunderbolt/dp/B0DJP9LCYC,0.0,97.65
20261005_134359,2026-10-05T14:03:55.683535+00:00,amazon_usa,MOTHERBOARD,B0DPY5WKGF,"msi PRO Z890-S WiFi White Motherboard, ATX - Supports Intel Core Ultra Processors (Series 2), LGA 1851 - DDR5 Memory Boost (8600+ MT/s OC), PCIe 5.0 x16 & 4.0 x16, M.2 Gen5, Wi-Fi 7, 2.5G LAN",200.52,58.3,2026-10-05,4.3,45,https://www.amazon.com/MSI-Z890-S-WiFi-White-Motherboard/dp/B0DPY5WKGF,0.0,58.3
20261005_134359,2026-10-05T14:03:55.683535+00:00,amazon_usa,MOTHERBOARD,B0DGWDRMVW,"ASUS ROG MAXIMUS Z890 APEX Intel® Z890 LGA 1851 ATX motherboard, Advanced AI PC-ready, 22+2+1+2 stages, DDR5, WiFi 7, 5G LAN, 3x PCIe® 5.0 M.2, Thunderbolt™ 4, USB Type-C®, AI OC, Cooling & Networking",525.42,152.76,2026-10-05,4.2,31,https://www.amazon.com/ASUS-ROG-MAXIMUS-Z890-APEX/dp/B0DGWDRMVW,0.0,152.76
20261005_134359,2026-10-05T14:03:55.683535+00:00,amazon_usa,MOTHERBOARD,B0D66D6GW9,"ASUS TUF Gaming Z890-PRO WiFi Z890 LGA 1851 ATX Motherboard, Intel® Core™ Ultra Series 2 Ready, Advanced AI PC-Ready, 16+1+2+1 Stages, DDR5, PCIe® 5.0, Thunderbolt 4 Type-C, 4X M.2, Wi-Fi 7, 2.5Gb",293.01,85.19,2026-10-05,4.2,71,https://www.amazon.com/ASUS-TUF-Z890-PRO-Motherboard-Thunderbolt/dp/B0D66D6GW9,0.0,85.19
20261005_134359,2026-10-05T14:03:55.683535+00:00,amazon_usa,MOTHERBOARD,B0DTCS854H,"ASUS ROG Strix Z890-F Gaming WiFi Intel® Z890 LGA 1851 ATX Motherboard, Advanced AI PC-Ready, 16+2+1+2 Stages, DDR5, WiFi 7, 5X M.2, Thunderbolt™ 4, USB Type-C®, AI Overclocking, Cooling & Networking",339.79,98.79,2026-10-05,4.4,30,https://www.amazon.com/ASUS-ROG-Z890-F-ThunderboltTM-Overclocking/dp/B0DTCS854H,0.0,98.79
20261005_134359,2026-10-05T14:03:55.683535+00:00,amazon_usa,MOTHERBOARD,B0DJQ38QP1,ASRock Intel Core Ultra Z890 Pro RS ATX Motherboard LGA1851 RL-ILM DDR5 8666 MHz 256 GB M.2 PCIe 5.0 Thunderbolt,171.77,49.94,2026-10-05,4.6,12,https://www.amazon.com/ASRock-Z890-RS-Motherboard-Thunderbolt/dp/B0DJQ38QP1,0.0,49.94
20261005_134359,2026-10-05T14:03:55.683535+00:00,amazon_usa,MOTHERBOARD,B0DJN5Q427,ASRock Intel Core Ultra Z890 Nova WiFi 7 Phantom Gaming ATX Motherboard Thunderbolt LGA1851 RL-ILM DDR5 9200 MHZ 256 GB,181.88,52.88,2026-10-05,3.7,13,https://www.amazon.com/ASRock-Z890-Phantom-Motherboard-Thunderbolt/dp/B0DJN5Q427,0.0,52.88
20261005_134359,2026-10-05T14:03:55.683535+00:00,amazon_usa,MOTHERBOARD,B0DJPY6CZX,ASRock Intel Core Ultra Phantom Gaming Z890 Riptide WiFi 7 ATX Motherboard DDR5 9066 MHz 256 GB LGA1851 RL-ILM M.2 PCIe 5.0,171.77,49.94,2026-10-05,2.5,7,https://www.amazon.com/ASRock-Phantom-Z890-Riptide-Motherboard/dp/B0DJPY6CZX,0.0,49.94
20261005_134359,2026-10-05T14:03:55.683535+00:00,amazon_usa,MOTHERBOARD,B0GYFXTDT6,"msi Z890 Gaming Plus WiFi Motherboard,ATX-Supports Core Ultra Series 2 Intel,LGA 1851,DDR5,PCIe 5.0,M.2,SATA,5Gbps LAN,USB C,WiFi 7,Bluetooth 5.4,Thunderbolt 4+HIGH-Speed DDR5 RAM 16GB(1x16GB) Bundle",400.08,116.32,2026-10-05,4.2,12,https://www.amazon.com/Z890-Gaming-Plus-Motherboard-ATX-Supports/dp/B0GYFXTDT6,0.0,116.32
20261005_134359,2026-10-05T14:03:55.683535+00:00,amazon_usa,MOTHERBOARD,B0DJP8NFWP,"GIGABYTE Z890 AORUS PRO ICE Intel Core Ultra (Series 2) LGA 1851 Motherboard, ATX, DDR5, 5X M.2, PCIe 5.0, Thunderbolt 4, WIFI7, 5GbE LAN, EZ-Latch",232.34,67.55,2026-10-05,3.9,28,https://www.amazon.com/GIGABYTE-Z890-AORUS-PRO-ICE/dp/B0DJP8NFWP,0.0,67.55
20261005_134359,2026-10-05T14:03:55.683535+00:00,amazon_usa,MOTHERBOARD,B0DM4C1MM2,"msi MEG Z890 Unify-X Motherboard, ATX - Supports Intel Core Ultra Processors (Series 2), LGA 1851-110A SPS, DDR5 Memory (9600+ MT/s OC), PCIe 5.0 & 4.0 x16, M.2 Gen5, Thunderbolt 4, Wi-Fi 7, 5G LAN",394.55,114.71,2026-10-05,4.6,15,https://www.amazon.com/MSI-MEG-Z890-Unify-X-Motherboard/dp/B0DM4C1MM2,0.0,114.71
20261005_134359,2026-10-05T14:03:55.683535+00:00,amazon_usa,MOTHERBOARD,B0DJDFM619,"ASUS ROG Maximus Z890 Hero Intel Z890 LGA1851 DDR5 9200 HDMI 2xUSB4 6X M2 USB3.2 WiFi 7 + BT Aura RGB 5Gbit + 2.5Gbit LAN ATX 22+1+2+2 Power Phases, Motherboard",438.5,127.49,2026-10-05,4.1,93,https://www.amazon.com/ASUS-ROG-Maximus-Z890-Motherboard/dp/B0DJDFM619,0.0,127.49
20261005_134359,2026-10-05T14:03:59.683273+00:00,amazon_usa,MOTHERBOARD,B0DJQ2RXNX,ASRock Z890 Pro-A Motherboard Intel Core Ultra LGA1851 RL-ILM DDR5 8666 MHz 256 GB ATX Motherboard PCIe 5.0,191.96,55.81,2026-10-05,4.9,12,https://www.amazon.com/ASRock-Z890-Motherboard-LGA1851-RL-ILM/dp/B0DJQ2RXNX,0.0,55.81
20261005_134359,2026-10-05T14:03:59.683273+00:00,amazon_usa,MOTHERBOARD,B0GTZT12W1,"GIGABYTE Z890 AORUS Elite WIFI7 Plus Intel LGA 1851 ATX Motherboard, Support Core Ultra (Series 2), DDR5, 16+1+2 Power Phase, 4X M.2, PCIe 5.0, USB4, WiFi 7, 5GbE, EZ-Latch, D5 Bionic Corsa",232.37,67.56,2026-10-05,3.8,4,https://www.amazon.com/GIGABYTE-Z890-AORUS-WIFI7-Motherboard/dp/B0GTZT12W1,0.0,67.56
20261005_134359,2026-10-05T14:03:59.683273+00:00,amazon_usa,MOTHERBOARD,B0GV17GF1T,"GIGABYTE Z890 Eagle WIFI7 Plus Intel LGA 1851 ATX Motherboard, Support Core Ultra (Series 2), DDR5, 14+1+2 Power Phase, 4X M.2, PCIe 5.0, USB4, WiFi 7, 2.5GbE, EZ-Latch, D5 Bionic Corsa",198.05,57.58,2026-10-05,5.0,1,https://www.amazon.com/GIGABYTE-Z890-WIFI7-Motherboard-EZ-Latch/dp/B0GV17GF1T,25.0,82.58
20261005_134359,2026-10-05T14:03:59.683273+00:00,amazon_usa,MOTHERBOARD,B0DJP7NRXX,"GIGABYTE Z890 AORUS Elite WIFI7 ICE Intel Core Ultra (Series 2) LGA 1851 Motherboard, ATX, DDR5, 3X M.2, PCIe 5.0, Thunderbolt 4, WIFI7, 2.5GbE LAN, EZ-Latch",252.6,73.44,2026-10-05,4.0,47,https://www.amazon.com/GIGABYTE-Z890-AORUS-WIFI7-ICE/dp/B0DJP7NRXX,0.0,73.44
20261005_134359,2026-10-05T14:03:59.683273+00:00,amazon_usa,MOTHERBOARD,B0DJPTBCD6,ASRock Z890M Riptide WiFi 6E Phantom Gaming Intel Core Ultra Z890 LGA1851 RL-ILM DDR5 9066 MHz 256 GB M.2 Micro ATX Motherboard,181.88,52.88,2026-10-05,3.7,16,https://www.amazon.com/ASRock-Z890M-Riptide-Phantom-Motherboard/dp/B0DJPTBCD6,0.0,52.88
20261005_134359,2026-10-05T14:03:59.683273+00:00,amazon_usa,MOTHERBOARD,B0DJPTRP57,"msi MEG Z890 ACE Gaming Motherboard (Support Core Ultra Series 2 Intel Processors, LGA 1851, DDR5, PCIe 5.0, M.2, SATA, 10Gbps LAN, USB Type-C, Wi-Fi 7, Bluetooth 5.4, Thunderbolt 4, ATX)",596.48,173.42,2026-10-05,4.3,63,https://www.amazon.com/MSI-Motherboard-Processors-Bluetooth-Thunderbolt/dp/B0DJPTRP57,0.0,173.42
20261005_134359,2026-10-05T14:03:59.683273+00:00,amazon_usa,MOTHERBOARD,B0DZF4DPSP,NZXT N7 Z890 - Intel Z890 LGA 1851 ATX Motherboard - White,353.65,102.82,2026-10-05,4.4,3,https://www.amazon.com/NZXT-N7-Z890-Motherboard-Thunderbolt/dp/B0DZF4DPSP,0.0,102.82
20261005_134359,2026-10-05T14:03:59.683273+00:00,amazon_usa,MOTHERBOARD,B0DJPTRFN6,"msi MPG Z890 Carbon WiFi Gaming Motherboard (Support Core Ultra Series 2 Intel Processors, LGA 1851, DDR5, PCIe 5.0, M.2, SATA, 5Gbps LAN, USB Type-C, Wi-Fi 7, Bluetooth 5.4, Thunderbolt 4, ATX)",353.65,102.82,2026-10-05,4.2,48,https://www.amazon.com/MSI-MPG-Z890-Motherboard-Thunderbolt/dp/B0DJPTRFN6,0.0,102.82
20261005_134359,2026-10-05T14:03:59.683273+00:00,amazon_usa,MOTHERBOARD,B0H3KQ763N,Micro Center Bundle Intel Core Ultra7 270K Plus CPU Motherboard Combo,565.83,164.51,2026-10-05,0.0,0,https://www.amazon.com/Micro-Center-Bundle-Ultra7-Motherboard/dp/B0H3KQ763N,0.0,164.51
20261005_134359,2026-10-05T14:03:59.683273+00:00,amazon_usa,MOTHERBOARD,B0DH6R9WM9,"msi PRO Z890-P WiFi ProSeries Motherboard (Supports Core Ultra Series 2 Intel Processors, LGA 1851, DDR5, PCIe 5.0, M.2, SATA, 5Gbps LAN, USB Type-C, Wi-Fi 7, Bluetooth 5.4, Thunderbolt 4, ATX)",206.13,59.93,2026-10-05,4.1,33,https://www.amazon.com/MSI-ProSeries-Motherboard-Processors-Thunderbolt/dp/B0DH6R9WM9,0.0,59.93
20261005_134359,2026-10-05T14:03:59.683273+00:00,amazon_usa,MOTHERBOARD,B0DJP8MMMJ,"GIGABYTE Z890 Eagle WIFI7 Intel Core Ultra (Series 2) LGA 1851 Motherboard, ATX, DDR5, 4X M.2, PCIe 5.0, USB4, WIFI7, 2.5GbE LAN, EZ-Latch",217.2,63.15,2026-10-05,3.9,42,https://www.amazon.com/GIGABYTE-Z890-WIFI7-Motherboard-EZ-Latch/dp/B0DJP8MMMJ,0.0,63.15
20261005_134359,2026-10-05T14:03:59.683273+00:00,amazon_usa,MOTHERBOARD,B0DJHNV6BR,ASRock Intel Core Ultra Z890 Lightning WiFi 7 Phantom Gaming 9066 MHz DDR5 256 GB ATX Motherboard M.2 LGA1851RL-ILM,191.96,55.81,2026-10-05,3.4,10,https://www.amazon.com/ASRock-Z890-Lightning-Motherboard-LGA1851RL-ILM/dp/B0DJHNV6BR,0.0,55.81
20261005_134359,2026-10-05T14:03:59.683273+00:00,amazon_usa,MOTHERBOARD,B0DM45SDVW,"msi MEG Z890 GODLIKE, E-ATX - Supports Intel Core Ultra Processors (Series 2), LGA 1851 - Dynamic Dashboard III, EZ Slide M.2, DDR5 (9200+ MT/s OC), M.2 & PCIe 5.0, Thunderbolt 5, Wi-Fi 7, 10G LAN",1064.97,309.63,2026-10-05,4.0,27,https://www.amazon.com/MSI-MEG-Z890-GODLIKE-ATX/dp/B0DM45SDVW,0.0,309.63
20261005_134359,2026-10-05T14:03:59.683273+00:00,amazon_usa,MOTHERBOARD,B0DJP9DBVS,"GIGABYTE Z890 Gaming X WIFI7 Intel Core Ultra (Series 2) LGA 1851 Motherboard, ATX, DDR5, 4X M.2, PCIe 5.0, USB4, WIFI7, 2.5GbE LAN, EZ-Latch",252.6,73.44,2026-10-05,4.4,18,https://www.amazon.com/GIGABYTE-Z890-WIFI7-Motherboard-EZ-Latch/dp/B0DJP9DBVS,0.0,73.44
20261005_134359,2026-10-05T14:03:59.683273+00:00,amazon_usa,MOTHERBOARD,B0DJN733P4,ASRock Z890 Pro RS WiFi 6E White Intel Core Ultra LGA1851 RL-ILM DDR5 8666 MHz 256 GB ATX Motherboard M.2,247.27,71.89,2026-10-05,5.0,4,https://www.amazon.com/ASRock-Z890-RS-LGA1851-Motherboard/dp/B0DJN733P4,0.0,71.89
20261005_134359,2026-10-05T14:03:59.683273+00:00,amazon_usa,MOTHERBOARD,B0DH6SF5LB,"msi MAG Z890 Tomahawk WiFi Gaming Motherboard (Supports Core Ultra Series 2 Intel Processors, LGA 1851, DDR5, PCIe 5.0, M.2, SATA, 5Gbps LAN, USB Type-C, Wi-Fi 7, Bluetooth 5.4, Thunderbolt 4, ATX)",262.71,76.38,2026-10-05,4.3,124,https://www.amazon.com/MSI-MAG-Z890-Motherboard-Thunderbolt/dp/B0DH6SF5LB,0.0,76.38
20261005_134359,2026-10-05T14:03:59.683273+00:00,amazon_usa,MOTHERBOARD,B0HBW2VWJ6,Micro Center Intel core Ultra 7 270k Plus Bundle w/Asrock Z890 PRO RS WiFi,535.53,155.7,2026-10-05,0.0,0,https://www.amazon.com/Micro-Center-Intel-Bundle-Asrock/dp/B0HBW2VWJ6,0.0,155.7
20261005_134359,2026-10-05T14:03:59.683273+00:00,amazon_usa,MOTHERBOARD,B0DQLKD2KK,"GIGABYTE Z890 AORUS Master AI TOP Intel Core Ultra (Series 2) LGA 1851 Motherboard, E-ATX, DDR5, 4X M.2, PCIe 5.0, Thunderbolt 4, WIFI7, 10GbE LAN, EZ-Latch",535.53,155.7,2026-10-05,4.2,10,https://www.amazon.com/GIGABYTE-Z890-AORUS-TOP-Motherboard/dp/B0DQLKD2KK,0.0,155.7
20261005_134359,2026-10-05T14:03:59.683273+00:00,amazon_usa,MOTHERBOARD,B0FBYXQY72,"SUS Prime Z890-P WiFi Z890 LGA 1851 ATX Motherboard, Intel® Core™ Ultra Series 2 Ready, Advanced AI PC-Ready, 14+1+1+2 Power Stage, DDR5, PCIe® 5.0, Thunderbolt™ 4 USB Type-C®, 4X M.2, Wi-Fi 7",161.55,46.97,2026-10-05,0.0,0,https://www.amazon.com/ASUS-motherboard-Advanced-PC-ready-ThunderboltTM/dp/B0FBYXQY72,0.0,46.97
20261005_134359,2026-10-05T14:03:59.683273+00:00,amazon_usa,MOTHERBOARD,B0DJPWFRFF,"msi PRO Z890-S WiFi ProSeries Motherboard (Support Core Ultra Series 2 Intel Processors, LGA 1851, DDR5, PCIe 5.0, M.2, SATA, 2.5Gbps LAN, USB Type-C, Wi-Fi 7, Bluetooth 5.4, Thunderbolt 4, ATX)",201.07,58.46,2026-10-05,4.8,15,https://www.amazon.com/MSI-ProSeries-Motherboard-Processors-Thunderbolt/dp/B0DJPWFRFF,0.0,58.46
20261005_134359,2026-10-05T14:03:59.683273+00:00,amazon_usa,MOTHERBOARD,B0GYS86T2W,msi Z890 Gaming Plus WIFI6E - LGA 1851 ATX Motherboard,191.96,55.81,2026-10-05,0.0,0,https://www.amazon.com/MSI-Z890-Gaming-Plus-WIFI6E/dp/B0GYS86T2W,0.0,55.81
20261005_134359,2026-10-05T14:04:03.804534+00:00,amazon_usa,MOTHERBOARD,B0DJDFX4M1,"ASUS Intel Prime Z890-P ATX Motherboard,14+1+2+1 (80A) Power Stages, DDR5 Slots, PCIe 5.0 w/Full Support for Next-gen GPUs, USB 20Gbps Type-C Port, 4 x M.2 Slots, PCIe Slot Q-Release",267.28,77.71,2026-10-05,3.8,33,https://www.amazon.com/ASUS-Motherboard-Support-Next-gen-Q-Release/dp/B0DJDFX4M1,25.0,102.71
20261005_134359,2026-10-05T14:04:03.804534+00:00,amazon_usa,MOTHERBOARD,B0HBTTVY15,Micro Center Intel core Ultra 5 250k Plus Bundle w/Asrock Z890 PRO RS WiFi,424.37,123.38,2026-10-05,0.0,0,https://www.amazon.com/Micro-Center-Intel-Bundle-Asrock/dp/B0HBTTVY15,0.0,123.38
20261005_134359,2026-10-05T14:04:03.804534+00:00,amazon_usa,MOTHERBOARD,B0DPY43LJC,"msi MPG Z890I Edge TI WiFi Motherboard, Mini-ITX - Supports Intel Core Ultra Processors (Series 2), LGA 1851-110A SPS VRM, DDR5 Memory Boost (8600+ MT/s OC), PCIe 5.0 x16, M.2 Gen5, Wi-Fi 7, 5G LAN",303.12,88.13,2026-10-05,4.4,28,https://www.amazon.com/MSI-MPG-Z890I-Edge-Motherboard/dp/B0DPY43LJC,0.0,88.13
20261005_134359,2026-10-05T14:04:03.804534+00:00,amazon_usa,MOTHERBOARD,B0DK7JG668,"GIGABYTE Z890 Gaming X WIFI7 Motherboard - Supports Intel Core Ultra (Series 2) Processors, 16+1+2 Phases VRM, up to 8800MHz DDR5 (OC), 1xPCIe 5.0 + 3xPCIe 4.0, Wi-Fi 7, 2.5GbE LAN, Thunderbolt 4",319.05,92.76,2026-10-05,4.5,19,https://www.amazon.com/GIGABYTE-Z890-GAMING-WIFI7-Motherboard/dp/B0DK7JG668,0.0,92.76
20261005_134359,2026-10-05T14:04:03.804534+00:00,amazon_usa,MOTHERBOARD,B0C1NLN31J,"msi Sparepart Pro Z890-P WiFi Motherboard Intel Z890 Lga 1851 (Socket, W129021733 (Intel Z890 Lga 1851 (Socket V1) ATX)",388.01,112.81,2026-10-05,3.9,25,https://www.amazon.com/MSI-Sparepart-Z890-P-Motherboard-W129021733/dp/B0C1NLN31J,0.0,112.81
20261005_134359,2026-10-05T14:04:03.804534+00:00,amazon_usa,MOTHERBOARD,B0BRQSWSFQ,"msi PRO B760-P WiFi DDR4 ProSeries Motherboard - Supports 12th/13th/14th Gen Intel Processors, LGA 1700, DDR4, PCIe 4.0, M.2, 2.5Gbps LAN, USB 3.2 Gen2, HDMI/DP, Wi-Fi 6E, Bluetooth 5.3, ATX",140.43,40.83,2026-10-05,4.6,667,https://www.amazon.com/MSI-ProSeries-Motherboard-Supports-Processors/dp/B0BRQSWSFQ,0.0,40.83
20261005_134359,2026-10-05T14:04:03.804534+00:00,amazon_usa,MOTHERBOARD,B0H3KVMDJZ,Micro Center CPU Motherboard Combo -Intel Core Ultra 7 270K Plus 24 cores up to 5.5 GHz Desktop Processor with Asus Z890 AYW Gaming WiFi W LGA 1851 ATX Motherboard,545.61,158.63,2026-10-05,5.0,2,https://www.amazon.com/Micro-Center-Motherboard-Desktop-Processor/dp/B0H3KVMDJZ,0.0,158.63
20261005_134359,2026-10-05T14:04:03.804534+00:00,amazon_usa,MOTHERBOARD,B0DJDHCC9X,"ASUS Intel ROG Maximus Z890 Apex ATX Motherboard, 22+1+2+2 Power Stages, DDR5 Slots, PCIe 5.0 with Full Support for Next-gen GPUs, six M.2 Slots, WiFi 7, AI Overclocking, PCIe Slot Q-Release Slim",743.96,216.3,2026-10-05,4.2,24,https://www.amazon.com/ASUS-ROG-Z890-Motherboard-Overclocking/dp/B0DJDHCC9X,0.0,216.3
20261005_134359,2026-10-05T14:04:03.804534+00:00,amazon_usa,MOTHERBOARD,B0BSMYVD88,"msi MPG Z890 EDGE TI WIFI Motherboard, ATX - Supports Intel Core Ultra Processors (Series 2), LGA 1851-90A SPS VRM, DDR5 Memory Boost (9066+ MT/s OC), PCIe 5.0 x16 & 4.0 x16, M.2 Gen5, Wi-Fi 7, 5G L",440.08,127.95,2026-10-05,4.6,40,https://www.amazon.com/MSI-MPG-Z890-EDGE-WIFI/dp/B0BSMYVD88,0.0,127.95
20261005_134359,2026-10-05T14:04:03.804534+00:00,amazon_usa,MOTHERBOARD,B0G3TWBHYC,"msi PRO Z790-A WiFi II Motherboard, ATX - Supports Intel Core 14th, 13th & 12th Gen Processors, LGA 1700-80A SPS VRM, DDR5 Memory Boost 7800+MT/s/OC, PCIe 5.0 x16, 4 x M.2 Gen4, Wi-Fi 6E, 2.5G LAN",222.29,64.63,2026-10-05,4.4,26,https://www.amazon.com/MSI-PRO-WiFi-II-Motherboard/dp/B0G3TWBHYC,0.0,64.63
20261005_134359,2026-10-05T14:04:03.804534+00:00,amazon_usa,MOTHERBOARD,B0DK7M5X2R,"GIGABYTE Z890 AORUS Elite WIFI7 ICE Motherboard - Supports Intel Core Ultra (Series 2) CPUs, 16+1+2 Phases VRM, up to 8800MHz DDR5 (OC), 1xPCIe 5.0 + 3xPCIe 4.0, Wi-Fi 7, 2.5GbE LAN, Thunderbolt 4",276.5,80.39,2026-10-05,4.4,95,https://www.amazon.com/GIGABYTE-Z890-AORUS-WIFI7-Motherboard/dp/B0DK7M5X2R,0.0,80.39
20261005_134359,2026-10-05T14:04:03.804534+00:00,amazon_usa,MOTHERBOARD,B0FP2ZFZ7L,"GIGABYTE Z890 AORUS Tachyon ICE Intel Core Ultra (Series 2) LGA 1851 Motherboard, E-ATX, DDR5, 4X M.2, PCIe 5.0, Thunderbolt 4, WIFI7, 5GbE LAN, D5 Bionic Corsa",588.19,171.01,2026-10-05,0.0,0,https://www.amazon.com/GIGABYTE-Z890-AORUS-ICE-Motherboard/dp/B0FP2ZFZ7L,0.0,171.01
20261005_134359,2026-10-05T14:04:03.804534+00:00,amazon_usa,MOTHERBOARD,B0DJDCD8PV,"ASUS ROG Maximus Z890 Extreme Intel Z890 LGA1851 DDR5 9200 HDMI 2xThunderbolt 5 6X M2 USB3.2 WiFi 7 + BT Aura RGB 10Gbit + 2.5Gbit LAN ATX 24+1+2+2 Power Phases, Thunderbolt 5, 5, 5, 5, 5"" LCD",1101.95,320.38,2026-10-05,3.8,34,https://www.amazon.com/ASUS-MAXIMUS-EXTREME-2xThunderbolt-Thunderbolt/dp/B0DJDCD8PV,25.0,345.38
20261005_134359,2026-10-05T14:04:03.804534+00:00,amazon_usa,MOTHERBOARD,B0F9FRX73M,Micro Center Bundle Intel Core Ultra 7 265KF and msi Pro Z890-P WiFi Combo,505.19,146.88,2026-10-05,3.5,5,https://www.amazon.com/Micro-Center-CPU-Motherboard-Combo/dp/B0F9FRX73M,0.0,146.88
20261005_134359,2026-10-05T14:04:03.804534+00:00,amazon_usa,MOTHERBOARD,B0DL75T61Q,"ASUS PROART Z890-CREATOR WIFI Intel ATX Motherboard, DDR5 Card Slot, Black",530.34,154.19,2026-10-05,4.4,60,https://www.amazon.com/ASUS-Z890-CREATOR-Motherboard-Generation-Thunderbolt/dp/B0DL75T61Q,0.0,154.19
20261005_134359,2026-10-05T14:04:03.804534+00:00,amazon_usa,MOTHERBOARD,B0D54QJ9CJ,"GIGABYTE B760M Gaming Plus WiFi DDR4 LGA 1700 Intel B760 M-ATX Motherboard, 2* M.2, PCIe 4.0, Front USB 3.2 Gen 1 Type-C, 6 GbE LAN, Q-Flash Plus, EZ-Latch",140.23,40.77,2026-10-05,4.3,337,https://www.amazon.com/GIGABYTE-B760M-DDR4-Motherboard-EZ-Latch/dp/B0D54QJ9CJ,0.0,40.77
20261005_134359,2026-10-05T14:04:03.804534+00:00,amazon_usa,MOTHERBOARD,B0DQLH4ZTR,"GIGABYTE B860 AORUS Elite WIFI7 ICE Intel Core Ultra (Series 2) LGA 1851 Motherboard, ATX, DDR5, 3X M.2, PCIe 5.0, USB-C, WIFI7, 2.5GbE LAN, EZ-Latch",181.88,52.88,2026-10-05,3.7,17,https://www.amazon.com/GIGABYTE-B860-AORUS-WIFI7-ICE/dp/B0DQLH4ZTR,0.0,52.88
20261005_134359,2026-10-05T14:04:03.804534+00:00,amazon_usa,MOTHERBOARD,B0DJDFTS7R,"ASUS PRIME Z890-P WIFI Motherboard: Intel Z890 LGA1851, DDR5 8400, DP HDMI USB4, 4x M2, WiFi 7 + BT, AURA RGB, 2.5Gbit LAN, ATX 14+1+2+1 Power Phases, Thunderbolt 4, AI Technology",309.76,90.06,2026-10-05,4.4,60,https://www.amazon.com/ASUS-PRIME-Z890-P-WIFI-Motherboard/dp/B0DJDFTS7R,0.0,90.06
20261005_134359,2026-10-05T14:04:03.804534+00:00,amazon_usa,MOTHERBOARD,B0DJDF92JW,"ASUS Intel ROG Strix Z890-A Gaming WiFi ATX Motherboard, 16+1+2+2 Power Stage, DDR5 Slots, PCIe 5.0 w/Full Support for Next Generation GPUs, Five M.2 Slots, WiFi 7, AI Overclocking, AI",385.88,112.19,2026-10-05,4.4,61,https://www.amazon.com/ASUS-Motherboard-Support-Generation-Overclocking/dp/B0DJDF92JW,25.0,137.19
20261005_134359,2026-10-05T14:04:03.804534+00:00,amazon_usa,MOTHERBOARD,B0DQLJGTRM,"GIGABYTE B850M AORUS Elite WIFI6E ICE AMD AM5 mATX Motherboard, Support AMD Ryzen 9000/8000/7000 Series, DDR5, 12+2+2 Power Phase, 2X M.2, PCIe 5.0, USB-C, WIFI6E, 2.5GbE, EZ-Latch, 5-Year Warranty",161.66,47.0,2026-10-05,4.5,297,https://www.amazon.com/GIGABYTE-B850M-AORUS-WIFI6E-ICE/dp/B0DQLJGTRM,0.0,47.0
20261005_134359,2026-10-05T14:04:03.804534+00:00,amazon_usa,MOTHERBOARD,B07HCT5GBD,"ASUS Prime Z390-P LGA1151 (Intel 8th and 9th Gen) ATX Motherboard for Cryptocurrency Mining(BTC) with Above 4G Decoding, 6xPCIe Slot and USB 3.1 Gen2",202.07,58.75,2026-10-05,4.4,1800,https://www.amazon.com/Prime-Z390-P-LGA1151-Intel-Motherboard/dp/B07HCT5GBD,0.0,58.75
20261005_134359,2026-10-05T14:04:08.283727+00:00,amazon_usa,MOTHERBOARD,B0CX1GPFW4,"ASRock B760M Pro-A/D4 WiFi Micro ATX Motherboard, Intel LGA1700, DDR4 5333+ (OC), PCIe 4.0, 2.5G LAN, Wi-Fi 6E, 7+1+1 Dr.MOS",121.24,35.25,2026-10-05,5.0,10,https://www.amazon.com/ASRock-B760M-D4-WiFi-Motherboard/dp/B0CX1GPFW4,0.0,35.25
20261005_134359,2026-10-05T14:04:08.283727+00:00,amazon_usa,MOTHERBOARD,B0DK7JMBBX,"GIGABYTE Z890 AORUS Master Motherboard - Supports Intel Core Ultra (Series 2) CPUs, 18+1+2 Phases VRM, up to 9500MHz DDR5 (OC), 2xPCIe 5.0 + 3xPCIe 4.0, Wi-Fi 7, 10GbE LAN, Thunderbolt 4",353.65,102.82,2026-10-05,4.1,21,https://www.amazon.com/GIGABYTE-Z890-AORUS-Master-Motherboard/dp/B0DK7JMBBX,0.0,102.82
20261005_134359,2026-10-05T14:04:08.283727+00:00,amazon_usa,MOTHERBOARD,B08W8PH5B9,GIGABYTE Z590 Vision G (LGA 1200/Intel Z590/ATX/3x M.2/PCIe 4.0/USB 3.2 Gen2X2 Type-C/2.5GbE LAN/Motherboard),427.15,124.19,2026-10-05,4.1,125,https://www.amazon.com/GIGABYTE-Z590-Vision-Gen2X2-Motherboard/dp/B08W8PH5B9,0.0,124.19
20261005_134359,2026-10-05T14:04:08.283727+00:00,amazon_usa,MOTHERBOARD,B0BZTB5LKJ,"ASUS Prime B760M-A AX LGA 1700(Intel® 12th&13th Gen) microATX Motherboard (PCIe® 4.0, 2xM.2 Slots, DDR5,Realtek 2.5 Gb LAN,WiFi 6, DP,Rear USB 3.2 Gen 2, Front USB 3.2 Gen 1 Type-C®)",138.06,40.14,2026-10-05,4.2,178,https://www.amazon.com/ASUS-AX-microATX-Motherboard-Realtek/dp/B0BZTB5LKJ,0.0,40.14
20261005_134359,2026-10-05T14:04:08.283727+00:00,amazon_usa,MOTHERBOARD,B0C15THTK7,"msi B760 Gaming Plus WiFi Gaming Motherboard (DDR5 Memory ONLY) for 12th/13th/14th Gen Intel Processors, LGA 1700, PCIe 4.0, M.2, 2.5Gbps LAN, USB 3.2 Gen2, HDMI/DP, Wi-Fi 6E, Bluetooth 5.3, ATX",137.96,40.11,2026-10-05,4.5,876,https://www.amazon.com/MSI-B760-Motherboard-Supports-Processors/dp/B0C15THTK7,0.0,40.11
20261005_134359,2026-10-05T14:04:08.283727+00:00,amazon_usa,MOTHERBOARD,B09GP7P1XS,"ASUS ROG Strix B550-F Gaming WiFi II AMD AM4 (3rd Gen Ryzen) ATX DDR4 Gaming Motherboard (PCIe 4.0, WiFi 6E, 2.5Gb LAN, BIOS Flashback, HDMI 2.1, Addressable RGB Header and Aura Sync)",176.82,51.41,2026-10-05,4.6,3300,https://www.amazon.com/ROG-B550-F-II-Motherboard-Addressable/dp/B09GP7P1XS,0.0,51.41
20261005_134359,2026-10-05T14:04:08.283727+00:00,amazon_usa,MOTHERBOARD,B07ZT3F95V,"ASUS Prime Z490-P LGA 1200 (Intel® 10th Gen) ATX Motherboard (Dual M.2, DDR4 4600, 1 Gb Ethernet, USB 3.2 Gen 2 USB Type-A®, Thunderbolt™ 3 Support, Aura Sync RGB)",303.12,88.13,2026-10-05,4.5,486,https://www.amazon.com/ASUS-Prime-Z490-P/dp/B07ZT3F95V,0.0,88.13
20261005_134359,2026-10-05T14:04:08.283727+00:00,amazon_usa,MOTHERBOARD,B0DF5WNFJ2,"Amazon Renewed PRO Z790-P WiFi ProSeries Motherboard (Supports 12th/13th/14th Gen Intel Processors, LGA 1700, DDR5, PCIe 5.0, M.2, 2.5Gbps LAN, USB 3.2 Gen2, HDMI/DP, Wi-Fi 6E, Bluetooth 5.3, ATX) (Re",119.66,34.79,2026-10-05,4.3,74,https://www.amazon.com/MSI-PRO-Z790-P-WiFi-ProSeries/dp/B0DF5WNFJ2,0.0,34.79
20261005_134359,2026-10-05T14:04:08.283727+00:00,amazon_usa,MOTHERBOARD,B08VLNY3FG,"ASUS TUF Gaming Z590-Plus, LGA 1200 (Intel11th/10th Gen) ATX Gaming Motherboard (PCIe 4.0, 3xM.2/NVMe SSD, 14+2 Power Stages,USB 3.2 Front Panel Type-C, 2.5Gb LAN, Thunderbolt 4, Aura RGB Lighting)",505.19,146.88,2026-10-05,4.6,175,https://www.amazon.com/ASUS-TUF-Z590-Plus-Motherboard-Thunderbolt/dp/B08VLNY3FG,0.0,146.88
20261005_134359,2026-10-05T14:04:08.283727+00:00,amazon_usa,MOTHERBOARD,B07HS59X7P,"GIGABYTE Z390 UD (LGA 1151 (300 Series) Intel Z390 SATA 6Gb/s ATX Intel Motherboard for Cryptocurrency Mining with Above 4G Decoding, 6 x PCIe Slots)",191.86,55.78,2026-10-05,4.4,1300,https://www.amazon.com/GIGABYTE-Z390-UD-LGA1151-Motherboard/dp/B07HS59X7P,0.0,55.78
20261005_134359,2026-10-05T14:04:08.283727+00:00,amazon_usa,MOTHERBOARD,B0CBNP35BD,ASRock B760 Pro RS WiFi 6E LGA1700 HDMI DisplayPort eDP Intel B760 ATX Motherboard DDR5 192GB 7200+ (OC) MHz SATA3 6.0 Gb/s USB3.2 Gen2 2.5G LAN PCIe5.0 M.2 64Bit,131.35,38.19,2026-10-05,4.7,35,https://www.amazon.com/ASRock-B760-WiFi-Intel-Motherboard/dp/B0CBNP35BD,0.0,38.19
20261005_134359,2026-10-05T14:04:08.283727+00:00,amazon_usa,MOTHERBOARD,B0BHBP8CS2,"msi PRO Z790-P WiFi ProSeries Motherboard (Supports 12th/13th/14th Gen Intel Processors, LGA 1700, DDR5, PCIe 5.0, M.2, 2.5Gbps LAN, USB 3.2 Gen2, HDMI/DP, Wi-Fi 6E, Bluetooth 5.3, ATX)",207.95,60.46,2026-10-05,4.4,347,https://www.amazon.com/MSI-Z790-P-ProSeries-Motherboard-Processors/dp/B0BHBP8CS2,0.0,60.46
20261005_134359,2026-10-05T14:04:08.283727+00:00,amazon_usa,MOTHERBOARD,B0DSQX832M,ASRock B860 Pro RS Intel Core Ultra DDR5 8666 MHz 256GB M.2 LGA1851 ATX Motherboard SATA3 6.0 Gb/s PCIe 5.0 BIOS Flashback,131.35,38.19,2026-10-05,4.6,19,https://www.amazon.com/ASRock-Intel-LGA1851-Motherboard-Flashback/dp/B0DSQX832M,0.0,38.19
20261005_134359,2026-10-05T14:04:08.283727+00:00,amazon_usa,MOTHERBOARD,B0DQBJ64KH,"msi MAG B860 Tomahawk WiFi Motherboard, ATX - Supports Intel Core Ultra Processors (Series 2), LGA 1851 - DDR5 Memory Boost 9200+ MT/s OC, 1 x PCIe 5.0 x16, 1 x M.2 Gen5, 5G LAN, Wi-Fi 7",180.88,52.59,2026-10-05,4.5,34,https://www.amazon.com/MAG-B860-Tomahawk-WiFi-Motherboard/dp/B0DQBJ64KH,0.0,52.59
20261005_134359,2026-10-05T14:04:08.283727+00:00,amazon_usa,MOTHERBOARD,B0CK582LX5,ASRock B760M PG Riptide WiFi Micro-ATX Motherboard | Supports 14th/13th/12th Gen Intel | DDR5 7200+ (OC) | WiFi 6E | 2.5G LAN | 14+1+1 Power Phase | Front & Rear USB-C,121.24,35.25,2026-10-05,4.6,122,https://www.amazon.com/ASRock-B760M-PG-Riptide-WiFi/dp/B0CK582LX5,0.0,35.25
20261005_134359,2026-10-05T14:04:08.283727+00:00,amazon_usa,MOTHERBOARD,B0G1L6TV4B,"Mavark Asus ROG Maximus Hero Z890 LGA 1851 ATX Motherboard with Advanced AI PC-Ready DDR5, WiFi 7 + Intel Core Ultra 9 285K 24 Cores 5.7 GHz",1615.67,469.74,2026-10-05,0.0,0,https://www.amazon.com/Mavark-ROG-Maximus-Hero-Z890/dp/B0G1L6TV4B,0.0,469.74
20261005_134359,2026-10-05T14:04:08.283727+00:00,amazon_usa,MOTHERBOARD,B0CK774991,"ASRock H610M-HDV/M.2 R2.0 Micro-ATX Motherboard, Supports Intel 14th/13th/12th Gen Core Processors (LGA1700), DDR4 3200, PCIe 4.0, Ultra M.2, Triple Display",60.6,17.62,2026-10-05,4.0,23,https://www.amazon.com/ASRock-Intel-H610-Micro-Motherboard/dp/B0CK774991,0.0,17.62
20261005_134359,2026-10-05T14:04:08.283727+00:00,amazon_usa,MOTHERBOARD,B0BSLJY9R6,msi PRO Z890-S WiFi PZ - LGA 1851 Back-Connect ATX Motherboard,375.01,109.03,2026-10-05,4.3,14,https://www.amazon.com/MSI-Z890-S-WiFi-Motherboard-Back-Connect/dp/B0BSLJY9R6,0.0,109.03
20261005_134359,2026-10-05T14:04:08.283727+00:00,amazon_usa,MOTHERBOARD,B0BZ9T4KF6,"msi PRO B760M-P DDR4 ProSeries Motherboard (Supports 12th/13th/14th Gen Intel Processors, LGA 1700, DDR4, PCIe 4.0, M.2, USB 3.2 Gen2, HDMI/DP, mATX)",100.02,29.08,2026-10-05,4.5,779,https://www.amazon.com/MSI-PRO-B760M-P-DDR4-Motherboard/dp/B0BZ9T4KF6,0.0,29.08
20261005_134359,2026-10-05T14:04:08.283727+00:00,amazon_usa,MOTHERBOARD,B0DY7D2ZWD,Micro Center CPU Motherboard Combo - Intel i9-14900K 14th Gen 24-Cores LGA 1700 Desktop Processor Bundle with TUF Gaming Z790-Plus WiFi Gaming Motherboard,707.3,205.64,2026-10-05,4.5,28,https://www.amazon.com/Micro-Center-CPU-Motherboard-Combo/dp/B0DY7D2ZWD,0.0,205.64
20261005_134359,2026-10-05T14:04:08.283727+00:00,amazon_usa,MOTHERBOARD,B0DK7LQMMP,"GIGABYTE Z890 AORUS PRO ICE Motherboard - Supports Intel Core Ultra (Series 2) CPUs, 16+1+2 Phases VRM, up to 9500MHz DDR5 (OC), 1xPCIe 5.0 + 4xPCIe 4.0, Wi-Fi 7, 5GbE LAN, Thunderbolt 4",333.43,96.94,2026-10-05,4.0,21,https://www.amazon.com/GIGABYTE-Z890-AORUS-PRO-ICE/dp/B0DK7LQMMP,0.0,96.94
20261005_134359,2026-10-05T14:04:13.341859+00:00,amazon_usa,MOTHERBOARD,B09PX326Q8,"msi PRO H610M-G DDR4 Motherboard (12th/13th/14th Gen Intel Core, LGA 1700 Socket, DDR4, PCIe 4, SATA 6Gb/s, 1Gbps LAN, M.2 Slots, USB 3.2, mATX)",90.94,26.44,2026-10-05,4.6,553,https://www.amazon.com/MSI-H610M-G-Motherboard-Intel-Socket/dp/B09PX326Q8,0.0,26.44
20261005_134359,2026-10-05T14:04:13.341859+00:00,amazon_usa,MOTHERBOARD,B0D2CZGTSY,"ASRock B760M Pro-A D4 Micro ATX Motherboard, Intel 14th/13th/12th Gen, 7+1+1 Dr.MOS, DDR4 5333+ (OC), PCIe 4.0, 2.5G LAN, Dual M.2",111.13,32.31,2026-10-05,4.8,8,https://www.amazon.com/ASRock-B760M-D4-Motherboard-Dr-MOS/dp/B0D2CZGTSY,0.0,32.31
20261005_134359,2026-10-05T14:04:13.341859+00:00,amazon_usa,MOTHERBOARD,B0DG3QW9TJ,"msi MPG X870E Carbon WiFi Gaming Motherboard (AMD Ryzen 9000/8000/7000 Series Processors, AM5, DDR5, PCIe 5.0, M.2 Gen5, SATA 6Gb/s, USB 40Gbps, HDMI, Wi-Fi 7, Bluetooth 5.4, 5Gbps LAN, ATX)",353.65,102.82,2026-10-05,4.4,350,https://www.amazon.com/MSI-MPG-X870E-Motherboard-Processors/dp/B0DG3QW9TJ,0.0,102.82
20261005_134359,2026-10-05T14:04:13.341859+00:00,amazon_usa,MOTHERBOARD,B0BL8K1YH1,"msi MAG Z790 Tomahawk WiFi Gaming Motherboard (Supports 12th/13th/14th Gen Intel Processors, LGA 1700, DDR5, PCIe 5.0, M.2, 2.5Gbps LAN, USB 3.2 Gen2, HDMI/DP, Wi-Fi 6E, Bluetooth 5.3, ATX)",232.37,67.56,2026-10-05,4.1,588,https://www.amazon.com/MSI-MAG-Z790-Motherboard-Processors/dp/B0BL8K1YH1,0.0,67.56
20261005_134359,2026-10-05T14:04:13.341859+00:00,amazon_usa,MOTHERBOARD,B09322DLZS,"ASUS Pro Q570M-C/CSM LGA1200 (Intel 10th&11th Gen) mATX Commercial Motherboard (PCIe 4.0,1 LAN,Front Panel USB 3.2 Type-C, Intel vPro,2X DP,TPM 2.0 IC,COM debug Header,self-Recovering BIOS,ACCE)",166.71,48.47,2026-10-05,4.2,26,https://www.amazon.com/ASUS-Q570M-C-CSM-Motherboard-self-Recovering/dp/B09322DLZS,0.0,48.47
20261005_134359,2026-10-05T14:04:13.341859+00:00,amazon_usa,MOTHERBOARD,B0DGB8Q19Y,"ASUS TUF Gaming X870-PLUS WiFi AMD AM5 X870 ATX Motherboard, 16+2+1, 80A SPS Power Stages, DDR5, PCIe 5.0 Ready, Four M.2 Slots, Wi-Fi 7, 2.5Gb LAN, HDMI, USB4® 40Gbps, SATA 6 Gbps, USB 20Gbps Type-C",232.37,67.56,2026-10-05,4.5,624,https://www.amazon.com/ASUS-TUF-Gaming-X870-PLUS-Motherboard/dp/B0DGB8Q19Y,0.0,67.56
20261005_134359,2026-10-05T14:04:13.341859+00:00,amazon_usa,MOTHERBOARD,B0GYCQJN4S,"GIGABYTE H810M Gaming WIFI6 GEN5 Intel LGA 1851 mATX Motherboard, Support Core Ultra (Series 2), DDR5, 4+1+2 Power Phase, PCIe 5.0 x16, 1x M.2, USB 3.2 Gen 1, Front USB-C, WiFi 6, 2.5GbE, EZ-Latch",131.35,38.19,2026-10-05,5.0,2,https://www.amazon.com/GIGABYTE-H810M-WIFI6-Motherboard-EZ-Latch/dp/B0GYCQJN4S,0.0,38.19
20261005_134359,2026-10-05T14:04:13.341859+00:00,amazon_usa,MOTHERBOARD,B0DRR2WKMM,"ASUS Prime H810M-A WiFi-CSM Intel® H810 LGA 1851 mATX Motherboard, 6+1+1+1 Discrete MOS, DDR5, PCIe 4.0, 2X M.2, Intel® 1Gb Ethernet, Wi-Fi 6, DisplayPort, HDMI™, USB 10Gbps, Front USB 5Gbps Type-C®",131.35,38.19,2026-10-05,3.9,9,https://www.amazon.com/ASUS-WiFi-CSM-Motherboard-Discrete-DisplayPort/dp/B0DRR2WKMM,0.0,38.19
20261005_134359,2026-10-05T14:04:13.341859+00:00,amazon_usa,MOTHERBOARD,B0GYCZSRWN,"GIGABYTE H810M S2H GEN5 Intel LGA 1851 mATX Motherboard, Support Core Ultra (Series 2), DDR5, 4+1+2 Power Phase, PCIe 5.0 x16, 1x M.2, USB 3.2 Gen 1, Front USB-C 5Gb/s, GbE LAN, PCIe EZ-Latch",116.19,33.78,2026-10-05,0.0,0,https://www.amazon.com/GIGABYTE-H810M-S2H-Motherboard-EZ-Latch/dp/B0GYCZSRWN,0.0,33.78
20261005_134359,2026-10-05T14:04:13.341859+00:00,amazon_usa,MOTHERBOARD,B07HRWJ555,GIGABYTE Z390 AORUS Elite (Intel LGA1151/Z390/ATX/2xM.2/Realtek ALC1220/RGB Fusion/Gaming Motherboard),287.95,83.72,2026-10-05,4.3,587,https://www.amazon.com/GIGABYTE-Z390-AORUS-LGA1151-Motherboard/dp/B07HRWJ555,0.0,83.72
20261005_134359,2026-10-05T14:04:13.341859+00:00,amazon_usa,MOTHERBOARD,B07J6Z9KJ2,msi Z390-A PRO LGA1151 (Intel 8th and 9th Gen) M.2 USB 3.1 Gen 2 DDR4 HDMI DP CFX Dual Gigabit LAN ATX Z390 Gaming Motherboard,285.17,82.91,2026-10-05,4.6,3700,https://www.amazon.com/MSI-PRO-LGA1151-Gigabit-Motherboard/dp/B07J6Z9KJ2,0.0,82.91
20261005_134359,2026-10-05T14:04:13.341859+00:00,amazon_usa,MOTHERBOARD,B07W5YGCYW,GIGABYTE D Intel Z390 LGA 1151 ATX DDR4-SDRAM Motherboard,217.69,63.29,2026-10-05,4.5,180,https://www.amazon.com/GIGABYTE-Intel-Z390-DDR4-SDRAM-Motherboard/dp/B07W5YGCYW,0.0,63.29
20261005_134359,2026-10-05T14:04:13.341859+00:00,amazon_usa,MOTHERBOARD,B0DT7GVQFL,"ASUS Pro WS Z890-ACE SE Motherboard Intel ATX, 16+2+1+2 Current Phases, DDR5 Slot, PCIe 5.0 for New Generation Graphics Cards, 4 M.2 Slots, USB-C Thunderbolt, Black",588.98,171.24,2026-10-05,4.2,9,https://www.amazon.com/ASUS-Z890-ACE-Motherboard-Generation-Thunderbolt/dp/B0DT7GVQFL,0.0,171.24
20261005_134359,2026-10-05T14:04:13.341859+00:00,amazon_usa,MOTHERBOARD,B0DQLJRY8C,"GIGABYTE B860 Eagle WIFI6E Intel Core Ultra (Series 2) LGA 1851 Motherboard, ATX, DDR5, 3X M.2, PCIe 5.0, USB-C, WIFI6E, 2.5GbE LAN, EZ-Latch",181.88,52.88,2026-10-05,4.4,18,https://www.amazon.com/GIGABYTE-B860-WIFI6E-Motherboard-EZ-Latch/dp/B0DQLJRY8C,0.0,52.88
20261005_134359,2026-10-05T14:04:13.341859+00:00,amazon_usa,MOTHERBOARD,B07HRZKPXM,GIGABYTE Z390 AORUS PRO Wi-Fi (Intel LGA1151/Z390/ATX/2xM.2 Thermal Guard/Onboard AC Wi-Fi/RGB Fusion/Gaming Motherboard),303.12,88.13,2026-10-05,4.5,2100,https://www.amazon.com/GIGABYTE-Z390-AORUS-PRO-Motherboard/dp/B07HRZKPXM,0.0,88.13
20261005_134359,2026-10-05T14:04:13.341859+00:00,amazon_usa,MOTHERBOARD,B0CFWL42ZG,"Amazon Renewed MPG Z790 Edge WiFi Gaming Motherboard (Supports 12th/13th Gen Intel Processors, LGA 1700, DDR5, PCIe 5.0, M.2, 2.5Gbps LAN, USB 3.2 Gen2, Wi-Fi 6E, ATX) (Renewed)",150.0,43.61,2026-10-05,4.2,64,https://www.amazon.com/MSI-Motherboard-Supports-Processors-2-5Gbps/dp/B0CFWL42ZG,0.0,43.61
20261005_134359,2026-10-05T14:04:13.341859+00:00,amazon_usa,MOTHERBOARD,B0CR5P7WGN,INLAND by Micro Center CPU Motherboard Combo - Core i5-14600K 14 Cores up to 5.3 GHz Unlocked Desktop Processor with MSI PRO Z790-P WiFi DDR5 ProSeries Motherboard,444.59,129.26,2026-10-05,4.5,5,https://www.amazon.com/Inland-Micro-Center-Motherboard-Combo/dp/B0CR5P7WGN,0.0,129.26
20261005_134359,2026-10-05T14:04:13.341859+00:00,amazon_usa,MOTHERBOARD,B083R7SWF5,"GIGABYTE B760M DS3H AX DDR4 Intel LGA 1700 mATX Motherboard, Support Intel Core 14th/13th/12th Gen, DDR4, 6+2+1 Power Phase, 2X M.2, PCIe 4.0, USB-C, WIFI6E, 2.5GbE LAN, Q-Flash Plus, PCIe EZ-Latch",135.38,39.36,2026-10-05,4.2,125,https://www.amazon.com/B760M-DS3H-AX-DDR4-Motherboard/dp/B083R7SWF5,0.0,39.36
20261005_134359,2026-10-05T14:04:23.707943+00:00,amazon_usa,MOTHERBOARD,B0BQD58D96,"ASUS TUF Gaming Z790-Plus WiFi LGA 1700(Intel 14th,12th &13th Gen) ATX Gaming Motherboard(PCIe 5.0,DDR5,4xM.2 Slots,16+1 DrMOS,WiFi 6,2.5Gb LAN,Front USB 3.2 Gen 2 Type-C,Thunderbolt 4(USB4),Aura RGB)",202.07,58.75,2026-10-05,4.5,1300,https://www.amazon.com/ASUS-TUF-Intel%C2%AE12th-Motherboard-Thunderbolt/dp/B0BQD58D96,0.0,58.75
20261005_134359,2026-10-05T14:04:23.707943+00:00,amazon_usa,MOTHERBOARD,B0BH9DXY38,"GIGABYTE Z790 AORUS Elite AX LGA 1700 ATX Motherboard, Support Intel Core 14th/13th/12th Gen, DDR5, 16+1+2 Power Phase, 4X M.2, PCIe 5.0, USB-C 3.2, WIFI6E, 2.5GbE, Q-Flash, EZ-Latch, RGB Fusion",191.96,55.81,2026-10-05,4.4,1200,https://www.amazon.com/GIGABYTE-Z790-Q-Flash-EZ-Latch-Motherboard/dp/B0BH9DXY38,0.0,55.81
20261005_134359,2026-10-05T14:04:23.707943+00:00,amazon_usa,MOTHERBOARD,B0FBB9TQ5L,"ASUS Z790-AYW WiFi W II Intel Z790 (LGA 1700) ATX Motherboard with PCIe® 5.0, 3X M.2, 12+1 DrMOS, DDR5, WiFi 6, 2.5Gb LAN, HDMI, USB 10Gbps Type-C®, USB 10Gbps Type-C®, Thunderbolt™, USB4®, Aura Sync",202.07,58.75,2026-10-05,4.3,145,https://www.amazon.com/ASUS-Z790-AYW-II-Motherboard-ThunderboltTM/dp/B0FBB9TQ5L,0.0,58.75
20261005_134359,2026-10-05T14:04:23.707943+00:00,amazon_usa,MOTHERBOARD,B0CTNPZLNH,"GIGABYTE Z790 Eagle AX LGA 1700 ATX Motherboard, Support Intel Core 14th/13th/12th Gen, DDR5, 12+1+1 Power Phase, 3X M.2, PCIe 5.0, USB-C 3.2, WIFI6E, 2.5GbE, Q-Flash, EZ-Latch, RGB Fusion",171.77,49.94,2026-10-05,4.4,209,https://www.amazon.com/GIGABYTE-Z790-EAGLE-AX-Motherboard/dp/B0CTNPZLNH,0.0,49.94
20261005_134359,2026-10-05T14:04:23.707943+00:00,amazon_usa,MOTHERBOARD,B0DD5RJLZ8,"ASUS Z790 GAMING WIFI7 (LGA 1700) ATX motherboard with PCIe 5.0, three M.2 slots, 14+1 DrMOS, DDR5, Realtek 1Gb LAN, HDMI TM, USB 3.2 Gen 2x2 Type-C, front USB 3.2 Gen 1 Type-C, Thunderbolt, Aura Sync",166.71,48.47,2026-10-05,4.3,28,https://www.amazon.com/ASUS-Z790-GAMING-WIFI7-motherboard/dp/B0DD5RJLZ8,0.0,48.47
20261005_134359,2026-10-05T14:04:23.707943+00:00,amazon_usa,MOTHERBOARD,B0F8PR49WV,"ASUS Z790 MAX Gaming WIFI7 Intel Z790 (LGA 1700) ATX Motherboard with PCIe 5.0, Three M.2 Slots, 14+1 DrMOS, DDR5, WiFi 7, Realtek 1Gb LAN, HDMI, USB 20Gbps Type-C®, Thunderbolt™ (USB4®), Aura Sync",202.07,58.75,2026-10-05,4.4,60,https://www.amazon.com/ASUS-Z790-MAX-WIFI7-ThunderboltTM/dp/B0F8PR49WV,0.0,58.75
20261005_134359,2026-10-05T14:04:23.707943+00:00,amazon_usa,MOTHERBOARD,B0D8STYFCN,"Amazon Renewed Z790 GAMING PLUS WIFI-AMZ Gaming Motherboard (Support 14th/13th/12th Gen Intel Processors, LGA 1700, DDR5, PCIe 5.0, M.2 Slots, 2.5Gbps LAN, USB 3.2 Gen2, Wi-Fi 6E, Bluetooth 5.3, ATX) ",127.88,37.18,2026-10-05,4.0,35,https://www.amazon.com/MSI-WIFI-AMZ-Motherboard-Processors-Bluetooth/dp/B0D8STYFCN,0.0,37.18
20261005_134359,2026-10-05T14:04:23.707943+00:00,amazon_usa,MOTHERBOARD,B0BHTMXMRQ,"GIGABYTE Z790 UD AC LGA 1700 ATX Motherboard, Support Intel Core 14th/13th/12th Gen, DDR5, 16+1+1 Power Phase, 3X M.2, PCIe 5.0, USB-C 3.2, Dual Band WiFi, 2.5GbE, EZ-Latch, Q-Flash, RGB Fusion",202.07,58.75,2026-10-05,4.2,431,https://www.amazon.com/GIGABYTE-Z790-EZ-Latch-Multi-Key-Motherboard/dp/B0BHTMXMRQ,0.0,58.75
20261005_134359,2026-10-05T14:04:23.707943+00:00,amazon_usa,MOTHERBOARD,B0CPB4CKW6,"Amazon Renewed TUF Gaming Z790-Plus WiFi LGA 1700(Intel 14th,12th &13th Gen) ATX Motherboard(PCIe 5.0,DDR5,4xM.2 Slots,16+1 DrMOS,WiFi 6,2.5Gb LAN,Front USB 3.2 Gen 2 Type-C,(USB4),Aura RGB) (Renewed)",111.13,32.31,2026-10-05,4.2,17,https://www.amazon.com/ASUS-Z790-Plus-Motherboard-Thunderbolt-Renewed/dp/B0CPB4CKW6,0.0,32.31
20261005_134359,2026-10-05T14:04:23.707943+00:00,amazon_usa,MOTHERBOARD,B0D2JFH7NQ,"msi Z790 Gaming Plus WiFi-AMZ Gaming Motherboard (Support 14th/13th/12th Gen Intel Processors, LGA 1700, DDR5, PCIe 5.0, M.2 Slots, 2.5Gbps LAN, USB 3.2 Gen2, Wi-Fi 6E, Bluetooth 5.3, ATX)",179.95,52.32,2026-10-05,4.0,129,https://www.amazon.com/MSI-WiFi-AMZ-Motherboard-Processors-Bluetooth/dp/B0D2JFH7NQ,0.0,52.32
20261005_134359,2026-10-05T14:04:23.707943+00:00,amazon_usa,MOTHERBOARD,B0CR5THXPC,INLAND Micro Center CPU Motherboard Combo - Intel Core i7-14700K 20 Cores up to 5.6 GHz Unlocked LGA 1700 Desktop Processor with MSI PRO Z790-P WiFi ProSeries Motherboard,562.29,163.48,2026-10-05,4.4,33,https://www.amazon.com/INLAND-Micro-Center-Motherboard-Combo/dp/B0CR5THXPC,0.0,163.48
20261005_134359,2026-10-05T14:04:23.707943+00:00,amazon_usa,MOTHERBOARD,B0BJDZ4YZR,ASRock Z790 Pro RS Intel Z790 Series CPU (LGA1700) DDR5 Memory Compatible Z790 ATX Motherboard,282.83,82.23,2026-10-05,3.8,71,https://www.amazon.com/ASRock-Z790-RS-Compatible-Motherboard/dp/B0BJDZ4YZR,0.0,82.23
20261005_134359,2026-10-05T14:04:27.586669+00:00,amazon_usa,MOTHERBOARD,B0BL92SPJQ,"msi MPG Z790 Edge WiFi Gaming Motherboard (Supports 12th/13th/14th Gen Intel Processors, LGA 1700, DDR5, PCIe 5.0, M.2, 2.5Gbps LAN, USB 3.2 Gen2, Wi-Fi 6E, Bluetooth 5.3, ATX)",430.18,125.07,2026-10-05,4.5,313,https://www.amazon.com/MSI-MPG-Z790-Edge-Motherboard/dp/B0BL92SPJQ,0.0,125.07
20261005_134359,2026-10-05T14:04:27.586669+00:00,amazon_usa,MOTHERBOARD,B0D2PK3CC1,"GIGABYTE Z790M AORUS Elite AX ICE LGA 1700 Intel Z790 M-ATX Motherboard with DDR5, Triple M.2, PCIe 5.0, USB 3.2 Gen2X2 Type-C, Intel Wi-Fi 6E, 2.5GbE LAN, Q-Flash Plus, EZ-Latch Plus",333.43,96.94,2026-10-05,4.2,91,https://www.amazon.com/GIGABYTE-Z790M-AORUS-ICE-Motherboard/dp/B0D2PK3CC1,25.0,121.94
20261005_134359,2026-10-05T14:04:27.586669+00:00,amazon_usa,MOTHERBOARD,B0C2ZWVHDF,"Amazon Renewed MAG Z790 Tomahawk WiFi Computer Gaming Motherboard (Supports 12th/13th Gen Intel Processors, LGA 1700, DDR5, PCIe 5.0, M.2, USB 3.2 Gen2, Wi-Fi 6E, ATX) Intel Gaming PC Motherboards (Re",139.88,40.67,2026-10-05,4.0,26,https://www.amazon.com/MSI-Tomahawk-Motherboard-Processors-Motherboards/dp/B0C2ZWVHDF,0.0,40.67
20261005_134359,2026-10-05T14:04:27.586669+00:00,amazon_usa,MOTHERBOARD,B0CX2SW64Y,"Amazon Renewed PRO Z790-A MAX WiFi ProSeries Motherboard (Supports 12th/13th/14th Gen Intel Processors, LGA 1700, DDR5, PCIe 5.0, M.2, 2.5Gbps LAN, USB 3.2 Gen2, Wi-Fi 7, ATX) (Renewed)",111.13,32.31,2026-10-05,2.9,2,https://www.amazon.com/MSI-ProSeries-Motherboard-Supports-Processors/dp/B0CX2SW64Y,0.0,32.31
20261005_134359,2026-10-05T14:04:27.586669+00:00,amazon_usa,MOTHERBOARD,B0BH97W2N4,ASUS ROG Strix Z790-A Gaming WiFi D4 Intel Z790 LGA 1700 ATX DDR4-SDRAM Motherboard,731.55,212.69,2026-10-05,4.2,188,https://www.amazon.com/Strix-Z790-Gaming-DDR4-SDRAM-Motherboard/dp/B0BH97W2N4,0.0,212.69
20261005_134359,2026-10-05T14:04:27.586669+00:00,amazon_usa,MOTHERBOARD,B0BLF7QXJK,"GIGABYTE Z790 Gaming X AX Intel LGA 1700 ATX Motherboard, 4X DDR5~128GB, 3X PCI-E x16, 3X M.2, 6X SATA, 5X USB 3.2, 1x USB-C, 6X USB 2.0",454.7,132.2,2026-10-05,4.3,121,https://www.amazon.com/GIGABYTE-GAMING-Intel-Motherboard-128GB/dp/B0BLF7QXJK,0.0,132.2
20261005_134359,2026-10-05T14:04:27.586669+00:00,amazon_usa,MOTHERBOARD,B0CKM9NYCS,Amazon Renewed N7 Z790 Motherboard - N7-Z79XT-B1 - Intel Z790 chipset (Supports 12th &13th Gen CPUs) - ATX Gaming Motherboard - Integrated I/O Shield - WiFi 6E connectivity - Bluetooth - Black (Renewe,202.07,58.75,2026-10-05,2.0,2,https://www.amazon.com/NZXT-Z790-Motherboard-N7-Z79XT-B1-connectivity/dp/B0CKM9NYCS,0.0,58.75
20261005_134359,2026-10-05T14:04:27.586669+00:00,amazon_usa,MOTHERBOARD,B0BJF1RS19,ASRock MB ASROCK | Z790 Steel Legend WiFi,371.84,108.11,2026-10-05,4.3,188,https://www.amazon.com/ASRock-ASROCK-Z790-Steel-Legend/dp/B0BJF1RS19,25.0,133.11
20261005_134359,2026-10-05T14:04:27.586669+00:00,amazon_usa,MOTHERBOARD,B0D1J3C4JC,"msi PRO Z790-VC WiFi ProSeries Motherboard (Support 14th/13th/12th Gen Intel Processors, LGA 1700, DDR5, PCIe 5.0, M.2 Slots, 2.5Gbps LAN, USB 3.2 Gen2, HDMI/DP, Wi-Fi 7, Bluetooth 5.4, ATX)",265.84,77.29,2026-10-05,4.3,31,https://www.amazon.com/MSI-PRO-Z790-VC-Motherboard-Processors/dp/B0D1J3C4JC,0.0,77.29
20261005_134359,2026-10-05T14:04:27.586669+00:00,amazon_usa,MOTHERBOARD,B0CJMQ2S5M,"ASUS ROG Strix Z790-E Gaming WiFi II LGA 1700(Intel 14th & 13th & 12th Gen)ATX gaming motherboard(DDR5,PCIe 5.0,2.5 Gb LAN,5XM.2 slots,PCIe 5.0 x16,WiFi 7 front-panel connector with PD 3.0 up to 30W.",870.81,253.18,2026-10-05,4.4,188,https://www.amazon.com/ASUS-ROG-II-motherboard-front-panel/dp/B0CJMQ2S5M,0.0,253.18
20261005_134359,2026-10-05T14:04:27.586669+00:00,amazon_usa,MOTHERBOARD,B0DBQ53C6B,INLAND by Micro Center CPU Motherboard Intel i7-14700K 14th Gen 20-Cores LGA 1700 Desktop Processor with ASUS TUF Gaming Z790-Plus WiFi DDR5 Motherboard,586.02,170.38,2026-10-05,4.7,22,https://www.amazon.com/INLAND-Motherboard-i7-14700K-Processor-Z790-Plus/dp/B0DBQ53C6B,0.0,170.38
20261005_134359,2026-10-05T14:04:27.586669+00:00,amazon_usa,MOTHERBOARD,B0FHBKQF8M,"Amazon Renewed Z790 Gaming WIFI7 LGA 1700 ATX Motherboard with PCIe 5.0, 3X M.2 Slots, 14+1 DrMOS, DDR5, Realtek 1Gb LAN, HDMI TM, USB 3.2 Gen 2x2 Type-C, Front USB 3.2 Gen 1 Type-C, Thunderbolt USB4 ",101.02,29.37,2026-10-05,5.0,2,https://www.amazon.com/ASUS-Z790-WIFI7-Motherboard-Thunderbolt/dp/B0FHBKQF8M,0.0,29.37
20261005_134359,2026-10-05T14:04:31.919478+00:00,amazon_usa,MOTHERBOARD,B0CYC4MCW4,"COMeap Front Panel Connector for Motherboard Am4 Am5 AMD X670e Z790, Motherboard Extension Cable with Front Panel Plug POWE LED+/-, HDD LED, Power SW, Reset SW,HD Audio, Front USB Extension (21in)",14.14,4.11,2026-10-05,4.5,18,,0.0,4.11
20261005_134359,2026-10-05T14:04:31.919478+00:00,amazon_usa,MOTHERBOARD,B0D2ZB6362,"Amazon Renewed MAG Z790 Tomahawk MAX WiFi Gaming Motherboard (Supports 12th/13th/14th Gen Intel Processors, LGA 1700, DDR5, PCIe 5.0, M.2, 2.5Gbps LAN, USB 3.2 Gen2, Wi-Fi 7, ATX) (Renewed)",176.82,51.41,2026-10-05,3.7,14,https://www.amazon.com/MSI-Tomahawk-Motherboard-Supports-Processors/dp/B0D2ZB6362,0.0,51.41
20261005_134359,2026-10-05T14:04:31.919478+00:00,amazon_usa,MOTHERBOARD,B0BRBSMMFH,"Amazon Renewed Prime Z790-A WiFi 6E LGA 1700(Intel®13th&12th) ATX Motherboard (16+1 DrMOS, PCIe 5.0,DDR5,4X M.2 Slots,2.5 Gb LAN,USB 3.2 Gen 2 Front Panel Type-C, Thunderbolt™ 4/USB4, DP) (Renewed)",131.35,38.19,2026-10-05,3.1,5,https://www.amazon.com/ASUS-Intel%C2%AE13th-Motherboard-ThunderboltTM-Renewed/dp/B0BRBSMMFH,0.0,38.19
20261005_134359,2026-10-05T14:04:31.919478+00:00,amazon_usa,MOTHERBOARD,B0FH32VYVD,Amazon Renewed Z790-V Prime WiFi AX Intel LGA 1700 ATX Motherboard DDR5 (Renewed),111.13,32.31,2026-10-05,5.0,1,https://www.amazon.com/ASUS-Z790-V-Prime-Motherboard-Renewed/dp/B0FH32VYVD,0.0,32.31
20261005_134359,2026-10-05T14:04:31.919478+00:00,amazon_usa,MOTHERBOARD,B0D3D3BKRN,"TUF Gaming Z790-BTF WiFi 7 Intel® Z790 (LGA 1700) ATX Motherboard,Hidden-Connector Design, PCIe 5.0, 4xM.2 Slots, 16+1+1 Power Stages, DDR5,2.5Gb Ethernet,USB Type-C, Front USB Type-C, Thunderbolt™ 4",632.52,183.9,2026-10-05,4.2,67,https://www.amazon.com/TUF-Z790-BTF-Motherboard-Hidden-Connector-ThunderboltTM/dp/B0D3D3BKRN,0.0,183.9
20261005_134359,2026-10-05T14:04:31.919478+00:00,amazon_usa,MOTHERBOARD,B0BK8KRQ33,ASRock Z790 LiveMixer Motherboard DDR5 Dual Channel 7200+(OC) MHz ATX 2oz Copper PCB SATA3 6.0 Gb/s LGA1700 192GB 2.5G LAN M.2 Key-E for WiFi PCIe 5.0,337.31,98.07,2026-10-05,4.3,57,https://www.amazon.com/MB-ASRock-Z790-LiveMixer-R/dp/B0BK8KRQ33,0.0,98.07
20261005_134359,2026-10-05T14:04:31.919478+00:00,amazon_usa,MOTHERBOARD,B0BJDZRGRW,"ASRock Z790 PG Lightning ATX Motherboard, Intel 14th/13th/12th Gen LGA1700, DDR5 7200+ (OC), PCIe 5.0, 2.5G LAN, 14+1+1 Phase Dr.MOS",231.51,67.31,2026-10-05,4.5,75,https://www.amazon.com/ASRock-Z790-PG-Lightning-Motherboard/dp/B0BJDZRGRW,0.0,67.31
20261005_134359,2026-10-05T14:04:31.919478+00:00,amazon_usa,MOTHERBOARD,B0CFGGL5J1,"Amazon Renewed Prime Z790-P WiFi LGA 1700(Intel® 13th &12th Gen) ATX Motherboard (PCIe 5.0,DDR5,14+1 Power Stages,3X M.2,WiFi 6,Bluetooth v5.2,2.5Gb LAN, USB 3.2 Gen 2 Type-C®, Thunderbolt™ 4/USB4) (R",141.47,41.13,2026-10-05,3.2,9,https://www.amazon.com/ASUS-Motherboard-Bluetooth-Type-C%C2%AE-ThunderboltTM/dp/B0CFGGL5J1,0.0,41.13
20261005_134359,2026-10-05T14:04:31.919478+00:00,amazon_usa,MOTHERBOARD,B0BH954689,ASUS Prime Z790-A WiFi Intel Z790 LGA 1700 ATX,426.84,124.1,2026-10-05,4.2,459,https://www.amazon.com/ASUS-PRIME-Z790-WIFI-Intel/dp/B0BH954689,0.0,124.1
20261005_134359,2026-10-05T14:04:31.919478+00:00,amazon_usa,MOTHERBOARD,B0BSYFV5NL,Amazon Renewed Z790 UD AC (LGA 1700/ Intel Z790/ ATX/ DDR5/ Triple M.2/ PCIe 5.0/ USB 3.2 Gen2X2 Type-C/Intel Wi-Fi/ 2.5GbE LAN/PCIe EZ-Latch/Multi-Key/Motherboard) (Renewed),145.46,42.29,2026-10-05,4.8,6,https://www.amazon.com/GIGABYTE-EZ-Latch-Multi-Key-Motherboard-Renewed/dp/B0BSYFV5NL,0.0,42.29
20261005_134359,2026-10-05T14:04:31.919478+00:00,amazon_usa,MOTHERBOARD,B09XWR42S5,Intel Z790 Ddr5 128Gb,195.02,56.7,2026-10-05,4.5,446,https://www.amazon.com/msi-7E06-001R-Intel-Z790-128Gb/dp/B09XWR42S5,0.0,56.7
20261005_134359,2026-10-05T14:04:31.919478+00:00,amazon_usa,MOTHERBOARD,B0C326RQL7,"Amazon Renewed PRO Z790-P WiFi ProSeries Computer Gaming Motherboard (Supports 12th/13th Gen Intel Processors, LGA 1700, DDR5, PCIe 5.0, M.2, 2.5Gbps LAN, USB 3.2, Wi-Fi 6E, ATX) Intel PC Motherboards",101.02,29.37,2026-10-05,4.4,7,https://www.amazon.com/MSI-ProSeries-Motherboard-Processors-Motherboards/dp/B0C326RQL7,0.0,29.37
20261005_134359,2026-10-05T14:04:31.919478+00:00,amazon_usa,MOTHERBOARD,B0BT23W5BP,GIGABYTE Z790M AORUS Elite AX (REV. 1.0) CHIPSET Intel Z790 LGA 1700 DDR5 13th & 12th Generation,333.43,96.94,2026-10-05,5.0,3,https://www.amazon.com/GIGABYTE-AORUS-ELITE-AX-Motherboard/dp/B0BT23W5BP,25.0,121.94
20261005_134359,2026-10-05T14:04:31.919478+00:00,amazon_usa,MOTHERBOARD,B0H471V6T3,"Amazon Renewed Prime Z790-A WiFi Motherboard, Intel LGA1700, DDR5 Memory Support, PCIe 5.0, WiFi 6E, 4X M.2 Slots, USB 3.2 Gen 2, Type-C, ATX Gaming & Productivity Motherboard (Renewed)",258.68,75.21,2026-10-05,0.0,0,https://www.amazon.com/ASUS-Motherboard-LGA1700-Support-Productivity/dp/B0H471V6T3,0.0,75.21
20261005_134359,2026-10-05T14:04:31.919478+00:00,amazon_usa,MOTHERBOARD,B0BZT9KYNB,"ASUS TUF GAMING B760-PLUS WIFI Intel B760 LGA 1700 ATX motherboard, Ready for 14th, 13th & 12th Gen Intel® Core CPU, 12+1+1 Stages, PCIe 5.0, 3x M.2, DDR5, 2.5G, USB 3.2 Type-C®, Thunderbolt 4™, USB4®",159.8,46.46,2026-10-05,4.5,412,https://www.amazon.com/ASUS-TUF-GAMING-B760-PLUS-WIFI/dp/B0BZT9KYNB,0.0,46.46
20261005_134359,2026-10-05T14:04:31.919478+00:00,amazon_usa,MOTHERBOARD,B0DN6RHB2H,"GIGABYTE Z790 Eagle Motherboard - Supports 14th Gen. Intel Core CPUs, 12+1+1 Phases VRM, up to 7600MHz DDR5 (OC), 3xPCIe 4.0 M.2, 2,5GbE LAN, USB 3.2 Gen 2",250.43,72.81,2026-10-05,4.4,9,https://www.amazon.com/GIGABYTE-Z790-Eagle-Motherboard-Supports/dp/B0DN6RHB2H,25.0,97.81
20261005_134359,2026-10-05T14:04:36.349992+00:00,amazon_usa,MOTHERBOARD,B0BZD3BMZL,msi B760 Gaming Plus WiFi Motherboard Intel B760 LGA 1700 ATX,140.95,40.98,2026-10-05,4.6,745,https://www.amazon.com/MSI-B760-GAMING-motherboard-Intel/dp/B0BZD3BMZL,0.0,40.98
20261005_134359,2026-10-05T14:04:36.349992+00:00,amazon_usa,MOTHERBOARD,B0CTMYKLL2,"GIGABYTE Z790 EAGLE AX Intel 1700 Socket Motherboard, ATX, 4x DDR5 Slots, 3x M.2 Sockets, 2x USB-C Port, Fitted I/O Shield, 2.5GbE LAN, Wi-Fi 6E, 1x DisplayPort / 1x HDMI Port",171.73,49.93,2026-10-05,4.5,102,https://www.amazon.com/Z790-EAGLE-AX-Motherboard-DisplayPort/dp/B0CTMYKLL2,0.0,49.93
20261005_134359,2026-10-05T14:04:36.349992+00:00,amazon_usa,MOTHERBOARD,B083TZ68H1,"GIGABYTE B650 Eagle AX AM5 LGA 1718 ATX Motherboard, DDR5, Triple M.2 Slots (1x PCIe 5.0, 2X PCIe 4.0), USB 3.2 Gen2x2 Type-C, WiFi 6E, Realtek GbE LAN",141.47,41.13,2026-10-05,4.6,972,https://www.amazon.com/GIGABYTE-B650-AX-Triple-Realtek/dp/B083TZ68H1,0.0,41.13
20261005_134359,2026-10-05T14:04:36.349992+00:00,amazon_usa,MOTHERBOARD,B0CJ4KCS1Z,"Amazon Renewed ROG Strix Z790-F 6E LGA 1700(Intel® 13th&12th Gen) ATX Gaming Motherboard(16 + 1 Power Stages,DDR5,Four M.2 Slots, PCIe® 5.0,WiFi 6E,USB 3.2 Gen 2x2 Type-C® with PD 3.0 up to 30W) (Rene",303.12,88.13,2026-10-05,5.0,1,https://www.amazon.com/ASUS-Z790-F-Motherboard-Type-C%C2%AE-Renewed/dp/B0CJ4KCS1Z,0.0,88.13
20261005_134359,2026-10-05T14:04:36.349992+00:00,amazon_usa,MOTHERBOARD,B0BH7GTY9C,"GIGABYTE B650 AORUS Elite AX AMD AM5 ATX Motherboard, Support Ryzen 9000/8000/7000 Series, DDR5, 14+2+1 Power Phase, PCIe 5.0 M.2, USB-C 3.2 Gen 2, WIFI6E, 2.5GbE, EZ-Latch, Q-Flash, RGB Fusion",161.66,47.0,2026-10-05,4.4,1500,https://www.amazon.com/GIGABYTE-B650-Warranty-EZ-Latch-Motherboard/dp/B0BH7GTY9C,0.0,47.0
20261005_134359,2026-10-05T14:04:36.349992+00:00,amazon_usa,MOTHERBOARD,B0FP3MRTC1,"ASUS B760M-AYW WiFi D4 II Intel® B760 (LGA 1700) microATX mATX Motherboard, PCIe 5.0 x16 Support, Two M.2 Slots, DDR4, Realtek 2.5Gb Ethernet, Wi-Fi 6, HDMI, SATA 6 Gbps, Front USB 5Gbps, Aura Sync",90.94,26.44,2026-10-05,4.4,135,https://www.amazon.com/ASUS-B760M-AYW-D4-II-Motherboard/dp/B0FP3MRTC1,0.0,26.44
20261005_134359,2026-10-05T14:04:36.349992+00:00,amazon_usa,MOTHERBOARD,B0CPY3N9SR,Micro Center Intel Core i5-13600K 14 (6P+8E) Cores up to 5.3 GHz Unlocked Desktop Processor with Integrated Intel UHD Graphics 770 Bundle with ASUS Prime Z790-P WiFi DDR5 ATX Gaming Motherboard,454.67,132.19,2026-10-05,5.0,1,https://www.amazon.com/i5-13600K-Unlocked-Processor-Integrated-Motherboard/dp/B0CPY3N9SR,0.0,132.19
20261005_134359,2026-10-05T14:04:36.349992+00:00,amazon_usa,MOTHERBOARD,B0CX2WQXNX,"Amazon Renewed PRO Z790-S WiFi ProSeries Motherboard (Supports 12th/13th Gen Intel Processors, LGA 1700, DDR5, PCIe 5.0, M.2, 2.5Gbps LAN, USB 3.2 Gen2, Wi-Fi 6E, ATX) (Renewed)",131.35,38.19,2026-10-05,1.0,2,https://www.amazon.com/MSI-ProSeries-Motherboard-Supports-Processors/dp/B0CX2WQXNX,0.0,38.19
20261005_134359,2026-10-05T14:04:36.349992+00:00,amazon_usa,MOTHERBOARD,B0D3S7Z3YG,ASRock Phantom Gaming Intel Z790I Lightning WiFi DDR5 DIMMs up to 8600+ (OC) MHz 128GB LGA1700 M.2 Mini-ITX Motherboard SATA3 6.0 Gb/s Z790 802.11axe Wi-Fi 6E PCIe 5.0 x16,447.62,130.14,2026-10-05,4.2,22,https://www.amazon.com/ASRock-Phantom-Lightning-Mini-ITX-Motherboard/dp/B0D3S7Z3YG,0.0,130.14
20261005_134359,2026-10-05T14:04:36.349992+00:00,amazon_usa,MOTHERBOARD,B0G1Q32R7K,"Amazon Renewed Z790 D AC LGA 1700 Intel Z790 ATX Motherboard with DDR5, Triple M.2, PCIe 5.0, USB 3.2 Gen2X2 Type-C, 2.5GbE LAN, PCIe EZ-Latch, Multi-Key (Renewed)",151.54,44.06,2026-10-05,0.0,0,https://www.amazon.com/GIGABYTE-Motherboard-EZ-Latch-Multi-Key-Renewed/dp/B0G1Q32R7K,0.0,44.06
20261005_134359,2026-10-05T14:04:36.349992+00:00,amazon_usa,MOTHERBOARD,B0C2C96LDL,ASRock B760M Pro RS Motherboard DDR5 7200MHz HDMI DisplayPort eDP PCIe Gen5 (Graphics) 14th 13th 12th Gen Intel Core Processors LGA1700 192GB,111.13,32.31,2026-10-05,4.6,401,https://www.amazon.com/Motherboard-7200MHz-DisplayPort-Graphics-Processors-LGA1700/dp/B0C2C96LDL,0.0,32.31
20261005_134359,2026-10-05T14:04:36.349992+00:00,amazon_usa,MOTHERBOARD,B0DPBQ7N9J,"Amazon Renewed ROG Maximus Z790 Hero EVA-02 Edition LGA 1700(Intel® 13&12th Gen) ATX Gaming Motherboard(DDR5, 5X M.2 Slots,PCIe 5.0 x16 with Q-Release,Wi-Fi 6E, 2xThunderbolt 4, USB 20G Type-C) (Renew",1616.67,470.03,2026-10-05,0.0,0,https://www.amazon.com/ASUS-ROG-Z790-EVA-02-2xThunderbolt/dp/B0DPBQ7N9J,0.0,470.03
20261005_134359,2026-10-05T14:04:36.349992+00:00,amazon_usa,MOTHERBOARD,B0BTZTSP2L,Intel Core i7-12700KF + GIGABYTE Z790 AORUS Elite AX Motherboard,479.95,139.54,2026-10-05,4.0,6,https://www.amazon.com/Intel-i7-12700KF-GIGABYTE-AORUS-Motherboard/dp/B0BTZTSP2L,25.0,164.54
20261005_134359,2026-10-05T14:04:36.349992+00:00,amazon_usa,MOTHERBOARD,B0FM2HB88D,Supermicro C9Z790-CGW Intel Core Single Socket V (LGA-1700) DDR5 ATX Motherboard,622.41,180.96,2026-10-05,0.0,0,https://www.amazon.com/Supermicro-C9Z790-CGW-Single-LGA-1700-Motherboard/dp/B0FM2HB88D,0.0,180.96
20261005_134359,2026-10-05T14:04:41.194620+00:00,amazon_usa,MOTHERBOARD,B09K8Z4XNR,ASUS ROG Maximus Formula Intel Z690 LGA 1700 ATX DDR5-SDRAM Motherboard,747.71,217.39,2026-10-05,3.9,161,https://www.amazon.com/ASUS-ROG-Z690-motherboard-2xThunderbolt/dp/B09K8Z4XNR,0.0,217.39
20261005_134359,2026-10-05T14:04:41.194620+00:00,amazon_usa,MOTHERBOARD,B0FPG9XG1K,"Amazon Renewed Z790 AORUS Elite AX 1.0 Intel LGA 1700 ATX Motherboard, 4X DDR5~128GB, 3X PCI-E x16, 4X M.2, 6X SATA, 5X USB 3.2, 1x USB-C, 4X USB 2.0 (Renewed)",176.79,51.4,2026-10-05,0.0,0,https://www.amazon.com/GIGABYTE-AORUS-Motherboard-DDR5-128GB-Renewed/dp/B0FPG9XG1K,0.0,51.4
20261005_134359,2026-10-05T14:04:41.194620+00:00,amazon_usa,MOTHERBOARD,B09JZFT4SN,GIGABYTE Z690 AORUS Ultra (LGA 1700/ Intel Z690/ ATX/ DDR5/ Quad M.2/ PCIe 5.0/ USB 3.2 Gen2X2/ Type-C/WiFi 6/2.5GbE LAN/Gaming Motherboard),343.74,99.94,2026-10-05,4.3,143,https://www.amazon.com/GIGABYTE-Z690-AORUS-Gen2X2-Motherboard/dp/B09JZFT4SN,0.0,99.94
20261005_134359,2026-10-05T14:04:41.194620+00:00,amazon_usa,MOTHERBOARD,B0DBQ3H3KQ,INLAND by Micro Center CPU Motherboard Intel i9-12900K 12th Gen 16-Cores LGA 1700 Desktop Processor with ASUS Z790 Gaming WIFI7 ATX Motherboard,505.19,146.88,2026-10-05,3.8,17,https://www.amazon.com/INLAND-Motherboard-i9-12900K-16-Cores-Processor/dp/B0DBQ3H3KQ,0.0,146.88
20261005_134359,2026-10-05T14:04:41.194620+00:00,amazon_usa,MOTHERBOARD,B0DGVGRVLQ,"GIGABYTE X870 AORUS Elite WIFI7 ICE AMD AM5 LGA 1718 Motherboard, ATX, DDR5, 4X M.2, PCIe 5.0, USB4, WIFI7, 2.5GbE LAN, EZ-Latch, 5-Year Warranty",259.82,75.54,2026-10-05,4.3,355,https://www.amazon.com/GIGABYTE-X870-AORUS-WIFI7-ICE/dp/B0DGVGRVLQ,0.0,75.54
20261005_134359,2026-10-05T14:04:41.194620+00:00,amazon_usa,MOTHERBOARD,B0DWHH3W6C,"Supermicro C9Z790-CGW Motherboard ATX Single Socket LGA-1700 (Socket V) Intel Core i9/i7/i5/i3, Processors 14th/13th/12th Generation and Pentium/Celeron Processors",577.97,168.04,2026-10-05,0.0,0,https://www.amazon.com/Supermicro-C9Z790-CGW-Motherboard-Processors-Generation/dp/B0DWHH3W6C,0.0,168.04
20261005_134359,2026-10-05T14:04:49.124422+00:00,aliexpress,MOTHERBOARD,3256812809149247,MSI Intel Z790 Motherboard PRO Z790-S WIFI Motherboard LGA 1700 DDR5 256GB support 13700KF 12900KF 14900F12600KF 13600KF CPU ATX,599.37,174.26,2026-10-05,0.0,0,,0.0,174.26
20261005_134359,2026-10-05T14:04:49.124422+00:00,aliexpress,MOTHERBOARD,3256812963092131,MSI Intel Z790 Motherboard PRO Z790-S WIFI Motherboard LGA 1700 DDR5 256GB support 13700KF 12900KF 14900F12600KF 13600KF CPU ATX,424.88,123.53,2026-10-05,0.0,0,,0.0,123.53
20261005_134359,2026-10-05T14:04:49.124422+00:00,aliexpress,MOTHERBOARD,3256812919905623,ERYING Z790 DDR5 ATX Motherboard Support Intel 14/13/12th Gen CPU 14600KF 13600KF Overclock PCIE4.0x16 LGA1700 ARGB WiFi6E AX211,822.69,239.19,2026-10-05,0.0,0,,0.0,239.19
20261005_134359,2026-10-05T14:04:49.124422+00:00,aliexpress,MOTHERBOARD,3256812323055360,H610M-K LGA1700 Motherboard Support Intel 12th 13th 14th Gen Core CPU Dual Channel DDR4 M.2 NVME PCIe 3.0 HDMI VGA M-ATX,325.45,94.62,2026-10-05,5.0,0,,0.0,94.62
20261005_134359,2026-10-05T14:04:49.124422+00:00,aliexpress,MOTHERBOARD,3256813049403692,ZZ FOR MSI Z790MPOWER LGA 1700 Intel Z790 DDR5 Micro ATX Motherboard Test OK,1315.3,382.41,2026-10-05,0.0,0,,0.0,382.41
20261005_134359,2026-10-05T14:04:49.124422+00:00,aliexpress,MOTHERBOARD,3256810597805281,ROG MAXIMUS Z790 EXTREME Motherboard E-ATX Form Factor Supports 13th 12th Gen Intel Core Processors Double for Desktop Use,4815.3,1400.0,2026-10-05,0.0,0,,0.0,1400.0
20261005_134359,2026-10-05T14:04:49.124422+00:00,aliexpress,MOTHERBOARD,3256810072944739,ERYING Z790 Gaming M-ATX Motherboard LGA1700 Support i9-14900KF 13900K i7-14700K 13700 i5-14600KF 12700F CPU 4xDDR5 NVME M.2,702.59,204.27,2026-10-05,5.0,0,,0.0,204.27
20261005_134359,2026-10-05T14:04:49.124422+00:00,aliexpress,MOTHERBOARD,3256812444273062,HUANANZHI X99-TF+TPM2.0 LGA 2011-3 Motherboard Kit ARGB ATX - Gaming And PC Building Parts,614.33,178.61,2026-10-05,5.0,0,,0.0,178.61
20261005_134359,2026-10-05T14:04:49.124422+00:00,aliexpress,MOTHERBOARD,3256812313958404,Virtue Preowned For ASUS ROG MAXIMUS Z790 DARK HERO Gaming Motherboard Socket for Intel LGA 1700 ATX Stable Operation,3978.06,1156.58,2026-10-05,0.0,0,,0.0,1156.58
20261005_134359,2026-10-05T14:04:49.124422+00:00,aliexpress,MOTHERBOARD,3256810143605426,ASUS ROG STRIX Z790-A GAMING WiFi 6E D4 LGA1700 Intel 13Th&12Th Gen ATX Gaming Motherboard 16+1 Power Stages DDR4 4xM.2 Slots,3087.81,897.75,2026-10-05,0.0,0,,0.0,897.75
20261005_134359,2026-10-05T14:04:49.124422+00:00,aliexpress,MOTHERBOARD,3256811939192337,128GB HDMI DP M.2 LGA 1700 DDR4 Micro ATX Z790 Mainboard For Colorful CVN Z790M FROZEN V20 Motherboard 100% Tested Fully Work,1219.82,354.65,2026-10-05,0.0,0,,0.0,354.65
20261005_134359,2026-10-05T14:04:49.124422+00:00,aliexpress,MOTHERBOARD,3256812574272663,HUANANZHI H12D-8D V2.0+BMC AMD EPYC Server Motherboard 8 DDR4 Slot 2TB PCIE4.0 IPMI BMC 2.5G Ethernet ATX Mainboard,2998.11,871.67,2026-10-05,5.0,0,,0.0,871.67
20261005_134359,2026-10-05T14:04:49.124422+00:00,aliexpress,MOTHERBOARD,3256810236225575,++FOR MSI PRO Z790-S WIFI  LGA 1700 ATX DDR5 LAN Intel Z790 Motherboard,1676.89,487.54,2026-10-05,0.0,0,,0.0,487.54
20261005_134359,2026-10-05T14:04:49.124422+00:00,aliexpress,MOTHERBOARD,3256812702635516,For GIGABYTE Z790 UD AX Motherboard LGA 1700  Intel Z790  DDR5 ATX M.2 Supports 13th and 12th Gen Intel Core Series Processors,525.73,152.85,2026-10-05,0.0,0,,0.0,152.85
20261005_134359,2026-10-05T14:04:49.124422+00:00,aliexpress,MOTHERBOARD,3256812591726759,USED FOR ASUS/ROG/MAXIMUS Z790 for DARK HERO Gaming Motherboard Socket For Intel/LGA 1700 ATX,3182.6,925.31,2026-10-05,0.0,0,,0.0,925.31
20261005_134359,2026-10-05T14:04:49.124422+00:00,aliexpress,MOTHERBOARD,3256812306933635,HUANANZHI B650M-B Pro AM5 M-ATX Motherboard with 2*DDR5 96GB 6800MHz RAM PCIe 4.0 X16 SATA3.0 ARGB Support for AMD Processors,485.55,141.17,2026-10-05,5.0,0,,0.0,141.17
20261005_134359,2026-10-05T14:04:49.124422+00:00,aliexpress,MOTHERBOARD,3256812192317975,Z790 WiFi Motherboard DDR5 for LGA1700 Socket ATX Gaming PC Build High Performance Desktop Motherboard for Intel 13th 12th,1645.04,478.28,2026-10-05,0.0,0,,0.0,478.28
20261005_134359,2026-10-05T14:04:49.124422+00:00,aliexpress,MOTHERBOARD,3256810618458742,Intel Z790 ATX Gaming Motherboard LGA 1700 Socket DDR5 Quad M.2 PCIe 5.0 USB 3.2 Gen2 Type-C WiFi 6E 2.5GbE LAN Q-Flash,519.71,151.1,2026-10-05,0.0,0,,0.0,151.1
20261005_134359,2026-10-05T14:04:49.124422+00:00,aliexpress,MOTHERBOARD,3256810419019766,H  FOR MSI MEG Z790 ACE MAX motherboard Intel Z790 LGA 1700 Extended ATX Test OK,7153.44,2079.79,2026-10-05,0.0,0,,0.0,2079.79
20261005_134359,2026-10-05T14:04:49.124422+00:00,aliexpress,MOTHERBOARD,3256812017543164,HUANANZHI X99-T8D+TPM 2.0 Motherboard LGA 2011-3 DDR3 E-ATX Dual-processor,481.39,139.96,2026-10-05,0.0,0,,0.0,139.96
20261005_134359,2026-10-05T14:04:49.124422+00:00,aliexpress,MOTHERBOARD,3256812833557788,TUF GAMING Z790-PLUS WIFI LGA1700 WIFI6E Gaming Motherboard DDR5 PCIe5.0 ATX Form Factor for Desktop Gaming PC,2046.5,595.0,2026-10-05,0.0,0,,0.0,595.0
20261005_134359,2026-10-05T14:04:49.124422+00:00,aliexpress,MOTHERBOARD,3256810143693285,ASUS PRIME Z790-P WIFI LGA 1700 Intel 13Th&12Th Gen ATX Motherboard PCIe 5.0 DDR5 14+1 Power Stages 3X M.2 WiFi 6 Bluetooth V5.2,2748.5,799.1,2026-10-05,0.0,0,,0.0,799.1
20261005_134359,2026-10-05T14:04:49.124422+00:00,aliexpress,MOTHERBOARD,3256812373487727,Pro Z790-P WiFi ATX Motherboard LGA 1700 DDR5 PCIe 5.0 M.2 NVMe 2.5G LAN USB 3.2 Wi-Fi 6E Bluetooth 5.3 for Intel 12th 13th,511.49,148.71,2026-10-05,0.0,0,,0.0,148.71
20261005_134359,2026-10-05T14:04:49.124422+00:00,aliexpress,MOTHERBOARD,3256811457531232,Topton 8-Bay NAS M-ATX Motherboard Z690 LGA1700 12-14th Gen Intel CPU 4xDDR4 8xSATA 4xNVMe 4x2.5G LAN 3xPCIE Firewall Server Boa,555.14,161.4,2026-10-05,5.0,0,,0.0,161.4
20261005_134359,2026-10-05T14:04:49.124422+00:00,aliexpress,MOTHERBOARD,3256813009596040,for Pro Z790-P WiFi ATX Motherboard LGA 1700 DDR5 PCIe 5.0 M.2 NVMe 2.5G LAN USB 3.2 Wi-Fi 6E Bluetooth 5.3 for Intel 12th,463.16,134.66,2026-10-05,0.0,0,,0.0,134.66
20261005_134359,2026-10-05T14:04:49.124422+00:00,aliexpress,MOTHERBOARD,3256812224443116,ASUS ROG STRIX Z790-A GAMING Wi-Fi 6E D4 LGA1700 Intel 13Th&12Th Gen ATX Gaming Motherboard 16+1 Power Stages DDR4 4xM.2 Slots,3087.81,897.75,2026-10-05,0.0,0,,0.0,897.75
20261005_134359,2026-10-05T14:04:49.124422+00:00,aliexpress,MOTHERBOARD,3256812022086516,For GA-Z790-AORUS ELITE X WIFI7 Motherboard ATX Intel LGA 1700 DDR5 DIMM Mainboard 100% Tested Fully Work be Fast Ship DH,2167.5,630.18,2026-10-05,0.0,0,,0.0,630.18
20261005_134359,2026-10-05T14:04:49.124422+00:00,aliexpress,MOTHERBOARD,3256812188184403,HUANANZHI H12D-16D E-ATX Server Motherboard For AMD EPYC Rome Milan 16 DDR4 Slots 4TB RAM 7 PCIe 4.0 X16 IPMI 2.0,3004.37,873.49,2026-10-05,0.0,0,,0.0,873.49
20261005_134359,2026-10-05T14:04:49.124422+00:00,aliexpress,MOTHERBOARD,3256811867502651,128GB HDMI DP M.2 LGA 1700 DDR5 ATX Z790 Mainboard For Asrock Z790 PG SONIC Motherboard 100% Tested Fully Work,2525.59,734.29,2026-10-05,0.0,0,,0.0,734.29
20261005_134359,2026-10-05T14:04:49.124422+00:00,aliexpress,MOTHERBOARD,3256811961186697,For ROG MAXIMUS Z790 HERO Motherboard 192GB HDMI PCI-E5.0 LGA 1700 DDR5 ATX Z790 Mainboard 100% Tested Fully Work,4420.69,1285.27,2026-10-05,0.0,0,,0.0,1285.27
20261005_134359,2026-10-05T14:04:49.124422+00:00,aliexpress,MOTHERBOARD,3256811881395578,192GB M.2 HDMI PCI-E5.0 LGA 1700 DDR5 ATX Z790 NEW For ROG MAXIMUS Z790 HERO EVA-02 EDITION Motherboard 100% Tested Fully Work,9233.23,2684.47,2026-10-05,0.0,0,,0.0,2684.47
20261005_134359,2026-10-05T14:04:49.124422+00:00,aliexpress,MOTHERBOARD,3256808852176834,LA-G901P For Dell Latitude 5510 5500 Notebook Mainboard 0F9GJ4 0J16NW I3-8145U I5-8265U I7-8665U Laptop Motherboard Full Tested,158.35,46.04,2026-10-05,5.0,0,,0.0,46.04
20261005_134359,2026-10-05T14:04:49.124422+00:00,aliexpress,MOTHERBOARD,3256810072482875,ERYING Z790 WIFI DDR4 Motherboard Support LGA1700 14700K 14600KF 14900F 13700K 13600K 13900f 12600K 12900K CPU PCIe4.0x16 M-ATX,518.09,150.63,2026-10-05,5.0,0,,0.0,150.63
20261005_134359,2026-10-05T14:04:49.124422+00:00,aliexpress,MOTHERBOARD,3256810448836444,ERYING Z790 WIFI DDR4 Motherboard Support LGA1700 14700K 14600KF 14900F 13700K 13600K 13900f 12600K 12900K CPU PCIe4.0x16 M-ATX,552.07,160.51,2026-10-05,0.0,0,,0.0,160.51
20261005_134359,2026-10-05T14:04:49.124422+00:00,aliexpress,MOTHERBOARD,3256813090272949,For ASUS ROG STRIX Z790-A GAMING WIFI D4 Motherboard Z790 LGA 1700 DDR4 Wi-Fi 6E support i7 13700,1501.38,436.51,2026-10-05,0.0,0,,0.0,436.51
20261005_134359,2026-10-05T14:04:49.124422+00:00,aliexpress,MOTHERBOARD,3256809724801524,ASUS ROG STRIX Z790-E GAMING WIFI Motherboard Intel Z790 LGA 1700  DDR5 192GB Wi-Fi 6E support i9-14900T i7-14700T i5-13500 cpu,1835.39,533.62,2026-10-05,4.5,0,,0.0,533.62
20261005_134359,2026-10-05T14:04:49.124422+00:00,aliexpress,MOTHERBOARD,3256808057024223,MSI Z790 Motherboard MAG Z790 TOMAHAWK WIFI LGA1700 DDR5 M.2 Support 14900F 14700 13600 12400 12300 12100 CPU NVME M.2,859.88,250.0,2026-10-05,4.5,0,,0.0,250.0
20261005_134359,2026-10-05T14:04:49.124422+00:00,aliexpress,MOTHERBOARD,3256810456546277,GIGABYTE Z790M AORUS ELITE AX DDR5 nuevo WIFI 6E Z790 ranuras Micro ATX compatible con 14a generación 13a generación 12a LGA1700,1094.62,318.25,2026-10-05,0.0,0,,0.0,318.25
20261005_134359,2026-10-05T14:04:49.124422+00:00,aliexpress,MOTHERBOARD,3256809232564311,ASUS PRIME Z790-P WIFI PRIME Z790-P WIFI D4 Intel Z790 LGA 1700 128GB M.2 ATX support I9-14900 i5-13500 i5-12400 I5-13400 cpu,811.38,235.9,2026-10-05,5.0,0,,0.0,235.9
20261005_134359,2026-10-05T14:04:49.124422+00:00,aliexpress,MOTHERBOARD,3256812656431242,"ASUS Z790-AYW OC WIFI Motherboard, Supports 12/13th/14th Generation Core, DDR5, PCIe5.0, Dual M.2, WiFi6, 2.5G Network Port",438.54,127.5,2026-10-05,5.0,0,,0.0,127.5
20261005_134359,2026-10-05T14:04:49.124422+00:00,aliexpress,MOTHERBOARD,3256809174296900,For ASUS TUF GAMING Z790-PLUS WIFI D4 support 12 13 14 generation CPU,1529.41,444.66,2026-10-05,0.0,0,,0.0,444.66
20261005_134359,2026-10-05T14:04:49.124422+00:00,aliexpress,MOTHERBOARD,3256809997223948,A++FOR MSI Z790-S01 Motherboard LGA 1700 DDR5 256GB support 13/14th CPU M.2 ATX,1412.19,410.58,2026-10-05,0.0,0,,0.0,410.58
20261005_134359,2026-10-05T14:04:49.124422+00:00,aliexpress,MOTHERBOARD,3256812919812152,ERYING Z790 Motherboard Support Intel 14/13/12th Gen 14700K 14600KF 14900F 13700K 13600K 13900 12600K 12900K CPU DDR4 PCIe4.0x16,629.94,183.15,2026-10-05,0.0,0,,0.0,183.15
20261005_134359,2026-10-05T14:04:49.124422+00:00,aliexpress,MOTHERBOARD,3256812631267801,MSI Z790 Motherboard MAG Z790 TOMAHAWK WIFI LGA1700 DDR5 M.2 support 14900F 14700 13600 12400 12300 12100 cpu NVME M.2,850.66,247.32,2026-10-05,0.0,0,,0.0,247.32
20261005_134359,2026-10-05T14:04:49.124422+00:00,aliexpress,MOTHERBOARD,3256812494799098,MSI M4 PCIe Thunderbolt 4 Expansion Card USB4 8K for Z590 Z690 Z790 Motherboard,726.11,211.11,2026-10-05,0.0,0,,0.0,211.11
20261005_134359,2026-10-05T14:04:49.124422+00:00,aliexpress,MOTHERBOARD,3256806718242754,QIYIDA X99 motherboard TPM 2.0Interface LGA 2011 3 with NVME NGFF M.2 Support 4 channels X99 C612chip DDR4 Memory SATA3.0 USB3.0,193.02,56.12,2026-10-05,4.9,0,,0.0,56.12
20261005_134359,2026-10-05T14:04:49.124422+00:00,aliexpress,MOTHERBOARD,3256807290626502,MACHINIST X99 MR9A PRO MAX Motherboard Support TPM2.0 LGA 2011-3 Intel Xeon E5 V3&V4 CPU DDR4 RAM Memory NVME/SATA USB3.0 ATX,284.34,82.67,2026-10-05,4.9,0,,0.0,82.67
20261005_134359,2026-10-05T14:04:49.124422+00:00,aliexpress,MOTHERBOARD,3256812004114443,ASROCK Z790 STEEL LEGEND WIFI Motherboard intel Z790 LGA 1700 DDR5 128GB M.2 Support i9-13900K i7-13700K i7-14700KFi5-14400,784.52,228.09,2026-10-05,0.0,0,,0.0,228.09
20261005_134359,2026-10-05T14:04:49.124422+00:00,aliexpress,MOTHERBOARD,3256807124145558,JGINYUE B760M M-ATX Motherboard LGA 1700 Support Intel i3/i5/i7/i9 12th 13th Processor Dual channel DDR5 Memory B760M-GAMING D5,436.2,126.82,2026-10-05,0.0,0,,0.0,126.82
20261005_134359,2026-10-05T14:04:49.124422+00:00,aliexpress,MOTHERBOARD,3256808535221066,SOYO AMD B550M Gaming Motherboard USB3.1 M.2 Nvme Sata3 DDR4 Dual Channel Supports RYZEN R3 R5 R7 3000 4000 5000 CPU AM4 Socket,292.8,85.13,2026-10-05,4.9,0,,0.0,85.13
20261005_134359,2026-10-05T14:04:49.124422+00:00,aliexpress,MOTHERBOARD,3256806913461639,C246 M-ATX Server Motherboard 4 LAN 8 SATA Dual NVMe DDR4 Pure ECC vPro 9 Phase Power,780.35,226.88,2026-10-05,5.0,0,,0.0,226.88
20261005_134359,2026-10-05T14:04:49.124422+00:00,aliexpress,MOTHERBOARD,3256807144356479,QIYIDA X79 motherboard LGA2011 DDR3 USB SATA3 PCI-E M.2 SSD support REG ECC DDR3 PC3 memory and Xeon E5 processor,212.15,61.68,2026-10-05,5.0,0,,0.0,61.68
20261005_134359,2026-10-05T14:04:49.124422+00:00,aliexpress,MOTHERBOARD,3256811638637830,ERYING Z790 Gaming M-ATX Motherboard LGA1700 Support i9-14900KF 13900K i7-14700K 13700 i5-14600KF 12700F CPU 4xDDR5 NVME M.2,811.34,235.89,2026-10-05,0.0,0,,0.0,235.89
20261005_134359,2026-10-05T14:04:49.124422+00:00,aliexpress,MOTHERBOARD,3256809278495803,M.2 WiFi Solution Providing Networking WiFi Module Wireless Connection Laptop Card Adapter for Z790 B760 B660 H610 Y3ND,3.75,1.09,2026-10-05,4.7,0,,0.0,1.09
20261005_134359,2026-10-05T14:04:49.124422+00:00,aliexpress,MOTHERBOARD,3256812268886464,Intel Core i5 12400F New CPU i5-12400F 2.5 GHz 10NM L3=18M 65W LGA 1700 but no fan,438.78,127.57,2026-10-05,5.0,0,,0.0,127.57
20261005_134359,2026-10-05T14:04:49.124422+00:00,aliexpress,MOTHERBOARD,3256811505163633,Z690 Server Motherboards LGA 1700 Socket Supporting 12th to 14th Gen Processors Integrate 8-Port SATA 3.0 Quad NVMe SSD,825.48,240.0,2026-10-05,3.0,0,,0.0,240.0
20261005_134359,2026-10-05T14:04:49.124422+00:00,aliexpress,MOTHERBOARD,3256809197977807,SOYO X99 Motherboard Set With LGA2011-3 Xeon E5 2630 V4 CPU DDR4 8GB (1*8GB)  2133MHz RAM NVME M.2 SATA Computer Accessories,144.94,42.14,2026-10-05,4.9,0,,0.0,42.14
20261005_134359,2026-10-05T14:04:49.124422+00:00,aliexpress,MOTHERBOARD,3256812966730474,New PRIME Z890-P DDR5 PCIe5.0  LGA 1851 CPU for Desktop CPU Ultra 9/7/5 Processor ATX Motherboard,1083.44,315.0,2026-10-05,0.0,0,,0.0,315.0
20261005_134359,2026-10-05T14:04:49.124422+00:00,aliexpress,MOTHERBOARD,3256809516329840,GIGABYTE GA B850M AORUS ELITE WIFI6E ICE New Motherboard supports up to AMD Ryzen 9000 series 12+2+2 power supply / Socket AM5,1168.23,339.65,2026-10-05,0.0,0,,0.0,339.65
20261005_134359,2026-10-05T14:04:49.124422+00:00,aliexpress,MOTHERBOARD,3256809318650358,GIGABYTE NEW B550M K Motherboard Micro ATX AMD B550 AMD Socket AM4,405.07,117.77,2026-10-05,4.8,0,,0.0,117.77
20261005_134359,2026-10-05T14:04:52.995500+00:00,aliexpress,MOTHERBOARD,3256812784771643,TPM 2.0 Module LPC SPI 12Pin with SLB9670 For Gigabyte Motherboard GIGABYTE Z690 / Z790 / B650 / B650M Series B650M GAMING X AX,109.41,31.81,2026-10-05,0.0,0,,0.0,31.81
20261005_134359,2026-10-05T14:04:52.995500+00:00,aliexpress,MOTHERBOARD,3256808271969785,ZSUS X99-W Motherboard Set Kit With LGA2011-3 Xeon E5 2680V4 CPU DDR4 16GB (1*16GB) 2133MHZ RAM Memory NVME M.2 SATA,141.6,41.17,2026-10-05,4.6,0,,0.0,41.17
20261005_134359,2026-10-05T14:04:52.995500+00:00,aliexpress,MOTHERBOARD,3256808100540812,ASUS ROG MAXIMUS IX CODE Motherboard Support I7-7700K 6700K I5-7600 6500 I3-7300 CPU LGA1151 DDR4 3200MHz M.2 ATX Z270 Mainboard,517.3,150.4,2026-10-05,5.0,0,,0.0,150.4
20261005_134359,2026-10-05T14:04:52.995500+00:00,aliexpress,MOTHERBOARD,3256811954932501,S++ WiFi 7 Antenna Cable Interface For MSI MAG Z790 TOMAHAWK MAX/Z890 TOMAHAWK WIFI,138.27,40.2,2026-10-05,0.0,0,,0.0,40.2
20261005_134359,2026-10-05T14:04:52.995500+00:00,aliexpress,MOTHERBOARD,3256812378157439,SOYO B650ITX AMD Motherboard AMD Ryzen AM5 DDR5 Supports CPU 7000 8000 9000 Processors Pcie5.0x16 Pcie4.0x4 M.2 ARGB WIFI6,419.0,121.82,2026-10-05,4.2,0,,0.0,121.82
20261005_134359,2026-10-05T14:04:52.995500+00:00,aliexpress,MOTHERBOARD,3256810124636728,CPU 4P Female to 4P Male Bend Wire CPU8P Female to 8P Male 90 Degree Adapter Wire Z790 Motherboard Adapter Wire,49.18,14.3,2026-10-05,0.0,0,,0.0,14.3
20261005_134359,2026-10-05T14:04:52.995500+00:00,aliexpress,MOTHERBOARD,3256807040703756,JGINYUE AMD B550 AM4 Mini ITX Motherboard Supports Ryzen R5 4000/5000 Series Processors DDR4 RAM PCI-E 4.0 B550i GAMING,330.54,96.1,2026-10-05,4.7,0,,0.0,96.1
20261005_134359,2026-10-05T14:04:52.995500+00:00,aliexpress,MOTHERBOARD,3256804918325392,GIGABYTE G1 Gaming G1.Sniper H6 LGA 1150 Intel H97 HDMI SATA 6Gb/s USB 3.0 ATX Intel Motherboard,268.28,78.0,2026-10-05,5.0,0,,0.0,78.0
20261005_134359,2026-10-05T14:04:52.995500+00:00,aliexpress,MOTHERBOARD,3256808181299073,ASROCK A620I Lightning WiFi Mini-ITX Motherboard Socket AM5 AMD A620 DDR5 128GB M.2 support Ryzen 5 7400F Ryzen 7 7700 cpu,605.39,176.01,2026-10-05,4.6,0,,0.0,176.01
20261005_134359,2026-10-05T14:04:52.995500+00:00,aliexpress,MOTHERBOARD,3256807884064033,JGINYUE B760 Motherboard LGA 1700 Support Intel Core I3/I5/I7/I9 12th 13th DDR4 M.2 NVMe Memory New Desktop ITX B760i GAMING,373.01,108.45,2026-10-05,4.1,0,,0.0,108.45
20261005_134359,2026-10-05T14:04:52.995500+00:00,aliexpress,MOTHERBOARD,3256808940773587,Gigabyte B460M AORUS ELITE Motherboard B460 LGA 1200 DDR4 Support 10th Gen Core Mainboard,264.67,76.95,2026-10-05,4.5,0,,0.0,76.95
20261005_134359,2026-10-05T14:04:52.995500+00:00,aliexpress,MOTHERBOARD,3256808155019144,X570 Motherboard ASROCK X570 PHANTOM GAMING 4 AM4 4×DDR4 128GB PCI-E 4.0 ATX For Ryzen 5600 4600G 5700 PRO 2700 3400G cpu,602.02,175.03,2026-10-05,0.0,0,,0.0,175.03
20261005_134359,2026-10-05T14:04:52.995500+00:00,aliexpress,MOTHERBOARD,3256811875569682,QIYIDA X99 motherboard LGA 2011 3 X99 C612chip with M.2 slot Support DDR4 Memory SATA3.0 USB3.0 PCI16X tpm2.0 msi14pin,145.53,42.31,2026-10-05,4.9,0,,0.0,42.31
20261005_134359,2026-10-05T14:04:52.995500+00:00,aliexpress,MOTHERBOARD,3256811824832691,MSI B650M GAMING PLUS WIFI AMD B650 Supports DDR5 7200+MHz (OC) 192GB AMD Ryzen ™ 7000 8000 Series Motherboard Socket AM5,658.22,191.37,2026-10-05,4.9,0,,0.0,191.37
20261005_134359,2026-10-05T14:04:52.995500+00:00,aliexpress,MOTHERBOARD,3256805943641343,MACHINIST E5 MR9A V1.0 X99 Motherboard Support LGA 2011-3 Xeon E5 V3 V4 CPU Processor DDR4 RAM Memory ATX NVME M.2 USB3.0,242.66,70.55,2026-10-05,4.8,0,,0.0,70.55
20261005_134359,2026-10-05T14:04:52.995500+00:00,aliexpress,MOTHERBOARD,3256809082981414,MACHINIST MR9A PRO X99 TPM 2.0 Motherboard LGA2011-3 Xeon E5 2690 V3 CPU DDR4 16GB (2*8GB) 2666MHz RAM Optional Kit Set,276.85,80.49,2026-10-05,4.4,0,,0.0,80.49
20261005_134359,2026-10-05T14:04:52.995500+00:00,aliexpress,MOTHERBOARD,3256807495182074,PRO B650M MATX AMD B650 DDR5 6000+MHz M.2 SATA USB3.2 64G Double Channel DDR5 Ryzen 7000/8000/9000 Serie Socket AM5 Motherboard,405.35,117.85,2026-10-05,4.7,0,,0.0,117.85
20261005_134359,2026-10-05T14:04:52.995500+00:00,aliexpress,MOTHERBOARD,3256808639045878,For ROG STRIX B450-F GAMING Motherboard 128GB PCI-E3.0 M.2 Socket AM4 DDR4 ATX B450 Mainboard 100% Tested Fully Work,643.7,187.15,2026-10-05,0.0,0,,0.0,187.15
20261005_134359,2026-10-05T14:04:52.995500+00:00,aliexpress,MOTHERBOARD,3256811673584660,ASrock B760 B760M Motherboard LGA 1700 DDR5 Micro ATX M.2 support Core i5-13600 Core I9-13900 Core I7-13700T Core i3-12100 cpu,430.18,125.07,2026-10-05,0.0,0,,0.0,125.07
20261005_134359,2026-10-05T14:04:52.995500+00:00,aliexpress,MOTHERBOARD,3256809856309665,ASRock X670E Taichi Motherboard AMD X670 Support 9900X 8400F 7800X3D 7700 7500F CPU AM5 4xDDR5 7800 MHz HDMI 4xM.2 PCIe 5.0 EATX,1486.62,432.22,2026-10-05,3.0,0,,0.0,432.22
20261005_134359,2026-10-05T14:04:52.995500+00:00,aliexpress,MOTHERBOARD,3256807128900510,B760 M-ATX Motherboard DDR5 LGA1700 for 14th/13th/12th gen Core DDR5 dual channel 96GB B760M SNOW DREAM D5 New,400.74,116.51,2026-10-05,4.5,0,,0.0,116.51
20261005_134359,2026-10-05T14:04:52.995500+00:00,aliexpress,MOTHERBOARD,3256812900615937,ASUS PRIME Z690-A Motherboard Support i9-14900KF i7-13700K i5-12400F CPU DDR5 6000MHz HDMI M.2 ARGB PCIe 5.0 LGA 1700 Mainboard,1031.99,300.04,2026-10-05,0.0,0,,0.0,300.04
20261005_134359,2026-10-05T14:04:52.995500+00:00,aliexpress,MOTHERBOARD,3256812818507412,"For ASUS ROG MAXIMUS Z690 HERO DDR5 Motherboard, LGA 1700 ATX M.2 SATA III Gaming Mainboard, for i9‑13900K, i7‑12700K, i5‑12600K",953.57,277.24,2026-10-05,0.0,0,,0.0,277.24
20261005_134359,2026-10-05T14:04:52.995500+00:00,aliexpress,MOTHERBOARD,3256808940928747,ASUS ROG MAXIMUS Z690 FORMULA Z690 ATX DDR5 Motherboard LGA 1700 For i9-12900K i7-12700K i5-12600K CPU PCI-E 5.0 M.2 SATA III,1783.52,518.54,2026-10-05,0.0,0,,0.0,518.54
20261005_134359,2026-10-05T14:04:52.995500+00:00,aliexpress,MOTHERBOARD,3256809613414685,Ultra ES 0000 Series Motherboard Integrated CPU(Refer to U5 125H 225H 255H U7 155H 165H) DDR5 RAM AI ARGB LGA115X PCIe 3.0x8,829.06,241.04,2026-10-05,4.9,0,,0.0,241.04
20261005_134359,2026-10-05T14:04:52.995500+00:00,aliexpress,MOTHERBOARD,3256809847603974,ASUS ROG STRIX B250H GAMING Motherboard LGA1151 7th 6th generation Core i7 i5 i3 Pentium Celeron DDR4 M.2 B250 ATX USB 3.1,314.71,91.5,2026-10-05,5.0,0,,0.0,91.5
20261005_134359,2026-10-05T14:04:52.995500+00:00,aliexpress,MOTHERBOARD,3256807160363549,MAXSUN Game Motherboard B760ITX D5 support Intel 14 13 12th generation Core CPU DDR5 M.2 PCIEX16 4.0 Computer components,534.4,155.37,2026-10-05,4.0,0,,0.0,155.37
20261005_134359,2026-10-05T14:04:52.995500+00:00,aliexpress,MOTHERBOARD,3256809683843849,M-ATX DIY Desktop Motherboard with Integrated Processor 13th CPU Q1J4(i5 ES 0000)12C16T 12MB DDR4 Memory placa madre,778.6,226.37,2026-10-05,4.8,0,,0.0,226.37
20261005_134359,2026-10-05T14:04:52.995500+00:00,aliexpress,MOTHERBOARD,3256803997588752,M.2 SSD Screw Hex Nut Cross Head Screw Hex Screw Anchor Metal Machine Screw Nut Assorted Kit for Dell HP Motherboard,3.75,1.09,2026-10-05,5.0,0,,0.0,1.09
20261005_134359,2026-10-05T14:04:52.995500+00:00,aliexpress,MOTHERBOARD,3256811641607721,ASUS PRIME B660M-K D4 2×DDR4 64GB DDR4 1 x PCIe 4.0/3.0 x16 LGA 1700 2×M.2 4×SATA III,319.87,93.0,2026-10-05,0.0,0,,0.0,93.0
20261005_134359,2026-10-05T14:04:52.995500+00:00,aliexpress,MOTHERBOARD,3256804753571840,LGA 1200 Intel Z490 Motherboard ASUS ROG STRIX Z490-E GAMING DDR4 128GB M.2 PCI-E 3.0 USB3.2 ATX For 10th Gen Intel CPU,670.7,195.0,2026-10-05,4.8,0,,0.0,195.0
20261005_134359,2026-10-05T14:04:52.995500+00:00,aliexpress,MOTHERBOARD,3256809538510393,Asus TUF GAMING Z590-PLUS Original Desktop Z590 DDR4 PCI-E4.0 Motherboard LGA 1200 Support i9 11900K 11th,619.97,180.25,2026-10-05,4.3,0,,0.0,180.25
20261005_134359,2026-10-05T14:04:52.995500+00:00,aliexpress,MOTHERBOARD,3256808063476907,ASUS ROG Strix Z390-E Gaming LGA 1151 (300 Series) Intel Z390 SATA 6Gb/s ATX Intel Motherboard,629.43,183.0,2026-10-05,4.6,0,,0.0,183.0
20261005_134359,2026-10-05T14:04:52.995500+00:00,aliexpress,MOTHERBOARD,3256809544960763,ASROCK AMD X570 AM4 Motherboard X570S PG RIPTIDE  Support Ryzen 5950X 5800X3D 5600X 3600 CPU DDR4 128GB M.2 Key-E for WiFi ATX,601.95,175.01,2026-10-05,5.0,0,,0.0,175.01
20261005_134359,2026-10-05T14:04:52.995500+00:00,aliexpress,MOTHERBOARD,3256808203863412,"Asrock B650M-H/M.2+ WiFi New Micro-ATX Motherboard, AM5, LGA 1718, AMD B650, Micro ATX, DDR5, PCIe 4.0 M.2,",611.65,177.83,2026-10-05,4.7,0,,0.0,177.83
20261005_134359,2026-10-05T14:04:52.995500+00:00,aliexpress,MOTHERBOARD,3256806119998859,Original New  Desktop LGA1700 LGA 1700 CPU Socket Tester Dummy Load Fake Load with LED Indicator,60.91,17.71,2026-10-05,5.0,0,,0.0,17.71
20261005_134359,2026-10-05T14:04:52.995500+00:00,aliexpress,MOTHERBOARD,3256808197066120,ASRock B550M Steel Legend Motherboard Support 5800X3D 5700X 5600G CPU AMD AM4 Socket DDR4 4533MHz 128GB NVME M.2 HDMI PCIe4.0,574.4,167.0,2026-10-05,0.0,0,,0.0,167.0
20261005_134359,2026-10-05T14:04:52.995500+00:00,aliexpress,MOTHERBOARD,3256807353728739,QIYIDA X99 H9S Motherboard Set Kit With LGA2011-3 Xeon E5 2630 V4 CPU DDR4 16GB memory NVME M.2 TPM 2.0 Interface SATA3,154.92,45.04,2026-10-05,4.9,0,,0.0,45.04
20261005_134359,2026-10-05T14:04:52.995500+00:00,aliexpress,MOTHERBOARD,3256806674734609,QIYIDA X99 motherboard LGA2011 3 with M.2 slot Support DDR4 Memory SATA USB PCI16X,141.12,41.03,2026-10-05,4.9,0,,0.0,41.03
20261005_134359,2026-10-05T14:04:52.995500+00:00,aliexpress,MOTHERBOARD,3256809983703873,New X99 U9 MACHINIST X99 Motherboard Set Kit Optional LGA2011-3 Xeon E5 2630 V4 CPU Support TPM2.0 DDR4 Memory NVME M.2 usb3.0,287.06,83.46,2026-10-05,4.8,0,,0.0,83.46
20261005_134359,2026-10-05T14:04:52.995500+00:00,aliexpress,MOTHERBOARD,3256810188543032,GIGABYTE New B850M AORUS ELITE WIFI7 ICE-P Micro ATX AMD B850 Ryzen 9000 8000 7000 Series CPU Socket AM5 Motherboard,1061.36,308.58,2026-10-05,0.0,0,,0.0,308.58
20261005_134359,2026-10-05T14:04:52.995500+00:00,aliexpress,MOTHERBOARD,3256807041565275,JGINYUE AMD AM4 ITX Motherboard Supports Ryzen R3 R5 R7 R9 1/2/3/4/5 Series CPU DDR4 RAM Desktop PC PCI-E 3.0 B350i PLUS ARGB,274.3,79.75,2026-10-05,4.6,0,,0.0,79.75
20261005_134359,2026-10-05T14:04:52.995500+00:00,aliexpress,MOTHERBOARD,3256807212387374,ASUS PRIME Motherboard PRIME Z690-A With LGA 1700 Socket for Intel Core 14th 13th 12th Gen Core i3 i5 i7 i9 Processors DDR5 DIMM,765.43,222.54,2026-10-05,5.0,0,,0.0,222.54
20261005_134359,2026-10-05T14:04:52.995500+00:00,aliexpress,MOTHERBOARD,3256806106796171,MOUGOL X99 C612 Gaming Motherboard Set with Xeon E5 2682 V4 & DDR4 8G(1*8G) 2133MHz Dual Channel RAM M.2 NVME for Desktop PC,375.66,109.22,2026-10-05,4.5,0,,0.0,109.22
20261005_134359,2026-10-05T14:04:52.995500+00:00,aliexpress,MOTHERBOARD,3256808934727418,GIGABYTE B550M AORUS ELITE New Micro-ATX AMD B550 Socket AM4 Motherboard,531.75,154.6,2026-10-05,4.8,0,,0.0,154.6
20261005_134359,2026-10-05T14:04:52.995500+00:00,aliexpress,MOTHERBOARD,3256812273489802,Intel Core i5 14600KF New CPU i5-14600KF 3.5GHz 14-Core  L3=24M 125W LGA 1700 but no fan,821.56,238.86,2026-10-05,0.0,0,,0.0,238.86
20261005_134359,2026-10-05T14:04:52.995500+00:00,aliexpress,MOTHERBOARD,3256807670731003,JGINYUE B760i Motherboard LGA 1700 Support Intel Core 12th 13th DDR5 Memory RAM Latest mini ITX B760i-Snow Dream D5,463.44,134.74,2026-10-05,4.9,0,,0.0,134.74
20261005_134359,2026-10-05T14:04:52.995500+00:00,aliexpress,MOTHERBOARD,3256812095056368,ASUS PRIME B760M-K Motherboard DDR5 Support 12th 13th Gen Intel Core I7 I5 I3 Pentium Celeron LGA 1700 CPU Socket ATX Form Facto,322.49,93.76,2026-10-05,3.0,0,,0.0,93.76
20261005_134359,2026-10-05T14:04:52.995500+00:00,aliexpress,MOTHERBOARD,3256806952125887,JGINYUE B760I GAMING Mini ITX Motherboard LGA1700 Support 12th 13th 14th Gen Intel CPU DDR4 Dual M.2 PCIe4.0 2.5G LAN SFF Gaming,437.19,127.11,2026-10-05,4.6,0,,0.0,127.11
20261005_134359,2026-10-05T14:04:52.995500+00:00,aliexpress,MOTHERBOARD,3256808988839969,ASUS TUF GAMING B560M-PLUS LGA1200 (Intel®11th/10th Gen) Micro ATX gaming motherboard,396.4,115.25,2026-10-05,4.9,0,,0.0,115.25
20261005_134359,2026-10-05T14:04:52.995500+00:00,aliexpress,MOTHERBOARD,3256806929941730,JGINYUE AM5 Motherboard Supports AMD Ryzen 7000 Series CPU Processors DDR5 Dual Channel Memory RAM ITX B650i Night Devil,473.93,137.79,2026-10-05,4.3,0,,0.0,137.79
20261005_134359,2026-10-05T14:04:52.995500+00:00,aliexpress,MOTHERBOARD,3256804373958871,GIGABYTE Z390 GAMING X LGA1151 Motherboard DDR4 Intel I9 I7 I5 I3 CPU Intel Z390 Gaming Placa-mãe 1151 Intel LAN M.2 ATX,397.26,115.5,2026-10-05,4.8,0,,0.0,115.5
20261005_134359,2026-10-05T14:04:52.995500+00:00,aliexpress,MOTHERBOARD,3256808943968608,ASUS ROG MAXIMUS Z690 HERO Z690 DDR5 Motherboard LGA 1700 For I9-13900K I7-12700K I5-12600K ATX M.2 SATA III Gaming Mainboard,947.89,275.59,2026-10-05,4.9,0,,0.0,275.59
20261005_134359,2026-10-05T14:04:52.995500+00:00,aliexpress,MOTHERBOARD,3256811686571553,GIGABYTE B560M AORUS Elite LGA 1200 Intel 11th Gen B560 Micro ATX Motherboard,440.26,128.0,2026-10-05,4.6,0,,0.0,128.0
20261005_134359,2026-10-05T14:04:52.995500+00:00,aliexpress,MOTHERBOARD,3256811557290944,MSI PRO B650M-A WIFI Motherboard AMD B650 AM5 CPU For Ryzen 7 7800X3D 9 7950X 9 7900X 5 9600X 5 7600 4xDDR5 256GB M.2 MATX,655.64,190.62,2026-10-05,5.0,0,,0.0,190.62
20261005_134359,2026-10-05T14:04:52.995500+00:00,aliexpress,MOTHERBOARD,3256809000383123,JGINYUE B650M AM5 Motherboard Set support Ryzen 7000/8000/9000 series DDR5 Memory up to 96G ARGB PCIe 4.0×4 M.2 Type-C M-ATX,978.68,284.54,2026-10-05,0.0,0,,0.0,284.54
20261005_134359,2026-10-05T14:04:52.995500+00:00,aliexpress,MOTHERBOARD,3256808077164404,ERYING AM5 Motherboard Supports AMD Ryzen 7000 Series CPU Processors DDR5 Dual Channel Memory RAM ITX B650i 2*Pcie4.0x4 M.2 NVME,475.58,138.27,2026-10-05,4.9,0,,0.0,138.27
20261005_134359,2026-10-05T14:04:52.995500+00:00,aliexpress,MOTHERBOARD,3256807579906218,New MPG B650I EDGE WIFI Motherboard 128GB DDR5 AMD B650 Socket AM5 Mini ITX Supports AMD Ryzen 9000/ 8000/ 7000 Serie Processors,1006.05,292.5,2026-10-05,5.0,0,,0.0,292.5
20261005_134359,2026-10-05T14:04:57.013368+00:00,aliexpress,MOTHERBOARD,3256812323417951,"i5 12400F Intel Core New I5-12400F CPU processor LGA 1700 , but without cooler",464.23,134.97,2026-10-05,0.0,0,,0.0,134.97
20261005_134359,2026-10-05T14:04:57.013368+00:00,aliexpress,MOTHERBOARD,3256809355179103,MACHINIST X99 MD8 Dual CPU Motherboard Optional Kit Set Intel Xeon E5 2680 V4 LGA2011-3 DDR4 32GB RAM C612 Chip Server Computer,457.8,133.1,2026-10-05,4.4,0,,0.0,133.1
20261005_134359,2026-10-05T14:04:57.013368+00:00,aliexpress,MOTHERBOARD,3256803991671461,"A1708 Motherboard For MacBook Pro 13"" A1708 Logic Board 2.0GHz 2.3GHz 2.5GHz 8GB 16GB i5 i7 2016 2017",345.67,100.5,2026-10-05,4.5,0,,0.0,100.5
20261005_134359,2026-10-05T14:04:57.013368+00:00,aliexpress,MOTHERBOARD,3256806150944701,QIYIDA X99 Motherboard Set Kit With LGA2011-3 Xeon E5 2630 V4 CPU DDR4 16GB REG ECC memory X99 C612chip NVME M.2,464.3,134.99,2026-10-05,5.0,0,,0.0,134.99
20261005_134359,2026-10-05T14:04:57.013368+00:00,aliexpress,MOTHERBOARD,3256806396298271,QIYIDA X99 Motherboard LGA 2011-3 Set Kit Xeon E5 2680 V4 CPU Processor 16G=1*16G DDR4 REG ECC RAM Memory NVME M.2 TPM2.0 plug,466.91,135.75,2026-10-05,4.7,0,,0.0,135.75
20261005_134359,2026-10-05T14:04:57.013368+00:00,aliexpress,MOTHERBOARD,3256810214264193,8-Bay 10G NAS Motherboard Intel I3-N350/N300/N150 1X10G + 2X2.5G LAN 2XNVMe PCIe X1 Firewall Mini ITX Mainboard,1009.39,293.47,2026-10-05,5.0,0,,0.0,293.47
20261005_134359,2026-10-05T14:04:57.013368+00:00,aliexpress,MOTHERBOARD,3256805762234693,MACHINIST X99 PR9 X99 Motherboard Support LGA 2011-3 Intel Xeon E5 V3&V4 CPU DDR4 RAM SATA/NVME M.2 Slot USB3.0,161.04,46.82,2026-10-05,4.7,0,,0.0,46.82
20261005_134359,2026-10-05T14:04:57.013368+00:00,aliexpress,MOTHERBOARD,3256809311841549,QIYIDA X99 Motherboard LGA 2011 3 Xeon CPU E5 V3 V4 DDR4 RAM NVME M.2 PCI3.0 16X SATA M-ATX,143.56,41.74,2026-10-05,4.9,0,,0.0,41.74
20261005_134359,2026-10-05T14:04:57.013368+00:00,aliexpress,MOTHERBOARD,3256808556932796,Intel Motherboard Bracket 775/115X（1200）/1366/1700 Heat Sink Fan CPU Base Motherboard Bracket 12/13/14th Generation CPU Base,3.75,1.09,2026-10-05,3.0,0,,0.0,1.09
20261005_134359,2026-10-05T14:04:57.013368+00:00,aliexpress,MOTHERBOARD,3256808967968693,ASUS ROG Strix Z390-H Gaming Motherboard LGA1151 (Intel 8th and 9th Gen) ATX DDR4 DP HDMI M.2 USB 3.1 Gen2 Gigabit LAN,472.93,137.5,2026-10-05,5.0,0,,0.0,137.5
20261005_134359,2026-10-05T14:04:57.013368+00:00,aliexpress,MOTHERBOARD,3256806403800533,QIYIDA X99 Motherboard LGA 2011-3 E5 A99 Supports 4 Channels Xeon E5 full range of CPU DDR4 RAM memory USB3.0 ATX Server,212.01,61.64,2026-10-05,4.7,0,,0.0,61.64
20261005_134359,2026-10-05T14:04:57.013368+00:00,aliexpress,MOTHERBOARD,3256810081715827,ASRock Z490 PRO4/AC Motherboard Supports I9-10900K I7-10700F 10700K I5-10400F 10600K I3-10100F CPU 4×DDR4 3200MHz M.2 HDMI ATX,360.39,104.78,2026-10-05,4.8,0,,0.0,104.78
20261005_134359,2026-10-05T14:04:57.013368+00:00,aliexpress,MOTHERBOARD,3256808596183079,DIY Gaming Computer Motherboard with Onboard 13th Core CPU ES 0000(Refer to I9 13900H) 14C20T DDR5 Desktops Mainboard G665,966.09,280.88,2026-10-05,4.3,0,,0.0,280.88
20261005_134359,2026-10-05T14:04:57.013368+00:00,aliexpress,MOTHERBOARD,3256808844397453,MACHINIST X99 RS9 Gaming Motherboard LGA2011-3 Intel Xeon E5 V3 V4 Series CPUs and DDR4 RAM M.2 NVME M-ATX Quad-Channel Memory,257.31,74.81,2026-10-05,2.2,0,,0.0,74.81
20261005_134359,2026-10-05T14:04:57.013368+00:00,aliexpress,MOTHERBOARD,3256810063568699,ERYING DIY Gaming Motherboard Integrated CPU Kit i9 13980HX 24C32T 36MB DDR4 RAM NVME SATA PCIE4.0X16 Upgrade PC Kit Placa Madre,2134.28,620.52,2026-10-05,4.9,0,,0.0,620.52
20261005_134359,2026-10-05T14:04:57.013368+00:00,aliexpress,MOTHERBOARD,3256812556523129,MINI PC Windows 11 Intel Core i9 10980HK 32GB RAM 1/2TB SSD WIFI 6 BT5.2 4K HD Mini Gaming Office Study Pc With 3-screen display,702.76,204.32,2026-10-05,4.9,0,,0.0,204.32
20261005_134359,2026-10-05T14:04:57.013368+00:00,aliexpress,MOTHERBOARD,3256807150041782,MACHINIST X99 Motherboard Xeon E5 2680 V4 LGA 2011-3 CPU Combo DDR4 16GB RAM Kit Set MR9A PRO MAX Supports 14-pin TPM 2.0,342.81,99.67,2026-10-05,4.7,0,,0.0,99.67
20261005_134359,2026-10-05T14:04:57.013368+00:00,aliexpress,MOTHERBOARD,3256809428513534,ASUS PRIME Z690-A Motherboard Support i9-14900KF i7-13700K i5-12400F CPU DDR5 6000MHz HDMI M.2 ARGB PCIe 5.0 LGA 1700 Mainboard,812.1,236.11,2026-10-05,5.0,0,,0.0,236.11
20261005_134359,2026-10-05T14:04:57.013368+00:00,aliexpress,MOTHERBOARD,3256802783362879,"A1534 Motherboard 820-00045-A 820-00244-A for MacBook Retina 12"" Logic Board 256/512GB 2015 2016 2017 Years",464.33,135.0,2026-10-05,5.0,0,,0.0,135.0
20261005_134359,2026-10-05T14:04:57.013368+00:00,aliexpress,MOTHERBOARD,3256804908334647,Asus ROG STRIX Z370-H GAMING Desktop Intel Z370 Z370M DDR4 Motherboard LGA 1151 USB3.0 SATA3,318.15,92.5,2026-10-05,4.6,0,,0.0,92.5
20261005_134359,2026-10-05T14:04:57.013368+00:00,aliexpress,MOTHERBOARD,3256807351243976,Q670 Plus Intel vPro 8-Bay NAS Motherboard 12/13/14th Gen LGA1700 CPU 3*NVMe 2*SFF-8643 1*PCIE5.0x16 2*DDR5 2*2.5G LAN Mainboard,618.22,179.74,2026-10-05,5.0,0,,0.0,179.74
20261005_134359,2026-10-05T14:04:57.013368+00:00,aliexpress,MOTHERBOARD,3256805449571892,LGA 1151 Asus ROG STRIX Z390-F GAMING Motherboard DDR4 Intel 8th 9th-Gen I9 I7 I5 I3 128GB RGB CrossFireX Z390,456.59,132.75,2026-10-05,4.5,0,,0.0,132.75
20261005_134359,2026-10-05T14:04:57.013368+00:00,aliexpress,MOTHERBOARD,3256802876651532,"ASUS TUF GAMING B460M PLUS MATX Intel B460 DDR4, SATA 6 Gbps, USB 3.2 Gen 1 128G LGA 1200 CPU Motherboard",284.38,82.68,2026-10-05,4.5,0,,0.0,82.68
20261005_134359,2026-10-05T14:04:57.013368+00:00,aliexpress,MOTHERBOARD,3256801860527021,Asus TUF B365M-PLUS Gaming LGA1151 DDR4 HDMI M.2 MATX Motherboard,359.43,104.5,2026-10-05,4.8,0,,0.0,104.5
20261005_134359,2026-10-05T14:04:57.013368+00:00,aliexpress,MOTHERBOARD,3256810466891299,MINISFORUM BD895i BD775i SE Gaming Motherboard AMD Ryzen 9 8945HX 7 7745HX 2*DDR5 2*NVMe PCIe5.0 x16 2.5G LAN Mini ITX Mainboard,1336.45,388.56,2026-10-05,5.0,0,,0.0,388.56
20261005_134359,2026-10-05T14:04:57.013368+00:00,aliexpress,MOTHERBOARD,3256803869951478,MACHINIST MR9A PRO X99 Motherboard Combo TPM 2.0 Interface Xeon E5 2640 V4/ E5 2650 V4 LGA 2011-3 CPU DDR4 RAM USB3.0,388.32,112.9,2026-10-05,0.0,0,,0.0,112.9
20261005_134359,2026-10-05T14:04:57.013368+00:00,aliexpress,MOTHERBOARD,3256811657283089,Gigabyte B560M  AORUS ELITE  4×DDR4  1×HDMI 1×DisplayPort  B560M LGA 1200,435.1,126.5,2026-10-05,3.7,0,,0.0,126.5
20261005_134359,2026-10-05T14:04:57.013368+00:00,aliexpress,MOTHERBOARD,3256804623163677,Gigabyte GA-Z97X-Gaming 3 LGA 1150 DDR3 Z97X-Gaming 3 USB2.0 USB3.0 32GB Z97 desktop motherboard,381.78,111.0,2026-10-05,5.0,0,,0.0,111.0
20261005_134359,2026-10-05T14:04:57.013368+00:00,aliexpress,MOTHERBOARD,3256804502918218,"Tested A2159 Motherboard for MacBook Pro Retina 13"" A2159 Logic Board i5 i7 1.4GHz 1.7gzh 8GB 128GB 256GB 820-01598-A 2019 Year",476.37,138.5,2026-10-05,0.0,0,,0.0,138.5
20261005_134359,2026-10-05T14:04:57.013368+00:00,aliexpress,MOTHERBOARD,3256806403495910,QIYIDA X99 Motherboard Set Kit With LGA2011-3 Xeon E5 2630 V4 CPU DDR4 16GB REG ECC memory X99 C612chip NVME M.2,195.36,56.8,2026-10-05,5.0,0,,0.0,56.8
20261005_134359,2026-10-05T14:04:57.013368+00:00,aliexpress,MOTHERBOARD,3256801851251113,"A1502 Motherboard For MacBook Pro Retina 13"" A1502 Logic Board 820-3536-A 820-3476-A 820-4924-A 8G 16G 2013 2014 2015",49.53,14.4,2026-10-05,4.6,0,,0.0,14.4
20261005_134359,2026-10-05T14:04:57.013368+00:00,aliexpress,MOTHERBOARD,3256804606781528,QIYIDA X99 Motherboard Set LGA 2011-3 Xeon CPU DDR4 M-ATX NVME M.2 PCI16X X99 H5,203.03,59.03,2026-10-05,5.0,0,,0.0,59.03
20261005_134359,2026-10-05T14:04:57.013368+00:00,aliexpress,MOTHERBOARD,3256812766102099,ASUS PRIME Z690-A Motherboard Support i9-14900KF i7-13700K i5-12400F CPU DDR5 6000MHz HDMI M.2 ARGB PCIe 5.0 LGA 1700 Mainboard,727.28,211.45,2026-10-05,0.0,0,,0.0,211.45
20261005_134359,2026-10-05T14:04:57.013368+00:00,aliexpress,MOTHERBOARD,3256807251976268,ASUS TUF Gaming B460M-Pro Intel 10th Gen Micro-ATX Motherboard,357.71,104.0,2026-10-05,5.0,0,,0.0,104.0
20261005_134359,2026-10-05T14:04:57.013368+00:00,aliexpress,MOTHERBOARD,3256807722558414,Topton 8-Bay 10G NAS Motherboard Intel i3-N300 N150 1*10G+2*2.5G LANs 2*NVMe 2*SFF-8643 to 8*SATA Type-C Firewall ITX Mainboard,952.98,277.07,2026-10-05,5.0,0,,0.0,277.07
20261005_134359,2026-10-05T14:04:57.013368+00:00,aliexpress,MOTHERBOARD,3256806222553325,QIYIDA X99 motherboard D4 TPM2.0 LGA 2011 3 with M.2 slot Support X99 C612chip DDR4 Memory SATA3.0 USB3.0 PCI16X,177.65,51.65,2026-10-05,4.7,0,,0.0,51.65
20261005_134359,2026-10-05T14:04:57.013368+00:00,aliexpress,MOTHERBOARD,3256808170542547,Gigabyte B560M AORUS ELITE Motherboards LGA 1200 DDR4 128GB M-ATX For Intel B560 Desktop Mainboard M.2 SATA III USB3.0,433.38,126.0,2026-10-05,3.7,0,,0.0,126.0
20261005_134359,2026-10-05T14:04:57.013368+00:00,aliexpress,MOTHERBOARD,3256806303408018,"A1278 Original Logic Board Motherboard For MacBook Pro 13"" i5 2.5GHz i7 2.9GHz 820-3115-B 2009 2010 2011 2012 Years",137.58,40.0,2026-10-05,4.5,0,,0.0,40.0
20261005_134359,2026-10-05T14:04:57.013368+00:00,aliexpress,MOTHERBOARD,3256808397312880,QIYIDA  X99 Motherboard Kit Set LGA 2011-3 Xeon E5 2680 V4 CPU Processor 32G=2*16G DDR4 REG ECC RAM Memory NVME M.2 TPM2.0-14PIN,1141.43,331.86,2026-10-05,5.0,0,,0.0,331.86
20261005_134359,2026-10-05T14:04:57.013368+00:00,aliexpress,MOTHERBOARD,3256806905079801,QIYIDA X99 Motherboard Set Kit With LGA2011-3 Xeon E5 2630 V4 CPU DDR4 8GB memory PCI 16x NVME M.2 SATA x99 H5,156.5,45.5,2026-10-05,4.4,0,,0.0,45.5
20261005_134359,2026-10-05T14:04:57.013368+00:00,aliexpress,MOTHERBOARD,3256808466468269,QIYIDA X99 motherboard H9S LGA 2011 3 with NVME NGFF M.2 Support 4 channels X99 C612chip DDR4 Memory SATA3.0 TPM 2.0,264.7,76.96,2026-10-05,4.6,0,,0.0,76.96
20261005_134359,2026-10-05T14:04:57.013368+00:00,aliexpress,MOTHERBOARD,3256809990154246,For LENOVO 100S-14iBR Notebook Mainboard 1501B-01-01 N3150 N3160 N3060 N3700 With RAM 5B20K69455 Laptop Motherboard Full Tested,151.3,43.99,2026-10-05,0.0,0,,0.0,43.99
20261005_134359,2026-10-05T14:04:57.013368+00:00,aliexpress,MOTHERBOARD,3256807250890618,QIYIDA X99 Motherboard Set Combo Xeon E5 2650 V4 CPU LGA 2011-3 Processor 16GB=8gbx2 DDR4 RAM Memory NVME M.2 NGFF X99C612 Chip,258.55,75.17,2026-10-05,5.0,0,,0.0,75.17
20261005_134359,2026-10-05T14:04:57.013368+00:00,aliexpress,MOTHERBOARD,3256806721410125,QIYIDA X99 Motherboard DDR4 RAM Support LGA 2011-3 Xeon E5 V3 V4 NVME M.2 Slot Processor X99 C612chip,239.22,69.55,2026-10-05,0.0,0,,0.0,69.55
20261005_134359,2026-10-05T14:04:57.013368+00:00,aliexpress,MOTHERBOARD,2255800637601593,QIYIDA X99 Motherboard DDR4 RAM Support LGA 2011-3 Xeon E5 V3 V4 NVME M.2 Slot Processor X99 C612chip,204.34,59.41,2026-10-05,0.0,0,,0.0,59.41
20261005_134359,2026-10-05T14:04:57.013368+00:00,aliexpress,MOTHERBOARD,3256808811296967,icloud Fault ic Board For MacBook Pro Air Locked Motherboard A2338 A2681 A2780 A2992 A2941 A2779 A3113 M1 M2 M3 M4 Logic Board,196.05,57.0,2026-10-05,5.0,0,,0.0,57.0
20261005_134359,2026-10-05T14:04:57.013368+00:00,aliexpress,MOTHERBOARD,3256812655038150,Gigabyte B560M AORUS ELITE Motherboards LGA 1200 DDR4 128GB M-ATX For Intel B560 Desktop Mainboard M.2 SATA III USB3.0,462.27,134.4,2026-10-05,0.0,0,,0.0,134.4
20261005_134359,2026-10-05T14:04:57.013368+00:00,aliexpress,MOTHERBOARD,3256807309292468,Qiyida X99 Motherboard LGA2011-3 TPM 2.0 Interface Slot USB3.0 NVME M.2 NGFF SSD Support DDR4 Memory and Xeon E5 V3 V4 Processor,306.77,89.19,2026-10-05,0.0,0,,0.0,89.19
20261005_134359,2026-10-05T14:04:57.013368+00:00,aliexpress,MOTHERBOARD,3256804086204116,Qiyida X99 Motherboard LGA2011-3 PCI 16x NVME M.2 SSD SATA Support DDR4 Memory and Xeon E5 V3 V4,178.37,51.86,2026-10-05,0.0,0,,0.0,51.86
20261005_134359,2026-10-05T14:04:57.013368+00:00,aliexpress,MOTHERBOARD,3256808957567138,"A1278 Motherboard For Macbook Pro 13"" A1278 Logic Board 2008 2009 2010 2011 2012 Year Original",144.46,42.0,2026-10-05,5.0,0,,0.0,42.0
20261005_134359,2026-10-05T14:05:00.858263+00:00,aliexpress,MOTHERBOARD,3256806810980877,GIGABYTE B550M AORUS ELITE New Micro-ATX AMD B550 Socket AM4 Motherboard,413.32,120.17,2026-10-05,5.0,0,,0.0,120.17
20261005_134359,2026-10-05T14:05:00.858263+00:00,aliexpress,MOTHERBOARD,3256807903193698,ASUS PRIME B450M-A Motherboard Support 5800X3D 5700X 5600X 5600G 1700X 2700X CPU 2xDDR4 M.2 HDMI MATX AMD AM4 Mainboard,331.88,96.49,2026-10-05,4.6,0,,0.0,96.49
20261005_134359,2026-10-05T14:05:00.858263+00:00,aliexpress,MOTHERBOARD,3256812834341058,2026 Mini PC Windows 11 Pro Intel I9-10980HK/N150 32GB DDR4 1TB SSD PC Gamer Computer Dual WIFI 6 BT5.2 4K HD Gaming Desktop,740.11,215.18,2026-10-05,5.0,0,,0.0,215.18
20261005_134359,2026-10-05T14:05:00.858263+00:00,aliexpress,MOTHERBOARD,3256806071990913,For Gigabyte GA-B150M-D3H Desktop Motherboard LGA 1151 DDR4 Micro ATX Mainboard 100% Tested OK Fully Work Free Shipping,292.36,85.0,2026-10-05,0.0,0,,0.0,85.0
20261005_134359,2026-10-05T14:05:00.858263+00:00,aliexpress,MOTHERBOARD,3256802409168306,"A1534 Logic Board For Macbook Retina 12"" A1534 Motherboard 256GB 512GB 820-00045-A 820-00244-A 820-00687-A 2015 2016 2017",834.08,242.5,2026-10-05,4.5,0,,0.0,242.5
20261005_134359,2026-10-05T14:05:00.858263+00:00,aliexpress,MOTHERBOARD,3256811888106332,Topton 2x10G LAN NAS Motherboard Intel N150 2*X550-AT2 NICs 3*M.2 NVMe Max 6*SATA3.0 TF eMMC slot Firewall Mini ITX Mainboard,1000.34,290.84,2026-10-05,5.0,0,,0.0,290.84
20261005_134359,2026-10-05T14:05:00.858263+00:00,aliexpress,MOTHERBOARD,3256811527204550,NEW Core I9-10980HK/N150 Portable Mini PC Computer Windows 11 32GB DDR4 1/2TB SSD Gaming Computer WiFi 6 Office Mini Desktop,765.56,222.58,2026-10-05,5.0,0,,0.0,222.58
20261005_134359,2026-10-05T14:05:00.858263+00:00,aliexpress,MOTHERBOARD,3256812854327489,Firebat F2 Mini Pc Intel I5 14450Hx Ddr4 16Gb Ram M.2 Pcie 512Gb Ssd Wifi 6 Bt 5.2 1000m Lan Windows 11 Desktop Computer,1577.53,458.65,2026-10-05,5.0,0,,0.0,458.65
20261005_134359,2026-10-05T14:05:00.858263+00:00,aliexpress,MOTHERBOARD,3256802920935966,"Original A1465 Motherboard For MacBook Air 11"" A1465 A1370 Logic Board 820-3435-A 820-00164-A 2010 2011 2012 2013 2014 2015 Year",118.66,34.5,2026-10-05,4.3,0,,0.0,34.5
20261005_134359,2026-10-05T14:05:00.858263+00:00,aliexpress,MOTHERBOARD,3256801128325407,01AW292 For LENOVO Thinkpad L460 I5-6300U Laptop Motherboard BL460 NM-A651 SR2F0 DDR3 Notebook Mainboard,306.67,89.16,2026-10-05,0.0,0,,0.0,89.16
20261005_134359,2026-10-05T14:05:00.858263+00:00,aliexpress,MOTHERBOARD,3256806871831840,Original For Macbook Air Retina A2681 A3113 A2941 A3114 Motherboard With touch id M2 M3 8G 16G 256G 512G 1TB 2022 2023 2024 Year,1881.41,547.0,2026-10-05,5.0,0,,0.0,547.0
20261005_134359,2026-10-05T14:05:00.858263+00:00,aliexpress,MOTHERBOARD,3256810136913401,TOPTON 10G NAS Motherboard 8-Bay Intel I3-N300 N150 2*2.5G LAN 2*NVMe 2*SFF-8643 to 8*SATA PCIex1 DDR5 Firewall PC ITX Mainboard,1009.39,293.47,2026-10-05,5.0,0,,0.0,293.47
20261005_134359,2026-10-05T14:05:00.858263+00:00,aliexpress,MOTHERBOARD,3256805782527352,E2-9000/A4-9125/A6-9225 CPU For HP 15-DB 15T-DB 255 G7 Notebook Motherboard EPV51 LA-G078P Laptop Mainboard L20477-601 DDR4,130.32,37.89,2026-10-05,5.0,0,,0.0,37.89
20261005_134359,2026-10-05T14:05:00.858263+00:00,aliexpress,MOTHERBOARD,3256804008074040,LA-F841P For HP Pavilion TPN-C133 15-CX 15T-CX Laptop Motherboard i5-8300H I7-8750H GTX1050 GTX1050Ti  DPK54 Notebook Mainboard,792.74,230.48,2026-10-05,0.0,0,,0.0,230.48
20261005_134359,2026-10-05T14:05:00.858263+00:00,aliexpress,MOTHERBOARD,3256810106429613,Topton Compact Fanless Mini PC Intel Celeron N2840 N2930 J1800 Dual LAN DDR3L MSATA SSD Firewall NAS Computer Homelab Server,280.22,81.47,2026-10-05,0.0,0,,0.0,81.47
20261005_134359,2026-10-05T14:05:00.858263+00:00,aliexpress,MOTHERBOARD,3256811910468383,Topton 10-Bay X99 NAS Motherboard XEON E5 V4 C612 6*DDR4 10*SATA 2*NVMe 4*2.5G LAN 3*PCIE Split Firewall Server M-ATX Mainboard,392.24,114.04,2026-10-05,0.0,0,,0.0,114.04
20261005_134359,2026-10-05T14:05:12.747474+00:00,amazon_usa,PSU,B0FBXX1D17,"be quiet! Pure Power 13 M 1000W Power Supply, 80+ Gold, Cybenetics Platinum",141.36,41.1,2026-10-05,4.7,310,https://www.amazon.com/quiet-Power-1000W-Fully-Modular/dp/B0FBXX1D17,0.0,41.1
20261005_134359,2026-10-05T14:05:12.747474+00:00,amazon_usa,PSU,B0FR3C76F3,Corsair SF1000 (2024) Fully Modular Low Noise 80 Plus (Black) (Renewed),131.35,38.19,2026-10-05,4.4,15,https://www.amazon.com/CORSAIR-SF1000-Modular-Platinum-Supply/dp/B0FR3C76F3,0.0,38.19
20261005_134359,2026-10-05T14:05:12.747474+00:00,amazon_usa,PSU,B0GY1RBQRH,"MSI PRO A1000PL PCIE5, Fully Modular Gaming 1000W Power Supply, 80+ Platinum, 12V-2x6 Cables, Server-Grade Capacitor, ATX 3.1 & PCIe 5.1 Ready, Low-Noise, Embossed Jacket Cables, 7 Year Warranty",148.52,43.18,2026-10-05,4.9,22,https://www.amazon.com/Platinum-Server-Grade-Capacitor-Low-Noise-Embossed/dp/B0GY1RBQRH,0.0,43.18
20261005_134359,2026-10-05T14:05:12.747474+00:00,amazon_usa,PSU,B0C7K22C3R,"Redragon PSU017 80+ Platinum 1000 Watt ATX 3.0 & PCIe 5.0 Fully Modular Gaming Power Supply, 80 Plus Certified, 100% Japanese Capacitors & Low Noise Smart-ECO Fan, Fully Modular w/12VHPWR Cable",80.42,23.38,2026-10-05,4.5,14,https://www.amazon.com/Redragon-PSU017-Certified-Capacitors-Smart-ECO/dp/B0C7K22C3R,0.0,23.38
20261005_134359,2026-10-05T14:05:12.747474+00:00,amazon_usa,PSU,B0D45RN3KZ,CORSAIR SF1000 (2024) Fully Modular Low Noise ATX Power Supply – Black,242.48,70.5,2026-10-05,4.3,225,https://www.amazon.com/CORSAIR-SF1000-Modular-Platinum-Supply/dp/B0D45RN3KZ,0.0,70.5
20261005_134359,2026-10-05T14:05:12.747474+00:00,amazon_usa,PSU,B0DJ1T9VXB,"ASUS ROG Strix 1000W Platinum (Fully Modular Power Supply, 80 Plus Platinum Certified, ATX 3.1, Cybenetics Lambda A+, GaN MOSFET, GPU-First Intelligent Voltage Stabilizer, 10-Year Warranty)",217.2,63.15,2026-10-05,4.8,294,https://www.amazon.com/ASUS-Certified-Cybenetics-Intelligent-Stabilizer/dp/B0DJ1T9VXB,0.0,63.15
20261005_134359,2026-10-05T14:05:12.747474+00:00,amazon_usa,PSU,B0FFQRCM37,"Rosewill VMG 1000W 80+ Gold, ATX 3.0 & 3.1 Compatible, Full Modular Low-Noise Power Supply, PCIe 5.1 12V-2x6 Connector, 100% Japanese Electrolytic Capacitor, 120mm FDB Silent Fan - 5 Year Warranty",111.13,32.31,2026-10-05,4.5,171,https://www.amazon.com/Rosewill-Compatible-Low-Noise-Connector-Electrolytic/dp/B0FFQRCM37,0.0,32.31
20261005_134359,2026-10-05T14:05:12.747474+00:00,amazon_usa,PSU,B0BZ2CRW8H,CORSAIR HX1000i ATX 3.1 PCIe 5.1 1000W Power Supply – Black,237.43,69.03,2026-10-05,4.7,334,https://www.amazon.com/Corsair-HX1000i-Modular-Ultra-Low-Supply/dp/B0BZ2CRW8H,0.0,69.03
20261005_134359,2026-10-05T14:05:12.747474+00:00,amazon_usa,PSU,B0CYTJ7BWP,"Super Flower Leadex VII XP PRO 1000W Power Supply, ATX 3.1 PCIe 5.1, Black",146.49,42.59,2026-10-05,4.4,13,https://www.amazon.com/Super-Flower-Leadex-1000W-Supply/dp/B0CYTJ7BWP,0.0,42.59
20261005_134359,2026-10-05T14:05:12.747474+00:00,amazon_usa,PSU,B0FQ6MH33Q,"NZXT C1000 Gold Core - 1000W ATX 3.1 Power Supply, 80+ Gold",171.77,49.94,2026-10-05,4.7,88,https://www.amazon.com/NZXT-C1000-Gold-Core-Cybenetics/dp/B0FQ6MH33Q,0.0,49.94
20261005_134359,2026-10-05T14:05:12.747474+00:00,amazon_usa,PSU,B0DNL6G97H,ASRock Steel Legend SL-1000G 1000W 80 Plus Gold & Cybenetics Platinum Full Modular Power Supply ATX3.1 & PCIe5.1 Ready with Dual Color 12V-2x6 Cable 10 Years Warranty,102.05,29.67,2026-10-05,4.3,62,https://www.amazon.com/ASRock-SL-1000G-Cybenetics-Platinum-Warranty/dp/B0DNL6G97H,0.0,29.67
20261005_134359,2026-10-05T14:05:12.747474+00:00,amazon_usa,PSU,B0FDVKJBML,"1000W Fully Modular Power Supply, 80+ Gold PSU, ATX 3.1 & PCIe 5.1 Ready, Native Dual-Color 12V-2x6 Cable, RGB Low-Noise Smart Fan, 105°C-Rated Capacitors, Black",101.02,29.37,2026-10-05,4.5,727,https://www.amazon.com/Auotac-Dual-Color-Low-Noise-105%C2%B0C-Rated-Capacitors/dp/B0FDVKJBML,0.0,29.37
20261005_134359,2026-10-05T14:05:12.747474+00:00,amazon_usa,PSU,B0H8534JDQ,ASUS ROG Strix 1000W Platinum III Power Supply(ROG Equalizer 12V-2x6 Cable),262.71,76.38,2026-10-05,0.0,0,https://www.amazon.com/ASUS-Platinum-Supply-Equalizer-12V-2x6/dp/B0H8534JDQ,0.0,76.38
20261005_134359,2026-10-05T14:05:12.747474+00:00,amazon_usa,PSU,B0DVJNVW8P,"be quiet! Power Zone 2 1000W, ATX 3.1, PCIe 5.1, 80+ Platinum Power Supply",171.67,49.91,2026-10-05,4.5,127,https://www.amazon.com/quiet-Cybenetics-Platinum-Efficiency-Low-Noise/dp/B0DVJNVW8P,0.0,49.91
20261005_134359,2026-10-05T14:05:12.747474+00:00,amazon_usa,PSU,B0DNLPGGDT,ASRock Steel Legend SL-1000GW 1000W 80 Plus Gold & Cybenetics Platinum Full Modular Power Supply ATX3.1 PCIe5.1 Ready with Dual Color 12V-2x6 Cable 10 Years Warranty White Edition Japanese Capacitor,106.07,30.84,2026-10-05,4.8,38,https://www.amazon.com/ASRock-SL-1000GW-Cybenetics-Platinum-Capacitor/dp/B0DNLPGGDT,0.0,30.84
20261005_134359,2026-10-05T14:05:12.747474+00:00,amazon_usa,PSU,B0H85FHVRC,ASUS ROG Strix 1200W Platinum III White Edition Power Supply(ROG Equalizer),262.71,76.38,2026-10-05,5.0,6,https://www.amazon.com/ASUS-Strix-Platinum-Supply-Equalizer/dp/B0H85FHVRC,0.0,76.38
20261005_134359,2026-10-05T14:05:12.747474+00:00,amazon_usa,PSU,B0FK3826VH,Thermaltake Toughpower GT 1000W; ATX 3.1; Native PCIe 5.1 12V-2x6; Full Modular; Flat Cables; Color Matched Connectors; Japanese Main Capacitors; 80 Plus Gold; 140mm; Black; PS-TPT-1000FNFAGU-3,101.02,29.37,2026-10-05,3.8,104,https://www.amazon.com/Thermaltake-Toughpower-Connectors-Capacitors-PS-TPT-1000FNFAGU-3/dp/B0FK3826VH,0.0,29.37
20261005_134359,2026-10-05T14:05:12.747474+00:00,amazon_usa,PSU,B0GKFXSQXL,"1000W Fully Modular Power Supply, 80+ Gold Certified PSU | ATX 3.1 & PCIe 5.1 Ready | 12V-2x6 Connector | 140mm Low-Noise Fan | 105℃ Japanese Capacitors | Black PSU",90.94,26.44,2026-10-05,0.0,0,https://www.amazon.com/Certified-Connector-Low-Noise-Japanese-Capacitors/dp/B0GKFXSQXL,0.0,26.44
20261005_134359,2026-10-05T14:05:12.747474+00:00,amazon_usa,PSU,B0GHQ9HFG1,"ASRock Steel Legend SL-1000P 1000W ATX Power Supply, 80 Plus Platinum, ATX3.1 & PCIe 5.1 Ready, Fully Modular, 135mm FDB Fan, 10-Year Warranty Lambda A+",151.54,44.06,2026-10-05,5.0,6,https://www.amazon.com/ASRock-SL-1000P-Platinum-Modular-Warranty/dp/B0GHQ9HFG1,0.0,44.06
20261005_134359,2026-10-05T14:05:12.747474+00:00,amazon_usa,PSU,B0DPR5RZ1T,CORSAIR RM1000e (2025) ATX 3.1 PCIe 5.1 Ready 1000W Power Supply – Black,141.47,41.13,2026-10-05,4.7,1500,https://www.amazon.com/CORSAIR-RM1000e-Modular-Low-Noise-12V-2x6/dp/B0DPR5RZ1T,0.0,41.13
20261005_134359,2026-10-05T14:05:12.747474+00:00,amazon_usa,PSU,B0DTTFYZKH,"Super Flower Leadex VII XP 1000W Power Supply, ATX 3.1 PCIe 5.1, White",146.49,42.59,2026-10-05,4.8,7,https://www.amazon.com/Flower-Leadex-Platinum-Cybenetics-Modular/dp/B0DTTFYZKH,0.0,42.59
20261005_134359,2026-10-05T14:05:12.747474+00:00,amazon_usa,PSU,B0BZJ5WNJS,ASUS ROG Loki SFX-L 1000W Platinum Power Supply,282.9,82.25,2026-10-05,4.4,67,https://www.amazon.com/ASUS-Platinum-Modular-Compatible-Warranty/dp/B0BZJ5WNJS,0.0,82.25
20261005_134359,2026-10-05T14:05:12.747474+00:00,amazon_usa,PSU,B0CYTJ5YLS,"Super Flower Leadex VII XG 1000W Power Supply, ATX 3.1 PCIe 5.1, Black",141.47,41.13,2026-10-05,4.9,9,https://www.amazon.com/Flower-Cybenetics-Platinum-Modular-12VHPWR/dp/B0CYTJ5YLS,0.0,41.13
20261005_134359,2026-10-05T14:05:12.747474+00:00,amazon_usa,PSU,B0BZWZYTWJ,ASUS TUF Gaming 1000W Gold Power Supply,168.74,49.06,2026-10-05,4.7,498,https://www.amazon.com/ASUS-Gaming-1000W-Power-Supply/dp/B0BZWZYTWJ,0.0,49.06
20261005_134359,2026-10-05T14:05:16.798693+00:00,amazon_usa,PSU,B0FPCF4H5W,Lian Li SX1000P Platinum Compact ATX PSU 1000W-ATX 3.1-Black-SX1000P.B,151.54,44.06,2026-10-05,3.7,32,https://www.amazon.com/Lian-Li-Platinum-Compact-12V-2x6/dp/B0FPCF4H5W,0.0,44.06
20261005_134359,2026-10-05T14:05:16.798693+00:00,amazon_usa,PSU,B0DNNNM1ZB,Corsair HX1000i Fully Modular Ultra-Low Noise ATX Power Supply - ATX 3.0 & PCIe 5.0 Compliant - Fluid Dynamic Bearing Fan- 80 Plus Platinum Efficiency - Black (Renewed),161.66,47.0,2026-10-05,4.0,13,https://www.amazon.com/Corsair-HX1000i-Modular-Ultra-Low-Supply/dp/B0DNNNM1ZB,0.0,47.0
20261005_134359,2026-10-05T14:05:16.798693+00:00,amazon_usa,PSU,B0FPCDJYBW,Lian Li SX1000P Platinum Compact ATX PSU 1000W-ATX 3.1-White-SX1000P.W,151.54,44.06,2026-10-05,3.7,32,https://www.amazon.com/Lian-Li-Platinum-Compact-12V-2x6/dp/B0FPCDJYBW,0.0,44.06
20261005_134359,2026-10-05T14:05:16.798693+00:00,amazon_usa,PSU,B0F9963V9X,SAMA P1000 80+ Platinum ATX 3.1 Fully Modular Gaming 1000W Power Supply,121.24,35.25,2026-10-05,5.0,19,https://www.amazon.com/SAMA-P1000-1000W-Platinum-Supply/dp/B0F9963V9X,0.0,35.25
20261005_134359,2026-10-05T14:05:16.798693+00:00,amazon_usa,PSU,B096KCD9LD,"1000W Power Supply 80+ Gold Full Modular PSU, ATX 3.0 & PCIE 5.0, ES1000",80.83,23.5,2026-10-05,4.0,713,https://www.amazon.com/Pystar-1000W-Supply-Modular-ES1000/dp/B096KCD9LD,0.0,23.5
20261005_134359,2026-10-05T14:05:16.798693+00:00,amazon_usa,PSU,B0CCV79718,"Phanteks (PH-P1000PR_BK01C) Revolt 1000W 80PLUS Platinum, ATX 3.0, PCIe 5.0, Fully Modular, Cable-Less, Power Supply Unit Only (Cables Sold Separately), Black",67.35,19.58,2026-10-05,5.0,3,https://www.amazon.com/Phanteks-PH-P1000PR_BK01C-Revolt-Platinum-Modular/dp/B0CCV79718,0.0,19.58
20261005_134359,2026-10-05T14:05:16.798693+00:00,amazon_usa,PSU,B0F2TQ57HY,"be quiet! Pure Power 12 1000W Gaming PSU, 80 Plus Gold, ATX 3.1, 12V-Rail",111.06,32.29,2026-10-05,4.6,22,https://www.amazon.com/quiet-Performance-12V-Rail-BP005US-Warranty/dp/B0F2TQ57HY,0.0,32.29
20261005_134359,2026-10-05T14:05:16.798693+00:00,amazon_usa,PSU,B0C571R3V8,Seasonic Vertex PX-1000 1000W Power Supply ATX 3.1 & PCIe 5.1 Ready,272.82,79.32,2026-10-05,4.6,80,https://www.amazon.com/Seasonic-Vertex-ATX-3-1-Cybenetics/dp/B0C571R3V8,0.0,79.32
20261005_134359,2026-10-05T14:05:16.798693+00:00,amazon_usa,PSU,B0GZYVGCFY,"SilverStone Technology HELA 1000Rz 80 Plus Platinum 1000W ATX 3.1 & PCIe 5 Fully Modular ATX Power Supply, SST-HA1000R-PM",218.24,63.45,2026-10-05,5.0,3,https://www.amazon.com/SilverStone-Technology-Platinum-Modular-SST-HA1000R-PM/dp/B0GZYVGCFY,0.0,63.45
20261005_134359,2026-10-05T14:05:16.798693+00:00,amazon_usa,PSU,B0DTY7T8GP,"Super Flower Leadex III 1000W Power Supply, ATX 3.1 PCIe 5.1, Black",151.54,44.06,2026-10-05,4.3,23,https://www.amazon.com/Super-Flower-Leadex-1000W-Supply/dp/B0DTY7T8GP,0.0,44.06
20261005_134359,2026-10-05T14:05:16.798693+00:00,amazon_usa,PSU,B0FN7FJ2CM,"LIAN LI SP1000P 1000W SFX Power Supply, 80 Plus Platinum, Black (SP1000P.B)",186.9,54.34,2026-10-05,4.4,49,https://www.amazon.com/SP1000P-1000W-Supply-Platinum-SP1000P-B/dp/B0FN7FJ2CM,0.0,54.34
20261005_134359,2026-10-05T14:05:16.798693+00:00,amazon_usa,PSU,B0CB9MSJ5N,"MSI MAG A850GL PCIE5, Fully Modular Compact Gaming 850W Power Supply, 80+ Gold, ATX 3.1 & PCIe 5.1 Ready, Native Dual-Color 12V-2x6 Cable, 10 Year Warranty",111.13,32.31,2026-10-05,4.4,2000,https://www.amazon.com/A850GL-Modular-Compact-Dual-Color-Warranty/dp/B0CB9MSJ5N,0.0,32.31
20261005_134359,2026-10-05T14:05:16.798693+00:00,amazon_usa,PSU,B0D28HRHSG,Thermaltake Toughpower SFX Form Factor 1000W 80+ Platinum Power Supply (PCI-E 5.1/ATX 3.1 Standard); 600W 12V-2x6 Connector Included; Full Modular; 90mm FDB Fan; 7 Year Warranty; PS-STP-1000FNFAPU-1,202.07,58.75,2026-10-05,4.1,245,https://www.amazon.com/Thermaltake-Toughpower-Platinum-Connector-PS-STP-1000FNFAPU-1/dp/B0D28HRHSG,0.0,58.75
20261005_134359,2026-10-05T14:05:16.798693+00:00,amazon_usa,PSU,B0H2M7762P,"COUGAR GR1000W 1000W Power Supply - 80 Plus Gold, ATX 3.1 & PCIe 5.1 Ready",104.08,30.26,2026-10-05,4.7,16,https://www.amazon.com/COUGAR-GR1000W-1000W-Power-Supply/dp/B0H2M7762P,0.0,30.26
20261005_134359,2026-10-05T14:05:16.798693+00:00,amazon_usa,PSU,B0FN7G2BWB,"LIAN LI SP1000P 1000W SFX Power Supply, 80 Plus Platinum, White (SP1000P.W)",186.9,54.34,2026-10-05,4.2,22,https://www.amazon.com/SP1000P-1000W-Supply-Platinum-SP1000P-W/dp/B0FN7G2BWB,0.0,54.34
20261005_134359,2026-10-05T14:05:16.798693+00:00,amazon_usa,PSU,B0CKM1JX4S,GIGABYTE GP-UD850GM PG5W - PCIe5.0 Ready - ATX3.0-850W 80 Plus Gold Certified - Fully Modular Power Supply - Japanese Capacitors,121.24,35.25,2026-10-05,4.1,18,https://www.amazon.com/GIGABYTE-GP-UD850GM-PG5W-Modular-Gaming/dp/B0CKM1JX4S,0.0,35.25
20261005_134359,2026-10-05T14:05:16.798693+00:00,amazon_usa,PSU,B0CD8CQ4D2,"Apevia ATX-MT1000W Mystic 1000W Fully Modular 80+ Platinum Certified, PCIe 5.0 & ATX 3.0 Ready Active PFC ATX RGB Gaming Power Supply, Includes Gen 5 12VHPWR Connector & 366 RGB Light Modes",101.02,29.37,2026-10-05,4.6,13,https://www.amazon.com/Apevia-ATX-MT1000W-Platinum-Certified-Connector/dp/B0CD8CQ4D2,0.0,29.37
20261005_134359,2026-10-05T14:05:16.798693+00:00,amazon_usa,PSU,B0BRN2YG7F,"Vetroo 1000W White Power Supply, ATX 3.1 Ready & Dual PCIe 5.1",101.02,29.37,2026-10-05,4.1,393,https://www.amazon.com/Vetroo-Modular-Japanese-Capacitors-Warranty/dp/B0BRN2YG7F,0.0,29.37
20261005_134359,2026-10-05T14:05:16.798693+00:00,amazon_usa,PSU,B0H84ZZFM6,ASUS ROG Strix 1200W Platinum III Power Supply(ROG Equalizer 12V-2x6 Cable),308.18,89.6,2026-10-05,3.8,5,https://www.amazon.com/ASUS-Platinum-Supply-Equalizer-12V-2x6/dp/B0H84ZZFM6,0.0,89.6
20261005_134359,2026-10-05T14:05:16.798693+00:00,amazon_usa,PSU,B0DN15R9WR,"LIAN LI Edge Gold 1000W ATX 3.1 PSU, 80 Plus Gold, White (EG1000G.WH)",150.31,43.7,2026-10-05,4.7,198,https://www.amazon.com/Lian-Li-Edge-Serie-EG1000G-WH/dp/B0DN15R9WR,0.0,43.7
20261005_134359,2026-10-05T14:05:16.798693+00:00,amazon_usa,PSU,B0BTK87TBN,"Apevia ATX-PR1000W PCIe 5.0 & ATX 3.0 Ready Prestige 1000W 80+ Gold Certified, Gen 5 12VHPWR GPU Connector, Active PFC ATX Gaming Power Supply",80.83,23.5,2026-10-05,4.2,80,https://www.amazon.com/Apevia-ATX-PR1000W-Certified-Connector-Compliance/dp/B0BTK87TBN,0.0,23.5
20261005_134359,2026-10-05T14:05:16.798693+00:00,amazon_usa,PSU,B0BV6CWS2Z,"be quiet! Dark Power 13 1000W, ATX 3.1, PCIe 5.0, 80+ Titanium Power Supply",222.19,64.6,2026-10-05,4.3,222,https://www.amazon.com/quiet-Titanium-Efficiency-Modular-Supply/dp/B0BV6CWS2Z,0.0,64.6
20261005_134359,2026-10-05T14:05:21.086708+00:00,amazon_usa,PSU,B0DHYRB6C3,"ASUS TUF Gaming 1000W Gold White Edition (1000 Watt, Fully Modular Power Supply, 80+ Gold Certified, Military-Grade Components, Dual Ball Bearing, Axial-tech Fan, PCB Coating, 10 Year Warranty)",191.44,55.66,2026-10-05,4.7,116,https://www.amazon.com/ASUS-Certified-Military-Grade-Components-Axial-tech/dp/B0DHYRB6C3,0.0,55.66
20261005_134359,2026-10-05T14:05:21.086708+00:00,amazon_usa,PSU,B0GBVK5VCZ,Enermax Revolution III S 1000W | Fully-Modular ATX 3.1 Power Supply | 80 Plus Platinum | 120mm FDB Fan w/ECO Mode | 105°C Japanese Capacitors | Black,141.47,41.13,2026-10-05,0.0,0,https://www.amazon.com/Enermax-Revolution-Fully-Modular-Platinum-Capacitors/dp/B0GBVK5VCZ,0.0,41.13
20261005_134359,2026-10-05T14:05:21.086708+00:00,amazon_usa,PSU,B0CYTLHS3V,"Super Flower Leadex VII XG 1000W Power Supply, ATX 3.1 PCIe 5.1, White",141.47,41.13,2026-10-05,3.7,8,https://www.amazon.com/Super-Flower-Leadex-1000W-Supply/dp/B0CYTLHS3V,0.0,41.13
20261005_134359,2026-10-05T14:05:21.086708+00:00,amazon_usa,PSU,B0C7TRJGL5,SAMA XP850 850W Platinum ATX 3.0 PCIe 5.0 Fully Modular Power Supply Black,80.83,23.5,2026-10-05,4.7,16,https://www.amazon.com/SAMA-Platinum-PCIE5-0-Voltage-12VHPWR/dp/B0C7TRJGL5,0.0,23.5
20261005_134359,2026-10-05T14:05:21.086708+00:00,amazon_usa,PSU,B0FXNV6Y7H,"MSI MAG A1000GL PCIE5 White, Fully Modular Compact Gaming 1000W Power Supply, 80+ Gold, ATX 3.1 & PCIe 5.1 Ready, Native Dual-Color 12V-2x6 Cable, Low-Noise, Embossed Jacket Cables, 10 Year Warranty",150.55,43.77,2026-10-05,5.0,33,https://www.amazon.com/MAG-A1000GL-PCIE5-White-Dual-Color/dp/B0FXNV6Y7H,0.0,43.77
20261005_134359,2026-10-05T14:05:21.086708+00:00,amazon_usa,PSU,B0GY1ZXHW3,"MSI MAG A1000PLS PCIE5, Fully Modular Gaming 1000W Power Supply, 80+ Platinum, Native 12V-2x6 Cables, GPU Safeguard, 105°C Main Capacitor, Fan Safeguard, ATX 3.1 & PCIe 5.1 Ready, 10 Year Warranty",177.82,51.7,2026-10-05,5.0,14,https://www.amazon.com/A1000PLS-Platinum-Safeguard-Capacitor-Warranty/dp/B0GY1ZXHW3,0.0,51.7
20261005_134359,2026-10-05T14:05:21.086708+00:00,amazon_usa,PSU,B0DN16HS1L,"LIAN LI Edge Gold 1000W ATX 3.1 PSU, 80 Plus Gold, Black (EG1000G.BH)",149.17,43.37,2026-10-05,4.5,213,https://www.amazon.com/Lian-Li-Edge-Serie-EG1000G-BH/dp/B0DN16HS1L,0.0,43.37
20261005_134359,2026-10-05T14:05:21.086708+00:00,amazon_usa,PSU,B0CT3XNCZ9,"msi MAG A1000GL PCIE5, Fully Modular Compact Gaming 1000W Power Supply, 80+ Gold, ATX 3.1 & PCIe 5.1 Ready, Native Dual-Color 12V-2x6 Cable, 10 Year Warranty",131.35,38.19,2026-10-05,4.3,326,https://www.amazon.com/A1000GL-Modular-Compact-Dual-Color-Warranty/dp/B0CT3XNCZ9,0.0,38.19
20261005_134359,2026-10-05T14:05:21.086708+00:00,amazon_usa,PSU,B0F3XRMZBM,MONTECH Century II 1050W ATX 3.1 Fully Modular 80 Plus Gold Power Supply,111.06,32.29,2026-10-05,4.7,255,https://www.amazon.com/MONTECH-Century-II-High-End-Cybenetics/dp/B0F3XRMZBM,0.0,32.29
20261005_134359,2026-10-05T14:05:21.086708+00:00,amazon_usa,PSU,B0HC4KNGGX,"Cooler Master Elite Platinum 1000W Power Supply, PCIe 5.1 Ready",151.54,44.06,2026-10-05,0.0,0,https://www.amazon.com/Cooler-Master-Elite-Platinum-Supply/dp/B0HC4KNGGX,0.0,44.06
20261005_134359,2026-10-05T14:05:21.086708+00:00,amazon_usa,PSU,B0C9553MFX,MSI MPG A1000G PCIE 5 & ATX 3.0 Gaming Power Supply - Full Modular - 80 Plus Gold Certified 1000W - 100% Japanese 105°C Capacitors - Compact Size - ATX PSU (Renewed),90.94,26.44,2026-10-05,4.5,44,https://www.amazon.com/MSI-A1000G-Gaming-Power-Supply/dp/B0C9553MFX,0.0,26.44
20261005_134359,2026-10-05T14:05:21.086708+00:00,amazon_usa,PSU,B0CC3QBGDL,"MSI MAG A750GL PCIE5, Fully Modular Compact Gaming 750W Power Supply, 80+ Gold, ATX 3.1 & PCIe 5.1 Ready, Native Dual-Color 12V-2x6 Cable, 10 Year Warranty",90.94,26.44,2026-10-05,4.6,1400,https://www.amazon.com/Modular-Compact-Dual-Color-12V-2x6-Warranty/dp/B0CC3QBGDL,0.0,26.44
20261005_134359,2026-10-05T14:05:21.086708+00:00,amazon_usa,PSU,B0FF8F48PB,"MSI MAG A1000GLS PCIE5, Fully Modular Compact Gaming 1000W Power Supply, 80+ Gold, ATX 3.1 & PCIe 5.1 Ready, Native Dual-Color 12V-2x6 Embossed Jacket Cables, Low-Noise, 10 Year Warranty",141.47,41.13,2026-10-05,4.6,29,https://www.amazon.com/MAG-A1000GLS-PCIE5-Dual-Color-Low-Noise/dp/B0FF8F48PB,0.0,41.13
20261005_134359,2026-10-05T14:05:21.086708+00:00,amazon_usa,PSU,B0FLFGGDK3,CORSAIR RM750e ATX 3.1 PCIe 5.1 Ready 750W Power Supply – Black,90.94,26.44,2026-10-05,4.6,483,https://www.amazon.com/CORSAIR-RM750e-Ready-Modular-Supply/dp/B0FLFGGDK3,0.0,26.44
20261005_134359,2026-10-05T14:05:21.086708+00:00,amazon_usa,PSU,B0B434DB7Y,msi MPG 1000W 80+ Gold Power Supply - 1000W 80+ Gold - 100% Japanese Capacitors - Compatible with PCIe 5.0 Graphics Cards - 1 Fan(s),212.15,61.68,2026-10-05,4.6,1900,https://www.amazon.com/MSI-A1000G-Gaming-Power-Supply/dp/B0B434DB7Y,0.0,61.68
20261005_134359,2026-10-05T14:05:21.086708+00:00,amazon_usa,PSU,B0DJ1M9C62,CORSAIR RM1000x ATX 3.1 PCIe 5.1 1000W Power Supply – Black,181.88,52.88,2026-10-05,4.5,785,https://www.amazon.com/CORSAIR-RM1000x-Modular-Low-Noise-Supply/dp/B0DJ1M9C62,0.0,52.88
20261005_134359,2026-10-05T14:05:21.086708+00:00,amazon_usa,PSU,B0F1NF61BQ,CORSAIR HX1200i (2025) ATX 3.1 PCIe 5.1 Ready 1200W Power Supply – Black,290.67,84.51,2026-10-05,4.4,118,https://www.amazon.com/CORSAIR-HX1200i-Modular-Ultra-Low-12V-2x6/dp/B0F1NF61BQ,0.0,84.51
20261005_134359,2026-10-05T14:05:21.086708+00:00,amazon_usa,PSU,B0941WP4XB,Apevia ATX-GX1000W Galaxy 1000W (No PCIe 5.0 & No Gen 5 12VHPWR Connector) 80+ Gold Certified Active PFC ATX Semi-Modular Gaming Power Supply,76.77,22.32,2026-10-05,4.0,125,https://www.amazon.com/Apevia-ATX-GX1000W-Galaxy-Certified-Semi-Modular/dp/B0941WP4XB,0.0,22.32
20261005_134359,2026-10-05T14:05:21.086708+00:00,amazon_usa,PSU,B0GJ8F8NVW,"1000W ATX 3.1 Fully Modular Power Supply, 80 Plus Gold Certified, PCIe 5.1 Ready with Native 12VHPWR Cable, High Efficiency Low-Noise PSU for Gaming & Workstations",101.02,29.37,2026-10-05,0.0,0,https://www.amazon.com/1000W-Certified-Efficiency-Low-Noise-Workstations/dp/B0GJ8F8NVW,0.0,29.37
20261005_134359,2026-10-05T14:05:26.033113+00:00,amazon_usa,PSU,B0HHKRKNMX,Corsair SF1000 SFX Power Supply CP-9020257-NA Black (Renewed),139.44,40.54,2026-10-05,0.0,0,https://www.amazon.com/Corsair-SF1000-Supply-CP-9020257-NA-Renewed/dp/B0HHKRKNMX,0.0,40.54
20261005_134359,2026-10-05T14:05:26.033113+00:00,amazon_usa,PSU,B0CC8JMDVH,be quiet! Straight Power 12 1500W ATX 3.1 PCIe 5.0 80+ Platinum PSU,257.55,74.88,2026-10-05,4.5,110,https://www.amazon.com/quiet-Straight-12-1500w-connectors-BN518/dp/B0CC8JMDVH,0.0,74.88
20261005_134359,2026-10-05T14:05:26.033113+00:00,amazon_usa,PSU,B0BDKRZM62,"ARESGAME AGT Series 1000W Power Supply, 80+ Gold Certified, Fully Modular, FDB Fan, Compact 140mm Size, 10 Year Warranty, ATX Gaming Power Supply",90.94,26.44,2026-10-05,3.8,403,https://www.amazon.com/ARESGAME-Certified-Modular-Compact-Warranty/dp/B0BDKRZM62,0.0,26.44
20261005_134359,2026-10-05T14:05:26.033113+00:00,amazon_usa,PSU,B017ICWP82,"EVGA 210-GQ-1000-V1,1000 GQ, 80+ GOLD 1000W, Semi Modular, EVGA ECO Mode, 5 Year Warranty, Power Supply,Black",222.29,64.63,2026-10-05,4.7,1500,https://www.amazon.com/EVGA-Modular-Warranty-Supply-210-GQ-1000-V1/dp/B017ICWP82,0.0,64.63
20261005_134359,2026-10-05T14:05:26.033113+00:00,amazon_usa,PSU,B0GCN58L6M,Enermax Revolution III S 1000W | Fully-Modular ATX 3.1 Power Supply | 80 Plus Platinum | 120mm FDB Fan w/ECO Mode | 105°C Japanese Capacitors | White,151.54,44.06,2026-10-05,0.0,0,https://www.amazon.com/Enermax-Revolution-Fully-Modular-Platinum-Capacitors/dp/B0GCN58L6M,0.0,44.06
20261005_134359,2026-10-05T14:05:26.033113+00:00,amazon_usa,PSU,B08H21FRHR,ASUS ROG Thor 1000W Platinum III Power Supply,461.65,134.22,2026-10-05,4.5,24,https://www.amazon.com/ASUS-1000W-Platinum-Power-Supply/dp/B08H21FRHR,32.0,166.22
20261005_134359,2026-10-05T14:05:26.033113+00:00,amazon_usa,PSU,B07N4RZRPY,Silverstone Technology 1000 Watt Fully Modular 80 Plus Platinum Power Supply in Ultra Compact 140mm in Depth ST1000-PTS,259.68,75.5,2026-10-05,4.3,43,https://www.amazon.com/SilverStone-Technology-Modular-Platinum-ST1000-PTS/dp/B07N4RZRPY,0.0,75.5
20261005_134359,2026-10-05T14:05:26.033113+00:00,amazon_usa,PSU,B0DKVBFVL6,"MONTECH Titan PLA 750W Power Supply, Fully Modular 80 Plus Platinum, White",201.07,58.46,2026-10-05,4.9,19,https://www.amazon.com/Montech-Titan-High-End-Gaming-Supply/dp/B0DKVBFVL6,0.0,58.46
20261005_134359,2026-10-05T14:05:26.033113+00:00,amazon_usa,PSU,B0DNNZ9G46,ASRock PG 1600G ATX 3.1 1600W Power Supply PCle5.1 10 Years Warranty Fully Modular Japanese Capacitor Phantom Gaming PG-1600G 80 Plus Gold Cybenetics Platinum 12V-2x6 Cables,202.07,58.75,2026-10-05,4.5,78,https://www.amazon.com/ASRock-Warranty-Japanese-Capacitor-Cybenetics/dp/B0DNNZ9G46,0.0,58.75
20261005_134359,2026-10-05T14:05:26.033113+00:00,amazon_usa,PSU,B0DL78MJMY,GIGABYTE GP-AE1000PM PG5 ICE - PCIe5.1 Ready - ATX3.1-1000W 80 Plus Platinum Certified - Fully Modular Power Supply,294.94,85.75,2026-10-05,3.5,7,https://www.amazon.com/GIGABYTE-GP-AE1000PM-PG5-ICE-ATX3-1-1000W/dp/B0DL78MJMY,32.0,117.75
20261005_134359,2026-10-05T14:05:26.033113+00:00,amazon_usa,PSU,B0DP4JRTST,Seasonic Focus GX-1000 1000W Power Supply ATX 3.1 & PCIe 5.1 Ready White,197.05,57.29,2026-10-05,4.8,210,https://www.amazon.com/Seasonic-GX-1000-White-ATX3-SRP-FGX102-A5A32SF/dp/B0DP4JRTST,0.0,57.29
20261005_134359,2026-10-05T14:05:26.033113+00:00,amazon_usa,PSU,B0DBW2J5Q1,"1STPLAYER NGDP 1000W Fully Modular PSU, ATX 3.1 / PCI-E 5.1, 80 Plus Gold/PPLP Platinum, Low Noise FDB Fan with Zero RPM, Japanese Electrolyte Capacitor",150.55,43.77,2026-10-05,5.0,3,https://www.amazon.com/1STPLAYER-Platinum-Japanese-Electrolyte-Capacitor/dp/B0DBW2J5Q1,0.0,43.77
20261005_134359,2026-10-05T14:05:26.033113+00:00,amazon_usa,PSU,B0DJ6DGHCP,Thermaltake Toughpower GT 850W ATX 3.1 Standard Power Supply; 80 Plus Gold Efficiency; Smart Zero Fan; Native 450W PCIe 5.1 Connector; PS-TPT-0850FNFAGU-3; 5 Year Warranty,90.94,26.44,2026-10-05,4.5,567,https://www.amazon.com/Thermaltake-Toughpower-Efficiency-Connector-PS-TPT-0850FNFAGU-3/dp/B0DJ6DGHCP,0.0,26.44
20261005_134359,2026-10-05T14:05:26.033113+00:00,amazon_usa,PSU,B08F1NFSG4,"Segotep GM850 850W Power Supply, 80 Plus Gold Certified, PCIe 5.1 & ATX 3.1",78.8,22.91,2026-10-05,4.5,797,https://www.amazon.com/Segotep-GM850-Power-Supply-PCIe/dp/B08F1NFSG4,0.0,22.91
20261005_134359,2026-10-05T14:05:26.033113+00:00,amazon_usa,PSU,B014W3EAX8,"Thermaltake Smart 700W 80+ White Certified PSU, Continuous Power with 120mm Ultra Quiet Fan, ATX 12V V2.3/EPS 12V Active PFC Power Supply PS-SPD-0700NPCWUS-W",55.55,16.15,2026-10-05,4.6,4400,https://www.amazon.com/Thermaltake-Certified-Continuous-Active-PS-SPD-0700NPCWUS-W/dp/B014W3EAX8,0.0,16.15
20261005_134359,2026-10-05T14:05:26.033113+00:00,amazon_usa,PSU,B0C9SBSMBJ,"Apevia ATX-PM1000W PCIe 5.0 & ATX 3.0 Ready Premier 1000W 80+ Gold Certified, Includes PCIe 5.0 / Gen 5 12VHPWR Connector, Active PFC ATX Semi-Modular Gaming Power Supply with 366 RGB Light Modes",77.8,22.62,2026-10-05,4.2,29,https://www.amazon.com/Apevia-ATX-PM1000W-Certified-Connector-Semi-Modular/dp/B0C9SBSMBJ,0.0,22.62
20261005_134359,2026-10-05T14:05:26.033113+00:00,amazon_usa,PSU,B0DT2YZ775,ENERMAX Revolution III 1000 - Fully Modular PC Power Supply - 1000 Watts - 80 Plus Gold - 600W 12V-2x6 Connector - 100% Japanese Capacitors - Sleeved Cables - 10 Year Warranty,110.65,32.17,2026-10-05,3.8,7,https://www.amazon.com/ENERMAX-Revolution-III-1000-Capacitors/dp/B0DT2YZ775,0.0,32.17
20261005_134359,2026-10-05T14:05:26.033113+00:00,amazon_usa,PSU,B0FRM2NPJ9,1000W Power Supply 80 Plus Gold ATX 3.1 & PCIe 5.1 Modular PSU 0-RPM Mode,80.83,23.5,2026-10-05,4.6,2,https://www.amazon.com/1000W-Power-Supply-PCIe-Ready/dp/B0FRM2NPJ9,0.0,23.5
20261005_134359,2026-10-05T14:05:26.033113+00:00,amazon_usa,PSU,B0DZXKYWSH,CORSAIR RM1000e (2025) ATX 3.1 PCIe 5.1 Ready 1000W Power Supply – White,153.57,44.65,2026-10-05,4.7,95,https://www.amazon.com/CORSAIR-RM1000e-Modular-Low-Noise-12V-2x6/dp/B0DZXKYWSH,0.0,44.65
20261005_134359,2026-10-05T14:05:26.033113+00:00,amazon_usa,PSU,B0CDDMQ3NS,Apevia ATX-JP1000W PCIe 5.0 & ATX 3.0 80+ Bronze Power Supply with 12VHPWR,70.72,20.56,2026-10-05,4.0,28,https://www.amazon.com/Apevia-ATX-JP1000W-Certified-Connector-Compliance/dp/B0CDDMQ3NS,0.0,20.56
20261005_134359,2026-10-05T14:05:26.033113+00:00,amazon_usa,PSU,B0BHJDQJNC,ASUS ROG Loki SFX-L 1000W Platinum Power Supply,268.73,78.13,2026-10-05,4.4,227,https://www.amazon.com/ASUS-SFX-L-1000W-Platinum-Supply/dp/B0BHJDQJNC,32.0,110.13
20261005_134359,2026-10-05T14:05:26.033113+00:00,amazon_usa,PSU,B0FST7CYPC,"ASRock PRO 750G Power Supply - 750W 80 Plus Gold Certified, ATX 3.1 & PCIe 5.1 Ready, Native 12V-2x6 Connector, 120mm Low-Noise Fan, 3-Year Warranty",55.55,16.15,2026-10-05,4.6,72,https://www.amazon.com/ASRock-PRO-750G-Power-Supply/dp/B0FST7CYPC,0.0,16.15
20261005_134359,2026-10-05T14:05:26.033113+00:00,amazon_usa,PSU,B0FBGRLZKT,GOLDEN FIELD 1050W Power Supply Platinum ATX 3.1 Full Modular 1000 Watt PSU,131.35,38.19,2026-10-05,4.4,12,https://www.amazon.com/GOLDEN-FIELD-Computer-Certified-Capacitors/dp/B0FBGRLZKT,0.0,38.19
20261005_134359,2026-10-05T14:05:26.033113+00:00,amazon_usa,PSU,B0C33H937C,"GAMEMAX Rampage Series, 1250W, Full Modular Power Supply, ATX 3.0 & PCIE 5.0 Ready, 80 Plus Platinum Certified, 105°C Japanese Caps, 135mm F.D.B Fan, 10 Year Warranty, GX1250, White",141.47,41.13,2026-10-05,4.4,69,https://www.amazon.com/GAMEMAX-Platinum-Certified-Japanese-Warranty/dp/B0C33H937C,0.0,41.13
20261005_134359,2026-10-05T14:05:30.816831+00:00,amazon_usa,PSU,B0B433ZCRP,"MSI MEG Ai1300P PCIE5, Fully Modular Gaming 1300W Power Supply, 80+ Platinum, Native 12V-2x6 Cable, 100% Japanese Capacitor, ATX 3.1 & PCIe 5.1 Ready, Low-Noise, Sleeve Cables, 10 Year Warranty",353.65,102.82,2026-10-05,3.9,571,https://www.amazon.com/Ai1300GS-Platinum-Japanese-Capacitor-Low-Noise/dp/B0B433ZCRP,0.0,102.82
20261005_134359,2026-10-05T14:05:30.816831+00:00,amazon_usa,PSU,B0CKHGR41P,AZZA PSAZ-1000P 80+ Platinum 1000W ATX 3.0 Power Supply,161.28,46.89,2026-10-05,0.0,0,https://www.amazon.com/AZZA-PSAZ-1000P-Platinum-1000W-Supply/dp/B0CKHGR41P,0.0,46.89
20261005_134359,2026-10-05T14:05:30.816831+00:00,amazon_usa,PSU,B0FTLY8KHJ,"ORA PRO G1 1000W Gold PSU ATX 3.1, Fully Modular, Quiet, Black",116.08,33.75,2026-10-05,4.9,18,https://www.amazon.com/MOAIPLAY-Modular-12V-2x6-Cybenetics-Certified/dp/B0FTLY8KHJ,0.0,33.75
20261005_134359,2026-10-05T14:05:30.816831+00:00,amazon_usa,PSU,B0FNS5CG5Q,"Apevia ATX-SL1000W Soul 1000W Fully Modular Power Supply ATX 3.0 & 3.1 Compatible, PCIe 5.1 12V-2x6 Connector, ATX Active PFC, DC to DC Converter Design, 140mm Silent Fan, RoHS Compliance",70.72,20.56,2026-10-05,3.8,9,https://www.amazon.com/Apevia-ATX-SL1000W-Compatible-Connector-Compliance/dp/B0FNS5CG5Q,0.0,20.56
20261005_134359,2026-10-05T14:05:30.816831+00:00,amazon_usa,PSU,B0DKVCTZBJ,"MONTECH Titan PLA 850W Power Supply, Fully Modular 80 Plus Platinum, White",231.38,67.27,2026-10-05,4.4,36,https://www.amazon.com/Montech-Titan-High-End-Gaming-Supply/dp/B0DKVCTZBJ,0.0,67.27
20261005_134359,2026-10-05T14:05:30.816831+00:00,amazon_usa,PSU,B0D1HKSKSF,"Apevia ATX-PR1000W-WH PCIE 5.0 & ATX 3.0 Prestige 1000W 80+ Gold Rated, PCIE 5.0 / Gen 5 12VHPWR Connector, Active PFC ATX Gaming Power Supply White",80.83,23.5,2026-10-05,4.3,24,https://www.amazon.com/Apevia-ATX-PR1000W-WH-Prestige-12VHPWR-Connector/dp/B0D1HKSKSF,0.0,23.5
20261005_134359,2026-10-05T14:05:30.816831+00:00,amazon_usa,PSU,B0G56BT8QR,"Phanteks AMP GH 1000W Platinum Power Supply, ATX 3.1 and PCIe 5.1 Platform, Fully Modular Individual Cables, Silent Fanless Mode (Black)",151.54,44.06,2026-10-05,1.0,2,https://www.amazon.com/Phanteks-Platinum-Platform-Modular-Individual/dp/B0G56BT8QR,0.0,44.06
20261005_134359,2026-10-05T14:05:30.816831+00:00,amazon_usa,PSU,B0CQRMW82V,Superer-1000W Fully-Modular Power-Supply 80-Plus-Gold ATX-3.1,133.35,38.77,2026-10-05,5.0,1,https://www.amazon.com/Superer-1000W-Fully-Modular-Power-Supply-80-Plus-Gold-ATX-3-1/dp/B0CQRMW82V,0.0,38.77
20261005_134359,2026-10-05T14:05:30.816831+00:00,amazon_usa,PSU,B0HJ5DLXTH,"darkFlash UMT1000 1000W ATX 3.1 80 Plus Platinum Power Supply, Black",141.47,41.13,2026-10-05,0.0,0,https://www.amazon.com/darkFlash-UMT1000-1000W-Platinum-Supply/dp/B0HJ5DLXTH,0.0,41.13
20261005_134359,2026-10-05T14:05:30.816831+00:00,amazon_usa,PSU,B0G27P1X2Y,"Apevia Galaxy 1000W 80+ Gold ATX 3.1 Fully Modular Gaming PSU, PCIe 5.1 600W 12VHPWR, Japanese Caps, Silent 135mm FDB Fan, High-Wattage Power Supply for RTX 5070/5080/5090/40 Series & Dual GPU Builds",80.83,23.5,2026-10-05,3.9,16,https://www.amazon.com/Apevia-Modular-12VHPWR-Japanese-High-Wattage/dp/B0G27P1X2Y,0.0,23.5
20261005_134359,2026-10-05T14:05:30.816831+00:00,amazon_usa,PSU,B00EKJQM5E,"EVGA Supernova 1000 P2 80+ Platinum, 1000W ECO Mode Fully Modular NVIDIA SLI and Crossfire Ready 10 Year Warranty Power Supply 220-P2-1000-XR",394.06,114.57,2026-10-05,4.8,546,https://www.amazon.com/EVGA-Supernova-Platinum-Crossfire-220-P2-1000-XR/dp/B00EKJQM5E,0.0,114.57
20261005_134359,2026-10-05T14:05:30.816831+00:00,amazon_usa,PSU,B0DLHG5K8B,be quiet! Power Zone 2 1000W,249.57,72.56,2026-10-05,4.8,173,https://www.amazon.com/quiet-Power-Zone-1000W/dp/B0DLHG5K8B,32.0,104.56
20261005_134359,2026-10-05T14:05:30.816831+00:00,amazon_usa,PSU,B0CHDYG9XH,"ARESGAME 1300W ATX 3.0 PCIE 5.0 Power Supply, 80 Plus Gold Certified, Fully Modular, 10 Year Warranty",121.24,35.25,2026-10-05,4.3,39,https://www.amazon.com/ARESGAME-Supply-Certified-Modular-Warranty/dp/B0CHDYG9XH,0.0,35.25
20261005_134359,2026-10-05T14:05:30.816831+00:00,amazon_usa,PSU,B0GTTZ5CZ4,Vetroo 1200W Power Supply 80 Plus Platinum & Cybenetics Platinum Certified,141.47,41.13,2026-10-05,5.0,9,https://www.amazon.com/Vetroo-Supply-Platinum-Cybenetics-Certified/dp/B0GTTZ5CZ4,0.0,41.13
20261005_134359,2026-10-05T14:05:30.816831+00:00,amazon_usa,PSU,B0C3TCHDDX,"Silverstone Technology SX1000R Platinum Cybenetics Platinum 1000W SFX12V 4.0 & PCIe 5.0 Fully Modular SFX-L Power Supply, SST-SX1000R-PL",321.59,93.5,2026-10-05,3.8,6,https://www.amazon.com/SilverStone-Technology-Platinum-Cybenetics-SST-SX1000R-PL/dp/B0C3TCHDDX,0.0,93.5
20261005_134359,2026-10-05T14:05:30.816831+00:00,amazon_usa,PSU,B0FLXPD1HR,"YEYIAN PSU. Fully Modular,1300W, ATX 3.1, 80 Plus Platinum, All Japanese Capacitors. Model YFT-1T33M-P1",170.46,49.56,2026-10-05,3.5,3,https://www.amazon.com/YEYIAN-Platinum-Japanese-Capacitors-YFT-1T33M-P1/dp/B0FLXPD1HR,0.0,49.56
20261005_134359,2026-10-05T14:05:30.816831+00:00,amazon_usa,PSU,B0D68VH8DR,"Cooler Master MWE Gold 850 V3 Power Supply, PCIe 5.1 Ready",146.49,42.59,2026-10-05,4.4,362,https://www.amazon.com/Cooler-Master-Efficiency-Zero-RPM-Hexagonal/dp/B0D68VH8DR,0.0,42.59
20261005_134359,2026-10-05T14:05:30.816831+00:00,amazon_usa,PSU,B0CLGLYDHM,"GAMEMAX 850W 80 Plus Gold Power Supply, ATX 3.0 & PCIE 5.0 Ready, 100% Japanese Capacitors, Fully Modular, ARGB SYNC with Motherboard, RGB-850 Pro, White Version",90.94,26.44,2026-10-05,4.4,52,https://www.amazon.com/GAMEMAX-Japanese-Capacitors-Modular-Motherboard/dp/B0CLGLYDHM,0.0,26.44
20261005_134359,2026-10-05T14:05:30.816831+00:00,amazon_usa,PSU,B0B3S8HR8M,"Corsair HX1000i, HXi Series, 80 Plus Platinum Fully Modular Ultra-Low Noise ATX Digital Power Supply (Triple EPS12V Connectors, 140mm Fluid Dynamic Bearing Fan, Zero RPM Fan Mode) Black",252.6,73.44,2026-10-05,4.6,214,https://www.amazon.com/Corsair-HX1000i-Platinum-Ultra-Low-Connectors/dp/B0B3S8HR8M,0.0,73.44
20261005_134359,2026-10-05T14:05:30.816831+00:00,amazon_usa,PSU,B0H6Y2YYTM,"GIGABYTE Gaming 1000GM PG5 ATX 3.1 & PCIe 5.1 Ready Fully Modular 1000W Power Supply - 80 Plus Gold & Cybenetics Platinum Certified, Dual Color 12V-2x6 Cable, T-Guard, 10 Year Warranty - Black",161.66,47.0,2026-10-05,0.0,0,https://www.amazon.com/GIGABYTE-Gaming-1000GM-PG5-Modular/dp/B0H6Y2YYTM,0.0,47.0
20261005_134359,2026-10-05T14:05:30.816831+00:00,amazon_usa,PSU,B0CNJQ36H6,1000W Power Supply 80 Plus Gold Wide Voltage 100-240V Active PFC Gaming PSU,101.02,29.37,2026-10-05,3.8,40,https://www.amazon.com/Voltage-100-240V-Computer-Supplies-Non-Modular/dp/B0CNJQ36H6,0.0,29.37
20261005_134359,2026-10-05T14:05:41.154318+00:00,amazon_usa,PSU,B0FBY3F1NT,"be quiet! Pure Power 13 M 850W Power Supply, 80+ Gold, Cybenetics Platinum",111.06,32.29,2026-10-05,4.6,193,,0.0,32.29
20261005_134359,2026-10-05T14:05:41.154318+00:00,amazon_usa,PSU,B0F3XW1J16,MONTECH Century II 850W ATX 3.1 Fully Modular 80 Plus Gold Power Supply,90.84,26.41,2026-10-05,4.7,348,,0.0,26.41
20261005_134359,2026-10-05T14:05:41.154318+00:00,amazon_usa,PSU,B0DPR86ZC8,CORSAIR RM850e (2025) ATX 3.1 PCIe 5.1 Ready 850W Power Supply – Black,117.18,34.07,2026-10-05,4.7,913,https://www.amazon.com/CORSAIR-RM850e-Modular-Low-Noise-12V-2x6/dp/B0DPR86ZC8,0.0,34.07
20261005_134359,2026-10-05T14:05:41.154318+00:00,amazon_usa,PSU,B0FTLWLRZS,"ORA PRO G1 850W Gold PSU ATX 3.1, Fully Modular, Quiet, Black",87.81,25.53,2026-10-05,5.0,13,,0.0,25.53
20261005_134359,2026-10-05T14:05:41.154318+00:00,amazon_usa,PSU,B0FDX2GDMQ,"850W Fully Modular Power Supply, 80+ Gold PSU, ATX 3.1 & PCIe 5.1 Ready, Native Dual-Color 12V-2x6 Cable, RGB Low-Noise Smart Fan, 105°C-Rated Capacitors, Black",80.83,23.5,2026-10-05,4.5,122,https://www.amazon.com/Auotac-Dual-Color-Low-Noise-105%C2%B0C-Rated-Capacitors/dp/B0FDX2GDMQ,0.0,23.5
20261005_134359,2026-10-05T14:05:41.154318+00:00,amazon_usa,PSU,B0GKFQJ1HL,"850W Fully Modular Power Supply, 80+ Gold Certified PSU | ATX 3.1 & PCIe 5.1 Ready | 12V-2x6 Connector | 140mm Low-Noise Fan | 105℃ Japanese Capacitors | Black PSU",70.72,20.56,2026-10-05,0.0,0,https://www.amazon.com/Certified-Connector-Low-Noise-Japanese-Capacitors/dp/B0GKFQJ1HL,0.0,20.56
20261005_134359,2026-10-05T14:05:41.154318+00:00,amazon_usa,PSU,B0BZX42XX2,ASUS TUF Gaming 850W Gold Power Supply,151.54,44.06,2026-10-05,4.7,281,https://www.amazon.com/ASUS-Gaming-850W-Power-Supply/dp/B0BZX42XX2,0.0,44.06
20261005_134359,2026-10-05T14:05:41.154318+00:00,amazon_usa,PSU,B0FFQN6344,"Rosewill VMG 850W 80+ Gold, ATX 3.0 & 3.1 Compatible, Full Modular Low-Noise Power Supply, PCIe 5.1 12V-2x6 Connector, 100% Japanese Electrolytic Capacitor, 120mm FDB Silent Fan - 5 Year Warranty",90.94,26.44,2026-10-05,4.5,170,https://www.amazon.com/Rosewill-Compatible-Low-Noise-Connector-Electrolytic/dp/B0FFQN6344,0.0,26.44
20261005_134359,2026-10-05T14:05:41.154318+00:00,amazon_usa,PSU,B0FLFGG1CC,"CORSAIR RM850x ATX 3.1 PCIe 5.1 Ready Fully Modular 850W Power Supply – Low-Noise, Cybenetics Gold Efficiency, Native 12V-2x6 Connector – Black",141.47,41.13,2026-10-05,4.7,222,https://www.amazon.com/CORSAIR-RM850x-Ready-Modular-Supply/dp/B0FLFGG1CC,0.0,41.13
20261005_134359,2026-10-05T14:05:41.154318+00:00,amazon_usa,PSU,B09VXJG563,"Redragon RGPS-850W 850 Watt 80+ Gold Fully Modular PSU, ATX 3.1 & PCIe 5.1",80.83,23.5,2026-10-05,4.4,1000,https://www.amazon.com/Redragon-Modular-Certified-Japanese-Capacitors/dp/B09VXJG563,0.0,23.5
20261005_134359,2026-10-05T14:05:41.154318+00:00,amazon_usa,PSU,B0DGB1HF7C,ASRock Steel Legend White Edition SL-850GW 850W ATX 3.1 PCle 5.1 Full Modular 10 Years Warranty 135 mm FDB Fan iCOOL Intelligent Power Supply 80 Plus Gold Cybenetics Platinum 12V-2x6 Cable,85.88,24.97,2026-10-05,4.5,39,https://www.amazon.com/ASRock-SL-850GW-Warranty-Intelligent-Cybenetics/dp/B0DGB1HF7C,0.0,24.97
20261005_134359,2026-10-05T14:05:41.154318+00:00,amazon_usa,PSU,B0CPR29L4K,ASUS Prime 850W Gold Power Supply,134.38,39.07,2026-10-05,4.7,187,https://www.amazon.com/ASUS-Compatible-Certified-Bearings-Warranty/dp/B0CPR29L4K,0.0,39.07
20261005_134359,2026-10-05T14:05:41.154318+00:00,amazon_usa,PSU,B0DMBBV4BD,Thermaltake Toughpower GT 850W Snow ATX 3.1 Power Supply; 80 Plus Gold Efficiency; Smart Zero Fan; Native 600W PCIe 5.1 Connector; PS-TPT-0850FNFAGU-W; 5 Year Warranty,101.02,29.37,2026-10-05,4.5,567,https://www.amazon.com/Thermaltake-Toughpower-Efficiency-Connector-PS-TPT-0850FNFAGU-W/dp/B0DMBBV4BD,0.0,29.37
20261005_134359,2026-10-05T14:05:41.154318+00:00,amazon_usa,PSU,B0FQ69SSM9,"NZXT C850 Gold Core - 850W ATX 3.1 Power Supply, 80+ Gold",141.47,41.13,2026-10-05,4.8,122,https://www.amazon.com/NZXT-C850-Gold-Core-Cybenetics/dp/B0FQ69SSM9,0.0,41.13
20261005_134359,2026-10-05T14:05:41.154318+00:00,amazon_usa,PSU,B08M9M6DB9,"Cooler Master MWE Gold 850 V2 Power Supply, Fully Modular",101.02,29.37,2026-10-05,4.4,2100,https://www.amazon.com/Cooler-Master-Efficiency-Connectors-Semi-fanless/dp/B08M9M6DB9,0.0,29.37
20261005_134359,2026-10-05T14:05:41.154318+00:00,amazon_usa,PSU,B0CT41HW5J,"MSI MAG A850GL PCIE5 White, Fully Modular Compact Gaming 850W Power Supply, 80+ Gold, ATX 3.1 & PCIe 5.1 Ready, Native Dual-Color 12V-2x6 Cable, 10 Year Warranty",121.24,35.25,2026-10-05,4.6,303,https://www.amazon.com/Modular-Compact-Dual-Color-12V-2x6-Warranty/dp/B0CT41HW5J,0.0,35.25
20261005_134359,2026-10-05T14:05:41.154318+00:00,amazon_usa,PSU,B0F2TP2XGY,"be quiet! Pure Power 12 850W Gaming PSU, 80 Plus Gold, ATX 3.1, 12V-Rail",90.84,26.41,2026-10-05,4.6,29,https://www.amazon.com/quiet-Performance-12V-Rail-BP004US-Warranty/dp/B0F2TP2XGY,0.0,26.41
20261005_134359,2026-10-05T14:05:41.154318+00:00,amazon_usa,PSU,B0FJLNZDKJ,"PCCOOLER KN850 850W ATX 3.1 Fully Modular Power Supply, 80 Plus Gold",83.86,24.38,2026-10-05,4.1,129,https://www.amazon.com/PCCOOLER-KN850-Fully-Modular-Supply/dp/B0FJLNZDKJ,0.0,24.38
20261005_134359,2026-10-05T14:05:45.154210+00:00,amazon_usa,PSU,B0BBZSPJV5,"Redragon RGPS-850W 850 Watt 80+ Gold Fully Modular PSU, ATX 3.1 & PCIe 5.1",78.8,22.91,2026-10-05,4.5,590,https://www.amazon.com/Redragon-RGPS-850W-Watt-Fully-Modular/dp/B0BBZSPJV5,0.0,22.91
20261005_134359,2026-10-05T14:05:45.154210+00:00,amazon_usa,PSU,B0BF5FCB5D,"ARESGAME AGT Series 850W Power Supply, 80+ Gold Certified, Fully Modular, FDB Fan, Compact 140mm Size, 10 Year Warranty, ATX Gaming Power Supply",77.8,22.62,2026-10-05,4.2,255,https://www.amazon.com/ARESGAME-Certified-Modular-Compact-Warranty/dp/B0BF5FCB5D,0.0,22.62
20261005_134359,2026-10-05T14:05:45.154210+00:00,amazon_usa,PSU,B0DP2LJV3Z,"Vetroo Pink 850W Power Supply, Dual PCIe 5.1 ATX 3.1 Ready",85.88,24.97,2026-10-05,4.7,28,https://www.amazon.com/Vetroo-Pink-Power-Supply-Ready/dp/B0DP2LJV3Z,0.0,24.97
20261005_134359,2026-10-05T14:05:45.154210+00:00,amazon_usa,PSU,B08LP6WS35,"Cooler Master V850 SFX Gold ITX SFF Power Supply, PCIe 5.1 Ready",151.54,44.06,2026-10-05,4.4,1200,https://www.amazon.com/Cooler-Master-Efficiency-Included-Warranty/dp/B08LP6WS35,0.0,44.06
20261005_134359,2026-10-05T14:05:45.154210+00:00,amazon_usa,PSU,B0FSTHTLZT,"ASRock PRO 850G Power Supply - 850W 80 Plus Gold Certified, ATX 3.1 & PCIe 5.1 Ready, Native 12V-2x6 Connector, 120mm Low-Noise Fan, 3-Year Warranty",60.6,17.62,2026-10-05,4.7,75,https://www.amazon.com/ASRock-PRO-850G-Power-Supply/dp/B0FSTHTLZT,0.0,17.62
20261005_134359,2026-10-05T14:05:45.154210+00:00,amazon_usa,PSU,B0DNLDJJ96,ASRock Steel Legend SL-850G 850W 80 Plus Gold & Cybenetics Platinum Full Modular Power Supply ATX3.1 PCIe5.1 Ready with Dual Color 12V-2x6 Cable 10 Years Warranty 135 mm FDB Fan Japanese Capacitor,80.83,23.5,2026-10-05,4.5,43,https://www.amazon.com/ASRock-Cybenetics-Platinum-Warranty-Capacitor/dp/B0DNLDJJ96,0.0,23.5
20261005_134359,2026-10-05T14:05:45.154210+00:00,amazon_usa,PSU,B0DP2LBPPY,"Vetroo White 850W Power Supply, Dual PCIe 5.1 ATX 3.1 Ready",80.83,23.5,2026-10-05,4.2,177,https://www.amazon.com/Vetroo-White-Power-Supply-Ready/dp/B0DP2LBPPY,0.0,23.5
20261005_134359,2026-10-05T14:05:45.154210+00:00,amazon_usa,PSU,B0C9SC89QK,"Apevia ATX-PM850W PCIe 5.0 ATX 3.0 Ready Premier 850W 80+ Gold Certified, Active PFC ATX Semi-Modular Gaming Power Supply, 366 RGB Light Modes",67.69,19.68,2026-10-05,4.2,29,https://www.amazon.com/Apevia-ATX-PM850W-Certified-Connector-Semi-Modular/dp/B0C9SC89QK,0.0,19.68
20261005_134359,2026-10-05T14:05:45.154210+00:00,amazon_usa,PSU,B0CBQZFPL2,Thermaltake Toughpower GX3 850W; ATX 3.1; Native PCIe 5.1 12V-2x6; Flat Cables; 120mm Fan; 80 Plus Gold Certified; 5 Year Warranty; Black; PS-TPD-0850NNFAGU-3,101.02,29.37,2026-10-05,4.3,178,https://www.amazon.com/Thermaltake-Toughpower-Crossfire-Connector-PS-TPD-0850NNFAGU-3/dp/B0CBQZFPL2,0.0,29.37
20261005_134359,2026-10-05T14:05:45.154210+00:00,amazon_usa,PSU,B0D1VDTX8B,NZXT C850 Gold ATX 3.1-850W Fully Modular Power Supply,146.49,42.59,2026-10-05,4.7,448,https://www.amazon.com/NZXT-C850-Gold-ATX-3-1/dp/B0D1VDTX8B,0.0,42.59
20261005_134359,2026-10-05T14:05:45.154210+00:00,amazon_usa,PSU,B0HHKXQBVM,Corsair RM850x Shift ATX Power Supply CP-9020252-NA Black (Renewed),81.83,23.79,2026-10-05,0.0,0,,0.0,23.79
20261005_134359,2026-10-05T14:05:45.154210+00:00,amazon_usa,PSU,B0HH1Q6ZPG,Power Supply 650W，ATX PSU，80 Plus Bronze Certified,36.36,10.57,2026-10-05,4.6,6,,0.0,10.57
20261005_134359,2026-10-05T14:05:45.154210+00:00,amazon_usa,PSU,B0CVF91CH5,"MSI MAG A850GL PCIE5, Fully Modular Compact Gaming 850W Power Supply, 80+ Gold, ATX 3.1 & PCIe 5.1 Ready, Native Dual-Color 12V-2x6 Cable, 10 Year Warranty",80.83,23.5,2026-10-05,4.5,52,https://www.amazon.com/Modular-Compact-Dual-Color-12V-2x6-Warranty/dp/B0CVF91CH5,0.0,23.5
20261005_134359,2026-10-05T14:05:45.154210+00:00,amazon_usa,PSU,B0D1VCY51R,NZXT C850 Gold ATX 3.1-850W Fully Modular Power Supply,126.3,36.72,2026-10-05,4.7,448,https://www.amazon.com/NZXT-C850-Gold-ATX-3-1/dp/B0D1VCY51R,0.0,36.72
20261005_134359,2026-10-05T14:05:45.154210+00:00,amazon_usa,PSU,B094282KV4,Apevia ATX-GX850W Galaxy 850W (No PCIe 5.0 & Gen 5 12VHPWR Connector) 80+ Gold Certified Active PFC ATX Semi-Modular Gaming Power Supply,66.69,19.39,2026-10-05,4.2,332,https://www.amazon.com/Apevia-ATX-GX850W-Galaxy-Certified-Semi-Modular/dp/B094282KV4,0.0,19.39
20261005_134359,2026-10-05T14:05:45.154210+00:00,amazon_usa,PSU,B0DPW7JKXZ,"850W Fully Modular Power Supply, 80 Plus Gold, White PSU - White",70.72,20.56,2026-10-05,4.2,30,https://www.amazon.com/POINWER-850W-PSU-Capacitors-Workstations/dp/B0DPW7JKXZ,0.0,20.56
20261005_134359,2026-10-05T14:05:45.154210+00:00,amazon_usa,PSU,B0D7ZD9MLV,"darkFlash PMT850 850W 80 Plus Gold Fully Modular Power Supply, White",91.32,26.55,2026-10-05,4.7,191,https://www.amazon.com/darkFlash-PMT850-Included-Japanese-Capacitors/dp/B0D7ZD9MLV,0.0,26.55
20261005_134359,2026-10-05T14:05:45.154210+00:00,amazon_usa,PSU,B0GRV3GFZS,"darkFlash DG850 850W 80 Plus Gold ATX 3.1 PCIe 5.1 PC Power Supply, Black",70.72,20.56,2026-10-05,4.6,31,https://www.amazon.com/darkFlash-DG850-Power-Supply-Black/dp/B0GRV3GFZS,0.0,20.56
20261005_134359,2026-10-05T14:05:45.154210+00:00,amazon_usa,PSU,B0DPFBV6QV,Seasonic CORE GX-850 850W Power Supply ATX 3.1 & PCIe 5.1 Ready,131.35,38.19,2026-10-05,4.8,73,https://www.amazon.com/Seasonic-ATX-3-1-Warranty-Cybenetics/dp/B0DPFBV6QV,0.0,38.19
20261005_134359,2026-10-05T14:05:45.154210+00:00,amazon_usa,PSU,B0DMYCCRV1,Corsair RM850e (2023) Fully Modular Low-Noise Power Supply - ATX 3.0 & PCIe 5.0 Compliant - 105°C-Rated Capacitors - 80 Plus Gold Efficiency - Modern Standby Support - Black (Renewed),76.08,22.12,2026-10-05,4.3,83,https://www.amazon.com/Corsair-RM850e-Modular-Low-Noise-Supply/dp/B0DMYCCRV1,0.0,22.12
20261005_134359,2026-10-05T14:05:45.154210+00:00,amazon_usa,PSU,B0B1B1QZKP,"GAMEMAX RGB-850-SE, 850W 80Plus Gold Fully Modular RGB ATX Power Supply",77.8,22.62,2026-10-05,4.4,593,https://www.amazon.com/GAMEMAX-Supply-Modular-Motherboard-RGB-850/dp/B0B1B1QZKP,0.0,22.62
20261005_134359,2026-10-05T14:05:45.154210+00:00,amazon_usa,PSU,B0B4345YV7,"MSI MPG A850G PCIE5, Fully Modular Compact Gaming 850W Power Supply, 80+ Gold, Native 12V-2x6 Cable, 100% Japanese Capacitor, ATX 3.1 & PCIe 5.1 Ready, Low-Noise, 10 Year Warranty",136.41,39.66,2026-10-05,4.6,2900,https://www.amazon.com/MPG-A850G-Japanese-Capacitor-Low-Noise/dp/B0B4345YV7,0.0,39.66
20261005_134359,2026-10-05T14:05:45.154210+00:00,amazon_usa,PSU,B0DJ1JL3MK,CORSAIR RM850x ATX 3.1 PCIe 5.1 750W Power Supply – Black,141.47,41.13,2026-10-05,4.8,782,https://www.amazon.com/CORSAIR-RM850x-Modular-Low-Noise-Supply/dp/B0DJ1JL3MK,0.0,41.13
20261005_134359,2026-10-05T14:05:45.154210+00:00,amazon_usa,PSU,B0D68TLYKR,"Cooler Master MWE Gold 750 V3 Power Supply, PCIe 5.1 Ready",97.68,28.4,2026-10-05,4.6,151,,0.0,28.4
20261005_134359,2026-10-05T14:05:49.214168+00:00,amazon_usa,PSU,B0832N5XF7,"Segotep 650W ATX Power Supply, 80 Plus Gold Certified",50.53,14.69,2026-10-05,4.6,866,https://www.amazon.com/Segotep-Supply-Certified-Gaming-Non-Modular/dp/B0832N5XF7,0.0,14.69
20261005_134359,2026-10-05T14:05:49.214168+00:00,amazon_usa,PSU,B0DKXCRVGP,"LIAN LI Edge Gold 850W ATX 3.1 PSU, 80 Plus Gold, Black (EG0850G.B)",111.68,32.47,2026-10-05,4.9,58,https://www.amazon.com/Lian-Li-Edge-Connector-EG0850G-B/dp/B0DKXCRVGP,0.0,32.47
20261005_134359,2026-10-05T14:05:49.214168+00:00,amazon_usa,PSU,B0DT6ZXQSZ,"GAMDIAS ATX 3.1 & PCIe 5.1 850W Bronze PSU, 850W Gaming Power Supply, 80+ Bronze ATX Gold 12V Power Supplies for Gaming PC Desktop Computers and Active PFC",90.94,26.44,2026-10-05,4.5,22,https://www.amazon.com/GAMDIAS-Bronze-Supplies-Desktop-Computers/dp/B0DT6ZXQSZ,0.0,26.44
20261005_134359,2026-10-05T14:05:49.214168+00:00,amazon_usa,PSU,B0HK9GNWLC,CORSAIR RM850x ATX 850W Power Supply – Black (RENEWED),76.77,22.32,2026-10-05,0.0,0,https://www.amazon.com/CORSAIR-RM850x-850W-Power-Supply/dp/B0HK9GNWLC,0.0,22.32
20261005_134359,2026-10-05T14:05:49.214168+00:00,amazon_usa,PSU,B0FF7TGMD2,"MSI MAG A850GLS PCIE5, Fully Modular Compact Gaming 850W Power Supply, 80+ Gold, ATX 3.1 & PCIe 5.1 Ready, Native Dual-Color 12V-2x6 Embossed Jacket Cables, Low-Noise, 10 Year Warranty",111.13,32.31,2026-10-05,4.7,106,https://www.amazon.com/MAG-A850GLS-PCIE5-Dual-Color-Low-Noise/dp/B0FF7TGMD2,0.0,32.31
20261005_134359,2026-10-05T14:05:49.214168+00:00,amazon_usa,PSU,B0DKWWP452,"LIAN LI Edge Gold 850W ATX 3.1 PSU, 80 Plus Gold, White (EG0850G.W)",121.24,35.25,2026-10-05,4.9,46,https://www.amazon.com/Lian-Li-Edge-Connector-EG0850G-W/dp/B0DKWWP452,0.0,35.25
20261005_134359,2026-10-05T14:05:49.214168+00:00,amazon_usa,PSU,B0F997VW66,SAMA G850 ATX 3.1 Standard Fully Modular Gaming 850W Power Supply White,80.83,23.5,2026-10-05,4.9,27,https://www.amazon.com/SAMA-G850-Modular-Power-Supply/dp/B0F997VW66,0.0,23.5
20261005_134359,2026-10-05T14:05:49.214168+00:00,amazon_usa,PSU,B0CLMJ9CR1,"HIGH POWER 750W 80 Plus Gold Certified PC Power Supply ATX 3.1 Compatible & PCIe 5.1 Compliant, Active PFC with Whisper 120mm Fan for Quiet Operation, and Reliable Performance",85.88,24.97,2026-10-05,3.8,34,https://www.amazon.com/Certified-Power-Supply-Compatible-Performance/dp/B0CLMJ9CR1,0.0,24.97
20261005_134359,2026-10-05T14:05:49.214168+00:00,amazon_usa,PSU,B0BTK4H5VS,GIGABYTE GP-UD850GM PG5 Rev2.0 - PCIe5.0 Ready - ATX3.0-850W 80 Plus Gold Certified - Fully Modular Power Supply,65.66,19.09,2026-10-05,4.5,52,https://www.amazon.com/GIGABYTE-GP-UD850GM-Rev2-0-Certified-Modular/dp/B0BTK4H5VS,0.0,19.09
20261005_134359,2026-10-05T14:05:49.214168+00:00,amazon_usa,PSU,B0FBGRW29R,GOLDEN FIELD 850W Power Supply 80+ Gold Full Modular 850 Watt PC PSU ATX3.1,101.02,29.37,2026-10-05,4.6,12,https://www.amazon.com/GOLDEN-FIELD-Computer-Certified-Capacitors/dp/B0FBGRW29R,0.0,29.37
20261005_134359,2026-10-05T14:05:49.214168+00:00,amazon_usa,PSU,B0BF3YF9KY,Thermaltake Toughpower GF3 850W; ATX 3.1; Native PCIe 5.1 12V-2x6; Flat Cables; Color Matched Connectors; Japanese Main Capacitors; 135mm Fan; 80 Plus Gold Certified; Black; PS-TPD-0850FNFAGU-4,125.27,36.42,2026-10-05,4.2,240,https://www.amazon.com/Thermaltake-Toughpower-Crossfire-Connector-PS-TPD-0850FNFAGU-4/dp/B0BF3YF9KY,0.0,36.42
20261005_134359,2026-10-05T14:05:49.214168+00:00,amazon_usa,PSU,B0FDX1G9WN,"850W Fully Modular Power Supply, 80+ Gold PSU, ATX 3.1 & PCIe 5.1 Ready, Native Dual-Color 12V-2x6 Cable, RGB Low-Noise Smart Fan, 105°C-Rated Capacitors, White",90.94,26.44,2026-10-05,4.5,122,https://www.amazon.com/Auotac-Dual-Color-Low-Noise-105%C2%B0C-Rated-Capacitors/dp/B0FDX1G9WN,0.0,26.44
20261005_134359,2026-10-05T14:05:49.214168+00:00,amazon_usa,PSU,B0DQ9PDT22,"MSI MPG A850GS PCIE5 Power Supply, 850W, 80 Plus Gold, ATX 3.1, PCIe 5.1 50 Series GPU Support, 12V-2x6, Cable with Two Tone 12V-2x6 Connectors, ATX Power Supply, Embossed Cable Sheath",111.13,32.31,2026-10-05,4.6,150,https://www.amazon.com/MSI-MPG-A850GS-PCIE5-Connectors/dp/B0DQ9PDT22,0.0,32.31
20261005_134359,2026-10-05T14:05:49.214168+00:00,amazon_usa,PSU,B0FJCS3H1G,"LIAN LI SP850 V2 850W SFX Power Supply, 80 Plus Gold, Black (SP850G.B)",145.49,42.3,2026-10-05,4.6,8,https://www.amazon.com/SP850-Power-Supply-Black-SP850G-B/dp/B0FJCS3H1G,0.0,42.3
20261005_134359,2026-10-05T14:05:49.214168+00:00,amazon_usa,PSU,B0C1JKHPNH,"Thermaltake Toughpower GF A3 850W, True 450W 12V-2x6 Connectors on PSU & NVIDIA RTX 50 Series, ATX 3.1/PCI-E 5.1, 80+ Gold, SLI/Crossfire Ready Power Supply, PS-TPD-0850FNFAGU-L, 10 Year Warranty",131.35,38.19,2026-10-05,4.3,278,https://www.amazon.com/Thermaltake-Toughpower-Connectors-Crossfire-PS-TPD-0850FNFAGU-L/dp/B0C1JKHPNH,0.0,38.19
20261005_134359,2026-10-05T14:05:49.214168+00:00,amazon_usa,PSU,B0DJ6BM9X8,Thermaltake Toughpower GT 750W ATX 3.1 Standard Power Supply; 80 Plus Gold Efficiency; Smart Zero Fan; Native 300W PCIe 5.1 Connector; PS-TPT-0750FNFAGU-3; 5 Year Warranty,80.83,23.5,2026-10-05,4.6,201,https://www.amazon.com/Thermaltake-Toughpower-Efficiency-Connector-PS-TPT-0750FNFAGU-3/dp/B0DJ6BM9X8,0.0,23.5
20261005_134359,2026-10-05T14:05:49.214168+00:00,amazon_usa,PSU,B0D1HV9CHR,"Apevia ATX-PR850W-WH PCIE 5.0 & ATX 3.0 Prestige 850W 80+ Gold Rated, PCIE 5.0 / Gen 5 12VHPWR Connector, Active PFC ATX Gaming Power Supply White",70.72,20.56,2026-10-05,4.4,31,https://www.amazon.com/Apevia-ATX-PR850W-WH-Prestige-12VHPWR-Connector/dp/B0D1HV9CHR,0.0,20.56
20261005_134359,2026-10-05T14:05:49.214168+00:00,amazon_usa,PSU,B0DMR2FB12,"FSP VITA GM 850W Power Supply, 80 Plus Gold, ATX3.1 PCIe 5.1 Ready PSU",131.35,38.19,2026-10-05,5.0,27,https://www.amazon.com/FSP-Power-Supply-Modular-VITA-850GM/dp/B0DMR2FB12,0.0,38.19
20261005_134359,2026-10-05T14:05:53.767076+00:00,amazon_usa,PSU,B0D84WNKT4,"XPG by ADATA, ATX3.1 & PCIe5.1 850W 80+ Gold Power Supply w/ 600W Connector",101.02,29.37,2026-10-05,4.4,16,https://www.amazon.com/XPG-ATX3-1-PCIe5-1-Supply-Connector/dp/B0D84WNKT4,0.0,29.37
20261005_134359,2026-10-05T14:05:53.767076+00:00,amazon_usa,PSU,B0DT2DVGFR,ENERMAX Revolution III 850 - Fully Modular PC Power Supply - 850 Watts - 80 Plus Gold - 600W 12V-2x6 Connector - 100% Japanese Capacitors - Sleeved Cables - 10 Year Warranty,96.48,28.05,2026-10-05,3.8,4,https://www.amazon.com/ENERMAX-Revolution-III-850-Capacitors/dp/B0DT2DVGFR,0.0,28.05
20261005_134359,2026-10-05T14:05:53.767076+00:00,amazon_usa,PSU,B0GSXYJB5J,"darkFlash VMT850 850W ATX 3.1 Power Supply, 80 Plus Bronze Certified",70.72,20.56,2026-10-05,4.7,4,https://www.amazon.com/darkFlash-VMT850-Supply-Bronze-Certified/dp/B0GSXYJB5J,0.0,20.56
20261005_134359,2026-10-05T14:05:53.767076+00:00,amazon_usa,PSU,B0FCZS86VN,CORSAIR RM850x Shift Fully Modular ATX Power Supply - 80 Plus Gold - ATX 3.1 - PCIe 5.1 - Zero RPM - Modular Side Interface - White (Renewed),90.42,26.29,2026-10-05,4.3,23,https://www.amazon.com/CORSAIR-RM850x-Shift-Modular-Supply/dp/B0FCZS86VN,0.0,26.29
20261005_134359,2026-10-05T14:05:53.767076+00:00,amazon_usa,PSU,B0GGGVYW1Q,darkFlash PMT850 850W ATX 3.1 PCIe 5.1 80 Plus Gold Fully Modular PSU Black,75.77,22.03,2026-10-05,5.0,3,https://www.amazon.com/darkFlash-PMT850-Fully-Modular-Black/dp/B0GGGVYW1Q,0.0,22.03
20261005_134359,2026-10-05T14:05:53.767076+00:00,amazon_usa,PSU,B0GFD89FKG,ESGAMING 850W 80 Plus Gold ATX Gaming Power Supply Fully Modular ATX 3.1 & PCIe 5.1 Ready with 12V-2x6 Cable for High-End GPU - White,76.77,22.32,2026-10-05,5.0,4,https://www.amazon.com/ESGAMING-850W-Modular-12V-2x6-High-End/dp/B0GFD89FKG,0.0,22.32
20261005_134359,2026-10-05T14:05:53.767076+00:00,amazon_usa,PSU,B0FFPHTC8V,"Rosewill VSB 850W 80+ Bronze, ATX 3.0 & 3.1 Compatible, Semi-Modular Power Supply, PCIe 5.1 12V-2x6 Connector, 105°C/221°F Japanese Capacitor, 120mm ICB Silent Fan - 5 Year Warranty",80.83,23.5,2026-10-05,4.5,41,https://www.amazon.com/Rosewill-Compatible-Semi-Modular-Connector-Capacitor/dp/B0FFPHTC8V,0.0,23.5
20261005_134359,2026-10-05T14:05:53.767076+00:00,amazon_usa,PSU,B08R5JPTMZ,CORSAIR RM850x ATX 850W Power Supply – Black,222.29,64.63,2026-10-05,4.8,5500,https://www.amazon.com/Corsair-RM850x-Fully-Modular-Supply/dp/B08R5JPTMZ,0.0,64.63
20261005_134359,2026-10-05T14:05:53.767076+00:00,amazon_usa,PSU,B0DM2GP61S,SAMA GT850 ATX 3.1 Fully Modular Standard Gaming 850W Power Supply White,80.83,23.5,2026-10-05,4.6,68,https://www.amazon.com/SAMA-White-850W-Power-Supply/dp/B0DM2GP61S,0.0,23.5
20261005_134359,2026-10-05T14:05:53.767076+00:00,amazon_usa,PSU,B0G27LMX21,"Apevia Galaxy 850W 80+ Gold ATX 3.1 Fully Modular Gaming PSU, PCIe 5.1 600W 12VHPWR, Japanese Caps, Silent 135mm FDB Fan, Stable +12V Rail, PSU for RTX 5060/5070/5080/40 Series",70.72,20.56,2026-10-05,4.4,9,https://www.amazon.com/Apevia-Galaxy-Modular-12VHPWR-Japanese/dp/B0G27LMX21,0.0,20.56
20261005_134359,2026-10-05T14:05:53.767076+00:00,amazon_usa,PSU,B0FXG3T32C,"RAIJINTEK CRATOS LITE 850W Black, 80 Plus Gold, ATX 3.1, Non-Modular Power Supply, PCIe 5.1 Ready, 120mm Smart Fan, DC-to-DC, 12V-2×6 Connector, 5-Year Warranty",80.83,23.5,2026-10-05,4.7,5,https://www.amazon.com/RAIJINTEK-CRATOS-LITE-Non-Modular-Connector/dp/B0FXG3T32C,0.0,23.5
20261005_134359,2026-10-05T14:05:53.767076+00:00,amazon_usa,PSU,B0DKXGSK14,"RAIDMAX Cobra ATX 3.1 Power Supply 850W, Fully Modular 80+ Gold Certified Gaming PSU, PCIe Gen 5 Ready, High-Performance Power Supply for Gaming PCs, RoHS, Active PFC, Black Flat Cables",70.72,20.56,2026-10-05,4.0,3,https://www.amazon.com/RAIDMAX-Supply-Modular-Certified-High-Performance/dp/B0DKXGSK14,0.0,20.56
20261005_134359,2026-10-05T14:05:53.767076+00:00,amazon_usa,PSU,B0DCHZXSW9,"GAMEMAX SFX Power Supply 850W, Full Modular, 80 Plus Gold PSU (GS-850G WT)",101.02,29.37,2026-10-05,4.2,10,https://www.amazon.com/GAMEMAX-Power-Supply-Modular-GS-850G/dp/B0DCHZXSW9,0.0,29.37
20261005_134359,2026-10-05T14:05:53.767076+00:00,amazon_usa,PSU,B0F43RWFL2,"Vetroo 850W Black SFX Power Supply, ATX 3.1 & PCIE 5.1 Ready",121.24,35.25,2026-10-05,4.5,99,https://www.amazon.com/Vetroo-Black-Power-Supply-Ready/dp/B0F43RWFL2,0.0,35.25
20261005_134359,2026-10-05T14:05:53.767076+00:00,amazon_usa,PSU,B0B1WBGQCW,"Corsair CORSAIR RM Series (2021), White, RM850, 850 Watt, 80 Plus Gold Certified, Fully Modular Power Supply (Renewed)",90.87,26.42,2026-10-05,4.8,46,https://www.amazon.com/Corsair-CORSAIR-Certified-Modular-Renewed/dp/B0B1WBGQCW,0.0,26.42
20261005_134359,2026-10-05T14:05:53.767076+00:00,amazon_usa,PSU,B0FPGD7XDK,"CORSAIR RM850x Shift (2025) Fully Modular ATX Power Supply – Modular Side Interface, Native 12V-2x6 Cable, ATX 3.1 & PCIe 5.1, Fan-Speed Control, 105°C-Rated Capacitors, Cybenetics Gold – Black",153.57,44.65,2026-10-05,4.7,33,https://www.amazon.com/CORSAIR-RM850x-Shift-Modular-Supply/dp/B0FPGD7XDK,0.0,44.65
20261005_134359,2026-10-05T14:05:53.767076+00:00,amazon_usa,PSU,B07NWZZXHQ,"Apevia ATX-PR800W Prestige 800W 80+ Gold Certified, RoHS Compliance, Active PFC ATX Gaming Power Supply",67.69,19.68,2026-10-05,4.4,2000,https://www.amazon.com/Apevia-ATX-PR800W-Prestige-Certified-Compliance/dp/B07NWZZXHQ,0.0,19.68
20261005_134359,2026-10-05T14:05:53.767076+00:00,amazon_usa,PSU,B0CKS5GYH2,Thermaltake Toughpower GF A3 Snow Edition 850W 80+ Gold Full Modular SLI/Crossfire Ready ATX 3.1 Power Supply; PCI-E 5.1 450W 12V-2x6 Connector Included; PS-TPD-0850FNFAGU-N; 10 Year Warranty,126.06,36.65,2026-10-05,4.4,114,https://www.amazon.com/Thermaltake-Toughpower-Crossfire-Connector-PS-TPD-0850FNFAGU-N/dp/B0CKS5GYH2,0.0,36.65
20261005_134359,2026-10-05T14:05:53.767076+00:00,amazon_usa,PSU,B0D5QVMGYX,"PCCOOLER PSU CPS YS850 Power Supply, 850W 80 Plus Gold Certified Fully Modular PCIe 5.1 & ATX 3.1, Wide Compatibility, 135mm FDB Fan, Full Japan Electrolytic Capacitors - 12 Year Warranty",191.13,55.57,2026-10-05,4.8,32,https://www.amazon.com/PCCOOLER-CPS-YS850-Power-Supply/dp/B0D5QVMGYX,32.0,87.57
20261005_134359,2026-10-05T14:05:53.767076+00:00,amazon_usa,PSU,B07K5Z3W5W,Silverstone Technology 850W Computer Power Supply PSU Fully Modular with 80 Plus Gold & 140mm Design Power Supply (SST-ST85F-GS-V2),116.19,33.78,2026-10-05,4.6,68,https://www.amazon.com/SilverStone-Technology-Computer-Modular-SST-ST85F-GS-V2/dp/B07K5Z3W5W,0.0,33.78
20261005_134359,2026-10-05T14:05:53.767076+00:00,amazon_usa,PSU,B0H854K73K,MSI MAG GN85A Gaming Power Supply - 80 Plus Gold - ATX 3.1 & PCIe 5.1 Ready - 850W - Non-Modular - Active PFC - Low Noise ATX PSU,80.83,23.5,2026-10-05,0.0,0,https://www.amazon.com/MSI-GN85A-Gaming-Power-Supply/dp/B0H854K73K,0.0,23.5
20261005_134359,2026-10-05T14:05:58.585713+00:00,amazon_usa,PSU,B0DVJNMCR1,"be quiet! Power Zone 2 850W Power Supply, 80 Plus and Cybenetics Platinum",124.17,36.1,2026-10-05,4.5,110,https://www.amazon.com/quiet-Power-Zone-Platinum-Supply/dp/B0DVJNMCR1,0.0,36.1
20261005_134359,2026-10-05T14:05:58.585713+00:00,amazon_usa,PSU,B0DCJJRVB3,800W Power Supply 80 Plus Gold PSU ATX Non Modular with 115/230V Switch,60.6,17.62,2026-10-05,4.4,35,https://www.amazon.com/Power-Supply-ATX-Modular-Switch/dp/B0DCJJRVB3,0.0,17.62
20261005_134359,2026-10-05T14:05:58.585713+00:00,amazon_usa,PSU,B0FLPWH7DZ,750W Power Supply 80 Plus Gold Active PFC Non Modular Gaming PSU,46.47,13.51,2026-10-05,4.0,18,https://www.amazon.com/750W-Supply-Active-Modular-Gaming/dp/B0FLPWH7DZ,0.0,13.51
20261005_134359,2026-10-05T14:05:58.585713+00:00,amazon_usa,PSU,B087CDR14Z,Thermaltake Toughpower GX2 80+ Gold 600W SLI/Crossfire Ready Continuous Power ATX 12V V2.4/EPS V2.92 Non Modular Power Supply 5 Year Warranty PS-TPD-0600NNFAGU-2,60.6,17.62,2026-10-05,4.6,2100,https://www.amazon.com/Thermaltake-Toughpower-Crossfire-Continuous-PS-TPD-0600NNFAGU-2/dp/B087CDR14Z,0.0,17.62
20261005_134359,2026-10-05T14:05:58.585713+00:00,amazon_usa,PSU,B0GQ1LVS3D,MONTECH BETA 2 850W ATX 3.1 80 Plus Bronze Non-Modular Power Supply,70.61,20.53,2026-10-05,5.0,3,https://www.amazon.com/MONTECH-Bronze-Non-Modular-Power-Supply/dp/B0GQ1LVS3D,0.0,20.53
20261005_134359,2026-10-05T14:05:58.585713+00:00,amazon_usa,PSU,B081WQY4VS,"Superer 850W Fully Modular Power Supply, 80+ Gold Certified PSU, 105℃ Japanese Capacitors, 850 watt",101.02,29.37,2026-10-05,4.2,16,https://www.amazon.com/Superer-BX-19511800-A/dp/B081WQY4VS,0.0,29.37
20261005_134359,2026-10-05T14:05:58.585713+00:00,amazon_usa,PSU,B0CL12BH74,"ASUS TUF Gaming 850W Gold (850 Watt, ATX 3.0 Compatible, Fully Modular Power Supply, 80+ Gold, Military-Grade Components, Dual Ball Bearing, Axial-tech Fan, PCB Coating, 10 Year Warranty) (Renewed)",121.24,35.25,2026-10-05,4.8,5,https://www.amazon.com/ASUS-Compatible-Military-Grade-Components-Axial-tech/dp/B0CL12BH74,0.0,35.25
20261005_134359,2026-10-05T14:05:58.585713+00:00,amazon_usa,PSU,B0HFTMVHRT,Thermaltake Dockpower FI 850W ATX 3.1 Full Modular 80+ Gold Power Supply,131.35,38.19,2026-10-05,5.0,4,https://www.amazon.com/Thermaltake-Dockpower-Modular-Power-Supply/dp/B0HFTMVHRT,0.0,38.19
20261005_134359,2026-10-05T14:05:58.585713+00:00,amazon_usa,PSU,B0F29GVKM2,Fractal Design Ion 3 Gold 850W Black 80 Plus Gold Certified Fully Modular ATX12V 3.1 Power Supply Unit PSU,131.35,38.19,2026-10-05,5.0,8,https://www.amazon.com/Fractal-Design-Certified-Modular-ATX12V/dp/B0F29GVKM2,0.0,38.19
20261005_134359,2026-10-05T14:05:58.585713+00:00,amazon_usa,PSU,B0FNS3N3CM,"Apevia ATX-SL850W Soul 850W Fully Modular Power Supply ATX 3.0 & 3.1 Compatible, PCIe 5.1 12V-2x6 Connector ATX Active PFC, DC to DC Converter Design, 140mm Silent Fan, RoHS Compliance",63.63,18.5,2026-10-05,4.6,11,https://www.amazon.com/Apevia-ATX-SL850W-Compatible-Connector-Compliance/dp/B0FNS3N3CM,0.0,18.5
20261005_134359,2026-10-05T14:05:58.585713+00:00,amazon_usa,PSU,B0CPR1FR7H,ASUS Prime 750W Gold Power Supply,109.1,31.72,2026-10-05,4.8,196,https://www.amazon.com/ASUS-Compatible-Certified-Bearings-Warranty/dp/B0CPR1FR7H,0.0,31.72
20261005_134359,2026-10-05T14:05:58.585713+00:00,amazon_usa,PSU,B0FNHFXH5K,"Antec GSK850 V2 ATX 3.1 850W Full Modular Power Supply, Black",111.13,32.31,2026-10-05,4.3,5,https://www.amazon.com/GSK850-V2-Certified-PhaseWave-Warranty/dp/B0FNHFXH5K,0.0,32.31
20261005_134359,2026-10-05T14:05:58.585713+00:00,amazon_usa,PSU,B0DSLRMXPJ,ENERMAX Revolution III 850 Watt | fully modular ATX 3.1 power supply | PCIe 5.1 | 80 Plus Gold | whisper-quiet 120mm FDB fan | 105°C jap. capacitors | ERV850G-AHG-MAC,95.48,27.76,2026-10-05,4.3,73,https://www.amazon.com/ENERMAX-Revolution-whisper-quiet-capacitors-ERV850G-AHG-MAC/dp/B0DSLRMXPJ,0.0,27.76
20261005_134359,2026-10-05T14:05:58.585713+00:00,amazon_usa,PSU,B0B4N4T8VW,"ARESGAME AGV Series 750W Power Supply, 80 Plus Bronze Certified, Semi Modular Power Supply, 5 Year Warranty",62.63,18.21,2026-10-05,4.4,1100,https://www.amazon.com/ARESGAME-Supply-Certified-Modular-Warranty/dp/B0B4N4T8VW,0.0,18.21
20261005_134359,2026-10-05T14:05:58.585713+00:00,amazon_usa,PSU,B0DLGPH7LV,"RAIDMAX Cobra ATX 3.1 PCIe Gen 5 Ready Power Supply, 80+ Gold Certified Gaming PSU, High-Performance Power Supply for Gaming PCs, RoHS, Active PFC, Black Flat Cables (RX750AED)",60.6,17.62,2026-10-05,4.1,6,https://www.amazon.com/RAIDMAX-Supply-Certified-High-Performance-RX750AED/dp/B0DLGPH7LV,0.0,17.62
20261005_134359,2026-10-05T14:05:58.585713+00:00,amazon_usa,PSU,B07XK85BRF,"Corsair RMX White Series (2018), RM850x, 850 Watt, 80+ Gold Certified, Fully Modular Power Supply - White (Renewed)",111.1,32.3,2026-10-05,4.5,66,https://www.amazon.com/CORSAIR-RM850x-Certified-Modular-Supply/dp/B07XK85BRF,0.0,32.3
20261005_134359,2026-10-05T14:05:58.585713+00:00,amazon_usa,PSU,B0DD5XS97B,Corsair RM850x Shift Fully Modular ATX Power Supply - 80 Plus Gold - ATX 3.0 - PCIe 5.0 - Zero RPM - Modular Side Interface - Black (Renewed),117.11,34.05,2026-10-05,4.4,14,https://www.amazon.com/Corsair-RM850x-Shift-Modular-Supply/dp/B0DD5XS97B,0.0,34.05
20261005_134359,2026-10-05T14:06:13.900226+00:00,amazon_usa,COOLER,B0FMK1KSXH,"KINGCOOL Pure Flow 360mm AIO CPU Liquid Cooler for AMD Intel CPU, Black",63.63,18.5,2026-10-05,4.6,15,,0.0,18.5
20261005_134359,2026-10-05T14:06:13.900226+00:00,amazon_usa,COOLER,B0FD7HZSSY,"Thermalright Wonder Vision 360 UB ARGB Black CPU Water Cooler, 6.67-inch Magnetic Curved Screen with 2400x1080 Resolution, AMOLED Display Screen, Liquid Cooler for AM4/AM5, Intel LGA1700/1851",211.08,61.37,2026-10-05,4.3,22,,0.0,61.37
20261005_134359,2026-10-05T14:06:13.900226+00:00,amazon_usa,COOLER,B0DLWGG85P,"ARCTIC Liquid Freezer III Pro 360 - AIO CPU Cooler,3 x 120 mm Water Cooling",70.61,20.53,2026-10-05,4.3,2400,https://www.amazon.com/ARCTIC-Liquid-Freezer-III-Pro/dp/B0DLWGG85P,0.0,20.53
20261005_134359,2026-10-05T14:06:13.900226+00:00,amazon_usa,COOLER,B0DLWFCVSD,"ARCTIC Liquid Freezer III Pro 360 A-RGB - AIO CPU Cooler, Water Cooling",77.8,22.62,2026-10-05,4.5,2000,https://www.amazon.com/ARCTIC-Liquid-Freezer-III-RGB/dp/B0DLWFCVSD,0.0,22.62
20261005_134359,2026-10-05T14:06:13.900226+00:00,amazon_usa,COOLER,B0DF7C4YPQ,CORSAIR Nautilus 360 RS ARGB Low-Noise Liquid CPU Cooler – Black,101.02,29.37,2026-10-05,4.7,2400,https://www.amazon.com/CORSAIR-Nautilus-ARGB-Liquid-Cooler/dp/B0DF7C4YPQ,0.0,29.37
20261005_134359,2026-10-05T14:06:13.900226+00:00,amazon_usa,COOLER,B0DF7G8JFP,"CORSAIR Nautilus 360 RS ARGB Liquid CPU Cooler – 360mm AIO – Low-Noise – Direct Motherboard Connection – Daisy-Chain – Intel LGA 1851/1700, AMD AM5/AM4 – 3X RS120 ARGB Fans Included – White",131.35,38.19,2026-10-05,4.7,2400,https://www.amazon.com/CORSAIR-Nautilus-ARGB-Liquid-Cooler/dp/B0DF7G8JFP,0.0,38.19
20261005_134359,2026-10-05T14:06:13.900226+00:00,amazon_usa,COOLER,B0H7TLY7H8,"Antec Ultra 360 ARGB Liquid CPU Cooler, 3x120mm PWM Fans, High-Performance Pump, Intel LGA 1200/1851/20XX & AMD AM4/AM5",40.41,11.75,2026-10-05,4.9,18,,0.0,11.75
20261005_134359,2026-10-05T14:06:13.900226+00:00,amazon_usa,COOLER,B0FLTZ2SHM,NZXT Kraken Core 360 RGB - 360mm AIO CPU Cooler - Black,80.83,23.5,2026-10-05,4.7,225,https://www.amazon.com/NZXT-Kraken-Core-360-RGB/dp/B0FLTZ2SHM,0.0,23.5
20261005_134359,2026-10-05T14:06:13.900226+00:00,amazon_usa,COOLER,B0FVFJZZV6,"Thermalright Peerless Vision 360 ARGB Black CPU Aio Cooler,PC 360 Specification Water Cooler System,3.95’’IPS LCD Screen with 480x480 Resolution,for AM4/AM5;Intel 1700/1851,3 Wireless Splicing Fans",102.98,29.94,2026-10-05,4.6,90,https://www.amazon.com/Thermalright-Peerless-ARGB-Specification-Resolution/dp/B0FVFJZZV6,0.0,29.94
20261005_134359,2026-10-05T14:06:13.900226+00:00,amazon_usa,COOLER,B0DLWDJS8S,"ARCTIC Liquid Freezer III Pro 360 A-RGB - AIO CPU Cooler, Water Cooling",81.03,23.56,2026-10-05,4.5,998,https://www.amazon.com/ARCTIC-Liquid-Freezer-RGB-White/dp/B0DLWDJS8S,0.0,23.56
20261005_134359,2026-10-05T14:06:13.900226+00:00,amazon_usa,COOLER,B0FPCT1SV4,Lian Li HydroShift II LCD-S-360 CL-Liquid CPU Cooler-Black-HS2LCDS36CB,181.88,52.88,2026-10-05,4.3,179,https://www.amazon.com/Lian-Hydroshift-360-ARGB-Liquid-Cooler/dp/B0FPCT1SV4,0.0,52.88
20261005_134359,2026-10-05T14:06:13.900226+00:00,amazon_usa,COOLER,B0FLWQKYT8,be quiet! Pure Loop 3 LX 360mm AiO Water Cooling for Slightly Overclocking,100.95,29.35,2026-10-05,4.4,17,,0.0,29.35
20261005_134359,2026-10-05T14:06:13.900226+00:00,amazon_usa,COOLER,B0BDDZGLXL,"Thermalright Frozen Notte 360 Black ARGB V2 Water Cooling CPU Cooler, 360 Black CPU Cooler Specifications, 3×120mm PWM Fans, S-FDB Bearings, Suitable for AMD/AM4, Intel LGA 1700/1150/1151/1200/2011",55.96,16.27,2026-10-05,4.4,958,https://www.amazon.com/Thermalright-Cooling-Specifications-Bearings-Suitable/dp/B0BDDZGLXL,0.0,16.27
20261005_134359,2026-10-05T14:06:13.900226+00:00,amazon_usa,COOLER,B0F5SZK3WX,"NZXT Kraken Plus 360-360mm AIO CPU Cooler, LCD - Black",177.82,51.7,2026-10-05,4.2,415,https://www.amazon.com/NZXT-Kraken-Plus-360-Customizable/dp/B0F5SZK3WX,0.0,51.7
20261005_134359,2026-10-05T14:06:13.900226+00:00,amazon_usa,COOLER,B0H2XNVH3C,"Minorsonic CPU Cooler 360mm Aio, Liquid Cooler CPU Low-Noise AMD AM5/AM4, Refrigeracion Liquida Water Cooling Systems, Intel LGA 1851/1700 PC Water Cooler 3 x 120 mm PWM ARGB Fans White",39.38,11.45,2026-10-05,4.4,285,https://www.amazon.com/Minorsonic-Low-Noise-Refrigeracion-Liquida-Cooling/dp/B0H2XNVH3C,0.0,11.45
20261005_134359,2026-10-05T14:06:13.900226+00:00,amazon_usa,COOLER,B0F9WV43J1,TRYX Panorama SE 360mm AIO Curved Screen GIPHY Built-in Asetek 280w TDP,252.6,73.44,2026-10-05,4.6,223,https://www.amazon.com/TRYX-SE-360-ARGB-Customizable/dp/B0F9WV43J1,0.0,73.44
20261005_134359,2026-10-05T14:06:13.900226+00:00,amazon_usa,COOLER,B0FD3MRM1B,"Thermalright Wonder Vision 360 UB ARGB CPU AIO Cooler,360mm Radiator, 2K 60HZ Curved Screen with 2400x1080 Resolution,for AM4/AM5,Intel LGA1851/1700,6.67in 3D Screen High Performance Pump",213.59,62.1,2026-10-05,4.5,61,,0.0,62.1
20261005_134359,2026-10-05T14:06:13.900226+00:00,amazon_usa,COOLER,B0DWZJNH28,"be quiet! Silent Loop 3 360mm AiO ARGB Liquid CPU Cooler, for Overclocking",127.23,36.99,2026-10-05,4.7,204,https://www.amazon.com/quiet-Silent-Lighting-Liquid-Cooler/dp/B0DWZJNH28,0.0,36.99
20261005_134359,2026-10-05T14:06:13.900226+00:00,amazon_usa,COOLER,B0F8HTLRND,"Thermalright Aqua Elite 360 V6 ARGB Black CPU Liquid Cooler, 360 Cooling Row Size,3x120mm Water Radiator,AMD: AM4/AM5,Intel LGA115X/1200/1700/1851, AIO CPU Cooler",54.45,15.83,2026-10-05,4.7,115,https://www.amazon.com/Thermalright-Liquid-Cooling-3x120mm-Radiator/dp/B0F8HTLRND,0.0,15.83
20261005_134359,2026-10-05T14:06:13.900226+00:00,amazon_usa,COOLER,B0D1K859GT,"Thermalright FW 360 White ARGB-360mm AIO CPU Liquid Cooler,IPS LCD Screen with 320 * 240 Resolution,for AM4/AM5/Intel LGA1700,‘2.4 inch’Magnet-Absorbent LCD Screen for Images -White",84.47,24.56,2026-10-05,4.5,202,https://www.amazon.com/Thermalright-ARGB-360mm-Resolution-LGA1700-inchMagnet-Absorbent/dp/B0D1K859GT,0.0,24.56
20261005_134359,2026-10-05T14:06:13.900226+00:00,amazon_usa,COOLER,B0G33Z9WTS,"Thermalright Mjolnir Vision 360 UB PRO ARGB Black CPU Aio Cooler,PC 360 Specification Water Cooler System with Inline Fan,3.5’’ LCD Screen with 640x480 Resolution,for AM4/AM5;Intel 1700/1851/115X/2011",81.76,23.77,2026-10-05,4.7,21,https://www.amazon.com/Thermalright-Mjolnir-Specification-640x480-Resolution/dp/B0G33Z9WTS,0.0,23.77
20261005_134359,2026-10-05T14:06:13.900226+00:00,amazon_usa,COOLER,B0FM1V3Q3F,ASUS TUF Gaming LC III ARGB 360mm AMD/Intel Gaming Liquid CPU Cooler,136.41,39.66,2026-10-05,4.6,29,https://www.amazon.com/ASUS-TUF-III-pre-Installed-temperatures/dp/B0FM1V3Q3F,0.0,39.66
20261005_134359,2026-10-05T14:06:13.900226+00:00,amazon_usa,COOLER,B0FHW333V3,"Minorsonic AIO CPU Cooler, 360mm AIO with High-Speed Ceramic Bearing Pump, 3X PWM ARGB Fans, 3-Phase Motor for Better Cooling Performance, Heat Transfer, Low Noise, Intel LGA 1851/1700, AMD AM5/AM4",39.38,11.45,2026-10-05,4.4,285,https://www.amazon.com/Minorsonic-High-Speed-Ceramic-Performance-Transfer/dp/B0FHW333V3,0.0,11.45
20261005_134359,2026-10-05T14:06:13.900226+00:00,amazon_usa,COOLER,B0F66J3QPC,"Thermalright FW360 SE ARGB V2 360mm AIO Liquid CPU Cooler, 2"" LCD Screen",91.83,26.7,2026-10-05,4.6,334,https://www.amazon.com/Thermalright-FW360-Liquid-Cooler-Screen/dp/B0F66J3QPC,0.0,26.7
20261005_134359,2026-10-05T14:06:13.900226+00:00,amazon_usa,COOLER,B0FHW6Z4TG,"Minorsonic CPU Cooler 360mm Aio, Liquid Cooler CPU Low-Noise AMD AM5/AM4, Refrigeracion Liquida Water Cooling Systems, Intel LGA 1851/1700 PC Water Cooler 3 x 120 mm PWM Fans Black",39.38,11.45,2026-10-05,4.4,285,https://www.amazon.com/Minorsonic-Low-Noise-Refrigeracion-Liquida-Cooling/dp/B0FHW6Z4TG,0.0,11.45
20261005_134359,2026-10-05T14:06:13.900226+00:00,amazon_usa,COOLER,B0DQ2LJ9VH,"Cooler Master 360 Core II AIO Liquid CPU Cooler, Infinity Mirror ARGB",100.02,29.08,2026-10-05,4.5,106,https://www.amazon.com/Cooler-Master-Infinity-Radiator-Platform/dp/B0DQ2LJ9VH,0.0,29.08
20261005_134359,2026-10-05T14:06:13.900226+00:00,amazon_usa,COOLER,B0CZMPHCPG,"ID-COOLING FX360 PRO 360mm AIO CPU Cooler, High-Efficiency Fans",65.66,19.09,2026-10-05,4.6,266,https://www.amazon.com/ID-COOLING-FX360-Liquid-Cooler-Desktop/dp/B0CZMPHCPG,0.0,19.09
20261005_134359,2026-10-05T14:06:13.900226+00:00,amazon_usa,COOLER,B0DM4BRSV5,"MSI MAG Coreliquid A13 360 - AIO ARGB CPU Liquid Cooler - 360mm Radiator - LGA 1700/1851 / AM5/AM4 Compatible - Triple 120mm ARGB PWM Fans, Black",97.96,28.48,2026-10-05,4.7,348,https://www.amazon.com/MSI-MAG-Coreliquid-A13-360/dp/B0DM4BRSV5,0.0,28.48
20261005_134359,2026-10-05T14:06:17.870630+00:00,amazon_usa,COOLER,B0CCXHZBSV,"Thermaltake TH360 ARGB Sync V2 CPU Liquid Cooler/AlO Liquid Cooling/Fan 120mm*3/PWM 500~2000 RPM/Mirror Waterblock/MB ARGB Sync Control, CL-W362-PL12SW-A,Black",90.94,26.44,2026-10-05,4.6,327,https://www.amazon.com/Thermaltake-Cooling-500-2000-Waterblock-CL-W362-PL12SW/dp/B0CCXHZBSV,0.0,26.44
20261005_134359,2026-10-05T14:06:17.870630+00:00,amazon_usa,COOLER,B0GT94L8KJ,"Chill Arc 360mm AIO CPU Cooler, 6.67"" 2K AMOLED Screen-BK",171.77,49.94,2026-10-05,4.1,66,https://www.amazon.com/Jungle-Leopard-Cooler-AMOLED-Screen-BK/dp/B0GT94L8KJ,0.0,49.94
20261005_134359,2026-10-05T14:06:17.870630+00:00,amazon_usa,COOLER,B0GLFKYWHM,LIAN LI HydroShift II OLED Curved 360 TL Flex AIO Cooler-White-HS2OLDC36TW,343.54,99.88,2026-10-05,4.7,66,https://www.amazon.com/Lian-Li-Hydroshift-360TL-Liquid-Cooler-White-HS2OLDC36TW/dp/B0GLFKYWHM,0.0,99.88
20261005_134359,2026-10-05T14:06:17.870630+00:00,amazon_usa,COOLER,B0CCNVFXWH,"Thermalright Aqua Elite 360 V3 Water Cooling CPU Cooler, 3 PWM ARGB Fans with S-FDB Bearings,Efficient PWM Controlled Pump,for AMD/AM4/AM5, Intel LGA1150/1151/1200/1700/1851, (AE360 V3)",55.48,16.13,2026-10-05,4.6,396,https://www.amazon.com/Thermalright-Cooling-Bearings-Efficient-Controlled/dp/B0CCNVFXWH,0.0,16.13
20261005_134359,2026-10-05T14:06:17.870630+00:00,amazon_usa,COOLER,B0DC1WB2RM,"ASUS ROG Strix LC III 360 ARGB LCD All-in-one CPU Liquid Cooler - Intel LGA 1700, 1200, 115X - AMD Socket AM4, AM5 – with 2.1"" IPS LCD, Asetek Gen7 v2 Pump, and Premium ROG ARGB Fans, 6 Year Warranty",261.68,76.08,2026-10-05,4.5,86,https://www.amazon.com/ASUS-ROG-III-360-ARGB/dp/B0DC1WB2RM,0.0,76.08
20261005_134359,2026-10-05T14:06:17.870630+00:00,amazon_usa,COOLER,B0DQV2CBX1,TRYX Panorama SE 360mm AIO White Curved Screen GIPHY Built-in Asetek 280w,252.6,73.44,2026-10-05,4.6,326,https://www.amazon.com/TRYX-SE-360-ARGB-Customizable/dp/B0DQV2CBX1,0.0,73.44
20261005_134359,2026-10-05T14:06:17.870630+00:00,amazon_usa,COOLER,B0H2B8C4X4,"Noctua NL-LC1-36, High-Performance 360mm AIO CPU Cooler",252.56,73.43,2026-10-05,4.8,122,https://www.amazon.com/Noctua-NL-LC1-36-High-Performance-360mm-Cooler/dp/B0H2B8C4X4,0.0,73.43
20261005_134359,2026-10-05T14:06:17.870630+00:00,amazon_usa,COOLER,B0D735BZR4,"Thermalright Frozen Infinity 360 White Liquid CPU Cooler,Triple PWM Fans with 2000RPM,Desktop CPU Aio Cooler,for AM4/AM5&Intel LGA1150/1151/1200/1700/1851,Infinity Mirror PC CPU Water Cooler",53.14,15.45,2026-10-05,4.5,138,https://www.amazon.com/Thermalright-Infinity-2000RPM-Desktop-LGA1150/dp/B0D735BZR4,0.0,15.45
20261005_134359,2026-10-05T14:06:17.870630+00:00,amazon_usa,COOLER,B0FL7BXMRR,PF 360 CPU Water AIO Cooler Liquid Cooling|5.5-inch LCD Magnetic Screen|360mm ARGB Infinity Mirror 2000RPM PWM Fan|Lower Noise ≤30DBA|for Intel LGA1851/1700/1200/115X AMD AM4/AM5-Black,150.55,43.77,2026-10-05,4.2,206,https://www.amazon.com/Jungle-Leopard-5-5-inch-Magnetic-AM5-Black/dp/B0FL7BXMRR,0.0,43.77
20261005_134359,2026-10-05T14:06:17.870630+00:00,amazon_usa,COOLER,B0H5QBZY78,TRYX Holo 360mm AIO Holographic Visual GIPHY Built-in Asetek 280w TDP,181.88,52.88,2026-10-05,4.5,20,https://www.amazon.com/TRYX-Holographic-Visual-Built-Asetek/dp/B0H5QBZY78,0.0,52.88
20261005_134359,2026-10-05T14:06:17.870630+00:00,amazon_usa,COOLER,B0FLWMYX2F,be quiet! Pure Loop 3 360mm AiO Water Cooling for Slightly Overclocking,99.02,28.79,2026-10-05,4.4,84,https://www.amazon.com/quiet-360mm-Cooling-Slightly-Overclocking/dp/B0FLWMYX2F,0.0,28.79
20261005_134359,2026-10-05T14:06:17.870630+00:00,amazon_usa,COOLER,B0FND8XGV1,"Antec Skeleton 360 ARGB AIO Liquid CPU Cooler, 360mm, Black",50.53,14.69,2026-10-05,4.5,72,https://www.amazon.com/Skeleton-Liquid-Cooler-Radiator-High-Performance-Copper/dp/B0FND8XGV1,0.0,14.69
20261005_134359,2026-10-05T14:06:17.870630+00:00,amazon_usa,COOLER,B0GLNXQ71Z,ProFlow SE 360mm ARGB Black AIO CPU Cooler-Water Liquid Cooling System|4-Inch LCD Screen|320W TDP|ARGB 1850RPM PWM Cooler Fans|for Intel LGA1851/1700/1200/115X AMD AM4/AM5（Black）,121.24,35.25,2026-10-05,4.3,25,https://www.amazon.com/Jungle-Leopard-ProFlow-Cooler-Water-AM5%EF%BC%88Black%EF%BC%89/dp/B0GLNXQ71Z,0.0,35.25
20261005_134359,2026-10-05T14:06:17.870630+00:00,amazon_usa,COOLER,B0H4M26R4P,CORSAIR iCUE Link Titan II 360 RX LCD AIO Liquid CPU Cooler – Black,241.49,70.21,2026-10-05,3.1,4,https://www.amazon.com/CORSAIR-iCUE-Titan-Liquid-Cooler/dp/B0H4M26R4P,0.0,70.21
20261005_134359,2026-10-05T14:06:17.870630+00:00,amazon_usa,COOLER,B0DDR3VT16,be quiet! Light Loop 360mm Black CPU Liquid Cooler for Overclocked Systems,104.97,30.52,2026-10-05,4.8,396,https://www.amazon.com/quiet-Overclocked-high-Speed-Extremely-Performance/dp/B0DDR3VT16,0.0,30.52
20261005_134359,2026-10-05T14:06:17.870630+00:00,amazon_usa,COOLER,B0G4VQ1X5X,"Thermalright Magic Qube 360 ARGB Black Liquid CPU Cooler,Building Block Fan with 2000RPM,for AM4/AM5,Intel LGA1150/1151/1200/1700/1851,Temperature Controlled Color Changing Digital Screen",61.53,17.89,2026-10-05,4.3,26,https://www.amazon.com/Thermalright-Building-Temperature-Controlled-Changing/dp/B0G4VQ1X5X,0.0,17.89
20261005_134359,2026-10-05T14:06:17.870630+00:00,amazon_usa,COOLER,B0D1JYT6CG,"Thermalright FW360 Black ARGB CPU AIO Cooler,PC 360 Specification Water Cooler System,IPS LCD Screen with 320x240 Resolution,for AM5&Intel LGA1700/1851,CPU Cooler Comes with 2.4-inch LCD Display",84.78,24.65,2026-10-05,4.6,196,https://www.amazon.com/Thermalright-Cooler-2000RPM-Screen-Resolution/dp/B0D1JYT6CG,0.0,24.65
20261005_134359,2026-10-05T14:06:17.870630+00:00,amazon_usa,COOLER,B0D9GWQPDM,"NZXT Kraken Elite 360 RGB - 360mm AIO CPU Cooler, LCD - White",295.9,86.03,2026-10-05,4.1,597,https://www.amazon.com/NZXT-Kraken-Elite-360-2024/dp/B0D9GWQPDM,0.0,86.03
20261005_134359,2026-10-05T14:06:17.870630+00:00,amazon_usa,COOLER,B0GW5XSBJD,"Antec Luna 360 ARGB AIO Liquid CPU Cooler, 3x120mm PWM ARGB Fans, Infinity Mirror Pump Head Design, High-Performance Cooling, Intel LGA 1700/1851 & AMD AM4/AM5",45.47,13.22,2026-10-05,4.6,46,https://www.amazon.com/Antec-Luna-360-ARGB-High-Performance/dp/B0GW5XSBJD,0.0,13.22
20261005_134359,2026-10-05T14:06:17.870630+00:00,amazon_usa,COOLER,B0G81B9VQS,"Thermalright Aqua Elite 360 V5 ARGB Black-CPU Liquid Cooler,Pump Speed-2800RPM,for AM4/AM5,Intel LGA1150/1151/1200 /1851/1700,High-Performance Radiator",54.45,15.83,2026-10-05,4.9,11,https://www.amazon.com/Thermalright-Black-CPU-Speed-2800RPM-High-Performance-Radiator/dp/B0G81B9VQS,0.0,15.83
20261005_134359,2026-10-05T14:06:17.870630+00:00,amazon_usa,COOLER,B0DPPBVSNC,ASUS ROG Ryujin III ARGB Extreme 360mm AMD/Intel Gaming Liquid CPU Cooler,395.58,115.01,2026-10-05,4.6,248,https://www.amazon.com/ASUS-ROG-III-360-ARGB/dp/B0DPPBVSNC,0.0,115.01
20261005_134359,2026-10-05T14:06:21.865775+00:00,amazon_usa,COOLER,B0CDPKSTWP,"Thermalright Aqua Elite 360 White V3 Aio CPU Cooler, 360 Liquid Cooling Row, ARGB PWM Cooler Fans, for Intel LGA1150/1151/1155/1156/1200/1851/1700,AMD:AM4/AM5, PC Cooler Aio",51.73,15.04,2026-10-05,4.8,111,https://www.amazon.com/Thermalright-V3-Cooler-Cooling-LGA1150/dp/B0CDPKSTWP,0.0,15.04
20261005_134359,2026-10-05T14:06:21.865775+00:00,amazon_usa,COOLER,B0FL7CQX3D,PF 360 CPU Water AIO Cooler Liquid Cooling|5.5-inch LCD Magnetic Screen|360mm ARGB Infinity Mirror 2000RPM PWM Fan|Lower Noise ≤30DBA|for Intel LGA1851/1700/1200/115X AMD AM4/AM5-White,151.54,44.06,2026-10-05,4.2,206,https://www.amazon.com/Jungle-Leopard-5-5-inch-Magnetic-AM5-White/dp/B0FL7CQX3D,0.0,44.06
20261005_134359,2026-10-05T14:06:21.865775+00:00,amazon_usa,COOLER,B0DKD2GR3D,"Thermalrlght CORE Vision 360 Black ARGB CPU Water Cooler,3 PWM Fans Water Cooling System with 2000PRM,for AM4/AM5&Intel LGA1851/1700, Magnetic Detachable LCD Screen with 480 * 480 Resolution",78.7,22.88,2026-10-05,4.7,30,https://www.amazon.com/Thermalrlght-Cooling-Magnetic-Detachable-Resolution/dp/B0DKD2GR3D,0.0,22.88
20261005_134359,2026-10-05T14:06:21.865775+00:00,amazon_usa,COOLER,B0DHX795DV,"Thermalright Aqua Elite 360 ARGB Liquid CPU Cooler,Black",54.45,15.83,2026-10-05,4.6,151,https://www.amazon.com/Thermalright-360-ARGB-V4-Computer/dp/B0DHX795DV,0.0,15.83
20261005_134359,2026-10-05T14:06:21.865775+00:00,amazon_usa,COOLER,B0DHXGNJM9,"Thermalright Aqua Elite 360 ARGB CPU Water Cooler, with 3 PWM Fans, 1550RPM Speed,for AMD/AM4/AM5, Intel LGA1851/1150/1151/1155/1156/1200/1700",49.43,14.37,2026-10-05,4.6,81,https://www.amazon.com/Thermalright-Elite-Cooler-1550RPM-LGA1851/dp/B0DHXGNJM9,0.0,14.37
20261005_134359,2026-10-05T14:06:21.865775+00:00,amazon_usa,COOLER,B0DFK77QNS,"Thermaltake TH360 V2 Ultra EX ARGB AIO Cooler/Snow/Water Block 2.1"" LCD/Fan 120 * 3/Magnetic Quick Connection/MB ARGB Sync Control/LCD Software Control/CL-W426-PL12SW-A",161.66,47.0,2026-10-05,4.1,36,https://www.amazon.com/Thermaltake-Magnetic-Connection-Software-CL-W426-PL12SW/dp/B0DFK77QNS,0.0,47.0
20261005_134359,2026-10-05T14:06:21.865775+00:00,amazon_usa,COOLER,B0FD75H1D6,"Thermalright Trofeo Vision 360 ARGB White CPU Liqud Cooler,6.86-inch Magnetic IPS LCD Screen with 1280x480 Resolution,Free to DIY a Variety of Themes,Liquid CPU Cooler for AM4/AM5,Intel lga1700/1851",119.56,34.76,2026-10-05,4.2,47,https://www.amazon.com/Thermalright-ARGB-6-86-inch-2400x1080-Resolution/dp/B0FD75H1D6,0.0,34.76
20261005_134359,2026-10-05T14:06:21.865775+00:00,amazon_usa,COOLER,B0DK4P13H5,"Thermalright CORE Vision 360 White ARGB CPU AIO Cooler,IPS LCD Screen with 480 * 480 Resolution,for AM5&Intel 1700/1851,High-Performance 360 Specs Water-Cooled Radiator with 2.1in Removable Display",79.42,23.09,2026-10-05,4.5,100,https://www.amazon.com/Thermalright-ARGB-Resolution-High-Performance-Water-Cooled/dp/B0DK4P13H5,0.0,23.09
20261005_134359,2026-10-05T14:06:21.865775+00:00,amazon_usa,COOLER,B0FM2SFG53,ASUS TUF Gaming LC III ARGB LCD 360mm AMD/Intel Gaming Liquid CPU Cooler,166.71,48.47,2026-10-05,4.6,41,https://www.amazon.com/ASUS-TUF-III-360-ARGB/dp/B0FM2SFG53,0.0,48.47
20261005_134359,2026-10-05T14:06:21.865775+00:00,amazon_usa,COOLER,B0BKK78R71,"Thermalright Frozen Notte 360 Black ARGB Water Cooling CPU Cooler, 360 Black CPU Cooler Specifications, 3×120mm PWM Fans, S-FDB V2 Bearings, Suitable for AMD/AM4, Intel LGA 1700/1150/1200/2011/2066",54.96,15.98,2026-10-05,4.5,178,https://www.amazon.com/Thermalright-Frozen-Notte-360-ARGB/dp/B0BKK78R71,0.0,15.98
20261005_134359,2026-10-05T14:06:21.865775+00:00,amazon_usa,COOLER,B0FVKXSRHM,"PCCOOLER GT360M 360mm AIO CPU Cooler with 2.8"" IPS LCD, ARGB, 300W TDP",100.02,29.08,2026-10-05,4.0,95,https://www.amazon.com/PCCOOLER-2-8-Inch-Aluminum-Compatible-GT360M/dp/B0FVKXSRHM,0.0,29.08
20261005_134359,2026-10-05T14:06:21.865775+00:00,amazon_usa,COOLER,B0D731NGTQ,"Thermalright Frozen Infinity 360 Black Liquid CPU Cooler,Triple PWM Fans with 2000RPM,Desktop CPU Aio Cooler,for AM4/AM5&Intel LGA1150/1151/1200/1700/1851,Infinity Mirror PC CPU Water Cooler",56.48,16.42,2026-10-05,4.7,36,https://www.amazon.com/Thermalright-Infinity-2000RPM-Desktop-LGA1150/dp/B0D731NGTQ,0.0,16.42
20261005_134359,2026-10-05T14:06:21.865775+00:00,amazon_usa,COOLER,B0DYDF5F4Y,"darkFlash DG360 All-in-one Liquid CPU Cooler, High-Performance Pump, ARGB Sync, PWM Daisy Chain Connection Fans, AIO Cooler Compatible with Intel 1851/1700, AMD AM4/AM5 (Black, 360mm AIO)",65.66,19.09,2026-10-05,5.0,57,https://www.amazon.com/darkFlash-Liquid-Cooler-High-Performance-Connection-Compatible/dp/B0DYDF5F4Y,0.0,19.09
20261005_134359,2026-10-05T14:06:21.865775+00:00,amazon_usa,COOLER,B0D3CYW7SQ,"Thermalright Aqua Elite 360 White V3 CPU Liquid Cooler, AIO Pump Head Speed Up to 2800RPM, TL-C12W-S V2×3 PWM Fans, for AMD/AM4/AM5, Intel LGA1150/1151/1200/1700/1851, Computer CPU Aio Cooler",51.42,14.95,2026-10-05,4.8,114,https://www.amazon.com/Thermalright-2800RPM-TL-C12W-S-LGA1150-Computer/dp/B0D3CYW7SQ,0.0,14.95
20261005_134359,2026-10-05T14:06:21.865775+00:00,amazon_usa,COOLER,B0FSQMXNMF,"Ocypus Sigma L36 BK ARGB 360mm AIO Liquid CPU Cooler with 2.4"" LCD Display",46.23,13.44,2026-10-05,4.4,12,https://www.amazon.com/Sigma-L36-BK-ARGB-high-performence/dp/B0FSQMXNMF,0.0,13.44
20261005_134359,2026-10-05T14:06:21.865775+00:00,amazon_usa,COOLER,B0GJ5JQ2XZ,"TR Thermalright Mjolnir Vision 360 UB PRO ARGB Black CPU Water Cooler,360 Aio Cooler, IPS LCD Screen with 640x480 Resolution,for Intel LGA1851/1700,AM4/AM5,CPU Liquid Cooler,3.5-inch Display-Magnetic",82.44,23.97,2026-10-05,4.6,8,https://www.amazon.com/Thermalright-Mjolnir-Resolution-3-5-inch-Display-Magnetic/dp/B0GJ5JQ2XZ,0.0,23.97
20261005_134359,2026-10-05T14:06:21.865775+00:00,amazon_usa,COOLER,B0D73CDLK5,"Thermalright Frozen Infinity 360 Black CPU Water Cooler,360 Aio CPU Cooler,Triple TL-M12 PWM Fans,Infinity Mirror CPU Cooling,for AM4/AM5,Intel LGA1851/1700/1150/1151",54.45,15.83,2026-10-05,4.7,176,https://www.amazon.com/Thermalright-Frozen-Infinity-360-LGA1851/dp/B0D73CDLK5,0.0,15.83
20261005_134359,2026-10-05T14:06:21.865775+00:00,amazon_usa,COOLER,B0H4M6PM4K,CORSAIR iCUE Link Titan II 360 RX LCD AIO Liquid CPU Cooler – White,241.49,70.21,2026-10-05,3.1,4,https://www.amazon.com/CORSAIR-iCUE-Titan-Liquid-Cooler/dp/B0H4M6PM4K,0.0,70.21
20261005_134359,2026-10-05T14:06:21.865775+00:00,amazon_usa,COOLER,B0F6NBL6C6,"PCCOOLER DC360 Pro 360mm AIO CPU Cooler, 2.4"" IPS LCD, 310W, ARGB, Black",99.02,28.79,2026-10-05,4.4,303,https://www.amazon.com/PCCOOLER-Freezer-Cooling-High-Performance-DC360/dp/B0F6NBL6C6,0.0,28.79
20261005_134359,2026-10-05T14:06:21.865775+00:00,amazon_usa,COOLER,B0GKRBSYZG,ASUS ROG Ryuo IV ARGB 360mm AMD/Intel Gaming Liquid CPU Cooler,416.28,121.03,2026-10-05,4.4,93,https://www.amazon.com/ASUS-ROG-RYUO-360-ARGB/dp/B0GKRBSYZG,0.0,121.03
20261005_134359,2026-10-05T14:06:21.865775+00:00,amazon_usa,COOLER,B0FP48R8QG,ASUS ROG Ryuo IV SLC ARGB 360mm AMD/Intel Gaming Liquid CPU Cooler,466.67,135.68,2026-10-05,4.4,93,https://www.amazon.com/ASUS-ROG-RYUO-SLC-ARGB/dp/B0FP48R8QG,0.0,135.68
20261005_134359,2026-10-05T14:06:21.865775+00:00,amazon_usa,COOLER,B0H421RM64,CORSAIR iCUE Link Titan II 360 RX RGB AIO Liquid CPU Cooler – Black,180.88,52.59,2026-10-05,4.0,6,https://www.amazon.com/CORSAIR-iCUE-Titan-Liquid-Cooler/dp/B0H421RM64,0.0,52.59
20261005_134359,2026-10-05T14:06:26.281566+00:00,amazon_usa,COOLER,B0FHGSM9NK,"Thermalright Stream Vision 360 Black-360mm AIO CPU Liquid Cooler,3.5’’Square LCD Display for Images,Magnetic Suction High-Performance Pump for 640x480 Resolution with Embedded Fan,for AM5/lga1851/1700",120.14,34.93,2026-10-05,4.8,20,https://www.amazon.com/Thermalright-Black-360mm-3-5Square-High-Performance-Resolution/dp/B0FHGSM9NK,0.0,34.93
20261005_134359,2026-10-05T14:06:26.281566+00:00,amazon_usa,COOLER,B0FD6WBGD9,"Thermalright Trofeo Vision 360 ARGB Black CPU AIO Cooler,6.86-inch LCD Long Screen High-Performance 360mm Water-Cooled Radiator,IPS LCD Screen with 1280x480 Resolution,for AM4/AM5,Intel LGA1851/1700",143.39,41.69,2026-10-05,3.8,155,https://www.amazon.com/Thermalright-ARGB-High-Performance-Water-Cooled-Resolution/dp/B0FD6WBGD9,0.0,41.69
20261005_134359,2026-10-05T14:06:26.281566+00:00,amazon_usa,COOLER,B0D1K7WRLV,"Thermalright FW360 Black CPU AIO Cooler,PC 360 Specification Water Cooler System,IPS LCD Screen with 320 * 240 Resolution,for AM5&Intel LGA1851,High Performance Pump,Comes with 2.4-inch LCD Display",67.28,19.56,2026-10-05,4.9,23,https://www.amazon.com/Thermalright-Cooling-Resolution-LGA1700-Computer/dp/B0D1K7WRLV,0.0,19.56
20261005_134359,2026-10-05T14:06:26.281566+00:00,amazon_usa,COOLER,B0946GJ4GX,"Cooler Master Elite Liquid 360 AIO Liquid CPU Cooler, ARGB White",80.83,23.5,2026-10-05,4.4,297,https://www.amazon.com/Cooler-Master-MasterLiquid-Close-Loop-Translucent/dp/B0946GJ4GX,0.0,23.5
20261005_134359,2026-10-05T14:06:26.281566+00:00,amazon_usa,COOLER,B0D72X5YB2,"Thermalright Frozen Infinity 360 BLACK CPU Water Cooler, with Triple 124mm Infinity Mirror PWM Fans,for Intel 1150/1151/1200/2011/ 1700/1851&AMD/AM4/AM5,360 Size Infinity Mirror Water Cooling Radiator",60.71,17.65,2026-10-05,4.6,61,https://www.amazon.com/Thermalright-Infinity-BLACK-Cooling-Radiator/dp/B0D72X5YB2,0.0,17.65
20261005_134359,2026-10-05T14:06:26.281566+00:00,amazon_usa,COOLER,B0FWTK88NB,MSI CORELIQUID A17 MLG Edition - AIO ARGB CPU Liquid Cooler - 360mm Radiator - LGA 1851 and AM5 Ready - Triple 120mm ARGB PWM Fans - Uni Bracket - Exclusive MLG Figure,150.55,43.77,2026-10-05,4.9,23,https://www.amazon.com/MSI-CORELIQUID-A17-MLG-Exclusive/dp/B0FWTK88NB,0.0,43.77
20261005_134359,2026-10-05T14:06:26.281566+00:00,amazon_usa,COOLER,B0H8CPP69N,Thermalright Dynamic Vision Pro 360 ARGB Black-360mm AIO CPU Liquid Cooler,120.14,34.93,2026-10-05,4.2,9,https://www.amazon.com/Thermalright-Dynamic-Vision-Black-360mm-Liquid/dp/B0H8CPP69N,0.0,34.93
20261005_134359,2026-10-05T14:06:26.281566+00:00,amazon_usa,COOLER,B0DPY1CVK4,MSI MAG Coreliquid A15 360 - AIO ARGB Liquid Cooling - 360mm Radiator - Triple 120mm ARGB PWM Fans - EZ Connect - Uni Bracket - LGA 1700/1851/AM5/AM4 Compatible - Black,90.94,26.44,2026-10-05,4.5,85,https://www.amazon.com/MSI-MAG-CORELIQUID-A15-360/dp/B0DPY1CVK4,0.0,26.44
20261005_134359,2026-10-05T14:06:26.281566+00:00,amazon_usa,COOLER,B0DVNKR4L9,"Cooler Master Atmos Stealth 360 AIO Liquid CPU Cooler, Mobius Fans",136.93,39.81,2026-10-05,4.6,49,https://www.amazon.com/Cooler-Master-Performance-Close-Loop-Customize/dp/B0DVNKR4L9,0.0,39.81
20261005_134359,2026-10-05T14:06:26.281566+00:00,amazon_usa,COOLER,B0D97Q33GW,"ID-COOLING FX360 INF 360mm AIO CPU Cooler, Infinity Mirror, Quiet",80.83,23.5,2026-10-05,4.4,221,https://www.amazon.com/ID-COOLING-Infinity-Daisy-Chained-Low-Noise-Operating/dp/B0D97Q33GW,0.0,23.5
20261005_134359,2026-10-05T14:06:26.281566+00:00,amazon_usa,COOLER,B0DPNQS3Q5,ASUS ROG Ryujin III ARGB Extreme White 360mm AMD/Intel Liquid CPU Cooler,383.95,111.63,2026-10-05,4.4,52,https://www.amazon.com/ASUS-ROG-III-360-ARGB/dp/B0DPNQS3Q5,0.0,111.63
20261005_134359,2026-10-05T14:06:26.281566+00:00,amazon_usa,COOLER,B0H5QH8BSM,TRYX Holo 360mm AIO White Holographic Visual GIPHY Built-in Asetek 280w TDP,181.88,52.88,2026-10-05,4.5,20,https://www.amazon.com/TRYX-Holographic-Visual-Built-Asetek/dp/B0H5QH8BSM,0.0,52.88
20261005_134359,2026-10-05T14:06:26.281566+00:00,amazon_usa,COOLER,B0DSJ2RDKV,"darkFlash DV360S All-in-one Liquid CPU Cooler, 3.2” LCD Screen with 320 * 320 Resolution, ARGB Sync, PWM Fans 360mm Radiator, CPU PC Aio Cooler Compatible with Intel 1851/1700, AMD AM4/AM5 (Black)",96.99,28.2,2026-10-05,4.2,113,https://www.amazon.com/darkFlash-DV360S-Liquid-Resolution-Radiator-Compatible/dp/B0DSJ2RDKV,0.0,28.2
20261005_134359,2026-10-05T14:06:26.281566+00:00,amazon_usa,COOLER,B0G6K8XFC8,TRYX Stage AIO Cooler 360mm 4'' Dual-Screen GIPHY Built-in Asetek 280w TDP,202.07,58.75,2026-10-05,4.3,65,https://www.amazon.com/TRYX-Dual-Screen-Customizable-Cooler-Display/dp/B0G6K8XFC8,0.0,58.75
20261005_134359,2026-10-05T14:06:26.281566+00:00,amazon_usa,COOLER,B0DF7RD6PT,Ocypus Iota L36 BK 360mm AIO Liquid CPU Cooler with Digital Temp Display,67.17,19.53,2026-10-05,4.7,62,https://www.amazon.com/Ocypus-Iota-L36-Liquid-Efficient/dp/B0DF7RD6PT,0.0,19.53
20261005_134359,2026-10-05T14:06:26.281566+00:00,amazon_usa,COOLER,B0FHDDJHN4,"Thermalrlght Trofeo Vision 360 ARGB White CPU Aio Cooler,CPU Water Cooling System,6.86inch IPS Long Screen with 1280x480 Resolution,for AM4/AM5,LGA1851/1700,Magnetic Screen is not Limited",150.13,43.65,2026-10-05,4.4,23,https://www.amazon.com/Thermalrlght-6-86inch-1280x480-Resolution-Magnetic/dp/B0FHDDJHN4,0.0,43.65
20261005_134359,2026-10-05T14:06:26.281566+00:00,amazon_usa,COOLER,B0BDJYXM2Y,"Thermalright Frozen Notte 360 Black ARGB V2 Water Cooling CPU Cooler, 360 Specification CPU Liquid Cooler,3 PWM Fans, S-FDB Bearings, Suitable for AMD:AM4/AM5, Intel LGA 1851/1700/115X/1200/2011",55.48,16.13,2026-10-05,4.4,497,https://www.amazon.com/Thermalright-Frozen-Notte-360-Specifications/dp/B0BDJYXM2Y,0.0,16.13
20261005_134359,2026-10-05T14:06:26.281566+00:00,amazon_usa,COOLER,B0BWJS56BF,"Thermalright Frozen Prism360 Black ARGB CPU Liquid Cooler,Efficient PWM Controlled Pump 2800RPM,3×TL-E12 Series PWM Fan,Water Cooling Computer Parts,for AMD AM4/AM5,Intel 1150/1151/1200/1700/1851",54.45,15.83,2026-10-05,4.4,174,https://www.amazon.com/Thermalright-Frozen-Black-ARGB-Controlled/dp/B0BWJS56BF,0.0,15.83
20261005_134359,2026-10-05T14:06:26.281566+00:00,amazon_usa,COOLER,B0FD73TBFK,"Thermalright Wonder Vision 360 UB ARGB Black AIO CPU Liquid Cooler,for AM5/Intel LGA1851/1700,6.67-inch 3D Curved Screen with 2400x1080 Resolutions,Magnetic Panel Screen,3D/2D Video Support",206.03,59.9,2026-10-05,4.4,38,https://www.amazon.com/Thermalright-Wonder-Vision-360-ARGB/dp/B0FD73TBFK,0.0,59.9
20261005_134359,2026-10-05T14:06:26.281566+00:00,amazon_usa,COOLER,B0D4PDPKX5,"MONTECH HyperFlow ARGB 360mm AIO CPU Liquid Cooler, 3 ARGB Fans, Black",96.89,28.17,2026-10-05,4.7,217,https://www.amazon.com/MONTECH-HyperFlow-ARGB-360-Chart-Topping-Performance/dp/B0D4PDPKX5,0.0,28.17
20261005_134359,2026-10-05T14:06:31.171105+00:00,amazon_usa,COOLER,B0DC8553XN,msi MAG CoreLiquid I360 Black - AIO ARGB CPU Liquid Cooler - Infinity Mirror Design - UNI Bracket - 360mm Radiator - Triple 120mm ARGB PWM Fans - LGA 1700/1851 / AM5/AM4 Compatible,111.13,32.31,2026-10-05,4.6,126,https://www.amazon.com/MSI-MAG-CoreLiquid-I360-Black/dp/B0DC8553XN,0.0,32.31
20261005_134359,2026-10-05T14:06:31.171105+00:00,amazon_usa,COOLER,B0DT5R7DPG,TRYX Panorama 360mm AIO Curved Screen GIPHY Built-in Asetek 320w TDP,298.07,86.66,2026-10-05,4.4,80,https://www.amazon.com/TRYX-360-Anamorphic-Customizable-Performance/dp/B0DT5R7DPG,0.0,86.66
20261005_134359,2026-10-05T14:06:31.171105+00:00,amazon_usa,COOLER,B0FKWKLCLR,"MSI MPG CORELIQUID P13 360 - AIO ARGB CPU Liquid Cooler - 360mm Radiator - LGA 1851 / AM5 Ready - IPS 2.1"" LCD Screen - Triple 120mm ARGB PWM Fans - Uni Bracket - Black",148.52,43.18,2026-10-05,4.4,59,https://www.amazon.com/MSI-MPG-CORELIQUID-P13-360/dp/B0FKWKLCLR,0.0,43.18
20261005_134359,2026-10-05T14:06:31.171105+00:00,amazon_usa,COOLER,B0H8494H32,CORSAIR Nautilus 360 RS AIO Liquid CPU Cooler – Black,111.13,32.31,2026-10-05,0.0,0,https://www.amazon.com/CORSAIR-Nautilus-360-Liquid-Cooler/dp/B0H8494H32,0.0,32.31
20261005_134359,2026-10-05T14:06:31.171105+00:00,amazon_usa,COOLER,B0D86H1VW2,"Frozen Infinity 360 Black CPU Aio Cooler,TL-M12*3 PWM Fans,Computer CPU Water Cooler,ARGB Infinity Mirror,360 CPU Liquid Cooling:LGA1851/1700/1150/1151/1200/2011,PC Water Cooling",56.48,16.42,2026-10-05,4.9,35,https://www.amazon.com/Thermalrlght-Frozen-Infinity-Computer-Cooling/dp/B0D86H1VW2,0.0,16.42
20261005_134359,2026-10-05T14:06:31.171105+00:00,amazon_usa,COOLER,B0DW2T19HJ,"GAMDIAS 360mm AIO Liquid Cooler, 360mm Water Cooling CPU Cooler with 3.4'' LCD, Rotatable Pump, Clean Daisy-Chain Cable Management, 3x120mm PWM Fan, Intel LGA 20XX/18XX/1700, AMD AM5/AM4 CHIONE P5-360",81.38,23.66,2026-10-05,4.4,45,https://www.amazon.com/GAMDIAS-CHIONE-Customizable-Performance-Management/dp/B0DW2T19HJ,0.0,23.66
20261005_134359,2026-10-05T14:06:31.171105+00:00,amazon_usa,COOLER,B0FG7T8F9W,"Thermalrlght Wonder Vision 360 UB ARGB Black CPU Water Cooler,CPU Water Cooling System,6.67inch Curved Screen with 2400x1080 Resolution,for AM4/AM5,LGA1851/1700,7:3 Visual Scale Screen Ratio for 3D",209.05,60.78,2026-10-05,4.4,14,https://www.amazon.com/Thermalrlght-Cooling-6-67inch-2400x1080-Resolution/dp/B0FG7T8F9W,0.0,60.78
20261005_134359,2026-10-05T14:06:31.171105+00:00,amazon_usa,COOLER,B0F1MGD2HH,Lian Li Hydroshift II-C 360CL-Liquid CPU Cooler-Black-HS2LCD36RB,166.71,48.47,2026-10-05,4.3,179,https://www.amazon.com/Lian-Li-Hydroshift-Liquid-Cooler/dp/B0F1MGD2HH,0.0,48.47
20261005_134359,2026-10-05T14:06:31.171105+00:00,amazon_usa,COOLER,B0D3DYRCMG,"Thermalrlght Frozen Notte 360 Black ARGB v2 Water Cooling CPU Cooler, 360 Black CPU Cooler Specifications, 3 PWM Fans,S-FDB V2 Bearings,Suitable for AMD/AM4 AM5,Intel LGA 1700/1150/1151/1200/2011",53.45,15.54,2026-10-05,4.8,22,https://www.amazon.com/Thermalrlght-Cooling-Specifications-Bearings-Suitable/dp/B0D3DYRCMG,0.0,15.54
20261005_134359,2026-10-05T14:06:31.171105+00:00,amazon_usa,COOLER,B0DJZ8Z1BW,"Thermalright Grand Vision 360 ARGB Black AIO CPU Liquid Cooler,IPS LCD Screen with 480x480 Resolution,for AM5/Intel LGA1851/1700,‘3.4 inch’Magnet-Absorbent LCD Screen for Images -Black",129.02,37.51,2026-10-05,4.4,85,https://www.amazon.com/Thermalright-Grand-Vision-ARGB-Black/dp/B0DJZ8Z1BW,0.0,37.51
20261005_134359,2026-10-05T14:06:31.171105+00:00,amazon_usa,COOLER,B0FX3Q7JLQ,"darkFlash DE360 All-in-one Liquid CPU Cooler, 2.88” LCD Screen with 480 * 480 Resolution, ARGB Sync, PWM Fans 360mm Radiator, CPU PC Aio Cooler Compatible with Intel 1851/1700, AMD AM4/AM5 (Black)",107.11,31.14,2026-10-05,3.7,18,https://www.amazon.com/darkFlash-Liquid-Cooler-Resolution-Radiator-Compatible/dp/B0FX3Q7JLQ,0.0,31.14
20261005_134359,2026-10-05T14:06:31.171105+00:00,amazon_usa,COOLER,B0D7Q5YT7M,"Thermalrlght Frozen Edge 360 Black CPU Liquid Cooler,Efficient PWM Controlled Pump 3300RPM,120mm PWM Fan,Water Cooling Computer Parts,for AMD AM4/AM5,Intel 1150/1151/1200/1851/1700,Computer AIO Cooler",52.45,15.25,2026-10-05,4.7,10,https://www.amazon.com/Thermalrlght-Efficient-Controlled-3300RPM-Computer/dp/B0D7Q5YT7M,0.0,15.25
20261005_134359,2026-10-05T14:06:31.171105+00:00,amazon_usa,COOLER,B0H84D3NWL,CORSAIR Nautilus 360 RS ARGB AIO Liquid CPU Cooler – Black,130.36,37.9,2026-10-05,0.0,0,https://www.amazon.com/CORSAIR-Nautilus-ARGB-Liquid-Cooler/dp/B0H84D3NWL,0.0,37.9
20261005_134359,2026-10-05T14:06:31.171105+00:00,amazon_usa,COOLER,B0CBRK2GBT,"ID-COOLING SL360 360mm AIO CPU Cooler for Desktop PC 2.1"" Customizable LCD",88.91,25.85,2026-10-05,4.4,82,https://www.amazon.com/ID-COOLING-Display-Customizable-Performance-Metrics/dp/B0CBRK2GBT,0.0,25.85
20261005_134359,2026-10-05T14:06:31.171105+00:00,amazon_usa,COOLER,B0DJS2CLLL,ASUS ProArt LC 360mm AMD/Intel Liquid CPU Cooler,293.01,85.19,2026-10-05,4.8,25,https://www.amazon.com/ASUS-LC-360-illuminated-Alphacool/dp/B0DJS2CLLL,0.0,85.19
20261005_134359,2026-10-05T14:06:31.171105+00:00,amazon_usa,COOLER,B0CKMTJ2J9,"LIAN LI Galahad II LCD 360 AIO CPU Cooler, 2.88"" IPS, SL-INF Fans, Black",222.29,64.63,2026-10-05,3.9,182,https://www.amazon.com/LIAN-Galahad-Cooler-SL-INF-Black/dp/B0CKMTJ2J9,0.0,64.63
20261005_134359,2026-10-05T14:06:31.171105+00:00,amazon_usa,COOLER,B0CDPMBV9K,"Thermalright Aqua Elite 360 White V3 Water Cooling CPU Cooler 3 PWM ARGB Fans with S-FDB Bearings,Efficient PWM Controlled Pump,for AMD/AM4/AM5, Intel LGA1150/1151/1200/2011/1700/1851(AE360 White V3)",56.48,16.42,2026-10-05,4.6,194,https://www.amazon.com/Thermalright-Cooling-Bearings-Efficient-Controlled/dp/B0CDPMBV9K,0.0,16.42
20261005_134359,2026-10-05T14:06:31.171105+00:00,amazon_usa,COOLER,B0FVM4BXFD,"Peerless Vision 360 ARGB White CPU Water Cooler,3 PWM Fans-Wireless Splicing,IPS LCD Screen with 480x480 Resolution,for Intel LGA1851/1700,AM4/AM5,CPU Liquid Cooler,3.95-inch Display",101.95,29.64,2026-10-05,4.8,9,https://www.amazon.com/Thermalrlght-Peerless-Fans-Wireless-Resolution-3-95-inch/dp/B0FVM4BXFD,0.0,29.64
20261005_134359,2026-10-05T14:06:31.171105+00:00,amazon_usa,COOLER,B0GJ685D5B,"TR Thermalright Mjolnir Vision 360 UB PRO ARGB White CPU Water Cooler,360 Aio Cooler, IPS LCD Screen with 640x480 Resolution,for Intel LGA1851/1700,AM4/AM5,CPU Liquid Cooler,3.5-inch Display-Magnetic",83.75,24.35,2026-10-05,4.0,7,https://www.amazon.com/Thermalright-Mjolnir-Resolution-3-5-inch-Display-Magnetic/dp/B0GJ685D5B,0.0,24.35
20261005_134359,2026-10-05T14:06:31.171105+00:00,amazon_usa,COOLER,B0D1JHNKSW,"Thermalright FW360 Black ARGB CPU Water Cooler with 3 PWM Fans with 2000RPM,IPS LCD Screen with 320x240 Resolution,Liquid CPU Cooler with 2.4in LCD Display,CPU PC Aio Cooler for AM5/Intel LGA1851",81.93,23.82,2026-10-05,4.6,139,https://www.amazon.com/Thermalright-Black-ARGB-V2-Resolution/dp/B0D1JHNKSW,0.0,23.82
20261005_134359,2026-10-05T14:06:31.171105+00:00,amazon_usa,COOLER,B0DK3K2NXZ,"Thermalright CORE Vision 360 Black ARGB-360mm AIO CPU Liquid Cooler,IPS LCD Screen with 480 * 480 Resolution,for AM4/AM5/Intel LGA1700/1851,‘2.1 inch’Magnet-Absorbent LCD Screen for Images",95.89,27.88,2026-10-05,4.8,26,https://www.amazon.com/Thermalright-CORE-360-Black-inchMagnet-Absorbent/dp/B0DK3K2NXZ,0.0,27.88
20261005_134359,2026-10-05T14:06:31.171105+00:00,amazon_usa,COOLER,B0FD76FHXT,"Thermalright Trofeo Vision 360 ARGB White CPU Liquid Cooler,6.86-inch Full Colour LCD Display with 1280x480 Resolutions,for AM4/AM5,Intel LGA1851/1700,Magnetic Panel Screen,DIY Dynamic/Static Images",146.42,42.57,2026-10-05,3.9,54,https://www.amazon.com/Thermalright-Trofeo-Vision-ARGB-White/dp/B0FD76FHXT,0.0,42.57
20261005_134359,2026-10-05T14:06:41.613911+00:00,amazon_usa,COOLER,B0CCNS5NZ9,"Thermalright Aqua Elite 240 V3 Water Cooling CPU Cooler, Double PWM ARGB Fans with S-FDB Bearings,Efficient PWM Controlled Pump,for AMD/AM4/AM5, Intel LGA1150/1151/1200/1700/1851, (AE240 V3)",45.37,13.19,2026-10-05,4.7,492,https://www.amazon.com/Thermalright-Cooling-Bearings-Efficient-Controlled/dp/B0CCNS5NZ9,0.0,13.19
20261005_134359,2026-10-05T14:06:41.613911+00:00,amazon_usa,COOLER,B0DF7DH5Z5,CORSAIR Nautilus 240 RS Low-Noise Liquid CPU Cooler – Black,80.83,23.5,2026-10-05,4.6,1000,https://www.amazon.com/CORSAIR-Nautilus-240-Liquid-Cooler/dp/B0DF7DH5Z5,0.0,23.5
20261005_134359,2026-10-05T14:06:41.613911+00:00,amazon_usa,COOLER,B0DLWGL38S,"ARCTIC Liquid Freezer III Pro 240 A-RGB - AIO CPU Cooler, Water Cooling",64.87,18.86,2026-10-05,4.4,493,https://www.amazon.com/ARCTIC-Liquid-Freezer-III-RGB/dp/B0DLWGL38S,0.0,18.86
20261005_134359,2026-10-05T14:06:41.613911+00:00,amazon_usa,COOLER,B0DLWFBHSL,"ARCTIC Liquid Freezer III Pro 240 - AIO CPU Cooler,2 x 120 mm Water Cooling",74.67,21.71,2026-10-05,4.2,852,https://www.amazon.com/ARCTIC-Freezer-240-240-Cooling-Radiator/dp/B0DLWFBHSL,0.0,21.71
20261005_134359,2026-10-05T14:06:41.613911+00:00,amazon_usa,COOLER,B0DS256KQP,Thermalright FW 240 SE ARGB Black-360mm AIO CPU Liquid Cooler,59.19,17.21,2026-10-05,4.5,153,https://www.amazon.com/Thermalright-SE-ARGB-Magnet-Absorbent-Images-Black/dp/B0DS256KQP,0.0,17.21
20261005_134359,2026-10-05T14:06:41.613911+00:00,amazon_usa,COOLER,B0BLJGW838,"Thermalright Frozen Notte 240 WHITE ARGB Water Cooling CPU Cooler, 240 White CPU Cooler Specifications, Double PWM Fans, S-FDB V2 Bearings, Suitable for AMD/AM4 AM5, Intel LGA 1700/1150/1151/1200/2011",33.88,9.85,2026-10-05,4.6,119,https://www.amazon.com/Thermalright-Frozen-Notte-WHITE-ARGB/dp/B0BLJGW838,0.0,9.85
20261005_134359,2026-10-05T14:06:41.613911+00:00,amazon_usa,COOLER,B09463GC4H,"Cooler Master Elite Liquid 240 AIO Liquid CPU Cooler, ARGB",39.38,11.45,2026-10-05,4.2,208,https://www.amazon.com/Cooler-Master-MasterLiquid-Close-Loop-Translucent/dp/B09463GC4H,0.0,11.45
20261005_134359,2026-10-05T14:06:41.613911+00:00,amazon_usa,COOLER,B0F5SNTBNC,"NZXT Kraken Plus 240 RGB - 240mm AIO CPU Cooler, LCD - White",90.94,26.44,2026-10-05,4.5,339,https://www.amazon.com/NZXT-Kraken-Plus-240-RGB/dp/B0F5SNTBNC,0.0,26.44
20261005_134359,2026-10-05T14:06:41.613911+00:00,amazon_usa,COOLER,B086BYYFG5,"CoolerMaster MasterLiquid ML240L RGB V2, Close-Loop AIO CPU Liquid Cooler, Gen3 Dual Chamber Pump, 240mm Radiator, SickleFlow 120 PWM ARGB, AMD Ryzen AM5/AM4, Intel LGA1700/1200 (MLW-D24M-A18PC-R2)",90.94,26.44,2026-10-05,4.6,9600,https://www.amazon.com/CoolerMaster-MasterLiquid-Close-Loop-Cooler-SickleFlow/dp/B086BYYFG5,0.0,26.44
20261005_134359,2026-10-05T14:06:41.613911+00:00,amazon_usa,COOLER,B0F5S84X8P,"NZXT Kraken Plus 240 RGB - 240mm AIO CPU Cooler, LCD - Black",90.94,26.44,2026-10-05,4.5,339,https://www.amazon.com/NZXT-Kraken-Plus-240-RGB/dp/B0F5S84X8P,0.0,26.44
20261005_134359,2026-10-05T14:06:41.613911+00:00,amazon_usa,COOLER,B0FLTCSL45,NZXT Kraken Core 240 RGB - 240mm AIO CPU Cooler - Black,90.94,26.44,2026-10-05,4.7,225,https://www.amazon.com/NZXT-Kraken-Core-240-RGB/dp/B0FLTCSL45,0.0,26.44
20261005_134359,2026-10-05T14:06:41.613911+00:00,amazon_usa,COOLER,B0BLS3372N,"ID-COOLING FROSTFLOW X 240 240mm AIO CPU Cooler, White LED, Intel & AMD",55.55,16.15,2026-10-05,4.5,1300,https://www.amazon.com/ID-COOLING-FROSTFLOW-Cooler-Liquid-2x120mm/dp/B0BLS3372N,0.0,16.15
20261005_134359,2026-10-05T14:06:41.613911+00:00,amazon_usa,COOLER,B0F5SGK5Q7,"NZXT Kraken Plus 240-240mm AIO CPU Cooler, LCD - Black",121.24,35.25,2026-10-05,4.2,415,https://www.amazon.com/NZXT-Kraken-Plus-240-Customizable/dp/B0F5SGK5Q7,0.0,35.25
20261005_134359,2026-10-05T14:06:41.613911+00:00,amazon_usa,COOLER,B0FLWQ7D4D,be quiet! Pure Loop 3 240mm AiO Water Cooling for Slightly Overclocking,87.78,25.52,2026-10-05,4.4,84,https://www.amazon.com/quiet-Slightly-Overclocked-High-Speed-Whisper-Quiet/dp/B0FLWQ7D4D,0.0,25.52
20261005_134359,2026-10-05T14:06:41.613911+00:00,amazon_usa,COOLER,B0CCXG57HT,"Thermaltake TH240 ARGB Sync V2 CPU Liquid Cooler/AlO Liquid Cooling/Fan 120mm*2/PWM 500~2000 RPM/Mirror Waterblock/MB ARGB Sync Control, CL-W361-PL12SW-A , Black",55.55,16.15,2026-10-05,4.6,327,https://www.amazon.com/Thermaltake-Cooling-500-2000-Waterblock-CL-W361-PL12SW/dp/B0CCXG57HT,0.0,16.15
20261005_134359,2026-10-05T14:06:41.613911+00:00,amazon_usa,COOLER,B0D6BF3RXL,"CORSAIR iCUE Link Titan 240 RX RGB Liquid CPU Cooler – 240mm AIO – Low-Noise – FlowDrive Cooling Engine – Intel LGA 1851/1700, AMD AM5/AM4 – 2X RX120 RGB Fans – iCUE Link System Hub Included – Black",159.63,46.41,2026-10-05,4.6,1500,https://www.amazon.com/CORSAIR-iCUE-Titan-Liquid-Cooler/dp/B0D6BF3RXL,0.0,46.41
20261005_134359,2026-10-05T14:06:41.613911+00:00,amazon_usa,COOLER,B0DM4CBKFY,"MSI MAG Coreliquid A13 240 - AIO ARGB CPU Liquid Cooler - 240mm Radiator - LGA 1700/1851 / AM5/AM4 Compatible - Dual 120mm ARGB PWM Fans, Black",60.57,17.61,2026-10-05,4.6,166,https://www.amazon.com/MSI-MAG-Coreliquid-A13-240/dp/B0DM4CBKFY,0.0,17.61
20261005_134359,2026-10-05T14:06:41.613911+00:00,amazon_usa,COOLER,B0DF2K9VQY,"ID-COOLING FX240 PRO 240mm AIO CPU Cooler, High-Efficiency Fans",55.55,16.15,2026-10-05,4.1,199,https://www.amazon.com/ID-COOLING-FX240-Liquid-Cooler-Desktop/dp/B0DF2K9VQY,0.0,16.15
20261005_134359,2026-10-05T14:06:41.613911+00:00,amazon_usa,COOLER,B0DHXD1QHY,"Thermalright Aqua Elite 240 White ARGB Liquid CPU Cooler, 240 Cooling Row Size, Double PWM Fans,1550RPM Speed,for AMD/AM4/AM5,Intel LGA1150/1151/1155/1156/1200/1700/1851(White)",44.37,12.9,2026-10-05,4.6,28,https://www.amazon.com/Thermalright-240-ARGB-V4-Cooling/dp/B0DHXD1QHY,0.0,12.9
20261005_134359,2026-10-05T14:06:41.613911+00:00,amazon_usa,COOLER,B0DLWGB566,"ARCTIC Liquid Freezer III Pro 240 A-RGB - AIO CPU Cooler, Water Cooling",68.0,19.77,2026-10-05,4.6,80,https://www.amazon.com/ARCTIC-Liquid-Freezer-RGB-White/dp/B0DLWGB566,0.0,19.77
20261005_134359,2026-10-05T14:06:41.613911+00:00,amazon_usa,COOLER,B0DPLZH6VP,"ID-COOLING FX240 PRO White 240mm AIO CPU Cooler, High-Efficiency Fans",55.55,16.15,2026-10-05,4.5,37,https://www.amazon.com/ID-COOLING-FX240-PRO-Liquid-Desktop/dp/B0DPLZH6VP,0.0,16.15
20261005_134359,2026-10-05T14:06:41.613911+00:00,amazon_usa,COOLER,B0FL7DLD7X,PF 240 CPU Water AIO Cooler Liquid Cooling|5.5-inch LCD Magnetic Screen|360mm ARGB Infinity Mirror 2000RPM PWM Fan|Lower Noise ≤30DBA|for LGA1851/1700/1200/115X/AM4/AM5(White),131.35,38.19,2026-10-05,4.0,21,https://www.amazon.com/Jungle-Leopard-5-5-inch-Magnetic-Infinity/dp/B0FL7DLD7X,0.0,38.19
20261005_134359,2026-10-05T14:06:41.613911+00:00,amazon_usa,COOLER,B0BLJHRVF5,"Thermalright Frozen Notte 240 Black ARGB V2 Water Cooling CPU Cooler,240Black CPU Cooler Specifications, Double PWM Fans, S-FDB Bearings, Suitable for AMD/AM4 AM5,Intel LGA 1700/1150/1151/1200/2011",47.67,13.86,2026-10-05,4.6,459,https://www.amazon.com/Thermalright-240Black-Specifications-Bearings-Suitable/dp/B0BLJHRVF5,0.0,13.86
20261005_134359,2026-10-05T14:06:45.446766+00:00,amazon_usa,COOLER,B09464Z8G9,"Cooler Master Elite Liquid 240 AIO Liquid CPU Cooler, ARGB White",73.5,21.37,2026-10-05,4.5,242,https://www.amazon.com/Cooler-Master-MasterLiquid-Close-Loop-Translucent/dp/B09464Z8G9,0.0,21.37
20261005_134359,2026-10-05T14:06:45.446766+00:00,amazon_usa,COOLER,B0D97QNVP5,"ID-COOLING FX240 INF 240mm AIO CPU Cooler, ARGB, Low Noise",35.36,10.28,2026-10-05,4.4,53,https://www.amazon.com/ID-COOLING-Infinity-Daisy-Chained-Low-Noise-Operating/dp/B0D97QNVP5,0.0,10.28
20261005_134359,2026-10-05T14:06:45.446766+00:00,amazon_usa,COOLER,B0DQ2NBJ99,"Cooler Master 240 Core II AIO Liquid CPU Cooler, Infinity Mirror ARGB",60.6,17.62,2026-10-05,4.6,131,https://www.amazon.com/Cooler-Master-Infinity-Radiator-Platform/dp/B0DQ2NBJ99,0.0,17.62
20261005_134359,2026-10-05T14:06:45.446766+00:00,amazon_usa,COOLER,B0D8VFCCK5,"Thermalrlght FW240 White ARGB V2 CPU Water Cooler with 2 PWM Fans with 2000RPM,IPS LCD Screen with 320 * 240 Resolution,Liquid CPU Cooler,CPU PC Aio Cooler for AMD:AM4/AM5/Intel LGA1700",59.5,17.3,2026-10-05,4.6,66,https://www.amazon.com/Thermalrlght-Cooler-2000RPM-Screen-Resolution/dp/B0D8VFCCK5,0.0,17.3
20261005_134359,2026-10-05T14:06:45.446766+00:00,amazon_usa,COOLER,B0DCFMG8PB,"NZXT Kraken Elite 240-240mm AIO CPU Cooler, LCD - Black",192.61,56.0,2026-10-05,4.0,288,https://www.amazon.com/NZXT-Kraken-Elite-240-2024/dp/B0DCFMG8PB,0.0,56.0
20261005_134359,2026-10-05T14:06:45.446766+00:00,amazon_usa,COOLER,B0CCP7F5Z8,"Thermalright Aqua Elite 240 V3 Aio CPU Cooler,240 Liquid Cooling Row,ARGB PWM Cooler Fans,for Intel LGA1150/1151/1155/1156/1200/1851/1700,AMD:AM4/AM5,PC Cooler Aio",45.37,13.19,2026-10-05,4.7,204,https://www.amazon.com/Thermalright-240-V3-Cooling-LGA1150/dp/B0CCP7F5Z8,0.0,13.19
20261005_134359,2026-10-05T14:06:45.446766+00:00,amazon_usa,COOLER,B0F8VXG14L,"Thermalright Aqua Elite 240 V6 ARGB Black-CPU Liquid Cooler, Efficient PWM Controlled Pump,for AM4/AM5,Intel LGA1150/1151/1200/1851/1700,Integrated Water-Cooled Radiator-Black",46.88,13.63,2026-10-05,4.7,115,https://www.amazon.com/Thermalright-Controlled-Integrated-Water-Cooled-Radiator-Black/dp/B0F8VXG14L,0.0,13.63
20261005_134359,2026-10-05T14:06:45.446766+00:00,amazon_usa,COOLER,B0DWZQ7LKT,"be quiet! Silent Loop 3 240mm AiO ARGB Liquid CPU Cooler, for Overclocking",121.14,35.22,2026-10-05,4.6,71,https://www.amazon.com/quiet-Silent-Lighting-Liquid-Cooler/dp/B0DWZQ7LKT,0.0,35.22
20261005_134359,2026-10-05T14:06:45.446766+00:00,amazon_usa,COOLER,B0CBRFXRFZ,"ID-COOLING SL240 240mm AIO CPU Cooler for Desktop PC 2.1"" Customizable LCD",90.94,26.44,2026-10-05,4.1,103,https://www.amazon.com/ID-COOLING-Display-Customizable-Performance-Metrics/dp/B0CBRFXRFZ,0.0,26.44
20261005_134359,2026-10-05T14:06:45.446766+00:00,amazon_usa,COOLER,B0FND794DL,"Antec Skeleton 240 ARGB AIO Liquid CPU Cooler, 240mm, Black",40.41,11.75,2026-10-05,5.0,14,https://www.amazon.com/Antec-Skeleton-240-ARGB-High-Performance/dp/B0FND794DL,0.0,11.75
20261005_134359,2026-10-05T14:06:45.446766+00:00,amazon_usa,COOLER,B0D1K9H3H6,"Thermalright FW 240 White ARGB-240mm AIO CPU Liquid Cooler,IPS LCD Screen",65.59,19.07,2026-10-05,4.5,32,https://www.amazon.com/Thermalright-Warframe-ARGB-240mm-Resolution-Fans-White/dp/B0D1K9H3H6,0.0,19.07
20261005_134359,2026-10-05T14:06:45.446766+00:00,amazon_usa,COOLER,B0H843VVKM,CORSAIR Nautilus II 240 RS ARGB AIO Liquid CPU Cooler – White,100.02,29.08,2026-10-05,5.0,1,https://www.amazon.com/CORSAIR-Nautilus-ARGB-Liquid-Cooler/dp/B0H843VVKM,0.0,29.08
20261005_134359,2026-10-05T14:06:45.446766+00:00,amazon_usa,COOLER,B08PTXFDP6,"ID-COOLING FROSTFLOW X 240 Snow 240mm AIO CPU Cooler, Intel & AMD",55.55,16.15,2026-10-05,4.6,1700,https://www.amazon.com/ID-COOLING-FROSTFLOW-Cooler-Liquid-2x120mm/dp/B08PTXFDP6,0.0,16.15
20261005_134359,2026-10-05T14:06:45.446766+00:00,amazon_usa,COOLER,B0D72XFLYD,"Thermalright Frozen Infinity 240 White CPU Aio Cooler,TL-M12W*2 PWM Fans,Computer CPU Water Cooler,ARGB Infinity Mirror,240 CPU Liquid Cooling:LGA1851/1700/1150/1151/1200/2011,PC Water Cooling",35.08,10.2,2026-10-05,4.8,41,https://www.amazon.com/Thermalright-Infinity-TL-M12W-Computer-Cooling/dp/B0D72XFLYD,0.0,10.2
20261005_134359,2026-10-05T14:06:45.446766+00:00,amazon_usa,COOLER,B0H29S6SR8,"Noctua NL-LC1-24, High-Performance 240mm AIO CPU Cooler",222.26,64.62,2026-10-05,4.9,39,https://www.amazon.com/Noctua-NL-LC1-24-High-Performance-240mm-Cooler/dp/B0H29S6SR8,0.0,64.62
20261005_134359,2026-10-05T14:06:45.446766+00:00,amazon_usa,COOLER,B0F8CRYJ3P,"MSI MAG Coreliquid A12 240 - AIO ARGB CPU Liquid Cooler - 240mm Radiator - LGA 1700 Ready - Double Ball Bearring120mm ARGB PWM Fans x2, Rotatable Blockhead, LGA 1700/1851, AM5 / AM4, Black",67.69,19.68,2026-10-05,4.2,29,https://www.amazon.com/MAG-Coreliquid-A12-240-Bearring120mm/dp/B0F8CRYJ3P,0.0,19.68
20261005_134359,2026-10-05T14:06:45.446766+00:00,amazon_usa,COOLER,B0D1K6BJJP,"Thermalright FW240 Black ARGB CPU AIO Cooler,PC 240 Specification Water Cooler System,IPS LCD Screen with 320 * 240 Resolution,for AM5&Intel LGA1700/1851,CPU Cooler Comes with 2.4-inch LCD Display",63.56,18.48,2026-10-05,4.2,88,https://www.amazon.com/Thermalright-Specification-Cooling-Resolution-Performance/dp/B0D1K6BJJP,0.0,18.48
20261005_134359,2026-10-05T14:06:45.446766+00:00,amazon_usa,COOLER,B0D6BGFVX8,"CORSAIR iCUE Link Titan 240 RX RGB Liquid CPU Cooler – 240mm AIO – Low-Noise – FlowDrive Cooling Engine – Intel LGA 1851/1700, AMD AM5/AM4 – 2X RX120 RGB Fans – iCUE Link System Hub Included – White",156.39,45.47,2026-10-05,4.6,1500,https://www.amazon.com/CORSAIR-iCUE-Titan-Liquid-Cooler/dp/B0D6BGFVX8,0.0,45.47
20261005_134359,2026-10-05T14:06:45.446766+00:00,amazon_usa,COOLER,B0DF79QWJW,CORSAIR iCUE Link Titan 240 RX LCD Low-Noise Liquid CPU Cooler – White,201.07,58.46,2026-10-05,4.6,1300,https://www.amazon.com/CORSAIR-iCUE-Titan-Liquid-Cooler/dp/B0DF79QWJW,0.0,58.46
20261005_134359,2026-10-05T14:06:45.446766+00:00,amazon_usa,COOLER,B0DHXCNXFF,"Thermalright Aqua Elite 240 ARGB V4 Liquid CPU Cooler, 240 Cooling Row Size, 2 x 120mm PWM Fans, Computer CPU Cooler,for AMD: AM4/AM5, Intel LGA1851/1700/1150/1151/1155/1156/1200(Black)",42.34,12.31,2026-10-05,4.6,41,https://www.amazon.com/Thermalright-Liquid-Cooler-Cooling-Computer/dp/B0DHXCNXFF,0.0,12.31
20261005_134359,2026-10-05T14:06:45.446766+00:00,amazon_usa,COOLER,B0D83LB8PB,"Thermalrlght Frozen Infinity 240 Black CPU Aio Cooler,TL-M12*2 PWM Fans,Computer CPU Water Cooler,ARGB Infinity Mirror,240 CPU Liquid Cooling:LGA1851/1700/1150/1151/1200/,PC Water Cooling",48.39,14.07,2026-10-05,4.7,57,https://www.amazon.com/Thermalrlght-Frozen-Infinity-Computer-Cooling/dp/B0D83LB8PB,0.0,14.07
20261005_134359,2026-10-05T14:06:45.446766+00:00,amazon_usa,COOLER,B0D3C7D72R,"Thermalrlght Aqua Elite 240 V3 Liquid CPU Cooler, AIO Pump Head Speed up to 3300RPM, TL-C12B-S V2×2 PWM Fans,for AMD/AM4/AM5, Intel LGA1150/1151/1200/1851/1700, Computer CPU Aio Cooler",46.36,13.48,2026-10-05,4.2,92,https://www.amazon.com/Thermalrlght-3300RPM-TL-C12B-S-LGA1150-Computer/dp/B0D3C7D72R,0.0,13.48
20261005_134359,2026-10-05T14:06:45.446766+00:00,amazon_usa,COOLER,B0FHW5DZ29,"Minorsonic CPU Cooler 240mm Aio, Liquid Cooler CPU Low-Noise AMD AM5/AM4, Refrigeracion Liquida Water Cooling Systems, Intel LGA 1851/1700 PC Water Cooler 2 x 120 mm PWM Fans Black",39.38,11.45,2026-10-05,4.4,285,https://www.amazon.com/Minorsonic-Low-Noise-Refrigeracion-Liquida-Cooling/dp/B0FHW5DZ29,0.0,11.45
20261005_134359,2026-10-05T14:06:49.629913+00:00,amazon_usa,COOLER,B0BLHGG9RF,"Thermalright Frozen Notte 240 Black ARGB V2 Water Cooling CPU Cooler, 240 Specification CPU Liquid Cooler,Double PWM Fans, S-FDB Bearings, Suitable for AMD:AM4/AM5, Intel LGA 1851/1700/115X/1200/2011",47.77,13.89,2026-10-05,4.4,497,https://www.amazon.com/Thermalright-Frozen-Notte-240-ARGB/dp/B0BLHGG9RF,0.0,13.89
20261005_134359,2026-10-05T14:06:49.629913+00:00,amazon_usa,COOLER,B0FGQBFFXX,TRYX Panorama SE 240mm AIO White Curved Screen GIPHY Built-in Asetek 260w,234.4,68.15,2026-10-05,4.2,8,https://www.amazon.com/TRYX-PANORAMA-Rotatable-Anamorphic-Customizable/dp/B0FGQBFFXX,0.0,68.15
20261005_134359,2026-10-05T14:06:49.629913+00:00,amazon_usa,COOLER,B0DQ2KYVT4,"Cooler Master 240 Core II AIO Liquid CPU Cooler, Infinity Mirror ARGB White",48.39,14.07,2026-10-05,4.6,54,https://www.amazon.com/Cooler-Master-Infinity-Radiator-Platform/dp/B0DQ2KYVT4,0.0,14.07
20261005_134359,2026-10-05T14:06:49.629913+00:00,amazon_usa,COOLER,B0H845JJM3,CORSAIR Nautilus II 240 RS LCD AIO Liquid CPU Cooler – Black,130.36,37.9,2026-10-05,0.0,0,https://www.amazon.com/CORSAIR-Nautilus-240-Liquid-Cooler/dp/B0H845JJM3,0.0,37.9
20261005_134359,2026-10-05T14:06:49.629913+00:00,amazon_usa,COOLER,B0D1K1GCCZ,"Thermalright FW 240 Black ARGB-240mm AIO CPU Liquid Cooler,IPS LCD Screen",74.67,21.71,2026-10-05,4.6,28,https://www.amazon.com/Thermalright-Warframe-ARGB-240mm-Resolution-Fans-Black/dp/B0D1K1GCCZ,0.0,21.71
20261005_134359,2026-10-05T14:06:49.629913+00:00,amazon_usa,COOLER,B0C4BW38R4,"Cooler Master 240L Core AIO CPU Liquid Cooler – 240mm Radiator, 2X ARGB PWM Fans, Patented Gen S Dual-Chamber Pump, Quiet Cooling & Easy Installation, AMD AM5/AM4 & Intel LGA 1851/1700, White",40.41,11.75,2026-10-05,4.2,170,https://www.amazon.com/Cooler-Master-MasterLiquid-Close-Loop-MLW-D24M-A18PZ-RW/dp/B0C4BW38R4,0.0,11.75
20261005_134359,2026-10-05T14:06:49.629913+00:00,amazon_usa,COOLER,B0C4BZQG8P,"Cooler Master 240L Core AIO CPU Liquid Cooler – 240mm Radiator, 2X ARGB PWM Fans, Patented Gen S Dual-Chamber Pump, Quiet Cooling & Easy Installation, AMD AM5/AM4 & Intel LGA 1851/1700, Black",96.17,27.96,2026-10-05,4.5,220,https://www.amazon.com/Cooler-Master-MasterLiquid-Close-Loop-MLW-D24M-A18PZ-R1/dp/B0C4BZQG8P,0.0,27.96
20261005_134359,2026-10-05T14:06:49.629913+00:00,amazon_usa,COOLER,B0D1K3YP96,"Thermalright FW240 White ARGB V2 CPU Water Cooler with 2 PWM Fans with 2000RPM,IPS LCD Screen with 320 * 240 Resolution,Liquid CPU Cooler,CPU PC Aio Cooler for AMD:AM4/AM5/Intel LGA1700",48.81,14.19,2026-10-05,4.3,70,https://www.amazon.com/Thermalright-White-ARGB-V2-240/dp/B0D1K3YP96,0.0,14.19
20261005_134359,2026-10-05T14:06:49.629913+00:00,amazon_usa,COOLER,B0DNPNQKK5,"ASUS Prime LC 240 ARGB All-in-one AIO CPU Liquid Cooler AMD: AM5 & AM4 Intel: LGA 1851, 1700, 1200, 115x Specially Designed CPU Contact Area, Infinity Mirror, pre-Installed ARGB Fans, 6 Year Warranty",75.77,22.03,2026-10-05,4.6,37,https://www.amazon.com/ASUS-Prime-LC-Liquid-Cooler/dp/B0DNPNQKK5,0.0,22.03
20261005_134359,2026-10-05T14:06:49.629913+00:00,amazon_usa,COOLER,B0DYDD9257,"darkFlash DG240 All-in-one Liquid CPU Cooler, High-Performance Pump, ARGB Sync, PWM Daisy Chain Connection Fans, AIO Cooler Compatible with Intel 1851/1700, AMD AM4/AM5 (Black, 240mm AIO)",60.6,17.62,2026-10-05,5.0,57,https://www.amazon.com/darkFlash-Liquid-Cooler-High-Performance-Connection-Compatible/dp/B0DYDD9257,0.0,17.62
20261005_134359,2026-10-05T14:06:49.629913+00:00,amazon_usa,COOLER,B0BTRXVCRV,"ASUS ROG RYUO III 240 ARGB All-in-one AIO Liquid CPU Cooler 240mm Radiator, Asetek 8th gen Pump Solution, Anime Matrix™ LED Display and ROG AF 12S ARGB Fan., 6 Year Warranty",151.54,44.06,2026-10-05,4.5,468,https://www.amazon.com/ASUS-ROG-RYUO-III-ARGB/dp/B0BTRXVCRV,0.0,44.06
20261005_134359,2026-10-05T14:06:49.629913+00:00,amazon_usa,COOLER,B0FVJX3FZV,"Corsair iCUE Link Titan 240 RX RGB Liquid CPU Cooler – 240mm AIO – 2X RX120 RGB Fans Included – Fits Intel LGA 1851/1700, AMD AM5/AM4 – iCUE Link System Hub Included – White (Renewed)",80.83,23.5,2026-10-05,5.0,3,https://www.amazon.com/Corsair-iCUE-Titan-Liquid-Cooler/dp/B0FVJX3FZV,0.0,23.5
20261005_134359,2026-10-05T14:06:49.629913+00:00,amazon_usa,COOLER,B0FX3P41R6,"PCCOOLER DA240 ARGB AIO CPU Liquid Cooler, 260W TDP, 3000RPM Quiet Pump",60.6,17.62,2026-10-05,4.9,42,https://www.amazon.com/PCCOOLER-DA240-240mm-Cooler-White/dp/B0FX3P41R6,0.0,17.62
20261005_134359,2026-10-05T14:06:49.629913+00:00,amazon_usa,COOLER,B0H84D65KB,CORSAIR Nautilus II 240 RS AIO Liquid CPU Cooler – Black,89.94,26.15,2026-10-05,0.0,0,https://www.amazon.com/CORSAIR-Nautilus-240-Liquid-Cooler/dp/B0H84D65KB,0.0,26.15
20261005_134359,2026-10-05T14:06:49.629913+00:00,amazon_usa,COOLER,B0DF7P4WTL,Ocypus Iota L24 BK 240mm AIO Liquid CPU Cooler with Temp Digital Display,56.72,16.49,2026-10-05,4.4,55,https://www.amazon.com/Ocypus-Iota-L24-Liquid-Efficient/dp/B0DF7P4WTL,0.0,16.49
20261005_134359,2026-10-05T14:06:49.629913+00:00,amazon_usa,COOLER,B0H7TL9VJJ,"Antec Ultra 240 ARGB Liquid CPU Cooler, 2x120mm PWM Fans, High-Performance Pump, Intel LGA 1200/1851/20XX & AMD AM4/AM5",33.33,9.69,2026-10-05,4.9,16,https://www.amazon.com/Antec-Ultra-240-ARGB-High-Performance/dp/B0H7TL9VJJ,0.0,9.69
20261005_134359,2026-10-05T14:06:49.629913+00:00,amazon_usa,COOLER,B0DS2523RP,"Thermalright FW240 SE ARGB White CPU AIO Cooler,PC 240 Specification Water Cooler System,IPS LCD Screen with 320 * 240 Resolution,for AM5,Intel LGA1700/1851,CPU Cooler Comes with 2-inch LCD Display",55.48,16.13,2026-10-05,4.2,25,https://www.amazon.com/Thermalright-Specification-Resolution-LGA1700-Display/dp/B0DS2523RP,0.0,16.13
20261005_134359,2026-10-05T14:06:49.629913+00:00,amazon_usa,COOLER,B0FMJYX5W1,"KINGCOOL Pure Flow 240mm AIO CPU Liquid Cooler for AMD Intel CPU, Black",54.55,15.86,2026-10-05,4.4,21,https://www.amazon.com/KINGCOOL-Enhanced-Transparent-Aluminum-Compatible/dp/B0FMJYX5W1,0.0,15.86
20261005_134359,2026-10-05T14:06:49.629913+00:00,amazon_usa,COOLER,B0GGVDZXGX,Thermaltake TH240 V3 ARGB CPU Liquid Cooler; Intel/AMD; 1x240mm 500~2500rpm Single Frame ARGB Fan; 240mm Radiator; ARGB Infinity Mirror; Rotatable Pump Head; Snow; CL-W467-PL12SW-A,52.59,15.29,2026-10-05,5.0,2,https://www.amazon.com/Thermaltake-TH240-ARGB-Snow-CL-W467-PL12SW/dp/B0GGVDZXGX,0.0,15.29
20261005_134359,2026-10-05T14:06:49.629913+00:00,amazon_usa,COOLER,B0G7MHKSH4,"LIAN LI Galahad AIO Cooler 240mm Radiator Liquid CPU Cooler RGB All-in-One Water Cooling System, LGA1700 Bracket, AMD AM5/AM4 Intel LGA1200/115X/2011/2066 Compatible (240mm White) (Renewed)",80.83,23.5,2026-10-05,0.0,0,https://www.amazon.com/Galahad-Radiator-Cooling-LGA1700-Compatible/dp/B0G7MHKSH4,0.0,23.5
20261005_134359,2026-10-05T14:06:49.629913+00:00,amazon_usa,COOLER,B0D73BNJ2N,"Thermalright Frozen Infinity 240 White CPU Water Cooler,240 Aio CPU Cooler, Double TL-M12W PWM Fans,Infinity Mirror CPU Cooling,for AMD/AM4/AM5,Intel LGA1851/1700/1150/1151",45.37,13.19,2026-10-05,4.7,176,https://www.amazon.com/Thermalright-Frozen-Infinity-TL-M12W-LGA1851/dp/B0D73BNJ2N,0.0,13.19
20261005_134359,2026-10-05T14:06:49.629913+00:00,amazon_usa,COOLER,B0D1K4Y7GM,"Thermalright FW240 Black CPU AIO Cooler,PC 240 Specification Water Cooler System,IPS LCD Screen with 320*240 Resolution,for AM5&Intel LGA1700/1851,High Performance Pump,Comes with 2.4-inch LCD Display",62.53,18.18,2026-10-05,4.3,55,https://www.amazon.com/Thermalright-Specification-Cooling-Resolution-Performance/dp/B0D1K4Y7GM,0.0,18.18
20261005_134359,2026-10-05T14:06:54.042466+00:00,amazon_usa,COOLER,B0C7Q1VX4L,"Thermalright Frozen Edge 240 Black CPU Water Cooler with PWM Fans, Pump Speed is 2800RPM,S-FDB Bearing, for AMD AM4/AM5,Intel LGA1150/1155/1200/1700/1851(FE240 Black)",46.36,13.48,2026-10-05,4.5,125,https://www.amazon.com/Thermalright-3300RPM-Bearing-LGA1150-FE240/dp/B0C7Q1VX4L,0.0,13.48
20261005_134359,2026-10-05T14:06:54.042466+00:00,amazon_usa,COOLER,B0DKHPHBGV,"Thermalright Grand Vision 240 ARGB White AIO CPU Liquid Cooler,IPS LCD Screen with 480x480 Resolution,for AM4/AM5/LGA1851/1700,‘3.4 inch’Magnet-Absorbent LCD Screen for Images,Water-Cooled Radiator",86.81,25.24,2026-10-05,4.4,85,https://www.amazon.com/Thermalright-480x480-Resolution-LGA1851-inchMagnet-Absorbent/dp/B0DKHPHBGV,0.0,25.24
20261005_134359,2026-10-05T14:06:54.042466+00:00,amazon_usa,COOLER,B0FM7MSNJ4,"ID-COOLING FX240 LCD White 240mm AIO CPU Cooler, 1.48"" LCD Display, 300W",75.77,22.03,2026-10-05,4.5,18,https://www.amazon.com/ID-COOLING-FX240-LCD-Premium-Full-Color/dp/B0FM7MSNJ4,0.0,22.03
20261005_134359,2026-10-05T14:06:54.042466+00:00,amazon_usa,COOLER,B0D97VSMHQ,"Gamepower Skadi Infinity 240 AIO CPU Liquid Cooler, Pump with Real Time Temp, 240mm Radiator with 2X PWM ARGB HDB Fans, 13.5 W/mK Thermal Paste, Compatible with Intel 1851, 1700, AMD AM4/AM5",30.3,8.81,2026-10-05,2.8,16,https://www.amazon.com/Gamepower-Infinity-240-Radiator-Compatible/dp/B0D97VSMHQ,0.0,8.81
20261005_134359,2026-10-05T14:06:54.042466+00:00,amazon_usa,COOLER,B0C8BT4Q9G,"ASUS ROG Ryujin III 240 All-in-one Liquid CPU Cooler with 240mm Radiator. Asetek 8th gen Pump, 2X Noctua industrialPPC 120mm Fans, 3.5” Color LCD, 6 Year Warranty",204.1,59.34,2026-10-05,4.3,56,https://www.amazon.com/ASUS-ROG-III-240-industrialPPC/dp/B0C8BT4Q9G,0.0,59.34
20261005_134359,2026-10-05T14:06:54.042466+00:00,amazon_usa,COOLER,B0F8Z7SW9N,"Thermalrlght Aqua Elite 240 V6 ARGB Black Liquid CPU Cooler-240mm AIO,PWM Pump,for AM4/AM5, Intel LGA1851/1700,Direct Motherboard Connection",46.78,13.6,2026-10-05,4.8,42,https://www.amazon.com/Thermalrlght-Cooler-240mm-LGA1851-Motherboard-Connection/dp/B0F8Z7SW9N,0.0,13.6
20261005_134359,2026-10-05T14:06:54.042466+00:00,amazon_usa,COOLER,B0DW2Y6KXR,"GAMDIAS CHIONE P5-240 Liquid CPU Cooler, 240mm AIO w/Customizable 3.4'' IPS LCD, Rotatable Magnetic Pump, Hidden Cable Fan (Daisy-Chained), Support PWM & ARGB MB Sync, Intel LGA 1851；AMD AM5, Black",75.57,21.97,2026-10-05,4.3,17,https://www.amazon.com/GAMDIAS-CHIONE-Customizable-Performance-Management/dp/B0DW2Y6KXR,0.0,21.97
20261005_134359,2026-10-05T14:06:54.042466+00:00,amazon_usa,COOLER,B0C7NKP53L,"Thermalright Frozen Edge 240 Black AIO Water Cooler,Liquid CPU Cooler, 2×120mm PWM Fans Water Cooling System,2150RPM High Speed Fan,Compatible with AMD/AM4/AM5&Intel LGA1700/1150/1151/1200/2011/17XX",46.47,13.51,2026-10-05,4.7,56,https://www.amazon.com/Thermalright-2%C3%97120mm-Cooling-2150RPM-Compatible/dp/B0C7NKP53L,0.0,13.51
20261005_134359,2026-10-05T14:06:54.042466+00:00,amazon_usa,COOLER,B0H9JHL3MS,be quiet! Light Loop IO LCD 240mm White CPU Liquid Cooler,227.25,66.07,2026-10-05,0.0,0,https://www.amazon.com/quiet-Light-240mm-Liquid-Cooler/dp/B0H9JHL3MS,0.0,66.07
20261005_134359,2026-10-05T14:06:54.042466+00:00,amazon_usa,COOLER,B0D3DQXMSB,"Thermalrlght Frozen Notte 240 Black ARGB V2 Water Cooling CPU Cooler,240 Black CPU Cooler Specifications, Double PWM Fans,S-FDB V2 Bearings,Suitable for Intel LGA 1700/1851/1151/1200/2011,AMD/AM4 AM5",49.43,14.37,2026-10-05,3.8,24,https://www.amazon.com/Thermalrlght-Cooling-Specifications-Bearings-Suitable/dp/B0D3DQXMSB,0.0,14.37
20261005_134359,2026-10-05T14:06:54.042466+00:00,amazon_usa,COOLER,B0BLJHWVS3,"Thermalright Frozen Notte 240 White ARGB V2 Water Cooling CPU Cooler,240 White CPU Cooler Specifications, Double PWM Fans,S-FDB Bearings, Suitable for AMD/AM4 AM5, Intel LGA 1700/1150/1151/1200/2011",47.88,13.92,2026-10-05,4.4,958,https://www.amazon.com/Thermalright-Cooling-Specifications-Bearings-Suitable/dp/B0BLJHWVS3,0.0,13.92
20261005_134359,2026-10-05T14:06:54.042466+00:00,amazon_usa,COOLER,B07H2LGDBT,"Asus ROG RYUO 240 RGB AIO Liquid CPU Cooler 240mm Radiator Dual 120mm 4-Pin PWM Fan with OLED Panel & Fan Setting 1.77"", 6 Year Warranty",199.04,57.87,2026-10-05,4.2,306,https://www.amazon.com/ROG-RYUO-240-Radiator-Warranty/dp/B07H2LGDBT,0.0,57.87
20261005_134359,2026-10-05T14:06:54.042466+00:00,amazon_usa,COOLER,B0DHZ5LSNP,"Thermalright Aqua Elite 240 ARGB CPU AIO Cooler, 240mm CPU Liquid Cooling, Pump Head Speed up to 2600RPM, for AM4/AM5, Intel LGA1851/1150/1151/1200/1700, High Performance Radiator",45.95,13.36,2026-10-05,4.4,46,https://www.amazon.com/Thermalright-Cooling-6400RPM-Performance-Radiator/dp/B0DHZ5LSNP,0.0,13.36
20261005_134359,2026-10-05T14:06:54.042466+00:00,amazon_usa,COOLER,B0H5QJ4KS3,"darkFlash CB240 240mm AIO Liquid CPU Cooler, 280W TDP, ARGB PWM Fans, Black",50.53,14.69,2026-10-05,5.0,2,https://www.amazon.com/darkFlash-CB240-240mm-Liquid-Cooler/dp/B0H5QJ4KS3,0.0,14.69
20261005_134359,2026-10-05T14:06:54.042466+00:00,amazon_usa,COOLER,B0DC7SJVBM,msi MAG CoreLiquid I240 Black - AIO ARGB CPU Liquid Cooler - Infinity Mirror Design - UNI Bracket - 240mm Radiator - Dual 120mm ARGB PWM Fans - LGA 1700/1851 / AM5/AM4 Compatible,101.02,29.37,2026-10-05,4.3,31,https://www.amazon.com/MSI-MAG-CoreLiquid-I240-Black/dp/B0DC7SJVBM,0.0,29.37
20261005_134359,2026-10-05T14:06:54.042466+00:00,amazon_usa,COOLER,B0F2ML3XH7,ENERGLO 240 Liquid Cooler: 240mm AIO CPU Cooler with Data Display & PWM Pump - 2 x 120mm Black Water Cooling for Intel LGA 1851/1700/1200/115X & AMD AM5/AM4,96.99,28.2,2026-10-05,4.7,4,https://www.amazon.com/Sudokoo-ENERGLO240-CPU-Liquid-Cooler/dp/B0F2ML3XH7,0.0,28.2
20261005_134359,2026-10-05T14:06:54.042466+00:00,amazon_usa,COOLER,B07CRGC899,"Cooler Master MasterLiquid LC240E RGB Close-Loop AIO CPU Liquid Cooler, 240mm Radiator, Dual Chamber RGB Pump, Dual MF120R RGB Fans, RGB Lighting for AMD Ryzen/Intel LGA1151",70.61,20.53,2026-10-05,4.4,2700,https://www.amazon.com/Cooler-Master-MasterLiquid-Chamber-MLA-D24M-A18PC-R1/dp/B07CRGC899,0.0,20.53
20261005_134359,2026-10-05T14:06:54.042466+00:00,amazon_usa,COOLER,B0DKCQSNHQ,"Thermalright Grand Vision 240 ARGB White CPU AIO Cooler,PC 240 Specification Water Cooler System,IPS LCD Screen with 480x480 Resolution and 3.4inch,for AM4/AM5&LGA1700/1851,High Performance Pump",76.7,22.3,2026-10-05,4.4,40,https://www.amazon.com/Thermalright-ARGB-White-Specification-Performance/dp/B0DKCQSNHQ,0.0,22.3
20261005_134359,2026-10-05T14:06:54.042466+00:00,amazon_usa,COOLER,B0HG9J96Z4,"MasterLiquid Core LCD 6"" 240 AIO Liquid CPU Cooler, 6"" LCD Display, ARGB",141.47,41.13,2026-10-05,0.0,0,https://www.amazon.com/MasterLiquid-Core-Liquid-Cooler-Display/dp/B0HG9J96Z4,0.0,41.13
20261005_134359,2026-10-05T14:06:54.042466+00:00,amazon_usa,COOLER,B0CBJQ4R9X,"ASUS ROG Ryujin III 240 ARGB WHT All-in-one Liquid CPU Cooler with 240mm Radiator. Asetek 8th gen Pump, 2X Magnetic 120mm ARGB Fans (Daisy Chain Design), 3.5” LCD Display.,White, 6 Year Warranty",202.07,58.75,2026-10-05,4.3,47,https://www.amazon.com/ASUS-ROG-III-240-ARGB/dp/B0CBJQ4R9X,0.0,58.75
20261005_134359,2026-10-05T14:06:54.042466+00:00,amazon_usa,COOLER,B0FRWS2G49,"MONTECH LightFlow ARGB 240mm AIO CPU Liquid Cooler, Infinity Mirror, White",58.2,16.92,2026-10-05,4.7,27,https://www.amazon.com/LightFlow-ARGB-240-Infinity-White/dp/B0FRWS2G49,0.0,16.92
20261005_134359,2026-10-05T14:06:54.042466+00:00,amazon_usa,COOLER,B0CDPRX9XT,"Thermalright Aqua Elite 240 White V3 Water Cooling CPU Cooler, Double PWM ARGB Fans with S-FDB Bearings,Efficient PWM Controlled Pump,for AMD/AM4/AM5, Intel LGA1150/1151/1200/1700/1851",46.78,13.6,2026-10-05,4.6,186,https://www.amazon.com/Thermalright-Cooling-Bearings-Efficient-Controlled/dp/B0CDPRX9XT,0.0,13.6
20261005_134359,2026-10-05T14:06:58.888718+00:00,amazon_usa,COOLER,B0F7QYSWXC,"Thermalrlght Grand Vision 240 ARGB Black CPU Water Cooler,Double PWM Fans Water Cooling System,IPS LCD Screen with 480x480 Resolution,for AM4/AM5,Intel LGA1700/1851,CPU Liquid Cooler,3.4-inch Display",88.81,25.82,2026-10-05,4.4,37,https://www.amazon.com/Thermalrlght-Cooling-480x480-Resolution-3-4-inch/dp/B0F7QYSWXC,0.0,25.82
20261005_134359,2026-10-05T14:06:58.888718+00:00,amazon_usa,COOLER,B0CS6DPJ6J,"T-240MM Black ARGB Liquid CPU Water Cooling with 240mm ARGB PWM Fan,Temperature Display, Computer Water Cooling",65.66,19.09,2026-10-05,4.3,52,https://www.amazon.com/T-240MM-Cooling-Temperature-Display-Computer/dp/B0CS6DPJ6J,0.0,19.09
20261005_134359,2026-10-05T14:06:58.888718+00:00,amazon_usa,COOLER,B0H41KS9N4,CORSAIR iCUE Link Titan II 360 RX RGB AIO Liquid CPU Cooler – White,180.88,52.59,2026-10-05,4.0,6,https://www.amazon.com/CORSAIR-iCUE-Titan-Liquid-Cooler/dp/B0H41KS9N4,0.0,52.59
20261005_134359,2026-10-05T14:06:58.888718+00:00,amazon_usa,COOLER,B0G7C89TCY,MICRO CENTER CPU AIO Combo - AMD Ryzen 5 7600X Desktop Processor with MSI MAG Coreliquid A13 240 AIO ARGB CPU Liquid Cooler 240mm Radiator LGA 1700/1851 / AM5/AM4 Compatible Black,202.07,58.75,2026-10-05,4.0,1,https://www.amazon.com/MICRO-CENTER-CPU-AIO-Combo/dp/B0G7C89TCY,0.0,58.75
20261005_134359,2026-10-05T14:06:58.888718+00:00,amazon_usa,COOLER,B09JG4TTP2,"Dracaena.io 240mm AIO CPU Cooler, Intel & AMD, ARGB, PWM, 180W TDP, Black",60.6,17.62,2026-10-05,4.4,511,https://www.amazon.com/Dracaena-Radiator-Leakproof-Technology-AM4-Intel/dp/B09JG4TTP2,0.0,17.62
20261005_134359,2026-10-05T14:06:58.888718+00:00,amazon_usa,COOLER,B0C1NB8YYG,"EKWB EK-Nucleus AIO CPU Cooler CR360 Lux, Digital RGB, White (Dark, 240 mm)",101.05,29.38,2026-10-05,4.5,89,https://www.amazon.com/EKWB-EK-Nucleus-CPU-CR240-Dark/dp/B0C1NB8YYG,0.0,29.38
20261005_134359,2026-10-05T14:06:58.888718+00:00,amazon_usa,COOLER,B0FVK3LVD9,"CORSAIR Nautilus 240 RS ARGB Liquid CPU Cooler – 240mm AIO – Low-Noise – Direct Motherboard Connection – Daisy-Chain – Intel LGA 1851/1700, AMD AM5/AM4 – 2X RS120 ARGB Fans Included – White (Renewed)",80.83,23.5,2026-10-05,5.0,20,https://www.amazon.com/CORSAIR-Nautilus-ARGB-Liquid-Cooler/dp/B0FVK3LVD9,0.0,23.5
20261005_134359,2026-10-05T14:06:58.888718+00:00,amazon_usa,COOLER,B0D3HQZ7QQ,DARKROCK D240 CPU Liquid Cooler with 240mm Radiator,45.47,13.22,2026-10-05,4.6,89,https://www.amazon.com/DARKROCK-Liquid-Radiator-Addressable-Brackets/dp/B0D3HQZ7QQ,0.0,13.22
20261005_134359,2026-10-05T14:06:58.888718+00:00,amazon_usa,COOLER,B0D86JSKFK,"Levelplay Combat CL240 AIO Liquid Cooler – TDP 280W, ARGB Infinity Mirror Pump, 240mm Radiator Cooling, ARGB Gen 2 CF120 Fans, AMD AM5 / AM4 & Intel LGA 1851 / LGA 1700 Compatible – Black",80.83,23.5,2026-10-05,4.2,38,https://www.amazon.com/Levelplay-CL240-Liquid-LGA1851-LGA1700/dp/B0D86JSKFK,0.0,23.5
20261005_134359,2026-10-05T14:06:58.888718+00:00,amazon_usa,COOLER,B0DYZN5CGZ,NEXAURA 240 White Liquid CPU Cooler: 240mm AIO CPU Cooler with PWM Pump & ARGB Pump Head - Water Cooling with FDB Fans for Intel LGA 1851/1700/1200/115X AMD AM5/AM4,50.53,14.69,2026-10-05,4.7,21,https://www.amazon.com/Sudokoo-NEXAURA-240-Liquid-Cooler/dp/B0DYZN5CGZ,0.0,14.69
20261005_134359,2026-10-05T14:06:58.888718+00:00,amazon_usa,COOLER,B0DFK6PMQS,"Thermaltake TH240 V2 Ultra EX ARGB AIO Cooler/Snow/Water Block 2.1"" LCD/Fan 120 * 2/Magnetic Quick Connection/MB ARGB Sync Control/LCD Software Control/CL-W425-PL12SW-A",131.35,38.19,2026-10-05,4.1,36,https://www.amazon.com/Thermaltake-Magnetic-Connection-Software-CL-W425-PL12SW/dp/B0DFK6PMQS,0.0,38.19
20261005_134359,2026-10-05T14:06:58.888718+00:00,amazon_usa,COOLER,B0C461YNVL,"Thermalright Frozen Prism 240 White ARGB Liquid CPU Water Cooler with 120mm ARGB PWM Fan,240 White Cold Row Specification, Computer Water Cooler for AMD/AM4/AM5,Intel 1700/1150/1151/1200/2011",38.9,11.31,2026-10-05,4.1,45,https://www.amazon.com/Thermalright-Frozen-Liquid-Specification-Computer/dp/B0C461YNVL,0.0,11.31
20261005_134359,2026-10-05T14:06:58.888718+00:00,amazon_usa,COOLER,B0D3HN119T,"Thermalrlght Frozen Prism 240 White ARGB AIO Water Cooler,Liquid CPU Cooler, 2×120mm PWM Fans Water Cooling System,1850RPM High Speed,Compatible with AMD/AM4/AM5 & Intel LGA115X/1200/1851/1700",44.37,12.9,2026-10-05,4.6,83,https://www.amazon.com/Thermalrlght-2%C3%97120mm-Cooling-1850RPM-Compatible/dp/B0D3HN119T,0.0,12.9
20261005_134359,2026-10-05T14:06:58.888718+00:00,amazon_usa,COOLER,B0DPHRVNGL,"ARCTIC Liquid Freezer III Pro 280 - AIO CPU Cooler,2 x 140 mm Water Cooling",64.35,18.71,2026-10-05,4.3,290,https://www.amazon.com/ARCTIC-Liquid-Freezer-III-Pro/dp/B0DPHRVNGL,0.0,18.71
20261005_134359,2026-10-05T14:06:58.888718+00:00,amazon_usa,COOLER,B0GL9VQNKC,"ASRock Pro White 240 ARGB All-in-One Liquid CPU Cooler, 240mm White Radiator, Dynamic ARGB Lighting, 3-Phase Pump, 0dB Silent Mode, 6-Year Warranty",50.53,14.69,2026-10-05,2.3,3,https://www.amazon.com/ASRock-Radiator-Dynamic-Lighting-Warranty/dp/B0GL9VQNKC,0.0,14.69
20261005_134359,2026-10-05T14:07:07.435356+00:00,aliexpress,COOLER,3256812610105646,MANMU 240mm Liquid Cooler Colorful All-in-one Water Cooling Infinity Mirror Radiator PC Aio Cpu Water Cooler,186.76,54.3,2026-10-05,5.0,0,,0.0,54.3
20261005_134359,2026-10-05T14:07:07.435356+00:00,aliexpress,COOLER,3256812448741198,MANMU 240mm Liquid Cooled Cpu Cooler Cpu Water Cooler Aio Liquid Cpu Cooler,192.37,55.93,2026-10-05,0.0,0,,0.0,55.93
20261005_134359,2026-10-05T14:07:07.435356+00:00,aliexpress,COOLER,3256810039784240,LOVINGCOOL DP Series 360/240 CPU Liquid Cooler 4.0-Inch Super Large Frameless Magnetic Full Screen Can DIY Water Cooler Radiator,260.2,75.65,2026-10-05,4.5,0,,0.0,75.65
20261005_134359,2026-10-05T14:07:07.435356+00:00,aliexpress,COOLER,3256809338942438,JUMPEAK HS120 Halo ARGB Cooling Fan 360mm 240mm Modular Stackable Splicing 120mm RGB Fans Kit For Gaming PC Case Water Cooler,34.57,10.05,2026-10-05,4.8,0,,0.0,10.05
20261005_134359,2026-10-05T14:07:07.435356+00:00,aliexpress,COOLER,3256810070712620,ID-COOLING DX-240 White Edition CPU Cooler - Non-RGB 240mm AIO Liquid Cooler with PWM Control,287.75,83.66,2026-10-05,0.0,0,,0.0,83.66
20261005_134359,2026-10-05T14:07:07.435356+00:00,aliexpress,COOLER,3256813067244435,Power Train EX240 AIO CPU Water Cooling White Black 240 Liquid Radiator ARGB PWM Fan For LGA1700 1851 2011 115X 1200 AMD AM5,252.08,73.29,2026-10-05,0.0,0,,0.0,73.29
20261005_134359,2026-10-05T14:07:07.435356+00:00,aliexpress,COOLER,3256808464903869,240 360 1700 CPU AIO Water Cooler Computer 120mm Fan Radiator For Intel LGA 1200 115X 20XX AMD AM4 AM5 + ARGB Tube,273.51,79.52,2026-10-05,0.0,0,,0.0,79.52
20261005_134359,2026-10-05T14:07:07.435356+00:00,aliexpress,COOLER,3256808473440280,JUMPEAK CS120 ARGB Cooling Fan 360mm 240mm Modular Stackable Splicing Silent 120mm RGB Fans Kit For Gaming PC Case Water Cooler,24.25,7.05,2026-10-05,4.9,0,,0.0,7.05
20261005_134359,2026-10-05T14:07:07.435356+00:00,aliexpress,COOLER,3256811606605598,"ROG RYUJIN II 240 ARGB AIO COOLER , Liquid CPU Cooler",1224.67,356.06,2026-10-05,0.0,0,,0.0,356.06
20261005_134359,2026-10-05T14:07:07.435356+00:00,aliexpress,COOLER,3256808412554348,"CPU AIO Water Cooling Kit, 240mm Cooler System For Intel AMD Radiator M/B 5V SYNC 4Pin PWM / 3Pin ARGB  LED Pink Purple",614.47,178.65,2026-10-05,0.0,0,,0.0,178.65
20261005_134359,2026-10-05T14:07:07.435356+00:00,aliexpress,COOLER,3256812889889298,For Arctic Liquid Freezer III Pro 240 ARGB Integrated Water Cooled CPU Cooler,477.06,138.7,2026-10-05,0.0,0,,0.0,138.7
20261005_134359,2026-10-05T14:07:07.435356+00:00,aliexpress,COOLER,3256812696235194,TEUCER NA‑360 PC CPU Liquid Water Cooling Radiator AIO Cooler Compatible with Intel LGA 2011 1700 1200 1155 X99 Motherboard AMD AM4 AM5 Gaming Desktop Computer CPU Heat Sink Cooling Replacement Part,261.54,76.04,2026-10-05,0.0,0,,0.0,76.04
20261005_134359,2026-10-05T14:07:07.435356+00:00,aliexpress,COOLER,3256809932592998,New Stock FROZEN VISION 240 White LCD Screen AIO CPU Cooler 360mm ARGB Liquid Gaming Computer Cooling Aluminum for Processors,947.1,275.36,2026-10-05,0.0,0,,0.0,275.36
20261005_134359,2026-10-05T14:07:07.435356+00:00,aliexpress,COOLER,3256805939458329,"AM5 CPU Watercooler AIO 240 With Digital Display, 1700 CPU Water Cooling + Temp. Monitor, 300W TDP For Intel/AMD Full Platform",341.44,99.27,2026-10-05,0.0,0,,0.0,99.27
20261005_134359,2026-10-05T14:07:07.435356+00:00,aliexpress,COOLER,3256809479623897,Jonsbo TH-360 240 AIO CPU Liquid Cooling Integrated Water-cooled Radiator 120MM ARGB Water Cooler LGA1700 1851 1200 115X AM4 AM5,399.6,116.18,2026-10-05,5.0,0,,0.0,116.18
20261005_134359,2026-10-05T14:07:07.435356+00:00,aliexpress,COOLER,3256808493803512,JUMPEAK CS120 ARGB Cooling Fan 360mm 240mm Modular Stackable Splicing PWM Silent 120mm RGB Fans For Gaming PC Case Water Cooler,26.76,7.78,2026-10-05,4.9,0,,0.0,7.78
20261005_134359,2026-10-05T14:07:07.435356+00:00,aliexpress,COOLER,3256807324311904,Teucer 120/240mm CPU Water Cooler Liquid Cooling Heatsink RGB Colorful Radiator For X99 LGA 2011 V3 1700 1200 115X AMD AM4 AM5,200.42,58.27,2026-10-05,4.7,0,,0.0,58.27
20261005_134359,2026-10-05T14:07:07.435356+00:00,aliexpress,COOLER,3256810428689185,LOVINGCOOL AK Water Cooler 240mm 360mm Broken Code Screen Dynamic Digital Display Liquid Cooler ARGB Abyss Mirror Cold Radiator,153.02,44.49,2026-10-05,4.7,0,,0.0,44.49
20261005_134359,2026-10-05T14:07:07.435356+00:00,aliexpress,COOLER,3256809408830121,Thermalright CORE MATRIX 240 VISION 240MM All-in-one CPU Liquid Cooler 2” 320*240 resolution IPS LCD support LGA 1851 AMD AM5,349.32,101.56,2026-10-05,0.0,0,,0.0,101.56
20261005_134359,2026-10-05T14:07:07.435356+00:00,aliexpress,COOLER,2261800188200663,Syscooling PC Water Cooling Kit 240mm Radiator DIY Liquid Cooling Soft Tube System Support Intel CPU,279.49,81.26,2026-10-05,4.0,0,,0.0,81.26
20261005_134359,2026-10-05T14:07:07.435356+00:00,aliexpress,COOLER,3256809461655236,Jungle Leopard Pro Flow 240 ARGB All-In-One LCD SCREEN AIO LIQUID COOLE Water Cooling Radiator 5V3PIN ARGB Fan CPU Liquid Cooler,550.84,160.15,2026-10-05,5.0,0,,0.0,160.15
20261005_134359,2026-10-05T14:07:07.435356+00:00,aliexpress,COOLER,3256812686676148,X-GAMERX PowerTrain M240 Water Cooler 240mm Global ARGB Light Effects 360° Magnetic Cover Digital Display Screen AIO CPU Cooler,225.6,65.59,2026-10-05,4.9,0,,0.0,65.59
20261005_134359,2026-10-05T14:07:07.435356+00:00,aliexpress,COOLER,3256805925998810,Manmu 240mm Liquid CPU Cooler 4pin PWM Fan 120mm RGB / AC Intergrated Water Cooling AM5 AM4 Intel 115x/1200/1700/2011/2066,162.93,47.37,2026-10-05,3.9,0,,0.0,47.37
20261005_134359,2026-10-05T14:07:07.435356+00:00,aliexpress,COOLER,3256806934635891,AICOOLER Copper 120/240/360mm PC Radiator Heat Sink Exchanger 2.7cm Black Liquid Cooler Thickness Water Cooling Fans 12CM,124.48,36.19,2026-10-05,5.0,0,,0.0,36.19
20261005_134359,2026-10-05T14:07:07.435356+00:00,aliexpress,COOLER,3256812976962380,DeepCool BingGuo520 Liquid CPU Water Cooler 240mm Dual-Chamber AIO Cooler Anti-Leak Tech ARGB Fans Efficient Cooling,484.28,140.8,2026-10-05,0.0,0,,0.0,140.8
20261005_134359,2026-10-05T14:07:07.435356+00:00,aliexpress,COOLER,3256807534255365,MANMU PC Water Cooling Processor Cooler 4PIN CPU Water Cooling Heatsink Liquid Cooling PC 240mm Fan Radiator for Intel LGA1700,262.09,76.2,2026-10-05,0.0,0,,0.0,76.2
20261005_134359,2026-10-05T14:07:07.435356+00:00,aliexpress,COOLER,3256807215556389,TEUCER RGB CPU Water Cooler 120/240/360mm All In One CPU Liquid Cooling Water Cooled Radiator For X99 2011 1700 1200 115X AM5,164.44,47.81,2026-10-05,4.8,0,,0.0,47.81
20261005_134359,2026-10-05T14:07:07.435356+00:00,aliexpress,COOLER,3256807446577281,SysCooling 120/240/360mm Aluminum Water Cooling Radiator 35mm Thick 13 Waterways PC Liquid Cooler Heat Exchanger,89.12,25.91,2026-10-05,5.0,0,,0.0,25.91
20261005_134359,2026-10-05T14:07:07.435356+00:00,aliexpress,COOLER,3256812996095588,GT240 AIO CPU Liquid Cooler 240mm Radiator with Digital Display ARGB Fan Supports For LGA1700 AM5,195.5,56.84,2026-10-05,0.0,0,,0.0,56.84
20261005_134359,2026-10-05T14:07:07.435356+00:00,aliexpress,COOLER,3256811722871290,120mm 240mm 360mm Liquid CPU Cooler for Intel AMD Ryzen AIO Water Cooling Kit with ARGB Fan Infinite Lens RGB Lighting Video,522.94,152.04,2026-10-05,0.0,0,,0.0,152.04
20261005_134359,2026-10-05T14:07:07.435356+00:00,aliexpress,COOLER,3256810584358152,240mm CPU Water Cooler Liquid Cooling Heatsink RGB Colorful Radiator For X99 LGA 2011 V3 1700 1200 115X AMD AM4 AM5,164.82,47.92,2026-10-05,0.0,0,,0.0,47.92
20261005_134359,2026-10-05T14:07:07.435356+00:00,aliexpress,COOLER,3256803581690485,Syscooling White aluminum radiator120/240/360mm  27mm thickness G1/4 thread water cooling Heat Exchanger  DIY cooling system,90.05,26.18,2026-10-05,4.8,0,,0.0,26.18
20261005_134359,2026-10-05T14:07:07.435356+00:00,aliexpress,COOLER,3256810071567509,Thermalright Core Matrix 240 ARGB CPU Liquid Cooler - Black Magic Edition AIO Water Cooling System,426.26,123.93,2026-10-05,0.0,0,,0.0,123.93
20261005_134359,2026-10-05T14:07:07.435356+00:00,aliexpress,COOLER,3256810103506495,Thermalright FROZEN VISION 240 BLACK&WHITE AIO CPU Liquid Cooler Equipped  TL - K12 series performance fans 2.88 - inch display,824.93,239.84,2026-10-05,0.0,0,,0.0,239.84
20261005_134359,2026-10-05T14:07:07.435356+00:00,aliexpress,COOLER,3256812560365260,for LOVINGCOOL 4.0 Inch LCD Screen 240mm 360mm ARGB AIO Liquid Cooler with Integrated PC Case Fan Radiator Water Cooling,553.48,160.92,2026-10-05,0.0,0,,0.0,160.92
20261005_134359,2026-10-05T14:07:07.435356+00:00,aliexpress,COOLER,3256802493425859,Syscooling White water cooling radiator120 240 360 aluminum water cooling row computer water cooling case diy 27mm radiator,92.21,26.81,2026-10-05,4.4,0,,0.0,26.81
20261005_134359,2026-10-05T14:07:07.435356+00:00,aliexpress,COOLER,3256812560231986,for LOVINGCOOL OEM 240mm AIO CPU Liquid Cooler with Display Screen Water Cooling Fan Radiator for Gaming PC LGA115X,572.47,166.44,2026-10-05,0.0,0,,0.0,166.44
20261005_134359,2026-10-05T14:07:07.435356+00:00,aliexpress,COOLER,3256812448711813,"360/240mm AIO CPU Cooler with ARGB Prism Light, Easy Install Water Cooling System, for  AMD Gaming PC",250.05,72.7,2026-10-05,0.0,0,,0.0,72.7
20261005_134359,2026-10-05T14:07:07.435356+00:00,aliexpress,COOLER,3256808467342561,Valkiri PC Water Cooling LGA 1700 CPU AIO Cooler 240MM 360MM 300W TDP Good-looking For AM4 AM5 LGA1200 115X RGB Lighting,408.1,118.65,2026-10-05,0.0,0,,0.0,118.65
20261005_134359,2026-10-05T14:07:07.435356+00:00,aliexpress,COOLER,3256812166666175,OCOCOO PC Case White Full Copper Water Cooling Radiator 240mm/ 360mm G1/4 Thread 28mm Thick Fans High-Efficiency Liquid Loop,320.22,93.1,2026-10-05,0.0,0,,0.0,93.1
20261005_134359,2026-10-05T14:07:07.435356+00:00,aliexpress,COOLER,3256807395588616,Thermalright AQUA ELITE 240 V2 Black/White CPU Liquid Cooler 5V 3PIN ARGB Halo Fan Water Cooling Radiator LGA1700 2011 115x AM5,427.39,124.26,2026-10-05,5.0,0,,0.0,124.26
20261005_134359,2026-10-05T14:07:07.435356+00:00,aliexpress,COOLER,3256810418325889,LOVINGCOOL AK liquid cooler 240mm 360mm broken code screen dynamic digital display ARGB PWM Abyss Mirror integrated water cooled,146.66,42.64,2026-10-05,3.9,0,,0.0,42.64
20261005_134359,2026-10-05T14:07:07.435356+00:00,aliexpress,COOLER,3256812548763916,240/360mm AIO CPU Liquid Cooler 4Inch Magnetic Frameless IPS Screen ARGB PWM DIY Radiator For Intel AMD PC For LOVINGCOOL DP-01,203.72,59.23,2026-10-05,0.0,0,,0.0,59.23
20261005_134359,2026-10-05T14:07:07.435356+00:00,aliexpress,COOLER,3256805742863586,5V USB Router Fan TV Box Cooler  80mm 92mm 120mm 240mm PC DIY Cooler W/Screws Protective net Desktop Fan,27.86,8.1,2026-10-05,4.6,0,,0.0,8.1
20261005_134359,2026-10-05T14:07:07.435356+00:00,aliexpress,COOLER,3256809944045333,X-GAMERX PowerTrain M240 Water Cooler 240mm Global ARGB Light Effects 360° Magnetic Cover Digital Display Screen AIO CPU Cooler,244.62,71.12,2026-10-05,4.7,0,,0.0,71.12
20261005_134359,2026-10-05T14:07:07.435356+00:00,aliexpress,COOLER,3256806912815693,MANMU White Liquid CPU Cooler 240 Addressable RGB & PWM Pump & Fans TDP AIO Water Cooler W/Controller,117.84,34.26,2026-10-05,4.4,0,,0.0,34.26
20261005_134359,2026-10-05T14:07:07.435356+00:00,aliexpress,COOLER,3256807891230904,TEUCER RGB CPU Water Cooler 120/240/360mm All In One CPU Liquid Cooling Water Cooled Radiator For X99 2011 1700 1200 115X AM5,169.67,49.33,2026-10-05,4.9,0,,0.0,49.33
20261005_134359,2026-10-05T14:07:07.435356+00:00,aliexpress,COOLER,3256811965580697,OCOCOO PC DIY Aluminum Water Cooling Radiator G1/4 Thread 240 mm High Performance Liquid Cooler Heat Exchanger,119.97,34.88,2026-10-05,0.0,0,,0.0,34.88
20261005_134359,2026-10-05T14:07:07.435356+00:00,aliexpress,COOLER,3256812744075924,ZeroMaster 240mm AIO ARGB Liquid Cooler Gaming PCs Water Cooling Radiator 4.2W CPU Cooler Fan For AMD Computer Case,221.47,64.39,2026-10-05,0.0,0,,0.0,64.39
20261005_134359,2026-10-05T14:07:07.435356+00:00,aliexpress,COOLER,3256812303058158,DeepCool BingGuo520 Liquid CPU Water Cooler 240mm  Dual-Chamber AIO Cooler Anti-Leak Tech ARGB Fans Cooling,521.98,151.76,2026-10-05,0.0,0,,0.0,151.76
20261005_134359,2026-10-05T14:07:07.435356+00:00,aliexpress,COOLER,3256807158718187,TEUCER CPU Water Cooler With JM-1 Fan All In One CPU Liquid Cooling 240mm/360mm ARGB Water-Cooled Radiator for X99 Motherboard,201.9,58.7,2026-10-05,4.9,0,,0.0,58.7
20261005_134359,2026-10-05T14:07:07.435356+00:00,aliexpress,COOLER,3256812537503427,OCOCOO 240mm Aluminum Radiator Quiet 1650RPM Fan 12 Channel Liquid Cooling N8 Nozzle For PC Workstation Server Build,134.48,39.1,2026-10-05,0.0,0,,0.0,39.1
20261005_134359,2026-10-05T14:07:07.435356+00:00,aliexpress,COOLER,3256807233024752,TEUCER AF-240 Water Cooling CPU Cooler 240mm rgb fan Liquid Heatsink Integrated Radiator LGA 2011/12xx/1700/115x/AM4/AM5 AMD,227.52,66.15,2026-10-05,4.8,0,,0.0,66.15
20261005_134359,2026-10-05T14:07:07.435356+00:00,aliexpress,COOLER,3256813046614238,Power Train Wan JIa EX360 240 All In One Liquid Cooler ARGB 360mm CPU AIO Liquid Cooler Radiator LGA1200 115X 1700 185X AM4 AM5,599.85,174.4,2026-10-05,0.0,0,,0.0,174.4
20261005_134359,2026-10-05T14:07:07.435356+00:00,aliexpress,COOLER,3256811709925557,For NVIDIA Tesla V100 SXM2 16GB Computing Card 240mm Radiator Liquid Water Cooling Kit (Fan+Pump+PCIe Adapter  AI/Deep Learning,1045.92,304.09,2026-10-05,0.0,0,,0.0,304.09
20261005_134359,2026-10-05T14:07:07.435356+00:00,aliexpress,COOLER,3256803179294445,5V USB Router Fan TV Box Cooler  80mm 92mm 120mm 240mm PC DIY Cooler W/Screws Protective net Silent Desktop Fan,44.16,12.84,2026-10-05,4.4,0,,0.0,12.84
20261005_134359,2026-10-05T14:07:07.435356+00:00,aliexpress,COOLER,3256810029498048,Thermalright PEERLESS VISION 240 ARGB BLACK CPU Liquid Cooler Equipped with Building Block Infinite Mirror Fan 3.95 - screen,402.59,117.05,2026-10-05,4.7,0,,0.0,117.05
20261005_134359,2026-10-05T14:07:07.435356+00:00,aliexpress,COOLER,3256803075720443,Granzon Water Cooling Kit for AIO CPU GPU Block with Pump 120mm Fan 240mm 360mm Radiator PC System G1/4'' Fitting Hose Tube,1137.61,330.75,2026-10-05,5.0,0,,0.0,330.75
20261005_134359,2026-10-05T14:07:07.435356+00:00,aliexpress,COOLER,3256812611779423,"Desktop Computer AIO Watercooler Fan Kit,  240/360 One-piece Design Uni Fan, Forward or Reverse Blades",52.52,15.27,2026-10-05,0.0,0,,0.0,15.27
20261005_134359,2026-10-05T14:07:07.435356+00:00,aliexpress,COOLER,3256811683711710,OCOCOO Industrial Automation Equipment 240mm Water Cooling Radiator High Efficiency Thermal Conductivity Factory Direct AD240,150.89,43.87,2026-10-05,5.0,0,,0.0,43.87
20261005_134359,2026-10-05T14:07:11.707832+00:00,aliexpress,COOLER,3256809710496114,"Thermalright FROZEN HORIZON240 DIGITAL ARGB All-in-one water cold radiator,Removable magnetic cold head,Support LGA1851/1700/AM5",261.13,75.92,2026-10-05,5.0,0,,0.0,75.92
20261005_134359,2026-10-05T14:07:11.707832+00:00,aliexpress,COOLER,3256809128563327,UPSIREN Poseidon mirror 240 ARGB Integrated water cooling radiator/Infinity mirror lighting effects/Support LGA1700/115X/AM5,190.34,55.34,2026-10-05,5.0,0,,0.0,55.34
20261005_134359,2026-10-05T14:07:11.707832+00:00,aliexpress,COOLER,3256812463699013,LOVINGCOOL DP Series 360/240 CPU Liquid Cooler 4.0-Inch Super Large Frameless Magnetic Full Screen Can DIY Water Cooler Radiator,262.12,76.21,2026-10-05,4.9,0,,0.0,76.21
20261005_134359,2026-10-05T14:07:11.707832+00:00,aliexpress,COOLER,3256809186748762,UPSIREN Poseidon mirror 240 240MM All-in-one Water Cooling Infinity mirror Cold head design ARGB PWM Fans suppor LGA1700 AMD AM5,192.78,56.05,2026-10-05,0.0,0,,0.0,56.05
20261005_134359,2026-10-05T14:07:11.707832+00:00,aliexpress,COOLER,3256809684028472,JONSBO TH-240 CPU Water Cooler Cold Head Digital Display Integrated Water-cooled Radiator LGA1700 1851 1200 115X AM4 AM5,335.01,97.4,2026-10-05,4.9,0,,0.0,97.4
20261005_134359,2026-10-05T14:07:11.707832+00:00,aliexpress,COOLER,3256807239987743,Teucer 120/240mm CPU Water Cooler Liquid Cooling Heatsink RGB Colorful Radiator For X99 LGA 2011 V3 1700 1200 115X AMD AM4 AM5,188.83,54.9,2026-10-05,5.0,0,,0.0,54.9
20261005_134359,2026-10-05T14:07:11.707832+00:00,aliexpress,COOLER,3256803347651775,Granzon GZMN Integrated AIO Pump + Bridge Moudle + 240mm/120mm/360mm/480mm Radiator Computer Water Cooling Heatsink,765.63,222.6,2026-10-05,5.0,0,,0.0,222.6
20261005_134359,2026-10-05T14:07:11.707832+00:00,aliexpress,COOLER,2255799914327858,YOUNUON 120mm 140mm 240mm 5V USB Router Fan TV Box Cooler PC DIY Cooler W/Screws Protective net Silent Desktop Fan 12cm 14cm,65.76,19.12,2026-10-05,5.0,0,,0.0,19.12
20261005_134359,2026-10-05T14:07:11.707832+00:00,aliexpress,COOLER,3256810071888008,LOVINGCOOL DP-01 240 All-in-One Water Cooler CPU Radiator Screen DIY 4.0-Inch Super Large Frameless Magnetic Full Screen,247.37,71.92,2026-10-05,5.0,0,,0.0,71.92
20261005_134359,2026-10-05T14:07:11.707832+00:00,aliexpress,COOLER,3256808563313356,JONSBO TH-240 CPU Liquid Cooling Thousand Layer Mirror Fan Integrated Water-cooled Radiator LGA1700 1851 1200 115X AM4 AM5,280.32,81.5,2026-10-05,4.5,0,,0.0,81.5
20261005_134359,2026-10-05T14:07:11.707832+00:00,aliexpress,COOLER,3256808222692184,Granzon Integrated AIO Pump Radiator Combo 30mm Thickness Copper Computer Water Coolant Heatsink GZMN 240/360mm,597.41,173.69,2026-10-05,0.0,0,,0.0,173.69
20261005_134359,2026-10-05T14:07:11.707832+00:00,aliexpress,COOLER,3256808631310155,"1U CPU Cooler for LGA2011/115X - Pure Copper, Temp Control, Multi-Platform Active Radiator Fan",77.42,22.51,2026-10-05,5.0,0,,0.0,22.51
20261005_134359,2026-10-05T14:07:11.707832+00:00,aliexpress,COOLER,3256808523738856,Jonsbo TH-360 AIO CPU Liquid Cooling Integrated Water-cooled Radiator TH-240 PC Water Cooler LGA1700 1851 1200 115X AM4 AM5,324.52,94.35,2026-10-05,4.7,0,,0.0,94.35
20261005_134359,2026-10-05T14:07:11.707832+00:00,aliexpress,COOLER,3256809857800028,Flexible 5V Addressable ARGB Neon Tube Light with Cover Sleeve for Gaming PC AIO 120 240 360 CPU Water Liquid Cooler Retrofit,43.34,12.6,2026-10-05,4.9,0,,0.0,12.6
20261005_134359,2026-10-05T14:07:11.707832+00:00,aliexpress,COOLER,3256811437976213,Thermalright TROFEO VISION 360 ARGB BLACK AIO CPU LIQUID COOLER 6.86-inch Full-color LCD Display High-performance Linked-ring,540.1,157.03,2026-10-05,4.9,0,,0.0,157.03
20261005_134359,2026-10-05T14:07:11.707832+00:00,aliexpress,COOLER,3256812724051181,Antec P360 All-in-One CPU Liquid Cooler ARGB PWM Fan Water Cooling Heatsink Support LGA1700 LGA115x AMD Gaming PC Radiator,338.24,98.34,2026-10-05,4.9,0,,0.0,98.34
20261005_134359,2026-10-05T14:07:11.707832+00:00,aliexpress,COOLER,3256809461908685,Jungle Leopard Pro Flow 360 ARGB All-In-One LCD SCREEN AIO LIQUID COOLE Water Cooling Radiator 5V3PIN ARGB Fan CPU Liquid Cooler,424.78,123.5,2026-10-05,4.6,0,,0.0,123.5
20261005_134359,2026-10-05T14:07:11.707832+00:00,aliexpress,COOLER,3256809828843350,Thermalright W360-XEON-LGA4677/LGA4189 CPU LIQUID COOLER Workstation/Professional All-In-One CPU LIQUID COOLER,687.9,200.0,2026-10-05,5.0,0,,0.0,200.0
20261005_134359,2026-10-05T14:07:11.707832+00:00,aliexpress,COOLER,3256808592190423,Power Train DL-240A Water-Cold Water Cooling Radiator White/Black ARGB All -In -One  5V 3PIN ARGB Fan CPU Liquid Cooler,169.02,49.14,2026-10-05,4.7,0,,0.0,49.14
20261005_134359,2026-10-05T14:07:11.707832+00:00,aliexpress,COOLER,3256805644055492,JONSBO CR-3000 Nickel Plated 7 Heat Pipe CPU Cooler ARGB Fan Dual Tower Air-cooled Radiator For LGA1700 115x 1200 2011 AM4 AM5,163.17,47.44,2026-10-05,5.0,0,,0.0,47.44
20261005_134359,2026-10-05T14:07:11.707832+00:00,aliexpress,COOLER,3256812312160968,JONSBO TM-280 280mm CPU Water Cooler ARGB Fan Integrated Screen Display Water-cooled Radiator For LGA1700 1200 115X 1851 AM5,584.27,169.87,2026-10-05,0.0,0,,0.0,169.87
20261005_134359,2026-10-05T14:07:11.707832+00:00,aliexpress,COOLER,2255799866803300,1 Pc 80/120/240/360mm Aluminum Computer Radiator Water Cooler Cooling For CPU GPU VGA RAM Heatsink Exchanger Liquid Cooler,3.75,1.09,2026-10-05,4.9,0,,0.0,1.09
20261005_134359,2026-10-05T14:07:11.707832+00:00,aliexpress,COOLER,3256807290421942,TEUCER NA-360 PC Water Cooling Radiator X99 Motherboard CPU Liquid Cooling Cooler for Intel LGA 2011 1700 1200 1155 AMD AM4 AM5,224.6,65.3,2026-10-05,4.9,0,,0.0,65.3
20261005_134359,2026-10-05T14:07:11.707832+00:00,aliexpress,COOLER,3256809570750236,Power Train X-Gamerx Z-6000 ARGB CPU Cooler with Digital Temperature Display Radiator 6 Heat Pipes For LGA1700/1200 115X AM4 AM5,104.77,30.46,2026-10-05,0.0,0,,0.0,30.46
20261005_134359,2026-10-05T14:07:11.707832+00:00,aliexpress,COOLER,3256804476716789,Cooler Master Radiator Intel 12th 13th Generation LGA1700 Mounting Kit T400i T400 T610P Water Cooling B360 B240 CoolerMaster,3.75,1.09,2026-10-05,4.9,0,,0.0,1.09
20261005_134359,2026-10-05T14:07:11.707832+00:00,aliexpress,COOLER,3256810269100347,LOVINGCOO SC60 Firefly 240 Water Cooler Radiator 240mm ARGB Conjoined Fan 4.0 Extra inch DIY Full Screen Magnetic Cold Headr,281.87,81.95,2026-10-05,5.0,0,,0.0,81.95
20261005_134359,2026-10-05T14:07:11.707832+00:00,aliexpress,COOLER,3256809850698593,METALFISH T20 Mini ITX White Case 9L Compact PC Chassis Support Flex PSU/240mm GPU/100mm Cooler/180 Liquid Cooler,216.83,63.04,2026-10-05,4.9,0,,0.0,63.04
20261005_134359,2026-10-05T14:07:11.707832+00:00,aliexpress,COOLER,3256803744809283,"Barrow Radiator 20mm Thick Copper G1/4"" Thread For 12cm Fan 240/360MM PC Radiator Water Cooling Dabel-20a Dabel-20b",178.99,52.04,2026-10-05,5.0,0,,0.0,52.04
20261005_134359,2026-10-05T14:07:11.707832+00:00,aliexpress,COOLER,3256810620124600,FREEZEMOD G1/4'' 29mm Thick Copper Radiator 120/240/360/480mm PC Water Cooling Rad. Row Heat Sink Cooler for 120mm Fan,99.88,29.04,2026-10-05,5.0,0,,0.0,29.04
20261005_134359,2026-10-05T14:07:11.707832+00:00,aliexpress,COOLER,3256803068996849,Granzon Water Cooling Kit for RTX 3070/ 3080/ 3090 RX6900X AIO GPU Block Pump 240mm Radiator PC Cooler G1/4' Fittings Hose Tube,1167.99,339.58,2026-10-05,0.0,0,,0.0,339.58
20261005_134359,2026-10-05T14:07:11.707832+00:00,aliexpress,COOLER,3256809442077886,DEEPCOOL CH160 PLUS MATX Chassis Supports 240 Water Cooling Long Graphics Card Type-C MESH Cooling Panel Convenient Handle Case,424.92,123.54,2026-10-05,5.0,0,,0.0,123.54
20261005_134359,2026-10-05T14:07:11.707832+00:00,aliexpress,COOLER,3256809981471645,Thermalright Peerless Assassin 120 ARGB Digital Black CPU Air Cooler Supports LGA1851/1700/115X/1200/ AMD AM4/AM5,149.58,43.49,2026-10-05,4.9,0,,0.0,43.49
20261005_134359,2026-10-05T14:07:11.707832+00:00,aliexpress,COOLER,3256805786329640,120 240 360 CPU AIO Water Cooler Tubing RGB Soft Luminous Neon Liquid Cooling Tube Cover 5V 3Pin ARGB,51.52,14.98,2026-10-05,4.1,0,,0.0,14.98
20261005_134359,2026-10-05T14:07:11.707832+00:00,aliexpress,COOLER,3256805896595066,DeepCool AK500S CPU Cooler with Digital Display 5 Heat Pipes TDP 240W Radiator 120mm FDB Silent CPU Air-Cooler Heatsink,210.29,61.14,2026-10-05,4.7,0,,0.0,61.14
20261005_134359,2026-10-05T14:07:11.707832+00:00,aliexpress,COOLER,3256810391606279,AMD Wraith Prism RGB Cooler Air Water Cooling Support AM4 AM5 Motherboard AMD R3 R5 R7 R9 Processor CPU Cooler Fan,59.37,17.26,2026-10-05,5.0,0,,0.0,17.26
20261005_134359,2026-10-05T14:07:11.707832+00:00,aliexpress,COOLER,3256805608780243,PC Water Cooling Radiator Aluminum For CPU GPU RAM Heatsink Exchanger Fan Cooler 60/80/90/120/240/360mm Black/White,58.92,17.13,2026-10-05,4.6,0,,0.0,17.13
20261005_134359,2026-10-05T14:07:11.707832+00:00,aliexpress,COOLER,3256809571071395,Power Train X-GAMERX MK6 Radiator 6 Heat Pipe ARGB CPU Cooler Intel LGA1851 1700 1200 115X AM5 AM4 Computer Tower Air Cooling,160.11,46.55,2026-10-05,5.0,0,,0.0,46.55
20261005_134359,2026-10-05T14:07:11.707832+00:00,aliexpress,COOLER,3256810183420880,Granzon GZGPU-M240N Pump + Bridge Moudle + 240mm Radiator + 120mm Fan+fittings+Hose Tube+Fittings Combo Computer Water Cooling,877.73,255.19,2026-10-05,0.0,0,,0.0,255.19
20261005_134359,2026-10-05T14:07:11.707832+00:00,aliexpress,COOLER,3256808836216183,"FREEZEMOD 29mm Thin Full Copper Radiator ,G1/4‘’ Liquid Water Cooling Cooler For 120mm Fan 120/240/360mm PC MOD Heatsink",192.89,56.08,2026-10-05,0.0,0,,0.0,56.08
20261005_134359,2026-10-05T14:07:11.707832+00:00,aliexpress,COOLER,3256806107262580,QiuzAim Efficient Copper Core Radiator Processor PC Cooler X79 X99 CPU Fan 4Pin/PWM Cooler Air-Cooling Installation LGA2011 2066,37.15,10.8,2026-10-05,4.7,0,,0.0,10.8
20261005_134359,2026-10-05T14:07:11.707832+00:00,aliexpress,COOLER,3256811702309080,Jonsbo TX-360 Screen Display Integrated Water Cooling 360mm Radiator ARGB AIO Water Cooler Intel LGA1200 115X 1700 1851 AM5 AM4,410.61,119.38,2026-10-05,0.0,0,,0.0,119.38
20261005_134359,2026-10-05T14:07:11.707832+00:00,aliexpress,COOLER,3256812827895655,GSCOOL G-400K Computer CPU Cooler with Four Copper Tubes and ARGB desktop Cooling Fan Tower-Style Air-Cooling System,59.37,17.26,2026-10-05,5.0,0,,0.0,17.26
20261005_134359,2026-10-05T14:07:11.707832+00:00,aliexpress,COOLER,3256812546633667,Jonsbo TM-360A All-in-One Liquid Cooler ZA-360 Cooling Fan ARGB Water-cooled Radiator With 3.95-inch Display Screen LGA1851 AM5,448.65,130.44,2026-10-05,5.0,0,,0.0,130.44
20261005_134359,2026-10-05T14:07:11.707832+00:00,aliexpress,COOLER,3256809402681709,Jonsbo TF3-360SCW Water Cooled Radiator Screen Display ARGB Integrated 360 AIO CPU Liquid Cooling TF3-360SC LGA115X 1700 AM4AM5,494.67,143.82,2026-10-05,3.8,0,,0.0,143.82
20261005_134359,2026-10-05T14:07:11.707832+00:00,aliexpress,COOLER,3256807424055625,ID-COOLING IS-55 CPU Cooler 5 HeatPipes ARGB Air Cooling Radiator Down Pressure Low Profile Cooler for LGA1200/1700/115X AM4 AM5,140.06,40.72,2026-10-05,5.0,0,,0.0,40.72
20261005_134359,2026-10-05T14:07:11.707832+00:00,aliexpress,COOLER,3256806840947789,METALFISH BlockCase Aluminum Open Frame Case Support ATX/M-ATX Mainboard GPU Mount Horizontally 240 Liquid Cooler Gaming Cabinet,105.11,30.56,2026-10-05,4.7,0,,0.0,30.56
20261005_134359,2026-10-05T14:07:11.707832+00:00,aliexpress,COOLER,3256809538994534,JONSBO ZA-120/240/360 Case Fan 12V 4PIN PWM 5V 3PIN ARGB 120mm Integrated Desktop PC Chassis CPU Water Radiator AIR Cooling Fan,41.31,12.01,2026-10-05,4.9,0,,0.0,12.01
20261005_134359,2026-10-05T14:07:11.707832+00:00,aliexpress,COOLER,3256808536395805,TEUCER UT Series Tiny Titan Air Cooling Radiator Cooler Low Noise Avoid Memory CPU Fan for AM4 AM5 LGA 2011 1200 1700 X99,132.9,38.64,2026-10-05,4.9,0,,0.0,38.64
20261005_134359,2026-10-05T14:07:11.707832+00:00,aliexpress,COOLER,3256811783890214,ROJI MIKU ROG RYUO IV SLC 360 ARGB CPU Liquid Cooler Naked Eye 3D AMOLED Screen Support LGA1700/1851 AM4 AM5,2407.65,700.0,2026-10-05,0.0,0,,0.0,700.0
20261005_134359,2026-10-05T14:07:11.707832+00:00,aliexpress,COOLER,3256809363283917,"X-GAMERX MK8 Air-Cooled CPU Cooler with 6 Copper Tubes and 2 Fans, 2.8-Inch LCD Screen, DIY Customization",296.21,86.12,2026-10-05,0.0,0,,0.0,86.12
20261005_134359,2026-10-05T14:07:11.707832+00:00,aliexpress,COOLER,3256806105479245,QiuzAim PC Efficient Copper Core Radiator CPU Cooler Fan 4Pin/PWM Air-cooled Installation LGA1150 1151 1155 1156 1200 1700 1366,29.17,8.48,2026-10-05,4.5,0,,0.0,8.48
20261005_134359,2026-10-05T14:07:11.707832+00:00,aliexpress,COOLER,3256812526103962,"Jungle Leopard UltraFlow 360mm AIO CPU Liquid Cooler with 7.0"" LCD Screen, 360° Rotatable Display, ARGB Sync PWM Fans",474.2,137.87,2026-10-05,3.5,0,,0.0,137.87
20261005_134359,2026-10-05T14:07:11.707832+00:00,aliexpress,COOLER,3256812319782683,BAJEAL P2 Blue Light CPU Fan Computer Cooler Multi-Platform Compatible AMD Intel CPU Cooler,27.93,8.12,2026-10-05,1.0,0,,0.0,8.12
20261005_134359,2026-10-05T14:07:11.707832+00:00,aliexpress,COOLER,3256808473921999,JUMPEAK CS120 ARGB Cooling Fan 240mm Modular Stackable Splicing PWM Silent 120mm RGB Fans For Gaming PC Case CPU Water Cooler,28.2,8.2,2026-10-05,4.9,0,,0.0,8.2
20261005_134359,2026-10-05T14:07:11.707832+00:00,aliexpress,COOLER,3256808432776380,Coolcirc 120mm Modular Wireless Splicing 12CM PC Case Cooling Fan ARGB Infinite Mirror For Computer 120 240 360 Water Cooler,15.31,4.45,2026-10-05,4.6,0,,0.0,4.45
20261005_134359,2026-10-05T14:07:11.707832+00:00,aliexpress,COOLER,3256803525170224,"Bykski PC Cooling Red Copper Radiator RC Series , 30mm Thick for 12cm Fan PC Heatsink , White / Black 120/240/360/480mm",146.32,42.54,2026-10-05,4.6,0,,0.0,42.54
20261005_134359,2026-10-05T14:07:16.091875+00:00,aliexpress,COOLER,3256809571071395,Power Train X-GAMERX MK6 Radiator 6 Heat Pipe ARGB CPU Cooler Intel LGA1851 1700 1200 115X AM5 AM4 Computer Tower Air Cooling,185.9,54.05,2026-10-05,5.0,0,,0.0,54.05
20261005_134359,2026-10-05T14:07:16.091875+00:00,aliexpress,COOLER,3256805786329640,120 240 360 CPU AIO Water Cooler Tubing RGB Soft Luminous Neon Liquid Cooling Tube Cover 5V 3Pin ARGB,77.32,22.48,2026-10-05,4.1,0,,0.0,22.48
20261005_134359,2026-10-05T14:07:16.091875+00:00,aliexpress,COOLER,3256812939712623,"Lian Li Stealth Flow 2nd Gen OLED Curved Screen 360mm ARGB AIO CPU Liquid Cooler, High-Performance PC Water Cooling Kit",2133.35,620.25,2026-10-05,0.0,0,,0.0,620.25
20261005_134359,2026-10-05T14:07:16.091875+00:00,aliexpress,COOLER,3256812827895655,GSCOOL G-400K Computer CPU Cooler with Four Copper Tubes and ARGB desktop Cooling Fan Tower-Style Air-Cooling System,85.16,24.76,2026-10-05,5.0,0,,0.0,24.76
20261005_134359,2026-10-05T14:07:16.091875+00:00,aliexpress,COOLER,3256806270531627,Granzon Water Cooling Kit for RTX 4090/ 4080/ 4070 / 7900 AIO GPU Block Pump 240mm Radiator PC Cooler G1/4'' Fittings Hose Tube,995.84,289.53,2026-10-05,0.0,0,,0.0,289.53
20261005_134359,2026-10-05T14:07:16.091875+00:00,aliexpress,COOLER,3256809612046542,TEUCER 4.5cm Low Profile CPU Air Cooler High Performance 6 Heat Pipes for Intel LGA 1700 115X/AM4 AM5 ITX Gaming CPU Radiator,116.84,33.97,2026-10-05,5.0,0,,0.0,33.97
20261005_134359,2026-10-05T14:07:16.091875+00:00,aliexpress,COOLER,3256808411688170,TEUCER UT-60 Slim 60mm PC Case Fan 3500RPM High Airflow CPU Cooler 6/7CM Ultra-thin Cooling Fan,21.98,6.39,2026-10-05,4.5,0,,0.0,6.39
20261005_134359,2026-10-05T14:07:16.091875+00:00,aliexpress,COOLER,3256807801491797,Power Train DL-240A Water-Cold Water Cooling Radiator White/Black ARGB All -In -One  5V 3PIN ARGB Fan CPU Liquid Cooler,201.73,58.65,2026-10-05,4.9,0,,0.0,58.65
20261005_134359,2026-10-05T14:07:16.091875+00:00,aliexpress,COOLER,3256806810021037,DeepCool AK500S Digital Display CPU Cooler 5 Heat pipes TDP 240W Cooling ATX PC Radiator For LGA1700/1200 115X AM4 AM5,189.96,55.23,2026-10-05,4.9,0,,0.0,55.23
20261005_134359,2026-10-05T14:07:16.091875+00:00,aliexpress,COOLER,3256807958406221,Thermalright AXP-90 X47/AXP-90 X47 BLACK/AXP-90 X47 FULL CPU Air Cooler HTCP/Low Profile CPU Cooler Premium Pure Copper Fins,152.16,44.24,2026-10-05,4.9,0,,0.0,44.24
20261005_134359,2026-10-05T14:07:16.091875+00:00,aliexpress,COOLER,3256804677020178,01MN928 AIO CPU Cooling Fan for Lenovo 520c-24igm 520c-24iwl 520c-24iil 520c-24 All-in-One Computer PC Cooler Fans BAZA0710R5M,83.27,24.21,2026-10-05,5.0,0,,0.0,24.21
20261005_134359,2026-10-05T14:07:16.091875+00:00,aliexpress,COOLER,3256810181711163,Thermalright SI-100 BLACKE&WHITE ARGB Down-Pressure CPU Air Cooler HTCP/Low Profile CPU Cooler,224.12,65.16,2026-10-05,0.0,0,,0.0,65.16
20261005_134359,2026-10-05T14:07:16.091875+00:00,aliexpress,COOLER,3256807404563349,Fehonda LTP81 18W/Mk Cpu Gpu Heat Sink Thermal Putty 12G 50G 100G Insulation High Quality Liquid Thermal Pad For Cooling,58.88,17.12,2026-10-05,4.8,0,,0.0,17.12
20261005_134359,2026-10-05T14:07:16.091875+00:00,aliexpress,COOLER,3256808493803512,JUMPEAK CS120 ARGB Cooling Fan 360mm 240mm Modular Stackable Splicing PWM Silent 120mm RGB Fans For Gaming PC Case Water Cooler,47.88,13.92,2026-10-05,4.9,0,,0.0,13.92
20261005_134359,2026-10-05T14:07:16.091875+00:00,aliexpress,COOLER,3256809981471645,Thermalright Peerless Assassin 120 ARGB Digital Black CPU Air Cooler Supports LGA1851/1700/115X/1200/ AMD AM4/AM5,175.38,50.99,2026-10-05,4.9,0,,0.0,50.99
20261005_134359,2026-10-05T14:07:16.091875+00:00,aliexpress,COOLER,3256811702309080,Jonsbo TX-360 Screen Display Integrated Water Cooling 360mm Radiator ARGB AIO Water Cooler Intel LGA1200 115X 1700 1851 AM5 AM4,436.4,126.88,2026-10-05,0.0,0,,0.0,126.88
20261005_134359,2026-10-05T14:07:16.091875+00:00,aliexpress,COOLER,3256807740395820,Power Train Illusionary Realm Computer Case M-ATX ITX Seaview Room Side Transparent Desktop Chassis Support 240 Water Cooler,143.6,41.75,2026-10-05,4.0,0,,0.0,41.75
20261005_134359,2026-10-05T14:07:16.091875+00:00,aliexpress,COOLER,3256806177028133,METALFISH CPU Cooler PC White Radiator 4PIN PWM Silent ARGB Fan For Intel 1700 1200 1150 1155 1156 1366 2011 AM5 AM4 AM3 x99 x79,94.31,27.42,2026-10-05,4.8,0,,0.0,27.42
20261005_134359,2026-10-05T14:07:16.091875+00:00,aliexpress,COOLER,3256812710753249,4 Heatpipes CPU Air Cooler ARGB PC Processor Silent Cooling Fan for Intel LGA 1366 115X 1700 2011 AMD AM5 AM4 AM3 Ventilador,80.45,23.39,2026-10-05,4.5,0,,0.0,23.39
20261005_134359,2026-10-05T14:07:16.091875+00:00,aliexpress,COOLER,3256805835802663,10.5W/m-k GLE Maxtor Thermal Paste PC CPU GPU PS4 Computer MCU Equipment Game BOX Cooler Fan Thermal Grease,72.78,21.16,2026-10-05,4.8,0,,0.0,21.16
20261005_134359,2026-10-05T14:07:16.091875+00:00,aliexpress,COOLER,3256812546633667,Jonsbo TM-360A All-in-One Liquid Cooler ZA-360 Cooling Fan ARGB Water-cooled Radiator With 3.95-inch Display Screen LGA1851 AM5,474.44,137.94,2026-10-05,5.0,0,,0.0,137.94
20261005_134359,2026-10-05T14:07:16.091875+00:00,aliexpress,COOLER,3256809402681709,Jonsbo TF3-360SCW Water Cooled Radiator Screen Display ARGB Integrated 360 AIO CPU Liquid Cooling TF3-360SC LGA115X 1700 AM4AM5,520.47,151.32,2026-10-05,3.8,0,,0.0,151.32
20261005_134359,2026-10-05T14:07:16.091875+00:00,aliexpress,COOLER,3256805608961834,"Aluminum CPU Radiator Cooler 30 40 80 120 160 200 240 250 300mm Processor PC Laptop Heat Sink,CPU GPU Water Cooling Block",11.66,3.39,2026-10-05,4.9,0,https://www.aliexpress.com/ssr/300000512/BundleDeals2?productIds=1005005795276586:12000034388061754&pha_manifest=ssr&_immersiveMode=true&disableNav=YES&sourceName=SEARCHProduct,0.0,3.39
20261005_134359,2026-10-05T14:07:16.091875+00:00,aliexpress,COOLER,3256811691328853,12V Ultra-Quiet Max Airflow Rate PWM Temperature Control 14cm Chassis  CPU Dual Ball CoolingFan 140x140x25mm Cooler,69.72,20.27,2026-10-05,0.0,0,,0.0,20.27
20261005_134359,2026-10-05T14:07:16.091875+00:00,aliexpress,COOLER,3256812526103962,"Jungle Leopard UltraFlow 360mm AIO CPU Liquid Cooler with 7.0"" LCD Screen, 360° Rotatable Display, ARGB Sync PWM Fans",500.0,145.37,2026-10-05,3.5,0,,0.0,145.37
20261005_134359,2026-10-05T14:07:16.091875+00:00,aliexpress,COOLER,2255800505939465,"PC Water Cooling Aluminum Radiator Multi-Channels, 60mm 80mm 90mm 120mm 240mm 360mm 480mm For Computer LED Beauty Apparatus",30.65,8.91,2026-10-05,4.6,0,,0.0,8.91
20261005_134359,2026-10-05T14:07:16.091875+00:00,aliexpress,COOLER,3256810151879121,Thermalright AXP-90 X36 Black HTCP/Low Profile CPU Cooler  4 heatpipe down-pressure CPU cooler,203.27,59.1,2026-10-05,0.0,0,,0.0,59.1
20261005_134359,2026-10-05T14:07:16.091875+00:00,aliexpress,COOLER,2255800861285291,92mm Blue LED Fan 92x92x25mm DC 12V Led Fan CPU GPU Computer Case Cooling Cooler Fan 4PIN Temperature Control,47.22,13.73,2026-10-05,4.8,0,,0.0,13.73
20261005_134359,2026-10-05T14:07:16.091875+00:00,aliexpress,COOLER,3256806824348811,Jonsbo CR 1400 V2 CPU Cooler 4 Heat Pipes Air Radiator ARGB PWM CPU Cooling Fan PC Heatsink Intel LGA 1700 1200 115X AM4 AM5,115.84,33.68,2026-10-05,0.0,0,,0.0,33.68
20261005_134359,2026-10-05T14:07:16.091875+00:00,aliexpress,COOLER,2251832625355222,BYKSKI 30mm Thick Copper Single Row of Radiator Computer Water Cooling Liquid Heat Exchanger Use for 12cm Fans 120/240/360/480MM,302.33,87.9,2026-10-05,5.0,0,,0.0,87.9
20261005_134359,2026-10-05T14:07:16.091875+00:00,aliexpress,COOLER,3256810197258479,Thermalright BURST ASSASSIN 120 VISION BLACK&WHITE CPU Air Cooler 2.4 Inch Customize LCD System Information Display AGHP 4.0,210.46,61.19,2026-10-05,0.0,0,,0.0,61.19
20261005_134359,2026-10-05T14:07:16.091875+00:00,aliexpress,COOLER,3256811693539414,Delta 7CM 7015 AFB0712VHB 70 * 70 * 15MM Double Ball Fan CPU Cooler,49.22,14.31,2026-10-05,0.0,0,,0.0,14.31
20261005_134359,2026-10-05T14:07:16.091875+00:00,aliexpress,COOLER,3256809538994534,JONSBO ZA-120/240/360 Case Fan 12V 4PIN PWM 5V 3PIN ARGB 120mm Integrated Desktop PC Chassis CPU Water Radiator AIR Cooling Fan,67.1,19.51,2026-10-05,4.9,0,,0.0,19.51
20261005_134359,2026-10-05T14:07:16.091875+00:00,aliexpress,COOLER,3256812612065372,"PC Cabinet 240/360 Uni Fan for AIO Watercooler, One-piece Design Watercooling Radiator Companion, Blades Forward/Reverse",76.7,22.3,2026-10-05,0.0,0,,0.0,22.3
20261005_134359,2026-10-05T14:07:16.091875+00:00,aliexpress,COOLER,3256809540546745,Jonsbo ZB-120/240/360 Computer Case Fan 5V ARGB 120mm Water-Cooled CPU Cooling Fan PWM ZB-360BR Forward/Reverse Fan Kits,61.88,17.99,2026-10-05,4.8,0,,0.0,17.99
20261005_134359,2026-10-05T14:07:16.091875+00:00,aliexpress,COOLER,3256809043568729,9cm 92mm LED Fan 90mm 4PIN PC Desktop Computer Case Cooling Cooler Fan 12V 9225 92x92x25mm GPU CPU Cooler Double Halo Light,57.47,16.71,2026-10-05,5.0,0,,0.0,16.71
20261005_134359,2026-10-05T14:07:16.091875+00:00,aliexpress,COOLER,3256812517642085,Ultra-thin NAS All-in-One Cooler 1150 Socket Side Air Outlet Heat Pipe Dual Ball Bearing CPU Heatsink Compatible i7-1700 i5-1200,91.04,26.47,2026-10-05,0.0,0,,0.0,26.47
20261005_134359,2026-10-05T14:07:16.091875+00:00,aliexpress,COOLER,3256802964834395,240mm 10/18 Tube Computer Water Cooling Radiator G1/4 Female Thread Heat Dissipation for Computer PC CPU Water Cool System,53.69,15.61,2026-10-05,5.0,0,,0.0,15.61
20261005_134359,2026-10-05T14:07:16.091875+00:00,aliexpress,COOLER,3256805707527396,Thermalright AQUA ELITE 360 ARGB CPU Liquid Cooler 5V 3PIN CPU Fan Integrated Water Cooling Radiator For LGA1700 115x AM5,193.61,56.29,2026-10-05,5.0,0,,0.0,56.29
20261005_134359,2026-10-05T14:07:16.091875+00:00,aliexpress,COOLER,3256803388620564,11.2W/mk Maxtor Thermal Paste Grease for AMD Intel Processor CPU Cooler Computer Cooling Fan VGA GPU Compound Heatsink Plaster,139.71,40.62,2026-10-05,5.0,0,,0.0,40.62
20261005_134359,2026-10-05T14:07:16.091875+00:00,aliexpress,COOLER,3256810612508065,ICE Whale WZ-120/240/360 PC Case Fan ARGB Motherboard Sync Combination Structure Cold Exhaust Cooling Fan Ventilador,30.99,9.01,2026-10-05,4.9,0,,0.0,9.01
20261005_134359,2026-10-05T14:07:16.091875+00:00,aliexpress,COOLER,3256808536395805,TEUCER UT Series Tiny Titan Air Cooling Radiator Cooler Low Noise Avoid Memory CPU Fan for AM4 AM5 LGA 2011 1200 1700 X99,158.7,46.14,2026-10-05,4.9,0,,0.0,46.14
20261005_134359,2026-10-05T14:07:16.091875+00:00,aliexpress,COOLER,3256809506984696,TEUCER AF120 Water Cooler LGA 2011 V3 X99 Motherboard CPU Cooler for Intel 1700 1200 1155 AMD AM4 AM5,143.08,41.6,2026-10-05,4.9,0,,0.0,41.6
20261005_134359,2026-10-05T14:07:16.091875+00:00,aliexpress,COOLER,3256808150957983,TEUCER ARGB CPU Case Fan 120mm Low Noise Ultra-thin Design 5V 3PIN Motherboard Lighting Sync PWM 800-2400RPM Case Cooler Fan,39.66,11.53,2026-10-05,4.7,0,,0.0,11.53
20261005_134359,2026-10-05T14:07:16.091875+00:00,aliexpress,COOLER,3256809363283917,"X-GAMERX MK8 Air-Cooled CPU Cooler with 6 Copper Tubes and 2 Fans, 2.8-Inch LCD Screen, DIY Customization",322.01,93.62,2026-10-05,0.0,0,,0.0,93.62
20261005_134359,2026-10-05T14:07:16.091875+00:00,aliexpress,COOLER,3256808843512661,Infinite Mirror ARGB PC Case Cooling Fan 120mm 3in1 Modular Wireless Splicing 12CM Fan For Computer 120 240 360 Water Cooler,37.46,10.89,2026-10-05,4.4,0,,0.0,10.89
20261005_134359,2026-10-05T14:07:16.091875+00:00,aliexpress,COOLER,3256804116952298,NEW ORIGINAL Laptop CPU GPU Cooling Cooler Fan For Asus TUF Gaming FX506 FX506L FX506LI FX506LH FX506LU FA506IU FX706,36.84,10.71,2026-10-05,4.8,0,,0.0,10.71
20261005_134359,2026-10-05T14:07:16.091875+00:00,aliexpress,COOLER,3256812488947582,LOVINGCOOL SC70-360 ARGB CPU Liquid Cooler 6.67-Inch Naked-Eye 3D Super Large Frameless Curved Screen Combined Fan Water Cooler,600.71,174.65,2026-10-05,4.7,0,,0.0,174.65
20261005_134359,2026-10-05T14:07:16.091875+00:00,aliexpress,COOLER,3256804935609308,Thermalright PS120 SE Double Tower 7 Heat Pipe CPU Cooler 4Pin PWM Cooling Dual Fan Air Radiator For LGA1700 1200 1150 AM4 AM5,207.33,60.28,2026-10-05,4.7,0,,0.0,60.28
20261005_134359,2026-10-05T14:07:16.091875+00:00,aliexpress,COOLER,3256810072490135,Gdstime 60mm Fan 6020 12V 24V DC Brushless Fan 60x60x20mm Dual Ball Bearing Axial Cooling Fan 6cm CPU Cooler 2PIN PC Case Fan,16.23,4.72,2026-10-05,4.8,0,,0.0,4.72
20261005_134359,2026-10-05T14:07:16.091875+00:00,aliexpress,COOLER,3256809740119702,ID-COOLING NO-12015-XT-ARGB Case Fan 15mm Thickness PWM Fan ARGB Lighting for Radiator/CPU Cooler/Computer Case,37.18,10.81,2026-10-05,4.9,0,,0.0,10.81
20261005_134359,2026-10-05T14:07:16.091875+00:00,aliexpress,COOLER,3256809581636161,"Shiny Snake G300 MESH 16.8L MATX Chassis, 340mm GPU, ATX PSU, 240/280 AIO Compatible, 164mm Air Cooler, Max. 3 Cooling Fans",419.17,121.87,2026-10-05,5.0,0,,0.0,121.87
20261005_134359,2026-10-05T14:07:16.091875+00:00,aliexpress,COOLER,3256809417421584,BARROW Water Cooling kit 240mm 360mm Radiator+17W PWM Pump+Fan+Hose fittings ID10mm + OD13mm Integrated Liquid Heat GCI-T2 CPI-T,691.41,201.02,2026-10-05,4.0,0,,0.0,201.02
20261005_134359,2026-10-05T14:07:16.091875+00:00,aliexpress,COOLER,2255800121035559,2 Pieces 60mm 6015 5V 12V 24V Brushless USB 2PIN 3PIN DC Cooler Fan 60x60x15mm 6015 6cm For Computer PC CPU Case Cooling,33.12,9.63,2026-10-05,4.2,0,,0.0,9.63
20261005_134359,2026-10-05T14:07:20.240219+00:00,aliexpress,COOLER,3256806853316592,JONSBO CR-1400 EVO ARGB CPU Cooling Fan 4 Heat Pipe Cooler PWM Processador Air Cooler For intel LGA1700 1200 115X AMD AM4 AM5,91.56,26.62,2026-10-05,4.9,0,,0.0,26.62
20261005_134359,2026-10-05T14:07:20.240219+00:00,aliexpress,COOLER,3256807290155247,AMD Ryzen Wraith Cooler Wraith Stealth Fan Original New 4 PIN Can support R3 R5 CPU Can support AM4 Motherboard,32.09,9.33,2026-10-05,4.9,0,https://www.aliexpress.com/ssr/300000512/BundleDeals2?productIds=1005007476469999:12000040910419636&pha_manifest=ssr&_immersiveMode=true&disableNav=YES&sourceName=SEARCHProduct,0.0,9.33
20261005_134359,2026-10-05T14:07:20.240219+00:00,aliexpress,COOLER,3256808243788542,120MM CPU Air Cooler 4PIN PWM Cooling PC Radiator Fan for Intel 2011 1700 1200 1150 1155 1156 X79 X99 AM3 AM4 Ventilador,38.97,11.33,2026-10-05,4.9,0,https://www.aliexpress.com/ssr/300000512/BundleDeals2?productIds=1005008430103294:12000045059717402&pha_manifest=ssr&_immersiveMode=true&disableNav=YES&sourceName=SEARCHProduct,0.0,11.33
20261005_134359,2026-10-05T14:07:20.240219+00:00,aliexpress,COOLER,3256811751682728,Laptop CPU GPU Cooling Fan Cooler Radiator for ASUS TUF Gaming FX505 A15 FA506IU FX506 FX506LU FX506LH Replacement Fan,3.75,1.09,2026-10-05,5.0,0,,0.0,1.09
20261005_134359,2026-10-05T14:07:20.240219+00:00,aliexpress,COOLER,3256811557491566,CPU Air Cooler 6Heatpipes PC Processor Ventilador for Intel LGA 1700 2011 1200 1366 115X X79 X99 AMD AM3 AM5 AM4 Cooler,51.18,14.88,2026-10-05,4.9,0,,0.0,14.88
20261005_134359,2026-10-05T14:07:20.240219+00:00,aliexpress,COOLER,3256812435974290,CPU Air Cooler 4PIN PWM PC Processors Silent Cooling Fan for Intel 775 1150/1151/1155/1156/1700/1200/1366 Ventilador,17.03,4.95,2026-10-05,5.0,0,,0.0,4.95
20261005_134359,2026-10-05T14:07:20.240219+00:00,aliexpress,COOLER,3256812446530367,8Heat Pipes CPU Air Cooler AM4 5V-3PIN TDP 250W ARGB Cooling Fan For Intel LGA 1150 1151 1155 1156 1366 1700 2011 X99 AMD AM5,141.54,41.15,2026-10-05,5.0,0,,0.0,41.15
20261005_134359,2026-10-05T14:07:20.240219+00:00,aliexpress,COOLER,3256812885961514,Thermal Pads Silicone Heat Dissipation Mat 0.5-3.0mm Thickness for PC GPU CPU Laptop Cooler 100x100mm High Performance 21W/mK,3.85,1.12,2026-10-05,0.0,0,,0.0,1.12
20261005_134359,2026-10-05T14:07:20.240219+00:00,aliexpress,COOLER,3256810210810933,X99 RGB CPU Air-Cooled Cooler 3PIN/4PIN PC Processor Radiator For Intel LGA 1151 1155 1200 X99 1700 2011 AM5 AM3 AM4 Ventilador,12.62,3.67,2026-10-05,4.8,0,,0.0,3.67
20261005_134359,2026-10-05T14:07:20.240219+00:00,aliexpress,COOLER,3256808495288200,NEW ORIGINAL CPU COOLING FAN For ADDA AY04512UB11B300 AY07012XB159300 AD6512HB-TB3 AB9812HB-PB3 DC 12V,64.63,18.79,2026-10-05,0.0,0,,0.0,18.79
20261005_134359,2026-10-05T14:07:20.240219+00:00,aliexpress,COOLER,3256808511226804,Laptop CPU Cooling Fan for B8210ASMSF2100TD BAZD0810R5HY008 FRFFT 089FT8 Dell Inspiron 7710 5410 AIO CPU FAN,70.65,20.54,2026-10-05,0.0,0,,0.0,20.54
20261005_134359,2026-10-05T14:07:20.240219+00:00,aliexpress,COOLER,3256807459569744,Fehonda LTP81 18W/mK Thermal Putty High Thermal Conductivity Thermal Conductive Gel Liquid Thermal Pads For MOS VRM CPU GPU PS4,57.06,16.59,2026-10-05,4.9,0,,0.0,16.59
20261005_134359,2026-10-05T14:07:20.240219+00:00,aliexpress,COOLER,2251832641626885,CPU GPU cooler Fan For DELL Inspiron 9400 M6300 6400 E1501 E1505 M170 M1710 M90 PP05XA PP05XB MCF-J01BM05-2 MCF-J02AM05-21501,37.66,10.95,2026-10-05,4.5,0,,0.0,10.95
20261005_134359,2026-10-05T14:07:20.240219+00:00,aliexpress,COOLER,3256806904256504,AMD Ryzen Original Heat Sink Wraith Spire/Prism/Stealth Ghost Prism RGB Heat Sink Ghost Prism (RGB Copper Bottom with Light) New,113.02,32.86,2026-10-05,4.9,0,,0.0,32.86
20261005_134359,2026-10-05T14:07:20.240219+00:00,aliexpress,COOLER,3256812374810277,4Heat Pipes CPU Air Cooler PC Silent Cooling Fan For Intel 1700 1200 1150 1155 1156 1366 2011 X79 X99 5V-3PIN ARGB Ventilador,46.64,13.56,2026-10-05,5.0,0,,0.0,13.56
20261005_134359,2026-10-05T14:07:20.240219+00:00,aliexpress,COOLER,3256804515710600,12W/mk Maxtor Thermal Paste Grease for AMD Intel Processor CPU Cooler Computer Cooling Fan VGA GPU Compound Heatsink Plaster,121.83,35.42,2026-10-05,4.8,0,,0.0,35.42
20261005_134359,2026-10-05T14:07:20.240219+00:00,aliexpress,COOLER,3256807527526964,Jonsbo CR1200 CPU Cooler 2 Heat Pipe Tower RGB Colorful Light Effect 9cm Fan PC Radiator For Inter LGA115X 1200 1700 AMD AM4,36.56,10.63,2026-10-05,4.7,0,,0.0,10.63
20261005_134359,2026-10-05T14:07:20.240219+00:00,aliexpress,COOLER,3256803852658555,RGB APA1225M12 fan PWM range of 1500-2500 RPM FOR MSI MAG CORELIQUID 240R 360R whispering noise Frost integrated CPU Water fan,93.69,27.24,2026-10-05,0.0,0,,0.0,27.24
20261005_134359,2026-10-05T14:07:20.240219+00:00,aliexpress,COOLER,3256807418551524,Laptop Replacement CPU Fan YY6004H05S DC5V 0.5A New,98.23,28.56,2026-10-05,3.4,0,,0.0,28.56
20261005_134359,2026-10-05T14:07:20.240219+00:00,aliexpress,COOLER,3256807794974047,20Pcs YOUNUON Black 40mm heatsink 40 x 40 x 10mm 11mm Aluminum CPU CPU Card Cooling Cooler Heat Sink Heatsink,80.38,23.37,2026-10-05,5.0,0,,0.0,23.37
20261005_134359,2026-10-05T14:07:20.240219+00:00,aliexpress,COOLER,3256807688833235,NEW FAN FOR Mini PC CPU Compatible BF8512H05S DC5V 0.5A New,118.87,34.56,2026-10-05,5.0,0,,0.0,34.56
20261005_134359,2026-10-05T14:07:20.240219+00:00,aliexpress,COOLER,3256808904528512,New Original Laptop/Notebook CPU Cooling Fan For AURAS BC04505LMSOAA DC5V 0.40AMP 4pin,54.55,15.86,2026-10-05,0.0,0,,0.0,15.86
20261005_134359,2026-10-05T14:07:20.240219+00:00,aliexpress,COOLER,3256806049865477,NEW FAN FOR L99784-001 002 HP AIO 24-K 27-D 27-D0044 27-D0001LA 27-D0001UR 27-D0709D 27-D0005NB 6033B0080601 BSB1012HD-00FZ9 12V,97.44,28.33,2026-10-05,0.0,0,,0.0,28.33
20261005_134359,2026-10-05T14:07:20.240219+00:00,aliexpress,COOLER,3256805798985764,4PCS Silicone Thermal Pads 100X100X0.5MM 1MM 1.5MM 2MM 2.5MM 3MM 4MM 5MM Heat Sink For GPU CPU PC LED Cooler Conduction Blue,57.89,16.83,2026-10-05,5.0,0,,0.0,16.83
20261005_134359,2026-10-05T14:07:20.240219+00:00,aliexpress,COOLER,3256812262998953,X99 CPU Air Cooler 4PIN PWM 2 Heat-pipes RGB  CPU Fan for LGA 1366 1150 1155 11561200 1700 X79 2011 AM2 AM3 AM4 AM5 PC Radiator,12.0,3.49,2026-10-05,4.0,0,,0.0,3.49
20261005_134359,2026-10-05T14:07:20.240219+00:00,aliexpress,COOLER,3256811434793753,QUIETAI AZ-770 CPU Cooler 7 Heat Pipes Air Cooling Mode Compatible with AMD Intel LGA 2066 2011 1700 1851,189.79,55.18,2026-10-05,5.0,0,,0.0,55.18
20261005_134359,2026-10-05T14:07:20.240219+00:00,aliexpress,COOLER,3256808895879242,2PCS 5V USB Brushless Blower Cooling Fan USB Ventiliator Computer Case Cooler  PBT CPU Radiator USB Fan PC USB Gadgets,31.09,9.04,2026-10-05,5.0,0,,0.0,9.04
20261005_134359,2026-10-05T14:07:20.240219+00:00,aliexpress,COOLER,3256809326807082,Ruix X2000 Air CPU Cooler 2 Heatpipes Radiator Cooling RainbowRGB 3PIN Fan Quiet Ventilador For Intel 115X 1200 1700 AM4 AM5 AMD,17.37,5.05,2026-10-05,5.0,0,,0.0,5.05
20261005_134359,2026-10-05T14:07:20.240219+00:00,aliexpress,COOLER,3256803106017969,JONSBO CR-1400 White 4 Heat Pipe Tower 5V ARGB CPU Cooler ITX Air-cooled Intel LGA1700 115X 1200 AM4 Quiet Cooling Fan Radiator,91.8,26.69,2026-10-05,5.0,0,,0.0,26.69
20261005_134359,2026-10-05T14:07:20.240219+00:00,aliexpress,COOLER,3256807723198395,Noctua NH-L9a-AM4/NH-L9i 92mm Fan AMD AM4 Platform CPU Cooler 37mm Height NH-L9a-AM4 Tower Radiator 6 Years Warranty,218.1,63.41,2026-10-05,5.0,0,,0.0,63.41
20261005_134359,2026-10-05T14:07:20.240219+00:00,aliexpress,COOLER,3256804630811812,NEW ORIGINAL Laptop Replacement CPU GPU Cooling Cooler Fan For ASUS FA506 FA506IV FA706 TUF A15 F15,28.51,8.29,2026-10-05,5.0,0,,0.0,8.29
20261005_134359,2026-10-05T14:07:20.240219+00:00,aliexpress,COOLER,3256810188700200,ID-COOLING IS-40X V3 45mm Height 4 Heat Pipe CPU Cooler 12V 4PIN PWM Low Noise Fan Support Intel LGA1700/1200 AMD AM4/AM5,69.1,20.09,2026-10-05,4.3,0,,0.0,20.09
20261005_134359,2026-10-05T14:07:20.240219+00:00,aliexpress,COOLER,3256806447399303,F​or ASUS GeForce RTX 4080 4090 TUF Video Card Fan Original RTX4080 RTX4090 Replacement Graphics Card GPU Heatsink,474.89,138.07,2026-10-05,0.0,0,,0.0,138.07
20261005_134359,2026-10-05T14:07:20.240219+00:00,aliexpress,COOLER,3256807684304922,PLA09215S12H 12V 0.55A 4Pin 87mm VGA Fan For GIGABYTE RTX3080 3080ti 3090 EAGLE Graphics Card Cooler Cooling Fan,120.97,35.17,2026-10-05,0.0,0,,0.0,35.17
20261005_134359,2026-10-05T14:07:20.240219+00:00,aliexpress,COOLER,3256801512877339,2 Pieces 60mm 5V 12V 24V Brushless USB 2PIN 3PIN DC Cooler Fan 60x60x15mm 6015 6cm For Computer PC CPU Case Cooling,3.92,1.14,2026-10-05,5.0,0,,0.0,1.14
20261005_134359,2026-10-05T14:07:20.240219+00:00,aliexpress,COOLER,3256804475368806,H3C 3600 5600 switch S5500 4020 40mm cooling fan 12V 0.15A EFB0412HHD  for wholesale,3.75,1.09,2026-10-05,3.5,0,,0.0,1.09
20261005_134359,2026-10-05T14:07:20.240219+00:00,aliexpress,COOLER,3256807462002745,Antec A37 Push-down Pressure Profile CPU Cooler 4 Heat Pipes Air Cooling Radiator 90mm 4Pin LGA1700 PWM Fan For ITX Small Case,61.22,17.8,2026-10-05,4.6,0,,0.0,17.8
20261005_134359,2026-10-05T14:07:20.240219+00:00,aliexpress,COOLER,3256809727062064,Thermalright HR-10 2280 PRO M.2 SSD Heat Sink 4 AGHP HeatPipes Solid State Drive Radiator Support PCI-E5.0 Thermal Pad Cooler,59.23,17.22,2026-10-05,5.0,0,,0.0,17.22
20261005_134359,2026-10-05T14:07:20.240219+00:00,aliexpress,COOLER,3256804035268537,Thermal Grizzly Conductonaut 73W/mk High Thermal Conductivity Liquid Metal Thermal Paste for Cooling The CPU GPU,78.08,22.7,2026-10-05,4.6,0,,0.0,22.7
20261005_134359,2026-10-05T14:07:20.240219+00:00,aliexpress,COOLER,3256810558140443,XUANFENG 4/6 Heat Pipe Cooler Air-cooled Suitable For Compatible LGA1200 1700 1851 115x 2011 2066 X99 E5 CPU Processor 120mm Fan,60.74,17.66,2026-10-05,5.0,0,,0.0,17.66
20261005_134359,2026-10-05T14:07:20.240219+00:00,aliexpress,COOLER,3256811909803261,Durable DC12v PCI Slot Blower Mini Size 4pin Interface CPU Case Fan Mini System Fan Computer Case,3.75,1.09,2026-10-05,3.5,0,,0.0,1.09
20261005_134359,2026-10-05T14:07:20.240219+00:00,aliexpress,COOLER,2251832451956292,Free Shipping KDE2409PTB1-6A 24V 3.6W 90*90*25mm Cooler Cooling Inverter Fan,74.84,21.76,2026-10-05,0.0,0,,0.0,21.76
20261005_134359,2026-10-05T14:07:20.240219+00:00,aliexpress,COOLER,3256807281831801,GPU CPU Cooling Fan for ASUS TUF Gaming A15 FA506 IV FA506IU FA506IH FX506 IU FX506LH Cooler Radiator Replacement Laptop Part,48.02,13.96,2026-10-05,5.0,0,,0.0,13.96
20261005_134359,2026-10-05T14:07:20.240219+00:00,aliexpress,COOLER,3256812660183896,"TE-75 ARGB CPU Cooler, 75mm Low Profile Air Cooling Radiator, 5V 3Pin Addressable RGB Silent Computer Heatsink Compatible with AM5 AM4 LGA1700 LGA1200 LGA2011 X99 ITX Mini PC Desktop Gaming Processor ",116.74,33.94,2026-10-05,0.0,0,,0.0,33.94
20261005_134359,2026-10-05T14:07:20.240219+00:00,aliexpress,COOLER,3256809570779234,Power Train X-GAMERX MK2 CPU Cooler 6 Heat Pipe ARGB Cooling Computer Tower Air Radiator Intel LGA1851 1700 1200 115X AM5 AM4,109.62,31.87,2026-10-05,3.7,0,,0.0,31.87
20261005_134359,2026-10-05T14:07:20.240219+00:00,aliexpress,COOLER,2251832026247266,New 1U Square LGA2011 CPU Cooler Server Heatsink For LGA 2011 2066 Socket Shape With 8015MM Fan TDP Up to 125W Mount Pitch 80MM,80.83,23.5,2026-10-05,5.0,0,,0.0,23.5
20261005_134359,2026-10-05T14:07:20.240219+00:00,aliexpress,COOLER,3256805826457977,XUANFENG Computer Cooler Processor Air Cooling 4 Heat Pipe 90mm 4 Pin/PWM CPU Fan Compatible LGA 2011 2066 X99 E5 1200 115x 1700,75.84,22.05,2026-10-05,4.2,0,,0.0,22.05
20261005_134359,2026-10-05T14:07:20.240219+00:00,aliexpress,COOLER,3256807087720689,DeepCool AK620 Twin Towers CPU Air Cooler 6 Heatpipes White Dual Cooling Fans Radiator For LGA1700 2011-v3 115X 1200 AMD AM4 AM5,302.3,87.89,2026-10-05,5.0,0,,0.0,87.89
20261005_134359,2026-10-05T14:07:20.240219+00:00,aliexpress,COOLER,3256807246352582,6 Heat Pipes CPU Air Cooler 4Pin PWM PC Procesor Tower Cooler for Intel LGA 1700 1200 1150 1151 1155 2011 X79 X99 1366 AM5 AM4,99.78,29.01,2026-10-05,4.1,0,,0.0,29.01
20261005_134359,2026-10-05T14:07:20.240219+00:00,aliexpress,COOLER,3256807517078575,UPSIREN Walrus Assassin 90 Digital Display 4 Heatpipe CPU Cooler 92mm Cooling Fan Radiator Air Cooler  For LGA1700/1200 AM4 AM5,90.22,26.23,2026-10-05,4.9,0,,0.0,26.23
20261005_134359,2026-10-05T14:07:20.240219+00:00,aliexpress,COOLER,3256810173664178,CPU Cooling Fan for Delta 12V 0.07A 3Pin Aluminium Alloy ABS Light Durable CPU Cooling Fan for Internal TV Fan KDB04112HB,3.75,1.09,2026-10-05,4.3,0,,0.0,1.09
20261005_134359,2026-10-05T14:07:20.240219+00:00,aliexpress,COOLER,3256811649993873,JONSBO CC90 CPU Air Cooler 6 Heat Pipe Digital Display Dual Tower CPU Cooler For LGA115X 1700 1200 1851 AM4 AM5,246.17,71.57,2026-10-05,0.0,0,,0.0,71.57
20261005_134359,2026-10-05T14:07:20.240219+00:00,aliexpress,COOLER,3256809508253518,UPSIREN WALRUS NEON 90 Digital Display CPU air cooling radiator/ARGB digital display screen/Supports LGA1851/1700/115X/AM5/AM4,86.13,25.04,2026-10-05,4.7,0,,0.0,25.04
20261005_134359,2026-10-05T14:07:20.240219+00:00,aliexpress,COOLER,3256807517002381,"UPSIREN Walrus Guard 120 Digital display radiator，ARGB 4 heat pipe chassis air cooling radiator,Support LGA1700/115X/AM4/AM5",111.2,32.33,2026-10-05,5.0,0,,0.0,32.33
20261005_134359,2026-10-05T14:07:20.240219+00:00,aliexpress,COOLER,3256807723053739,NOCTUA NH-P1 Passive CPU Radiator 6 Heat Pipes Support Dual Platform Fanless  NH-P1 Passive Radiator 6 Years Warranty,492.3,143.13,2026-10-05,5.0,0,,0.0,143.13
20261005_134359,2026-10-05T14:07:20.240219+00:00,aliexpress,COOLER,3256812319967218,BAJEAL P3 Universal CPU Fan for Desktop Computers Silent Cooling System Compatible with AMD 1155 Intel P3 Multi-Platform,7.91,2.3,2026-10-05,0.0,0,,0.0,2.3
20261005_134359,2026-10-05T14:07:20.240219+00:00,aliexpress,COOLER,3256805663117022,Mini ITX Case CPU Air Cooler Ultra-thin H39mm 4 Copper Heatpipes CPU Radiator 4Pin PWM For AMD AM4/ Intel 115X 1700 Platforms,59.13,17.19,2026-10-05,3.7,0,,0.0,17.19
20261005_134359,2026-10-05T14:07:20.240219+00:00,aliexpress,COOLER,3256812630502809,45mm Ultra Thin TEUCER UT45 CPU Air Cooler For ITX Compact Chassis Built-in UT12015 FDB Bearing Quiet Fan Multi-platform Support AMD AM4 AM5 Intel LGA1200 1700 2011 X99 High Efficiency Heat Dissipatio,43.2,12.56,2026-10-05,0.0,0,,0.0,12.56
20261005_134359,2026-10-05T14:07:20.240219+00:00,aliexpress,COOLER,3256802685635073,COOLSERVER 1U1CA 1U CPU Server Cooler Thin heat sink for LGA2011 LAG115X Server/Workstation Heatsink,98.58,28.66,2026-10-05,3.0,0,,0.0,28.66
20261005_134359,2026-10-05T14:07:32.399106+00:00,amazon_usa,CASE,B0D5PHHCK5,"MONTECH XR Panoramic ATX Gaming PC Case, Mid Tower, 3 ARGB PWM Fans, Black",70.61,20.53,2026-10-05,4.7,781,https://www.amazon.com/MONTECH-Panoramic-High-Airflow-Black/dp/B0D5PHHCK5,0.0,20.53
20261005_134359,2026-10-05T14:07:32.399106+00:00,amazon_usa,CASE,B0F2T66QC9,Lian Li V100-ATX Mid-Tower PC Case-Black-V100RX,75.77,22.03,2026-10-05,4.8,616,https://www.amazon.com/Lian-Li-Mid-Tower-Pre-Installed-Optimized/dp/B0F2T66QC9,0.0,22.03
20261005_134359,2026-10-05T14:07:32.399106+00:00,amazon_usa,CASE,B0D4QVMBTP,"DARKROCK EC2 ATX Mid Tower Gaming Computer PC Case, Type-C Ready",55.55,16.15,2026-10-05,4.4,597,https://www.amazon.com/DARKROCK-Black-Tower-Type-C-Ready/dp/B0D4QVMBTP,0.0,16.15
20261005_134359,2026-10-05T14:07:32.399106+00:00,amazon_usa,CASE,B09V8HNWW9,Fractal Design North Charcoal Black Tempered Glass Dark - Genuine Walnut Wood Front - Glass Side Panel - Two 140mm Aspect PWM Fans Included - Type C USB - ATX Airflow Mid Tower PC Gaming Case,125.27,36.42,2026-10-05,4.7,3500,https://www.amazon.com/Fractal-Design-North-Slate-Light/dp/B09V8HNWW9,0.0,36.42
20261005_134359,2026-10-05T14:07:32.399106+00:00,amazon_usa,CASE,B09MKNW18F,"MUSETEX ATX PC Case Pre-Install 6 PWM ARGB Fans, Polygonal Mesh Computer Gaming Case, Opening Tempered Glass Side Panel Mid-Tower Case, USB 3.0 x 2, Black, NN8",66.69,19.39,2026-10-05,4.6,1400,https://www.amazon.com/MUSETEX-Mid-Tower-Polygonal-Computer-Tempered/dp/B09MKNW18F,0.0,19.39
20261005_134359,2026-10-05T14:07:32.399106+00:00,amazon_usa,CASE,B0GZYB9ZVB,"Zalman S6 High Airflow ATX Mid-Tower Gaming PC Case, 4 RGB Fans, Black",60.6,17.62,2026-10-05,0.0,0,https://www.amazon.com/Zalman-S6-Airflow-Mid-Tower-Black/dp/B0GZYB9ZVB,0.0,17.62
20261005_134359,2026-10-05T14:07:32.399106+00:00,amazon_usa,CASE,B0G8Z1CM77,"MUSETEX Y6 PC Case, Pre-Installed 7 Infinity Mirror PWM ARGB Fans, ATX Mid Tower Computer Case, Gaming PC Case with Type-C, 270° Full View Tempered Glass, Black",90.94,26.44,2026-10-05,4.4,292,https://www.amazon.com/MUSETEX-Y6-Pre-Installed-Infinity-Computer/dp/B0G8Z1CM77,0.0,26.44
20261005_134359,2026-10-05T14:07:32.399106+00:00,amazon_usa,CASE,B0D1MM3961,Thermaltake View 270 Plus TG ARGB Black Mid Tower E-ATX Case; 3x120mm ARGB Fans Included; Support Up to 360mm Radiator; Front & Side Dual Tempered Glass Panel; CA-1Y7-00M1WN-01; 3 Year Warranty,69.72,20.27,2026-10-05,4.6,367,https://www.amazon.com/Included-Radiator-Tempered-CA-1Y7-00M1WN-01-Warranty/dp/B0D1MM3961,0.0,20.27
20261005_134359,2026-10-05T14:07:32.399106+00:00,amazon_usa,CASE,B0FKZ5FVG1,"MUSETEX ATX PC Case 7 PWM ARGB Fans Pre-Installed, Type-C Mid Tower Computer Case with Full-View Dual Tempered Glass, Gaming PC Case, Black(K2)",90.94,26.44,2026-10-05,4.6,1200,https://www.amazon.com/MUSETEX-Pre-Installed-Computer-Full-View-K2/dp/B0FKZ5FVG1,0.0,26.44
20261005_134359,2026-10-05T14:07:32.399106+00:00,amazon_usa,CASE,B0D2MK6NML,NZXT H5 Flow - Compact ATX Mid-Tower PC Case - Black,70.72,20.56,2026-10-05,4.7,1200,https://www.amazon.com/NZXT-Flow-2024-Mid-Tower-Management/dp/B0D2MK6NML,0.0,20.56
20261005_134359,2026-10-05T14:07:32.399106+00:00,amazon_usa,CASE,B0DMPFLHJZ,ASUS A31 ATX Mid-Tower PC Case,65.66,19.09,2026-10-05,4.7,68,https://www.amazon.com/ASUS-A31-Black-Dual-Sided-Connectors/dp/B0DMPFLHJZ,0.0,19.09
20261005_134359,2026-10-05T14:07:32.399106+00:00,amazon_usa,CASE,B0DJPV8XG3,"Lian Li O11 Vision Compact ATX PC Case, Back-Connect, Black (O11VPX)",126.3,36.72,2026-10-05,4.8,492,https://www.amazon.com/Lian-Li-Black-Steel-Tempered-Case-Back-Support-O11VPX/dp/B0DJPV8XG3,0.0,36.72
20261005_134359,2026-10-05T14:07:32.399106+00:00,amazon_usa,CASE,B0H5F8GYQF,"MONTECH TG3 Panoramic ATX PC Case, Back-Connect Ready & 4 ARGB Fans, Black",67.59,19.65,2026-10-05,4.7,54,https://www.amazon.com/MONTECH-Panoramic-Back-Connect-Ready-Black/dp/B0H5F8GYQF,0.0,19.65
20261005_134359,2026-10-05T14:07:32.399106+00:00,amazon_usa,CASE,B0G65G7GNB,"PC CASE 6 PWM ARGB Fans Pre-Installed, Mid-Tower Gaming PC Case, Panoramic Tempered Glass Computer Case with Type-C,360mm Radiator Support,Black,G8",75.77,22.03,2026-10-05,4.1,43,https://www.amazon.com/ANSAITE-Pre-Installed-Mid-Tower-Panoramic-Tempered/dp/B0G65G7GNB,0.0,22.03
20261005_134359,2026-10-05T14:07:32.399106+00:00,amazon_usa,CASE,B08T1VC921,Fractal Design Pop XL Air RGB Black Tempered Glass Clear Tint,96.99,28.2,2026-10-05,4.7,610,https://www.amazon.com/Fractal-Design-Black-Tempered-Glass/dp/B08T1VC921,0.0,28.2
20261005_134359,2026-10-05T14:07:36.094928+00:00,amazon_usa,CASE,B0C3H3QR8Q,"MOROVOL PC Case Pre-Install 4 RGB Fans, ATX Gaming Computer Case with Diamond-Shaped Mesh Front & Tempered Glass Side Panel, USB 3.0 Airflow Mid Tower case,621",50.53,14.69,2026-10-05,4.2,428,https://www.amazon.com/MOROVOL-Pre-Install-Computer-Diamond-Shaped-Tempered/dp/B0C3H3QR8Q,0.0,14.69
20261005_134359,2026-10-05T14:07:36.094928+00:00,amazon_usa,CASE,B0G8YXGFF2,"MUSETEX Y6 PC Case, Pre-Installed 4 Non-LED Fans, ATX Mid Tower Case, Computer Case with Type-C, 270° Full View Tempered Glass, Black",59.61,17.33,2026-10-05,4.7,725,https://www.amazon.com/MUSETEX-Y6-Pre-Installed-Computer-Tempered/dp/B0G8YXGFF2,0.0,17.33
20261005_134359,2026-10-05T14:07:36.094928+00:00,amazon_usa,CASE,B0H82BXTNY,"Rosewill ATX Mid Tower Gaming Computer PC Case, Tempered Glass, Built-in 4 x 120mm PWM Fans, Front Airflow Mesh, Up to 6 x120mm Fans, 340mm GPU/VGA, 360mm AIO/Radiator, 160mm CPU Cooler - RWGC1",60.6,17.62,2026-10-05,4.6,29,https://www.amazon.com/Rosewill-Computer-Tempered-Airflow-Radiator/dp/B0H82BXTNY,0.0,17.62
20261005_134359,2026-10-05T14:07:36.094928+00:00,amazon_usa,CASE,B0F2T9777V,Lian Li V100-ATX Mid-Tower PC Case-White-V100RW,80.83,23.5,2026-10-05,4.8,616,https://www.amazon.com/Lian-Li-Mid-Tower-Pre-Installed-Optimized/dp/B0F2T9777V,0.0,23.5
20261005_134359,2026-10-05T14:07:36.094928+00:00,amazon_usa,CASE,B0CKX7V2ST,Vetroo Black AL800 Mid Tower ATX Gaming PC Computer Case,55.55,16.15,2026-10-05,4.4,243,https://www.amazon.com/VETROO-AL800-Full-Tower-Computer/dp/B0CKX7V2ST,0.0,16.15
20261005_134359,2026-10-05T14:07:36.094928+00:00,amazon_usa,CASE,B0DF6RXQTX,Thermaltake Tower 600 Black Mid-Tower ATX Case; 3 Tempered Glass Panels; Hidden-Connector Motherboard Support; Rotational PCI-e Slots; CA-1Z1-00M1WN-00; 3 Year Warranty,171.77,49.94,2026-10-05,4.5,404,https://www.amazon.com/Thermaltake-Hidden-Connector-Motherboard-Rotational-CA-1Z1-00M1WN-00/dp/B0DF6RXQTX,0.0,49.94
20261005_134359,2026-10-05T14:07:36.094928+00:00,amazon_usa,CASE,B0F6QH92NG,"Zalman RAVN Compact ATX Mid-Tower Gaming PC Case, RGB Lighting Strip, Black",44.44,12.92,2026-10-05,4.5,111,https://www.amazon.com/Zalman-Raven-Mid-Tower-Gaming-Case/dp/B0F6QH92NG,0.0,12.92
20261005_134359,2026-10-05T14:07:36.094928+00:00,amazon_usa,CASE,B0G8YG55VP,"MUSETEX Y6 PC Case, Pre-Installed 7 Infinity Mirror PWM ARGB Fans, ATX Mid Tower Computer Case, Gaming PC Case with Type-C, 270° Full View Tempered Glass, White",90.94,26.44,2026-10-05,4.6,1000,https://www.amazon.com/MUSETEX-Y6-Pre-Installed-Infinity-Computer/dp/B0G8YG55VP,0.0,26.44
20261005_134359,2026-10-05T14:07:36.094928+00:00,amazon_usa,CASE,B0FD3X2TB2,"H1 HYXN ATX PC Case - Pre-Installed with 7 PWM ARGB Fans - Dual Cavity Mid-Tower PC Gaming Case - with Type-C - Can Hold up to 3X 360mm Radiator Support simultaneously (Black, H1)",85.88,24.97,2026-10-05,4.5,292,https://www.amazon.com/HYXN-ATX-Case-Pre-Installed-simultaneously/dp/B0FD3X2TB2,0.0,24.97
20261005_134359,2026-10-05T14:07:36.094928+00:00,amazon_usa,CASE,B0F2T74ZBX,Lian Li Vector V100 ATX Mid-Tower PC Case-Tempered Glass-Black-V100X,60.6,17.62,2026-10-05,4.6,133,https://www.amazon.com/Lian-Li-Mid-Tower-Platform-Optimized/dp/B0F2T74ZBX,0.0,17.62
20261005_134359,2026-10-05T14:07:36.094928+00:00,amazon_usa,CASE,B0FMDKDKFS,"Lian Li LANCOOL 217 INF Mid-Tower ATX PC Case, Black (LANCOOL 217INFX)",126.3,36.72,2026-10-05,4.7,89,https://www.amazon.com/Lian-Li-Mid-Tower-Pre-Installed-Optimized/dp/B0FMDKDKFS,0.0,36.72
20261005_134359,2026-10-05T14:07:36.094928+00:00,amazon_usa,CASE,B0BN3SY5XW,"LIAN LI LANCOOL 216 RGB Black ATX Mid-Tower Case, 2x160mm ARGB Fans",101.02,29.37,2026-10-05,4.7,987,https://www.amazon.com/Lian-Li-LANCOOL-216-Case-Black/dp/B0BN3SY5XW,0.0,29.37
20261005_134359,2026-10-05T14:07:36.094928+00:00,amazon_usa,CASE,B0C98RFQXJ,"Montech AIR 903 Series, E-ATX Mid Tower Case, High Airflow, Fans Pre-Installed Gaming case (Air 903 Base Black)",65.69,19.1,2026-10-05,4.7,192,https://www.amazon.com/Montech-Base-Midi-Tower-Tempered-Glass/dp/B0C98RFQXJ,0.0,19.1
20261005_134359,2026-10-05T14:07:36.094928+00:00,amazon_usa,CASE,B0DJPY63XL,"Lian Li O11 Vision Compact ATX PC Case, Back-Connect, White (O11VPW)",126.3,36.72,2026-10-05,4.6,370,https://www.amazon.com/Lian-Li-O11Vision-White-Steel-Tempered-Support-O11VPW/dp/B0DJPY63XL,0.0,36.72
20261005_134359,2026-10-05T14:07:36.094928+00:00,amazon_usa,CASE,B0CQJGG4JT,"darkFlash ATX Mid-Tower PC Case, Pre-Install 4 PWM ARGB Fans Computer Case, Full View Dual Tempered Glass Gaming PC Case, Type C Port, Supports up to 360mm Water Cooling Radiator, Black(DS900)",97.89,28.46,2026-10-05,4.5,334,https://www.amazon.com/darkFlash-Mid-Tower-Pre-Install-Computer-DS900/dp/B0CQJGG4JT,0.0,28.46
20261005_134359,2026-10-05T14:07:36.094928+00:00,amazon_usa,CASE,B0F8HK5C8J,"Lian Li O11D Mini V2 Flow ATX PC Case with 5 Non-RGB Reverse Fans, Black",101.02,29.37,2026-10-05,4.6,277,https://www.amazon.com/Lian-Li-Non-RGB-Reverse-Black/dp/B0F8HK5C8J,0.0,29.37
20261005_134359,2026-10-05T14:07:40.379647+00:00,amazon_usa,CASE,B08SR7LPCD,Fractal Design Pop Air Black Tempered Glass Clear Tint,90.94,26.44,2026-10-05,4.6,294,https://www.amazon.com/Fractal-Design-Black-Tempered-Glass/dp/B08SR7LPCD,0.0,26.44
20261005_134359,2026-10-05T14:07:40.379647+00:00,amazon_usa,CASE,B0DGFX3T34,"Geometric Future M5 Tempered Glass Mid Tower, E-ATX/ATX Gaming Case, 1.2mm Steel, Type C, Toolless Panels, Support 420/360 Radiator, ARGB PWM 140m Fan x 5 Pre-Installed, Black/Grey, GEO-M5F-BG",143.91,41.84,2026-10-05,4.6,336,https://www.amazon.com/Geometric-Future-Tempered-Pre-Installed-GEO-M5F-BG/dp/B0DGFX3T34,0.0,41.84
20261005_134359,2026-10-05T14:07:40.379647+00:00,amazon_usa,CASE,B0DFWQDRW1,"FOIFKIN F600 PC Case - Pre-Installed 7 PWM ARGB Fan, ATX Mid-Tower Gaming PC Case, 270° Panoramic Glass with Type-C, FOIFKIN (Black, F600)",80.83,23.5,2026-10-05,4.6,779,https://www.amazon.com/FOIFKIN-F600-Case-Pre-Installed-Mid-Tower/dp/B0DFWQDRW1,0.0,23.5
20261005_134359,2026-10-05T14:07:40.379647+00:00,amazon_usa,CASE,B0C89G9QDK,NZXT H6 Flow | CC-H61FW-01 | Compact Dual-Chamber Mid-Tower Airflow Case | Panoramic Glass Panels | High-Performance Airflow Panels | Includes 3 x 120mm Fans | Cable Management | White,101.02,29.37,2026-10-05,4.8,3100,https://www.amazon.com/NZXT-CC-H61FW-01-Dual-Chamber-High-Performance-Management/dp/B0C89G9QDK,0.0,29.37
20261005_134359,2026-10-05T14:07:40.379647+00:00,amazon_usa,CASE,B0H81W94MK,"Rosewill ATX Mid Tower Gaming Computer PC Case with Side Tempered Glass, Preinstalled 4 x 120mm PWM Fans, Support Up to 6 x 120mm Fans, 360mm AIO/Radiator, 340mm GPU/VGA, 160mm CPU Air Cooler - RWGC2",60.6,17.62,2026-10-05,4.6,29,https://www.amazon.com/Rosewill-Computer-Tempered-Preinstalled-Radiator/dp/B0H81W94MK,0.0,17.62
20261005_134359,2026-10-05T14:07:40.379647+00:00,amazon_usa,CASE,B0F8HKCZ99,"Lian Li O11D Mini V2 Flow ATX PC Case with 5 Non-RGB Reverse Fans, White",101.02,29.37,2026-10-05,4.6,277,https://www.amazon.com/Lian-Li-O11D-Mini-Case-White-O11DMIV2FW/dp/B0F8HKCZ99,0.0,29.37
20261005_134359,2026-10-05T14:07:40.379647+00:00,amazon_usa,CASE,B0G2TCY2JD,"Cooler Master QUBE 540 ATX Mid-Tower PC Case, High Airflow, Tempered Glass",80.0,23.26,2026-10-05,4.4,43,https://www.amazon.com/Cooler-Master-QUBE-Mid-Tower-Case/dp/B0G2TCY2JD,0.0,23.26
20261005_134359,2026-10-05T14:07:40.379647+00:00,amazon_usa,CASE,B0DQPQ5KN7,NZXT H9 Flow RGB+ - Dual-Chamber ATX PC Case - Black,272.82,79.32,2026-10-05,4.7,356,https://www.amazon.com/NZXT-Flow-RGB-Dual-Chamber-Back-Connect/dp/B0DQPQ5KN7,0.0,79.32
20261005_134359,2026-10-05T14:07:40.379647+00:00,amazon_usa,CASE,B0DFHNV7TK,"CORSAIR 4000D RS ARGB Frame Modular Mid-Tower ATX PC Case, High Airflow, 3X Pre-Installed RS Fans, InfiniRail™ Mounting System, ASUS BTF, MSI Zero, Gigabyte Stealth, Black",101.02,29.37,2026-10-05,4.7,1900,https://www.amazon.com/CORSAIR-Frame-4000D-Modular-Mid-Tower/dp/B0DFHNV7TK,0.0,29.37
20261005_134359,2026-10-05T14:07:40.379647+00:00,amazon_usa,CASE,B0F9B5QG9M,"MONTECH X5 ATX PC Case, Mid Tower, High-Airflow Mesh, 4 ARGB Fans, Black",65.59,19.07,2026-10-05,4.2,107,https://www.amazon.com/MONTECH-Mid-Tower-Airflow-Pre-Installed-Included/dp/B0F9B5QG9M,0.0,19.07
20261005_134359,2026-10-05T14:07:40.379647+00:00,amazon_usa,CASE,B09246FCTZ,"MONTECH X3 Mesh High Airflow ATX Mid-Tower PC Case, 6 Fixed RGB Fans, Black",70.72,20.56,2026-10-05,4.4,1000,https://www.amazon.com/Montech-X3-Lighting-Mid-Tower-Tempered/dp/B09246FCTZ,0.0,20.56
20261005_134359,2026-10-05T14:07:40.379647+00:00,amazon_usa,CASE,B0DHWRKXS6,"darkFlash DY470 Full-Tower ATX Gaming PC Case with 4 PWM ARGB Fans, Black",166.71,48.47,2026-10-05,4.6,143,https://www.amazon.com/darkFlash-Full-Tower-Motherboard-Dual-Chamber-DY470/dp/B0DHWRKXS6,0.0,48.47
20261005_134359,2026-10-05T14:07:40.379647+00:00,amazon_usa,CASE,B0D3KTT6KJ,"GAMDIAS ATX Mid Tower Gaming Computer PC Case Tempered Glass, Built-in 4X 120mm ARGB Case Fans, Front Airflow Mesh, Up to 6x120mm Fans, 340mm GPU/VGA, 360mm AIO/Radiator, 160mm CPU Cooler",60.6,17.62,2026-10-05,4.3,354,https://www.amazon.com/GAMDIAS-Computer-Tempered-ARGB-Radiator/dp/B0D3KTT6KJ,0.0,17.62
20261005_134359,2026-10-05T14:07:40.379647+00:00,amazon_usa,CASE,B0GDTNTW84,"H1 HYXN PC Case, Pre-Installed 7 Infinity Mirror PWM ARGB Fans, ATX Mid Tower Computer Case, Gaming PC Case with Type-C, 270° Full View Tempered Glass, 3X 360mm Radiator Support, Black",90.94,26.44,2026-10-05,4.5,292,https://www.amazon.com/HYXN-Pre-Installed-Infinity-Computer-Tempered/dp/B0GDTNTW84,0.0,26.44
20261005_134359,2026-10-05T14:07:40.379647+00:00,amazon_usa,CASE,B0GR8N1GY9,"Antec C6 Curve Air Mid-Tower ATX PC Case, 3 PWM Fans Included",101.02,29.37,2026-10-05,4.8,25,https://www.amazon.com/Antec-C6-Curve-Air-Mid-Tower/dp/B0GR8N1GY9,0.0,29.37
20261005_134359,2026-10-05T14:07:40.379647+00:00,amazon_usa,CASE,B0CB26ZFKV,"MONTECH AIR 903 MAX High-Airflow E-ATX Mid-Tower PC Case, 4 Fans, Black",80.83,23.5,2026-10-05,4.8,457,https://www.amazon.com/Montech-AIR-903-MAX-Pre-Installed/dp/B0CB26ZFKV,0.0,23.5
20261005_134359,2026-10-05T14:07:44.671452+00:00,amazon_usa,CASE,B0DDNS2SY3,"Antec Flux Pro Full-Tower E-ATX PC Case, 6 PWM Fans Included, Black",151.54,44.06,2026-10-05,4.7,430,https://www.amazon.com/Antec-Included-High-Airflow-Radiator-Full-Tower/dp/B0DDNS2SY3,0.0,44.06
20261005_134359,2026-10-05T14:07:44.671452+00:00,amazon_usa,CASE,B0D7N3J22H,Thermaltake View 380 TG ARGB Black ATX Case; 4x120mm ARGB Fans Included; Supports Hidden-Connector Motherboard; Front & Side Dual Tempered Glass Panel; CA-1Z2-00M1WN-00; 3 Year Warranty,80.83,23.5,2026-10-05,4.6,318,https://www.amazon.com/Included-Supports-Hidden-Connector-Motherboard-CA-1Z2-00M1WN-00/dp/B0D7N3J22H,0.0,23.5
20261005_134359,2026-10-05T14:07:44.671452+00:00,amazon_usa,CASE,B0DGXSPJ5K,be quiet! Pure Base 501 Airflow Window Black ATX Midi Tower Gaming PC Case,100.95,29.35,2026-10-05,4.6,134,https://www.amazon.com/quiet-Black-Preinstalled-Airflow-BGW74/dp/B0DGXSPJ5K,0.0,29.35
20261005_134359,2026-10-05T14:07:44.671452+00:00,amazon_usa,CASE,B07T4W3BMH,"Bgears b-Voguish Gaming PC Case with Tempered Glass panels, USB3.0, Support E-ATX, ATX, mATX, ITX. (Fans are sold separately)",30.65,8.91,2026-10-05,4.3,1500,https://www.amazon.com/Bgears-b-Voguish-Tempered-Support-Motherboard/dp/B07T4W3BMH,50.0,58.91
20261005_134359,2026-10-05T14:07:44.671452+00:00,amazon_usa,CASE,B0822WTQW9,Fractal Design Meshify 2 Compact Black ATX Flexible High-Airflow Light Tinted Tempered Glass Window Mid Tower Computer Case,136.41,39.66,2026-10-05,4.7,178,https://www.amazon.com/Fractal-Design-Flexible-High-Airflow-Tempered/dp/B0822WTQW9,0.0,39.66
20261005_134359,2026-10-05T14:07:44.671452+00:00,amazon_usa,CASE,B0CZV112KZ,CORSAIR iCUE Link 3500X RGB Mid-Tower ATX PC Case – Panoramic Tempered Glass – Reverse Connection Motherboard Compatible – 3X CORSAIR iCUE Link RX120 RGB Fans Included – Black,161.66,47.0,2026-10-05,4.8,1300,https://www.amazon.com/CORSAIR-iCUE-Link-3500X-Mid-Tower/dp/B0CZV112KZ,0.0,47.0
20261005_134359,2026-10-05T14:07:44.671452+00:00,amazon_usa,CASE,B0GMHHMCPH,"RAIDMAX Vector ARGB ATX Mid Tower Mesh Gaming PC Case, High Airflow Front Panel Design, 4X 120mm ARGB Fans Pre-Installed, Tempered Glass Side Panel, Supports 305mm GPU / 240mm Radiator (V219 Black)",60.6,17.62,2026-10-05,4.8,6,https://www.amazon.com/RAIDMAX-Pre-Installed-Tempered-Supports-Radiator/dp/B0GMHHMCPH,0.0,17.62
20261005_134359,2026-10-05T14:07:44.671452+00:00,amazon_usa,CASE,B0GDTH46DF,H3 HYXN ATX PC Case - Pre-Installed with 6 Infinity Mirror PWM ARGB Fans - Compact Dual Cavity Mid-Tower PC Gaming Case - with Type-C 3.2-360mm Radiator Support,80.83,23.5,2026-10-05,4.1,124,https://www.amazon.com/HYXN-ATX-Case-Pre-Installed-Mid-Tower/dp/B0GDTH46DF,0.0,23.5
20261005_134359,2026-10-05T14:07:44.671452+00:00,amazon_usa,CASE,B0FGGNR82S,ASUS Prime AP202 ARGB Micro-ATX Mid-Tower PC Case,138.41,40.24,2026-10-05,4.7,37,https://www.amazon.com/ASUS-AP202-ARGB-radiators-Easy-Detach/dp/B0FGGNR82S,0.0,40.24
20261005_134359,2026-10-05T14:07:44.671452+00:00,amazon_usa,CASE,B0H72GN1Y4,"Montech X2 Plus Gaming PC Case - ATX Mid-Tower Computer Case - Tempered Glass Side Panel - Desktop Chassis, Black",90.94,26.44,2026-10-05,5.0,1,https://www.amazon.com/Montech-Plus-Gaming-Case-Mid-Tower/dp/B0H72GN1Y4,0.0,26.44
20261005_134359,2026-10-05T14:07:44.671452+00:00,amazon_usa,CASE,B0D7N2YJ6L,Thermaltake View 380 TG ARGB Snow ATX Case; 4x120mm ARGB Fans Included; Supports Hidden-Connector Motherboard; Front & Side Dual Tempered Glass Panel; CA-1Z2-00M6WN-00; 3 Year Warranty,80.83,23.5,2026-10-05,4.6,318,https://www.amazon.com/Included-Supports-Hidden-Connector-Motherboard-CA-1Z2-00M6WN-00/dp/B0D7N2YJ6L,50.0,73.5
20261005_134359,2026-10-05T14:07:44.671452+00:00,amazon_usa,CASE,B0FLS92WFV,"Cooler Master Elite 502 ATX High Airflow Minimalist PC Case, 410mm GPU Max, Compatible RTX 5090|RX 7090 XT, 360mm AIO Max, Type C, Tempered Glass, Triple 120mm aRGB Fan, Intakes Grill",112.16,32.61,2026-10-05,4.2,11,https://www.amazon.com/Cooler-Master-Minimalist-Compatible-Tempered/dp/B0FLS92WFV,0.0,32.61
20261005_134359,2026-10-05T14:07:44.671452+00:00,amazon_usa,CASE,B0DFWVJ8B2,"FOIFKIN F300 (2025) PC Case - Pre-Installed 4 No RGB Fan, ATX Mid-Tower Computer case, Gaming PC Case, 270° Panoramic Glass with Type-C, FOIFKIN (Black+)",59.09,17.18,2026-10-05,4.6,788,https://www.amazon.com/FOIFKIN-F300-Case-Pre-Installed-Mid-Tower/dp/B0DFWVJ8B2,0.0,17.18
20261005_134359,2026-10-05T14:07:44.671452+00:00,amazon_usa,CASE,B0GGDZGDT6,"RUIX OV703 ATX Mid-Tower PC Case, Pre-Installed 4 x 120mm ARGB Fans, Panoramic Tempered Glass Front & Side Panels, ARGB Light Strips, 360mm Radiator Support, USB 3.0 & 20Gbps Type-C, Black",89.94,26.15,2026-10-05,4.5,2,https://www.amazon.com/RUIX-Mid-Tower-Pre-Installed-Panoramic-Tempered/dp/B0GGDZGDT6,0.0,26.15
20261005_134359,2026-10-05T14:07:44.671452+00:00,amazon_usa,CASE,B0FL92HKMQ,"ASUS ProArt PA602 Wood Edition Modern Black E-ATX PC Case with Tempered Glass,Front Panel IR dust Indicator, Power Lock, 440 mm GPU Support, 420 mm Radiator & 3 Pre-Installed Fans, 2 Year Warranty",303.12,88.13,2026-10-05,4.8,9,https://www.amazon.com/ASUS-PA602-Mid-Tower-Tempered-Pre-Installed/dp/B0FL92HKMQ,0.0,88.13
20261005_134359,2026-10-05T14:07:44.671452+00:00,amazon_usa,CASE,B0D92C2F6K,"GAMDIAS White ATX Mid Tower Gaming Computer PC Case with Side Tempered Glass, Preinstalled 4X 120mm ARGB Fans, Support Up to 6X 120mm Fans, 360mm AIO/Radiator, 340mm GPU/VGA, 160mm CPU Air Cooler",60.6,17.62,2026-10-05,4.3,219,https://www.amazon.com/GAMDIAS-Computer-Tempered-Preinstalled-Radiator/dp/B0D92C2F6K,0.0,17.62
20261005_134359,2026-10-05T14:07:49.308869+00:00,amazon_usa,CASE,B0FFJ44PW2,DIYPC DIY-mATX06-Wood Black USB3.0 /Type C Micro ATX Mid Tower Gaming Computer Case w/Tempered Glass Side Panel and Walnut Wood Front Panel / 4 x PWM Fans Pre-Installed,68.69,19.97,2026-10-05,4.3,26,https://www.amazon.com/DIYPC-DIY-mATX06-Wood-Computer-Tempered-Pre-Installed/dp/B0FFJ44PW2,0.0,19.97
20261005_134359,2026-10-05T14:07:49.308869+00:00,amazon_usa,CASE,B0FX68NXSN,DIYPC DIY-ATX08-Wood Black USB3.0 /Type C ATX Mid Tower Gaming Computer Case w/Tempered Glass Side Panel and Walnut Wood Front Panel,75.74,22.02,2026-10-05,4.7,17,https://www.amazon.com/DIYPC-DIY-ATX08-Wood-USB3-0-Computer-Tempered/dp/B0FX68NXSN,0.0,22.02
20261005_134359,2026-10-05T14:07:49.308869+00:00,amazon_usa,CASE,B0CWTPC32W,"Antec C5 ARGB Mid-Tower ATX PC Case, 7 ARGB PWM Fans, White",111.13,32.31,2026-10-05,4.5,278,https://www.amazon.com/Antec-C5-ARGB-Simultaneously-Mid-Tower/dp/B0CWTPC32W,0.0,32.31
20261005_134359,2026-10-05T14:07:49.308869+00:00,amazon_usa,CASE,B0F8HLTV22,"Lian Li O11D Mini V2 Compact ATX Mid-Tower PC Case, Black, No Fans",90.94,26.44,2026-10-05,4.7,260,https://www.amazon.com/Lian-Li-Compact-Mid-Tower-Black/dp/B0F8HLTV22,0.0,26.44
20261005_134359,2026-10-05T14:07:49.308869+00:00,amazon_usa,CASE,B0H4R57T4N,"Asiahorse Scutum ATX PC Case, Premium Ash Wood Trim, 270° Tempered Glass",111.03,32.28,2026-10-05,4.5,2,https://www.amazon.com/Asiahorse-Scutum-Premium-Tempered-Glass/dp/B0H4R57T4N,0.0,32.28
20261005_134359,2026-10-05T14:07:49.308869+00:00,amazon_usa,CASE,B0B9WF5FW1,"LIAN LI LANCOOL III E-ATX PC Case, Spacious RGB Gaming Computer Case with Hinged Tempered Glass Doors, Fine Mesh Panels, 4x140mm PWM Fans Pre-Installed High Airflow Chassis (Black)",202.07,58.75,2026-10-05,4.4,144,https://www.amazon.com/LANCOOL-Enhanced-Performance-Computer-Pre-Installed/dp/B0B9WF5FW1,0.0,58.75
20261005_134359,2026-10-05T14:07:49.308869+00:00,amazon_usa,CASE,B07R2JBTDR,"Zalman T6 ATX Mid-Tower Desktop PC Case, 120mm Fan Preinstalled, 5.25 ODD",50.53,14.69,2026-10-05,4.3,935,https://www.amazon.com/Zalman-T6-Case-Black/dp/B07R2JBTDR,0.0,14.69
20261005_134359,2026-10-05T14:07:49.308869+00:00,amazon_usa,CASE,B0G3H9CB4Y,"MUSETEX PC Case, Vertical GPU Mounting Design, Pre-Installed 5 PWM ARGB Fans, 360MM RAD Support, ATX Mid-Tower Gaming PC Case with Type-C, 270° Full View Tempered Glass, Black(GR3)",75.77,22.03,2026-10-05,3.9,27,https://www.amazon.com/MUSETEX-Vertical-Mounting-Pre-Installed-Mid-Tower/dp/B0G3H9CB4Y,0.0,22.03
20261005_134359,2026-10-05T14:07:49.308869+00:00,amazon_usa,CASE,B0CZ77DFD1,"SZSKYING Mid-Tower Gaming ATX PC Case, 9 ARGB Fans with Remote, Tempered Glass, 360mm Radiator, Type-C, Black.",117.18,34.07,2026-10-05,4.3,123,https://www.amazon.com/Mid-Tower-Control-Radiator-Tempered-Computer/dp/B0CZ77DFD1,0.0,34.07
20261005_134359,2026-10-05T14:07:49.308869+00:00,amazon_usa,CASE,B0CRKVN35N,"LIAN LI O11D EVO RGB Black E-ATX Case, 420mm Radiator (O11DERGBX.US)",217.24,63.16,2026-10-05,4.7,441,https://www.amazon.com/LIAN-Black-420mm-Radiator-O11DERGBX-US/dp/B0CRKVN35N,0.0,63.16
20261005_134359,2026-10-05T14:07:49.308869+00:00,amazon_usa,CASE,B0GSZ1RCBD,"darkFlash DS950 ATX Mid-Tower Gaming PC Case, Black",101.02,29.37,2026-10-05,4.8,5,https://www.amazon.com/darkFlash-DS950-Mid-Tower-Gaming-Black/dp/B0GSZ1RCBD,0.0,29.37
20261005_134359,2026-10-05T14:07:49.308869+00:00,amazon_usa,CASE,B0D7Z7TJFD,"Antec C8 Wood Full-Tower E-ATX PC Case, Wooden Front Panel, No Fans",121.24,35.25,2026-10-05,4.7,190,https://www.amazon.com/Antec-C8-Wood-Dual-Chamber-Compatible/dp/B0D7Z7TJFD,0.0,35.25
20261005_134359,2026-10-05T14:07:49.308869+00:00,amazon_usa,CASE,B0G43LL2CL,"JONSBO X400 Gray ATX PC Case, Back-Connect Desktop Case,MB Auxiliary Air Guidance Cooling System, E-Sport Assistant,2 Sides SP 360 AIO,SP 427mm GPU, ATX<180mm,Compatibility/Heat Dissipation,Gray",121.24,35.25,2026-10-05,4.5,45,https://www.amazon.com/X400-Gray-Back-Connect-Compatibility-Dissipation/dp/B0G43LL2CL,0.0,35.25
20261005_134359,2026-10-05T14:07:49.308869+00:00,amazon_usa,CASE,B0G24QGZLN,"Antec P30 AIR Mid-Tower ATX Case, 5 PWM Fans Included",83.86,24.38,2026-10-05,4.6,17,https://www.amazon.com/Antec-P30-Included-Optimized-Mid-Tower/dp/B0G24QGZLN,0.0,24.38
20261005_134359,2026-10-05T14:07:49.308869+00:00,amazon_usa,CASE,B0HBZRGPDG,Velztorm 4000D Airflow Tempered Glass Mid-Tower ATX PC Case -White - CC-9011201-WW Global Recycled Standard,161.66,47.0,2026-10-05,0.0,0,https://www.amazon.com/Velztorm-Airflow-Tempered-Mid-Tower-White/dp/B0HBZRGPDG,0.0,47.0
20261005_134359,2026-10-05T14:07:49.308869+00:00,amazon_usa,CASE,B0G1ML5B99,"H2 (2026) HYXN ATX PC Case, Pre-Installed 8 No ARGB Fans (6X140mm,2X120mm), Large Dual-Chamber ATX Mid-Tower Airflow Computer Case, Gaming PC Case, 420mm Radiator Support, Type-C 3.2, Black",70.72,20.56,2026-10-05,4.4,54,https://www.amazon.com/HYXN-Pre-Installed-Dual-Chamber-Mid-Tower-Computer/dp/B0G1ML5B99,0.0,20.56
20261005_134359,2026-10-05T14:07:59.431957+00:00,amazon_usa,CASE,B0BN3SY5XW,"Lian Li LANCOOL 216 RGB Black ATX Mid-Tower Case, 2x160mm ARGB Fans",101.02,29.37,2026-10-05,4.7,987,https://www.amazon.com/Lian-Li-LANCOOL-216-Case-Black/dp/B0BN3SY5XW,0.0,29.37
20261005_134359,2026-10-05T14:07:59.431957+00:00,amazon_usa,CASE,B0BRP58KHT,Lian Li Lancool 216 Mid-Tower Airflow Case-3 PWM Fans-Black-LANCOOL 216-X,120.04,34.9,2026-10-05,4.6,240,https://www.amazon.com/Lian-Lancool-Mid-tower-cooling-performance/dp/B0BRP58KHT,0.0,34.9
20261005_134359,2026-10-05T14:07:59.431957+00:00,amazon_usa,CASE,B0BN3TTBKM,Lian Li Lancool 216 Mid-Tower Airflow Case-3 PWM Fans-White-LANCOOL 216R-W,114.16,33.19,2026-10-05,4.7,372,https://www.amazon.com/Lian-Lancool-Mid-tower-cooling-performance/dp/B0BN3TTBKM,0.0,33.19
20261005_134359,2026-10-05T14:07:59.431957+00:00,amazon_usa,CASE,B0DWF95QP7,"Lian Li LANCOOL 217 ATX Mid-Tower PC Case, 5 PWM Fans, Black Walnut Wood",121.24,35.25,2026-10-05,4.8,327,https://www.amazon.com/Lian-Li-Mid-Tower-Pre-Installed-Installation/dp/B0DWF95QP7,0.0,35.25
20261005_134359,2026-10-05T14:07:59.431957+00:00,amazon_usa,CASE,B0GGZ3PMMY,"Lian Li Vector V150 INF Black Micro-ATX Case, 3 ARGB PWM Fans (V150INFX)",85.88,24.97,2026-10-05,4.8,28,https://www.amazon.com/Lian-Li-Vector-V150-Micro/dp/B0GGZ3PMMY,0.0,24.97
20261005_134359,2026-10-05T14:07:59.431957+00:00,amazon_usa,CASE,B0DHXWYK4J,"Lian Li LANCOOL 207 Black Compact ATX Case, 4 Pre-Installed Fans",83.86,24.38,2026-10-05,4.7,360,https://www.amazon.com/LANCOOL-Computer-Optimized-Pre-Installed-Tempered/dp/B0DHXWYK4J,0.0,24.38
20261005_134359,2026-10-05T14:07:59.431957+00:00,amazon_usa,CASE,B0FMDSL7DV,"Lian Li LANCOOL 217 INF Mid-Tower ATX PC Case, White (LANCOOL 217INFW)",131.35,38.19,2026-10-05,4.7,34,https://www.amazon.com/Lian-Li-Mid-Tower-Pre-Installed-Optimized/dp/B0FMDSL7DV,0.0,38.19
20261005_134359,2026-10-05T14:07:59.431957+00:00,amazon_usa,CASE,B0BP2XQRWN,"Lian Li LANCOOL 216 E-ATX PC Case, Airflow Focus RGB Gaming Computer Case with All-Around Mesh Panels, 2x160mm & 1x140mm PWM Fans Pre-Installed and Innovative Rear PCIe Fan Bracket Chassis (White)",159.08,46.25,2026-10-05,4.6,36,https://www.amazon.com/LANCOOL-Computer-All-Around-Pre-Installed-Innovative/dp/B0BP2XQRWN,0.0,46.25
20261005_134359,2026-10-05T14:07:59.431957+00:00,amazon_usa,CASE,B0B9WF5FW1,"Lian Li LANCOOL III E-ATX PC Case, Spacious RGB Gaming Computer Case with Hinged Tempered Glass Doors, Fine Mesh Panels, 4x140mm PWM Fans Pre-Installed High Airflow Chassis (Black)",202.07,58.75,2026-10-05,4.4,144,https://www.amazon.com/LANCOOL-Enhanced-Performance-Computer-Pre-Installed/dp/B0B9WF5FW1,0.0,58.75
20261005_134359,2026-10-05T14:07:59.431957+00:00,amazon_usa,CASE,B0DWF8HY4T,"Lian Li LANCOOL 217 ATX Mid-Tower PC Case, 5 PWM Fans, White Walnut Wood",126.3,36.72,2026-10-05,4.6,90,https://www.amazon.com/Lian-Li-Mid-Tower-Pre-Installed-Installation/dp/B0DWF8HY4T,0.0,36.72
20261005_134359,2026-10-05T14:07:59.431957+00:00,amazon_usa,CASE,B0C4VSN3DX,Lian-li Lan216-2x Lancool 216 Dust Filter Kit Black Retail,16.89,4.91,2026-10-05,4.7,47,https://www.amazon.com/Lian-li-Lan216-2x-Lancool-Filter-Retail/dp/B0C4VSN3DX,0.0,4.91
20261005_134359,2026-10-05T14:07:59.431957+00:00,amazon_usa,CASE,B09MJMMXPM,Lian Li LANCOOL II MESH C Performance E-ATX Mid Tower Case with 4mm Tempered Glass and 2 x 140mm Front PWM Fans & 1 x 120 Rear Fan - Black (LAN2MPX),171.77,49.94,2026-10-05,4.0,17,https://www.amazon.com/Lian-Li-LANCOOL-Performance-Mid-Tower/dp/B09MJMMXPM,0.0,49.94
20261005_134359,2026-10-05T14:08:03.258055+00:00,amazon_usa,CASE,B0DHXW28RX,"Lian Li LANCOOL 207 White Compact ATX Case, 4 Pre-Installed Fans",90.94,26.44,2026-10-05,4.6,97,https://www.amazon.com/LANCOOL-Computer-Optimized-Pre-Installed-Tempered/dp/B0DHXW28RX,0.0,26.44
20261005_134359,2026-10-05T14:08:03.258055+00:00,amazon_usa,CASE,B0B5TG9BP1,"Lian Li High Airflow Micro ATX PC Case, RGB Gaming Computer Case, Mesh Front Panel Mid-Tower Chassis with 2x140mm ARGB PWM Fans Pre-Installed, Tempered Glass Side Panel (LANCOOL 205M MESH, Black)",106.07,30.84,2026-10-05,4.6,124,https://www.amazon.com/Airflow-Computer-Mid-Tower-Pre-Installed-Tempered/dp/B0B5TG9BP1,0.0,30.84
20261005_134359,2026-10-05T14:08:03.258055+00:00,amazon_usa,CASE,B0B9WT5DKS,"Lian Li LANCOOL III E-ATX PC Case, Spacious RGB Gaming Computer Case with Hinged Tempered Glass Doors, Fine Mesh Panels, 4x140mm PWM Fans Pre-Installed High Airflow Chassis (White)",217.24,63.16,2026-10-05,4.4,144,https://www.amazon.com/LANCOOL-Enhanced-Performance-Computer-Pre-Installed/dp/B0B9WT5DKS,0.0,63.16
20261005_134359,2026-10-05T14:08:03.258055+00:00,amazon_usa,CASE,B0B5THCD6R,"Lian Li High Airflow ATX PC Case, RGB Gaming Computer Case, Mesh Front Panel Mid-Tower Chassis w/ 3 ARGB PWM Fans Pre-Installed, USB Type-C Port, Tempered Glass Side Panel (LANCOOL 205 MESH C, Black)",124.27,36.13,2026-10-05,4.5,167,https://www.amazon.com/Airflow-Computer-Mid-Tower-Pre-Installed-Tempered/dp/B0B5THCD6R,0.0,36.13
20261005_134359,2026-10-05T14:08:03.258055+00:00,amazon_usa,CASE,B0G1XPDWD9,"Vetroo CT3 Black ATX Gaming Computer PC Case, Panoramic Tempered Glass",107.11,31.14,2026-10-05,4.3,47,https://www.amazon.com/Vetroo-Mid-Tower-Computer-Panoramic-High-Airflow/dp/B0G1XPDWD9,0.0,31.14
20261005_134359,2026-10-05T14:08:03.258055+00:00,amazon_usa,CASE,B0B5TGM6K8,"Lian Li High Airflow ATX White PC Case, RGB Gaming Computer Case, Mesh Front Panel Mid-Tower Chassis, 3 ARGB PWM Fans Pre-Installed, USB Type-C Port, Tempered Glass Panel (LANCOOL 205 MESH C, White)",121.24,35.25,2026-10-05,4.8,117,https://www.amazon.com/Airflow-Computer-Mid-Tower-Pre-Installed-Tempered/dp/B0B5TGM6K8,0.0,35.25
20261005_134359,2026-10-05T14:08:03.258055+00:00,amazon_usa,CASE,B0CRKVN35N,"Lian Li O11D EVO RGB Black E-ATX Case, 420mm Radiator (O11DERGBX.US)",217.24,63.16,2026-10-05,4.7,441,https://www.amazon.com/LIAN-Black-420mm-Radiator-O11DERGBX-US/dp/B0CRKVN35N,0.0,63.16
20261005_134359,2026-10-05T14:08:03.258055+00:00,amazon_usa,CASE,B0F8H71D5R,"Lian Li O11D Mini V2 Compact ATX Mid-Tower PC Case, White, No Fans",89.91,26.14,2026-10-05,4.7,260,https://www.amazon.com/Lian-Li-Compact-Mid-Tower-White/dp/B0F8H71D5R,0.0,26.14
20261005_134359,2026-10-05T14:08:03.258055+00:00,amazon_usa,CASE,B0CQJXM4V6,"Lian Li LANCOOL 206 ATX PC Case, RGB Gaming Computer Case, Airflow Optimized Mesh Panels Mid-Tower Chassis w/ 2x160mm ARGB PWM Fans Pre-Installed, USB Type-C Port, Tempered Glass Side Panel (White)",148.69,43.23,2026-10-05,3.6,5,https://www.amazon.com/Computer-Optimized-Mid-Tower-Pre-Installed-Tempered/dp/B0CQJXM4V6,0.0,43.23
20261005_134359,2026-10-05T14:08:03.258055+00:00,amazon_usa,CASE,B0DW48S7MG,"Lian Li Mid-Tower ATX PC Case, 3 x 140mm ARGB Fans, Chassis with Front & Side Tempered Glass Panels, Liquid Cooling Ready, Gaming Computer Case, (CG237 RGB - ATX -Black)",171.77,49.94,2026-10-05,5.0,9,https://www.amazon.com/Mid-Tower-Chassis-Tempered-Cooling-Computer/dp/B0DW48S7MG,0.0,49.94
20261005_134359,2026-10-05T14:08:03.258055+00:00,amazon_usa,CASE,B0DFS88R2L,"Lian Li A3-mATX PC Case, 415mm GPU, 360 AIO, Wood Black Mesh (A3X-WD)",90.94,26.44,2026-10-05,4.8,492,https://www.amazon.com/Lian-A3-mATX-WD-26-3L-Included-Supports-Motherboard-DAN-Collaboration-Wood/dp/B0DFS88R2L,0.0,26.44
20261005_134359,2026-10-05T14:08:03.258055+00:00,amazon_usa,CASE,B0BNGMFN9R,Lian Li Lancool 216 RGB Controller Black,22.22,6.46,2026-10-05,4.2,122,https://www.amazon.com/Lian-Li-Lancool-Controller-Black/dp/B0BNGMFN9R,0.0,6.46
20261005_134359,2026-10-05T14:08:03.258055+00:00,amazon_usa,CASE,B0FW4NK23S,"Raidmax V217 ATX Mid Tower Mesh Gaming PC Case, High Airflow Front Panel Design, 4X 120mm ARGB Fans Pre-Installed, Tempered Glass Side Panel, Supports 305mm GPU / 240mm Radiator (Black)",60.6,17.62,2026-10-05,4.8,14,https://www.amazon.com/RAIDMAX-Pre-Installed-Tempered-Supports-Radiator/dp/B0FW4NK23S,0.0,17.62
20261005_134359,2026-10-05T14:08:03.258055+00:00,amazon_usa,CASE,B0DJDM7V1R,Lian Li Lancool 207 Black Cabinet with 4 Fans,126.85,36.88,2026-10-05,4.7,188,https://www.amazon.com/Lian-Li-Lancool-207-Cabinet/dp/B0DJDM7V1R,0.0,36.88
20261005_134359,2026-10-05T14:08:07.192393+00:00,amazon_usa,CASE,B08DX68X9W,Lian Li LANCOOL II MESH RGB Black LAN2MRX Tempered Glass ATX Case -Black Color - LANCOOL II MESH RGB - LAN2MRX,176.79,51.4,2026-10-05,4.8,998,https://www.amazon.com/LANCOOL-Black-LAN2MRX-Tempered-Black/dp/B08DX68X9W,0.0,51.4
20261005_134359,2026-10-05T14:08:07.192393+00:00,amazon_usa,CASE,B0GLPFNN1J,"Lian Li O11 Vision-M mATX PC Case, 1 x 140mm Fan, High-Airflow, White",78.8,22.91,2026-10-05,4.8,44,https://www.amazon.com/Lian-Li-Vision-M-140mm-High-Airflow/dp/B0GLPFNN1J,0.0,22.91
20261005_134359,2026-10-05T14:08:07.192393+00:00,amazon_usa,CASE,B0C19193YD,"LIANLI LANCOOL 216 Series Dedicated Dust Filter Kit, LAN216-2W, White, Japanese Authorized Dealer",13.62,3.96,2026-10-05,4.7,32,https://www.amazon.com/Li-LIANLI-LAN216-2W-LANCOOL-Authorized/dp/B0C19193YD,50.0,53.96
20261005_134359,2026-10-05T14:08:07.192393+00:00,amazon_usa,CASE,B0BPJPPVNX,Lian Li LANCOOL 216 Additional IO KIT - Black - ARGB Control/USB Module,7.57,2.2,2026-10-05,0.0,0,https://www.amazon.com/Lian-Li-LANCOOL-216-Additional/dp/B0BPJPPVNX,50.0,52.2
20261005_134359,2026-10-05T14:08:07.192393+00:00,amazon_usa,CASE,B0D7PQ8TFK,Lian Li Lancool 206 White with Two 160mm Fans,160.9,46.78,2026-10-05,0.0,0,https://www.amazon.com/Lian-Li-Lancool-White-160mm/dp/B0D7PQ8TFK,0.0,46.78
20261005_134359,2026-10-05T14:08:07.192393+00:00,amazon_usa,CASE,B0CKJ11LFD,Lian Li O11 Dynamic EVO XL RGB Tempered Glass EATX Full Tower Computer CASE - Whit,262.67,76.37,2026-10-05,4.6,26,https://www.amazon.com/Lian-Li-Dynamic-Tower-Gaming-Computer/dp/B0CKJ11LFD,0.0,76.37
20261005_134359,2026-10-05T14:08:07.192393+00:00,amazon_usa,CASE,B0B467H81C,Lian Li Lancool III RGB White Aluminum/SECC/Tempered Glass Gaming Case with 4 × 140 PWM Fans (ARGB)- LANCOOL 3R-W,2436.95,708.52,2026-10-05,4.6,101,https://www.amazon.com/White-Aluminum-Tempered-LANCOOL-3R-W/dp/B0B467H81C,50.0,758.52
20261005_134359,2026-10-05T14:08:07.192393+00:00,amazon_usa,CASE,B0BK1VR4R3,"LIANLI LANCOOL III-RX Dust Filter Kit, Black, Magnetic, LAN3-1X",19.12,5.56,2026-10-05,4.7,50,https://www.amazon.com/LIAN-LAN3-1X-Filter-BLACK-LANCOOL/dp/B0BK1VR4R3,50.0,55.56
20261005_134359,2026-10-05T14:08:07.192393+00:00,amazon_usa,CASE,B0HJGFZN6M,Front Fan Compatible with Lian-Li LANCOOL 216,37.04,10.77,2026-10-05,0.0,0,https://www.amazon.com/Front-Fan-Compatible-Lian-Li-LANCOOL/dp/B0HJGFZN6M,0.0,10.77
20261005_134359,2026-10-05T14:08:07.192393+00:00,amazon_usa,CASE,B0HF3M3ZF1,Lian-Li LANCOOL 216 RGB Front Fan(White),35.74,10.39,2026-10-05,0.0,0,https://www.amazon.com/Lian-Li-LANCOOL-216-Front-White/dp/B0HF3M3ZF1,0.0,10.39
20261005_134359,2026-10-05T14:08:07.192393+00:00,amazon_usa,CASE,B0HFKX21R1,Lian-Li LANCOOL 216 RGB Front Fan(White),38.04,11.06,2026-10-05,0.0,0,https://www.amazon.com/Lian-Li-LANCOOL-216-Front-White/dp/B0HFKX21R1,0.0,11.06
20261005_134359,2026-10-05T14:08:07.192393+00:00,amazon_usa,CASE,B0HDJPGYT6,RGB Front Fan Compatible with Lian-Li LANCOOL 216(White),40.1,11.66,2026-10-05,0.0,0,https://www.amazon.com/Front-Compatible-Lian-Li-LANCOOL-White/dp/B0HDJPGYT6,0.0,11.66
20261005_134359,2026-10-05T14:08:07.192393+00:00,amazon_usa,CASE,B0HFKRND8C,Lian-Li LANCOOL 216 RGB Front Fan(Black),39.49,11.48,2026-10-05,0.0,0,https://www.amazon.com/Lian-Li-LANCOOL-216-Front-Black/dp/B0HFKRND8C,0.0,11.48
20261005_134359,2026-10-05T14:08:07.192393+00:00,amazon_usa,CASE,B0HF3QW4ZS,Lian-Li LANCOOL 216 RGB Front Fan(Black),38.18,11.1,2026-10-05,0.0,0,https://www.amazon.com/Lian-Li-LANCOOL-216-Front-Black/dp/B0HF3QW4ZS,0.0,11.1
20261005_134359,2026-10-05T14:08:07.192393+00:00,amazon_usa,CASE,B0HDJKS74X,RGB Front Fan Compatible with Lian-Li LANCOOL 216(Black),40.04,11.64,2026-10-05,0.0,0,https://www.amazon.com/Front-Compatible-Lian-Li-LANCOOL-Black/dp/B0HDJKS74X,0.0,11.64
20261005_134359,2026-10-05T14:08:11.573605+00:00,amazon_usa,CASE,B0HJGLKB7Y,Front Fan Compatible with Lian-Li LANCOOL 216,39.11,11.37,2026-10-05,0.0,0,https://www.amazon.com/Front-Fan-Compatible-Lian-Li-LANCOOL/dp/B0HJGLKB7Y,0.0,11.37
20261005_134359,2026-10-05T14:08:11.573605+00:00,amazon_usa,CASE,B0HDRNFDXW,RGB Front Fan Compatible with Lian-Li LANCOOL 216(Black),39.49,11.48,2026-10-05,0.0,0,https://www.amazon.com/Front-Compatible-Lian-Li-LANCOOL-Black/dp/B0HDRNFDXW,0.0,11.48
20261005_134359,2026-10-05T14:08:11.573605+00:00,amazon_usa,CASE,B0FFT3VDK7,"Lian Li ATX PC Case Multi-Directional 4 Slots Vertical GPU Kit V3 - Premium Gen 5 Riser Cable PCI-E 5.0 x16-155mm, PCIe 3.0/4.0 Compatible, Adjustable Position - (VG4v3 Black)",74.77,21.74,2026-10-05,3.7,62,https://www.amazon.com/Lian-Li-Multi-Directional-Slots-Vertical/dp/B0FFT3VDK7,50.0,71.74
20261005_134359,2026-10-05T14:08:11.573605+00:00,amazon_usa,CASE,B0H7R316NV,Front Fan for Lian-Li LANCOOL 216 RGB(Black),37.28,10.84,2026-10-05,0.0,0,https://www.amazon.com/Front-Fan-Lian-Li-LANCOOL-Black/dp/B0H7R316NV,0.0,10.84
20261005_134359,2026-10-05T14:08:11.573605+00:00,amazon_usa,CASE,B0DJT8SRD6,"Lian Li O11 Vision Compact ATX Mid Tower Gaming PC Case, Aluminium, Black",178.58,51.92,2026-10-05,4.8,483,https://www.amazon.com/Lian-Li-O11-Compact-Mid-Tower/dp/B0DJT8SRD6,0.0,51.92
