sku,producto,marca,categoria,precio_local_pen,precio_import_usd,label_obsolescencia,rank_obsolescencia,roi_unitario_pct,ganancia_unitaria,score_roi_ponderado,rank_roi,roi_pct_con,roi_pct_agr,gap_pct,gap_usd,gap_pct_real,conviene_local,match_score,in_pareto_front,pareto_roi_pct,pareto_riesgo,pareto_tipo,fuzzy_score_roi,fuzzy_score_pe3c,fuzzy_score_pareto,score_oe9,rank_oe9,r_j,p_vigente,p_en_riesgo,p_obsoleto,label_pred,precio_venta_usd,precio_costo_usd,ganancia_usd,roi_usd_pct,sku_original
1,"MSI PRO Z890-P WiFi ProSeries Motherboard (Supports Core Ultra Series 2 Intel Processors, LGA 1851, DDR5, PCIe 5.0, M.2, SATA, 5Gbps LAN, USB Type-C, Wi-Fi 7, Bluetooth 5.4, Thunderbolt 4, ATX)",,MOTHERBOARD,654.858,76.51163636363637,VIGENTE,343,150.0,114.76745454545454,1.0,4,127.5,180.0,287.6738891766909,550.2600000000001,287.6738891766909,1,0.9983,1,150.0,0.003318,AGRESIVO,1.0,1.0,0.9983,0.998009,1,0.003318,0.993052,0.00363,0.003318,VIGENTE,191.2790909090909,76.51163636363637,114.76745454545454,150.0,B0FK6FRRDC
2,"Alienware Aurora ACT1250 Gaming Desktop + Home Security Essential Anti-Virus (3-Year, 1-Device) Bundle - Intel Core Ultra 9 285K, NVIDIA GeForce RTX 5080 16GB GDDR7, 32GB DDR5, 2TB SSD, Liquid Cooled",,CPU,7070.55,859.3119999999999,VIGENTE,317,150.0,1288.9679999999998,1.0,4,127.5,180.0,101.08691604446349,2171.63,101.08691604446349,1,0.9974,1,150.0,0.005174,AGRESIVO,1.0,1.0,0.9974,0.996896,2,0.005174,0.991932,0.002894,0.005174,VIGENTE,2148.2799999999997,859.3119999999999,1288.9679999999998,150.0,B0GWYB3SF5
3,"Centaurus Virgo 4 PC - Intel Core Ultra 7 265K 20-Core, GeForce RTX 5060 Ti 16GB, 2TB NVMe SSD, 32GB DDR5 RAM, Liquid Cooler, Windows 11 PRO, AC WiFi. Custom Gaming Computer Workstation, ARGB, Glass",,CPU,4021.51875,502.52844444444446,VIGENTE,284,150.0,753.7926666666667,1.0,4,127.5,180.0,107.43590854779697,1349.74,107.43590854779697,1,0.9962,1,150.0,0.007517,AGRESIVO,1.0,1.0,0.9962,0.99549,3,0.007517,0.981265,0.011218,0.007517,VIGENTE,1256.3211111111111,502.52844444444446,753.7926666666667,150.0,B01GW6AEHY
4,16.1 Inch Gaming Laptop Computer RTX4050 6G Intel Core i9-13900H i5-12450H windows11 por Max 64GB 2*DDR5 2*M.2 NVME 4TB SSD WiFi,,CPU,,309.492,EN_RIESGO,173,150.0,464.238,1.0,4,127.5,180.0,0.0,0.0,0.0,1,0.9911,1,150.0,0.017845,AGRESIVO,1.0,1.0,0.9911,0.989293,4,0.017845,0.005837,0.976318,0.017845,EN_RIESGO,773.73,309.492,464.238,150.0,3256808679900342
5,SOYO New Intel B760M Motherboard USB3.2 NVME Dual Channel DDR4 M-ATX LGA1700 Supports Intel 12400F/13400F/12600K for Desktop PC,,CPU,,42.52833621509812,EN_RIESGO,170,147.39,62.68166378490187,0.9812,11,125.28,176.87,0.0,0.0,0.0,1,0.9815,1,147.39,0.018178,AGRESIVO,0.9812,1.0,0.9815,0.981576,5,0.018178,0.006391,0.975431,0.018178,EN_RIESGO,105.21,42.52833621509812,62.68166378490187,147.39,3256809221568151
6,"Procesador Ryzen 5 5500, 3.60 / 4.20 GHz AM4",AMD,procesadores,502.8888888888889,59.309963707744295,EN_RIESGO,214,145.78,86.46003629225572,0.9696,13,123.91,174.94,10.372504630582426,15.120000000000005,10.372504630582426,1,0.9783,1,145.78,0.013102,AGRESIVO,0.9696,1.0,0.9783,0.979985,6,0.013102,0.012988,0.973909,0.013102,EN_RIESGO,145.77,59.309963707744295,86.46003629225572,145.78,121387635
7,ASUS,,MOTHERBOARD,171.42000000000002,25.285509673300993,EN_RIESGO,195,145.45,36.77782366003234,0.9672,15,123.63,174.54,142.6607229174499,88.53999999999999,142.6607229174499,1,0.9764,1,145.45,0.014522,AGRESIVO,0.9672,0.94,0.9764,0.978183,7,0.014522,0.008401,0.977077,0.014522,EN_RIESGO,62.06333333333333,25.285509673300993,36.77782366003234,145.45,B0BR8SGYXP
8,"Intel Core i5 14600KF I5-14600KF New CPU processor LGA 1700 , but without cooler",,CPU,907.66,110.20621000075312,EN_RIESGO,279,142.31,156.83450428496116,0.9446,20,120.96,170.77,2.6700048414233235,7.1299999999999955,2.6700048414233235,1,0.9683,1,142.31,0.007984,AGRESIVO,0.9446,0.9729,0.9683,0.973063,8,0.007984,0.005218,0.986799,0.007984,EN_RIESGO,267.0407142857143,110.20621000075312,156.83450428496116,142.31,3256808193859180
9,"Tarjeta de video DUAL-RTX5070-O12G, 12GB GDDR7, PCIe Gen 5.0",ASUS,tarjetas_video,5482.133333333333,665.7234654228898,VIGENTE,201,142.35,947.6273038078796,0.9449,18,121.0,170.82,44.24456315475293,713.8199999999999,44.24456315475293,1,0.9654,1,142.35,0.014135,AGRESIVO,0.9449,1.0,0.9654,0.969487,9,0.014135,0.978051,0.007814,0.014135,VIGENTE,1613.3507692307694,665.7234654228898,947.6273038078796,142.35,153727074
10,Procesador Core i5-12400F 250440GHz LGA1700,INTEL,procesadores,835.8333333333334,99.89841501540721,EN_RIESGO,108,145.72,145.5685849845928,0.9692,14,123.86,174.86,13.582273788330001,33.34,13.582273788330001,1,0.9685,1,145.72,0.032244,AGRESIVO,0.9692,1.0,0.9685,0.968327,10,0.032244,0.025636,0.94212,0.032244,EN_RIESGO,245.467,99.89841501540721,145.5685849845928,145.72,121382398
11,"Panorama XL RTX 5070, Intel Ultra 7 265KF, 32GB DDR5 RAM, 1TB NVMe Gen4 SSD, HDMI, RJ45, Windows 11 Pro, 3 Year Warranty, RGB Keyboard+Mouse, Internal WiFi 6E+BT, Prebuilt RGB Gaming PC Desktop",,CPU,6612.513636363636,832.3974401693458,VIGENTE,409,138.8,1155.335059830654,0.9194,24,117.98,166.56,90.79843490006829,1804.83,90.79843490006829,1,0.9588,1,138.8,0.001755,AGRESIVO,0.9194,1.0,0.9588,0.966691,11,0.001755,0.997065,0.00118,0.001755,VIGENTE,1987.7324999999998,832.3974401693458,1155.335059830654,138.8,B0DJTHH8YF
12,ERYING M-ATX 13th i5/i7/i9 13980HX 13950HX 13900HX 13850HX 13700HX CPU Motherboard Combo DDR4 NVME M.2 PCIe4.0 Desktop PC Set,,CPU,,209.95862438621845,VIGENTE,164,142.32,298.81137561378154,0.9447,19,120.97,170.78,0.0,0.0,0.0,1,0.9624,1,142.32,0.019815,AGRESIVO,0.9447,0.94,0.9624,0.965993,12,0.019815,0.96489,0.015295,0.019815,VIGENTE,508.77,209.95862438621845,298.81137561378154,142.32,3256810197232455
13,"Osprey 360mm AIO CPU Cooler, Copper-Aluminum Radiator, Leakproof ARGB Liquid Cooling System, 2600RPM Hydraulic Pump, Quiet ≤28.8dBA PWM Fans for Intel LGA 1700/1200/115X/2066/AMD AM5/AM4/AM3/FM1,Black",,COOLER,202.55375,26.426799070084375,EN_RIESGO,107,142.63,37.692089818804504,0.9469,17,121.24,171.16,118.21789384303467,75.8,118.21789384303467,1,0.957,1,142.63,0.032969,AGRESIVO,0.9469,0.9222,0.957,0.958993,13,0.032969,0.016015,0.951016,0.032969,EN_RIESGO,64.11888888888888,26.426799070084375,37.692089818804504,142.63,B0FGJ73VRL
14,"Thermalright FW 240 White ARGB-240mm AIO CPU Liquid Cooler,IPS LCD Screen with 320 * 240 Resolution,for AM4/AM5,Intel LGA1700/1851,”2.4 inch”Screen for Images and Double Fans-White",,COOLER,198.71615384615384,25.033040681695073,EN_RIESGO,294,137.11,34.322292651638264,0.9072,26,116.54,164.53,341.4857412420114,202.69,341.4857412420114,1,0.95,1,137.11,0.007187,AGRESIVO,0.9072,0.9,0.95,0.958565,14,0.007187,0.002574,0.990239,0.007187,EN_RIESGO,59.355333333333334,25.033040681695073,34.322292651638264,137.11,B0D1K9H3H6
15,"Micro Center AMD Ryzen 5 5500 Desktop Processor with GIGABYTE B550M K Motherboard (Micro-ATX, DDR4, Dual M.2, SATA 6Gb/s, PCIe 4.0)",,MOTHERBOARD,,81.75889584609537,EN_RIESGO,91,144.61,118.23110415390464,0.9612,16,122.92,173.53,0.0,0.0,0.0,1,0.9588,1,144.61,0.043597,AGRESIVO,0.9612,1.0,0.9588,0.958319,15,0.043597,0.082716,0.873687,0.043597,EN_RIESGO,199.99,81.75889584609537,118.23110415390464,144.61,B0DYDHDDWP
16,"Panorama XL RTX 5080, Intel 24-Core Ultra 9 285K Processor, 64GB DDR5 RAM, 2TB Gen5 NVMe SSD, Liquid Cooled Gaming Desktop w/Windows 11 Pro, 3-Year Warranty, RGB Keyboard+Mouse, Internal Wi-Fi 6E",,CPU,13785.62875,1716.619658551179,VIGENTE,308,136.25,2338.9258970043757,0.901,28,115.81,163.5,1.2328797523062387,50.0,1.2328797523062387,1,0.9477,1,136.25,0.005519,AGRESIVO,0.901,1.0,0.9477,0.957089,16,0.005519,0.9906,0.003881,0.005519,VIGENTE,4055.545555555555,1716.619658551179,2338.9258970043757,136.25,B0G4SQWTC2
17,"MSI MAG Coreliquid A13 360 White - AIO ARGB CPU Liquid Cooler - 360mm Radiator - LGA 1700/1851 / AM5/AM4 Compatible - Triple 120mm ARGB PWM Fans, White",,COOLER,341.164,39.59738142593201,EN_RIESGO,176,135.41,53.619761431210854,0.895,30,115.1,162.49,273.8122969410899,255.24,273.8122969410899,1,0.9393,1,135.41,0.016352,AGRESIVO,0.895,0.96,0.9393,0.94817,17,0.016352,0.008022,0.975626,0.016352,EN_RIESGO,93.21714285714286,39.59738142593201,53.619761431210854,135.41,B0DM4SRF7K
18,msi,,MOTHERBOARD,282.90461538461534,36.65248066596507,EN_RIESGO,340,132.71,48.64151933403494,0.8755,32,112.8,159.25,331.32459493047566,282.59999999999997,331.32459493047566,1,0.936,1,132.71,0.003569,AGRESIVO,0.8755,0.9,0.936,0.948064,18,0.003569,0.000679,0.995753,0.003569,EN_RIESGO,85.29400000000001,36.65248066596507,48.64151933403494,132.71,B0BZ9T4KF6
19,PCCOOLER AIO CPU Cooler - 3 Pack F5 R120 Case Fans - 2.4 Inch IPS LCD Screen 360mm Liquid Cooler Compatible with AM4 AM5 Intel LGA 1700/1851/20XX CPS Water Cooling(DS360 Display WH),,COOLER,241.67153846153846,29.9274043139472,EN_RIESGO,79,139.9,41.86926235271947,0.9273,23,118.92,167.88,324.8479502298157,233.23000000000002,324.8479502298157,1,0.9388,1,139.9,0.049773,AGRESIVO,0.9273,0.92,0.9388,0.941048,19,0.049773,0.020342,0.929885,0.049773,EN_RIESGO,71.79666666666667,29.9274043139472,41.86926235271947,139.9,B0F6L8D8KB
20,INTEL Core i5 7400 3.0GHz Quad-Core Quad-Thread CPU Processor 6M 65W LGA 1151,,CPU,,11.724,EN_RIESGO,37,150.0,17.586,1.0,4,127.5,180.0,0.0,0.0,0.0,1,0.9493,1,150.0,0.101437,AGRESIVO,1.0,1.0,0.9493,0.939138,20,0.101437,0.059916,0.838647,0.101437,EN_RIESGO,29.31,11.724,17.586,150.0,3256803270198177
21,AMD Ryzen 7 5700x New 8-Core CPU16-Thread 4.6GHz Processor 7NM L3=32M 100-000000926 R7 5700X Socket AM4 DDR4 but no without fan,,CPU,890.5244444444445,107.07889066143525,EN_RIESGO,47,145.95,156.27710933856474,0.9708,12,124.06,175.14,10.043439298895798,26.450000000000017,10.043439298895798,1,0.9438,1,145.95,0.083289,AGRESIVO,0.9708,0.98,0.9438,0.938363,21,0.083289,0.048744,0.867967,0.083289,EN_RIESGO,263.356,107.07889066143525,156.27710933856474,145.95,3256806824156527
22,"Thermalright Frozen Edge 240 White Liquid CPU Water Cooler with 120mm PWM Fan,240 White Cold Row Specification,Integrated Water-Cooler Heatsink for AM4/AM5,Intel LGA1700/1851/1150/1151/1200",,COOLER,113.00307692307692,15.284757276240573,EN_RIESGO,335,128.6,19.65657605709276,0.8459,39,109.31,154.32,96.0467068610242,33.56,96.0467068610242,1,0.9211,1,128.6,0.003781,AGRESIVO,0.8459,0.92,0.9211,0.9361,22,0.003781,0.001423,0.994797,0.003781,EN_RIESGO,34.94133333333333,15.284757276240573,19.65657605709276,128.6,B0C8CTGYJX
23,"Alienware Aurora ACT1250 Gaming Desktop + Home Security Essential Anti-Virus (3-Year, 1-Device) Bundle - Intel Core Ultra 9 285K, NVIDIA GeForce RTX 5080 16GB GDDR7, 32GB DDR5, 2TB SSD, Liquid Cooled",,CPU,7070.55,941.224231200752,VIGENTE,317,128.24,1207.0557687992477,0.8433,40,109.0,153.89,101.08691604446349,2171.63,101.08691604446349,1,0.9191,1,128.24,0.005174,AGRESIVO,0.8433,1.0,0.9191,0.934227,23,0.005174,0.991932,0.002894,0.005174,VIGENTE,2148.2799999999997,941.224231200752,1207.0557687992477,128.24,B0GWYB3SF5
24,Seasonic Focus GX 750W Power Supply ATX 3.1 PCIe 5.1 (12V-2x6) 10 Years Warranty Cybenetics Platinum Fully Modular RTX 5070 Ti AMD RX 9000 Ready White,,PSU,305.6725,38.14504732683879,VIGENTE,94,135.92,51.8449526731612,0.8986,29,115.53,163.1,0.0,0.0,0.0,1,0.9281,1,135.92,0.042428,AGRESIVO,0.8986,0.92,0.9281,0.933993,24,0.042428,0.952034,0.005538,0.042428,VIGENTE,89.99,38.14504732683879,51.8449526731612,135.92,B0DWDTQB37
25,"Thermalrlght FW240 White ARGB V2 CPU Water Cooler with 2 PWM Fans with 2000RPM,IPS LCD Screen with 320 * 240 Resolution,Liquid CPU Cooler,CPU PC Aio Cooler for AMD:AM4/AM5/Intel LGA1700",,COOLER,181.69076923076923,23.37414486054176,EN_RIESGO,150,131.93,30.83785513945824,0.8699,33,112.14,158.32,338.83641998081606,183.69,338.83641998081606,1,0.9232,1,131.93,0.023514,AGRESIVO,0.8699,0.92,0.9232,0.93385,25,0.023514,0.014114,0.962371,0.023514,EN_RIESGO,54.212,23.37414486054176,30.83785513945824,131.93,B0D8VFCCK5
26,Intel Core i7-7700 Desktop Processor 4 Cores up to 4.2 GHz LGA 1151 100/200 Series 65W (Renewed),,CPU,197.709,26.323458194051295,EN_RIESGO,183,130.26,34.28820847261538,0.8579,36,110.72,156.31,91.78101025655126,55.629999999999995,91.78101025655126,1,0.9212,1,130.26,0.015542,AGRESIVO,0.8579,0.92,0.9212,0.933824,26,0.015542,0.006196,0.978262,0.015542,EN_RIESGO,60.61166666666667,26.323458194051295,34.28820847261538,130.26,B07MMD4DDJ
27,"Procesador Ryzen 5 5500, 3.60 / 4.20 GHz AM4",AMD,procesadores,502.8888888888889,63.89398371301269,EN_RIESGO,228,128.14,81.87601628698732,0.8426,41,108.92,153.77,10.372504630582426,15.120000000000005,10.372504630582426,1,0.9155,1,128.14,0.01169,AGRESIVO,0.8426,1.0,0.9155,0.93003,27,0.01169,0.011652,0.976658,0.01169,EN_RIESGO,145.77,63.89398371301269,81.87601628698732,128.14,121387635
28,Computadora Gamer Pro Ryzen 5 5500 RAM 16GB SSD 500GB RTX 3050 6GB,AMD,procesadores,3600.0,466.65845001818303,EN_RIESGO,168,127.1,593.1077038279709,0.8351,45,108.04,152.52,0.5406853180963016,5.730000000000018,0.5406853180963016,1,0.9081,1,127.1,0.018861,AGRESIVO,0.8351,1.0,0.9081,0.922732,28,0.018861,0.014528,0.966612,0.018861,EN_RIESGO,1059.7661538461539,466.65845001818303,593.1077038279709,127.1,144742537
29,MSI MEG Z690 UNIFY Motherboard uses Intel Z690 Chipset Support i9-14900KF i7-13600KF i7-12700K i5-12400F CPU 4xDDR5 M.2 NVME ATX,,CPU,,141.96278919435045,EN_RIESGO,123,128.71,182.71721080564956,0.8467,38,109.4,154.45,0.0,0.0,0.0,1,0.9088,1,128.71,0.029047,AGRESIVO,0.8467,1.0,0.9088,0.921257,29,0.029047,0.013626,0.957327,0.029047,EN_RIESGO,324.68,141.96278919435045,182.71721080564956,128.71,3256809841111938
30,"Centaurus Virgo 4 PC - Intel Core Ultra 7 265K 20-Core, GeForce RTX 5060 Ti 16GB, 2TB NVMe SSD, 32GB DDR5 RAM, Liquid Cooler, Windows 11 PRO, AC WiFi. Custom Gaming Computer Workstation, ARGB, Glass",,CPU,4021.51875,560.8601270720288,VIGENTE,284,124.0,695.4609840390823,0.8128,48,105.4,148.8,107.43590854779697,1349.74,107.43590854779697,1,0.9026,1,124.0,0.007517,AGRESIVO,0.8128,1.0,0.9026,0.92061,30,0.007517,0.981265,0.011218,0.007517,VIGENTE,1256.3211111111111,560.8601270720288,695.4609840390823,124.0,B01GW6AEHY
31,Computadora Gamer RYZEN 5 5600 RAM 16GB SSD 500GB CON GRAFICA RTX 3060 12GB,INTEL,procesadores,5500.0,710.6387271444984,EN_RIESGO,140,127.5,906.0637728555015,0.838,43,108.38,153.0,0.3822595684734722,6.179999999999836,0.3822595684734722,1,0.9063,1,127.5,0.025419,AGRESIVO,0.838,1.0,0.9063,0.919949,31,0.025419,0.036542,0.938038,0.025419,EN_RIESGO,1616.7024999999999,710.6387271444984,906.0637728555015,127.5,127209126
32,"ASUS ROG Strix LC III 360 ARGB LCD All-in-one CPU Liquid Cooler - Intel LGA 1700, 1200, 115X - AMD Socket AM4, AM5 – with 2.1"" IPS LCD, Asetek Gen7 v2 Pump, and Premium ROG ARGB Fans, 6 Year Warranty",,COOLER,685.1733333333333,88.2596248509937,EN_RIESGO,102,130.02,114.75114437977552,0.8561,37,110.52,156.02,335.64721841205846,681.4,335.64721841205846,1,0.9092,1,130.02,0.037778,AGRESIVO,0.8561,0.9185,0.9092,0.919791,32,0.037778,0.026343,0.93588,0.037778,EN_RIESGO,203.01076923076923,88.2596248509937,114.75114437977552,130.02,B0DC1WB2RM
33,MSI MAG Coreliquid A15 360 - AIO ARGB Liquid Cooling - 360mm Radiator - Triple 120mm ARGB PWM Fans - EZ Connect - Uni Bracket - LGA 1700/1851/AM5/AM4 Compatible - Black,,COOLER,246.17307692307693,33.690468885304306,EN_RIESGO,143,125.93,42.42753111469569,0.8267,46,107.04,151.12,96.0482408891458,73.11,96.0482408891458,1,0.9013,1,125.93,0.024185,AGRESIVO,0.8267,0.88,0.9013,0.916168,33,0.024185,0.016835,0.95898,0.024185,EN_RIESGO,76.118,33.690468885304306,42.42753111469569,125.93,B0DPY1CVK4
34,Intel Core i7-7700 Desktop Processor 4 Cores up to 4.2 GHz LGA 1151 100/200 Series 65W (Renewed),,CPU,197.709,27.180138876474082,EN_RIESGO,188,123.0,33.43152779019259,0.8056,52,104.55,147.6,91.78101025655126,55.629999999999995,91.78101025655126,1,0.8951,1,123.0,0.015495,AGRESIVO,0.8056,0.92,0.8951,0.912944,34,0.015495,0.00575,0.978756,0.015495,EN_RIESGO,60.61166666666667,27.180138876474082,33.43152779019259,123.0,B07MMD4DDJ
35,Intel Core i7-7700 Desktop Processor 4 Cores up to 4.2 GHz LGA 1151 100/200 Series 65W (Renewed),,CPU,197.709,27.05905768678766,EN_RIESGO,158,124.0,33.55260897987901,0.8128,48,105.4,148.8,91.78101025655126,55.629999999999995,91.78101025655126,1,0.896,1,124.0,0.020823,AGRESIVO,0.8128,0.92,0.896,0.912627,35,0.020823,0.012427,0.96675,0.020823,EN_RIESGO,60.61166666666667,27.05905768678766,33.55260897987901,124.0,B07MMD4DDJ
36,msi,,MOTHERBOARD,428.4046153846154,57.43492188701479,EN_RIESGO,174,122.82,70.53907811298521,0.8043,53,104.4,147.38,338.39686186256574,433.05999999999995,338.39686186256574,1,0.8939,1,122.82,0.016427,AGRESIVO,0.8043,0.92,0.8939,0.911866,36,0.016427,0.010223,0.97335,0.016427,EN_RIESGO,127.974,57.43492188701479,70.53907811298521,122.82,B0BRQSWSFQ
37,Intel Core i7-7700 Desktop Processor 4 Cores up to 4.2 GHz LGA 1151 100/200 Series 65W (Renewed),,CPU,197.709,27.301753677319347,EN_RIESGO,188,122.01,33.309912989347325,0.7985,55,103.71,146.41,91.78101025655126,55.629999999999995,91.78101025655126,1,0.8915,1,122.01,0.015495,AGRESIVO,0.7985,0.92,0.8915,0.910092,37,0.015495,0.00575,0.978756,0.015495,EN_RIESGO,60.61166666666667,27.301753677319347,33.309912989347325,122.01,B07MMD4DDJ
38,ASUS ROG STRIX Z790-E GAMING WIFI Motherboard Intel Z790 LGA 1700  DDR5 192GB Wi-Fi 6E support i9-14900T i7-14700T i5-13500 cpu,,CPU,,236.06636343627548,VIGENTE,135,123.93,292.5536365637245,0.8123,50,105.34,148.72,0.0,0.0,0.0,1,0.8929,1,123.93,0.026523,AGRESIVO,0.8123,1.0,0.8929,0.909005,38,0.026523,0.936456,0.037021,0.026523,VIGENTE,528.62,236.06636343627548,292.5536365637245,123.93,3256809724801524
39,Intel Core i5 7500T 2.7GHz Quad-Core LGA 1151 cpu processor,,CPU,,11.4636765246721,EN_RIESGO,38,137.27,15.736323475327898,0.9083,25,116.68,164.72,0.0,0.0,0.0,1,0.9063,1,137.27,0.09565,AGRESIVO,0.9083,1.0,0.9063,0.905948,39,0.09565,0.121873,0.782477,0.09565,EN_RIESGO,27.2,11.4636765246721,15.736323475327898,137.27,3256805434942373
40,"Z890 Gaming Plus WIFI6E Motherboard, ATX-Supports Intel Core Ultra Processors (Series 2), LGA 1851 - DDR5 Memory Boost (Up to 9200+MT/s OC), 1 x PCIe 5.0 x16, 1 x M.2 Gen5, Intel Killer 5G LAN, Wi-Fi",,MOTHERBOARD,619.12,85.02732373566793,VIGENTE,487,117.15,99.60867626433206,0.7635,62,99.58,140.58,343.80077558006025,634.78,343.80077558006025,1,0.8816,1,117.15,0.000316,AGRESIVO,0.7635,0.924,0.8816,0.905203,40,0.000316,0.999427,0.000256,0.000316,VIGENTE,184.636,85.02732373566793,99.60867626433206,117.15,B0H1JNLST2
41,Procesador Core i5-12400F 2.5GHz LGA1700,INTEL,CPU,712.3333333333334,92.20926409123156,EN_RIESGO,76,127.56,117.62295813099065,0.8384,42,108.43,153.07,13.834862773962268,29.03,13.834862773962268,1,0.8925,1,127.56,0.053435,AGRESIVO,0.8384,0.8,0.8925,0.903312,41,0.053435,0.071891,0.874674,0.053435,EN_RIESGO,209.8322222222222,92.20926409123156,117.62295813099065,127.56,154543607
42,ASRock,,MOTHERBOARD,366.9191666666666,50.20030271277474,EN_RIESGO,351,117.08,58.77431267184065,0.763,63,99.52,140.5,343.3918979014167,374.21000000000004,343.3918979014167,1,0.8799,1,117.08,0.003146,AGRESIVO,0.763,1.0,0.8799,0.903304,42,0.003146,0.001193,0.995661,0.003146,EN_RIESGO,108.97461538461539,50.20030271277474,58.77431267184065,117.08,B0CX1GPFW4
43,Intel Core i7-7700 Desktop Processor 4 Cores up to 4.2 GHz LGA 1151 100/200 Series 65W (Renewed),,CPU,197.709,27.732442167859606,EN_RIESGO,188,118.56,32.87922449880706,0.7736,58,100.78,142.27,91.78101025655126,55.629999999999995,91.78101025655126,1,0.8791,1,118.56,0.015495,AGRESIVO,0.7736,0.92,0.8791,0.900157,43,0.015495,0.00575,0.978756,0.015495,EN_RIESGO,60.61166666666667,27.732442167859606,32.87922449880706,118.56,B07MMD4DDJ
44,"MSI MAG Coreliquid A13 360 - AIO ARGB CPU Liquid Cooler - 360mm Radiator - LGA 1700/1851 / AM5/AM4 Compatible - Triple 120mm ARGB PWM Fans, Black",,COOLER,276.47153846153844,37.05629519571596,EN_RIESGO,101,122.74,45.484371470950705,0.8037,54,104.33,147.29,335.9556097600375,277.3,335.9556097600375,1,0.8824,1,122.74,0.038879,AGRESIVO,0.8037,0.94,0.8824,0.898164,44,0.038879,0.027125,0.933996,0.038879,EN_RIESGO,82.54066666666667,37.05629519571596,45.484371470950705,122.74,B0DM4BRSV5
45,"Thermalright Frozen Edge 360 Black Liquid CPU Water Cooler with 120mm PWM Fan,360 Black Cold Row Specification,Integrated Water-Cooler Heatsink for AM4/AM5,Intel LGA1700/1150/1151/1200/1851",,COOLER,169.7176923076923,23.11524859956164,EN_RIESGO,275,116.16,26.850136015822976,0.7564,68,98.74,139.39,342.65722423216073,171.21,342.65722423216073,1,0.8741,1,116.16,0.008101,AGRESIVO,0.7564,0.92,0.8741,0.897681,45,0.008101,0.005037,0.986861,0.008101,EN_RIESGO,49.965384615384615,23.11524859956164,26.850136015822976,116.16,B0C7R2RDRL
46,"Thermalright Frozen Notte 360 Black ARGB V2 Water Cooling CPU Cooler, 360 Black CPU Cooler Specifications, 3×120mm PWM Fans, S-FDB Bearings, Suitable for AMD/AM4, Intel LGA 1700/1150/1151/1200/2011",,COOLER,157.27923076923076,21.58251171714282,EN_RIESGO,215,116.73,25.194154949523845,0.7605,65,99.22,140.08,329.1812157058363,153.98000000000002,329.1812157058363,1,0.8737,1,116.73,0.013101,AGRESIVO,0.7605,0.896,0.8737,0.896323,46,0.013101,0.005056,0.981843,0.013101,EN_RIESGO,46.776666666666664,21.58251171714282,25.194154949523845,116.73,B0BDDZGLXL
47,Computadora PC GAMER Core I7+Ram 16GB+DISCO 1TB+SSD 500GB+VIDEO RX 580 8GB+M27.,INTEL,computadoras,3980.0,471.7247316941472,VIGENTE,10,148.37,699.9052683058529,0.9883,10,126.11,178.04,0.5411264648395949,6.3400000000001455,0.5411264648395949,1,0.9099,1,148.37,0.168474,AGRESIVO,0.9883,1.0,0.9099,0.894221,47,0.168474,0.644644,0.186882,0.168474,VIGENTE,1171.63,471.7247316941472,699.9052683058529,148.37,128837285
48,Intel Core i7-7700 Desktop Processor 4 Cores up to 4.2 GHz LGA 1151 100/200 Series 65W (Renewed),,CPU,197.709,28.02138920238567,EN_RIESGO,188,116.31,32.590277464281,0.7574,67,98.86,139.57,91.78101025655126,55.629999999999995,91.78101025655126,1,0.871,1,116.31,0.015495,AGRESIVO,0.7574,0.92,0.871,0.893677,48,0.015495,0.00575,0.978756,0.015495,EN_RIESGO,60.61166666666667,28.02138920238567,32.590277464281,116.31,B07MMD4DDJ
49,"GIGABYTE X870 GAMING X WIFI7 AM5 LGA 1718, ATX, DDR5, 4x M.2, PCIe 5.0, USB4,",,,1395.3992307692306,193.18499580485414,VIGENTE,420,112.62,217.55808111822276,0.7309,74,95.73,135.14,31.163032852278988,128.0,31.163032852278988,1,0.8647,1,112.62,0.001398,AGRESIVO,0.7309,0.8,0.8647,0.891508,49,0.001398,0.997246,0.001356,0.001398,VIGENTE,410.7430769230769,193.18499580485414,217.55808111822276,112.62,v1|167004388980|0
50,"Tarjeta de video DUAL-RTX5070-O12G, 12GB GDDR7, PCIe Gen 5.0",ASUS,tarjetas_video,5482.133333333333,753.8635845076396,VIGENTE,274,114.01,859.4871847231298,0.7409,71,96.91,136.81,44.24456315475293,713.8199999999999,44.24456315475293,1,0.8664,1,114.01,0.00817,AGRESIVO,0.7409,1.0,0.8664,0.891448,50,0.00817,0.987537,0.004293,0.00817,VIGENTE,1613.3507692307694,753.8635845076396,859.4871847231298,114.01,153727074
51,ASUS TUF Gaming X870-PLUS WiFi AM5 DDR5 PCIe 5.0 ATX Motherboard X870,,,613.065,84.63140561256243,VIGENTE,412,112.57,95.26859438743757,0.7305,75,95.68,135.08,0.0,0.0,0.0,1,0.8644,0,112.57,0.001724,AGRESIVO,0.7305,0.8,0.8644,0.891168,51,0.001724,0.996908,0.001368,0.001724,VIGENTE,179.9,84.63140561256243,95.26859438743757,112.57,v1|398174209476|0
52,ASUS PRIME X870-P WIFI AMD AM5 X870 ATX DDR5 PCIe 5.0 Motherboard,,,962.6730769230769,133.5372487107207,VIGENTE,424,112.21,149.8427512892793,0.7279,78,95.38,134.65,0.0,0.0,0.0,1,0.8633,0,112.21,0.001365,AGRESIVO,0.7279,0.8,0.8633,0.890347,52,0.001365,0.997695,0.00094,0.001365,VIGENTE,283.38,133.5372487107207,149.8427512892793,112.21,v1|387804840014|0
53,"Procesador Core I7-14700K, 3.40/5.60 Ghz, 33 Mb Caché, Lga1700, Alto Rendimiento 125",INTEL,CPU,2200.4285714285716,269.26363910497486,EN_RIESGO,15,140.85,379.2635037521681,0.9341,22,119.72,169.02,1.3492110694783122,8.75,1.3492110694783122,1,0.8974,0,140.85,0.139379,AGRESIVO,0.9341,0.8,0.8974,0.890021,53,0.139379,0.091417,0.769204,0.139379,EN_RIESGO,648.527142857143,269.26363910497486,379.2635037521681,140.85,151367960
54,"Intel Core i5-13600K Processor (5.1 GHz, 14 Cores, LGA 1700) Box - BX8071513600K",,,339.13,47.143663220018595,EN_RIESGO,408,112.12,52.856336779981405,0.7273,79,95.3,134.54,0.0,0.0,0.0,1,0.8627,0,112.12,0.001781,AGRESIVO,0.7273,0.8,0.8627,0.889838,54,0.001781,0.000599,0.99762,0.001781,EN_RIESGO,100.0,47.143663220018595,52.856336779981405,112.12,v1|307068580943|0
55,Procesador Core I5-14400 20Mb Smart Cache 4.70 Ghz Socket Lga1700,INTEL,CPU,1429.0,194.32580183057482,EN_RIESGO,141,116.72,226.80991245513943,0.7604,66,99.21,140.06,24.502790074458524,103.19,24.502790074458524,1,0.8676,0,116.72,0.025244,AGRESIVO,0.7604,0.8,0.8676,0.889008,55,0.025244,0.020101,0.954655,0.025244,EN_RIESGO,421.13571428571424,194.32580183057482,226.80991245513943,116.72,154799178
56,GIGABYTE B650 EAGLE AX AM5 ATX DDR5 Wi-Fi Gaming Motherboard PCIe 5.0 M.2,,,322.7238461538461,44.877316643043756,VIGENTE,432,111.69,50.122683356956244,0.7242,83,94.94,134.03,0.0,0.0,0.0,1,0.8615,0,111.69,0.001235,AGRESIVO,0.7242,0.8,0.8615,0.888927,56,0.001235,0.997809,0.000956,0.001235,VIGENTE,95.0,44.877316643043756,50.122683356956244,111.69,v1|358706337454|0
57,"ASUS ProArt LC 360 all-in-one AIO CPU liquid cooler AMD AM4 AM5 & Intel LGA 1700, 1200, 115X support, illuminated system status meter and matte black Alphacool Apex Stealth Metal fans, 6 Year Warranty",,COOLER,512.385,79.53655516956194,EN_RIESGO,385,111.86,88.97344483043808,0.7254,82,95.08,134.23,106.04711886534923,178.70000000000002,106.04711886534923,1,0.8615,0,111.86,0.002337,AGRESIVO,0.7254,0.92,0.8615,0.888755,57,0.002337,0.000562,0.997101,0.002337,EN_RIESGO,168.51000000000002,79.53655516956194,88.97344483043808,111.86,B0DJS2CLLL
58,"Thermalright Frozen Notte 240 WHITE ARGB Water Cooling CPU Cooler, 240 White CPU Cooler Specifications, Double PWM Fans, S-FDB V2 Bearings, Suitable for AMD/AM4 AM5, Intel LGA 1700/1150/1151/1200/2011",,COOLER,146.578,20.49508682919665,EN_RIESGO,202,114.24,23.41324650413668,0.7425,69,97.1,137.09,10.909090909090907,4.789999999999999,10.909090909090907,1,0.8642,0,114.24,0.0141,AGRESIVO,0.7425,0.92,0.8642,0.888552,58,0.0141,0.005686,0.980213,0.0141,EN_RIESGO,43.90833333333333,20.49508682919665,23.41324650413668,114.24,B0BLJGW838
59,ASUS NVIDIA GeForce RTX 4060 Dual 8GB GDDR6 PCIe 4.0 Graphics Card,,,1053.1023076923077,146.65047614948048,EN_RIESGO,396,111.39,163.34952385051952,0.722,86,94.68,133.67,0.0,0.0,0.0,1,0.86,0,111.39,0.002102,AGRESIVO,0.722,0.8,0.86,0.887543,59,0.002102,6.6e-05,0.997832,0.002102,EN_RIESGO,310.0,146.65047614948048,163.34952385051952,111.39,v1|136318517492|0
60,"ASUS ROG Strix G16 Gaming Laptop i7-13650HX RTX 4060 16GB 512GB SSD 16"" 2560x16…",,,4076.5292307692307,568.8071209538758,EN_RIESGO,465,110.97,631.1928790461242,0.719,90,94.32,133.16,0.0,0.0,0.0,1,0.8592,0,110.97,0.000598,AGRESIVO,0.719,0.8,0.8592,0.887236,60,0.000598,3.8e-05,0.999364,0.000598,EN_RIESGO,1200.0,568.8071209538758,631.1928790461242,110.97,v1|127694350650|0
61,"Thermalright Wonder Vision 360 UB ARGB Black CPU Water Cooler, 6.67-inch Magnetic Curved Screen with 2400x1080 Resolution, AMOLED Display Screen, Liquid Cooler for AM4/AM5, Intel LGA1700/1851",,COOLER,644.4176923076923,88.63911058174317,EN_RIESGO,122,116.92,103.63955608492348,0.7618,64,99.38,140.3,338.82594012856345,651.49,338.82594012856345,1,0.8661,0,116.92,0.029605,AGRESIVO,0.7618,0.94,0.8661,0.886967,61,0.029605,0.014681,0.955714,0.029605,EN_RIESGO,192.27866666666665,88.63911058174317,103.63955608492348,116.92,B0FD7HZSSY
62,"X870 AORUS Elite WIFI7 AMD AM5 LGA 1718 Motherboard, ATX, DDR5, 4X M.2, PCIe 5.0",,,717.8615384615385,100.29506919355721,VIGENTE,481,110.69,111.01262311413511,0.717,93,94.09,132.83,7.571896614488533,16.0,7.571896614488533,1,0.8583,0,110.69,0.000365,AGRESIVO,0.717,0.8,0.8583,0.886569,62,0.000365,0.999291,0.000344,0.000365,VIGENTE,211.30769230769232,100.29506919355721,111.01262311413511,110.69,v1|267506465794|0
63,"Legion 5i 16"" WQXGA 165Hz Gaming Laptop i7-14650HX 16GB RAM 512GB SSD RTX 4060",,,4585.992307692308,638.8022500121539,EN_RIESGO,336,111.33,711.1677499878462,0.7216,88,94.63,133.6,0.0,0.0,0.0,1,0.8589,0,111.33,0.003687,AGRESIVO,0.7216,0.8,0.8589,0.886419,63,0.003687,0.001123,0.99519,0.003687,EN_RIESGO,1349.97,638.8022500121539,711.1677499878462,111.33,v1|376705461064|0
64,"Thermalright FW 360 White ARGB-360mm AIO CPU Liquid Cooler,IPS LCD Screen with 320 * 240 Resolution,for AM4/AM5/Intel LGA1700,‘2.4 inch’Magnet-Absorbent LCD Screen for Images -White",,COOLER,241.72307692307692,33.880312897072116,EN_RIESGO,287,111.65,37.82702043626122,0.7239,84,94.9,133.98,324.05332787906394,232.37,324.05332787906394,1,0.8582,0,111.65,0.007396,AGRESIVO,0.7239,0.908,0.8582,0.885115,64,0.007396,0.00187,0.990734,0.007396,EN_RIESGO,71.70733333333334,33.880312897072116,37.82702043626122,111.65,B0D1K859GT
65,"BIWIN Black Opal NV7400 1TB SSD Gen4x4, Read Speed up to 7450MB/s, NVMe M.2 2280 PCIe 4.0 Internal PC Solid State Drive for Laptop/Desktop/PS5",,SSD,537.3215384615385,67.66709352989415,EN_RIESGO,11,141.2,95.54353147010585,0.9366,21,120.02,169.44,324.81953916909515,530.14,324.81953916909515,1,0.8932,0,141.2,0.150334,AGRESIVO,0.9366,0.94,0.8932,0.884456,65,0.150334,0.12835,0.721315,0.150334,EN_RIESGO,163.210625,67.66709352989415,95.54353147010585,141.2,B0DM1R7KHZ
66,PNY RTX 4060 Ti 8GB GDDR6 Graphics Card PCIe 4.0 HDMI DisplayPort Used,,,1885.9881818181818,263.32104640525876,EN_RIESGO,321,110.88,291.9698626856503,0.7183,92,94.25,133.06,6.310205952653824,35.04000000000008,6.310205952653824,1,0.8566,0,110.88,0.005082,AGRESIVO,0.7183,0.8,0.8566,0.884286,66,0.005082,0.000333,0.994585,0.005082,EN_RIESGO,555.290909090909,263.32104640525876,291.9698626856503,110.88,v1|800344117974|0
67,[READ] MSI MPG X870E Carbon WiFi AM5 ATX Motherboard DDR5 PCIe 5.0 WiFi 7,,,642.476,89.90606428394028,VIGENTE,399,110.22,99.09393571605972,0.7136,94,93.69,132.26,0.0,0.0,0.0,1,0.8558,0,110.22,0.002084,AGRESIVO,0.7136,0.8,0.8558,0.884184,67,0.002084,0.995946,0.00197,0.002084,VIGENTE,189.0,89.90606428394028,99.09393571605972,110.22,v1|298468104456|0
68,ASUS ROG Strix G16 Gaming Laptop RTX 4060 i7-13650HX 16GB RAM 512GB SSD Win 11,,,4922.409230769231,690.1619522531475,EN_RIESGO,446,109.95,758.8380477468525,0.7116,95,93.46,131.94,0.0,0.0,0.0,1,0.8554,0,109.95,0.000917,AGRESIVO,0.7116,0.8,0.8554,0.884107,68,0.000917,7e-05,0.999012,0.000917,EN_RIESGO,1449.0,690.1619522531475,758.8380477468525,109.95,v1|117293662940|0
69,GIGABYTE G5 KF5 15.6in Gaming Laptop i7-12650H 16GB RTX 4060 477GB SSD,,,2379.902,331.6964918983199,EN_RIESGO,300,111.04,368.3035081016801,0.7195,89,94.38,133.25,0.0,0.0,0.0,1,0.8565,0,111.04,0.006511,AGRESIVO,0.7195,0.8,0.8565,0.883889,69,0.006511,0.004383,0.989106,0.006511,EN_RIESGO,700.0,331.6964918983199,368.3035081016801,111.04,v1|397949260006|0
70,"ASUS ROG Strix G16 Gaming Laptop 16"" FHD, RTX 4060, Core I7-13650HX",,,4755.950769230769,668.0751260070433,EN_RIESGO,423,109.56,731.9248739929567,0.7088,100,93.13,131.47,0.0,0.0,0.0,1,0.8537,0,109.56,0.001381,AGRESIVO,0.7088,0.8,0.8537,0.882705,70,0.001381,0.00017,0.998449,0.001381,EN_RIESGO,1400.0,668.0751260070433,731.9248739929567,109.56,v1|365747319924|0
71,ASUS ROG STRIX X870E-E Gaming WiFi Motherboard AMD  AM5 DDR5 PCIe 5.0,,,1188.9892307692307,167.43485639164336,VIGENTE,430,109.04,182.56514360835664,0.7051,105,92.68,130.85,0.0,0.0,0.0,1,0.8519,0,109.04,0.001283,AGRESIVO,0.7051,0.8,0.8519,0.881266,71,0.001283,0.997836,0.000881,0.001283,VIGENTE,350.0,167.43485639164336,182.56514360835664,109.04,v1|147376211992|0
72,"GIGABYTE X870 AORUS ELITE WIFI7 ICE AM5 LGA 1718, ATX, DDR5, 4x M.2, PCIe 5.0",,,1078.9546153846154,152.0686733434828,VIGENTE,450,108.86,165.5413266565172,0.7038,108,92.53,130.63,0.0,0.0,0.0,1,0.8515,0,108.86,0.000807,AGRESIVO,0.7038,0.8,0.8515,0.881034,72,0.000807,0.998472,0.000721,0.000807,VIGENTE,317.61,152.0686733434828,165.5413266565172,108.86,v1|397980997045|0
73,"Acer Predator Helios Neo 16"" i7-13700HX RTX 4060 16GB RAM 1TB SSD Gaming Laptop",,,4416.24,622.461104471617,EN_RIESGO,431,108.85,677.538895528383,0.7037,109,92.52,130.62,0.0,0.0,0.0,1,0.8512,0,108.85,0.00125,AGRESIVO,0.7037,0.8,0.8512,0.880739,73,0.00125,9.7e-05,0.998652,0.00125,EN_RIESGO,1300.0,622.461104471617,677.538895528383,108.85,v1|376691658886|0
74,LOT Samsung 16GB 8GB 4GB 2GB 1GB 2RX8 DDR4/DDR3/DDR2 Desktop Memory RAM 240PIN $,,,71.30538461538461,9.953017470212384,EN_RIESGO,237,110.89,11.036982529787618,0.7184,91,94.26,133.07,0.0,0.0,0.0,1,0.8536,0,110.89,0.011113,AGRESIVO,0.7184,0.8,0.8536,0.880696,74,0.011113,0.002362,0.986524,0.011113,EN_RIESGO,20.990000000000002,9.953017470212384,11.036982529787618,110.89,v1|254219753793|553607618438
75,Intel Core i5-13600K 13th Gen 14-Core 5.1GHz LGA1700 CPU Open Box Unused,,,815.932,114.83770998220945,EN_RIESGO,356,108.98,125.15229001779056,0.7047,106,92.63,130.78,0.0,0.0,0.0,1,0.8509,0,108.98,0.00286,AGRESIVO,0.7047,0.8,0.8509,0.880147,75,0.00286,0.000269,0.996872,0.00286,EN_RIESGO,239.99,114.83770998220945,125.15229001779056,108.98,v1|398167804098|0
76,"MSI MAG X870E Tomahawk WiFi Motherboard, ATX, AM5, DDR5, M.2 Gen5, Wi-Fi 7",,,544.1425,76.2698764870467,VIGENTE,290,109.77,83.72012351295331,0.7103,98,93.3,131.72,0.0,0.0,0.0,1,0.8515,0,109.77,0.007356,AGRESIVO,0.7103,0.8,0.8515,0.879725,76,0.007356,0.988541,0.004103,0.007356,VIGENTE,159.99,76.2698764870467,83.72012351295331,109.77,v1|377342521987|0
77,Corsair Vengeance 8GB (2x4GB) DDR3-1600 PC3-12800 Desktop RAM CMZ8GX3M2A1600C8B,,,68.05199999999999,9.41466264949101,EN_RIESGO,160,112.43,10.58533735050899,0.7295,76,95.57,134.92,0.0,0.0,0.0,1,0.8546,0,112.43,0.020376,AGRESIVO,0.7295,0.8,0.8546,0.879574,77,0.020376,0.007399,0.972225,0.020376,EN_RIESGO,20.0,9.41466264949101,10.58533735050899,112.43,v1|147391813052|0
78,"Panorama XL RTX 5070, Intel Ultra 7 265KF, 32GB DDR5 RAM, 1TB NVMe Gen4 SSD, HDMI, RJ45, Windows 11 Pro, 3 Year Warranty, RGB Keyboard+Mouse, Internal WiFi 6E+BT, Prebuilt RGB Gaming PC Desktop",,CPU,6612.513636363636,953.9641355888353,VIGENTE,444,108.37,1033.7683644111644,0.7003,112,92.11,130.04,90.79843490006829,1804.83,90.79843490006829,1,0.8497,0,108.37,0.000945,AGRESIVO,0.7003,1.0,0.8497,0.87954,78,0.000945,0.998439,0.000616,0.000945,VIGENTE,1987.7324999999998,953.9641355888353,1033.7683644111644,108.37,B0DJTHH8YF
79,Intel Core i7 4790K Processor 4.0GHz Quad-Core 8MB Cache With HD Graphic 4600 TDP 88W Desktop LGA 1150 CPU,,CPU,,31.705169628691387,EN_RIESGO,16,136.93,43.41483037130862,0.9059,27,116.39,164.32,0.0,0.0,0.0,1,0.8834,0,136.93,0.139054,AGRESIVO,0.9059,0.98,0.8834,0.878926,79,0.139054,0.061,0.799946,0.139054,EN_RIESGO,75.12,31.705169628691387,43.41483037130862,136.93,2251832746278170
80,"Thermalright FW 360 White ARGB-360mm AIO CPU Liquid Cooler,IPS LCD Screen with 320 * 240 Resolution,for AM4/AM5/Intel LGA1700,‘2.4 inch’Magnet-Absorbent LCD Screen for Images -White",,COOLER,241.72307692307692,34.24116735031993,EN_RIESGO,287,109.42,37.46616598301341,0.7078,103,93.01,131.3,324.05332787906394,232.37,324.05332787906394,1,0.8502,0,109.42,0.007396,AGRESIVO,0.7078,0.908,0.8502,0.878693,80,0.007396,0.00187,0.990734,0.007396,EN_RIESGO,71.70733333333334,34.24116735031993,37.46616598301341,109.42,B0D1K859GT
81,Intel Core i5-13600K 13th Gen Unlocked 14-Core 3.5GHz LGA1700 CPU,,,798.3192307692308,112.17046159196312,EN_RIESGO,276,109.5,122.82953840803688,0.7084,101,93.08,131.4,0.0,0.0,0.0,1,0.8502,0,109.5,0.008051,AGRESIVO,0.7084,0.8,0.8502,0.87853,81,0.008051,0.003262,0.988688,0.008051,EN_RIESGO,235.0,112.17046159196312,122.82953840803688,109.5,v1|188589370860|0
82,"GIGABYTE GeForce RTX 5070 Ti Gaming OC 16G Graphics Card, 16GB 256-bit GDDR7, PCIe 5.0, WINDFORCE Cooling System, GV-N507TGAMING OC-16GD Video Card (Renewed)",,GPU,3030.83,430.561215196012,VIGENTE,128,113.62,489.21423934944266,0.7381,73,96.58,136.34,101.23992713636629,931.1800000000001,101.23992713636629,1,0.855,0,113.62,0.028068,AGRESIVO,0.7381,1.0,0.855,0.878386,82,0.028068,0.958798,0.013134,0.028068,VIGENTE,919.7754545454546,430.561215196012,489.21423934944266,113.62,B0FJDL4WJM
83,ID-COOLING,,CPU,135.3792307692308,20.50855647129777,EN_RIESGO,367,108.11,22.17269352870223,0.6984,114,91.89,129.73,94.20998682091083,40.21,94.20998682091083,1,0.8478,0,108.11,0.002704,AGRESIVO,0.6984,0.92,0.8478,0.877735,83,0.002704,0.001536,0.99576,0.002704,EN_RIESGO,42.68125,20.50855647129777,22.17269352870223,108.11,B08PTXFDP6
84,"MSI B13VFK-413US 15.6"" i7-13620H 2.40 GHz 16GB/1TB SSD RTX 4060 Gaming Laptop",,,2718.7927272727275,384.36991584568466,EN_RIESGO,357,108.13,415.63008415431534,0.6985,113,91.91,129.76,0.0,0.0,0.0,1,0.8478,0,108.13,0.002852,AGRESIVO,0.6985,0.8,0.8478,0.877704,84,0.002852,0.000344,0.996805,0.002852,EN_RIESGO,800.0,384.36991584568466,415.63008415431534,108.13,v1|406922329685|0
85,"GIGABYTE X870E AORUS PRO AM5 LGA 1718, ATX, DDR5, 4x M.2, PCIe 5.0, USB4, Wi-Fi",,,1019.1323076923077,144.25811117998305,VIGENTE,391,107.96,155.74188882001695,0.6973,115,91.77,129.55,0.0,0.0,0.0,1,0.8476,0,107.96,0.002171,AGRESIVO,0.6973,0.8,0.8476,0.877623,85,0.002171,0.995607,0.002222,0.002171,VIGENTE,300.0,144.25811117998305,155.74188882001695,107.96,v1|205179724546|0
86,(NO POST) Intel Core i5-13600K 5.10GHz 14 Core 20 Thread LGA 1700 CPU Processor,,,339.7625,48.12404170013231,EN_RIESGO,442,107.73,51.84595829986769,0.6957,118,91.57,129.28,0.0,0.0,0.0,1,0.8473,0,107.73,0.001077,AGRESIVO,0.6957,0.8,0.8473,0.877617,86,0.001077,0.000167,0.998756,0.001077,EN_RIESGO,99.97,48.12404170013231,51.84595829986769,107.73,v1|127859314624|0
87,"Intel Core i5-13600K Processor (5.1 GHz, 14 Cores, LGA 1700) Box - BX8071513600K",,,1019.1323076923077,144.55924529307958,EN_RIESGO,422,107.53,155.44075470692042,0.6942,120,91.4,129.04,0.0,0.0,0.0,1,0.8464,0,107.53,0.001387,AGRESIVO,0.6942,0.8,0.8464,0.876855,87,0.001387,0.000428,0.998185,0.001387,EN_RIESGO,300.0,144.55924529307958,155.44075470692042,107.53,v1|168387490796|0
88,ASRock X870E Taichi - AMD AM5 Ryzen DDR5 PCIe 5.0 ATX Motherboard,,,679.4215384615384,96.4678072620607,VIGENTE,463,107.32,103.5321927379393,0.6927,122,91.22,128.78,0.0,0.0,0.0,1,0.8461,0,107.32,0.000604,AGRESIVO,0.6927,0.8,0.8461,0.87672,88,0.000604,0.999017,0.000379,0.000604,VIGENTE,200.0,96.4678072620607,103.5321927379393,107.32,v1|257438241305|0
89,"X870 Gaming X WIFI7 AMD AM5 LGA 1718 Motherboard, ATX, DDR5, 3X M.2, PCIe 5.0...",,,1095.5384615384614,154.46859535442817,VIGENTE,273,108.78,168.02832772249488,0.7032,110,92.46,130.54,29.963076570796144,96.63,29.963076570796144,1,0.8474,0,108.78,0.008385,AGRESIVO,0.7032,0.8,0.8474,0.876256,89,0.008385,0.981815,0.009801,0.008385,VIGENTE,322.49692307692305,154.46859535442817,168.02832772249488,108.78,v1|406965915539|0
90,"TWELF Moonlight Gaming PC – Ultra 7 265KF, RTX 5070 12GB, 32GB DDR5, 1TB NVMe SSD – 360mm AIO, Windows 11 Pro, VR Ready - Mystery Gift Included",,CPU,6383.874,919.610494469188,VIGENTE,361,107.43,987.9085964399029,0.6935,121,91.32,128.92,84.32890699056507,1608.5899999999997,84.32890699056507,1,0.8454,0,107.43,0.002768,AGRESIVO,0.6935,1.0,0.8454,0.875739,90,0.002768,0.996322,0.00091,0.002768,VIGENTE,1907.519090909091,919.610494469188,987.9085964399029,107.43,B0F928KVJ6
91,"Thermalright FW 240 Black ARGB-240mm AIO CPU Liquid Cooler,IPS LCD Screen with 320 * 240 Resolution,for AM4/AM5,Intel LGA1700/1851,”2.4 inch”Screen for Images and Double Fans-Black ARGB",,COOLER,276.56888888888886,38.800899707174494,EN_RIESGO,319,107.91,41.8711002928255,0.697,116,91.72,129.49,286.09678698929,230.8,286.09678698929,1,0.8459,0,107.91,0.005086,AGRESIVO,0.697,0.9,0.8459,0.87573,91,0.005086,0.001581,0.993334,0.005086,EN_RIESGO,80.672,38.800899707174494,41.8711002928255,107.91,B0D1K1GCCZ
92,ASUS NVIDIA GeForce RTX 4060 Dual 8GB GDDR6 PCIe 4.0 Graphics Card,,,1053.1023076923077,149.5819398771786,EN_RIESGO,396,107.24,160.4180601228214,0.6921,123,91.15,128.69,0.0,0.0,0.0,1,0.845,0,107.24,0.002102,AGRESIVO,0.6921,0.8,0.845,0.875591,92,0.002102,6.6e-05,0.997832,0.002102,EN_RIESGO,310.0,149.5819398771786,160.4180601228214,107.24,v1|136318517492|0
93,Intel Core i7-7700 Desktop Processor 4 Cores up to 4.2 GHz LGA 1151 100/200 Series 65W (Renewed),,CPU,197.709,28.880327115736375,EN_RIESGO,183,109.87,31.731339550930297,0.7111,96,93.39,131.84,91.78101025655126,55.629999999999995,91.78101025655126,1,0.8478,0,109.87,0.015542,AGRESIVO,0.7111,0.92,0.8478,0.875101,93,0.015542,0.006196,0.978262,0.015542,EN_RIESGO,60.61166666666667,28.880327115736375,31.731339550930297,109.87,B07MMD4DDJ
94,Seasonic,,PSU,564.2623076923077,72.85917658912216,VIGENTE,21,130.63,95.17615674421118,0.8605,35,111.04,156.76,353.44352179898675,593.9100000000001,353.44352179898675,1,0.8727,0,130.63,0.115201,AGRESIVO,0.8605,0.96,0.8727,0.875094,94,0.115201,0.841997,0.042803,0.115201,VIGENTE,168.03533333333334,72.85917658912216,95.17615674421118,130.63,B0DP4JRTST
95,"New ASUS TUF F15 15.6"" 144Hz Gaming Laptop i7-13620H RTX 4060 16GB 1TB SSD",,,3566.896153846154,505.2415364650417,EN_RIESGO,304,107.82,544.7384635349583,0.6963,117,91.65,129.38,0.0,0.0,0.0,1,0.8452,0,107.82,0.005889,AGRESIVO,0.6963,0.8,0.8452,0.874989,95,0.005889,0.001413,0.992698,0.005889,EN_RIESGO,1049.98,505.2415364650417,544.7384635349583,107.82,v1|396895104250|0
96,"GIGABYTE X870 GAMING X WIFI7 AM5 LGA 1718, ATX, DDR5, 4x M.2, PCIe 5.0, USB4,",,,1395.3992307692306,198.54389337166242,VIGENTE,420,106.88,212.19918355141448,0.6895,125,90.85,128.26,31.163032852278988,128.0,31.163032852278988,1,0.8441,0,106.88,0.001398,AGRESIVO,0.6895,0.8,0.8441,0.874977,96,0.001398,0.997246,0.001356,0.001398,VIGENTE,410.7430769230769,198.54389337166242,212.19918355141448,106.88,v1|167004388980|0
97,SODIMM Memory RAM Crucial DDR3/DDR3L/DDR4 16GB 1600MHz 32GB PC3/PC3L/PC4 Lot,,,123.9523076923077,17.209345378114303,EN_RIESGO,133,112.03,19.27911616034724,0.7266,80,95.23,134.44,6.303362496047233,2.3000000000000043,6.303362496047233,1,0.85,0,112.03,0.026632,AGRESIVO,0.7266,0.8,0.85,0.874668,97,0.026632,0.00506,0.968307,0.026632,EN_RIESGO,36.48846153846154,17.209345378114303,19.27911616034724,112.03,v1|146753130552|445373540695
98,(BROKEN) Gigabyte B650 AORUS ELITE AX AM5 ATX Motherboard DDR5 WiFi 6E PCIe 5.0,,,123.35571428571428,17.340426245067054,VIGENTE,191,109.3,18.95385946921866,0.707,104,92.9,131.16,7.907580886404799,2.8700000000000045,7.907580886404799,1,0.8459,0,109.3,0.015128,AGRESIVO,0.707,0.8,0.8459,0.873708,98,0.015128,0.973896,0.010976,0.015128,VIGENTE,36.294285714285714,17.340426245067054,18.95385946921866,109.3,v1|377012504805|0
99,MSI MAG X870 TOMAHAWK WIFI AM5 DDR5 PCIe 5.0 WiFi 7 ATX,,,458.695,65.36084255193994,VIGENTE,346,106.55,69.63915744806006,0.6872,128,90.57,127.86,7.4074074074074066,10.0,7.4074074074074066,1,0.8419,0,106.55,0.003269,AGRESIVO,0.6872,0.8,0.8419,0.872904,99,0.003269,0.994056,0.002675,0.003269,VIGENTE,135.0,65.36084255193994,69.63915744806006,106.55,v1|407075192750|0
100,"Lenovo Legion 7i - Intel Core Ultra 7 255HX, RTX5060, 32Gb RAM, 1TB SSD, OLED",,,6451.1061538461545,909.5980177380012,VIGENTE,193,108.77,989.4019822619988,0.7031,111,92.45,130.52,0.0,0.0,0.0,1,0.8442,0,108.77,0.014669,AGRESIVO,0.7031,0.8,0.8442,0.872457,100,0.014669,0.969873,0.015458,0.014669,VIGENTE,1899.0,909.5980177380012,989.4019822619988,108.77,v1|318086865373|0
101,GIGABYTE B650 AORUS ELITE AX AM5 AMD Motherboard ATX DDR5 PCIe 5.0 Wi-Fi 6E,,,322.7238461538461,46.20654550821613,VIGENTE,386,105.6,48.79345449178387,0.6803,133,89.76,126.72,0.0,0.0,0.0,1,0.839,0,105.6,0.002327,AGRESIVO,0.6803,0.8,0.839,0.870733,101,0.002327,0.995701,0.001972,0.002327,VIGENTE,95.0,46.20654550821613,48.79345449178387,105.6,v1|267676001869|0
102,LOT Samsung 16GB 8GB 4GB 2GB 1GB 2RX8 DDR4/DDR3/DDR2 DIMM Desktop Memory RAM 240,,,69.76692307692308,9.798628895000345,EN_RIESGO,153,109.6,10.739063412691962,0.7091,99,93.16,131.52,7.157571444623388,1.4699999999999989,7.157571444623388,1,0.8432,0,109.6,0.022777,AGRESIVO,0.7091,0.8,0.8432,0.869983,102,0.022777,0.007455,0.969769,0.022777,EN_RIESGO,20.537692307692307,9.798628895000345,10.739063412691962,109.6,v1|224404817504|523189980862
103,"Tarjeta de video Palit, NVIDIA GeForce RTX 3050, 6GB, GDDR6, PCIe 4.0, HDMI, DisplayPort",Palit,GPU,1259.0,163.27229494116798,EN_RIESGO,29,127.14,207.5843717254987,0.8354,44,108.07,152.57,0.4098618513891212,1.5199999999999818,0.4098618513891212,1,0.8638,0,127.14,0.1078,AGRESIVO,0.8354,0.8,0.8638,0.869484,103,0.1078,0.026384,0.865815,0.1078,EN_RIESGO,370.8566666666667,163.27229494116798,207.5843717254987,127.14,10065656
104,Asrock X870 Taichi Creator Motherboard AM5 DDR5 PCIe 5.0 90-MXBTE0-A0UAYZ,,,1485.8276923076921,212.86101610955458,VIGENTE,333,105.48,224.5189838904454,0.6795,134,89.66,126.58,0.0,0.0,0.0,1,0.8378,0,105.48,0.003903,AGRESIVO,0.6795,0.8,0.8378,0.869442,104,0.003903,0.993396,0.002702,0.003903,VIGENTE,437.38,212.86101610955458,224.5189838904454,105.48,v1|336653181114|0
105,MSI Aegis R Gaming Desktop i7-13700F RTX 4060 Ti 32GB 1TB SSD 2TB HDD W11 Home,,,3906.673076923077,562.0944695095257,EN_RIESGO,428,104.59,587.9055304904743,0.6731,148,88.9,125.51,0.0,0.0,0.0,1,0.8359,0,104.59,0.001337,AGRESIVO,0.6731,0.8,0.8359,0.868418,105,0.001337,0.000118,0.998546,0.001337,EN_RIESGO,1150.0,562.0944695095257,587.9055304904743,104.59,v1|800264162805|0
106,Intel Core i5-13600K CPU LGA1700 3.5GHz 14-Core 125W Desktop Gaming Processors-,,,1082.8561538461538,155.70868637362835,EN_RIESGO,392,104.72,163.05439054944858,0.674,143,89.01,125.66,5.157435471727252,16.439999999999998,5.157435471727252,1,0.8359,0,104.72,0.00215,AGRESIVO,0.674,0.8,0.8359,0.868305,106,0.00215,0.000575,0.997275,0.00215,EN_RIESGO,318.76307692307694,155.70868637362835,163.05439054944858,104.72,v1|317296074923|0
107,"""READ"" MSI MAG X870 TOMAHAWK WIFI AM5 DDR5 PCIe 5.0 ATX Motherboard",,,458.60846153846154,65.95573417094259,VIGENTE,344,104.68,69.04426582905741,0.6737,145,88.98,125.62,0.0,0.0,0.0,1,0.8352,0,104.68,0.003274,AGRESIVO,0.6737,0.8,0.8352,0.867515,107,0.003274,0.994228,0.002498,0.003274,VIGENTE,135.0,65.95573417094259,69.04426582905741,104.68,v1|257547167748|0
108,HP OMEN 16.1'' 165Hz FHD Gaming Laptop Intel i7-13620H 16GB 1TB SSD RTX 4060,,,3057.3969230769235,423.82124708556415,EN_RIESGO,96,112.35,476.17875291443585,0.7289,77,95.5,134.82,0.0,0.0,0.0,1,0.8439,0,112.35,0.041121,AGRESIVO,0.7289,0.8,0.8439,0.866896,108,0.041121,0.014117,0.944762,0.041121,EN_RIESGO,900.0,423.82124708556415,476.17875291443585,112.35,v1|286680045951|0
109,MSI PRO X870-P WiFi ProSeries Motherboard AM5 DDR5 PCIe 5.0 M.2 Gen5 Wi-Fi 7 ATX,,,496.99,71.68079696214242,VIGENTE,418,104.09,74.61151073016528,0.6695,150,88.48,124.91,20.964875381217794,30.67,20.964875381217794,1,0.834,0,104.09,0.001503,AGRESIVO,0.6695,0.8,0.834,0.866878,109,0.001503,0.997281,0.001216,0.001503,VIGENTE,146.2923076923077,71.68079696214242,74.61151073016528,104.09,v1|376667864913|0
110,GIGABYTE X870 Gaming WIFI6 AM5 ATX DDR5 PCIe 5.0 USB4 WiFi 6 Motherboard,,,392.934,56.64295271440163,VIGENTE,404,104.07,58.94704728559836,0.6693,151,88.46,124.88,1.730253482135133,2.0,1.730253482135133,1,0.8337,0,104.07,0.001852,AGRESIVO,0.6693,0.8,0.8337,0.866611,110,0.001852,0.996601,0.001548,0.001852,VIGENTE,115.58999999999999,56.64295271440163,58.94704728559836,104.07,v1|188520561521|0
111,"BIWIN Black Opal NV7400 1TB SSD Gen4x4, Read Speed up to 7450MB/s, NVMe M.2 2280 PCIe 4.0 Internal PC Solid State Drive for Laptop/Desktop/PS5",,SSD,537.3215384615385,65.52960446210852,EN_RIESGO,7,149.06,97.68102053789147,0.9932,8,126.7,178.87,324.81953916909515,530.14,324.81953916909515,1,0.8876,0,149.06,0.218025,AGRESIVO,0.9932,0.94,0.8876,0.866478,111,0.218025,0.225166,0.55681,0.218025,EN_RIESGO,163.210625,65.52960446210852,97.68102053789147,149.06,B0DM1R7KHZ
112,ASUS X870 MAX Gaming WiFi 7 AM5 ATX DDR5 PCIe 5.0 Motherboard,,,716.7553846153846,103.67667952116386,VIGENTE,471,103.51,107.31332047883612,0.6653,152,87.98,124.21,0.0,0.0,0.0,1,0.8324,0,103.51,0.000455,AGRESIVO,0.6653,0.8,0.8324,0.865837,112,0.000455,0.999236,0.000309,0.000455,VIGENTE,210.98999999999998,103.67667952116386,107.31332047883612,103.51,v1|397994928701|0
113,AORUS X870E ATX Motherboard AMD Socket AM5 DDR5 Wi-Fi 7 PCIe 5.0 M.2 HDMI RJ-45,,,441.5915384615385,63.88947950775392,VIGENTE,469,103.46,66.10052049224609,0.6649,153,87.94,124.15,0.0,0.0,0.0,1,0.8322,0,103.46,0.000513,AGRESIVO,0.6649,0.8,0.8322,0.865658,113,0.000513,0.999123,0.000364,0.000513,VIGENTE,129.99,63.88947950775392,66.10052049224609,103.46,v1|287441960418|0
114,msi MAG CoreLiquid I360 Black - AIO ARGB CPU Liquid Cooler - Infinity Mirror Design - UNI Bracket - 360mm Radiator - Triple 120mm ARGB PWM Fans - LGA 1700/1851 / AM5/AM4 Compatible,,COOLER,385.5692307692307,56.12161000741771,EN_RIESGO,267,104.99,58.92305665924895,0.6759,138,89.24,125.99,338.82492017593165,389.79999999999995,338.82492017593165,1,0.8335,0,104.99,0.009005,AGRESIVO,0.6759,0.904,0.8335,0.864969,114,0.009005,0.005341,0.985653,0.009005,EN_RIESGO,115.04466666666666,56.12161000741771,58.92305665924895,104.99,B0DC8553XN
115,"MSI Cyborg 14 A13VF-018US 14"" Gaming Laptop i7-13620H 16GB RTX 4060 512GB Win11",,,3906.570769230769,566.1523857910372,EN_RIESGO,435,103.12,583.8176142089628,0.6625,157,87.65,123.74,0.0,0.0,0.0,1,0.8306,0,103.12,0.001228,AGRESIVO,0.6625,0.8,0.8306,0.86425,115,0.001228,0.000113,0.998659,0.001228,EN_RIESGO,1149.97,566.1523857910372,583.8176142089628,103.12,v1|376704567287|0
116,ASUS TUF GAMING X870-PLUS WIFI ATX Motherboard AMD AM5 DDR5 PCIe 5.0 Wi-Fi 7 NEW,,,832.6857142857143,119.72967766103055,VIGENTE,232,104.62,125.26032233896946,0.6733,146,88.93,125.54,0.0,0.0,0.0,1,0.831,0,104.62,0.011273,AGRESIVO,0.6733,0.8,0.831,0.862543,116,0.011273,0.98233,0.006397,0.011273,VIGENTE,244.99,119.72967766103055,125.26032233896946,104.62,v1|188436369008|0
117,ASRock,,MOTHERBOARD,366.9191666666666,53.595764658162075,EN_RIESGO,309,103.33,55.378850726453315,0.664,154,87.83,124.0,343.3918979014167,374.21000000000004,343.3918979014167,1,0.8292,0,103.33,0.005514,AGRESIVO,0.664,1.0,0.8292,0.862283,117,0.005514,0.002274,0.992211,0.005514,EN_RIESGO,108.97461538461539,53.595764658162075,55.378850726453315,103.33,B0CX1GPFW4
118,MSI GeForce RTX 4070 SUPER GAMING X SLIM 12GB GDDR6X Graphics Card PCIe 4.0,,,3519.3830769230767,511.8957238998236,EN_RIESGO,410,102.39,524.1550453309455,0.6572,165,87.03,122.87,30.232109207597478,313.2199999999999,30.232109207597478,1,0.8277,0,102.39,0.001747,AGRESIVO,0.6572,0.8,0.8277,0.861836,118,0.001747,4.3e-05,0.99821,0.001747,EN_RIESGO,1036.0507692307692,511.8957238998236,524.1550453309455,102.39,v1|206363946527|0
119,ROG CROSHAIR X870E HERO AMD AM5 DDR5 PCIe 5.0 WIFI 7 USB 4.0 AI OC,,,1392.9246153846154,203.01375297581558,VIGENTE,426,101.96,206.98624702418442,0.6541,170,86.67,122.35,15.853658536585366,65.0,15.853658536585366,1,0.8264,0,101.96,0.001338,AGRESIVO,0.6541,0.8,0.8264,0.860843,119,0.001338,0.99784,0.000822,0.001338,VIGENTE,410.0,203.01375297581558,206.98624702418442,101.96,v1|307046373944|0
120,ASUS NVIDIA GeForce RTX 4060 Dual 8GB GDDR6 PCIe 4.0 Graphics Card,,,1104.06,160.5295404603197,EN_RIESGO,329,102.45,164.4704595396803,0.6576,164,87.08,122.94,0.0,0.0,0.0,1,0.8268,0,102.45,0.004124,AGRESIVO,0.6576,0.8,0.8268,0.860583,120,0.004124,0.000261,0.995615,0.004124,EN_RIESGO,325.0,160.5295404603197,164.4704595396803,102.45,v1|388870031053|0
121,ROG Strix X870E-E GAMING WIFI Socket AM5 DDR5 PCIE 5.0 x 16 Motherboard *READ*,,,825.7923076923076,120.38139269943845,VIGENTE,379,101.91,122.68553037748462,0.6538,171,86.62,122.29,28.798653109146894,70.0,28.798653109146894,1,0.8256,0,101.91,0.002487,AGRESIVO,0.6538,0.8,0.8256,0.86001,121,0.002487,0.995608,0.001906,0.002487,VIGENTE,243.06692307692308,120.38139269943845,122.68553037748462,101.91,v1|327218848033|0
122,"GIGABYTE X870 GAMING X WIFI7 AM5 LGA 1718, ATX, DDR5, 4x M.2, PCIe 5.0, USB4, Wi",,,543.5053846153846,79.26767744499371,VIGENTE,382,101.84,80.72232255500627,0.6533,173,86.56,122.21,0.0,0.0,0.0,1,0.8254,0,101.84,0.002476,AGRESIVO,0.6533,0.8,0.8254,0.859815,122,0.002476,0.994682,0.002842,0.002476,VIGENTE,159.98999999999998,79.26767744499371,80.72232255500627,101.84,v1|168512876977|0
123,"KOOTION 2TB NVMe Internal SSD PCIe 4.0, M.2 2280 NVMe Gen 4 Internal Solid State Drive Up to 5000MB/s, Storage Memory for PC",,SSD,835.8469230769231,110.84077489350149,VIGENTE,23,125.25,138.8232251064985,0.8218,47,106.46,150.3,341.48695847218653,852.5699999999999,341.48695847218653,1,0.8534,0,125.25,0.114918,AGRESIVO,0.8218,0.992,0.8534,0.85977,123,0.114918,0.819433,0.06565,0.114918,VIGENTE,249.66400000000002,110.84077489350149,138.8232251064985,125.25,B0F9T7SHKP
124,"NVIDIA GeForce RTX 5080 Founders Edition 16GB GDDR7 PCIe 5.0 Graphics Card ""New""",,,8048.4369230769225,1165.5392610315646,VIGENTE,256,103.27,1203.6915081992045,0.6635,155,87.78,123.92,2.7857142857142856,66.0,2.7857142857142856,1,0.8269,0,103.27,0.009763,AGRESIVO,0.6635,0.8,0.8269,0.859561,124,0.009763,0.98572,0.004517,0.009763,VIGENTE,2369.230769230769,1165.5392610315646,1203.6915081992045,103.27,v1|236409822935|0
125,Gigabyte X870E AORUS ELITE WIFI7 AMD Socket AM5 DDR5 ATX Motherboard PCIe 5.0,,,700.0776923076924,102.43745202093783,VIGENTE,499,101.17,103.6379325944468,0.6484,180,85.99,121.4,5.056402063471912,10.419999999999987,5.056402063471912,1,0.8242,0,101.17,1.5e-05,AGRESIVO,0.6484,0.8,0.8242,0.859362,125,1.5e-05,0.999975,9e-06,1.5e-05,VIGENTE,206.07538461538462,102.43745202093783,103.6379325944468,101.17,v1|257606519856|0
126,"""READ"" MSI MAG X870 TOMAHAWK WIFI AMD AM5 DDR5 PCIe 5.0 ATX Motherboard",,,542.7723076923077,78.99533734889555,VIGENTE,302,102.25,80.77389342033523,0.6562,167,86.91,122.7,12.518054886856042,20.0,12.518054886856042,1,0.825,0,102.25,0.006194,AGRESIVO,0.6562,0.8,0.825,0.858765,126,0.006194,0.988933,0.004873,0.006194,VIGENTE,159.76923076923077,78.99533734889555,80.77389342033523,102.25,v1|206317785234|0
127,MSI GeForce RTX 4070 SUPER GAMING X SLIM 12GB GDDR6X Graphics Card PCIe 4.0,,,3519.3830769230767,513.76132599569,EN_RIESGO,326,101.66,522.2894432350793,0.652,177,86.41,121.99,30.232109207597478,313.2199999999999,30.232109207597478,1,0.8237,0,101.66,0.004613,AGRESIVO,0.652,0.8,0.8237,0.858014,127,0.004613,0.000266,0.995121,0.004613,EN_RIESGO,1036.0507692307692,513.76132599569,522.2894432350793,101.66,v1|206363946527|0
128,ASUS GeForce RTX 4070 12GB GDDR6X PCIe 4.0 DUAL OC Edition Video Graphics Card,,,2276.575384615385,330.7976210715376,EN_RIESGO,252,102.59,339.3562250823086,0.6587,163,87.2,123.11,0.7460973370064279,5.0,0.7460973370064279,1,0.8244,0,102.59,0.009879,AGRESIVO,0.6587,0.8,0.8244,0.857533,128,0.009879,0.000496,0.989626,0.009879,EN_RIESGO,670.1538461538462,330.7976210715376,339.3562250823086,102.59,v1|236374096854|0
129,msi,,MOTHERBOARD,282.90461538461534,42.08147731401669,EN_RIESGO,241,102.69,43.21252268598332,0.6594,161,87.29,123.23,331.32459493047566,282.59999999999997,331.32459493047566,1,0.8242,0,102.69,0.011052,AGRESIVO,0.6594,0.9,0.8242,0.857117,129,0.011052,0.003387,0.985561,0.011052,EN_RIESGO,85.29400000000001,42.08147731401669,43.21252268598332,102.69,B0BZ9T4KF6
130,LOT Samsung 16GB 8GB 4GB 2GB 1GB 2RX8 DDR4/DDR3/DDR2 Desktop Memory RAM DIMM #SA,,,61.113076923076925,8.864767581886662,EN_RIESGO,223,102.94,9.12523241811334,0.6612,159,87.5,123.53,7.226236798221238,1.3000000000000007,7.226236798221238,1,0.8244,0,102.94,0.012382,AGRESIVO,0.6612,0.8,0.8244,0.857039,130,0.012382,0.003495,0.984123,0.012382,EN_RIESGO,17.990000000000002,8.864767581886662,9.12523241811334,102.94,v1|153469962880|453428440428
131,Black Corsair Vengeance LP 16GB (4x4GB) DDR3-1600 PC3-12800 (9-9-9-24),,,101.97999999999999,14.323137857555846,EN_RIESGO,87,109.45,15.676862142444154,0.708,102,93.03,131.34,0.0,0.0,0.0,1,0.8322,0,109.45,0.043705,AGRESIVO,0.708,0.8,0.8322,0.856994,131,0.043705,0.017633,0.938662,0.043705,EN_RIESGO,30.0,14.323137857555846,15.676862142444154,109.45,v1|267720775425|0
132,MSI Cyborg 15 A12VF-859JP Gaming Laptop Intel i7-12650H RTX4060 32GB DDR5,,,5761.958461538462,802.3126583101835,EN_RIESGO,75,111.42,893.9011878436627,0.7222,85,94.71,133.7,30.46903556246084,516.8200000000002,30.46903556246084,1,0.8341,0,111.42,0.054042,AGRESIVO,0.7222,0.8,0.8341,0.856465,132,0.054042,0.049358,0.8966,0.054042,EN_RIESGO,1696.2138461538461,802.3126583101835,893.9011878436627,111.42,v1|206379816723|0
133,LOT Samsung 16GB 8GB 4GB 2GB 1GB 2RX8 DDR4/DDR3/DDR2 DIMM Desktop Memory RAM 240,,,69.76692307692308,10.025596880569571,EN_RIESGO,153,104.85,10.512095427122736,0.6749,141,89.12,125.82,7.157571444623388,1.4699999999999989,7.157571444623388,1,0.8261,0,104.85,0.022777,AGRESIVO,0.6749,0.8,0.8261,0.856303,133,0.022777,0.007455,0.969769,0.022777,EN_RIESGO,20.537692307692307,10.025596880569571,10.512095427122736,104.85,v1|224404817504|523189980862
134,Kingston PC3-10600 8GB ECC RDIMM 1333 MHz DDR3  Memory KVR1333D3D4R9S/8G MacPro,,,40.76384615384616,5.816681743847792,EN_RIESGO,115,106.3,6.183318256152208,0.6854,130,90.35,127.56,0.0,0.0,0.0,1,0.8274,0,106.3,0.030614,AGRESIVO,0.6854,0.8,0.8274,0.855777,134,0.030614,0.0047,0.964687,0.030614,EN_RIESGO,12.0,5.816681743847792,6.183318256152208,106.3,v1|398158584681|0
135,ASUS ROG Strix G16 Gaming Laptop RTX 4060 i7-13650HX 16GB RAM 512GB SSD Win 11,,,4922.409230769231,724.3214664376383,EN_RIESGO,446,100.05,724.6785335623617,0.6404,194,85.04,120.06,0.0,0.0,0.0,1,0.8197,0,100.05,0.000917,AGRESIVO,0.6404,0.8,0.8197,0.855595,135,0.000917,7e-05,0.999012,0.000917,EN_RIESGO,1449.0,724.3214664376383,724.6785335623617,100.05,v1|198487691210|0
136,Asrock X870 Taichi Creator Motherboard AM5 DDR5 PCIe 5.0 90-MXBTE0-A0UAYZ,,,1485.8276923076921,218.02847695074155,VIGENTE,333,100.61,219.35152304925845,0.6444,188,85.52,120.73,0.0,0.0,0.0,1,0.8202,0,100.61,0.003903,AGRESIVO,0.6444,0.8,0.8202,0.855416,136,0.003903,0.993396,0.002702,0.003903,VIGENTE,437.38,218.02847695074155,219.35152304925845,100.61,v1|336653181114|0
137,"GIGABYTE X870E AORUS PRO ICE AM5 LGA 1718, ATX, DDR5, 4x M.2, PCIe 5.0, USB4",,,1424.5076923076922,209.33272567931658,VIGENTE,354,100.32,209.9972743206834,0.6423,191,85.27,120.38,0.0,0.0,0.0,1,0.8197,0,100.32,0.002893,AGRESIVO,0.6423,0.8,0.8197,0.855187,137,0.002893,0.99418,0.002927,0.002893,VIGENTE,419.33,209.33272567931658,209.9972743206834,100.32,v1|397981253052|0
138,ASUS X870 MAX Gaming WiFi 7 AM5 ATX DDR5 PCIe 5.0 Motherboard,,,716.7553846153846,105.62290829017044,VIGENTE,471,99.76,105.36709170982954,0.6383,198,84.8,119.71,0.0,0.0,0.0,1,0.8189,0,99.76,0.000455,ESTRELLA,0.6383,0.8,0.8189,0.855037,138,0.000455,0.999236,0.000309,0.000455,VIGENTE,210.98999999999998,105.62290829017044,105.36709170982954,99.76,v1|397994928701|0
139,Intel Core i5-13600K 13th Gen Processor LGA1700 24MB Cache BX8071513600K,,,968.1753846153847,141.29134451100603,EN_RIESGO,250,101.71,143.70865548899397,0.6523,175,86.45,122.05,0.0,0.0,0.0,1,0.8212,0,101.71,0.009897,AGRESIVO,0.6523,0.8,0.8212,0.854988,139,0.009897,0.004426,0.985677,0.009897,EN_RIESGO,285.0,141.29134451100603,143.70865548899397,101.71,v1|257447201446|0
140,"GIGABYTE X870 AORUS ELITE WIFI7 ICE AM5 LGA 1718, ATX, DDR5, 4x M.2, PCIe 5.0,",,,962.0261538461539,141.84396008897764,VIGENTE,484,99.65,141.34603991102236,0.6375,201,84.7,119.58,0.0,0.0,0.0,1,0.8186,0,99.65,0.00033,ESTRELLA,0.6375,0.8,0.8186,0.854795,140,0.00033,0.999396,0.000275,0.00033,VIGENTE,283.19,141.84396008897764,141.34603991102236,99.65,v1|336130961309|0
141,*For Parts* ASUS X870 GAMING WIFI7 W Socket AM5 DDR5 PCIE 5.0 x 16 Motherboard,,,256.09230769230766,36.89657811984342,VIGENTE,146,104.29,38.47803726477196,0.6709,149,88.65,125.15,26.53413207874513,19.999999999999993,26.53413207874513,1,0.8236,0,104.29,0.023757,AGRESIVO,0.6709,0.8,0.8236,0.854102,141,0.023757,0.961484,0.014759,0.023757,VIGENTE,75.37461538461538,36.89657811984342,38.47803726477196,104.29,v1|327220238511|0
142,SRN3X Intel Core i7-14700K 20-Core 2.50GHz 33MB 125W 16.0GT/s LGA1700 Processor,,,1851.423846153846,271.02332004591455,EN_RIESGO,265,101.09,273.97667995408545,0.6479,181,85.93,121.31,0.0,0.0,0.0,1,0.8194,0,101.09,0.009022,AGRESIVO,0.6479,0.8,0.8194,0.853727,142,0.009022,0.003489,0.987489,0.009022,EN_RIESGO,545.0,271.02332004591455,273.97667995408545,101.09,v1|397682449549|0
143,"LIAN LI Galahad AIO Cooler 360mm Radiator Liquid CPU Cooler RGB All-in-One Water Cooling System, LGA1700 Bracket, AMD AM5/AM4 Intel LGA1200/115X/2011/2066 Compatible (360mm Black) (Renewed)",,COOLER,302.4375,44.18388355438424,EN_RIESGO,245,101.43,44.81611644561576,0.6503,179,86.22,121.72,0.0,0.0,0.0,1,0.8198,0,101.43,0.010749,AGRESIVO,0.6503,1.0,0.8198,0.85367,143,0.010749,0.00323,0.98602,0.010749,EN_RIESGO,89.0,44.18388355438424,44.81611644561576,101.43,B0G2DZHHTK
144,"Tarjeta de video DUAL-RTX5070-O12G, 12GB GDDR7, PCIe Gen 5.0",ASUS,tarjetas_video,5482.133333333333,785.2485891146864,VIGENTE,121,105.46,828.102180116083,0.6793,135,89.64,126.55,44.24456315475293,713.8199999999999,44.24456315475293,1,0.8245,0,105.46,0.030268,AGRESIVO,0.6793,1.0,0.8245,0.853565,144,0.030268,0.955683,0.014049,0.030268,VIGENTE,1613.3507692307694,785.2485891146864,828.102180116083,105.46,153727074
145,Seasonic,,PSU,564.2623076923077,75.32201635997195,VIGENTE,21,123.09,92.71331697336139,0.8062,51,104.63,147.71,353.44352179898675,593.9100000000001,353.44352179898675,1,0.8455,0,123.09,0.115201,AGRESIVO,0.8062,0.96,0.8455,0.853379,145,0.115201,0.841997,0.042803,0.115201,VIGENTE,168.03533333333334,75.32201635997195,92.71331697336139,123.09,B0DP4JRTST
146,PNY NVIDIA GeForce RTX 4080 16GB GDDR6X PCIe 4.0 Graphics Card,,,3053.998461538462,444.2895937292484,EN_RIESGO,177,102.35,454.7104062707516,0.6569,166,87.0,122.82,0.0,0.0,0.0,1,0.8204,0,102.35,0.016082,AGRESIVO,0.6569,0.8,0.8204,0.85312,146,0.016082,0.001207,0.982711,0.016082,EN_RIESGO,899.0,444.2895937292484,454.7104062707516,102.35,v1|287358472855|0
147,Intel core i7-14700k LGA1700 16c/28t support gigabyte Z790 AORUS PRO X,,,1955.613076923077,280.34092006402346,EN_RIESGO,110,105.35,295.3290799359765,0.6785,136,89.55,126.42,0.0,0.0,0.0,1,0.8237,0,105.35,0.031117,AGRESIVO,0.6785,0.8,0.8237,0.852739,147,0.031117,0.025317,0.943566,0.031117,EN_RIESGO,575.67,280.34092006402346,295.3290799359765,105.35,v1|227305920913|0
148,"GIGABYTE X870 GAMING X WIFI7 AM5 LGA 1718, ATX, DDR5, 4x M.2, PCIe 5.0, USB4, Wi",,,543.5053846153846,80.2531097297957,VIGENTE,382,99.36,79.73689027020428,0.6354,203,84.46,119.23,0.0,0.0,0.0,1,0.8165,0,99.36,0.002476,ESTRELLA,0.6354,0.8,0.8165,0.852672,148,0.002476,0.994682,0.002842,0.002476,VIGENTE,159.98999999999998,80.2531097297957,79.73689027020428,99.36,v1|168512876977|0
149,ASUS TUF Gaming B650-PLUS WIFI Motherboard AM5 AMD Ryzen DDR5 ATX PCIe 5.0 M.2,,,373.894,52.64969156540607,VIGENTE,81,108.91,57.34030843459391,0.7042,107,92.57,130.69,0.0,0.0,0.0,1,0.8276,0,108.91,0.048998,AGRESIVO,0.7042,0.8,0.8276,0.852263,149,0.048998,0.89627,0.054733,0.048998,VIGENTE,109.98999999999998,52.64969156540607,57.34030843459391,108.91,v1|178275663275|0
150,ASUS ROG Strix G16 2024 Gaming 16” RTX4060 i7-13650HX 16GB  1TB W 11 G614JV-AS74,,,4559.614615384615,675.3500315063005,EN_RIESGO,437,98.74,666.837660801392,0.6309,210,83.93,118.49,3.7252613987267624,50.0,3.7252613987267624,1,0.8149,0,98.74,0.001203,ESTRELLA,0.6309,0.8,0.8149,0.851651,150,0.001203,7.3e-05,0.998724,0.001203,EN_RIESGO,1342.1876923076925,675.3500315063005,666.837660801392,98.74,v1|405119030958|0
151,GIGABYTE X870 Eagle WiFi7 AMD AM5 LGA 1718 ATX Motherboard DDR5 PCIe 5.0,,,403.805,59.78344420428684,VIGENTE,406,98.7,59.006555795713155,0.6306,211,83.9,118.44,5.050930212980891,6.0,5.050930212980891,1,0.8144,0,98.7,0.001806,ESTRELLA,0.6306,0.8,0.8144,0.851174,151,0.001806,0.996206,0.001988,0.001806,VIGENTE,118.78999999999999,59.78344420428684,59.006555795713155,98.7,v1|377218546496|0
152,Corsair Vengeance 8GB (2x4GB) DDR3-1600 PC3-12800 Desktop RAM CMZ8GX3M2A1600C8B,,,68.05199999999999,9.893396952687198,EN_RIESGO,160,102.16,10.106603047312802,0.6556,169,86.84,122.59,0.0,0.0,0.0,1,0.8176,0,102.16,0.020376,AGRESIVO,0.6556,0.8,0.8176,0.849996,152,0.020376,0.007399,0.972225,0.020376,EN_RIESGO,20.0,9.893396952687198,10.106603047312802,102.16,v1|147391813052|0
153,msi,,MOTHERBOARD,428.4046153846154,63.98120169881891,EN_RIESGO,249,100.02,63.9927983011811,0.6401,195,85.02,120.02,338.39686186256574,433.05999999999995,338.39686186256574,1,0.815,0,100.02,0.010202,AGRESIVO,0.6401,0.92,0.815,0.849938,153,0.010202,0.00636,0.983438,0.010202,EN_RIESGO,127.974,63.98120169881891,63.9927983011811,100.02,B0BRQSWSFQ
154,Asus Prime X870-P WiFi ATX Motherboard AM5 Socket DDR5 PCIe 5.0 WIFI7,,,372.908,55.37703801318468,VIGENTE,439,98.1,54.32296198681532,0.6263,221,83.38,117.72,0.0,0.0,0.0,1,0.8126,0,98.1,0.001164,ESTRELLA,0.6263,0.8,0.8126,0.849831,154,0.001164,0.998004,0.000832,0.001164,VIGENTE,109.7,55.37703801318468,54.32296198681532,98.1,v1|236909224476|0
155,ASUS NVIDIA GeForce RTX 4060 Dual 8GB GDDR6 PCIe 4.0 Graphics Card,,,1019.1323076923077,151.3050448537669,EN_RIESGO,370,98.27,148.6949551462331,0.6275,218,83.53,117.92,0.0,0.0,0.0,1,0.8124,0,98.27,0.00267,ESTRELLA,0.6275,0.8,0.8124,0.849417,155,0.00267,9.4e-05,0.997236,0.00267,EN_RIESGO,300.0,151.3050448537669,148.6949551462331,98.27,v1|236900822161|0
156,AORUS ATX Motherboard AMD Ryzen DDR5 PCIe 5.0 AM5 X870 AORUS ELITE WIFI7,,,1075.5384615384614,159.73087525845656,VIGENTE,372,98.22,156.8837401261588,0.6272,219,83.49,117.86,23.331203428579762,73.87,23.331203428579762,1,0.8123,0,98.22,0.002647,ESTRELLA,0.6272,0.8,0.8123,0.849287,156,0.002647,0.994866,0.002487,0.002647,VIGENTE,316.6146153846154,159.73087525845656,156.8837401261588,98.22,v1|397962820633|0
157,Intel Core i7-14700K QS 2.50GHz 20core 28threads 33MB 125W LGA1700 CPU processor,,,1929.5584615384614,281.73150346402304,EN_RIESGO,165,101.61,286.26849653597696,0.6516,178,86.37,121.93,0.0,0.0,0.0,1,0.8161,0,101.61,0.019464,AGRESIVO,0.6516,0.8,0.8161,0.84896,157,0.019464,0.013408,0.967127,0.019464,EN_RIESGO,568.0,281.73150346402304,286.26849653597696,101.61,v1|395541967953|0
158,"Legion 5i 16"" WQXGA 165Hz Gaming Laptop i7-14650HX 16GB RAM 512GB SSD RTX 4060",,,4585.992307692308,681.2738731139567,EN_RIESGO,336,98.15,668.6961268860433,0.6267,220,83.43,117.78,0.0,0.0,0.0,1,0.8115,0,98.15,0.003687,ESTRELLA,0.6267,0.8,0.8115,0.848461,158,0.003687,0.001123,0.99519,0.003687,EN_RIESGO,1349.97,681.2738731139567,668.6961268860433,98.15,v1|376705461064|0
159,Computadora Gamer Pro Ryzen 5 5500 RAM 16GB SSD 500GB RTX 3050 6GB,AMD,procesadores,3600.0,529.5616933653268,EN_RIESGO,208,100.12,530.204460480827,0.6409,192,85.1,120.14,0.5406853180963016,5.730000000000018,0.5406853180963016,1,0.8136,0,100.12,0.013627,AGRESIVO,0.6409,1.0,0.8136,0.848171,159,0.013627,0.012116,0.974256,0.013627,EN_RIESGO,1059.7661538461539,529.5616933653268,530.204460480827,100.12,144742537
160,Intel Core i5-13600K 13th Gen LGA1700 Unlocked CPU Processor Boxed Sealed,,,965.20875,138.61319665600155,EN_RIESGO,104,104.89,145.38680334399845,0.6752,140,89.16,125.87,0.0,0.0,0.0,1,0.8189,0,104.89,0.037501,AGRESIVO,0.6752,0.8,0.8189,0.847584,160,0.037501,0.017829,0.94467,0.037501,EN_RIESGO,284.0,138.61319665600155,145.38680334399845,104.89,v1|287326207667|0
161,ASUS Dual GeForce RTX 4060 EVO OC Edition 8GB GDDR6 PCIe 4.0 Graphics Card GPU,,,1188.9546153846154,173.09871350988882,EN_RIESGO,142,102.19,176.89128649011118,0.6558,168,86.86,122.63,0.0,0.0,0.0,1,0.8156,0,102.19,0.024662,AGRESIVO,0.6558,0.8,0.8156,0.847511,161,0.024662,0.003049,0.972289,0.024662,EN_RIESGO,349.99,173.09871350988882,176.89128649011118,102.19,v1|396723951897|0
162,"Alienware Gaming Laptop – i7-14650HX, RTX 4060, 32GB RAM, 1TB SSD – Lightly Used",,,5435.372307692307,810.3086944457775,EN_RIESGO,400,97.46,789.6913055542225,0.6217,228,82.84,116.95,0.0,0.0,0.0,1,0.8098,0,97.46,0.002076,ESTRELLA,0.6217,0.8,0.8098,0.84744,162,0.002076,0.000131,0.997793,0.002076,EN_RIESGO,1600.0,810.3086944457775,789.6913055542225,97.46,v1|136963064137|0
163,LOT Samsung 16GB 8GB 4GB 2GB 1GB 2RX8 DDR4/DDR3/DDR2 Desktop Memory RAM 240PIN $,,,71.30538461538461,10.530903172150177,EN_RIESGO,237,99.32,10.459096827849825,0.6351,205,84.42,119.18,0.0,0.0,0.0,1,0.812,0,99.32,0.011113,ESTRELLA,0.6351,0.8,0.812,0.847375,163,0.011113,0.002362,0.986524,0.011113,EN_RIESGO,20.990000000000002,10.530903172150177,10.459096827849825,99.32,v1|254219753793|553607618438
164,"Thermalright Frozen Notte 360 Black ARGB Water Cooling CPU Cooler, 360 Black CPU Cooler Specifications, 3×120mm PWM Fans, S-FDB V2 Bearings, Suitable for AMD/AM4, Intel LGA 1700/1150/1200/2011/2066",,COOLER,151.09416666666667,22.148900552404964,EN_RIESGO,169,100.83,22.332766114261698,0.646,183,85.71,121.0,343.19757203342203,152.66,343.19757203342203,1,0.8137,0,100.83,0.018518,AGRESIVO,0.646,0.9,0.8137,0.847281,164,0.018518,0.009277,0.972205,0.018518,EN_RIESGO,44.48166666666666,22.148900552404964,22.332766114261698,100.83,B0BKK78R71
165,ASUS Dual RTX 4070 OC 12GB Graphics Card DisplayPort HDMI PCIe 4.0,,,1780.547,259.45669133442175,EN_RIESGO,147,101.88,264.3433086655782,0.6535,172,86.6,122.26,8.781977854142802,46.0,8.781977854142802,1,0.8149,0,101.88,0.023748,AGRESIVO,0.6535,0.8,0.8149,0.847167,165,0.023748,0.002054,0.974198,0.023748,EN_RIESGO,523.8,259.45669133442175,264.3433086655782,101.88,v1|137503190221|0
166,MSI MAGX870ETOMAHAWKMAXWIFIPZ ATX Motherboard AM5 DDR5 PCIe 5.0,,,1202.4692307692308,178.99371542136248,VIGENTE,327,97.76,174.97782304017596,0.6239,226,83.1,117.31,2.604729193785672,9.21999999999997,2.604729193785672,1,0.8099,0,97.76,0.004136,ESTRELLA,0.6239,0.8,0.8099,0.847068,166,0.004136,0.992522,0.003342,0.004136,VIGENTE,353.97153846153844,178.99371542136248,174.97782304017596,97.76,v1|236897055366|0
167,*For Parts* Strix X870E-E GAMING WIFI Socket AM5 DDR5 PCIE 5.0 x 16 Motherboard,,,444.2515384615385,63.724544868055126,VIGENTE,98,105.19,67.03468590117566,0.6774,137,89.41,126.23,38.238218216687166,50.000000000000014,38.238218216687166,1,0.8182,0,105.19,0.040912,AGRESIVO,0.6774,0.8,0.8182,0.846401,167,0.040912,0.927857,0.031231,0.040912,VIGENTE,130.75923076923078,63.724544868055126,67.03468590117566,105.19,v1|327218823156|0
168,Intel Core i7-7700 Desktop Processor 4 Cores up to 4.2 GHz LGA 1151 100/200 Series 65W (Renewed),,CPU,197.709,30.372638324819263,EN_RIESGO,183,99.56,30.23902834184741,0.6368,202,84.63,119.47,91.78101025655126,55.629999999999995,91.78101025655126,1,0.8106,0,99.56,0.015542,ESTRELLA,0.6368,0.92,0.8106,0.845409,168,0.015542,0.006196,0.978262,0.015542,EN_RIESGO,60.61166666666667,30.372638324819263,30.23902834184741,99.56,B07MMD4DDJ
169,"MSI B13VFK-413US 15.6"" i7-13620H 2.40 GHz 16GB/1TB SSD RTX 4060 Gaming Laptop",,,2718.7927272727275,406.6823663985245,EN_RIESGO,357,96.71,393.3176336014755,0.6163,232,82.2,116.05,0.0,0.0,0.0,1,0.8067,0,96.71,0.002852,ESTRELLA,0.6163,0.8,0.8067,0.844815,169,0.002852,0.000344,0.996805,0.002852,EN_RIESGO,800.0,406.6823663985245,393.3176336014755,96.71,v1|406922329685|0
170,GIGABYTE X870E AORUS Master AMD AM5 LGA 1718 Motherboard ATX DDR5 4XM.2 PCIe 5.0,,,1579.065,236.70424736950585,VIGENTE,419,96.42,228.23075263049415,0.6142,234,81.96,115.7,6.250336068482691,29.060000000000002,6.250336068482691,1,0.8064,0,96.42,0.001502,ESTRELLA,0.6142,0.8,0.8064,0.84479,170,0.001502,0.996938,0.00156,0.001502,VIGENTE,464.935,236.70424736950585,228.23075263049415,96.42,v1|398159157582|0
171,LOT Samsung 16GB 8GB 4GB 2GB 1GB 2RX8 DDR4/DDR3/DDR2 Desktop Memory RAM 288PIN,,,67.84692307692308,10.03791757295266,EN_RIESGO,206,98.97,9.934390119355031,0.6326,208,84.12,118.76,7.360191033739018,1.4699999999999989,7.360191033739018,1,0.8094,0,98.97,0.013774,ESTRELLA,0.6326,0.8,0.8094,0.84477,171,0.013774,0.004046,0.98218,0.013774,EN_RIESGO,19.97230769230769,10.03791757295266,9.934390119355031,98.97,v1|254224015967|553615546453
172,8GB 16GB DDR3 1600 PC3-12800 Laptop SODIMM 204-Pin Memory RAM PC4-2400 DDR4 LOT,,,91.46307692307693,13.40694011273381,EN_RIESGO,151,100.81,13.516136810343113,0.6458,185,85.69,120.97,11.142857142857142,3.0,11.142857142857142,1,0.8112,0,100.81,0.023447,AGRESIVO,0.6458,0.8,0.8112,0.844266,172,0.023447,0.002716,0.973837,0.023447,EN_RIESGO,26.923076923076923,13.40694011273381,13.516136810343113,100.81,v1|204708136301|505336697165
173,Black Corsair Vengeance LP 16GB (4x4GB) DDR3-1600 PC3-12800 (9-9-9-24),,,101.97999999999999,14.63537903013651,EN_RIESGO,87,104.98,15.36462096986349,0.6759,139,89.23,125.98,0.0,0.0,0.0,1,0.8161,0,104.98,0.043705,AGRESIVO,0.6759,0.8,0.8161,0.84412,173,0.043705,0.017633,0.938662,0.043705,EN_RIESGO,30.0,14.63537903013651,15.36462096986349,104.98,v1|267720775425|0
174,"Tarjeta de video DUAL-RTX5070-O12G, 12GB GDDR7, PCIe Gen 5.0",ASUS,tarjetas_video,5482.133333333333,814.4032050223547,VIGENTE,229,98.1,798.9475642084147,0.6263,221,83.38,117.72,44.24456315475293,713.8199999999999,44.24456315475293,1,0.8074,0,98.1,0.011608,ESTRELLA,0.6263,1.0,0.8074,0.843564,174,0.011608,0.981448,0.006944,0.011608,VIGENTE,1613.3507692307694,814.4032050223547,798.9475642084147,98.1,153727074
175,"ASUS TUF Gaming F15 15.6"" FHD i7-13620H RTX 4060 16GB 1TB SSD Gray",,,4212.414615384615,635.2234887612432,EN_RIESGO,491,95.21,604.7765112387568,0.6055,250,80.93,114.25,0.0,0.0,0.0,1,0.8026,0,95.21,0.000255,ESTRELLA,0.6055,0.8,0.8026,0.842053,175,0.000255,1.4e-05,0.99973,0.000255,EN_RIESGO,1240.0,635.2234887612432,604.7765112387568,95.21,v1|158042337319|0
176,"Corsair MP600 Micro 2TB M.2 NVMe PCIe x4 Gen4 SSD – M.2 2242 – Up to 7,000MB/sec Sequential Read – High-Density 3D TLC NAND – Compatible with Lenovo Legion Go and Thin PCIe 4.0 Laptops – Black",,SSD,1951.2083333333333,242.9217142857143,EN_RIESGO,3,150.0,364.3825714285714,1.0,4,127.5,180.0,161.1449191156234,978.64,161.1449191156234,1,0.868,0,150.0,0.263937,AGRESIVO,1.0,0.96,0.868,0.841638,176,0.263937,0.174258,0.561805,0.263937,EN_RIESGO,607.3042857142857,242.9217142857143,364.3825714285714,150.0,B0DJ1D4GTY
177,"GIGABYTE X870 GAMING WIFI6 AM5 LGA 1718, ATX, DDR5, 3x M.2, PCIe 5.0, USB4, WIFI",,,611.4476923076923,92.05212662361983,VIGENTE,381,95.53,87.93787337638015,0.6078,246,81.2,114.64,0.0,0.0,0.0,1,0.8027,0,95.53,0.002482,ESTRELLA,0.6078,0.8,0.8027,0.841638,177,0.002482,0.99462,0.002898,0.002482,VIGENTE,179.98999999999998,92.05212662361983,87.93787337638015,95.53,v1|227115455096|0
178,"GIGABYTE X870E AORUS ELITE WIFI7 AM5 LGA 1718, ATX, DDR5, 4x M.2, PCIe 5.0,",,,739.3469230769231,111.59368253721179,VIGENTE,493,95.03,106.0463174627882,0.6042,252,80.78,114.04,0.0,0.0,0.0,1,0.8021,0,95.03,0.000114,ESTRELLA,0.6042,0.8,0.8021,0.841619,178,0.000114,0.999791,9.4e-05,0.000114,VIGENTE,217.64,111.59368253721179,106.0463174627882,95.03,v1|205763763400|0
179,Intel Core i5-13600K CPU - Socket LGA 1700 14 Cores 20 Threads 3.5 GHz 24 MB L3,,,1014.2830769230769,152.6211228768401,EN_RIESGO,342,95.63,145.95810789239067,0.6085,243,81.29,114.76,7.324688975738949,21.870000000000005,7.324688975738949,1,0.8026,0,95.63,0.003382,ESTRELLA,0.6085,0.8,0.8026,0.841386,179,0.003382,0.001786,0.994832,0.003382,EN_RIESGO,298.5792307692308,152.6211228768401,145.95810789239067,95.63,v1|396703078544|0
180,"Dell G15 5530 Gaming Laptop Intel i7-13650HX RTX 4060 32GB RAM 1TB 15.6"" 120HZ",,,3391.51,508.79414788928244,EN_RIESGO,295,96.35,490.20585211071756,0.6137,236,81.9,115.62,0.0,0.0,0.0,1,0.8033,0,96.35,0.007163,ESTRELLA,0.6137,0.8,0.8033,0.841191,180,0.007163,0.001364,0.991473,0.007163,EN_RIESGO,999.0,508.79414788928244,490.20585211071756,96.35,v1|407068377075|0
181,"fanxiang S660 PCIe 4.0 2TB SSD for PS5 with Heatsink, Up to 5000MB/s, NVMe M.2 SSD Internal Gaming SSD NAND SLC Cache Suitable for PS5 Enthusiasts, Technology Enthusiasts, IT Professionals",,SSD,881.1523076923077,121.7732205221402,VIGENTE,39,114.2,139.0627794778598,0.7422,70,97.07,137.04,346.72744559800026,904.39,346.72744559800026,1,0.8246,0,114.2,0.093091,AGRESIVO,0.7422,0.9227,0.8246,0.841042,181,0.093091,0.848178,0.058732,0.093091,VIGENTE,260.836,121.7732205221402,139.0627794778598,114.2,B0BNQ2JZQJ
182,"Lenovo Legion 7i - Intel Core Ultra 7 255HX, RTX5060, 32Gb RAM, 1TB SSD, OLED",,,6451.1061538461545,960.438892287424,VIGENTE,193,97.72,938.561107712576,0.6236,227,83.06,117.26,0.0,0.0,0.0,1,0.8045,0,97.72,0.014669,ESTRELLA,0.6236,0.8,0.8045,0.840633,182,0.014669,0.969873,0.015458,0.014669,VIGENTE,1899.0,960.438892287424,938.561107712576,97.72,v1|318086865373|0
183,ASUS NVIDIA GeForce RTX 4060 Dual 8GB GDDR6 PCIe 4.0 Graphics Card,,,1426.7853846153846,214.99717728090963,EN_RIESGO,331,95.35,205.00282271909037,0.6065,247,81.05,114.42,0.0,0.0,0.0,1,0.8013,0,95.35,0.004015,ESTRELLA,0.6065,0.8,0.8013,0.8402,183,0.004015,0.000199,0.995786,0.004015,EN_RIESGO,420.0,214.99717728090963,205.00282271909037,95.35,v1|396425711312|0
184,ASUS ROG Strix B650-A Gaming WiFi AM5 DDR5 ATX Motherboard PCIe 5.0 White,,,468.24,70.17967681512819,VIGENTE,263,96.28,67.57032318487181,0.6132,237,81.84,115.54,0.0,0.0,0.0,1,0.802,0,96.28,0.009137,ESTRELLA,0.6132,0.8,0.802,0.839805,184,0.009137,0.981755,0.009108,0.009137,VIGENTE,137.75,70.17967681512819,67.57032318487181,96.28,v1|168523632737|0
185,Lenovo Yoga Pro 9 16IAH10 Core Ultra 7 Intel 255H RTX 5060 1TB 32GB 2880 x 1800,,,7790.875714285714,1106.258499664942,VIGENTE,70,107.2,1185.8615003350578,0.6918,124,91.12,128.64,5.942969827059677,136.22000000000025,5.942969827059677,1,0.8149,0,107.2,0.062005,AGRESIVO,0.6918,0.8,0.8149,0.839534,185,0.062005,0.89081,0.047185,0.062005,VIGENTE,2292.12,1106.258499664942,1185.8615003350578,107.2,v1|188612962740|0
186,ZOTAC GAMING Geforce RTX 5070 SOLID OC GDDR7 12GB PCIe 5.0 Graphic Card,,,2535.7007692307693,377.12850599640615,VIGENTE,167,97.92,369.30303246513233,0.625,223,83.23,117.5,1.0141586481732123,7.57000000000005,1.0141586481732123,1,0.803,0,97.92,0.018985,ESTRELLA,0.625,0.8,0.803,0.83862,186,0.018985,0.968607,0.012408,0.018985,VIGENTE,746.4315384615385,377.12850599640615,369.30303246513233,97.92,v1|318030219927|0
187,(Factory Refurbished) MSI PRO X870-P WIFI DDR5 PCIe 5.0 ATX AMD AM5 Motherboard,,,467.7269230769231,68.95346296560028,VIGENTE,124,99.67,68.72884472670741,0.6376,200,84.72,119.6,3.6315486599585443,5.0,3.6315486599585443,1,0.8047,0,99.67,0.028286,ESTRELLA,0.6376,0.8,0.8047,0.838079,187,0.028286,0.939852,0.031862,0.028286,VIGENTE,137.6823076923077,68.95346296560028,68.72884472670741,99.67,v1|406277067718|0
188,"MSI - 16.0"" 240 Hz - Intel Core Ultra 7 255HX - GeForce RTX 5060 GPU - 32GB DDR5",,,6622.486153846155,998.514470000765,VIGENTE,296,95.24,950.9362992300044,0.6057,249,80.95,114.29,2.421194766494392,47.200000000000045,2.421194766494392,1,0.7993,0,95.24,0.007081,ESTRELLA,0.6057,0.8,0.7993,0.838044,188,0.007081,0.987673,0.005246,0.007081,VIGENTE,1949.4507692307693,998.514470000765,950.9362992300044,95.24,v1|336575655759|0
189,msi MAG CoreLiquid I360 Black - AIO ARGB CPU Liquid Cooler - Infinity Mirror Design - UNI Bracket - 360mm Radiator - Triple 120mm ARGB PWM Fans - LGA 1700/1851 / AM5/AM4 Compatible,,COOLER,385.5692307692307,58.834813819759425,EN_RIESGO,267,95.54,56.20985284690723,0.6079,245,81.21,114.65,338.82492017593165,389.79999999999995,338.82492017593165,1,0.7994,0,95.54,0.009005,ESTRELLA,0.6079,0.904,0.7994,0.837753,189,0.009005,0.005341,0.985653,0.009005,EN_RIESGO,115.04466666666666,58.834813819759425,56.20985284690723,95.54,B0DC8553XN
190,ASUS Dual RTX 4070 OC 12GB Graphics Card DisplayPort HDMI PCIe 4.0,,,1801.65,266.940113370368,EN_RIESGO,145,98.55,263.059886629632,0.6296,213,83.77,118.26,0.0,0.0,0.0,1,0.8029,0,98.55,0.023804,ESTRELLA,0.6296,0.8,0.8029,0.837543,190,0.023804,0.002315,0.973881,0.023804,EN_RIESGO,530.0,266.940113370368,263.059886629632,98.55,v1|168355590877|0
191,"MSI Pulse 15 15.6"" FHD 144Hz Gaming Laptop i7-13700H RTX 4060 16GB 1TB WiFi W11H",,,5265.483846153846,792.1756227594984,EN_RIESGO,246,95.66,757.8143772405016,0.6088,241,81.31,114.79,0.0,0.0,0.0,1,0.799,0,95.66,0.010734,ESTRELLA,0.6088,0.8,0.799,0.837062,191,0.010734,0.005064,0.984202,0.010734,EN_RIESGO,1549.99,792.1756227594984,757.8143772405016,95.66,v1|285220246804|0
192,ASUS ROG STRIX X870-A GAMING WIFI AM5 X870 ATX DDR5 PCIe 5.0 Motherboard,,,914.1214285714286,139.01956116326818,VIGENTE,461,93.46,129.9304388367318,0.5929,265,79.44,112.15,0.0,0.0,0.0,1,0.7961,0,93.46,0.000691,ESTRELLA,0.5929,0.8,0.7961,0.836752,192,0.000691,0.998888,0.000421,0.000691,VIGENTE,268.95,139.01956116326818,129.9304388367318,93.46,v1|177825393127|0
193,Intel Core i7-14700K 20-core 28-thread SRN3X LGA1700 CPU processor,,,1477.7407692307693,224.55371795663524,EN_RIESGO,401,93.72,210.44628204336476,0.5948,262,79.66,112.46,0.0,0.0,0.0,1,0.7964,0,93.72,0.002053,ESTRELLA,0.5948,0.8,0.7964,0.836683,193,0.002053,0.000239,0.997708,0.002053,EN_RIESGO,435.0,224.55371795663524,210.44628204336476,93.72,v1|406019620886|0
194,Zotac GeForce RTX 5080 Gaming Solid White OC 16GB GDDR7 PCIe 5.0 Graphics Card,,,5302.184285714286,799.1993057996573,VIGENTE,262,95.19,760.7906942003427,0.6054,251,80.91,114.23,0.0,0.0,0.0,1,0.7981,0,95.19,0.009232,ESTRELLA,0.6054,0.8,0.7981,0.836609,194,0.009232,0.983137,0.007631,0.009232,VIGENTE,1559.99,799.1993057996573,760.7906942003427,95.19,v1|257463309641|0
195,LOT Samsung 16GB 8GB 4GB 2GB 1GB 2RX8 DDR4/DDR3/DDR2 Desktop Memory RAM DIMM #SA,,,61.113076923076925,9.195778002065051,EN_RIESGO,223,95.63,8.794221997934951,0.6085,243,81.29,114.76,7.226236798221238,1.3000000000000007,7.226236798221238,1,0.7981,0,95.63,0.012382,ESTRELLA,0.6085,0.8,0.7981,0.835986,195,0.012382,0.003495,0.984123,0.012382,EN_RIESGO,17.990000000000002,9.195778002065051,8.794221997934951,95.63,v1|153469962880|453428440428
196,(BROKEN) GIGABYTE X870 AORUS ELITE WIFI7 ATX Motherboard AM5 DDR5 PCIe 5.0,,,248.154,37.781057339594106,VIGENTE,459,93.19,35.20894266040589,0.591,267,79.21,111.83,0.0,0.0,0.0,1,0.7951,0,93.19,0.000716,ESTRELLA,0.591,0.8,0.7951,0.835959,196,0.000716,0.998726,0.000558,0.000716,VIGENTE,72.99,37.781057339594106,35.20894266040589,93.19,v1|377218238344|0
197,AORUS ATX Motherboard AMD Ryzen DDR5 PCIe 5.0 AM5 X870 AORUS ELITE WIFI7,,,1075.5384615384614,163.71965757660197,VIGENTE,372,93.39,152.8949578080134,0.5924,266,79.38,112.07,23.331203428579762,73.87,23.331203428579762,1,0.7949,0,93.39,0.002647,ESTRELLA,0.5924,0.8,0.7949,0.835376,197,0.002647,0.994866,0.002487,0.002647,VIGENTE,316.6146153846154,163.71965757660197,152.8949578080134,93.39,v1|397962820633|0
198,Black Corsair Vengeance LP 16GB (4x4GB) DDR3-1600 PC3-12800 (9-9-9-24),,,101.97999999999999,14.863476962603231,EN_RIESGO,87,101.84,15.136523037396769,0.6533,173,86.56,122.21,0.0,0.0,0.0,1,0.8048,0,101.84,0.043705,AGRESIVO,0.6533,0.8,0.8048,0.835077,198,0.043705,0.017633,0.938662,0.043705,EN_RIESGO,30.0,14.863476962603231,15.136523037396769,101.84,v1|267720775425|0
199,Procesador Core i5-12600 3.7GHz 4.9GHz Turbo 20MB LGA 1700,INTEL,CPU,1332.3333333333333,197.05531357534306,EN_RIESGO,112,99.16,195.40468642465692,0.634,207,84.29,118.99,1.1058451816745591,4.339999999999975,1.1058451816745591,1,0.8014,0,99.16,0.031111,ESTRELLA,0.634,0.8,0.8014,0.834915,199,0.031111,0.046955,0.921934,0.031111,EN_RIESGO,392.46,197.05531357534306,195.40468642465692,99.16,154926209
200,"HP Victus 16-r0073cl 16.1"" FHD i7-13700HX 32GB 1TB SSD RTX 4060 W11H Gaming",,,3399.3033333333333,503.7202598698869,EN_RIESGO,126,98.52,496.26974013011323,0.6293,214,83.74,118.22,0.0,0.0,0.0,1,0.8006,0,98.52,0.028195,ESTRELLA,0.6293,0.8,0.8006,0.834822,200,0.028195,0.006875,0.96493,0.028195,EN_RIESGO,999.9900000000001,503.7202598698869,496.26974013011323,98.52,v1|287128380449|0
201,Corsair Vengeance CMZ8GX3M2A1600C9 DDR3 PC3-12800u (4) x 4GB = 16GB Desktop RAM,,,101.88076923076923,14.526654325324355,EN_RIESGO,64,106.45,15.463345674675647,0.6864,129,90.48,127.74,0.0,0.0,0.0,1,0.8093,0,106.45,0.067866,AGRESIVO,0.6864,0.8,0.8093,0.833857,201,0.067866,0.039736,0.892398,0.067866,EN_RIESGO,29.990000000000002,14.526654325324355,15.463345674675647,106.45,v1|127831476599|0
202,Gigabyte B850 Eagle WiFi 6E | AM5 DDR5 | PCIe 5.0 | ATX - Parts/Repair,,,135.85153846153847,20.597779022458973,VIGENTE,260,94.15,19.39222097754103,0.5979,259,80.03,112.98,0.0,0.0,0.0,1,0.7942,0,94.15,0.00947,ESTRELLA,0.5979,0.8,0.7942,0.833471,202,0.00947,0.984373,0.006157,0.00947,VIGENTE,39.99,20.597779022458973,19.39222097754103,94.15,v1|117072364439|0
203,ASUS ROG Strix GeForce RTX 4060 OC Edition Gaming Graphics Card PCIe 4.0 OpenBox,,,1358.8430769230768,206.7107253763531,EN_RIESGO,301,93.51,193.2892746236469,0.5933,263,79.48,112.21,0.0,0.0,0.0,1,0.7934,0,93.51,0.00646,ESTRELLA,0.5933,0.8,0.7934,0.833434,203,0.00646,0.000408,0.993132,0.00646,EN_RIESGO,400.0,206.7107253763531,193.2892746236469,93.51,v1|406207521757|0
204,ASRock X870 ATX Motherboard AMD Socket AM5 DDR5 PCIe 5.0 HDMI RAID for Ryzen New,,,1267.1,192.31271329222733,VIGENTE,266,93.95,180.67728670777268,0.5964,261,79.86,112.74,3.4853481326577116,13.0,3.4853481326577116,1,0.7937,0,93.95,0.009007,ESTRELLA,0.5964,0.8,0.7937,0.833173,204,0.009007,0.985486,0.005507,0.009007,VIGENTE,372.99,192.31271329222733,180.67728670777268,93.95,v1|206381280185|0
205,"2TB NVMe M.2 Gaming SSD for PS5 with Heatsink PCIe 4.0 2280 Up to 7300MB/s,3D NAND TLC Flash with Dynamic SLC Cache, Internal SSD Suitable for PS5 Enthusiasts, Technology Enthusiasts, IT Professionals",,SSD,925.4153846153846,125.63191610540422,VIGENTE,18,118.43,148.7830838945958,0.7727,59,100.67,142.12,340.936173314141,935.58,340.936173314141,1,0.8229,0,118.43,0.126899,AGRESIVO,0.7727,0.8771,0.8229,0.83294,205,0.126899,0.803869,0.069232,0.126899,VIGENTE,274.415,125.63191610540422,148.7830838945958,118.43,B0DXK2M53G
206,HP OMEN 16.1'' 165Hz FHD Gaming Laptop Intel i7-13620H 16GB 1TB SSD RTX 4060,,,3057.3969230769235,448.9747031092429,EN_RIESGO,96,100.46,451.0252968907571,0.6433,189,85.39,120.55,0.0,0.0,0.0,1,0.8011,0,100.46,0.041121,AGRESIVO,0.6433,0.8,0.8011,0.832653,206,0.041121,0.014117,0.944762,0.041121,EN_RIESGO,900.0,448.9747031092429,451.0252968907571,100.46,v1|286680045951|0
207,Intel Core i5-13600K Raptor Lake 14-Core 6P+8E 3.5 GHz LGA 1700 125W Processor,,,679.725,102.94210214001103,EN_RIESGO,230,94.28,97.05789785998897,0.5988,256,80.14,113.14,0.0,0.0,0.0,1,0.7937,0,94.28,0.011469,ESTRELLA,0.5988,0.8,0.7937,0.832646,207,0.011469,0.006951,0.98158,0.011469,EN_RIESGO,200.0,102.94210214001103,97.05789785998897,94.28,v1|127927567288|0
208,DATO Gen4 SSD with Heatsink 1TB NVMe PCIe 4.0 M.2 2280 Up to 7200/6850MB/s High Performance SSD for Gaming Creation – Ares Dark Sword Lite,,SSD,488.85846153846154,62.89701495079047,EN_RIESGO,8,133.02,83.66423504920954,0.8777,31,113.07,159.62,335.81864237648085,492.18000000000006,335.81864237648085,1,0.8401,0,133.02,0.197464,AGRESIVO,0.8777,0.8838,0.8401,0.83262,208,0.197464,0.153751,0.648785,0.197464,EN_RIESGO,146.56125,62.89701495079047,83.66423504920954,133.02,B0FBMB9374
209,AMD RADEON R938G2401U2S 8GB DDR3 PC3-2400 1.6v,,,101.91384615384617,14.449645730286448,EN_RIESGO,53,107.62,15.550354269713552,0.6949,119,91.48,129.14,0.0,0.0,0.0,1,0.8093,0,107.62,0.07618,AGRESIVO,0.6949,0.8,0.8093,0.832239,209,0.07618,0.027574,0.896246,0.07618,EN_RIESGO,30.0,14.449645730286448,15.550354269713552,107.62,v1|327018523485|0
210,DAMAGED Intel Core i7-14700K 20Core LGA 1700 DDR4/DDR5 125W SRN3X DESKTOP CPU,,,848.685,129.99105263659573,EN_RIESGO,387,92.22,119.87894736340428,0.584,278,78.39,110.66,0.0,0.0,0.0,1,0.7909,0,92.22,0.002275,ESTRELLA,0.584,0.8,0.7909,0.83223,210,0.002275,0.000236,0.997489,0.002275,EN_RIESGO,249.87,129.99105263659573,119.87894736340428,92.22,v1|236948839811|0
211,GIGABYTE X870 GAMING WIFI6 AMD AM5 ATX DDR5 PCIe 5.0 M.2 HDMI 2.5GbE Multi-GPU,,,416.413,63.80452232308482,VIGENTE,434,91.99,58.69547767691518,0.5823,280,78.19,110.39,12.244897959183673,15.0,12.244897959183673,1,0.7906,0,91.99,0.00123,ESTRELLA,0.5823,0.8,0.7906,0.832195,211,0.00123,0.99778,0.00099,0.00123,VIGENTE,122.5,63.80452232308482,58.69547767691518,91.99,v1|147370465997|0
212,[READ] MSI MPG X870E Carbon WiFi AM5 ATX Motherboard DDR5 PCIe 5.0 WiFi 7,,,710.46,108.94777430381981,VIGENTE,457,91.84,100.05222569618019,0.5813,281,78.06,110.21,0.0,0.0,0.0,1,0.7903,0,91.84,0.000725,ESTRELLA,0.5813,0.8,0.7903,0.832066,212,0.000725,0.998708,0.000567,0.000725,VIGENTE,209.0,108.94777430381981,100.05222569618019,91.84,v1|298388390982|0
213,ASUS TUF GAMING X870-PLUS WIFI ATX Motherboard AMD AM5 DDR5 PCIe 5.0 Wi-Fi 7 NEW,,,781.7042857142858,119.08924702022775,VIGENTE,298,93.12,110.90075297977226,0.5905,269,79.15,111.74,0.0,0.0,0.0,1,0.7918,0,93.12,0.006913,ESTRELLA,0.5905,0.8,0.7918,0.832039,213,0.006913,0.989517,0.00357,0.006913,VIGENTE,229.99,119.08924702022775,110.90075297977226,93.12,v1|147337431547|0
214,"Procesador Ryzen 5 5500 3.60, Am4 Cache 16Mb , 4.2Ghz",AMD,procesadores,686.0,103.37005543280324,EN_RIESGO,171,95.32,98.53661123386343,0.6063,248,81.02,114.38,0.5398533976094441,1.089999999999975,0.5398533976094441,1,0.7942,0,95.32,0.017907,ESTRELLA,0.6063,1.0,0.7942,0.831779,214,0.017907,0.021984,0.960109,0.017907,EN_RIESGO,201.90666666666667,103.37005543280324,98.53661123386343,95.32,121609851
215,"HP Victus 15.6"" 144Hz Gaming Laptop i5-12500H 16GB 512GB SSD RTX 4060 W11",,,2377.9753846153844,363.5200908840244,EN_RIESGO,314,92.56,336.4799091159756,0.5864,275,78.68,111.07,0.0,0.0,0.0,1,0.7905,0,92.56,0.005369,ESTRELLA,0.5864,0.8,0.7905,0.831353,215,0.005369,0.000855,0.993776,0.005369,EN_RIESGO,700.0,363.5200908840244,336.4799091159756,92.56,v1|405465954818|0
216,Intel Core i5-13600K 13th Gen Processor LGA1700 24MB Cache BX8071513600K,,,968.1753846153847,147.28430773748775,EN_RIESGO,250,93.5,137.71569226251225,0.5932,264,79.47,112.2,0.0,0.0,0.0,1,0.7917,0,93.5,0.009897,ESTRELLA,0.5932,0.8,0.7917,0.831343,216,0.009897,0.004426,0.985677,0.009897,EN_RIESGO,285.0,147.28430773748775,137.71569226251225,93.5,v1|257447201446|0
217,msi,,MOTHERBOARD,428.4046153846154,65.68788588133287,EN_RIESGO,174,94.82,62.28611411866713,0.6027,254,80.6,113.78,338.39686186256574,433.05999999999995,338.39686186256574,1,0.7931,0,94.82,0.016427,ESTRELLA,0.6027,0.92,0.7931,0.831227,217,0.016427,0.010223,0.97335,0.016427,EN_RIESGO,127.974,65.68788588133287,62.28611411866713,94.82,B0BRQSWSFQ
218,ASUS ROG Strix G16 2024 Gaming 16” RTX4060 i7-13650HX 16GB  1TB W 11 G614JV-AS74,,,4559.614615384615,700.4941636950298,EN_RIESGO,437,91.61,641.6935286126627,0.5796,283,77.87,109.93,3.7252613987267624,50.0,3.7252613987267624,1,0.7892,0,91.61,0.001203,ESTRELLA,0.5796,0.8,0.7892,0.831116,218,0.001203,7.3e-05,0.998724,0.001203,EN_RIESGO,1342.1876923076925,700.4941636950298,641.6935286126627,91.61,v1|405119030958|0
219,ASUS ROG Strix G16 2024 Gaming 16” RTX 4060 i7-13650HX 16GB  1TB W11 G614JV-AS74,,,4559.614615384615,701.1938765776963,EN_RIESGO,453,91.41,640.9938157299962,0.5782,285,77.7,109.69,3.7252613987267624,50.0,3.7252613987267624,1,0.7887,0,91.41,0.000767,ESTRELLA,0.5782,0.8,0.7887,0.830802,219,0.000767,3.5e-05,0.999197,0.000767,EN_RIESGO,1342.1876923076925,701.1938765776963,640.9938157299962,91.41,v1|405119028779|0
220,"GIGABYTE X870E AORUS ELITE WIFI7 AM5 LGA 1718, ATX, DDR5, 4x M.2, PCIe 5.0,",,,1551.0484615384617,238.7311892658089,VIGENTE,476,91.25,217.84957996496036,0.577,286,77.56,109.5,0.7008617567032517,3.1999999999999886,0.7008617567032517,1,0.7883,0,91.25,0.000379,ESTRELLA,0.577,0.8,0.7883,0.830574,220,0.000379,0.99928,0.00034,0.000379,VIGENTE,456.58076923076925,238.7311892658089,217.84957996496036,91.25,v1|167004388901|0
221,"Cooler Master MasterLiquid LC240E RGB Close-Loop AIO CPU Liquid Cooler, 240mm Radiator, Dual Chamber RGB Pump, Dual MF120R RGB Fans, RGB Lighting for AMD Ryzen/Intel LGA1151",,COOLER,215.68,32.16312961271273,EN_RIESGO,93,100.1,32.194870387287274,0.6407,193,85.08,120.12,338.6991516206221,217.98,338.6991516206221,1,0.7989,0,100.1,0.042978,AGRESIVO,0.6407,0.88,0.7989,0.830502,221,0.042978,0.019298,0.937724,0.042978,EN_RIESGO,64.358,32.16312961271273,32.194870387287274,100.1,B07CRGC899
222,GIGABYTE X870E AORUS Elite WIFI7 AM5 ATX DDR5 Motherboard 4x M.2 PCIe 5.0,,,788.0961538461538,121.42025800681512,VIGENTE,497,91.06,110.56974199318486,0.5756,288,77.4,109.27,0.0,0.0,0.0,1,0.7878,0,91.06,7.4e-05,ESTRELLA,0.5756,0.8,0.7878,0.83021,222,7.4e-05,0.999877,5e-05,7.4e-05,VIGENTE,231.98999999999998,121.42025800681512,110.56974199318486,91.06,v1|147233438464|0
223,"ASUS ROG Strix LC III 360 ARGB LCD All-in-one CPU Liquid Cooler - Intel LGA 1700, 1200, 115X - AMD Socket AM4, AM5 – with 2.1"" IPS LCD, Asetek Gen7 v2 Pump, and Premium ROG ARGB Fans, 6 Year Warranty",,COOLER,685.1733333333333,102.06708452541832,EN_RIESGO,102,98.9,100.9436847053509,0.6321,209,84.06,118.68,335.64721841205846,681.4,335.64721841205846,1,0.7972,0,98.9,0.037778,ESTRELLA,0.6321,0.9185,0.7972,0.830166,223,0.037778,0.026343,0.93588,0.037778,EN_RIESGO,203.01076923076923,102.06708452541832,100.9436847053509,98.9,B0DC1WB2RM
224,PCCOOLER AIO CPU Cooler - 3 Pack F5 R120 Case Fans - 2.4 Inch IPS LCD Screen 360mm Liquid Cooler Compatible with AM4 AM5 Intel LGA 1700/1851/20XX CPS Water Cooling(DS360 Display BK),,COOLER,296.92285714285714,41.69275302222308,EN_RIESGO,59,106.24,44.29349697777692,0.6849,131,90.3,127.49,269.9966564421638,232.16000000000003,269.9966564421638,1,0.8058,0,106.24,0.073382,AGRESIVO,0.6849,0.785,0.8058,0.829943,224,0.073382,0.028489,0.898129,0.073382,EN_RIESGO,85.98625,41.69275302222308,44.29349697777692,106.24,B0F6L84VNS
225,"Thermalright Frozen Edge 360 Black AIO Water Cooler,Liquid CPU Cooler, 3×120mm PWM Fans Water Cooling System,2150RPM High Speed Fan,Compatible with AMD/AM4/AM5&Intel LGA1700/1150/1151/1200/17XX",,COOLER,185.642,27.861598981249774,EN_RIESGO,92,99.93,27.841734352083567,0.6395,197,84.94,119.92,273.16139070073604,152.16,273.16139070073604,1,0.798,0,99.93,0.043428,ESTRELLA,0.6395,0.905,0.798,0.829743,225,0.043428,0.023485,0.933087,0.043428,EN_RIESGO,55.70333333333334,27.861598981249774,27.841734352083567,99.93,B0C7KNS1SB
226,MSI Katana 15.6'' 144Hz FHD Gaming Laptop i7-13620H 16GB 1TB SSD RTX 4060,,,3057.3969230769235,466.88154948896823,EN_RIESGO,255,92.77,433.11845051103177,0.5879,273,78.85,111.32,0.0,0.0,0.0,1,0.7891,0,92.77,0.009816,ESTRELLA,0.5879,0.8,0.7891,0.829289,226,0.009816,0.001929,0.988255,0.009816,EN_RIESGO,900.0,466.88154948896823,433.11845051103177,92.77,v1|376294529472|0
227,MSI PRO Z790-P WIFI DDR4-NOT WORKING- LGA1700 4*DDR4 128G ATX,,,271.615,41.95297108841976,EN_RIESGO,466,90.69,38.04702891158024,0.573,296,77.09,108.83,0.0,0.0,0.0,1,0.7862,0,90.69,0.000579,ESTRELLA,0.573,0.8,0.7862,0.828841,227,0.000579,4.1e-05,0.99938,0.000579,EN_RIESGO,80.0,41.95297108841976,38.04702891158024,90.69,v1|168540587799|0
228,MSI Cyborg 15 B13WFKG Gaming Laptop i7-13620H RTX 4060 16GB 1TB SSD Unopened,,,7805.425,1190.90580443779,EN_RIESGO,243,92.81,1105.2601955622101,0.5882,272,78.89,111.37,30.226908681689384,694.06,30.226908681689384,1,0.7887,0,92.81,0.010849,ESTRELLA,0.5882,0.8,0.7887,0.828785,228,0.010849,0.003129,0.986022,0.010849,EN_RIESGO,2296.166,1190.90580443779,1105.2601955622101,92.81,v1|206310198292|0
229,"GIGABYTE X870E AORUS PRO AM5 LGA 1718, ATX, DDR5, 4x M.2, PCIe 5.0, USB4, Wi-Fi",,,1481.07,228.5054283756964,VIGENTE,414,90.78,207.43611008584207,0.5736,294,77.16,108.94,17.63309829828982,76.87,17.63309829828982,1,0.786,0,90.78,0.001599,ESTRELLA,0.5736,0.8,0.786,0.828488,229,0.001599,0.996907,0.001494,0.001599,VIGENTE,435.94153846153847,228.5054283756964,207.43611008584207,90.78,v1|335967998985|0
230,Gigabyte Z790-S LGA 1700 ATX Motherboard DDR4 M.2 High-Speed Support,,,730.376923076923,112.83286387063231,EN_RIESGO,454,90.55,102.16713612936769,0.572,300,76.97,108.66,0.0,0.0,0.0,1,0.7856,0,90.55,0.000761,ESTRELLA,0.572,0.8,0.7856,0.828329,230,0.000761,8.6e-05,0.999153,0.000761,EN_RIESGO,215.0,112.83286387063231,102.16713612936769,90.55,v1|136947874250|0
231,"Intel Core i7 6700K 4.00 GHz Unlocked Quad Core Skylake Desktop Processor, Socket LGA 1151 [BX80662I76700K] (Renewed)",,CPU,,36.24487682299836,EN_RIESGO,48,106.82,38.71512317700164,0.6891,126,90.8,128.18,0.0,0.0,0.0,1,0.8048,0,106.82,0.079421,AGRESIVO,0.6891,0.86,0.8048,0.82799,231,0.079421,0.04452,0.876059,0.079421,EN_RIESGO,74.96,36.24487682299836,38.71512317700164,106.82,B07JQ3638R
232,MSI Katana 15 B13VFK Gaming i7-13620H 2.4GHz 16 GB RAM 1 TB SSD RTX 4060,,,3057.3969230769235,471.6885188425686,EN_RIESGO,347,90.8,428.3114811574314,0.5738,293,77.18,108.96,0.0,0.0,0.0,1,0.7853,0,90.8,0.003252,ESTRELLA,0.5738,0.8,0.7853,0.827554,232,0.003252,0.00037,0.996378,0.003252,EN_RIESGO,900.0,471.6885188425686,428.3114811574314,90.8,v1|177065851211|0
233,"Cooler Master MasterLiquid LC240E RGB Close-Loop AIO CPU Liquid Cooler, 240mm Radiator, Dual Chamber RGB Pump, Dual MF120R RGB Fans, RGB Lighting for AMD Ryzen/Intel LGA1151",,COOLER,215.68,32.06462978135333,EN_RIESGO,78,100.71,32.29337021864667,0.6451,186,85.6,120.85,338.6991516206221,217.98,338.6991516206221,1,0.7967,0,100.71,0.051717,AGRESIVO,0.6451,0.88,0.7967,0.827016,233,0.051717,0.023794,0.924489,0.051717,EN_RIESGO,64.358,32.06462978135333,32.29337021864667,100.71,B07CRGC899
234,"ASUS TUF GAMING B650E-E WIFI ATX Motherboard, AMD, AM5, DDR5, PCIe 5.0, Wi-Fi 6E",,,407.6530769230769,59.113802394977526,VIGENTE,69,103.0,60.886197605022474,0.6616,158,87.55,123.6,0.0,0.0,0.0,1,0.7993,0,103.0,0.062936,AGRESIVO,0.6616,0.8,0.7993,0.826879,234,0.062936,0.858612,0.078452,0.062936,VIGENTE,120.0,59.113802394977526,60.886197605022474,103.0,v1|127898871638|0
235,ROG Strix X870E-E GAMING WIFI Socket AM5 DDR5 PCIE 5.0 x 16 Motherboard *READ*,,,825.7923076923076,127.66005786499007,VIGENTE,379,90.4,115.40686521193301,0.5709,301,76.84,108.48,28.798653109146894,70.0,28.798653109146894,1,0.7842,0,90.4,0.002487,ESTRELLA,0.5709,0.8,0.7842,0.826861,235,0.002487,0.995608,0.001906,0.002487,VIGENTE,243.06692307692308,127.66005786499007,115.40686521193301,90.4,v1|327218848033|0
236,CMZ8GX3M2A1600C9 Corsair Vengeance 4GB PC3-12800 DDR3-1600MHz Desktop Memory,,,43.75461538461538,6.094531818161981,EN_RIESGO,34,111.34,6.785468181838018,0.7217,87,94.64,133.61,0.0,0.0,0.0,1,0.8093,0,111.34,0.103129,AGRESIVO,0.7217,0.8,0.8093,0.826783,236,0.103129,0.039505,0.857366,0.103129,EN_RIESGO,12.879999999999999,6.094531818161981,6.785468181838018,111.34,v1|227415120461|0
237,ASRock,,MOTHERBOARD,366.9191666666666,57.0602616514674,EN_RIESGO,309,90.98,51.91435373314799,0.5751,290,77.33,109.18,343.3918979014167,374.21000000000004,343.3918979014167,1,0.7848,0,90.98,0.005514,ESTRELLA,0.5751,1.0,0.7848,0.826715,237,0.005514,0.002274,0.992211,0.005514,EN_RIESGO,108.97461538461539,57.0602616514674,51.91435373314799,90.98,B0CX1GPFW4
238,PCCOOLER AIO CPU Cooler - 3 Pack F5 R120 Case Fans - 2.4 Inch IPS LCD Screen 360mm Liquid Cooler Compatible with AM4 AM5 Intel LGA 1700/1851/20XX CPS Water Cooling(DS360 Display WH),,COOLER,241.67153846153846,35.905088884238154,EN_RIESGO,79,99.96,35.89157778242851,0.6397,196,84.97,119.95,324.8479502298157,233.23000000000002,324.8479502298157,1,0.795,0,99.96,0.049773,ESTRELLA,0.6397,0.92,0.795,0.826022,238,0.049773,0.020342,0.929885,0.049773,EN_RIESGO,71.79666666666667,35.905088884238154,35.89157778242851,99.96,B0F6L8D8KB
239,"GIGABYTE AORUS Gen4 7300 SSD 1TB (w/o Heat Spreader) PCIe 4.0 NVMe M.2 Internal Solid State Drive with Read Speed Up to 7300MB/s, Write Speed Up to 6000MB/s, AG4731TB N",,SSD,679.6566666666666,104.91309552646175,EN_RIESGO,315,90.62,95.07690447353826,0.5725,297,77.03,108.74,0.0,0.0,0.0,1,0.7836,0,90.62,0.005316,ESTRELLA,0.5725,0.88,0.7836,0.825797,239,0.005316,0.00085,0.993833,0.005316,EN_RIESGO,199.99,104.91309552646175,95.07690447353826,90.62,B0FPFLDNH7
240,"MXZ Gaming PC Computer R5 3600, RTX 4060, 16G DDR4, NVME 500G, A520,6RGB Fans,Win 11 Pro Ready to use, Gamer Desktop Computer(R5 3600| RTX 4060)",,RAM,794.1,122.89756945314056,EN_RIESGO,352,90.08,110.70243054685943,0.5686,306,76.57,108.1,0.0,0.0,0.0,1,0.7827,0,90.08,0.003142,ESTRELLA,0.5686,0.82,0.7827,0.825547,240,0.003142,0.000422,0.996436,0.003142,EN_RIESGO,233.6,122.89756945314056,110.70243054685943,90.08,B0DFPMS4FD
241,Asus Prime X870-P WiFi ATX Motherboard AM5 Socket DDR5 PCIe 5.0 WIFI7,,,372.908,57.87741239394268,VIGENTE,439,89.54,51.822587606057326,0.5647,310,76.11,107.45,0.0,0.0,0.0,1,0.7818,0,89.54,0.001164,ESTRELLA,0.5647,0.8,0.7818,0.825178,241,0.001164,0.998004,0.000832,0.001164,VIGENTE,109.7,57.87741239394268,51.822587606057326,89.54,v1|236909224476|0
242,ASUS TX GAMING GeForce RTX4070-O12G GPU GDDR6X 650W PCIE 4.0 Graphics Card,,,3335.808461538462,508.7750506636652,EN_RIESGO,172,93.01,473.1880262594118,0.5897,270,79.06,111.61,1.598838120186256,15.700000000000045,1.598838120186256,1,0.7859,0,93.01,0.017858,ESTRELLA,0.5897,0.8,0.7859,0.825155,242,0.017858,0.001686,0.980456,0.017858,EN_RIESGO,981.963076923077,508.7750506636652,473.1880262594118,93.01,v1|186361101615|0
243,Black Corsair Vengeance LP 16GB (4x4GB) DDR3-1600 PC3-12800 (9-9-9-24),,,101.97999999999999,15.123632010846917,EN_RIESGO,87,98.37,14.876367989153083,0.6283,215,83.61,118.04,0.0,0.0,0.0,1,0.7923,0,98.37,0.043705,ESTRELLA,0.6283,0.8,0.7923,0.825084,243,0.043705,0.017633,0.938662,0.043705,EN_RIESGO,30.0,15.123632010846917,14.876367989153083,98.37,v1|267720775425|0
244,Intel Core i5-13600K CPU LGA1700 3.5GHz 14-Core 125W Desktop Gaming Processors-,,,1082.8561538461538,168.04981298370623,EN_RIESGO,392,89.68,150.7132639393707,0.5657,309,76.23,107.62,5.157435471727252,16.439999999999998,5.157435471727252,1,0.7818,0,89.68,0.00215,ESTRELLA,0.5657,0.8,0.7818,0.82499,244,0.00215,0.000575,0.997275,0.00215,EN_RIESGO,318.76307692307694,168.04981298370623,150.7132639393707,89.68,v1|317296074923|0
245,"MSI Gaming Laptop Katana 15 B13VGK 15.6"" Intel Core i7-13620H 1TB RTX 4060",,,3013.2346153846156,455.2453374322905,EN_RIESGO,130,94.84,431.7546625677095,0.6029,253,80.61,113.81,0.0,0.0,0.0,1,0.7878,0,94.84,0.027312,ESTRELLA,0.6029,0.8,0.7878,0.824753,245,0.027312,0.01167,0.961017,0.027312,EN_RIESGO,887.0,455.2453374322905,431.7546625677095,94.84,v1|147260745088|0
246,For ASRock Z790 PG LIGHTNING/D4 LGA 1700 Intel Z790 DDR4 ATX Desktop Motherboard,,,1001.0385714285715,154.35271055488846,EN_RIESGO,272,90.9,140.30586087368295,0.5745,292,77.26,109.08,5.2229941675838045,15.390000000000043,5.2229941675838045,1,0.7829,0,90.9,0.008605,ESTRELLA,0.5745,0.8,0.7829,0.82463,246,0.008605,0.003067,0.988329,0.008605,EN_RIESGO,294.6585714285714,154.35271055488846,140.30586087368295,90.9,v1|196417424811|0
247,"GIGABYTE X870E AORUS PRO AM5 LGA 1718, ATX, DDR5, 4x M.2, PCIe 5.0, USB4, Wi-Fi",,,1281.1815384615386,199.6672118436732,VIGENTE,483,88.87,177.4381727717114,0.5599,318,75.54,106.64,17.63432788630805,66.5,17.63432788630805,1,0.7798,0,88.87,0.000364,ESTRELLA,0.5599,0.8,0.7798,0.823729,247,0.000364,0.999309,0.000327,0.000364,VIGENTE,377.1053846153846,199.6672118436732,177.4381727717114,88.87,v1|296722931654|0
248,"Thermalrlght Frozen Notte 240 White ARGB V2 Water Cooling CPU Cooler,240 White CPU Cooler Specifications, Double PWM Fans,S-FDB V2 Bearings,Suitable for Intel LGA 1700/1150/1151/1200/2011,AMD/AM4 AM5",,COOLER,170.46,25.75978876729453,EN_RIESGO,210,91.42,23.550211232705465,0.5782,284,77.71,109.7,287.0817278442507,141.56,287.0817278442507,1,0.7824,0,91.42,0.013414,ESTRELLA,0.5782,0.8055,0.7824,0.823243,248,0.013414,0.006634,0.979952,0.013414,EN_RIESGO,49.309999999999995,25.75978876729453,23.550211232705465,91.42,B0D3DV3H8L
249,MSI GeForce RTX 4060 Ti VENTUS 2X BLACK 8G Black GDDR6 PCIe 4.0 x8 Graphics Card,,,1381.5930769230768,212.98504700877697,EN_RIESGO,233,90.95,193.7072606835307,0.5748,291,77.31,109.14,2.4588613580480425,10.0,2.4588613580480425,1,0.7818,0,90.95,0.011216,ESTRELLA,0.5748,0.8,0.7818,0.823208,249,0.011216,0.00129,0.987494,0.011216,EN_RIESGO,406.6923076923077,212.98504700877697,193.7072606835307,90.95,v1|236591778796|0
250,SODIMM Memory RAM Crucial DDR3/DDR3L/DDR4 16GB 1600MHz 32GB PC3/PC3L/PC4 Lot,,,123.9523076923077,18.608597476885443,EN_RIESGO,105,96.08,17.8798640615761,0.6118,239,81.67,115.3,6.303362496047233,2.3000000000000043,6.303362496047233,1,0.7876,0,96.08,0.036527,ESTRELLA,0.6118,0.8,0.7876,0.822795,250,0.036527,0.006214,0.957259,0.036527,EN_RIESGO,36.48846153846154,18.608597476885443,17.8798640615761,96.08,v1|146753130552|445373540695
251,CMZ8GX3M2A1600C9 Corsair Vengeance 4GB PC3-12800 DDR3-1600MHz Desktop Memory,,,43.75461538461538,6.138281839092376,EN_RIESGO,34,109.83,6.741718160907623,0.7108,97,93.36,131.8,0.0,0.0,0.0,1,0.8038,0,109.83,0.103129,AGRESIVO,0.7108,0.8,0.8038,0.822434,251,0.103129,0.039505,0.857366,0.103129,EN_RIESGO,12.879999999999999,6.138281839092376,6.741718160907623,109.83,v1|227415120461|0
252,Intel Core i5-13600K Raptor Lake 14-Core 6P+8E 3.5 GHz LGA 1700 125W Processor,,,679.725,104.86037291353547,EN_RIESGO,230,90.73,95.13962708646453,0.5733,295,77.12,108.88,0.0,0.0,0.0,1,0.7809,0,90.73,0.011469,ESTRELLA,0.5733,0.8,0.7809,0.822422,252,0.011469,0.006951,0.98158,0.011469,EN_RIESGO,200.0,104.86037291353547,95.13962708646453,90.73,v1|127927567288|0
253,Gigabyte Z790 D AC ATX Motherboard Intel Z790 DDR5 LGA 1700 PCIe 4.0 4x M.2 Slot,,,441.5915384615385,67.55905051341686,EN_RIESGO,163,92.41,62.430949486583145,0.5854,276,78.55,110.89,0.0,0.0,0.0,1,0.7828,0,92.41,0.019835,ESTRELLA,0.5854,0.8,0.7828,0.822241,253,0.019835,0.01586,0.964305,0.019835,EN_RIESGO,129.99,67.55905051341686,62.430949486583145,92.41,v1|178207103364|0
254,ASUS PRIME X870-P WiFi AM5 ATX Motherboard DDR5 PCIe 5.0 USB4,,,464.61,72.3815740192581,VIGENTE,349,88.94,64.37765674997269,0.5604,317,75.6,106.73,10.236968957235353,14.000000000000014,10.236968957235353,1,0.7786,0,88.94,0.003218,ESTRELLA,0.5604,0.8,0.7786,0.822218,254,0.003218,0.993996,0.002786,0.003218,VIGENTE,136.75923076923078,72.3815740192581,64.37765674997269,88.94,v1|267721296186|0
255,"Panorama XL RTX 5070 Ti, Intel 24-Core Ultra 9 285K Processor, 32GB DDR5 RAM, 2TB Gen4 NVMe SSD, Liquid Cooled Gaming Desktop w/Windows 11 Pro, 3-Year Warranty, RGB Keyboard+Mouse, Internal Wi-Fi 6E",,CPU,10981.846249999999,1713.0575832011868,VIGENTE,378,88.75,1520.265750132146,0.559,321,75.44,106.5,3.092793070494033,100.0,3.092793070494033,1,0.7782,0,88.75,0.002505,ESTRELLA,0.559,1.0,0.7782,0.822098,255,0.002505,0.995883,0.001612,0.002505,VIGENTE,3233.323333333333,1713.0575832011868,1520.265750132146,88.75,B0DJTG7SY5
256,"GIGABYTE X870 AORUS ELITE WIFI7 ICE AM5 LGA 1718, ATX, DDR5, 4x M.2, PCIe 5.0,",,,962.0261538461539,150.51589128310843,VIGENTE,484,88.15,132.67410871689157,0.5547,326,74.93,105.78,0.0,0.0,0.0,1,0.7772,0,88.15,0.00033,ESTRELLA,0.5547,0.8,0.7772,0.821675,256,0.00033,0.999396,0.000275,0.00033,VIGENTE,283.19,150.51589128310843,132.67410871689157,88.15,v1|336130961309|0
257,ASUS GeForce RTX 4070 Ti 12GB TUF  PCIe 4.0 x16 GDDR6X Gaming Graphics Card,,,3213.4184615384615,497.6778231650224,EN_RIESGO,258,90.07,448.2452537580545,0.5685,307,76.56,108.08,0.9514515735545255,9.0,0.9514515735545255,1,0.7794,0,90.07,0.009745,ESTRELLA,0.5685,0.8,0.7794,0.821556,257,0.009745,0.000544,0.989711,0.009745,EN_RIESGO,945.9230769230769,497.6778231650224,448.2452537580545,90.07,v1|236378889514|0
258,Intel Core i7-7700 Desktop Processor 4 Cores up to 4.2 GHz LGA 1151 100/200 Series 65W (Renewed),,CPU,197.709,31.692830530066026,EN_RIESGO,188,91.25,28.918836136600646,0.577,286,77.56,109.5,91.78101025655126,55.629999999999995,91.78101025655126,1,0.7808,0,91.25,0.015495,ESTRELLA,0.577,0.92,0.7808,0.821504,258,0.015495,0.00575,0.978756,0.015495,EN_RIESGO,60.61166666666667,31.692830530066026,28.918836136600646,91.25,B07MMD4DDJ
259,LOT Samsung 8GB 4GB 2GB 1GB 2RX8 DDR4/DDR3/DDR2 Desktop Memory RAM 288/240PIN GS,,,64.16307692307693,9.292378061245659,EN_RIESGO,57,103.26,9.59531424644665,0.6635,156,87.77,123.91,7.25340066791562,1.370000000000001,7.25340066791562,1,0.7948,0,103.26,0.073902,AGRESIVO,0.6635,0.8,0.7948,0.821049,259,0.073902,0.041949,0.884149,0.073902,EN_RIESGO,18.88769230769231,9.292378061245659,9.59531424644665,103.26,v1|352657142436|622002625078
260,"GIGABYTE X870E AORUS ELITE WIFI7 AM5 LGA 1718, ATX, DDR5, 4x M.2, PCIe 5.0, USB4",,,849.2438461538461,133.05041266809954,VIGENTE,489,87.89,116.93958733190044,0.5528,329,74.71,105.47,0.0,0.0,0.0,1,0.7763,0,87.89,0.000287,ESTRELLA,0.5528,0.8,0.7763,0.820952,260,0.000287,0.999479,0.000234,0.000287,VIGENTE,249.98999999999998,133.05041266809954,116.93958733190044,87.89,v1|137472214759|0
261,ASUS ROG STRIX B650-A GAMING WIFI AM5 DDR5 Motherboard - PCIe 5.0 WiFi 6E 2.5Gb,,,339.48900000000003,52.55332537782166,VIGENTE,219,90.26,47.43667462217834,0.5699,304,76.72,108.31,0.0,0.0,0.0,1,0.7786,0,90.26,0.012578,ESTRELLA,0.5699,0.8,0.7786,0.820403,261,0.012578,0.978687,0.008735,0.012578,VIGENTE,99.99,52.55332537782166,47.43667462217834,90.26,v1|147440972809|0
262,Intel Core i7-7700 Desktop Processor 4 Cores up to 4.2 GHz LGA 1151 100/200 Series 65W (Renewed),,CPU,197.709,32.07399297417229,EN_RIESGO,299,88.97,28.53767369249438,0.5606,316,75.62,106.76,91.78101025655126,55.629999999999995,91.78101025655126,1,0.777,0,88.97,0.006596,ESTRELLA,0.5606,0.92,0.777,0.820277,262,0.006596,0.001878,0.991526,0.006596,EN_RIESGO,60.61166666666667,32.07399297417229,28.53767369249438,88.97,B07MMD4DDJ
263,SODIMM Memory RAM Crucial DDR3/DDR3L/DDR4 16GB 1600MHz 32GB PC3/PC3L/PC4 Lot,,,123.9523076923077,18.89283844467043,EN_RIESGO,133,93.13,17.59562309379111,0.5905,268,79.16,111.76,6.303362496047233,2.3000000000000043,6.303362496047233,1,0.782,0,93.13,0.026632,ESTRELLA,0.5905,0.8,0.782,0.820237,263,0.026632,0.00506,0.968307,0.026632,EN_RIESGO,36.48846153846154,18.89283844467043,17.59562309379111,93.13,v1|146753130552|445373540695
264,"Intel Core i5-13600K LGA1700 14-Core 3.5GHz CPU | 1yr Warranty, Fast Ship!",,,924.5866666666667,143.99053514222857,EN_RIESGO,278,89.23,128.47946485777146,0.5625,313,75.85,107.08,1.8350644107608176,5.0,1.8350644107608176,1,0.7772,0,89.23,0.008033,ESTRELLA,0.5625,0.8,0.7772,0.820164,264,0.008033,0.003468,0.988498,0.008033,EN_RIESGO,272.47,143.99053514222857,128.47946485777146,89.23,v1|157903432606|0
265,Black Corsair Vengeance LP 16GB (4x4GB) DDR3-1600 PC3-12800 (9-9-9-24),,,101.97999999999999,15.270559338951365,EN_RIESGO,87,96.46,14.729440661048635,0.6145,233,81.99,115.75,0.0,0.0,0.0,1,0.7854,0,96.46,0.043705,ESTRELLA,0.6145,0.8,0.7854,0.819583,265,0.043705,0.017633,0.938662,0.043705,EN_RIESGO,30.0,15.270559338951365,14.729440661048635,96.46,v1|267720775425|0
266,LOT Samsung 16GB 8GB 4GB 2GB 1GB 2RX8 DDR4/DDR3/DDR2 Desktop Memory RAM 288PIN,,,67.84692307692308,9.963236586118486,EN_RIESGO,67,100.46,10.009071106189205,0.6433,189,85.39,120.55,7.360191033739018,1.4699999999999989,7.360191033739018,1,0.79,0,100.46,0.063289,AGRESIVO,0.6433,0.8,0.79,0.819353,266,0.063289,0.034531,0.90218,0.063289,EN_RIESGO,19.97230769230769,9.963236586118486,10.009071106189205,100.46,v1|254224015967|553615546453
267,"Laptop Gamer Nitro Lite Intel Core I5-13420H RTX 4050 16 GB RAM 512 GB SSD 16"" Wuxga 165Hz Nvidia Geforce",ACER,laptops,4699.0,727.7126719916537,EN_RIESGO,192,90.1,655.6343280083463,0.5687,305,76.58,108.12,0.5407175495374638,7.480000000000018,0.5407175495374638,1,0.7769,0,90.1,0.014881,ESTRELLA,0.5687,0.7701,0.7769,0.818561,267,0.014881,0.003437,0.981681,0.014881,EN_RIESGO,1383.347,727.7126719916537,655.6343280083463,90.1,883834751
268,"Centaurus Warlock 2- Radeon RX 9070 XT, Intel Ultra 7 265K 20-Core, 32GB DDR5, 2TB NVMe SSD, Liquid Cooled, Windows 11 PRO, ARGB, WiFi. 4K Professional Computer Games and Video Processing Gaming PC",,CPU,5780.583333333333,931.5961533963003,VIGENTE,492,87.02,810.6907696806228,0.5465,336,73.97,104.42,93.87833762256767,1635.6299999999997,93.87833762256767,1,0.7732,0,87.02,0.000208,ESTRELLA,0.5465,0.8,0.7732,0.818494,268,0.000208,0.999679,0.000113,0.000208,VIGENTE,1742.2869230769231,931.5961533963003,810.6907696806228,87.02,B078QBK5T6
269,GIGABYTE GeForce RTX 5070 Ti WindForce OC 16GB GDDR7 PCIe 5.0 Graphics Card GPU,,,3990.6509090909094,622.213894500091,VIGENTE,269,88.84,552.776105499909,0.5597,319,75.51,106.61,0.0,0.0,0.0,1,0.7753,0,88.84,0.008954,ESTRELLA,0.5597,0.8,0.7753,0.818488,269,0.008954,0.983346,0.0077,0.008954,VIGENTE,1174.99,622.213894500091,552.776105499909,88.84,v1|307063309274|0
270,"MSI MAG Coreliquid A12 240 - AIO ARGB CPU Liquid Cooler - 240mm Radiator - LGA 1700 Ready - Double Ball Bearring120mm ARGB PWM Fans x2, Rotatable Blockhead, LGA 1700/1851, AM5 / AM4, Black",,COOLER,193.05,31.26400433808455,EN_RIESGO,311,87.93,27.491328995248782,0.5531,328,74.74,105.52,322.86430735365866,189.7,322.86430735365866,1,0.7738,0,87.93,0.005511,ESTRELLA,0.5531,0.8733,0.7738,0.817933,270,0.005511,0.002339,0.99215,0.005511,EN_RIESGO,58.75533333333333,31.26400433808455,27.491328995248782,87.93,B0F8CRYJ3P
271,"Lenovo ThinkPad T14 Gen 5 Core Ultra 7 165U, 32GB DDR5 Intel Graphics 500GB SSD",,,3059.874,439.87417550621336,VIGENTE,42,104.6,460.12582449378664,0.6731,147,88.91,125.52,0.0,0.0,0.0,1,0.7936,0,104.6,0.085945,AGRESIVO,0.6731,0.8,0.7936,0.817682,271,0.085945,0.830302,0.083753,0.085945,VIGENTE,900.0,439.87417550621336,460.12582449378664,104.6,v1|178307602942|0
272,"X870 Gaming X WIFI7 AMD AM5 LGA 1718 Motherboard, ATX, DDR5, 4X M.2, PCIe 5.0, U",,,1061.0130769230768,166.26940906910878,VIGENTE,305,87.85,146.06443708473736,0.5525,331,74.67,105.42,27.758759118694492,86.69999999999999,27.758759118694492,1,0.7733,0,87.85,0.00587,ESTRELLA,0.5525,0.8,0.7733,0.817487,272,0.00587,0.987809,0.006321,0.00587,VIGENTE,312.33384615384614,166.26940906910878,146.06443708473736,87.85,v1|358734044608|0
273,Procesador Core i5-14600K 3 50 a 5 30GHz 24 MB LGA1700 125W-181W,INTEL,CPU,1361.6666666666667,206.53938156397098,EN_RIESGO,106,94.18,194.51506288047344,0.5981,258,80.05,113.02,40.922124732302905,164.12,40.922124732302905,1,0.7809,0,94.18,0.036361,ESTRELLA,0.5981,0.8,0.7809,0.817423,273,0.036361,0.037582,0.926056,0.036361,EN_RIESGO,401.0544444444444,206.53938156397098,194.51506288047344,94.18,133734234
274,KIOXIA SSD 1TB M.2 2230 30mm NVMe PCIe 4.0 Gen 4 x 4 EG6 (OEM),,SSD,614.57125,84.1060167291484,EN_RIESGO,12,117.38,98.72620549307382,0.7651,60,99.77,140.86,79.58662769144753,145.51,79.58662769144753,1,0.8085,0,117.38,0.148092,AGRESIVO,0.7651,0.8822,0.8085,0.8172,274,0.148092,0.064337,0.787571,0.148092,EN_RIESGO,182.8322222222222,84.1060167291484,98.72620549307382,117.38,B0GLQNWQR6
275,"ASUS TUF Gaming X870E-PLUS WIFI7 Motherboard Socket AMD AM5 (ATX, DDR5, PCIe 5.0",,,1555.6944444444443,245.28050618973253,VIGENTE,429,86.77,212.83949381026747,0.5447,338,73.75,104.12,0.0,0.0,0.0,1,0.7717,0,86.77,0.001299,ESTRELLA,0.5447,0.8,0.7717,0.81712,275,0.001299,0.997802,0.000899,0.001299,VIGENTE,458.12,245.28050618973253,212.83949381026747,86.77,v1|336442988134|0
276,GIGABYTE,,MOTHERBOARD,400.73692307692306,64.09111492790989,EN_RIESGO,467,86.58,55.48955173875679,0.5434,340,73.59,103.9,339.01801294523636,405.4,339.01801294523636,1,0.7714,0,86.58,0.000516,ESTRELLA,0.5434,0.836,0.7714,0.817042,276,0.000516,6.5e-05,0.999419,0.000516,EN_RIESGO,119.58066666666667,64.09111492790989,55.48955173875679,86.58,B083R7SWF5
277,"Intel Core i7-14700K Processor (5.5 GHz, 20 Cores, LGA 1700) Box - BX8071514700K",,,1273.9161538461537,199.0575661373398,EN_RIESGO,254,88.39,175.9424338626602,0.5564,323,75.13,106.07,0.0,0.0,0.0,1,0.7733,0,88.39,0.009818,ESTRELLA,0.5564,0.8,0.7733,0.816674,277,0.009818,0.005405,0.984777,0.009818,EN_RIESGO,375.0,199.0575661373398,175.9424338626602,88.39,v1|227347603159|0
278,"Intel Core i5-13600K Processor (5.1 GHz, 13th Gen, LGA 1700) Never Used",,,781.934,113.45568783216719,EN_RIESGO,49,102.71,116.53431216783282,0.6595,160,87.3,123.25,0.0,0.0,0.0,1,0.7901,0,102.71,0.079316,AGRESIVO,0.6595,0.8,0.7901,0.816216,278,0.079316,0.04421,0.876474,0.079316,EN_RIESGO,229.99,113.45568783216719,116.53431216783282,102.71,v1|398141247397|0
279,"Thermalright Frozen Notte 240 Black ARGB V2 Water Cooling CPU Cooler,240Black CPU Cooler Specifications, Double PWM Fans, S-FDB Bearings, Suitable for AMD/AM4 AM5,Intel LGA 1700/1150/1151/1200/2011",,COOLER,145.57384615384615,22.52658516288695,EN_RIESGO,109,92.82,20.908748170446383,0.5883,271,78.9,111.38,338.8255337436496,147.17000000000002,338.8255337436496,1,0.7782,0,92.82,0.031867,ESTRELLA,0.5883,0.9373,0.7782,0.816203,279,0.031867,0.020396,0.947737,0.031867,EN_RIESGO,43.43533333333333,22.52658516288695,20.908748170446383,92.82,B0BLJHRVF5
280,"Corsair H60x RGB Elite Liquid CPU Cooler - 16 Dynamic RGBLEDs - SP120 Elite Series PWM Fan with AirGuide Technology - Intel® LGA 1700, 1200, 115X, 2066, AMD® AM5/AM4 Sockets - Black (Renewed)",,COOLER,126.5575,19.569255069786337,EN_RIESGO,41,104.69,20.487411596880328,0.6738,144,88.99,125.63,98.56037280519266,39.480000000000004,98.56037280519266,1,0.792,0,104.69,0.089809,AGRESIVO,0.6738,0.8373,0.792,0.815623,280,0.089809,0.031231,0.87896,0.089809,EN_RIESGO,40.056666666666665,19.569255069786337,20.487411596880328,104.69,B0FKDBBS3Y
281,"""READ"" MSI MAG X870 TOMAHAWK WIFI AM5 DDR5 PCIe 5.0 ATX Motherboard",,,458.60846153846154,72.34022757854247,VIGENTE,344,86.62,62.65977242145753,0.5437,339,73.63,103.94,0.0,0.0,0.0,1,0.7702,0,86.62,0.003274,ESTRELLA,0.5437,0.8,0.7702,0.815503,281,0.003274,0.994228,0.002498,0.003274,VIGENTE,135.0,72.34022757854247,62.65977242145753,86.62,v1|257547167748|0
282,Intel Core i5-7600 i5 7600 3.5 GHz Quad-Core Quad-Thread CPU  6M 65W LGA 1151,,CPU,,17.207656268105083,EN_RIESGO,200,88.81,15.282343731894919,0.5594,320,75.49,106.57,0.0,0.0,0.0,1,0.7726,0,88.81,0.014204,ESTRELLA,0.5594,1.0,0.7726,0.815252,282,0.014204,0.009866,0.975929,0.014204,EN_RIESGO,32.49,17.207656268105083,15.282343731894919,88.81,3256812188458726
283,LOT Samsung 16GB 8GB 4GB 2GB 1GB 2RX8 DDR4/DDR3/DDR2 Desktop Memory RAM DIMM #SA,,,61.113076923076925,9.55046590890449,EN_RIESGO,223,88.37,8.439534091095512,0.5563,324,75.11,106.04,7.226236798221238,1.3000000000000007,7.226236798221238,1,0.7719,0,88.37,0.012382,ESTRELLA,0.5563,0.8,0.7719,0.815078,283,0.012382,0.003495,0.984123,0.012382,EN_RIESGO,17.990000000000002,9.55046590890449,8.439534091095512,88.37,v1|153469962880|453428440428
284,Procesador Core i5-14600KF 3 50 a 5 30GHz 24 MB LGA1700 125-181W,INTEL,CPU,1312.3333333333333,192.47228104701517,EN_RIESGO,61,100.82,194.05438561965153,0.6459,184,85.7,120.98,40.869107780403255,157.97000000000003,40.869107780403255,1,0.7867,0,100.82,0.072521,AGRESIVO,0.6459,0.8,0.7867,0.81485,284,0.072521,0.039986,0.887492,0.072521,EN_RIESGO,386.5266666666667,192.47228104701517,194.05438561965153,100.82,133734241
285,Gigabyte X870 AORUS ELITE WIFI7 AMD AM5 ATX Motherboard DDR5 PCIe 5.0,,,655.598,103.87439953901789,VIGENTE,496,85.61,88.92560046098212,0.5364,348,72.77,102.73,6.224066390041493,12.0,6.224066390041493,1,0.7682,0,85.61,7.7e-05,ESTRELLA,0.5364,0.8,0.7682,0.814512,285,7.7e-05,0.999861,6.2e-05,7.7e-05,VIGENTE,192.8,103.87439953901789,88.92560046098212,85.61,v1|127974672750|0
286,"""READ"" MSI MAG X870 TOMAHAWK WIFI AMD AM5 DDR5 USB4 PCIe 5.0 Motherboard",,,458.60846153846154,72.49540760614813,VIGENTE,350,86.22,62.504592393851865,0.5408,341,73.29,103.46,0.0,0.0,0.0,1,0.7688,0,86.22,0.003176,ESTRELLA,0.5408,0.8,0.7688,0.814409,286,0.003176,0.994656,0.002168,0.003176,VIGENTE,135.0,72.49540760614813,62.504592393851865,86.22,v1|257547145949|0
287,LOT Samsung 16GB 8GB 4GB 2GB 1GB 2RX8 DDR4/DDR3/DDR2 Desktop Memory RAM 240PIN $,,,71.30538461538461,11.182098428311763,EN_RIESGO,237,87.71,9.80790157168824,0.5515,333,74.55,105.25,0.0,0.0,0.0,1,0.7702,0,87.71,0.011113,ESTRELLA,0.5515,0.8,0.7702,0.813938,287,0.011113,0.002362,0.986524,0.011113,EN_RIESGO,20.990000000000002,11.182098428311763,9.80790157168824,87.71,v1|254219753793|553607618438
288,LOT Samsung 16GB 8GB 4GB 2GB 1GB 2RX8 DDR4/DDR3/DDR2 Desktop Memory RAM 288PIN,,,67.84692307692308,10.608688386060114,EN_RIESGO,206,88.26,9.363619306247577,0.5555,325,75.02,105.91,7.360191033739018,1.4699999999999989,7.360191033739018,1,0.7709,0,88.26,0.013774,ESTRELLA,0.5555,0.8,0.7709,0.813926,288,0.013774,0.004046,0.98218,0.013774,EN_RIESGO,19.97230769230769,10.608688386060114,9.363619306247577,88.26,v1|254224015967|553615546453
289,"MSI MPG X870E EDGE TI WIFI AM5 ATX Motherboard – DDR5, PCIe 5.0, Wi-Fi 7",,,985.1284615384616,156.4655973948817,VIGENTE,494,85.34,133.5244026051183,0.5345,352,72.54,102.41,0.0,0.0,0.0,1,0.7672,0,85.34,9.4e-05,ESTRELLA,0.5345,0.8,0.7672,0.813724,289,9.4e-05,0.999841,6.6e-05,9.4e-05,VIGENTE,289.99,156.4655973948817,133.5244026051183,85.34,v1|298248080492|0
290,"GIGABYTE B650 EAGLE AX AM5 LGA 1718 AMD B650 ATX , DDR5 Triple M.2, PCIe 5.0, US",,,388.00076923076927,57.73259499209104,VIGENTE,73,97.82,56.47278962329358,0.6243,224,83.15,117.38,22.41575568981659,25.599999999999994,22.41575568981659,1,0.7821,0,97.82,0.06012,ESTRELLA,0.6243,0.8,0.7821,0.813651,290,0.06012,0.777277,0.162603,0.06012,VIGENTE,114.20538461538462,57.73259499209104,56.47278962329358,97.82,v1|336607532624|0
291,ASRock X870E Taichi - AMD AM5 Ryzen DDR5 PCIe 5.0 ATX Motherboard,,,679.4215384615384,107.87348837874869,VIGENTE,463,85.4,92.12651162125131,0.5349,350,72.59,102.48,0.0,0.0,0.0,1,0.7671,0,85.4,0.000604,ESTRELLA,0.5349,0.8,0.7671,0.813591,291,0.000604,0.999017,0.000379,0.000604,VIGENTE,200.0,107.87348837874869,92.12651162125131,85.4,v1|257438241305|0
292,"Dell G16 7630 Gaming Laptop i7-13650HX RTX 4060 16GB RAM 1TB SSD 16"" Win11 White",,,2719.888,427.6606976423984,EN_RIESGO,270,87.06,372.3393023576016,0.5468,335,74.0,104.47,0.0,0.0,0.0,1,0.7691,0,87.06,0.008679,ESTRELLA,0.5468,0.8,0.7691,0.813527,292,0.008679,0.000886,0.990435,0.008679,EN_RIESGO,800.0,427.6606976423984,372.3393023576016,87.06,v1|358615569433|0
293,ASUS NVIDIA GeForce RTX 4060 Dual 8GB GDDR6 PCIe 4.0 Graphics Card,,,1019.1323076923077,161.4875690597967,EN_RIESGO,370,85.77,138.5124309402033,0.5375,344,72.9,102.92,0.0,0.0,0.0,1,0.7674,0,85.77,0.00267,ESTRELLA,0.5375,0.8,0.7674,0.813417,293,0.00267,9.4e-05,0.997236,0.00267,EN_RIESGO,300.0,161.4875690597967,138.5124309402033,85.77,v1|406174962817|0
294,MSI Gaming GeForce RTX 5070 Ti 16GB PCIe 5.0 GDDR7 GAMING TRIO OC Graphics Card,,,4412.05923076923,685.6870859699078,VIGENTE,159,89.41,613.0821447993229,0.5638,311,76.0,107.29,0.07699597251836059,1.0,0.07699597251836059,1,0.7716,0,89.41,0.020555,ESTRELLA,0.5638,0.8,0.7716,0.813169,294,0.020555,0.962265,0.01718,0.020555,VIGENTE,1298.7692307692307,685.6870859699078,613.0821447993229,89.41,v1|236880906611|0
295,SODIMM Memory RAM Crucial DDR3/DDR3L/DDR4 16GB 1600MHz 32GB PC3/PC3L/PC4 Lot,,,123.9523076923077,19.145775160556095,EN_RIESGO,133,90.58,17.342686377905448,0.5722,299,76.99,108.7,6.303362496047233,2.3000000000000043,6.303362496047233,1,0.7728,0,90.58,0.026632,ESTRELLA,0.5722,0.8,0.7728,0.812893,295,0.026632,0.00506,0.968307,0.026632,EN_RIESGO,36.48846153846154,19.145775160556095,17.342686377905448,90.58,v1|146753130552|445373540695
296,"GIGABYTE X870E AORUS PRO AM5 LGA 1718, ATX, DDR5, 4x M.2, PCIe 5.0, USB4, Wi-Fi",,,1481.07,235.2086258066741,VIGENTE,414,85.34,200.73291265486438,0.5345,352,72.54,102.41,17.63309829828982,76.87,17.63309829828982,1,0.7664,0,85.34,0.001599,ESTRELLA,0.5345,0.8,0.7664,0.812821,296,0.001599,0.996907,0.001494,0.001599,VIGENTE,435.94153846153847,235.2086258066741,200.73291265486438,85.34,v1|335967998985|0
297,8GB 16GB DDR3 1600 PC3-12800 Laptop SODIMM 204-Pin Memory RAM PC4-2400 DDR4 LOT,,,91.46307692307693,14.14638452118509,EN_RIESGO,137,90.32,12.776692401891834,0.5703,302,76.77,108.38,11.142857142857142,3.0,11.142857142857142,1,0.7722,0,90.32,0.025869,ESTRELLA,0.5703,0.8,0.7722,0.812602,297,0.025869,0.003184,0.970947,0.025869,EN_RIESGO,26.923076923076923,14.14638452118509,12.776692401891834,90.32,v1|204708136301|505336697165
298,"fanxiang S790R 1TB NVMe M.2 SSD PCIe 4.0 x4, Internal Solid State Drive with RGB Heatsink, Up to 7450MB/s, 3D NAND TLC, PS5 Compatible, Ideal for Gaming, Creators & Professionals",,SSD,586.08,78.47860118215486,VIGENTE,9,121.45,95.31282738927369,0.7944,56,103.23,145.74,340.9374126621402,592.52,340.9374126621402,1,0.8096,0,121.45,0.175312,AGRESIVO,0.7944,0.96,0.8096,0.812589,298,0.175312,0.55954,0.265149,0.175312,VIGENTE,173.79142857142855,78.47860118215486,95.31282738927369,121.45,B0FH6N7CCQ
299,DAMAGED Intel Core i7-14700K 20Core LGA 1700 DDR4/DDR5 125W SRN3X DESKTOP CPU,,,848.685,134.8724505931232,EN_RIESGO,387,85.26,114.9975494068768,0.5339,354,72.47,102.31,0.0,0.0,0.0,1,0.7658,0,85.26,0.002275,ESTRELLA,0.5339,0.8,0.7658,0.812185,299,0.002275,0.000236,0.997489,0.002275,EN_RIESGO,249.87,134.8724505931232,114.9975494068768,85.26,v1|236948839811|0
300,PNY NVIDIA GeForce RTX 5080 16GB GDDR7 PCIe 5.0 x16 Graphics Card,,,4242.987692307692,643.5148619986069,VIGENTE,83,94.09,605.4851380013931,0.5975,260,79.98,112.91,0.0,0.0,0.0,1,0.7762,0,94.09,0.045096,ESTRELLA,0.5975,0.8,0.7762,0.811923,300,0.045096,0.920058,0.034846,0.045096,VIGENTE,1249.0,643.5148619986069,605.4851380013931,94.09,v1|287387664021|0
301,LOT Samsung 16GB 8GB 4GB 2GB 1GB 2RX8 DDR4/DDR3/DDR2 Desktop Memory RAM 240PIN $,,,71.30538461538461,11.224706594407328,EN_RIESGO,237,87.0,9.765293405592674,0.5464,337,73.95,104.4,0.0,0.0,0.0,1,0.7676,0,87.0,0.011113,ESTRELLA,0.5464,0.8,0.7676,0.811894,301,0.011113,0.002362,0.986524,0.011113,EN_RIESGO,20.990000000000002,11.224706594407328,9.765293405592674,87.0,v1|254219753793|553607618438
302,"GIGABYTE X870 AORUS ELITE WIFI7 AM5 LGA 1718, ATX, DDR5, 4x M.2, PCIe 5.0",,,1065.829,169.57356980074712,VIGENTE,411,84.9,143.9664301992529,0.5313,356,72.17,101.88,0.0,0.0,0.0,1,0.7648,0,84.9,0.001725,ESTRELLA,0.5313,0.8,0.7648,0.811478,302,0.001725,0.996687,0.001588,0.001725,VIGENTE,313.54,169.57356980074712,143.9664301992529,84.9,v1|357672957795|0
303,Intel Core i5-13600K 13th Gen Unlocked 14-Core 3.5GHz LGA1700 CPU,,,798.3192307692308,126.25188474974732,EN_RIESGO,276,86.14,108.74811525025268,0.5402,342,73.22,103.37,0.0,0.0,0.0,1,0.7661,0,86.14,0.008051,ESTRELLA,0.5402,0.8,0.7661,0.811254,303,0.008051,0.003262,0.988688,0.008051,EN_RIESGO,235.0,126.25188474974732,108.74811525025268,86.14,v1|188589370860|0
304,Computadora PC Gamer 7 5700x Ram 32GB SSD-M2 1TB+SSD 960GB RX 580 8GB M27,RYZEN,procesadores,5790.0,797.7024686457916,VIGENTE,14,113.67,906.7783646875417,0.7384,72,96.62,136.4,0.5415138627255525,9.230000000000018,0.5415138627255525,1,0.7991,0,113.67,0.140306,AGRESIVO,0.7384,1.0,0.7991,0.811187,304,0.140306,0.725718,0.133976,0.140306,VIGENTE,1704.4808333333333,797.7024686457916,906.7783646875417,113.67,141424716
305,"Thermalright FW 240 Black ARGB-240mm AIO CPU Liquid Cooler,IPS LCD Screen with 320 * 240 Resolution,for AM4/AM5,Intel LGA1700/1851,”2.4 inch”Screen for Images and Double Fans-Black ARGB",,COOLER,276.56888888888886,43.493199267898106,EN_RIESGO,319,85.48,37.17880073210189,0.5355,349,72.66,102.58,286.09678698929,230.8,286.09678698929,1,0.7652,0,85.48,0.005086,ESTRELLA,0.5355,0.9,0.7652,0.811132,305,0.005086,0.001581,0.993334,0.005086,EN_RIESGO,80.672,43.493199267898106,37.17880073210189,85.48,B0D1K1GCCZ
306,"GIGABYTE X870 AORUS ELITE WIFI7 ICE AM5 LGA 1718, ATX, DDR5, 4x M.2, PCIe 5.0,",,,1413.1276923076923,225.24774565947018,VIGENTE,416,84.68,190.73225434052978,0.5297,359,71.98,101.62,0.0,0.0,0.0,1,0.7641,0,84.68,0.001548,ESTRELLA,0.5297,0.8,0.7641,0.810951,306,0.001548,0.996936,0.001517,0.001548,VIGENTE,415.97999999999996,225.24774565947018,190.73225434052978,84.68,v1|167004388989|0
307,Intel Core i5-13600K 14-Core LGA1700 3.50GHz CPU 20MB L2 24MB L3,,,815.3508333333333,130.05714997555947,EN_RIESGO,364,84.53,109.94285002444053,0.5286,361,71.85,101.44,0.0,0.0,0.0,1,0.7629,0,84.53,0.002743,ESTRELLA,0.5286,0.8,0.7629,0.809802,307,0.002743,0.000784,0.996473,0.002743,EN_RIESGO,240.0,130.05714997555947,109.94285002444053,84.53,v1|800336702684|0
308,Kingston PC3-10600 8GB ECC RDIMM 1333 MHz DDR3  Memory KVR1333D3D4R9S/8G MacPro,,,40.76384615384616,6.305503301524252,EN_RIESGO,115,90.31,5.694496698475748,0.5702,303,76.76,108.37,0.0,0.0,0.0,1,0.7698,0,90.31,0.030614,ESTRELLA,0.5702,0.8,0.7698,0.809726,308,0.030614,0.0047,0.964687,0.030614,EN_RIESGO,12.0,6.305503301524252,5.694496698475748,90.31,v1|398158584681|0
309,"GIGABYTE X870E AORUS ELITE WIFI7 AM5 LGA 1718, ATX, DDR5, 4x M.2, PCIe 5.0, USB4",,,971.5392307692308,155.50377057824443,VIGENTE,478,83.91,130.48622942175558,0.5242,369,71.32,100.69,0.0,0.0,0.0,1,0.7619,0,83.91,0.000375,ESTRELLA,0.5242,0.8,0.7619,0.809437,309,0.000375,0.999298,0.000328,0.000375,VIGENTE,285.99,155.50377057824443,130.48622942175558,83.91,v1|296722931650|0
310,Gigabyte G6 KF Gaming Laptop i7-13620H RTX 4060 8GB 32GB RAM 1TB SSD Windows 11,,,3329.165384615385,532.315609850239,EN_RIESGO,375,84.1,447.68439014976104,0.5255,367,71.48,100.92,0.0,0.0,0.0,1,0.7615,0,84.1,0.002604,ESTRELLA,0.5255,0.8,0.7615,0.808647,310,0.002604,0.000251,0.997145,0.002604,EN_RIESGO,980.0,532.315609850239,447.68439014976104,84.1,v1|298420358719|0
311,Black Corsair Vengeance LP 16GB (4x4GB) DDR3-1600 PC3-12800 (9-9-9-24),,,101.97999999999999,15.576228578419295,EN_RIESGO,87,92.6,14.423771421580705,0.5867,274,78.71,111.12,0.0,0.0,0.0,1,0.7715,0,92.6,0.043705,ESTRELLA,0.5867,0.8,0.7715,0.808466,311,0.043705,0.017633,0.938662,0.043705,EN_RIESGO,30.0,15.576228578419295,14.423771421580705,92.6,v1|267720775425|0
312,"Powerful 17.3″ Gaming & Work Laptop – Intel i5-13500H, RTX 4060, 16GB RAM, 512GB",,,3465.05,552.3655927153335,EN_RIESGO,306,84.66,467.6344072846665,0.5296,360,71.96,101.59,0.0,0.0,0.0,1,0.7619,0,84.66,0.005771,ESTRELLA,0.5296,0.8,0.7619,0.80836,312,0.005771,0.001313,0.992916,0.005771,EN_RIESGO,1020.0,552.3655927153335,467.6344072846665,84.66,v1|157188659655|0
313,"GIGABYTE B650 EAGLE AX AM5 LGA 1718 AMD B650 ATX , DDR5 Triple M.2, PCIe 5.0, US",,,388.00076923076927,58.28174092065566,VIGENTE,73,95.95,55.92364369472896,0.6108,240,81.56,115.14,22.41575568981659,25.599999999999994,22.41575568981659,1,0.7754,0,95.95,0.06012,ESTRELLA,0.6108,0.8,0.7754,0.808265,313,0.06012,0.777277,0.162603,0.06012,VIGENTE,114.20538461538462,58.28174092065566,55.92364369472896,95.95,v1|336607532624|0
314,Computadora Gamer Shooter Ryzen 5 5600 RAM 16GB SSD 500GB ASUS RTX 3050 6GB,AMD,procesadores,4000.0,638.2743738329959,EN_RIESGO,313,84.48,539.245626167004,0.5283,362,71.81,101.38,0.5418166995040324,6.379999999999882,0.5418166995040324,1,0.7614,0,84.48,0.005388,ESTRELLA,0.5283,1.0,0.7614,0.808071,314,0.005388,0.004468,0.990144,0.005388,EN_RIESGO,1177.52,638.2743738329959,539.245626167004,84.48,135555601
315,GIGABYTE,,MOTHERBOARD,400.73692307692306,65.20488501214041,EN_RIESGO,467,83.39,54.375781654526264,0.5204,376,70.88,100.07,339.01801294523636,405.4,339.01801294523636,1,0.7599,0,83.39,0.000516,ESTRELLA,0.5204,0.836,0.7599,0.807855,315,0.000516,6.5e-05,0.999419,0.000516,EN_RIESGO,119.58066666666667,65.20488501214041,54.375781654526264,83.39,B083R7SWF5
316,"GIGABYTE X870 EAGLE WIFI7 AM5 LGA 1718, ATX, DDR5, 4x M.2, PCIe 5.0, USB4, Wi-Fi",,,608.18,97.55488677410656,VIGENTE,402,83.57,81.52602231680254,0.5217,373,71.03,100.28,11.44733969917102,20.5,11.44733969917102,1,0.7599,0,83.57,0.001958,ESTRELLA,0.5217,0.8,0.7599,0.807508,316,0.001958,0.995829,0.002213,0.001958,VIGENTE,179.0809090909091,97.55488677410656,81.52602231680254,83.57,v1|387435527997|0
317,"HP OMEN 45L GT22 Gaming Desktop PC- Intel Core Ultra 9 285K Processor, 64GB DDR5 RAM, 2TB NVMe SSD, NVIDIA GeForce RTX 5070 Ti, Liquid Cooling, RGB Lighting, AI Copilot, Windows 11 Home (Renewed)",,CPU,9130.84625,1075.1995555555557,VIGENTE,2,150.0,1612.7993333333332,1.0,4,127.5,180.0,3.683409260668519,99.01000000000022,3.683409260668519,1,0.8393,0,150.0,0.321369,AGRESIVO,1.0,1.0,0.8393,0.807179,317,0.321369,0.670594,0.008036,0.321369,VIGENTE,2687.998888888889,1075.1995555555557,1612.7993333333332,150.0,B0FXHPBJ1Z
318,ASUS ROG Crosshair X870E Hero AM5 ATX Motherboard WiFi 7 DDR5 PCIe 5.0 USB4 Used,,,1487.88,223.7468612156989,VIGENTE,71,95.66,214.03091656207886,0.6088,241,81.31,114.79,4.568527918781726,20.0,4.568527918781726,1,0.7741,0,95.66,0.060577,ESTRELLA,0.6088,0.8,0.7741,0.807156,318,0.060577,0.914331,0.025092,0.060577,VIGENTE,437.77777777777777,223.7468612156989,214.03091656207886,95.66,v1|407013454112|0
319,"X870 AORUS Elite WIFI7 AMD AM5 LGA 1718 Motherboard, ATX, DDR5, 4X M.2, PCIe 5.0",,,699.8053846153846,112.44878823122713,VIGENTE,455,83.19,93.55121176877287,0.519,379,70.71,99.83,0.0,0.0,0.0,1,0.7591,0,83.19,0.000748,ESTRELLA,0.519,0.8,0.7591,0.80714,319,0.000748,0.998454,0.000798,0.000748,VIGENTE,206.0,112.44878823122713,93.55121176877287,83.19,v1|389188275387|0
320,Corsair Vengeance CMZ8GX3M2A1600C9 DDR3 PC3-12800u (4) x 4GB = 16GB Desktop RAM,,,101.88076923076923,15.224304811035354,EN_RIESGO,64,96.99,14.765695188964647,0.6183,231,82.44,116.39,0.0,0.0,0.0,1,0.7752,0,96.99,0.067866,ESTRELLA,0.6183,0.8,0.7752,0.806613,320,0.067866,0.039736,0.892398,0.067866,EN_RIESGO,29.990000000000002,15.224304811035354,14.765695188964647,96.99,v1|127831476599|0
321,ASUS Prime GeForce RTX 5070 12GB GDDR7 Graphics Card Triple Fan PCIe 5.0 NVIDIA,,,2093.949,334.34753927443717,VIGENTE,283,84.24,281.64246072556284,0.5265,366,71.6,101.09,3.2468059546421206,20.0,3.2468059546421206,1,0.7595,0,84.24,0.00759,ESTRELLA,0.5265,0.8,0.7595,0.806059,321,0.00759,0.987307,0.005103,0.00759,VIGENTE,615.99,334.34753927443717,281.64246072556284,84.24,v1|327212155868|0
322,Seasonic,,PSU,439.2457142857143,67.59492714844446,VIGENTE,179,85.88,58.05257285155554,0.5383,343,73.0,103.06,191.2174933842695,240.26,191.2174933842695,1,0.7612,0,85.88,0.01594,ESTRELLA,0.5383,0.92,0.7612,0.805772,322,0.01594,0.981571,0.002489,0.01594,VIGENTE,125.6475,67.59492714844446,58.05257285155554,85.88,B0DPFCNKTC
323,ASUS NVIDIA GeForce RTX 4060 Dual 8GB GDDR6 PCIe 4.0 Graphics Card,,,1104.06,177.2286127196364,EN_RIESGO,329,83.38,147.7713872803636,0.5203,377,70.87,100.06,0.0,0.0,0.0,1,0.7581,0,83.38,0.004124,ESTRELLA,0.5203,0.8,0.7581,0.805662,323,0.004124,0.000261,0.995615,0.004124,EN_RIESGO,325.0,177.2286127196364,147.7713872803636,83.38,v1|388870031053|0
324,Gigabyte X870 AM5 ATX Ryzen 9000/8000/7000 4 DDR5 256GB PCIe 5.0 M.2 USB4 Wi-...,,,1257.2318181818182,202.55939090525882,VIGENTE,452,82.68,167.4715181856503,0.5153,385,70.28,99.22,2.002535414731945,7.410000000000025,2.002535414731945,1,0.7573,0,82.68,0.00077,ESTRELLA,0.5153,0.8,0.7573,0.805658,324,0.00077,0.998711,0.00052,0.00077,VIGENTE,370.0309090909091,202.55939090525882,167.4715181856503,82.68,v1|127838054301|0
325,"GIGABYTE AORUS Gen4 7300 SSD 1TB (w/o Heat Spreader) PCIe 4.0 NVMe M.2 Internal Solid State Drive with Read Speed Up to 7300MB/s, Write Speed Up to 6000MB/s, AG4731TB N",,SSD,679.6566666666666,108.95121681115292,EN_RIESGO,315,83.56,91.03878318884709,0.5216,374,71.03,100.27,0.0,0.0,0.0,1,0.7582,0,83.56,0.005316,ESTRELLA,0.5216,0.88,0.7582,0.805465,325,0.005316,0.00085,0.993833,0.005316,EN_RIESGO,199.99,108.95121681115292,91.03878318884709,83.56,B0FPFLDNH7
326,GIGABYTE X870 Gaming WiFi6 Motherboard AM5 ATX DDR5 PCIe 5.0 USB4 – New,,,467.41099999999994,75.34380838936485,VIGENTE,462,82.5,62.15619161063515,0.514,388,70.12,99.0,0.0,0.0,0.0,1,0.7567,0,82.5,0.000637,ESTRELLA,0.514,0.8,0.7567,0.805219,326,0.000637,0.998907,0.000456,0.000637,VIGENTE,137.5,75.34380838936485,62.15619161063515,82.5,v1|178057380388|0
327,⚡Intel Core i7-14700K 3.4GHz Twenty-Core LGA 1700 BRAND NEW & SEALED⚡,,,1307.853076923077,208.9030953606197,EN_RIESGO,257,84.29,176.08690463938032,0.5269,363,71.65,101.15,0.0,0.0,0.0,1,0.7586,0,84.29,0.009752,ESTRELLA,0.5269,0.8,0.7586,0.804906,327,0.009752,0.001881,0.988367,0.009752,EN_RIESGO,384.99,208.9030953606197,176.08690463938032,84.29,v1|358032917761|0
328,"Gaming Laptop - ROG Strix G16 (2024)  - 16” FHD 165Hz, RTX 4060, Intel i7-13650H",,,6230.329230769231,1004.7513483692659,EN_RIESGO,390,82.53,829.2586516307341,0.5142,387,70.15,99.04,0.0,0.0,0.0,1,0.756,0,82.53,0.002205,ESTRELLA,0.5142,0.8,0.756,0.804365,328,0.002205,0.000304,0.997491,0.002205,EN_RIESGO,1834.01,1004.7513483692659,829.2586516307341,82.53,v1|305765717241|0
329,"fanxiang S660 PCIe 4.0 1TB NVMe M.2 SSD for PS5 with Heatsink, Up to 5000MB/s, Internal Gaming SSD NAND SLC Cache Suitable for PS5 Enthusiasts, Technology Enthusiasts, IT Professionals",,SSD,540.9676923076923,76.10678781053926,EN_RIESGO,13,111.91,85.17008718946076,0.7258,81,95.12,134.29,346.6150990338819,559.01,346.6150990338819,1,0.7911,0,111.91,0.143626,AGRESIVO,0.7258,0.9237,0.7911,0.804126,329,0.143626,0.303924,0.55245,0.143626,EN_RIESGO,161.27687500000002,76.10678781053926,85.17008718946076,111.91,B0BNQ1NXC3
330,Ramaxel 8GB DDR3‑1600 PC3‑12800 Desktop RAM RWR5040ME68FAF‑1600,,,67.90923076923077,9.719431718509062,EN_RIESGO,26,105.67,10.27056828149094,0.6808,132,89.82,126.8,0.0,0.0,0.0,1,0.7833,0,105.67,0.114132,AGRESIVO,0.6808,0.8,0.7833,0.803851,330,0.114132,0.085969,0.799899,0.114132,EN_RIESGO,19.990000000000002,9.719431718509062,10.27056828149094,105.67,v1|127902107224|0
331,AORUS X870E ATX Motherboard AMD Socket AM5 DDR5 Wi-Fi 7 PCIe 5.0 M.2 HDMI RJ-45,,,441.5915384615385,71.44449464046862,VIGENTE,469,81.95,58.54550535953139,0.51,398,69.66,98.34,0.0,0.0,0.0,1,0.7548,0,81.95,0.000513,ESTRELLA,0.51,0.8,0.7548,0.80371,331,0.000513,0.999123,0.000364,0.000513,VIGENTE,129.99,71.44449464046862,58.54550535953139,81.95,v1|287441960418|0
332,LOT Samsung 16GB 8GB 4GB 2GB 1GB 2RX8 DDR4/DDR3/DDR2 Desktop Memory RAM 240PIN $,,,71.30538461538461,11.401171303434497,EN_RIESGO,237,84.1,9.588828696565505,0.5255,367,71.48,100.92,0.0,0.0,0.0,1,0.7572,0,84.1,0.011113,ESTRELLA,0.5255,0.8,0.7572,0.803542,332,0.011113,0.002362,0.986524,0.011113,EN_RIESGO,20.990000000000002,11.401171303434497,9.588828696565505,84.1,v1|254219753793|553607618438
333,Kingston PC3-10600 8GB ECC RDIMM 1333 MHz DDR3  Memory KVR1333D3D4R9S/8G MacPro,,,40.76384615384616,6.377922164310942,EN_RIESGO,115,88.15,5.622077835689058,0.5547,326,74.93,105.78,0.0,0.0,0.0,1,0.762,0,88.15,0.030614,ESTRELLA,0.5547,0.8,0.762,0.803505,333,0.030614,0.0047,0.964687,0.030614,EN_RIESGO,12.0,6.377922164310942,5.622077835689058,88.15,v1|398158584681|0
334,"MSI Cyborg 14 A13VF-018US 14"" Gaming Laptop i7-13620H 16GB RTX 4060 512GB Win11",,,3906.570769230769,631.8066560669828,EN_RIESGO,435,82.01,518.1633439330172,0.5105,397,69.71,98.41,0.0,0.0,0.0,1,0.7546,0,82.01,0.001228,ESTRELLA,0.5105,0.8,0.7546,0.803454,334,0.001228,0.000113,0.998659,0.001228,EN_RIESGO,1149.97,631.8066560669828,518.1633439330172,82.01,v1|376704567287|0
335,LOT Samsung 16GB 8GB 4GB 2GB 1GB 2RX8 DDR4/DDR3/DDR2 DIMM Desktop Memory RAM 240,,,69.76692307692308,10.38343349463609,EN_RIESGO,50,97.79,10.154258813056217,0.6241,225,83.12,117.35,7.157571444623388,1.4699999999999989,7.157571444623388,1,0.7735,0,97.79,0.077045,ESTRELLA,0.6241,0.8,0.7735,0.803409,335,0.077045,0.045767,0.877188,0.077045,EN_RIESGO,20.537692307692307,10.38343349463609,10.154258813056217,97.79,v1|224404817504|523189980862
336,[READ] MSI MPG X870E Carbon WiFi AM5 ATX Motherboard DDR5 PCIe 5.0 WiFi 7,,,710.46,114.92278541827872,VIGENTE,457,81.86,94.07721458172128,0.5094,400,69.58,98.23,0.0,0.0,0.0,1,0.7543,0,81.86,0.000725,ESTRELLA,0.5094,0.8,0.7543,0.803323,336,0.000725,0.998708,0.000567,0.000725,VIGENTE,209.0,114.92278541827872,94.07721458172128,81.86,v1|298388390982|0
337,Intel Core i5-13600K 3.50GHz 14 Core SRMBD LGA 1700 w/ Original Box and Paste,,,679.045,109.71093103040728,EN_RIESGO,359,82.29,90.27906896959273,0.5125,390,69.95,98.75,0.0,0.0,0.0,1,0.7548,0,82.29,0.002815,ESTRELLA,0.5125,0.8,0.7548,0.803308,337,0.002815,0.000583,0.996602,0.002815,EN_RIESGO,199.99,109.71093103040728,90.27906896959273,82.29,v1|287465336093|0
338,"GIGABYTE X870E AORUS ELITE WIFI7 AM5 LGA 1718, ATX, DDR5, 4x M.2, PCIe 5.0,",,,1551.0484615384617,251.2814823972304,VIGENTE,476,81.7,205.29928683353884,0.5082,404,69.45,98.04,0.7008617567032517,3.1999999999999886,0.7008617567032517,1,0.7539,0,81.7,0.000379,ESTRELLA,0.5082,0.8,0.7539,0.80307,338,0.000379,0.99928,0.00034,0.000379,VIGENTE,456.58076923076925,251.2814823972304,205.29928683353884,81.7,v1|167004388901|0
339,Kingston HyperX Genesis PC3 DDR3 16GB (4×4GB) RAM DDR4 2666MHz KHX1600C9D3K2/8GX,,,107.8125,15.929017178184903,EN_RIESGO,43,99.26,15.810982821815095,0.6347,206,84.37,119.11,9.45179584120984,3.0000000000000036,9.45179584120984,1,0.775,0,99.26,0.084676,ESTRELLA,0.6347,0.8,0.775,0.803064,339,0.084676,0.034701,0.880623,0.084676,EN_RIESGO,31.74,15.929017178184903,15.810982821815095,99.26,v1|137456478446|0
340,"TWELF Moonlight Gaming PC – Ultra 7 265KF, RTX 5070 12GB, 32GB DDR5, 1TB NVMe SSD – 360mm AIO, Windows 11 Pro, VR Ready - Mystery Gift Included",,CPU,6383.874,1046.97440132535,VIGENTE,361,82.19,860.5446895837408,0.5118,393,69.86,98.63,84.32890699056507,1608.5899999999997,84.32890699056507,1,0.7545,0,82.19,0.002768,ESTRELLA,0.5118,1.0,0.7545,0.803048,340,0.002768,0.996322,0.00091,0.002768,VIGENTE,1907.519090909091,1046.97440132535,860.5446895837408,82.19,B0F928KVJ6
341,Black Corsair Vengeance LP 16GB (4x4GB) DDR3-1600 PC3-12800 (9-9-9-24),,,101.97999999999999,15.73997404757806,EN_RIESGO,87,90.6,14.26002595242194,0.5723,298,77.01,108.72,0.0,0.0,0.0,1,0.7643,0,90.6,0.043705,ESTRELLA,0.5723,0.8,0.7643,0.802706,341,0.043705,0.017633,0.938662,0.043705,EN_RIESGO,30.0,15.73997404757806,14.26002595242194,90.6,v1|267720775425|0
342,Kingston PC3-10600 8GB ECC RDIMM 1333 MHz DDR3  Memory KVR1333D3D4R9S/8G MacPro,,,40.76384615384616,6.389467098166655,EN_RIESGO,115,87.81,5.610532901833345,0.5522,332,74.64,105.37,0.0,0.0,0.0,1,0.7608,0,87.81,0.030614,ESTRELLA,0.5522,0.8,0.7608,0.802526,342,0.030614,0.0047,0.964687,0.030614,EN_RIESGO,12.0,6.389467098166655,5.610532901833345,87.81,v1|398158584681|0
343,"HP OMEN 14"" 3K Intel Core Ultra 7 NVIDIA RTX 5060 16 GB 1TB SSD - Ceramic White",,,4530.3275,664.4422195202344,EN_RIESGO,40,100.67,668.8911138130989,0.6448,187,85.57,120.8,0.3,4.0,0.3,1,0.7761,0,100.67,0.09261,AGRESIVO,0.6448,0.8,0.7761,0.802365,343,0.09261,0.326327,0.581062,0.09261,EN_RIESGO,1333.3333333333333,664.4422195202344,668.8911138130989,100.67,v1|267684404067|0
344,"Panorama RTX 5080, 24-Core Ultra 9 285K, 64GB DDR5 RAM, 2TB Gen4 NVMe SSD, Liquid Cooled Gaming Desktop PC w/Windows 11 Pro, 3-Year Warranty, RGB Keyboard+Mouse, Internal Wi-Fi 6E, 3X DP & HDMI",,CPU,9307.41076923077,1549.2563846413311,VIGENTE,417,81.69,1265.6107582158118,0.5082,405,69.44,98.03,100.96142573590126,2841.93,100.96142573590126,1,0.7533,0,81.69,0.001533,ESTRELLA,0.5082,1.0,0.7533,0.802349,344,0.001533,0.99731,0.001157,0.001533,VIGENTE,2814.867142857143,1549.2563846413311,1265.6107582158118,81.69,B0GMLFQ7NB
345,ASUS TUF Gaming GeForce RTX 4080 16GB GDDR6X Graphics Card PCIe 4.0,,,2977.778,477.4734920638707,EN_RIESGO,247,83.46,398.5165079361293,0.5209,375,70.94,100.15,2.2831310859713008,20.0,2.2831310859713008,1,0.7552,0,83.46,0.010529,ESTRELLA,0.5209,0.8,0.7552,0.802049,345,0.010529,0.000909,0.988562,0.010529,EN_RIESGO,875.99,477.4734920638707,398.5165079361293,83.46,v1|116585500403|0
346,"GIGABYTE X870E AORUS ELITE WIFI7 AM5 LGA 1718, ATX, DDR5, 4x M.2, PCIe 5.0, USB4",,,971.5392307692308,157.76940571040282,VIGENTE,478,81.27,128.2205942895972,0.5051,408,69.08,97.52,0.0,0.0,0.0,1,0.7524,0,81.27,0.000375,ESTRELLA,0.5051,0.8,0.7524,0.801834,346,0.000375,0.999298,0.000328,0.000375,VIGENTE,285.99,157.76940571040282,128.2205942895972,81.27,v1|296722931650|0
347,CMZ8GX3M2A1600C9 Corsair Vengeance 4GB PC3-12800 DDR3-1600MHz Desktop Memory,,,43.75461538461538,6.356495434982695,EN_RIESGO,34,102.63,6.523504565017304,0.6589,162,87.24,123.16,0.0,0.0,0.0,1,0.7779,0,102.63,0.103129,AGRESIVO,0.6589,0.8,0.7779,0.801698,347,0.103129,0.039505,0.857366,0.103129,EN_RIESGO,12.879999999999999,6.356495434982695,6.523504565017304,102.63,v1|227415120461|0
348,"GIGABYTE X870E AORUS PRO AM5 LGA 1718, ATX, DDR5, 4x M.2, PCIe 5.0, USB4, Wi-Fi",,,1002.1138461538461,162.94054265457888,VIGENTE,481,81.04,132.04945734542113,0.5035,410,68.88,97.25,0.0,0.0,0.0,1,0.7516,0,81.04,0.000365,ESTRELLA,0.5035,0.8,0.7516,0.801178,348,0.000365,0.999315,0.00032,0.000365,VIGENTE,294.99,162.94054265457888,132.04945734542113,81.04,v1|156574193199|0
349,"fanxiang S660 PCIe 4.0 2TB SSD for PS5 with Heatsink, Up to 5000MB/s, NVMe M.2 SSD Internal Gaming SSD NAND SLC Cache Suitable for PS5 Enthusiasts, Technology Enthusiasts, IT Professionals",,SSD,881.1523076923077,131.36587539823043,VIGENTE,45,98.56,129.47012460176958,0.6296,212,83.78,118.27,346.72744559800026,904.39,346.72744559800026,1,0.7725,0,98.56,0.084592,ESTRELLA,0.6296,0.9227,0.7725,0.801099,349,0.084592,0.851518,0.06389,0.084592,VIGENTE,260.836,131.36587539823043,129.47012460176958,98.56,B0BNQ2JZQJ
350,LOT Samsung 16GB 8GB 4GB 2GB 1GB 2RX8 DDR4/DDR3/DDR2 DIMM Desktop Memory RAM 240,,,69.76692307692308,11.062504305225549,EN_RIESGO,153,85.65,9.475188002466759,0.5367,346,72.8,102.78,7.157571444623388,1.4699999999999989,7.157571444623388,1,0.757,0,85.65,0.022777,ESTRELLA,0.5367,0.8,0.757,0.801007,350,0.022777,0.007455,0.969769,0.022777,EN_RIESGO,20.537692307692307,11.062504305225549,9.475188002466759,85.65,v1|224404817504|523189980862
351,LOT Samsung 16GB 8GB 4GB 2GB 1GB 2RX8 DDR4/DDR3/DDR2 Desktop Memory RAM 240PIN $,,,71.30538461538461,11.456641873725546,EN_RIESGO,237,83.21,9.533358126274456,0.5191,378,70.73,99.85,0.0,0.0,0.0,1,0.754,0,83.21,0.011113,ESTRELLA,0.5191,0.8,0.754,0.800979,351,0.011113,0.002362,0.986524,0.011113,EN_RIESGO,20.990000000000002,11.456641873725546,9.533358126274456,83.21,v1|254219753793|553607618438
352,MSI Ventus2X GeForce RTX 4070 12GB GDDR6X Graphics Card PCIe 4.0 HDMI DisplayPo,,,3086.1836363636367,499.13019012941123,EN_RIESGO,307,82.05,409.5334462342251,0.5108,395,69.74,98.46,6.309265354716722,57.33000000000004,6.309265354716722,1,0.7525,0,82.05,0.005668,ESTRELLA,0.5108,0.8,0.7525,0.800905,352,0.005668,0.00044,0.993892,0.005668,EN_RIESGO,908.6636363636363,499.13019012941123,409.5334462342251,82.05,v1|800344118177|0
353,Gigabyte B850 Eagle WiFi 6E | AM5 DDR5 | PCIe 5.0 | ATX - Parts/Repair,,,135.85153846153847,21.874426281625148,VIGENTE,260,82.82,18.115573718374854,0.5163,382,70.4,99.38,0.0,0.0,0.0,1,0.7534,0,82.82,0.00947,ESTRELLA,0.5163,0.8,0.7534,0.800841,353,0.00947,0.984373,0.006157,0.00947,VIGENTE,39.99,21.874426281625148,18.115573718374854,82.82,v1|117072364439|0
354,8GB 16GB DDR3 1600 PC3-12800 Laptop SODIMM 204-Pin Memory RAM PC4-2400 DDR4 LOT,,,91.46307692307693,14.227041784147398,EN_RIESGO,100,89.24,12.696035138929526,0.5625,312,75.85,107.09,11.142857142857142,3.0,11.142857142857142,1,0.7609,0,89.24,0.040807,ESTRELLA,0.5625,0.8,0.7609,0.800528,354,0.040807,0.005328,0.953864,0.040807,EN_RIESGO,26.923076923076923,14.227041784147398,12.696035138929526,89.24,v1|204708136301|505336697165
355,"Procesador Core I5-14600Kf 5.3Ghz, 24Mb De Caché, Socket Lga 1700 - Potencia Y Rendi",INTEL,CPU,1346.142857142857,202.26236152717883,EN_RIESGO,55,96.15,194.48335275853543,0.6123,238,81.73,115.38,0.7309467741122361,2.8999999999999773,0.7309467741122361,1,0.769,0,96.15,0.07421,ESTRELLA,0.6123,0.8,0.769,0.800387,355,0.07421,0.077795,0.847995,0.07421,EN_RIESGO,396.74571428571426,202.26236152717883,194.48335275853543,96.15,154488988
356,LOT Samsung 16GB 8GB 4GB 2GB 1GB 2RX8 DDR4/DDR3/DDR2 Desktop Memory RAM DIMM #SA,,,61.113076923076925,9.824017563819494,EN_RIESGO,223,83.12,8.165982436180508,0.5185,380,70.65,99.74,7.226236798221238,1.3000000000000007,7.226236798221238,1,0.753,0,83.12,0.012382,ESTRELLA,0.5185,0.8,0.753,0.799958,356,0.012382,0.003495,0.984123,0.012382,EN_RIESGO,17.990000000000002,9.824017563819494,8.165982436180508,83.12,v1|153469962880|453428440428
357,"Dell G16 7630 Gaming Laptop i7-13650HX RTX 4060 16GB RAM 1TB SSD 16"" Win11 White",,,2719.888,439.0753200875695,EN_RIESGO,270,82.2,360.9246799124305,0.5118,392,69.87,98.64,0.0,0.0,0.0,1,0.7516,0,82.2,0.008679,ESTRELLA,0.5118,0.8,0.7516,0.79953,357,0.008679,0.000886,0.990435,0.008679,EN_RIESGO,800.0,439.0753200875695,360.9246799124305,82.2,v1|358615569433|0
358,Intel Core i7-7700 Desktop Processor 4 Cores up to 4.2 GHz LGA 1151 100/200 Series 65W (Renewed),,CPU,197.709,33.00871167114323,EN_RIESGO,183,83.62,27.60295499552344,0.5221,371,71.08,100.34,91.78101025655126,55.629999999999995,91.78101025655126,1,0.7533,0,83.62,0.015542,ESTRELLA,0.5221,0.92,0.7533,0.799502,358,0.015542,0.006196,0.978262,0.015542,EN_RIESGO,60.61166666666667,33.00871167114323,27.60295499552344,83.62,B07MMD4DDJ
359,"GIGABYTE X870 AORUS ELITE WIFI7 AM5 LGA 1718, ATX, DDR5, 4x M.2, PCIe 5.0, USB4,",,,921.9407692307692,150.50204454782204,VIGENTE,473,80.32,120.88795545217795,0.4983,414,68.27,96.38,0.0,0.0,0.0,1,0.7489,0,80.32,0.000444,ESTRELLA,0.4983,0.8,0.7489,0.799057,359,0.000444,0.999158,0.000398,0.000444,VIGENTE,271.39,150.50204454782204,120.88795545217795,80.32,v1|335924204764|0
360,"GIGABYTE X870 GAMING X WIFI7 AM5 LGA 1718, ATX, DDR5, 4x M.2, PCIe 5.0, USB4, Wi",,,822.1038461538462,134.03982904710708,VIGENTE,405,80.54,107.9501709528929,0.4999,413,68.46,96.65,33.67907764783669,81.5,33.67907764783669,1,0.749,0,80.54,0.001826,ESTRELLA,0.4999,0.8,0.749,0.798861,360,0.001826,0.996247,0.001927,0.001826,VIGENTE,241.98999999999998,134.03982904710708,107.9501709528929,80.54,v1|387435527996|0
361,"ASUS TUF F15 15.6"" Gaming Laptop, i7-13620H, RTX 4060, 16GB RAM, 1TB SSD",,,6756.848461538461,1100.789441003788,EN_RIESGO,377,80.69,888.2105589962121,0.501,411,68.59,96.83,0.0,0.0,0.0,1,0.7492,0,80.69,0.002595,ESTRELLA,0.501,0.8,0.7492,0.798832,361,0.002595,0.000488,0.996917,0.002595,EN_RIESGO,1989.0,1100.789441003788,888.2105589962121,80.69,v1|286494829334|0
362,"XPG Xenia 15G Intel i7-13700H 16 GB RAM, 144Hz, RTX 4060 Gaming Laptop w/Charger",,,3057.226923076923,492.0952788076704,EN_RIESGO,209,82.88,407.85472119232963,0.5167,381,70.45,99.46,0.0,0.0,0.0,1,0.7516,0,82.88,0.013602,ESTRELLA,0.5167,0.8,0.7516,0.798535,362,0.013602,0.00351,0.982889,0.013602,EN_RIESGO,899.95,492.0952788076704,407.85472119232963,82.88,v1|147254412659|0
363,Seasonic CORE GX 850W Power Supply ATX 3.1 PCIe 5.1 (12V-2x6) 7 Years Warranty Cybenetics Platinum Fully Modular RTX 5080 AMD RX 9000 Ready,,PSU,316.3315384615385,53.94282662438154,VIGENTE,139,85.4,46.06717337561847,0.5349,350,72.59,102.48,97.72022797720228,97.73000000000002,97.72022797720228,1,0.7545,0,85.4,0.025819,ESTRELLA,0.5349,0.94,0.7545,0.798462,363,0.025819,0.968072,0.006108,0.025819,VIGENTE,100.01,53.94282662438154,46.06717337561847,85.4,B0DPFBV6QV
364,"Laptop Gamer Nitro Lite Intel Core I5-13420H RTX 4050 16 GB RAM 512 GB SSD 16"" Wuxga 165Hz Nvidia Geforce",ACER,laptops,4699.0,757.177667007231,EN_RIESGO,213,82.7,626.169332992769,0.5154,384,70.3,99.24,0.5407175495374638,7.480000000000018,0.5407175495374638,1,0.7511,0,82.7,0.013217,ESTRELLA,0.5154,0.7701,0.7511,0.798247,364,0.013217,0.002494,0.984288,0.013217,EN_RIESGO,1383.347,757.177667007231,626.169332992769,82.7,883834751
365,"GIGABYTE X870 AORUS ELITE WIFI7 ICE AM5 LGA 1718, ATX, DDR5, 4x M.2, PCIe 5.0",,,1078.9546153846154,176.36699394563908,VIGENTE,450,80.08,141.24300605436093,0.4966,415,68.07,96.1,0.0,0.0,0.0,1,0.7479,0,80.08,0.000807,ESTRELLA,0.4966,0.8,0.7479,0.798148,365,0.000807,0.998472,0.000721,0.000807,VIGENTE,317.61,176.36699394563908,141.24300605436093,80.08,v1|397980997045|0
366,"X870 AORUS Elite WIFI7 AMD AM5 LGA 1718 Motherboard, ATX, DDR5, 4X M.2, PCIe 5.0",,,699.8053846153846,114.56165271928994,VIGENTE,455,79.82,91.43834728071006,0.4947,418,67.85,95.78,0.0,0.0,0.0,1,0.747,0,79.82,0.000748,ESTRELLA,0.4947,0.8,0.747,0.797434,366,0.000748,0.998454,0.000798,0.000748,VIGENTE,206.0,114.56165271928994,91.43834728071006,79.82,v1|389188275387|0
367,"BIWIN Black Opal NV7400 2TB SSD Gen4x4, Read Speed up to 7450MB/s, NVMe M.2 2280 PCIe 4.0 Internal PC Solid State Drive for Laptop/Desktop/PS5",,SSD,931.7846153846154,137.03218792618333,VIGENTE,31,101.69,139.34914540715005,0.6522,176,86.44,122.03,327.2254276699825,904.39,327.2254276699825,1,0.773,0,101.69,0.106081,AGRESIVO,0.6522,0.94,0.773,0.79722,367,0.106081,0.807732,0.086187,0.106081,VIGENTE,276.3813333333334,137.03218792618333,139.34914540715005,101.69,B0DM23JKXC
368,"GIGABYTE X870E AORUS ELITE WIFI7 AM5 LGA 1718, ATX, DDR5, 4x M.2, PCIe 5.0, USB4",,,849.2438461538461,139.24333040103488,VIGENTE,489,79.53,110.7466695989651,0.4926,419,67.6,95.44,0.0,0.0,0.0,1,0.7462,0,79.53,0.000287,ESTRELLA,0.4926,0.8,0.7462,0.796876,368,0.000287,0.999479,0.000234,0.000287,VIGENTE,249.98999999999998,139.24333040103488,110.7466695989651,79.53,v1|137472214759|0
369,"Thermalright FW240 White ARGB CPU Water Cooler with 2 PWM Fans with 2000RPM,IPS LCD Screen with 320 * 240 Resolution,Liquid CPU Cooler,CPU PC Aio Cooler for AMD:AM4/AM5/Intel LGA1700",,COOLER,211.23538461538462,34.8644505876529,EN_RIESGO,220,82.03,28.5992994123471,0.5106,396,69.73,98.44,339.50089618089066,215.45999999999998,339.50089618089066,1,0.7491,0,82.03,0.012426,ESTRELLA,0.5106,0.87,0.7491,0.796792,369,0.012426,0.006333,0.981241,0.012426,EN_RIESGO,63.46375,34.8644505876529,28.5992994123471,82.03,B0D1K3YP96
370,Gigabyte GeForce RTX 5080 Graphics Card 16GB GDDR7 PCIe 5.0,,,4043.6639999999998,653.2737285433125,VIGENTE,218,82.07,536.1382714566873,0.5109,394,69.76,98.48,10.08229276314684,119.92000000000007,10.08229276314684,1,0.749,0,82.07,0.012991,ESTRELLA,0.5109,0.8,0.749,0.796569,370,0.012991,0.976544,0.010464,0.012991,VIGENTE,1189.4119999999998,653.2737285433125,536.1382714566873,82.07,v1|318576532661|0
371,ASUS Dual RTX 4070 OC 12GB Graphics Card DisplayPort HDMI PCIe 4.0,,,1780.547,284.28811775713393,EN_RIESGO,147,84.25,239.51188224286602,0.5266,365,71.61,101.1,8.781977854142802,46.0,8.781977854142802,1,0.7514,0,84.25,0.023748,ESTRELLA,0.5266,0.8,0.7514,0.796393,371,0.023748,0.002054,0.974198,0.023748,EN_RIESGO,523.8,284.28811775713393,239.51188224286602,84.25,v1|137503190221|0
372,ASUS,,MOTHERBOARD,171.42000000000002,34.053371686842866,EN_RIESGO,195,82.25,28.009961646490467,0.5122,391,69.91,98.7,142.6607229174499,88.53999999999999,142.6607229174499,1,0.7488,0,82.25,0.014522,ESTRELLA,0.5122,0.94,0.7488,0.796168,372,0.014522,0.008401,0.977077,0.014522,EN_RIESGO,62.06333333333333,34.053371686842866,28.009961646490467,82.25,B0BR8SGYXP
373,"MSI PRO Z790-P WiFi DDR4 ProSeries Computer Gaming Motherboard (Supports 12th/13th Gen Intel Processors, LGA 1700, DDR4, PCIe 5.0, M.2, USB 3.2 Gen2, Wi-Fi 6E, ATX) Intel PC Motherboards (Renewed)",,MOTHERBOARD,451.14,72.06555995788005,EN_RIESGO,156,83.69,60.31444004211994,0.5226,370,71.14,100.43,0.0,0.0,0.0,1,0.75,0,83.69,0.022508,ESTRELLA,0.5226,0.96,0.75,0.795524,373,0.022508,0.015657,0.961835,0.022508,EN_RIESGO,132.38,72.06555995788005,60.31444004211994,83.69,B0C31R43FT
374,LOT Samsung 8GB 4GB 2GB 1GB 2RX8 DDR4/DDR3/DDR2 Desktop Memory RAM 288/240PIN GS,,,64.16307692307693,10.384173062828781,EN_RIESGO,197,81.89,8.503519244863528,0.5096,399,69.61,98.27,7.25340066791562,1.370000000000001,7.25340066791562,1,0.7477,0,81.89,0.014276,ESTRELLA,0.5096,0.8,0.7477,0.795279,374,0.014276,0.003292,0.982432,0.014276,EN_RIESGO,18.88769230769231,10.384173062828781,8.503519244863528,81.89,v1|352657142436|622002625078
375,GIGABYTE X870E AORUS Elite WIFI7 AM5 ATX DDR5 Motherboard 4x M.2 PCIe 5.0,,,788.0961538461538,129.6784685222725,VIGENTE,497,78.9,102.31153147772747,0.4881,427,67.06,94.68,0.0,0.0,0.0,1,0.744,0,78.9,7.4e-05,ESTRELLA,0.4881,0.8,0.744,0.795189,375,7.4e-05,0.999877,5e-05,7.4e-05,VIGENTE,231.98999999999998,129.6784685222725,102.31153147772747,78.9,v1|147233438464|0
376,"CoolerMaster MasterLiquid ML240L RGB V2, Close-Loop AIO CPU Liquid Cooler, Gen3 Dual Chamber Pump, 240mm Radiator, SickleFlow 120 PWM ARGB, AMD Ryzen AM5/AM4, Intel LGA1700/1200 (MLW-D24M-A18PC-R2)",,COOLER,277.6046153846154,40.4557442327838,EN_RIESGO,19,104.74,42.3742557672162,0.6741,142,89.03,125.69,338.826512133285,280.65,338.826512133285,1,0.775,0,104.74,0.124149,AGRESIVO,0.6741,0.92,0.775,0.795163,376,0.124149,0.088398,0.787453,0.124149,EN_RIESGO,82.83,40.4557442327838,42.3742557672162,104.74,B086BYYFG5
377,LOT Samsung 16GB 8GB 4GB 2GB 1GB 2RX8 DDR4/DDR3/DDR2 Desktop Memory RAM DIMM #SA,,,61.113076923076925,9.91952648559595,EN_RIESGO,223,81.36,8.070473514404052,0.5058,406,69.16,97.63,7.226236798221238,1.3000000000000007,7.226236798221238,1,0.7467,0,81.36,0.012382,ESTRELLA,0.5058,0.8,0.7467,0.794889,377,0.012382,0.003495,0.984123,0.012382,EN_RIESGO,17.990000000000002,9.91952648559595,8.070473514404052,81.36,v1|153469962880|453428440428
378,"Intel Core i5-13600K Processor (5.1 GHz, 14-Cores, LGA 1700) - ‎BX8071513600K",,,679.725,111.59327266152633,EN_RIESGO,394,79.22,88.40672733847367,0.4904,423,67.34,95.06,0.0,0.0,0.0,1,0.7441,0,79.22,0.002124,ESTRELLA,0.4904,0.8,0.7441,0.794881,378,0.002124,0.00099,0.996886,0.002124,EN_RIESGO,200.0,111.59327266152633,88.40672733847367,79.22,v1|188605632654|0
379,ASUS ROG Strix White OC GeForce RTX 4080 16GB GDDR6X PCIe 4.0 Graphics Card,,,4383.908461538462,720.0741098807772,EN_RIESGO,368,79.24,570.5851208884536,0.4905,422,67.35,95.09,27.117924829112372,350.0,27.117924829112372,1,0.7439,0,79.24,0.0027,ESTRELLA,0.4905,0.8,0.7439,0.794593,379,0.0027,0.000126,0.997174,0.0027,EN_RIESGO,1290.6592307692308,720.0741098807772,570.5851208884536,79.24,v1|257558361877|0
380,ASUS PRIME Z690-A Motherboard Support i9-14900KF i7-13700K i5-12400F CPU DDR5 6000MHz HDMI M.2 ARGB PCIe 5.0 LGA 1700 Mainboard,,CPU,,111.816216881304,EN_RIESGO,17,106.69,119.29378311869601,0.6882,127,90.69,128.03,0.0,0.0,0.0,1,0.7765,0,106.69,0.135225,AGRESIVO,0.6882,1.0,0.7765,0.794133,380,0.135225,0.130095,0.73468,0.135225,EN_RIESGO,231.11,111.816216881304,119.29378311869601,106.69,3256809428513534
381,"Thermalrlght Frozen Notte 240 White ARGB V2 Water Cooling CPU Cooler,240 White CPU Cooler Specifications, Double PWM Fans,S-FDB V2 Bearings,Suitable for Intel LGA 1700/1150/1151/1200/2011,AMD/AM4 AM5",,COOLER,170.46,27.199166406300968,EN_RIESGO,210,81.29,22.110833593699027,0.5053,407,69.1,97.55,287.0817278442507,141.56,287.0817278442507,1,0.7459,0,81.29,0.013414,ESTRELLA,0.5053,0.8055,0.7459,0.794068,381,0.013414,0.006634,0.979952,0.013414,EN_RIESGO,49.309999999999995,27.199166406300968,22.110833593699027,81.29,B0D3DV3H8L
382,"ASUS X870 MAX Gaming WiFi7 AMD AM5 ATX Motherboard DDR5, PCIe 5.0 x16 Open Box",,,497.80692307692306,81.93336789584495,VIGENTE,413,78.84,64.59740133492429,0.4877,428,67.01,94.61,10.229933329833592,14.990000000000009,10.229933329833592,1,0.743,0,78.84,0.001697,ESTRELLA,0.4877,0.8,0.743,0.794043,382,0.001697,0.996991,0.001311,0.001697,VIGENTE,146.53076923076924,81.93336789584495,64.59740133492429,78.84,v1|147278247961|0
383,"Lenovo Legion Pro 7i Gen 10 16"" Gaming Laptop  Intel Core Ultra 9 RTX 5080",,,11535.19,1837.4390118455722,VIGENTE,119,84.77,1557.5609881544278,0.5303,357,72.05,101.72,0.0,0.0,0.0,1,0.7499,0,84.77,0.030546,ESTRELLA,0.5303,0.8,0.7499,0.793812,383,0.030546,0.940181,0.029273,0.030546,VIGENTE,3395.0,1837.4390118455722,1557.5609881544278,84.77,v1|117134497063|0
384,"BIWIN Black Opal NV7400 2TB SSD Gen4x4, Read Speed up to 7450MB/s, NVMe M.2 2280 PCIe 4.0 Internal PC Solid State Drive for Laptop/Desktop/PS5",,SSD,931.7846153846154,119.28434307783711,VIGENTE,4,131.7,157.09699025549628,0.8682,34,111.94,158.04,327.2254276699825,904.39,327.2254276699825,1,0.8062,0,131.7,0.255911,AGRESIVO,0.8682,0.94,0.8062,0.79375,384,0.255911,0.531549,0.212541,0.255911,VIGENTE,276.3813333333334,119.28434307783711,157.09699025549628,131.7,B0DM23JKXC
385,LOT Samsung 16GB 8GB 4GB 2GB 1GB 2RX8 DDR4/DDR3/DDR2 DIMM Desktop Memory RAM 240,,,69.76692307692308,10.574398337253026,EN_RIESGO,50,94.22,9.963293970439281,0.5984,257,80.09,113.06,7.157571444623388,1.4699999999999989,7.157571444623388,1,0.7607,0,94.22,0.077045,ESTRELLA,0.5984,0.8,0.7607,0.793128,385,0.077045,0.045767,0.877188,0.077045,EN_RIESGO,20.537692307692307,10.574398337253026,9.963293970439281,94.22,v1|224404817504|523189980862
386,Corsair Vengeance CMZ8GX3M2A1600C9 DDR3 PC3-12800u (4) x 4GB = 16GB Desktop RAM,,,101.88076923076923,15.60635706978167,EN_RIESGO,64,92.17,14.383642930218333,0.5836,279,78.34,110.6,0.0,0.0,0.0,1,0.7579,0,92.17,0.067866,ESTRELLA,0.5836,0.8,0.7579,0.792731,386,0.067866,0.039736,0.892398,0.067866,EN_RIESGO,29.990000000000002,15.60635706978167,14.383642930218333,92.17,v1|127831476599|0
387,Kingston HyperX Genesis PC3 DDR3 16GB (4×4GB) RAM DDR4 2666MHz KHX1600C9D3K2/8GX,,,107.8125,17.51827286096771,EN_RIESGO,180,81.18,14.22172713903229,0.5045,409,69.0,97.42,9.45179584120984,3.0000000000000036,9.45179584120984,1,0.7444,0,81.18,0.015656,ESTRELLA,0.5045,0.8,0.7444,0.792406,387,0.015656,0.004051,0.980293,0.015656,EN_RIESGO,31.74,17.51827286096771,14.22172713903229,81.18,v1|137456478446|0
388,(BROKEN) GIGABYTE X870 AORUS ELITE WIFI7 ATX Motherboard AM5 DDR5 PCIe 5.0,,,248.154,40.995493148438754,VIGENTE,459,78.04,31.99450685156124,0.4819,435,66.33,93.65,0.0,0.0,0.0,1,0.7406,0,78.04,0.000716,ESTRELLA,0.4819,0.8,0.7406,0.792327,388,0.000716,0.998726,0.000558,0.000716,VIGENTE,72.99,40.995493148438754,31.99450685156124,78.04,v1|377218238344|0
389,"ASUS ROG Strix G16 Gaming Laptop, 165Hz , RTX 4060, i7-13650HX, 16GB, 1TB SSD",,,2982.5033333333336,475.6033865191882,EN_RIESGO,118,84.26,400.7299468141452,0.5267,364,71.62,101.11,3.8798022061620383,34.0,3.8798022061620383,1,0.748,0,84.26,0.030603,ESTRELLA,0.5267,0.8,0.748,0.792309,389,0.030603,0.01369,0.955708,0.030603,EN_RIESGO,876.3333333333334,475.6033865191882,400.7299468141452,84.26,v1|318550184693|0
390,"GIGABYTE X870 GAMING X WIFI7 AM5 LGA 1718, ATX, DDR5, 4x M.2, PCIe 5.0, USB4,",,,948.4746153846154,155.86210810847587,VIGENTE,303,79.12,123.32481496844719,0.4897,425,67.25,94.94,33.81247193085415,94.39999999999998,33.81247193085415,1,0.7418,0,79.12,0.006125,ESTRELLA,0.4897,0.8,0.7418,0.792192,390,0.006125,0.986709,0.007166,0.006125,VIGENTE,279.18692307692305,155.86210810847587,123.32481496844719,79.12,v1|335924206067|0
391,ASUS NVIDIA GeForce RTX 4060 Dual 8GB GDDR6 PCIe 4.0 Graphics Card,,,1053.1023076923077,173.90833102838982,EN_RIESGO,396,78.25,136.09166897161018,0.4834,432,66.51,93.9,0.0,0.0,0.0,1,0.7407,0,78.25,0.002102,ESTRELLA,0.4834,0.8,0.7407,0.7921,391,0.002102,6.6e-05,0.997832,0.002102,EN_RIESGO,310.0,173.90833102838982,136.09166897161018,78.25,v1|136318517492|0
392,"ASUS ROG Strix G16 Gaming Laptop, 165Hz , RTX 4060, i7-13650HX, 16GB, 1TB SSD",,,4514.383076923076,745.0446460962454,EN_RIESGO,363,78.36,583.8015077499084,0.4842,431,66.61,94.03,15.502170767004342,206.0,15.502170767004342,1,0.7407,0,78.36,0.002765,ESTRELLA,0.4842,0.8,0.7407,0.792019,392,0.002765,0.000556,0.996679,0.002765,EN_RIESGO,1328.8461538461538,745.0446460962454,583.8015077499084,78.36,v1|257619220622|0
393,MSI Nvidia GeForce RTX 5080 16G GAMING TRIO OC Graphic Card PCIE Gen 5,,,5605.194615384616,920.4765901628524,VIGENTE,280,79.25,729.5134098371476,0.4906,421,67.36,95.1,0.0,0.0,0.0,1,0.7414,0,79.25,0.007844,ESTRELLA,0.4906,0.8,0.7414,0.791535,393,0.007844,0.987183,0.004973,0.007844,VIGENTE,1649.99,920.4765901628524,729.5134098371476,79.25,v1|157725920926|0
394,INTEL Core i5 7500 3.4GHz Quad-Core Quad-Thread CPU Processor 6M 65W LGA 1151,,CPU,,17.440010672886224,EN_RIESGO,77,88.65,15.459989327113774,0.5583,322,75.35,106.38,0.0,0.0,0.0,1,0.7525,0,88.65,0.053251,ESTRELLA,0.5583,1.0,0.7525,0.791363,394,0.053251,0.033106,0.913644,0.053251,EN_RIESGO,32.9,17.440010672886224,15.459989327113774,88.65,3256804643647142
395,"MSI MAG X870E Tomahawk WiFi Motherboard, ATX, AM5, DDR5, M.2 Gen5, Wi-Fi 7",,,544.1425,89.3477329776511,VIGENTE,290,79.06,70.6422670223489,0.4892,426,67.2,94.87,0.0,0.0,0.0,1,0.7409,0,79.06,0.007356,ESTRELLA,0.4892,0.8,0.7409,0.791281,395,0.007356,0.988541,0.004103,0.007356,VIGENTE,159.99,89.3477329776511,70.6422670223489,79.06,v1|377342521987|0
396,GIGABYTE B650 Eagle AX AM5 ATX DDR5 PCIe 5.0 Wi-Fi 6E Gaming Motherboard,,,373.64846153846156,60.32060110043269,VIGENTE,149,82.34,49.669398899567305,0.5129,389,69.99,98.81,0.0,0.0,0.0,1,0.7446,0,82.34,0.023641,ESTRELLA,0.5129,0.8,0.7446,0.790956,396,0.023641,0.950861,0.025498,0.023641,VIGENTE,109.99,60.32060110043269,49.669398899567305,82.34,v1|317682493852|0
397,"Thermalright Grand Vision 240 ARGB White CPU AIO Cooler,PC 240 Specification Water Cooler System,IPS LCD Screen with 480x480 Resolution and 3.4inch,for AM4/AM5&LGA1700/1851,High Performance Pump",,COOLER,234.1376923076923,38.43292478219024,EN_RIESGO,157,81.77,31.427741884476433,0.5087,401,69.5,98.12,338.83157904781893,236.71,338.83157904781893,1,0.7437,0,81.77,0.021414,ESTRELLA,0.5087,0.88,0.7437,0.790651,397,0.021414,0.009721,0.968865,0.021414,EN_RIESGO,69.86066666666667,38.43292478219024,31.427741884476433,81.77,B0DKCQSNHQ
398,"ASUS TUF F15 Gaming Laptop 15.6"" 144Hz, I7-13620H, RTX 4060",,,2293.046923076923,379.159973008076,EN_RIESGO,341,78.03,295.840026991924,0.4818,436,66.33,93.64,0.0,0.0,0.0,1,0.7392,0,78.03,0.003513,ESTRELLA,0.4818,0.8,0.7392,0.79062,398,0.003513,0.001471,0.995016,0.003513,EN_RIESGO,675.0,379.159973008076,295.840026991924,78.03,v1|377077570755|0
399,ASUS TUF Gaming B650E-PLUS WIFI AM5 ATX Motherboard DDR5 PCIe 5.0=READ=,,,171.22692307692307,28.186588227591255,VIGENTE,289,78.81,22.21341177240875,0.4874,429,66.99,94.57,16.66666666666668,8.400000000000006,16.66666666666668,1,0.74,0,78.81,0.007359,ESTRELLA,0.4874,0.8,0.74,0.790559,399,0.007359,0.986792,0.005849,0.007359,VIGENTE,50.400000000000006,28.186588227591255,22.21341177240875,78.81,v1|377196997145|0
400,Kingston PC3-10600 8GB ECC RDIMM 1333 MHz DDR3  Memory KVR1333D3D4R9S/8G MacPro,,,40.76384615384616,6.536177973376295,EN_RIESGO,115,83.59,5.463822026623705,0.5219,372,71.05,100.31,0.0,0.0,0.0,1,0.7456,0,83.59,0.030614,ESTRELLA,0.5219,0.8,0.7456,0.790372,400,0.030614,0.0047,0.964687,0.030614,EN_RIESGO,12.0,6.536177973376295,5.463822026623705,83.59,v1|398158584681|0
401,Ramaxel 8GB DDR3‑1600 PC3‑12800 Desktop RAM RWR5040ME68FAF‑1600,,,67.90923076923077,9.949542754538983,EN_RIESGO,26,100.91,10.040457245461019,0.6466,182,85.77,121.09,0.0,0.0,0.0,1,0.7662,0,100.91,0.114132,AGRESIVO,0.6466,0.8,0.7662,0.790143,401,0.114132,0.085969,0.799899,0.114132,EN_RIESGO,19.990000000000002,9.949542754538983,10.040457245461019,100.91,v1|127902107224|0
402,"Thermalright Frozen Notte 240 WHITE ARGB Water Cooling CPU Cooler, 240 White CPU Cooler Specifications, Double PWM Fans, S-FDB V2 Bearings, Suitable for AMD/AM4 AM5, Intel LGA 1700/1150/1151/1200/2011",,COOLER,146.578,24.389990233558347,EN_RIESGO,202,80.03,19.518343099774984,0.4962,416,68.03,96.04,10.909090909090907,4.789999999999999,10.909090909090907,1,0.7411,0,80.03,0.0141,ESTRELLA,0.4962,0.92,0.7411,0.790028,402,0.0141,0.005686,0.980213,0.0141,EN_RIESGO,43.90833333333333,24.389990233558347,19.518343099774984,80.03,B0BLJGW838
403,NVIDIA GEFORCE RTX 2080 Ti Founders Edition (Renewed),,GPU,,205.6500248808873,EN_RIESGO,46,94.49,194.31997511911274,0.6003,255,80.32,113.39,0.0,0.0,0.0,1,0.7584,0,94.49,0.083538,ESTRELLA,0.6003,0.92,0.7584,0.79001,403,0.083538,0.014654,0.901808,0.083538,EN_RIESGO,399.97,205.6500248808873,194.31997511911274,94.49,B07W44JS1H
404,MSI Ventus GeForce RTX 4060 8GB GDDR6 PCIe 4.0 x8 ATX Video Graphics Card GPU,,,1345.1853846153847,223.09284582957466,EN_RIESGO,398,77.5,172.8871541704253,0.478,442,65.88,93.0,0.0,0.0,0.0,1,0.738,0,77.5,0.002093,ESTRELLA,0.478,0.8,0.738,0.789946,404,0.002093,0.000113,0.997794,0.002093,EN_RIESGO,395.97999999999996,223.09284582957466,172.8871541704253,77.5,v1|227324307541|0
405,"Intel Core i5-13600K Processor (5.1 GHz, 14-Cores, LGA 1700) - ‎BX8071513600K",,,669.6716666666666,110.9516815816181,EN_RIESGO,384,77.55,86.0483184183819,0.4784,440,65.92,93.06,0.0,0.0,0.0,1,0.738,0,77.55,0.002375,ESTRELLA,0.4784,0.8,0.738,0.789921,405,0.002375,0.001328,0.996297,0.002375,EN_RIESGO,197.0,110.9516815816181,86.0483184183819,77.55,v1|327253647822|0
406,"ASRock H610M-HDV/M.2 R2.0 Micro-ATX Motherboard, Supports Intel 14th/13th/12th Gen Core Processors (LGA1700), DDR4 3200, PCIe 4.0, Ultra M.2, Triple Display",,MOTHERBOARD,59.724999999999994,9.190692432437931,EN_RIESGO,62,91.72,8.42930756756207,0.5804,282,77.96,110.06,0.0,0.0,0.0,1,0.7546,0,91.72,0.07118,ESTRELLA,0.5804,0.84,0.7546,0.789447,406,0.07118,0.049008,0.879812,0.07118,EN_RIESGO,17.62,9.190692432437931,8.42930756756207,91.72,B0CK774991
407,(Factory Refurbished) MSI PRO X870-P WIFI DDR5 PCIe 5.0 ATX AMD AM5 Motherboard,,,467.7269230769231,75.35066006230461,VIGENTE,124,82.72,62.331647630003076,0.5156,383,70.31,99.26,3.6315486599585443,5.0,3.6315486599585443,1,0.7437,0,82.72,0.028286,ESTRELLA,0.5156,0.8,0.7437,0.789264,407,0.028286,0.939852,0.031862,0.028286,VIGENTE,137.6823076923077,75.35066006230461,62.331647630003076,82.72,v1|406277067718|0
408,Corsair MP600 CORE XT 2TB M.2 PCIe Gen4 NVMe SSD – Up to 5900MB/s – QLC NAND – M.2 2280 – for PCIe 4.0 Notebooks and Desktops – Black,,SSD,1202.8700000000001,140.785003812911,VIGENTE,1,149.02,209.80285332994612,0.9929,9,126.67,178.82,443.9657473264293,1556.49,443.9657473264293,1,0.8228,0,149.02,0.347345,AGRESIVO,0.9929,0.94,0.8228,0.788771,408,0.347345,0.585421,0.067234,0.347345,VIGENTE,350.5878571428571,140.785003812911,209.80285332994612,149.02,B0DVCCJQ4K
409,PNY NVIDIA GeForce RTX 4080 16GB GDDR6X PCIe 4.0 Graphics Card,,,3053.998461538462,499.52533110171163,EN_RIESGO,177,79.97,399.47466889828837,0.4958,417,67.97,95.96,0.0,0.0,0.0,1,0.7399,0,79.97,0.016082,ESTRELLA,0.4958,0.8,0.7399,0.788666,409,0.016082,0.001207,0.982711,0.016082,EN_RIESGO,899.0,499.52533110171163,399.47466889828837,79.97,v1|287358472855|0
410,Intel Core i7-14700K 3.40GHz 20 Core SRN3X 28 Thread LGA 1700 CPU Processor,,,2038.1946153846152,339.27949838598795,EN_RIESGO,441,76.84,260.70050161401207,0.4733,449,65.31,92.21,0.0,0.0,0.0,1,0.7361,0,76.84,0.001143,ESTRELLA,0.4733,0.8,0.7361,0.788615,410,0.001143,0.000137,0.99872,0.001143,EN_RIESGO,599.98,339.27949838598795,260.70050161401207,76.84,v1|406975505793|0
411,ASUS ROG Crosshair X870E Hero AM5 ATX Motherboard WiFi 7 DDR5 PCIe 5.0 USB4 Used,,,1487.88,231.40176176820464,VIGENTE,71,89.19,206.37601600957314,0.5622,314,75.81,107.03,4.568527918781726,20.0,4.568527918781726,1,0.7508,0,89.19,0.060577,ESTRELLA,0.5622,0.8,0.7508,0.788522,411,0.060577,0.914331,0.025092,0.060577,VIGENTE,437.77777777777777,231.40176176820464,206.37601600957314,89.19,v1|407013454112|0
412,"PNY GEFORCE RTX 5070 12GB OC GDDR7 PCIe 5.0 TRIPLE FAN / NEW, SEALED, NO BOX",,,1919.59,315.13182492407464,VIGENTE,217,79.29,249.86817507592536,0.4909,420,67.4,95.15,0.0,0.0,0.0,1,0.7389,0,79.29,0.013061,ESTRELLA,0.4909,0.8,0.7389,0.78852,412,0.013061,0.977737,0.009202,0.013061,VIGENTE,565.0,315.13182492407464,249.86817507592536,79.29,v1|198502158911|0
413,AMD RADEON R938G2401U2S 8GB DDR3 PC3-2400 1.6v,,,101.91384615384617,15.59293171314949,EN_RIESGO,53,92.39,14.40706828685051,0.5852,277,78.53,110.87,0.0,0.0,0.0,1,0.7545,0,92.39,0.07618,ESTRELLA,0.5852,0.8,0.7545,0.788377,413,0.07618,0.027574,0.896246,0.07618,EN_RIESGO,30.0,15.59293171314949,14.40706828685051,92.39,v1|327018523485|0
414,"Thermalrlght Grand Vision 240 ARGB Black CPU Water Cooler,Double PWM Fans Water Cooling System,IPS LCD Screen with 480x480 Resolution,for AM4/AM5,Intel LGA1700/1851,CPU Liquid Cooler,3.4-inch Display",,COOLER,306.56399999999996,49.960055301233126,EN_RIESGO,162,80.67,40.301944698766874,0.5008,412,68.57,96.8,301.2785003656023,271.94,301.2785003656023,1,0.7404,0,80.67,0.020033,ESTRELLA,0.5008,0.86,0.7404,0.788311,414,0.020033,0.009819,0.970147,0.020033,EN_RIESGO,90.262,49.960055301233126,40.301944698766874,80.67,B0F7QYSWXC
415,"X870 Eagle WIFI7 AMD AM5 LGA 1718 Motherboard, ATX, DDR5, 4X M.2, PCIe 5.0, U...",,,926.62625,153.64048701104414,VIGENTE,322,77.46,119.00576298895587,0.4777,443,65.84,92.95,7.992040968837823,21.789999999999992,7.992040968837823,1,0.7364,0,77.46,0.004957,ESTRELLA,0.4777,0.8,0.7364,0.788112,415,0.004957,0.989566,0.005478,0.004957,VIGENTE,272.64625,153.64048701104414,119.00576298895587,77.46,v1|188451848083|0
416,"GIGABYTE X870 AORUS ELITE WIFI7 AM5 LGA 1718, ATX, DDR5, 4x M.2, PCIe 5.0, USB4,",,,798.2876923076923,133.16541960829588,VIGENTE,475,76.46,101.8245803917041,0.4705,454,64.99,91.75,0.0,0.0,0.0,1,0.7351,0,76.46,0.000411,ESTRELLA,0.4705,0.8,0.7351,0.78796,416,0.000411,0.999243,0.000347,0.000411,VIGENTE,234.98999999999998,133.16541960829588,101.8245803917041,76.46,v1|305813674919|0
417,COMPUTADORA PC GAMER AMD RYZEN 5 5500 16GB 500GB RTX 3050 6GB MONITOR 24 FULL HD,NVIDIA,tarjetas_video,3799.1200000000003,599.6974988074854,EN_RIESGO,95,84.98,509.6094242694377,0.5319,355,72.23,101.98,29.29667103298732,324.9899999999999,29.29667103298732,1,0.745,0,84.98,0.041892,ESTRELLA,0.5319,1.0,0.745,0.787609,417,0.041892,0.025836,0.932271,0.041892,EN_RIESGO,1109.306923076923,599.6974988074854,509.6094242694377,84.98,153053117
418,ASUS Dual GeForce RTX 4060 8GB EVO Dual OC  Edition GDDR6 PCIe 4.0 Graphics Card,,,1290.0938461538462,211.92549485301026,EN_RIESGO,198,79.2,167.83604360852814,0.4902,424,67.32,95.04,0.26068990662156655,0.9900000000000091,0.26068990662156655,1,0.738,0,79.2,0.014217,ESTRELLA,0.4902,0.8,0.738,0.787567,418,0.014217,0.001486,0.984297,0.014217,EN_RIESGO,379.7615384615384,211.92549485301026,167.83604360852814,79.2,v1|236374823048|0
419,"HP OMEN 16-AE0073CL  16.1"" Gaming i7-14650HX, 32GB, 1TB SSD, nVIDIA RTX 4060",,,6794.045384615384,1100.6294898557396,EN_RIESGO,131,81.71,899.3205101442607,0.5083,403,69.45,98.05,0.0,0.0,0.0,1,0.7408,0,81.71,0.026721,ESTRELLA,0.5083,0.8,0.7408,0.787294,419,0.026721,0.008653,0.964626,0.026721,EN_RIESGO,1999.9500000000003,1100.6294898557396,899.3205101442607,81.71,v1|277338647324|0
420,"LENOVO LEGION PRO 5 i7-14700HX RTX 4060 16""WQXGA 64GB 8TB GAMING 3D 16IRX9 4JGAR",,,7464.733846153847,1242.2629193207129,EN_RIESGO,338,76.89,955.1332345254411,0.4736,447,65.36,92.27,1.5991654458161086,35.13999999999987,1.5991654458161086,1,0.735,0,76.89,0.003612,ESTRELLA,0.4736,0.8,0.735,0.787278,420,0.003612,0.000937,0.995451,0.003612,EN_RIESGO,2197.396153846154,1242.2629193207129,955.1332345254411,76.89,v1|226385626354|525615428249
421,"ASUS ROG Strix G16 Gaming Laptop, 16” RTX 4060, i7-13650HX, 16GB RAM, 512GB SSD",,,3059.844,505.6686556008695,EN_RIESGO,264,77.98,394.3213443991305,0.4815,438,66.28,93.58,0.0,0.0,0.0,1,0.7362,0,77.98,0.009078,ESTRELLA,0.4815,0.8,0.7362,0.787137,421,0.009078,0.002038,0.988884,0.009078,EN_RIESGO,899.99,505.6686556008695,394.3213443991305,77.98,v1|267726095121|0
422,Ramaxel 8GB DDR3‑1600 PC3‑12800 Desktop RAM RWR5040ME68FAF‑1600,,,67.90923076923077,10.008935673916271,EN_RIESGO,26,99.72,9.98106432608373,0.638,199,84.76,119.66,0.0,0.0,0.0,1,0.7619,0,99.72,0.114132,ESTRELLA,0.638,0.8,0.7619,0.786716,422,0.114132,0.085969,0.799899,0.114132,EN_RIESGO,19.990000000000002,10.008935673916271,9.98106432608373,99.72,v1|127902107224|0
423,(Factory Refurbished) GIGABYTE B650 AORUS ELITE AX DDR5 PCIe 5.0 AM5 Motherboard,,,441.77181818181816,65.55475515292184,VIGENTE,30,98.29,64.43524484707817,0.6277,217,83.55,117.95,0.0,0.0,0.0,1,0.7601,0,98.29,0.107401,ESTRELLA,0.6277,0.8,0.7601,0.786636,423,0.107401,0.782492,0.110107,0.107401,VIGENTE,129.99,65.55475515292184,64.43524484707817,98.29,v1|404550226839|0
424,"HP Victus 16-r0073cl 16.1"" FHD i7-13700HX 32GB 1TB SSD RTX 4060 W11H Gaming",,,3399.3033333333333,550.1987963215743,EN_RIESGO,126,81.75,449.79120367842586,0.5086,402,69.49,98.1,0.0,0.0,0.0,1,0.7402,0,81.75,0.028195,ESTRELLA,0.5086,0.8,0.7402,0.786525,424,0.028195,0.006875,0.96493,0.028195,EN_RIESGO,999.9900000000001,550.1987963215743,449.79120367842586,81.75,v1|287128380449|0
425,"Thermalright Frozen Notte 360 Black ARGB V2 Water Cooling CPU Cooler, 360 Black CPU Cooler Specifications, 3×120mm PWM Fans, S-FDB Bearings, Suitable for AMD/AM4, Intel LGA 1700/1150/1151/1200/2011",,COOLER,157.27923076923076,26.220286614792943,EN_RIESGO,215,78.4,20.55638005187372,0.4845,430,66.64,94.08,329.1812157058363,153.98000000000002,329.1812157058363,1,0.7357,0,78.4,0.013101,ESTRELLA,0.4845,0.896,0.7357,0.785933,425,0.013101,0.005056,0.981843,0.013101,EN_RIESGO,46.776666666666664,26.220286614792943,20.55638005187372,78.4,B0BDDZGLXL
426,Ramaxel 8GB DDR3‑1600 PC3‑12800 Desktop RAM RWR5040ME68FAF‑1600,,,67.90923076923077,10.026989785545537,EN_RIESGO,26,99.36,9.963010214454465,0.6354,203,84.46,119.23,0.0,0.0,0.0,1,0.7606,0,99.36,0.114132,ESTRELLA,0.6354,0.8,0.7606,0.785679,426,0.114132,0.085969,0.799899,0.114132,EN_RIESGO,19.990000000000002,10.026989785545537,9.963010214454465,99.36,v1|127902107224|0
427,ASUS TUF Gaming B650-PLUS WIFI Motherboard AM5 AMD Ryzen DDR5 ATX PCIe 5.0 M.2,,,373.894,59.24160047243545,VIGENTE,81,85.66,50.74839952756453,0.5368,345,72.81,102.79,0.0,0.0,0.0,1,0.7439,0,85.66,0.048998,ESTRELLA,0.5368,0.8,0.7439,0.785303,427,0.048998,0.89627,0.054733,0.048998,VIGENTE,109.98999999999998,59.24160047243545,50.74839952756453,85.66,v1|178275663275|0
428,ASUS NVIDIA GeForce RTX 4060 Dual 8GB GDDR6 PCIe 4.0 Graphics Card,,,1087.956,181.86492499735806,EN_RIESGO,353,75.95,138.13507500264194,0.4668,457,64.56,91.14,0.0,0.0,0.0,1,0.7319,0,75.95,0.003091,ESTRELLA,0.4668,0.8,0.7319,0.784883,428,0.003091,0.000149,0.99676,0.003091,EN_RIESGO,320.0,181.86492499735806,138.13507500264194,75.95,v1|137469272978|0
429,Gigabyte G6 KF Gaming Laptop i7-13620H RTX 4060 8GB 32GB RAM 1TB SSD Windows 11,,,3329.165384615385,557.3718523389402,EN_RIESGO,375,75.83,422.62814766105976,0.466,459,64.46,91.0,0.0,0.0,0.0,1,0.7317,0,75.83,0.002604,ESTRELLA,0.466,0.8,0.7317,0.78483,429,0.002604,0.000251,0.997145,0.002604,EN_RIESGO,980.0,557.3718523389402,422.62814766105976,75.83,v1|298420358719|0
430,"KingSpec 2TB M.2 SSD 2280 NVMe PCIe 4.0 x4, Incredible Read up to 5000MB/s, Internal M2 PCIe SSD Compatible with Gaming Console/Desktop/Gaming Laptop",,SSD,931.6254545454544,139.01960993151496,VIGENTE,32,97.03,134.8887234018184,0.6186,230,82.48,116.44,308.3659375095074,844.64,308.3659375095074,1,0.757,0,97.03,0.104714,ESTRELLA,0.6186,0.9,0.757,0.784619,430,0.104714,0.86041,0.034876,0.104714,VIGENTE,273.90833333333336,139.01960993151496,134.8887234018184,97.03,B0DJQRM92S
431,"Thermalright Frozen Edge 240 Black AIO Water Cooler,Liquid CPU Cooler, 2×120mm PWM Fans Water Cooling System,2150RPM High Speed Fan,Compatible with AMD/AM4/AM5&Intel LGA1700/1150/1151/1200/1851/17XX",,COOLER,145.23909090909092,24.640182089776896,EN_RIESGO,312,76.33,18.808389338794537,0.4696,455,64.88,91.6,297.0868678897876,129.08,297.0868678897876,1,0.732,0,76.33,0.005505,ESTRELLA,0.4696,0.9386,0.732,0.784529,431,0.005505,0.001716,0.99278,0.005505,EN_RIESGO,43.448571428571434,24.640182089776896,18.808389338794537,76.33,B0C7NKP53L
432,Zotac GeForce RTX 5080 Gaming Solid White OC 16GB GDDR7 PCIe 5.0 Graphics Card,,,5336.931,889.2176035585444,VIGENTE,281,76.56,680.7723964414556,0.4712,452,65.08,91.87,0.0,0.0,0.0,1,0.7318,0,76.56,0.007721,ESTRELLA,0.4712,0.8,0.7318,0.783862,432,0.007721,0.985452,0.006827,0.007721,VIGENTE,1569.99,889.2176035585444,680.7723964414556,76.56,v1|168384185727|0
433,"Legion 5i 16"" WQXGA 165Hz Gaming Laptop i7-14650HX 16GB RAM 512GB SSD RTX 4060",,,4412.841538461538,740.2678151553055,EN_RIESGO,366,75.48,558.7321848446945,0.4635,462,64.16,90.58,0.0,0.0,0.0,1,0.7304,0,75.48,0.002713,ESTRELLA,0.4635,0.8,0.7304,0.783756,433,0.002713,0.000621,0.996666,0.002713,EN_RIESGO,1299.0,740.2678151553055,558.7321848446945,75.48,v1|407008356059|0
434,CMZ8GX3M2A1600C9 Corsair Vengeance 4GB PC3-12800 DDR3-1600MHz Desktop Memory,,,43.75461538461538,6.559517292702605,EN_RIESGO,34,96.36,6.320482707297394,0.6138,235,81.91,115.63,0.0,0.0,0.0,1,0.7553,0,96.36,0.103129,ESTRELLA,0.6138,0.8,0.7553,0.783641,434,0.103129,0.039505,0.857366,0.103129,EN_RIESGO,12.879999999999999,6.559517292702605,6.320482707297394,96.36,v1|227415120461|0
435,"Procesador Ryzen 5 5500, 3.60 Ghz, 16Mb L3 Cache, 6, Am4, 7Nm",AMD,procesadores,688.0,114.1547321398678,EN_RIESGO,226,77.42,88.37834478320912,0.4774,444,65.81,92.9,0.543121161595634,1.0999999999999943,0.543121161595634,1,0.7326,0,77.42,0.012263,ESTRELLA,0.4774,1.0,0.7326,0.783613,435,0.012263,0.015632,0.972105,0.012263,EN_RIESGO,202.53307692307692,114.1547321398678,88.37834478320912,77.42,115784091
436,ROG CROSHAIR X870E HERO AMD AM5 DDR5 PCIe 5.0 WIFI 7 USB 4.0 AI OC,,,1392.9246153846154,234.22918041211025,VIGENTE,426,75.04,175.77081958788975,0.4603,465,63.78,90.05,15.853658536585366,65.0,15.853658536585366,1,0.7295,0,75.04,0.001338,ESTRELLA,0.4603,0.8,0.7295,0.783314,436,0.001338,0.99784,0.000822,0.001338,VIGENTE,410.0,234.22918041211025,175.77081958788975,75.04,v1|307046373944|0
437,Intel Core i7-14700K - Core i7 14th Gen 20-Core (8P+12E) LGA 1700 125W Intel UHD,,,1255.746153846154,210.9638830302789,EN_RIESGO,389,75.22,158.68919389279802,0.4616,463,63.94,90.26,1.0144647059925211,3.75,1.0144647059925211,1,0.7297,0,75.22,0.002271,ESTRELLA,0.4616,0.8,0.7297,0.783273,437,0.002271,0.000353,0.997375,0.002271,EN_RIESGO,369.6530769230769,210.9638830302789,158.68919389279802,75.22,v1|175985003877|0
438,GIGABYTE,,MOTHERBOARD,400.73692307692306,68.4282958623656,EN_RIESGO,486,74.75,51.15237080430107,0.4582,468,63.54,89.7,339.01801294523636,405.4,339.01801294523636,1,0.7289,0,74.75,0.000328,ESTRELLA,0.4582,0.836,0.7289,0.783085,438,0.000328,3.9e-05,0.999632,0.000328,EN_RIESGO,119.58066666666667,68.4282958623656,51.15237080430107,74.75,B083R7SWF5
439,"MSI MPG X870E EDGE TI WIFI AM5 ATX Motherboard – DDR5, PCIe 5.0, Wi-Fi 7",,,985.1284615384616,166.0095853541039,VIGENTE,494,74.68,123.9804146458961,0.4577,470,63.48,89.62,0.0,0.0,0.0,1,0.7288,0,74.68,9.4e-05,ESTRELLA,0.4577,0.8,0.7288,0.783024,439,9.4e-05,0.999841,6.6e-05,9.4e-05,VIGENTE,289.99,166.0095853541039,123.9804146458961,74.68,v1|298248080492|0
440,"Micro Center AMD Ryzen 5 5500 Desktop Processor with GIGABYTE B550 Eagle WIFI6 ATX Motherboard (AM4, DDR4, 2X M.2, PCIe 4.0, WIFI6, 1GbE LAN, EZ-Latch)",,MOTHERBOARD,,115.92584803498559,EN_RIESGO,60,89.77,104.06415196501442,0.5663,308,76.3,107.72,0.0,0.0,0.0,1,0.7466,0,89.77,0.073106,ESTRELLA,0.5663,1.0,0.7466,0.782675,440,0.073106,0.277074,0.64982,0.073106,EN_RIESGO,219.99,115.92584803498559,104.06415196501442,89.77,B0GJD391BP
441,ASUS NVIDIA GeForce RTX 4060 Dual 8GB GDDR6 PCIe 4.0 Graphics Card,,,1019.1323076923077,171.347253164982,EN_RIESGO,370,75.08,128.652746835018,0.4606,464,63.82,90.1,0.0,0.0,0.0,1,0.729,0,75.08,0.00267,ESTRELLA,0.4606,0.8,0.729,0.78263,441,0.00267,9.4e-05,0.997236,0.00267,EN_RIESGO,300.0,171.347253164982,128.652746835018,75.08,v1|236900822161|0
442,"GIGABYTE X870 AORUS ELITE WIFI7 AM5 LGA 1718, ATX, DDR5, 4x M.2, PCIe 5.0, USB4,",,,921.9407692307692,155.4521651976537,VIGENTE,473,74.58,115.93783480234629,0.457,472,63.39,89.5,0.0,0.0,0.0,1,0.7283,0,74.58,0.000444,ESTRELLA,0.457,0.8,0.7283,0.782526,442,0.000444,0.999158,0.000398,0.000444,VIGENTE,271.39,155.4521651976537,115.93783480234629,74.58,v1|335924204764|0
443,MSI Cyborg 15 B13WFKG Gaming Laptop i7-13620H RTX 4060 16GB 1TB SSD Unopened,,,7805.425,1299.9119897052565,EN_RIESGO,243,76.64,996.2540102947437,0.4718,451,65.14,91.97,30.226908681689384,694.06,30.226908681689384,1,0.7305,0,76.64,0.010849,ESTRELLA,0.4718,0.8,0.7305,0.782215,443,0.010849,0.003129,0.986022,0.010849,EN_RIESGO,2296.166,1299.9119897052565,996.2540102947437,76.64,v1|206310198292|0
444,MSI Stealth 16 AI 16 in GeForce RTX 5060 GPU Intel Core Ultra7-255H 32GB DDR5,,,5992.433333333333,1003.4279004564908,VIGENTE,282,75.9,761.5620995435092,0.4665,458,64.52,91.08,0.0,0.0,0.0,1,0.7294,0,75.9,0.007715,ESTRELLA,0.4665,0.8,0.7294,0.781965,444,0.007715,0.986091,0.006194,0.007715,VIGENTE,1764.99,1003.4279004564908,761.5620995435092,75.9,v1|307002742339|0
445,"GIGABYTE X870E AORUS PRO AM5 LGA 1718, ATX, DDR5, 4x M.2, PCIe 5.0, USB4, Wi-Fi",,,1002.1138461538461,169.26686144249848,VIGENTE,481,74.28,125.72313855750153,0.4548,475,63.14,89.14,0.0,0.0,0.0,1,0.7272,0,74.28,0.000365,ESTRELLA,0.4548,0.8,0.7272,0.781709,445,0.000365,0.999315,0.00032,0.000365,VIGENTE,294.99,169.26686144249848,125.72313855750153,74.28,v1|156574193199|0
446,ASUS Dual GeForce RTX 4060 8GB EVO Dual OC  Edition GDDR6 PCIe 4.0 Graphics Card,,,1290.0938461538462,214.3830123929624,EN_RIESGO,198,77.14,165.378526068576,0.4754,446,65.57,92.57,0.26068990662156655,0.9900000000000091,0.26068990662156655,1,0.7306,0,77.14,0.014217,ESTRELLA,0.4754,0.8,0.7306,0.781635,446,0.014217,0.001486,0.984297,0.014217,EN_RIESGO,379.7615384615384,214.3830123929624,165.378526068576,77.14,v1|236374823048|0
447,"GIGABYTE X870 GAMING X WIFI7 AM5 LGA 1718, ATX, DDR5, 4x M.2, PCIe 5.0, USB4, Wi",,,611.4792307692308,103.04539885198041,VIGENTE,374,74.68,76.95460114801959,0.4577,470,63.48,89.62,0.0,0.0,0.0,1,0.7275,0,74.68,0.002637,ESTRELLA,0.4577,0.8,0.7275,0.781498,447,0.002637,0.993824,0.003539,0.002637,VIGENTE,180.0,103.04539885198041,76.95460114801959,74.68,v1|406500809958|0
448,*For Parts* Strix X870E-E GAMING WIFI Socket AM5 DDR5 PCIE 5.0 x 16 Motherboard,,,444.2515384615385,71.58875751330295,VIGENTE,98,82.65,59.17047325592783,0.5151,386,70.25,99.18,38.238218216687166,50.000000000000014,38.238218216687166,1,0.7371,0,82.65,0.040912,ESTRELLA,0.5151,0.8,0.7371,0.781486,448,0.040912,0.927857,0.031231,0.040912,VIGENTE,130.75923076923078,71.58875751330295,59.17047325592783,82.65,v1|327218823156|0
449,Intel Core i5-13600K 13th Gen Processor LGA1700 24MB Cache BX8071513600K,,,763.82,127.46722699824045,EN_RIESGO,227,76.51,97.52277300175956,0.4709,453,65.03,91.81,0.0,0.0,0.0,1,0.7296,0,76.51,0.011692,ESTRELLA,0.4709,0.8,0.7296,0.781335,449,0.011692,0.00498,0.983328,0.011692,EN_RIESGO,224.99,127.46722699824045,97.52277300175956,76.51,v1|158070715600|0
450,"ASUS ROG Strix G18 18"" IPS LCD Gaming Laptop RTX 4060 i7-13650HX 16GB 2TB SSD",,,5265.483846153846,887.3472051036382,EN_RIESGO,339,74.68,662.6427948963618,0.4577,470,63.48,89.62,0.0,0.0,0.0,1,0.7271,0,74.68,0.003578,ESTRELLA,0.4577,0.8,0.7271,0.780933,450,0.003578,0.001048,0.995374,0.003578,EN_RIESGO,1549.99,887.3472051036382,662.6427948963618,74.68,v1|188281908882|0
451,"asus tuf f15 gaming laptop, i7-12700H, rtx 4060, 16gb ram, 1tb ssd storage",,,3476.9015384615386,585.6632121364419,EN_RIESGO,324,74.76,437.8290955558658,0.4583,467,63.55,89.71,1.0141746959880946,10.379999999999995,1.0141746959880946,1,0.7267,0,74.76,0.004838,ESTRELLA,0.4583,0.8,0.7267,0.780408,451,0.004838,0.000921,0.994241,0.004838,EN_RIESGO,1023.4923076923077,585.6632121364419,437.8290955558658,74.76,v1|387518377676|0
452,LOT Samsung 8GB 4GB 2GB 1GB 2RX8 DDR4/DDR3/DDR2 Desktop Memory RAM 288/240PIN GS,,,64.16307692307693,9.989376112099004,EN_RIESGO,57,89.08,8.898316195593305,0.5614,315,75.72,106.9,7.25340066791562,1.370000000000001,7.25340066791562,1,0.7437,0,89.08,0.073902,ESTRELLA,0.5614,0.8,0.7437,0.780211,452,0.073902,0.041949,0.884149,0.073902,EN_RIESGO,18.88769230769231,9.989376112099004,8.898316195593305,89.08,v1|352657142436|622002625078
453,Ramaxel 8GB DDR3‑1600 PC3‑12800 Desktop RAM RWR5040ME68FAF‑1600,,,67.90923076923077,10.131144138003469,EN_RIESGO,26,97.31,9.858855861996533,0.6206,229,82.71,116.77,0.0,0.0,0.0,1,0.7533,0,97.31,0.114132,ESTRELLA,0.6206,0.8,0.7533,0.779775,453,0.114132,0.085969,0.799899,0.114132,EN_RIESGO,19.990000000000002,10.131144138003469,9.858855861996533,97.31,v1|127902107224|0
454,Intel Core i7-14700K QS 2.50GHz 20core 28threads 33MB 125W LGA1700 CPU processor,,,1929.5584615384614,319.9672789722548,EN_RIESGO,165,77.52,248.0327210277452,0.4781,441,65.89,93.02,0.0,0.0,0.0,1,0.7293,0,77.52,0.019464,ESTRELLA,0.4781,0.8,0.7293,0.779581,454,0.019464,0.013408,0.967127,0.019464,EN_RIESGO,568.0,319.9672789722548,248.0327210277452,77.52,v1|395541967953|0
455,Kingston HyperX Genesis PC3 DDR3 16GB (4×4GB) RAM DDR4 2666MHz KHX1600C9D3K2/8GX,,,107.8125,16.613975793823837,EN_RIESGO,43,91.04,15.126024206176162,0.5755,289,77.38,109.25,9.45179584120984,3.0000000000000036,9.45179584120984,1,0.7454,0,91.04,0.084676,ESTRELLA,0.5755,0.8,0.7454,0.779391,455,0.084676,0.034701,0.880623,0.084676,EN_RIESGO,31.74,16.613975793823837,15.126024206176162,91.04,v1|137456478446|0
456,LOT Samsung 16GB 8GB 4GB 2GB 1GB 2RX8 DDR4/DDR3/DDR2 Desktop Memory RAM 288PIN,,,67.84692307692308,11.333666459898744,EN_RIESGO,206,76.22,8.638641232408947,0.4688,456,64.79,91.46,7.360191033739018,1.4699999999999989,7.360191033739018,1,0.7275,0,76.22,0.013774,ESTRELLA,0.4688,0.8,0.7275,0.779251,456,0.013774,0.004046,0.98218,0.013774,EN_RIESGO,19.97230769230769,11.333666459898744,8.638641232408947,76.22,v1|254224015967|553615546453
457,"ACEMAGIC M5 Mini PC Intel Core I5-14500HX (14C/20T, up to 4.9GHz) 16GB DDR4 RAM 512GB NVMe SSD, Desktop Replacement 4K Triple",,CPU,,421.37808412542506,EN_RIESGO,5,120.79,508.96191587457497,0.7897,57,102.67,144.95,0.0,0.0,0.0,1,0.7809,0,120.79,0.227919,AGRESIVO,0.7897,1.0,0.7809,0.779124,457,0.227919,0.202017,0.570064,0.227919,EN_RIESGO,930.34,421.37808412542506,508.96191587457497,120.79,3256809865669364
458,"ASUS Prime B650-Plus AMD AM5 Ryzen Motherboard, DDR5, PCIe 5.0 M.2, 2.5Gb LAN",,,373.64846153846156,55.45064898863001,VIGENTE,20,98.36,54.53935101136999,0.6282,216,83.61,118.03,0.0,0.0,0.0,1,0.7537,0,98.36,0.120797,ESTRELLA,0.6282,0.8,0.7537,0.7788,458,0.120797,0.841051,0.038153,0.120797,VIGENTE,109.99,55.45064898863001,54.53935101136999,98.36,v1|287345551870|0
459,LOT Samsung 16GB 8GB 4GB 2GB 1GB 2RX8 DDR4/DDR3/DDR2 DIMM Desktop Memory RAM 240,,,69.76692307692308,11.54751549176315,EN_RIESGO,153,77.85,8.990176815929157,0.4805,439,66.17,93.42,7.157571444623388,1.4699999999999989,7.157571444623388,1,0.7289,0,77.85,0.022777,ESTRELLA,0.4805,0.8,0.7289,0.778543,459,0.022777,0.007455,0.969769,0.022777,EN_RIESGO,20.537692307692307,11.54751549176315,8.990176815929157,77.85,v1|224404817504|523189980862
460,Gigabyte X870E AORUS ELITE WIFI7 AMD Socket AM5 DDR5 ATX Motherboard PCIe 5.0,,,700.0776923076924,119.0968061325456,VIGENTE,499,73.03,86.97857848283903,0.4458,484,62.08,87.64,5.056402063471912,10.419999999999987,5.056402063471912,1,0.7229,0,73.03,1.5e-05,ESTRELLA,0.4458,0.8,0.7229,0.778319,460,1.5e-05,0.999975,9e-06,1.5e-05,VIGENTE,206.07538461538462,119.0968061325456,86.97857848283903,73.03,v1|257606519856|0
461,ASUS PRIME GeForce RTX 5070 12GB GDDR7 Triple Fan PCIe 5.0 x16 Graphics Card New,,,3036.829230769231,502.2839156807039,VIGENTE,144,77.99,391.71223816545,0.4815,437,66.29,93.59,16.667856943111957,149.01,16.667856943111957,1,0.7288,0,77.99,0.024031,ESTRELLA,0.4815,0.8,0.7288,0.778194,461,0.024031,0.960355,0.015614,0.024031,VIGENTE,893.9961538461539,502.2839156807039,391.71223816545,77.99,v1|236880863101|0
462,"MSI Gaming Laptop Sword 16 HX B14VFKG 16"" Intel Core i7-14650HX 1TB RTX 4060",,,3497.1875,590.7930613556618,EN_RIESGO,323,74.0,437.18693864433817,0.4528,476,62.9,88.8,0.0,0.0,0.0,1,0.724,0,74.0,0.004885,ESTRELLA,0.4528,0.8,0.724,0.778191,462,0.004885,0.000623,0.994492,0.004885,EN_RIESGO,1027.98,590.7930613556618,437.18693864433817,74.0,v1|800314523334|0
463,MSI GeForce RTX 4070 SUPER 12GB GDDR6X Gaming X Slim OC PCIe 4.0 Graphics Card,,,3084.5746153846153,520.5732096272765,EN_RIESGO,292,74.42,387.42679037272353,0.4558,474,63.26,89.3,0.0,0.0,0.0,1,0.7243,0,74.42,0.007284,ESTRELLA,0.4558,0.8,0.7243,0.777961,463,0.007284,0.000443,0.992272,0.007284,EN_RIESGO,908.0,520.5732096272765,387.42679037272353,74.42,v1|397514742847|0
464,ASRock X870 ATX Motherboard AMD Socket AM5 DDR5 PCIe 5.0 HDMI RAID for Ryzen New,,,1233.1623076923076,206.51395843970136,VIGENTE,204,75.78,156.48604156029864,0.4656,461,64.41,90.94,3.581267217630854,13.0,3.581267217630854,1,0.7259,0,75.78,0.013914,ESTRELLA,0.4656,0.8,0.7259,0.7779,464,0.013914,0.978632,0.007453,0.013914,VIGENTE,363.0,206.51395843970136,156.48604156029864,75.78,v1|365432154059|0
465,MSI MAGX870ETOMAHAWKMAXWIFIPZ ATX Motherboard AM5 DDR5 PCIe 5.0,,,1202.4692307692308,203.80492555744294,VIGENTE,327,73.68,150.1666129040955,0.4505,480,62.63,88.42,2.604729193785672,9.21999999999997,2.604729193785672,1,0.7232,0,73.68,0.004136,ESTRELLA,0.4505,0.8,0.7232,0.777719,465,0.004136,0.992522,0.003342,0.004136,VIGENTE,353.97153846153844,203.80492555744294,150.1666129040955,73.68,v1|236897055366|0
466,8GB 16GB DDR3 1600 PC3-12800 Laptop SODIMM 204-Pin Memory RAM PC4-2400 DDR4 LOT,,,91.46307692307693,15.111717291231907,EN_RIESGO,137,78.16,11.811359631845017,0.4828,433,66.44,93.79,11.142857142857142,3.0,11.142857142857142,1,0.7284,0,78.16,0.025869,ESTRELLA,0.4828,0.8,0.7284,0.777581,466,0.025869,0.003184,0.970947,0.025869,EN_RIESGO,26.923076923076923,15.111717291231907,11.811359631845017,78.16,v1|204708136301|505336697165
467,MSI PRO X870-P WiFi ProSeries Motherboard AM5 DDR5 PCIe 5.0 M.2 Gen5 Wi-Fi 7 ATX,,,436.3507692307693,74.27937484614013,VIGENTE,449,72.92,54.166009769244496,0.445,486,61.98,87.5,10.237814335934452,13.149999999999991,10.237814335934452,1,0.7221,0,72.92,0.000857,ESTRELLA,0.445,0.8,0.7221,0.777497,467,0.000857,0.998475,0.000668,0.000857,VIGENTE,128.44538461538463,74.27937484614013,54.166009769244496,72.92,v1|376431146703|0
468,GIGABYTE,,MOTHERBOARD,424.81615384615384,72.65496695892098,EN_RIESGO,365,73.22,53.19574732679331,0.4472,483,62.24,87.86,346.91102269695955,436.59000000000003,346.91102269695955,1,0.7222,0,73.22,0.002736,ESTRELLA,0.4472,0.8757,0.7222,0.777234,468,0.002736,0.000871,0.996394,0.002736,EN_RIESGO,125.85071428571429,72.65496695892098,53.19574732679331,73.22,B0D54QJ9CJ
469,Computadora Gamer RYZEN 5 5600 RAM 16GB SSD 500GB CON GRAFICA RTX 3060 12GB,INTEL,procesadores,5500.0,924.4549906345476,EN_RIESGO,242,74.88,692.2475093654523,0.4591,466,63.65,89.86,0.3822595684734722,6.179999999999836,0.3822595684734722,1,0.724,0,74.88,0.011044,ESTRELLA,0.4591,1.0,0.724,0.77703,469,0.011044,0.010736,0.97822,0.011044,EN_RIESGO,1616.7024999999999,924.4549906345476,692.2475093654523,74.88,127209126
470,Kingston HyperX Genesis PC3 DDR3 16GB (4×4GB) RAM DDR4 2666MHz KHX1600C9D3K2/8GX,,,107.8125,18.05464710514179,EN_RIESGO,180,75.8,13.685352894858209,0.4658,460,64.43,90.96,9.45179584120984,3.0000000000000036,9.45179584120984,1,0.7251,0,75.8,0.015656,ESTRELLA,0.4658,0.8,0.7251,0.776912,470,0.015656,0.004051,0.980293,0.015656,EN_RIESGO,31.74,18.05464710514179,13.685352894858209,75.8,v1|137456478446|0
471,LOT Samsung 8GB 4GB 2GB 1GB 2RX8 DDR4/DDR3/DDR2 Desktop Memory RAM 288/240PIN GS,,,64.16307692307693,10.054277411683705,EN_RIESGO,57,87.86,8.833414896008604,0.5526,330,74.68,105.43,7.25340066791562,1.370000000000001,7.25340066791562,1,0.7393,0,87.86,0.073902,ESTRELLA,0.5526,0.8,0.7393,0.776697,471,0.073902,0.041949,0.884149,0.073902,EN_RIESGO,18.88769230769231,10.054277411683705,8.833414896008604,87.86,v1|352657142436|622002625078
472,"ASUS X870 MAX Gaming WiFi7 AMD/AM5/ATX Motherboard, DDR5, PCIe 5.0 x16 Q-Release",,,491.08000000000004,83.06597060870568,VIGENTE,293,73.95,61.424029391294326,0.4524,477,62.86,88.74,0.0,0.0,0.0,1,0.7226,0,73.95,0.007217,ESTRELLA,0.4524,0.8,0.7226,0.776648,472,0.007217,0.987119,0.005664,0.007217,VIGENTE,144.49,83.06597060870568,61.424029391294326,73.95,v1|389562462761|0
473,GIGABYTE B650 EAGLE AX AM5 ATX DDR5 Wi-Fi Gaming Motherboard PCIe 5.0 M.2,,,322.7238461538461,55.023969197273814,VIGENTE,432,72.65,39.976030802726186,0.4431,487,61.75,87.18,0.0,0.0,0.0,1,0.7209,0,72.65,0.001235,ESTRELLA,0.4431,0.8,0.7209,0.776493,473,0.001235,0.997809,0.000956,0.001235,VIGENTE,95.0,55.023969197273814,39.976030802726186,72.65,v1|358706337454|0
474,"Panorama XL RTX 5080, Intel 24-Core Ultra 9 285K Processor, 32GB DDR5 RAM, 2TB Gen4 NVMe SSD, Liquid Cooled Gaming Desktop w/Windows 11 Pro, 3-Year Warranty, RGB Keyboard+Mouse, Internal Wi-Fi 6E",,CPU,12086.31625,2060.4983731303964,VIGENTE,425,72.56,1495.0471824251586,0.4424,488,61.68,87.07,1.4062539550892488,50.0,1.4062539550892488,1,0.7205,0,72.56,0.001342,ESTRELLA,0.4424,0.92,0.7205,0.776169,474,0.001342,0.997815,0.000843,0.001342,VIGENTE,3555.545555555555,2060.4983731303964,1495.0471824251586,72.56,B0DKLHDQNS
475,"MSI MAG X870E Tomahawk WiFi Motherboard, ATX, AM5, DDR5, M.2 Gen5, Wi-Fi 7",,,576.868,98.1115392079411,VIGENTE,325,72.97,71.58846079205888,0.4454,485,62.02,87.56,0.0,0.0,0.0,1,0.7204,0,72.97,0.004649,ESTRELLA,0.4454,0.8,0.7204,0.775366,475,0.004649,0.992832,0.002519,0.004649,VIGENTE,169.7,98.1115392079411,71.58846079205888,72.97,v1|236900616588|0
476,"GIGABYTE X870 AORUS ELITE ICE WIFI7 AM5 LGA 1718, ATX, DDR5, 4x M.2, PCIe 5.0,",,,748.54,128.02542448795435,VIGENTE,488,71.83,91.96457551204566,0.4372,494,61.06,86.2,0.0,0.0,0.0,1,0.7184,0,71.83,0.000299,ESTRELLA,0.4372,0.8,0.7184,0.774693,476,0.000299,0.999449,0.000251,0.000299,VIGENTE,219.99,128.02542448795435,91.96457551204566,71.83,v1|158086388484|0
477,Alienware M16 R1 Gaming Laptop PC Intel i7-13th Gen 16GB Ram 1TB NVMe RTX 4060.,,,4269.042307692307,723.2152551127929,EN_RIESGO,253,73.76,533.4547448872072,0.4511,478,62.7,88.51,0.0,0.0,0.0,1,0.7206,0,73.76,0.009825,ESTRELLA,0.4511,0.8,0.7206,0.774536,477,0.009825,0.001897,0.988279,0.009825,EN_RIESGO,1256.67,723.2152551127929,533.4547448872072,73.76,v1|298442658576|0
478,"darkFlash UV360 AIO CPU Cooler 6.67in Curved 2K OLED Display Glasses-Free 3D Magnetic Rotating Screen, 360mm 3x120mm PWM ARGB Fans 800-2000RPM 320W Intel LGA2011 18xx 1700 1200 115x AMD AM5 AM4 AM3",,COOLER,190.94,58.98863707479361,EN_RIESGO,6,117.2,69.13386292520639,0.7638,61,99.62,140.64,114.13295869187692,146.23000000000002,114.13295869187692,1,0.7727,0,117.2,0.218494,AGRESIVO,0.7638,1.0,0.7727,0.77444,478,0.218494,0.072542,0.708964,0.218494,EN_RIESGO,128.1225,58.98863707479361,69.13386292520639,117.2,B0GLPHH6JD
479,"GIGABYTE X870 EAGLE WIFI7 AM5 LGA 1718, ATX, DDR5, 4x M.2, PCIe 5.0, USB4, Wi-Fi",,,608.18,104.08025743425587,VIGENTE,402,72.06,75.00065165665323,0.4388,491,61.25,86.47,11.44733969917102,20.5,11.44733969917102,1,0.7184,0,72.06,0.001958,ESTRELLA,0.4388,0.8,0.7184,0.77436,479,0.001958,0.995829,0.002213,0.001958,VIGENTE,179.0809090909091,104.08025743425587,75.00065165665323,72.06,v1|387435527997|0
480,Intel core i7-14700k LGA1700 16c/28t support gigabyte Z790 AORUS PRO X,,,1955.613076923077,323.17830755061834,EN_RIESGO,110,78.13,252.49169244938162,0.4825,434,66.41,93.76,0.0,0.0,0.0,1,0.7257,0,78.13,0.031117,ESTRELLA,0.4825,0.8,0.7257,0.774346,480,0.031117,0.025317,0.943566,0.031117,EN_RIESGO,575.67,323.17830755061834,252.49169244938162,78.13,v1|389764313733|0
481,"Dracaena 240mm AIO CPU Cooler, 240mm Radiator, 2x120mm ARGB PWM Fans,Color Change Remote,Leakproof Technology,High Flow Pump,ARGB Liquid Cooling System,AMD AM5/AM4-Intel LGA 1700/1200/115X",,COOLER,179.5069230769231,30.844112691199474,EN_RIESGO,212,74.43,22.95655397546719,0.4559,473,63.27,89.32,350.75773534404783,188.71,350.75773534404783,1,0.7213,0,74.43,0.013394,ESTRELLA,0.4559,0.896,0.7213,0.774324,481,0.013394,0.006265,0.980341,0.013394,EN_RIESGO,53.800666666666665,30.844112691199474,22.95655397546719,74.43,B09JG4TTP2
482,Gigabyte X870 AM5 ATX Ryzen 9000/8000/7000 4 DDR5 256GB PCIe 5.0 M.2 USB4 Wi-...,,,1257.2318181818182,215.40202353176517,VIGENTE,443,71.79,154.62888555914395,0.4369,495,61.02,86.15,2.002535414731945,7.410000000000025,2.002535414731945,1,0.718,0,71.79,0.000964,ESTRELLA,0.4369,0.8,0.718,0.774179,482,0.000964,0.998328,0.000708,0.000964,VIGENTE,370.0309090909091,215.40202353176517,154.62888555914395,71.79,v1|127838054301|0
483,LOT Samsung 16GB 8GB 4GB 2GB 1GB 2RX8 DDR4/DDR3/DDR2 Desktop Memory RAM 288PIN,,,67.84692307692308,10.813479090343955,EN_RIESGO,67,84.7,9.158828601963735,0.5298,358,72.0,101.64,7.360191033739018,1.4699999999999989,7.360191033739018,1,0.7333,0,84.7,0.063289,ESTRELLA,0.5298,0.8,0.7333,0.773964,483,0.063289,0.034531,0.90218,0.063289,EN_RIESGO,19.97230769230769,10.813479090343955,9.158828601963735,84.7,v1|254224015967|553615546453
484,8GB 16GB DDR3 1600 PC3-12800 Laptop SODIMM 204-Pin Memory RAM PC4-2400 DDR4 LOT,,,91.46307692307693,15.220202784907258,EN_RIESGO,137,76.89,11.702874138169665,0.4736,447,65.36,92.27,11.142857142857142,3.0,11.142857142857142,1,0.7239,0,76.89,0.025869,ESTRELLA,0.4736,0.8,0.7239,0.773923,484,0.025869,0.003184,0.970947,0.025869,EN_RIESGO,26.923076923076923,15.220202784907258,11.702874138169665,76.89,v1|204708136301|505336697165
485,Corsair Vengeance CMZ8GX3M2A1600C9 DDR3 PC3-12800u (4) x 4GB = 16GB Desktop RAM,,,101.88076923076923,16.15574131322565,EN_RIESGO,64,85.63,13.834258686774351,0.5365,347,72.79,102.76,0.0,0.0,0.0,1,0.7343,0,85.63,0.067866,ESTRELLA,0.5365,0.8,0.7343,0.773896,485,0.067866,0.039736,0.892398,0.067866,EN_RIESGO,29.990000000000002,16.15574131322565,13.834258686774351,85.63,v1|127831476599|0
486,GIGABYTE X870 Eagle WiFi7 AMD AM5 LGA 1718 ATX Motherboard DDR5 PCIe 5.0,,,403.805,69.12529439927742,VIGENTE,406,71.85,49.66470560072257,0.4373,493,61.07,86.22,5.050930212980891,6.0,5.050930212980891,1,0.7178,0,71.85,0.001806,ESTRELLA,0.4373,0.8,0.7178,0.773846,486,0.001806,0.996206,0.001988,0.001806,VIGENTE,118.78999999999999,69.12529439927742,49.66470560072257,71.85,v1|377218546496|0
487,Intel Core i5-13600K 3.50GHz 14 Core SRMBD LGA 1700 w/ Original Box and Paste,,,679.045,116.25898618486124,EN_RIESGO,359,72.02,83.73101381513877,0.4385,492,61.22,86.42,0.0,0.0,0.0,1,0.7179,0,72.02,0.002815,ESTRELLA,0.4385,0.8,0.7179,0.77373,487,0.002815,0.000583,0.996602,0.002815,EN_RIESGO,199.99,116.25898618486124,83.73101381513877,72.02,v1|287465336093|0
488,PNY GeForce RTX 5070 12GB GDDR7 GPU PCIe 5.0 Graphics Card,,,1850.3666666666668,314.0542917643689,VIGENTE,248,73.54,230.94570823563112,0.4495,481,62.51,88.25,0.0,0.0,0.0,1,0.7196,0,73.54,0.010361,ESTRELLA,0.4495,0.8,0.7196,0.77358,488,0.010361,0.982267,0.007372,0.010361,VIGENTE,545.0,314.0542917643689,230.94570823563112,73.54,v1|267729466277|0
489,LOT Samsung 16GB 8GB 4GB 2GB 1GB 2RX8 DDR4/DDR3/DDR2 Desktop Memory RAM 240PIN $,,,71.30538461538461,12.084836471262506,EN_RIESGO,237,73.69,8.905163528737496,0.4506,479,62.64,88.43,0.0,0.0,0.0,1,0.7197,0,73.69,0.011113,ESTRELLA,0.4506,0.8,0.7197,0.773561,489,0.011113,0.002362,0.986524,0.011113,EN_RIESGO,20.990000000000002,12.084836471262506,8.905163528737496,73.69,v1|254219753793|553607618438
490,ASUS TUF F15 Gaming Laptop RTX 4060 i7-12700H 16GB 512GB SSD 15.6 144Hz,,,4536.7029999999995,778.9102463798014,EN_RIESGO,445,71.5,556.9427536201985,0.4348,498,60.78,85.8,0.5008036063848214,6.689999999999827,0.5008036063848214,1,0.7169,0,71.5,0.000938,ESTRELLA,0.4348,0.8,0.7169,0.773359,490,0.000938,0.00013,0.998932,0.000938,EN_RIESGO,1335.8529999999998,778.9102463798014,556.9427536201985,71.5,v1|287379765052|0
491,AMD RADEON R938G2401U2S 8GB DDR3 PC3-2400 1.6v,,,101.91384615384617,16.02798025996461,EN_RIESGO,53,87.17,13.972019740035389,0.5476,334,74.09,104.6,0.0,0.0,0.0,1,0.7357,0,87.17,0.07618,ESTRELLA,0.5476,0.8,0.7357,0.773343,491,0.07618,0.027574,0.896246,0.07618,EN_RIESGO,30.0,16.02798025996461,13.972019740035389,87.17,v1|327018523485|0
492,"Intel Core i5-13600K Processor (up to 5.1 GHz, 14 Cores, LGA 1700) Box",,,764.69,129.87308804344505,EN_RIESGO,259,73.25,95.12691195655495,0.4474,482,62.26,87.9,0.0,0.0,0.0,1,0.7189,0,73.25,0.009553,ESTRELLA,0.4474,0.8,0.7189,0.77323,492,0.009553,0.007815,0.982632,0.009553,EN_RIESGO,225.0,129.87308804344505,95.12691195655495,73.25,v1|206388669759|0
493,"GIGABYTE X870E AORUS PRO ICE AM5 LGA 1718, ATX, DDR5, 4x M.2, PCIe 5.0, USB4",,,1424.5076923076922,244.12136147819405,VIGENTE,354,71.77,175.20863852180594,0.4367,496,61.0,86.12,0.0,0.0,0.0,1,0.7169,0,71.77,0.002893,ESTRELLA,0.4367,0.8,0.7169,0.772964,493,0.002893,0.99418,0.002927,0.002893,VIGENTE,419.33,244.12136147819405,175.20863852180594,71.77,v1|397981253052|0
494,ASUS Prime B650‑PLUS WiFi – AM5 ATX DDR5 – PCIe 5.0 – WiFi 6E Motherboard,,,373.64846153846156,62.22253773241911,VIGENTE,129,76.77,47.76746226758088,0.4727,450,65.25,92.12,0.0,0.0,0.0,1,0.7227,0,76.77,0.02741,ESTRELLA,0.4727,0.8,0.7227,0.772653,494,0.02741,0.951263,0.021328,0.02741,VIGENTE,109.99,62.22253773241911,47.76746226758088,76.77,v1|286990267425|0
495,"ASUS X870 MAX Gaming WiFi7 AMD AM5 ATX Motherboard DDR5, PCIe 5.0 x16",,,502.73923076923074,86.43631765655302,VIGENTE,448,71.21,61.553682343446994,0.4327,500,60.53,85.45,0.0,0.0,0.0,1,0.7159,0,71.21,0.00087,ESTRELLA,0.4327,0.8,0.7159,0.772565,495,0.00087,0.998472,0.000658,0.00087,VIGENTE,147.99,86.43631765655302,61.553682343446994,71.21,v1|168506476730|0
496,MSI Katana 15 B13VFK Gaming i7-13620H 2.4GHz 16 GB RAM 1 TB SSD RTX 4060,,,3057.3969230769235,524.3668735292677,EN_RIESGO,347,71.64,375.63312647073235,0.4358,497,60.89,85.97,0.0,0.0,0.0,1,0.7163,0,71.64,0.003252,ESTRELLA,0.4358,0.8,0.7163,0.772374,496,0.003252,0.00037,0.996378,0.003252,EN_RIESGO,900.0,524.3668735292677,375.63312647073235,71.64,v1|177065851211|0
497,"Lenovo Legion Pro 7i Gen 10 16"" Gaming Laptop  Intel Core Ultra 9 RTX 5080",,,11535.19,1914.5748515238215,VIGENTE,119,77.32,1480.4251484761785,0.4767,445,65.72,92.78,0.0,0.0,0.0,1,0.7231,0,77.32,0.030546,ESTRELLA,0.4767,0.8,0.7231,0.772356,497,0.030546,0.940181,0.029273,0.030546,VIGENTE,3395.0,1914.5748515238215,1480.4251484761785,77.32,v1|117134497063|0
498,Brand New Factory Sealed Intel Core I7-14700K 20 Core 28 Threads 4.3GHz LGA 1700,,,1151.867,196.7339680459532,EN_RIESGO,286,72.31,142.2660319540468,0.4406,489,61.46,86.77,0.0,0.0,0.0,1,0.7166,0,72.31,0.007412,ESTRELLA,0.4406,0.8,0.7166,0.771807,498,0.007412,0.000915,0.991672,0.007412,EN_RIESGO,339.0,196.7339680459532,142.2660319540468,72.31,v1|398155656292|0
499,"MSI - 16.0"" 240 Hz - Intel Core Ultra 7 255HX - GeForce RTX 5060 GPU - 32GB DDR5",,,6622.486153846155,1132.077441454877,VIGENTE,296,72.2,817.3733277758922,0.4398,490,61.37,86.64,2.421194766494392,47.200000000000045,2.421194766494392,1,0.7164,0,72.2,0.007081,ESTRELLA,0.4398,0.8,0.7164,0.771689,499,0.007081,0.987673,0.005246,0.007081,VIGENTE,1949.4507692307693,1132.077441454877,817.3733277758922,72.2,v1|336575655759|0
500,Intel Core i7-14700K - Core i7 14th Gen 20-Core (8P+12E) LGA 1700 125W Intel UHD,,,2153.4269230769232,369.688024756476,EN_RIESGO,332,71.47,264.21197524352385,0.4346,499,60.75,85.76,0.0,0.0,0.0,1,0.7153,0,71.47,0.003929,ESTRELLA,0.4346,0.8,0.7153,0.771478,500,0.003929,0.000686,0.995385,0.003929,EN_RIESGO,633.8999999999999,369.688024756476,264.21197524352385,71.47,v1|166519289893|0
